stock,stock_symbol,predict_date,year,month,actual_target,market_regime,static_pred,static_confidence,static_signal,static_correct,dynamic_pred,dynamic_confidence,dynamic_signal,dynamic_correct,n_dynamic_features,dynamic_features,top_mi_feature
KOTAKBANK,KOTAKBANK.NS,2022-01-03,2022,1,1,Bear,0,0.6684,SELL,0,0,0.6585,SELL,0,10,"BB_Upper,MACD_Signal,Return_10d,Rolling_Volatility,BB_Lower,MACD_Hist,OBV,MACD,ADX,BB_Width",BB_Upper
KOTAKBANK,KOTAKBANK.NS,2022-01-04,2022,1,1,Bear,0,0.758,SELL,0,0,0.7869,SELL,0,10,"BB_Upper,MACD_Signal,Return_10d,Rolling_Volatility,BB_Lower,MACD_Hist,OBV,MACD,ADX,BB_Width",BB_Upper
KOTAKBANK,KOTAKBANK.NS,2022-01-05,2022,1,0,Bear,0,0.8127,SELL,1,0,0.6881,SELL,1,10,"BB_Upper,MACD_Signal,Return_10d,Rolling_Volatility,BB_Lower,MACD_Hist,OBV,MACD,ADX,BB_Width",BB_Upper
KOTAKBANK,KOTAKBANK.NS,2022-01-06,2022,1,0,Bear,0,0.7169,SELL,1,0,0.6601,SELL,1,10,"BB_Upper,MACD_Signal,Return_10d,Rolling_Volatility,BB_Lower,MACD_Hist,OBV,MACD,ADX,BB_Width",BB_Upper
KOTAKBANK,KOTAKBANK.NS,2022-01-07,2022,1,0,Bear,0,0.8055,SELL,1,0,0.613,SELL,1,10,"BB_Upper,MACD_Signal,Return_10d,Rolling_Volatility,BB_Lower,MACD_Hist,OBV,MACD,ADX,BB_Width",BB_Upper
KOTAKBANK,KOTAKBANK.NS,2022-01-10,2022,1,0,Bear,0,0.7149,SELL,1,1,0.668,BUY,0,10,"BB_Upper,MACD_Signal,Return_10d,Rolling_Volatility,BB_Lower,MACD_Hist,OBV,MACD,ADX,BB_Width",BB_Upper
KOTAKBANK,KOTAKBANK.NS,2022-01-11,2022,1,0,Bear,0,0.6786,SELL,1,1,0.6381,BUY,0,10,"BB_Upper,MACD_Signal,Return_10d,Rolling_Volatility,BB_Lower,MACD_Hist,OBV,MACD,ADX,BB_Width",BB_Upper
KOTAKBANK,KOTAKBANK.NS,2022-01-12,2022,1,0,Bear,0,0.6668,SELL,1,1,0.6364,BUY,0,10,"BB_Upper,MACD_Signal,Return_10d,Rolling_Volatility,BB_Lower,MACD_Hist,OBV,MACD,ADX,BB_Width",BB_Upper
KOTAKBANK,KOTAKBANK.NS,2022-01-13,2022,1,0,Bear,-1,0.5158,NO TRADE,0,1,0.7664,BUY,0,10,"BB_Upper,MACD_Signal,Return_10d,Rolling_Volatility,BB_Lower,MACD_Hist,OBV,MACD,ADX,BB_Width",BB_Upper
KOTAKBANK,KOTAKBANK.NS,2022-01-14,2022,1,0,Bear,-1,0.5342,NO TRADE,0,1,0.7365,BUY,0,10,"BB_Upper,MACD_Signal,Return_10d,Rolling_Volatility,BB_Lower,MACD_Hist,OBV,MACD,ADX,BB_Width",BB_Upper
KOTAKBANK,KOTAKBANK.NS,2022-01-17,2022,1,0,Bear,-1,0.5125,NO TRADE,0,1,0.7038,BUY,0,10,"BB_Upper,MACD_Signal,Return_10d,Rolling_Volatility,BB_Lower,MACD_Hist,OBV,MACD,ADX,BB_Width",BB_Upper
KOTAKBANK,KOTAKBANK.NS,2022-01-18,2022,1,0,Bear,0,0.7984,SELL,1,0,0.7132,SELL,1,10,"BB_Upper,MACD_Signal,Return_10d,Rolling_Volatility,BB_Lower,MACD_Hist,OBV,MACD,ADX,BB_Width",BB_Upper
KOTAKBANK,KOTAKBANK.NS,2022-01-19,2022,1,0,Bear,0,0.7423,SELL,1,0,0.7758,SELL,1,10,"BB_Upper,MACD_Signal,Return_10d,Rolling_Volatility,BB_Lower,MACD_Hist,OBV,MACD,ADX,BB_Width",BB_Upper
KOTAKBANK,KOTAKBANK.NS,2022-01-20,2022,1,0,Bear,0,0.8214,SELL,1,0,0.8489,SELL,1,10,"BB_Upper,MACD_Signal,Return_10d,Rolling_Volatility,BB_Lower,MACD_Hist,OBV,MACD,ADX,BB_Width",BB_Upper
KOTAKBANK,KOTAKBANK.NS,2022-01-21,2022,1,0,Bear,0,0.7523,SELL,1,0,0.8218,SELL,1,10,"BB_Upper,MACD_Signal,Return_10d,Rolling_Volatility,BB_Lower,MACD_Hist,OBV,MACD,ADX,BB_Width",BB_Upper
KOTAKBANK,KOTAKBANK.NS,2022-01-24,2022,1,1,Bear,0,0.6509,SELL,0,0,0.7309,SELL,0,10,"BB_Upper,MACD_Signal,Return_10d,Rolling_Volatility,BB_Lower,MACD_Hist,OBV,MACD,ADX,BB_Width",BB_Upper
KOTAKBANK,KOTAKBANK.NS,2022-01-25,2022,1,1,Bear,0,0.8345,SELL,0,0,0.7704,SELL,0,10,"BB_Upper,MACD_Signal,Return_10d,Rolling_Volatility,BB_Lower,MACD_Hist,OBV,MACD,ADX,BB_Width",BB_Upper
KOTAKBANK,KOTAKBANK.NS,2022-01-27,2022,1,0,Bear,0,0.8782,SELL,1,0,0.801,SELL,1,10,"BB_Upper,MACD_Signal,Return_10d,Rolling_Volatility,BB_Lower,MACD_Hist,OBV,MACD,ADX,BB_Width",BB_Upper
KOTAKBANK,KOTAKBANK.NS,2022-01-28,2022,1,0,Bear,0,0.857,SELL,1,0,0.8239,SELL,1,10,"BB_Upper,MACD_Signal,Return_10d,Rolling_Volatility,BB_Lower,MACD_Hist,OBV,MACD,ADX,BB_Width",BB_Upper
KOTAKBANK,KOTAKBANK.NS,2022-01-31,2022,1,0,Bear,0,0.7874,SELL,1,0,0.7556,SELL,1,10,"BB_Upper,MACD_Signal,Return_10d,Rolling_Volatility,BB_Lower,MACD_Hist,OBV,MACD,ADX,BB_Width",BB_Upper
KOTAKBANK,KOTAKBANK.NS,2022-02-01,2022,2,0,Bear,0,0.8327,SELL,1,0,0.7864,SELL,1,10,"BB_Upper,MACD_Signal,Return_10d,Rolling_Volatility,BB_Lower,MACD_Hist,OBV,MACD,ADX,BB_Width",BB_Upper
KOTAKBANK,KOTAKBANK.NS,2022-02-02,2022,2,0,Bear,0,0.8985,SELL,1,0,0.8916,SELL,1,10,"BB_Upper,MACD_Signal,Return_10d,Rolling_Volatility,BB_Lower,MACD_Hist,OBV,MACD,ADX,BB_Width",BB_Upper
KOTAKBANK,KOTAKBANK.NS,2022-02-03,2022,2,0,Sideways,0,0.8446,SELL,1,0,0.8998,SELL,1,10,"BB_Upper,MACD_Signal,Return_10d,Rolling_Volatility,BB_Lower,MACD_Hist,OBV,MACD,ADX,BB_Width",BB_Upper
KOTAKBANK,KOTAKBANK.NS,2022-02-04,2022,2,0,Bear,0,0.8453,SELL,1,0,0.8909,SELL,1,10,"BB_Upper,MACD_Signal,Return_10d,Rolling_Volatility,BB_Lower,MACD_Hist,OBV,MACD,ADX,BB_Width",BB_Upper
KOTAKBANK,KOTAKBANK.NS,2022-02-07,2022,2,0,Bear,0,0.7399,SELL,1,0,0.7933,SELL,1,10,"BB_Upper,MACD_Signal,Return_10d,Rolling_Volatility,BB_Lower,MACD_Hist,OBV,MACD,ADX,BB_Width",BB_Upper
KOTAKBANK,KOTAKBANK.NS,2022-02-08,2022,2,0,Bear,0,0.8748,SELL,1,0,0.895,SELL,1,10,"MACD,BB_Upper,BB_Lower,Rolling_Volatility,Daily_Return,Volume_MA,MACD_Hist,ATR_14,RSI_14,ADX",MACD
KOTAKBANK,KOTAKBANK.NS,2022-02-09,2022,2,0,Bear,0,0.8179,SELL,1,0,0.9089,SELL,1,10,"MACD,BB_Upper,BB_Lower,Rolling_Volatility,Daily_Return,Volume_MA,MACD_Hist,ATR_14,RSI_14,ADX",MACD
KOTAKBANK,KOTAKBANK.NS,2022-02-10,2022,2,0,Bear,0,0.8806,SELL,1,0,0.9173,SELL,1,10,"MACD,BB_Upper,BB_Lower,Rolling_Volatility,Daily_Return,Volume_MA,MACD_Hist,ATR_14,RSI_14,ADX",MACD
KOTAKBANK,KOTAKBANK.NS,2022-02-11,2022,2,0,Bear,0,0.7596,SELL,1,0,0.9016,SELL,1,10,"MACD,BB_Upper,BB_Lower,Rolling_Volatility,Daily_Return,Volume_MA,MACD_Hist,ATR_14,RSI_14,ADX",MACD
KOTAKBANK,KOTAKBANK.NS,2022-02-14,2022,2,0,Bear,0,0.5975,SELL,1,0,0.7939,SELL,1,10,"MACD,BB_Upper,BB_Lower,Rolling_Volatility,Daily_Return,Volume_MA,MACD_Hist,ATR_14,RSI_14,ADX",MACD
KOTAKBANK,KOTAKBANK.NS,2022-02-15,2022,2,0,Bear,0,0.8774,SELL,1,0,0.9592,SELL,1,10,"MACD,BB_Upper,BB_Lower,Rolling_Volatility,Daily_Return,Volume_MA,MACD_Hist,ATR_14,RSI_14,ADX",MACD
KOTAKBANK,KOTAKBANK.NS,2022-02-16,2022,2,0,Bear,0,0.8692,SELL,1,0,0.9422,SELL,1,10,"MACD,BB_Upper,BB_Lower,Rolling_Volatility,Daily_Return,Volume_MA,MACD_Hist,ATR_14,RSI_14,ADX",MACD
KOTAKBANK,KOTAKBANK.NS,2022-02-17,2022,2,0,Bear,0,0.746,SELL,1,0,0.8788,SELL,1,10,"MACD,BB_Upper,BB_Lower,Rolling_Volatility,Daily_Return,Volume_MA,MACD_Hist,ATR_14,RSI_14,ADX",MACD
KOTAKBANK,KOTAKBANK.NS,2022-02-18,2022,2,0,Bear,0,0.8457,SELL,1,0,0.8825,SELL,1,10,"MACD,BB_Upper,BB_Lower,Rolling_Volatility,Daily_Return,Volume_MA,MACD_Hist,ATR_14,RSI_14,ADX",MACD
KOTAKBANK,KOTAKBANK.NS,2022-02-21,2022,2,0,Bear,0,0.888,SELL,1,0,0.8643,SELL,1,10,"MACD,BB_Upper,BB_Lower,Rolling_Volatility,Daily_Return,Volume_MA,MACD_Hist,ATR_14,RSI_14,ADX",MACD
KOTAKBANK,KOTAKBANK.NS,2022-02-22,2022,2,0,Bear,0,0.8974,SELL,1,0,0.7984,SELL,1,10,"MACD,BB_Upper,BB_Lower,Rolling_Volatility,Daily_Return,Volume_MA,MACD_Hist,ATR_14,RSI_14,ADX",MACD
KOTAKBANK,KOTAKBANK.NS,2022-02-23,2022,2,0,Sideways,0,0.9245,SELL,1,0,0.9093,SELL,1,10,"MACD,BB_Upper,BB_Lower,Rolling_Volatility,Daily_Return,Volume_MA,MACD_Hist,ATR_14,RSI_14,ADX",MACD
KOTAKBANK,KOTAKBANK.NS,2022-02-24,2022,2,0,Bull,0,0.9229,SELL,1,0,0.9154,SELL,1,10,"MACD,BB_Upper,BB_Lower,Rolling_Volatility,Daily_Return,Volume_MA,MACD_Hist,ATR_14,RSI_14,ADX",MACD
KOTAKBANK,KOTAKBANK.NS,2022-02-25,2022,2,0,Bear,0,0.9639,SELL,1,0,0.9435,SELL,1,10,"MACD,BB_Upper,BB_Lower,Rolling_Volatility,Daily_Return,Volume_MA,MACD_Hist,ATR_14,RSI_14,ADX",MACD
KOTAKBANK,KOTAKBANK.NS,2022-02-28,2022,2,0,Sideways,0,0.9401,SELL,1,0,0.9286,SELL,1,10,"MACD,BB_Upper,BB_Lower,Rolling_Volatility,Daily_Return,Volume_MA,MACD_Hist,ATR_14,RSI_14,ADX",MACD
KOTAKBANK,KOTAKBANK.NS,2022-03-02,2022,3,0,Bull,0,0.9072,SELL,1,0,0.9187,SELL,1,10,"MACD,BB_Upper,BB_Lower,Rolling_Volatility,Daily_Return,Volume_MA,MACD_Hist,ATR_14,RSI_14,ADX",MACD
KOTAKBANK,KOTAKBANK.NS,2022-03-03,2022,3,0,Bull,0,0.8415,SELL,1,0,0.9112,SELL,1,10,"MACD,BB_Upper,BB_Lower,Rolling_Volatility,Daily_Return,Volume_MA,MACD_Hist,ATR_14,RSI_14,ADX",MACD
KOTAKBANK,KOTAKBANK.NS,2022-03-04,2022,3,1,Bull,0,0.7907,SELL,0,0,0.8993,SELL,0,10,"MACD,BB_Upper,BB_Lower,Rolling_Volatility,Daily_Return,Volume_MA,MACD_Hist,ATR_14,RSI_14,ADX",MACD
KOTAKBANK,KOTAKBANK.NS,2022-03-07,2022,3,1,Sideways,0,0.7882,SELL,0,0,0.8851,SELL,0,10,"MACD,BB_Upper,BB_Lower,Rolling_Volatility,Daily_Return,Volume_MA,MACD_Hist,ATR_14,RSI_14,ADX",MACD
KOTAKBANK,KOTAKBANK.NS,2022-03-08,2022,3,1,Bear,0,0.7971,SELL,0,0,0.9202,SELL,0,10,"MACD,BB_Upper,BB_Lower,Rolling_Volatility,Daily_Return,Volume_MA,MACD_Hist,ATR_14,RSI_14,ADX",MACD
KOTAKBANK,KOTAKBANK.NS,2022-03-09,2022,3,1,Sideways,0,0.7192,SELL,0,0,0.8692,SELL,0,10,"MACD,BB_Upper,BB_Lower,Rolling_Volatility,Daily_Return,Volume_MA,MACD_Hist,ATR_14,RSI_14,ADX",MACD
KOTAKBANK,KOTAKBANK.NS,2022-03-10,2022,3,1,Sideways,0,0.7678,SELL,0,0,0.8729,SELL,0,10,"MACD,BB_Upper,BB_Lower,Rolling_Volatility,Daily_Return,Volume_MA,MACD_Hist,ATR_14,RSI_14,ADX",MACD
KOTAKBANK,KOTAKBANK.NS,2022-03-11,2022,3,1,Sideways,0,0.8428,SELL,0,0,0.9036,SELL,0,10,"MACD,BB_Upper,BB_Lower,Rolling_Volatility,Daily_Return,Volume_MA,MACD_Hist,ATR_14,RSI_14,ADX",MACD
KOTAKBANK,KOTAKBANK.NS,2022-03-14,2022,3,1,Sideways,0,0.8782,SELL,0,0,0.9097,SELL,0,10,"MACD,BB_Upper,BB_Lower,Rolling_Volatility,Daily_Return,Volume_MA,MACD_Hist,ATR_14,RSI_14,ADX",MACD
KOTAKBANK,KOTAKBANK.NS,2022-03-15,2022,3,1,Bull,0,0.6955,SELL,0,0,0.6232,SELL,0,10,"MACD,BB_Upper,BB_Lower,Rolling_Volatility,Daily_Return,Volume_MA,MACD_Hist,ATR_14,RSI_14,ADX",MACD
KOTAKBANK,KOTAKBANK.NS,2022-03-16,2022,3,0,Bear,0,0.6661,SELL,1,0,0.6418,SELL,1,10,"MACD,BB_Upper,BB_Lower,Rolling_Volatility,Daily_Return,Volume_MA,MACD_Hist,ATR_14,RSI_14,ADX",MACD
KOTAKBANK,KOTAKBANK.NS,2022-03-17,2022,3,0,Bear,0,0.8643,SELL,1,0,0.8864,SELL,1,10,"MACD,BB_Upper,BB_Lower,Rolling_Volatility,Daily_Return,Volume_MA,MACD_Hist,ATR_14,RSI_14,ADX",MACD
KOTAKBANK,KOTAKBANK.NS,2022-03-21,2022,3,0,Sideways,0,0.8139,SELL,1,0,0.7975,SELL,1,10,"MACD,BB_Upper,BB_Lower,Rolling_Volatility,Daily_Return,Volume_MA,MACD_Hist,ATR_14,RSI_14,ADX",MACD
KOTAKBANK,KOTAKBANK.NS,2022-03-22,2022,3,0,Bear,0,0.8854,SELL,1,0,0.8946,SELL,1,10,"MACD,BB_Upper,BB_Lower,Rolling_Volatility,Daily_Return,Volume_MA,MACD_Hist,ATR_14,RSI_14,ADX",MACD
KOTAKBANK,KOTAKBANK.NS,2022-03-23,2022,3,0,Bear,0,0.8506,SELL,1,0,0.8252,SELL,1,10,"MACD,BB_Upper,BB_Lower,Rolling_Volatility,Daily_Return,Volume_MA,MACD_Hist,ATR_14,RSI_14,ADX",MACD
KOTAKBANK,KOTAKBANK.NS,2022-03-24,2022,3,1,Bear,1,0.6114,BUY,1,0,0.6431,SELL,0,10,"MACD,BB_Upper,BB_Lower,Rolling_Volatility,Daily_Return,Volume_MA,MACD_Hist,ATR_14,RSI_14,ADX",MACD
KOTAKBANK,KOTAKBANK.NS,2022-03-25,2022,3,1,Bear,1,0.6249,BUY,1,0,0.5983,SELL,0,10,"MACD,BB_Upper,BB_Lower,Rolling_Volatility,Daily_Return,Volume_MA,MACD_Hist,ATR_14,RSI_14,ADX",MACD
KOTAKBANK,KOTAKBANK.NS,2022-03-28,2022,3,1,Bear,1,0.7034,BUY,1,1,0.7153,BUY,1,10,"MACD,BB_Upper,BB_Lower,Rolling_Volatility,Daily_Return,Volume_MA,MACD_Hist,ATR_14,RSI_14,ADX",MACD
KOTAKBANK,KOTAKBANK.NS,2022-03-29,2022,3,1,Bear,1,0.863,BUY,1,1,0.7399,BUY,1,10,"MACD,BB_Upper,BB_Lower,Rolling_Volatility,Daily_Return,Volume_MA,MACD_Hist,ATR_14,RSI_14,ADX",MACD
KOTAKBANK,KOTAKBANK.NS,2022-03-30,2022,3,1,Bear,-1,0.509,NO TRADE,0,1,0.5896,BUY,1,10,"MACD,BB_Upper,BB_Lower,Rolling_Volatility,Daily_Return,Volume_MA,MACD_Hist,ATR_14,RSI_14,ADX",MACD
KOTAKBANK,KOTAKBANK.NS,2022-03-31,2022,3,1,Bear,1,0.6741,BUY,1,1,0.6712,BUY,1,10,"MACD,BB_Upper,BB_Lower,Rolling_Volatility,Daily_Return,Volume_MA,MACD_Hist,ATR_14,RSI_14,ADX",MACD
KOTAKBANK,KOTAKBANK.NS,2022-04-01,2022,4,0,Bear,0,0.5756,SELL,1,-1,0.544,NO TRADE,0,10,"MACD,BB_Upper,BB_Lower,Rolling_Volatility,Daily_Return,Volume_MA,MACD_Hist,ATR_14,RSI_14,ADX",MACD
KOTAKBANK,KOTAKBANK.NS,2022-04-04,2022,4,0,Bear,0,0.56,SELL,1,-1,0.5386,NO TRADE,0,10,"MACD,BB_Upper,BB_Lower,Rolling_Volatility,Daily_Return,Volume_MA,MACD_Hist,ATR_14,RSI_14,ADX",MACD
KOTAKBANK,KOTAKBANK.NS,2022-04-05,2022,4,0,Bear,0,0.6052,SELL,1,0,0.6764,SELL,1,10,"MACD,BB_Upper,BB_Lower,Rolling_Volatility,Daily_Return,Volume_MA,MACD_Hist,ATR_14,RSI_14,ADX",MACD
KOTAKBANK,KOTAKBANK.NS,2022-04-06,2022,4,0,Bear,0,0.6277,SELL,1,-1,0.5412,NO TRADE,0,10,"MACD,BB_Upper,BB_Lower,Rolling_Volatility,Daily_Return,Volume_MA,MACD_Hist,ATR_14,RSI_14,ADX",MACD
KOTAKBANK,KOTAKBANK.NS,2022-04-07,2022,4,1,Bear,0,0.6404,SELL,0,0,0.567,SELL,0,10,"MACD,BB_Upper,BB_Lower,Rolling_Volatility,Daily_Return,Volume_MA,MACD_Hist,ATR_14,RSI_14,ADX",MACD
KOTAKBANK,KOTAKBANK.NS,2022-04-08,2022,4,1,Bear,0,0.7091,SELL,0,0,0.6977,SELL,0,10,"MACD,BB_Upper,BB_Lower,Rolling_Volatility,Daily_Return,Volume_MA,MACD_Hist,ATR_14,RSI_14,ADX",MACD
KOTAKBANK,KOTAKBANK.NS,2022-04-11,2022,4,0,Bear,0,0.5924,SELL,1,0,0.6469,SELL,1,10,"MACD,BB_Upper,BB_Lower,Rolling_Volatility,Daily_Return,Volume_MA,MACD_Hist,ATR_14,RSI_14,ADX",MACD
KOTAKBANK,KOTAKBANK.NS,2022-04-12,2022,4,0,Bear,0,0.7943,SELL,1,0,0.8583,SELL,1,10,"MACD,BB_Upper,BB_Lower,Rolling_Volatility,Daily_Return,Volume_MA,MACD_Hist,ATR_14,RSI_14,ADX",MACD
KOTAKBANK,KOTAKBANK.NS,2022-04-13,2022,4,1,Bear,0,0.7071,SELL,0,0,0.7204,SELL,0,10,"MACD,BB_Upper,BB_Lower,Rolling_Volatility,Daily_Return,Volume_MA,MACD_Hist,ATR_14,RSI_14,ADX",MACD
KOTAKBANK,KOTAKBANK.NS,2022-04-18,2022,4,1,Bear,0,0.677,SELL,0,0,0.7059,SELL,0,10,"MACD,BB_Upper,BB_Lower,Rolling_Volatility,Daily_Return,Volume_MA,MACD_Hist,ATR_14,RSI_14,ADX",MACD
KOTAKBANK,KOTAKBANK.NS,2022-04-19,2022,4,1,Bear,1,0.703,BUY,1,-1,0.5164,NO TRADE,0,10,"MACD,BB_Upper,BB_Lower,Rolling_Volatility,Daily_Return,Volume_MA,MACD_Hist,ATR_14,RSI_14,ADX",MACD
KOTAKBANK,KOTAKBANK.NS,2022-04-20,2022,4,1,Bear,1,0.6573,BUY,1,0,0.5562,SELL,0,10,"MACD,BB_Upper,BB_Lower,Rolling_Volatility,Daily_Return,Volume_MA,MACD_Hist,ATR_14,RSI_14,ADX",MACD
KOTAKBANK,KOTAKBANK.NS,2022-04-21,2022,4,1,Bear,-1,0.5233,NO TRADE,0,0,0.6482,SELL,0,10,"MACD,BB_Upper,BB_Lower,Rolling_Volatility,Daily_Return,Volume_MA,MACD_Hist,ATR_14,RSI_14,ADX",MACD
KOTAKBANK,KOTAKBANK.NS,2022-04-22,2022,4,1,Bear,1,0.7404,BUY,1,1,0.679,BUY,1,10,"MACD,BB_Upper,BB_Lower,Rolling_Volatility,Daily_Return,Volume_MA,MACD_Hist,ATR_14,RSI_14,ADX",MACD
KOTAKBANK,KOTAKBANK.NS,2022-04-25,2022,4,1,Bear,0,0.8213,SELL,0,0,0.7658,SELL,0,10,"MACD,BB_Upper,BB_Lower,Rolling_Volatility,Daily_Return,Volume_MA,MACD_Hist,ATR_14,RSI_14,ADX",MACD
KOTAKBANK,KOTAKBANK.NS,2022-04-26,2022,4,1,Bear,0,0.771,SELL,0,0,0.7661,SELL,0,10,"MACD,BB_Upper,BB_Lower,Rolling_Volatility,Daily_Return,Volume_MA,MACD_Hist,ATR_14,RSI_14,ADX",MACD
KOTAKBANK,KOTAKBANK.NS,2022-04-27,2022,4,1,Bear,0,0.7744,SELL,0,0,0.7333,SELL,0,10,"MACD,BB_Upper,BB_Lower,Rolling_Volatility,Daily_Return,Volume_MA,MACD_Hist,ATR_14,RSI_14,ADX",MACD
KOTAKBANK,KOTAKBANK.NS,2022-04-28,2022,4,1,Bear,0,0.8131,SELL,0,0,0.7789,SELL,0,10,"MACD,BB_Upper,BB_Lower,Rolling_Volatility,Daily_Return,Volume_MA,MACD_Hist,ATR_14,RSI_14,ADX",MACD
KOTAKBANK,KOTAKBANK.NS,2022-04-29,2022,4,1,Bear,0,0.8576,SELL,0,0,0.8975,SELL,0,10,"MACD,BB_Upper,BB_Lower,Rolling_Volatility,Daily_Return,Volume_MA,MACD_Hist,ATR_14,RSI_14,ADX",MACD
KOTAKBANK,KOTAKBANK.NS,2022-05-02,2022,5,1,Bull,0,0.8407,SELL,0,0,0.8392,SELL,0,10,"MACD,BB_Upper,BB_Lower,Rolling_Volatility,Daily_Return,Volume_MA,MACD_Hist,ATR_14,RSI_14,ADX",MACD
KOTAKBANK,KOTAKBANK.NS,2022-05-04,2022,5,1,Sideways,0,0.8495,SELL,0,0,0.9128,SELL,0,10,"MACD,BB_Upper,BB_Lower,Rolling_Volatility,Daily_Return,Volume_MA,MACD_Hist,ATR_14,RSI_14,ADX",MACD
KOTAKBANK,KOTAKBANK.NS,2022-05-05,2022,5,1,Sideways,0,0.873,SELL,0,0,0.9374,SELL,0,10,"MACD,BB_Upper,BB_Lower,Rolling_Volatility,Daily_Return,Volume_MA,MACD_Hist,ATR_14,RSI_14,ADX",MACD
KOTAKBANK,KOTAKBANK.NS,2022-05-06,2022,5,1,Sideways,0,0.8862,SELL,0,0,0.9013,SELL,0,10,"MACD,BB_Upper,BB_Lower,Rolling_Volatility,Daily_Return,Volume_MA,MACD_Hist,ATR_14,RSI_14,ADX",MACD
KOTAKBANK,KOTAKBANK.NS,2022-05-09,2022,5,1,Sideways,0,0.8766,SELL,0,0,0.8941,SELL,0,10,"MACD,BB_Upper,BB_Lower,Rolling_Volatility,Daily_Return,Volume_MA,MACD_Hist,ATR_14,RSI_14,ADX",MACD
KOTAKBANK,KOTAKBANK.NS,2022-05-10,2022,5,1,Bear,0,0.7484,SELL,0,0,0.6142,SELL,0,10,"Volume_MA,MACD,BB_Lower,BB_Upper,OBV,BB_Width,ADX,ROC,Rolling_Std_10,Rolling_Volatility",Volume_MA
KOTAKBANK,KOTAKBANK.NS,2022-05-11,2022,5,1,Sideways,0,0.8008,SELL,0,0,0.6637,SELL,0,10,"Volume_MA,MACD,BB_Lower,BB_Upper,OBV,BB_Width,ADX,ROC,Rolling_Std_10,Rolling_Volatility",Volume_MA
KOTAKBANK,KOTAKBANK.NS,2022-05-12,2022,5,1,Bear,0,0.626,SELL,0,0,0.6448,SELL,0,10,"Volume_MA,MACD,BB_Lower,BB_Upper,OBV,BB_Width,ADX,ROC,Rolling_Std_10,Rolling_Volatility",Volume_MA
KOTAKBANK,KOTAKBANK.NS,2022-05-13,2022,5,1,Sideways,0,0.7313,SELL,0,0,0.6242,SELL,0,10,"Volume_MA,MACD,BB_Lower,BB_Upper,OBV,BB_Width,ADX,ROC,Rolling_Std_10,Rolling_Volatility",Volume_MA
KOTAKBANK,KOTAKBANK.NS,2022-05-16,2022,5,0,Bear,0,0.8201,SELL,1,0,0.704,SELL,1,10,"Volume_MA,MACD,BB_Lower,BB_Upper,OBV,BB_Width,ADX,ROC,Rolling_Std_10,Rolling_Volatility",Volume_MA
KOTAKBANK,KOTAKBANK.NS,2022-05-17,2022,5,0,Sideways,0,0.8471,SELL,1,0,0.7449,SELL,1,10,"Volume_MA,MACD,BB_Lower,BB_Upper,OBV,BB_Width,ADX,ROC,Rolling_Std_10,Rolling_Volatility",Volume_MA
KOTAKBANK,KOTAKBANK.NS,2022-05-18,2022,5,0,Bull,0,0.8991,SELL,1,0,0.7994,SELL,1,10,"Volume_MA,MACD,BB_Lower,BB_Upper,OBV,BB_Width,ADX,ROC,Rolling_Std_10,Rolling_Volatility",Volume_MA
KOTAKBANK,KOTAKBANK.NS,2022-05-19,2022,5,0,Bull,0,0.8761,SELL,1,0,0.7674,SELL,1,10,"Volume_MA,MACD,BB_Lower,BB_Upper,OBV,BB_Width,ADX,ROC,Rolling_Std_10,Rolling_Volatility",Volume_MA
KOTAKBANK,KOTAKBANK.NS,2022-05-20,2022,5,0,Sideways,0,0.8992,SELL,1,0,0.8657,SELL,1,10,"Volume_MA,MACD,BB_Lower,BB_Upper,OBV,BB_Width,ADX,ROC,Rolling_Std_10,Rolling_Volatility",Volume_MA
KOTAKBANK,KOTAKBANK.NS,2022-05-23,2022,5,0,Bull,0,0.8861,SELL,1,0,0.845,SELL,1,10,"Volume_MA,MACD,BB_Lower,BB_Upper,OBV,BB_Width,ADX,ROC,Rolling_Std_10,Rolling_Volatility",Volume_MA
KOTAKBANK,KOTAKBANK.NS,2022-05-24,2022,5,0,Bull,0,0.8814,SELL,1,0,0.8659,SELL,1,10,"Volume_MA,MACD,BB_Lower,BB_Upper,OBV,BB_Width,ADX,ROC,Rolling_Std_10,Rolling_Volatility",Volume_MA
KOTAKBANK,KOTAKBANK.NS,2022-05-25,2022,5,0,Bull,0,0.8183,SELL,1,0,0.7865,SELL,1,10,"Volume_MA,MACD,BB_Lower,BB_Upper,OBV,BB_Width,ADX,ROC,Rolling_Std_10,Rolling_Volatility",Volume_MA
KOTAKBANK,KOTAKBANK.NS,2022-05-26,2022,5,0,Bull,0,0.8126,SELL,1,0,0.8011,SELL,1,10,"Volume_MA,MACD,BB_Lower,BB_Upper,OBV,BB_Width,ADX,ROC,Rolling_Std_10,Rolling_Volatility",Volume_MA
KOTAKBANK,KOTAKBANK.NS,2022-05-27,2022,5,0,Bull,0,0.8533,SELL,1,0,0.8219,SELL,1,10,"Volume_MA,MACD,BB_Lower,BB_Upper,OBV,BB_Width,ADX,ROC,Rolling_Std_10,Rolling_Volatility",Volume_MA
KOTAKBANK,KOTAKBANK.NS,2022-05-30,2022,5,0,Bull,0,0.7522,SELL,1,0,0.792,SELL,1,10,"Volume_MA,MACD,BB_Lower,BB_Upper,OBV,BB_Width,ADX,ROC,Rolling_Std_10,Rolling_Volatility",Volume_MA
KOTAKBANK,KOTAKBANK.NS,2022-05-31,2022,5,0,Bull,0,0.806,SELL,1,0,0.7948,SELL,1,10,"Volume_MA,MACD,BB_Lower,BB_Upper,OBV,BB_Width,ADX,ROC,Rolling_Std_10,Rolling_Volatility",Volume_MA
KOTAKBANK,KOTAKBANK.NS,2022-06-01,2022,6,0,Bull,0,0.8288,SELL,1,0,0.8012,SELL,1,10,"Volume_MA,MACD,BB_Lower,BB_Upper,OBV,BB_Width,ADX,ROC,Rolling_Std_10,Rolling_Volatility",Volume_MA
KOTAKBANK,KOTAKBANK.NS,2022-06-02,2022,6,0,Bull,0,0.7686,SELL,1,0,0.8376,SELL,1,10,"Volume_MA,MACD,BB_Lower,BB_Upper,OBV,BB_Width,ADX,ROC,Rolling_Std_10,Rolling_Volatility",Volume_MA
KOTAKBANK,KOTAKBANK.NS,2022-06-03,2022,6,0,Bull,0,0.7133,SELL,1,0,0.8456,SELL,1,10,"Volume_MA,MACD,BB_Lower,BB_Upper,OBV,BB_Width,ADX,ROC,Rolling_Std_10,Rolling_Volatility",Volume_MA
KOTAKBANK,KOTAKBANK.NS,2022-06-06,2022,6,0,Bull,0,0.8358,SELL,1,0,0.8147,SELL,1,10,"Volume_MA,MACD,BB_Lower,BB_Upper,OBV,BB_Width,ADX,ROC,Rolling_Std_10,Rolling_Volatility",Volume_MA
KOTAKBANK,KOTAKBANK.NS,2022-06-07,2022,6,0,Bull,0,0.8118,SELL,1,0,0.7727,SELL,1,10,"Volume_MA,MACD,BB_Lower,BB_Upper,OBV,BB_Width,ADX,ROC,Rolling_Std_10,Rolling_Volatility",Volume_MA
KOTAKBANK,KOTAKBANK.NS,2022-06-08,2022,6,0,Bull,0,0.7614,SELL,1,0,0.6623,SELL,1,10,"Volume_MA,MACD,BB_Lower,BB_Upper,OBV,BB_Width,ADX,ROC,Rolling_Std_10,Rolling_Volatility",Volume_MA
KOTAKBANK,KOTAKBANK.NS,2022-06-09,2022,6,0,Bull,0,0.8467,SELL,1,0,0.7539,SELL,1,10,"Volume_MA,MACD,BB_Lower,BB_Upper,OBV,BB_Width,ADX,ROC,Rolling_Std_10,Rolling_Volatility",Volume_MA
KOTAKBANK,KOTAKBANK.NS,2022-06-10,2022,6,0,Bull,0,0.5982,SELL,1,0,0.6845,SELL,1,10,"Volume_MA,MACD,BB_Lower,BB_Upper,OBV,BB_Width,ADX,ROC,Rolling_Std_10,Rolling_Volatility",Volume_MA
KOTAKBANK,KOTAKBANK.NS,2022-06-13,2022,6,1,Bull,-1,0.5483,NO TRADE,0,0,0.6223,SELL,0,10,"Volume_MA,MACD,BB_Lower,BB_Upper,OBV,BB_Width,ADX,ROC,Rolling_Std_10,Rolling_Volatility",Volume_MA
KOTAKBANK,KOTAKBANK.NS,2022-06-14,2022,6,0,Sideways,1,0.5514,BUY,0,-1,0.5156,NO TRADE,0,10,"Volume_MA,MACD,BB_Lower,BB_Upper,OBV,BB_Width,ADX,ROC,Rolling_Std_10,Rolling_Volatility",Volume_MA
KOTAKBANK,KOTAKBANK.NS,2022-06-15,2022,6,1,Sideways,-1,0.5265,NO TRADE,0,-1,0.5226,NO TRADE,0,10,"Volume_MA,MACD,BB_Lower,BB_Upper,OBV,BB_Width,ADX,ROC,Rolling_Std_10,Rolling_Volatility",Volume_MA
KOTAKBANK,KOTAKBANK.NS,2022-06-16,2022,6,1,Sideways,1,0.6133,BUY,1,1,0.6195,BUY,1,10,"Volume_MA,MACD,BB_Lower,BB_Upper,OBV,BB_Width,ADX,ROC,Rolling_Std_10,Rolling_Volatility",Volume_MA
KOTAKBANK,KOTAKBANK.NS,2022-06-17,2022,6,1,Bear,1,0.8419,BUY,1,1,0.7778,BUY,1,10,"Volume_MA,MACD,BB_Lower,BB_Upper,OBV,BB_Width,ADX,ROC,Rolling_Std_10,Rolling_Volatility",Volume_MA
KOTAKBANK,KOTAKBANK.NS,2022-06-20,2022,6,1,Bear,1,0.8455,BUY,1,1,0.8017,BUY,1,10,"Volume_MA,MACD,BB_Lower,BB_Upper,OBV,BB_Width,ADX,ROC,Rolling_Std_10,Rolling_Volatility",Volume_MA
KOTAKBANK,KOTAKBANK.NS,2022-06-21,2022,6,1,Bear,1,0.8544,BUY,1,1,0.8189,BUY,1,10,"Volume_MA,MACD,BB_Lower,BB_Upper,OBV,BB_Width,ADX,ROC,Rolling_Std_10,Rolling_Volatility",Volume_MA
KOTAKBANK,KOTAKBANK.NS,2022-06-22,2022,6,1,Bear,1,0.7675,BUY,1,1,0.7089,BUY,1,10,"Volume_MA,MACD,BB_Lower,BB_Upper,OBV,BB_Width,ADX,ROC,Rolling_Std_10,Rolling_Volatility",Volume_MA
KOTAKBANK,KOTAKBANK.NS,2022-06-23,2022,6,1,Bear,1,0.7094,BUY,1,1,0.6838,BUY,1,10,"Volume_MA,MACD,BB_Lower,BB_Upper,OBV,BB_Width,ADX,ROC,Rolling_Std_10,Rolling_Volatility",Volume_MA
KOTAKBANK,KOTAKBANK.NS,2022-06-24,2022,6,1,Bear,1,0.6957,BUY,1,1,0.6837,BUY,1,10,"Volume_MA,MACD,BB_Lower,BB_Upper,OBV,BB_Width,ADX,ROC,Rolling_Std_10,Rolling_Volatility",Volume_MA
KOTAKBANK,KOTAKBANK.NS,2022-06-27,2022,6,1,Bear,1,0.7558,BUY,1,1,0.7314,BUY,1,10,"Volume_MA,MACD,BB_Lower,BB_Upper,OBV,BB_Width,ADX,ROC,Rolling_Std_10,Rolling_Volatility",Volume_MA
KOTAKBANK,KOTAKBANK.NS,2022-06-28,2022,6,1,Bear,1,0.7414,BUY,1,1,0.6937,BUY,1,10,"Volume_MA,MACD,BB_Lower,BB_Upper,OBV,BB_Width,ADX,ROC,Rolling_Std_10,Rolling_Volatility",Volume_MA
KOTAKBANK,KOTAKBANK.NS,2022-06-29,2022,6,1,Bear,1,0.7522,BUY,1,1,0.7102,BUY,1,10,"Volume_MA,MACD,BB_Lower,BB_Upper,OBV,BB_Width,ADX,ROC,Rolling_Std_10,Rolling_Volatility",Volume_MA
KOTAKBANK,KOTAKBANK.NS,2022-06-30,2022,6,1,Bear,1,0.6806,BUY,1,1,0.644,BUY,1,10,"Volume_MA,MACD,BB_Lower,BB_Upper,OBV,BB_Width,ADX,ROC,Rolling_Std_10,Rolling_Volatility",Volume_MA
KOTAKBANK,KOTAKBANK.NS,2022-07-01,2022,7,1,Bear,1,0.727,BUY,1,1,0.6098,BUY,1,10,"Volume_MA,MACD,BB_Lower,BB_Upper,OBV,BB_Width,ADX,ROC,Rolling_Std_10,Rolling_Volatility",Volume_MA
KOTAKBANK,KOTAKBANK.NS,2022-07-04,2022,7,1,Bear,1,0.6767,BUY,1,1,0.6081,BUY,1,10,"Volume_MA,MACD,BB_Lower,BB_Upper,OBV,BB_Width,ADX,ROC,Rolling_Std_10,Rolling_Volatility",Volume_MA
KOTAKBANK,KOTAKBANK.NS,2022-07-05,2022,7,1,Bear,1,0.6895,BUY,1,1,0.6224,BUY,1,10,"Volume_MA,MACD,BB_Lower,BB_Upper,OBV,BB_Width,ADX,ROC,Rolling_Std_10,Rolling_Volatility",Volume_MA
KOTAKBANK,KOTAKBANK.NS,2022-07-06,2022,7,1,Bear,1,0.609,BUY,1,1,0.5869,BUY,1,10,"Volume_MA,MACD,BB_Lower,BB_Upper,OBV,BB_Width,ADX,ROC,Rolling_Std_10,Rolling_Volatility",Volume_MA
KOTAKBANK,KOTAKBANK.NS,2022-07-07,2022,7,1,Sideways,0,0.5734,SELL,0,1,0.5893,BUY,1,10,"Volume_MA,MACD,BB_Lower,BB_Upper,OBV,BB_Width,ADX,ROC,Rolling_Std_10,Rolling_Volatility",Volume_MA
KOTAKBANK,KOTAKBANK.NS,2022-07-08,2022,7,1,Sideways,-1,0.5028,NO TRADE,0,1,0.6499,BUY,1,10,"Volume_MA,MACD,BB_Lower,BB_Upper,OBV,BB_Width,ADX,ROC,Rolling_Std_10,Rolling_Volatility",Volume_MA
KOTAKBANK,KOTAKBANK.NS,2022-07-11,2022,7,1,Sideways,-1,0.5242,NO TRADE,0,1,0.6276,BUY,1,10,"Volume_MA,MACD,BB_Lower,BB_Upper,OBV,BB_Width,ADX,ROC,Rolling_Std_10,Rolling_Volatility",Volume_MA
KOTAKBANK,KOTAKBANK.NS,2022-07-12,2022,7,1,Sideways,1,0.6695,BUY,1,1,0.6386,BUY,1,10,"Volume_MA,MACD,BB_Lower,BB_Upper,OBV,BB_Width,ADX,ROC,Rolling_Std_10,Rolling_Volatility",Volume_MA
KOTAKBANK,KOTAKBANK.NS,2022-07-13,2022,7,1,Bear,1,0.5583,BUY,1,1,0.6088,BUY,1,10,"Volume_MA,MACD,BB_Lower,BB_Upper,OBV,BB_Width,ADX,ROC,Rolling_Std_10,Rolling_Volatility",Volume_MA
KOTAKBANK,KOTAKBANK.NS,2022-07-14,2022,7,1,Sideways,-1,0.52,NO TRADE,0,0,0.5503,SELL,0,10,"Volume_MA,MACD,BB_Lower,BB_Upper,OBV,BB_Width,ADX,ROC,Rolling_Std_10,Rolling_Volatility",Volume_MA
KOTAKBANK,KOTAKBANK.NS,2022-07-15,2022,7,1,Sideways,0,0.6073,SELL,0,0,0.6031,SELL,0,10,"Volume_MA,MACD,BB_Lower,BB_Upper,OBV,BB_Width,ADX,ROC,Rolling_Std_10,Rolling_Volatility",Volume_MA
KOTAKBANK,KOTAKBANK.NS,2022-07-18,2022,7,0,Sideways,0,0.6223,SELL,1,0,0.6936,SELL,1,10,"Volume_MA,MACD,BB_Lower,BB_Upper,OBV,BB_Width,ADX,ROC,Rolling_Std_10,Rolling_Volatility",Volume_MA
KOTAKBANK,KOTAKBANK.NS,2022-07-19,2022,7,1,Bull,0,0.5863,SELL,0,0,0.6702,SELL,0,10,"Volume_MA,MACD,BB_Lower,BB_Upper,OBV,BB_Width,ADX,ROC,Rolling_Std_10,Rolling_Volatility",Volume_MA
KOTAKBANK,KOTAKBANK.NS,2022-07-20,2022,7,1,Bull,0,0.6464,SELL,0,0,0.63,SELL,0,10,"Volume_MA,MACD,BB_Lower,BB_Upper,OBV,BB_Width,ADX,ROC,Rolling_Std_10,Rolling_Volatility",Volume_MA
KOTAKBANK,KOTAKBANK.NS,2022-07-21,2022,7,1,Sideways,0,0.6759,SELL,0,0,0.6148,SELL,0,10,"Volume_MA,MACD,BB_Lower,BB_Upper,OBV,BB_Width,ADX,ROC,Rolling_Std_10,Rolling_Volatility",Volume_MA
KOTAKBANK,KOTAKBANK.NS,2022-07-22,2022,7,1,Bull,0,0.6951,SELL,0,0,0.6283,SELL,0,10,"Volume_MA,MACD,BB_Lower,BB_Upper,OBV,BB_Width,ADX,ROC,Rolling_Std_10,Rolling_Volatility",Volume_MA
KOTAKBANK,KOTAKBANK.NS,2022-07-25,2022,7,1,Bull,0,0.5802,SELL,0,0,0.6235,SELL,0,10,"Volume_MA,MACD,BB_Lower,BB_Upper,OBV,BB_Width,ADX,ROC,Rolling_Std_10,Rolling_Volatility",Volume_MA
KOTAKBANK,KOTAKBANK.NS,2022-07-26,2022,7,1,Sideways,1,0.6064,BUY,1,0,0.6178,SELL,0,10,"Volume_MA,MACD,BB_Lower,BB_Upper,OBV,BB_Width,ADX,ROC,Rolling_Std_10,Rolling_Volatility",Volume_MA
KOTAKBANK,KOTAKBANK.NS,2022-07-27,2022,7,1,Bear,1,0.5784,BUY,1,0,0.583,SELL,0,10,"Volume_MA,MACD,BB_Lower,BB_Upper,OBV,BB_Width,ADX,ROC,Rolling_Std_10,Rolling_Volatility",Volume_MA
KOTAKBANK,KOTAKBANK.NS,2022-07-28,2022,7,1,Bear,0,0.5934,SELL,0,0,0.5818,SELL,0,10,"Volume_MA,MACD,BB_Lower,BB_Upper,OBV,BB_Width,ADX,ROC,Rolling_Std_10,Rolling_Volatility",Volume_MA
KOTAKBANK,KOTAKBANK.NS,2022-07-29,2022,7,1,Bull,0,0.6144,SELL,0,0,0.6478,SELL,0,10,"Volume_MA,MACD,BB_Lower,BB_Upper,OBV,BB_Width,ADX,ROC,Rolling_Std_10,Rolling_Volatility",Volume_MA
KOTAKBANK,KOTAKBANK.NS,2022-08-01,2022,8,1,Sideways,0,0.7451,SELL,0,0,0.7169,SELL,0,10,"Volume_MA,MACD,BB_Lower,BB_Upper,OBV,BB_Width,ADX,ROC,Rolling_Std_10,Rolling_Volatility",Volume_MA
KOTAKBANK,KOTAKBANK.NS,2022-08-02,2022,8,1,Sideways,-1,0.5173,NO TRADE,0,1,0.6129,BUY,1,10,"ATR_14,Rolling_Std_10,Rolling_Mean_Return,BB_Upper,MACD,BB_Lower,RSI_14,Rolling_Volatility,ADX,Rolling_Median_Return",ATR_14
KOTAKBANK,KOTAKBANK.NS,2022-08-03,2022,8,1,Sideways,0,0.6267,SELL,0,-1,0.533,NO TRADE,0,10,"ATR_14,Rolling_Std_10,Rolling_Mean_Return,BB_Upper,MACD,BB_Lower,RSI_14,Rolling_Volatility,ADX,Rolling_Median_Return",ATR_14
KOTAKBANK,KOTAKBANK.NS,2022-08-04,2022,8,1,Sideways,0,0.6421,SELL,0,-1,0.5379,NO TRADE,0,10,"ATR_14,Rolling_Std_10,Rolling_Mean_Return,BB_Upper,MACD,BB_Lower,RSI_14,Rolling_Volatility,ADX,Rolling_Median_Return",ATR_14
KOTAKBANK,KOTAKBANK.NS,2022-08-05,2022,8,1,Bear,0,0.8024,SELL,0,0,0.6419,SELL,0,10,"ATR_14,Rolling_Std_10,Rolling_Mean_Return,BB_Upper,MACD,BB_Lower,RSI_14,Rolling_Volatility,ADX,Rolling_Median_Return",ATR_14
KOTAKBANK,KOTAKBANK.NS,2022-08-08,2022,8,1,Bear,0,0.8369,SELL,0,0,0.7362,SELL,0,10,"ATR_14,Rolling_Std_10,Rolling_Mean_Return,BB_Upper,MACD,BB_Lower,RSI_14,Rolling_Volatility,ADX,Rolling_Median_Return",ATR_14
KOTAKBANK,KOTAKBANK.NS,2022-08-10,2022,8,1,Sideways,0,0.7707,SELL,0,0,0.7483,SELL,0,10,"ATR_14,Rolling_Std_10,Rolling_Mean_Return,BB_Upper,MACD,BB_Lower,RSI_14,Rolling_Volatility,ADX,Rolling_Median_Return",ATR_14
KOTAKBANK,KOTAKBANK.NS,2022-08-11,2022,8,1,Sideways,0,0.8588,SELL,0,0,0.8407,SELL,0,10,"ATR_14,Rolling_Std_10,Rolling_Mean_Return,BB_Upper,MACD,BB_Lower,RSI_14,Rolling_Volatility,ADX,Rolling_Median_Return",ATR_14
KOTAKBANK,KOTAKBANK.NS,2022-08-12,2022,8,1,Sideways,0,0.7424,SELL,0,0,0.5755,SELL,0,10,"ATR_14,Rolling_Std_10,Rolling_Mean_Return,BB_Upper,MACD,BB_Lower,RSI_14,Rolling_Volatility,ADX,Rolling_Median_Return",ATR_14
KOTAKBANK,KOTAKBANK.NS,2022-08-16,2022,8,1,Sideways,0,0.8092,SELL,0,0,0.7889,SELL,0,10,"ATR_14,Rolling_Std_10,Rolling_Mean_Return,BB_Upper,MACD,BB_Lower,RSI_14,Rolling_Volatility,ADX,Rolling_Median_Return",ATR_14
KOTAKBANK,KOTAKBANK.NS,2022-08-17,2022,8,1,Sideways,0,0.7117,SELL,0,0,0.6326,SELL,0,10,"ATR_14,Rolling_Std_10,Rolling_Mean_Return,BB_Upper,MACD,BB_Lower,RSI_14,Rolling_Volatility,ADX,Rolling_Median_Return",ATR_14
KOTAKBANK,KOTAKBANK.NS,2022-08-18,2022,8,1,Sideways,0,0.9062,SELL,0,0,0.6885,SELL,0,10,"ATR_14,Rolling_Std_10,Rolling_Mean_Return,BB_Upper,MACD,BB_Lower,RSI_14,Rolling_Volatility,ADX,Rolling_Median_Return",ATR_14
KOTAKBANK,KOTAKBANK.NS,2022-08-19,2022,8,1,Bull,0,0.8339,SELL,0,0,0.6809,SELL,0,10,"ATR_14,Rolling_Std_10,Rolling_Mean_Return,BB_Upper,MACD,BB_Lower,RSI_14,Rolling_Volatility,ADX,Rolling_Median_Return",ATR_14
KOTAKBANK,KOTAKBANK.NS,2022-08-22,2022,8,1,Sideways,0,0.8581,SELL,0,0,0.6822,SELL,0,10,"ATR_14,Rolling_Std_10,Rolling_Mean_Return,BB_Upper,MACD,BB_Lower,RSI_14,Rolling_Volatility,ADX,Rolling_Median_Return",ATR_14
KOTAKBANK,KOTAKBANK.NS,2022-08-23,2022,8,1,Sideways,0,0.9075,SELL,0,0,0.8451,SELL,0,10,"ATR_14,Rolling_Std_10,Rolling_Mean_Return,BB_Upper,MACD,BB_Lower,RSI_14,Rolling_Volatility,ADX,Rolling_Median_Return",ATR_14
KOTAKBANK,KOTAKBANK.NS,2022-08-24,2022,8,1,Bull,0,0.8747,SELL,0,0,0.8219,SELL,0,10,"ATR_14,Rolling_Std_10,Rolling_Mean_Return,BB_Upper,MACD,BB_Lower,RSI_14,Rolling_Volatility,ADX,Rolling_Median_Return",ATR_14
KOTAKBANK,KOTAKBANK.NS,2022-08-25,2022,8,0,Bull,0,0.8353,SELL,1,0,0.8417,SELL,1,10,"ATR_14,Rolling_Std_10,Rolling_Mean_Return,BB_Upper,MACD,BB_Lower,RSI_14,Rolling_Volatility,ADX,Rolling_Median_Return",ATR_14
KOTAKBANK,KOTAKBANK.NS,2022-08-26,2022,8,0,Bull,0,0.8623,SELL,1,0,0.8649,SELL,1,10,"ATR_14,Rolling_Std_10,Rolling_Mean_Return,BB_Upper,MACD,BB_Lower,RSI_14,Rolling_Volatility,ADX,Rolling_Median_Return",ATR_14
KOTAKBANK,KOTAKBANK.NS,2022-08-29,2022,8,0,Bull,0,0.7458,SELL,1,0,0.8694,SELL,1,10,"ATR_14,Rolling_Std_10,Rolling_Mean_Return,BB_Upper,MACD,BB_Lower,RSI_14,Rolling_Volatility,ADX,Rolling_Median_Return",ATR_14
KOTAKBANK,KOTAKBANK.NS,2022-08-30,2022,8,0,Bull,0,0.8903,SELL,1,0,0.8847,SELL,1,10,"ATR_14,Rolling_Std_10,Rolling_Mean_Return,BB_Upper,MACD,BB_Lower,RSI_14,Rolling_Volatility,ADX,Rolling_Median_Return",ATR_14
KOTAKBANK,KOTAKBANK.NS,2022-09-01,2022,9,0,Bull,0,0.8937,SELL,1,0,0.8812,SELL,1,10,"ATR_14,Rolling_Std_10,Rolling_Mean_Return,BB_Upper,MACD,BB_Lower,RSI_14,Rolling_Volatility,ADX,Rolling_Median_Return",ATR_14
KOTAKBANK,KOTAKBANK.NS,2022-09-02,2022,9,0,Bull,0,0.8547,SELL,1,0,0.8804,SELL,1,10,"ATR_14,Rolling_Std_10,Rolling_Mean_Return,BB_Upper,MACD,BB_Lower,RSI_14,Rolling_Volatility,ADX,Rolling_Median_Return",ATR_14
KOTAKBANK,KOTAKBANK.NS,2022-09-05,2022,9,0,Bull,0,0.8814,SELL,1,0,0.8666,SELL,1,10,"ATR_14,Rolling_Std_10,Rolling_Mean_Return,BB_Upper,MACD,BB_Lower,RSI_14,Rolling_Volatility,ADX,Rolling_Median_Return",ATR_14
KOTAKBANK,KOTAKBANK.NS,2022-09-06,2022,9,0,Bull,0,0.8494,SELL,1,0,0.8757,SELL,1,10,"ATR_14,Rolling_Std_10,Rolling_Mean_Return,BB_Upper,MACD,BB_Lower,RSI_14,Rolling_Volatility,ADX,Rolling_Median_Return",ATR_14
KOTAKBANK,KOTAKBANK.NS,2022-09-07,2022,9,0,Bull,0,0.8439,SELL,1,0,0.8344,SELL,1,10,"ATR_14,Rolling_Std_10,Rolling_Mean_Return,BB_Upper,MACD,BB_Lower,RSI_14,Rolling_Volatility,ADX,Rolling_Median_Return",ATR_14
KOTAKBANK,KOTAKBANK.NS,2022-09-08,2022,9,0,Bull,0,0.8584,SELL,1,0,0.8131,SELL,1,10,"ATR_14,Rolling_Std_10,Rolling_Mean_Return,BB_Upper,MACD,BB_Lower,RSI_14,Rolling_Volatility,ADX,Rolling_Median_Return",ATR_14
KOTAKBANK,KOTAKBANK.NS,2022-09-09,2022,9,0,Bull,0,0.8136,SELL,1,0,0.8041,SELL,1,10,"ATR_14,Rolling_Std_10,Rolling_Mean_Return,BB_Upper,MACD,BB_Lower,RSI_14,Rolling_Volatility,ADX,Rolling_Median_Return",ATR_14
KOTAKBANK,KOTAKBANK.NS,2022-09-12,2022,9,0,Bull,0,0.8157,SELL,1,0,0.7109,SELL,1,10,"ATR_14,Rolling_Std_10,Rolling_Mean_Return,BB_Upper,MACD,BB_Lower,RSI_14,Rolling_Volatility,ADX,Rolling_Median_Return",ATR_14
KOTAKBANK,KOTAKBANK.NS,2022-09-13,2022,9,0,Bull,0,0.7593,SELL,1,0,0.7315,SELL,1,10,"ATR_14,Rolling_Std_10,Rolling_Mean_Return,BB_Upper,MACD,BB_Lower,RSI_14,Rolling_Volatility,ADX,Rolling_Median_Return",ATR_14
KOTAKBANK,KOTAKBANK.NS,2022-09-14,2022,9,0,Bull,0,0.7677,SELL,1,0,0.6686,SELL,1,10,"ATR_14,Rolling_Std_10,Rolling_Mean_Return,BB_Upper,MACD,BB_Lower,RSI_14,Rolling_Volatility,ADX,Rolling_Median_Return",ATR_14
KOTAKBANK,KOTAKBANK.NS,2022-09-15,2022,9,0,Bull,0,0.7877,SELL,1,0,0.6801,SELL,1,10,"ATR_14,Rolling_Std_10,Rolling_Mean_Return,BB_Upper,MACD,BB_Lower,RSI_14,Rolling_Volatility,ADX,Rolling_Median_Return",ATR_14
KOTAKBANK,KOTAKBANK.NS,2022-09-16,2022,9,0,Bull,0,0.7108,SELL,1,0,0.6887,SELL,1,10,"ATR_14,Rolling_Std_10,Rolling_Mean_Return,BB_Upper,MACD,BB_Lower,RSI_14,Rolling_Volatility,ADX,Rolling_Median_Return",ATR_14
KOTAKBANK,KOTAKBANK.NS,2022-09-19,2022,9,0,Bull,0,0.7236,SELL,1,0,0.7097,SELL,1,10,"ATR_14,Rolling_Std_10,Rolling_Mean_Return,BB_Upper,MACD,BB_Lower,RSI_14,Rolling_Volatility,ADX,Rolling_Median_Return",ATR_14
KOTAKBANK,KOTAKBANK.NS,2022-09-20,2022,9,0,Bull,0,0.7193,SELL,1,0,0.7306,SELL,1,10,"ATR_14,Rolling_Std_10,Rolling_Mean_Return,BB_Upper,MACD,BB_Lower,RSI_14,Rolling_Volatility,ADX,Rolling_Median_Return",ATR_14
KOTAKBANK,KOTAKBANK.NS,2022-09-21,2022,9,0,Bull,0,0.673,SELL,1,0,0.7415,SELL,1,10,"ATR_14,Rolling_Std_10,Rolling_Mean_Return,BB_Upper,MACD,BB_Lower,RSI_14,Rolling_Volatility,ADX,Rolling_Median_Return",ATR_14
KOTAKBANK,KOTAKBANK.NS,2022-09-22,2022,9,1,Bull,0,0.5722,SELL,0,0,0.652,SELL,0,10,"ATR_14,Rolling_Std_10,Rolling_Mean_Return,BB_Upper,MACD,BB_Lower,RSI_14,Rolling_Volatility,ADX,Rolling_Median_Return",ATR_14
KOTAKBANK,KOTAKBANK.NS,2022-09-23,2022,9,1,Bull,-1,0.5403,NO TRADE,0,0,0.5666,SELL,0,10,"ATR_14,Rolling_Std_10,Rolling_Mean_Return,BB_Upper,MACD,BB_Lower,RSI_14,Rolling_Volatility,ADX,Rolling_Median_Return",ATR_14
KOTAKBANK,KOTAKBANK.NS,2022-09-26,2022,9,1,Bull,1,0.7328,BUY,1,1,0.7365,BUY,1,10,"ATR_14,Rolling_Std_10,Rolling_Mean_Return,BB_Upper,MACD,BB_Lower,RSI_14,Rolling_Volatility,ADX,Rolling_Median_Return",ATR_14
KOTAKBANK,KOTAKBANK.NS,2022-09-27,2022,9,1,Bull,1,0.7183,BUY,1,1,0.7523,BUY,1,10,"ATR_14,Rolling_Std_10,Rolling_Mean_Return,BB_Upper,MACD,BB_Lower,RSI_14,Rolling_Volatility,ADX,Rolling_Median_Return",ATR_14
KOTAKBANK,KOTAKBANK.NS,2022-09-28,2022,9,1,Sideways,1,0.7335,BUY,1,1,0.719,BUY,1,10,"ATR_14,Rolling_Std_10,Rolling_Mean_Return,BB_Upper,MACD,BB_Lower,RSI_14,Rolling_Volatility,ADX,Rolling_Median_Return",ATR_14
KOTAKBANK,KOTAKBANK.NS,2022-09-29,2022,9,1,Sideways,1,0.7323,BUY,1,1,0.704,BUY,1,10,"ATR_14,Rolling_Std_10,Rolling_Mean_Return,BB_Upper,MACD,BB_Lower,RSI_14,Rolling_Volatility,ADX,Rolling_Median_Return",ATR_14
KOTAKBANK,KOTAKBANK.NS,2022-09-30,2022,9,1,Bear,-1,0.5038,NO TRADE,0,1,0.6244,BUY,1,10,"ATR_14,Rolling_Std_10,Rolling_Mean_Return,BB_Upper,MACD,BB_Lower,RSI_14,Rolling_Volatility,ADX,Rolling_Median_Return",ATR_14
KOTAKBANK,KOTAKBANK.NS,2022-10-03,2022,10,1,Sideways,1,0.6504,BUY,1,1,0.763,BUY,1,10,"ATR_14,Rolling_Std_10,Rolling_Mean_Return,BB_Upper,MACD,BB_Lower,RSI_14,Rolling_Volatility,ADX,Rolling_Median_Return",ATR_14
KOTAKBANK,KOTAKBANK.NS,2022-10-04,2022,10,1,Sideways,-1,0.5188,NO TRADE,0,1,0.641,BUY,1,10,"ATR_14,Rolling_Std_10,Rolling_Mean_Return,BB_Upper,MACD,BB_Lower,RSI_14,Rolling_Volatility,ADX,Rolling_Median_Return",ATR_14
KOTAKBANK,KOTAKBANK.NS,2022-10-06,2022,10,1,Sideways,1,0.5791,BUY,1,1,0.6447,BUY,1,10,"ATR_14,Rolling_Std_10,Rolling_Mean_Return,BB_Upper,MACD,BB_Lower,RSI_14,Rolling_Volatility,ADX,Rolling_Median_Return",ATR_14
KOTAKBANK,KOTAKBANK.NS,2022-10-07,2022,10,1,Sideways,-1,0.5278,NO TRADE,0,1,0.6011,BUY,1,10,"ATR_14,Rolling_Std_10,Rolling_Mean_Return,BB_Upper,MACD,BB_Lower,RSI_14,Rolling_Volatility,ADX,Rolling_Median_Return",ATR_14
KOTAKBANK,KOTAKBANK.NS,2022-10-10,2022,10,1,Sideways,0,0.5897,SELL,0,1,0.557,BUY,1,10,"ATR_14,Rolling_Std_10,Rolling_Mean_Return,BB_Upper,MACD,BB_Lower,RSI_14,Rolling_Volatility,ADX,Rolling_Median_Return",ATR_14
KOTAKBANK,KOTAKBANK.NS,2022-10-11,2022,10,1,Bull,0,0.5708,SELL,0,-1,0.5331,NO TRADE,0,10,"ATR_14,Rolling_Std_10,Rolling_Mean_Return,BB_Upper,MACD,BB_Lower,RSI_14,Rolling_Volatility,ADX,Rolling_Median_Return",ATR_14
KOTAKBANK,KOTAKBANK.NS,2022-10-12,2022,10,1,Bull,0,0.6664,SELL,0,0,0.6488,SELL,0,10,"ATR_14,Rolling_Std_10,Rolling_Mean_Return,BB_Upper,MACD,BB_Lower,RSI_14,Rolling_Volatility,ADX,Rolling_Median_Return",ATR_14
KOTAKBANK,KOTAKBANK.NS,2022-10-13,2022,10,1,Sideways,0,0.6811,SELL,0,-1,0.5286,NO TRADE,0,10,"ATR_14,Rolling_Std_10,Rolling_Mean_Return,BB_Upper,MACD,BB_Lower,RSI_14,Rolling_Volatility,ADX,Rolling_Median_Return",ATR_14
KOTAKBANK,KOTAKBANK.NS,2022-10-14,2022,10,1,Sideways,0,0.8254,SELL,0,0,0.7745,SELL,0,10,"ATR_14,Rolling_Std_10,Rolling_Mean_Return,BB_Upper,MACD,BB_Lower,RSI_14,Rolling_Volatility,ADX,Rolling_Median_Return",ATR_14
KOTAKBANK,KOTAKBANK.NS,2022-10-17,2022,10,1,Sideways,0,0.8626,SELL,0,0,0.8045,SELL,0,10,"ATR_14,Rolling_Std_10,Rolling_Mean_Return,BB_Upper,MACD,BB_Lower,RSI_14,Rolling_Volatility,ADX,Rolling_Median_Return",ATR_14
KOTAKBANK,KOTAKBANK.NS,2022-10-18,2022,10,1,Sideways,0,0.8105,SELL,0,0,0.7863,SELL,0,10,"ATR_14,Rolling_Std_10,Rolling_Mean_Return,BB_Upper,MACD,BB_Lower,RSI_14,Rolling_Volatility,ADX,Rolling_Median_Return",ATR_14
KOTAKBANK,KOTAKBANK.NS,2022-10-19,2022,10,1,Sideways,0,0.8343,SELL,0,0,0.7788,SELL,0,10,"ATR_14,Rolling_Std_10,Rolling_Mean_Return,BB_Upper,MACD,BB_Lower,RSI_14,Rolling_Volatility,ADX,Rolling_Median_Return",ATR_14
KOTAKBANK,KOTAKBANK.NS,2022-10-20,2022,10,1,Sideways,0,0.8615,SELL,0,0,0.7985,SELL,0,10,"ATR_14,Rolling_Std_10,Rolling_Mean_Return,BB_Upper,MACD,BB_Lower,RSI_14,Rolling_Volatility,ADX,Rolling_Median_Return",ATR_14
KOTAKBANK,KOTAKBANK.NS,2022-10-21,2022,10,1,Sideways,0,0.8805,SELL,0,0,0.7909,SELL,0,10,"ATR_14,Rolling_Std_10,Rolling_Mean_Return,BB_Upper,MACD,BB_Lower,RSI_14,Rolling_Volatility,ADX,Rolling_Median_Return",ATR_14
KOTAKBANK,KOTAKBANK.NS,2022-10-24,2022,10,1,Bull,0,0.8881,SELL,0,0,0.7949,SELL,0,10,"ATR_14,Rolling_Std_10,Rolling_Mean_Return,BB_Upper,MACD,BB_Lower,RSI_14,Rolling_Volatility,ADX,Rolling_Median_Return",ATR_14
KOTAKBANK,KOTAKBANK.NS,2022-10-25,2022,10,1,Bull,0,0.8288,SELL,0,0,0.76,SELL,0,10,"ATR_14,Rolling_Std_10,Rolling_Mean_Return,BB_Upper,MACD,BB_Lower,RSI_14,Rolling_Volatility,ADX,Rolling_Median_Return",ATR_14
KOTAKBANK,KOTAKBANK.NS,2022-10-27,2022,10,1,Sideways,0,0.8901,SELL,0,0,0.8396,SELL,0,10,"ATR_14,Rolling_Std_10,Rolling_Mean_Return,BB_Upper,MACD,BB_Lower,RSI_14,Rolling_Volatility,ADX,Rolling_Median_Return",ATR_14
KOTAKBANK,KOTAKBANK.NS,2022-10-28,2022,10,1,Sideways,0,0.9258,SELL,0,0,0.9148,SELL,0,10,"ATR_14,Rolling_Std_10,Rolling_Mean_Return,BB_Upper,MACD,BB_Lower,RSI_14,Rolling_Volatility,ADX,Rolling_Median_Return",ATR_14
KOTAKBANK,KOTAKBANK.NS,2022-10-31,2022,10,1,Bull,0,0.9314,SELL,0,0,0.9279,SELL,0,10,"ATR_14,Rolling_Std_10,Rolling_Mean_Return,BB_Upper,MACD,BB_Lower,RSI_14,Rolling_Volatility,ADX,Rolling_Median_Return",ATR_14
KOTAKBANK,KOTAKBANK.NS,2022-11-01,2022,11,1,Bull,0,0.5602,SELL,0,0,0.5733,SELL,0,10,"BB_Upper,MACD,ATR_14,Stochastic,Rolling_Median_Return,Rolling_Std_10,BB_Lower,MACD_Hist,RSI_14,Volume_MA",BB_Upper
KOTAKBANK,KOTAKBANK.NS,2022-11-02,2022,11,1,Sideways,0,0.6592,SELL,0,0,0.6771,SELL,0,10,"BB_Upper,MACD,ATR_14,Stochastic,Rolling_Median_Return,Rolling_Std_10,BB_Lower,MACD_Hist,RSI_14,Volume_MA",BB_Upper
KOTAKBANK,KOTAKBANK.NS,2022-11-03,2022,11,1,Sideways,0,0.6632,SELL,0,0,0.6269,SELL,0,10,"BB_Upper,MACD,ATR_14,Stochastic,Rolling_Median_Return,Rolling_Std_10,BB_Lower,MACD_Hist,RSI_14,Volume_MA",BB_Upper
KOTAKBANK,KOTAKBANK.NS,2022-11-04,2022,11,1,Bull,0,0.6539,SELL,0,0,0.5781,SELL,0,10,"BB_Upper,MACD,ATR_14,Stochastic,Rolling_Median_Return,Rolling_Std_10,BB_Lower,MACD_Hist,RSI_14,Volume_MA",BB_Upper
KOTAKBANK,KOTAKBANK.NS,2022-11-07,2022,11,1,Bull,0,0.5546,SELL,0,0,0.5888,SELL,0,10,"BB_Upper,MACD,ATR_14,Stochastic,Rolling_Median_Return,Rolling_Std_10,BB_Lower,MACD_Hist,RSI_14,Volume_MA",BB_Upper
KOTAKBANK,KOTAKBANK.NS,2022-11-09,2022,11,1,Sideways,0,0.5743,SELL,0,-1,0.5224,NO TRADE,0,10,"BB_Upper,MACD,ATR_14,Stochastic,Rolling_Median_Return,Rolling_Std_10,BB_Lower,MACD_Hist,RSI_14,Volume_MA",BB_Upper
KOTAKBANK,KOTAKBANK.NS,2022-11-10,2022,11,0,Sideways,0,0.7255,SELL,1,0,0.654,SELL,1,10,"BB_Upper,MACD,ATR_14,Stochastic,Rolling_Median_Return,Rolling_Std_10,BB_Lower,MACD_Hist,RSI_14,Volume_MA",BB_Upper
KOTAKBANK,KOTAKBANK.NS,2022-11-11,2022,11,0,Sideways,0,0.6011,SELL,1,0,0.6463,SELL,1,10,"BB_Upper,MACD,ATR_14,Stochastic,Rolling_Median_Return,Rolling_Std_10,BB_Lower,MACD_Hist,RSI_14,Volume_MA",BB_Upper
KOTAKBANK,KOTAKBANK.NS,2022-11-14,2022,11,0,Bull,-1,0.5079,NO TRADE,0,0,0.6601,SELL,1,10,"BB_Upper,MACD,ATR_14,Stochastic,Rolling_Median_Return,Rolling_Std_10,BB_Lower,MACD_Hist,RSI_14,Volume_MA",BB_Upper
KOTAKBANK,KOTAKBANK.NS,2022-11-15,2022,11,0,Sideways,1,0.5967,BUY,0,0,0.6747,SELL,1,10,"BB_Upper,MACD,ATR_14,Stochastic,Rolling_Median_Return,Rolling_Std_10,BB_Lower,MACD_Hist,RSI_14,Volume_MA",BB_Upper
KOTAKBANK,KOTAKBANK.NS,2022-11-16,2022,11,0,Sideways,0,0.7256,SELL,1,0,0.6528,SELL,1,10,"BB_Upper,MACD,ATR_14,Stochastic,Rolling_Median_Return,Rolling_Std_10,BB_Lower,MACD_Hist,RSI_14,Volume_MA",BB_Upper
KOTAKBANK,KOTAKBANK.NS,2022-11-17,2022,11,0,Bull,0,0.5817,SELL,1,-1,0.5327,NO TRADE,0,10,"BB_Upper,MACD,ATR_14,Stochastic,Rolling_Median_Return,Rolling_Std_10,BB_Lower,MACD_Hist,RSI_14,Volume_MA",BB_Upper
KOTAKBANK,KOTAKBANK.NS,2022-11-18,2022,11,0,Sideways,0,0.7017,SELL,1,0,0.7598,SELL,1,10,"BB_Upper,MACD,ATR_14,Stochastic,Rolling_Median_Return,Rolling_Std_10,BB_Lower,MACD_Hist,RSI_14,Volume_MA",BB_Upper
KOTAKBANK,KOTAKBANK.NS,2022-11-21,2022,11,0,Bull,0,0.6189,SELL,1,0,0.6059,SELL,1,10,"BB_Upper,MACD,ATR_14,Stochastic,Rolling_Median_Return,Rolling_Std_10,BB_Lower,MACD_Hist,RSI_14,Volume_MA",BB_Upper
KOTAKBANK,KOTAKBANK.NS,2022-11-22,2022,11,0,Sideways,-1,0.5261,NO TRADE,0,0,0.5822,SELL,1,10,"BB_Upper,MACD,ATR_14,Stochastic,Rolling_Median_Return,Rolling_Std_10,BB_Lower,MACD_Hist,RSI_14,Volume_MA",BB_Upper
KOTAKBANK,KOTAKBANK.NS,2022-11-23,2022,11,0,Sideways,0,0.5824,SELL,1,0,0.5848,SELL,1,10,"BB_Upper,MACD,ATR_14,Stochastic,Rolling_Median_Return,Rolling_Std_10,BB_Lower,MACD_Hist,RSI_14,Volume_MA",BB_Upper
KOTAKBANK,KOTAKBANK.NS,2022-11-24,2022,11,0,Sideways,1,0.5703,BUY,0,1,0.666,BUY,0,10,"BB_Upper,MACD,ATR_14,Stochastic,Rolling_Median_Return,Rolling_Std_10,BB_Lower,MACD_Hist,RSI_14,Volume_MA",BB_Upper
KOTAKBANK,KOTAKBANK.NS,2022-11-25,2022,11,0,Sideways,1,0.5831,BUY,0,1,0.6721,BUY,0,10,"BB_Upper,MACD,ATR_14,Stochastic,Rolling_Median_Return,Rolling_Std_10,BB_Lower,MACD_Hist,RSI_14,Volume_MA",BB_Upper
KOTAKBANK,KOTAKBANK.NS,2022-11-28,2022,11,0,Sideways,1,0.6011,BUY,0,1,0.6942,BUY,0,10,"BB_Upper,MACD,ATR_14,Stochastic,Rolling_Median_Return,Rolling_Std_10,BB_Lower,MACD_Hist,RSI_14,Volume_MA",BB_Upper
KOTAKBANK,KOTAKBANK.NS,2022-11-29,2022,11,0,Sideways,1,0.5705,BUY,0,1,0.6476,BUY,0,10,"BB_Upper,MACD,ATR_14,Stochastic,Rolling_Median_Return,Rolling_Std_10,BB_Lower,MACD_Hist,RSI_14,Volume_MA",BB_Upper
KOTAKBANK,KOTAKBANK.NS,2022-11-30,2022,11,0,Sideways,1,0.5588,BUY,0,-1,0.52,NO TRADE,0,10,"BB_Upper,MACD,ATR_14,Stochastic,Rolling_Median_Return,Rolling_Std_10,BB_Lower,MACD_Hist,RSI_14,Volume_MA",BB_Upper
KOTAKBANK,KOTAKBANK.NS,2022-12-01,2022,12,0,Sideways,1,0.5546,BUY,0,-1,0.5316,NO TRADE,0,10,"BB_Upper,MACD,ATR_14,Stochastic,Rolling_Median_Return,Rolling_Std_10,BB_Lower,MACD_Hist,RSI_14,Volume_MA",BB_Upper
KOTAKBANK,KOTAKBANK.NS,2022-12-02,2022,12,0,Sideways,1,0.6287,BUY,0,-1,0.5215,NO TRADE,0,10,"BB_Upper,MACD,ATR_14,Stochastic,Rolling_Median_Return,Rolling_Std_10,BB_Lower,MACD_Hist,RSI_14,Volume_MA",BB_Upper
KOTAKBANK,KOTAKBANK.NS,2022-12-05,2022,12,0,Sideways,-1,0.5344,NO TRADE,0,-1,0.509,NO TRADE,0,10,"BB_Upper,MACD,ATR_14,Stochastic,Rolling_Median_Return,Rolling_Std_10,BB_Lower,MACD_Hist,RSI_14,Volume_MA",BB_Upper
KOTAKBANK,KOTAKBANK.NS,2022-12-06,2022,12,0,Sideways,1,0.6668,BUY,0,-1,0.5393,NO TRADE,0,10,"BB_Upper,MACD,ATR_14,Stochastic,Rolling_Median_Return,Rolling_Std_10,BB_Lower,MACD_Hist,RSI_14,Volume_MA",BB_Upper
KOTAKBANK,KOTAKBANK.NS,2022-12-07,2022,12,0,Bull,1,0.7243,BUY,0,1,0.5994,BUY,0,10,"BB_Upper,MACD,ATR_14,Stochastic,Rolling_Median_Return,Rolling_Std_10,BB_Lower,MACD_Hist,RSI_14,Volume_MA",BB_Upper
KOTAKBANK,KOTAKBANK.NS,2022-12-08,2022,12,0,Bull,1,0.7453,BUY,0,-1,0.5034,NO TRADE,0,10,"BB_Upper,MACD,ATR_14,Stochastic,Rolling_Median_Return,Rolling_Std_10,BB_Lower,MACD_Hist,RSI_14,Volume_MA",BB_Upper
KOTAKBANK,KOTAKBANK.NS,2022-12-09,2022,12,0,Bull,1,0.7758,BUY,0,-1,0.5432,NO TRADE,0,10,"BB_Upper,MACD,ATR_14,Stochastic,Rolling_Median_Return,Rolling_Std_10,BB_Lower,MACD_Hist,RSI_14,Volume_MA",BB_Upper
KOTAKBANK,KOTAKBANK.NS,2022-12-12,2022,12,0,Bull,1,0.8029,BUY,0,-1,0.5052,NO TRADE,0,10,"BB_Upper,MACD,ATR_14,Stochastic,Rolling_Median_Return,Rolling_Std_10,BB_Lower,MACD_Hist,RSI_14,Volume_MA",BB_Upper
KOTAKBANK,KOTAKBANK.NS,2022-12-13,2022,12,0,Bull,1,0.6792,BUY,0,0,0.5722,SELL,1,10,"BB_Upper,MACD,ATR_14,Stochastic,Rolling_Median_Return,Rolling_Std_10,BB_Lower,MACD_Hist,RSI_14,Volume_MA",BB_Upper
KOTAKBANK,KOTAKBANK.NS,2022-12-14,2022,12,0,Bull,-1,0.5492,NO TRADE,0,0,0.6394,SELL,1,10,"BB_Upper,MACD,ATR_14,Stochastic,Rolling_Median_Return,Rolling_Std_10,BB_Lower,MACD_Hist,RSI_14,Volume_MA",BB_Upper
KOTAKBANK,KOTAKBANK.NS,2022-12-15,2022,12,0,Bull,-1,0.5292,NO TRADE,0,0,0.6217,SELL,1,10,"BB_Upper,MACD,ATR_14,Stochastic,Rolling_Median_Return,Rolling_Std_10,BB_Lower,MACD_Hist,RSI_14,Volume_MA",BB_Upper
KOTAKBANK,KOTAKBANK.NS,2022-12-16,2022,12,0,Bull,1,0.6421,BUY,0,0,0.5586,SELL,1,10,"BB_Upper,MACD,ATR_14,Stochastic,Rolling_Median_Return,Rolling_Std_10,BB_Lower,MACD_Hist,RSI_14,Volume_MA",BB_Upper
KOTAKBANK,KOTAKBANK.NS,2022-12-19,2022,12,0,Sideways,1,0.5753,BUY,0,0,0.6539,SELL,1,10,"BB_Upper,MACD,ATR_14,Stochastic,Rolling_Median_Return,Rolling_Std_10,BB_Lower,MACD_Hist,RSI_14,Volume_MA",BB_Upper
KOTAKBANK,KOTAKBANK.NS,2022-12-20,2022,12,0,Sideways,1,0.6177,BUY,0,0,0.6697,SELL,1,10,"BB_Upper,MACD,ATR_14,Stochastic,Rolling_Median_Return,Rolling_Std_10,BB_Lower,MACD_Hist,RSI_14,Volume_MA",BB_Upper
KOTAKBANK,KOTAKBANK.NS,2022-12-21,2022,12,0,Sideways,1,0.8455,BUY,0,-1,0.5231,NO TRADE,0,10,"BB_Upper,MACD,ATR_14,Stochastic,Rolling_Median_Return,Rolling_Std_10,BB_Lower,MACD_Hist,RSI_14,Volume_MA",BB_Upper
KOTAKBANK,KOTAKBANK.NS,2022-12-22,2022,12,0,Sideways,1,0.8263,BUY,0,-1,0.5046,NO TRADE,0,10,"BB_Upper,MACD,ATR_14,Stochastic,Rolling_Median_Return,Rolling_Std_10,BB_Lower,MACD_Hist,RSI_14,Volume_MA",BB_Upper
KOTAKBANK,KOTAKBANK.NS,2022-12-23,2022,12,0,Sideways,1,0.8037,BUY,0,-1,0.5036,NO TRADE,0,10,"BB_Upper,MACD,ATR_14,Stochastic,Rolling_Median_Return,Rolling_Std_10,BB_Lower,MACD_Hist,RSI_14,Volume_MA",BB_Upper
KOTAKBANK,KOTAKBANK.NS,2022-12-26,2022,12,0,Sideways,1,0.8019,BUY,0,-1,0.5115,NO TRADE,0,10,"BB_Upper,MACD,ATR_14,Stochastic,Rolling_Median_Return,Rolling_Std_10,BB_Lower,MACD_Hist,RSI_14,Volume_MA",BB_Upper
KOTAKBANK,KOTAKBANK.NS,2022-12-27,2022,12,0,Sideways,1,0.7445,BUY,0,0,0.593,SELL,1,10,"BB_Upper,MACD,ATR_14,Stochastic,Rolling_Median_Return,Rolling_Std_10,BB_Lower,MACD_Hist,RSI_14,Volume_MA",BB_Upper
KOTAKBANK,KOTAKBANK.NS,2022-12-28,2022,12,0,Sideways,1,0.6712,BUY,0,0,0.6366,SELL,1,10,"BB_Upper,MACD,ATR_14,Stochastic,Rolling_Median_Return,Rolling_Std_10,BB_Lower,MACD_Hist,RSI_14,Volume_MA",BB_Upper
KOTAKBANK,KOTAKBANK.NS,2022-12-29,2022,12,0,Sideways,-1,0.5393,NO TRADE,0,0,0.7301,SELL,1,10,"BB_Upper,MACD,ATR_14,Stochastic,Rolling_Median_Return,Rolling_Std_10,BB_Lower,MACD_Hist,RSI_14,Volume_MA",BB_Upper
KOTAKBANK,KOTAKBANK.NS,2022-12-30,2022,12,0,Sideways,-1,0.5013,NO TRADE,0,0,0.8001,SELL,1,10,"BB_Upper,MACD,ATR_14,Stochastic,Rolling_Median_Return,Rolling_Std_10,BB_Lower,MACD_Hist,RSI_14,Volume_MA",BB_Upper
KOTAKBANK,KOTAKBANK.NS,2023-01-02,2023,1,0,Sideways,-1,0.5019,NO TRADE,0,0,0.7943,SELL,1,10,"BB_Upper,MACD,ATR_14,Stochastic,Rolling_Median_Return,Rolling_Std_10,BB_Lower,MACD_Hist,RSI_14,Volume_MA",BB_Upper
KOTAKBANK,KOTAKBANK.NS,2023-01-03,2023,1,0,Sideways,1,0.5626,BUY,0,0,0.8051,SELL,1,10,"BB_Upper,MACD,ATR_14,Stochastic,Rolling_Median_Return,Rolling_Std_10,BB_Lower,MACD_Hist,RSI_14,Volume_MA",BB_Upper
KOTAKBANK,KOTAKBANK.NS,2023-01-04,2023,1,0,Bear,1,0.6175,BUY,0,0,0.7289,SELL,1,10,"BB_Upper,MACD,ATR_14,Stochastic,Rolling_Median_Return,Rolling_Std_10,BB_Lower,MACD_Hist,RSI_14,Volume_MA",BB_Upper
KOTAKBANK,KOTAKBANK.NS,2023-01-05,2023,1,0,Bear,1,0.6425,BUY,0,0,0.7454,SELL,1,10,"BB_Upper,MACD,ATR_14,Stochastic,Rolling_Median_Return,Rolling_Std_10,BB_Lower,MACD_Hist,RSI_14,Volume_MA",BB_Upper
KOTAKBANK,KOTAKBANK.NS,2023-01-06,2023,1,0,Sideways,1,0.6143,BUY,0,0,0.6961,SELL,1,10,"BB_Upper,MACD,ATR_14,Stochastic,Rolling_Median_Return,Rolling_Std_10,BB_Lower,MACD_Hist,RSI_14,Volume_MA",BB_Upper
KOTAKBANK,KOTAKBANK.NS,2023-01-09,2023,1,0,Bear,1,0.5752,BUY,0,0,0.7351,SELL,1,10,"BB_Upper,MACD,ATR_14,Stochastic,Rolling_Median_Return,Rolling_Std_10,BB_Lower,MACD_Hist,RSI_14,Volume_MA",BB_Upper
KOTAKBANK,KOTAKBANK.NS,2023-01-10,2023,1,0,Bear,-1,0.5188,NO TRADE,0,0,0.7405,SELL,1,10,"BB_Upper,MACD,ATR_14,Stochastic,Rolling_Median_Return,Rolling_Std_10,BB_Lower,MACD_Hist,RSI_14,Volume_MA",BB_Upper
KOTAKBANK,KOTAKBANK.NS,2023-01-11,2023,1,0,Bear,0,0.6471,SELL,1,0,0.7229,SELL,1,10,"BB_Upper,MACD,ATR_14,Stochastic,Rolling_Median_Return,Rolling_Std_10,BB_Lower,MACD_Hist,RSI_14,Volume_MA",BB_Upper
KOTAKBANK,KOTAKBANK.NS,2023-01-12,2023,1,0,Bear,0,0.6495,SELL,1,0,0.7014,SELL,1,10,"BB_Upper,MACD,ATR_14,Stochastic,Rolling_Median_Return,Rolling_Std_10,BB_Lower,MACD_Hist,RSI_14,Volume_MA",BB_Upper
KOTAKBANK,KOTAKBANK.NS,2023-01-13,2023,1,0,Bear,0,0.6432,SELL,1,0,0.6805,SELL,1,10,"BB_Upper,MACD,ATR_14,Stochastic,Rolling_Median_Return,Rolling_Std_10,BB_Lower,MACD_Hist,RSI_14,Volume_MA",BB_Upper
KOTAKBANK,KOTAKBANK.NS,2023-01-16,2023,1,0,Bear,0,0.5938,SELL,1,0,0.7026,SELL,1,10,"BB_Upper,MACD,ATR_14,Stochastic,Rolling_Median_Return,Rolling_Std_10,BB_Lower,MACD_Hist,RSI_14,Volume_MA",BB_Upper
KOTAKBANK,KOTAKBANK.NS,2023-01-17,2023,1,0,Bear,0,0.5819,SELL,1,0,0.6997,SELL,1,10,"BB_Upper,MACD,ATR_14,Stochastic,Rolling_Median_Return,Rolling_Std_10,BB_Lower,MACD_Hist,RSI_14,Volume_MA",BB_Upper
KOTAKBANK,KOTAKBANK.NS,2023-01-18,2023,1,0,Bear,0,0.6044,SELL,1,0,0.7461,SELL,1,10,"BB_Upper,MACD,ATR_14,Stochastic,Rolling_Median_Return,Rolling_Std_10,BB_Lower,MACD_Hist,RSI_14,Volume_MA",BB_Upper
KOTAKBANK,KOTAKBANK.NS,2023-01-19,2023,1,0,Bear,-1,0.5263,NO TRADE,0,-1,0.5144,NO TRADE,0,10,"BB_Upper,MACD,ATR_14,Stochastic,Rolling_Median_Return,Rolling_Std_10,BB_Lower,MACD_Hist,RSI_14,Volume_MA",BB_Upper
KOTAKBANK,KOTAKBANK.NS,2023-01-20,2023,1,0,Bear,0,0.6356,SELL,1,0,0.6393,SELL,1,10,"BB_Upper,MACD,ATR_14,Stochastic,Rolling_Median_Return,Rolling_Std_10,BB_Lower,MACD_Hist,RSI_14,Volume_MA",BB_Upper
KOTAKBANK,KOTAKBANK.NS,2023-01-23,2023,1,0,Bear,0,0.552,SELL,1,0,0.5997,SELL,1,10,"BB_Upper,MACD,ATR_14,Stochastic,Rolling_Median_Return,Rolling_Std_10,BB_Lower,MACD_Hist,RSI_14,Volume_MA",BB_Upper
KOTAKBANK,KOTAKBANK.NS,2023-01-24,2023,1,0,Bear,1,0.5647,BUY,0,-1,0.539,NO TRADE,0,10,"BB_Upper,MACD,ATR_14,Stochastic,Rolling_Median_Return,Rolling_Std_10,BB_Lower,MACD_Hist,RSI_14,Volume_MA",BB_Upper
KOTAKBANK,KOTAKBANK.NS,2023-01-25,2023,1,0,Bear,0,0.7935,SELL,1,0,0.834,SELL,1,10,"BB_Upper,ATR_14,Rolling_Volatility,Rolling_Median_Return,BB_Lower,Stochastic,ADX,RSI_14,Rolling_Mean_Return,Volume_MA",BB_Upper
KOTAKBANK,KOTAKBANK.NS,2023-01-27,2023,1,0,Bear,0,0.6995,SELL,1,0,0.7855,SELL,1,10,"BB_Upper,ATR_14,Rolling_Volatility,Rolling_Median_Return,BB_Lower,Stochastic,ADX,RSI_14,Rolling_Mean_Return,Volume_MA",BB_Upper
KOTAKBANK,KOTAKBANK.NS,2023-01-30,2023,1,0,Bear,0,0.6345,SELL,1,0,0.7157,SELL,1,10,"BB_Upper,ATR_14,Rolling_Volatility,Rolling_Median_Return,BB_Lower,Stochastic,ADX,RSI_14,Rolling_Mean_Return,Volume_MA",BB_Upper
KOTAKBANK,KOTAKBANK.NS,2023-01-31,2023,1,0,Bear,0,0.5977,SELL,1,0,0.6743,SELL,1,10,"BB_Upper,ATR_14,Rolling_Volatility,Rolling_Median_Return,BB_Lower,Stochastic,ADX,RSI_14,Rolling_Mean_Return,Volume_MA",BB_Upper
KOTAKBANK,KOTAKBANK.NS,2023-02-01,2023,2,1,Bear,0,0.5741,SELL,0,0,0.6082,SELL,0,10,"BB_Upper,ATR_14,Rolling_Volatility,Rolling_Median_Return,BB_Lower,Stochastic,ADX,RSI_14,Rolling_Mean_Return,Volume_MA",BB_Upper
KOTAKBANK,KOTAKBANK.NS,2023-02-02,2023,2,0,Bear,-1,0.5278,NO TRADE,0,0,0.5544,SELL,1,10,"BB_Upper,ATR_14,Rolling_Volatility,Rolling_Median_Return,BB_Lower,Stochastic,ADX,RSI_14,Rolling_Mean_Return,Volume_MA",BB_Upper
KOTAKBANK,KOTAKBANK.NS,2023-02-03,2023,2,0,Bear,-1,0.5452,NO TRADE,0,0,0.6113,SELL,1,10,"BB_Upper,ATR_14,Rolling_Volatility,Rolling_Median_Return,BB_Lower,Stochastic,ADX,RSI_14,Rolling_Mean_Return,Volume_MA",BB_Upper
KOTAKBANK,KOTAKBANK.NS,2023-02-06,2023,2,1,Bear,-1,0.5186,NO TRADE,0,-1,0.5275,NO TRADE,0,10,"BB_Upper,ATR_14,Rolling_Volatility,Rolling_Median_Return,BB_Lower,Stochastic,ADX,RSI_14,Rolling_Mean_Return,Volume_MA",BB_Upper
KOTAKBANK,KOTAKBANK.NS,2023-02-07,2023,2,0,Bear,1,0.6379,BUY,0,1,0.7019,BUY,0,10,"BB_Upper,ATR_14,Rolling_Volatility,Rolling_Median_Return,BB_Lower,Stochastic,ADX,RSI_14,Rolling_Mean_Return,Volume_MA",BB_Upper
KOTAKBANK,KOTAKBANK.NS,2023-02-08,2023,2,0,Bear,1,0.6699,BUY,0,1,0.7379,BUY,0,10,"BB_Upper,ATR_14,Rolling_Volatility,Rolling_Median_Return,BB_Lower,Stochastic,ADX,RSI_14,Rolling_Mean_Return,Volume_MA",BB_Upper
KOTAKBANK,KOTAKBANK.NS,2023-02-09,2023,2,0,Bear,1,0.7468,BUY,0,1,0.7101,BUY,0,10,"BB_Upper,ATR_14,Rolling_Volatility,Rolling_Median_Return,BB_Lower,Stochastic,ADX,RSI_14,Rolling_Mean_Return,Volume_MA",BB_Upper
KOTAKBANK,KOTAKBANK.NS,2023-02-10,2023,2,0,Bear,1,0.7467,BUY,0,1,0.7036,BUY,0,10,"BB_Upper,ATR_14,Rolling_Volatility,Rolling_Median_Return,BB_Lower,Stochastic,ADX,RSI_14,Rolling_Mean_Return,Volume_MA",BB_Upper
KOTAKBANK,KOTAKBANK.NS,2023-02-13,2023,2,0,Bear,1,0.7989,BUY,0,1,0.753,BUY,0,10,"BB_Upper,ATR_14,Rolling_Volatility,Rolling_Median_Return,BB_Lower,Stochastic,ADX,RSI_14,Rolling_Mean_Return,Volume_MA",BB_Upper
KOTAKBANK,KOTAKBANK.NS,2023-02-14,2023,2,0,Bear,1,0.7918,BUY,0,1,0.7662,BUY,0,10,"BB_Upper,ATR_14,Rolling_Volatility,Rolling_Median_Return,BB_Lower,Stochastic,ADX,RSI_14,Rolling_Mean_Return,Volume_MA",BB_Upper
KOTAKBANK,KOTAKBANK.NS,2023-02-15,2023,2,0,Bear,1,0.785,BUY,0,1,0.6947,BUY,0,10,"BB_Upper,ATR_14,Rolling_Volatility,Rolling_Median_Return,BB_Lower,Stochastic,ADX,RSI_14,Rolling_Mean_Return,Volume_MA",BB_Upper
KOTAKBANK,KOTAKBANK.NS,2023-02-16,2023,2,0,Bear,1,0.7085,BUY,0,1,0.611,BUY,0,10,"BB_Upper,ATR_14,Rolling_Volatility,Rolling_Median_Return,BB_Lower,Stochastic,ADX,RSI_14,Rolling_Mean_Return,Volume_MA",BB_Upper
KOTAKBANK,KOTAKBANK.NS,2023-02-17,2023,2,0,Bear,1,0.7253,BUY,0,1,0.7145,BUY,0,10,"BB_Upper,ATR_14,Rolling_Volatility,Rolling_Median_Return,BB_Lower,Stochastic,ADX,RSI_14,Rolling_Mean_Return,Volume_MA",BB_Upper
KOTAKBANK,KOTAKBANK.NS,2023-02-20,2023,2,0,Bear,1,0.7937,BUY,0,1,0.6918,BUY,0,10,"BB_Upper,ATR_14,Rolling_Volatility,Rolling_Median_Return,BB_Lower,Stochastic,ADX,RSI_14,Rolling_Mean_Return,Volume_MA",BB_Upper
KOTAKBANK,KOTAKBANK.NS,2023-02-21,2023,2,0,Bear,1,0.7344,BUY,0,1,0.6559,BUY,0,10,"BB_Upper,ATR_14,Rolling_Volatility,Rolling_Median_Return,BB_Lower,Stochastic,ADX,RSI_14,Rolling_Mean_Return,Volume_MA",BB_Upper
KOTAKBANK,KOTAKBANK.NS,2023-02-22,2023,2,0,Bear,1,0.7825,BUY,0,1,0.7348,BUY,0,10,"BB_Upper,ATR_14,Rolling_Volatility,Rolling_Median_Return,BB_Lower,Stochastic,ADX,RSI_14,Rolling_Mean_Return,Volume_MA",BB_Upper
KOTAKBANK,KOTAKBANK.NS,2023-02-23,2023,2,0,Bear,1,0.822,BUY,0,1,0.7386,BUY,0,10,"BB_Upper,ATR_14,Rolling_Volatility,Rolling_Median_Return,BB_Lower,Stochastic,ADX,RSI_14,Rolling_Mean_Return,Volume_MA",BB_Upper
KOTAKBANK,KOTAKBANK.NS,2023-02-24,2023,2,1,Bear,1,0.7984,BUY,1,1,0.6748,BUY,1,10,"BB_Upper,ATR_14,Rolling_Volatility,Rolling_Median_Return,BB_Lower,Stochastic,ADX,RSI_14,Rolling_Mean_Return,Volume_MA",BB_Upper
KOTAKBANK,KOTAKBANK.NS,2023-02-27,2023,2,0,Bear,1,0.8356,BUY,0,1,0.7552,BUY,0,10,"BB_Upper,ATR_14,Rolling_Volatility,Rolling_Median_Return,BB_Lower,Stochastic,ADX,RSI_14,Rolling_Mean_Return,Volume_MA",BB_Upper
KOTAKBANK,KOTAKBANK.NS,2023-02-28,2023,2,0,Bear,1,0.894,BUY,0,1,0.7678,BUY,0,10,"BB_Upper,ATR_14,Rolling_Volatility,Rolling_Median_Return,BB_Lower,Stochastic,ADX,RSI_14,Rolling_Mean_Return,Volume_MA",BB_Upper
KOTAKBANK,KOTAKBANK.NS,2023-03-01,2023,3,0,Bear,1,0.8858,BUY,0,1,0.7686,BUY,0,10,"BB_Upper,ATR_14,Rolling_Volatility,Rolling_Median_Return,BB_Lower,Stochastic,ADX,RSI_14,Rolling_Mean_Return,Volume_MA",BB_Upper
KOTAKBANK,KOTAKBANK.NS,2023-03-02,2023,3,1,Bear,1,0.8816,BUY,1,1,0.8075,BUY,1,10,"BB_Upper,ATR_14,Rolling_Volatility,Rolling_Median_Return,BB_Lower,Stochastic,ADX,RSI_14,Rolling_Mean_Return,Volume_MA",BB_Upper
KOTAKBANK,KOTAKBANK.NS,2023-03-03,2023,3,1,Bear,1,0.8702,BUY,1,1,0.7222,BUY,1,10,"BB_Upper,ATR_14,Rolling_Volatility,Rolling_Median_Return,BB_Lower,Stochastic,ADX,RSI_14,Rolling_Mean_Return,Volume_MA",BB_Upper
KOTAKBANK,KOTAKBANK.NS,2023-03-06,2023,3,1,Bear,1,0.8833,BUY,1,1,0.7491,BUY,1,10,"BB_Upper,ATR_14,Rolling_Volatility,Rolling_Median_Return,BB_Lower,Stochastic,ADX,RSI_14,Rolling_Mean_Return,Volume_MA",BB_Upper
KOTAKBANK,KOTAKBANK.NS,2023-03-08,2023,3,1,Bear,1,0.8616,BUY,1,1,0.7487,BUY,1,10,"BB_Upper,ATR_14,Rolling_Volatility,Rolling_Median_Return,BB_Lower,Stochastic,ADX,RSI_14,Rolling_Mean_Return,Volume_MA",BB_Upper
KOTAKBANK,KOTAKBANK.NS,2023-03-09,2023,3,1,Bear,1,0.8468,BUY,1,1,0.8135,BUY,1,10,"BB_Upper,ATR_14,Rolling_Volatility,Rolling_Median_Return,BB_Lower,Stochastic,ADX,RSI_14,Rolling_Mean_Return,Volume_MA",BB_Upper
KOTAKBANK,KOTAKBANK.NS,2023-03-10,2023,3,1,Bear,1,0.8247,BUY,1,1,0.8583,BUY,1,10,"BB_Upper,ATR_14,Rolling_Volatility,Rolling_Median_Return,BB_Lower,Stochastic,ADX,RSI_14,Rolling_Mean_Return,Volume_MA",BB_Upper
KOTAKBANK,KOTAKBANK.NS,2023-03-13,2023,3,1,Bear,1,0.871,BUY,1,1,0.8927,BUY,1,10,"BB_Upper,ATR_14,Rolling_Volatility,Rolling_Median_Return,BB_Lower,Stochastic,ADX,RSI_14,Rolling_Mean_Return,Volume_MA",BB_Upper
KOTAKBANK,KOTAKBANK.NS,2023-03-14,2023,3,1,Bear,1,0.9296,BUY,1,1,0.9469,BUY,1,10,"BB_Upper,ATR_14,Rolling_Volatility,Rolling_Median_Return,BB_Lower,Stochastic,ADX,RSI_14,Rolling_Mean_Return,Volume_MA",BB_Upper
KOTAKBANK,KOTAKBANK.NS,2023-03-15,2023,3,1,Bear,1,0.9327,BUY,1,1,0.9483,BUY,1,10,"BB_Upper,ATR_14,Rolling_Volatility,Rolling_Median_Return,BB_Lower,Stochastic,ADX,RSI_14,Rolling_Mean_Return,Volume_MA",BB_Upper
KOTAKBANK,KOTAKBANK.NS,2023-03-16,2023,3,1,Bear,1,0.9387,BUY,1,1,0.9401,BUY,1,10,"BB_Upper,ATR_14,Rolling_Volatility,Rolling_Median_Return,BB_Lower,Stochastic,ADX,RSI_14,Rolling_Mean_Return,Volume_MA",BB_Upper
KOTAKBANK,KOTAKBANK.NS,2023-03-17,2023,3,1,Bear,1,0.9178,BUY,1,1,0.94,BUY,1,10,"BB_Upper,ATR_14,Rolling_Volatility,Rolling_Median_Return,BB_Lower,Stochastic,ADX,RSI_14,Rolling_Mean_Return,Volume_MA",BB_Upper
KOTAKBANK,KOTAKBANK.NS,2023-03-20,2023,3,1,Bear,1,0.9252,BUY,1,1,0.9559,BUY,1,10,"BB_Upper,ATR_14,Rolling_Volatility,Rolling_Median_Return,BB_Lower,Stochastic,ADX,RSI_14,Rolling_Mean_Return,Volume_MA",BB_Upper
KOTAKBANK,KOTAKBANK.NS,2023-03-21,2023,3,1,Bear,1,0.9202,BUY,1,1,0.9525,BUY,1,10,"BB_Upper,ATR_14,Rolling_Volatility,Rolling_Median_Return,BB_Lower,Stochastic,ADX,RSI_14,Rolling_Mean_Return,Volume_MA",BB_Upper
KOTAKBANK,KOTAKBANK.NS,2023-03-22,2023,3,1,Bear,1,0.9055,BUY,1,1,0.9468,BUY,1,10,"BB_Upper,ATR_14,Rolling_Volatility,Rolling_Median_Return,BB_Lower,Stochastic,ADX,RSI_14,Rolling_Mean_Return,Volume_MA",BB_Upper
KOTAKBANK,KOTAKBANK.NS,2023-03-23,2023,3,1,Bear,1,0.9025,BUY,1,1,0.9362,BUY,1,10,"BB_Upper,ATR_14,Rolling_Volatility,Rolling_Median_Return,BB_Lower,Stochastic,ADX,RSI_14,Rolling_Mean_Return,Volume_MA",BB_Upper
KOTAKBANK,KOTAKBANK.NS,2023-03-24,2023,3,1,Bear,1,0.9012,BUY,1,1,0.9439,BUY,1,10,"BB_Upper,ATR_14,Rolling_Volatility,Rolling_Median_Return,BB_Lower,Stochastic,ADX,RSI_14,Rolling_Mean_Return,Volume_MA",BB_Upper
KOTAKBANK,KOTAKBANK.NS,2023-03-27,2023,3,1,Bear,1,0.8911,BUY,1,1,0.9319,BUY,1,10,"BB_Upper,ATR_14,Rolling_Volatility,Rolling_Median_Return,BB_Lower,Stochastic,ADX,RSI_14,Rolling_Mean_Return,Volume_MA",BB_Upper
KOTAKBANK,KOTAKBANK.NS,2023-03-28,2023,3,1,Bear,1,0.8859,BUY,1,1,0.9344,BUY,1,10,"BB_Upper,ATR_14,Rolling_Volatility,Rolling_Median_Return,BB_Lower,Stochastic,ADX,RSI_14,Rolling_Mean_Return,Volume_MA",BB_Upper
KOTAKBANK,KOTAKBANK.NS,2023-03-29,2023,3,1,Bear,1,0.8351,BUY,1,1,0.9107,BUY,1,10,"BB_Upper,ATR_14,Rolling_Volatility,Rolling_Median_Return,BB_Lower,Stochastic,ADX,RSI_14,Rolling_Mean_Return,Volume_MA",BB_Upper
KOTAKBANK,KOTAKBANK.NS,2023-03-31,2023,3,1,Bear,1,0.83,BUY,1,1,0.8839,BUY,1,10,"BB_Upper,ATR_14,Rolling_Volatility,Rolling_Median_Return,BB_Lower,Stochastic,ADX,RSI_14,Rolling_Mean_Return,Volume_MA",BB_Upper
KOTAKBANK,KOTAKBANK.NS,2023-04-03,2023,4,1,Bear,1,0.7651,BUY,1,1,0.8308,BUY,1,10,"BB_Upper,ATR_14,Rolling_Volatility,Rolling_Median_Return,BB_Lower,Stochastic,ADX,RSI_14,Rolling_Mean_Return,Volume_MA",BB_Upper
KOTAKBANK,KOTAKBANK.NS,2023-04-05,2023,4,1,Bear,1,0.7219,BUY,1,1,0.7796,BUY,1,10,"BB_Upper,ATR_14,Rolling_Volatility,Rolling_Median_Return,BB_Lower,Stochastic,ADX,RSI_14,Rolling_Mean_Return,Volume_MA",BB_Upper
KOTAKBANK,KOTAKBANK.NS,2023-04-06,2023,4,1,Sideways,1,0.7017,BUY,1,1,0.6978,BUY,1,10,"BB_Upper,ATR_14,Rolling_Volatility,Rolling_Median_Return,BB_Lower,Stochastic,ADX,RSI_14,Rolling_Mean_Return,Volume_MA",BB_Upper
KOTAKBANK,KOTAKBANK.NS,2023-04-10,2023,4,1,Sideways,1,0.678,BUY,1,1,0.6686,BUY,1,10,"BB_Upper,ATR_14,Rolling_Volatility,Rolling_Median_Return,BB_Lower,Stochastic,ADX,RSI_14,Rolling_Mean_Return,Volume_MA",BB_Upper
KOTAKBANK,KOTAKBANK.NS,2023-04-11,2023,4,1,Sideways,1,0.9098,BUY,1,1,0.8904,BUY,1,10,"BB_Upper,ATR_14,Rolling_Volatility,Rolling_Median_Return,BB_Lower,Stochastic,ADX,RSI_14,Rolling_Mean_Return,Volume_MA",BB_Upper
KOTAKBANK,KOTAKBANK.NS,2023-04-12,2023,4,1,Bull,1,0.9132,BUY,1,1,0.8935,BUY,1,10,"BB_Upper,ATR_14,Rolling_Volatility,Rolling_Median_Return,BB_Lower,Stochastic,ADX,RSI_14,Rolling_Mean_Return,Volume_MA",BB_Upper
KOTAKBANK,KOTAKBANK.NS,2023-04-13,2023,4,1,Bull,1,0.87,BUY,1,1,0.8841,BUY,1,10,"BB_Upper,ATR_14,Rolling_Volatility,Rolling_Median_Return,BB_Lower,Stochastic,ADX,RSI_14,Rolling_Mean_Return,Volume_MA",BB_Upper
KOTAKBANK,KOTAKBANK.NS,2023-04-17,2023,4,1,Bull,1,0.8144,BUY,1,1,0.8058,BUY,1,10,"BB_Upper,ATR_14,Rolling_Volatility,Rolling_Median_Return,BB_Lower,Stochastic,ADX,RSI_14,Rolling_Mean_Return,Volume_MA",BB_Upper
KOTAKBANK,KOTAKBANK.NS,2023-04-18,2023,4,1,Bull,1,0.8041,BUY,1,1,0.8107,BUY,1,10,"BB_Upper,ATR_14,Rolling_Volatility,Rolling_Median_Return,BB_Lower,Stochastic,ADX,RSI_14,Rolling_Mean_Return,Volume_MA",BB_Upper
KOTAKBANK,KOTAKBANK.NS,2023-04-19,2023,4,1,Bull,1,0.7793,BUY,1,1,0.7828,BUY,1,10,"BB_Upper,ATR_14,Rolling_Volatility,Rolling_Median_Return,BB_Lower,Stochastic,ADX,RSI_14,Rolling_Mean_Return,Volume_MA",BB_Upper
KOTAKBANK,KOTAKBANK.NS,2023-04-20,2023,4,1,Bull,1,0.796,BUY,1,1,0.733,BUY,1,10,"BB_Upper,ATR_14,Rolling_Volatility,Rolling_Median_Return,BB_Lower,Stochastic,ADX,RSI_14,Rolling_Mean_Return,Volume_MA",BB_Upper
KOTAKBANK,KOTAKBANK.NS,2023-04-21,2023,4,1,Bull,1,0.7625,BUY,1,1,0.7106,BUY,1,10,"BB_Upper,ATR_14,Rolling_Volatility,Rolling_Median_Return,BB_Lower,Stochastic,ADX,RSI_14,Rolling_Mean_Return,Volume_MA",BB_Upper
KOTAKBANK,KOTAKBANK.NS,2023-04-24,2023,4,1,Bull,1,0.7508,BUY,1,1,0.7022,BUY,1,10,"BB_Upper,ATR_14,Rolling_Volatility,Rolling_Median_Return,BB_Lower,Stochastic,ADX,RSI_14,Rolling_Mean_Return,Volume_MA",BB_Upper
KOTAKBANK,KOTAKBANK.NS,2023-04-25,2023,4,1,Bull,1,0.7581,BUY,1,1,0.6865,BUY,1,10,"BB_Upper,ATR_14,Rolling_Volatility,Rolling_Median_Return,BB_Lower,Stochastic,ADX,RSI_14,Rolling_Mean_Return,Volume_MA",BB_Upper
KOTAKBANK,KOTAKBANK.NS,2023-04-26,2023,4,1,Bull,1,0.6677,BUY,1,-1,0.5306,NO TRADE,0,10,"BB_Upper,ATR_14,Rolling_Volatility,Rolling_Median_Return,BB_Lower,Stochastic,ADX,RSI_14,Rolling_Mean_Return,Volume_MA",BB_Upper
KOTAKBANK,KOTAKBANK.NS,2023-04-27,2023,4,1,Bull,1,0.7309,BUY,1,1,0.7306,BUY,1,10,"MACD_Hist,BB_Upper,BB_Lower,BB_Width,Volume_MA,Rolling_Volatility,ATR_14,OBV,ADX,MACD",MACD_Hist
KOTAKBANK,KOTAKBANK.NS,2023-04-28,2023,4,1,Bull,1,0.7514,BUY,1,1,0.7355,BUY,1,10,"MACD_Hist,BB_Upper,BB_Lower,BB_Width,Volume_MA,Rolling_Volatility,ATR_14,OBV,ADX,MACD",MACD_Hist
KOTAKBANK,KOTAKBANK.NS,2023-05-02,2023,5,1,Bull,-1,0.5052,NO TRADE,0,0,0.5584,SELL,0,10,"MACD_Hist,BB_Upper,BB_Lower,BB_Width,Volume_MA,Rolling_Volatility,ATR_14,OBV,ADX,MACD",MACD_Hist
KOTAKBANK,KOTAKBANK.NS,2023-05-03,2023,5,1,Bull,0,0.6891,SELL,0,0,0.6304,SELL,0,10,"MACD_Hist,BB_Upper,BB_Lower,BB_Width,Volume_MA,Rolling_Volatility,ATR_14,OBV,ADX,MACD",MACD_Hist
KOTAKBANK,KOTAKBANK.NS,2023-05-04,2023,5,0,Bull,0,0.7236,SELL,1,0,0.6829,SELL,1,10,"MACD_Hist,BB_Upper,BB_Lower,BB_Width,Volume_MA,Rolling_Volatility,ATR_14,OBV,ADX,MACD",MACD_Hist
KOTAKBANK,KOTAKBANK.NS,2023-05-05,2023,5,1,Bull,0,0.7071,SELL,0,0,0.6367,SELL,0,10,"MACD_Hist,BB_Upper,BB_Lower,BB_Width,Volume_MA,Rolling_Volatility,ATR_14,OBV,ADX,MACD",MACD_Hist
KOTAKBANK,KOTAKBANK.NS,2023-05-08,2023,5,0,Bull,0,0.713,SELL,1,0,0.8023,SELL,1,10,"MACD_Hist,BB_Upper,BB_Lower,BB_Width,Volume_MA,Rolling_Volatility,ATR_14,OBV,ADX,MACD",MACD_Hist
KOTAKBANK,KOTAKBANK.NS,2023-05-09,2023,5,1,Bull,0,0.7597,SELL,0,0,0.8099,SELL,0,10,"MACD_Hist,BB_Upper,BB_Lower,BB_Width,Volume_MA,Rolling_Volatility,ATR_14,OBV,ADX,MACD",MACD_Hist
KOTAKBANK,KOTAKBANK.NS,2023-05-10,2023,5,0,Bull,0,0.8207,SELL,1,0,0.8593,SELL,1,10,"MACD_Hist,BB_Upper,BB_Lower,BB_Width,Volume_MA,Rolling_Volatility,ATR_14,OBV,ADX,MACD",MACD_Hist
KOTAKBANK,KOTAKBANK.NS,2023-05-11,2023,5,0,Bull,0,0.8136,SELL,1,0,0.8445,SELL,1,10,"MACD_Hist,BB_Upper,BB_Lower,BB_Width,Volume_MA,Rolling_Volatility,ATR_14,OBV,ADX,MACD",MACD_Hist
KOTAKBANK,KOTAKBANK.NS,2023-05-12,2023,5,0,Bull,0,0.8504,SELL,1,0,0.8562,SELL,1,10,"MACD_Hist,BB_Upper,BB_Lower,BB_Width,Volume_MA,Rolling_Volatility,ATR_14,OBV,ADX,MACD",MACD_Hist
KOTAKBANK,KOTAKBANK.NS,2023-05-15,2023,5,0,Bull,0,0.852,SELL,1,0,0.8929,SELL,1,10,"MACD_Hist,BB_Upper,BB_Lower,BB_Width,Volume_MA,Rolling_Volatility,ATR_14,OBV,ADX,MACD",MACD_Hist
KOTAKBANK,KOTAKBANK.NS,2023-05-16,2023,5,0,Bull,0,0.8556,SELL,1,0,0.8611,SELL,1,10,"MACD_Hist,BB_Upper,BB_Lower,BB_Width,Volume_MA,Rolling_Volatility,ATR_14,OBV,ADX,MACD",MACD_Hist
KOTAKBANK,KOTAKBANK.NS,2023-05-17,2023,5,0,Bull,0,0.741,SELL,1,0,0.8051,SELL,1,10,"MACD_Hist,BB_Upper,BB_Lower,BB_Width,Volume_MA,Rolling_Volatility,ATR_14,OBV,ADX,MACD",MACD_Hist
KOTAKBANK,KOTAKBANK.NS,2023-05-18,2023,5,0,Bull,0,0.7913,SELL,1,0,0.8412,SELL,1,10,"MACD_Hist,BB_Upper,BB_Lower,BB_Width,Volume_MA,Rolling_Volatility,ATR_14,OBV,ADX,MACD",MACD_Hist
KOTAKBANK,KOTAKBANK.NS,2023-05-19,2023,5,0,Bull,0,0.8026,SELL,1,0,0.8889,SELL,1,10,"MACD_Hist,BB_Upper,BB_Lower,BB_Width,Volume_MA,Rolling_Volatility,ATR_14,OBV,ADX,MACD",MACD_Hist
KOTAKBANK,KOTAKBANK.NS,2023-05-22,2023,5,0,Bull,0,0.8551,SELL,1,0,0.8546,SELL,1,10,"MACD_Hist,BB_Upper,BB_Lower,BB_Width,Volume_MA,Rolling_Volatility,ATR_14,OBV,ADX,MACD",MACD_Hist
KOTAKBANK,KOTAKBANK.NS,2023-05-23,2023,5,0,Bull,0,0.8191,SELL,1,0,0.8308,SELL,1,10,"MACD_Hist,BB_Upper,BB_Lower,BB_Width,Volume_MA,Rolling_Volatility,ATR_14,OBV,ADX,MACD",MACD_Hist
KOTAKBANK,KOTAKBANK.NS,2023-05-24,2023,5,0,Bull,0,0.7828,SELL,1,0,0.8047,SELL,1,10,"MACD_Hist,BB_Upper,BB_Lower,BB_Width,Volume_MA,Rolling_Volatility,ATR_14,OBV,ADX,MACD",MACD_Hist
KOTAKBANK,KOTAKBANK.NS,2023-05-25,2023,5,0,Bull,0,0.7456,SELL,1,0,0.8229,SELL,1,10,"MACD_Hist,BB_Upper,BB_Lower,BB_Width,Volume_MA,Rolling_Volatility,ATR_14,OBV,ADX,MACD",MACD_Hist
KOTAKBANK,KOTAKBANK.NS,2023-05-26,2023,5,0,Bull,0,0.7365,SELL,1,0,0.8219,SELL,1,10,"MACD_Hist,BB_Upper,BB_Lower,BB_Width,Volume_MA,Rolling_Volatility,ATR_14,OBV,ADX,MACD",MACD_Hist
KOTAKBANK,KOTAKBANK.NS,2023-05-29,2023,5,0,Bull,0,0.7409,SELL,1,0,0.8897,SELL,1,10,"MACD_Hist,BB_Upper,BB_Lower,BB_Width,Volume_MA,Rolling_Volatility,ATR_14,OBV,ADX,MACD",MACD_Hist
KOTAKBANK,KOTAKBANK.NS,2023-05-30,2023,5,0,Bull,0,0.8638,SELL,1,0,0.8961,SELL,1,10,"MACD_Hist,BB_Upper,BB_Lower,BB_Width,Volume_MA,Rolling_Volatility,ATR_14,OBV,ADX,MACD",MACD_Hist
KOTAKBANK,KOTAKBANK.NS,2023-05-31,2023,5,0,Bull,0,0.7542,SELL,1,0,0.5889,SELL,1,10,"MACD_Hist,BB_Upper,BB_Lower,BB_Width,Volume_MA,Rolling_Volatility,ATR_14,OBV,ADX,MACD",MACD_Hist
KOTAKBANK,KOTAKBANK.NS,2023-06-01,2023,6,0,Bull,0,0.6127,SELL,1,-1,0.5178,NO TRADE,0,10,"MACD_Hist,BB_Upper,BB_Lower,BB_Width,Volume_MA,Rolling_Volatility,ATR_14,OBV,ADX,MACD",MACD_Hist
KOTAKBANK,KOTAKBANK.NS,2023-06-02,2023,6,0,Bull,-1,0.5462,NO TRADE,0,-1,0.5063,NO TRADE,0,10,"MACD_Hist,BB_Upper,BB_Lower,BB_Width,Volume_MA,Rolling_Volatility,ATR_14,OBV,ADX,MACD",MACD_Hist
KOTAKBANK,KOTAKBANK.NS,2023-06-05,2023,6,0,Bull,0,0.5637,SELL,1,-1,0.5207,NO TRADE,0,10,"MACD_Hist,BB_Upper,BB_Lower,BB_Width,Volume_MA,Rolling_Volatility,ATR_14,OBV,ADX,MACD",MACD_Hist
KOTAKBANK,KOTAKBANK.NS,2023-06-06,2023,6,0,Bull,0,0.7677,SELL,1,-1,0.5108,NO TRADE,0,10,"MACD_Hist,BB_Upper,BB_Lower,BB_Width,Volume_MA,Rolling_Volatility,ATR_14,OBV,ADX,MACD",MACD_Hist
KOTAKBANK,KOTAKBANK.NS,2023-06-07,2023,6,0,Bull,0,0.696,SELL,1,-1,0.53,NO TRADE,0,10,"MACD_Hist,BB_Upper,BB_Lower,BB_Width,Volume_MA,Rolling_Volatility,ATR_14,OBV,ADX,MACD",MACD_Hist
KOTAKBANK,KOTAKBANK.NS,2023-06-08,2023,6,0,Bull,0,0.6617,SELL,1,-1,0.5329,NO TRADE,0,10,"MACD_Hist,BB_Upper,BB_Lower,BB_Width,Volume_MA,Rolling_Volatility,ATR_14,OBV,ADX,MACD",MACD_Hist
KOTAKBANK,KOTAKBANK.NS,2023-06-09,2023,6,0,Bull,-1,0.504,NO TRADE,0,1,0.621,BUY,0,10,"MACD_Hist,BB_Upper,BB_Lower,BB_Width,Volume_MA,Rolling_Volatility,ATR_14,OBV,ADX,MACD",MACD_Hist
KOTAKBANK,KOTAKBANK.NS,2023-06-12,2023,6,0,Bull,-1,0.5344,NO TRADE,0,1,0.6135,BUY,0,10,"MACD_Hist,BB_Upper,BB_Lower,BB_Width,Volume_MA,Rolling_Volatility,ATR_14,OBV,ADX,MACD",MACD_Hist
KOTAKBANK,KOTAKBANK.NS,2023-06-13,2023,6,1,Bull,1,0.7646,BUY,1,1,0.5968,BUY,1,10,"MACD_Hist,BB_Upper,BB_Lower,BB_Width,Volume_MA,Rolling_Volatility,ATR_14,OBV,ADX,MACD",MACD_Hist
KOTAKBANK,KOTAKBANK.NS,2023-06-14,2023,6,1,Bull,1,0.6928,BUY,1,1,0.5747,BUY,1,10,"MACD_Hist,BB_Upper,BB_Lower,BB_Width,Volume_MA,Rolling_Volatility,ATR_14,OBV,ADX,MACD",MACD_Hist
KOTAKBANK,KOTAKBANK.NS,2023-06-15,2023,6,1,Bull,1,0.7572,BUY,1,1,0.5535,BUY,1,10,"MACD_Hist,BB_Upper,BB_Lower,BB_Width,Volume_MA,Rolling_Volatility,ATR_14,OBV,ADX,MACD",MACD_Hist
KOTAKBANK,KOTAKBANK.NS,2023-06-16,2023,6,1,Bull,1,0.6028,BUY,1,-1,0.5154,NO TRADE,0,10,"MACD_Hist,BB_Upper,BB_Lower,BB_Width,Volume_MA,Rolling_Volatility,ATR_14,OBV,ADX,MACD",MACD_Hist
KOTAKBANK,KOTAKBANK.NS,2023-06-19,2023,6,1,Bull,1,0.7469,BUY,1,-1,0.5285,NO TRADE,0,10,"MACD_Hist,BB_Upper,BB_Lower,BB_Width,Volume_MA,Rolling_Volatility,ATR_14,OBV,ADX,MACD",MACD_Hist
KOTAKBANK,KOTAKBANK.NS,2023-06-20,2023,6,1,Bull,1,0.7612,BUY,1,-1,0.5269,NO TRADE,0,10,"MACD_Hist,BB_Upper,BB_Lower,BB_Width,Volume_MA,Rolling_Volatility,ATR_14,OBV,ADX,MACD",MACD_Hist
KOTAKBANK,KOTAKBANK.NS,2023-06-21,2023,6,1,Bull,1,0.616,BUY,1,0,0.6562,SELL,0,10,"MACD_Hist,BB_Upper,BB_Lower,BB_Width,Volume_MA,Rolling_Volatility,ATR_14,OBV,ADX,MACD",MACD_Hist
KOTAKBANK,KOTAKBANK.NS,2023-06-22,2023,6,1,Bull,0,0.6296,SELL,0,0,0.6857,SELL,0,10,"MACD_Hist,BB_Upper,BB_Lower,BB_Width,Volume_MA,Rolling_Volatility,ATR_14,OBV,ADX,MACD",MACD_Hist
KOTAKBANK,KOTAKBANK.NS,2023-06-23,2023,6,1,Sideways,0,0.6443,SELL,0,0,0.7042,SELL,0,10,"MACD_Hist,BB_Upper,BB_Lower,BB_Width,Volume_MA,Rolling_Volatility,ATR_14,OBV,ADX,MACD",MACD_Hist
KOTAKBANK,KOTAKBANK.NS,2023-06-26,2023,6,1,Sideways,0,0.5602,SELL,0,0,0.6235,SELL,0,10,"MACD_Hist,BB_Upper,BB_Lower,BB_Width,Volume_MA,Rolling_Volatility,ATR_14,OBV,ADX,MACD",MACD_Hist
KOTAKBANK,KOTAKBANK.NS,2023-06-27,2023,6,1,Sideways,0,0.7111,SELL,0,0,0.6468,SELL,0,10,"MACD_Hist,BB_Upper,BB_Lower,BB_Width,Volume_MA,Rolling_Volatility,ATR_14,OBV,ADX,MACD",MACD_Hist
KOTAKBANK,KOTAKBANK.NS,2023-06-28,2023,6,1,Sideways,0,0.6882,SELL,0,0,0.7302,SELL,0,10,"MACD_Hist,BB_Upper,BB_Lower,BB_Width,Volume_MA,Rolling_Volatility,ATR_14,OBV,ADX,MACD",MACD_Hist
KOTAKBANK,KOTAKBANK.NS,2023-06-30,2023,6,1,Sideways,0,0.8131,SELL,0,0,0.7375,SELL,0,10,"MACD_Hist,BB_Upper,BB_Lower,BB_Width,Volume_MA,Rolling_Volatility,ATR_14,OBV,ADX,MACD",MACD_Hist
KOTAKBANK,KOTAKBANK.NS,2023-07-03,2023,7,1,Sideways,0,0.8095,SELL,0,0,0.7411,SELL,0,10,"MACD_Hist,BB_Upper,BB_Lower,BB_Width,Volume_MA,Rolling_Volatility,ATR_14,OBV,ADX,MACD",MACD_Hist
KOTAKBANK,KOTAKBANK.NS,2023-07-04,2023,7,0,Sideways,0,0.8915,SELL,1,0,0.8142,SELL,1,10,"MACD_Hist,BB_Upper,BB_Lower,BB_Width,Volume_MA,Rolling_Volatility,ATR_14,OBV,ADX,MACD",MACD_Hist
KOTAKBANK,KOTAKBANK.NS,2023-07-05,2023,7,0,Sideways,0,0.9271,SELL,1,0,0.9101,SELL,1,10,"MACD_Hist,BB_Upper,BB_Lower,BB_Width,Volume_MA,Rolling_Volatility,ATR_14,OBV,ADX,MACD",MACD_Hist
KOTAKBANK,KOTAKBANK.NS,2023-07-06,2023,7,0,Sideways,0,0.9256,SELL,1,0,0.912,SELL,1,10,"MACD_Hist,BB_Upper,BB_Lower,BB_Width,Volume_MA,Rolling_Volatility,ATR_14,OBV,ADX,MACD",MACD_Hist
KOTAKBANK,KOTAKBANK.NS,2023-07-07,2023,7,0,Sideways,0,0.9219,SELL,1,0,0.9164,SELL,1,10,"MACD_Hist,BB_Upper,BB_Lower,BB_Width,Volume_MA,Rolling_Volatility,ATR_14,OBV,ADX,MACD",MACD_Hist
KOTAKBANK,KOTAKBANK.NS,2023-07-10,2023,7,0,Sideways,0,0.9553,SELL,1,0,0.9513,SELL,1,10,"MACD_Hist,BB_Upper,BB_Lower,BB_Width,Volume_MA,Rolling_Volatility,ATR_14,OBV,ADX,MACD",MACD_Hist
KOTAKBANK,KOTAKBANK.NS,2023-07-11,2023,7,0,Sideways,0,0.9577,SELL,1,0,0.949,SELL,1,10,"MACD_Hist,BB_Upper,BB_Lower,BB_Width,Volume_MA,Rolling_Volatility,ATR_14,OBV,ADX,MACD",MACD_Hist
KOTAKBANK,KOTAKBANK.NS,2023-07-12,2023,7,0,Bear,0,0.9591,SELL,1,0,0.9567,SELL,1,10,"MACD_Hist,BB_Upper,BB_Lower,BB_Width,Volume_MA,Rolling_Volatility,ATR_14,OBV,ADX,MACD",MACD_Hist
KOTAKBANK,KOTAKBANK.NS,2023-07-13,2023,7,0,Sideways,0,0.9519,SELL,1,0,0.9475,SELL,1,10,"MACD_Hist,BB_Upper,BB_Lower,BB_Width,Volume_MA,Rolling_Volatility,ATR_14,OBV,ADX,MACD",MACD_Hist
KOTAKBANK,KOTAKBANK.NS,2023-07-14,2023,7,0,Bear,0,0.9613,SELL,1,0,0.9545,SELL,1,10,"MACD_Hist,BB_Upper,BB_Lower,BB_Width,Volume_MA,Rolling_Volatility,ATR_14,OBV,ADX,MACD",MACD_Hist
KOTAKBANK,KOTAKBANK.NS,2023-07-17,2023,7,0,Bear,0,0.9603,SELL,1,0,0.9486,SELL,1,10,"MACD_Hist,BB_Upper,BB_Lower,BB_Width,Volume_MA,Rolling_Volatility,ATR_14,OBV,ADX,MACD",MACD_Hist
KOTAKBANK,KOTAKBANK.NS,2023-07-18,2023,7,0,Sideways,0,0.963,SELL,1,0,0.9506,SELL,1,10,"MACD_Hist,BB_Upper,BB_Lower,BB_Width,Volume_MA,Rolling_Volatility,ATR_14,OBV,ADX,MACD",MACD_Hist
KOTAKBANK,KOTAKBANK.NS,2023-07-19,2023,7,0,Bear,0,0.961,SELL,1,0,0.9606,SELL,1,10,"MACD_Hist,BB_Upper,BB_Lower,BB_Width,Volume_MA,Rolling_Volatility,ATR_14,OBV,ADX,MACD",MACD_Hist
KOTAKBANK,KOTAKBANK.NS,2023-07-20,2023,7,0,Sideways,0,0.9452,SELL,1,0,0.94,SELL,1,10,"MACD_Hist,BB_Upper,BB_Lower,BB_Width,Volume_MA,Rolling_Volatility,ATR_14,OBV,ADX,MACD",MACD_Hist
KOTAKBANK,KOTAKBANK.NS,2023-07-21,2023,7,0,Sideways,0,0.9482,SELL,1,0,0.9307,SELL,1,10,"MACD_Hist,BB_Upper,BB_Lower,BB_Width,Volume_MA,Rolling_Volatility,ATR_14,OBV,ADX,MACD",MACD_Hist
KOTAKBANK,KOTAKBANK.NS,2023-07-24,2023,7,0,Sideways,0,0.8385,SELL,1,0,0.787,SELL,1,10,"BB_Width,BB_Upper,Rolling_Volatility,BB_Lower,CCI,Williams_R,ATR_14,Rolling_Std_10,MACD_Hist,MACD",BB_Width
KOTAKBANK,KOTAKBANK.NS,2023-07-25,2023,7,0,Bear,0,0.82,SELL,1,0,0.8111,SELL,1,10,"BB_Width,BB_Upper,Rolling_Volatility,BB_Lower,CCI,Williams_R,ATR_14,Rolling_Std_10,MACD_Hist,MACD",BB_Width
KOTAKBANK,KOTAKBANK.NS,2023-07-26,2023,7,0,Bear,0,0.8621,SELL,1,0,0.8958,SELL,1,10,"BB_Width,BB_Upper,Rolling_Volatility,BB_Lower,CCI,Williams_R,ATR_14,Rolling_Std_10,MACD_Hist,MACD",BB_Width
KOTAKBANK,KOTAKBANK.NS,2023-07-27,2023,7,0,Sideways,0,0.899,SELL,1,0,0.8896,SELL,1,10,"BB_Width,BB_Upper,Rolling_Volatility,BB_Lower,CCI,Williams_R,ATR_14,Rolling_Std_10,MACD_Hist,MACD",BB_Width
KOTAKBANK,KOTAKBANK.NS,2023-07-28,2023,7,0,Sideways,0,0.8964,SELL,1,0,0.8572,SELL,1,10,"BB_Width,BB_Upper,Rolling_Volatility,BB_Lower,CCI,Williams_R,ATR_14,Rolling_Std_10,MACD_Hist,MACD",BB_Width
KOTAKBANK,KOTAKBANK.NS,2023-07-31,2023,7,0,Sideways,0,0.8577,SELL,1,0,0.7909,SELL,1,10,"BB_Width,BB_Upper,Rolling_Volatility,BB_Lower,CCI,Williams_R,ATR_14,Rolling_Std_10,MACD_Hist,MACD",BB_Width
KOTAKBANK,KOTAKBANK.NS,2023-08-01,2023,8,0,Bear,0,0.8509,SELL,1,0,0.7347,SELL,1,10,"BB_Width,BB_Upper,Rolling_Volatility,BB_Lower,CCI,Williams_R,ATR_14,Rolling_Std_10,MACD_Hist,MACD",BB_Width
KOTAKBANK,KOTAKBANK.NS,2023-08-02,2023,8,0,Bear,-1,0.5309,NO TRADE,0,0,0.5646,SELL,1,10,"BB_Width,BB_Upper,Rolling_Volatility,BB_Lower,CCI,Williams_R,ATR_14,Rolling_Std_10,MACD_Hist,MACD",BB_Width
KOTAKBANK,KOTAKBANK.NS,2023-08-03,2023,8,0,Bear,1,0.6377,BUY,0,1,0.6269,BUY,0,10,"BB_Width,BB_Upper,Rolling_Volatility,BB_Lower,CCI,Williams_R,ATR_14,Rolling_Std_10,MACD_Hist,MACD",BB_Width
KOTAKBANK,KOTAKBANK.NS,2023-08-04,2023,8,0,Bear,1,0.6704,BUY,0,-1,0.5032,NO TRADE,0,10,"BB_Width,BB_Upper,Rolling_Volatility,BB_Lower,CCI,Williams_R,ATR_14,Rolling_Std_10,MACD_Hist,MACD",BB_Width
KOTAKBANK,KOTAKBANK.NS,2023-08-07,2023,8,0,Bear,1,0.5704,BUY,0,1,0.5647,BUY,0,10,"BB_Width,BB_Upper,Rolling_Volatility,BB_Lower,CCI,Williams_R,ATR_14,Rolling_Std_10,MACD_Hist,MACD",BB_Width
KOTAKBANK,KOTAKBANK.NS,2023-08-08,2023,8,0,Bear,1,0.6081,BUY,0,1,0.6149,BUY,0,10,"BB_Width,BB_Upper,Rolling_Volatility,BB_Lower,CCI,Williams_R,ATR_14,Rolling_Std_10,MACD_Hist,MACD",BB_Width
KOTAKBANK,KOTAKBANK.NS,2023-08-09,2023,8,0,Bear,1,0.6143,BUY,0,-1,0.5103,NO TRADE,0,10,"BB_Width,BB_Upper,Rolling_Volatility,BB_Lower,CCI,Williams_R,ATR_14,Rolling_Std_10,MACD_Hist,MACD",BB_Width
KOTAKBANK,KOTAKBANK.NS,2023-08-10,2023,8,0,Bear,1,0.7047,BUY,0,1,0.6134,BUY,0,10,"BB_Width,BB_Upper,Rolling_Volatility,BB_Lower,CCI,Williams_R,ATR_14,Rolling_Std_10,MACD_Hist,MACD",BB_Width
KOTAKBANK,KOTAKBANK.NS,2023-08-11,2023,8,1,Bear,1,0.7517,BUY,1,1,0.5834,BUY,1,10,"BB_Width,BB_Upper,Rolling_Volatility,BB_Lower,CCI,Williams_R,ATR_14,Rolling_Std_10,MACD_Hist,MACD",BB_Width
KOTAKBANK,KOTAKBANK.NS,2023-08-14,2023,8,1,Bear,1,0.7641,BUY,1,1,0.6371,BUY,1,10,"BB_Width,BB_Upper,Rolling_Volatility,BB_Lower,CCI,Williams_R,ATR_14,Rolling_Std_10,MACD_Hist,MACD",BB_Width
KOTAKBANK,KOTAKBANK.NS,2023-08-16,2023,8,1,Bear,1,0.7388,BUY,1,0,0.5653,SELL,0,10,"BB_Width,BB_Upper,Rolling_Volatility,BB_Lower,CCI,Williams_R,ATR_14,Rolling_Std_10,MACD_Hist,MACD",BB_Width
KOTAKBANK,KOTAKBANK.NS,2023-08-17,2023,8,1,Bear,1,0.7113,BUY,1,0,0.5595,SELL,0,10,"BB_Width,BB_Upper,Rolling_Volatility,BB_Lower,CCI,Williams_R,ATR_14,Rolling_Std_10,MACD_Hist,MACD",BB_Width
KOTAKBANK,KOTAKBANK.NS,2023-08-18,2023,8,1,Bear,1,0.5828,BUY,1,0,0.7374,SELL,0,10,"BB_Width,BB_Upper,Rolling_Volatility,BB_Lower,CCI,Williams_R,ATR_14,Rolling_Std_10,MACD_Hist,MACD",BB_Width
KOTAKBANK,KOTAKBANK.NS,2023-08-21,2023,8,1,Bear,1,0.6074,BUY,1,0,0.759,SELL,0,10,"BB_Width,BB_Upper,Rolling_Volatility,BB_Lower,CCI,Williams_R,ATR_14,Rolling_Std_10,MACD_Hist,MACD",BB_Width
KOTAKBANK,KOTAKBANK.NS,2023-08-22,2023,8,1,Bear,0,0.7584,SELL,0,0,0.902,SELL,0,10,"BB_Width,BB_Upper,Rolling_Volatility,BB_Lower,CCI,Williams_R,ATR_14,Rolling_Std_10,MACD_Hist,MACD",BB_Width
KOTAKBANK,KOTAKBANK.NS,2023-08-23,2023,8,0,Bear,0,0.8576,SELL,1,0,0.8947,SELL,1,10,"BB_Width,BB_Upper,Rolling_Volatility,BB_Lower,CCI,Williams_R,ATR_14,Rolling_Std_10,MACD_Hist,MACD",BB_Width
KOTAKBANK,KOTAKBANK.NS,2023-08-24,2023,8,0,Bear,0,0.8188,SELL,1,0,0.8877,SELL,1,10,"BB_Width,BB_Upper,Rolling_Volatility,BB_Lower,CCI,Williams_R,ATR_14,Rolling_Std_10,MACD_Hist,MACD",BB_Width
KOTAKBANK,KOTAKBANK.NS,2023-08-25,2023,8,1,Bear,0,0.8414,SELL,0,0,0.9146,SELL,0,10,"BB_Width,BB_Upper,Rolling_Volatility,BB_Lower,CCI,Williams_R,ATR_14,Rolling_Std_10,MACD_Hist,MACD",BB_Width
KOTAKBANK,KOTAKBANK.NS,2023-08-28,2023,8,0,Bear,0,0.8641,SELL,1,0,0.9376,SELL,1,10,"BB_Width,BB_Upper,Rolling_Volatility,BB_Lower,CCI,Williams_R,ATR_14,Rolling_Std_10,MACD_Hist,MACD",BB_Width
KOTAKBANK,KOTAKBANK.NS,2023-08-29,2023,8,0,Sideways,0,0.8603,SELL,1,0,0.9363,SELL,1,10,"BB_Width,BB_Upper,Rolling_Volatility,BB_Lower,CCI,Williams_R,ATR_14,Rolling_Std_10,MACD_Hist,MACD",BB_Width
KOTAKBANK,KOTAKBANK.NS,2023-08-30,2023,8,0,Bear,0,0.8736,SELL,1,0,0.941,SELL,1,10,"BB_Width,BB_Upper,Rolling_Volatility,BB_Lower,CCI,Williams_R,ATR_14,Rolling_Std_10,MACD_Hist,MACD",BB_Width
KOTAKBANK,KOTAKBANK.NS,2023-08-31,2023,8,0,Sideways,0,0.8613,SELL,1,0,0.9484,SELL,1,10,"BB_Width,BB_Upper,Rolling_Volatility,BB_Lower,CCI,Williams_R,ATR_14,Rolling_Std_10,MACD_Hist,MACD",BB_Width
KOTAKBANK,KOTAKBANK.NS,2023-09-01,2023,9,0,Bear,0,0.8703,SELL,1,0,0.9456,SELL,1,10,"BB_Width,BB_Upper,Rolling_Volatility,BB_Lower,CCI,Williams_R,ATR_14,Rolling_Std_10,MACD_Hist,MACD",BB_Width
KOTAKBANK,KOTAKBANK.NS,2023-09-04,2023,9,0,Bear,0,0.8688,SELL,1,0,0.9482,SELL,1,10,"BB_Width,BB_Upper,Rolling_Volatility,BB_Lower,CCI,Williams_R,ATR_14,Rolling_Std_10,MACD_Hist,MACD",BB_Width
KOTAKBANK,KOTAKBANK.NS,2023-09-05,2023,9,0,Bear,0,0.8674,SELL,1,0,0.9463,SELL,1,10,"BB_Width,BB_Upper,Rolling_Volatility,BB_Lower,CCI,Williams_R,ATR_14,Rolling_Std_10,MACD_Hist,MACD",BB_Width
KOTAKBANK,KOTAKBANK.NS,2023-09-06,2023,9,0,Bear,0,0.8719,SELL,1,0,0.9462,SELL,1,10,"BB_Width,BB_Upper,Rolling_Volatility,BB_Lower,CCI,Williams_R,ATR_14,Rolling_Std_10,MACD_Hist,MACD",BB_Width
KOTAKBANK,KOTAKBANK.NS,2023-09-07,2023,9,0,Bear,0,0.856,SELL,1,0,0.95,SELL,1,10,"BB_Width,BB_Upper,Rolling_Volatility,BB_Lower,CCI,Williams_R,ATR_14,Rolling_Std_10,MACD_Hist,MACD",BB_Width
KOTAKBANK,KOTAKBANK.NS,2023-09-08,2023,9,0,Bear,0,0.8607,SELL,1,0,0.9427,SELL,1,10,"BB_Width,BB_Upper,Rolling_Volatility,BB_Lower,CCI,Williams_R,ATR_14,Rolling_Std_10,MACD_Hist,MACD",BB_Width
KOTAKBANK,KOTAKBANK.NS,2023-09-11,2023,9,0,Sideways,0,0.8573,SELL,1,0,0.9409,SELL,1,10,"BB_Width,BB_Upper,Rolling_Volatility,BB_Lower,CCI,Williams_R,ATR_14,Rolling_Std_10,MACD_Hist,MACD",BB_Width
KOTAKBANK,KOTAKBANK.NS,2023-09-12,2023,9,0,Sideways,0,0.8468,SELL,1,0,0.9289,SELL,1,10,"BB_Width,BB_Upper,Rolling_Volatility,BB_Lower,CCI,Williams_R,ATR_14,Rolling_Std_10,MACD_Hist,MACD",BB_Width
KOTAKBANK,KOTAKBANK.NS,2023-09-13,2023,9,0,Sideways,0,0.8569,SELL,1,0,0.9268,SELL,1,10,"BB_Width,BB_Upper,Rolling_Volatility,BB_Lower,CCI,Williams_R,ATR_14,Rolling_Std_10,MACD_Hist,MACD",BB_Width
KOTAKBANK,KOTAKBANK.NS,2023-09-14,2023,9,0,Sideways,0,0.8574,SELL,1,0,0.9262,SELL,1,10,"BB_Width,BB_Upper,Rolling_Volatility,BB_Lower,CCI,Williams_R,ATR_14,Rolling_Std_10,MACD_Hist,MACD",BB_Width
KOTAKBANK,KOTAKBANK.NS,2023-09-15,2023,9,0,Sideways,0,0.8384,SELL,1,0,0.9196,SELL,1,10,"BB_Width,BB_Upper,Rolling_Volatility,BB_Lower,CCI,Williams_R,ATR_14,Rolling_Std_10,MACD_Hist,MACD",BB_Width
KOTAKBANK,KOTAKBANK.NS,2023-09-18,2023,9,0,Bear,0,0.8393,SELL,1,0,0.9153,SELL,1,10,"BB_Width,BB_Upper,Rolling_Volatility,BB_Lower,CCI,Williams_R,ATR_14,Rolling_Std_10,MACD_Hist,MACD",BB_Width
KOTAKBANK,KOTAKBANK.NS,2023-09-20,2023,9,0,Bear,0,0.8305,SELL,1,0,0.9138,SELL,1,10,"BB_Width,BB_Upper,Rolling_Volatility,BB_Lower,CCI,Williams_R,ATR_14,Rolling_Std_10,MACD_Hist,MACD",BB_Width
KOTAKBANK,KOTAKBANK.NS,2023-09-21,2023,9,1,Bear,0,0.8357,SELL,0,0,0.9173,SELL,0,10,"BB_Width,BB_Upper,Rolling_Volatility,BB_Lower,CCI,Williams_R,ATR_14,Rolling_Std_10,MACD_Hist,MACD",BB_Width
KOTAKBANK,KOTAKBANK.NS,2023-09-22,2023,9,0,Bear,0,0.8708,SELL,1,0,0.9189,SELL,1,10,"BB_Width,BB_Upper,Rolling_Volatility,BB_Lower,CCI,Williams_R,ATR_14,Rolling_Std_10,MACD_Hist,MACD",BB_Width
KOTAKBANK,KOTAKBANK.NS,2023-09-25,2023,9,0,Bear,0,0.7956,SELL,1,0,0.9133,SELL,1,10,"BB_Width,BB_Upper,Rolling_Volatility,BB_Lower,CCI,Williams_R,ATR_14,Rolling_Std_10,MACD_Hist,MACD",BB_Width
KOTAKBANK,KOTAKBANK.NS,2023-09-26,2023,9,0,Bear,0,0.7456,SELL,1,0,0.9047,SELL,1,10,"BB_Width,BB_Upper,Rolling_Volatility,BB_Lower,CCI,Williams_R,ATR_14,Rolling_Std_10,MACD_Hist,MACD",BB_Width
KOTAKBANK,KOTAKBANK.NS,2023-09-27,2023,9,0,Bear,0,0.7827,SELL,1,0,0.916,SELL,1,10,"BB_Width,BB_Upper,Rolling_Volatility,BB_Lower,CCI,Williams_R,ATR_14,Rolling_Std_10,MACD_Hist,MACD",BB_Width
KOTAKBANK,KOTAKBANK.NS,2023-09-28,2023,9,0,Bear,0,0.5972,SELL,1,0,0.8696,SELL,1,10,"BB_Width,BB_Upper,Rolling_Volatility,BB_Lower,CCI,Williams_R,ATR_14,Rolling_Std_10,MACD_Hist,MACD",BB_Width
KOTAKBANK,KOTAKBANK.NS,2023-09-29,2023,9,1,Bear,0,0.6157,SELL,0,0,0.876,SELL,0,10,"BB_Width,BB_Upper,Rolling_Volatility,BB_Lower,CCI,Williams_R,ATR_14,Rolling_Std_10,MACD_Hist,MACD",BB_Width
KOTAKBANK,KOTAKBANK.NS,2023-10-03,2023,10,0,Bear,0,0.6566,SELL,1,0,0.8909,SELL,1,10,"BB_Width,BB_Upper,Rolling_Volatility,BB_Lower,CCI,Williams_R,ATR_14,Rolling_Std_10,MACD_Hist,MACD",BB_Width
KOTAKBANK,KOTAKBANK.NS,2023-10-04,2023,10,1,Bear,0,0.6498,SELL,0,0,0.8761,SELL,0,10,"BB_Width,BB_Upper,Rolling_Volatility,BB_Lower,CCI,Williams_R,ATR_14,Rolling_Std_10,MACD_Hist,MACD",BB_Width
KOTAKBANK,KOTAKBANK.NS,2023-10-05,2023,10,0,Bear,0,0.5783,SELL,1,0,0.8274,SELL,1,10,"BB_Width,BB_Upper,Rolling_Volatility,BB_Lower,CCI,Williams_R,ATR_14,Rolling_Std_10,MACD_Hist,MACD",BB_Width
KOTAKBANK,KOTAKBANK.NS,2023-10-06,2023,10,0,Bear,-1,0.5212,NO TRADE,0,0,0.8001,SELL,1,10,"BB_Width,BB_Upper,Rolling_Volatility,BB_Lower,CCI,Williams_R,ATR_14,Rolling_Std_10,MACD_Hist,MACD",BB_Width
KOTAKBANK,KOTAKBANK.NS,2023-10-09,2023,10,1,Bear,-1,0.5008,NO TRADE,0,0,0.7808,SELL,0,10,"BB_Width,BB_Upper,Rolling_Volatility,BB_Lower,CCI,Williams_R,ATR_14,Rolling_Std_10,MACD_Hist,MACD",BB_Width
KOTAKBANK,KOTAKBANK.NS,2023-10-10,2023,10,0,Bear,-1,0.5361,NO TRADE,0,0,0.8022,SELL,1,10,"BB_Width,BB_Upper,Rolling_Volatility,BB_Lower,CCI,Williams_R,ATR_14,Rolling_Std_10,MACD_Hist,MACD",BB_Width
KOTAKBANK,KOTAKBANK.NS,2023-10-11,2023,10,0,Bear,-1,0.5271,NO TRADE,0,0,0.7898,SELL,1,10,"BB_Width,BB_Upper,Rolling_Volatility,BB_Lower,CCI,Williams_R,ATR_14,Rolling_Std_10,MACD_Hist,MACD",BB_Width
KOTAKBANK,KOTAKBANK.NS,2023-10-12,2023,10,0,Bear,1,0.5573,BUY,0,0,0.7844,SELL,1,10,"BB_Width,BB_Upper,Rolling_Volatility,BB_Lower,CCI,Williams_R,ATR_14,Rolling_Std_10,MACD_Hist,MACD",BB_Width
KOTAKBANK,KOTAKBANK.NS,2023-10-13,2023,10,0,Bear,-1,0.5309,NO TRADE,0,0,0.7757,SELL,1,10,"BB_Width,BB_Upper,Rolling_Volatility,BB_Lower,CCI,Williams_R,ATR_14,Rolling_Std_10,MACD_Hist,MACD",BB_Width
KOTAKBANK,KOTAKBANK.NS,2023-10-16,2023,10,1,Bear,-1,0.548,NO TRADE,0,0,0.676,SELL,0,10,"BB_Width,BB_Upper,Rolling_Volatility,BB_Lower,CCI,Williams_R,ATR_14,Rolling_Std_10,MACD_Hist,MACD",BB_Width
KOTAKBANK,KOTAKBANK.NS,2023-10-17,2023,10,1,Bear,0,0.5844,SELL,0,0,0.742,SELL,0,10,"BB_Width,BB_Upper,Rolling_Volatility,BB_Lower,CCI,Williams_R,ATR_14,Rolling_Std_10,MACD_Hist,MACD",BB_Width
KOTAKBANK,KOTAKBANK.NS,2023-10-18,2023,10,1,Bear,0,0.6323,SELL,0,0,0.7817,SELL,0,10,"BB_Width,BB_Upper,Rolling_Volatility,BB_Lower,CCI,Williams_R,ATR_14,Rolling_Std_10,MACD_Hist,MACD",BB_Width
KOTAKBANK,KOTAKBANK.NS,2023-10-19,2023,10,1,Bear,0,0.5947,SELL,0,0,0.6077,SELL,0,10,"BB_Width,Rolling_Volatility,BB_Upper,BB_Lower,Rolling_Std_10,OBV,ADX,Log_Return,CCI,RSI_14",BB_Width
KOTAKBANK,KOTAKBANK.NS,2023-10-20,2023,10,0,Bear,0,0.7244,SELL,1,0,0.6904,SELL,1,10,"BB_Width,Rolling_Volatility,BB_Upper,BB_Lower,Rolling_Std_10,OBV,ADX,Log_Return,CCI,RSI_14",BB_Width
KOTAKBANK,KOTAKBANK.NS,2023-10-23,2023,10,1,Bear,0,0.6082,SELL,0,0,0.5707,SELL,0,10,"BB_Width,Rolling_Volatility,BB_Upper,BB_Lower,Rolling_Std_10,OBV,ADX,Log_Return,CCI,RSI_14",BB_Width
KOTAKBANK,KOTAKBANK.NS,2023-10-25,2023,10,1,Bear,-1,0.5469,NO TRADE,0,-1,0.5151,NO TRADE,0,10,"BB_Width,Rolling_Volatility,BB_Upper,BB_Lower,Rolling_Std_10,OBV,ADX,Log_Return,CCI,RSI_14",BB_Width
KOTAKBANK,KOTAKBANK.NS,2023-10-26,2023,10,1,Bear,1,0.6718,BUY,1,1,0.7287,BUY,1,10,"BB_Width,Rolling_Volatility,BB_Upper,BB_Lower,Rolling_Std_10,OBV,ADX,Log_Return,CCI,RSI_14",BB_Width
KOTAKBANK,KOTAKBANK.NS,2023-10-27,2023,10,1,Bear,1,0.6394,BUY,1,1,0.6637,BUY,1,10,"BB_Width,Rolling_Volatility,BB_Upper,BB_Lower,Rolling_Std_10,OBV,ADX,Log_Return,CCI,RSI_14",BB_Width
KOTAKBANK,KOTAKBANK.NS,2023-10-30,2023,10,1,Bear,1,0.6202,BUY,1,1,0.6559,BUY,1,10,"BB_Width,Rolling_Volatility,BB_Upper,BB_Lower,Rolling_Std_10,OBV,ADX,Log_Return,CCI,RSI_14",BB_Width
KOTAKBANK,KOTAKBANK.NS,2023-10-31,2023,10,1,Bear,1,0.5548,BUY,1,-1,0.5369,NO TRADE,0,10,"BB_Width,Rolling_Volatility,BB_Upper,BB_Lower,Rolling_Std_10,OBV,ADX,Log_Return,CCI,RSI_14",BB_Width
KOTAKBANK,KOTAKBANK.NS,2023-11-01,2023,11,1,Sideways,1,0.6806,BUY,1,1,0.6976,BUY,1,10,"BB_Width,Rolling_Volatility,BB_Upper,BB_Lower,Rolling_Std_10,OBV,ADX,Log_Return,CCI,RSI_14",BB_Width
KOTAKBANK,KOTAKBANK.NS,2023-11-02,2023,11,1,Sideways,1,0.587,BUY,1,1,0.5847,BUY,1,10,"BB_Width,Rolling_Volatility,BB_Upper,BB_Lower,Rolling_Std_10,OBV,ADX,Log_Return,CCI,RSI_14",BB_Width
KOTAKBANK,KOTAKBANK.NS,2023-11-03,2023,11,1,Sideways,-1,0.5441,NO TRADE,0,1,0.6322,BUY,1,10,"BB_Width,Rolling_Volatility,BB_Upper,BB_Lower,Rolling_Std_10,OBV,ADX,Log_Return,CCI,RSI_14",BB_Width
KOTAKBANK,KOTAKBANK.NS,2023-11-06,2023,11,1,Sideways,-1,0.5221,NO TRADE,0,1,0.5879,BUY,1,10,"BB_Width,Rolling_Volatility,BB_Upper,BB_Lower,Rolling_Std_10,OBV,ADX,Log_Return,CCI,RSI_14",BB_Width
KOTAKBANK,KOTAKBANK.NS,2023-11-07,2023,11,1,Sideways,-1,0.5039,NO TRADE,0,-1,0.518,NO TRADE,0,10,"BB_Width,Rolling_Volatility,BB_Upper,BB_Lower,Rolling_Std_10,OBV,ADX,Log_Return,CCI,RSI_14",BB_Width
KOTAKBANK,KOTAKBANK.NS,2023-11-08,2023,11,1,Sideways,0,0.5532,SELL,0,-1,0.5191,NO TRADE,0,10,"BB_Width,Rolling_Volatility,BB_Upper,BB_Lower,Rolling_Std_10,OBV,ADX,Log_Return,CCI,RSI_14",BB_Width
KOTAKBANK,KOTAKBANK.NS,2023-11-09,2023,11,1,Sideways,0,0.5501,SELL,0,-1,0.5192,NO TRADE,0,10,"BB_Width,Rolling_Volatility,BB_Upper,BB_Lower,Rolling_Std_10,OBV,ADX,Log_Return,CCI,RSI_14",BB_Width
KOTAKBANK,KOTAKBANK.NS,2023-11-10,2023,11,1,Sideways,-1,0.5386,NO TRADE,0,-1,0.5093,NO TRADE,0,10,"BB_Width,Rolling_Volatility,BB_Upper,BB_Lower,Rolling_Std_10,OBV,ADX,Log_Return,CCI,RSI_14",BB_Width
KOTAKBANK,KOTAKBANK.NS,2023-11-13,2023,11,1,Sideways,-1,0.535,NO TRADE,0,-1,0.5182,NO TRADE,0,10,"BB_Width,Rolling_Volatility,BB_Upper,BB_Lower,Rolling_Std_10,OBV,ADX,Log_Return,CCI,RSI_14",BB_Width
KOTAKBANK,KOTAKBANK.NS,2023-11-15,2023,11,1,Sideways,0,0.6293,SELL,0,0,0.6526,SELL,0,10,"BB_Width,Rolling_Volatility,BB_Upper,BB_Lower,Rolling_Std_10,OBV,ADX,Log_Return,CCI,RSI_14",BB_Width
KOTAKBANK,KOTAKBANK.NS,2023-11-16,2023,11,1,Sideways,0,0.6539,SELL,0,0,0.6233,SELL,0,10,"BB_Width,Rolling_Volatility,BB_Upper,BB_Lower,Rolling_Std_10,OBV,ADX,Log_Return,CCI,RSI_14",BB_Width
KOTAKBANK,KOTAKBANK.NS,2023-11-17,2023,11,1,Sideways,0,0.611,SELL,0,0,0.5977,SELL,0,10,"BB_Width,Rolling_Volatility,BB_Upper,BB_Lower,Rolling_Std_10,OBV,ADX,Log_Return,CCI,RSI_14",BB_Width
KOTAKBANK,KOTAKBANK.NS,2023-11-20,2023,11,1,Sideways,0,0.6105,SELL,0,0,0.6388,SELL,0,10,"BB_Width,Rolling_Volatility,BB_Upper,BB_Lower,Rolling_Std_10,OBV,ADX,Log_Return,CCI,RSI_14",BB_Width
KOTAKBANK,KOTAKBANK.NS,2023-11-21,2023,11,1,Sideways,-1,0.5449,NO TRADE,0,0,0.6062,SELL,0,10,"BB_Width,Rolling_Volatility,BB_Upper,BB_Lower,Rolling_Std_10,OBV,ADX,Log_Return,CCI,RSI_14",BB_Width
KOTAKBANK,KOTAKBANK.NS,2023-11-22,2023,11,1,Sideways,0,0.5567,SELL,0,0,0.5536,SELL,0,10,"BB_Width,Rolling_Volatility,BB_Upper,BB_Lower,Rolling_Std_10,OBV,ADX,Log_Return,CCI,RSI_14",BB_Width
KOTAKBANK,KOTAKBANK.NS,2023-11-23,2023,11,1,Sideways,0,0.5582,SELL,0,0,0.6074,SELL,0,10,"BB_Width,Rolling_Volatility,BB_Upper,BB_Lower,Rolling_Std_10,OBV,ADX,Log_Return,CCI,RSI_14",BB_Width
KOTAKBANK,KOTAKBANK.NS,2023-11-24,2023,11,1,Bear,0,0.569,SELL,0,0,0.808,SELL,0,10,"BB_Width,Rolling_Volatility,BB_Upper,BB_Lower,Rolling_Std_10,OBV,ADX,Log_Return,CCI,RSI_14",BB_Width
KOTAKBANK,KOTAKBANK.NS,2023-11-28,2023,11,1,Bear,0,0.7163,SELL,0,0,0.8528,SELL,0,10,"BB_Width,Rolling_Volatility,BB_Upper,BB_Lower,Rolling_Std_10,OBV,ADX,Log_Return,CCI,RSI_14",BB_Width
KOTAKBANK,KOTAKBANK.NS,2023-11-29,2023,11,1,Bear,0,0.8114,SELL,0,0,0.9,SELL,0,10,"BB_Width,Rolling_Volatility,BB_Upper,BB_Lower,Rolling_Std_10,OBV,ADX,Log_Return,CCI,RSI_14",BB_Width
KOTAKBANK,KOTAKBANK.NS,2023-11-30,2023,11,1,Bear,0,0.8377,SELL,0,0,0.8914,SELL,0,10,"BB_Width,Rolling_Volatility,BB_Upper,BB_Lower,Rolling_Std_10,OBV,ADX,Log_Return,CCI,RSI_14",BB_Width
KOTAKBANK,KOTAKBANK.NS,2023-12-01,2023,12,1,Bear,0,0.8165,SELL,0,0,0.8676,SELL,0,10,"BB_Width,Rolling_Volatility,BB_Upper,BB_Lower,Rolling_Std_10,OBV,ADX,Log_Return,CCI,RSI_14",BB_Width
KOTAKBANK,KOTAKBANK.NS,2023-12-04,2023,12,1,Bear,0,0.8454,SELL,0,0,0.8754,SELL,0,10,"BB_Width,Rolling_Volatility,BB_Upper,BB_Lower,Rolling_Std_10,OBV,ADX,Log_Return,CCI,RSI_14",BB_Width
KOTAKBANK,KOTAKBANK.NS,2023-12-05,2023,12,1,Sideways,0,0.8222,SELL,0,0,0.8479,SELL,0,10,"BB_Width,Rolling_Volatility,BB_Upper,BB_Lower,Rolling_Std_10,OBV,ADX,Log_Return,CCI,RSI_14",BB_Width
KOTAKBANK,KOTAKBANK.NS,2023-12-06,2023,12,1,Sideways,0,0.6834,SELL,0,0,0.7011,SELL,0,10,"BB_Width,Rolling_Volatility,BB_Upper,BB_Lower,Rolling_Std_10,OBV,ADX,Log_Return,CCI,RSI_14",BB_Width
KOTAKBANK,KOTAKBANK.NS,2023-12-07,2023,12,1,Bull,0,0.6448,SELL,0,0,0.6652,SELL,0,10,"BB_Width,Rolling_Volatility,BB_Upper,BB_Lower,Rolling_Std_10,OBV,ADX,Log_Return,CCI,RSI_14",BB_Width
KOTAKBANK,KOTAKBANK.NS,2023-12-08,2023,12,0,Bull,0,0.7221,SELL,1,0,0.6932,SELL,1,10,"BB_Width,Rolling_Volatility,BB_Upper,BB_Lower,Rolling_Std_10,OBV,ADX,Log_Return,CCI,RSI_14",BB_Width
KOTAKBANK,KOTAKBANK.NS,2023-12-11,2023,12,0,Bull,0,0.7015,SELL,1,0,0.6953,SELL,1,10,"BB_Width,Rolling_Volatility,BB_Upper,BB_Lower,Rolling_Std_10,OBV,ADX,Log_Return,CCI,RSI_14",BB_Width
KOTAKBANK,KOTAKBANK.NS,2023-12-12,2023,12,0,Bull,0,0.7041,SELL,1,0,0.6698,SELL,1,10,"BB_Width,Rolling_Volatility,BB_Upper,BB_Lower,Rolling_Std_10,OBV,ADX,Log_Return,CCI,RSI_14",BB_Width
KOTAKBANK,KOTAKBANK.NS,2023-12-13,2023,12,0,Bull,0,0.7433,SELL,1,0,0.6892,SELL,1,10,"BB_Width,Rolling_Volatility,BB_Upper,BB_Lower,Rolling_Std_10,OBV,ADX,Log_Return,CCI,RSI_14",BB_Width
KOTAKBANK,KOTAKBANK.NS,2023-12-14,2023,12,0,Bull,0,0.818,SELL,1,0,0.7181,SELL,1,10,"BB_Width,Rolling_Volatility,BB_Upper,BB_Lower,Rolling_Std_10,OBV,ADX,Log_Return,CCI,RSI_14",BB_Width
KOTAKBANK,KOTAKBANK.NS,2023-12-15,2023,12,1,Bull,0,0.8332,SELL,0,0,0.6604,SELL,0,10,"BB_Width,Rolling_Volatility,BB_Upper,BB_Lower,Rolling_Std_10,OBV,ADX,Log_Return,CCI,RSI_14",BB_Width
KOTAKBANK,KOTAKBANK.NS,2023-12-18,2023,12,1,Bull,0,0.7803,SELL,0,0,0.7353,SELL,0,10,"BB_Width,Rolling_Volatility,BB_Upper,BB_Lower,Rolling_Std_10,OBV,ADX,Log_Return,CCI,RSI_14",BB_Width
KOTAKBANK,KOTAKBANK.NS,2023-12-19,2023,12,0,Bull,0,0.7575,SELL,1,0,0.7171,SELL,1,10,"BB_Width,Rolling_Volatility,BB_Upper,BB_Lower,Rolling_Std_10,OBV,ADX,Log_Return,CCI,RSI_14",BB_Width
KOTAKBANK,KOTAKBANK.NS,2023-12-20,2023,12,0,Bull,0,0.7307,SELL,1,0,0.6876,SELL,1,10,"BB_Width,Rolling_Volatility,BB_Upper,BB_Lower,Rolling_Std_10,OBV,ADX,Log_Return,CCI,RSI_14",BB_Width
KOTAKBANK,KOTAKBANK.NS,2023-12-21,2023,12,0,Bull,0,0.7218,SELL,1,0,0.7863,SELL,1,10,"BB_Width,Rolling_Volatility,BB_Upper,BB_Lower,Rolling_Std_10,OBV,ADX,Log_Return,CCI,RSI_14",BB_Width
KOTAKBANK,KOTAKBANK.NS,2023-12-22,2023,12,0,Bull,0,0.6747,SELL,1,0,0.7887,SELL,1,10,"BB_Width,Rolling_Volatility,BB_Upper,BB_Lower,Rolling_Std_10,OBV,ADX,Log_Return,CCI,RSI_14",BB_Width
KOTAKBANK,KOTAKBANK.NS,2023-12-26,2023,12,0,Bull,0,0.5972,SELL,1,0,0.655,SELL,1,10,"BB_Width,Rolling_Volatility,BB_Upper,BB_Lower,Rolling_Std_10,OBV,ADX,Log_Return,CCI,RSI_14",BB_Width
KOTAKBANK,KOTAKBANK.NS,2023-12-27,2023,12,0,Bull,0,0.5885,SELL,1,0,0.6293,SELL,1,10,"BB_Width,Rolling_Volatility,BB_Upper,BB_Lower,Rolling_Std_10,OBV,ADX,Log_Return,CCI,RSI_14",BB_Width
KOTAKBANK,KOTAKBANK.NS,2023-12-28,2023,12,0,Bull,0,0.6624,SELL,1,-1,0.5224,NO TRADE,0,10,"BB_Width,Rolling_Volatility,BB_Upper,BB_Lower,Rolling_Std_10,OBV,ADX,Log_Return,CCI,RSI_14",BB_Width
KOTAKBANK,KOTAKBANK.NS,2023-12-29,2023,12,0,Bull,0,0.6322,SELL,1,-1,0.5366,NO TRADE,0,10,"BB_Width,Rolling_Volatility,BB_Upper,BB_Lower,Rolling_Std_10,OBV,ADX,Log_Return,CCI,RSI_14",BB_Width
KOTAKBANK,KOTAKBANK.NS,2024-01-01,2024,1,0,Bull,0,0.8931,SELL,1,0,0.8553,SELL,1,10,"BB_Width,Rolling_Volatility,BB_Upper,BB_Lower,Rolling_Std_10,OBV,ADX,Log_Return,CCI,RSI_14",BB_Width
KOTAKBANK,KOTAKBANK.NS,2024-01-02,2024,1,0,Bull,0,0.891,SELL,1,0,0.8661,SELL,1,10,"BB_Width,Rolling_Volatility,BB_Upper,BB_Lower,Rolling_Std_10,OBV,ADX,Log_Return,CCI,RSI_14",BB_Width
KOTAKBANK,KOTAKBANK.NS,2024-01-03,2024,1,0,Bull,0,0.9058,SELL,1,0,0.9145,SELL,1,10,"BB_Width,Rolling_Volatility,BB_Upper,BB_Lower,Rolling_Std_10,OBV,ADX,Log_Return,CCI,RSI_14",BB_Width
KOTAKBANK,KOTAKBANK.NS,2024-01-04,2024,1,0,Bull,0,0.8934,SELL,1,0,0.9074,SELL,1,10,"BB_Width,Rolling_Volatility,BB_Upper,BB_Lower,Rolling_Std_10,OBV,ADX,Log_Return,CCI,RSI_14",BB_Width
KOTAKBANK,KOTAKBANK.NS,2024-01-05,2024,1,0,Bull,0,0.8768,SELL,1,0,0.8693,SELL,1,10,"BB_Width,Rolling_Volatility,BB_Upper,BB_Lower,Rolling_Std_10,OBV,ADX,Log_Return,CCI,RSI_14",BB_Width
KOTAKBANK,KOTAKBANK.NS,2024-01-08,2024,1,0,Bull,0,0.8609,SELL,1,0,0.7991,SELL,1,10,"BB_Width,Rolling_Volatility,BB_Upper,BB_Lower,Rolling_Std_10,OBV,ADX,Log_Return,CCI,RSI_14",BB_Width
KOTAKBANK,KOTAKBANK.NS,2024-01-09,2024,1,0,Bull,0,0.8398,SELL,1,0,0.8367,SELL,1,10,"BB_Width,Rolling_Volatility,BB_Upper,BB_Lower,Rolling_Std_10,OBV,ADX,Log_Return,CCI,RSI_14",BB_Width
KOTAKBANK,KOTAKBANK.NS,2024-01-10,2024,1,0,Bull,-1,0.5037,NO TRADE,0,0,0.855,SELL,1,10,"BB_Width,Rolling_Volatility,BB_Upper,BB_Lower,Rolling_Std_10,OBV,ADX,Log_Return,CCI,RSI_14",BB_Width
KOTAKBANK,KOTAKBANK.NS,2024-01-11,2024,1,0,Bull,-1,0.5237,NO TRADE,0,0,0.8861,SELL,1,10,"BB_Width,Rolling_Volatility,BB_Upper,BB_Lower,Rolling_Std_10,OBV,ADX,Log_Return,CCI,RSI_14",BB_Width
KOTAKBANK,KOTAKBANK.NS,2024-01-12,2024,1,0,Bull,0,0.8092,SELL,1,0,0.9346,SELL,1,10,"BB_Width,Rolling_Volatility,BB_Upper,BB_Lower,Rolling_Std_10,OBV,ADX,Log_Return,CCI,RSI_14",BB_Width
KOTAKBANK,KOTAKBANK.NS,2024-01-15,2024,1,0,Bull,0,0.8603,SELL,1,0,0.9385,SELL,1,10,"BB_Width,Rolling_Volatility,BB_Upper,BB_Lower,Rolling_Std_10,OBV,ADX,Log_Return,CCI,RSI_14",BB_Width
KOTAKBANK,KOTAKBANK.NS,2024-01-16,2024,1,0,Bull,0,0.8922,SELL,1,0,0.9287,SELL,1,10,"BB_Width,Rolling_Volatility,BB_Upper,BB_Lower,Rolling_Std_10,OBV,ADX,Log_Return,CCI,RSI_14",BB_Width
KOTAKBANK,KOTAKBANK.NS,2024-01-17,2024,1,0,Bull,1,0.5643,BUY,0,-1,0.5446,NO TRADE,0,10,"BB_Lower,BB_Upper,BB_Width,CCI,OBV,MFI,ATR_14,Rolling_Median_Return,Rolling_Volatility,Price_Change",BB_Lower
KOTAKBANK,KOTAKBANK.NS,2024-01-18,2024,1,0,Bull,1,0.6637,BUY,0,-1,0.5363,NO TRADE,0,10,"BB_Lower,BB_Upper,BB_Width,CCI,OBV,MFI,ATR_14,Rolling_Median_Return,Rolling_Volatility,Price_Change",BB_Lower
KOTAKBANK,KOTAKBANK.NS,2024-01-19,2024,1,0,Sideways,1,0.8597,BUY,0,1,0.7283,BUY,0,10,"BB_Lower,BB_Upper,BB_Width,CCI,OBV,MFI,ATR_14,Rolling_Median_Return,Rolling_Volatility,Price_Change",BB_Lower
KOTAKBANK,KOTAKBANK.NS,2024-01-23,2024,1,0,Sideways,1,0.7478,BUY,0,1,0.6653,BUY,0,10,"BB_Lower,BB_Upper,BB_Width,CCI,OBV,MFI,ATR_14,Rolling_Median_Return,Rolling_Volatility,Price_Change",BB_Lower
KOTAKBANK,KOTAKBANK.NS,2024-01-24,2024,1,0,Sideways,1,0.746,BUY,0,1,0.6782,BUY,0,10,"BB_Lower,BB_Upper,BB_Width,CCI,OBV,MFI,ATR_14,Rolling_Median_Return,Rolling_Volatility,Price_Change",BB_Lower
KOTAKBANK,KOTAKBANK.NS,2024-01-25,2024,1,0,Bull,1,0.7932,BUY,0,1,0.7062,BUY,0,10,"BB_Lower,BB_Upper,BB_Width,CCI,OBV,MFI,ATR_14,Rolling_Median_Return,Rolling_Volatility,Price_Change",BB_Lower
KOTAKBANK,KOTAKBANK.NS,2024-01-29,2024,1,0,Sideways,1,0.6468,BUY,0,1,0.6117,BUY,0,10,"BB_Lower,BB_Upper,BB_Width,CCI,OBV,MFI,ATR_14,Rolling_Median_Return,Rolling_Volatility,Price_Change",BB_Lower
KOTAKBANK,KOTAKBANK.NS,2024-01-30,2024,1,0,Bull,1,0.6985,BUY,0,1,0.6723,BUY,0,10,"BB_Lower,BB_Upper,BB_Width,CCI,OBV,MFI,ATR_14,Rolling_Median_Return,Rolling_Volatility,Price_Change",BB_Lower
KOTAKBANK,KOTAKBANK.NS,2024-01-31,2024,1,0,Bull,1,0.6145,BUY,0,1,0.5528,BUY,0,10,"BB_Lower,BB_Upper,BB_Width,CCI,OBV,MFI,ATR_14,Rolling_Median_Return,Rolling_Volatility,Price_Change",BB_Lower
KOTAKBANK,KOTAKBANK.NS,2024-02-01,2024,2,0,Bull,-1,0.5353,NO TRADE,0,1,0.5653,BUY,0,10,"BB_Lower,BB_Upper,BB_Width,CCI,OBV,MFI,ATR_14,Rolling_Median_Return,Rolling_Volatility,Price_Change",BB_Lower
KOTAKBANK,KOTAKBANK.NS,2024-02-02,2024,2,0,Bull,-1,0.5408,NO TRADE,0,0,0.5567,SELL,1,10,"BB_Lower,BB_Upper,BB_Width,CCI,OBV,MFI,ATR_14,Rolling_Median_Return,Rolling_Volatility,Price_Change",BB_Lower
KOTAKBANK,KOTAKBANK.NS,2024-02-05,2024,2,0,Bull,0,0.5527,SELL,1,0,0.5687,SELL,1,10,"BB_Lower,BB_Upper,BB_Width,CCI,OBV,MFI,ATR_14,Rolling_Median_Return,Rolling_Volatility,Price_Change",BB_Lower
KOTAKBANK,KOTAKBANK.NS,2024-02-06,2024,2,0,Bull,-1,0.5441,NO TRADE,0,-1,0.5406,NO TRADE,0,10,"BB_Lower,BB_Upper,BB_Width,CCI,OBV,MFI,ATR_14,Rolling_Median_Return,Rolling_Volatility,Price_Change",BB_Lower
KOTAKBANK,KOTAKBANK.NS,2024-02-07,2024,2,0,Bull,-1,0.5049,NO TRADE,0,-1,0.5413,NO TRADE,0,10,"BB_Lower,BB_Upper,BB_Width,CCI,OBV,MFI,ATR_14,Rolling_Median_Return,Rolling_Volatility,Price_Change",BB_Lower
KOTAKBANK,KOTAKBANK.NS,2024-02-08,2024,2,1,Bull,1,0.5894,BUY,1,-1,0.5265,NO TRADE,0,10,"BB_Lower,BB_Upper,BB_Width,CCI,OBV,MFI,ATR_14,Rolling_Median_Return,Rolling_Volatility,Price_Change",BB_Lower
KOTAKBANK,KOTAKBANK.NS,2024-02-09,2024,2,0,Sideways,1,0.6824,BUY,0,-1,0.5105,NO TRADE,0,10,"BB_Lower,BB_Upper,BB_Width,CCI,OBV,MFI,ATR_14,Rolling_Median_Return,Rolling_Volatility,Price_Change",BB_Lower
KOTAKBANK,KOTAKBANK.NS,2024-02-12,2024,2,1,Sideways,1,0.8659,BUY,1,1,0.5698,BUY,1,10,"BB_Lower,BB_Upper,BB_Width,CCI,OBV,MFI,ATR_14,Rolling_Median_Return,Rolling_Volatility,Price_Change",BB_Lower
KOTAKBANK,KOTAKBANK.NS,2024-02-13,2024,2,0,Sideways,1,0.8729,BUY,0,1,0.6413,BUY,0,10,"BB_Lower,BB_Upper,BB_Width,CCI,OBV,MFI,ATR_14,Rolling_Median_Return,Rolling_Volatility,Price_Change",BB_Lower
KOTAKBANK,KOTAKBANK.NS,2024-02-14,2024,2,0,Sideways,1,0.7809,BUY,0,1,0.6073,BUY,0,10,"BB_Lower,BB_Upper,BB_Width,CCI,OBV,MFI,ATR_14,Rolling_Median_Return,Rolling_Volatility,Price_Change",BB_Lower
KOTAKBANK,KOTAKBANK.NS,2024-02-15,2024,2,0,Sideways,1,0.9058,BUY,0,1,0.742,BUY,0,10,"BB_Lower,BB_Upper,BB_Width,CCI,OBV,MFI,ATR_14,Rolling_Median_Return,Rolling_Volatility,Price_Change",BB_Lower
KOTAKBANK,KOTAKBANK.NS,2024-02-16,2024,2,1,Bear,1,0.9115,BUY,1,1,0.8145,BUY,1,10,"BB_Lower,BB_Upper,BB_Width,CCI,OBV,MFI,ATR_14,Rolling_Median_Return,Rolling_Volatility,Price_Change",BB_Lower
KOTAKBANK,KOTAKBANK.NS,2024-02-19,2024,2,1,Bear,1,0.9126,BUY,1,1,0.8275,BUY,1,10,"BB_Lower,BB_Upper,BB_Width,CCI,OBV,MFI,ATR_14,Rolling_Median_Return,Rolling_Volatility,Price_Change",BB_Lower
KOTAKBANK,KOTAKBANK.NS,2024-02-20,2024,2,1,Bear,1,0.7879,BUY,1,-1,0.5433,NO TRADE,0,10,"BB_Lower,BB_Upper,BB_Width,CCI,OBV,MFI,ATR_14,Rolling_Median_Return,Rolling_Volatility,Price_Change",BB_Lower
KOTAKBANK,KOTAKBANK.NS,2024-02-21,2024,2,1,Bear,1,0.8616,BUY,1,1,0.7191,BUY,1,10,"BB_Lower,BB_Upper,BB_Width,CCI,OBV,MFI,ATR_14,Rolling_Median_Return,Rolling_Volatility,Price_Change",BB_Lower
KOTAKBANK,KOTAKBANK.NS,2024-02-22,2024,2,1,Bear,1,0.9219,BUY,1,1,0.8621,BUY,1,10,"BB_Lower,BB_Upper,BB_Width,CCI,OBV,MFI,ATR_14,Rolling_Median_Return,Rolling_Volatility,Price_Change",BB_Lower
KOTAKBANK,KOTAKBANK.NS,2024-02-23,2024,2,1,Bear,1,0.9272,BUY,1,1,0.8745,BUY,1,10,"BB_Lower,BB_Upper,BB_Width,CCI,OBV,MFI,ATR_14,Rolling_Median_Return,Rolling_Volatility,Price_Change",BB_Lower
KOTAKBANK,KOTAKBANK.NS,2024-02-26,2024,2,1,Bear,1,0.9377,BUY,1,1,0.8887,BUY,1,10,"BB_Lower,BB_Upper,BB_Width,CCI,OBV,MFI,ATR_14,Rolling_Median_Return,Rolling_Volatility,Price_Change",BB_Lower
KOTAKBANK,KOTAKBANK.NS,2024-02-27,2024,2,1,Bear,1,0.9371,BUY,1,1,0.9165,BUY,1,10,"BB_Lower,BB_Upper,BB_Width,CCI,OBV,MFI,ATR_14,Rolling_Median_Return,Rolling_Volatility,Price_Change",BB_Lower
KOTAKBANK,KOTAKBANK.NS,2024-02-28,2024,2,1,Bear,1,0.8688,BUY,1,1,0.9449,BUY,1,10,"BB_Lower,BB_Upper,BB_Width,CCI,OBV,MFI,ATR_14,Rolling_Median_Return,Rolling_Volatility,Price_Change",BB_Lower
KOTAKBANK,KOTAKBANK.NS,2024-02-29,2024,2,1,Bear,1,0.9184,BUY,1,1,0.9419,BUY,1,10,"BB_Lower,BB_Upper,BB_Width,CCI,OBV,MFI,ATR_14,Rolling_Median_Return,Rolling_Volatility,Price_Change",BB_Lower
KOTAKBANK,KOTAKBANK.NS,2024-03-01,2024,3,1,Bear,1,0.893,BUY,1,1,0.9277,BUY,1,10,"BB_Lower,BB_Upper,BB_Width,CCI,OBV,MFI,ATR_14,Rolling_Median_Return,Rolling_Volatility,Price_Change",BB_Lower
KOTAKBANK,KOTAKBANK.NS,2024-03-04,2024,3,1,Bear,1,0.9213,BUY,1,1,0.9281,BUY,1,10,"BB_Lower,BB_Upper,BB_Width,CCI,OBV,MFI,ATR_14,Rolling_Median_Return,Rolling_Volatility,Price_Change",BB_Lower
KOTAKBANK,KOTAKBANK.NS,2024-03-05,2024,3,1,Bear,1,0.8633,BUY,1,1,0.9378,BUY,1,10,"BB_Lower,BB_Upper,BB_Width,CCI,OBV,MFI,ATR_14,Rolling_Median_Return,Rolling_Volatility,Price_Change",BB_Lower
KOTAKBANK,KOTAKBANK.NS,2024-03-06,2024,3,1,Bear,1,0.8417,BUY,1,1,0.9068,BUY,1,10,"BB_Lower,BB_Upper,BB_Width,CCI,OBV,MFI,ATR_14,Rolling_Median_Return,Rolling_Volatility,Price_Change",BB_Lower
KOTAKBANK,KOTAKBANK.NS,2024-03-07,2024,3,1,Bear,1,0.9161,BUY,1,1,0.9416,BUY,1,10,"BB_Lower,BB_Upper,BB_Width,CCI,OBV,MFI,ATR_14,Rolling_Median_Return,Rolling_Volatility,Price_Change",BB_Lower
KOTAKBANK,KOTAKBANK.NS,2024-03-11,2024,3,1,Bear,1,0.9234,BUY,1,1,0.954,BUY,1,10,"BB_Lower,BB_Upper,BB_Width,CCI,OBV,MFI,ATR_14,Rolling_Median_Return,Rolling_Volatility,Price_Change",BB_Lower
KOTAKBANK,KOTAKBANK.NS,2024-03-12,2024,3,1,Bear,1,0.9352,BUY,1,1,0.9473,BUY,1,10,"BB_Lower,BB_Upper,BB_Width,CCI,OBV,MFI,ATR_14,Rolling_Median_Return,Rolling_Volatility,Price_Change",BB_Lower
KOTAKBANK,KOTAKBANK.NS,2024-03-13,2024,3,1,Bear,1,0.9312,BUY,1,1,0.9521,BUY,1,10,"BB_Lower,BB_Upper,BB_Width,CCI,OBV,MFI,ATR_14,Rolling_Median_Return,Rolling_Volatility,Price_Change",BB_Lower
KOTAKBANK,KOTAKBANK.NS,2024-03-14,2024,3,1,Bear,1,0.9167,BUY,1,1,0.9196,BUY,1,10,"BB_Lower,BB_Upper,BB_Width,CCI,OBV,MFI,ATR_14,Rolling_Median_Return,Rolling_Volatility,Price_Change",BB_Lower
KOTAKBANK,KOTAKBANK.NS,2024-03-15,2024,3,1,Bear,1,0.9376,BUY,1,1,0.9321,BUY,1,10,"BB_Lower,BB_Upper,BB_Width,CCI,OBV,MFI,ATR_14,Rolling_Median_Return,Rolling_Volatility,Price_Change",BB_Lower
KOTAKBANK,KOTAKBANK.NS,2024-03-18,2024,3,1,Bear,1,0.9431,BUY,1,1,0.9304,BUY,1,10,"BB_Lower,BB_Upper,BB_Width,CCI,OBV,MFI,ATR_14,Rolling_Median_Return,Rolling_Volatility,Price_Change",BB_Lower
KOTAKBANK,KOTAKBANK.NS,2024-03-19,2024,3,1,Bear,1,0.9027,BUY,1,1,0.8945,BUY,1,10,"BB_Lower,BB_Upper,BB_Width,CCI,OBV,MFI,ATR_14,Rolling_Median_Return,Rolling_Volatility,Price_Change",BB_Lower
KOTAKBANK,KOTAKBANK.NS,2024-03-20,2024,3,1,Bear,1,0.8987,BUY,1,1,0.8555,BUY,1,10,"BB_Lower,BB_Upper,BB_Width,CCI,OBV,MFI,ATR_14,Rolling_Median_Return,Rolling_Volatility,Price_Change",BB_Lower
KOTAKBANK,KOTAKBANK.NS,2024-03-21,2024,3,1,Bear,1,0.9035,BUY,1,1,0.8957,BUY,1,10,"BB_Lower,BB_Upper,BB_Width,CCI,OBV,MFI,ATR_14,Rolling_Median_Return,Rolling_Volatility,Price_Change",BB_Lower
KOTAKBANK,KOTAKBANK.NS,2024-03-22,2024,3,0,Bear,1,0.8792,BUY,0,1,0.8707,BUY,0,10,"BB_Lower,BB_Upper,BB_Width,CCI,OBV,MFI,ATR_14,Rolling_Median_Return,Rolling_Volatility,Price_Change",BB_Lower
KOTAKBANK,KOTAKBANK.NS,2024-03-26,2024,3,0,Sideways,1,0.9026,BUY,0,1,0.8894,BUY,0,10,"BB_Lower,BB_Upper,BB_Width,CCI,OBV,MFI,ATR_14,Rolling_Median_Return,Rolling_Volatility,Price_Change",BB_Lower
KOTAKBANK,KOTAKBANK.NS,2024-03-27,2024,3,0,Bear,1,0.8829,BUY,0,1,0.8129,BUY,0,10,"BB_Lower,BB_Upper,BB_Width,CCI,OBV,MFI,ATR_14,Rolling_Median_Return,Rolling_Volatility,Price_Change",BB_Lower
KOTAKBANK,KOTAKBANK.NS,2024-03-28,2024,3,0,Sideways,1,0.8892,BUY,0,1,0.8061,BUY,0,10,"BB_Lower,BB_Upper,BB_Width,CCI,OBV,MFI,ATR_14,Rolling_Median_Return,Rolling_Volatility,Price_Change",BB_Lower
KOTAKBANK,KOTAKBANK.NS,2024-04-01,2024,4,0,Sideways,1,0.844,BUY,0,1,0.6708,BUY,0,10,"BB_Lower,BB_Upper,BB_Width,CCI,OBV,MFI,ATR_14,Rolling_Median_Return,Rolling_Volatility,Price_Change",BB_Lower
KOTAKBANK,KOTAKBANK.NS,2024-04-02,2024,4,0,Bear,1,0.8598,BUY,0,1,0.6607,BUY,0,10,"BB_Lower,BB_Upper,BB_Width,CCI,OBV,MFI,ATR_14,Rolling_Median_Return,Rolling_Volatility,Price_Change",BB_Lower
KOTAKBANK,KOTAKBANK.NS,2024-04-03,2024,4,0,Bear,1,0.883,BUY,0,1,0.6732,BUY,0,10,"BB_Lower,BB_Upper,BB_Width,CCI,OBV,MFI,ATR_14,Rolling_Median_Return,Rolling_Volatility,Price_Change",BB_Lower
KOTAKBANK,KOTAKBANK.NS,2024-04-04,2024,4,0,Sideways,1,0.8667,BUY,0,-1,0.5402,NO TRADE,0,10,"BB_Lower,BB_Upper,BB_Width,CCI,OBV,MFI,ATR_14,Rolling_Median_Return,Rolling_Volatility,Price_Change",BB_Lower
KOTAKBANK,KOTAKBANK.NS,2024-04-05,2024,4,0,Sideways,1,0.7252,BUY,0,-1,0.5229,NO TRADE,0,10,"BB_Lower,BB_Upper,BB_Width,CCI,OBV,MFI,ATR_14,Rolling_Median_Return,Rolling_Volatility,Price_Change",BB_Lower
KOTAKBANK,KOTAKBANK.NS,2024-04-08,2024,4,0,Sideways,1,0.7072,BUY,0,0,0.5721,SELL,1,10,"BB_Lower,BB_Upper,BB_Width,CCI,OBV,MFI,ATR_14,Rolling_Median_Return,Rolling_Volatility,Price_Change",BB_Lower
KOTAKBANK,KOTAKBANK.NS,2024-04-09,2024,4,0,Sideways,1,0.7357,BUY,0,-1,0.5353,NO TRADE,0,10,"BB_Lower,BB_Upper,BB_Width,CCI,OBV,MFI,ATR_14,Rolling_Median_Return,Rolling_Volatility,Price_Change",BB_Lower
KOTAKBANK,KOTAKBANK.NS,2024-04-10,2024,4,0,Sideways,1,0.5508,BUY,0,0,0.7445,SELL,1,10,"BB_Lower,BB_Upper,BB_Width,CCI,OBV,MFI,ATR_14,Rolling_Median_Return,Rolling_Volatility,Price_Change",BB_Lower
KOTAKBANK,KOTAKBANK.NS,2024-04-12,2024,4,0,Bull,1,0.6442,BUY,0,0,0.6843,SELL,1,10,"BB_Lower,BB_Upper,BB_Width,CCI,OBV,MFI,ATR_14,Rolling_Median_Return,Rolling_Volatility,Price_Change",BB_Lower
KOTAKBANK,KOTAKBANK.NS,2024-04-15,2024,4,0,Sideways,1,0.6382,BUY,0,0,0.572,SELL,1,10,"BB_Lower,BB_Upper,BB_Width,CCI,OBV,MFI,ATR_14,Rolling_Median_Return,Rolling_Volatility,Price_Change",BB_Lower
KOTAKBANK,KOTAKBANK.NS,2024-04-16,2024,4,0,Sideways,1,0.5833,BUY,0,1,0.5533,BUY,0,10,"BB_Lower,BB_Upper,BB_Width,CCI,OBV,MFI,ATR_14,Rolling_Median_Return,Rolling_Volatility,Price_Change",BB_Lower
KOTAKBANK,KOTAKBANK.NS,2024-04-18,2024,4,0,Sideways,-1,0.5307,NO TRADE,0,-1,0.5395,NO TRADE,0,10,"BB_Lower,BB_Upper,BB_Width,CCI,OBV,MFI,ATR_14,Rolling_Median_Return,Rolling_Volatility,Price_Change",BB_Lower
KOTAKBANK,KOTAKBANK.NS,2024-04-19,2024,4,0,Sideways,0,0.9105,SELL,1,0,0.9089,SELL,1,10,"BB_Upper,BB_Width,BB_Lower,Stochastic,Rolling_Median_Return,MACD,Volume_MA,MFI,Williams_R,OBV",BB_Upper
KOTAKBANK,KOTAKBANK.NS,2024-04-22,2024,4,0,Sideways,0,0.8914,SELL,1,0,0.912,SELL,1,10,"BB_Upper,BB_Width,BB_Lower,Stochastic,Rolling_Median_Return,MACD,Volume_MA,MFI,Williams_R,OBV",BB_Upper
KOTAKBANK,KOTAKBANK.NS,2024-04-23,2024,4,0,Sideways,0,0.917,SELL,1,0,0.9315,SELL,1,10,"BB_Upper,BB_Width,BB_Lower,Stochastic,Rolling_Median_Return,MACD,Volume_MA,MFI,Williams_R,OBV",BB_Upper
KOTAKBANK,KOTAKBANK.NS,2024-04-24,2024,4,0,Sideways,0,0.9312,SELL,1,0,0.9369,SELL,1,10,"BB_Upper,BB_Width,BB_Lower,Stochastic,Rolling_Median_Return,MACD,Volume_MA,MFI,Williams_R,OBV",BB_Upper
KOTAKBANK,KOTAKBANK.NS,2024-04-25,2024,4,1,Bull,-1,0.5478,NO TRADE,0,0,0.558,SELL,0,10,"BB_Upper,BB_Width,BB_Lower,Stochastic,Rolling_Median_Return,MACD,Volume_MA,MFI,Williams_R,OBV",BB_Upper
KOTAKBANK,KOTAKBANK.NS,2024-04-26,2024,4,1,Bear,1,0.7631,BUY,1,1,0.883,BUY,1,10,"BB_Upper,BB_Width,BB_Lower,Stochastic,Rolling_Median_Return,MACD,Volume_MA,MFI,Williams_R,OBV",BB_Upper
KOTAKBANK,KOTAKBANK.NS,2024-04-29,2024,4,1,Bear,1,0.7391,BUY,1,1,0.8806,BUY,1,10,"BB_Upper,BB_Width,BB_Lower,Stochastic,Rolling_Median_Return,MACD,Volume_MA,MFI,Williams_R,OBV",BB_Upper
KOTAKBANK,KOTAKBANK.NS,2024-04-30,2024,4,1,Bear,1,0.8904,BUY,1,1,0.9385,BUY,1,10,"BB_Upper,BB_Width,BB_Lower,Stochastic,Rolling_Median_Return,MACD,Volume_MA,MFI,Williams_R,OBV",BB_Upper
KOTAKBANK,KOTAKBANK.NS,2024-05-02,2024,5,1,Bear,1,0.8796,BUY,1,1,0.9283,BUY,1,10,"BB_Upper,BB_Width,BB_Lower,Stochastic,Rolling_Median_Return,MACD,Volume_MA,MFI,Williams_R,OBV",BB_Upper
KOTAKBANK,KOTAKBANK.NS,2024-05-03,2024,5,1,Bear,1,0.9108,BUY,1,1,0.9497,BUY,1,10,"BB_Upper,BB_Width,BB_Lower,Stochastic,Rolling_Median_Return,MACD,Volume_MA,MFI,Williams_R,OBV",BB_Upper
KOTAKBANK,KOTAKBANK.NS,2024-05-06,2024,5,1,Bear,1,0.8038,BUY,1,1,0.9216,BUY,1,10,"BB_Upper,BB_Width,BB_Lower,Stochastic,Rolling_Median_Return,MACD,Volume_MA,MFI,Williams_R,OBV",BB_Upper
KOTAKBANK,KOTAKBANK.NS,2024-05-07,2024,5,1,Bear,1,0.8364,BUY,1,1,0.9166,BUY,1,10,"BB_Upper,BB_Width,BB_Lower,Stochastic,Rolling_Median_Return,MACD,Volume_MA,MFI,Williams_R,OBV",BB_Upper
KOTAKBANK,KOTAKBANK.NS,2024-05-08,2024,5,1,Bear,1,0.8752,BUY,1,1,0.9375,BUY,1,10,"BB_Upper,BB_Width,BB_Lower,Stochastic,Rolling_Median_Return,MACD,Volume_MA,MFI,Williams_R,OBV",BB_Upper
KOTAKBANK,KOTAKBANK.NS,2024-05-09,2024,5,1,Bear,1,0.8663,BUY,1,1,0.9263,BUY,1,10,"BB_Upper,BB_Width,BB_Lower,Stochastic,Rolling_Median_Return,MACD,Volume_MA,MFI,Williams_R,OBV",BB_Upper
KOTAKBANK,KOTAKBANK.NS,2024-05-10,2024,5,1,Bear,1,0.9015,BUY,1,1,0.9026,BUY,1,10,"BB_Upper,BB_Width,BB_Lower,Stochastic,Rolling_Median_Return,MACD,Volume_MA,MFI,Williams_R,OBV",BB_Upper
KOTAKBANK,KOTAKBANK.NS,2024-05-13,2024,5,1,Bear,1,0.9092,BUY,1,1,0.9063,BUY,1,10,"BB_Upper,BB_Width,BB_Lower,Stochastic,Rolling_Median_Return,MACD,Volume_MA,MFI,Williams_R,OBV",BB_Upper
KOTAKBANK,KOTAKBANK.NS,2024-05-14,2024,5,1,Bear,1,0.9199,BUY,1,1,0.8887,BUY,1,10,"BB_Upper,BB_Width,BB_Lower,Stochastic,Rolling_Median_Return,MACD,Volume_MA,MFI,Williams_R,OBV",BB_Upper
KOTAKBANK,KOTAKBANK.NS,2024-05-15,2024,5,1,Sideways,1,0.8932,BUY,1,1,0.8082,BUY,1,10,"BB_Upper,BB_Width,BB_Lower,Stochastic,Rolling_Median_Return,MACD,Volume_MA,MFI,Williams_R,OBV",BB_Upper
KOTAKBANK,KOTAKBANK.NS,2024-05-16,2024,5,1,Sideways,1,0.8125,BUY,1,1,0.6502,BUY,1,10,"BB_Upper,BB_Width,BB_Lower,Stochastic,Rolling_Median_Return,MACD,Volume_MA,MFI,Williams_R,OBV",BB_Upper
KOTAKBANK,KOTAKBANK.NS,2024-05-17,2024,5,1,Sideways,1,0.8055,BUY,1,1,0.7286,BUY,1,10,"BB_Upper,BB_Width,BB_Lower,Stochastic,Rolling_Median_Return,MACD,Volume_MA,MFI,Williams_R,OBV",BB_Upper
KOTAKBANK,KOTAKBANK.NS,2024-05-21,2024,5,1,Sideways,1,0.7888,BUY,1,1,0.7105,BUY,1,10,"BB_Upper,BB_Width,BB_Lower,Stochastic,Rolling_Median_Return,MACD,Volume_MA,MFI,Williams_R,OBV",BB_Upper
KOTAKBANK,KOTAKBANK.NS,2024-05-22,2024,5,1,Sideways,1,0.8354,BUY,1,1,0.7252,BUY,1,10,"BB_Upper,BB_Width,BB_Lower,Stochastic,Rolling_Median_Return,MACD,Volume_MA,MFI,Williams_R,OBV",BB_Upper
KOTAKBANK,KOTAKBANK.NS,2024-05-23,2024,5,1,Sideways,1,0.7735,BUY,1,1,0.708,BUY,1,10,"BB_Upper,BB_Width,BB_Lower,Stochastic,Rolling_Median_Return,MACD,Volume_MA,MFI,Williams_R,OBV",BB_Upper
KOTAKBANK,KOTAKBANK.NS,2024-05-24,2024,5,1,Sideways,1,0.7806,BUY,1,1,0.7723,BUY,1,10,"BB_Upper,BB_Width,BB_Lower,Stochastic,Rolling_Median_Return,MACD,Volume_MA,MFI,Williams_R,OBV",BB_Upper
KOTAKBANK,KOTAKBANK.NS,2024-05-27,2024,5,1,Sideways,1,0.7859,BUY,1,1,0.7215,BUY,1,10,"BB_Upper,BB_Width,BB_Lower,Stochastic,Rolling_Median_Return,MACD,Volume_MA,MFI,Williams_R,OBV",BB_Upper
KOTAKBANK,KOTAKBANK.NS,2024-05-28,2024,5,1,Sideways,1,0.8273,BUY,1,1,0.7616,BUY,1,10,"BB_Upper,BB_Width,BB_Lower,Stochastic,Rolling_Median_Return,MACD,Volume_MA,MFI,Williams_R,OBV",BB_Upper
KOTAKBANK,KOTAKBANK.NS,2024-05-29,2024,5,1,Sideways,1,0.826,BUY,1,1,0.7889,BUY,1,10,"BB_Upper,BB_Width,BB_Lower,Stochastic,Rolling_Median_Return,MACD,Volume_MA,MFI,Williams_R,OBV",BB_Upper
KOTAKBANK,KOTAKBANK.NS,2024-05-30,2024,5,1,Sideways,1,0.7901,BUY,1,1,0.7721,BUY,1,10,"BB_Upper,BB_Width,BB_Lower,Stochastic,Rolling_Median_Return,MACD,Volume_MA,MFI,Williams_R,OBV",BB_Upper
KOTAKBANK,KOTAKBANK.NS,2024-05-31,2024,5,1,Sideways,1,0.7977,BUY,1,1,0.7944,BUY,1,10,"BB_Upper,BB_Width,BB_Lower,Stochastic,Rolling_Median_Return,MACD,Volume_MA,MFI,Williams_R,OBV",BB_Upper
KOTAKBANK,KOTAKBANK.NS,2024-06-03,2024,6,1,Bear,1,0.7342,BUY,1,1,0.7783,BUY,1,10,"BB_Upper,BB_Width,BB_Lower,Stochastic,Rolling_Median_Return,MACD,Volume_MA,MFI,Williams_R,OBV",BB_Upper
KOTAKBANK,KOTAKBANK.NS,2024-06-04,2024,6,1,Sideways,1,0.7676,BUY,1,1,0.8293,BUY,1,10,"BB_Upper,BB_Width,BB_Lower,Stochastic,Rolling_Median_Return,MACD,Volume_MA,MFI,Williams_R,OBV",BB_Upper
KOTAKBANK,KOTAKBANK.NS,2024-06-05,2024,6,1,Bear,1,0.5504,BUY,1,1,0.7179,BUY,1,10,"BB_Upper,BB_Width,BB_Lower,Stochastic,Rolling_Median_Return,MACD,Volume_MA,MFI,Williams_R,OBV",BB_Upper
KOTAKBANK,KOTAKBANK.NS,2024-06-06,2024,6,1,Sideways,-1,0.5111,NO TRADE,0,1,0.685,BUY,1,10,"BB_Upper,BB_Width,BB_Lower,Stochastic,Rolling_Median_Return,MACD,Volume_MA,MFI,Williams_R,OBV",BB_Upper
KOTAKBANK,KOTAKBANK.NS,2024-06-07,2024,6,1,Sideways,-1,0.5205,NO TRADE,0,1,0.7613,BUY,1,10,"BB_Upper,BB_Width,BB_Lower,Stochastic,Rolling_Median_Return,MACD,Volume_MA,MFI,Williams_R,OBV",BB_Upper
KOTAKBANK,KOTAKBANK.NS,2024-06-10,2024,6,1,Sideways,1,0.5658,BUY,1,1,0.8042,BUY,1,10,"BB_Upper,BB_Width,BB_Lower,Stochastic,Rolling_Median_Return,MACD,Volume_MA,MFI,Williams_R,OBV",BB_Upper
KOTAKBANK,KOTAKBANK.NS,2024-06-11,2024,6,1,Sideways,-1,0.5094,NO TRADE,0,1,0.8127,BUY,1,10,"BB_Upper,BB_Width,BB_Lower,Stochastic,Rolling_Median_Return,MACD,Volume_MA,MFI,Williams_R,OBV",BB_Upper
KOTAKBANK,KOTAKBANK.NS,2024-06-12,2024,6,1,Sideways,-1,0.5428,NO TRADE,0,1,0.7628,BUY,1,10,"BB_Upper,BB_Width,BB_Lower,Stochastic,Rolling_Median_Return,MACD,Volume_MA,MFI,Williams_R,OBV",BB_Upper
KOTAKBANK,KOTAKBANK.NS,2024-06-13,2024,6,1,Sideways,1,0.6226,BUY,1,1,0.7888,BUY,1,10,"BB_Upper,BB_Width,BB_Lower,Stochastic,Rolling_Median_Return,MACD,Volume_MA,MFI,Williams_R,OBV",BB_Upper
KOTAKBANK,KOTAKBANK.NS,2024-06-14,2024,6,1,Sideways,1,0.6542,BUY,1,1,0.7702,BUY,1,10,"BB_Upper,BB_Width,BB_Lower,Stochastic,Rolling_Median_Return,MACD,Volume_MA,MFI,Williams_R,OBV",BB_Upper
KOTAKBANK,KOTAKBANK.NS,2024-06-18,2024,6,1,Bear,1,0.6553,BUY,1,1,0.7597,BUY,1,10,"BB_Upper,BB_Width,BB_Lower,Stochastic,Rolling_Median_Return,MACD,Volume_MA,MFI,Williams_R,OBV",BB_Upper
KOTAKBANK,KOTAKBANK.NS,2024-06-19,2024,6,1,Sideways,1,0.5612,BUY,1,1,0.7382,BUY,1,10,"BB_Upper,BB_Width,BB_Lower,Stochastic,Rolling_Median_Return,MACD,Volume_MA,MFI,Williams_R,OBV",BB_Upper
KOTAKBANK,KOTAKBANK.NS,2024-06-20,2024,6,1,Sideways,1,0.6126,BUY,1,1,0.7797,BUY,1,10,"BB_Upper,BB_Width,BB_Lower,Stochastic,Rolling_Median_Return,MACD,Volume_MA,MFI,Williams_R,OBV",BB_Upper
KOTAKBANK,KOTAKBANK.NS,2024-06-21,2024,6,0,Sideways,1,0.6285,BUY,0,1,0.7845,BUY,0,10,"BB_Upper,BB_Width,BB_Lower,Stochastic,Rolling_Median_Return,MACD,Volume_MA,MFI,Williams_R,OBV",BB_Upper
KOTAKBANK,KOTAKBANK.NS,2024-06-24,2024,6,0,Sideways,1,0.648,BUY,0,1,0.8675,BUY,0,10,"BB_Upper,BB_Width,BB_Lower,Stochastic,Rolling_Median_Return,MACD,Volume_MA,MFI,Williams_R,OBV",BB_Upper
KOTAKBANK,KOTAKBANK.NS,2024-06-25,2024,6,0,Sideways,1,0.5789,BUY,0,1,0.8089,BUY,0,10,"BB_Upper,BB_Width,BB_Lower,Stochastic,Rolling_Median_Return,MACD,Volume_MA,MFI,Williams_R,OBV",BB_Upper
KOTAKBANK,KOTAKBANK.NS,2024-06-26,2024,6,0,Sideways,1,0.613,BUY,0,1,0.8043,BUY,0,10,"BB_Upper,BB_Width,BB_Lower,Stochastic,Rolling_Median_Return,MACD,Volume_MA,MFI,Williams_R,OBV",BB_Upper
KOTAKBANK,KOTAKBANK.NS,2024-06-27,2024,6,0,Sideways,-1,0.5217,NO TRADE,0,1,0.7971,BUY,0,10,"BB_Upper,BB_Width,BB_Lower,Stochastic,Rolling_Median_Return,MACD,Volume_MA,MFI,Williams_R,OBV",BB_Upper
KOTAKBANK,KOTAKBANK.NS,2024-06-28,2024,6,0,Sideways,1,0.6858,BUY,0,1,0.8068,BUY,0,10,"BB_Upper,BB_Width,BB_Lower,Stochastic,Rolling_Median_Return,MACD,Volume_MA,MFI,Williams_R,OBV",BB_Upper
KOTAKBANK,KOTAKBANK.NS,2024-07-01,2024,7,0,Sideways,1,0.6935,BUY,0,1,0.7787,BUY,0,10,"BB_Upper,BB_Width,BB_Lower,Stochastic,Rolling_Median_Return,MACD,Volume_MA,MFI,Williams_R,OBV",BB_Upper
KOTAKBANK,KOTAKBANK.NS,2024-07-02,2024,7,1,Sideways,1,0.728,BUY,1,1,0.8467,BUY,1,10,"BB_Upper,BB_Width,BB_Lower,Stochastic,Rolling_Median_Return,MACD,Volume_MA,MFI,Williams_R,OBV",BB_Upper
KOTAKBANK,KOTAKBANK.NS,2024-07-03,2024,7,0,Sideways,1,0.5729,BUY,0,1,0.5876,BUY,0,10,"BB_Upper,BB_Width,BB_Lower,Stochastic,Rolling_Median_Return,MACD,Volume_MA,MFI,Williams_R,OBV",BB_Upper
KOTAKBANK,KOTAKBANK.NS,2024-07-04,2024,7,0,Sideways,-1,0.5267,NO TRADE,0,-1,0.5489,NO TRADE,0,10,"BB_Upper,BB_Width,BB_Lower,Stochastic,Rolling_Median_Return,MACD,Volume_MA,MFI,Williams_R,OBV",BB_Upper
KOTAKBANK,KOTAKBANK.NS,2024-07-05,2024,7,0,Sideways,0,0.6168,SELL,1,0,0.6447,SELL,1,10,"BB_Upper,BB_Width,BB_Lower,Stochastic,Rolling_Median_Return,MACD,Volume_MA,MFI,Williams_R,OBV",BB_Upper
KOTAKBANK,KOTAKBANK.NS,2024-07-08,2024,7,0,Sideways,0,0.6351,SELL,1,-1,0.5121,NO TRADE,0,10,"BB_Upper,BB_Width,BB_Lower,Stochastic,Rolling_Median_Return,MACD,Volume_MA,MFI,Williams_R,OBV",BB_Upper
KOTAKBANK,KOTAKBANK.NS,2024-07-09,2024,7,0,Sideways,0,0.5995,SELL,1,1,0.5748,BUY,0,10,"BB_Upper,BB_Width,BB_Lower,Stochastic,Rolling_Median_Return,MACD,Volume_MA,MFI,Williams_R,OBV",BB_Upper
KOTAKBANK,KOTAKBANK.NS,2024-07-10,2024,7,0,Bull,0,0.622,SELL,1,-1,0.5063,NO TRADE,0,10,"BB_Upper,BB_Width,BB_Lower,Stochastic,Rolling_Median_Return,MACD,Volume_MA,MFI,Williams_R,OBV",BB_Upper
KOTAKBANK,KOTAKBANK.NS,2024-07-11,2024,7,0,Bull,0,0.7032,SELL,1,-1,0.5282,NO TRADE,0,10,"BB_Upper,BB_Width,BB_Lower,Stochastic,Rolling_Median_Return,MACD,Volume_MA,MFI,Williams_R,OBV",BB_Upper
KOTAKBANK,KOTAKBANK.NS,2024-07-12,2024,7,0,Bull,0,0.7645,SELL,1,0,0.7202,SELL,1,10,"BB_Upper,BB_Width,BB_Lower,Stochastic,Rolling_Median_Return,MACD,Volume_MA,MFI,Williams_R,OBV",BB_Upper
KOTAKBANK,KOTAKBANK.NS,2024-07-15,2024,7,0,Bull,0,0.8389,SELL,1,0,0.8217,SELL,1,10,"BB_Upper,BB_Width,BB_Lower,Stochastic,Rolling_Median_Return,MACD,Volume_MA,MFI,Williams_R,OBV",BB_Upper
KOTAKBANK,KOTAKBANK.NS,2024-07-16,2024,7,0,Bull,0,0.8315,SELL,1,0,0.858,SELL,1,10,"BB_Upper,BB_Width,BB_Lower,Stochastic,Rolling_Median_Return,MACD,Volume_MA,MFI,Williams_R,OBV",BB_Upper
KOTAKBANK,KOTAKBANK.NS,2024-07-18,2024,7,0,Bull,0,0.9161,SELL,1,0,0.8634,SELL,1,10,"BB_Lower,OBV,Rolling_Median_Return,RSI_14,MACD,BB_Upper,Williams_R,MACD_Hist,ATR_14,ROC",BB_Lower
KOTAKBANK,KOTAKBANK.NS,2024-07-19,2024,7,0,Bull,0,0.8909,SELL,1,0,0.7565,SELL,1,10,"BB_Lower,OBV,Rolling_Median_Return,RSI_14,MACD,BB_Upper,Williams_R,MACD_Hist,ATR_14,ROC",BB_Lower
KOTAKBANK,KOTAKBANK.NS,2024-07-22,2024,7,1,Bull,0,0.6869,SELL,0,1,0.6769,BUY,1,10,"BB_Lower,OBV,Rolling_Median_Return,RSI_14,MACD,BB_Upper,Williams_R,MACD_Hist,ATR_14,ROC",BB_Lower
KOTAKBANK,KOTAKBANK.NS,2024-07-23,2024,7,1,Bull,0,0.7726,SELL,0,1,0.6447,BUY,1,10,"BB_Lower,OBV,Rolling_Median_Return,RSI_14,MACD,BB_Upper,Williams_R,MACD_Hist,ATR_14,ROC",BB_Lower
KOTAKBANK,KOTAKBANK.NS,2024-07-24,2024,7,1,Bull,-1,0.5177,NO TRADE,0,1,0.7775,BUY,1,10,"BB_Lower,OBV,Rolling_Median_Return,RSI_14,MACD,BB_Upper,Williams_R,MACD_Hist,ATR_14,ROC",BB_Lower
KOTAKBANK,KOTAKBANK.NS,2024-07-25,2024,7,1,Bull,0,0.8177,SELL,0,0,0.7127,SELL,0,10,"BB_Lower,OBV,Rolling_Median_Return,RSI_14,MACD,BB_Upper,Williams_R,MACD_Hist,ATR_14,ROC",BB_Lower
KOTAKBANK,KOTAKBANK.NS,2024-07-26,2024,7,0,Bull,0,0.8898,SELL,1,0,0.7689,SELL,1,10,"BB_Lower,OBV,Rolling_Median_Return,RSI_14,MACD,BB_Upper,Williams_R,MACD_Hist,ATR_14,ROC",BB_Lower
KOTAKBANK,KOTAKBANK.NS,2024-07-29,2024,7,1,Bull,0,0.8692,SELL,0,0,0.7162,SELL,0,10,"BB_Lower,OBV,Rolling_Median_Return,RSI_14,MACD,BB_Upper,Williams_R,MACD_Hist,ATR_14,ROC",BB_Lower
KOTAKBANK,KOTAKBANK.NS,2024-07-30,2024,7,1,Bull,0,0.748,SELL,0,1,0.6246,BUY,1,10,"BB_Lower,OBV,Rolling_Median_Return,RSI_14,MACD,BB_Upper,Williams_R,MACD_Hist,ATR_14,ROC",BB_Lower
KOTAKBANK,KOTAKBANK.NS,2024-07-31,2024,7,0,Bull,0,0.9089,SELL,1,0,0.7573,SELL,1,10,"BB_Lower,OBV,Rolling_Median_Return,RSI_14,MACD,BB_Upper,Williams_R,MACD_Hist,ATR_14,ROC",BB_Lower
KOTAKBANK,KOTAKBANK.NS,2024-08-01,2024,8,0,Bull,0,0.8486,SELL,1,1,0.5684,BUY,0,10,"BB_Lower,OBV,Rolling_Median_Return,RSI_14,MACD,BB_Upper,Williams_R,MACD_Hist,ATR_14,ROC",BB_Lower
KOTAKBANK,KOTAKBANK.NS,2024-08-02,2024,8,0,Bull,0,0.9144,SELL,1,0,0.7356,SELL,1,10,"BB_Lower,OBV,Rolling_Median_Return,RSI_14,MACD,BB_Upper,Williams_R,MACD_Hist,ATR_14,ROC",BB_Lower
KOTAKBANK,KOTAKBANK.NS,2024-08-05,2024,8,1,Bull,0,0.8971,SELL,0,0,0.6889,SELL,0,10,"BB_Lower,OBV,Rolling_Median_Return,RSI_14,MACD,BB_Upper,Williams_R,MACD_Hist,ATR_14,ROC",BB_Lower
KOTAKBANK,KOTAKBANK.NS,2024-08-06,2024,8,1,Bull,0,0.8394,SELL,0,1,0.6276,BUY,1,10,"BB_Lower,OBV,Rolling_Median_Return,RSI_14,MACD,BB_Upper,Williams_R,MACD_Hist,ATR_14,ROC",BB_Lower
KOTAKBANK,KOTAKBANK.NS,2024-08-07,2024,8,1,Bull,0,0.8953,SELL,0,0,0.6914,SELL,0,10,"BB_Lower,OBV,Rolling_Median_Return,RSI_14,MACD,BB_Upper,Williams_R,MACD_Hist,ATR_14,ROC",BB_Lower
KOTAKBANK,KOTAKBANK.NS,2024-08-08,2024,8,0,Bull,0,0.861,SELL,1,1,0.554,BUY,0,10,"BB_Lower,OBV,Rolling_Median_Return,RSI_14,MACD,BB_Upper,Williams_R,MACD_Hist,ATR_14,ROC",BB_Lower
KOTAKBANK,KOTAKBANK.NS,2024-08-09,2024,8,1,Bull,0,0.8562,SELL,0,1,0.5525,BUY,1,10,"BB_Lower,OBV,Rolling_Median_Return,RSI_14,MACD,BB_Upper,Williams_R,MACD_Hist,ATR_14,ROC",BB_Lower
KOTAKBANK,KOTAKBANK.NS,2024-08-12,2024,8,1,Bull,0,0.8926,SELL,0,0,0.5771,SELL,0,10,"BB_Lower,OBV,Rolling_Median_Return,RSI_14,MACD,BB_Upper,Williams_R,MACD_Hist,ATR_14,ROC",BB_Lower
KOTAKBANK,KOTAKBANK.NS,2024-08-13,2024,8,1,Bull,0,0.8577,SELL,0,-1,0.5005,NO TRADE,0,10,"BB_Lower,OBV,Rolling_Median_Return,RSI_14,MACD,BB_Upper,Williams_R,MACD_Hist,ATR_14,ROC",BB_Lower
KOTAKBANK,KOTAKBANK.NS,2024-08-14,2024,8,1,Bull,0,0.8147,SELL,0,-1,0.5284,NO TRADE,0,10,"BB_Lower,OBV,Rolling_Median_Return,RSI_14,MACD,BB_Upper,Williams_R,MACD_Hist,ATR_14,ROC",BB_Lower
KOTAKBANK,KOTAKBANK.NS,2024-08-16,2024,8,1,Sideways,0,0.8394,SELL,0,0,0.5876,SELL,0,10,"BB_Lower,OBV,Rolling_Median_Return,RSI_14,MACD,BB_Upper,Williams_R,MACD_Hist,ATR_14,ROC",BB_Lower
KOTAKBANK,KOTAKBANK.NS,2024-08-19,2024,8,1,Bull,0,0.8236,SELL,0,0,0.695,SELL,0,10,"BB_Lower,OBV,Rolling_Median_Return,RSI_14,MACD,BB_Upper,Williams_R,MACD_Hist,ATR_14,ROC",BB_Lower
KOTAKBANK,KOTAKBANK.NS,2024-08-20,2024,8,1,Bull,0,0.9298,SELL,0,0,0.7594,SELL,0,10,"BB_Lower,OBV,Rolling_Median_Return,RSI_14,MACD,BB_Upper,Williams_R,MACD_Hist,ATR_14,ROC",BB_Lower
KOTAKBANK,KOTAKBANK.NS,2024-08-21,2024,8,1,Bull,0,0.9268,SELL,0,0,0.7621,SELL,0,10,"BB_Lower,OBV,Rolling_Median_Return,RSI_14,MACD,BB_Upper,Williams_R,MACD_Hist,ATR_14,ROC",BB_Lower
KOTAKBANK,KOTAKBANK.NS,2024-08-22,2024,8,1,Bull,0,0.9372,SELL,0,0,0.8305,SELL,0,10,"BB_Lower,OBV,Rolling_Median_Return,RSI_14,MACD,BB_Upper,Williams_R,MACD_Hist,ATR_14,ROC",BB_Lower
KOTAKBANK,KOTAKBANK.NS,2024-08-23,2024,8,1,Bull,0,0.9288,SELL,0,0,0.8357,SELL,0,10,"BB_Lower,OBV,Rolling_Median_Return,RSI_14,MACD,BB_Upper,Williams_R,MACD_Hist,ATR_14,ROC",BB_Lower
KOTAKBANK,KOTAKBANK.NS,2024-08-26,2024,8,1,Bull,0,0.9265,SELL,0,0,0.8395,SELL,0,10,"BB_Lower,OBV,Rolling_Median_Return,RSI_14,MACD,BB_Upper,Williams_R,MACD_Hist,ATR_14,ROC",BB_Lower
KOTAKBANK,KOTAKBANK.NS,2024-08-27,2024,8,1,Bull,0,0.9509,SELL,0,0,0.8852,SELL,0,10,"BB_Lower,OBV,Rolling_Median_Return,RSI_14,MACD,BB_Upper,Williams_R,MACD_Hist,ATR_14,ROC",BB_Lower
KOTAKBANK,KOTAKBANK.NS,2024-08-28,2024,8,1,Bull,0,0.9456,SELL,0,0,0.874,SELL,0,10,"BB_Lower,OBV,Rolling_Median_Return,RSI_14,MACD,BB_Upper,Williams_R,MACD_Hist,ATR_14,ROC",BB_Lower
KOTAKBANK,KOTAKBANK.NS,2024-08-29,2024,8,1,Bull,0,0.9385,SELL,0,0,0.8471,SELL,0,10,"BB_Lower,OBV,Rolling_Median_Return,RSI_14,MACD,BB_Upper,Williams_R,MACD_Hist,ATR_14,ROC",BB_Lower
KOTAKBANK,KOTAKBANK.NS,2024-08-30,2024,8,1,Bull,0,0.9432,SELL,0,0,0.8538,SELL,0,10,"BB_Lower,OBV,Rolling_Median_Return,RSI_14,MACD,BB_Upper,Williams_R,MACD_Hist,ATR_14,ROC",BB_Lower
KOTAKBANK,KOTAKBANK.NS,2024-09-02,2024,9,1,Sideways,0,0.9232,SELL,0,0,0.8237,SELL,0,10,"BB_Lower,OBV,Rolling_Median_Return,RSI_14,MACD,BB_Upper,Williams_R,MACD_Hist,ATR_14,ROC",BB_Lower
KOTAKBANK,KOTAKBANK.NS,2024-09-03,2024,9,1,Sideways,0,0.9179,SELL,0,0,0.8241,SELL,0,10,"BB_Lower,OBV,Rolling_Median_Return,RSI_14,MACD,BB_Upper,Williams_R,MACD_Hist,ATR_14,ROC",BB_Lower
KOTAKBANK,KOTAKBANK.NS,2024-09-04,2024,9,1,Sideways,0,0.9199,SELL,0,0,0.8231,SELL,0,10,"BB_Lower,OBV,Rolling_Median_Return,RSI_14,MACD,BB_Upper,Williams_R,MACD_Hist,ATR_14,ROC",BB_Lower
KOTAKBANK,KOTAKBANK.NS,2024-09-05,2024,9,1,Sideways,0,0.8762,SELL,0,0,0.7279,SELL,0,10,"BB_Lower,OBV,Rolling_Median_Return,RSI_14,MACD,BB_Upper,Williams_R,MACD_Hist,ATR_14,ROC",BB_Lower
KOTAKBANK,KOTAKBANK.NS,2024-09-06,2024,9,1,Sideways,0,0.8403,SELL,0,0,0.7234,SELL,0,10,"BB_Lower,OBV,Rolling_Median_Return,RSI_14,MACD,BB_Upper,Williams_R,MACD_Hist,ATR_14,ROC",BB_Lower
KOTAKBANK,KOTAKBANK.NS,2024-09-09,2024,9,1,Sideways,0,0.9084,SELL,0,0,0.7898,SELL,0,10,"BB_Lower,OBV,Rolling_Median_Return,RSI_14,MACD,BB_Upper,Williams_R,MACD_Hist,ATR_14,ROC",BB_Lower
KOTAKBANK,KOTAKBANK.NS,2024-09-10,2024,9,1,Sideways,0,0.9046,SELL,0,0,0.8552,SELL,0,10,"BB_Lower,OBV,Rolling_Median_Return,RSI_14,MACD,BB_Upper,Williams_R,MACD_Hist,ATR_14,ROC",BB_Lower
KOTAKBANK,KOTAKBANK.NS,2024-09-11,2024,9,1,Sideways,0,0.8878,SELL,0,0,0.8062,SELL,0,10,"BB_Lower,OBV,Rolling_Median_Return,RSI_14,MACD,BB_Upper,Williams_R,MACD_Hist,ATR_14,ROC",BB_Lower
KOTAKBANK,KOTAKBANK.NS,2024-09-12,2024,9,1,Sideways,0,0.935,SELL,0,0,0.8577,SELL,0,10,"BB_Lower,OBV,Rolling_Median_Return,RSI_14,MACD,BB_Upper,Williams_R,MACD_Hist,ATR_14,ROC",BB_Lower
KOTAKBANK,KOTAKBANK.NS,2024-09-13,2024,9,1,Bull,0,0.9152,SELL,0,0,0.8452,SELL,0,10,"BB_Lower,OBV,Rolling_Median_Return,RSI_14,MACD,BB_Upper,Williams_R,MACD_Hist,ATR_14,ROC",BB_Lower
KOTAKBANK,KOTAKBANK.NS,2024-09-16,2024,9,1,Sideways,0,0.9516,SELL,0,0,0.8907,SELL,0,10,"BB_Lower,OBV,Rolling_Median_Return,RSI_14,MACD,BB_Upper,Williams_R,MACD_Hist,ATR_14,ROC",BB_Lower
KOTAKBANK,KOTAKBANK.NS,2024-09-17,2024,9,1,Sideways,0,0.9515,SELL,0,0,0.8817,SELL,0,10,"BB_Lower,OBV,Rolling_Median_Return,RSI_14,MACD,BB_Upper,Williams_R,MACD_Hist,ATR_14,ROC",BB_Lower
KOTAKBANK,KOTAKBANK.NS,2024-09-18,2024,9,1,Sideways,0,0.9309,SELL,0,0,0.8582,SELL,0,10,"BB_Lower,OBV,Rolling_Median_Return,RSI_14,MACD,BB_Upper,Williams_R,MACD_Hist,ATR_14,ROC",BB_Lower
KOTAKBANK,KOTAKBANK.NS,2024-09-19,2024,9,0,Sideways,0,0.9439,SELL,1,0,0.9177,SELL,1,10,"BB_Lower,OBV,Rolling_Median_Return,RSI_14,MACD,BB_Upper,Williams_R,MACD_Hist,ATR_14,ROC",BB_Lower
KOTAKBANK,KOTAKBANK.NS,2024-09-20,2024,9,0,Sideways,0,0.8911,SELL,1,0,0.9131,SELL,1,10,"BB_Lower,OBV,Rolling_Median_Return,RSI_14,MACD,BB_Upper,Williams_R,MACD_Hist,ATR_14,ROC",BB_Lower
KOTAKBANK,KOTAKBANK.NS,2024-09-23,2024,9,0,Bull,0,0.8576,SELL,1,0,0.9236,SELL,1,10,"BB_Lower,OBV,Rolling_Median_Return,RSI_14,MACD,BB_Upper,Williams_R,MACD_Hist,ATR_14,ROC",BB_Lower
KOTAKBANK,KOTAKBANK.NS,2024-09-24,2024,9,0,Bull,0,0.8426,SELL,1,0,0.9174,SELL,1,10,"BB_Lower,OBV,Rolling_Median_Return,RSI_14,MACD,BB_Upper,Williams_R,MACD_Hist,ATR_14,ROC",BB_Lower
KOTAKBANK,KOTAKBANK.NS,2024-09-25,2024,9,0,Bull,0,0.8387,SELL,1,0,0.904,SELL,1,10,"BB_Lower,OBV,Rolling_Median_Return,RSI_14,MACD,BB_Upper,Williams_R,MACD_Hist,ATR_14,ROC",BB_Lower
KOTAKBANK,KOTAKBANK.NS,2024-09-26,2024,9,0,Bull,0,0.8367,SELL,1,0,0.8767,SELL,1,10,"BB_Lower,OBV,Rolling_Median_Return,RSI_14,MACD,BB_Upper,Williams_R,MACD_Hist,ATR_14,ROC",BB_Lower
KOTAKBANK,KOTAKBANK.NS,2024-09-27,2024,9,0,Bull,0,0.8298,SELL,1,0,0.8654,SELL,1,10,"BB_Lower,OBV,Rolling_Median_Return,RSI_14,MACD,BB_Upper,Williams_R,MACD_Hist,ATR_14,ROC",BB_Lower
KOTAKBANK,KOTAKBANK.NS,2024-09-30,2024,9,0,Bull,0,0.7774,SELL,1,0,0.826,SELL,1,10,"BB_Lower,OBV,Rolling_Median_Return,RSI_14,MACD,BB_Upper,Williams_R,MACD_Hist,ATR_14,ROC",BB_Lower
KOTAKBANK,KOTAKBANK.NS,2024-10-01,2024,10,0,Sideways,0,0.776,SELL,1,0,0.8058,SELL,1,10,"BB_Lower,OBV,Rolling_Median_Return,RSI_14,MACD,BB_Upper,Williams_R,MACD_Hist,ATR_14,ROC",BB_Lower
KOTAKBANK,KOTAKBANK.NS,2024-10-03,2024,10,0,Bull,-1,0.5495,NO TRADE,0,-1,0.5294,NO TRADE,0,10,"BB_Lower,OBV,Rolling_Median_Return,RSI_14,MACD,BB_Upper,Williams_R,MACD_Hist,ATR_14,ROC",BB_Lower
KOTAKBANK,KOTAKBANK.NS,2024-10-04,2024,10,0,Bull,1,0.6417,BUY,0,1,0.6544,BUY,0,10,"BB_Lower,OBV,Rolling_Median_Return,RSI_14,MACD,BB_Upper,Williams_R,MACD_Hist,ATR_14,ROC",BB_Lower
KOTAKBANK,KOTAKBANK.NS,2024-10-07,2024,10,0,Bull,1,0.759,BUY,0,1,0.8044,BUY,0,10,"BB_Lower,OBV,Rolling_Median_Return,RSI_14,MACD,BB_Upper,Williams_R,MACD_Hist,ATR_14,ROC",BB_Lower
KOTAKBANK,KOTAKBANK.NS,2024-10-08,2024,10,0,Sideways,1,0.7263,BUY,0,1,0.7184,BUY,0,10,"BB_Lower,OBV,Rolling_Median_Return,RSI_14,MACD,BB_Upper,Williams_R,MACD_Hist,ATR_14,ROC",BB_Lower
KOTAKBANK,KOTAKBANK.NS,2024-10-09,2024,10,0,Sideways,1,0.729,BUY,0,1,0.7809,BUY,0,10,"BB_Lower,OBV,Rolling_Median_Return,RSI_14,MACD,BB_Upper,Williams_R,MACD_Hist,ATR_14,ROC",BB_Lower
KOTAKBANK,KOTAKBANK.NS,2024-10-10,2024,10,0,Sideways,0,0.5558,SELL,1,1,0.6359,BUY,0,10,"BB_Lower,OBV,Rolling_Median_Return,RSI_14,MACD,BB_Upper,Williams_R,MACD_Hist,ATR_14,ROC",BB_Lower
KOTAKBANK,KOTAKBANK.NS,2024-10-11,2024,10,0,Bull,0,0.599,SELL,1,-1,0.5188,NO TRADE,0,10,"BB_Lower,OBV,Rolling_Median_Return,RSI_14,MACD,BB_Upper,Williams_R,MACD_Hist,ATR_14,ROC",BB_Lower
KOTAKBANK,KOTAKBANK.NS,2024-10-14,2024,10,0,Bull,0,0.9253,SELL,1,0,0.9256,SELL,1,10,"MACD_Hist,OBV,BB_Lower,MACD,BB_Width,Rolling_Volatility,Rolling_Median_Return,ATR_14,Volume_MA,Rolling_Std_10",MACD_Hist
KOTAKBANK,KOTAKBANK.NS,2024-10-15,2024,10,0,Bull,0,0.885,SELL,1,0,0.9181,SELL,1,10,"MACD_Hist,OBV,BB_Lower,MACD,BB_Width,Rolling_Volatility,Rolling_Median_Return,ATR_14,Volume_MA,Rolling_Std_10",MACD_Hist
KOTAKBANK,KOTAKBANK.NS,2024-10-16,2024,10,0,Bull,0,0.7565,SELL,1,0,0.7811,SELL,1,10,"MACD_Hist,OBV,BB_Lower,MACD,BB_Width,Rolling_Volatility,Rolling_Median_Return,ATR_14,Volume_MA,Rolling_Std_10",MACD_Hist
KOTAKBANK,KOTAKBANK.NS,2024-10-17,2024,10,0,Bull,0,0.7784,SELL,1,0,0.7261,SELL,1,10,"MACD_Hist,OBV,BB_Lower,MACD,BB_Width,Rolling_Volatility,Rolling_Median_Return,ATR_14,Volume_MA,Rolling_Std_10",MACD_Hist
KOTAKBANK,KOTAKBANK.NS,2024-10-18,2024,10,0,Bull,0,0.9269,SELL,1,0,0.8898,SELL,1,10,"MACD_Hist,OBV,BB_Lower,MACD,BB_Width,Rolling_Volatility,Rolling_Median_Return,ATR_14,Volume_MA,Rolling_Std_10",MACD_Hist
KOTAKBANK,KOTAKBANK.NS,2024-10-21,2024,10,0,Bull,0,0.8333,SELL,1,0,0.7796,SELL,1,10,"MACD_Hist,OBV,BB_Lower,MACD,BB_Width,Rolling_Volatility,Rolling_Median_Return,ATR_14,Volume_MA,Rolling_Std_10",MACD_Hist
KOTAKBANK,KOTAKBANK.NS,2024-10-22,2024,10,0,Sideways,0,0.5985,SELL,1,-1,0.5354,NO TRADE,0,10,"MACD_Hist,OBV,BB_Lower,MACD,BB_Width,Rolling_Volatility,Rolling_Median_Return,ATR_14,Volume_MA,Rolling_Std_10",MACD_Hist
KOTAKBANK,KOTAKBANK.NS,2024-10-23,2024,10,0,Sideways,0,0.6339,SELL,1,0,0.5754,SELL,1,10,"MACD_Hist,OBV,BB_Lower,MACD,BB_Width,Rolling_Volatility,Rolling_Median_Return,ATR_14,Volume_MA,Rolling_Std_10",MACD_Hist
KOTAKBANK,KOTAKBANK.NS,2024-10-24,2024,10,1,Sideways,1,0.7624,BUY,1,1,0.741,BUY,1,10,"MACD_Hist,OBV,BB_Lower,MACD,BB_Width,Rolling_Volatility,Rolling_Median_Return,ATR_14,Volume_MA,Rolling_Std_10",MACD_Hist
KOTAKBANK,KOTAKBANK.NS,2024-10-25,2024,10,1,Sideways,1,0.6936,BUY,1,1,0.7567,BUY,1,10,"MACD_Hist,OBV,BB_Lower,MACD,BB_Width,Rolling_Volatility,Rolling_Median_Return,ATR_14,Volume_MA,Rolling_Std_10",MACD_Hist
KOTAKBANK,KOTAKBANK.NS,2024-10-28,2024,10,1,Sideways,1,0.8139,BUY,1,1,0.838,BUY,1,10,"MACD_Hist,OBV,BB_Lower,MACD,BB_Width,Rolling_Volatility,Rolling_Median_Return,ATR_14,Volume_MA,Rolling_Std_10",MACD_Hist
KOTAKBANK,KOTAKBANK.NS,2024-10-29,2024,10,0,Sideways,1,0.7481,BUY,0,1,0.8464,BUY,0,10,"MACD_Hist,OBV,BB_Lower,MACD,BB_Width,Rolling_Volatility,Rolling_Median_Return,ATR_14,Volume_MA,Rolling_Std_10",MACD_Hist
KOTAKBANK,KOTAKBANK.NS,2024-10-30,2024,10,1,Sideways,1,0.7852,BUY,1,1,0.8609,BUY,1,10,"MACD_Hist,OBV,BB_Lower,MACD,BB_Width,Rolling_Volatility,Rolling_Median_Return,ATR_14,Volume_MA,Rolling_Std_10",MACD_Hist
KOTAKBANK,KOTAKBANK.NS,2024-10-31,2024,10,1,Bear,1,0.8452,BUY,1,1,0.8844,BUY,1,10,"MACD_Hist,OBV,BB_Lower,MACD,BB_Width,Rolling_Volatility,Rolling_Median_Return,ATR_14,Volume_MA,Rolling_Std_10",MACD_Hist
KOTAKBANK,KOTAKBANK.NS,2024-11-01,2024,11,1,Bear,1,0.8699,BUY,1,1,0.9038,BUY,1,10,"MACD_Hist,OBV,BB_Lower,MACD,BB_Width,Rolling_Volatility,Rolling_Median_Return,ATR_14,Volume_MA,Rolling_Std_10",MACD_Hist
KOTAKBANK,KOTAKBANK.NS,2024-11-04,2024,11,1,Bear,1,0.9254,BUY,1,1,0.8893,BUY,1,10,"MACD_Hist,OBV,BB_Lower,MACD,BB_Width,Rolling_Volatility,Rolling_Median_Return,ATR_14,Volume_MA,Rolling_Std_10",MACD_Hist
KOTAKBANK,KOTAKBANK.NS,2024-11-05,2024,11,1,Bear,1,0.8088,BUY,1,1,0.7715,BUY,1,10,"MACD_Hist,OBV,BB_Lower,MACD,BB_Width,Rolling_Volatility,Rolling_Median_Return,ATR_14,Volume_MA,Rolling_Std_10",MACD_Hist
KOTAKBANK,KOTAKBANK.NS,2024-11-06,2024,11,1,Bear,1,0.8225,BUY,1,1,0.7733,BUY,1,10,"MACD_Hist,OBV,BB_Lower,MACD,BB_Width,Rolling_Volatility,Rolling_Median_Return,ATR_14,Volume_MA,Rolling_Std_10",MACD_Hist
KOTAKBANK,KOTAKBANK.NS,2024-11-07,2024,11,1,Sideways,1,0.8383,BUY,1,1,0.7093,BUY,1,10,"MACD_Hist,OBV,BB_Lower,MACD,BB_Width,Rolling_Volatility,Rolling_Median_Return,ATR_14,Volume_MA,Rolling_Std_10",MACD_Hist
KOTAKBANK,KOTAKBANK.NS,2024-11-08,2024,11,1,Sideways,1,0.8336,BUY,1,1,0.7946,BUY,1,10,"MACD_Hist,OBV,BB_Lower,MACD,BB_Width,Rolling_Volatility,Rolling_Median_Return,ATR_14,Volume_MA,Rolling_Std_10",MACD_Hist
KOTAKBANK,KOTAKBANK.NS,2024-11-11,2024,11,1,Sideways,1,0.7362,BUY,1,1,0.5912,BUY,1,10,"MACD_Hist,OBV,BB_Lower,MACD,BB_Width,Rolling_Volatility,Rolling_Median_Return,ATR_14,Volume_MA,Rolling_Std_10",MACD_Hist
KOTAKBANK,KOTAKBANK.NS,2024-11-12,2024,11,1,Sideways,1,0.7857,BUY,1,1,0.6672,BUY,1,10,"MACD_Hist,OBV,BB_Lower,MACD,BB_Width,Rolling_Volatility,Rolling_Median_Return,ATR_14,Volume_MA,Rolling_Std_10",MACD_Hist
KOTAKBANK,KOTAKBANK.NS,2024-11-13,2024,11,1,Bear,1,0.8059,BUY,1,1,0.709,BUY,1,10,"MACD_Hist,OBV,BB_Lower,MACD,BB_Width,Rolling_Volatility,Rolling_Median_Return,ATR_14,Volume_MA,Rolling_Std_10",MACD_Hist
KOTAKBANK,KOTAKBANK.NS,2024-11-14,2024,11,1,Bear,1,0.7819,BUY,1,1,0.7505,BUY,1,10,"MACD_Hist,OBV,BB_Lower,MACD,BB_Width,Rolling_Volatility,Rolling_Median_Return,ATR_14,Volume_MA,Rolling_Std_10",MACD_Hist
KOTAKBANK,KOTAKBANK.NS,2024-11-18,2024,11,1,Bear,1,0.6443,BUY,1,1,0.7666,BUY,1,10,"MACD_Hist,OBV,BB_Lower,MACD,BB_Width,Rolling_Volatility,Rolling_Median_Return,ATR_14,Volume_MA,Rolling_Std_10",MACD_Hist
KOTAKBANK,KOTAKBANK.NS,2024-11-19,2024,11,1,Bear,-1,0.5168,NO TRADE,0,1,0.7118,BUY,1,10,"MACD_Hist,OBV,BB_Lower,MACD,BB_Width,Rolling_Volatility,Rolling_Median_Return,ATR_14,Volume_MA,Rolling_Std_10",MACD_Hist
KOTAKBANK,KOTAKBANK.NS,2024-11-21,2024,11,1,Sideways,-1,0.5099,NO TRADE,0,1,0.7282,BUY,1,10,"MACD_Hist,OBV,BB_Lower,MACD,BB_Width,Rolling_Volatility,Rolling_Median_Return,ATR_14,Volume_MA,Rolling_Std_10",MACD_Hist
KOTAKBANK,KOTAKBANK.NS,2024-11-22,2024,11,0,Bear,0,0.5602,SELL,1,1,0.7825,BUY,0,10,"MACD_Hist,OBV,BB_Lower,MACD,BB_Width,Rolling_Volatility,Rolling_Median_Return,ATR_14,Volume_MA,Rolling_Std_10",MACD_Hist
KOTAKBANK,KOTAKBANK.NS,2024-11-25,2024,11,0,Sideways,-1,0.5096,NO TRADE,0,1,0.7465,BUY,0,10,"MACD_Hist,OBV,BB_Lower,MACD,BB_Width,Rolling_Volatility,Rolling_Median_Return,ATR_14,Volume_MA,Rolling_Std_10",MACD_Hist
KOTAKBANK,KOTAKBANK.NS,2024-11-26,2024,11,0,Sideways,-1,0.5178,NO TRADE,0,1,0.7718,BUY,0,10,"MACD_Hist,OBV,BB_Lower,MACD,BB_Width,Rolling_Volatility,Rolling_Median_Return,ATR_14,Volume_MA,Rolling_Std_10",MACD_Hist
KOTAKBANK,KOTAKBANK.NS,2024-11-27,2024,11,0,Sideways,0,0.5784,SELL,1,1,0.7272,BUY,0,10,"MACD_Hist,OBV,BB_Lower,MACD,BB_Width,Rolling_Volatility,Rolling_Median_Return,ATR_14,Volume_MA,Rolling_Std_10",MACD_Hist
KOTAKBANK,KOTAKBANK.NS,2024-11-28,2024,11,1,Sideways,-1,0.5417,NO TRADE,0,1,0.6876,BUY,1,10,"MACD_Hist,OBV,BB_Lower,MACD,BB_Width,Rolling_Volatility,Rolling_Median_Return,ATR_14,Volume_MA,Rolling_Std_10",MACD_Hist
KOTAKBANK,KOTAKBANK.NS,2024-11-29,2024,11,0,Bear,-1,0.5032,NO TRADE,0,1,0.6892,BUY,0,10,"MACD_Hist,OBV,BB_Lower,MACD,BB_Width,Rolling_Volatility,Rolling_Median_Return,ATR_14,Volume_MA,Rolling_Std_10",MACD_Hist
KOTAKBANK,KOTAKBANK.NS,2024-12-02,2024,12,1,Bear,1,0.5722,BUY,1,1,0.5732,BUY,1,10,"MACD_Hist,OBV,BB_Lower,MACD,BB_Width,Rolling_Volatility,Rolling_Median_Return,ATR_14,Volume_MA,Rolling_Std_10",MACD_Hist
