stock,stock_symbol,predict_date,year,month,actual_target,market_regime,static_pred,static_confidence,static_signal,static_correct,dynamic_pred,dynamic_confidence,dynamic_signal,dynamic_correct,n_dynamic_features,dynamic_features,top_mi_feature
POWERGRID,POWERGRID.NS,2022-01-03,2022,1,1,Bull,0,0.6157,SELL,0,0,0.642,SELL,0,10,"MACD,MACD_Hist,Rolling_Volatility,OBV,RSI_14,Rolling_Std_10,ATR_14,BB_Lower,BB_Upper,CCI",MACD
POWERGRID,POWERGRID.NS,2022-01-04,2022,1,1,Bull,0,0.7756,SELL,0,0,0.6949,SELL,0,10,"MACD,MACD_Hist,Rolling_Volatility,OBV,RSI_14,Rolling_Std_10,ATR_14,BB_Lower,BB_Upper,CCI",MACD
POWERGRID,POWERGRID.NS,2022-01-05,2022,1,1,Bull,0,0.7149,SELL,0,0,0.7226,SELL,0,10,"MACD,MACD_Hist,Rolling_Volatility,OBV,RSI_14,Rolling_Std_10,ATR_14,BB_Lower,BB_Upper,CCI",MACD
POWERGRID,POWERGRID.NS,2022-01-06,2022,1,1,Bull,0,0.7817,SELL,0,0,0.666,SELL,0,10,"MACD,MACD_Hist,Rolling_Volatility,OBV,RSI_14,Rolling_Std_10,ATR_14,BB_Lower,BB_Upper,CCI",MACD
POWERGRID,POWERGRID.NS,2022-01-07,2022,1,1,Bull,0,0.7476,SELL,0,0,0.6148,SELL,0,10,"MACD,MACD_Hist,Rolling_Volatility,OBV,RSI_14,Rolling_Std_10,ATR_14,BB_Lower,BB_Upper,CCI",MACD
POWERGRID,POWERGRID.NS,2022-01-10,2022,1,1,Bull,0,0.6174,SELL,0,-1,0.5274,NO TRADE,0,10,"MACD,MACD_Hist,Rolling_Volatility,OBV,RSI_14,Rolling_Std_10,ATR_14,BB_Lower,BB_Upper,CCI",MACD
POWERGRID,POWERGRID.NS,2022-01-11,2022,1,1,Bull,0,0.5631,SELL,0,1,0.5958,BUY,1,10,"MACD,MACD_Hist,Rolling_Volatility,OBV,RSI_14,Rolling_Std_10,ATR_14,BB_Lower,BB_Upper,CCI",MACD
POWERGRID,POWERGRID.NS,2022-01-12,2022,1,1,Bull,0,0.5833,SELL,0,-1,0.5251,NO TRADE,0,10,"MACD,MACD_Hist,Rolling_Volatility,OBV,RSI_14,Rolling_Std_10,ATR_14,BB_Lower,BB_Upper,CCI",MACD
POWERGRID,POWERGRID.NS,2022-01-13,2022,1,0,Bull,0,0.7921,SELL,1,-1,0.5401,NO TRADE,0,10,"MACD,MACD_Hist,Rolling_Volatility,OBV,RSI_14,Rolling_Std_10,ATR_14,BB_Lower,BB_Upper,CCI",MACD
POWERGRID,POWERGRID.NS,2022-01-14,2022,1,0,Bull,0,0.6395,SELL,1,-1,0.5047,NO TRADE,0,10,"MACD,MACD_Hist,Rolling_Volatility,OBV,RSI_14,Rolling_Std_10,ATR_14,BB_Lower,BB_Upper,CCI",MACD
POWERGRID,POWERGRID.NS,2022-01-17,2022,1,0,Bull,0,0.6621,SELL,1,1,0.561,BUY,0,10,"MACD,MACD_Hist,Rolling_Volatility,OBV,RSI_14,Rolling_Std_10,ATR_14,BB_Lower,BB_Upper,CCI",MACD
POWERGRID,POWERGRID.NS,2022-01-18,2022,1,0,Bull,-1,0.5476,NO TRADE,0,1,0.7261,BUY,0,10,"MACD,MACD_Hist,Rolling_Volatility,OBV,RSI_14,Rolling_Std_10,ATR_14,BB_Lower,BB_Upper,CCI",MACD
POWERGRID,POWERGRID.NS,2022-01-19,2022,1,0,Bull,-1,0.5367,NO TRADE,0,1,0.6604,BUY,0,10,"MACD,MACD_Hist,Rolling_Volatility,OBV,RSI_14,Rolling_Std_10,ATR_14,BB_Lower,BB_Upper,CCI",MACD
POWERGRID,POWERGRID.NS,2022-01-20,2022,1,0,Bull,0,0.8352,SELL,1,0,0.6393,SELL,1,10,"MACD,MACD_Hist,Rolling_Volatility,OBV,RSI_14,Rolling_Std_10,ATR_14,BB_Lower,BB_Upper,CCI",MACD
POWERGRID,POWERGRID.NS,2022-01-21,2022,1,0,Bull,0,0.74,SELL,1,0,0.6347,SELL,1,10,"MACD,MACD_Hist,Rolling_Volatility,OBV,RSI_14,Rolling_Std_10,ATR_14,BB_Lower,BB_Upper,CCI",MACD
POWERGRID,POWERGRID.NS,2022-01-24,2022,1,0,Bull,0,0.7226,SELL,1,0,0.614,SELL,1,10,"MACD,MACD_Hist,Rolling_Volatility,OBV,RSI_14,Rolling_Std_10,ATR_14,BB_Lower,BB_Upper,CCI",MACD
POWERGRID,POWERGRID.NS,2022-01-25,2022,1,0,Bull,0,0.7572,SELL,1,0,0.6891,SELL,1,10,"MACD,MACD_Hist,Rolling_Volatility,OBV,RSI_14,Rolling_Std_10,ATR_14,BB_Lower,BB_Upper,CCI",MACD
POWERGRID,POWERGRID.NS,2022-01-27,2022,1,0,Bull,0,0.8407,SELL,1,0,0.7987,SELL,1,10,"MACD,MACD_Hist,Rolling_Volatility,OBV,RSI_14,Rolling_Std_10,ATR_14,BB_Lower,BB_Upper,CCI",MACD
POWERGRID,POWERGRID.NS,2022-01-28,2022,1,0,Bull,0,0.7166,SELL,1,0,0.6917,SELL,1,10,"MACD,MACD_Hist,Rolling_Volatility,OBV,RSI_14,Rolling_Std_10,ATR_14,BB_Lower,BB_Upper,CCI",MACD
POWERGRID,POWERGRID.NS,2022-01-31,2022,1,0,Bull,0,0.9056,SELL,1,0,0.836,SELL,1,10,"MACD,MACD_Hist,Rolling_Volatility,OBV,RSI_14,Rolling_Std_10,ATR_14,BB_Lower,BB_Upper,CCI",MACD
POWERGRID,POWERGRID.NS,2022-02-01,2022,2,1,Bull,0,0.8141,SELL,0,0,0.8202,SELL,0,10,"MACD,MACD_Hist,Rolling_Volatility,OBV,RSI_14,Rolling_Std_10,ATR_14,BB_Lower,BB_Upper,CCI",MACD
POWERGRID,POWERGRID.NS,2022-02-02,2022,2,1,Bull,0,0.7587,SELL,0,0,0.805,SELL,0,10,"MACD,MACD_Hist,Rolling_Volatility,OBV,RSI_14,Rolling_Std_10,ATR_14,BB_Lower,BB_Upper,CCI",MACD
POWERGRID,POWERGRID.NS,2022-02-03,2022,2,1,Bull,0,0.7572,SELL,0,0,0.7514,SELL,0,10,"MACD,MACD_Hist,Rolling_Volatility,OBV,RSI_14,Rolling_Std_10,ATR_14,BB_Lower,BB_Upper,CCI",MACD
POWERGRID,POWERGRID.NS,2022-02-04,2022,2,1,Bull,0,0.6349,SELL,0,-1,0.5026,NO TRADE,0,10,"MACD,MACD_Hist,Rolling_Volatility,OBV,RSI_14,Rolling_Std_10,ATR_14,BB_Lower,BB_Upper,CCI",MACD
POWERGRID,POWERGRID.NS,2022-02-07,2022,2,1,Bull,0,0.7354,SELL,0,0,0.671,SELL,0,10,"MACD,MACD_Hist,Rolling_Volatility,OBV,RSI_14,Rolling_Std_10,ATR_14,BB_Lower,BB_Upper,CCI",MACD
POWERGRID,POWERGRID.NS,2022-02-08,2022,2,1,Bull,1,0.6525,BUY,1,1,0.7454,BUY,1,10,"MACD,MACD_Hist,Rolling_Std_10,Volume_Ratio,RSI_14,BB_Upper,OBV,Return_5d,Rolling_Volatility,BB_Lower",MACD
POWERGRID,POWERGRID.NS,2022-02-09,2022,2,1,Bull,1,0.7826,BUY,1,1,0.8334,BUY,1,10,"MACD,MACD_Hist,Rolling_Std_10,Volume_Ratio,RSI_14,BB_Upper,OBV,Return_5d,Rolling_Volatility,BB_Lower",MACD
POWERGRID,POWERGRID.NS,2022-02-10,2022,2,1,Bull,-1,0.5336,NO TRADE,0,-1,0.5165,NO TRADE,0,10,"MACD,MACD_Hist,Rolling_Std_10,Volume_Ratio,RSI_14,BB_Upper,OBV,Return_5d,Rolling_Volatility,BB_Lower",MACD
POWERGRID,POWERGRID.NS,2022-02-11,2022,2,1,Bull,1,0.7134,BUY,1,1,0.7139,BUY,1,10,"MACD,MACD_Hist,Rolling_Std_10,Volume_Ratio,RSI_14,BB_Upper,OBV,Return_5d,Rolling_Volatility,BB_Lower",MACD
POWERGRID,POWERGRID.NS,2022-02-14,2022,2,1,Sideways,1,0.9175,BUY,1,1,0.8986,BUY,1,10,"MACD,MACD_Hist,Rolling_Std_10,Volume_Ratio,RSI_14,BB_Upper,OBV,Return_5d,Rolling_Volatility,BB_Lower",MACD
POWERGRID,POWERGRID.NS,2022-02-15,2022,2,1,Sideways,1,0.8129,BUY,1,1,0.8947,BUY,1,10,"MACD,MACD_Hist,Rolling_Std_10,Volume_Ratio,RSI_14,BB_Upper,OBV,Return_5d,Rolling_Volatility,BB_Lower",MACD
POWERGRID,POWERGRID.NS,2022-02-16,2022,2,1,Bull,1,0.9454,BUY,1,1,0.9121,BUY,1,10,"MACD,MACD_Hist,Rolling_Std_10,Volume_Ratio,RSI_14,BB_Upper,OBV,Return_5d,Rolling_Volatility,BB_Lower",MACD
POWERGRID,POWERGRID.NS,2022-02-17,2022,2,1,Sideways,1,0.9669,BUY,1,1,0.9594,BUY,1,10,"MACD,MACD_Hist,Rolling_Std_10,Volume_Ratio,RSI_14,BB_Upper,OBV,Return_5d,Rolling_Volatility,BB_Lower",MACD
POWERGRID,POWERGRID.NS,2022-02-18,2022,2,1,Bull,1,0.9658,BUY,1,1,0.9483,BUY,1,10,"MACD,MACD_Hist,Rolling_Std_10,Volume_Ratio,RSI_14,BB_Upper,OBV,Return_5d,Rolling_Volatility,BB_Lower",MACD
POWERGRID,POWERGRID.NS,2022-02-21,2022,2,1,Bull,1,0.9176,BUY,1,1,0.8917,BUY,1,10,"MACD,MACD_Hist,Rolling_Std_10,Volume_Ratio,RSI_14,BB_Upper,OBV,Return_5d,Rolling_Volatility,BB_Lower",MACD
POWERGRID,POWERGRID.NS,2022-02-22,2022,2,1,Bull,1,0.9121,BUY,1,1,0.8661,BUY,1,10,"MACD,MACD_Hist,Rolling_Std_10,Volume_Ratio,RSI_14,BB_Upper,OBV,Return_5d,Rolling_Volatility,BB_Lower",MACD
POWERGRID,POWERGRID.NS,2022-02-23,2022,2,1,Bull,1,0.9098,BUY,1,1,0.8732,BUY,1,10,"MACD,MACD_Hist,Rolling_Std_10,Volume_Ratio,RSI_14,BB_Upper,OBV,Return_5d,Rolling_Volatility,BB_Lower",MACD
POWERGRID,POWERGRID.NS,2022-02-24,2022,2,1,Sideways,1,0.9773,BUY,1,1,0.9605,BUY,1,10,"MACD,MACD_Hist,Rolling_Std_10,Volume_Ratio,RSI_14,BB_Upper,OBV,Return_5d,Rolling_Volatility,BB_Lower",MACD
POWERGRID,POWERGRID.NS,2022-02-25,2022,2,1,Bear,1,0.8659,BUY,1,1,0.868,BUY,1,10,"MACD,MACD_Hist,Rolling_Std_10,Volume_Ratio,RSI_14,BB_Upper,OBV,Return_5d,Rolling_Volatility,BB_Lower",MACD
POWERGRID,POWERGRID.NS,2022-02-28,2022,2,1,Sideways,1,0.6241,BUY,1,1,0.6186,BUY,1,10,"MACD,MACD_Hist,Rolling_Std_10,Volume_Ratio,RSI_14,BB_Upper,OBV,Return_5d,Rolling_Volatility,BB_Lower",MACD
POWERGRID,POWERGRID.NS,2022-03-02,2022,3,1,Bull,1,0.5992,BUY,1,1,0.5507,BUY,1,10,"MACD,MACD_Hist,Rolling_Std_10,Volume_Ratio,RSI_14,BB_Upper,OBV,Return_5d,Rolling_Volatility,BB_Lower",MACD
POWERGRID,POWERGRID.NS,2022-03-03,2022,3,1,Bull,0,0.5548,SELL,0,-1,0.5155,NO TRADE,0,10,"MACD,MACD_Hist,Rolling_Std_10,Volume_Ratio,RSI_14,BB_Upper,OBV,Return_5d,Rolling_Volatility,BB_Lower",MACD
POWERGRID,POWERGRID.NS,2022-03-04,2022,3,1,Bull,1,0.6484,BUY,1,1,0.6185,BUY,1,10,"MACD,MACD_Hist,Rolling_Std_10,Volume_Ratio,RSI_14,BB_Upper,OBV,Return_5d,Rolling_Volatility,BB_Lower",MACD
POWERGRID,POWERGRID.NS,2022-03-07,2022,3,1,Bull,1,0.6169,BUY,1,-1,0.546,NO TRADE,0,10,"MACD,MACD_Hist,Rolling_Std_10,Volume_Ratio,RSI_14,BB_Upper,OBV,Return_5d,Rolling_Volatility,BB_Lower",MACD
POWERGRID,POWERGRID.NS,2022-03-08,2022,3,1,Bull,1,0.5986,BUY,1,1,0.6226,BUY,1,10,"MACD,MACD_Hist,Rolling_Std_10,Volume_Ratio,RSI_14,BB_Upper,OBV,Return_5d,Rolling_Volatility,BB_Lower",MACD
POWERGRID,POWERGRID.NS,2022-03-09,2022,3,1,Bull,1,0.7131,BUY,1,1,0.7185,BUY,1,10,"MACD,MACD_Hist,Rolling_Std_10,Volume_Ratio,RSI_14,BB_Upper,OBV,Return_5d,Rolling_Volatility,BB_Lower",MACD
POWERGRID,POWERGRID.NS,2022-03-10,2022,3,1,Bull,1,0.7994,BUY,1,1,0.7947,BUY,1,10,"MACD,MACD_Hist,Rolling_Std_10,Volume_Ratio,RSI_14,BB_Upper,OBV,Return_5d,Rolling_Volatility,BB_Lower",MACD
POWERGRID,POWERGRID.NS,2022-03-11,2022,3,1,Bull,1,0.581,BUY,1,1,0.6437,BUY,1,10,"MACD,MACD_Hist,Rolling_Std_10,Volume_Ratio,RSI_14,BB_Upper,OBV,Return_5d,Rolling_Volatility,BB_Lower",MACD
POWERGRID,POWERGRID.NS,2022-03-14,2022,3,1,Bull,-1,0.537,NO TRADE,0,-1,0.5236,NO TRADE,0,10,"MACD,MACD_Hist,Rolling_Std_10,Volume_Ratio,RSI_14,BB_Upper,OBV,Return_5d,Rolling_Volatility,BB_Lower",MACD
POWERGRID,POWERGRID.NS,2022-03-15,2022,3,1,Bull,1,0.7612,BUY,1,1,0.7919,BUY,1,10,"MACD,MACD_Hist,Rolling_Std_10,Volume_Ratio,RSI_14,BB_Upper,OBV,Return_5d,Rolling_Volatility,BB_Lower",MACD
POWERGRID,POWERGRID.NS,2022-03-16,2022,3,1,Bull,1,0.5933,BUY,1,1,0.6824,BUY,1,10,"MACD,MACD_Hist,Rolling_Std_10,Volume_Ratio,RSI_14,BB_Upper,OBV,Return_5d,Rolling_Volatility,BB_Lower",MACD
POWERGRID,POWERGRID.NS,2022-03-17,2022,3,1,Bull,-1,0.5448,NO TRADE,0,-1,0.5251,NO TRADE,0,10,"MACD,MACD_Hist,Rolling_Std_10,Volume_Ratio,RSI_14,BB_Upper,OBV,Return_5d,Rolling_Volatility,BB_Lower",MACD
POWERGRID,POWERGRID.NS,2022-03-21,2022,3,1,Bull,1,0.8269,BUY,1,1,0.7815,BUY,1,10,"MACD,MACD_Hist,Rolling_Std_10,Volume_Ratio,RSI_14,BB_Upper,OBV,Return_5d,Rolling_Volatility,BB_Lower",MACD
POWERGRID,POWERGRID.NS,2022-03-22,2022,3,1,Sideways,1,0.7196,BUY,1,1,0.7654,BUY,1,10,"MACD,MACD_Hist,Rolling_Std_10,Volume_Ratio,RSI_14,BB_Upper,OBV,Return_5d,Rolling_Volatility,BB_Lower",MACD
POWERGRID,POWERGRID.NS,2022-03-23,2022,3,1,Bull,1,0.6199,BUY,1,-1,0.54,NO TRADE,0,10,"MACD,MACD_Hist,Rolling_Std_10,Volume_Ratio,RSI_14,BB_Upper,OBV,Return_5d,Rolling_Volatility,BB_Lower",MACD
POWERGRID,POWERGRID.NS,2022-03-24,2022,3,1,Bull,1,0.6341,BUY,1,1,0.6352,BUY,1,10,"MACD,MACD_Hist,Rolling_Std_10,Volume_Ratio,RSI_14,BB_Upper,OBV,Return_5d,Rolling_Volatility,BB_Lower",MACD
POWERGRID,POWERGRID.NS,2022-03-25,2022,3,1,Bull,1,0.7772,BUY,1,1,0.7872,BUY,1,10,"MACD,MACD_Hist,Rolling_Std_10,Volume_Ratio,RSI_14,BB_Upper,OBV,Return_5d,Rolling_Volatility,BB_Lower",MACD
POWERGRID,POWERGRID.NS,2022-03-28,2022,3,1,Bull,1,0.5724,BUY,1,1,0.667,BUY,1,10,"MACD,MACD_Hist,Rolling_Std_10,Volume_Ratio,RSI_14,BB_Upper,OBV,Return_5d,Rolling_Volatility,BB_Lower",MACD
POWERGRID,POWERGRID.NS,2022-03-29,2022,3,1,Bull,1,0.6314,BUY,1,1,0.6604,BUY,1,10,"MACD,MACD_Hist,Rolling_Std_10,Volume_Ratio,RSI_14,BB_Upper,OBV,Return_5d,Rolling_Volatility,BB_Lower",MACD
POWERGRID,POWERGRID.NS,2022-03-30,2022,3,1,Bull,-1,0.5028,NO TRADE,0,-1,0.5216,NO TRADE,0,10,"MACD,MACD_Hist,Rolling_Std_10,Volume_Ratio,RSI_14,BB_Upper,OBV,Return_5d,Rolling_Volatility,BB_Lower",MACD
POWERGRID,POWERGRID.NS,2022-03-31,2022,3,1,Bull,1,0.6562,BUY,1,1,0.7135,BUY,1,10,"MACD,MACD_Hist,Rolling_Std_10,Volume_Ratio,RSI_14,BB_Upper,OBV,Return_5d,Rolling_Volatility,BB_Lower",MACD
POWERGRID,POWERGRID.NS,2022-04-01,2022,4,1,Bull,0,0.728,SELL,0,0,0.7382,SELL,0,10,"MACD,MACD_Hist,Rolling_Std_10,Volume_Ratio,RSI_14,BB_Upper,OBV,Return_5d,Rolling_Volatility,BB_Lower",MACD
POWERGRID,POWERGRID.NS,2022-04-04,2022,4,1,Bull,1,0.7073,BUY,1,1,0.6385,BUY,1,10,"MACD,MACD_Hist,Rolling_Std_10,Volume_Ratio,RSI_14,BB_Upper,OBV,Return_5d,Rolling_Volatility,BB_Lower",MACD
POWERGRID,POWERGRID.NS,2022-04-05,2022,4,1,Bull,1,0.6368,BUY,1,1,0.6365,BUY,1,10,"MACD,MACD_Hist,Rolling_Std_10,Volume_Ratio,RSI_14,BB_Upper,OBV,Return_5d,Rolling_Volatility,BB_Lower",MACD
POWERGRID,POWERGRID.NS,2022-04-06,2022,4,1,Bull,1,0.5689,BUY,1,1,0.6301,BUY,1,10,"MACD,MACD_Hist,Rolling_Std_10,Volume_Ratio,RSI_14,BB_Upper,OBV,Return_5d,Rolling_Volatility,BB_Lower",MACD
POWERGRID,POWERGRID.NS,2022-04-07,2022,4,1,Bull,-1,0.5427,NO TRADE,0,0,0.5785,SELL,0,10,"MACD,MACD_Hist,Rolling_Std_10,Volume_Ratio,RSI_14,BB_Upper,OBV,Return_5d,Rolling_Volatility,BB_Lower",MACD
POWERGRID,POWERGRID.NS,2022-04-08,2022,4,1,Bull,1,0.6184,BUY,1,1,0.6002,BUY,1,10,"MACD,MACD_Hist,Rolling_Std_10,Volume_Ratio,RSI_14,BB_Upper,OBV,Return_5d,Rolling_Volatility,BB_Lower",MACD
POWERGRID,POWERGRID.NS,2022-04-11,2022,4,1,Bull,-1,0.5089,NO TRADE,0,-1,0.5251,NO TRADE,0,10,"MACD,MACD_Hist,Rolling_Std_10,Volume_Ratio,RSI_14,BB_Upper,OBV,Return_5d,Rolling_Volatility,BB_Lower",MACD
POWERGRID,POWERGRID.NS,2022-04-12,2022,4,1,Bull,1,0.5795,BUY,1,1,0.6319,BUY,1,10,"MACD,MACD_Hist,Rolling_Std_10,Volume_Ratio,RSI_14,BB_Upper,OBV,Return_5d,Rolling_Volatility,BB_Lower",MACD
POWERGRID,POWERGRID.NS,2022-04-13,2022,4,1,Bull,1,0.6473,BUY,1,1,0.6832,BUY,1,10,"MACD,MACD_Hist,Rolling_Std_10,Volume_Ratio,RSI_14,BB_Upper,OBV,Return_5d,Rolling_Volatility,BB_Lower",MACD
POWERGRID,POWERGRID.NS,2022-04-18,2022,4,1,Bull,-1,0.503,NO TRADE,0,-1,0.5348,NO TRADE,0,10,"MACD,MACD_Hist,Rolling_Std_10,Volume_Ratio,RSI_14,BB_Upper,OBV,Return_5d,Rolling_Volatility,BB_Lower",MACD
POWERGRID,POWERGRID.NS,2022-04-19,2022,4,1,Bull,1,0.8067,BUY,1,1,0.8512,BUY,1,10,"MACD,MACD_Hist,Rolling_Std_10,Volume_Ratio,RSI_14,BB_Upper,OBV,Return_5d,Rolling_Volatility,BB_Lower",MACD
POWERGRID,POWERGRID.NS,2022-04-20,2022,4,1,Bull,1,0.8099,BUY,1,1,0.8582,BUY,1,10,"MACD,MACD_Hist,Rolling_Std_10,Volume_Ratio,RSI_14,BB_Upper,OBV,Return_5d,Rolling_Volatility,BB_Lower",MACD
POWERGRID,POWERGRID.NS,2022-04-21,2022,4,1,Bull,1,0.7204,BUY,1,1,0.8208,BUY,1,10,"MACD,MACD_Hist,Rolling_Std_10,Volume_Ratio,RSI_14,BB_Upper,OBV,Return_5d,Rolling_Volatility,BB_Lower",MACD
POWERGRID,POWERGRID.NS,2022-04-22,2022,4,0,Bull,1,0.7245,BUY,0,1,0.8391,BUY,0,10,"MACD,MACD_Hist,Rolling_Std_10,Volume_Ratio,RSI_14,BB_Upper,OBV,Return_5d,Rolling_Volatility,BB_Lower",MACD
POWERGRID,POWERGRID.NS,2022-04-25,2022,4,1,Bull,1,0.7001,BUY,1,1,0.8395,BUY,1,10,"MACD,MACD_Hist,Rolling_Std_10,Volume_Ratio,RSI_14,BB_Upper,OBV,Return_5d,Rolling_Volatility,BB_Lower",MACD
POWERGRID,POWERGRID.NS,2022-04-26,2022,4,0,Bull,0,0.6111,SELL,1,1,0.681,BUY,0,10,"MACD,MACD_Hist,Rolling_Std_10,Volume_Ratio,RSI_14,BB_Upper,OBV,Return_5d,Rolling_Volatility,BB_Lower",MACD
POWERGRID,POWERGRID.NS,2022-04-27,2022,4,0,Bull,-1,0.5337,NO TRADE,0,1,0.6835,BUY,0,10,"MACD,MACD_Hist,Rolling_Std_10,Volume_Ratio,RSI_14,BB_Upper,OBV,Return_5d,Rolling_Volatility,BB_Lower",MACD
POWERGRID,POWERGRID.NS,2022-04-28,2022,4,0,Bull,0,0.7671,SELL,1,0,0.6329,SELL,1,10,"MACD,MACD_Hist,Rolling_Std_10,Volume_Ratio,RSI_14,BB_Upper,OBV,Return_5d,Rolling_Volatility,BB_Lower",MACD
POWERGRID,POWERGRID.NS,2022-04-29,2022,4,1,Bull,0,0.587,SELL,0,-1,0.5103,NO TRADE,0,10,"MACD,MACD_Hist,Rolling_Std_10,Volume_Ratio,RSI_14,BB_Upper,OBV,Return_5d,Rolling_Volatility,BB_Lower",MACD
POWERGRID,POWERGRID.NS,2022-05-02,2022,5,1,Bull,0,0.7278,SELL,0,0,0.5698,SELL,0,10,"MACD,MACD_Hist,Rolling_Std_10,Volume_Ratio,RSI_14,BB_Upper,OBV,Return_5d,Rolling_Volatility,BB_Lower",MACD
POWERGRID,POWERGRID.NS,2022-05-04,2022,5,0,Bull,0,0.8046,SELL,1,0,0.7263,SELL,1,10,"MACD,MACD_Hist,Rolling_Std_10,Volume_Ratio,RSI_14,BB_Upper,OBV,Return_5d,Rolling_Volatility,BB_Lower",MACD
POWERGRID,POWERGRID.NS,2022-05-05,2022,5,0,Bull,0,0.6627,SELL,1,0,0.6705,SELL,1,10,"MACD,MACD_Hist,Rolling_Std_10,Volume_Ratio,RSI_14,BB_Upper,OBV,Return_5d,Rolling_Volatility,BB_Lower",MACD
POWERGRID,POWERGRID.NS,2022-05-06,2022,5,0,Bull,0,0.7386,SELL,1,0,0.7289,SELL,1,10,"MACD,MACD_Hist,Rolling_Std_10,Volume_Ratio,RSI_14,BB_Upper,OBV,Return_5d,Rolling_Volatility,BB_Lower",MACD
POWERGRID,POWERGRID.NS,2022-05-09,2022,5,0,Bull,0,0.8028,SELL,1,0,0.7996,SELL,1,10,"MACD,MACD_Hist,Rolling_Std_10,Volume_Ratio,RSI_14,BB_Upper,OBV,Return_5d,Rolling_Volatility,BB_Lower",MACD
POWERGRID,POWERGRID.NS,2022-05-10,2022,5,0,Bull,-1,0.527,NO TRADE,0,0,0.7947,SELL,1,10,"MACD,RSI_14,Rolling_Std_10,ADX,BB_Upper,Return_5d,MACD_Hist,BB_Lower,Volume_Ratio,MACD_Signal",MACD
POWERGRID,POWERGRID.NS,2022-05-11,2022,5,0,Sideways,1,0.606,BUY,0,0,0.5603,SELL,1,10,"MACD,RSI_14,Rolling_Std_10,ADX,BB_Upper,Return_5d,MACD_Hist,BB_Lower,Volume_Ratio,MACD_Signal",MACD
POWERGRID,POWERGRID.NS,2022-05-12,2022,5,0,Sideways,1,0.6273,BUY,0,0,0.6766,SELL,1,10,"MACD,RSI_14,Rolling_Std_10,ADX,BB_Upper,Return_5d,MACD_Hist,BB_Lower,Volume_Ratio,MACD_Signal",MACD
POWERGRID,POWERGRID.NS,2022-05-13,2022,5,0,Bull,1,0.671,BUY,0,1,0.6293,BUY,0,10,"MACD,RSI_14,Rolling_Std_10,ADX,BB_Upper,Return_5d,MACD_Hist,BB_Lower,Volume_Ratio,MACD_Signal",MACD
POWERGRID,POWERGRID.NS,2022-05-16,2022,5,0,Bull,1,0.7864,BUY,0,1,0.856,BUY,0,10,"MACD,RSI_14,Rolling_Std_10,ADX,BB_Upper,Return_5d,MACD_Hist,BB_Lower,Volume_Ratio,MACD_Signal",MACD
POWERGRID,POWERGRID.NS,2022-05-17,2022,5,0,Bull,1,0.6983,BUY,0,1,0.8438,BUY,0,10,"MACD,RSI_14,Rolling_Std_10,ADX,BB_Upper,Return_5d,MACD_Hist,BB_Lower,Volume_Ratio,MACD_Signal",MACD
POWERGRID,POWERGRID.NS,2022-05-18,2022,5,0,Bull,1,0.9228,BUY,0,1,0.91,BUY,0,10,"MACD,RSI_14,Rolling_Std_10,ADX,BB_Upper,Return_5d,MACD_Hist,BB_Lower,Volume_Ratio,MACD_Signal",MACD
POWERGRID,POWERGRID.NS,2022-05-19,2022,5,0,Bull,1,0.8989,BUY,0,1,0.8969,BUY,0,10,"MACD,RSI_14,Rolling_Std_10,ADX,BB_Upper,Return_5d,MACD_Hist,BB_Lower,Volume_Ratio,MACD_Signal",MACD
POWERGRID,POWERGRID.NS,2022-05-20,2022,5,0,Bull,1,0.9252,BUY,0,1,0.8949,BUY,0,10,"MACD,RSI_14,Rolling_Std_10,ADX,BB_Upper,Return_5d,MACD_Hist,BB_Lower,Volume_Ratio,MACD_Signal",MACD
POWERGRID,POWERGRID.NS,2022-05-23,2022,5,0,Bull,1,0.9708,BUY,0,1,0.9611,BUY,0,10,"MACD,RSI_14,Rolling_Std_10,ADX,BB_Upper,Return_5d,MACD_Hist,BB_Lower,Volume_Ratio,MACD_Signal",MACD
POWERGRID,POWERGRID.NS,2022-05-24,2022,5,0,Bull,1,0.9617,BUY,0,1,0.9592,BUY,0,10,"MACD,RSI_14,Rolling_Std_10,ADX,BB_Upper,Return_5d,MACD_Hist,BB_Lower,Volume_Ratio,MACD_Signal",MACD
POWERGRID,POWERGRID.NS,2022-05-25,2022,5,0,Bull,1,0.9715,BUY,0,1,0.9532,BUY,0,10,"MACD,RSI_14,Rolling_Std_10,ADX,BB_Upper,Return_5d,MACD_Hist,BB_Lower,Volume_Ratio,MACD_Signal",MACD
POWERGRID,POWERGRID.NS,2022-05-26,2022,5,0,Bull,1,0.9696,BUY,0,1,0.9531,BUY,0,10,"MACD,RSI_14,Rolling_Std_10,ADX,BB_Upper,Return_5d,MACD_Hist,BB_Lower,Volume_Ratio,MACD_Signal",MACD
POWERGRID,POWERGRID.NS,2022-05-27,2022,5,0,Bull,1,0.976,BUY,0,1,0.9698,BUY,0,10,"MACD,RSI_14,Rolling_Std_10,ADX,BB_Upper,Return_5d,MACD_Hist,BB_Lower,Volume_Ratio,MACD_Signal",MACD
POWERGRID,POWERGRID.NS,2022-05-30,2022,5,0,Bull,1,0.9025,BUY,0,1,0.942,BUY,0,10,"MACD,RSI_14,Rolling_Std_10,ADX,BB_Upper,Return_5d,MACD_Hist,BB_Lower,Volume_Ratio,MACD_Signal",MACD
POWERGRID,POWERGRID.NS,2022-05-31,2022,5,0,Bull,1,0.8761,BUY,0,1,0.8906,BUY,0,10,"MACD,RSI_14,Rolling_Std_10,ADX,BB_Upper,Return_5d,MACD_Hist,BB_Lower,Volume_Ratio,MACD_Signal",MACD
POWERGRID,POWERGRID.NS,2022-06-01,2022,6,0,Bull,1,0.9392,BUY,0,1,0.9363,BUY,0,10,"MACD,RSI_14,Rolling_Std_10,ADX,BB_Upper,Return_5d,MACD_Hist,BB_Lower,Volume_Ratio,MACD_Signal",MACD
POWERGRID,POWERGRID.NS,2022-06-02,2022,6,0,Bull,1,0.9554,BUY,0,1,0.972,BUY,0,10,"MACD,RSI_14,Rolling_Std_10,ADX,BB_Upper,Return_5d,MACD_Hist,BB_Lower,Volume_Ratio,MACD_Signal",MACD
POWERGRID,POWERGRID.NS,2022-06-03,2022,6,0,Bull,1,0.9437,BUY,0,1,0.9474,BUY,0,10,"MACD,RSI_14,Rolling_Std_10,ADX,BB_Upper,Return_5d,MACD_Hist,BB_Lower,Volume_Ratio,MACD_Signal",MACD
POWERGRID,POWERGRID.NS,2022-06-06,2022,6,0,Bull,1,0.9763,BUY,0,1,0.962,BUY,0,10,"MACD,RSI_14,Rolling_Std_10,ADX,BB_Upper,Return_5d,MACD_Hist,BB_Lower,Volume_Ratio,MACD_Signal",MACD
POWERGRID,POWERGRID.NS,2022-06-07,2022,6,0,Bull,1,0.978,BUY,0,1,0.9513,BUY,0,10,"MACD,RSI_14,Rolling_Std_10,ADX,BB_Upper,Return_5d,MACD_Hist,BB_Lower,Volume_Ratio,MACD_Signal",MACD
POWERGRID,POWERGRID.NS,2022-06-08,2022,6,0,Bull,1,0.9801,BUY,0,1,0.9586,BUY,0,10,"MACD,RSI_14,Rolling_Std_10,ADX,BB_Upper,Return_5d,MACD_Hist,BB_Lower,Volume_Ratio,MACD_Signal",MACD
POWERGRID,POWERGRID.NS,2022-06-09,2022,6,0,Bull,1,0.9739,BUY,0,1,0.9577,BUY,0,10,"MACD,RSI_14,Rolling_Std_10,ADX,BB_Upper,Return_5d,MACD_Hist,BB_Lower,Volume_Ratio,MACD_Signal",MACD
POWERGRID,POWERGRID.NS,2022-06-10,2022,6,0,Bull,1,0.9808,BUY,0,1,0.961,BUY,0,10,"MACD,RSI_14,Rolling_Std_10,ADX,BB_Upper,Return_5d,MACD_Hist,BB_Lower,Volume_Ratio,MACD_Signal",MACD
POWERGRID,POWERGRID.NS,2022-06-13,2022,6,0,Bull,1,0.9795,BUY,0,1,0.9631,BUY,0,10,"MACD,RSI_14,Rolling_Std_10,ADX,BB_Upper,Return_5d,MACD_Hist,BB_Lower,Volume_Ratio,MACD_Signal",MACD
POWERGRID,POWERGRID.NS,2022-06-14,2022,6,0,Bull,1,0.9797,BUY,0,1,0.9291,BUY,0,10,"MACD,RSI_14,Rolling_Std_10,ADX,BB_Upper,Return_5d,MACD_Hist,BB_Lower,Volume_Ratio,MACD_Signal",MACD
POWERGRID,POWERGRID.NS,2022-06-15,2022,6,0,Bull,1,0.9775,BUY,0,1,0.9556,BUY,0,10,"MACD,RSI_14,Rolling_Std_10,ADX,BB_Upper,Return_5d,MACD_Hist,BB_Lower,Volume_Ratio,MACD_Signal",MACD
POWERGRID,POWERGRID.NS,2022-06-16,2022,6,0,Sideways,1,0.9861,BUY,0,1,0.9746,BUY,0,10,"MACD,RSI_14,Rolling_Std_10,ADX,BB_Upper,Return_5d,MACD_Hist,BB_Lower,Volume_Ratio,MACD_Signal",MACD
POWERGRID,POWERGRID.NS,2022-06-17,2022,6,0,Bear,1,0.9781,BUY,0,1,0.976,BUY,0,10,"MACD,RSI_14,Rolling_Std_10,ADX,BB_Upper,Return_5d,MACD_Hist,BB_Lower,Volume_Ratio,MACD_Signal",MACD
POWERGRID,POWERGRID.NS,2022-06-20,2022,6,1,Bear,1,0.9753,BUY,1,1,0.9817,BUY,1,10,"MACD,RSI_14,Rolling_Std_10,ADX,BB_Upper,Return_5d,MACD_Hist,BB_Lower,Volume_Ratio,MACD_Signal",MACD
POWERGRID,POWERGRID.NS,2022-06-21,2022,6,0,Bear,1,0.9723,BUY,0,1,0.9788,BUY,0,10,"MACD,RSI_14,Rolling_Std_10,ADX,BB_Upper,Return_5d,MACD_Hist,BB_Lower,Volume_Ratio,MACD_Signal",MACD
POWERGRID,POWERGRID.NS,2022-06-22,2022,6,0,Bear,1,0.9736,BUY,0,1,0.9794,BUY,0,10,"MACD,RSI_14,Rolling_Std_10,ADX,BB_Upper,Return_5d,MACD_Hist,BB_Lower,Volume_Ratio,MACD_Signal",MACD
POWERGRID,POWERGRID.NS,2022-06-23,2022,6,1,Bear,1,0.9729,BUY,1,1,0.9788,BUY,1,10,"MACD,RSI_14,Rolling_Std_10,ADX,BB_Upper,Return_5d,MACD_Hist,BB_Lower,Volume_Ratio,MACD_Signal",MACD
POWERGRID,POWERGRID.NS,2022-06-24,2022,6,1,Bear,1,0.9682,BUY,1,1,0.9758,BUY,1,10,"MACD,RSI_14,Rolling_Std_10,ADX,BB_Upper,Return_5d,MACD_Hist,BB_Lower,Volume_Ratio,MACD_Signal",MACD
POWERGRID,POWERGRID.NS,2022-06-27,2022,6,0,Bear,1,0.9737,BUY,0,1,0.9661,BUY,0,10,"MACD,RSI_14,Rolling_Std_10,ADX,BB_Upper,Return_5d,MACD_Hist,BB_Lower,Volume_Ratio,MACD_Signal",MACD
POWERGRID,POWERGRID.NS,2022-06-28,2022,6,0,Bear,1,0.9803,BUY,0,1,0.9507,BUY,0,10,"MACD,RSI_14,Rolling_Std_10,ADX,BB_Upper,Return_5d,MACD_Hist,BB_Lower,Volume_Ratio,MACD_Signal",MACD
POWERGRID,POWERGRID.NS,2022-06-29,2022,6,0,Bear,1,0.9767,BUY,0,1,0.9529,BUY,0,10,"MACD,RSI_14,Rolling_Std_10,ADX,BB_Upper,Return_5d,MACD_Hist,BB_Lower,Volume_Ratio,MACD_Signal",MACD
POWERGRID,POWERGRID.NS,2022-06-30,2022,6,1,Bear,1,0.9695,BUY,1,1,0.9584,BUY,1,10,"MACD,RSI_14,Rolling_Std_10,ADX,BB_Upper,Return_5d,MACD_Hist,BB_Lower,Volume_Ratio,MACD_Signal",MACD
POWERGRID,POWERGRID.NS,2022-07-01,2022,7,1,Bear,1,0.9921,BUY,1,1,0.9824,BUY,1,10,"MACD,RSI_14,Rolling_Std_10,ADX,BB_Upper,Return_5d,MACD_Hist,BB_Lower,Volume_Ratio,MACD_Signal",MACD
POWERGRID,POWERGRID.NS,2022-07-04,2022,7,1,Bear,1,0.9825,BUY,1,1,0.9702,BUY,1,10,"MACD,RSI_14,Rolling_Std_10,ADX,BB_Upper,Return_5d,MACD_Hist,BB_Lower,Volume_Ratio,MACD_Signal",MACD
POWERGRID,POWERGRID.NS,2022-07-05,2022,7,1,Bear,1,0.9762,BUY,1,1,0.9302,BUY,1,10,"MACD,RSI_14,Rolling_Std_10,ADX,BB_Upper,Return_5d,MACD_Hist,BB_Lower,Volume_Ratio,MACD_Signal",MACD
POWERGRID,POWERGRID.NS,2022-07-06,2022,7,1,Bear,1,0.9874,BUY,1,1,0.9745,BUY,1,10,"MACD,RSI_14,Rolling_Std_10,ADX,BB_Upper,Return_5d,MACD_Hist,BB_Lower,Volume_Ratio,MACD_Signal",MACD
POWERGRID,POWERGRID.NS,2022-07-07,2022,7,1,Bear,1,0.985,BUY,1,1,0.9755,BUY,1,10,"MACD,RSI_14,Rolling_Std_10,ADX,BB_Upper,Return_5d,MACD_Hist,BB_Lower,Volume_Ratio,MACD_Signal",MACD
POWERGRID,POWERGRID.NS,2022-07-08,2022,7,1,Bear,1,0.9468,BUY,1,1,0.9588,BUY,1,10,"MACD,RSI_14,Rolling_Std_10,ADX,BB_Upper,Return_5d,MACD_Hist,BB_Lower,Volume_Ratio,MACD_Signal",MACD
POWERGRID,POWERGRID.NS,2022-07-11,2022,7,1,Bear,1,0.9828,BUY,1,1,0.9663,BUY,1,10,"MACD,RSI_14,Rolling_Std_10,ADX,BB_Upper,Return_5d,MACD_Hist,BB_Lower,Volume_Ratio,MACD_Signal",MACD
POWERGRID,POWERGRID.NS,2022-07-12,2022,7,1,Bear,1,0.9853,BUY,1,1,0.9762,BUY,1,10,"MACD,RSI_14,Rolling_Std_10,ADX,BB_Upper,Return_5d,MACD_Hist,BB_Lower,Volume_Ratio,MACD_Signal",MACD
POWERGRID,POWERGRID.NS,2022-07-13,2022,7,1,Bear,1,0.9746,BUY,1,1,0.9676,BUY,1,10,"MACD,RSI_14,Rolling_Std_10,ADX,BB_Upper,Return_5d,MACD_Hist,BB_Lower,Volume_Ratio,MACD_Signal",MACD
POWERGRID,POWERGRID.NS,2022-07-14,2022,7,1,Bear,1,0.9749,BUY,1,1,0.967,BUY,1,10,"MACD,RSI_14,Rolling_Std_10,ADX,BB_Upper,Return_5d,MACD_Hist,BB_Lower,Volume_Ratio,MACD_Signal",MACD
POWERGRID,POWERGRID.NS,2022-07-15,2022,7,1,Bear,1,0.9906,BUY,1,1,0.9779,BUY,1,10,"MACD,RSI_14,Rolling_Std_10,ADX,BB_Upper,Return_5d,MACD_Hist,BB_Lower,Volume_Ratio,MACD_Signal",MACD
POWERGRID,POWERGRID.NS,2022-07-18,2022,7,1,Bear,1,0.9885,BUY,1,1,0.9767,BUY,1,10,"MACD,RSI_14,Rolling_Std_10,ADX,BB_Upper,Return_5d,MACD_Hist,BB_Lower,Volume_Ratio,MACD_Signal",MACD
POWERGRID,POWERGRID.NS,2022-07-19,2022,7,1,Bear,1,0.9884,BUY,1,1,0.9815,BUY,1,10,"MACD,RSI_14,Rolling_Std_10,ADX,BB_Upper,Return_5d,MACD_Hist,BB_Lower,Volume_Ratio,MACD_Signal",MACD
POWERGRID,POWERGRID.NS,2022-07-20,2022,7,1,Bear,1,0.9876,BUY,1,1,0.9832,BUY,1,10,"MACD,RSI_14,Rolling_Std_10,ADX,BB_Upper,Return_5d,MACD_Hist,BB_Lower,Volume_Ratio,MACD_Signal",MACD
POWERGRID,POWERGRID.NS,2022-07-21,2022,7,1,Bear,1,0.9821,BUY,1,1,0.9769,BUY,1,10,"MACD,RSI_14,Rolling_Std_10,ADX,BB_Upper,Return_5d,MACD_Hist,BB_Lower,Volume_Ratio,MACD_Signal",MACD
POWERGRID,POWERGRID.NS,2022-07-22,2022,7,1,Bear,1,0.977,BUY,1,1,0.9577,BUY,1,10,"MACD,RSI_14,Rolling_Std_10,ADX,BB_Upper,Return_5d,MACD_Hist,BB_Lower,Volume_Ratio,MACD_Signal",MACD
POWERGRID,POWERGRID.NS,2022-07-25,2022,7,1,Bear,1,0.9848,BUY,1,1,0.9737,BUY,1,10,"MACD,RSI_14,Rolling_Std_10,ADX,BB_Upper,Return_5d,MACD_Hist,BB_Lower,Volume_Ratio,MACD_Signal",MACD
POWERGRID,POWERGRID.NS,2022-07-26,2022,7,1,Bear,1,0.9849,BUY,1,1,0.977,BUY,1,10,"MACD,RSI_14,Rolling_Std_10,ADX,BB_Upper,Return_5d,MACD_Hist,BB_Lower,Volume_Ratio,MACD_Signal",MACD
POWERGRID,POWERGRID.NS,2022-07-27,2022,7,1,Bear,1,0.9761,BUY,1,1,0.9575,BUY,1,10,"MACD,RSI_14,Rolling_Std_10,ADX,BB_Upper,Return_5d,MACD_Hist,BB_Lower,Volume_Ratio,MACD_Signal",MACD
POWERGRID,POWERGRID.NS,2022-07-28,2022,7,1,Bear,1,0.9649,BUY,1,1,0.9345,BUY,1,10,"MACD,RSI_14,Rolling_Std_10,ADX,BB_Upper,Return_5d,MACD_Hist,BB_Lower,Volume_Ratio,MACD_Signal",MACD
POWERGRID,POWERGRID.NS,2022-07-29,2022,7,1,Bear,1,0.9685,BUY,1,1,0.9528,BUY,1,10,"MACD,RSI_14,Rolling_Std_10,ADX,BB_Upper,Return_5d,MACD_Hist,BB_Lower,Volume_Ratio,MACD_Signal",MACD
POWERGRID,POWERGRID.NS,2022-08-01,2022,8,1,Bear,1,0.9029,BUY,1,1,0.9273,BUY,1,10,"MACD,RSI_14,Rolling_Std_10,ADX,BB_Upper,Return_5d,MACD_Hist,BB_Lower,Volume_Ratio,MACD_Signal",MACD
POWERGRID,POWERGRID.NS,2022-08-02,2022,8,1,Sideways,1,0.689,BUY,1,1,0.7891,BUY,1,10,"BB_Upper,BB_Lower,RSI_14,Return_10d,ADX,OBV,Rolling_Volatility,Return_5d,CCI,Rolling_Median_Return",BB_Upper
POWERGRID,POWERGRID.NS,2022-08-03,2022,8,1,Sideways,1,0.7676,BUY,1,1,0.7787,BUY,1,10,"BB_Upper,BB_Lower,RSI_14,Return_10d,ADX,OBV,Rolling_Volatility,Return_5d,CCI,Rolling_Median_Return",BB_Upper
POWERGRID,POWERGRID.NS,2022-08-04,2022,8,1,Sideways,1,0.8074,BUY,1,1,0.8336,BUY,1,10,"BB_Upper,BB_Lower,RSI_14,Return_10d,ADX,OBV,Rolling_Volatility,Return_5d,CCI,Rolling_Median_Return",BB_Upper
POWERGRID,POWERGRID.NS,2022-08-05,2022,8,1,Sideways,1,0.7702,BUY,1,1,0.8137,BUY,1,10,"BB_Upper,BB_Lower,RSI_14,Return_10d,ADX,OBV,Rolling_Volatility,Return_5d,CCI,Rolling_Median_Return",BB_Upper
POWERGRID,POWERGRID.NS,2022-08-08,2022,8,1,Sideways,1,0.8349,BUY,1,1,0.8566,BUY,1,10,"BB_Upper,BB_Lower,RSI_14,Return_10d,ADX,OBV,Rolling_Volatility,Return_5d,CCI,Rolling_Median_Return",BB_Upper
POWERGRID,POWERGRID.NS,2022-08-10,2022,8,1,Sideways,1,0.8167,BUY,1,1,0.8654,BUY,1,10,"BB_Upper,BB_Lower,RSI_14,Return_10d,ADX,OBV,Rolling_Volatility,Return_5d,CCI,Rolling_Median_Return",BB_Upper
POWERGRID,POWERGRID.NS,2022-08-11,2022,8,1,Bear,1,0.8077,BUY,1,1,0.8724,BUY,1,10,"BB_Upper,BB_Lower,RSI_14,Return_10d,ADX,OBV,Rolling_Volatility,Return_5d,CCI,Rolling_Median_Return",BB_Upper
POWERGRID,POWERGRID.NS,2022-08-12,2022,8,1,Sideways,0,0.5599,SELL,0,1,0.6391,BUY,1,10,"BB_Upper,BB_Lower,RSI_14,Return_10d,ADX,OBV,Rolling_Volatility,Return_5d,CCI,Rolling_Median_Return",BB_Upper
POWERGRID,POWERGRID.NS,2022-08-16,2022,8,1,Sideways,1,0.5654,BUY,1,1,0.6403,BUY,1,10,"BB_Upper,BB_Lower,RSI_14,Return_10d,ADX,OBV,Rolling_Volatility,Return_5d,CCI,Rolling_Median_Return",BB_Upper
POWERGRID,POWERGRID.NS,2022-08-17,2022,8,1,Sideways,-1,0.5388,NO TRADE,0,1,0.5763,BUY,1,10,"BB_Upper,BB_Lower,RSI_14,Return_10d,ADX,OBV,Rolling_Volatility,Return_5d,CCI,Rolling_Median_Return",BB_Upper
POWERGRID,POWERGRID.NS,2022-08-18,2022,8,1,Sideways,0,0.6146,SELL,0,-1,0.5433,NO TRADE,0,10,"BB_Upper,BB_Lower,RSI_14,Return_10d,ADX,OBV,Rolling_Volatility,Return_5d,CCI,Rolling_Median_Return",BB_Upper
POWERGRID,POWERGRID.NS,2022-08-19,2022,8,1,Bull,0,0.7044,SELL,0,0,0.6499,SELL,0,10,"BB_Upper,BB_Lower,RSI_14,Return_10d,ADX,OBV,Rolling_Volatility,Return_5d,CCI,Rolling_Median_Return",BB_Upper
POWERGRID,POWERGRID.NS,2022-08-22,2022,8,1,Bull,0,0.703,SELL,0,0,0.6967,SELL,0,10,"BB_Upper,BB_Lower,RSI_14,Return_10d,ADX,OBV,Rolling_Volatility,Return_5d,CCI,Rolling_Median_Return",BB_Upper
POWERGRID,POWERGRID.NS,2022-08-23,2022,8,0,Sideways,0,0.7171,SELL,1,0,0.6998,SELL,1,10,"BB_Upper,BB_Lower,RSI_14,Return_10d,ADX,OBV,Rolling_Volatility,Return_5d,CCI,Rolling_Median_Return",BB_Upper
POWERGRID,POWERGRID.NS,2022-08-24,2022,8,0,Bull,0,0.6934,SELL,1,0,0.6751,SELL,1,10,"BB_Upper,BB_Lower,RSI_14,Return_10d,ADX,OBV,Rolling_Volatility,Return_5d,CCI,Rolling_Median_Return",BB_Upper
POWERGRID,POWERGRID.NS,2022-08-25,2022,8,0,Bull,0,0.6691,SELL,1,0,0.6233,SELL,1,10,"BB_Upper,BB_Lower,RSI_14,Return_10d,ADX,OBV,Rolling_Volatility,Return_5d,CCI,Rolling_Median_Return",BB_Upper
POWERGRID,POWERGRID.NS,2022-08-26,2022,8,0,Sideways,0,0.7955,SELL,1,0,0.6789,SELL,1,10,"BB_Upper,BB_Lower,RSI_14,Return_10d,ADX,OBV,Rolling_Volatility,Return_5d,CCI,Rolling_Median_Return",BB_Upper
POWERGRID,POWERGRID.NS,2022-08-29,2022,8,0,Bull,0,0.7158,SELL,1,0,0.6552,SELL,1,10,"BB_Upper,BB_Lower,RSI_14,Return_10d,ADX,OBV,Rolling_Volatility,Return_5d,CCI,Rolling_Median_Return",BB_Upper
POWERGRID,POWERGRID.NS,2022-08-30,2022,8,0,Bull,0,0.7904,SELL,1,0,0.7073,SELL,1,10,"BB_Upper,BB_Lower,RSI_14,Return_10d,ADX,OBV,Rolling_Volatility,Return_5d,CCI,Rolling_Median_Return",BB_Upper
POWERGRID,POWERGRID.NS,2022-09-01,2022,9,0,Bull,0,0.7335,SELL,1,0,0.601,SELL,1,10,"BB_Upper,BB_Lower,RSI_14,Return_10d,ADX,OBV,Rolling_Volatility,Return_5d,CCI,Rolling_Median_Return",BB_Upper
POWERGRID,POWERGRID.NS,2022-09-02,2022,9,0,Bull,0,0.7124,SELL,1,0,0.66,SELL,1,10,"BB_Upper,BB_Lower,RSI_14,Return_10d,ADX,OBV,Rolling_Volatility,Return_5d,CCI,Rolling_Median_Return",BB_Upper
POWERGRID,POWERGRID.NS,2022-09-05,2022,9,0,Bull,0,0.7166,SELL,1,0,0.661,SELL,1,10,"BB_Upper,BB_Lower,RSI_14,Return_10d,ADX,OBV,Rolling_Volatility,Return_5d,CCI,Rolling_Median_Return",BB_Upper
POWERGRID,POWERGRID.NS,2022-09-06,2022,9,0,Bull,0,0.7949,SELL,1,0,0.6104,SELL,1,10,"BB_Upper,BB_Lower,RSI_14,Return_10d,ADX,OBV,Rolling_Volatility,Return_5d,CCI,Rolling_Median_Return",BB_Upper
POWERGRID,POWERGRID.NS,2022-09-07,2022,9,0,Bull,0,0.833,SELL,1,0,0.7206,SELL,1,10,"BB_Upper,BB_Lower,RSI_14,Return_10d,ADX,OBV,Rolling_Volatility,Return_5d,CCI,Rolling_Median_Return",BB_Upper
POWERGRID,POWERGRID.NS,2022-09-08,2022,9,0,Bull,0,0.8277,SELL,1,0,0.719,SELL,1,10,"BB_Upper,BB_Lower,RSI_14,Return_10d,ADX,OBV,Rolling_Volatility,Return_5d,CCI,Rolling_Median_Return",BB_Upper
POWERGRID,POWERGRID.NS,2022-09-09,2022,9,0,Bull,0,0.8317,SELL,1,0,0.7751,SELL,1,10,"BB_Upper,BB_Lower,RSI_14,Return_10d,ADX,OBV,Rolling_Volatility,Return_5d,CCI,Rolling_Median_Return",BB_Upper
POWERGRID,POWERGRID.NS,2022-09-12,2022,9,0,Bull,0,0.8898,SELL,1,0,0.8005,SELL,1,10,"BB_Upper,BB_Lower,RSI_14,Return_10d,ADX,OBV,Rolling_Volatility,Return_5d,CCI,Rolling_Median_Return",BB_Upper
POWERGRID,POWERGRID.NS,2022-09-13,2022,9,0,Bull,0,0.9045,SELL,1,0,0.8322,SELL,1,10,"BB_Upper,BB_Lower,RSI_14,Return_10d,ADX,OBV,Rolling_Volatility,Return_5d,CCI,Rolling_Median_Return",BB_Upper
POWERGRID,POWERGRID.NS,2022-09-14,2022,9,0,Bull,0,0.9268,SELL,1,0,0.8377,SELL,1,10,"BB_Upper,BB_Lower,RSI_14,Return_10d,ADX,OBV,Rolling_Volatility,Return_5d,CCI,Rolling_Median_Return",BB_Upper
POWERGRID,POWERGRID.NS,2022-09-15,2022,9,0,Bull,0,0.8509,SELL,1,0,0.6631,SELL,1,10,"BB_Upper,BB_Lower,RSI_14,Return_10d,ADX,OBV,Rolling_Volatility,Return_5d,CCI,Rolling_Median_Return",BB_Upper
POWERGRID,POWERGRID.NS,2022-09-16,2022,9,0,Bull,0,0.7958,SELL,1,0,0.6688,SELL,1,10,"BB_Upper,BB_Lower,RSI_14,Return_10d,ADX,OBV,Rolling_Volatility,Return_5d,CCI,Rolling_Median_Return",BB_Upper
POWERGRID,POWERGRID.NS,2022-09-19,2022,9,0,Bull,0,0.7701,SELL,1,0,0.6514,SELL,1,10,"BB_Upper,BB_Lower,RSI_14,Return_10d,ADX,OBV,Rolling_Volatility,Return_5d,CCI,Rolling_Median_Return",BB_Upper
POWERGRID,POWERGRID.NS,2022-09-20,2022,9,0,Bull,0,0.8804,SELL,1,0,0.817,SELL,1,10,"BB_Upper,BB_Lower,RSI_14,Return_10d,ADX,OBV,Rolling_Volatility,Return_5d,CCI,Rolling_Median_Return",BB_Upper
POWERGRID,POWERGRID.NS,2022-09-21,2022,9,0,Bull,0,0.7164,SELL,1,0,0.7251,SELL,1,10,"BB_Upper,BB_Lower,RSI_14,Return_10d,ADX,OBV,Rolling_Volatility,Return_5d,CCI,Rolling_Median_Return",BB_Upper
POWERGRID,POWERGRID.NS,2022-09-22,2022,9,0,Bull,0,0.6187,SELL,1,0,0.6321,SELL,1,10,"BB_Upper,BB_Lower,RSI_14,Return_10d,ADX,OBV,Rolling_Volatility,Return_5d,CCI,Rolling_Median_Return",BB_Upper
POWERGRID,POWERGRID.NS,2022-09-23,2022,9,1,Bull,0,0.6035,SELL,0,0,0.6301,SELL,0,10,"BB_Upper,BB_Lower,RSI_14,Return_10d,ADX,OBV,Rolling_Volatility,Return_5d,CCI,Rolling_Median_Return",BB_Upper
POWERGRID,POWERGRID.NS,2022-09-26,2022,9,1,Bear,0,0.595,SELL,0,-1,0.5399,NO TRADE,0,10,"BB_Upper,BB_Lower,RSI_14,Return_10d,ADX,OBV,Rolling_Volatility,Return_5d,CCI,Rolling_Median_Return",BB_Upper
POWERGRID,POWERGRID.NS,2022-09-27,2022,9,1,Bear,0,0.6201,SELL,0,1,0.5788,BUY,1,10,"BB_Upper,BB_Lower,RSI_14,Return_10d,ADX,OBV,Rolling_Volatility,Return_5d,CCI,Rolling_Median_Return",BB_Upper
POWERGRID,POWERGRID.NS,2022-09-28,2022,9,1,Bear,0,0.5587,SELL,0,1,0.56,BUY,1,10,"BB_Upper,BB_Lower,RSI_14,Return_10d,ADX,OBV,Rolling_Volatility,Return_5d,CCI,Rolling_Median_Return",BB_Upper
POWERGRID,POWERGRID.NS,2022-09-29,2022,9,1,Sideways,-1,0.5084,NO TRADE,0,1,0.5785,BUY,1,10,"BB_Upper,BB_Lower,RSI_14,Return_10d,ADX,OBV,Rolling_Volatility,Return_5d,CCI,Rolling_Median_Return",BB_Upper
POWERGRID,POWERGRID.NS,2022-09-30,2022,9,1,Sideways,0,0.6766,SELL,0,0,0.6711,SELL,0,10,"BB_Upper,BB_Lower,RSI_14,Return_10d,ADX,OBV,Rolling_Volatility,Return_5d,CCI,Rolling_Median_Return",BB_Upper
POWERGRID,POWERGRID.NS,2022-10-03,2022,10,1,Bull,0,0.7165,SELL,0,0,0.7779,SELL,0,10,"BB_Upper,BB_Lower,RSI_14,Return_10d,ADX,OBV,Rolling_Volatility,Return_5d,CCI,Rolling_Median_Return",BB_Upper
POWERGRID,POWERGRID.NS,2022-10-04,2022,10,1,Sideways,0,0.6406,SELL,0,0,0.6049,SELL,0,10,"BB_Upper,BB_Lower,RSI_14,Return_10d,ADX,OBV,Rolling_Volatility,Return_5d,CCI,Rolling_Median_Return",BB_Upper
POWERGRID,POWERGRID.NS,2022-10-06,2022,10,1,Sideways,-1,0.5359,NO TRADE,0,-1,0.5372,NO TRADE,0,10,"BB_Upper,BB_Lower,RSI_14,Return_10d,ADX,OBV,Rolling_Volatility,Return_5d,CCI,Rolling_Median_Return",BB_Upper
POWERGRID,POWERGRID.NS,2022-10-07,2022,10,1,Sideways,0,0.7209,SELL,0,0,0.7845,SELL,0,10,"BB_Upper,BB_Lower,RSI_14,Return_10d,ADX,OBV,Rolling_Volatility,Return_5d,CCI,Rolling_Median_Return",BB_Upper
POWERGRID,POWERGRID.NS,2022-10-10,2022,10,1,Sideways,0,0.6497,SELL,0,0,0.6734,SELL,0,10,"BB_Upper,BB_Lower,RSI_14,Return_10d,ADX,OBV,Rolling_Volatility,Return_5d,CCI,Rolling_Median_Return",BB_Upper
POWERGRID,POWERGRID.NS,2022-10-11,2022,10,1,Sideways,-1,0.5478,NO TRADE,0,-1,0.5447,NO TRADE,0,10,"BB_Upper,BB_Lower,RSI_14,Return_10d,ADX,OBV,Rolling_Volatility,Return_5d,CCI,Rolling_Median_Return",BB_Upper
POWERGRID,POWERGRID.NS,2022-10-12,2022,10,0,Sideways,-1,0.5208,NO TRADE,0,0,0.6496,SELL,1,10,"BB_Upper,BB_Lower,RSI_14,Return_10d,ADX,OBV,Rolling_Volatility,Return_5d,CCI,Rolling_Median_Return",BB_Upper
POWERGRID,POWERGRID.NS,2022-10-13,2022,10,1,Sideways,0,0.5812,SELL,0,0,0.7429,SELL,0,10,"BB_Upper,BB_Lower,RSI_14,Return_10d,ADX,OBV,Rolling_Volatility,Return_5d,CCI,Rolling_Median_Return",BB_Upper
POWERGRID,POWERGRID.NS,2022-10-14,2022,10,1,Sideways,0,0.5507,SELL,0,0,0.6897,SELL,0,10,"BB_Upper,BB_Lower,RSI_14,Return_10d,ADX,OBV,Rolling_Volatility,Return_5d,CCI,Rolling_Median_Return",BB_Upper
POWERGRID,POWERGRID.NS,2022-10-17,2022,10,1,Sideways,1,0.72,BUY,1,1,0.7072,BUY,1,10,"BB_Upper,BB_Lower,RSI_14,Return_10d,ADX,OBV,Rolling_Volatility,Return_5d,CCI,Rolling_Median_Return",BB_Upper
POWERGRID,POWERGRID.NS,2022-10-18,2022,10,1,Bear,1,0.5975,BUY,1,1,0.5843,BUY,1,10,"BB_Upper,BB_Lower,RSI_14,Return_10d,ADX,OBV,Rolling_Volatility,Return_5d,CCI,Rolling_Median_Return",BB_Upper
POWERGRID,POWERGRID.NS,2022-10-19,2022,10,1,Bear,1,0.609,BUY,1,1,0.6371,BUY,1,10,"BB_Upper,BB_Lower,RSI_14,Return_10d,ADX,OBV,Rolling_Volatility,Return_5d,CCI,Rolling_Median_Return",BB_Upper
POWERGRID,POWERGRID.NS,2022-10-20,2022,10,1,Sideways,-1,0.5196,NO TRADE,0,1,0.5512,BUY,1,10,"BB_Upper,BB_Lower,RSI_14,Return_10d,ADX,OBV,Rolling_Volatility,Return_5d,CCI,Rolling_Median_Return",BB_Upper
POWERGRID,POWERGRID.NS,2022-10-21,2022,10,1,Sideways,0,0.5751,SELL,0,-1,0.5284,NO TRADE,0,10,"BB_Upper,BB_Lower,RSI_14,Return_10d,ADX,OBV,Rolling_Volatility,Return_5d,CCI,Rolling_Median_Return",BB_Upper
POWERGRID,POWERGRID.NS,2022-10-24,2022,10,1,Sideways,1,0.6093,BUY,1,1,0.8064,BUY,1,10,"BB_Upper,BB_Lower,RSI_14,Return_10d,ADX,OBV,Rolling_Volatility,Return_5d,CCI,Rolling_Median_Return",BB_Upper
POWERGRID,POWERGRID.NS,2022-10-25,2022,10,1,Sideways,1,0.7785,BUY,1,1,0.8313,BUY,1,10,"BB_Upper,BB_Lower,RSI_14,Return_10d,ADX,OBV,Rolling_Volatility,Return_5d,CCI,Rolling_Median_Return",BB_Upper
POWERGRID,POWERGRID.NS,2022-10-27,2022,10,1,Sideways,-1,0.5394,NO TRADE,0,1,0.7239,BUY,1,10,"BB_Upper,BB_Lower,RSI_14,Return_10d,ADX,OBV,Rolling_Volatility,Return_5d,CCI,Rolling_Median_Return",BB_Upper
POWERGRID,POWERGRID.NS,2022-10-28,2022,10,0,Sideways,1,0.8097,BUY,0,1,0.785,BUY,0,10,"BB_Upper,BB_Lower,RSI_14,Return_10d,ADX,OBV,Rolling_Volatility,Return_5d,CCI,Rolling_Median_Return",BB_Upper
POWERGRID,POWERGRID.NS,2022-10-31,2022,10,0,Sideways,1,0.6737,BUY,0,1,0.5936,BUY,0,10,"BB_Upper,BB_Lower,RSI_14,Return_10d,ADX,OBV,Rolling_Volatility,Return_5d,CCI,Rolling_Median_Return",BB_Upper
POWERGRID,POWERGRID.NS,2022-11-01,2022,11,0,Sideways,1,0.5871,BUY,0,1,0.5595,BUY,0,10,"BB_Upper,BB_Lower,ADX,Volume_Ratio,Return_5d,Rolling_Volatility,Price_Change,Daily_Return,MACD_Hist,Log_Return",BB_Upper
POWERGRID,POWERGRID.NS,2022-11-02,2022,11,0,Bull,1,0.6872,BUY,0,1,0.6682,BUY,0,10,"BB_Upper,BB_Lower,ADX,Volume_Ratio,Return_5d,Rolling_Volatility,Price_Change,Daily_Return,MACD_Hist,Log_Return",BB_Upper
POWERGRID,POWERGRID.NS,2022-11-03,2022,11,0,Bull,1,0.6322,BUY,0,1,0.6209,BUY,0,10,"BB_Upper,BB_Lower,ADX,Volume_Ratio,Return_5d,Rolling_Volatility,Price_Change,Daily_Return,MACD_Hist,Log_Return",BB_Upper
POWERGRID,POWERGRID.NS,2022-11-04,2022,11,1,Sideways,1,0.6052,BUY,1,1,0.6575,BUY,1,10,"BB_Upper,BB_Lower,ADX,Volume_Ratio,Return_5d,Rolling_Volatility,Price_Change,Daily_Return,MACD_Hist,Log_Return",BB_Upper
POWERGRID,POWERGRID.NS,2022-11-07,2022,11,1,Sideways,-1,0.5453,NO TRADE,0,1,0.5529,BUY,1,10,"BB_Upper,BB_Lower,ADX,Volume_Ratio,Return_5d,Rolling_Volatility,Price_Change,Daily_Return,MACD_Hist,Log_Return",BB_Upper
POWERGRID,POWERGRID.NS,2022-11-09,2022,11,1,Sideways,1,0.5789,BUY,1,1,0.605,BUY,1,10,"BB_Upper,BB_Lower,ADX,Volume_Ratio,Return_5d,Rolling_Volatility,Price_Change,Daily_Return,MACD_Hist,Log_Return",BB_Upper
POWERGRID,POWERGRID.NS,2022-11-10,2022,11,1,Sideways,1,0.5872,BUY,1,-1,0.5253,NO TRADE,0,10,"BB_Upper,BB_Lower,ADX,Volume_Ratio,Return_5d,Rolling_Volatility,Price_Change,Daily_Return,MACD_Hist,Log_Return",BB_Upper
POWERGRID,POWERGRID.NS,2022-11-11,2022,11,1,Bear,1,0.7007,BUY,1,1,0.6451,BUY,1,10,"BB_Upper,BB_Lower,ADX,Volume_Ratio,Return_5d,Rolling_Volatility,Price_Change,Daily_Return,MACD_Hist,Log_Return",BB_Upper
POWERGRID,POWERGRID.NS,2022-11-14,2022,11,1,Bear,1,0.6065,BUY,1,-1,0.5405,NO TRADE,0,10,"BB_Upper,BB_Lower,ADX,Volume_Ratio,Return_5d,Rolling_Volatility,Price_Change,Daily_Return,MACD_Hist,Log_Return",BB_Upper
POWERGRID,POWERGRID.NS,2022-11-15,2022,11,1,Bear,0,0.7074,SELL,0,0,0.8163,SELL,0,10,"BB_Upper,BB_Lower,ADX,Volume_Ratio,Return_5d,Rolling_Volatility,Price_Change,Daily_Return,MACD_Hist,Log_Return",BB_Upper
POWERGRID,POWERGRID.NS,2022-11-16,2022,11,1,Sideways,0,0.6028,SELL,0,0,0.7506,SELL,0,10,"BB_Upper,BB_Lower,ADX,Volume_Ratio,Return_5d,Rolling_Volatility,Price_Change,Daily_Return,MACD_Hist,Log_Return",BB_Upper
POWERGRID,POWERGRID.NS,2022-11-17,2022,11,0,Sideways,0,0.6645,SELL,1,0,0.7904,SELL,1,10,"BB_Upper,BB_Lower,ADX,Volume_Ratio,Return_5d,Rolling_Volatility,Price_Change,Daily_Return,MACD_Hist,Log_Return",BB_Upper
POWERGRID,POWERGRID.NS,2022-11-18,2022,11,0,Sideways,0,0.574,SELL,1,0,0.7714,SELL,1,10,"BB_Upper,BB_Lower,ADX,Volume_Ratio,Return_5d,Rolling_Volatility,Price_Change,Daily_Return,MACD_Hist,Log_Return",BB_Upper
POWERGRID,POWERGRID.NS,2022-11-21,2022,11,0,Sideways,0,0.6267,SELL,1,0,0.8003,SELL,1,10,"BB_Upper,BB_Lower,ADX,Volume_Ratio,Return_5d,Rolling_Volatility,Price_Change,Daily_Return,MACD_Hist,Log_Return",BB_Upper
POWERGRID,POWERGRID.NS,2022-11-22,2022,11,0,Sideways,0,0.7251,SELL,1,0,0.8588,SELL,1,10,"BB_Upper,BB_Lower,ADX,Volume_Ratio,Return_5d,Rolling_Volatility,Price_Change,Daily_Return,MACD_Hist,Log_Return",BB_Upper
POWERGRID,POWERGRID.NS,2022-11-23,2022,11,1,Sideways,0,0.6698,SELL,0,0,0.8501,SELL,0,10,"BB_Upper,BB_Lower,ADX,Volume_Ratio,Return_5d,Rolling_Volatility,Price_Change,Daily_Return,MACD_Hist,Log_Return",BB_Upper
POWERGRID,POWERGRID.NS,2022-11-24,2022,11,0,Sideways,0,0.814,SELL,1,0,0.8872,SELL,1,10,"BB_Upper,BB_Lower,ADX,Volume_Ratio,Return_5d,Rolling_Volatility,Price_Change,Daily_Return,MACD_Hist,Log_Return",BB_Upper
POWERGRID,POWERGRID.NS,2022-11-25,2022,11,0,Sideways,0,0.6793,SELL,1,0,0.8173,SELL,1,10,"BB_Upper,BB_Lower,ADX,Volume_Ratio,Return_5d,Rolling_Volatility,Price_Change,Daily_Return,MACD_Hist,Log_Return",BB_Upper
POWERGRID,POWERGRID.NS,2022-11-28,2022,11,0,Sideways,0,0.7627,SELL,1,0,0.82,SELL,1,10,"BB_Upper,BB_Lower,ADX,Volume_Ratio,Return_5d,Rolling_Volatility,Price_Change,Daily_Return,MACD_Hist,Log_Return",BB_Upper
POWERGRID,POWERGRID.NS,2022-11-29,2022,11,0,Sideways,0,0.7008,SELL,1,0,0.8555,SELL,1,10,"BB_Upper,BB_Lower,ADX,Volume_Ratio,Return_5d,Rolling_Volatility,Price_Change,Daily_Return,MACD_Hist,Log_Return",BB_Upper
POWERGRID,POWERGRID.NS,2022-11-30,2022,11,0,Bear,0,0.8257,SELL,1,0,0.8923,SELL,1,10,"BB_Upper,BB_Lower,ADX,Volume_Ratio,Return_5d,Rolling_Volatility,Price_Change,Daily_Return,MACD_Hist,Log_Return",BB_Upper
POWERGRID,POWERGRID.NS,2022-12-01,2022,12,0,Sideways,0,0.8302,SELL,1,0,0.9007,SELL,1,10,"BB_Upper,BB_Lower,ADX,Volume_Ratio,Return_5d,Rolling_Volatility,Price_Change,Daily_Return,MACD_Hist,Log_Return",BB_Upper
POWERGRID,POWERGRID.NS,2022-12-02,2022,12,0,Sideways,0,0.8274,SELL,1,0,0.8702,SELL,1,10,"BB_Upper,BB_Lower,ADX,Volume_Ratio,Return_5d,Rolling_Volatility,Price_Change,Daily_Return,MACD_Hist,Log_Return",BB_Upper
POWERGRID,POWERGRID.NS,2022-12-05,2022,12,0,Sideways,0,0.8897,SELL,1,0,0.9045,SELL,1,10,"BB_Upper,BB_Lower,ADX,Volume_Ratio,Return_5d,Rolling_Volatility,Price_Change,Daily_Return,MACD_Hist,Log_Return",BB_Upper
POWERGRID,POWERGRID.NS,2022-12-06,2022,12,0,Sideways,0,0.8195,SELL,1,0,0.8589,SELL,1,10,"BB_Upper,BB_Lower,ADX,Volume_Ratio,Return_5d,Rolling_Volatility,Price_Change,Daily_Return,MACD_Hist,Log_Return",BB_Upper
POWERGRID,POWERGRID.NS,2022-12-07,2022,12,0,Bull,0,0.8244,SELL,1,0,0.897,SELL,1,10,"BB_Upper,BB_Lower,ADX,Volume_Ratio,Return_5d,Rolling_Volatility,Price_Change,Daily_Return,MACD_Hist,Log_Return",BB_Upper
POWERGRID,POWERGRID.NS,2022-12-08,2022,12,0,Bull,0,0.8667,SELL,1,0,0.9114,SELL,1,10,"BB_Upper,BB_Lower,ADX,Volume_Ratio,Return_5d,Rolling_Volatility,Price_Change,Daily_Return,MACD_Hist,Log_Return",BB_Upper
POWERGRID,POWERGRID.NS,2022-12-09,2022,12,0,Bull,0,0.8452,SELL,1,0,0.8875,SELL,1,10,"BB_Upper,BB_Lower,ADX,Volume_Ratio,Return_5d,Rolling_Volatility,Price_Change,Daily_Return,MACD_Hist,Log_Return",BB_Upper
POWERGRID,POWERGRID.NS,2022-12-12,2022,12,0,Bull,0,0.7518,SELL,1,0,0.8449,SELL,1,10,"BB_Upper,BB_Lower,ADX,Volume_Ratio,Return_5d,Rolling_Volatility,Price_Change,Daily_Return,MACD_Hist,Log_Return",BB_Upper
POWERGRID,POWERGRID.NS,2022-12-13,2022,12,0,Bull,0,0.777,SELL,1,0,0.8306,SELL,1,10,"BB_Upper,BB_Lower,ADX,Volume_Ratio,Return_5d,Rolling_Volatility,Price_Change,Daily_Return,MACD_Hist,Log_Return",BB_Upper
POWERGRID,POWERGRID.NS,2022-12-14,2022,12,0,Bull,0,0.8066,SELL,1,0,0.8477,SELL,1,10,"BB_Upper,BB_Lower,ADX,Volume_Ratio,Return_5d,Rolling_Volatility,Price_Change,Daily_Return,MACD_Hist,Log_Return",BB_Upper
POWERGRID,POWERGRID.NS,2022-12-15,2022,12,0,Bull,0,0.7978,SELL,1,0,0.8397,SELL,1,10,"BB_Upper,BB_Lower,ADX,Volume_Ratio,Return_5d,Rolling_Volatility,Price_Change,Daily_Return,MACD_Hist,Log_Return",BB_Upper
POWERGRID,POWERGRID.NS,2022-12-16,2022,12,1,Bull,0,0.7296,SELL,0,0,0.8487,SELL,0,10,"BB_Upper,BB_Lower,ADX,Volume_Ratio,Return_5d,Rolling_Volatility,Price_Change,Daily_Return,MACD_Hist,Log_Return",BB_Upper
POWERGRID,POWERGRID.NS,2022-12-19,2022,12,0,Bull,0,0.8705,SELL,1,0,0.855,SELL,1,10,"BB_Upper,BB_Lower,ADX,Volume_Ratio,Return_5d,Rolling_Volatility,Price_Change,Daily_Return,MACD_Hist,Log_Return",BB_Upper
POWERGRID,POWERGRID.NS,2022-12-20,2022,12,1,Bull,0,0.8189,SELL,0,0,0.8616,SELL,0,10,"BB_Upper,BB_Lower,ADX,Volume_Ratio,Return_5d,Rolling_Volatility,Price_Change,Daily_Return,MACD_Hist,Log_Return",BB_Upper
POWERGRID,POWERGRID.NS,2022-12-21,2022,12,1,Bull,0,0.7821,SELL,0,0,0.8422,SELL,0,10,"BB_Upper,BB_Lower,ADX,Volume_Ratio,Return_5d,Rolling_Volatility,Price_Change,Daily_Return,MACD_Hist,Log_Return",BB_Upper
POWERGRID,POWERGRID.NS,2022-12-22,2022,12,1,Bull,0,0.7779,SELL,0,0,0.8462,SELL,0,10,"BB_Upper,BB_Lower,ADX,Volume_Ratio,Return_5d,Rolling_Volatility,Price_Change,Daily_Return,MACD_Hist,Log_Return",BB_Upper
POWERGRID,POWERGRID.NS,2022-12-23,2022,12,1,Bull,0,0.7954,SELL,0,0,0.8802,SELL,0,10,"BB_Upper,BB_Lower,ADX,Volume_Ratio,Return_5d,Rolling_Volatility,Price_Change,Daily_Return,MACD_Hist,Log_Return",BB_Upper
POWERGRID,POWERGRID.NS,2022-12-26,2022,12,1,Sideways,0,0.7257,SELL,0,0,0.877,SELL,0,10,"BB_Upper,BB_Lower,ADX,Volume_Ratio,Return_5d,Rolling_Volatility,Price_Change,Daily_Return,MACD_Hist,Log_Return",BB_Upper
POWERGRID,POWERGRID.NS,2022-12-27,2022,12,1,Sideways,0,0.6683,SELL,0,0,0.8769,SELL,0,10,"BB_Upper,BB_Lower,ADX,Volume_Ratio,Return_5d,Rolling_Volatility,Price_Change,Daily_Return,MACD_Hist,Log_Return",BB_Upper
POWERGRID,POWERGRID.NS,2022-12-28,2022,12,1,Bull,0,0.7133,SELL,0,0,0.8996,SELL,0,10,"BB_Upper,BB_Lower,ADX,Volume_Ratio,Return_5d,Rolling_Volatility,Price_Change,Daily_Return,MACD_Hist,Log_Return",BB_Upper
POWERGRID,POWERGRID.NS,2022-12-29,2022,12,1,Bull,0,0.778,SELL,0,0,0.8996,SELL,0,10,"BB_Upper,BB_Lower,ADX,Volume_Ratio,Return_5d,Rolling_Volatility,Price_Change,Daily_Return,MACD_Hist,Log_Return",BB_Upper
POWERGRID,POWERGRID.NS,2022-12-30,2022,12,0,Bull,0,0.6928,SELL,1,0,0.8483,SELL,1,10,"BB_Upper,BB_Lower,ADX,Volume_Ratio,Return_5d,Rolling_Volatility,Price_Change,Daily_Return,MACD_Hist,Log_Return",BB_Upper
POWERGRID,POWERGRID.NS,2023-01-02,2023,1,1,Bull,0,0.7311,SELL,0,0,0.8415,SELL,0,10,"BB_Upper,BB_Lower,ADX,Volume_Ratio,Return_5d,Rolling_Volatility,Price_Change,Daily_Return,MACD_Hist,Log_Return",BB_Upper
POWERGRID,POWERGRID.NS,2023-01-03,2023,1,1,Sideways,0,0.7226,SELL,0,0,0.8554,SELL,0,10,"BB_Upper,BB_Lower,ADX,Volume_Ratio,Return_5d,Rolling_Volatility,Price_Change,Daily_Return,MACD_Hist,Log_Return",BB_Upper
POWERGRID,POWERGRID.NS,2023-01-04,2023,1,1,Sideways,-1,0.5233,NO TRADE,0,0,0.784,SELL,0,10,"BB_Upper,BB_Lower,ADX,Volume_Ratio,Return_5d,Rolling_Volatility,Price_Change,Daily_Return,MACD_Hist,Log_Return",BB_Upper
POWERGRID,POWERGRID.NS,2023-01-05,2023,1,1,Sideways,-1,0.5042,NO TRADE,0,0,0.796,SELL,0,10,"BB_Upper,BB_Lower,ADX,Volume_Ratio,Return_5d,Rolling_Volatility,Price_Change,Daily_Return,MACD_Hist,Log_Return",BB_Upper
POWERGRID,POWERGRID.NS,2023-01-06,2023,1,1,Sideways,0,0.6179,SELL,0,0,0.7848,SELL,0,10,"BB_Upper,BB_Lower,ADX,Volume_Ratio,Return_5d,Rolling_Volatility,Price_Change,Daily_Return,MACD_Hist,Log_Return",BB_Upper
POWERGRID,POWERGRID.NS,2023-01-09,2023,1,1,Bear,0,0.557,SELL,0,0,0.6271,SELL,0,10,"BB_Upper,BB_Lower,ADX,Volume_Ratio,Return_5d,Rolling_Volatility,Price_Change,Daily_Return,MACD_Hist,Log_Return",BB_Upper
POWERGRID,POWERGRID.NS,2023-01-10,2023,1,1,Bear,0,0.6349,SELL,0,0,0.6716,SELL,0,10,"BB_Upper,BB_Lower,ADX,Volume_Ratio,Return_5d,Rolling_Volatility,Price_Change,Daily_Return,MACD_Hist,Log_Return",BB_Upper
POWERGRID,POWERGRID.NS,2023-01-11,2023,1,1,Bear,1,0.5516,BUY,1,0,0.613,SELL,0,10,"BB_Upper,BB_Lower,ADX,Volume_Ratio,Return_5d,Rolling_Volatility,Price_Change,Daily_Return,MACD_Hist,Log_Return",BB_Upper
POWERGRID,POWERGRID.NS,2023-01-12,2023,1,1,Bear,1,0.572,BUY,1,0,0.6745,SELL,0,10,"BB_Upper,BB_Lower,ADX,Volume_Ratio,Return_5d,Rolling_Volatility,Price_Change,Daily_Return,MACD_Hist,Log_Return",BB_Upper
POWERGRID,POWERGRID.NS,2023-01-13,2023,1,1,Bear,1,0.5931,BUY,1,0,0.6268,SELL,0,10,"BB_Upper,BB_Lower,ADX,Volume_Ratio,Return_5d,Rolling_Volatility,Price_Change,Daily_Return,MACD_Hist,Log_Return",BB_Upper
POWERGRID,POWERGRID.NS,2023-01-16,2023,1,1,Bear,0,0.6222,SELL,0,0,0.7081,SELL,0,10,"BB_Upper,BB_Lower,ADX,Volume_Ratio,Return_5d,Rolling_Volatility,Price_Change,Daily_Return,MACD_Hist,Log_Return",BB_Upper
POWERGRID,POWERGRID.NS,2023-01-17,2023,1,1,Sideways,0,0.6864,SELL,0,0,0.8517,SELL,0,10,"BB_Upper,BB_Lower,ADX,Volume_Ratio,Return_5d,Rolling_Volatility,Price_Change,Daily_Return,MACD_Hist,Log_Return",BB_Upper
POWERGRID,POWERGRID.NS,2023-01-18,2023,1,1,Sideways,0,0.7724,SELL,0,0,0.84,SELL,0,10,"BB_Upper,BB_Lower,ADX,Volume_Ratio,Return_5d,Rolling_Volatility,Price_Change,Daily_Return,MACD_Hist,Log_Return",BB_Upper
POWERGRID,POWERGRID.NS,2023-01-19,2023,1,0,Bull,0,0.722,SELL,1,0,0.8162,SELL,1,10,"BB_Upper,BB_Lower,ADX,Volume_Ratio,Return_5d,Rolling_Volatility,Price_Change,Daily_Return,MACD_Hist,Log_Return",BB_Upper
POWERGRID,POWERGRID.NS,2023-01-20,2023,1,0,Bull,0,0.756,SELL,1,0,0.8165,SELL,1,10,"BB_Upper,BB_Lower,ADX,Volume_Ratio,Return_5d,Rolling_Volatility,Price_Change,Daily_Return,MACD_Hist,Log_Return",BB_Upper
POWERGRID,POWERGRID.NS,2023-01-23,2023,1,0,Bull,0,0.6608,SELL,1,0,0.7256,SELL,1,10,"BB_Upper,BB_Lower,ADX,Volume_Ratio,Return_5d,Rolling_Volatility,Price_Change,Daily_Return,MACD_Hist,Log_Return",BB_Upper
POWERGRID,POWERGRID.NS,2023-01-24,2023,1,0,Bull,0,0.6132,SELL,1,0,0.7198,SELL,1,10,"BB_Upper,BB_Lower,ADX,Volume_Ratio,Return_5d,Rolling_Volatility,Price_Change,Daily_Return,MACD_Hist,Log_Return",BB_Upper
POWERGRID,POWERGRID.NS,2023-01-25,2023,1,0,Bull,0,0.6899,SELL,1,-1,0.5449,NO TRADE,0,10,"BB_Lower,BB_Upper,Rolling_Mean_Return,RSI_14,MACD_Hist,ADX,OBV,MACD,Rolling_Median_Return,ROC",BB_Lower
POWERGRID,POWERGRID.NS,2023-01-27,2023,1,1,Sideways,0,0.6777,SELL,0,0,0.5782,SELL,0,10,"BB_Lower,BB_Upper,Rolling_Mean_Return,RSI_14,MACD_Hist,ADX,OBV,MACD,Rolling_Median_Return,ROC",BB_Lower
POWERGRID,POWERGRID.NS,2023-01-30,2023,1,1,Sideways,1,0.6139,BUY,1,-1,0.5086,NO TRADE,0,10,"BB_Lower,BB_Upper,Rolling_Mean_Return,RSI_14,MACD_Hist,ADX,OBV,MACD,Rolling_Median_Return,ROC",BB_Lower
POWERGRID,POWERGRID.NS,2023-01-31,2023,1,1,Bear,0,0.7041,SELL,0,-1,0.5331,NO TRADE,0,10,"BB_Lower,BB_Upper,Rolling_Mean_Return,RSI_14,MACD_Hist,ADX,OBV,MACD,Rolling_Median_Return,ROC",BB_Lower
POWERGRID,POWERGRID.NS,2023-02-01,2023,2,1,Sideways,0,0.5751,SELL,0,-1,0.5309,NO TRADE,0,10,"BB_Lower,BB_Upper,Rolling_Mean_Return,RSI_14,MACD_Hist,ADX,OBV,MACD,Rolling_Median_Return,ROC",BB_Lower
POWERGRID,POWERGRID.NS,2023-02-02,2023,2,1,Sideways,-1,0.5288,NO TRADE,0,0,0.5595,SELL,0,10,"BB_Lower,BB_Upper,Rolling_Mean_Return,RSI_14,MACD_Hist,ADX,OBV,MACD,Rolling_Median_Return,ROC",BB_Lower
POWERGRID,POWERGRID.NS,2023-02-03,2023,2,1,Sideways,0,0.6307,SELL,0,0,0.5773,SELL,0,10,"BB_Lower,BB_Upper,Rolling_Mean_Return,RSI_14,MACD_Hist,ADX,OBV,MACD,Rolling_Median_Return,ROC",BB_Lower
POWERGRID,POWERGRID.NS,2023-02-06,2023,2,1,Sideways,0,0.6919,SELL,0,0,0.5686,SELL,0,10,"BB_Lower,BB_Upper,Rolling_Mean_Return,RSI_14,MACD_Hist,ADX,OBV,MACD,Rolling_Median_Return,ROC",BB_Lower
POWERGRID,POWERGRID.NS,2023-02-07,2023,2,1,Sideways,0,0.7425,SELL,0,0,0.7477,SELL,0,10,"BB_Lower,BB_Upper,Rolling_Mean_Return,RSI_14,MACD_Hist,ADX,OBV,MACD,Rolling_Median_Return,ROC",BB_Lower
POWERGRID,POWERGRID.NS,2023-02-08,2023,2,1,Sideways,0,0.7409,SELL,0,0,0.7381,SELL,0,10,"BB_Lower,BB_Upper,Rolling_Mean_Return,RSI_14,MACD_Hist,ADX,OBV,MACD,Rolling_Median_Return,ROC",BB_Lower
POWERGRID,POWERGRID.NS,2023-02-09,2023,2,1,Sideways,0,0.6921,SELL,0,0,0.6956,SELL,0,10,"BB_Lower,BB_Upper,Rolling_Mean_Return,RSI_14,MACD_Hist,ADX,OBV,MACD,Rolling_Median_Return,ROC",BB_Lower
POWERGRID,POWERGRID.NS,2023-02-10,2023,2,1,Sideways,0,0.8155,SELL,0,0,0.8305,SELL,0,10,"BB_Lower,BB_Upper,Rolling_Mean_Return,RSI_14,MACD_Hist,ADX,OBV,MACD,Rolling_Median_Return,ROC",BB_Lower
POWERGRID,POWERGRID.NS,2023-02-13,2023,2,1,Sideways,0,0.8291,SELL,0,0,0.8652,SELL,0,10,"BB_Lower,BB_Upper,Rolling_Mean_Return,RSI_14,MACD_Hist,ADX,OBV,MACD,Rolling_Median_Return,ROC",BB_Lower
POWERGRID,POWERGRID.NS,2023-02-14,2023,2,1,Sideways,0,0.8595,SELL,0,0,0.8507,SELL,0,10,"BB_Lower,BB_Upper,Rolling_Mean_Return,RSI_14,MACD_Hist,ADX,OBV,MACD,Rolling_Median_Return,ROC",BB_Lower
POWERGRID,POWERGRID.NS,2023-02-15,2023,2,1,Sideways,0,0.8611,SELL,0,0,0.8484,SELL,0,10,"BB_Lower,BB_Upper,Rolling_Mean_Return,RSI_14,MACD_Hist,ADX,OBV,MACD,Rolling_Median_Return,ROC",BB_Lower
POWERGRID,POWERGRID.NS,2023-02-16,2023,2,1,Sideways,0,0.8545,SELL,0,0,0.8761,SELL,0,10,"BB_Lower,BB_Upper,Rolling_Mean_Return,RSI_14,MACD_Hist,ADX,OBV,MACD,Rolling_Median_Return,ROC",BB_Lower
POWERGRID,POWERGRID.NS,2023-02-17,2023,2,1,Sideways,0,0.8259,SELL,0,0,0.8614,SELL,0,10,"BB_Lower,BB_Upper,Rolling_Mean_Return,RSI_14,MACD_Hist,ADX,OBV,MACD,Rolling_Median_Return,ROC",BB_Lower
POWERGRID,POWERGRID.NS,2023-02-20,2023,2,1,Sideways,0,0.8379,SELL,0,0,0.8665,SELL,0,10,"BB_Lower,BB_Upper,Rolling_Mean_Return,RSI_14,MACD_Hist,ADX,OBV,MACD,Rolling_Median_Return,ROC",BB_Lower
POWERGRID,POWERGRID.NS,2023-02-21,2023,2,1,Sideways,0,0.901,SELL,0,0,0.881,SELL,0,10,"BB_Lower,BB_Upper,Rolling_Mean_Return,RSI_14,MACD_Hist,ADX,OBV,MACD,Rolling_Median_Return,ROC",BB_Lower
POWERGRID,POWERGRID.NS,2023-02-22,2023,2,1,Bull,0,0.8912,SELL,0,0,0.8715,SELL,0,10,"BB_Lower,BB_Upper,Rolling_Mean_Return,RSI_14,MACD_Hist,ADX,OBV,MACD,Rolling_Median_Return,ROC",BB_Lower
POWERGRID,POWERGRID.NS,2023-02-23,2023,2,1,Sideways,0,0.883,SELL,0,0,0.9011,SELL,0,10,"BB_Lower,BB_Upper,Rolling_Mean_Return,RSI_14,MACD_Hist,ADX,OBV,MACD,Rolling_Median_Return,ROC",BB_Lower
POWERGRID,POWERGRID.NS,2023-02-24,2023,2,1,Sideways,0,0.9157,SELL,0,0,0.9055,SELL,0,10,"BB_Lower,BB_Upper,Rolling_Mean_Return,RSI_14,MACD_Hist,ADX,OBV,MACD,Rolling_Median_Return,ROC",BB_Lower
POWERGRID,POWERGRID.NS,2023-02-27,2023,2,1,Sideways,0,0.9447,SELL,0,0,0.9379,SELL,0,10,"BB_Lower,BB_Upper,Rolling_Mean_Return,RSI_14,MACD_Hist,ADX,OBV,MACD,Rolling_Median_Return,ROC",BB_Lower
POWERGRID,POWERGRID.NS,2023-02-28,2023,2,1,Bull,0,0.9169,SELL,0,0,0.8999,SELL,0,10,"BB_Lower,BB_Upper,Rolling_Mean_Return,RSI_14,MACD_Hist,ADX,OBV,MACD,Rolling_Median_Return,ROC",BB_Lower
POWERGRID,POWERGRID.NS,2023-03-01,2023,3,1,Bull,0,0.8983,SELL,0,0,0.8983,SELL,0,10,"BB_Lower,BB_Upper,Rolling_Mean_Return,RSI_14,MACD_Hist,ADX,OBV,MACD,Rolling_Median_Return,ROC",BB_Lower
POWERGRID,POWERGRID.NS,2023-03-02,2023,3,1,Bull,0,0.9379,SELL,0,0,0.9071,SELL,0,10,"BB_Lower,BB_Upper,Rolling_Mean_Return,RSI_14,MACD_Hist,ADX,OBV,MACD,Rolling_Median_Return,ROC",BB_Lower
POWERGRID,POWERGRID.NS,2023-03-03,2023,3,1,Bull,0,0.9367,SELL,0,0,0.8942,SELL,0,10,"BB_Lower,BB_Upper,Rolling_Mean_Return,RSI_14,MACD_Hist,ADX,OBV,MACD,Rolling_Median_Return,ROC",BB_Lower
POWERGRID,POWERGRID.NS,2023-03-06,2023,3,0,Bull,0,0.9587,SELL,1,0,0.9056,SELL,1,10,"BB_Lower,BB_Upper,Rolling_Mean_Return,RSI_14,MACD_Hist,ADX,OBV,MACD,Rolling_Median_Return,ROC",BB_Lower
POWERGRID,POWERGRID.NS,2023-03-08,2023,3,1,Bull,0,0.938,SELL,0,0,0.914,SELL,0,10,"BB_Lower,BB_Upper,Rolling_Mean_Return,RSI_14,MACD_Hist,ADX,OBV,MACD,Rolling_Median_Return,ROC",BB_Lower
POWERGRID,POWERGRID.NS,2023-03-09,2023,3,1,Bull,0,0.947,SELL,0,0,0.9154,SELL,0,10,"BB_Lower,BB_Upper,Rolling_Mean_Return,RSI_14,MACD_Hist,ADX,OBV,MACD,Rolling_Median_Return,ROC",BB_Lower
POWERGRID,POWERGRID.NS,2023-03-10,2023,3,1,Bull,0,0.9514,SELL,0,0,0.9247,SELL,0,10,"BB_Lower,BB_Upper,Rolling_Mean_Return,RSI_14,MACD_Hist,ADX,OBV,MACD,Rolling_Median_Return,ROC",BB_Lower
POWERGRID,POWERGRID.NS,2023-03-13,2023,3,1,Bull,0,0.9475,SELL,0,0,0.939,SELL,0,10,"BB_Lower,BB_Upper,Rolling_Mean_Return,RSI_14,MACD_Hist,ADX,OBV,MACD,Rolling_Median_Return,ROC",BB_Lower
POWERGRID,POWERGRID.NS,2023-03-14,2023,3,1,Bull,0,0.9453,SELL,0,0,0.9264,SELL,0,10,"BB_Lower,BB_Upper,Rolling_Mean_Return,RSI_14,MACD_Hist,ADX,OBV,MACD,Rolling_Median_Return,ROC",BB_Lower
POWERGRID,POWERGRID.NS,2023-03-15,2023,3,1,Bull,0,0.9579,SELL,0,0,0.9332,SELL,0,10,"BB_Lower,BB_Upper,Rolling_Mean_Return,RSI_14,MACD_Hist,ADX,OBV,MACD,Rolling_Median_Return,ROC",BB_Lower
POWERGRID,POWERGRID.NS,2023-03-16,2023,3,0,Bull,0,0.9687,SELL,1,0,0.9521,SELL,1,10,"BB_Lower,BB_Upper,Rolling_Mean_Return,RSI_14,MACD_Hist,ADX,OBV,MACD,Rolling_Median_Return,ROC",BB_Lower
POWERGRID,POWERGRID.NS,2023-03-17,2023,3,1,Bull,0,0.9565,SELL,0,0,0.9438,SELL,0,10,"BB_Lower,BB_Upper,Rolling_Mean_Return,RSI_14,MACD_Hist,ADX,OBV,MACD,Rolling_Median_Return,ROC",BB_Lower
POWERGRID,POWERGRID.NS,2023-03-20,2023,3,1,Bull,0,0.9576,SELL,0,0,0.9374,SELL,0,10,"BB_Lower,BB_Upper,Rolling_Mean_Return,RSI_14,MACD_Hist,ADX,OBV,MACD,Rolling_Median_Return,ROC",BB_Lower
POWERGRID,POWERGRID.NS,2023-03-21,2023,3,1,Bull,0,0.957,SELL,0,0,0.9522,SELL,0,10,"BB_Lower,BB_Upper,Rolling_Mean_Return,RSI_14,MACD_Hist,ADX,OBV,MACD,Rolling_Median_Return,ROC",BB_Lower
POWERGRID,POWERGRID.NS,2023-03-22,2023,3,1,Bull,0,0.9624,SELL,0,0,0.9519,SELL,0,10,"BB_Lower,BB_Upper,Rolling_Mean_Return,RSI_14,MACD_Hist,ADX,OBV,MACD,Rolling_Median_Return,ROC",BB_Lower
POWERGRID,POWERGRID.NS,2023-03-23,2023,3,1,Bull,0,0.9257,SELL,0,0,0.9488,SELL,0,10,"BB_Lower,BB_Upper,Rolling_Mean_Return,RSI_14,MACD_Hist,ADX,OBV,MACD,Rolling_Median_Return,ROC",BB_Lower
POWERGRID,POWERGRID.NS,2023-03-24,2023,3,1,Bull,0,0.9567,SELL,0,0,0.9501,SELL,0,10,"BB_Lower,BB_Upper,Rolling_Mean_Return,RSI_14,MACD_Hist,ADX,OBV,MACD,Rolling_Median_Return,ROC",BB_Lower
POWERGRID,POWERGRID.NS,2023-03-27,2023,3,1,Bull,0,0.9473,SELL,0,0,0.8853,SELL,0,10,"BB_Lower,BB_Upper,Rolling_Mean_Return,RSI_14,MACD_Hist,ADX,OBV,MACD,Rolling_Median_Return,ROC",BB_Lower
POWERGRID,POWERGRID.NS,2023-03-28,2023,3,1,Bull,0,0.9697,SELL,0,0,0.9479,SELL,0,10,"BB_Lower,BB_Upper,Rolling_Mean_Return,RSI_14,MACD_Hist,ADX,OBV,MACD,Rolling_Median_Return,ROC",BB_Lower
POWERGRID,POWERGRID.NS,2023-03-29,2023,3,1,Bull,0,0.9619,SELL,0,0,0.9557,SELL,0,10,"BB_Lower,BB_Upper,Rolling_Mean_Return,RSI_14,MACD_Hist,ADX,OBV,MACD,Rolling_Median_Return,ROC",BB_Lower
POWERGRID,POWERGRID.NS,2023-03-31,2023,3,1,Bull,0,0.9699,SELL,0,0,0.9653,SELL,0,10,"BB_Lower,BB_Upper,Rolling_Mean_Return,RSI_14,MACD_Hist,ADX,OBV,MACD,Rolling_Median_Return,ROC",BB_Lower
POWERGRID,POWERGRID.NS,2023-04-03,2023,4,1,Bull,0,0.9683,SELL,0,0,0.953,SELL,0,10,"BB_Lower,BB_Upper,Rolling_Mean_Return,RSI_14,MACD_Hist,ADX,OBV,MACD,Rolling_Median_Return,ROC",BB_Lower
POWERGRID,POWERGRID.NS,2023-04-05,2023,4,1,Bull,0,0.9526,SELL,0,0,0.9311,SELL,0,10,"BB_Lower,BB_Upper,Rolling_Mean_Return,RSI_14,MACD_Hist,ADX,OBV,MACD,Rolling_Median_Return,ROC",BB_Lower
POWERGRID,POWERGRID.NS,2023-04-06,2023,4,1,Bull,0,0.9679,SELL,0,0,0.9379,SELL,0,10,"BB_Lower,BB_Upper,Rolling_Mean_Return,RSI_14,MACD_Hist,ADX,OBV,MACD,Rolling_Median_Return,ROC",BB_Lower
POWERGRID,POWERGRID.NS,2023-04-10,2023,4,1,Bull,0,0.9746,SELL,0,0,0.9421,SELL,0,10,"BB_Lower,BB_Upper,Rolling_Mean_Return,RSI_14,MACD_Hist,ADX,OBV,MACD,Rolling_Median_Return,ROC",BB_Lower
POWERGRID,POWERGRID.NS,2023-04-11,2023,4,1,Bull,0,0.9693,SELL,0,0,0.9414,SELL,0,10,"BB_Lower,BB_Upper,Rolling_Mean_Return,RSI_14,MACD_Hist,ADX,OBV,MACD,Rolling_Median_Return,ROC",BB_Lower
POWERGRID,POWERGRID.NS,2023-04-12,2023,4,1,Bull,0,0.9553,SELL,0,0,0.9317,SELL,0,10,"BB_Lower,BB_Upper,Rolling_Mean_Return,RSI_14,MACD_Hist,ADX,OBV,MACD,Rolling_Median_Return,ROC",BB_Lower
POWERGRID,POWERGRID.NS,2023-04-13,2023,4,1,Bull,0,0.9677,SELL,0,0,0.9139,SELL,0,10,"BB_Lower,BB_Upper,Rolling_Mean_Return,RSI_14,MACD_Hist,ADX,OBV,MACD,Rolling_Median_Return,ROC",BB_Lower
POWERGRID,POWERGRID.NS,2023-04-17,2023,4,1,Bull,0,0.9659,SELL,0,0,0.9211,SELL,0,10,"BB_Lower,BB_Upper,Rolling_Mean_Return,RSI_14,MACD_Hist,ADX,OBV,MACD,Rolling_Median_Return,ROC",BB_Lower
POWERGRID,POWERGRID.NS,2023-04-18,2023,4,1,Bull,0,0.9343,SELL,0,0,0.8994,SELL,0,10,"BB_Lower,BB_Upper,Rolling_Mean_Return,RSI_14,MACD_Hist,ADX,OBV,MACD,Rolling_Median_Return,ROC",BB_Lower
POWERGRID,POWERGRID.NS,2023-04-19,2023,4,1,Bull,0,0.9413,SELL,0,0,0.9231,SELL,0,10,"BB_Lower,BB_Upper,Rolling_Mean_Return,RSI_14,MACD_Hist,ADX,OBV,MACD,Rolling_Median_Return,ROC",BB_Lower
POWERGRID,POWERGRID.NS,2023-04-20,2023,4,1,Bull,0,0.94,SELL,0,0,0.9182,SELL,0,10,"BB_Lower,BB_Upper,Rolling_Mean_Return,RSI_14,MACD_Hist,ADX,OBV,MACD,Rolling_Median_Return,ROC",BB_Lower
POWERGRID,POWERGRID.NS,2023-04-21,2023,4,1,Bull,0,0.9385,SELL,0,0,0.9157,SELL,0,10,"BB_Lower,BB_Upper,Rolling_Mean_Return,RSI_14,MACD_Hist,ADX,OBV,MACD,Rolling_Median_Return,ROC",BB_Lower
POWERGRID,POWERGRID.NS,2023-04-24,2023,4,1,Bull,0,0.935,SELL,0,0,0.9157,SELL,0,10,"BB_Lower,BB_Upper,Rolling_Mean_Return,RSI_14,MACD_Hist,ADX,OBV,MACD,Rolling_Median_Return,ROC",BB_Lower
POWERGRID,POWERGRID.NS,2023-04-25,2023,4,1,Bull,0,0.9438,SELL,0,0,0.9188,SELL,0,10,"BB_Lower,BB_Upper,Rolling_Mean_Return,RSI_14,MACD_Hist,ADX,OBV,MACD,Rolling_Median_Return,ROC",BB_Lower
POWERGRID,POWERGRID.NS,2023-04-26,2023,4,0,Bull,0,0.9716,SELL,1,0,0.9289,SELL,1,10,"BB_Lower,BB_Upper,Rolling_Mean_Return,RSI_14,MACD_Hist,ADX,OBV,MACD,Rolling_Median_Return,ROC",BB_Lower
POWERGRID,POWERGRID.NS,2023-04-27,2023,4,1,Bull,1,0.5593,BUY,1,0,0.5917,SELL,0,10,"BB_Lower,OBV,ATR_14,Stochastic,MACD,MACD_Hist,BB_Upper,ROC,Rolling_Mean_Return,ADX",BB_Lower
POWERGRID,POWERGRID.NS,2023-04-28,2023,4,0,Bull,-1,0.5155,NO TRADE,0,0,0.6595,SELL,1,10,"BB_Lower,OBV,ATR_14,Stochastic,MACD,MACD_Hist,BB_Upper,ROC,Rolling_Mean_Return,ADX",BB_Lower
POWERGRID,POWERGRID.NS,2023-05-02,2023,5,0,Bull,-1,0.5162,NO TRADE,0,0,0.6228,SELL,1,10,"BB_Lower,OBV,ATR_14,Stochastic,MACD,MACD_Hist,BB_Upper,ROC,Rolling_Mean_Return,ADX",BB_Lower
POWERGRID,POWERGRID.NS,2023-05-03,2023,5,0,Bull,-1,0.5417,NO TRADE,0,0,0.6401,SELL,1,10,"BB_Lower,OBV,ATR_14,Stochastic,MACD,MACD_Hist,BB_Upper,ROC,Rolling_Mean_Return,ADX",BB_Lower
POWERGRID,POWERGRID.NS,2023-05-04,2023,5,0,Bull,-1,0.5285,NO TRADE,0,0,0.6383,SELL,1,10,"BB_Lower,OBV,ATR_14,Stochastic,MACD,MACD_Hist,BB_Upper,ROC,Rolling_Mean_Return,ADX",BB_Lower
POWERGRID,POWERGRID.NS,2023-05-05,2023,5,0,Bull,-1,0.5371,NO TRADE,0,0,0.6874,SELL,1,10,"BB_Lower,OBV,ATR_14,Stochastic,MACD,MACD_Hist,BB_Upper,ROC,Rolling_Mean_Return,ADX",BB_Lower
POWERGRID,POWERGRID.NS,2023-05-08,2023,5,0,Bull,0,0.6668,SELL,1,0,0.6985,SELL,1,10,"BB_Lower,OBV,ATR_14,Stochastic,MACD,MACD_Hist,BB_Upper,ROC,Rolling_Mean_Return,ADX",BB_Lower
POWERGRID,POWERGRID.NS,2023-05-09,2023,5,0,Bull,0,0.5655,SELL,1,0,0.709,SELL,1,10,"BB_Lower,OBV,ATR_14,Stochastic,MACD,MACD_Hist,BB_Upper,ROC,Rolling_Mean_Return,ADX",BB_Lower
POWERGRID,POWERGRID.NS,2023-05-10,2023,5,0,Bull,0,0.6441,SELL,1,0,0.7131,SELL,1,10,"BB_Lower,OBV,ATR_14,Stochastic,MACD,MACD_Hist,BB_Upper,ROC,Rolling_Mean_Return,ADX",BB_Lower
POWERGRID,POWERGRID.NS,2023-05-11,2023,5,0,Bull,0,0.6257,SELL,1,0,0.7568,SELL,1,10,"BB_Lower,OBV,ATR_14,Stochastic,MACD,MACD_Hist,BB_Upper,ROC,Rolling_Mean_Return,ADX",BB_Lower
POWERGRID,POWERGRID.NS,2023-05-12,2023,5,1,Bull,-1,0.5346,NO TRADE,0,0,0.684,SELL,0,10,"BB_Lower,OBV,ATR_14,Stochastic,MACD,MACD_Hist,BB_Upper,ROC,Rolling_Mean_Return,ADX",BB_Lower
POWERGRID,POWERGRID.NS,2023-05-15,2023,5,0,Bull,0,0.5641,SELL,1,0,0.6661,SELL,1,10,"BB_Lower,OBV,ATR_14,Stochastic,MACD,MACD_Hist,BB_Upper,ROC,Rolling_Mean_Return,ADX",BB_Lower
POWERGRID,POWERGRID.NS,2023-05-16,2023,5,1,Bull,0,0.6327,SELL,0,0,0.6179,SELL,0,10,"BB_Lower,OBV,ATR_14,Stochastic,MACD,MACD_Hist,BB_Upper,ROC,Rolling_Mean_Return,ADX",BB_Lower
POWERGRID,POWERGRID.NS,2023-05-17,2023,5,1,Bull,0,0.6062,SELL,0,0,0.5802,SELL,0,10,"BB_Lower,OBV,ATR_14,Stochastic,MACD,MACD_Hist,BB_Upper,ROC,Rolling_Mean_Return,ADX",BB_Lower
POWERGRID,POWERGRID.NS,2023-05-18,2023,5,1,Bull,0,0.5545,SELL,0,0,0.6537,SELL,0,10,"BB_Lower,OBV,ATR_14,Stochastic,MACD,MACD_Hist,BB_Upper,ROC,Rolling_Mean_Return,ADX",BB_Lower
POWERGRID,POWERGRID.NS,2023-05-19,2023,5,1,Bull,-1,0.5196,NO TRADE,0,0,0.6464,SELL,0,10,"BB_Lower,OBV,ATR_14,Stochastic,MACD,MACD_Hist,BB_Upper,ROC,Rolling_Mean_Return,ADX",BB_Lower
POWERGRID,POWERGRID.NS,2023-05-22,2023,5,1,Bull,0,0.5637,SELL,0,0,0.5942,SELL,0,10,"BB_Lower,OBV,ATR_14,Stochastic,MACD,MACD_Hist,BB_Upper,ROC,Rolling_Mean_Return,ADX",BB_Lower
POWERGRID,POWERGRID.NS,2023-05-23,2023,5,1,Bull,0,0.6621,SELL,0,0,0.6266,SELL,0,10,"BB_Lower,OBV,ATR_14,Stochastic,MACD,MACD_Hist,BB_Upper,ROC,Rolling_Mean_Return,ADX",BB_Lower
POWERGRID,POWERGRID.NS,2023-05-24,2023,5,1,Bull,0,0.5912,SELL,0,-1,0.5407,NO TRADE,0,10,"BB_Lower,OBV,ATR_14,Stochastic,MACD,MACD_Hist,BB_Upper,ROC,Rolling_Mean_Return,ADX",BB_Lower
POWERGRID,POWERGRID.NS,2023-05-25,2023,5,1,Bull,0,0.6429,SELL,0,0,0.5893,SELL,0,10,"BB_Lower,OBV,ATR_14,Stochastic,MACD,MACD_Hist,BB_Upper,ROC,Rolling_Mean_Return,ADX",BB_Lower
POWERGRID,POWERGRID.NS,2023-05-26,2023,5,1,Bull,-1,0.5353,NO TRADE,0,-1,0.507,NO TRADE,0,10,"BB_Lower,OBV,ATR_14,Stochastic,MACD,MACD_Hist,BB_Upper,ROC,Rolling_Mean_Return,ADX",BB_Lower
POWERGRID,POWERGRID.NS,2023-05-29,2023,5,1,Bull,-1,0.5222,NO TRADE,0,-1,0.5478,NO TRADE,0,10,"BB_Lower,OBV,ATR_14,Stochastic,MACD,MACD_Hist,BB_Upper,ROC,Rolling_Mean_Return,ADX",BB_Lower
POWERGRID,POWERGRID.NS,2023-05-30,2023,5,1,Bull,0,0.6245,SELL,0,-1,0.5215,NO TRADE,0,10,"BB_Lower,OBV,ATR_14,Stochastic,MACD,MACD_Hist,BB_Upper,ROC,Rolling_Mean_Return,ADX",BB_Lower
POWERGRID,POWERGRID.NS,2023-05-31,2023,5,1,Bull,0,0.5923,SELL,0,1,0.6097,BUY,1,10,"BB_Lower,OBV,ATR_14,Stochastic,MACD,MACD_Hist,BB_Upper,ROC,Rolling_Mean_Return,ADX",BB_Lower
POWERGRID,POWERGRID.NS,2023-06-01,2023,6,1,Bull,0,0.5969,SELL,0,1,0.6203,BUY,1,10,"BB_Lower,OBV,ATR_14,Stochastic,MACD,MACD_Hist,BB_Upper,ROC,Rolling_Mean_Return,ADX",BB_Lower
POWERGRID,POWERGRID.NS,2023-06-02,2023,6,1,Sideways,0,0.5543,SELL,0,1,0.6726,BUY,1,10,"BB_Lower,OBV,ATR_14,Stochastic,MACD,MACD_Hist,BB_Upper,ROC,Rolling_Mean_Return,ADX",BB_Lower
POWERGRID,POWERGRID.NS,2023-06-05,2023,6,1,Sideways,1,0.627,BUY,1,1,0.7039,BUY,1,10,"BB_Lower,OBV,ATR_14,Stochastic,MACD,MACD_Hist,BB_Upper,ROC,Rolling_Mean_Return,ADX",BB_Lower
POWERGRID,POWERGRID.NS,2023-06-06,2023,6,1,Bull,1,0.6241,BUY,1,1,0.7038,BUY,1,10,"BB_Lower,OBV,ATR_14,Stochastic,MACD,MACD_Hist,BB_Upper,ROC,Rolling_Mean_Return,ADX",BB_Lower
POWERGRID,POWERGRID.NS,2023-06-07,2023,6,1,Bull,1,0.6183,BUY,1,1,0.7123,BUY,1,10,"BB_Lower,OBV,ATR_14,Stochastic,MACD,MACD_Hist,BB_Upper,ROC,Rolling_Mean_Return,ADX",BB_Lower
POWERGRID,POWERGRID.NS,2023-06-08,2023,6,1,Bull,1,0.6234,BUY,1,1,0.6609,BUY,1,10,"BB_Lower,OBV,ATR_14,Stochastic,MACD,MACD_Hist,BB_Upper,ROC,Rolling_Mean_Return,ADX",BB_Lower
POWERGRID,POWERGRID.NS,2023-06-09,2023,6,1,Bull,1,0.5514,BUY,1,1,0.6666,BUY,1,10,"BB_Lower,OBV,ATR_14,Stochastic,MACD,MACD_Hist,BB_Upper,ROC,Rolling_Mean_Return,ADX",BB_Lower
POWERGRID,POWERGRID.NS,2023-06-12,2023,6,1,Bull,1,0.649,BUY,1,1,0.6408,BUY,1,10,"BB_Lower,OBV,ATR_14,Stochastic,MACD,MACD_Hist,BB_Upper,ROC,Rolling_Mean_Return,ADX",BB_Lower
POWERGRID,POWERGRID.NS,2023-06-13,2023,6,1,Bull,1,0.6817,BUY,1,1,0.673,BUY,1,10,"BB_Lower,OBV,ATR_14,Stochastic,MACD,MACD_Hist,BB_Upper,ROC,Rolling_Mean_Return,ADX",BB_Lower
POWERGRID,POWERGRID.NS,2023-06-14,2023,6,0,Bull,0,0.5597,SELL,1,1,0.6239,BUY,0,10,"BB_Lower,OBV,ATR_14,Stochastic,MACD,MACD_Hist,BB_Upper,ROC,Rolling_Mean_Return,ADX",BB_Lower
POWERGRID,POWERGRID.NS,2023-06-15,2023,6,0,Bull,1,0.5839,BUY,0,1,0.6696,BUY,0,10,"BB_Lower,OBV,ATR_14,Stochastic,MACD,MACD_Hist,BB_Upper,ROC,Rolling_Mean_Return,ADX",BB_Lower
POWERGRID,POWERGRID.NS,2023-06-16,2023,6,0,Bull,-1,0.5391,NO TRADE,0,1,0.554,BUY,0,10,"BB_Lower,OBV,ATR_14,Stochastic,MACD,MACD_Hist,BB_Upper,ROC,Rolling_Mean_Return,ADX",BB_Lower
POWERGRID,POWERGRID.NS,2023-06-19,2023,6,0,Bull,-1,0.542,NO TRADE,0,1,0.6562,BUY,0,10,"BB_Lower,OBV,ATR_14,Stochastic,MACD,MACD_Hist,BB_Upper,ROC,Rolling_Mean_Return,ADX",BB_Lower
POWERGRID,POWERGRID.NS,2023-06-20,2023,6,0,Bull,-1,0.5013,NO TRADE,0,1,0.558,BUY,0,10,"BB_Lower,OBV,ATR_14,Stochastic,MACD,MACD_Hist,BB_Upper,ROC,Rolling_Mean_Return,ADX",BB_Lower
POWERGRID,POWERGRID.NS,2023-06-21,2023,6,0,Bull,0,0.6689,SELL,1,0,0.5992,SELL,1,10,"BB_Lower,OBV,ATR_14,Stochastic,MACD,MACD_Hist,BB_Upper,ROC,Rolling_Mean_Return,ADX",BB_Lower
POWERGRID,POWERGRID.NS,2023-06-22,2023,6,0,Bull,-1,0.5047,NO TRADE,0,0,0.6605,SELL,1,10,"BB_Lower,OBV,ATR_14,Stochastic,MACD,MACD_Hist,BB_Upper,ROC,Rolling_Mean_Return,ADX",BB_Lower
POWERGRID,POWERGRID.NS,2023-06-23,2023,6,0,Bull,0,0.5708,SELL,1,0,0.6523,SELL,1,10,"BB_Lower,OBV,ATR_14,Stochastic,MACD,MACD_Hist,BB_Upper,ROC,Rolling_Mean_Return,ADX",BB_Lower
POWERGRID,POWERGRID.NS,2023-06-26,2023,6,1,Bull,-1,0.5075,NO TRADE,0,0,0.6238,SELL,0,10,"BB_Lower,OBV,ATR_14,Stochastic,MACD,MACD_Hist,BB_Upper,ROC,Rolling_Mean_Return,ADX",BB_Lower
POWERGRID,POWERGRID.NS,2023-06-27,2023,6,1,Bull,1,0.5605,BUY,1,-1,0.5156,NO TRADE,0,10,"BB_Lower,OBV,ATR_14,Stochastic,MACD,MACD_Hist,BB_Upper,ROC,Rolling_Mean_Return,ADX",BB_Lower
POWERGRID,POWERGRID.NS,2023-06-28,2023,6,1,Bull,-1,0.5184,NO TRADE,0,0,0.5883,SELL,0,10,"BB_Lower,OBV,ATR_14,Stochastic,MACD,MACD_Hist,BB_Upper,ROC,Rolling_Mean_Return,ADX",BB_Lower
POWERGRID,POWERGRID.NS,2023-06-30,2023,6,1,Bull,0,0.689,SELL,0,0,0.6676,SELL,0,10,"BB_Lower,OBV,ATR_14,Stochastic,MACD,MACD_Hist,BB_Upper,ROC,Rolling_Mean_Return,ADX",BB_Lower
POWERGRID,POWERGRID.NS,2023-07-03,2023,7,1,Bull,0,0.6881,SELL,0,0,0.6682,SELL,0,10,"BB_Lower,OBV,ATR_14,Stochastic,MACD,MACD_Hist,BB_Upper,ROC,Rolling_Mean_Return,ADX",BB_Lower
POWERGRID,POWERGRID.NS,2023-07-04,2023,7,1,Bull,0,0.5948,SELL,0,0,0.6608,SELL,0,10,"BB_Lower,OBV,ATR_14,Stochastic,MACD,MACD_Hist,BB_Upper,ROC,Rolling_Mean_Return,ADX",BB_Lower
POWERGRID,POWERGRID.NS,2023-07-05,2023,7,0,Bull,0,0.6884,SELL,1,0,0.6685,SELL,1,10,"BB_Lower,OBV,ATR_14,Stochastic,MACD,MACD_Hist,BB_Upper,ROC,Rolling_Mean_Return,ADX",BB_Lower
POWERGRID,POWERGRID.NS,2023-07-06,2023,7,0,Bull,0,0.8753,SELL,1,0,0.7192,SELL,1,10,"BB_Lower,OBV,ATR_14,Stochastic,MACD,MACD_Hist,BB_Upper,ROC,Rolling_Mean_Return,ADX",BB_Lower
POWERGRID,POWERGRID.NS,2023-07-07,2023,7,0,Bull,0,0.7662,SELL,1,0,0.7135,SELL,1,10,"BB_Lower,OBV,ATR_14,Stochastic,MACD,MACD_Hist,BB_Upper,ROC,Rolling_Mean_Return,ADX",BB_Lower
POWERGRID,POWERGRID.NS,2023-07-10,2023,7,0,Bull,0,0.7149,SELL,1,0,0.6689,SELL,1,10,"BB_Lower,OBV,ATR_14,Stochastic,MACD,MACD_Hist,BB_Upper,ROC,Rolling_Mean_Return,ADX",BB_Lower
POWERGRID,POWERGRID.NS,2023-07-11,2023,7,0,Bull,0,0.6269,SELL,1,0,0.6661,SELL,1,10,"BB_Lower,OBV,ATR_14,Stochastic,MACD,MACD_Hist,BB_Upper,ROC,Rolling_Mean_Return,ADX",BB_Lower
POWERGRID,POWERGRID.NS,2023-07-12,2023,7,0,Bull,0,0.67,SELL,1,0,0.6763,SELL,1,10,"BB_Lower,OBV,ATR_14,Stochastic,MACD,MACD_Hist,BB_Upper,ROC,Rolling_Mean_Return,ADX",BB_Lower
POWERGRID,POWERGRID.NS,2023-07-13,2023,7,1,Bull,-1,0.5239,NO TRADE,0,0,0.6451,SELL,0,10,"BB_Lower,OBV,ATR_14,Stochastic,MACD,MACD_Hist,BB_Upper,ROC,Rolling_Mean_Return,ADX",BB_Lower
POWERGRID,POWERGRID.NS,2023-07-14,2023,7,1,Sideways,1,0.6787,BUY,1,-1,0.5278,NO TRADE,0,10,"BB_Lower,OBV,ATR_14,Stochastic,MACD,MACD_Hist,BB_Upper,ROC,Rolling_Mean_Return,ADX",BB_Lower
POWERGRID,POWERGRID.NS,2023-07-17,2023,7,1,Sideways,0,0.5541,SELL,0,0,0.6135,SELL,0,10,"BB_Lower,OBV,ATR_14,Stochastic,MACD,MACD_Hist,BB_Upper,ROC,Rolling_Mean_Return,ADX",BB_Lower
POWERGRID,POWERGRID.NS,2023-07-18,2023,7,1,Sideways,1,0.5553,BUY,1,0,0.5909,SELL,0,10,"BB_Lower,OBV,ATR_14,Stochastic,MACD,MACD_Hist,BB_Upper,ROC,Rolling_Mean_Return,ADX",BB_Lower
POWERGRID,POWERGRID.NS,2023-07-19,2023,7,1,Sideways,0,0.6115,SELL,0,0,0.6035,SELL,0,10,"BB_Lower,OBV,ATR_14,Stochastic,MACD,MACD_Hist,BB_Upper,ROC,Rolling_Mean_Return,ADX",BB_Lower
POWERGRID,POWERGRID.NS,2023-07-20,2023,7,1,Sideways,0,0.624,SELL,0,-1,0.5085,NO TRADE,0,10,"BB_Lower,OBV,ATR_14,Stochastic,MACD,MACD_Hist,BB_Upper,ROC,Rolling_Mean_Return,ADX",BB_Lower
POWERGRID,POWERGRID.NS,2023-07-21,2023,7,1,Sideways,-1,0.508,NO TRADE,0,-1,0.505,NO TRADE,0,10,"BB_Lower,OBV,ATR_14,Stochastic,MACD,MACD_Hist,BB_Upper,ROC,Rolling_Mean_Return,ADX",BB_Lower
POWERGRID,POWERGRID.NS,2023-07-24,2023,7,1,Sideways,1,0.7594,BUY,1,1,0.867,BUY,1,10,"MACD,RSI_14,Williams_R,MACD_Hist,OBV,ADX,Volume_MA,Rolling_Mean_Return,ROC,Return_10d",MACD
POWERGRID,POWERGRID.NS,2023-07-25,2023,7,1,Bull,1,0.6245,BUY,1,1,0.8679,BUY,1,10,"MACD,RSI_14,Williams_R,MACD_Hist,OBV,ADX,Volume_MA,Rolling_Mean_Return,ROC,Return_10d",MACD
POWERGRID,POWERGRID.NS,2023-07-26,2023,7,1,Bull,1,0.742,BUY,1,1,0.8636,BUY,1,10,"MACD,RSI_14,Williams_R,MACD_Hist,OBV,ADX,Volume_MA,Rolling_Mean_Return,ROC,Return_10d",MACD
POWERGRID,POWERGRID.NS,2023-07-27,2023,7,0,Bull,1,0.7647,BUY,0,1,0.8926,BUY,0,10,"MACD,RSI_14,Williams_R,MACD_Hist,OBV,ADX,Volume_MA,Rolling_Mean_Return,ROC,Return_10d",MACD
POWERGRID,POWERGRID.NS,2023-07-28,2023,7,0,Bull,-1,0.5067,NO TRADE,0,1,0.854,BUY,0,10,"MACD,RSI_14,Williams_R,MACD_Hist,OBV,ADX,Volume_MA,Rolling_Mean_Return,ROC,Return_10d",MACD
POWERGRID,POWERGRID.NS,2023-07-31,2023,7,0,Bull,0,0.7004,SELL,1,1,0.5653,BUY,0,10,"MACD,RSI_14,Williams_R,MACD_Hist,OBV,ADX,Volume_MA,Rolling_Mean_Return,ROC,Return_10d",MACD
POWERGRID,POWERGRID.NS,2023-08-01,2023,8,1,Bull,1,0.7297,BUY,1,1,0.7989,BUY,1,10,"MACD,RSI_14,Williams_R,MACD_Hist,OBV,ADX,Volume_MA,Rolling_Mean_Return,ROC,Return_10d",MACD
POWERGRID,POWERGRID.NS,2023-08-02,2023,8,1,Bull,1,0.7128,BUY,1,1,0.8408,BUY,1,10,"MACD,RSI_14,Williams_R,MACD_Hist,OBV,ADX,Volume_MA,Rolling_Mean_Return,ROC,Return_10d",MACD
POWERGRID,POWERGRID.NS,2023-08-03,2023,8,1,Bull,1,0.7417,BUY,1,1,0.8399,BUY,1,10,"MACD,RSI_14,Williams_R,MACD_Hist,OBV,ADX,Volume_MA,Rolling_Mean_Return,ROC,Return_10d",MACD
POWERGRID,POWERGRID.NS,2023-08-04,2023,8,1,Bull,1,0.7988,BUY,1,1,0.8567,BUY,1,10,"MACD,RSI_14,Williams_R,MACD_Hist,OBV,ADX,Volume_MA,Rolling_Mean_Return,ROC,Return_10d",MACD
POWERGRID,POWERGRID.NS,2023-08-07,2023,8,1,Bull,1,0.7858,BUY,1,1,0.8581,BUY,1,10,"MACD,RSI_14,Williams_R,MACD_Hist,OBV,ADX,Volume_MA,Rolling_Mean_Return,ROC,Return_10d",MACD
POWERGRID,POWERGRID.NS,2023-08-08,2023,8,1,Bull,1,0.7361,BUY,1,1,0.8573,BUY,1,10,"MACD,RSI_14,Williams_R,MACD_Hist,OBV,ADX,Volume_MA,Rolling_Mean_Return,ROC,Return_10d",MACD
POWERGRID,POWERGRID.NS,2023-08-09,2023,8,1,Bull,1,0.7894,BUY,1,1,0.9153,BUY,1,10,"MACD,RSI_14,Williams_R,MACD_Hist,OBV,ADX,Volume_MA,Rolling_Mean_Return,ROC,Return_10d",MACD
POWERGRID,POWERGRID.NS,2023-08-10,2023,8,1,Bull,1,0.7606,BUY,1,1,0.8946,BUY,1,10,"MACD,RSI_14,Williams_R,MACD_Hist,OBV,ADX,Volume_MA,Rolling_Mean_Return,ROC,Return_10d",MACD
POWERGRID,POWERGRID.NS,2023-08-11,2023,8,1,Bull,1,0.7497,BUY,1,1,0.8863,BUY,1,10,"MACD,RSI_14,Williams_R,MACD_Hist,OBV,ADX,Volume_MA,Rolling_Mean_Return,ROC,Return_10d",MACD
POWERGRID,POWERGRID.NS,2023-08-14,2023,8,1,Bull,1,0.7643,BUY,1,1,0.9292,BUY,1,10,"MACD,RSI_14,Williams_R,MACD_Hist,OBV,ADX,Volume_MA,Rolling_Mean_Return,ROC,Return_10d",MACD
POWERGRID,POWERGRID.NS,2023-08-16,2023,8,1,Bull,1,0.7014,BUY,1,1,0.8891,BUY,1,10,"MACD,RSI_14,Williams_R,MACD_Hist,OBV,ADX,Volume_MA,Rolling_Mean_Return,ROC,Return_10d",MACD
POWERGRID,POWERGRID.NS,2023-08-17,2023,8,1,Bull,1,0.7903,BUY,1,1,0.8763,BUY,1,10,"MACD,RSI_14,Williams_R,MACD_Hist,OBV,ADX,Volume_MA,Rolling_Mean_Return,ROC,Return_10d",MACD
POWERGRID,POWERGRID.NS,2023-08-18,2023,8,1,Bull,1,0.7563,BUY,1,1,0.8826,BUY,1,10,"MACD,RSI_14,Williams_R,MACD_Hist,OBV,ADX,Volume_MA,Rolling_Mean_Return,ROC,Return_10d",MACD
POWERGRID,POWERGRID.NS,2023-08-21,2023,8,1,Bull,1,0.5795,BUY,1,1,0.8921,BUY,1,10,"MACD,RSI_14,Williams_R,MACD_Hist,OBV,ADX,Volume_MA,Rolling_Mean_Return,ROC,Return_10d",MACD
POWERGRID,POWERGRID.NS,2023-08-22,2023,8,1,Bull,1,0.748,BUY,1,1,0.8927,BUY,1,10,"MACD,RSI_14,Williams_R,MACD_Hist,OBV,ADX,Volume_MA,Rolling_Mean_Return,ROC,Return_10d",MACD
POWERGRID,POWERGRID.NS,2023-08-23,2023,8,1,Bull,1,0.712,BUY,1,1,0.8716,BUY,1,10,"MACD,RSI_14,Williams_R,MACD_Hist,OBV,ADX,Volume_MA,Rolling_Mean_Return,ROC,Return_10d",MACD
POWERGRID,POWERGRID.NS,2023-08-24,2023,8,1,Bull,1,0.753,BUY,1,1,0.9142,BUY,1,10,"MACD,RSI_14,Williams_R,MACD_Hist,OBV,ADX,Volume_MA,Rolling_Mean_Return,ROC,Return_10d",MACD
POWERGRID,POWERGRID.NS,2023-08-25,2023,8,1,Bull,1,0.7868,BUY,1,1,0.8904,BUY,1,10,"MACD,RSI_14,Williams_R,MACD_Hist,OBV,ADX,Volume_MA,Rolling_Mean_Return,ROC,Return_10d",MACD
POWERGRID,POWERGRID.NS,2023-08-28,2023,8,1,Sideways,1,0.6312,BUY,1,1,0.9101,BUY,1,10,"MACD,RSI_14,Williams_R,MACD_Hist,OBV,ADX,Volume_MA,Rolling_Mean_Return,ROC,Return_10d",MACD
POWERGRID,POWERGRID.NS,2023-08-29,2023,8,1,Bull,1,0.7019,BUY,1,1,0.8891,BUY,1,10,"MACD,RSI_14,Williams_R,MACD_Hist,OBV,ADX,Volume_MA,Rolling_Mean_Return,ROC,Return_10d",MACD
POWERGRID,POWERGRID.NS,2023-08-30,2023,8,1,Bull,1,0.6844,BUY,1,1,0.8827,BUY,1,10,"MACD,RSI_14,Williams_R,MACD_Hist,OBV,ADX,Volume_MA,Rolling_Mean_Return,ROC,Return_10d",MACD
POWERGRID,POWERGRID.NS,2023-08-31,2023,8,1,Bull,1,0.698,BUY,1,1,0.8945,BUY,1,10,"MACD,RSI_14,Williams_R,MACD_Hist,OBV,ADX,Volume_MA,Rolling_Mean_Return,ROC,Return_10d",MACD
POWERGRID,POWERGRID.NS,2023-09-01,2023,9,1,Sideways,1,0.5577,BUY,1,1,0.8138,BUY,1,10,"MACD,RSI_14,Williams_R,MACD_Hist,OBV,ADX,Volume_MA,Rolling_Mean_Return,ROC,Return_10d",MACD
POWERGRID,POWERGRID.NS,2023-09-04,2023,9,1,Sideways,1,0.5943,BUY,1,1,0.7834,BUY,1,10,"MACD,RSI_14,Williams_R,MACD_Hist,OBV,ADX,Volume_MA,Rolling_Mean_Return,ROC,Return_10d",MACD
POWERGRID,POWERGRID.NS,2023-09-05,2023,9,1,Bull,1,0.6252,BUY,1,1,0.7906,BUY,1,10,"MACD,RSI_14,Williams_R,MACD_Hist,OBV,ADX,Volume_MA,Rolling_Mean_Return,ROC,Return_10d",MACD
POWERGRID,POWERGRID.NS,2023-09-06,2023,9,1,Bull,-1,0.5133,NO TRADE,0,1,0.6954,BUY,1,10,"MACD,RSI_14,Williams_R,MACD_Hist,OBV,ADX,Volume_MA,Rolling_Mean_Return,ROC,Return_10d",MACD
POWERGRID,POWERGRID.NS,2023-09-07,2023,9,1,Bull,-1,0.5325,NO TRADE,0,1,0.6378,BUY,1,10,"MACD,RSI_14,Williams_R,MACD_Hist,OBV,ADX,Volume_MA,Rolling_Mean_Return,ROC,Return_10d",MACD
POWERGRID,POWERGRID.NS,2023-09-08,2023,9,1,Bull,1,0.6312,BUY,1,1,0.7657,BUY,1,10,"MACD,RSI_14,Williams_R,MACD_Hist,OBV,ADX,Volume_MA,Rolling_Mean_Return,ROC,Return_10d",MACD
POWERGRID,POWERGRID.NS,2023-09-11,2023,9,1,Bull,0,0.7185,SELL,0,0,0.5675,SELL,0,10,"MACD,RSI_14,Williams_R,MACD_Hist,OBV,ADX,Volume_MA,Rolling_Mean_Return,ROC,Return_10d",MACD
POWERGRID,POWERGRID.NS,2023-09-12,2023,9,1,Bull,1,0.5639,BUY,1,1,0.6076,BUY,1,10,"MACD,RSI_14,Williams_R,MACD_Hist,OBV,ADX,Volume_MA,Rolling_Mean_Return,ROC,Return_10d",MACD
POWERGRID,POWERGRID.NS,2023-09-13,2023,9,1,Bull,1,0.5982,BUY,1,1,0.6197,BUY,1,10,"MACD,RSI_14,Williams_R,MACD_Hist,OBV,ADX,Volume_MA,Rolling_Mean_Return,ROC,Return_10d",MACD
POWERGRID,POWERGRID.NS,2023-09-14,2023,9,1,Bull,1,0.6106,BUY,1,1,0.5799,BUY,1,10,"MACD,RSI_14,Williams_R,MACD_Hist,OBV,ADX,Volume_MA,Rolling_Mean_Return,ROC,Return_10d",MACD
POWERGRID,POWERGRID.NS,2023-09-15,2023,9,1,Bull,1,0.6338,BUY,1,1,0.6162,BUY,1,10,"MACD,RSI_14,Williams_R,MACD_Hist,OBV,ADX,Volume_MA,Rolling_Mean_Return,ROC,Return_10d",MACD
POWERGRID,POWERGRID.NS,2023-09-18,2023,9,1,Sideways,0,0.6977,SELL,0,0,0.5619,SELL,0,10,"MACD,RSI_14,Williams_R,MACD_Hist,OBV,ADX,Volume_MA,Rolling_Mean_Return,ROC,Return_10d",MACD
POWERGRID,POWERGRID.NS,2023-09-20,2023,9,1,Bull,0,0.827,SELL,0,0,0.7024,SELL,0,10,"MACD,RSI_14,Williams_R,MACD_Hist,OBV,ADX,Volume_MA,Rolling_Mean_Return,ROC,Return_10d",MACD
POWERGRID,POWERGRID.NS,2023-09-21,2023,9,1,Bull,0,0.7268,SELL,0,0,0.626,SELL,0,10,"MACD,RSI_14,Williams_R,MACD_Hist,OBV,ADX,Volume_MA,Rolling_Mean_Return,ROC,Return_10d",MACD
POWERGRID,POWERGRID.NS,2023-09-22,2023,9,1,Bull,0,0.6737,SELL,0,-1,0.5317,NO TRADE,0,10,"MACD,RSI_14,Williams_R,MACD_Hist,OBV,ADX,Volume_MA,Rolling_Mean_Return,ROC,Return_10d",MACD
POWERGRID,POWERGRID.NS,2023-09-25,2023,9,1,Bull,0,0.6751,SELL,0,-1,0.5275,NO TRADE,0,10,"MACD,RSI_14,Williams_R,MACD_Hist,OBV,ADX,Volume_MA,Rolling_Mean_Return,ROC,Return_10d",MACD
POWERGRID,POWERGRID.NS,2023-09-26,2023,9,1,Bull,0,0.6407,SELL,0,-1,0.5015,NO TRADE,0,10,"MACD,RSI_14,Williams_R,MACD_Hist,OBV,ADX,Volume_MA,Rolling_Mean_Return,ROC,Return_10d",MACD
POWERGRID,POWERGRID.NS,2023-09-27,2023,9,1,Bull,-1,0.5496,NO TRADE,0,-1,0.5253,NO TRADE,0,10,"MACD,RSI_14,Williams_R,MACD_Hist,OBV,ADX,Volume_MA,Rolling_Mean_Return,ROC,Return_10d",MACD
POWERGRID,POWERGRID.NS,2023-09-28,2023,9,1,Bull,-1,0.507,NO TRADE,0,-1,0.5135,NO TRADE,0,10,"MACD,RSI_14,Williams_R,MACD_Hist,OBV,ADX,Volume_MA,Rolling_Mean_Return,ROC,Return_10d",MACD
POWERGRID,POWERGRID.NS,2023-09-29,2023,9,1,Bull,0,0.5614,SELL,0,-1,0.5226,NO TRADE,0,10,"MACD,RSI_14,Williams_R,MACD_Hist,OBV,ADX,Volume_MA,Rolling_Mean_Return,ROC,Return_10d",MACD
POWERGRID,POWERGRID.NS,2023-10-03,2023,10,1,Bull,0,0.5615,SELL,0,0,0.5795,SELL,0,10,"MACD,RSI_14,Williams_R,MACD_Hist,OBV,ADX,Volume_MA,Rolling_Mean_Return,ROC,Return_10d",MACD
POWERGRID,POWERGRID.NS,2023-10-04,2023,10,1,Bull,0,0.56,SELL,0,-1,0.5453,NO TRADE,0,10,"MACD,RSI_14,Williams_R,MACD_Hist,OBV,ADX,Volume_MA,Rolling_Mean_Return,ROC,Return_10d",MACD
POWERGRID,POWERGRID.NS,2023-10-05,2023,10,1,Bull,-1,0.5192,NO TRADE,0,1,0.658,BUY,1,10,"MACD,RSI_14,Williams_R,MACD_Hist,OBV,ADX,Volume_MA,Rolling_Mean_Return,ROC,Return_10d",MACD
POWERGRID,POWERGRID.NS,2023-10-06,2023,10,1,Bull,1,0.5983,BUY,1,1,0.6743,BUY,1,10,"MACD,RSI_14,Williams_R,MACD_Hist,OBV,ADX,Volume_MA,Rolling_Mean_Return,ROC,Return_10d",MACD
POWERGRID,POWERGRID.NS,2023-10-09,2023,10,1,Bull,1,0.6529,BUY,1,1,0.6977,BUY,1,10,"MACD,RSI_14,Williams_R,MACD_Hist,OBV,ADX,Volume_MA,Rolling_Mean_Return,ROC,Return_10d",MACD
POWERGRID,POWERGRID.NS,2023-10-10,2023,10,1,Bull,1,0.5727,BUY,1,1,0.651,BUY,1,10,"MACD,RSI_14,Williams_R,MACD_Hist,OBV,ADX,Volume_MA,Rolling_Mean_Return,ROC,Return_10d",MACD
POWERGRID,POWERGRID.NS,2023-10-11,2023,10,1,Bull,1,0.5846,BUY,1,1,0.6473,BUY,1,10,"MACD,RSI_14,Williams_R,MACD_Hist,OBV,ADX,Volume_MA,Rolling_Mean_Return,ROC,Return_10d",MACD
POWERGRID,POWERGRID.NS,2023-10-12,2023,10,1,Bull,0,0.5603,SELL,0,1,0.621,BUY,1,10,"MACD,RSI_14,Williams_R,MACD_Hist,OBV,ADX,Volume_MA,Rolling_Mean_Return,ROC,Return_10d",MACD
POWERGRID,POWERGRID.NS,2023-10-13,2023,10,1,Bull,-1,0.513,NO TRADE,0,1,0.621,BUY,1,10,"MACD,RSI_14,Williams_R,MACD_Hist,OBV,ADX,Volume_MA,Rolling_Mean_Return,ROC,Return_10d",MACD
POWERGRID,POWERGRID.NS,2023-10-16,2023,10,1,Bull,0,0.667,SELL,0,0,0.5779,SELL,0,10,"MACD,RSI_14,Williams_R,MACD_Hist,OBV,ADX,Volume_MA,Rolling_Mean_Return,ROC,Return_10d",MACD
POWERGRID,POWERGRID.NS,2023-10-17,2023,10,1,Bull,0,0.7618,SELL,0,0,0.6013,SELL,0,10,"MACD,RSI_14,Williams_R,MACD_Hist,OBV,ADX,Volume_MA,Rolling_Mean_Return,ROC,Return_10d",MACD
POWERGRID,POWERGRID.NS,2023-10-18,2023,10,1,Bull,0,0.6968,SELL,0,0,0.7151,SELL,0,10,"MACD,RSI_14,Williams_R,MACD_Hist,OBV,ADX,Volume_MA,Rolling_Mean_Return,ROC,Return_10d",MACD
POWERGRID,POWERGRID.NS,2023-10-19,2023,10,1,Bull,1,0.5552,BUY,1,1,0.6088,BUY,1,10,"MFI,BB_Lower,Return_10d,ROC,Rolling_Mean_Return,ATR_14,MACD,Williams_R,MACD_Signal,OBV",MFI
POWERGRID,POWERGRID.NS,2023-10-20,2023,10,1,Bull,1,0.7466,BUY,1,1,0.7751,BUY,1,10,"MFI,BB_Lower,Return_10d,ROC,Rolling_Mean_Return,ATR_14,MACD,Williams_R,MACD_Signal,OBV",MFI
POWERGRID,POWERGRID.NS,2023-10-23,2023,10,1,Bull,1,0.8067,BUY,1,1,0.84,BUY,1,10,"MFI,BB_Lower,Return_10d,ROC,Rolling_Mean_Return,ATR_14,MACD,Williams_R,MACD_Signal,OBV",MFI
POWERGRID,POWERGRID.NS,2023-10-25,2023,10,1,Bull,1,0.8481,BUY,1,1,0.8155,BUY,1,10,"MFI,BB_Lower,Return_10d,ROC,Rolling_Mean_Return,ATR_14,MACD,Williams_R,MACD_Signal,OBV",MFI
POWERGRID,POWERGRID.NS,2023-10-26,2023,10,1,Bull,1,0.8286,BUY,1,1,0.8142,BUY,1,10,"MFI,BB_Lower,Return_10d,ROC,Rolling_Mean_Return,ATR_14,MACD,Williams_R,MACD_Signal,OBV",MFI
POWERGRID,POWERGRID.NS,2023-10-27,2023,10,1,Bull,1,0.8106,BUY,1,1,0.793,BUY,1,10,"MFI,BB_Lower,Return_10d,ROC,Rolling_Mean_Return,ATR_14,MACD,Williams_R,MACD_Signal,OBV",MFI
POWERGRID,POWERGRID.NS,2023-10-30,2023,10,1,Bull,1,0.7666,BUY,1,1,0.7819,BUY,1,10,"MFI,BB_Lower,Return_10d,ROC,Rolling_Mean_Return,ATR_14,MACD,Williams_R,MACD_Signal,OBV",MFI
POWERGRID,POWERGRID.NS,2023-10-31,2023,10,1,Bull,1,0.7423,BUY,1,1,0.7654,BUY,1,10,"MFI,BB_Lower,Return_10d,ROC,Rolling_Mean_Return,ATR_14,MACD,Williams_R,MACD_Signal,OBV",MFI
POWERGRID,POWERGRID.NS,2023-11-01,2023,11,1,Bull,1,0.7434,BUY,1,1,0.749,BUY,1,10,"MFI,BB_Lower,Return_10d,ROC,Rolling_Mean_Return,ATR_14,MACD,Williams_R,MACD_Signal,OBV",MFI
POWERGRID,POWERGRID.NS,2023-11-02,2023,11,1,Bull,1,0.7387,BUY,1,1,0.7147,BUY,1,10,"MFI,BB_Lower,Return_10d,ROC,Rolling_Mean_Return,ATR_14,MACD,Williams_R,MACD_Signal,OBV",MFI
POWERGRID,POWERGRID.NS,2023-11-03,2023,11,1,Bull,1,0.696,BUY,1,1,0.7101,BUY,1,10,"MFI,BB_Lower,Return_10d,ROC,Rolling_Mean_Return,ATR_14,MACD,Williams_R,MACD_Signal,OBV",MFI
POWERGRID,POWERGRID.NS,2023-11-06,2023,11,1,Bull,1,0.5618,BUY,1,1,0.5772,BUY,1,10,"MFI,BB_Lower,Return_10d,ROC,Rolling_Mean_Return,ATR_14,MACD,Williams_R,MACD_Signal,OBV",MFI
POWERGRID,POWERGRID.NS,2023-11-07,2023,11,1,Bull,1,0.6369,BUY,1,1,0.5622,BUY,1,10,"MFI,BB_Lower,Return_10d,ROC,Rolling_Mean_Return,ATR_14,MACD,Williams_R,MACD_Signal,OBV",MFI
POWERGRID,POWERGRID.NS,2023-11-08,2023,11,1,Bull,1,0.6645,BUY,1,1,0.6718,BUY,1,10,"MFI,BB_Lower,Return_10d,ROC,Rolling_Mean_Return,ATR_14,MACD,Williams_R,MACD_Signal,OBV",MFI
POWERGRID,POWERGRID.NS,2023-11-09,2023,11,1,Bull,-1,0.5399,NO TRADE,0,-1,0.5419,NO TRADE,0,10,"MFI,BB_Lower,Return_10d,ROC,Rolling_Mean_Return,ATR_14,MACD,Williams_R,MACD_Signal,OBV",MFI
POWERGRID,POWERGRID.NS,2023-11-10,2023,11,1,Bull,1,0.5831,BUY,1,-1,0.5266,NO TRADE,0,10,"MFI,BB_Lower,Return_10d,ROC,Rolling_Mean_Return,ATR_14,MACD,Williams_R,MACD_Signal,OBV",MFI
POWERGRID,POWERGRID.NS,2023-11-13,2023,11,1,Bull,-1,0.5101,NO TRADE,0,-1,0.5447,NO TRADE,0,10,"MFI,BB_Lower,Return_10d,ROC,Rolling_Mean_Return,ATR_14,MACD,Williams_R,MACD_Signal,OBV",MFI
POWERGRID,POWERGRID.NS,2023-11-15,2023,11,1,Bull,-1,0.525,NO TRADE,0,1,0.5718,BUY,1,10,"MFI,BB_Lower,Return_10d,ROC,Rolling_Mean_Return,ATR_14,MACD,Williams_R,MACD_Signal,OBV",MFI
POWERGRID,POWERGRID.NS,2023-11-16,2023,11,1,Bull,-1,0.5316,NO TRADE,0,-1,0.5063,NO TRADE,0,10,"MFI,BB_Lower,Return_10d,ROC,Rolling_Mean_Return,ATR_14,MACD,Williams_R,MACD_Signal,OBV",MFI
POWERGRID,POWERGRID.NS,2023-11-17,2023,11,1,Bull,0,0.5925,SELL,0,0,0.5846,SELL,0,10,"MFI,BB_Lower,Return_10d,ROC,Rolling_Mean_Return,ATR_14,MACD,Williams_R,MACD_Signal,OBV",MFI
POWERGRID,POWERGRID.NS,2023-11-20,2023,11,1,Bull,0,0.5716,SELL,0,0,0.5869,SELL,0,10,"MFI,BB_Lower,Return_10d,ROC,Rolling_Mean_Return,ATR_14,MACD,Williams_R,MACD_Signal,OBV",MFI
POWERGRID,POWERGRID.NS,2023-11-21,2023,11,1,Bull,0,0.5891,SELL,0,-1,0.5443,NO TRADE,0,10,"MFI,BB_Lower,Return_10d,ROC,Rolling_Mean_Return,ATR_14,MACD,Williams_R,MACD_Signal,OBV",MFI
POWERGRID,POWERGRID.NS,2023-11-22,2023,11,1,Bull,0,0.6887,SELL,0,0,0.5954,SELL,0,10,"MFI,BB_Lower,Return_10d,ROC,Rolling_Mean_Return,ATR_14,MACD,Williams_R,MACD_Signal,OBV",MFI
POWERGRID,POWERGRID.NS,2023-11-23,2023,11,1,Bull,0,0.6276,SELL,0,-1,0.519,NO TRADE,0,10,"MFI,BB_Lower,Return_10d,ROC,Rolling_Mean_Return,ATR_14,MACD,Williams_R,MACD_Signal,OBV",MFI
POWERGRID,POWERGRID.NS,2023-11-24,2023,11,1,Bull,0,0.6055,SELL,0,-1,0.5113,NO TRADE,0,10,"MFI,BB_Lower,Return_10d,ROC,Rolling_Mean_Return,ATR_14,MACD,Williams_R,MACD_Signal,OBV",MFI
POWERGRID,POWERGRID.NS,2023-11-28,2023,11,1,Bull,0,0.6713,SELL,0,-1,0.5273,NO TRADE,0,10,"MFI,BB_Lower,Return_10d,ROC,Rolling_Mean_Return,ATR_14,MACD,Williams_R,MACD_Signal,OBV",MFI
POWERGRID,POWERGRID.NS,2023-11-29,2023,11,1,Bull,0,0.6105,SELL,0,-1,0.546,NO TRADE,0,10,"MFI,BB_Lower,Return_10d,ROC,Rolling_Mean_Return,ATR_14,MACD,Williams_R,MACD_Signal,OBV",MFI
POWERGRID,POWERGRID.NS,2023-11-30,2023,11,1,Bull,1,0.6828,BUY,1,1,0.7521,BUY,1,10,"MFI,BB_Lower,Return_10d,ROC,Rolling_Mean_Return,ATR_14,MACD,Williams_R,MACD_Signal,OBV",MFI
POWERGRID,POWERGRID.NS,2023-12-01,2023,12,1,Bull,1,0.6899,BUY,1,1,0.7131,BUY,1,10,"MFI,BB_Lower,Return_10d,ROC,Rolling_Mean_Return,ATR_14,MACD,Williams_R,MACD_Signal,OBV",MFI
POWERGRID,POWERGRID.NS,2023-12-04,2023,12,1,Bull,-1,0.5257,NO TRADE,0,-1,0.5052,NO TRADE,0,10,"MFI,BB_Lower,Return_10d,ROC,Rolling_Mean_Return,ATR_14,MACD,Williams_R,MACD_Signal,OBV",MFI
POWERGRID,POWERGRID.NS,2023-12-05,2023,12,1,Bull,0,0.5986,SELL,0,-1,0.511,NO TRADE,0,10,"MFI,BB_Lower,Return_10d,ROC,Rolling_Mean_Return,ATR_14,MACD,Williams_R,MACD_Signal,OBV",MFI
POWERGRID,POWERGRID.NS,2023-12-06,2023,12,1,Bull,1,0.6861,BUY,1,-1,0.5333,NO TRADE,0,10,"MFI,BB_Lower,Return_10d,ROC,Rolling_Mean_Return,ATR_14,MACD,Williams_R,MACD_Signal,OBV",MFI
POWERGRID,POWERGRID.NS,2023-12-07,2023,12,1,Bull,-1,0.513,NO TRADE,0,-1,0.5346,NO TRADE,0,10,"MFI,BB_Lower,Return_10d,ROC,Rolling_Mean_Return,ATR_14,MACD,Williams_R,MACD_Signal,OBV",MFI
POWERGRID,POWERGRID.NS,2023-12-08,2023,12,1,Bull,1,0.7386,BUY,1,1,0.5887,BUY,1,10,"MFI,BB_Lower,Return_10d,ROC,Rolling_Mean_Return,ATR_14,MACD,Williams_R,MACD_Signal,OBV",MFI
POWERGRID,POWERGRID.NS,2023-12-11,2023,12,1,Bull,1,0.7805,BUY,1,-1,0.5346,NO TRADE,0,10,"MFI,BB_Lower,Return_10d,ROC,Rolling_Mean_Return,ATR_14,MACD,Williams_R,MACD_Signal,OBV",MFI
POWERGRID,POWERGRID.NS,2023-12-12,2023,12,1,Bull,1,0.8189,BUY,1,-1,0.5168,NO TRADE,0,10,"MFI,BB_Lower,Return_10d,ROC,Rolling_Mean_Return,ATR_14,MACD,Williams_R,MACD_Signal,OBV",MFI
POWERGRID,POWERGRID.NS,2023-12-13,2023,12,1,Bull,-1,0.5211,NO TRADE,0,0,0.6231,SELL,0,10,"MFI,BB_Lower,Return_10d,ROC,Rolling_Mean_Return,ATR_14,MACD,Williams_R,MACD_Signal,OBV",MFI
POWERGRID,POWERGRID.NS,2023-12-14,2023,12,1,Bull,1,0.8051,BUY,1,1,0.5803,BUY,1,10,"MFI,BB_Lower,Return_10d,ROC,Rolling_Mean_Return,ATR_14,MACD,Williams_R,MACD_Signal,OBV",MFI
POWERGRID,POWERGRID.NS,2023-12-15,2023,12,1,Bull,1,0.565,BUY,1,0,0.6226,SELL,0,10,"MFI,BB_Lower,Return_10d,ROC,Rolling_Mean_Return,ATR_14,MACD,Williams_R,MACD_Signal,OBV",MFI
POWERGRID,POWERGRID.NS,2023-12-18,2023,12,1,Bull,1,0.7821,BUY,1,1,0.5779,BUY,1,10,"MFI,BB_Lower,Return_10d,ROC,Rolling_Mean_Return,ATR_14,MACD,Williams_R,MACD_Signal,OBV",MFI
POWERGRID,POWERGRID.NS,2023-12-19,2023,12,1,Bull,1,0.8298,BUY,1,1,0.5999,BUY,1,10,"MFI,BB_Lower,Return_10d,ROC,Rolling_Mean_Return,ATR_14,MACD,Williams_R,MACD_Signal,OBV",MFI
POWERGRID,POWERGRID.NS,2023-12-20,2023,12,1,Bull,1,0.8444,BUY,1,1,0.6842,BUY,1,10,"MFI,BB_Lower,Return_10d,ROC,Rolling_Mean_Return,ATR_14,MACD,Williams_R,MACD_Signal,OBV",MFI
POWERGRID,POWERGRID.NS,2023-12-21,2023,12,1,Bull,-1,0.55,NO TRADE,0,1,0.5881,BUY,1,10,"MFI,BB_Lower,Return_10d,ROC,Rolling_Mean_Return,ATR_14,MACD,Williams_R,MACD_Signal,OBV",MFI
POWERGRID,POWERGRID.NS,2023-12-22,2023,12,1,Bull,1,0.7125,BUY,1,1,0.6003,BUY,1,10,"MFI,BB_Lower,Return_10d,ROC,Rolling_Mean_Return,ATR_14,MACD,Williams_R,MACD_Signal,OBV",MFI
POWERGRID,POWERGRID.NS,2023-12-26,2023,12,1,Bull,1,0.6771,BUY,1,1,0.6216,BUY,1,10,"MFI,BB_Lower,Return_10d,ROC,Rolling_Mean_Return,ATR_14,MACD,Williams_R,MACD_Signal,OBV",MFI
POWERGRID,POWERGRID.NS,2023-12-27,2023,12,1,Bull,1,0.6867,BUY,1,1,0.6128,BUY,1,10,"MFI,BB_Lower,Return_10d,ROC,Rolling_Mean_Return,ATR_14,MACD,Williams_R,MACD_Signal,OBV",MFI
POWERGRID,POWERGRID.NS,2023-12-28,2023,12,1,Bull,0,0.6947,SELL,0,0,0.6187,SELL,0,10,"MFI,BB_Lower,Return_10d,ROC,Rolling_Mean_Return,ATR_14,MACD,Williams_R,MACD_Signal,OBV",MFI
POWERGRID,POWERGRID.NS,2023-12-29,2023,12,1,Bull,1,0.6582,BUY,1,-1,0.5208,NO TRADE,0,10,"MFI,BB_Lower,Return_10d,ROC,Rolling_Mean_Return,ATR_14,MACD,Williams_R,MACD_Signal,OBV",MFI
POWERGRID,POWERGRID.NS,2024-01-01,2024,1,1,Bull,1,0.6646,BUY,1,-1,0.5051,NO TRADE,0,10,"MFI,BB_Lower,Return_10d,ROC,Rolling_Mean_Return,ATR_14,MACD,Williams_R,MACD_Signal,OBV",MFI
POWERGRID,POWERGRID.NS,2024-01-02,2024,1,1,Bull,1,0.7098,BUY,1,-1,0.5148,NO TRADE,0,10,"MFI,BB_Lower,Return_10d,ROC,Rolling_Mean_Return,ATR_14,MACD,Williams_R,MACD_Signal,OBV",MFI
POWERGRID,POWERGRID.NS,2024-01-03,2024,1,1,Bull,1,0.7714,BUY,1,1,0.6123,BUY,1,10,"MFI,BB_Lower,Return_10d,ROC,Rolling_Mean_Return,ATR_14,MACD,Williams_R,MACD_Signal,OBV",MFI
POWERGRID,POWERGRID.NS,2024-01-04,2024,1,1,Bull,1,0.5993,BUY,1,-1,0.5326,NO TRADE,0,10,"MFI,BB_Lower,Return_10d,ROC,Rolling_Mean_Return,ATR_14,MACD,Williams_R,MACD_Signal,OBV",MFI
POWERGRID,POWERGRID.NS,2024-01-05,2024,1,1,Bull,1,0.6984,BUY,1,1,0.6241,BUY,1,10,"MFI,BB_Lower,Return_10d,ROC,Rolling_Mean_Return,ATR_14,MACD,Williams_R,MACD_Signal,OBV",MFI
POWERGRID,POWERGRID.NS,2024-01-08,2024,1,1,Bull,1,0.7014,BUY,1,-1,0.5401,NO TRADE,0,10,"MFI,BB_Lower,Return_10d,ROC,Rolling_Mean_Return,ATR_14,MACD,Williams_R,MACD_Signal,OBV",MFI
POWERGRID,POWERGRID.NS,2024-01-09,2024,1,1,Bull,1,0.6698,BUY,1,-1,0.5336,NO TRADE,0,10,"MFI,BB_Lower,Return_10d,ROC,Rolling_Mean_Return,ATR_14,MACD,Williams_R,MACD_Signal,OBV",MFI
POWERGRID,POWERGRID.NS,2024-01-10,2024,1,1,Bull,1,0.7021,BUY,1,1,0.6114,BUY,1,10,"MFI,BB_Lower,Return_10d,ROC,Rolling_Mean_Return,ATR_14,MACD,Williams_R,MACD_Signal,OBV",MFI
POWERGRID,POWERGRID.NS,2024-01-11,2024,1,1,Bull,-1,0.5033,NO TRADE,0,1,0.5793,BUY,1,10,"MFI,BB_Lower,Return_10d,ROC,Rolling_Mean_Return,ATR_14,MACD,Williams_R,MACD_Signal,OBV",MFI
POWERGRID,POWERGRID.NS,2024-01-12,2024,1,1,Bull,1,0.7434,BUY,1,1,0.7111,BUY,1,10,"MFI,BB_Lower,Return_10d,ROC,Rolling_Mean_Return,ATR_14,MACD,Williams_R,MACD_Signal,OBV",MFI
POWERGRID,POWERGRID.NS,2024-01-15,2024,1,1,Bull,1,0.7206,BUY,1,1,0.6818,BUY,1,10,"MFI,BB_Lower,Return_10d,ROC,Rolling_Mean_Return,ATR_14,MACD,Williams_R,MACD_Signal,OBV",MFI
POWERGRID,POWERGRID.NS,2024-01-16,2024,1,1,Bull,1,0.7308,BUY,1,1,0.7636,BUY,1,10,"MFI,BB_Lower,Return_10d,ROC,Rolling_Mean_Return,ATR_14,MACD,Williams_R,MACD_Signal,OBV",MFI
POWERGRID,POWERGRID.NS,2024-01-17,2024,1,1,Bull,1,0.9506,BUY,1,1,0.9174,BUY,1,10,"Return_10d,Rolling_Mean_Return,BB_Upper,ROC,BB_Lower,MACD_Signal,OBV,Williams_R,MACD,MFI",Return_10d
POWERGRID,POWERGRID.NS,2024-01-18,2024,1,1,Bull,1,0.9518,BUY,1,1,0.9329,BUY,1,10,"Return_10d,Rolling_Mean_Return,BB_Upper,ROC,BB_Lower,MACD_Signal,OBV,Williams_R,MACD,MFI",Return_10d
POWERGRID,POWERGRID.NS,2024-01-19,2024,1,1,Bull,1,0.9606,BUY,1,1,0.9211,BUY,1,10,"Return_10d,Rolling_Mean_Return,BB_Upper,ROC,BB_Lower,MACD_Signal,OBV,Williams_R,MACD,MFI",Return_10d
POWERGRID,POWERGRID.NS,2024-01-23,2024,1,1,Bull,1,0.9574,BUY,1,1,0.9099,BUY,1,10,"Return_10d,Rolling_Mean_Return,BB_Upper,ROC,BB_Lower,MACD_Signal,OBV,Williams_R,MACD,MFI",Return_10d
POWERGRID,POWERGRID.NS,2024-01-24,2024,1,1,Bull,1,0.8143,BUY,1,1,0.7428,BUY,1,10,"Return_10d,Rolling_Mean_Return,BB_Upper,ROC,BB_Lower,MACD_Signal,OBV,Williams_R,MACD,MFI",Return_10d
POWERGRID,POWERGRID.NS,2024-01-25,2024,1,1,Bull,1,0.9444,BUY,1,1,0.852,BUY,1,10,"Return_10d,Rolling_Mean_Return,BB_Upper,ROC,BB_Lower,MACD_Signal,OBV,Williams_R,MACD,MFI",Return_10d
POWERGRID,POWERGRID.NS,2024-01-29,2024,1,1,Bull,1,0.65,BUY,1,1,0.6901,BUY,1,10,"Return_10d,Rolling_Mean_Return,BB_Upper,ROC,BB_Lower,MACD_Signal,OBV,Williams_R,MACD,MFI",Return_10d
POWERGRID,POWERGRID.NS,2024-01-30,2024,1,1,Bull,1,0.8712,BUY,1,1,0.8174,BUY,1,10,"Return_10d,Rolling_Mean_Return,BB_Upper,ROC,BB_Lower,MACD_Signal,OBV,Williams_R,MACD,MFI",Return_10d
POWERGRID,POWERGRID.NS,2024-01-31,2024,1,1,Bull,1,0.7405,BUY,1,1,0.6866,BUY,1,10,"Return_10d,Rolling_Mean_Return,BB_Upper,ROC,BB_Lower,MACD_Signal,OBV,Williams_R,MACD,MFI",Return_10d
POWERGRID,POWERGRID.NS,2024-02-01,2024,2,1,Bull,1,0.8368,BUY,1,1,0.823,BUY,1,10,"Return_10d,Rolling_Mean_Return,BB_Upper,ROC,BB_Lower,MACD_Signal,OBV,Williams_R,MACD,MFI",Return_10d
POWERGRID,POWERGRID.NS,2024-02-02,2024,2,1,Bull,1,0.8202,BUY,1,1,0.8187,BUY,1,10,"Return_10d,Rolling_Mean_Return,BB_Upper,ROC,BB_Lower,MACD_Signal,OBV,Williams_R,MACD,MFI",Return_10d
POWERGRID,POWERGRID.NS,2024-02-05,2024,2,1,Bull,1,0.9122,BUY,1,1,0.8301,BUY,1,10,"Return_10d,Rolling_Mean_Return,BB_Upper,ROC,BB_Lower,MACD_Signal,OBV,Williams_R,MACD,MFI",Return_10d
POWERGRID,POWERGRID.NS,2024-02-06,2024,2,1,Bull,1,0.931,BUY,1,1,0.8785,BUY,1,10,"Return_10d,Rolling_Mean_Return,BB_Upper,ROC,BB_Lower,MACD_Signal,OBV,Williams_R,MACD,MFI",Return_10d
POWERGRID,POWERGRID.NS,2024-02-07,2024,2,1,Bull,1,0.9376,BUY,1,1,0.8774,BUY,1,10,"Return_10d,Rolling_Mean_Return,BB_Upper,ROC,BB_Lower,MACD_Signal,OBV,Williams_R,MACD,MFI",Return_10d
POWERGRID,POWERGRID.NS,2024-02-08,2024,2,1,Bull,1,0.7944,BUY,1,1,0.8514,BUY,1,10,"Return_10d,Rolling_Mean_Return,BB_Upper,ROC,BB_Lower,MACD_Signal,OBV,Williams_R,MACD,MFI",Return_10d
POWERGRID,POWERGRID.NS,2024-02-09,2024,2,1,Bull,1,0.9312,BUY,1,1,0.8838,BUY,1,10,"Return_10d,Rolling_Mean_Return,BB_Upper,ROC,BB_Lower,MACD_Signal,OBV,Williams_R,MACD,MFI",Return_10d
POWERGRID,POWERGRID.NS,2024-02-12,2024,2,1,Bull,1,0.9482,BUY,1,1,0.8791,BUY,1,10,"Return_10d,Rolling_Mean_Return,BB_Upper,ROC,BB_Lower,MACD_Signal,OBV,Williams_R,MACD,MFI",Return_10d
POWERGRID,POWERGRID.NS,2024-02-13,2024,2,0,Bull,1,0.9342,BUY,0,1,0.8784,BUY,0,10,"Return_10d,Rolling_Mean_Return,BB_Upper,ROC,BB_Lower,MACD_Signal,OBV,Williams_R,MACD,MFI",Return_10d
POWERGRID,POWERGRID.NS,2024-02-14,2024,2,0,Bull,1,0.8826,BUY,0,1,0.8977,BUY,0,10,"Return_10d,Rolling_Mean_Return,BB_Upper,ROC,BB_Lower,MACD_Signal,OBV,Williams_R,MACD,MFI",Return_10d
POWERGRID,POWERGRID.NS,2024-02-15,2024,2,0,Bull,1,0.7386,BUY,0,1,0.8041,BUY,0,10,"Return_10d,Rolling_Mean_Return,BB_Upper,ROC,BB_Lower,MACD_Signal,OBV,Williams_R,MACD,MFI",Return_10d
POWERGRID,POWERGRID.NS,2024-02-16,2024,2,0,Bull,1,0.9022,BUY,0,1,0.8765,BUY,0,10,"Return_10d,Rolling_Mean_Return,BB_Upper,ROC,BB_Lower,MACD_Signal,OBV,Williams_R,MACD,MFI",Return_10d
POWERGRID,POWERGRID.NS,2024-02-19,2024,2,0,Bull,1,0.8808,BUY,0,1,0.8933,BUY,0,10,"Return_10d,Rolling_Mean_Return,BB_Upper,ROC,BB_Lower,MACD_Signal,OBV,Williams_R,MACD,MFI",Return_10d
POWERGRID,POWERGRID.NS,2024-02-20,2024,2,0,Bull,1,0.6007,BUY,0,1,0.6984,BUY,0,10,"Return_10d,Rolling_Mean_Return,BB_Upper,ROC,BB_Lower,MACD_Signal,OBV,Williams_R,MACD,MFI",Return_10d
POWERGRID,POWERGRID.NS,2024-02-21,2024,2,0,Bull,1,0.8443,BUY,0,1,0.8851,BUY,0,10,"Return_10d,Rolling_Mean_Return,BB_Upper,ROC,BB_Lower,MACD_Signal,OBV,Williams_R,MACD,MFI",Return_10d
POWERGRID,POWERGRID.NS,2024-02-22,2024,2,0,Bull,1,0.8603,BUY,0,1,0.9021,BUY,0,10,"Return_10d,Rolling_Mean_Return,BB_Upper,ROC,BB_Lower,MACD_Signal,OBV,Williams_R,MACD,MFI",Return_10d
POWERGRID,POWERGRID.NS,2024-02-23,2024,2,0,Bull,1,0.8797,BUY,0,1,0.9115,BUY,0,10,"Return_10d,Rolling_Mean_Return,BB_Upper,ROC,BB_Lower,MACD_Signal,OBV,Williams_R,MACD,MFI",Return_10d
POWERGRID,POWERGRID.NS,2024-02-26,2024,2,0,Bull,1,0.8121,BUY,0,1,0.8414,BUY,0,10,"Return_10d,Rolling_Mean_Return,BB_Upper,ROC,BB_Lower,MACD_Signal,OBV,Williams_R,MACD,MFI",Return_10d
POWERGRID,POWERGRID.NS,2024-02-27,2024,2,0,Bull,1,0.7882,BUY,0,1,0.6856,BUY,0,10,"Return_10d,Rolling_Mean_Return,BB_Upper,ROC,BB_Lower,MACD_Signal,OBV,Williams_R,MACD,MFI",Return_10d
POWERGRID,POWERGRID.NS,2024-02-28,2024,2,1,Bull,1,0.906,BUY,1,1,0.909,BUY,1,10,"Return_10d,Rolling_Mean_Return,BB_Upper,ROC,BB_Lower,MACD_Signal,OBV,Williams_R,MACD,MFI",Return_10d
POWERGRID,POWERGRID.NS,2024-02-29,2024,2,0,Sideways,1,0.856,BUY,0,1,0.8882,BUY,0,10,"Return_10d,Rolling_Mean_Return,BB_Upper,ROC,BB_Lower,MACD_Signal,OBV,Williams_R,MACD,MFI",Return_10d
POWERGRID,POWERGRID.NS,2024-03-01,2024,3,0,Bull,1,0.8282,BUY,0,1,0.8461,BUY,0,10,"Return_10d,Rolling_Mean_Return,BB_Upper,ROC,BB_Lower,MACD_Signal,OBV,Williams_R,MACD,MFI",Return_10d
POWERGRID,POWERGRID.NS,2024-03-04,2024,3,0,Bull,1,0.7636,BUY,0,1,0.8545,BUY,0,10,"Return_10d,Rolling_Mean_Return,BB_Upper,ROC,BB_Lower,MACD_Signal,OBV,Williams_R,MACD,MFI",Return_10d
POWERGRID,POWERGRID.NS,2024-03-05,2024,3,0,Bull,1,0.8708,BUY,0,1,0.854,BUY,0,10,"Return_10d,Rolling_Mean_Return,BB_Upper,ROC,BB_Lower,MACD_Signal,OBV,Williams_R,MACD,MFI",Return_10d
POWERGRID,POWERGRID.NS,2024-03-06,2024,3,0,Bull,1,0.8573,BUY,0,1,0.8722,BUY,0,10,"Return_10d,Rolling_Mean_Return,BB_Upper,ROC,BB_Lower,MACD_Signal,OBV,Williams_R,MACD,MFI",Return_10d
POWERGRID,POWERGRID.NS,2024-03-07,2024,3,0,Bull,1,0.9036,BUY,0,1,0.8894,BUY,0,10,"Return_10d,Rolling_Mean_Return,BB_Upper,ROC,BB_Lower,MACD_Signal,OBV,Williams_R,MACD,MFI",Return_10d
POWERGRID,POWERGRID.NS,2024-03-11,2024,3,0,Bull,1,0.942,BUY,0,1,0.9173,BUY,0,10,"Return_10d,Rolling_Mean_Return,BB_Upper,ROC,BB_Lower,MACD_Signal,OBV,Williams_R,MACD,MFI",Return_10d
POWERGRID,POWERGRID.NS,2024-03-12,2024,3,0,Bull,1,0.9447,BUY,0,1,0.9154,BUY,0,10,"Return_10d,Rolling_Mean_Return,BB_Upper,ROC,BB_Lower,MACD_Signal,OBV,Williams_R,MACD,MFI",Return_10d
POWERGRID,POWERGRID.NS,2024-03-13,2024,3,1,Bull,1,0.9432,BUY,1,1,0.951,BUY,1,10,"Return_10d,Rolling_Mean_Return,BB_Upper,ROC,BB_Lower,MACD_Signal,OBV,Williams_R,MACD,MFI",Return_10d
POWERGRID,POWERGRID.NS,2024-03-14,2024,3,1,Sideways,1,0.9506,BUY,1,1,0.9436,BUY,1,10,"Return_10d,Rolling_Mean_Return,BB_Upper,ROC,BB_Lower,MACD_Signal,OBV,Williams_R,MACD,MFI",Return_10d
POWERGRID,POWERGRID.NS,2024-03-15,2024,3,1,Sideways,1,0.9516,BUY,1,1,0.9348,BUY,1,10,"Return_10d,Rolling_Mean_Return,BB_Upper,ROC,BB_Lower,MACD_Signal,OBV,Williams_R,MACD,MFI",Return_10d
POWERGRID,POWERGRID.NS,2024-03-18,2024,3,1,Sideways,1,0.9469,BUY,1,1,0.9491,BUY,1,10,"Return_10d,Rolling_Mean_Return,BB_Upper,ROC,BB_Lower,MACD_Signal,OBV,Williams_R,MACD,MFI",Return_10d
POWERGRID,POWERGRID.NS,2024-03-19,2024,3,1,Sideways,1,0.9593,BUY,1,1,0.9721,BUY,1,10,"Return_10d,Rolling_Mean_Return,BB_Upper,ROC,BB_Lower,MACD_Signal,OBV,Williams_R,MACD,MFI",Return_10d
POWERGRID,POWERGRID.NS,2024-03-20,2024,3,1,Sideways,1,0.9433,BUY,1,1,0.9561,BUY,1,10,"Return_10d,Rolling_Mean_Return,BB_Upper,ROC,BB_Lower,MACD_Signal,OBV,Williams_R,MACD,MFI",Return_10d
POWERGRID,POWERGRID.NS,2024-03-21,2024,3,1,Sideways,1,0.8858,BUY,1,1,0.9651,BUY,1,10,"Return_10d,Rolling_Mean_Return,BB_Upper,ROC,BB_Lower,MACD_Signal,OBV,Williams_R,MACD,MFI",Return_10d
POWERGRID,POWERGRID.NS,2024-03-22,2024,3,1,Sideways,1,0.9416,BUY,1,1,0.966,BUY,1,10,"Return_10d,Rolling_Mean_Return,BB_Upper,ROC,BB_Lower,MACD_Signal,OBV,Williams_R,MACD,MFI",Return_10d
POWERGRID,POWERGRID.NS,2024-03-26,2024,3,1,Sideways,1,0.9513,BUY,1,1,0.9654,BUY,1,10,"Return_10d,Rolling_Mean_Return,BB_Upper,ROC,BB_Lower,MACD_Signal,OBV,Williams_R,MACD,MFI",Return_10d
POWERGRID,POWERGRID.NS,2024-03-27,2024,3,1,Sideways,1,0.9535,BUY,1,1,0.9646,BUY,1,10,"Return_10d,Rolling_Mean_Return,BB_Upper,ROC,BB_Lower,MACD_Signal,OBV,Williams_R,MACD,MFI",Return_10d
POWERGRID,POWERGRID.NS,2024-03-28,2024,3,1,Sideways,1,0.9015,BUY,1,1,0.9461,BUY,1,10,"Return_10d,Rolling_Mean_Return,BB_Upper,ROC,BB_Lower,MACD_Signal,OBV,Williams_R,MACD,MFI",Return_10d
POWERGRID,POWERGRID.NS,2024-04-01,2024,4,1,Sideways,1,0.9477,BUY,1,1,0.9256,BUY,1,10,"Return_10d,Rolling_Mean_Return,BB_Upper,ROC,BB_Lower,MACD_Signal,OBV,Williams_R,MACD,MFI",Return_10d
POWERGRID,POWERGRID.NS,2024-04-02,2024,4,1,Sideways,1,0.9614,BUY,1,1,0.9359,BUY,1,10,"Return_10d,Rolling_Mean_Return,BB_Upper,ROC,BB_Lower,MACD_Signal,OBV,Williams_R,MACD,MFI",Return_10d
POWERGRID,POWERGRID.NS,2024-04-03,2024,4,1,Sideways,1,0.952,BUY,1,1,0.894,BUY,1,10,"Return_10d,Rolling_Mean_Return,BB_Upper,ROC,BB_Lower,MACD_Signal,OBV,Williams_R,MACD,MFI",Return_10d
POWERGRID,POWERGRID.NS,2024-04-04,2024,4,1,Sideways,1,0.9573,BUY,1,1,0.9155,BUY,1,10,"Return_10d,Rolling_Mean_Return,BB_Upper,ROC,BB_Lower,MACD_Signal,OBV,Williams_R,MACD,MFI",Return_10d
POWERGRID,POWERGRID.NS,2024-04-05,2024,4,1,Sideways,1,0.9606,BUY,1,1,0.9072,BUY,1,10,"Return_10d,Rolling_Mean_Return,BB_Upper,ROC,BB_Lower,MACD_Signal,OBV,Williams_R,MACD,MFI",Return_10d
POWERGRID,POWERGRID.NS,2024-04-08,2024,4,1,Sideways,1,0.9424,BUY,1,1,0.8801,BUY,1,10,"Return_10d,Rolling_Mean_Return,BB_Upper,ROC,BB_Lower,MACD_Signal,OBV,Williams_R,MACD,MFI",Return_10d
POWERGRID,POWERGRID.NS,2024-04-09,2024,4,1,Sideways,1,0.9568,BUY,1,1,0.8593,BUY,1,10,"Return_10d,Rolling_Mean_Return,BB_Upper,ROC,BB_Lower,MACD_Signal,OBV,Williams_R,MACD,MFI",Return_10d
POWERGRID,POWERGRID.NS,2024-04-10,2024,4,1,Sideways,1,0.9448,BUY,1,1,0.8483,BUY,1,10,"Return_10d,Rolling_Mean_Return,BB_Upper,ROC,BB_Lower,MACD_Signal,OBV,Williams_R,MACD,MFI",Return_10d
POWERGRID,POWERGRID.NS,2024-04-12,2024,4,1,Sideways,1,0.9707,BUY,1,1,0.9323,BUY,1,10,"Return_10d,Rolling_Mean_Return,BB_Upper,ROC,BB_Lower,MACD_Signal,OBV,Williams_R,MACD,MFI",Return_10d
POWERGRID,POWERGRID.NS,2024-04-15,2024,4,1,Sideways,1,0.9542,BUY,1,1,0.9356,BUY,1,10,"Return_10d,Rolling_Mean_Return,BB_Upper,ROC,BB_Lower,MACD_Signal,OBV,Williams_R,MACD,MFI",Return_10d
POWERGRID,POWERGRID.NS,2024-04-16,2024,4,1,Sideways,1,0.9587,BUY,1,1,0.9374,BUY,1,10,"Return_10d,Rolling_Mean_Return,BB_Upper,ROC,BB_Lower,MACD_Signal,OBV,Williams_R,MACD,MFI",Return_10d
POWERGRID,POWERGRID.NS,2024-04-18,2024,4,1,Sideways,1,0.946,BUY,1,1,0.9416,BUY,1,10,"Return_10d,Rolling_Mean_Return,BB_Upper,ROC,BB_Lower,MACD_Signal,OBV,Williams_R,MACD,MFI",Return_10d
POWERGRID,POWERGRID.NS,2024-04-19,2024,4,1,Sideways,1,0.9573,BUY,1,1,0.887,BUY,1,10,"MACD_Hist,MFI,OBV,BB_Lower,MACD,Stochastic,BB_Width,BB_Upper,Williams_R,ATR_14",MACD_Hist
POWERGRID,POWERGRID.NS,2024-04-22,2024,4,1,Sideways,1,0.9607,BUY,1,1,0.8759,BUY,1,10,"MACD_Hist,MFI,OBV,BB_Lower,MACD,Stochastic,BB_Width,BB_Upper,Williams_R,ATR_14",MACD_Hist
POWERGRID,POWERGRID.NS,2024-04-23,2024,4,1,Sideways,1,0.9503,BUY,1,1,0.9017,BUY,1,10,"MACD_Hist,MFI,OBV,BB_Lower,MACD,Stochastic,BB_Width,BB_Upper,Williams_R,ATR_14",MACD_Hist
POWERGRID,POWERGRID.NS,2024-04-24,2024,4,1,Sideways,1,0.9064,BUY,1,1,0.7931,BUY,1,10,"MACD_Hist,MFI,OBV,BB_Lower,MACD,Stochastic,BB_Width,BB_Upper,Williams_R,ATR_14",MACD_Hist
POWERGRID,POWERGRID.NS,2024-04-25,2024,4,1,Sideways,1,0.8828,BUY,1,1,0.6889,BUY,1,10,"MACD_Hist,MFI,OBV,BB_Lower,MACD,Stochastic,BB_Width,BB_Upper,Williams_R,ATR_14",MACD_Hist
POWERGRID,POWERGRID.NS,2024-04-26,2024,4,1,Sideways,1,0.9335,BUY,1,1,0.8184,BUY,1,10,"MACD_Hist,MFI,OBV,BB_Lower,MACD,Stochastic,BB_Width,BB_Upper,Williams_R,ATR_14",MACD_Hist
POWERGRID,POWERGRID.NS,2024-04-29,2024,4,1,Sideways,1,0.9314,BUY,1,1,0.7826,BUY,1,10,"MACD_Hist,MFI,OBV,BB_Lower,MACD,Stochastic,BB_Width,BB_Upper,Williams_R,ATR_14",MACD_Hist
POWERGRID,POWERGRID.NS,2024-04-30,2024,4,1,Sideways,1,0.8853,BUY,1,1,0.7575,BUY,1,10,"MACD_Hist,MFI,OBV,BB_Lower,MACD,Stochastic,BB_Width,BB_Upper,Williams_R,ATR_14",MACD_Hist
POWERGRID,POWERGRID.NS,2024-05-02,2024,5,0,Sideways,1,0.9116,BUY,0,1,0.6796,BUY,0,10,"MACD_Hist,MFI,OBV,BB_Lower,MACD,Stochastic,BB_Width,BB_Upper,Williams_R,ATR_14",MACD_Hist
POWERGRID,POWERGRID.NS,2024-05-03,2024,5,1,Sideways,1,0.9582,BUY,1,1,0.6899,BUY,1,10,"MACD_Hist,MFI,OBV,BB_Lower,MACD,Stochastic,BB_Width,BB_Upper,Williams_R,ATR_14",MACD_Hist
POWERGRID,POWERGRID.NS,2024-05-06,2024,5,0,Sideways,1,0.9551,BUY,0,1,0.702,BUY,0,10,"MACD_Hist,MFI,OBV,BB_Lower,MACD,Stochastic,BB_Width,BB_Upper,Williams_R,ATR_14",MACD_Hist
POWERGRID,POWERGRID.NS,2024-05-07,2024,5,1,Sideways,1,0.9506,BUY,1,1,0.7582,BUY,1,10,"MACD_Hist,MFI,OBV,BB_Lower,MACD,Stochastic,BB_Width,BB_Upper,Williams_R,ATR_14",MACD_Hist
POWERGRID,POWERGRID.NS,2024-05-08,2024,5,0,Sideways,1,0.9201,BUY,0,1,0.7073,BUY,0,10,"MACD_Hist,MFI,OBV,BB_Lower,MACD,Stochastic,BB_Width,BB_Upper,Williams_R,ATR_14",MACD_Hist
POWERGRID,POWERGRID.NS,2024-05-09,2024,5,1,Sideways,1,0.9467,BUY,1,1,0.7654,BUY,1,10,"MACD_Hist,MFI,OBV,BB_Lower,MACD,Stochastic,BB_Width,BB_Upper,Williams_R,ATR_14",MACD_Hist
POWERGRID,POWERGRID.NS,2024-05-10,2024,5,1,Sideways,1,0.8441,BUY,1,1,0.7398,BUY,1,10,"MACD_Hist,MFI,OBV,BB_Lower,MACD,Stochastic,BB_Width,BB_Upper,Williams_R,ATR_14",MACD_Hist
POWERGRID,POWERGRID.NS,2024-05-13,2024,5,1,Sideways,1,0.9067,BUY,1,1,0.7307,BUY,1,10,"MACD_Hist,MFI,OBV,BB_Lower,MACD,Stochastic,BB_Width,BB_Upper,Williams_R,ATR_14",MACD_Hist
POWERGRID,POWERGRID.NS,2024-05-14,2024,5,1,Sideways,1,0.9129,BUY,1,1,0.6919,BUY,1,10,"MACD_Hist,MFI,OBV,BB_Lower,MACD,Stochastic,BB_Width,BB_Upper,Williams_R,ATR_14",MACD_Hist
POWERGRID,POWERGRID.NS,2024-05-15,2024,5,1,Sideways,1,0.8687,BUY,1,1,0.6408,BUY,1,10,"MACD_Hist,MFI,OBV,BB_Lower,MACD,Stochastic,BB_Width,BB_Upper,Williams_R,ATR_14",MACD_Hist
POWERGRID,POWERGRID.NS,2024-05-16,2024,5,1,Sideways,1,0.8762,BUY,1,1,0.6515,BUY,1,10,"MACD_Hist,MFI,OBV,BB_Lower,MACD,Stochastic,BB_Width,BB_Upper,Williams_R,ATR_14",MACD_Hist
POWERGRID,POWERGRID.NS,2024-05-17,2024,5,1,Bull,1,0.8614,BUY,1,1,0.6491,BUY,1,10,"MACD_Hist,MFI,OBV,BB_Lower,MACD,Stochastic,BB_Width,BB_Upper,Williams_R,ATR_14",MACD_Hist
POWERGRID,POWERGRID.NS,2024-05-21,2024,5,1,Bull,1,0.689,BUY,1,1,0.6023,BUY,1,10,"MACD_Hist,MFI,OBV,BB_Lower,MACD,Stochastic,BB_Width,BB_Upper,Williams_R,ATR_14",MACD_Hist
POWERGRID,POWERGRID.NS,2024-05-22,2024,5,0,Bull,1,0.8864,BUY,0,1,0.6113,BUY,0,10,"MACD_Hist,MFI,OBV,BB_Lower,MACD,Stochastic,BB_Width,BB_Upper,Williams_R,ATR_14",MACD_Hist
POWERGRID,POWERGRID.NS,2024-05-23,2024,5,1,Bull,1,0.8678,BUY,1,-1,0.5429,NO TRADE,0,10,"MACD_Hist,MFI,OBV,BB_Lower,MACD,Stochastic,BB_Width,BB_Upper,Williams_R,ATR_14",MACD_Hist
POWERGRID,POWERGRID.NS,2024-05-24,2024,5,1,Bull,1,0.8977,BUY,1,-1,0.5352,NO TRADE,0,10,"MACD_Hist,MFI,OBV,BB_Lower,MACD,Stochastic,BB_Width,BB_Upper,Williams_R,ATR_14",MACD_Hist
POWERGRID,POWERGRID.NS,2024-05-27,2024,5,1,Bull,1,0.9143,BUY,1,1,0.5505,BUY,1,10,"MACD_Hist,MFI,OBV,BB_Lower,MACD,Stochastic,BB_Width,BB_Upper,Williams_R,ATR_14",MACD_Hist
POWERGRID,POWERGRID.NS,2024-05-28,2024,5,1,Bull,1,0.8921,BUY,1,1,0.6631,BUY,1,10,"MACD_Hist,MFI,OBV,BB_Lower,MACD,Stochastic,BB_Width,BB_Upper,Williams_R,ATR_14",MACD_Hist
POWERGRID,POWERGRID.NS,2024-05-29,2024,5,1,Bull,1,0.8222,BUY,1,1,0.6072,BUY,1,10,"MACD_Hist,MFI,OBV,BB_Lower,MACD,Stochastic,BB_Width,BB_Upper,Williams_R,ATR_14",MACD_Hist
POWERGRID,POWERGRID.NS,2024-05-30,2024,5,1,Bull,1,0.9208,BUY,1,1,0.7643,BUY,1,10,"MACD_Hist,MFI,OBV,BB_Lower,MACD,Stochastic,BB_Width,BB_Upper,Williams_R,ATR_14",MACD_Hist
POWERGRID,POWERGRID.NS,2024-05-31,2024,5,1,Bull,1,0.8744,BUY,1,1,0.7813,BUY,1,10,"MACD_Hist,MFI,OBV,BB_Lower,MACD,Stochastic,BB_Width,BB_Upper,Williams_R,ATR_14",MACD_Hist
POWERGRID,POWERGRID.NS,2024-06-03,2024,6,0,Bull,1,0.5832,BUY,0,1,0.571,BUY,0,10,"MACD_Hist,MFI,OBV,BB_Lower,MACD,Stochastic,BB_Width,BB_Upper,Williams_R,ATR_14",MACD_Hist
POWERGRID,POWERGRID.NS,2024-06-04,2024,6,1,Sideways,1,0.9226,BUY,1,1,0.7372,BUY,1,10,"MACD_Hist,MFI,OBV,BB_Lower,MACD,Stochastic,BB_Width,BB_Upper,Williams_R,ATR_14",MACD_Hist
POWERGRID,POWERGRID.NS,2024-06-05,2024,6,1,Bear,1,0.8655,BUY,1,1,0.7445,BUY,1,10,"MACD_Hist,MFI,OBV,BB_Lower,MACD,Stochastic,BB_Width,BB_Upper,Williams_R,ATR_14",MACD_Hist
POWERGRID,POWERGRID.NS,2024-06-06,2024,6,1,Bear,1,0.9124,BUY,1,1,0.8037,BUY,1,10,"MACD_Hist,MFI,OBV,BB_Lower,MACD,Stochastic,BB_Width,BB_Upper,Williams_R,ATR_14",MACD_Hist
POWERGRID,POWERGRID.NS,2024-06-07,2024,6,1,Bear,1,0.7583,BUY,1,1,0.7998,BUY,1,10,"MACD_Hist,MFI,OBV,BB_Lower,MACD,Stochastic,BB_Width,BB_Upper,Williams_R,ATR_14",MACD_Hist
POWERGRID,POWERGRID.NS,2024-06-10,2024,6,1,Bear,1,0.6091,BUY,1,1,0.7719,BUY,1,10,"MACD_Hist,MFI,OBV,BB_Lower,MACD,Stochastic,BB_Width,BB_Upper,Williams_R,ATR_14",MACD_Hist
POWERGRID,POWERGRID.NS,2024-06-11,2024,6,1,Bear,1,0.6597,BUY,1,1,0.7241,BUY,1,10,"MACD_Hist,MFI,OBV,BB_Lower,MACD,Stochastic,BB_Width,BB_Upper,Williams_R,ATR_14",MACD_Hist
POWERGRID,POWERGRID.NS,2024-06-12,2024,6,1,Bear,0,0.6242,SELL,0,1,0.6295,BUY,1,10,"MACD_Hist,MFI,OBV,BB_Lower,MACD,Stochastic,BB_Width,BB_Upper,Williams_R,ATR_14",MACD_Hist
POWERGRID,POWERGRID.NS,2024-06-13,2024,6,1,Bear,1,0.5525,BUY,1,1,0.6737,BUY,1,10,"MACD_Hist,MFI,OBV,BB_Lower,MACD,Stochastic,BB_Width,BB_Upper,Williams_R,ATR_14",MACD_Hist
POWERGRID,POWERGRID.NS,2024-06-14,2024,6,1,Bear,1,0.6004,BUY,1,1,0.6686,BUY,1,10,"MACD_Hist,MFI,OBV,BB_Lower,MACD,Stochastic,BB_Width,BB_Upper,Williams_R,ATR_14",MACD_Hist
POWERGRID,POWERGRID.NS,2024-06-18,2024,6,1,Bear,0,0.6934,SELL,0,-1,0.5317,NO TRADE,0,10,"MACD_Hist,MFI,OBV,BB_Lower,MACD,Stochastic,BB_Width,BB_Upper,Williams_R,ATR_14",MACD_Hist
POWERGRID,POWERGRID.NS,2024-06-19,2024,6,1,Bear,1,0.6096,BUY,1,-1,0.5333,NO TRADE,0,10,"MACD_Hist,MFI,OBV,BB_Lower,MACD,Stochastic,BB_Width,BB_Upper,Williams_R,ATR_14",MACD_Hist
POWERGRID,POWERGRID.NS,2024-06-20,2024,6,1,Bear,1,0.5775,BUY,1,1,0.5863,BUY,1,10,"MACD_Hist,MFI,OBV,BB_Lower,MACD,Stochastic,BB_Width,BB_Upper,Williams_R,ATR_14",MACD_Hist
POWERGRID,POWERGRID.NS,2024-06-21,2024,6,1,Bear,1,0.6969,BUY,1,1,0.6603,BUY,1,10,"MACD_Hist,MFI,OBV,BB_Lower,MACD,Stochastic,BB_Width,BB_Upper,Williams_R,ATR_14",MACD_Hist
POWERGRID,POWERGRID.NS,2024-06-24,2024,6,1,Bear,-1,0.5039,NO TRADE,0,0,0.5693,SELL,0,10,"MACD_Hist,MFI,OBV,BB_Lower,MACD,Stochastic,BB_Width,BB_Upper,Williams_R,ATR_14",MACD_Hist
POWERGRID,POWERGRID.NS,2024-06-25,2024,6,1,Bear,1,0.7148,BUY,1,1,0.6727,BUY,1,10,"MACD_Hist,MFI,OBV,BB_Lower,MACD,Stochastic,BB_Width,BB_Upper,Williams_R,ATR_14",MACD_Hist
POWERGRID,POWERGRID.NS,2024-06-26,2024,6,1,Bear,-1,0.5235,NO TRADE,0,1,0.7174,BUY,1,10,"MACD_Hist,MFI,OBV,BB_Lower,MACD,Stochastic,BB_Width,BB_Upper,Williams_R,ATR_14",MACD_Hist
POWERGRID,POWERGRID.NS,2024-06-27,2024,6,1,Bear,0,0.5507,SELL,0,1,0.67,BUY,1,10,"MACD_Hist,MFI,OBV,BB_Lower,MACD,Stochastic,BB_Width,BB_Upper,Williams_R,ATR_14",MACD_Hist
POWERGRID,POWERGRID.NS,2024-06-28,2024,6,1,Bear,-1,0.5495,NO TRADE,0,1,0.7058,BUY,1,10,"MACD_Hist,MFI,OBV,BB_Lower,MACD,Stochastic,BB_Width,BB_Upper,Williams_R,ATR_14",MACD_Hist
POWERGRID,POWERGRID.NS,2024-07-01,2024,7,1,Bear,1,0.7921,BUY,1,1,0.7045,BUY,1,10,"MACD_Hist,MFI,OBV,BB_Lower,MACD,Stochastic,BB_Width,BB_Upper,Williams_R,ATR_14",MACD_Hist
POWERGRID,POWERGRID.NS,2024-07-02,2024,7,1,Bear,1,0.8725,BUY,1,1,0.7084,BUY,1,10,"MACD_Hist,MFI,OBV,BB_Lower,MACD,Stochastic,BB_Width,BB_Upper,Williams_R,ATR_14",MACD_Hist
POWERGRID,POWERGRID.NS,2024-07-03,2024,7,1,Bear,1,0.9517,BUY,1,1,0.6673,BUY,1,10,"MACD_Hist,MFI,OBV,BB_Lower,MACD,Stochastic,BB_Width,BB_Upper,Williams_R,ATR_14",MACD_Hist
POWERGRID,POWERGRID.NS,2024-07-04,2024,7,1,Bear,1,0.9614,BUY,1,1,0.7537,BUY,1,10,"MACD_Hist,MFI,OBV,BB_Lower,MACD,Stochastic,BB_Width,BB_Upper,Williams_R,ATR_14",MACD_Hist
POWERGRID,POWERGRID.NS,2024-07-05,2024,7,1,Bear,1,0.8916,BUY,1,1,0.6482,BUY,1,10,"MACD_Hist,MFI,OBV,BB_Lower,MACD,Stochastic,BB_Width,BB_Upper,Williams_R,ATR_14",MACD_Hist
POWERGRID,POWERGRID.NS,2024-07-08,2024,7,1,Bear,1,0.9318,BUY,1,1,0.7677,BUY,1,10,"MACD_Hist,MFI,OBV,BB_Lower,MACD,Stochastic,BB_Width,BB_Upper,Williams_R,ATR_14",MACD_Hist
POWERGRID,POWERGRID.NS,2024-07-09,2024,7,1,Bear,1,0.9356,BUY,1,1,0.7711,BUY,1,10,"MACD_Hist,MFI,OBV,BB_Lower,MACD,Stochastic,BB_Width,BB_Upper,Williams_R,ATR_14",MACD_Hist
POWERGRID,POWERGRID.NS,2024-07-10,2024,7,0,Bear,1,0.9059,BUY,0,1,0.7598,BUY,0,10,"MACD_Hist,MFI,OBV,BB_Lower,MACD,Stochastic,BB_Width,BB_Upper,Williams_R,ATR_14",MACD_Hist
POWERGRID,POWERGRID.NS,2024-07-11,2024,7,1,Bear,1,0.9409,BUY,1,1,0.7824,BUY,1,10,"MACD_Hist,MFI,OBV,BB_Lower,MACD,Stochastic,BB_Width,BB_Upper,Williams_R,ATR_14",MACD_Hist
POWERGRID,POWERGRID.NS,2024-07-12,2024,7,0,Bear,1,0.9462,BUY,0,1,0.7723,BUY,0,10,"MACD_Hist,MFI,OBV,BB_Lower,MACD,Stochastic,BB_Width,BB_Upper,Williams_R,ATR_14",MACD_Hist
POWERGRID,POWERGRID.NS,2024-07-15,2024,7,0,Bear,1,0.9342,BUY,0,1,0.7874,BUY,0,10,"MACD_Hist,MFI,OBV,BB_Lower,MACD,Stochastic,BB_Width,BB_Upper,Williams_R,ATR_14",MACD_Hist
POWERGRID,POWERGRID.NS,2024-07-16,2024,7,0,Bear,1,0.9392,BUY,0,1,0.7781,BUY,0,10,"MACD_Hist,MFI,OBV,BB_Lower,MACD,Stochastic,BB_Width,BB_Upper,Williams_R,ATR_14",MACD_Hist
POWERGRID,POWERGRID.NS,2024-07-18,2024,7,1,Bear,1,0.8549,BUY,1,1,0.7834,BUY,1,10,"MACD,MACD_Hist,BB_Upper,Volume_MA,OBV,BB_Lower,RSI_14,Return_10d,High_Low_Pct,ATR_14",MACD
POWERGRID,POWERGRID.NS,2024-07-19,2024,7,1,Bear,1,0.9228,BUY,1,1,0.8829,BUY,1,10,"MACD,MACD_Hist,BB_Upper,Volume_MA,OBV,BB_Lower,RSI_14,Return_10d,High_Low_Pct,ATR_14",MACD
POWERGRID,POWERGRID.NS,2024-07-22,2024,7,1,Bear,1,0.9002,BUY,1,1,0.8647,BUY,1,10,"MACD,MACD_Hist,BB_Upper,Volume_MA,OBV,BB_Lower,RSI_14,Return_10d,High_Low_Pct,ATR_14",MACD
POWERGRID,POWERGRID.NS,2024-07-23,2024,7,1,Bear,1,0.9347,BUY,1,1,0.8962,BUY,1,10,"MACD,MACD_Hist,BB_Upper,Volume_MA,OBV,BB_Lower,RSI_14,Return_10d,High_Low_Pct,ATR_14",MACD
POWERGRID,POWERGRID.NS,2024-07-24,2024,7,0,Bear,1,0.9182,BUY,0,1,0.8795,BUY,0,10,"MACD,MACD_Hist,BB_Upper,Volume_MA,OBV,BB_Lower,RSI_14,Return_10d,High_Low_Pct,ATR_14",MACD
POWERGRID,POWERGRID.NS,2024-07-25,2024,7,0,Bear,1,0.9247,BUY,0,1,0.8766,BUY,0,10,"MACD,MACD_Hist,BB_Upper,Volume_MA,OBV,BB_Lower,RSI_14,Return_10d,High_Low_Pct,ATR_14",MACD
POWERGRID,POWERGRID.NS,2024-07-26,2024,7,0,Bear,1,0.9249,BUY,0,1,0.8311,BUY,0,10,"MACD,MACD_Hist,BB_Upper,Volume_MA,OBV,BB_Lower,RSI_14,Return_10d,High_Low_Pct,ATR_14",MACD
POWERGRID,POWERGRID.NS,2024-07-29,2024,7,0,Bear,1,0.9282,BUY,0,1,0.8819,BUY,0,10,"MACD,MACD_Hist,BB_Upper,Volume_MA,OBV,BB_Lower,RSI_14,Return_10d,High_Low_Pct,ATR_14",MACD
POWERGRID,POWERGRID.NS,2024-07-30,2024,7,0,Bear,1,0.8715,BUY,0,1,0.7454,BUY,0,10,"MACD,MACD_Hist,BB_Upper,Volume_MA,OBV,BB_Lower,RSI_14,Return_10d,High_Low_Pct,ATR_14",MACD
POWERGRID,POWERGRID.NS,2024-07-31,2024,7,0,Bear,1,0.9212,BUY,0,1,0.8465,BUY,0,10,"MACD,MACD_Hist,BB_Upper,Volume_MA,OBV,BB_Lower,RSI_14,Return_10d,High_Low_Pct,ATR_14",MACD
POWERGRID,POWERGRID.NS,2024-08-01,2024,8,0,Bear,1,0.6933,BUY,0,1,0.7868,BUY,0,10,"MACD,MACD_Hist,BB_Upper,Volume_MA,OBV,BB_Lower,RSI_14,Return_10d,High_Low_Pct,ATR_14",MACD
POWERGRID,POWERGRID.NS,2024-08-02,2024,8,0,Bear,1,0.8609,BUY,0,1,0.834,BUY,0,10,"MACD,MACD_Hist,BB_Upper,Volume_MA,OBV,BB_Lower,RSI_14,Return_10d,High_Low_Pct,ATR_14",MACD
POWERGRID,POWERGRID.NS,2024-08-05,2024,8,0,Bear,1,0.9372,BUY,0,1,0.9212,BUY,0,10,"MACD,MACD_Hist,BB_Upper,Volume_MA,OBV,BB_Lower,RSI_14,Return_10d,High_Low_Pct,ATR_14",MACD
POWERGRID,POWERGRID.NS,2024-08-06,2024,8,0,Bear,1,0.9418,BUY,0,1,0.9287,BUY,0,10,"MACD,MACD_Hist,BB_Upper,Volume_MA,OBV,BB_Lower,RSI_14,Return_10d,High_Low_Pct,ATR_14",MACD
POWERGRID,POWERGRID.NS,2024-08-07,2024,8,0,Bear,1,0.8492,BUY,0,1,0.9185,BUY,0,10,"MACD,MACD_Hist,BB_Upper,Volume_MA,OBV,BB_Lower,RSI_14,Return_10d,High_Low_Pct,ATR_14",MACD
POWERGRID,POWERGRID.NS,2024-08-08,2024,8,0,Bear,1,0.9646,BUY,0,1,0.923,BUY,0,10,"MACD,MACD_Hist,BB_Upper,Volume_MA,OBV,BB_Lower,RSI_14,Return_10d,High_Low_Pct,ATR_14",MACD
POWERGRID,POWERGRID.NS,2024-08-09,2024,8,0,Bear,1,0.9451,BUY,0,1,0.9458,BUY,0,10,"MACD,MACD_Hist,BB_Upper,Volume_MA,OBV,BB_Lower,RSI_14,Return_10d,High_Low_Pct,ATR_14",MACD
POWERGRID,POWERGRID.NS,2024-08-12,2024,8,0,Bear,1,0.9563,BUY,0,1,0.9507,BUY,0,10,"MACD,MACD_Hist,BB_Upper,Volume_MA,OBV,BB_Lower,RSI_14,Return_10d,High_Low_Pct,ATR_14",MACD
POWERGRID,POWERGRID.NS,2024-08-13,2024,8,0,Bear,1,0.9588,BUY,0,1,0.9457,BUY,0,10,"MACD,MACD_Hist,BB_Upper,Volume_MA,OBV,BB_Lower,RSI_14,Return_10d,High_Low_Pct,ATR_14",MACD
POWERGRID,POWERGRID.NS,2024-08-14,2024,8,1,Bear,1,0.9739,BUY,1,1,0.9509,BUY,1,10,"MACD,MACD_Hist,BB_Upper,Volume_MA,OBV,BB_Lower,RSI_14,Return_10d,High_Low_Pct,ATR_14",MACD
POWERGRID,POWERGRID.NS,2024-08-16,2024,8,0,Sideways,1,0.9463,BUY,0,1,0.9499,BUY,0,10,"MACD,MACD_Hist,BB_Upper,Volume_MA,OBV,BB_Lower,RSI_14,Return_10d,High_Low_Pct,ATR_14",MACD
POWERGRID,POWERGRID.NS,2024-08-19,2024,8,0,Bull,1,0.9578,BUY,0,1,0.9485,BUY,0,10,"MACD,MACD_Hist,BB_Upper,Volume_MA,OBV,BB_Lower,RSI_14,Return_10d,High_Low_Pct,ATR_14",MACD
POWERGRID,POWERGRID.NS,2024-08-20,2024,8,0,Bull,1,0.949,BUY,0,1,0.948,BUY,0,10,"MACD,MACD_Hist,BB_Upper,Volume_MA,OBV,BB_Lower,RSI_14,Return_10d,High_Low_Pct,ATR_14",MACD
POWERGRID,POWERGRID.NS,2024-08-21,2024,8,0,Bull,1,0.9559,BUY,0,1,0.9533,BUY,0,10,"MACD,MACD_Hist,BB_Upper,Volume_MA,OBV,BB_Lower,RSI_14,Return_10d,High_Low_Pct,ATR_14",MACD
POWERGRID,POWERGRID.NS,2024-08-22,2024,8,1,Bull,1,0.9599,BUY,1,1,0.9591,BUY,1,10,"MACD,MACD_Hist,BB_Upper,Volume_MA,OBV,BB_Lower,RSI_14,Return_10d,High_Low_Pct,ATR_14",MACD
POWERGRID,POWERGRID.NS,2024-08-23,2024,8,1,Bull,1,0.9484,BUY,1,1,0.9585,BUY,1,10,"MACD,MACD_Hist,BB_Upper,Volume_MA,OBV,BB_Lower,RSI_14,Return_10d,High_Low_Pct,ATR_14",MACD
POWERGRID,POWERGRID.NS,2024-08-26,2024,8,1,Bull,1,0.9606,BUY,1,1,0.9586,BUY,1,10,"MACD,MACD_Hist,BB_Upper,Volume_MA,OBV,BB_Lower,RSI_14,Return_10d,High_Low_Pct,ATR_14",MACD
POWERGRID,POWERGRID.NS,2024-08-27,2024,8,1,Bull,1,0.9593,BUY,1,1,0.9576,BUY,1,10,"MACD,MACD_Hist,BB_Upper,Volume_MA,OBV,BB_Lower,RSI_14,Return_10d,High_Low_Pct,ATR_14",MACD
POWERGRID,POWERGRID.NS,2024-08-28,2024,8,1,Bull,1,0.9387,BUY,1,1,0.9568,BUY,1,10,"MACD,MACD_Hist,BB_Upper,Volume_MA,OBV,BB_Lower,RSI_14,Return_10d,High_Low_Pct,ATR_14",MACD
POWERGRID,POWERGRID.NS,2024-08-29,2024,8,1,Bull,1,0.931,BUY,1,1,0.9547,BUY,1,10,"MACD,MACD_Hist,BB_Upper,Volume_MA,OBV,BB_Lower,RSI_14,Return_10d,High_Low_Pct,ATR_14",MACD
POWERGRID,POWERGRID.NS,2024-08-30,2024,8,1,Sideways,1,0.9463,BUY,1,1,0.952,BUY,1,10,"MACD,MACD_Hist,BB_Upper,Volume_MA,OBV,BB_Lower,RSI_14,Return_10d,High_Low_Pct,ATR_14",MACD
POWERGRID,POWERGRID.NS,2024-09-02,2024,9,1,Bull,1,0.9467,BUY,1,1,0.9498,BUY,1,10,"MACD,MACD_Hist,BB_Upper,Volume_MA,OBV,BB_Lower,RSI_14,Return_10d,High_Low_Pct,ATR_14",MACD
POWERGRID,POWERGRID.NS,2024-09-03,2024,9,1,Bull,1,0.9428,BUY,1,1,0.9488,BUY,1,10,"MACD,MACD_Hist,BB_Upper,Volume_MA,OBV,BB_Lower,RSI_14,Return_10d,High_Low_Pct,ATR_14",MACD
POWERGRID,POWERGRID.NS,2024-09-04,2024,9,1,Bull,1,0.949,BUY,1,1,0.9431,BUY,1,10,"MACD,MACD_Hist,BB_Upper,Volume_MA,OBV,BB_Lower,RSI_14,Return_10d,High_Low_Pct,ATR_14",MACD
POWERGRID,POWERGRID.NS,2024-09-05,2024,9,1,Sideways,1,0.9175,BUY,1,1,0.9385,BUY,1,10,"MACD,MACD_Hist,BB_Upper,Volume_MA,OBV,BB_Lower,RSI_14,Return_10d,High_Low_Pct,ATR_14",MACD
POWERGRID,POWERGRID.NS,2024-09-06,2024,9,0,Sideways,1,0.9167,BUY,0,1,0.9389,BUY,0,10,"MACD,MACD_Hist,BB_Upper,Volume_MA,OBV,BB_Lower,RSI_14,Return_10d,High_Low_Pct,ATR_14",MACD
POWERGRID,POWERGRID.NS,2024-09-09,2024,9,0,Sideways,1,0.9319,BUY,0,1,0.9523,BUY,0,10,"MACD,MACD_Hist,BB_Upper,Volume_MA,OBV,BB_Lower,RSI_14,Return_10d,High_Low_Pct,ATR_14",MACD
POWERGRID,POWERGRID.NS,2024-09-10,2024,9,0,Sideways,1,0.9291,BUY,0,1,0.9515,BUY,0,10,"MACD,MACD_Hist,BB_Upper,Volume_MA,OBV,BB_Lower,RSI_14,Return_10d,High_Low_Pct,ATR_14",MACD
POWERGRID,POWERGRID.NS,2024-09-11,2024,9,1,Sideways,1,0.9608,BUY,1,1,0.955,BUY,1,10,"MACD,MACD_Hist,BB_Upper,Volume_MA,OBV,BB_Lower,RSI_14,Return_10d,High_Low_Pct,ATR_14",MACD
POWERGRID,POWERGRID.NS,2024-09-12,2024,9,0,Sideways,1,0.9566,BUY,0,1,0.9534,BUY,0,10,"MACD,MACD_Hist,BB_Upper,Volume_MA,OBV,BB_Lower,RSI_14,Return_10d,High_Low_Pct,ATR_14",MACD
POWERGRID,POWERGRID.NS,2024-09-13,2024,9,0,Bull,1,0.954,BUY,0,1,0.9529,BUY,0,10,"MACD,MACD_Hist,BB_Upper,Volume_MA,OBV,BB_Lower,RSI_14,Return_10d,High_Low_Pct,ATR_14",MACD
POWERGRID,POWERGRID.NS,2024-09-16,2024,9,0,Sideways,1,0.9357,BUY,0,1,0.9532,BUY,0,10,"MACD,MACD_Hist,BB_Upper,Volume_MA,OBV,BB_Lower,RSI_14,Return_10d,High_Low_Pct,ATR_14",MACD
POWERGRID,POWERGRID.NS,2024-09-17,2024,9,0,Sideways,1,0.9296,BUY,0,1,0.9425,BUY,0,10,"MACD,MACD_Hist,BB_Upper,Volume_MA,OBV,BB_Lower,RSI_14,Return_10d,High_Low_Pct,ATR_14",MACD
POWERGRID,POWERGRID.NS,2024-09-18,2024,9,0,Sideways,1,0.9327,BUY,0,1,0.9441,BUY,0,10,"MACD,MACD_Hist,BB_Upper,Volume_MA,OBV,BB_Lower,RSI_14,Return_10d,High_Low_Pct,ATR_14",MACD
POWERGRID,POWERGRID.NS,2024-09-19,2024,9,0,Sideways,1,0.9352,BUY,0,1,0.941,BUY,0,10,"MACD,MACD_Hist,BB_Upper,Volume_MA,OBV,BB_Lower,RSI_14,Return_10d,High_Low_Pct,ATR_14",MACD
POWERGRID,POWERGRID.NS,2024-09-20,2024,9,0,Sideways,1,0.9071,BUY,0,1,0.9313,BUY,0,10,"MACD,MACD_Hist,BB_Upper,Volume_MA,OBV,BB_Lower,RSI_14,Return_10d,High_Low_Pct,ATR_14",MACD
POWERGRID,POWERGRID.NS,2024-09-23,2024,9,0,Sideways,1,0.9346,BUY,0,1,0.9472,BUY,0,10,"MACD,MACD_Hist,BB_Upper,Volume_MA,OBV,BB_Lower,RSI_14,Return_10d,High_Low_Pct,ATR_14",MACD
POWERGRID,POWERGRID.NS,2024-09-24,2024,9,0,Sideways,1,0.8614,BUY,0,1,0.8548,BUY,0,10,"MACD,MACD_Hist,BB_Upper,Volume_MA,OBV,BB_Lower,RSI_14,Return_10d,High_Low_Pct,ATR_14",MACD
POWERGRID,POWERGRID.NS,2024-09-25,2024,9,0,Bull,1,0.7946,BUY,0,1,0.8385,BUY,0,10,"MACD,MACD_Hist,BB_Upper,Volume_MA,OBV,BB_Lower,RSI_14,Return_10d,High_Low_Pct,ATR_14",MACD
POWERGRID,POWERGRID.NS,2024-09-26,2024,9,0,Bull,1,0.8485,BUY,0,1,0.8466,BUY,0,10,"MACD,MACD_Hist,BB_Upper,Volume_MA,OBV,BB_Lower,RSI_14,Return_10d,High_Low_Pct,ATR_14",MACD
POWERGRID,POWERGRID.NS,2024-09-27,2024,9,0,Bull,1,0.9316,BUY,0,1,0.9046,BUY,0,10,"MACD,MACD_Hist,BB_Upper,Volume_MA,OBV,BB_Lower,RSI_14,Return_10d,High_Low_Pct,ATR_14",MACD
POWERGRID,POWERGRID.NS,2024-09-30,2024,9,0,Bull,1,0.9401,BUY,0,1,0.9254,BUY,0,10,"MACD,MACD_Hist,BB_Upper,Volume_MA,OBV,BB_Lower,RSI_14,Return_10d,High_Low_Pct,ATR_14",MACD
POWERGRID,POWERGRID.NS,2024-10-01,2024,10,0,Bull,1,0.9527,BUY,0,1,0.9568,BUY,0,10,"MACD,MACD_Hist,BB_Upper,Volume_MA,OBV,BB_Lower,RSI_14,Return_10d,High_Low_Pct,ATR_14",MACD
POWERGRID,POWERGRID.NS,2024-10-03,2024,10,0,Bull,1,0.967,BUY,0,1,0.953,BUY,0,10,"MACD,MACD_Hist,BB_Upper,Volume_MA,OBV,BB_Lower,RSI_14,Return_10d,High_Low_Pct,ATR_14",MACD
POWERGRID,POWERGRID.NS,2024-10-04,2024,10,0,Bull,1,0.9672,BUY,0,1,0.9485,BUY,0,10,"MACD,MACD_Hist,BB_Upper,Volume_MA,OBV,BB_Lower,RSI_14,Return_10d,High_Low_Pct,ATR_14",MACD
POWERGRID,POWERGRID.NS,2024-10-07,2024,10,0,Sideways,1,0.9826,BUY,0,1,0.9633,BUY,0,10,"MACD,MACD_Hist,BB_Upper,Volume_MA,OBV,BB_Lower,RSI_14,Return_10d,High_Low_Pct,ATR_14",MACD
POWERGRID,POWERGRID.NS,2024-10-08,2024,10,0,Sideways,1,0.9831,BUY,0,1,0.9604,BUY,0,10,"MACD,MACD_Hist,BB_Upper,Volume_MA,OBV,BB_Lower,RSI_14,Return_10d,High_Low_Pct,ATR_14",MACD
POWERGRID,POWERGRID.NS,2024-10-09,2024,10,0,Bear,1,0.9858,BUY,0,1,0.9689,BUY,0,10,"MACD,MACD_Hist,BB_Upper,Volume_MA,OBV,BB_Lower,RSI_14,Return_10d,High_Low_Pct,ATR_14",MACD
POWERGRID,POWERGRID.NS,2024-10-10,2024,10,0,Sideways,1,0.9783,BUY,0,1,0.961,BUY,0,10,"MACD,MACD_Hist,BB_Upper,Volume_MA,OBV,BB_Lower,RSI_14,Return_10d,High_Low_Pct,ATR_14",MACD
POWERGRID,POWERGRID.NS,2024-10-11,2024,10,0,Bear,1,0.9801,BUY,0,1,0.972,BUY,0,10,"MACD,MACD_Hist,BB_Upper,Volume_MA,OBV,BB_Lower,RSI_14,Return_10d,High_Low_Pct,ATR_14",MACD
POWERGRID,POWERGRID.NS,2024-10-14,2024,10,0,Bear,0,0.6434,SELL,1,0,0.5755,SELL,1,10,"MACD_Hist,BB_Lower,MACD,BB_Upper,ADX,RSI_14,OBV,Rolling_Mean_Return,MFI,ROC",MACD_Hist
POWERGRID,POWERGRID.NS,2024-10-15,2024,10,0,Bear,0,0.6564,SELL,1,0,0.6355,SELL,1,10,"MACD_Hist,BB_Lower,MACD,BB_Upper,ADX,RSI_14,OBV,Rolling_Mean_Return,MFI,ROC",MACD_Hist
POWERGRID,POWERGRID.NS,2024-10-16,2024,10,0,Bear,1,0.7494,BUY,0,0,0.6761,SELL,1,10,"MACD_Hist,BB_Lower,MACD,BB_Upper,ADX,RSI_14,OBV,Rolling_Mean_Return,MFI,ROC",MACD_Hist
POWERGRID,POWERGRID.NS,2024-10-17,2024,10,0,Bear,1,0.7103,BUY,0,0,0.6917,SELL,1,10,"MACD_Hist,BB_Lower,MACD,BB_Upper,ADX,RSI_14,OBV,Rolling_Mean_Return,MFI,ROC",MACD_Hist
POWERGRID,POWERGRID.NS,2024-10-18,2024,10,0,Sideways,1,0.7744,BUY,0,0,0.5723,SELL,1,10,"MACD_Hist,BB_Lower,MACD,BB_Upper,ADX,RSI_14,OBV,Rolling_Mean_Return,MFI,ROC",MACD_Hist
POWERGRID,POWERGRID.NS,2024-10-21,2024,10,0,Bear,1,0.8033,BUY,0,0,0.5906,SELL,1,10,"MACD_Hist,BB_Lower,MACD,BB_Upper,ADX,RSI_14,OBV,Rolling_Mean_Return,MFI,ROC",MACD_Hist
POWERGRID,POWERGRID.NS,2024-10-22,2024,10,1,Sideways,1,0.86,BUY,1,1,0.6268,BUY,1,10,"MACD_Hist,BB_Lower,MACD,BB_Upper,ADX,RSI_14,OBV,Rolling_Mean_Return,MFI,ROC",MACD_Hist
POWERGRID,POWERGRID.NS,2024-10-23,2024,10,1,Bear,1,0.8609,BUY,1,1,0.6776,BUY,1,10,"MACD_Hist,BB_Lower,MACD,BB_Upper,ADX,RSI_14,OBV,Rolling_Mean_Return,MFI,ROC",MACD_Hist
POWERGRID,POWERGRID.NS,2024-10-24,2024,10,1,Bear,1,0.8649,BUY,1,1,0.6478,BUY,1,10,"MACD_Hist,BB_Lower,MACD,BB_Upper,ADX,RSI_14,OBV,Rolling_Mean_Return,MFI,ROC",MACD_Hist
POWERGRID,POWERGRID.NS,2024-10-25,2024,10,1,Bear,1,0.901,BUY,1,1,0.8172,BUY,1,10,"MACD_Hist,BB_Lower,MACD,BB_Upper,ADX,RSI_14,OBV,Rolling_Mean_Return,MFI,ROC",MACD_Hist
POWERGRID,POWERGRID.NS,2024-10-28,2024,10,1,Bear,1,0.8619,BUY,1,1,0.8057,BUY,1,10,"MACD_Hist,BB_Lower,MACD,BB_Upper,ADX,RSI_14,OBV,Rolling_Mean_Return,MFI,ROC",MACD_Hist
POWERGRID,POWERGRID.NS,2024-10-29,2024,10,1,Bear,1,0.8691,BUY,1,1,0.8222,BUY,1,10,"MACD_Hist,BB_Lower,MACD,BB_Upper,ADX,RSI_14,OBV,Rolling_Mean_Return,MFI,ROC",MACD_Hist
POWERGRID,POWERGRID.NS,2024-10-30,2024,10,1,Bear,1,0.8499,BUY,1,1,0.817,BUY,1,10,"MACD_Hist,BB_Lower,MACD,BB_Upper,ADX,RSI_14,OBV,Rolling_Mean_Return,MFI,ROC",MACD_Hist
POWERGRID,POWERGRID.NS,2024-10-31,2024,10,1,Bear,1,0.9202,BUY,1,1,0.9341,BUY,1,10,"MACD_Hist,BB_Lower,MACD,BB_Upper,ADX,RSI_14,OBV,Rolling_Mean_Return,MFI,ROC",MACD_Hist
POWERGRID,POWERGRID.NS,2024-11-01,2024,11,1,Bear,1,0.9159,BUY,1,1,0.9438,BUY,1,10,"MACD_Hist,BB_Lower,MACD,BB_Upper,ADX,RSI_14,OBV,Rolling_Mean_Return,MFI,ROC",MACD_Hist
POWERGRID,POWERGRID.NS,2024-11-04,2024,11,1,Bear,1,0.8996,BUY,1,1,0.9114,BUY,1,10,"MACD_Hist,BB_Lower,MACD,BB_Upper,ADX,RSI_14,OBV,Rolling_Mean_Return,MFI,ROC",MACD_Hist
POWERGRID,POWERGRID.NS,2024-11-05,2024,11,1,Bear,1,0.9183,BUY,1,1,0.9428,BUY,1,10,"MACD_Hist,BB_Lower,MACD,BB_Upper,ADX,RSI_14,OBV,Rolling_Mean_Return,MFI,ROC",MACD_Hist
POWERGRID,POWERGRID.NS,2024-11-06,2024,11,1,Bear,1,0.9207,BUY,1,1,0.9277,BUY,1,10,"MACD_Hist,BB_Lower,MACD,BB_Upper,ADX,RSI_14,OBV,Rolling_Mean_Return,MFI,ROC",MACD_Hist
POWERGRID,POWERGRID.NS,2024-11-07,2024,11,1,Bear,1,0.9362,BUY,1,1,0.948,BUY,1,10,"MACD_Hist,BB_Lower,MACD,BB_Upper,ADX,RSI_14,OBV,Rolling_Mean_Return,MFI,ROC",MACD_Hist
POWERGRID,POWERGRID.NS,2024-11-08,2024,11,1,Bear,1,0.9053,BUY,1,1,0.9276,BUY,1,10,"MACD_Hist,BB_Lower,MACD,BB_Upper,ADX,RSI_14,OBV,Rolling_Mean_Return,MFI,ROC",MACD_Hist
POWERGRID,POWERGRID.NS,2024-11-11,2024,11,1,Bear,1,0.8313,BUY,1,1,0.8492,BUY,1,10,"MACD_Hist,BB_Lower,MACD,BB_Upper,ADX,RSI_14,OBV,Rolling_Mean_Return,MFI,ROC",MACD_Hist
POWERGRID,POWERGRID.NS,2024-11-12,2024,11,1,Sideways,1,0.9279,BUY,1,1,0.9107,BUY,1,10,"MACD_Hist,BB_Lower,MACD,BB_Upper,ADX,RSI_14,OBV,Rolling_Mean_Return,MFI,ROC",MACD_Hist
POWERGRID,POWERGRID.NS,2024-11-13,2024,11,1,Bear,1,0.927,BUY,1,1,0.9146,BUY,1,10,"MACD_Hist,BB_Lower,MACD,BB_Upper,ADX,RSI_14,OBV,Rolling_Mean_Return,MFI,ROC",MACD_Hist
POWERGRID,POWERGRID.NS,2024-11-14,2024,11,1,Bear,1,0.917,BUY,1,1,0.9334,BUY,1,10,"MACD_Hist,BB_Lower,MACD,BB_Upper,ADX,RSI_14,OBV,Rolling_Mean_Return,MFI,ROC",MACD_Hist
POWERGRID,POWERGRID.NS,2024-11-18,2024,11,1,Bear,1,0.9259,BUY,1,1,0.9321,BUY,1,10,"MACD_Hist,BB_Lower,MACD,BB_Upper,ADX,RSI_14,OBV,Rolling_Mean_Return,MFI,ROC",MACD_Hist
POWERGRID,POWERGRID.NS,2024-11-19,2024,11,1,Bear,1,0.913,BUY,1,1,0.908,BUY,1,10,"MACD_Hist,BB_Lower,MACD,BB_Upper,ADX,RSI_14,OBV,Rolling_Mean_Return,MFI,ROC",MACD_Hist
POWERGRID,POWERGRID.NS,2024-11-21,2024,11,0,Bear,1,0.8021,BUY,0,1,0.8498,BUY,0,10,"MACD_Hist,BB_Lower,MACD,BB_Upper,ADX,RSI_14,OBV,Rolling_Mean_Return,MFI,ROC",MACD_Hist
POWERGRID,POWERGRID.NS,2024-11-22,2024,11,0,Sideways,1,0.5602,BUY,0,1,0.7493,BUY,0,10,"MACD_Hist,BB_Lower,MACD,BB_Upper,ADX,RSI_14,OBV,Rolling_Mean_Return,MFI,ROC",MACD_Hist
POWERGRID,POWERGRID.NS,2024-11-25,2024,11,0,Bull,1,0.694,BUY,0,1,0.7538,BUY,0,10,"MACD_Hist,BB_Lower,MACD,BB_Upper,ADX,RSI_14,OBV,Rolling_Mean_Return,MFI,ROC",MACD_Hist
POWERGRID,POWERGRID.NS,2024-11-26,2024,11,0,Bull,1,0.7335,BUY,0,1,0.797,BUY,0,10,"MACD_Hist,BB_Lower,MACD,BB_Upper,ADX,RSI_14,OBV,Rolling_Mean_Return,MFI,ROC",MACD_Hist
POWERGRID,POWERGRID.NS,2024-11-27,2024,11,0,Sideways,1,0.7068,BUY,0,1,0.7975,BUY,0,10,"MACD_Hist,BB_Lower,MACD,BB_Upper,ADX,RSI_14,OBV,Rolling_Mean_Return,MFI,ROC",MACD_Hist
POWERGRID,POWERGRID.NS,2024-11-28,2024,11,0,Bull,1,0.741,BUY,0,1,0.7974,BUY,0,10,"MACD_Hist,BB_Lower,MACD,BB_Upper,ADX,RSI_14,OBV,Rolling_Mean_Return,MFI,ROC",MACD_Hist
POWERGRID,POWERGRID.NS,2024-11-29,2024,11,0,Sideways,-1,0.5467,NO TRADE,0,1,0.8115,BUY,0,10,"MACD_Hist,BB_Lower,MACD,BB_Upper,ADX,RSI_14,OBV,Rolling_Mean_Return,MFI,ROC",MACD_Hist
POWERGRID,POWERGRID.NS,2024-12-02,2024,12,0,Sideways,-1,0.5489,NO TRADE,0,1,0.8103,BUY,0,10,"MACD_Hist,BB_Lower,MACD,BB_Upper,ADX,RSI_14,OBV,Rolling_Mean_Return,MFI,ROC",MACD_Hist
