stock,stock_symbol,predict_date,year,month,actual_target,market_regime,static_pred,static_confidence,static_signal,static_correct,dynamic_pred,dynamic_confidence,dynamic_signal,dynamic_correct,n_dynamic_features,dynamic_features,top_mi_feature
RELIANCE,RELIANCE.NS,2022-01-03,2022,1,0,Bear,0,0.7927,SELL,1,0,0.7859,SELL,1,10,"BB_Width,BB_Lower,ATR_14,MACD_Hist,OBV,Rolling_Volatility,Williams_R,Volume_MA,MACD_Signal,ROC",BB_Width
RELIANCE,RELIANCE.NS,2022-01-04,2022,1,0,Bear,0,0.7851,SELL,1,0,0.8189,SELL,1,10,"BB_Width,BB_Lower,ATR_14,MACD_Hist,OBV,Rolling_Volatility,Williams_R,Volume_MA,MACD_Signal,ROC",BB_Width
RELIANCE,RELIANCE.NS,2022-01-05,2022,1,0,Bear,0,0.7871,SELL,1,0,0.8115,SELL,1,10,"BB_Width,BB_Lower,ATR_14,MACD_Hist,OBV,Rolling_Volatility,Williams_R,Volume_MA,MACD_Signal,ROC",BB_Width
RELIANCE,RELIANCE.NS,2022-01-06,2022,1,0,Bear,0,0.7886,SELL,1,0,0.8276,SELL,1,10,"BB_Width,BB_Lower,ATR_14,MACD_Hist,OBV,Rolling_Volatility,Williams_R,Volume_MA,MACD_Signal,ROC",BB_Width
RELIANCE,RELIANCE.NS,2022-01-07,2022,1,0,Bear,0,0.766,SELL,1,0,0.8038,SELL,1,10,"BB_Width,BB_Lower,ATR_14,MACD_Hist,OBV,Rolling_Volatility,Williams_R,Volume_MA,MACD_Signal,ROC",BB_Width
RELIANCE,RELIANCE.NS,2022-01-10,2022,1,0,Bear,0,0.7637,SELL,1,0,0.7963,SELL,1,10,"BB_Width,BB_Lower,ATR_14,MACD_Hist,OBV,Rolling_Volatility,Williams_R,Volume_MA,MACD_Signal,ROC",BB_Width
RELIANCE,RELIANCE.NS,2022-01-11,2022,1,0,Bear,0,0.7608,SELL,1,0,0.7616,SELL,1,10,"BB_Width,BB_Lower,ATR_14,MACD_Hist,OBV,Rolling_Volatility,Williams_R,Volume_MA,MACD_Signal,ROC",BB_Width
RELIANCE,RELIANCE.NS,2022-01-12,2022,1,0,Sideways,0,0.7549,SELL,1,0,0.7778,SELL,1,10,"BB_Width,BB_Lower,ATR_14,MACD_Hist,OBV,Rolling_Volatility,Williams_R,Volume_MA,MACD_Signal,ROC",BB_Width
RELIANCE,RELIANCE.NS,2022-01-13,2022,1,0,Sideways,0,0.7585,SELL,1,0,0.8412,SELL,1,10,"BB_Width,BB_Lower,ATR_14,MACD_Hist,OBV,Rolling_Volatility,Williams_R,Volume_MA,MACD_Signal,ROC",BB_Width
RELIANCE,RELIANCE.NS,2022-01-14,2022,1,0,Sideways,0,0.7649,SELL,1,0,0.8455,SELL,1,10,"BB_Width,BB_Lower,ATR_14,MACD_Hist,OBV,Rolling_Volatility,Williams_R,Volume_MA,MACD_Signal,ROC",BB_Width
RELIANCE,RELIANCE.NS,2022-01-17,2022,1,0,Bull,-1,0.5,NO TRADE,0,0,0.6449,SELL,1,10,"BB_Width,BB_Lower,ATR_14,MACD_Hist,OBV,Rolling_Volatility,Williams_R,Volume_MA,MACD_Signal,ROC",BB_Width
RELIANCE,RELIANCE.NS,2022-01-18,2022,1,0,Bull,-1,0.5488,NO TRADE,0,0,0.7187,SELL,1,10,"BB_Width,BB_Lower,ATR_14,MACD_Hist,OBV,Rolling_Volatility,Williams_R,Volume_MA,MACD_Signal,ROC",BB_Width
RELIANCE,RELIANCE.NS,2022-01-19,2022,1,0,Sideways,1,0.615,BUY,0,-1,0.5176,NO TRADE,0,10,"BB_Width,BB_Lower,ATR_14,MACD_Hist,OBV,Rolling_Volatility,Williams_R,Volume_MA,MACD_Signal,ROC",BB_Width
RELIANCE,RELIANCE.NS,2022-01-20,2022,1,0,Sideways,-1,0.5191,NO TRADE,0,0,0.6774,SELL,1,10,"BB_Width,BB_Lower,ATR_14,MACD_Hist,OBV,Rolling_Volatility,Williams_R,Volume_MA,MACD_Signal,ROC",BB_Width
RELIANCE,RELIANCE.NS,2022-01-21,2022,1,0,Sideways,-1,0.5377,NO TRADE,0,0,0.6955,SELL,1,10,"BB_Width,BB_Lower,ATR_14,MACD_Hist,OBV,Rolling_Volatility,Williams_R,Volume_MA,MACD_Signal,ROC",BB_Width
RELIANCE,RELIANCE.NS,2022-01-24,2022,1,1,Sideways,0,0.7518,SELL,0,0,0.8642,SELL,0,10,"BB_Width,BB_Lower,ATR_14,MACD_Hist,OBV,Rolling_Volatility,Williams_R,Volume_MA,MACD_Signal,ROC",BB_Width
RELIANCE,RELIANCE.NS,2022-01-25,2022,1,1,Bear,0,0.8265,SELL,0,0,0.9115,SELL,0,10,"BB_Width,BB_Lower,ATR_14,MACD_Hist,OBV,Rolling_Volatility,Williams_R,Volume_MA,MACD_Signal,ROC",BB_Width
RELIANCE,RELIANCE.NS,2022-01-27,2022,1,0,Bear,0,0.8159,SELL,1,0,0.8953,SELL,1,10,"BB_Width,BB_Lower,ATR_14,MACD_Hist,OBV,Rolling_Volatility,Williams_R,Volume_MA,MACD_Signal,ROC",BB_Width
RELIANCE,RELIANCE.NS,2022-01-28,2022,1,0,Bear,0,0.8261,SELL,1,0,0.9129,SELL,1,10,"BB_Width,BB_Lower,ATR_14,MACD_Hist,OBV,Rolling_Volatility,Williams_R,Volume_MA,MACD_Signal,ROC",BB_Width
RELIANCE,RELIANCE.NS,2022-01-31,2022,1,0,Bear,0,0.8692,SELL,1,0,0.8618,SELL,1,10,"BB_Width,BB_Lower,ATR_14,MACD_Hist,OBV,Rolling_Volatility,Williams_R,Volume_MA,MACD_Signal,ROC",BB_Width
RELIANCE,RELIANCE.NS,2022-02-01,2022,2,1,Bear,0,0.8023,SELL,0,0,0.848,SELL,0,10,"BB_Width,BB_Lower,ATR_14,MACD_Hist,OBV,Rolling_Volatility,Williams_R,Volume_MA,MACD_Signal,ROC",BB_Width
RELIANCE,RELIANCE.NS,2022-02-02,2022,2,0,Sideways,0,0.849,SELL,1,0,0.8233,SELL,1,10,"BB_Width,BB_Lower,ATR_14,MACD_Hist,OBV,Rolling_Volatility,Williams_R,Volume_MA,MACD_Signal,ROC",BB_Width
RELIANCE,RELIANCE.NS,2022-02-03,2022,2,0,Sideways,0,0.8842,SELL,1,0,0.8285,SELL,1,10,"BB_Width,BB_Lower,ATR_14,MACD_Hist,OBV,Rolling_Volatility,Williams_R,Volume_MA,MACD_Signal,ROC",BB_Width
RELIANCE,RELIANCE.NS,2022-02-04,2022,2,0,Sideways,0,0.8406,SELL,1,0,0.7078,SELL,1,10,"BB_Width,BB_Lower,ATR_14,MACD_Hist,OBV,Rolling_Volatility,Williams_R,Volume_MA,MACD_Signal,ROC",BB_Width
RELIANCE,RELIANCE.NS,2022-02-07,2022,2,0,Bear,0,0.8424,SELL,1,0,0.6691,SELL,1,10,"BB_Width,BB_Lower,ATR_14,MACD_Hist,OBV,Rolling_Volatility,Williams_R,Volume_MA,MACD_Signal,ROC",BB_Width
RELIANCE,RELIANCE.NS,2022-02-08,2022,2,0,Bear,0,0.8047,SELL,1,0,0.8001,SELL,1,10,"ATR_14,MACD_Hist,BB_Lower,Rolling_Volatility,MACD,OBV,Volume_MA,Return_10d,BB_Upper,MFI",ATR_14
RELIANCE,RELIANCE.NS,2022-02-09,2022,2,1,Bear,0,0.8138,SELL,0,0,0.7986,SELL,0,10,"ATR_14,MACD_Hist,BB_Lower,Rolling_Volatility,MACD,OBV,Volume_MA,Return_10d,BB_Upper,MFI",ATR_14
RELIANCE,RELIANCE.NS,2022-02-10,2022,2,1,Sideways,-1,0.5326,NO TRADE,0,-1,0.5013,NO TRADE,0,10,"ATR_14,MACD_Hist,BB_Lower,Rolling_Volatility,MACD,OBV,Volume_MA,Return_10d,BB_Upper,MFI",ATR_14
RELIANCE,RELIANCE.NS,2022-02-11,2022,2,1,Bear,-1,0.5011,NO TRADE,0,-1,0.5028,NO TRADE,0,10,"ATR_14,MACD_Hist,BB_Lower,Rolling_Volatility,MACD,OBV,Volume_MA,Return_10d,BB_Upper,MFI",ATR_14
RELIANCE,RELIANCE.NS,2022-02-14,2022,2,1,Bear,1,0.5988,BUY,1,-1,0.5409,NO TRADE,0,10,"ATR_14,MACD_Hist,BB_Lower,Rolling_Volatility,MACD,OBV,Volume_MA,Return_10d,BB_Upper,MFI",ATR_14
RELIANCE,RELIANCE.NS,2022-02-15,2022,2,0,Sideways,0,0.7358,SELL,1,0,0.7749,SELL,1,10,"ATR_14,MACD_Hist,BB_Lower,Rolling_Volatility,MACD,OBV,Volume_MA,Return_10d,BB_Upper,MFI",ATR_14
RELIANCE,RELIANCE.NS,2022-02-16,2022,2,1,Bull,0,0.7106,SELL,0,0,0.8322,SELL,0,10,"ATR_14,MACD_Hist,BB_Lower,Rolling_Volatility,MACD,OBV,Volume_MA,Return_10d,BB_Upper,MFI",ATR_14
RELIANCE,RELIANCE.NS,2022-02-17,2022,2,1,Sideways,0,0.6916,SELL,0,0,0.852,SELL,0,10,"ATR_14,MACD_Hist,BB_Lower,Rolling_Volatility,MACD,OBV,Volume_MA,Return_10d,BB_Upper,MFI",ATR_14
RELIANCE,RELIANCE.NS,2022-02-18,2022,2,1,Sideways,0,0.7073,SELL,0,0,0.8289,SELL,0,10,"ATR_14,MACD_Hist,BB_Lower,Rolling_Volatility,MACD,OBV,Volume_MA,Return_10d,BB_Upper,MFI",ATR_14
RELIANCE,RELIANCE.NS,2022-02-21,2022,2,1,Sideways,0,0.6814,SELL,0,0,0.8136,SELL,0,10,"ATR_14,MACD_Hist,BB_Lower,Rolling_Volatility,MACD,OBV,Volume_MA,Return_10d,BB_Upper,MFI",ATR_14
RELIANCE,RELIANCE.NS,2022-02-22,2022,2,1,Sideways,1,0.577,BUY,1,-1,0.5249,NO TRADE,0,10,"ATR_14,MACD_Hist,BB_Lower,Rolling_Volatility,MACD,OBV,Volume_MA,Return_10d,BB_Upper,MFI",ATR_14
RELIANCE,RELIANCE.NS,2022-02-23,2022,2,1,Sideways,1,0.6236,BUY,1,0,0.5892,SELL,0,10,"ATR_14,MACD_Hist,BB_Lower,Rolling_Volatility,MACD,OBV,Volume_MA,Return_10d,BB_Upper,MFI",ATR_14
RELIANCE,RELIANCE.NS,2022-02-24,2022,2,1,Sideways,0,0.5763,SELL,0,0,0.7647,SELL,0,10,"ATR_14,MACD_Hist,BB_Lower,Rolling_Volatility,MACD,OBV,Volume_MA,Return_10d,BB_Upper,MFI",ATR_14
RELIANCE,RELIANCE.NS,2022-02-25,2022,2,1,Bear,0,0.6565,SELL,0,0,0.7748,SELL,0,10,"ATR_14,MACD_Hist,BB_Lower,Rolling_Volatility,MACD,OBV,Volume_MA,Return_10d,BB_Upper,MFI",ATR_14
RELIANCE,RELIANCE.NS,2022-02-28,2022,2,1,Bear,0,0.7424,SELL,0,0,0.8238,SELL,0,10,"ATR_14,MACD_Hist,BB_Lower,Rolling_Volatility,MACD,OBV,Volume_MA,Return_10d,BB_Upper,MFI",ATR_14
RELIANCE,RELIANCE.NS,2022-03-02,2022,3,1,Sideways,0,0.769,SELL,0,0,0.8428,SELL,0,10,"ATR_14,MACD_Hist,BB_Lower,Rolling_Volatility,MACD,OBV,Volume_MA,Return_10d,BB_Upper,MFI",ATR_14
RELIANCE,RELIANCE.NS,2022-03-03,2022,3,1,Bull,0,0.7475,SELL,0,0,0.8213,SELL,0,10,"ATR_14,MACD_Hist,BB_Lower,Rolling_Volatility,MACD,OBV,Volume_MA,Return_10d,BB_Upper,MFI",ATR_14
RELIANCE,RELIANCE.NS,2022-03-04,2022,3,1,Bull,0,0.7112,SELL,0,0,0.7368,SELL,0,10,"ATR_14,MACD_Hist,BB_Lower,Rolling_Volatility,MACD,OBV,Volume_MA,Return_10d,BB_Upper,MFI",ATR_14
RELIANCE,RELIANCE.NS,2022-03-07,2022,3,1,Sideways,0,0.5501,SELL,0,0,0.7342,SELL,0,10,"ATR_14,MACD_Hist,BB_Lower,Rolling_Volatility,MACD,OBV,Volume_MA,Return_10d,BB_Upper,MFI",ATR_14
RELIANCE,RELIANCE.NS,2022-03-08,2022,3,1,Bear,0,0.6284,SELL,0,0,0.6392,SELL,0,10,"ATR_14,MACD_Hist,BB_Lower,Rolling_Volatility,MACD,OBV,Volume_MA,Return_10d,BB_Upper,MFI",ATR_14
RELIANCE,RELIANCE.NS,2022-03-09,2022,3,1,Bear,0,0.7406,SELL,0,0,0.6045,SELL,0,10,"ATR_14,MACD_Hist,BB_Lower,Rolling_Volatility,MACD,OBV,Volume_MA,Return_10d,BB_Upper,MFI",ATR_14
RELIANCE,RELIANCE.NS,2022-03-10,2022,3,1,Sideways,0,0.7315,SELL,0,0,0.6091,SELL,0,10,"ATR_14,MACD_Hist,BB_Lower,Rolling_Volatility,MACD,OBV,Volume_MA,Return_10d,BB_Upper,MFI",ATR_14
RELIANCE,RELIANCE.NS,2022-03-11,2022,3,1,Sideways,0,0.6551,SELL,0,0,0.7361,SELL,0,10,"ATR_14,MACD_Hist,BB_Lower,Rolling_Volatility,MACD,OBV,Volume_MA,Return_10d,BB_Upper,MFI",ATR_14
RELIANCE,RELIANCE.NS,2022-03-14,2022,3,1,Sideways,0,0.7859,SELL,0,0,0.7768,SELL,0,10,"ATR_14,MACD_Hist,BB_Lower,Rolling_Volatility,MACD,OBV,Volume_MA,Return_10d,BB_Upper,MFI",ATR_14
RELIANCE,RELIANCE.NS,2022-03-15,2022,3,1,Bull,0,0.6563,SELL,0,0,0.7475,SELL,0,10,"ATR_14,MACD_Hist,BB_Lower,Rolling_Volatility,MACD,OBV,Volume_MA,Return_10d,BB_Upper,MFI",ATR_14
RELIANCE,RELIANCE.NS,2022-03-16,2022,3,1,Sideways,0,0.7461,SELL,0,0,0.774,SELL,0,10,"ATR_14,MACD_Hist,BB_Lower,Rolling_Volatility,MACD,OBV,Volume_MA,Return_10d,BB_Upper,MFI",ATR_14
RELIANCE,RELIANCE.NS,2022-03-17,2022,3,1,Sideways,0,0.7253,SELL,0,0,0.6956,SELL,0,10,"ATR_14,MACD_Hist,BB_Lower,Rolling_Volatility,MACD,OBV,Volume_MA,Return_10d,BB_Upper,MFI",ATR_14
RELIANCE,RELIANCE.NS,2022-03-21,2022,3,1,Sideways,0,0.6777,SELL,0,0,0.7501,SELL,0,10,"ATR_14,MACD_Hist,BB_Lower,Rolling_Volatility,MACD,OBV,Volume_MA,Return_10d,BB_Upper,MFI",ATR_14
RELIANCE,RELIANCE.NS,2022-03-22,2022,3,1,Sideways,0,0.714,SELL,0,0,0.7854,SELL,0,10,"ATR_14,MACD_Hist,BB_Lower,Rolling_Volatility,MACD,OBV,Volume_MA,Return_10d,BB_Upper,MFI",ATR_14
RELIANCE,RELIANCE.NS,2022-03-23,2022,3,1,Bull,0,0.8287,SELL,0,0,0.7628,SELL,0,10,"ATR_14,MACD_Hist,BB_Lower,Rolling_Volatility,MACD,OBV,Volume_MA,Return_10d,BB_Upper,MFI",ATR_14
RELIANCE,RELIANCE.NS,2022-03-24,2022,3,1,Bull,0,0.771,SELL,0,0,0.7345,SELL,0,10,"ATR_14,MACD_Hist,BB_Lower,Rolling_Volatility,MACD,OBV,Volume_MA,Return_10d,BB_Upper,MFI",ATR_14
RELIANCE,RELIANCE.NS,2022-03-25,2022,3,1,Bull,0,0.6862,SELL,0,0,0.5975,SELL,0,10,"ATR_14,MACD_Hist,BB_Lower,Rolling_Volatility,MACD,OBV,Volume_MA,Return_10d,BB_Upper,MFI",ATR_14
RELIANCE,RELIANCE.NS,2022-03-28,2022,3,1,Bull,0,0.7785,SELL,0,0,0.7128,SELL,0,10,"ATR_14,MACD_Hist,BB_Lower,Rolling_Volatility,MACD,OBV,Volume_MA,Return_10d,BB_Upper,MFI",ATR_14
RELIANCE,RELIANCE.NS,2022-03-29,2022,3,1,Bull,0,0.737,SELL,0,0,0.7292,SELL,0,10,"ATR_14,MACD_Hist,BB_Lower,Rolling_Volatility,MACD,OBV,Volume_MA,Return_10d,BB_Upper,MFI",ATR_14
RELIANCE,RELIANCE.NS,2022-03-30,2022,3,1,Bull,0,0.8516,SELL,0,0,0.8604,SELL,0,10,"ATR_14,MACD_Hist,BB_Lower,Rolling_Volatility,MACD,OBV,Volume_MA,Return_10d,BB_Upper,MFI",ATR_14
RELIANCE,RELIANCE.NS,2022-03-31,2022,3,1,Bull,0,0.7982,SELL,0,0,0.8201,SELL,0,10,"ATR_14,MACD_Hist,BB_Lower,Rolling_Volatility,MACD,OBV,Volume_MA,Return_10d,BB_Upper,MFI",ATR_14
RELIANCE,RELIANCE.NS,2022-04-01,2022,4,1,Bull,0,0.8499,SELL,0,0,0.857,SELL,0,10,"ATR_14,MACD_Hist,BB_Lower,Rolling_Volatility,MACD,OBV,Volume_MA,Return_10d,BB_Upper,MFI",ATR_14
RELIANCE,RELIANCE.NS,2022-04-04,2022,4,0,Bull,0,0.8819,SELL,1,0,0.8668,SELL,1,10,"ATR_14,MACD_Hist,BB_Lower,Rolling_Volatility,MACD,OBV,Volume_MA,Return_10d,BB_Upper,MFI",ATR_14
RELIANCE,RELIANCE.NS,2022-04-05,2022,4,0,Bull,0,0.8936,SELL,1,0,0.9274,SELL,1,10,"ATR_14,MACD_Hist,BB_Lower,Rolling_Volatility,MACD,OBV,Volume_MA,Return_10d,BB_Upper,MFI",ATR_14
RELIANCE,RELIANCE.NS,2022-04-06,2022,4,0,Bull,0,0.8359,SELL,1,0,0.8938,SELL,1,10,"ATR_14,MACD_Hist,BB_Lower,Rolling_Volatility,MACD,OBV,Volume_MA,Return_10d,BB_Upper,MFI",ATR_14
RELIANCE,RELIANCE.NS,2022-04-07,2022,4,0,Bull,0,0.8936,SELL,1,0,0.891,SELL,1,10,"ATR_14,MACD_Hist,BB_Lower,Rolling_Volatility,MACD,OBV,Volume_MA,Return_10d,BB_Upper,MFI",ATR_14
RELIANCE,RELIANCE.NS,2022-04-08,2022,4,0,Bull,0,0.8873,SELL,1,0,0.8984,SELL,1,10,"ATR_14,MACD_Hist,BB_Lower,Rolling_Volatility,MACD,OBV,Volume_MA,Return_10d,BB_Upper,MFI",ATR_14
RELIANCE,RELIANCE.NS,2022-04-11,2022,4,0,Bull,0,0.871,SELL,1,0,0.8944,SELL,1,10,"ATR_14,MACD_Hist,BB_Lower,Rolling_Volatility,MACD,OBV,Volume_MA,Return_10d,BB_Upper,MFI",ATR_14
RELIANCE,RELIANCE.NS,2022-04-12,2022,4,0,Bull,0,0.8934,SELL,1,0,0.8768,SELL,1,10,"ATR_14,MACD_Hist,BB_Lower,Rolling_Volatility,MACD,OBV,Volume_MA,Return_10d,BB_Upper,MFI",ATR_14
RELIANCE,RELIANCE.NS,2022-04-13,2022,4,0,Bull,0,0.8437,SELL,1,0,0.8116,SELL,1,10,"ATR_14,MACD_Hist,BB_Lower,Rolling_Volatility,MACD,OBV,Volume_MA,Return_10d,BB_Upper,MFI",ATR_14
RELIANCE,RELIANCE.NS,2022-04-18,2022,4,0,Bull,0,0.8493,SELL,1,0,0.7796,SELL,1,10,"ATR_14,MACD_Hist,BB_Lower,Rolling_Volatility,MACD,OBV,Volume_MA,Return_10d,BB_Upper,MFI",ATR_14
RELIANCE,RELIANCE.NS,2022-04-19,2022,4,0,Bull,0,0.8348,SELL,1,0,0.8731,SELL,1,10,"ATR_14,MACD_Hist,BB_Lower,Rolling_Volatility,MACD,OBV,Volume_MA,Return_10d,BB_Upper,MFI",ATR_14
RELIANCE,RELIANCE.NS,2022-04-20,2022,4,0,Bull,0,0.7838,SELL,1,0,0.8704,SELL,1,10,"ATR_14,MACD_Hist,BB_Lower,Rolling_Volatility,MACD,OBV,Volume_MA,Return_10d,BB_Upper,MFI",ATR_14
RELIANCE,RELIANCE.NS,2022-04-21,2022,4,0,Bull,0,0.8407,SELL,1,0,0.8927,SELL,1,10,"ATR_14,MACD_Hist,BB_Lower,Rolling_Volatility,MACD,OBV,Volume_MA,Return_10d,BB_Upper,MFI",ATR_14
RELIANCE,RELIANCE.NS,2022-04-22,2022,4,0,Bull,0,0.873,SELL,1,0,0.9037,SELL,1,10,"ATR_14,MACD_Hist,BB_Lower,Rolling_Volatility,MACD,OBV,Volume_MA,Return_10d,BB_Upper,MFI",ATR_14
RELIANCE,RELIANCE.NS,2022-04-25,2022,4,0,Bull,0,0.8359,SELL,1,0,0.9071,SELL,1,10,"ATR_14,MACD_Hist,BB_Lower,Rolling_Volatility,MACD,OBV,Volume_MA,Return_10d,BB_Upper,MFI",ATR_14
RELIANCE,RELIANCE.NS,2022-04-26,2022,4,0,Bull,0,0.8467,SELL,1,0,0.9149,SELL,1,10,"ATR_14,MACD_Hist,BB_Lower,Rolling_Volatility,MACD,OBV,Volume_MA,Return_10d,BB_Upper,MFI",ATR_14
RELIANCE,RELIANCE.NS,2022-04-27,2022,4,0,Bull,0,0.8679,SELL,1,0,0.9081,SELL,1,10,"ATR_14,MACD_Hist,BB_Lower,Rolling_Volatility,MACD,OBV,Volume_MA,Return_10d,BB_Upper,MFI",ATR_14
RELIANCE,RELIANCE.NS,2022-04-28,2022,4,0,Bull,0,0.8885,SELL,1,0,0.9077,SELL,1,10,"ATR_14,MACD_Hist,BB_Lower,Rolling_Volatility,MACD,OBV,Volume_MA,Return_10d,BB_Upper,MFI",ATR_14
RELIANCE,RELIANCE.NS,2022-04-29,2022,4,0,Sideways,0,0.8606,SELL,1,0,0.904,SELL,1,10,"ATR_14,MACD_Hist,BB_Lower,Rolling_Volatility,MACD,OBV,Volume_MA,Return_10d,BB_Upper,MFI",ATR_14
RELIANCE,RELIANCE.NS,2022-05-02,2022,5,0,Bull,0,0.8445,SELL,1,0,0.9051,SELL,1,10,"ATR_14,MACD_Hist,BB_Lower,Rolling_Volatility,MACD,OBV,Volume_MA,Return_10d,BB_Upper,MFI",ATR_14
RELIANCE,RELIANCE.NS,2022-05-04,2022,5,0,Bull,0,0.8275,SELL,1,0,0.8874,SELL,1,10,"ATR_14,MACD_Hist,BB_Lower,Rolling_Volatility,MACD,OBV,Volume_MA,Return_10d,BB_Upper,MFI",ATR_14
RELIANCE,RELIANCE.NS,2022-05-05,2022,5,1,Sideways,0,0.8797,SELL,0,0,0.871,SELL,0,10,"ATR_14,MACD_Hist,BB_Lower,Rolling_Volatility,MACD,OBV,Volume_MA,Return_10d,BB_Upper,MFI",ATR_14
RELIANCE,RELIANCE.NS,2022-05-06,2022,5,1,Sideways,0,0.8751,SELL,0,0,0.8731,SELL,0,10,"ATR_14,MACD_Hist,BB_Lower,Rolling_Volatility,MACD,OBV,Volume_MA,Return_10d,BB_Upper,MFI",ATR_14
RELIANCE,RELIANCE.NS,2022-05-09,2022,5,1,Sideways,0,0.7469,SELL,0,0,0.8283,SELL,0,10,"ATR_14,MACD_Hist,BB_Lower,Rolling_Volatility,MACD,OBV,Volume_MA,Return_10d,BB_Upper,MFI",ATR_14
RELIANCE,RELIANCE.NS,2022-05-10,2022,5,1,Sideways,0,0.5824,SELL,0,0,0.7056,SELL,0,10,"BB_Lower,Volume_MA,BB_Upper,ADX,ATR_14,Rolling_Volatility,OBV,Return_10d,MACD,MACD_Hist",BB_Lower
RELIANCE,RELIANCE.NS,2022-05-11,2022,5,1,Sideways,-1,0.5149,NO TRADE,0,0,0.6138,SELL,0,10,"BB_Lower,Volume_MA,BB_Upper,ADX,ATR_14,Rolling_Volatility,OBV,Return_10d,MACD,MACD_Hist",BB_Lower
RELIANCE,RELIANCE.NS,2022-05-12,2022,5,1,Sideways,0,0.6994,SELL,0,0,0.6965,SELL,0,10,"BB_Lower,Volume_MA,BB_Upper,ADX,ATR_14,Rolling_Volatility,OBV,Return_10d,MACD,MACD_Hist",BB_Lower
RELIANCE,RELIANCE.NS,2022-05-13,2022,5,1,Sideways,0,0.7447,SELL,0,0,0.7032,SELL,0,10,"BB_Lower,Volume_MA,BB_Upper,ADX,ATR_14,Rolling_Volatility,OBV,Return_10d,MACD,MACD_Hist",BB_Lower
RELIANCE,RELIANCE.NS,2022-05-16,2022,5,1,Sideways,0,0.5699,SELL,0,0,0.6767,SELL,0,10,"BB_Lower,Volume_MA,BB_Upper,ADX,ATR_14,Rolling_Volatility,OBV,Return_10d,MACD,MACD_Hist",BB_Lower
RELIANCE,RELIANCE.NS,2022-05-17,2022,5,1,Bull,0,0.7265,SELL,0,0,0.6845,SELL,0,10,"BB_Lower,Volume_MA,BB_Upper,ADX,ATR_14,Rolling_Volatility,OBV,Return_10d,MACD,MACD_Hist",BB_Lower
RELIANCE,RELIANCE.NS,2022-05-18,2022,5,1,Sideways,0,0.7701,SELL,0,0,0.6918,SELL,0,10,"BB_Lower,Volume_MA,BB_Upper,ADX,ATR_14,Rolling_Volatility,OBV,Return_10d,MACD,MACD_Hist",BB_Lower
RELIANCE,RELIANCE.NS,2022-05-19,2022,5,1,Sideways,0,0.6752,SELL,0,0,0.6077,SELL,0,10,"BB_Lower,Volume_MA,BB_Upper,ADX,ATR_14,Rolling_Volatility,OBV,Return_10d,MACD,MACD_Hist",BB_Lower
RELIANCE,RELIANCE.NS,2022-05-20,2022,5,0,Sideways,0,0.7074,SELL,1,-1,0.5427,NO TRADE,0,10,"BB_Lower,Volume_MA,BB_Upper,ADX,ATR_14,Rolling_Volatility,OBV,Return_10d,MACD,MACD_Hist",BB_Lower
RELIANCE,RELIANCE.NS,2022-05-23,2022,5,0,Sideways,0,0.721,SELL,1,0,0.5642,SELL,1,10,"BB_Lower,Volume_MA,BB_Upper,ADX,ATR_14,Rolling_Volatility,OBV,Return_10d,MACD,MACD_Hist",BB_Lower
RELIANCE,RELIANCE.NS,2022-05-24,2022,5,0,Sideways,0,0.7442,SELL,1,-1,0.5426,NO TRADE,0,10,"BB_Lower,Volume_MA,BB_Upper,ADX,ATR_14,Rolling_Volatility,OBV,Return_10d,MACD,MACD_Hist",BB_Lower
RELIANCE,RELIANCE.NS,2022-05-25,2022,5,0,Bull,0,0.72,SELL,1,0,0.5542,SELL,1,10,"BB_Lower,Volume_MA,BB_Upper,ADX,ATR_14,Rolling_Volatility,OBV,Return_10d,MACD,MACD_Hist",BB_Lower
RELIANCE,RELIANCE.NS,2022-05-26,2022,5,0,Bull,0,0.5666,SELL,1,1,0.558,BUY,0,10,"BB_Lower,Volume_MA,BB_Upper,ADX,ATR_14,Rolling_Volatility,OBV,Return_10d,MACD,MACD_Hist",BB_Lower
RELIANCE,RELIANCE.NS,2022-05-27,2022,5,0,Bull,-1,0.5248,NO TRADE,0,1,0.6313,BUY,0,10,"BB_Lower,Volume_MA,BB_Upper,ADX,ATR_14,Rolling_Volatility,OBV,Return_10d,MACD,MACD_Hist",BB_Lower
RELIANCE,RELIANCE.NS,2022-05-30,2022,5,0,Bull,-1,0.5073,NO TRADE,0,-1,0.5198,NO TRADE,0,10,"BB_Lower,Volume_MA,BB_Upper,ADX,ATR_14,Rolling_Volatility,OBV,Return_10d,MACD,MACD_Hist",BB_Lower
RELIANCE,RELIANCE.NS,2022-05-31,2022,5,0,Sideways,-1,0.5498,NO TRADE,0,0,0.5693,SELL,1,10,"BB_Lower,Volume_MA,BB_Upper,ADX,ATR_14,Rolling_Volatility,OBV,Return_10d,MACD,MACD_Hist",BB_Lower
RELIANCE,RELIANCE.NS,2022-06-01,2022,6,0,Sideways,-1,0.5112,NO TRADE,0,-1,0.5171,NO TRADE,0,10,"BB_Lower,Volume_MA,BB_Upper,ADX,ATR_14,Rolling_Volatility,OBV,Return_10d,MACD,MACD_Hist",BB_Lower
RELIANCE,RELIANCE.NS,2022-06-02,2022,6,0,Bull,-1,0.5009,NO TRADE,0,0,0.5614,SELL,1,10,"BB_Lower,Volume_MA,BB_Upper,ADX,ATR_14,Rolling_Volatility,OBV,Return_10d,MACD,MACD_Hist",BB_Lower
RELIANCE,RELIANCE.NS,2022-06-03,2022,6,0,Sideways,0,0.6595,SELL,1,0,0.5903,SELL,1,10,"BB_Lower,Volume_MA,BB_Upper,ADX,ATR_14,Rolling_Volatility,OBV,Return_10d,MACD,MACD_Hist",BB_Lower
RELIANCE,RELIANCE.NS,2022-06-06,2022,6,0,Bull,0,0.6763,SELL,1,0,0.7171,SELL,1,10,"BB_Lower,Volume_MA,BB_Upper,ADX,ATR_14,Rolling_Volatility,OBV,Return_10d,MACD,MACD_Hist",BB_Lower
RELIANCE,RELIANCE.NS,2022-06-07,2022,6,0,Bull,0,0.6455,SELL,1,0,0.6601,SELL,1,10,"BB_Lower,Volume_MA,BB_Upper,ADX,ATR_14,Rolling_Volatility,OBV,Return_10d,MACD,MACD_Hist",BB_Lower
RELIANCE,RELIANCE.NS,2022-06-08,2022,6,0,Bull,0,0.5915,SELL,1,0,0.6607,SELL,1,10,"BB_Lower,Volume_MA,BB_Upper,ADX,ATR_14,Rolling_Volatility,OBV,Return_10d,MACD,MACD_Hist",BB_Lower
RELIANCE,RELIANCE.NS,2022-06-09,2022,6,0,Sideways,0,0.6048,SELL,1,0,0.6586,SELL,1,10,"BB_Lower,Volume_MA,BB_Upper,ADX,ATR_14,Rolling_Volatility,OBV,Return_10d,MACD,MACD_Hist",BB_Lower
RELIANCE,RELIANCE.NS,2022-06-10,2022,6,0,Sideways,0,0.5706,SELL,1,0,0.5994,SELL,1,10,"BB_Lower,Volume_MA,BB_Upper,ADX,ATR_14,Rolling_Volatility,OBV,Return_10d,MACD,MACD_Hist",BB_Lower
RELIANCE,RELIANCE.NS,2022-06-13,2022,6,0,Sideways,0,0.5911,SELL,1,0,0.5626,SELL,1,10,"BB_Lower,Volume_MA,BB_Upper,ADX,ATR_14,Rolling_Volatility,OBV,Return_10d,MACD,MACD_Hist",BB_Lower
RELIANCE,RELIANCE.NS,2022-06-14,2022,6,0,Sideways,0,0.7066,SELL,1,0,0.6582,SELL,1,10,"BB_Lower,Volume_MA,BB_Upper,ADX,ATR_14,Rolling_Volatility,OBV,Return_10d,MACD,MACD_Hist",BB_Lower
RELIANCE,RELIANCE.NS,2022-06-15,2022,6,0,Sideways,0,0.6417,SELL,1,0,0.5849,SELL,1,10,"BB_Lower,Volume_MA,BB_Upper,ADX,ATR_14,Rolling_Volatility,OBV,Return_10d,MACD,MACD_Hist",BB_Lower
RELIANCE,RELIANCE.NS,2022-06-16,2022,6,0,Sideways,-1,0.5016,NO TRADE,0,-1,0.5078,NO TRADE,0,10,"BB_Lower,Volume_MA,BB_Upper,ADX,ATR_14,Rolling_Volatility,OBV,Return_10d,MACD,MACD_Hist",BB_Lower
RELIANCE,RELIANCE.NS,2022-06-17,2022,6,0,Bear,0,0.8872,SELL,1,0,0.7256,SELL,1,10,"BB_Lower,Volume_MA,BB_Upper,ADX,ATR_14,Rolling_Volatility,OBV,Return_10d,MACD,MACD_Hist",BB_Lower
RELIANCE,RELIANCE.NS,2022-06-20,2022,6,0,Sideways,0,0.82,SELL,1,0,0.7097,SELL,1,10,"BB_Lower,Volume_MA,BB_Upper,ADX,ATR_14,Rolling_Volatility,OBV,Return_10d,MACD,MACD_Hist",BB_Lower
RELIANCE,RELIANCE.NS,2022-06-21,2022,6,0,Sideways,0,0.8392,SELL,1,0,0.6512,SELL,1,10,"BB_Lower,Volume_MA,BB_Upper,ADX,ATR_14,Rolling_Volatility,OBV,Return_10d,MACD,MACD_Hist",BB_Lower
RELIANCE,RELIANCE.NS,2022-06-22,2022,6,0,Sideways,0,0.6899,SELL,1,-1,0.5234,NO TRADE,0,10,"BB_Lower,Volume_MA,BB_Upper,ADX,ATR_14,Rolling_Volatility,OBV,Return_10d,MACD,MACD_Hist",BB_Lower
RELIANCE,RELIANCE.NS,2022-06-23,2022,6,1,Bear,0,0.6708,SELL,0,-1,0.5313,NO TRADE,0,10,"BB_Lower,Volume_MA,BB_Upper,ADX,ATR_14,Rolling_Volatility,OBV,Return_10d,MACD,MACD_Hist",BB_Lower
RELIANCE,RELIANCE.NS,2022-06-24,2022,6,1,Bear,0,0.7749,SELL,0,-1,0.5477,NO TRADE,0,10,"BB_Lower,Volume_MA,BB_Upper,ADX,ATR_14,Rolling_Volatility,OBV,Return_10d,MACD,MACD_Hist",BB_Lower
RELIANCE,RELIANCE.NS,2022-06-27,2022,6,0,Sideways,0,0.872,SELL,1,0,0.7035,SELL,1,10,"BB_Lower,Volume_MA,BB_Upper,ADX,ATR_14,Rolling_Volatility,OBV,Return_10d,MACD,MACD_Hist",BB_Lower
RELIANCE,RELIANCE.NS,2022-06-28,2022,6,0,Sideways,0,0.8423,SELL,1,0,0.5844,SELL,1,10,"BB_Lower,Volume_MA,BB_Upper,ADX,ATR_14,Rolling_Volatility,OBV,Return_10d,MACD,MACD_Hist",BB_Lower
RELIANCE,RELIANCE.NS,2022-06-29,2022,6,0,Sideways,0,0.7131,SELL,1,1,0.6057,BUY,0,10,"BB_Lower,Volume_MA,BB_Upper,ADX,ATR_14,Rolling_Volatility,OBV,Return_10d,MACD,MACD_Hist",BB_Lower
RELIANCE,RELIANCE.NS,2022-06-30,2022,6,0,Sideways,0,0.8805,SELL,1,0,0.5955,SELL,1,10,"BB_Lower,Volume_MA,BB_Upper,ADX,ATR_14,Rolling_Volatility,OBV,Return_10d,MACD,MACD_Hist",BB_Lower
RELIANCE,RELIANCE.NS,2022-07-01,2022,7,1,Bear,-1,0.5157,NO TRADE,0,1,0.6364,BUY,1,10,"BB_Lower,Volume_MA,BB_Upper,ADX,ATR_14,Rolling_Volatility,OBV,Return_10d,MACD,MACD_Hist",BB_Lower
RELIANCE,RELIANCE.NS,2022-07-04,2022,7,1,Bear,0,0.7137,SELL,0,-1,0.5497,NO TRADE,0,10,"BB_Lower,Volume_MA,BB_Upper,ADX,ATR_14,Rolling_Volatility,OBV,Return_10d,MACD,MACD_Hist",BB_Lower
RELIANCE,RELIANCE.NS,2022-07-05,2022,7,1,Bear,0,0.7361,SELL,0,0,0.6284,SELL,0,10,"BB_Lower,Volume_MA,BB_Upper,ADX,ATR_14,Rolling_Volatility,OBV,Return_10d,MACD,MACD_Hist",BB_Lower
RELIANCE,RELIANCE.NS,2022-07-06,2022,7,1,Bear,0,0.6922,SELL,0,0,0.6582,SELL,0,10,"BB_Lower,Volume_MA,BB_Upper,ADX,ATR_14,Rolling_Volatility,OBV,Return_10d,MACD,MACD_Hist",BB_Lower
RELIANCE,RELIANCE.NS,2022-07-07,2022,7,1,Bear,0,0.6974,SELL,0,0,0.668,SELL,0,10,"BB_Lower,Volume_MA,BB_Upper,ADX,ATR_14,Rolling_Volatility,OBV,Return_10d,MACD,MACD_Hist",BB_Lower
RELIANCE,RELIANCE.NS,2022-07-08,2022,7,1,Bear,0,0.7977,SELL,0,0,0.6952,SELL,0,10,"BB_Lower,Volume_MA,BB_Upper,ADX,ATR_14,Rolling_Volatility,OBV,Return_10d,MACD,MACD_Hist",BB_Lower
RELIANCE,RELIANCE.NS,2022-07-11,2022,7,1,Bear,0,0.7834,SELL,0,0,0.7197,SELL,0,10,"BB_Lower,Volume_MA,BB_Upper,ADX,ATR_14,Rolling_Volatility,OBV,Return_10d,MACD,MACD_Hist",BB_Lower
RELIANCE,RELIANCE.NS,2022-07-12,2022,7,1,Bear,0,0.6876,SELL,0,0,0.7098,SELL,0,10,"BB_Lower,Volume_MA,BB_Upper,ADX,ATR_14,Rolling_Volatility,OBV,Return_10d,MACD,MACD_Hist",BB_Lower
RELIANCE,RELIANCE.NS,2022-07-13,2022,7,1,Bear,0,0.7392,SELL,0,0,0.7295,SELL,0,10,"BB_Lower,Volume_MA,BB_Upper,ADX,ATR_14,Rolling_Volatility,OBV,Return_10d,MACD,MACD_Hist",BB_Lower
RELIANCE,RELIANCE.NS,2022-07-14,2022,7,1,Bear,0,0.7912,SELL,0,0,0.7295,SELL,0,10,"BB_Lower,Volume_MA,BB_Upper,ADX,ATR_14,Rolling_Volatility,OBV,Return_10d,MACD,MACD_Hist",BB_Lower
RELIANCE,RELIANCE.NS,2022-07-15,2022,7,1,Bear,-1,0.5385,NO TRADE,0,0,0.6456,SELL,0,10,"BB_Lower,Volume_MA,BB_Upper,ADX,ATR_14,Rolling_Volatility,OBV,Return_10d,MACD,MACD_Hist",BB_Lower
RELIANCE,RELIANCE.NS,2022-07-18,2022,7,1,Bear,-1,0.539,NO TRADE,0,0,0.6492,SELL,0,10,"BB_Lower,Volume_MA,BB_Upper,ADX,ATR_14,Rolling_Volatility,OBV,Return_10d,MACD,MACD_Hist",BB_Lower
RELIANCE,RELIANCE.NS,2022-07-19,2022,7,1,Bear,0,0.7133,SELL,0,0,0.7226,SELL,0,10,"BB_Lower,Volume_MA,BB_Upper,ADX,ATR_14,Rolling_Volatility,OBV,Return_10d,MACD,MACD_Hist",BB_Lower
RELIANCE,RELIANCE.NS,2022-07-20,2022,7,1,Sideways,0,0.877,SELL,0,0,0.8077,SELL,0,10,"BB_Lower,Volume_MA,BB_Upper,ADX,ATR_14,Rolling_Volatility,OBV,Return_10d,MACD,MACD_Hist",BB_Lower
RELIANCE,RELIANCE.NS,2022-07-21,2022,7,1,Sideways,0,0.869,SELL,0,0,0.7965,SELL,0,10,"BB_Lower,Volume_MA,BB_Upper,ADX,ATR_14,Rolling_Volatility,OBV,Return_10d,MACD,MACD_Hist",BB_Lower
RELIANCE,RELIANCE.NS,2022-07-22,2022,7,1,Sideways,0,0.9138,SELL,0,0,0.7862,SELL,0,10,"BB_Lower,Volume_MA,BB_Upper,ADX,ATR_14,Rolling_Volatility,OBV,Return_10d,MACD,MACD_Hist",BB_Lower
RELIANCE,RELIANCE.NS,2022-07-25,2022,7,1,Sideways,0,0.6788,SELL,0,0,0.6228,SELL,0,10,"BB_Lower,Volume_MA,BB_Upper,ADX,ATR_14,Rolling_Volatility,OBV,Return_10d,MACD,MACD_Hist",BB_Lower
RELIANCE,RELIANCE.NS,2022-07-26,2022,7,1,Sideways,0,0.626,SELL,0,-1,0.5223,NO TRADE,0,10,"BB_Lower,Volume_MA,BB_Upper,ADX,ATR_14,Rolling_Volatility,OBV,Return_10d,MACD,MACD_Hist",BB_Lower
RELIANCE,RELIANCE.NS,2022-07-27,2022,7,1,Bear,0,0.692,SELL,0,0,0.6542,SELL,0,10,"BB_Lower,Volume_MA,BB_Upper,ADX,ATR_14,Rolling_Volatility,OBV,Return_10d,MACD,MACD_Hist",BB_Lower
RELIANCE,RELIANCE.NS,2022-07-28,2022,7,1,Bear,0,0.6665,SELL,0,-1,0.5198,NO TRADE,0,10,"BB_Lower,Volume_MA,BB_Upper,ADX,ATR_14,Rolling_Volatility,OBV,Return_10d,MACD,MACD_Hist",BB_Lower
RELIANCE,RELIANCE.NS,2022-07-29,2022,7,1,Sideways,0,0.7296,SELL,0,1,0.6512,BUY,1,10,"BB_Lower,Volume_MA,BB_Upper,ADX,ATR_14,Rolling_Volatility,OBV,Return_10d,MACD,MACD_Hist",BB_Lower
RELIANCE,RELIANCE.NS,2022-08-01,2022,8,0,Bear,0,0.7707,SELL,1,0,0.6786,SELL,1,10,"BB_Lower,Volume_MA,BB_Upper,ADX,ATR_14,Rolling_Volatility,OBV,Return_10d,MACD,MACD_Hist",BB_Lower
RELIANCE,RELIANCE.NS,2022-08-02,2022,8,0,Sideways,0,0.8764,SELL,1,0,0.8249,SELL,1,10,"MACD,MACD_Hist,BB_Upper,BB_Lower,RSI_14,Volume_MA,Rolling_Volatility,OBV,ROC,Rolling_Std_10",MACD
RELIANCE,RELIANCE.NS,2022-08-03,2022,8,0,Sideways,0,0.9023,SELL,1,0,0.8382,SELL,1,10,"MACD,MACD_Hist,BB_Upper,BB_Lower,RSI_14,Volume_MA,Rolling_Volatility,OBV,ROC,Rolling_Std_10",MACD
RELIANCE,RELIANCE.NS,2022-08-04,2022,8,1,Sideways,0,0.8726,SELL,0,0,0.8918,SELL,0,10,"MACD,MACD_Hist,BB_Upper,BB_Lower,RSI_14,Volume_MA,Rolling_Volatility,OBV,ROC,Rolling_Std_10",MACD
RELIANCE,RELIANCE.NS,2022-08-05,2022,8,1,Sideways,0,0.8833,SELL,0,0,0.8867,SELL,0,10,"MACD,MACD_Hist,BB_Upper,BB_Lower,RSI_14,Volume_MA,Rolling_Volatility,OBV,ROC,Rolling_Std_10",MACD
RELIANCE,RELIANCE.NS,2022-08-08,2022,8,1,Sideways,0,0.9105,SELL,0,0,0.9511,SELL,0,10,"MACD,MACD_Hist,BB_Upper,BB_Lower,RSI_14,Volume_MA,Rolling_Volatility,OBV,ROC,Rolling_Std_10",MACD
RELIANCE,RELIANCE.NS,2022-08-10,2022,8,0,Bear,0,0.9243,SELL,1,0,0.9608,SELL,1,10,"MACD,MACD_Hist,BB_Upper,BB_Lower,RSI_14,Volume_MA,Rolling_Volatility,OBV,ROC,Rolling_Std_10",MACD
RELIANCE,RELIANCE.NS,2022-08-11,2022,8,1,Sideways,0,0.9427,SELL,0,0,0.9627,SELL,0,10,"MACD,MACD_Hist,BB_Upper,BB_Lower,RSI_14,Volume_MA,Rolling_Volatility,OBV,ROC,Rolling_Std_10",MACD
RELIANCE,RELIANCE.NS,2022-08-12,2022,8,0,Sideways,0,0.9471,SELL,1,0,0.9619,SELL,1,10,"MACD,MACD_Hist,BB_Upper,BB_Lower,RSI_14,Volume_MA,Rolling_Volatility,OBV,ROC,Rolling_Std_10",MACD
RELIANCE,RELIANCE.NS,2022-08-16,2022,8,0,Bear,0,0.9551,SELL,1,0,0.9567,SELL,1,10,"MACD,MACD_Hist,BB_Upper,BB_Lower,RSI_14,Volume_MA,Rolling_Volatility,OBV,ROC,Rolling_Std_10",MACD
RELIANCE,RELIANCE.NS,2022-08-17,2022,8,0,Bear,0,0.9493,SELL,1,0,0.9539,SELL,1,10,"MACD,MACD_Hist,BB_Upper,BB_Lower,RSI_14,Volume_MA,Rolling_Volatility,OBV,ROC,Rolling_Std_10",MACD
RELIANCE,RELIANCE.NS,2022-08-18,2022,8,0,Bear,0,0.954,SELL,1,0,0.9626,SELL,1,10,"MACD,MACD_Hist,BB_Upper,BB_Lower,RSI_14,Volume_MA,Rolling_Volatility,OBV,ROC,Rolling_Std_10",MACD
RELIANCE,RELIANCE.NS,2022-08-19,2022,8,0,Bear,0,0.9558,SELL,1,0,0.9725,SELL,1,10,"MACD,MACD_Hist,BB_Upper,BB_Lower,RSI_14,Volume_MA,Rolling_Volatility,OBV,ROC,Rolling_Std_10",MACD
RELIANCE,RELIANCE.NS,2022-08-22,2022,8,0,Bear,0,0.9442,SELL,1,0,0.9748,SELL,1,10,"MACD,MACD_Hist,BB_Upper,BB_Lower,RSI_14,Volume_MA,Rolling_Volatility,OBV,ROC,Rolling_Std_10",MACD
RELIANCE,RELIANCE.NS,2022-08-23,2022,8,0,Bear,0,0.9512,SELL,1,0,0.9722,SELL,1,10,"MACD,MACD_Hist,BB_Upper,BB_Lower,RSI_14,Volume_MA,Rolling_Volatility,OBV,ROC,Rolling_Std_10",MACD
RELIANCE,RELIANCE.NS,2022-08-24,2022,8,0,Sideways,0,0.8896,SELL,1,0,0.9418,SELL,1,10,"MACD,MACD_Hist,BB_Upper,BB_Lower,RSI_14,Volume_MA,Rolling_Volatility,OBV,ROC,Rolling_Std_10",MACD
RELIANCE,RELIANCE.NS,2022-08-25,2022,8,0,Sideways,0,0.8852,SELL,1,0,0.9418,SELL,1,10,"MACD,MACD_Hist,BB_Upper,BB_Lower,RSI_14,Volume_MA,Rolling_Volatility,OBV,ROC,Rolling_Std_10",MACD
RELIANCE,RELIANCE.NS,2022-08-26,2022,8,0,Sideways,0,0.859,SELL,1,0,0.9406,SELL,1,10,"MACD,MACD_Hist,BB_Upper,BB_Lower,RSI_14,Volume_MA,Rolling_Volatility,OBV,ROC,Rolling_Std_10",MACD
RELIANCE,RELIANCE.NS,2022-08-29,2022,8,0,Sideways,0,0.781,SELL,1,0,0.924,SELL,1,10,"MACD,MACD_Hist,BB_Upper,BB_Lower,RSI_14,Volume_MA,Rolling_Volatility,OBV,ROC,Rolling_Std_10",MACD
RELIANCE,RELIANCE.NS,2022-08-30,2022,8,0,Sideways,0,0.8443,SELL,1,0,0.9428,SELL,1,10,"MACD,MACD_Hist,BB_Upper,BB_Lower,RSI_14,Volume_MA,Rolling_Volatility,OBV,ROC,Rolling_Std_10",MACD
RELIANCE,RELIANCE.NS,2022-09-01,2022,9,0,Bull,0,0.8294,SELL,1,0,0.9468,SELL,1,10,"MACD,MACD_Hist,BB_Upper,BB_Lower,RSI_14,Volume_MA,Rolling_Volatility,OBV,ROC,Rolling_Std_10",MACD
RELIANCE,RELIANCE.NS,2022-09-02,2022,9,0,Sideways,0,0.8505,SELL,1,0,0.922,SELL,1,10,"MACD,MACD_Hist,BB_Upper,BB_Lower,RSI_14,Volume_MA,Rolling_Volatility,OBV,ROC,Rolling_Std_10",MACD
RELIANCE,RELIANCE.NS,2022-09-05,2022,9,0,Sideways,0,0.8998,SELL,1,0,0.9487,SELL,1,10,"MACD,MACD_Hist,BB_Upper,BB_Lower,RSI_14,Volume_MA,Rolling_Volatility,OBV,ROC,Rolling_Std_10",MACD
RELIANCE,RELIANCE.NS,2022-09-06,2022,9,0,Bull,0,0.8966,SELL,1,0,0.9555,SELL,1,10,"MACD,MACD_Hist,BB_Upper,BB_Lower,RSI_14,Volume_MA,Rolling_Volatility,OBV,ROC,Rolling_Std_10",MACD
RELIANCE,RELIANCE.NS,2022-09-07,2022,9,0,Bull,0,0.8751,SELL,1,0,0.9494,SELL,1,10,"MACD,MACD_Hist,BB_Upper,BB_Lower,RSI_14,Volume_MA,Rolling_Volatility,OBV,ROC,Rolling_Std_10",MACD
RELIANCE,RELIANCE.NS,2022-09-08,2022,9,0,Bull,0,0.8665,SELL,1,0,0.9419,SELL,1,10,"MACD,MACD_Hist,BB_Upper,BB_Lower,RSI_14,Volume_MA,Rolling_Volatility,OBV,ROC,Rolling_Std_10",MACD
RELIANCE,RELIANCE.NS,2022-09-09,2022,9,0,Bull,0,0.8225,SELL,1,0,0.9399,SELL,1,10,"MACD,MACD_Hist,BB_Upper,BB_Lower,RSI_14,Volume_MA,Rolling_Volatility,OBV,ROC,Rolling_Std_10",MACD
RELIANCE,RELIANCE.NS,2022-09-12,2022,9,0,Bull,0,0.877,SELL,1,0,0.9515,SELL,1,10,"MACD,MACD_Hist,BB_Upper,BB_Lower,RSI_14,Volume_MA,Rolling_Volatility,OBV,ROC,Rolling_Std_10",MACD
RELIANCE,RELIANCE.NS,2022-09-13,2022,9,0,Sideways,0,0.8718,SELL,1,0,0.9437,SELL,1,10,"MACD,MACD_Hist,BB_Upper,BB_Lower,RSI_14,Volume_MA,Rolling_Volatility,OBV,ROC,Rolling_Std_10",MACD
RELIANCE,RELIANCE.NS,2022-09-14,2022,9,0,Sideways,0,0.8405,SELL,1,0,0.9441,SELL,1,10,"MACD,MACD_Hist,BB_Upper,BB_Lower,RSI_14,Volume_MA,Rolling_Volatility,OBV,ROC,Rolling_Std_10",MACD
RELIANCE,RELIANCE.NS,2022-09-15,2022,9,0,Bull,0,0.7457,SELL,1,0,0.9327,SELL,1,10,"MACD,MACD_Hist,BB_Upper,BB_Lower,RSI_14,Volume_MA,Rolling_Volatility,OBV,ROC,Rolling_Std_10",MACD
RELIANCE,RELIANCE.NS,2022-09-16,2022,9,0,Bull,0,0.5694,SELL,1,0,0.6746,SELL,1,10,"MACD,MACD_Hist,BB_Upper,BB_Lower,RSI_14,Volume_MA,Rolling_Volatility,OBV,ROC,Rolling_Std_10",MACD
RELIANCE,RELIANCE.NS,2022-09-19,2022,9,0,Bull,0,0.6477,SELL,1,0,0.7258,SELL,1,10,"MACD,MACD_Hist,BB_Upper,BB_Lower,RSI_14,Volume_MA,Rolling_Volatility,OBV,ROC,Rolling_Std_10",MACD
RELIANCE,RELIANCE.NS,2022-09-20,2022,9,0,Bull,0,0.5588,SELL,1,0,0.7127,SELL,1,10,"MACD,MACD_Hist,BB_Upper,BB_Lower,RSI_14,Volume_MA,Rolling_Volatility,OBV,ROC,Rolling_Std_10",MACD
RELIANCE,RELIANCE.NS,2022-09-21,2022,9,0,Bull,-1,0.5112,NO TRADE,0,0,0.6807,SELL,1,10,"MACD,MACD_Hist,BB_Upper,BB_Lower,RSI_14,Volume_MA,Rolling_Volatility,OBV,ROC,Rolling_Std_10",MACD
RELIANCE,RELIANCE.NS,2022-09-22,2022,9,0,Bull,1,0.615,BUY,0,-1,0.5384,NO TRADE,0,10,"MACD,MACD_Hist,BB_Upper,BB_Lower,RSI_14,Volume_MA,Rolling_Volatility,OBV,ROC,Rolling_Std_10",MACD
RELIANCE,RELIANCE.NS,2022-09-23,2022,9,1,Bull,-1,0.5452,NO TRADE,0,0,0.6151,SELL,0,10,"MACD,MACD_Hist,BB_Upper,BB_Lower,RSI_14,Volume_MA,Rolling_Volatility,OBV,ROC,Rolling_Std_10",MACD
RELIANCE,RELIANCE.NS,2022-09-26,2022,9,1,Sideways,0,0.7559,SELL,0,0,0.6382,SELL,0,10,"MACD,MACD_Hist,BB_Upper,BB_Lower,RSI_14,Volume_MA,Rolling_Volatility,OBV,ROC,Rolling_Std_10",MACD
RELIANCE,RELIANCE.NS,2022-09-27,2022,9,1,Sideways,0,0.6429,SELL,0,0,0.8171,SELL,0,10,"MACD,MACD_Hist,BB_Upper,BB_Lower,RSI_14,Volume_MA,Rolling_Volatility,OBV,ROC,Rolling_Std_10",MACD
RELIANCE,RELIANCE.NS,2022-09-28,2022,9,1,Sideways,0,0.776,SELL,0,0,0.7151,SELL,0,10,"MACD,MACD_Hist,BB_Upper,BB_Lower,RSI_14,Volume_MA,Rolling_Volatility,OBV,ROC,Rolling_Std_10",MACD
RELIANCE,RELIANCE.NS,2022-09-29,2022,9,1,Sideways,0,0.6977,SELL,0,-1,0.5076,NO TRADE,0,10,"MACD,MACD_Hist,BB_Upper,BB_Lower,RSI_14,Volume_MA,Rolling_Volatility,OBV,ROC,Rolling_Std_10",MACD
RELIANCE,RELIANCE.NS,2022-09-30,2022,9,1,Bear,0,0.6243,SELL,0,0,0.6019,SELL,0,10,"MACD,MACD_Hist,BB_Upper,BB_Lower,RSI_14,Volume_MA,Rolling_Volatility,OBV,ROC,Rolling_Std_10",MACD
RELIANCE,RELIANCE.NS,2022-10-03,2022,10,1,Sideways,-1,0.5136,NO TRADE,0,1,0.553,BUY,1,10,"MACD,MACD_Hist,BB_Upper,BB_Lower,RSI_14,Volume_MA,Rolling_Volatility,OBV,ROC,Rolling_Std_10",MACD
RELIANCE,RELIANCE.NS,2022-10-04,2022,10,1,Bear,0,0.6293,SELL,0,0,0.5926,SELL,0,10,"MACD,MACD_Hist,BB_Upper,BB_Lower,RSI_14,Volume_MA,Rolling_Volatility,OBV,ROC,Rolling_Std_10",MACD
RELIANCE,RELIANCE.NS,2022-10-06,2022,10,1,Sideways,0,0.7361,SELL,0,0,0.7122,SELL,0,10,"MACD,MACD_Hist,BB_Upper,BB_Lower,RSI_14,Volume_MA,Rolling_Volatility,OBV,ROC,Rolling_Std_10",MACD
RELIANCE,RELIANCE.NS,2022-10-07,2022,10,1,Sideways,0,0.7213,SELL,0,0,0.7582,SELL,0,10,"MACD,MACD_Hist,BB_Upper,BB_Lower,RSI_14,Volume_MA,Rolling_Volatility,OBV,ROC,Rolling_Std_10",MACD
RELIANCE,RELIANCE.NS,2022-10-10,2022,10,1,Sideways,-1,0.5211,NO TRADE,0,-1,0.5299,NO TRADE,0,10,"MACD,MACD_Hist,BB_Upper,BB_Lower,RSI_14,Volume_MA,Rolling_Volatility,OBV,ROC,Rolling_Std_10",MACD
RELIANCE,RELIANCE.NS,2022-10-11,2022,10,1,Sideways,1,0.5676,BUY,1,1,0.6802,BUY,1,10,"MACD,MACD_Hist,BB_Upper,BB_Lower,RSI_14,Volume_MA,Rolling_Volatility,OBV,ROC,Rolling_Std_10",MACD
RELIANCE,RELIANCE.NS,2022-10-12,2022,10,1,Sideways,-1,0.5399,NO TRADE,0,1,0.6401,BUY,1,10,"MACD,MACD_Hist,BB_Upper,BB_Lower,RSI_14,Volume_MA,Rolling_Volatility,OBV,ROC,Rolling_Std_10",MACD
RELIANCE,RELIANCE.NS,2022-10-13,2022,10,1,Bear,-1,0.5236,NO TRADE,0,-1,0.5492,NO TRADE,0,10,"MACD,MACD_Hist,BB_Upper,BB_Lower,RSI_14,Volume_MA,Rolling_Volatility,OBV,ROC,Rolling_Std_10",MACD
RELIANCE,RELIANCE.NS,2022-10-14,2022,10,1,Bear,-1,0.5451,NO TRADE,0,1,0.6768,BUY,1,10,"MACD,MACD_Hist,BB_Upper,BB_Lower,RSI_14,Volume_MA,Rolling_Volatility,OBV,ROC,Rolling_Std_10",MACD
RELIANCE,RELIANCE.NS,2022-10-17,2022,10,1,Bear,0,0.6108,SELL,0,-1,0.5339,NO TRADE,0,10,"MACD,MACD_Hist,BB_Upper,BB_Lower,RSI_14,Volume_MA,Rolling_Volatility,OBV,ROC,Rolling_Std_10",MACD
RELIANCE,RELIANCE.NS,2022-10-18,2022,10,1,Bear,0,0.8084,SELL,0,0,0.7671,SELL,0,10,"MACD,MACD_Hist,BB_Upper,BB_Lower,RSI_14,Volume_MA,Rolling_Volatility,OBV,ROC,Rolling_Std_10",MACD
RELIANCE,RELIANCE.NS,2022-10-19,2022,10,1,Bear,0,0.8649,SELL,0,0,0.8166,SELL,0,10,"MACD,MACD_Hist,BB_Upper,BB_Lower,RSI_14,Volume_MA,Rolling_Volatility,OBV,ROC,Rolling_Std_10",MACD
RELIANCE,RELIANCE.NS,2022-10-20,2022,10,1,Sideways,0,0.8584,SELL,0,0,0.8123,SELL,0,10,"MACD,MACD_Hist,BB_Upper,BB_Lower,RSI_14,Volume_MA,Rolling_Volatility,OBV,ROC,Rolling_Std_10",MACD
RELIANCE,RELIANCE.NS,2022-10-21,2022,10,1,Sideways,0,0.8735,SELL,0,0,0.8124,SELL,0,10,"MACD,MACD_Hist,BB_Upper,BB_Lower,RSI_14,Volume_MA,Rolling_Volatility,OBV,ROC,Rolling_Std_10",MACD
RELIANCE,RELIANCE.NS,2022-10-24,2022,10,1,Bear,0,0.8653,SELL,0,0,0.8162,SELL,0,10,"MACD,MACD_Hist,BB_Upper,BB_Lower,RSI_14,Volume_MA,Rolling_Volatility,OBV,ROC,Rolling_Std_10",MACD
RELIANCE,RELIANCE.NS,2022-10-25,2022,10,1,Bear,0,0.7509,SELL,0,0,0.6703,SELL,0,10,"MACD,MACD_Hist,BB_Upper,BB_Lower,RSI_14,Volume_MA,Rolling_Volatility,OBV,ROC,Rolling_Std_10",MACD
RELIANCE,RELIANCE.NS,2022-10-27,2022,10,1,Bear,0,0.7863,SELL,0,0,0.6789,SELL,0,10,"MACD,MACD_Hist,BB_Upper,BB_Lower,RSI_14,Volume_MA,Rolling_Volatility,OBV,ROC,Rolling_Std_10",MACD
RELIANCE,RELIANCE.NS,2022-10-28,2022,10,1,Bear,0,0.8025,SELL,0,0,0.7216,SELL,0,10,"MACD,MACD_Hist,BB_Upper,BB_Lower,RSI_14,Volume_MA,Rolling_Volatility,OBV,ROC,Rolling_Std_10",MACD
RELIANCE,RELIANCE.NS,2022-10-31,2022,10,1,Bear,0,0.8406,SELL,0,0,0.7881,SELL,0,10,"MACD,MACD_Hist,BB_Upper,BB_Lower,RSI_14,Volume_MA,Rolling_Volatility,OBV,ROC,Rolling_Std_10",MACD
RELIANCE,RELIANCE.NS,2022-11-01,2022,11,1,Bear,-1,0.5078,NO TRADE,0,-1,0.5327,NO TRADE,0,10,"MACD_Hist,ROC,Return_10d,BB_Upper,BB_Lower,MACD,OBV,Price_Change,RSI_14,Rolling_Volatility",MACD_Hist
RELIANCE,RELIANCE.NS,2022-11-02,2022,11,1,Bear,0,0.72,SELL,0,0,0.6731,SELL,0,10,"MACD_Hist,ROC,Return_10d,BB_Upper,BB_Lower,MACD,OBV,Price_Change,RSI_14,Rolling_Volatility",MACD_Hist
RELIANCE,RELIANCE.NS,2022-11-03,2022,11,1,Sideways,0,0.8,SELL,0,0,0.8471,SELL,0,10,"MACD_Hist,ROC,Return_10d,BB_Upper,BB_Lower,MACD,OBV,Price_Change,RSI_14,Rolling_Volatility",MACD_Hist
RELIANCE,RELIANCE.NS,2022-11-04,2022,11,1,Sideways,0,0.8797,SELL,0,0,0.8542,SELL,0,10,"MACD_Hist,ROC,Return_10d,BB_Upper,BB_Lower,MACD,OBV,Price_Change,RSI_14,Rolling_Volatility",MACD_Hist
RELIANCE,RELIANCE.NS,2022-11-07,2022,11,1,Sideways,0,0.8341,SELL,0,0,0.8148,SELL,0,10,"MACD_Hist,ROC,Return_10d,BB_Upper,BB_Lower,MACD,OBV,Price_Change,RSI_14,Rolling_Volatility",MACD_Hist
RELIANCE,RELIANCE.NS,2022-11-09,2022,11,1,Sideways,0,0.8698,SELL,0,0,0.7957,SELL,0,10,"MACD_Hist,ROC,Return_10d,BB_Upper,BB_Lower,MACD,OBV,Price_Change,RSI_14,Rolling_Volatility",MACD_Hist
RELIANCE,RELIANCE.NS,2022-11-10,2022,11,1,Sideways,0,0.9111,SELL,0,0,0.8682,SELL,0,10,"MACD_Hist,ROC,Return_10d,BB_Upper,BB_Lower,MACD,OBV,Price_Change,RSI_14,Rolling_Volatility",MACD_Hist
RELIANCE,RELIANCE.NS,2022-11-11,2022,11,0,Sideways,0,0.9296,SELL,1,0,0.8672,SELL,1,10,"MACD_Hist,ROC,Return_10d,BB_Upper,BB_Lower,MACD,OBV,Price_Change,RSI_14,Rolling_Volatility",MACD_Hist
RELIANCE,RELIANCE.NS,2022-11-14,2022,11,0,Sideways,0,0.9442,SELL,1,0,0.9322,SELL,1,10,"MACD_Hist,ROC,Return_10d,BB_Upper,BB_Lower,MACD,OBV,Price_Change,RSI_14,Rolling_Volatility",MACD_Hist
RELIANCE,RELIANCE.NS,2022-11-15,2022,11,1,Sideways,0,0.9451,SELL,0,0,0.9552,SELL,0,10,"MACD_Hist,ROC,Return_10d,BB_Upper,BB_Lower,MACD,OBV,Price_Change,RSI_14,Rolling_Volatility",MACD_Hist
RELIANCE,RELIANCE.NS,2022-11-16,2022,11,1,Sideways,0,0.9358,SELL,0,0,0.9574,SELL,0,10,"MACD_Hist,ROC,Return_10d,BB_Upper,BB_Lower,MACD,OBV,Price_Change,RSI_14,Rolling_Volatility",MACD_Hist
RELIANCE,RELIANCE.NS,2022-11-17,2022,11,0,Bull,0,0.9433,SELL,1,0,0.9611,SELL,1,10,"MACD_Hist,ROC,Return_10d,BB_Upper,BB_Lower,MACD,OBV,Price_Change,RSI_14,Rolling_Volatility",MACD_Hist
RELIANCE,RELIANCE.NS,2022-11-18,2022,11,0,Sideways,0,0.9397,SELL,1,0,0.9606,SELL,1,10,"MACD_Hist,ROC,Return_10d,BB_Upper,BB_Lower,MACD,OBV,Price_Change,RSI_14,Rolling_Volatility",MACD_Hist
RELIANCE,RELIANCE.NS,2022-11-21,2022,11,1,Sideways,0,0.9353,SELL,0,0,0.9541,SELL,0,10,"MACD_Hist,ROC,Return_10d,BB_Upper,BB_Lower,MACD,OBV,Price_Change,RSI_14,Rolling_Volatility",MACD_Hist
RELIANCE,RELIANCE.NS,2022-11-22,2022,11,1,Sideways,0,0.9424,SELL,0,0,0.9691,SELL,0,10,"MACD_Hist,ROC,Return_10d,BB_Upper,BB_Lower,MACD,OBV,Price_Change,RSI_14,Rolling_Volatility",MACD_Hist
RELIANCE,RELIANCE.NS,2022-11-23,2022,11,1,Sideways,0,0.9125,SELL,0,0,0.958,SELL,0,10,"MACD_Hist,ROC,Return_10d,BB_Upper,BB_Lower,MACD,OBV,Price_Change,RSI_14,Rolling_Volatility",MACD_Hist
RELIANCE,RELIANCE.NS,2022-11-24,2022,11,0,Sideways,0,0.9417,SELL,1,0,0.9661,SELL,1,10,"MACD_Hist,ROC,Return_10d,BB_Upper,BB_Lower,MACD,OBV,Price_Change,RSI_14,Rolling_Volatility",MACD_Hist
RELIANCE,RELIANCE.NS,2022-11-25,2022,11,0,Sideways,0,0.9575,SELL,1,0,0.9648,SELL,1,10,"MACD_Hist,ROC,Return_10d,BB_Upper,BB_Lower,MACD,OBV,Price_Change,RSI_14,Rolling_Volatility",MACD_Hist
RELIANCE,RELIANCE.NS,2022-11-28,2022,11,0,Sideways,0,0.9427,SELL,1,0,0.9386,SELL,1,10,"MACD_Hist,ROC,Return_10d,BB_Upper,BB_Lower,MACD,OBV,Price_Change,RSI_14,Rolling_Volatility",MACD_Hist
RELIANCE,RELIANCE.NS,2022-11-29,2022,11,0,Bull,0,0.9427,SELL,1,0,0.9415,SELL,1,10,"MACD_Hist,ROC,Return_10d,BB_Upper,BB_Lower,MACD,OBV,Price_Change,RSI_14,Rolling_Volatility",MACD_Hist
RELIANCE,RELIANCE.NS,2022-11-30,2022,11,0,Bull,0,0.9452,SELL,1,0,0.9294,SELL,1,10,"MACD_Hist,ROC,Return_10d,BB_Upper,BB_Lower,MACD,OBV,Price_Change,RSI_14,Rolling_Volatility",MACD_Hist
RELIANCE,RELIANCE.NS,2022-12-01,2022,12,0,Bull,0,0.9257,SELL,1,0,0.9149,SELL,1,10,"MACD_Hist,ROC,Return_10d,BB_Upper,BB_Lower,MACD,OBV,Price_Change,RSI_14,Rolling_Volatility",MACD_Hist
RELIANCE,RELIANCE.NS,2022-12-02,2022,12,0,Bull,0,0.9308,SELL,1,0,0.929,SELL,1,10,"MACD_Hist,ROC,Return_10d,BB_Upper,BB_Lower,MACD,OBV,Price_Change,RSI_14,Rolling_Volatility",MACD_Hist
RELIANCE,RELIANCE.NS,2022-12-05,2022,12,0,Bull,0,0.9437,SELL,1,0,0.9401,SELL,1,10,"MACD_Hist,ROC,Return_10d,BB_Upper,BB_Lower,MACD,OBV,Price_Change,RSI_14,Rolling_Volatility",MACD_Hist
RELIANCE,RELIANCE.NS,2022-12-06,2022,12,0,Bull,0,0.9408,SELL,1,0,0.9563,SELL,1,10,"MACD_Hist,ROC,Return_10d,BB_Upper,BB_Lower,MACD,OBV,Price_Change,RSI_14,Rolling_Volatility",MACD_Hist
RELIANCE,RELIANCE.NS,2022-12-07,2022,12,0,Bull,0,0.9444,SELL,1,0,0.9452,SELL,1,10,"MACD_Hist,ROC,Return_10d,BB_Upper,BB_Lower,MACD,OBV,Price_Change,RSI_14,Rolling_Volatility",MACD_Hist
RELIANCE,RELIANCE.NS,2022-12-08,2022,12,0,Bull,0,0.9497,SELL,1,0,0.9653,SELL,1,10,"MACD_Hist,ROC,Return_10d,BB_Upper,BB_Lower,MACD,OBV,Price_Change,RSI_14,Rolling_Volatility",MACD_Hist
RELIANCE,RELIANCE.NS,2022-12-09,2022,12,0,Bull,0,0.9416,SELL,1,0,0.9459,SELL,1,10,"MACD_Hist,ROC,Return_10d,BB_Upper,BB_Lower,MACD,OBV,Price_Change,RSI_14,Rolling_Volatility",MACD_Hist
RELIANCE,RELIANCE.NS,2022-12-12,2022,12,0,Bull,0,0.9448,SELL,1,0,0.958,SELL,1,10,"MACD_Hist,ROC,Return_10d,BB_Upper,BB_Lower,MACD,OBV,Price_Change,RSI_14,Rolling_Volatility",MACD_Hist
RELIANCE,RELIANCE.NS,2022-12-13,2022,12,0,Bull,0,0.9418,SELL,1,0,0.9566,SELL,1,10,"MACD_Hist,ROC,Return_10d,BB_Upper,BB_Lower,MACD,OBV,Price_Change,RSI_14,Rolling_Volatility",MACD_Hist
RELIANCE,RELIANCE.NS,2022-12-14,2022,12,0,Bull,0,0.9313,SELL,1,0,0.9439,SELL,1,10,"MACD_Hist,ROC,Return_10d,BB_Upper,BB_Lower,MACD,OBV,Price_Change,RSI_14,Rolling_Volatility",MACD_Hist
RELIANCE,RELIANCE.NS,2022-12-15,2022,12,0,Bull,0,0.9029,SELL,1,0,0.9151,SELL,1,10,"MACD_Hist,ROC,Return_10d,BB_Upper,BB_Lower,MACD,OBV,Price_Change,RSI_14,Rolling_Volatility",MACD_Hist
RELIANCE,RELIANCE.NS,2022-12-16,2022,12,0,Bull,0,0.8494,SELL,1,0,0.9042,SELL,1,10,"MACD_Hist,ROC,Return_10d,BB_Upper,BB_Lower,MACD,OBV,Price_Change,RSI_14,Rolling_Volatility",MACD_Hist
RELIANCE,RELIANCE.NS,2022-12-19,2022,12,0,Bull,0,0.9108,SELL,1,0,0.9549,SELL,1,10,"MACD_Hist,ROC,Return_10d,BB_Upper,BB_Lower,MACD,OBV,Price_Change,RSI_14,Rolling_Volatility",MACD_Hist
RELIANCE,RELIANCE.NS,2022-12-20,2022,12,0,Bull,0,0.9399,SELL,1,0,0.9632,SELL,1,10,"MACD_Hist,ROC,Return_10d,BB_Upper,BB_Lower,MACD,OBV,Price_Change,RSI_14,Rolling_Volatility",MACD_Hist
RELIANCE,RELIANCE.NS,2022-12-21,2022,12,0,Bull,0,0.9531,SELL,1,0,0.9251,SELL,1,10,"MACD_Hist,ROC,Return_10d,BB_Upper,BB_Lower,MACD,OBV,Price_Change,RSI_14,Rolling_Volatility",MACD_Hist
RELIANCE,RELIANCE.NS,2022-12-22,2022,12,0,Bull,0,0.9506,SELL,1,0,0.9335,SELL,1,10,"MACD_Hist,ROC,Return_10d,BB_Upper,BB_Lower,MACD,OBV,Price_Change,RSI_14,Rolling_Volatility",MACD_Hist
RELIANCE,RELIANCE.NS,2022-12-23,2022,12,0,Bull,0,0.9082,SELL,1,0,0.8201,SELL,1,10,"MACD_Hist,ROC,Return_10d,BB_Upper,BB_Lower,MACD,OBV,Price_Change,RSI_14,Rolling_Volatility",MACD_Hist
RELIANCE,RELIANCE.NS,2022-12-26,2022,12,0,Bull,0,0.8441,SELL,1,0,0.6319,SELL,1,10,"MACD_Hist,ROC,Return_10d,BB_Upper,BB_Lower,MACD,OBV,Price_Change,RSI_14,Rolling_Volatility",MACD_Hist
RELIANCE,RELIANCE.NS,2022-12-27,2022,12,0,Bull,0,0.8216,SELL,1,0,0.6301,SELL,1,10,"MACD_Hist,ROC,Return_10d,BB_Upper,BB_Lower,MACD,OBV,Price_Change,RSI_14,Rolling_Volatility",MACD_Hist
RELIANCE,RELIANCE.NS,2022-12-28,2022,12,0,Bull,0,0.716,SELL,1,0,0.5848,SELL,1,10,"MACD_Hist,ROC,Return_10d,BB_Upper,BB_Lower,MACD,OBV,Price_Change,RSI_14,Rolling_Volatility",MACD_Hist
RELIANCE,RELIANCE.NS,2022-12-29,2022,12,0,Bull,0,0.7514,SELL,1,0,0.5943,SELL,1,10,"MACD_Hist,ROC,Return_10d,BB_Upper,BB_Lower,MACD,OBV,Price_Change,RSI_14,Rolling_Volatility",MACD_Hist
RELIANCE,RELIANCE.NS,2022-12-30,2022,12,0,Bull,0,0.7607,SELL,1,0,0.6305,SELL,1,10,"MACD_Hist,ROC,Return_10d,BB_Upper,BB_Lower,MACD,OBV,Price_Change,RSI_14,Rolling_Volatility",MACD_Hist
RELIANCE,RELIANCE.NS,2023-01-02,2023,1,0,Sideways,0,0.8796,SELL,1,0,0.7797,SELL,1,10,"MACD_Hist,ROC,Return_10d,BB_Upper,BB_Lower,MACD,OBV,Price_Change,RSI_14,Rolling_Volatility",MACD_Hist
RELIANCE,RELIANCE.NS,2023-01-03,2023,1,0,Bull,0,0.8133,SELL,1,0,0.6111,SELL,1,10,"MACD_Hist,ROC,Return_10d,BB_Upper,BB_Lower,MACD,OBV,Price_Change,RSI_14,Rolling_Volatility",MACD_Hist
RELIANCE,RELIANCE.NS,2023-01-04,2023,1,0,Bull,0,0.5972,SELL,1,1,0.634,BUY,0,10,"MACD_Hist,ROC,Return_10d,BB_Upper,BB_Lower,MACD,OBV,Price_Change,RSI_14,Rolling_Volatility",MACD_Hist
RELIANCE,RELIANCE.NS,2023-01-05,2023,1,0,Sideways,0,0.5995,SELL,1,1,0.6279,BUY,0,10,"MACD_Hist,ROC,Return_10d,BB_Upper,BB_Lower,MACD,OBV,Price_Change,RSI_14,Rolling_Volatility",MACD_Hist
RELIANCE,RELIANCE.NS,2023-01-06,2023,1,0,Bull,0,0.7911,SELL,1,0,0.6451,SELL,1,10,"MACD_Hist,ROC,Return_10d,BB_Upper,BB_Lower,MACD,OBV,Price_Change,RSI_14,Rolling_Volatility",MACD_Hist
RELIANCE,RELIANCE.NS,2023-01-09,2023,1,0,Bull,0,0.8504,SELL,1,0,0.8707,SELL,1,10,"MACD_Hist,ROC,Return_10d,BB_Upper,BB_Lower,MACD,OBV,Price_Change,RSI_14,Rolling_Volatility",MACD_Hist
RELIANCE,RELIANCE.NS,2023-01-10,2023,1,0,Bull,0,0.8861,SELL,1,0,0.8488,SELL,1,10,"MACD_Hist,ROC,Return_10d,BB_Upper,BB_Lower,MACD,OBV,Price_Change,RSI_14,Rolling_Volatility",MACD_Hist
RELIANCE,RELIANCE.NS,2023-01-11,2023,1,0,Sideways,0,0.841,SELL,1,0,0.7923,SELL,1,10,"MACD_Hist,ROC,Return_10d,BB_Upper,BB_Lower,MACD,OBV,Price_Change,RSI_14,Rolling_Volatility",MACD_Hist
RELIANCE,RELIANCE.NS,2023-01-12,2023,1,0,Sideways,-1,0.5023,NO TRADE,0,-1,0.5285,NO TRADE,0,10,"MACD_Hist,ROC,Return_10d,BB_Upper,BB_Lower,MACD,OBV,Price_Change,RSI_14,Rolling_Volatility",MACD_Hist
RELIANCE,RELIANCE.NS,2023-01-13,2023,1,0,Bear,1,0.5856,BUY,0,-1,0.521,NO TRADE,0,10,"MACD_Hist,ROC,Return_10d,BB_Upper,BB_Lower,MACD,OBV,Price_Change,RSI_14,Rolling_Volatility",MACD_Hist
RELIANCE,RELIANCE.NS,2023-01-16,2023,1,0,Bear,-1,0.5481,NO TRADE,0,1,0.5975,BUY,0,10,"MACD_Hist,ROC,Return_10d,BB_Upper,BB_Lower,MACD,OBV,Price_Change,RSI_14,Rolling_Volatility",MACD_Hist
RELIANCE,RELIANCE.NS,2023-01-17,2023,1,0,Bear,-1,0.5359,NO TRADE,0,0,0.5528,SELL,1,10,"MACD_Hist,ROC,Return_10d,BB_Upper,BB_Lower,MACD,OBV,Price_Change,RSI_14,Rolling_Volatility",MACD_Hist
RELIANCE,RELIANCE.NS,2023-01-18,2023,1,0,Bear,1,0.6908,BUY,0,1,0.6498,BUY,0,10,"MACD_Hist,ROC,Return_10d,BB_Upper,BB_Lower,MACD,OBV,Price_Change,RSI_14,Rolling_Volatility",MACD_Hist
RELIANCE,RELIANCE.NS,2023-01-19,2023,1,0,Bear,1,0.6426,BUY,0,1,0.6682,BUY,0,10,"MACD_Hist,ROC,Return_10d,BB_Upper,BB_Lower,MACD,OBV,Price_Change,RSI_14,Rolling_Volatility",MACD_Hist
RELIANCE,RELIANCE.NS,2023-01-20,2023,1,0,Bear,1,0.7104,BUY,0,1,0.7246,BUY,0,10,"MACD_Hist,ROC,Return_10d,BB_Upper,BB_Lower,MACD,OBV,Price_Change,RSI_14,Rolling_Volatility",MACD_Hist
RELIANCE,RELIANCE.NS,2023-01-23,2023,1,1,Bear,1,0.7666,BUY,1,1,0.6641,BUY,1,10,"MACD_Hist,ROC,Return_10d,BB_Upper,BB_Lower,MACD,OBV,Price_Change,RSI_14,Rolling_Volatility",MACD_Hist
RELIANCE,RELIANCE.NS,2023-01-24,2023,1,0,Bear,1,0.7944,BUY,0,1,0.7896,BUY,0,10,"MACD_Hist,ROC,Return_10d,BB_Upper,BB_Lower,MACD,OBV,Price_Change,RSI_14,Rolling_Volatility",MACD_Hist
RELIANCE,RELIANCE.NS,2023-01-25,2023,1,0,Bear,1,0.6737,BUY,0,1,0.6361,BUY,0,10,"BB_Upper,ROC,BB_Lower,Return_10d,MACD,MACD_Signal,MACD_Hist,RSI_14,Return_5d,Volume_MA",BB_Upper
RELIANCE,RELIANCE.NS,2023-01-27,2023,1,1,Bear,1,0.7688,BUY,1,1,0.6308,BUY,1,10,"BB_Upper,ROC,BB_Lower,Return_10d,MACD,MACD_Signal,MACD_Hist,RSI_14,Return_5d,Volume_MA",BB_Upper
RELIANCE,RELIANCE.NS,2023-01-30,2023,1,1,Bear,1,0.7271,BUY,1,1,0.7198,BUY,1,10,"BB_Upper,ROC,BB_Lower,Return_10d,MACD,MACD_Signal,MACD_Hist,RSI_14,Return_5d,Volume_MA",BB_Upper
RELIANCE,RELIANCE.NS,2023-01-31,2023,1,0,Bear,1,0.7834,BUY,0,1,0.7691,BUY,0,10,"BB_Upper,ROC,BB_Lower,Return_10d,MACD,MACD_Signal,MACD_Hist,RSI_14,Return_5d,Volume_MA",BB_Upper
RELIANCE,RELIANCE.NS,2023-02-01,2023,2,1,Bear,1,0.8127,BUY,1,1,0.7836,BUY,1,10,"BB_Upper,ROC,BB_Lower,Return_10d,MACD,MACD_Signal,MACD_Hist,RSI_14,Return_5d,Volume_MA",BB_Upper
RELIANCE,RELIANCE.NS,2023-02-02,2023,2,0,Bear,1,0.8079,BUY,0,1,0.7941,BUY,0,10,"BB_Upper,ROC,BB_Lower,Return_10d,MACD,MACD_Signal,MACD_Hist,RSI_14,Return_5d,Volume_MA",BB_Upper
RELIANCE,RELIANCE.NS,2023-02-03,2023,2,1,Bear,1,0.7877,BUY,1,1,0.8154,BUY,1,10,"BB_Upper,ROC,BB_Lower,Return_10d,MACD,MACD_Signal,MACD_Hist,RSI_14,Return_5d,Volume_MA",BB_Upper
RELIANCE,RELIANCE.NS,2023-02-06,2023,2,1,Bear,1,0.7769,BUY,1,1,0.853,BUY,1,10,"BB_Upper,ROC,BB_Lower,Return_10d,MACD,MACD_Signal,MACD_Hist,RSI_14,Return_5d,Volume_MA",BB_Upper
RELIANCE,RELIANCE.NS,2023-02-07,2023,2,1,Bear,1,0.7946,BUY,1,1,0.8706,BUY,1,10,"BB_Upper,ROC,BB_Lower,Return_10d,MACD,MACD_Signal,MACD_Hist,RSI_14,Return_5d,Volume_MA",BB_Upper
RELIANCE,RELIANCE.NS,2023-02-08,2023,2,1,Bear,1,0.7618,BUY,1,1,0.9167,BUY,1,10,"BB_Upper,ROC,BB_Lower,Return_10d,MACD,MACD_Signal,MACD_Hist,RSI_14,Return_5d,Volume_MA",BB_Upper
RELIANCE,RELIANCE.NS,2023-02-09,2023,2,0,Bear,1,0.8616,BUY,0,1,0.9325,BUY,0,10,"BB_Upper,ROC,BB_Lower,Return_10d,MACD,MACD_Signal,MACD_Hist,RSI_14,Return_5d,Volume_MA",BB_Upper
RELIANCE,RELIANCE.NS,2023-02-10,2023,2,0,Bear,1,0.8938,BUY,0,1,0.9364,BUY,0,10,"BB_Upper,ROC,BB_Lower,Return_10d,MACD,MACD_Signal,MACD_Hist,RSI_14,Return_5d,Volume_MA",BB_Upper
RELIANCE,RELIANCE.NS,2023-02-13,2023,2,0,Bear,1,0.9065,BUY,0,1,0.9153,BUY,0,10,"BB_Upper,ROC,BB_Lower,Return_10d,MACD,MACD_Signal,MACD_Hist,RSI_14,Return_5d,Volume_MA",BB_Upper
RELIANCE,RELIANCE.NS,2023-02-14,2023,2,0,Bear,1,0.891,BUY,0,1,0.872,BUY,0,10,"BB_Upper,ROC,BB_Lower,Return_10d,MACD,MACD_Signal,MACD_Hist,RSI_14,Return_5d,Volume_MA",BB_Upper
RELIANCE,RELIANCE.NS,2023-02-15,2023,2,0,Bear,1,0.8562,BUY,0,1,0.8293,BUY,0,10,"BB_Upper,ROC,BB_Lower,Return_10d,MACD,MACD_Signal,MACD_Hist,RSI_14,Return_5d,Volume_MA",BB_Upper
RELIANCE,RELIANCE.NS,2023-02-16,2023,2,0,Bear,1,0.8493,BUY,0,1,0.7938,BUY,0,10,"BB_Upper,ROC,BB_Lower,Return_10d,MACD,MACD_Signal,MACD_Hist,RSI_14,Return_5d,Volume_MA",BB_Upper
RELIANCE,RELIANCE.NS,2023-02-17,2023,2,0,Bear,1,0.8415,BUY,0,1,0.7576,BUY,0,10,"BB_Upper,ROC,BB_Lower,Return_10d,MACD,MACD_Signal,MACD_Hist,RSI_14,Return_5d,Volume_MA",BB_Upper
RELIANCE,RELIANCE.NS,2023-02-20,2023,2,0,Bear,1,0.8457,BUY,0,1,0.7357,BUY,0,10,"BB_Upper,ROC,BB_Lower,Return_10d,MACD,MACD_Signal,MACD_Hist,RSI_14,Return_5d,Volume_MA",BB_Upper
RELIANCE,RELIANCE.NS,2023-02-21,2023,2,0,Bear,1,0.7869,BUY,0,1,0.6775,BUY,0,10,"BB_Upper,ROC,BB_Lower,Return_10d,MACD,MACD_Signal,MACD_Hist,RSI_14,Return_5d,Volume_MA",BB_Upper
RELIANCE,RELIANCE.NS,2023-02-22,2023,2,0,Bear,1,0.784,BUY,0,1,0.7652,BUY,0,10,"BB_Upper,ROC,BB_Lower,Return_10d,MACD,MACD_Signal,MACD_Hist,RSI_14,Return_5d,Volume_MA",BB_Upper
RELIANCE,RELIANCE.NS,2023-02-23,2023,2,0,Bear,1,0.8447,BUY,0,1,0.7968,BUY,0,10,"BB_Upper,ROC,BB_Lower,Return_10d,MACD,MACD_Signal,MACD_Hist,RSI_14,Return_5d,Volume_MA",BB_Upper
RELIANCE,RELIANCE.NS,2023-02-24,2023,2,0,Bear,1,0.8108,BUY,0,1,0.7307,BUY,0,10,"BB_Upper,ROC,BB_Lower,Return_10d,MACD,MACD_Signal,MACD_Hist,RSI_14,Return_5d,Volume_MA",BB_Upper
RELIANCE,RELIANCE.NS,2023-02-27,2023,2,0,Bear,1,0.8491,BUY,0,1,0.7422,BUY,0,10,"BB_Upper,ROC,BB_Lower,Return_10d,MACD,MACD_Signal,MACD_Hist,RSI_14,Return_5d,Volume_MA",BB_Upper
RELIANCE,RELIANCE.NS,2023-02-28,2023,2,0,Bear,1,0.8224,BUY,0,1,0.8411,BUY,0,10,"BB_Upper,ROC,BB_Lower,Return_10d,MACD,MACD_Signal,MACD_Hist,RSI_14,Return_5d,Volume_MA",BB_Upper
RELIANCE,RELIANCE.NS,2023-03-01,2023,3,0,Bear,1,0.8119,BUY,0,1,0.7993,BUY,0,10,"BB_Upper,ROC,BB_Lower,Return_10d,MACD,MACD_Signal,MACD_Hist,RSI_14,Return_5d,Volume_MA",BB_Upper
RELIANCE,RELIANCE.NS,2023-03-02,2023,3,1,Bear,1,0.8519,BUY,1,1,0.8214,BUY,1,10,"BB_Upper,ROC,BB_Lower,Return_10d,MACD,MACD_Signal,MACD_Hist,RSI_14,Return_5d,Volume_MA",BB_Upper
RELIANCE,RELIANCE.NS,2023-03-03,2023,3,0,Bear,1,0.6494,BUY,0,-1,0.5256,NO TRADE,0,10,"BB_Upper,ROC,BB_Lower,Return_10d,MACD,MACD_Signal,MACD_Hist,RSI_14,Return_5d,Volume_MA",BB_Upper
RELIANCE,RELIANCE.NS,2023-03-06,2023,3,0,Bear,1,0.5765,BUY,0,-1,0.5053,NO TRADE,0,10,"BB_Upper,ROC,BB_Lower,Return_10d,MACD,MACD_Signal,MACD_Hist,RSI_14,Return_5d,Volume_MA",BB_Upper
RELIANCE,RELIANCE.NS,2023-03-08,2023,3,0,Bear,1,0.6094,BUY,0,-1,0.5205,NO TRADE,0,10,"BB_Upper,ROC,BB_Lower,Return_10d,MACD,MACD_Signal,MACD_Hist,RSI_14,Return_5d,Volume_MA",BB_Upper
RELIANCE,RELIANCE.NS,2023-03-09,2023,3,0,Bear,1,0.6512,BUY,0,1,0.6087,BUY,0,10,"BB_Upper,ROC,BB_Lower,Return_10d,MACD,MACD_Signal,MACD_Hist,RSI_14,Return_5d,Volume_MA",BB_Upper
RELIANCE,RELIANCE.NS,2023-03-10,2023,3,1,Bear,1,0.5956,BUY,1,1,0.6949,BUY,1,10,"BB_Upper,ROC,BB_Lower,Return_10d,MACD,MACD_Signal,MACD_Hist,RSI_14,Return_5d,Volume_MA",BB_Upper
RELIANCE,RELIANCE.NS,2023-03-13,2023,3,1,Bear,-1,0.5441,NO TRADE,0,1,0.6239,BUY,1,10,"BB_Upper,ROC,BB_Lower,Return_10d,MACD,MACD_Signal,MACD_Hist,RSI_14,Return_5d,Volume_MA",BB_Upper
RELIANCE,RELIANCE.NS,2023-03-14,2023,3,1,Bear,-1,0.5307,NO TRADE,0,1,0.6723,BUY,1,10,"BB_Upper,ROC,BB_Lower,Return_10d,MACD,MACD_Signal,MACD_Hist,RSI_14,Return_5d,Volume_MA",BB_Upper
RELIANCE,RELIANCE.NS,2023-03-15,2023,3,1,Bear,1,0.612,BUY,1,1,0.8127,BUY,1,10,"BB_Upper,ROC,BB_Lower,Return_10d,MACD,MACD_Signal,MACD_Hist,RSI_14,Return_5d,Volume_MA",BB_Upper
RELIANCE,RELIANCE.NS,2023-03-16,2023,3,1,Bear,1,0.5858,BUY,1,1,0.7781,BUY,1,10,"BB_Upper,ROC,BB_Lower,Return_10d,MACD,MACD_Signal,MACD_Hist,RSI_14,Return_5d,Volume_MA",BB_Upper
RELIANCE,RELIANCE.NS,2023-03-17,2023,3,1,Bear,1,0.5572,BUY,1,1,0.8207,BUY,1,10,"BB_Upper,ROC,BB_Lower,Return_10d,MACD,MACD_Signal,MACD_Hist,RSI_14,Return_5d,Volume_MA",BB_Upper
RELIANCE,RELIANCE.NS,2023-03-20,2023,3,1,Bear,1,0.6975,BUY,1,1,0.8083,BUY,1,10,"BB_Upper,ROC,BB_Lower,Return_10d,MACD,MACD_Signal,MACD_Hist,RSI_14,Return_5d,Volume_MA",BB_Upper
RELIANCE,RELIANCE.NS,2023-03-21,2023,3,1,Bear,1,0.6705,BUY,1,1,0.8577,BUY,1,10,"BB_Upper,ROC,BB_Lower,Return_10d,MACD,MACD_Signal,MACD_Hist,RSI_14,Return_5d,Volume_MA",BB_Upper
RELIANCE,RELIANCE.NS,2023-03-22,2023,3,1,Bear,1,0.7303,BUY,1,1,0.8853,BUY,1,10,"BB_Upper,ROC,BB_Lower,Return_10d,MACD,MACD_Signal,MACD_Hist,RSI_14,Return_5d,Volume_MA",BB_Upper
RELIANCE,RELIANCE.NS,2023-03-23,2023,3,1,Bear,1,0.823,BUY,1,1,0.91,BUY,1,10,"BB_Upper,ROC,BB_Lower,Return_10d,MACD,MACD_Signal,MACD_Hist,RSI_14,Return_5d,Volume_MA",BB_Upper
RELIANCE,RELIANCE.NS,2023-03-24,2023,3,1,Bear,1,0.6144,BUY,1,1,0.9045,BUY,1,10,"BB_Upper,ROC,BB_Lower,Return_10d,MACD,MACD_Signal,MACD_Hist,RSI_14,Return_5d,Volume_MA",BB_Upper
RELIANCE,RELIANCE.NS,2023-03-27,2023,3,1,Bear,1,0.6112,BUY,1,1,0.9264,BUY,1,10,"BB_Upper,ROC,BB_Lower,Return_10d,MACD,MACD_Signal,MACD_Hist,RSI_14,Return_5d,Volume_MA",BB_Upper
RELIANCE,RELIANCE.NS,2023-03-28,2023,3,1,Bear,1,0.8015,BUY,1,1,0.9421,BUY,1,10,"BB_Upper,ROC,BB_Lower,Return_10d,MACD,MACD_Signal,MACD_Hist,RSI_14,Return_5d,Volume_MA",BB_Upper
RELIANCE,RELIANCE.NS,2023-03-29,2023,3,1,Bear,1,0.8452,BUY,1,1,0.9545,BUY,1,10,"BB_Upper,ROC,BB_Lower,Return_10d,MACD,MACD_Signal,MACD_Hist,RSI_14,Return_5d,Volume_MA",BB_Upper
RELIANCE,RELIANCE.NS,2023-03-31,2023,3,1,Bear,1,0.6422,BUY,1,1,0.8725,BUY,1,10,"BB_Upper,ROC,BB_Lower,Return_10d,MACD,MACD_Signal,MACD_Hist,RSI_14,Return_5d,Volume_MA",BB_Upper
RELIANCE,RELIANCE.NS,2023-04-03,2023,4,1,Bear,1,0.6019,BUY,1,1,0.8284,BUY,1,10,"BB_Upper,ROC,BB_Lower,Return_10d,MACD,MACD_Signal,MACD_Hist,RSI_14,Return_5d,Volume_MA",BB_Upper
RELIANCE,RELIANCE.NS,2023-04-05,2023,4,1,Bear,-1,0.5404,NO TRADE,0,1,0.798,BUY,1,10,"BB_Upper,ROC,BB_Lower,Return_10d,MACD,MACD_Signal,MACD_Hist,RSI_14,Return_5d,Volume_MA",BB_Upper
RELIANCE,RELIANCE.NS,2023-04-06,2023,4,1,Bear,-1,0.5319,NO TRADE,0,1,0.7819,BUY,1,10,"BB_Upper,ROC,BB_Lower,Return_10d,MACD,MACD_Signal,MACD_Hist,RSI_14,Return_5d,Volume_MA",BB_Upper
RELIANCE,RELIANCE.NS,2023-04-10,2023,4,1,Bear,-1,0.5425,NO TRADE,0,1,0.769,BUY,1,10,"BB_Upper,ROC,BB_Lower,Return_10d,MACD,MACD_Signal,MACD_Hist,RSI_14,Return_5d,Volume_MA",BB_Upper
RELIANCE,RELIANCE.NS,2023-04-11,2023,4,1,Bear,1,0.5658,BUY,1,1,0.7721,BUY,1,10,"BB_Upper,ROC,BB_Lower,Return_10d,MACD,MACD_Signal,MACD_Hist,RSI_14,Return_5d,Volume_MA",BB_Upper
RELIANCE,RELIANCE.NS,2023-04-12,2023,4,1,Bear,-1,0.5485,NO TRADE,0,1,0.7409,BUY,1,10,"BB_Upper,ROC,BB_Lower,Return_10d,MACD,MACD_Signal,MACD_Hist,RSI_14,Return_5d,Volume_MA",BB_Upper
RELIANCE,RELIANCE.NS,2023-04-13,2023,4,1,Sideways,-1,0.5455,NO TRADE,0,1,0.7719,BUY,1,10,"BB_Upper,ROC,BB_Lower,Return_10d,MACD,MACD_Signal,MACD_Hist,RSI_14,Return_5d,Volume_MA",BB_Upper
RELIANCE,RELIANCE.NS,2023-04-17,2023,4,1,Sideways,1,0.5885,BUY,1,1,0.7824,BUY,1,10,"BB_Upper,ROC,BB_Lower,Return_10d,MACD,MACD_Signal,MACD_Hist,RSI_14,Return_5d,Volume_MA",BB_Upper
RELIANCE,RELIANCE.NS,2023-04-18,2023,4,1,Sideways,1,0.6067,BUY,1,1,0.7856,BUY,1,10,"BB_Upper,ROC,BB_Lower,Return_10d,MACD,MACD_Signal,MACD_Hist,RSI_14,Return_5d,Volume_MA",BB_Upper
RELIANCE,RELIANCE.NS,2023-04-19,2023,4,1,Sideways,1,0.6193,BUY,1,1,0.8205,BUY,1,10,"BB_Upper,ROC,BB_Lower,Return_10d,MACD,MACD_Signal,MACD_Hist,RSI_14,Return_5d,Volume_MA",BB_Upper
RELIANCE,RELIANCE.NS,2023-04-20,2023,4,1,Sideways,1,0.5995,BUY,1,1,0.8115,BUY,1,10,"BB_Upper,ROC,BB_Lower,Return_10d,MACD,MACD_Signal,MACD_Hist,RSI_14,Return_5d,Volume_MA",BB_Upper
RELIANCE,RELIANCE.NS,2023-04-21,2023,4,1,Sideways,1,0.5605,BUY,1,1,0.7608,BUY,1,10,"BB_Upper,ROC,BB_Lower,Return_10d,MACD,MACD_Signal,MACD_Hist,RSI_14,Return_5d,Volume_MA",BB_Upper
RELIANCE,RELIANCE.NS,2023-04-24,2023,4,1,Sideways,1,0.6578,BUY,1,1,0.7066,BUY,1,10,"BB_Upper,ROC,BB_Lower,Return_10d,MACD,MACD_Signal,MACD_Hist,RSI_14,Return_5d,Volume_MA",BB_Upper
RELIANCE,RELIANCE.NS,2023-04-25,2023,4,1,Sideways,1,0.5588,BUY,1,1,0.6008,BUY,1,10,"BB_Upper,ROC,BB_Lower,Return_10d,MACD,MACD_Signal,MACD_Hist,RSI_14,Return_5d,Volume_MA",BB_Upper
RELIANCE,RELIANCE.NS,2023-04-26,2023,4,1,Bull,1,0.6675,BUY,1,1,0.6095,BUY,1,10,"BB_Upper,ROC,BB_Lower,Return_10d,MACD,MACD_Signal,MACD_Hist,RSI_14,Return_5d,Volume_MA",BB_Upper
RELIANCE,RELIANCE.NS,2023-04-27,2023,4,1,Sideways,1,0.6987,BUY,1,1,0.7542,BUY,1,10,"BB_Upper,BB_Lower,ROC,RSI_14,BB_Width,MACD_Signal,ATR_14,MACD,Return_10d,Rolling_Median_Return",BB_Upper
RELIANCE,RELIANCE.NS,2023-04-28,2023,4,1,Sideways,1,0.581,BUY,1,-1,0.5205,NO TRADE,0,10,"BB_Upper,BB_Lower,ROC,RSI_14,BB_Width,MACD_Signal,ATR_14,MACD,Return_10d,Rolling_Median_Return",BB_Upper
RELIANCE,RELIANCE.NS,2023-05-02,2023,5,1,Bull,1,0.5933,BUY,1,1,0.56,BUY,1,10,"BB_Upper,BB_Lower,ROC,RSI_14,BB_Width,MACD_Signal,ATR_14,MACD,Return_10d,Rolling_Median_Return",BB_Upper
RELIANCE,RELIANCE.NS,2023-05-03,2023,5,1,Bull,1,0.6119,BUY,1,-1,0.5097,NO TRADE,0,10,"BB_Upper,BB_Lower,ROC,RSI_14,BB_Width,MACD_Signal,ATR_14,MACD,Return_10d,Rolling_Median_Return",BB_Upper
RELIANCE,RELIANCE.NS,2023-05-04,2023,5,1,Sideways,1,0.585,BUY,1,-1,0.5399,NO TRADE,0,10,"BB_Upper,BB_Lower,ROC,RSI_14,BB_Width,MACD_Signal,ATR_14,MACD,Return_10d,Rolling_Median_Return",BB_Upper
RELIANCE,RELIANCE.NS,2023-05-05,2023,5,1,Sideways,1,0.6568,BUY,1,-1,0.5062,NO TRADE,0,10,"BB_Upper,BB_Lower,ROC,RSI_14,BB_Width,MACD_Signal,ATR_14,MACD,Return_10d,Rolling_Median_Return",BB_Upper
RELIANCE,RELIANCE.NS,2023-05-08,2023,5,1,Sideways,1,0.6491,BUY,1,-1,0.5347,NO TRADE,0,10,"BB_Upper,BB_Lower,ROC,RSI_14,BB_Width,MACD_Signal,ATR_14,MACD,Return_10d,Rolling_Median_Return",BB_Upper
RELIANCE,RELIANCE.NS,2023-05-09,2023,5,0,Sideways,1,0.7348,BUY,0,1,0.557,BUY,0,10,"BB_Upper,BB_Lower,ROC,RSI_14,BB_Width,MACD_Signal,ATR_14,MACD,Return_10d,Rolling_Median_Return",BB_Upper
RELIANCE,RELIANCE.NS,2023-05-10,2023,5,1,Bull,1,0.6958,BUY,1,1,0.5541,BUY,1,10,"BB_Upper,BB_Lower,ROC,RSI_14,BB_Width,MACD_Signal,ATR_14,MACD,Return_10d,Rolling_Median_Return",BB_Upper
RELIANCE,RELIANCE.NS,2023-05-11,2023,5,1,Bull,1,0.6907,BUY,1,1,0.5547,BUY,1,10,"BB_Upper,BB_Lower,ROC,RSI_14,BB_Width,MACD_Signal,ATR_14,MACD,Return_10d,Rolling_Median_Return",BB_Upper
RELIANCE,RELIANCE.NS,2023-05-12,2023,5,0,Bull,1,0.6506,BUY,0,-1,0.5135,NO TRADE,0,10,"BB_Upper,BB_Lower,ROC,RSI_14,BB_Width,MACD_Signal,ATR_14,MACD,Return_10d,Rolling_Median_Return",BB_Upper
RELIANCE,RELIANCE.NS,2023-05-15,2023,5,0,Bull,1,0.6116,BUY,0,0,0.6066,SELL,1,10,"BB_Upper,BB_Lower,ROC,RSI_14,BB_Width,MACD_Signal,ATR_14,MACD,Return_10d,Rolling_Median_Return",BB_Upper
RELIANCE,RELIANCE.NS,2023-05-16,2023,5,1,Bull,1,0.6172,BUY,1,0,0.6277,SELL,0,10,"BB_Upper,BB_Lower,ROC,RSI_14,BB_Width,MACD_Signal,ATR_14,MACD,Return_10d,Rolling_Median_Return",BB_Upper
RELIANCE,RELIANCE.NS,2023-05-17,2023,5,1,Bull,1,0.5636,BUY,1,0,0.6775,SELL,0,10,"BB_Upper,BB_Lower,ROC,RSI_14,BB_Width,MACD_Signal,ATR_14,MACD,Return_10d,Rolling_Median_Return",BB_Upper
RELIANCE,RELIANCE.NS,2023-05-18,2023,5,1,Bull,-1,0.5288,NO TRADE,0,0,0.6445,SELL,0,10,"BB_Upper,BB_Lower,ROC,RSI_14,BB_Width,MACD_Signal,ATR_14,MACD,Return_10d,Rolling_Median_Return",BB_Upper
RELIANCE,RELIANCE.NS,2023-05-19,2023,5,1,Bull,0,0.5567,SELL,0,0,0.7933,SELL,0,10,"BB_Upper,BB_Lower,ROC,RSI_14,BB_Width,MACD_Signal,ATR_14,MACD,Return_10d,Rolling_Median_Return",BB_Upper
RELIANCE,RELIANCE.NS,2023-05-22,2023,5,1,Bull,0,0.6773,SELL,0,0,0.8569,SELL,0,10,"BB_Upper,BB_Lower,ROC,RSI_14,BB_Width,MACD_Signal,ATR_14,MACD,Return_10d,Rolling_Median_Return",BB_Upper
RELIANCE,RELIANCE.NS,2023-05-23,2023,5,1,Bull,0,0.7016,SELL,0,0,0.9039,SELL,0,10,"BB_Upper,BB_Lower,ROC,RSI_14,BB_Width,MACD_Signal,ATR_14,MACD,Return_10d,Rolling_Median_Return",BB_Upper
RELIANCE,RELIANCE.NS,2023-05-24,2023,5,1,Sideways,0,0.659,SELL,0,0,0.8957,SELL,0,10,"BB_Upper,BB_Lower,ROC,RSI_14,BB_Width,MACD_Signal,ATR_14,MACD,Return_10d,Rolling_Median_Return",BB_Upper
RELIANCE,RELIANCE.NS,2023-05-25,2023,5,1,Sideways,0,0.6933,SELL,0,0,0.8923,SELL,0,10,"BB_Upper,BB_Lower,ROC,RSI_14,BB_Width,MACD_Signal,ATR_14,MACD,Return_10d,Rolling_Median_Return",BB_Upper
RELIANCE,RELIANCE.NS,2023-05-26,2023,5,1,Bull,0,0.6973,SELL,0,0,0.8239,SELL,0,10,"BB_Upper,BB_Lower,ROC,RSI_14,BB_Width,MACD_Signal,ATR_14,MACD,Return_10d,Rolling_Median_Return",BB_Upper
RELIANCE,RELIANCE.NS,2023-05-29,2023,5,0,Bull,0,0.717,SELL,1,0,0.8219,SELL,1,10,"BB_Upper,BB_Lower,ROC,RSI_14,BB_Width,MACD_Signal,ATR_14,MACD,Return_10d,Rolling_Median_Return",BB_Upper
RELIANCE,RELIANCE.NS,2023-05-30,2023,5,0,Bull,0,0.7238,SELL,1,0,0.8284,SELL,1,10,"BB_Upper,BB_Lower,ROC,RSI_14,BB_Width,MACD_Signal,ATR_14,MACD,Return_10d,Rolling_Median_Return",BB_Upper
RELIANCE,RELIANCE.NS,2023-05-31,2023,5,1,Bull,0,0.6567,SELL,0,0,0.8337,SELL,0,10,"BB_Upper,BB_Lower,ROC,RSI_14,BB_Width,MACD_Signal,ATR_14,MACD,Return_10d,Rolling_Median_Return",BB_Upper
RELIANCE,RELIANCE.NS,2023-06-01,2023,6,1,Bull,0,0.6423,SELL,0,0,0.8623,SELL,0,10,"BB_Upper,BB_Lower,ROC,RSI_14,BB_Width,MACD_Signal,ATR_14,MACD,Return_10d,Rolling_Median_Return",BB_Upper
RELIANCE,RELIANCE.NS,2023-06-02,2023,6,1,Bull,0,0.7095,SELL,0,0,0.8487,SELL,0,10,"BB_Upper,BB_Lower,ROC,RSI_14,BB_Width,MACD_Signal,ATR_14,MACD,Return_10d,Rolling_Median_Return",BB_Upper
RELIANCE,RELIANCE.NS,2023-06-05,2023,6,1,Bull,0,0.6268,SELL,0,0,0.8885,SELL,0,10,"BB_Upper,BB_Lower,ROC,RSI_14,BB_Width,MACD_Signal,ATR_14,MACD,Return_10d,Rolling_Median_Return",BB_Upper
RELIANCE,RELIANCE.NS,2023-06-06,2023,6,1,Bull,0,0.5955,SELL,0,0,0.8897,SELL,0,10,"BB_Upper,BB_Lower,ROC,RSI_14,BB_Width,MACD_Signal,ATR_14,MACD,Return_10d,Rolling_Median_Return",BB_Upper
RELIANCE,RELIANCE.NS,2023-06-07,2023,6,1,Bull,0,0.6405,SELL,0,0,0.8828,SELL,0,10,"BB_Upper,BB_Lower,ROC,RSI_14,BB_Width,MACD_Signal,ATR_14,MACD,Return_10d,Rolling_Median_Return",BB_Upper
RELIANCE,RELIANCE.NS,2023-06-08,2023,6,1,Bull,0,0.6831,SELL,0,0,0.891,SELL,0,10,"BB_Upper,BB_Lower,ROC,RSI_14,BB_Width,MACD_Signal,ATR_14,MACD,Return_10d,Rolling_Median_Return",BB_Upper
RELIANCE,RELIANCE.NS,2023-06-09,2023,6,1,Bull,0,0.6798,SELL,0,0,0.9133,SELL,0,10,"BB_Upper,BB_Lower,ROC,RSI_14,BB_Width,MACD_Signal,ATR_14,MACD,Return_10d,Rolling_Median_Return",BB_Upper
RELIANCE,RELIANCE.NS,2023-06-12,2023,6,1,Bull,0,0.7694,SELL,0,0,0.9339,SELL,0,10,"BB_Upper,BB_Lower,ROC,RSI_14,BB_Width,MACD_Signal,ATR_14,MACD,Return_10d,Rolling_Median_Return",BB_Upper
RELIANCE,RELIANCE.NS,2023-06-13,2023,6,1,Bull,0,0.7384,SELL,0,0,0.9072,SELL,0,10,"BB_Upper,BB_Lower,ROC,RSI_14,BB_Width,MACD_Signal,ATR_14,MACD,Return_10d,Rolling_Median_Return",BB_Upper
RELIANCE,RELIANCE.NS,2023-06-14,2023,6,1,Bull,0,0.7717,SELL,0,0,0.8971,SELL,0,10,"BB_Upper,BB_Lower,ROC,RSI_14,BB_Width,MACD_Signal,ATR_14,MACD,Return_10d,Rolling_Median_Return",BB_Upper
RELIANCE,RELIANCE.NS,2023-06-15,2023,6,1,Bull,0,0.7512,SELL,0,0,0.9019,SELL,0,10,"BB_Upper,BB_Lower,ROC,RSI_14,BB_Width,MACD_Signal,ATR_14,MACD,Return_10d,Rolling_Median_Return",BB_Upper
RELIANCE,RELIANCE.NS,2023-06-16,2023,6,1,Bull,0,0.8619,SELL,0,0,0.8851,SELL,0,10,"BB_Upper,BB_Lower,ROC,RSI_14,BB_Width,MACD_Signal,ATR_14,MACD,Return_10d,Rolling_Median_Return",BB_Upper
RELIANCE,RELIANCE.NS,2023-06-19,2023,6,1,Bull,0,0.867,SELL,0,0,0.9206,SELL,0,10,"BB_Upper,BB_Lower,ROC,RSI_14,BB_Width,MACD_Signal,ATR_14,MACD,Return_10d,Rolling_Median_Return",BB_Upper
RELIANCE,RELIANCE.NS,2023-06-20,2023,6,1,Bull,0,0.88,SELL,0,0,0.9143,SELL,0,10,"BB_Upper,BB_Lower,ROC,RSI_14,BB_Width,MACD_Signal,ATR_14,MACD,Return_10d,Rolling_Median_Return",BB_Upper
RELIANCE,RELIANCE.NS,2023-06-21,2023,6,1,Bull,0,0.9004,SELL,0,0,0.9605,SELL,0,10,"BB_Upper,BB_Lower,ROC,RSI_14,BB_Width,MACD_Signal,ATR_14,MACD,Return_10d,Rolling_Median_Return",BB_Upper
RELIANCE,RELIANCE.NS,2023-06-22,2023,6,1,Bull,0,0.8724,SELL,0,0,0.9644,SELL,0,10,"BB_Upper,BB_Lower,ROC,RSI_14,BB_Width,MACD_Signal,ATR_14,MACD,Return_10d,Rolling_Median_Return",BB_Upper
RELIANCE,RELIANCE.NS,2023-06-23,2023,6,1,Bull,0,0.8135,SELL,0,0,0.9787,SELL,0,10,"BB_Upper,BB_Lower,ROC,RSI_14,BB_Width,MACD_Signal,ATR_14,MACD,Return_10d,Rolling_Median_Return",BB_Upper
RELIANCE,RELIANCE.NS,2023-06-26,2023,6,1,Bull,0,0.8212,SELL,0,0,0.9779,SELL,0,10,"BB_Upper,BB_Lower,ROC,RSI_14,BB_Width,MACD_Signal,ATR_14,MACD,Return_10d,Rolling_Median_Return",BB_Upper
RELIANCE,RELIANCE.NS,2023-06-27,2023,6,1,Bull,0,0.8487,SELL,0,0,0.9788,SELL,0,10,"BB_Upper,BB_Lower,ROC,RSI_14,BB_Width,MACD_Signal,ATR_14,MACD,Return_10d,Rolling_Median_Return",BB_Upper
RELIANCE,RELIANCE.NS,2023-06-28,2023,6,1,Bull,0,0.8609,SELL,0,0,0.9784,SELL,0,10,"BB_Upper,BB_Lower,ROC,RSI_14,BB_Width,MACD_Signal,ATR_14,MACD,Return_10d,Rolling_Median_Return",BB_Upper
RELIANCE,RELIANCE.NS,2023-06-30,2023,6,1,Bull,0,0.8614,SELL,0,0,0.9765,SELL,0,10,"BB_Upper,BB_Lower,ROC,RSI_14,BB_Width,MACD_Signal,ATR_14,MACD,Return_10d,Rolling_Median_Return",BB_Upper
RELIANCE,RELIANCE.NS,2023-07-03,2023,7,1,Bull,0,0.9234,SELL,0,0,0.9556,SELL,0,10,"BB_Upper,BB_Lower,ROC,RSI_14,BB_Width,MACD_Signal,ATR_14,MACD,Return_10d,Rolling_Median_Return",BB_Upper
RELIANCE,RELIANCE.NS,2023-07-04,2023,7,1,Bull,0,0.9035,SELL,0,0,0.9546,SELL,0,10,"BB_Upper,BB_Lower,ROC,RSI_14,BB_Width,MACD_Signal,ATR_14,MACD,Return_10d,Rolling_Median_Return",BB_Upper
RELIANCE,RELIANCE.NS,2023-07-05,2023,7,1,Bull,0,0.9037,SELL,0,0,0.9491,SELL,0,10,"BB_Upper,BB_Lower,ROC,RSI_14,BB_Width,MACD_Signal,ATR_14,MACD,Return_10d,Rolling_Median_Return",BB_Upper
RELIANCE,RELIANCE.NS,2023-07-06,2023,7,1,Bull,0,0.9227,SELL,0,0,0.9279,SELL,0,10,"BB_Upper,BB_Lower,ROC,RSI_14,BB_Width,MACD_Signal,ATR_14,MACD,Return_10d,Rolling_Median_Return",BB_Upper
RELIANCE,RELIANCE.NS,2023-07-07,2023,7,1,Bull,0,0.921,SELL,0,0,0.9259,SELL,0,10,"BB_Upper,BB_Lower,ROC,RSI_14,BB_Width,MACD_Signal,ATR_14,MACD,Return_10d,Rolling_Median_Return",BB_Upper
RELIANCE,RELIANCE.NS,2023-07-10,2023,7,0,Bull,0,0.9404,SELL,1,0,0.9413,SELL,1,10,"BB_Upper,BB_Lower,ROC,RSI_14,BB_Width,MACD_Signal,ATR_14,MACD,Return_10d,Rolling_Median_Return",BB_Upper
RELIANCE,RELIANCE.NS,2023-07-11,2023,7,0,Bull,0,0.9585,SELL,1,0,0.9532,SELL,1,10,"BB_Upper,BB_Lower,ROC,RSI_14,BB_Width,MACD_Signal,ATR_14,MACD,Return_10d,Rolling_Median_Return",BB_Upper
RELIANCE,RELIANCE.NS,2023-07-12,2023,7,0,Bull,0,0.9617,SELL,1,0,0.9455,SELL,1,10,"BB_Upper,BB_Lower,ROC,RSI_14,BB_Width,MACD_Signal,ATR_14,MACD,Return_10d,Rolling_Median_Return",BB_Upper
RELIANCE,RELIANCE.NS,2023-07-13,2023,7,1,Bull,0,0.9149,SELL,0,0,0.9286,SELL,0,10,"BB_Upper,BB_Lower,ROC,RSI_14,BB_Width,MACD_Signal,ATR_14,MACD,Return_10d,Rolling_Median_Return",BB_Upper
RELIANCE,RELIANCE.NS,2023-07-14,2023,7,1,Bull,0,0.9243,SELL,0,0,0.931,SELL,0,10,"BB_Upper,BB_Lower,ROC,RSI_14,BB_Width,MACD_Signal,ATR_14,MACD,Return_10d,Rolling_Median_Return",BB_Upper
RELIANCE,RELIANCE.NS,2023-07-17,2023,7,0,Bull,0,0.9288,SELL,1,0,0.9377,SELL,1,10,"BB_Upper,BB_Lower,ROC,RSI_14,BB_Width,MACD_Signal,ATR_14,MACD,Return_10d,Rolling_Median_Return",BB_Upper
RELIANCE,RELIANCE.NS,2023-07-18,2023,7,0,Bull,0,0.9328,SELL,1,0,0.9388,SELL,1,10,"BB_Upper,BB_Lower,ROC,RSI_14,BB_Width,MACD_Signal,ATR_14,MACD,Return_10d,Rolling_Median_Return",BB_Upper
RELIANCE,RELIANCE.NS,2023-07-19,2023,7,0,Bull,0,0.9329,SELL,1,0,0.9399,SELL,1,10,"BB_Upper,BB_Lower,ROC,RSI_14,BB_Width,MACD_Signal,ATR_14,MACD,Return_10d,Rolling_Median_Return",BB_Upper
RELIANCE,RELIANCE.NS,2023-07-20,2023,7,0,Bull,0,0.9266,SELL,1,0,0.9427,SELL,1,10,"BB_Upper,BB_Lower,ROC,RSI_14,BB_Width,MACD_Signal,ATR_14,MACD,Return_10d,Rolling_Median_Return",BB_Upper
RELIANCE,RELIANCE.NS,2023-07-21,2023,7,0,Bull,0,0.9321,SELL,1,0,0.9174,SELL,1,10,"BB_Upper,BB_Lower,ROC,RSI_14,BB_Width,MACD_Signal,ATR_14,MACD,Return_10d,Rolling_Median_Return",BB_Upper
RELIANCE,RELIANCE.NS,2023-07-24,2023,7,1,Bull,0,0.9547,SELL,0,0,0.9474,SELL,0,10,"BB_Lower,BB_Upper,Return_10d,Rolling_Median_Return,MACD_Hist,Rolling_Volatility,MACD_Signal,MACD,OBV,Volume_MA",BB_Lower
RELIANCE,RELIANCE.NS,2023-07-25,2023,7,1,Bull,0,0.951,SELL,0,0,0.9578,SELL,0,10,"BB_Lower,BB_Upper,Return_10d,Rolling_Median_Return,MACD_Hist,Rolling_Volatility,MACD_Signal,MACD,OBV,Volume_MA",BB_Lower
RELIANCE,RELIANCE.NS,2023-07-26,2023,7,0,Bull,0,0.964,SELL,1,0,0.9723,SELL,1,10,"BB_Lower,BB_Upper,Return_10d,Rolling_Median_Return,MACD_Hist,Rolling_Volatility,MACD_Signal,MACD,OBV,Volume_MA",BB_Lower
RELIANCE,RELIANCE.NS,2023-07-27,2023,7,0,Bull,0,0.9588,SELL,1,0,0.966,SELL,1,10,"BB_Lower,BB_Upper,Return_10d,Rolling_Median_Return,MACD_Hist,Rolling_Volatility,MACD_Signal,MACD,OBV,Volume_MA",BB_Lower
RELIANCE,RELIANCE.NS,2023-07-28,2023,7,0,Bull,0,0.9769,SELL,1,0,0.9764,SELL,1,10,"BB_Lower,BB_Upper,Return_10d,Rolling_Median_Return,MACD_Hist,Rolling_Volatility,MACD_Signal,MACD,OBV,Volume_MA",BB_Lower
RELIANCE,RELIANCE.NS,2023-07-31,2023,7,0,Bull,0,0.9764,SELL,1,0,0.9803,SELL,1,10,"BB_Lower,BB_Upper,Return_10d,Rolling_Median_Return,MACD_Hist,Rolling_Volatility,MACD_Signal,MACD,OBV,Volume_MA",BB_Lower
RELIANCE,RELIANCE.NS,2023-08-01,2023,8,0,Bull,0,0.9631,SELL,1,0,0.9607,SELL,1,10,"BB_Lower,BB_Upper,Return_10d,Rolling_Median_Return,MACD_Hist,Rolling_Volatility,MACD_Signal,MACD,OBV,Volume_MA",BB_Lower
RELIANCE,RELIANCE.NS,2023-08-02,2023,8,0,Bull,0,0.9564,SELL,1,0,0.9528,SELL,1,10,"BB_Lower,BB_Upper,Return_10d,Rolling_Median_Return,MACD_Hist,Rolling_Volatility,MACD_Signal,MACD,OBV,Volume_MA",BB_Lower
RELIANCE,RELIANCE.NS,2023-08-03,2023,8,0,Bull,0,0.9522,SELL,1,0,0.9315,SELL,1,10,"BB_Lower,BB_Upper,Return_10d,Rolling_Median_Return,MACD_Hist,Rolling_Volatility,MACD_Signal,MACD,OBV,Volume_MA",BB_Lower
RELIANCE,RELIANCE.NS,2023-08-04,2023,8,0,Bull,0,0.9692,SELL,1,0,0.9683,SELL,1,10,"BB_Lower,BB_Upper,Return_10d,Rolling_Median_Return,MACD_Hist,Rolling_Volatility,MACD_Signal,MACD,OBV,Volume_MA",BB_Lower
RELIANCE,RELIANCE.NS,2023-08-07,2023,8,0,Bull,0,0.9672,SELL,1,0,0.9588,SELL,1,10,"BB_Lower,BB_Upper,Return_10d,Rolling_Median_Return,MACD_Hist,Rolling_Volatility,MACD_Signal,MACD,OBV,Volume_MA",BB_Lower
RELIANCE,RELIANCE.NS,2023-08-08,2023,8,0,Bull,0,0.9701,SELL,1,0,0.9582,SELL,1,10,"BB_Lower,BB_Upper,Return_10d,Rolling_Median_Return,MACD_Hist,Rolling_Volatility,MACD_Signal,MACD,OBV,Volume_MA",BB_Lower
RELIANCE,RELIANCE.NS,2023-08-09,2023,8,0,Bull,0,0.9714,SELL,1,0,0.9639,SELL,1,10,"BB_Lower,BB_Upper,Return_10d,Rolling_Median_Return,MACD_Hist,Rolling_Volatility,MACD_Signal,MACD,OBV,Volume_MA",BB_Lower
RELIANCE,RELIANCE.NS,2023-08-10,2023,8,0,Bull,0,0.9677,SELL,1,0,0.967,SELL,1,10,"BB_Lower,BB_Upper,Return_10d,Rolling_Median_Return,MACD_Hist,Rolling_Volatility,MACD_Signal,MACD,OBV,Volume_MA",BB_Lower
RELIANCE,RELIANCE.NS,2023-08-11,2023,8,0,Bull,0,0.9641,SELL,1,0,0.9637,SELL,1,10,"BB_Lower,BB_Upper,Return_10d,Rolling_Median_Return,MACD_Hist,Rolling_Volatility,MACD_Signal,MACD,OBV,Volume_MA",BB_Lower
RELIANCE,RELIANCE.NS,2023-08-14,2023,8,0,Bull,0,0.9659,SELL,1,0,0.9644,SELL,1,10,"BB_Lower,BB_Upper,Return_10d,Rolling_Median_Return,MACD_Hist,Rolling_Volatility,MACD_Signal,MACD,OBV,Volume_MA",BB_Lower
RELIANCE,RELIANCE.NS,2023-08-16,2023,8,0,Bull,0,0.9585,SELL,1,0,0.9613,SELL,1,10,"BB_Lower,BB_Upper,Return_10d,Rolling_Median_Return,MACD_Hist,Rolling_Volatility,MACD_Signal,MACD,OBV,Volume_MA",BB_Lower
RELIANCE,RELIANCE.NS,2023-08-17,2023,8,0,Bull,0,0.9526,SELL,1,0,0.9591,SELL,1,10,"BB_Lower,BB_Upper,Return_10d,Rolling_Median_Return,MACD_Hist,Rolling_Volatility,MACD_Signal,MACD,OBV,Volume_MA",BB_Lower
RELIANCE,RELIANCE.NS,2023-08-18,2023,8,0,Bull,0,0.961,SELL,1,0,0.9624,SELL,1,10,"BB_Lower,BB_Upper,Return_10d,Rolling_Median_Return,MACD_Hist,Rolling_Volatility,MACD_Signal,MACD,OBV,Volume_MA",BB_Lower
RELIANCE,RELIANCE.NS,2023-08-21,2023,8,0,Bull,0,0.9434,SELL,1,0,0.941,SELL,1,10,"BB_Lower,BB_Upper,Return_10d,Rolling_Median_Return,MACD_Hist,Rolling_Volatility,MACD_Signal,MACD,OBV,Volume_MA",BB_Lower
RELIANCE,RELIANCE.NS,2023-08-22,2023,8,0,Bull,0,0.9444,SELL,1,0,0.9423,SELL,1,10,"BB_Lower,BB_Upper,Return_10d,Rolling_Median_Return,MACD_Hist,Rolling_Volatility,MACD_Signal,MACD,OBV,Volume_MA",BB_Lower
RELIANCE,RELIANCE.NS,2023-08-23,2023,8,0,Bull,0,0.9375,SELL,1,0,0.9471,SELL,1,10,"BB_Lower,BB_Upper,Return_10d,Rolling_Median_Return,MACD_Hist,Rolling_Volatility,MACD_Signal,MACD,OBV,Volume_MA",BB_Lower
RELIANCE,RELIANCE.NS,2023-08-24,2023,8,0,Bull,0,0.9146,SELL,1,0,0.9461,SELL,1,10,"BB_Lower,BB_Upper,Return_10d,Rolling_Median_Return,MACD_Hist,Rolling_Volatility,MACD_Signal,MACD,OBV,Volume_MA",BB_Lower
RELIANCE,RELIANCE.NS,2023-08-25,2023,8,0,Bull,0,0.9202,SELL,1,0,0.9345,SELL,1,10,"BB_Lower,BB_Upper,Return_10d,Rolling_Median_Return,MACD_Hist,Rolling_Volatility,MACD_Signal,MACD,OBV,Volume_MA",BB_Lower
RELIANCE,RELIANCE.NS,2023-08-28,2023,8,0,Bull,0,0.8615,SELL,1,0,0.9074,SELL,1,10,"BB_Lower,BB_Upper,Return_10d,Rolling_Median_Return,MACD_Hist,Rolling_Volatility,MACD_Signal,MACD,OBV,Volume_MA",BB_Lower
RELIANCE,RELIANCE.NS,2023-08-29,2023,8,0,Bull,0,0.8186,SELL,1,0,0.8082,SELL,1,10,"BB_Lower,BB_Upper,Return_10d,Rolling_Median_Return,MACD_Hist,Rolling_Volatility,MACD_Signal,MACD,OBV,Volume_MA",BB_Lower
RELIANCE,RELIANCE.NS,2023-08-30,2023,8,0,Sideways,0,0.8025,SELL,1,0,0.8284,SELL,1,10,"BB_Lower,BB_Upper,Return_10d,Rolling_Median_Return,MACD_Hist,Rolling_Volatility,MACD_Signal,MACD,OBV,Volume_MA",BB_Lower
RELIANCE,RELIANCE.NS,2023-08-31,2023,8,0,Bull,0,0.8931,SELL,1,0,0.8491,SELL,1,10,"BB_Lower,BB_Upper,Return_10d,Rolling_Median_Return,MACD_Hist,Rolling_Volatility,MACD_Signal,MACD,OBV,Volume_MA",BB_Lower
RELIANCE,RELIANCE.NS,2023-09-01,2023,9,0,Bull,0,0.9197,SELL,1,0,0.8177,SELL,1,10,"BB_Lower,BB_Upper,Return_10d,Rolling_Median_Return,MACD_Hist,Rolling_Volatility,MACD_Signal,MACD,OBV,Volume_MA",BB_Lower
RELIANCE,RELIANCE.NS,2023-09-04,2023,9,0,Bull,0,0.9185,SELL,1,0,0.8055,SELL,1,10,"BB_Lower,BB_Upper,Return_10d,Rolling_Median_Return,MACD_Hist,Rolling_Volatility,MACD_Signal,MACD,OBV,Volume_MA",BB_Lower
RELIANCE,RELIANCE.NS,2023-09-05,2023,9,0,Bull,0,0.9217,SELL,1,0,0.8277,SELL,1,10,"BB_Lower,BB_Upper,Return_10d,Rolling_Median_Return,MACD_Hist,Rolling_Volatility,MACD_Signal,MACD,OBV,Volume_MA",BB_Lower
RELIANCE,RELIANCE.NS,2023-09-06,2023,9,0,Bull,0,0.915,SELL,1,0,0.8458,SELL,1,10,"BB_Lower,BB_Upper,Return_10d,Rolling_Median_Return,MACD_Hist,Rolling_Volatility,MACD_Signal,MACD,OBV,Volume_MA",BB_Lower
RELIANCE,RELIANCE.NS,2023-09-07,2023,9,0,Bull,0,0.9224,SELL,1,0,0.901,SELL,1,10,"BB_Lower,BB_Upper,Return_10d,Rolling_Median_Return,MACD_Hist,Rolling_Volatility,MACD_Signal,MACD,OBV,Volume_MA",BB_Lower
RELIANCE,RELIANCE.NS,2023-09-08,2023,9,0,Bull,0,0.9288,SELL,1,0,0.9438,SELL,1,10,"BB_Lower,BB_Upper,Return_10d,Rolling_Median_Return,MACD_Hist,Rolling_Volatility,MACD_Signal,MACD,OBV,Volume_MA",BB_Lower
RELIANCE,RELIANCE.NS,2023-09-11,2023,9,0,Bull,0,0.9349,SELL,1,0,0.9573,SELL,1,10,"BB_Lower,BB_Upper,Return_10d,Rolling_Median_Return,MACD_Hist,Rolling_Volatility,MACD_Signal,MACD,OBV,Volume_MA",BB_Lower
RELIANCE,RELIANCE.NS,2023-09-12,2023,9,0,Bull,0,0.9126,SELL,1,0,0.9423,SELL,1,10,"BB_Lower,BB_Upper,Return_10d,Rolling_Median_Return,MACD_Hist,Rolling_Volatility,MACD_Signal,MACD,OBV,Volume_MA",BB_Lower
RELIANCE,RELIANCE.NS,2023-09-13,2023,9,0,Sideways,0,0.9445,SELL,1,0,0.9625,SELL,1,10,"BB_Lower,BB_Upper,Return_10d,Rolling_Median_Return,MACD_Hist,Rolling_Volatility,MACD_Signal,MACD,OBV,Volume_MA",BB_Lower
RELIANCE,RELIANCE.NS,2023-09-14,2023,9,0,Bull,0,0.9444,SELL,1,0,0.9647,SELL,1,10,"BB_Lower,BB_Upper,Return_10d,Rolling_Median_Return,MACD_Hist,Rolling_Volatility,MACD_Signal,MACD,OBV,Volume_MA",BB_Lower
RELIANCE,RELIANCE.NS,2023-09-15,2023,9,0,Bull,0,0.9294,SELL,1,0,0.9637,SELL,1,10,"BB_Lower,BB_Upper,Return_10d,Rolling_Median_Return,MACD_Hist,Rolling_Volatility,MACD_Signal,MACD,OBV,Volume_MA",BB_Lower
RELIANCE,RELIANCE.NS,2023-09-18,2023,9,0,Sideways,0,0.8968,SELL,1,0,0.9595,SELL,1,10,"BB_Lower,BB_Upper,Return_10d,Rolling_Median_Return,MACD_Hist,Rolling_Volatility,MACD_Signal,MACD,OBV,Volume_MA",BB_Lower
RELIANCE,RELIANCE.NS,2023-09-20,2023,9,0,Sideways,0,0.863,SELL,1,0,0.887,SELL,1,10,"BB_Lower,BB_Upper,Return_10d,Rolling_Median_Return,MACD_Hist,Rolling_Volatility,MACD_Signal,MACD,OBV,Volume_MA",BB_Lower
RELIANCE,RELIANCE.NS,2023-09-21,2023,9,0,Bear,0,0.881,SELL,1,0,0.8655,SELL,1,10,"BB_Lower,BB_Upper,Return_10d,Rolling_Median_Return,MACD_Hist,Rolling_Volatility,MACD_Signal,MACD,OBV,Volume_MA",BB_Lower
RELIANCE,RELIANCE.NS,2023-09-22,2023,9,0,Bear,0,0.8335,SELL,1,0,0.8622,SELL,1,10,"BB_Lower,BB_Upper,Return_10d,Rolling_Median_Return,MACD_Hist,Rolling_Volatility,MACD_Signal,MACD,OBV,Volume_MA",BB_Lower
RELIANCE,RELIANCE.NS,2023-09-25,2023,9,0,Bear,0,0.7912,SELL,1,0,0.8551,SELL,1,10,"BB_Lower,BB_Upper,Return_10d,Rolling_Median_Return,MACD_Hist,Rolling_Volatility,MACD_Signal,MACD,OBV,Volume_MA",BB_Lower
RELIANCE,RELIANCE.NS,2023-09-26,2023,9,0,Bear,0,0.8634,SELL,1,0,0.8579,SELL,1,10,"BB_Lower,BB_Upper,Return_10d,Rolling_Median_Return,MACD_Hist,Rolling_Volatility,MACD_Signal,MACD,OBV,Volume_MA",BB_Lower
RELIANCE,RELIANCE.NS,2023-09-27,2023,9,0,Bear,0,0.8744,SELL,1,0,0.868,SELL,1,10,"BB_Lower,BB_Upper,Return_10d,Rolling_Median_Return,MACD_Hist,Rolling_Volatility,MACD_Signal,MACD,OBV,Volume_MA",BB_Lower
RELIANCE,RELIANCE.NS,2023-09-28,2023,9,0,Bear,0,0.8126,SELL,1,0,0.8304,SELL,1,10,"BB_Lower,BB_Upper,Return_10d,Rolling_Median_Return,MACD_Hist,Rolling_Volatility,MACD_Signal,MACD,OBV,Volume_MA",BB_Lower
RELIANCE,RELIANCE.NS,2023-09-29,2023,9,0,Bear,0,0.8643,SELL,1,0,0.8138,SELL,1,10,"BB_Lower,BB_Upper,Return_10d,Rolling_Median_Return,MACD_Hist,Rolling_Volatility,MACD_Signal,MACD,OBV,Volume_MA",BB_Lower
RELIANCE,RELIANCE.NS,2023-10-03,2023,10,0,Bear,0,0.7913,SELL,1,0,0.7647,SELL,1,10,"BB_Lower,BB_Upper,Return_10d,Rolling_Median_Return,MACD_Hist,Rolling_Volatility,MACD_Signal,MACD,OBV,Volume_MA",BB_Lower
RELIANCE,RELIANCE.NS,2023-10-04,2023,10,1,Bear,0,0.807,SELL,0,0,0.7848,SELL,0,10,"BB_Lower,BB_Upper,Return_10d,Rolling_Median_Return,MACD_Hist,Rolling_Volatility,MACD_Signal,MACD,OBV,Volume_MA",BB_Lower
RELIANCE,RELIANCE.NS,2023-10-05,2023,10,1,Bear,0,0.7577,SELL,0,0,0.7619,SELL,0,10,"BB_Lower,BB_Upper,Return_10d,Rolling_Median_Return,MACD_Hist,Rolling_Volatility,MACD_Signal,MACD,OBV,Volume_MA",BB_Lower
RELIANCE,RELIANCE.NS,2023-10-06,2023,10,1,Bear,0,0.7669,SELL,0,0,0.7143,SELL,0,10,"BB_Lower,BB_Upper,Return_10d,Rolling_Median_Return,MACD_Hist,Rolling_Volatility,MACD_Signal,MACD,OBV,Volume_MA",BB_Lower
RELIANCE,RELIANCE.NS,2023-10-09,2023,10,1,Bear,0,0.7275,SELL,0,0,0.6923,SELL,0,10,"BB_Lower,BB_Upper,Return_10d,Rolling_Median_Return,MACD_Hist,Rolling_Volatility,MACD_Signal,MACD,OBV,Volume_MA",BB_Lower
RELIANCE,RELIANCE.NS,2023-10-10,2023,10,1,Bear,0,0.7468,SELL,0,0,0.6973,SELL,0,10,"BB_Lower,BB_Upper,Return_10d,Rolling_Median_Return,MACD_Hist,Rolling_Volatility,MACD_Signal,MACD,OBV,Volume_MA",BB_Lower
RELIANCE,RELIANCE.NS,2023-10-11,2023,10,0,Bear,0,0.6717,SELL,1,0,0.7269,SELL,1,10,"BB_Lower,BB_Upper,Return_10d,Rolling_Median_Return,MACD_Hist,Rolling_Volatility,MACD_Signal,MACD,OBV,Volume_MA",BB_Lower
RELIANCE,RELIANCE.NS,2023-10-12,2023,10,0,Bear,0,0.7463,SELL,1,0,0.7839,SELL,1,10,"BB_Lower,BB_Upper,Return_10d,Rolling_Median_Return,MACD_Hist,Rolling_Volatility,MACD_Signal,MACD,OBV,Volume_MA",BB_Lower
RELIANCE,RELIANCE.NS,2023-10-13,2023,10,0,Bear,0,0.7832,SELL,1,0,0.7929,SELL,1,10,"BB_Lower,BB_Upper,Return_10d,Rolling_Median_Return,MACD_Hist,Rolling_Volatility,MACD_Signal,MACD,OBV,Volume_MA",BB_Lower
RELIANCE,RELIANCE.NS,2023-10-16,2023,10,1,Bear,0,0.7404,SELL,0,0,0.7942,SELL,0,10,"BB_Lower,BB_Upper,Return_10d,Rolling_Median_Return,MACD_Hist,Rolling_Volatility,MACD_Signal,MACD,OBV,Volume_MA",BB_Lower
RELIANCE,RELIANCE.NS,2023-10-17,2023,10,1,Bear,0,0.8603,SELL,0,0,0.8614,SELL,0,10,"BB_Lower,BB_Upper,Return_10d,Rolling_Median_Return,MACD_Hist,Rolling_Volatility,MACD_Signal,MACD,OBV,Volume_MA",BB_Lower
RELIANCE,RELIANCE.NS,2023-10-18,2023,10,1,Bear,0,0.6944,SELL,0,0,0.7835,SELL,0,10,"BB_Lower,BB_Upper,Return_10d,Rolling_Median_Return,MACD_Hist,Rolling_Volatility,MACD_Signal,MACD,OBV,Volume_MA",BB_Lower
RELIANCE,RELIANCE.NS,2023-10-19,2023,10,1,Bear,-1,0.5307,NO TRADE,0,0,0.6479,SELL,0,10,"BB_Upper,BB_Lower,MACD,Rolling_Std_10,Rolling_Volatility,OBV,ATR_14,BB_Width,CCI,Rolling_Median_Return",BB_Upper
RELIANCE,RELIANCE.NS,2023-10-20,2023,10,1,Bear,-1,0.527,NO TRADE,0,0,0.5703,SELL,0,10,"BB_Upper,BB_Lower,MACD,Rolling_Std_10,Rolling_Volatility,OBV,ATR_14,BB_Width,CCI,Rolling_Median_Return",BB_Upper
RELIANCE,RELIANCE.NS,2023-10-23,2023,10,1,Bear,-1,0.5493,NO TRADE,0,1,0.5961,BUY,1,10,"BB_Upper,BB_Lower,MACD,Rolling_Std_10,Rolling_Volatility,OBV,ATR_14,BB_Width,CCI,Rolling_Median_Return",BB_Upper
RELIANCE,RELIANCE.NS,2023-10-25,2023,10,1,Bear,1,0.568,BUY,1,1,0.6286,BUY,1,10,"BB_Upper,BB_Lower,MACD,Rolling_Std_10,Rolling_Volatility,OBV,ATR_14,BB_Width,CCI,Rolling_Median_Return",BB_Upper
RELIANCE,RELIANCE.NS,2023-10-26,2023,10,1,Bear,1,0.5746,BUY,1,1,0.7548,BUY,1,10,"BB_Upper,BB_Lower,MACD,Rolling_Std_10,Rolling_Volatility,OBV,ATR_14,BB_Width,CCI,Rolling_Median_Return",BB_Upper
RELIANCE,RELIANCE.NS,2023-10-27,2023,10,1,Bear,1,0.7059,BUY,1,1,0.8049,BUY,1,10,"BB_Upper,BB_Lower,MACD,Rolling_Std_10,Rolling_Volatility,OBV,ATR_14,BB_Width,CCI,Rolling_Median_Return",BB_Upper
RELIANCE,RELIANCE.NS,2023-10-30,2023,10,1,Bear,-1,0.5416,NO TRADE,0,1,0.7473,BUY,1,10,"BB_Upper,BB_Lower,MACD,Rolling_Std_10,Rolling_Volatility,OBV,ATR_14,BB_Width,CCI,Rolling_Median_Return",BB_Upper
RELIANCE,RELIANCE.NS,2023-10-31,2023,10,1,Bear,1,0.6489,BUY,1,1,0.7175,BUY,1,10,"BB_Upper,BB_Lower,MACD,Rolling_Std_10,Rolling_Volatility,OBV,ATR_14,BB_Width,CCI,Rolling_Median_Return",BB_Upper
RELIANCE,RELIANCE.NS,2023-11-01,2023,11,1,Bear,-1,0.5331,NO TRADE,0,1,0.721,BUY,1,10,"BB_Upper,BB_Lower,MACD,Rolling_Std_10,Rolling_Volatility,OBV,ATR_14,BB_Width,CCI,Rolling_Median_Return",BB_Upper
RELIANCE,RELIANCE.NS,2023-11-02,2023,11,1,Bear,-1,0.529,NO TRADE,0,1,0.7554,BUY,1,10,"BB_Upper,BB_Lower,MACD,Rolling_Std_10,Rolling_Volatility,OBV,ATR_14,BB_Width,CCI,Rolling_Median_Return",BB_Upper
RELIANCE,RELIANCE.NS,2023-11-03,2023,11,1,Bear,1,0.6068,BUY,1,1,0.7526,BUY,1,10,"BB_Upper,BB_Lower,MACD,Rolling_Std_10,Rolling_Volatility,OBV,ATR_14,BB_Width,CCI,Rolling_Median_Return",BB_Upper
RELIANCE,RELIANCE.NS,2023-11-06,2023,11,1,Bear,-1,0.5144,NO TRADE,0,1,0.7396,BUY,1,10,"BB_Upper,BB_Lower,MACD,Rolling_Std_10,Rolling_Volatility,OBV,ATR_14,BB_Width,CCI,Rolling_Median_Return",BB_Upper
RELIANCE,RELIANCE.NS,2023-11-07,2023,11,1,Bear,1,0.5867,BUY,1,1,0.7411,BUY,1,10,"BB_Upper,BB_Lower,MACD,Rolling_Std_10,Rolling_Volatility,OBV,ATR_14,BB_Width,CCI,Rolling_Median_Return",BB_Upper
RELIANCE,RELIANCE.NS,2023-11-08,2023,11,1,Bear,1,0.5529,BUY,1,1,0.7899,BUY,1,10,"BB_Upper,BB_Lower,MACD,Rolling_Std_10,Rolling_Volatility,OBV,ATR_14,BB_Width,CCI,Rolling_Median_Return",BB_Upper
RELIANCE,RELIANCE.NS,2023-11-09,2023,11,1,Bear,1,0.6413,BUY,1,1,0.7888,BUY,1,10,"BB_Upper,BB_Lower,MACD,Rolling_Std_10,Rolling_Volatility,OBV,ATR_14,BB_Width,CCI,Rolling_Median_Return",BB_Upper
RELIANCE,RELIANCE.NS,2023-11-10,2023,11,1,Bear,1,0.6143,BUY,1,1,0.7805,BUY,1,10,"BB_Upper,BB_Lower,MACD,Rolling_Std_10,Rolling_Volatility,OBV,ATR_14,BB_Width,CCI,Rolling_Median_Return",BB_Upper
RELIANCE,RELIANCE.NS,2023-11-13,2023,11,1,Bear,1,0.7327,BUY,1,1,0.8069,BUY,1,10,"BB_Upper,BB_Lower,MACD,Rolling_Std_10,Rolling_Volatility,OBV,ATR_14,BB_Width,CCI,Rolling_Median_Return",BB_Upper
RELIANCE,RELIANCE.NS,2023-11-15,2023,11,1,Bear,1,0.6679,BUY,1,1,0.7473,BUY,1,10,"BB_Upper,BB_Lower,MACD,Rolling_Std_10,Rolling_Volatility,OBV,ATR_14,BB_Width,CCI,Rolling_Median_Return",BB_Upper
RELIANCE,RELIANCE.NS,2023-11-16,2023,11,1,Sideways,1,0.6079,BUY,1,1,0.7292,BUY,1,10,"BB_Upper,BB_Lower,MACD,Rolling_Std_10,Rolling_Volatility,OBV,ATR_14,BB_Width,CCI,Rolling_Median_Return",BB_Upper
RELIANCE,RELIANCE.NS,2023-11-17,2023,11,1,Sideways,1,0.7531,BUY,1,1,0.8,BUY,1,10,"BB_Upper,BB_Lower,MACD,Rolling_Std_10,Rolling_Volatility,OBV,ATR_14,BB_Width,CCI,Rolling_Median_Return",BB_Upper
RELIANCE,RELIANCE.NS,2023-11-20,2023,11,1,Sideways,1,0.7271,BUY,1,1,0.7839,BUY,1,10,"BB_Upper,BB_Lower,MACD,Rolling_Std_10,Rolling_Volatility,OBV,ATR_14,BB_Width,CCI,Rolling_Median_Return",BB_Upper
RELIANCE,RELIANCE.NS,2023-11-21,2023,11,1,Bear,-1,0.5257,NO TRADE,0,1,0.7857,BUY,1,10,"BB_Upper,BB_Lower,MACD,Rolling_Std_10,Rolling_Volatility,OBV,ATR_14,BB_Width,CCI,Rolling_Median_Return",BB_Upper
RELIANCE,RELIANCE.NS,2023-11-22,2023,11,1,Sideways,-1,0.5476,NO TRADE,0,1,0.6996,BUY,1,10,"BB_Upper,BB_Lower,MACD,Rolling_Std_10,Rolling_Volatility,OBV,ATR_14,BB_Width,CCI,Rolling_Median_Return",BB_Upper
RELIANCE,RELIANCE.NS,2023-11-23,2023,11,1,Sideways,0,0.5954,SELL,0,1,0.6474,BUY,1,10,"BB_Upper,BB_Lower,MACD,Rolling_Std_10,Rolling_Volatility,OBV,ATR_14,BB_Width,CCI,Rolling_Median_Return",BB_Upper
RELIANCE,RELIANCE.NS,2023-11-24,2023,11,1,Sideways,-1,0.525,NO TRADE,0,-1,0.5392,NO TRADE,0,10,"BB_Upper,BB_Lower,MACD,Rolling_Std_10,Rolling_Volatility,OBV,ATR_14,BB_Width,CCI,Rolling_Median_Return",BB_Upper
RELIANCE,RELIANCE.NS,2023-11-28,2023,11,1,Bear,0,0.6093,SELL,0,0,0.5511,SELL,0,10,"BB_Upper,BB_Lower,MACD,Rolling_Std_10,Rolling_Volatility,OBV,ATR_14,BB_Width,CCI,Rolling_Median_Return",BB_Upper
RELIANCE,RELIANCE.NS,2023-11-29,2023,11,1,Sideways,0,0.7389,SELL,0,0,0.5862,SELL,0,10,"BB_Upper,BB_Lower,MACD,Rolling_Std_10,Rolling_Volatility,OBV,ATR_14,BB_Width,CCI,Rolling_Median_Return",BB_Upper
RELIANCE,RELIANCE.NS,2023-11-30,2023,11,1,Sideways,0,0.6912,SELL,0,0,0.6505,SELL,0,10,"BB_Upper,BB_Lower,MACD,Rolling_Std_10,Rolling_Volatility,OBV,ATR_14,BB_Width,CCI,Rolling_Median_Return",BB_Upper
RELIANCE,RELIANCE.NS,2023-12-01,2023,12,1,Bear,0,0.8712,SELL,0,0,0.8964,SELL,0,10,"BB_Upper,BB_Lower,MACD,Rolling_Std_10,Rolling_Volatility,OBV,ATR_14,BB_Width,CCI,Rolling_Median_Return",BB_Upper
RELIANCE,RELIANCE.NS,2023-12-04,2023,12,1,Sideways,0,0.869,SELL,0,0,0.8697,SELL,0,10,"BB_Upper,BB_Lower,MACD,Rolling_Std_10,Rolling_Volatility,OBV,ATR_14,BB_Width,CCI,Rolling_Median_Return",BB_Upper
RELIANCE,RELIANCE.NS,2023-12-05,2023,12,1,Sideways,0,0.9062,SELL,0,0,0.9236,SELL,0,10,"BB_Upper,BB_Lower,MACD,Rolling_Std_10,Rolling_Volatility,OBV,ATR_14,BB_Width,CCI,Rolling_Median_Return",BB_Upper
RELIANCE,RELIANCE.NS,2023-12-06,2023,12,1,Sideways,0,0.9228,SELL,0,0,0.9233,SELL,0,10,"BB_Upper,BB_Lower,MACD,Rolling_Std_10,Rolling_Volatility,OBV,ATR_14,BB_Width,CCI,Rolling_Median_Return",BB_Upper
RELIANCE,RELIANCE.NS,2023-12-07,2023,12,1,Bull,0,0.8702,SELL,0,0,0.9288,SELL,0,10,"BB_Upper,BB_Lower,MACD,Rolling_Std_10,Rolling_Volatility,OBV,ATR_14,BB_Width,CCI,Rolling_Median_Return",BB_Upper
RELIANCE,RELIANCE.NS,2023-12-08,2023,12,1,Bull,0,0.8329,SELL,0,0,0.8898,SELL,0,10,"BB_Upper,BB_Lower,MACD,Rolling_Std_10,Rolling_Volatility,OBV,ATR_14,BB_Width,CCI,Rolling_Median_Return",BB_Upper
RELIANCE,RELIANCE.NS,2023-12-11,2023,12,1,Bull,0,0.8912,SELL,0,0,0.9216,SELL,0,10,"BB_Upper,BB_Lower,MACD,Rolling_Std_10,Rolling_Volatility,OBV,ATR_14,BB_Width,CCI,Rolling_Median_Return",BB_Upper
RELIANCE,RELIANCE.NS,2023-12-12,2023,12,1,Bull,0,0.8573,SELL,0,0,0.8807,SELL,0,10,"BB_Upper,BB_Lower,MACD,Rolling_Std_10,Rolling_Volatility,OBV,ATR_14,BB_Width,CCI,Rolling_Median_Return",BB_Upper
RELIANCE,RELIANCE.NS,2023-12-13,2023,12,1,Sideways,0,0.9092,SELL,0,0,0.9145,SELL,0,10,"BB_Upper,BB_Lower,MACD,Rolling_Std_10,Rolling_Volatility,OBV,ATR_14,BB_Width,CCI,Rolling_Median_Return",BB_Upper
RELIANCE,RELIANCE.NS,2023-12-14,2023,12,1,Bull,0,0.929,SELL,0,0,0.9032,SELL,0,10,"BB_Upper,BB_Lower,MACD,Rolling_Std_10,Rolling_Volatility,OBV,ATR_14,BB_Width,CCI,Rolling_Median_Return",BB_Upper
RELIANCE,RELIANCE.NS,2023-12-15,2023,12,1,Bull,0,0.9258,SELL,0,0,0.9086,SELL,0,10,"BB_Upper,BB_Lower,MACD,Rolling_Std_10,Rolling_Volatility,OBV,ATR_14,BB_Width,CCI,Rolling_Median_Return",BB_Upper
RELIANCE,RELIANCE.NS,2023-12-18,2023,12,1,Bull,0,0.9339,SELL,0,0,0.9075,SELL,0,10,"BB_Upper,BB_Lower,MACD,Rolling_Std_10,Rolling_Volatility,OBV,ATR_14,BB_Width,CCI,Rolling_Median_Return",BB_Upper
RELIANCE,RELIANCE.NS,2023-12-19,2023,12,1,Bull,0,0.9493,SELL,0,0,0.9225,SELL,0,10,"BB_Upper,BB_Lower,MACD,Rolling_Std_10,Rolling_Volatility,OBV,ATR_14,BB_Width,CCI,Rolling_Median_Return",BB_Upper
RELIANCE,RELIANCE.NS,2023-12-20,2023,12,1,Bull,0,0.9292,SELL,0,0,0.9323,SELL,0,10,"BB_Upper,BB_Lower,MACD,Rolling_Std_10,Rolling_Volatility,OBV,ATR_14,BB_Width,CCI,Rolling_Median_Return",BB_Upper
RELIANCE,RELIANCE.NS,2023-12-21,2023,12,1,Bull,0,0.9396,SELL,0,0,0.9281,SELL,0,10,"BB_Upper,BB_Lower,MACD,Rolling_Std_10,Rolling_Volatility,OBV,ATR_14,BB_Width,CCI,Rolling_Median_Return",BB_Upper
RELIANCE,RELIANCE.NS,2023-12-22,2023,12,1,Bull,0,0.9557,SELL,0,0,0.9191,SELL,0,10,"BB_Upper,BB_Lower,MACD,Rolling_Std_10,Rolling_Volatility,OBV,ATR_14,BB_Width,CCI,Rolling_Median_Return",BB_Upper
RELIANCE,RELIANCE.NS,2023-12-26,2023,12,1,Bull,0,0.9571,SELL,0,0,0.9288,SELL,0,10,"BB_Upper,BB_Lower,MACD,Rolling_Std_10,Rolling_Volatility,OBV,ATR_14,BB_Width,CCI,Rolling_Median_Return",BB_Upper
RELIANCE,RELIANCE.NS,2023-12-27,2023,12,1,Bull,0,0.9488,SELL,0,0,0.9156,SELL,0,10,"BB_Upper,BB_Lower,MACD,Rolling_Std_10,Rolling_Volatility,OBV,ATR_14,BB_Width,CCI,Rolling_Median_Return",BB_Upper
RELIANCE,RELIANCE.NS,2023-12-28,2023,12,1,Bull,0,0.9494,SELL,0,0,0.937,SELL,0,10,"BB_Upper,BB_Lower,MACD,Rolling_Std_10,Rolling_Volatility,OBV,ATR_14,BB_Width,CCI,Rolling_Median_Return",BB_Upper
RELIANCE,RELIANCE.NS,2023-12-29,2023,12,1,Bull,0,0.9363,SELL,0,0,0.9293,SELL,0,10,"BB_Upper,BB_Lower,MACD,Rolling_Std_10,Rolling_Volatility,OBV,ATR_14,BB_Width,CCI,Rolling_Median_Return",BB_Upper
RELIANCE,RELIANCE.NS,2024-01-01,2024,1,1,Bull,0,0.9409,SELL,0,0,0.9218,SELL,0,10,"BB_Upper,BB_Lower,MACD,Rolling_Std_10,Rolling_Volatility,OBV,ATR_14,BB_Width,CCI,Rolling_Median_Return",BB_Upper
RELIANCE,RELIANCE.NS,2024-01-02,2024,1,1,Bull,0,0.9592,SELL,0,0,0.9285,SELL,0,10,"BB_Upper,BB_Lower,MACD,Rolling_Std_10,Rolling_Volatility,OBV,ATR_14,BB_Width,CCI,Rolling_Median_Return",BB_Upper
RELIANCE,RELIANCE.NS,2024-01-03,2024,1,1,Bull,0,0.9609,SELL,0,0,0.9291,SELL,0,10,"BB_Upper,BB_Lower,MACD,Rolling_Std_10,Rolling_Volatility,OBV,ATR_14,BB_Width,CCI,Rolling_Median_Return",BB_Upper
RELIANCE,RELIANCE.NS,2024-01-04,2024,1,1,Bull,0,0.9616,SELL,0,0,0.9134,SELL,0,10,"BB_Upper,BB_Lower,MACD,Rolling_Std_10,Rolling_Volatility,OBV,ATR_14,BB_Width,CCI,Rolling_Median_Return",BB_Upper
RELIANCE,RELIANCE.NS,2024-01-05,2024,1,1,Bull,0,0.9583,SELL,0,0,0.9131,SELL,0,10,"BB_Upper,BB_Lower,MACD,Rolling_Std_10,Rolling_Volatility,OBV,ATR_14,BB_Width,CCI,Rolling_Median_Return",BB_Upper
RELIANCE,RELIANCE.NS,2024-01-08,2024,1,1,Bull,0,0.9446,SELL,0,0,0.933,SELL,0,10,"BB_Upper,BB_Lower,MACD,Rolling_Std_10,Rolling_Volatility,OBV,ATR_14,BB_Width,CCI,Rolling_Median_Return",BB_Upper
RELIANCE,RELIANCE.NS,2024-01-09,2024,1,1,Bull,0,0.938,SELL,0,0,0.9313,SELL,0,10,"BB_Upper,BB_Lower,MACD,Rolling_Std_10,Rolling_Volatility,OBV,ATR_14,BB_Width,CCI,Rolling_Median_Return",BB_Upper
RELIANCE,RELIANCE.NS,2024-01-10,2024,1,1,Bull,0,0.963,SELL,0,0,0.9486,SELL,0,10,"BB_Upper,BB_Lower,MACD,Rolling_Std_10,Rolling_Volatility,OBV,ATR_14,BB_Width,CCI,Rolling_Median_Return",BB_Upper
RELIANCE,RELIANCE.NS,2024-01-11,2024,1,1,Bull,0,0.97,SELL,0,0,0.9653,SELL,0,10,"BB_Upper,BB_Lower,MACD,Rolling_Std_10,Rolling_Volatility,OBV,ATR_14,BB_Width,CCI,Rolling_Median_Return",BB_Upper
RELIANCE,RELIANCE.NS,2024-01-12,2024,1,1,Bull,0,0.965,SELL,0,0,0.9552,SELL,0,10,"BB_Upper,BB_Lower,MACD,Rolling_Std_10,Rolling_Volatility,OBV,ATR_14,BB_Width,CCI,Rolling_Median_Return",BB_Upper
RELIANCE,RELIANCE.NS,2024-01-15,2024,1,1,Bull,0,0.9716,SELL,0,0,0.9652,SELL,0,10,"BB_Upper,BB_Lower,MACD,Rolling_Std_10,Rolling_Volatility,OBV,ATR_14,BB_Width,CCI,Rolling_Median_Return",BB_Upper
RELIANCE,RELIANCE.NS,2024-01-16,2024,1,1,Bull,0,0.9609,SELL,0,0,0.9625,SELL,0,10,"BB_Upper,BB_Lower,MACD,Rolling_Std_10,Rolling_Volatility,OBV,ATR_14,BB_Width,CCI,Rolling_Median_Return",BB_Upper
RELIANCE,RELIANCE.NS,2024-01-17,2024,1,1,Bull,0,0.7945,SELL,0,0,0.8956,SELL,0,10,"ATR_14,MACD,OBV,BB_Lower,RSI_14,Volume_MA,BB_Upper,Rolling_Volatility,MACD_Hist,MFI",ATR_14
RELIANCE,RELIANCE.NS,2024-01-18,2024,1,1,Bull,0,0.7345,SELL,0,0,0.8721,SELL,0,10,"ATR_14,MACD,OBV,BB_Lower,RSI_14,Volume_MA,BB_Upper,Rolling_Volatility,MACD_Hist,MFI",ATR_14
RELIANCE,RELIANCE.NS,2024-01-19,2024,1,1,Bull,0,0.6452,SELL,0,0,0.7766,SELL,0,10,"ATR_14,MACD,OBV,BB_Lower,RSI_14,Volume_MA,BB_Upper,Rolling_Volatility,MACD_Hist,MFI",ATR_14
RELIANCE,RELIANCE.NS,2024-01-23,2024,1,1,Bull,0,0.8884,SELL,0,0,0.948,SELL,0,10,"ATR_14,MACD,OBV,BB_Lower,RSI_14,Volume_MA,BB_Upper,Rolling_Volatility,MACD_Hist,MFI",ATR_14
RELIANCE,RELIANCE.NS,2024-01-24,2024,1,1,Bull,0,0.9282,SELL,0,0,0.9434,SELL,0,10,"ATR_14,MACD,OBV,BB_Lower,RSI_14,Volume_MA,BB_Upper,Rolling_Volatility,MACD_Hist,MFI",ATR_14
RELIANCE,RELIANCE.NS,2024-01-25,2024,1,1,Bull,0,0.9077,SELL,0,0,0.9384,SELL,0,10,"ATR_14,MACD,OBV,BB_Lower,RSI_14,Volume_MA,BB_Upper,Rolling_Volatility,MACD_Hist,MFI",ATR_14
RELIANCE,RELIANCE.NS,2024-01-29,2024,1,1,Bull,0,0.8075,SELL,0,0,0.8555,SELL,0,10,"ATR_14,MACD,OBV,BB_Lower,RSI_14,Volume_MA,BB_Upper,Rolling_Volatility,MACD_Hist,MFI",ATR_14
RELIANCE,RELIANCE.NS,2024-01-30,2024,1,1,Bull,0,0.7754,SELL,0,0,0.8501,SELL,0,10,"ATR_14,MACD,OBV,BB_Lower,RSI_14,Volume_MA,BB_Upper,Rolling_Volatility,MACD_Hist,MFI",ATR_14
RELIANCE,RELIANCE.NS,2024-01-31,2024,1,1,Bull,0,0.8416,SELL,0,0,0.844,SELL,0,10,"ATR_14,MACD,OBV,BB_Lower,RSI_14,Volume_MA,BB_Upper,Rolling_Volatility,MACD_Hist,MFI",ATR_14
RELIANCE,RELIANCE.NS,2024-02-01,2024,2,1,Bull,0,0.7732,SELL,0,0,0.8397,SELL,0,10,"ATR_14,MACD,OBV,BB_Lower,RSI_14,Volume_MA,BB_Upper,Rolling_Volatility,MACD_Hist,MFI",ATR_14
RELIANCE,RELIANCE.NS,2024-02-02,2024,2,1,Bull,0,0.8495,SELL,0,0,0.8276,SELL,0,10,"ATR_14,MACD,OBV,BB_Lower,RSI_14,Volume_MA,BB_Upper,Rolling_Volatility,MACD_Hist,MFI",ATR_14
RELIANCE,RELIANCE.NS,2024-02-05,2024,2,1,Bull,0,0.8452,SELL,0,0,0.9275,SELL,0,10,"ATR_14,MACD,OBV,BB_Lower,RSI_14,Volume_MA,BB_Upper,Rolling_Volatility,MACD_Hist,MFI",ATR_14
RELIANCE,RELIANCE.NS,2024-02-06,2024,2,1,Bull,0,0.8776,SELL,0,0,0.9508,SELL,0,10,"ATR_14,MACD,OBV,BB_Lower,RSI_14,Volume_MA,BB_Upper,Rolling_Volatility,MACD_Hist,MFI",ATR_14
RELIANCE,RELIANCE.NS,2024-02-07,2024,2,1,Bull,0,0.8906,SELL,0,0,0.9367,SELL,0,10,"ATR_14,MACD,OBV,BB_Lower,RSI_14,Volume_MA,BB_Upper,Rolling_Volatility,MACD_Hist,MFI",ATR_14
RELIANCE,RELIANCE.NS,2024-02-08,2024,2,1,Bull,0,0.8221,SELL,0,0,0.857,SELL,0,10,"ATR_14,MACD,OBV,BB_Lower,RSI_14,Volume_MA,BB_Upper,Rolling_Volatility,MACD_Hist,MFI",ATR_14
RELIANCE,RELIANCE.NS,2024-02-09,2024,2,1,Bull,0,0.8132,SELL,0,0,0.8177,SELL,0,10,"ATR_14,MACD,OBV,BB_Lower,RSI_14,Volume_MA,BB_Upper,Rolling_Volatility,MACD_Hist,MFI",ATR_14
RELIANCE,RELIANCE.NS,2024-02-12,2024,2,1,Bull,0,0.6663,SELL,0,0,0.8276,SELL,0,10,"ATR_14,MACD,OBV,BB_Lower,RSI_14,Volume_MA,BB_Upper,Rolling_Volatility,MACD_Hist,MFI",ATR_14
RELIANCE,RELIANCE.NS,2024-02-13,2024,2,0,Bull,0,0.6073,SELL,1,0,0.7844,SELL,1,10,"ATR_14,MACD,OBV,BB_Lower,RSI_14,Volume_MA,BB_Upper,Rolling_Volatility,MACD_Hist,MFI",ATR_14
RELIANCE,RELIANCE.NS,2024-02-14,2024,2,0,Bull,0,0.6239,SELL,1,0,0.8243,SELL,1,10,"ATR_14,MACD,OBV,BB_Lower,RSI_14,Volume_MA,BB_Upper,Rolling_Volatility,MACD_Hist,MFI",ATR_14
RELIANCE,RELIANCE.NS,2024-02-15,2024,2,0,Bull,-1,0.5334,NO TRADE,0,0,0.7732,SELL,1,10,"ATR_14,MACD,OBV,BB_Lower,RSI_14,Volume_MA,BB_Upper,Rolling_Volatility,MACD_Hist,MFI",ATR_14
RELIANCE,RELIANCE.NS,2024-02-16,2024,2,0,Bull,0,0.6395,SELL,1,0,0.8241,SELL,1,10,"ATR_14,MACD,OBV,BB_Lower,RSI_14,Volume_MA,BB_Upper,Rolling_Volatility,MACD_Hist,MFI",ATR_14
RELIANCE,RELIANCE.NS,2024-02-19,2024,2,0,Bull,0,0.6526,SELL,1,0,0.7949,SELL,1,10,"ATR_14,MACD,OBV,BB_Lower,RSI_14,Volume_MA,BB_Upper,Rolling_Volatility,MACD_Hist,MFI",ATR_14
RELIANCE,RELIANCE.NS,2024-02-20,2024,2,0,Bull,0,0.6048,SELL,1,0,0.7924,SELL,1,10,"ATR_14,MACD,OBV,BB_Lower,RSI_14,Volume_MA,BB_Upper,Rolling_Volatility,MACD_Hist,MFI",ATR_14
RELIANCE,RELIANCE.NS,2024-02-21,2024,2,0,Bull,0,0.8406,SELL,1,0,0.9145,SELL,1,10,"ATR_14,MACD,OBV,BB_Lower,RSI_14,Volume_MA,BB_Upper,Rolling_Volatility,MACD_Hist,MFI",ATR_14
RELIANCE,RELIANCE.NS,2024-02-22,2024,2,0,Bull,0,0.8382,SELL,1,0,0.8807,SELL,1,10,"ATR_14,MACD,OBV,BB_Lower,RSI_14,Volume_MA,BB_Upper,Rolling_Volatility,MACD_Hist,MFI",ATR_14
RELIANCE,RELIANCE.NS,2024-02-23,2024,2,0,Bull,0,0.8798,SELL,1,0,0.9046,SELL,1,10,"ATR_14,MACD,OBV,BB_Lower,RSI_14,Volume_MA,BB_Upper,Rolling_Volatility,MACD_Hist,MFI",ATR_14
RELIANCE,RELIANCE.NS,2024-02-26,2024,2,1,Bull,0,0.7417,SELL,0,0,0.7921,SELL,0,10,"ATR_14,MACD,OBV,BB_Lower,RSI_14,Volume_MA,BB_Upper,Rolling_Volatility,MACD_Hist,MFI",ATR_14
RELIANCE,RELIANCE.NS,2024-02-27,2024,2,1,Bull,0,0.6703,SELL,0,0,0.6707,SELL,0,10,"ATR_14,MACD,OBV,BB_Lower,RSI_14,Volume_MA,BB_Upper,Rolling_Volatility,MACD_Hist,MFI",ATR_14
RELIANCE,RELIANCE.NS,2024-02-28,2024,2,1,Bull,0,0.7395,SELL,0,0,0.7524,SELL,0,10,"ATR_14,MACD,OBV,BB_Lower,RSI_14,Volume_MA,BB_Upper,Rolling_Volatility,MACD_Hist,MFI",ATR_14
RELIANCE,RELIANCE.NS,2024-02-29,2024,2,1,Bull,0,0.8919,SELL,0,0,0.8879,SELL,0,10,"ATR_14,MACD,OBV,BB_Lower,RSI_14,Volume_MA,BB_Upper,Rolling_Volatility,MACD_Hist,MFI",ATR_14
RELIANCE,RELIANCE.NS,2024-03-01,2024,3,0,Bull,0,0.8225,SELL,1,0,0.7859,SELL,1,10,"ATR_14,MACD,OBV,BB_Lower,RSI_14,Volume_MA,BB_Upper,Rolling_Volatility,MACD_Hist,MFI",ATR_14
RELIANCE,RELIANCE.NS,2024-03-04,2024,3,0,Bull,0,0.7286,SELL,1,0,0.7379,SELL,1,10,"ATR_14,MACD,OBV,BB_Lower,RSI_14,Volume_MA,BB_Upper,Rolling_Volatility,MACD_Hist,MFI",ATR_14
RELIANCE,RELIANCE.NS,2024-03-05,2024,3,0,Bull,0,0.7907,SELL,1,0,0.8754,SELL,1,10,"ATR_14,MACD,OBV,BB_Lower,RSI_14,Volume_MA,BB_Upper,Rolling_Volatility,MACD_Hist,MFI",ATR_14
RELIANCE,RELIANCE.NS,2024-03-06,2024,3,0,Bull,0,0.793,SELL,1,0,0.8508,SELL,1,10,"ATR_14,MACD,OBV,BB_Lower,RSI_14,Volume_MA,BB_Upper,Rolling_Volatility,MACD_Hist,MFI",ATR_14
RELIANCE,RELIANCE.NS,2024-03-07,2024,3,0,Bull,0,0.8391,SELL,1,0,0.8722,SELL,1,10,"ATR_14,MACD,OBV,BB_Lower,RSI_14,Volume_MA,BB_Upper,Rolling_Volatility,MACD_Hist,MFI",ATR_14
RELIANCE,RELIANCE.NS,2024-03-11,2024,3,1,Bull,0,0.8719,SELL,0,0,0.905,SELL,0,10,"ATR_14,MACD,OBV,BB_Lower,RSI_14,Volume_MA,BB_Upper,Rolling_Volatility,MACD_Hist,MFI",ATR_14
RELIANCE,RELIANCE.NS,2024-03-12,2024,3,0,Bull,0,0.905,SELL,1,0,0.905,SELL,1,10,"ATR_14,MACD,OBV,BB_Lower,RSI_14,Volume_MA,BB_Upper,Rolling_Volatility,MACD_Hist,MFI",ATR_14
RELIANCE,RELIANCE.NS,2024-03-13,2024,3,1,Bull,0,0.9366,SELL,0,0,0.961,SELL,0,10,"ATR_14,MACD,OBV,BB_Lower,RSI_14,Volume_MA,BB_Upper,Rolling_Volatility,MACD_Hist,MFI",ATR_14
RELIANCE,RELIANCE.NS,2024-03-14,2024,3,1,Bull,0,0.9632,SELL,0,0,0.9745,SELL,0,10,"ATR_14,MACD,OBV,BB_Lower,RSI_14,Volume_MA,BB_Upper,Rolling_Volatility,MACD_Hist,MFI",ATR_14
RELIANCE,RELIANCE.NS,2024-03-15,2024,3,1,Bull,0,0.9728,SELL,0,0,0.98,SELL,0,10,"ATR_14,MACD,OBV,BB_Lower,RSI_14,Volume_MA,BB_Upper,Rolling_Volatility,MACD_Hist,MFI",ATR_14
RELIANCE,RELIANCE.NS,2024-03-18,2024,3,1,Bull,0,0.9813,SELL,0,0,0.9846,SELL,0,10,"ATR_14,MACD,OBV,BB_Lower,RSI_14,Volume_MA,BB_Upper,Rolling_Volatility,MACD_Hist,MFI",ATR_14
RELIANCE,RELIANCE.NS,2024-03-19,2024,3,1,Bull,0,0.9775,SELL,0,0,0.9847,SELL,0,10,"ATR_14,MACD,OBV,BB_Lower,RSI_14,Volume_MA,BB_Upper,Rolling_Volatility,MACD_Hist,MFI",ATR_14
RELIANCE,RELIANCE.NS,2024-03-20,2024,3,1,Bull,0,0.9815,SELL,0,0,0.984,SELL,0,10,"ATR_14,MACD,OBV,BB_Lower,RSI_14,Volume_MA,BB_Upper,Rolling_Volatility,MACD_Hist,MFI",ATR_14
RELIANCE,RELIANCE.NS,2024-03-21,2024,3,0,Bull,0,0.9755,SELL,1,0,0.9765,SELL,1,10,"ATR_14,MACD,OBV,BB_Lower,RSI_14,Volume_MA,BB_Upper,Rolling_Volatility,MACD_Hist,MFI",ATR_14
RELIANCE,RELIANCE.NS,2024-03-22,2024,3,1,Bull,0,0.9831,SELL,0,0,0.9767,SELL,0,10,"ATR_14,MACD,OBV,BB_Lower,RSI_14,Volume_MA,BB_Upper,Rolling_Volatility,MACD_Hist,MFI",ATR_14
RELIANCE,RELIANCE.NS,2024-03-26,2024,3,1,Bull,0,0.9736,SELL,0,0,0.9665,SELL,0,10,"ATR_14,MACD,OBV,BB_Lower,RSI_14,Volume_MA,BB_Upper,Rolling_Volatility,MACD_Hist,MFI",ATR_14
RELIANCE,RELIANCE.NS,2024-03-27,2024,3,0,Bull,0,0.9702,SELL,1,0,0.9775,SELL,1,10,"ATR_14,MACD,OBV,BB_Lower,RSI_14,Volume_MA,BB_Upper,Rolling_Volatility,MACD_Hist,MFI",ATR_14
RELIANCE,RELIANCE.NS,2024-03-28,2024,3,0,Bull,0,0.9653,SELL,1,0,0.9742,SELL,1,10,"ATR_14,MACD,OBV,BB_Lower,RSI_14,Volume_MA,BB_Upper,Rolling_Volatility,MACD_Hist,MFI",ATR_14
RELIANCE,RELIANCE.NS,2024-04-01,2024,4,0,Bull,0,0.9503,SELL,1,0,0.9724,SELL,1,10,"ATR_14,MACD,OBV,BB_Lower,RSI_14,Volume_MA,BB_Upper,Rolling_Volatility,MACD_Hist,MFI",ATR_14
RELIANCE,RELIANCE.NS,2024-04-02,2024,4,0,Bull,0,0.9527,SELL,1,0,0.9636,SELL,1,10,"ATR_14,MACD,OBV,BB_Lower,RSI_14,Volume_MA,BB_Upper,Rolling_Volatility,MACD_Hist,MFI",ATR_14
RELIANCE,RELIANCE.NS,2024-04-03,2024,4,0,Bull,0,0.9424,SELL,1,0,0.9602,SELL,1,10,"ATR_14,MACD,OBV,BB_Lower,RSI_14,Volume_MA,BB_Upper,Rolling_Volatility,MACD_Hist,MFI",ATR_14
RELIANCE,RELIANCE.NS,2024-04-04,2024,4,0,Bull,0,0.9597,SELL,1,0,0.9692,SELL,1,10,"ATR_14,MACD,OBV,BB_Lower,RSI_14,Volume_MA,BB_Upper,Rolling_Volatility,MACD_Hist,MFI",ATR_14
RELIANCE,RELIANCE.NS,2024-04-05,2024,4,0,Bull,0,0.9547,SELL,1,0,0.967,SELL,1,10,"ATR_14,MACD,OBV,BB_Lower,RSI_14,Volume_MA,BB_Upper,Rolling_Volatility,MACD_Hist,MFI",ATR_14
RELIANCE,RELIANCE.NS,2024-04-08,2024,4,0,Bull,0,0.943,SELL,1,0,0.9399,SELL,1,10,"ATR_14,MACD,OBV,BB_Lower,RSI_14,Volume_MA,BB_Upper,Rolling_Volatility,MACD_Hist,MFI",ATR_14
RELIANCE,RELIANCE.NS,2024-04-09,2024,4,0,Bull,0,0.9213,SELL,1,0,0.9503,SELL,1,10,"ATR_14,MACD,OBV,BB_Lower,RSI_14,Volume_MA,BB_Upper,Rolling_Volatility,MACD_Hist,MFI",ATR_14
RELIANCE,RELIANCE.NS,2024-04-10,2024,4,0,Bull,0,0.9367,SELL,1,0,0.9222,SELL,1,10,"ATR_14,MACD,OBV,BB_Lower,RSI_14,Volume_MA,BB_Upper,Rolling_Volatility,MACD_Hist,MFI",ATR_14
RELIANCE,RELIANCE.NS,2024-04-12,2024,4,0,Bull,0,0.9517,SELL,1,0,0.9739,SELL,1,10,"ATR_14,MACD,OBV,BB_Lower,RSI_14,Volume_MA,BB_Upper,Rolling_Volatility,MACD_Hist,MFI",ATR_14
RELIANCE,RELIANCE.NS,2024-04-15,2024,4,0,Sideways,0,0.9634,SELL,1,0,0.9767,SELL,1,10,"ATR_14,MACD,OBV,BB_Lower,RSI_14,Volume_MA,BB_Upper,Rolling_Volatility,MACD_Hist,MFI",ATR_14
RELIANCE,RELIANCE.NS,2024-04-16,2024,4,0,Bull,0,0.9579,SELL,1,0,0.9684,SELL,1,10,"ATR_14,MACD,OBV,BB_Lower,RSI_14,Volume_MA,BB_Upper,Rolling_Volatility,MACD_Hist,MFI",ATR_14
RELIANCE,RELIANCE.NS,2024-04-18,2024,4,0,Bull,0,0.9581,SELL,1,0,0.9702,SELL,1,10,"ATR_14,MACD,OBV,BB_Lower,RSI_14,Volume_MA,BB_Upper,Rolling_Volatility,MACD_Hist,MFI",ATR_14
RELIANCE,RELIANCE.NS,2024-04-19,2024,4,0,Bull,0,0.7677,SELL,1,0,0.8516,SELL,1,10,"BB_Lower,MACD_Signal,ATR_14,Volume_MA,RSI_14,OBV,BB_Upper,Rolling_Mean_Return,MACD_Hist,BB_Width",BB_Lower
RELIANCE,RELIANCE.NS,2024-04-22,2024,4,0,Sideways,0,0.7756,SELL,1,0,0.8468,SELL,1,10,"BB_Lower,MACD_Signal,ATR_14,Volume_MA,RSI_14,OBV,BB_Upper,Rolling_Mean_Return,MACD_Hist,BB_Width",BB_Lower
RELIANCE,RELIANCE.NS,2024-04-23,2024,4,1,Bull,0,0.7888,SELL,0,0,0.8466,SELL,0,10,"BB_Lower,MACD_Signal,ATR_14,Volume_MA,RSI_14,OBV,BB_Upper,Rolling_Mean_Return,MACD_Hist,BB_Width",BB_Lower
RELIANCE,RELIANCE.NS,2024-04-24,2024,4,1,Sideways,0,0.768,SELL,0,0,0.8188,SELL,0,10,"BB_Lower,MACD_Signal,ATR_14,Volume_MA,RSI_14,OBV,BB_Upper,Rolling_Mean_Return,MACD_Hist,BB_Width",BB_Lower
RELIANCE,RELIANCE.NS,2024-04-25,2024,4,1,Sideways,0,0.7403,SELL,0,0,0.8461,SELL,0,10,"BB_Lower,MACD_Signal,ATR_14,Volume_MA,RSI_14,OBV,BB_Upper,Rolling_Mean_Return,MACD_Hist,BB_Width",BB_Lower
RELIANCE,RELIANCE.NS,2024-04-26,2024,4,1,Sideways,0,0.7236,SELL,0,0,0.8005,SELL,0,10,"BB_Lower,MACD_Signal,ATR_14,Volume_MA,RSI_14,OBV,BB_Upper,Rolling_Mean_Return,MACD_Hist,BB_Width",BB_Lower
RELIANCE,RELIANCE.NS,2024-04-29,2024,4,0,Sideways,0,0.7173,SELL,1,0,0.7568,SELL,1,10,"BB_Lower,MACD_Signal,ATR_14,Volume_MA,RSI_14,OBV,BB_Upper,Rolling_Mean_Return,MACD_Hist,BB_Width",BB_Lower
RELIANCE,RELIANCE.NS,2024-04-30,2024,4,0,Sideways,0,0.6788,SELL,1,0,0.6684,SELL,1,10,"BB_Lower,MACD_Signal,ATR_14,Volume_MA,RSI_14,OBV,BB_Upper,Rolling_Mean_Return,MACD_Hist,BB_Width",BB_Lower
RELIANCE,RELIANCE.NS,2024-05-02,2024,5,0,Sideways,0,0.6282,SELL,1,0,0.6373,SELL,1,10,"BB_Lower,MACD_Signal,ATR_14,Volume_MA,RSI_14,OBV,BB_Upper,Rolling_Mean_Return,MACD_Hist,BB_Width",BB_Lower
RELIANCE,RELIANCE.NS,2024-05-03,2024,5,1,Sideways,0,0.6537,SELL,0,0,0.7085,SELL,0,10,"BB_Lower,MACD_Signal,ATR_14,Volume_MA,RSI_14,OBV,BB_Upper,Rolling_Mean_Return,MACD_Hist,BB_Width",BB_Lower
RELIANCE,RELIANCE.NS,2024-05-06,2024,5,0,Sideways,0,0.5876,SELL,1,0,0.747,SELL,1,10,"BB_Lower,MACD_Signal,ATR_14,Volume_MA,RSI_14,OBV,BB_Upper,Rolling_Mean_Return,MACD_Hist,BB_Width",BB_Lower
RELIANCE,RELIANCE.NS,2024-05-07,2024,5,1,Bear,0,0.5738,SELL,0,0,0.754,SELL,0,10,"BB_Lower,MACD_Signal,ATR_14,Volume_MA,RSI_14,OBV,BB_Upper,Rolling_Mean_Return,MACD_Hist,BB_Width",BB_Lower
RELIANCE,RELIANCE.NS,2024-05-08,2024,5,1,Bear,0,0.6923,SELL,0,0,0.7914,SELL,0,10,"BB_Lower,MACD_Signal,ATR_14,Volume_MA,RSI_14,OBV,BB_Upper,Rolling_Mean_Return,MACD_Hist,BB_Width",BB_Lower
RELIANCE,RELIANCE.NS,2024-05-09,2024,5,1,Bear,0,0.6782,SELL,0,0,0.7883,SELL,0,10,"BB_Lower,MACD_Signal,ATR_14,Volume_MA,RSI_14,OBV,BB_Upper,Rolling_Mean_Return,MACD_Hist,BB_Width",BB_Lower
RELIANCE,RELIANCE.NS,2024-05-10,2024,5,1,Bear,0,0.7363,SELL,0,0,0.8125,SELL,0,10,"BB_Lower,MACD_Signal,ATR_14,Volume_MA,RSI_14,OBV,BB_Upper,Rolling_Mean_Return,MACD_Hist,BB_Width",BB_Lower
RELIANCE,RELIANCE.NS,2024-05-13,2024,5,1,Bear,0,0.7474,SELL,0,0,0.8162,SELL,0,10,"BB_Lower,MACD_Signal,ATR_14,Volume_MA,RSI_14,OBV,BB_Upper,Rolling_Mean_Return,MACD_Hist,BB_Width",BB_Lower
RELIANCE,RELIANCE.NS,2024-05-14,2024,5,1,Bear,0,0.7485,SELL,0,0,0.7978,SELL,0,10,"BB_Lower,MACD_Signal,ATR_14,Volume_MA,RSI_14,OBV,BB_Upper,Rolling_Mean_Return,MACD_Hist,BB_Width",BB_Lower
RELIANCE,RELIANCE.NS,2024-05-15,2024,5,1,Bear,0,0.5729,SELL,0,0,0.6198,SELL,0,10,"BB_Lower,MACD_Signal,ATR_14,Volume_MA,RSI_14,OBV,BB_Upper,Rolling_Mean_Return,MACD_Hist,BB_Width",BB_Lower
RELIANCE,RELIANCE.NS,2024-05-16,2024,5,1,Bear,0,0.7279,SELL,0,0,0.7337,SELL,0,10,"BB_Lower,MACD_Signal,ATR_14,Volume_MA,RSI_14,OBV,BB_Upper,Rolling_Mean_Return,MACD_Hist,BB_Width",BB_Lower
RELIANCE,RELIANCE.NS,2024-05-17,2024,5,1,Sideways,0,0.6609,SELL,0,0,0.6675,SELL,0,10,"BB_Lower,MACD_Signal,ATR_14,Volume_MA,RSI_14,OBV,BB_Upper,Rolling_Mean_Return,MACD_Hist,BB_Width",BB_Lower
RELIANCE,RELIANCE.NS,2024-05-21,2024,5,1,Sideways,0,0.6114,SELL,0,0,0.6292,SELL,0,10,"BB_Lower,MACD_Signal,ATR_14,Volume_MA,RSI_14,OBV,BB_Upper,Rolling_Mean_Return,MACD_Hist,BB_Width",BB_Lower
RELIANCE,RELIANCE.NS,2024-05-22,2024,5,1,Bear,0,0.5708,SELL,0,-1,0.5199,NO TRADE,0,10,"BB_Lower,MACD_Signal,ATR_14,Volume_MA,RSI_14,OBV,BB_Upper,Rolling_Mean_Return,MACD_Hist,BB_Width",BB_Lower
RELIANCE,RELIANCE.NS,2024-05-23,2024,5,0,Bear,0,0.5537,SELL,1,0,0.5548,SELL,1,10,"BB_Lower,MACD_Signal,ATR_14,Volume_MA,RSI_14,OBV,BB_Upper,Rolling_Mean_Return,MACD_Hist,BB_Width",BB_Lower
RELIANCE,RELIANCE.NS,2024-05-24,2024,5,0,Sideways,-1,0.5282,NO TRADE,0,0,0.5698,SELL,1,10,"BB_Lower,MACD_Signal,ATR_14,Volume_MA,RSI_14,OBV,BB_Upper,Rolling_Mean_Return,MACD_Hist,BB_Width",BB_Lower
RELIANCE,RELIANCE.NS,2024-05-27,2024,5,0,Sideways,0,0.5888,SELL,1,-1,0.5108,NO TRADE,0,10,"BB_Lower,MACD_Signal,ATR_14,Volume_MA,RSI_14,OBV,BB_Upper,Rolling_Mean_Return,MACD_Hist,BB_Width",BB_Lower
RELIANCE,RELIANCE.NS,2024-05-28,2024,5,1,Sideways,-1,0.5271,NO TRADE,0,-1,0.5003,NO TRADE,0,10,"BB_Lower,MACD_Signal,ATR_14,Volume_MA,RSI_14,OBV,BB_Upper,Rolling_Mean_Return,MACD_Hist,BB_Width",BB_Lower
RELIANCE,RELIANCE.NS,2024-05-29,2024,5,1,Sideways,0,0.5521,SELL,0,-1,0.5118,NO TRADE,0,10,"BB_Lower,MACD_Signal,ATR_14,Volume_MA,RSI_14,OBV,BB_Upper,Rolling_Mean_Return,MACD_Hist,BB_Width",BB_Lower
RELIANCE,RELIANCE.NS,2024-05-30,2024,5,1,Sideways,0,0.5745,SELL,0,0,0.5888,SELL,0,10,"BB_Lower,MACD_Signal,ATR_14,Volume_MA,RSI_14,OBV,BB_Upper,Rolling_Mean_Return,MACD_Hist,BB_Width",BB_Lower
RELIANCE,RELIANCE.NS,2024-05-31,2024,5,1,Sideways,0,0.635,SELL,0,0,0.6024,SELL,0,10,"BB_Lower,MACD_Signal,ATR_14,Volume_MA,RSI_14,OBV,BB_Upper,Rolling_Mean_Return,MACD_Hist,BB_Width",BB_Lower
RELIANCE,RELIANCE.NS,2024-06-03,2024,6,1,Sideways,0,0.7755,SELL,0,0,0.5586,SELL,0,10,"BB_Lower,MACD_Signal,ATR_14,Volume_MA,RSI_14,OBV,BB_Upper,Rolling_Mean_Return,MACD_Hist,BB_Width",BB_Lower
RELIANCE,RELIANCE.NS,2024-06-04,2024,6,1,Bull,-1,0.5022,NO TRADE,0,0,0.5965,SELL,0,10,"BB_Lower,MACD_Signal,ATR_14,Volume_MA,RSI_14,OBV,BB_Upper,Rolling_Mean_Return,MACD_Hist,BB_Width",BB_Lower
RELIANCE,RELIANCE.NS,2024-06-05,2024,6,1,Sideways,0,0.6782,SELL,0,0,0.6416,SELL,0,10,"BB_Lower,MACD_Signal,ATR_14,Volume_MA,RSI_14,OBV,BB_Upper,Rolling_Mean_Return,MACD_Hist,BB_Width",BB_Lower
RELIANCE,RELIANCE.NS,2024-06-06,2024,6,1,Sideways,0,0.7236,SELL,0,0,0.6707,SELL,0,10,"BB_Lower,MACD_Signal,ATR_14,Volume_MA,RSI_14,OBV,BB_Upper,Rolling_Mean_Return,MACD_Hist,BB_Width",BB_Lower
RELIANCE,RELIANCE.NS,2024-06-07,2024,6,1,Sideways,0,0.6978,SELL,0,0,0.7152,SELL,0,10,"BB_Lower,MACD_Signal,ATR_14,Volume_MA,RSI_14,OBV,BB_Upper,Rolling_Mean_Return,MACD_Hist,BB_Width",BB_Lower
RELIANCE,RELIANCE.NS,2024-06-10,2024,6,1,Sideways,0,0.6958,SELL,0,0,0.6606,SELL,0,10,"BB_Lower,MACD_Signal,ATR_14,Volume_MA,RSI_14,OBV,BB_Upper,Rolling_Mean_Return,MACD_Hist,BB_Width",BB_Lower
RELIANCE,RELIANCE.NS,2024-06-11,2024,6,1,Sideways,0,0.6386,SELL,0,0,0.6813,SELL,0,10,"BB_Lower,MACD_Signal,ATR_14,Volume_MA,RSI_14,OBV,BB_Upper,Rolling_Mean_Return,MACD_Hist,BB_Width",BB_Lower
RELIANCE,RELIANCE.NS,2024-06-12,2024,6,1,Sideways,0,0.6477,SELL,0,0,0.6964,SELL,0,10,"BB_Lower,MACD_Signal,ATR_14,Volume_MA,RSI_14,OBV,BB_Upper,Rolling_Mean_Return,MACD_Hist,BB_Width",BB_Lower
RELIANCE,RELIANCE.NS,2024-06-13,2024,6,1,Sideways,0,0.6359,SELL,0,0,0.6647,SELL,0,10,"BB_Lower,MACD_Signal,ATR_14,Volume_MA,RSI_14,OBV,BB_Upper,Rolling_Mean_Return,MACD_Hist,BB_Width",BB_Lower
RELIANCE,RELIANCE.NS,2024-06-14,2024,6,1,Sideways,0,0.5874,SELL,0,0,0.6152,SELL,0,10,"BB_Lower,MACD_Signal,ATR_14,Volume_MA,RSI_14,OBV,BB_Upper,Rolling_Mean_Return,MACD_Hist,BB_Width",BB_Lower
RELIANCE,RELIANCE.NS,2024-06-18,2024,6,1,Sideways,-1,0.507,NO TRADE,0,0,0.6152,SELL,0,10,"BB_Lower,MACD_Signal,ATR_14,Volume_MA,RSI_14,OBV,BB_Upper,Rolling_Mean_Return,MACD_Hist,BB_Width",BB_Lower
RELIANCE,RELIANCE.NS,2024-06-19,2024,6,1,Sideways,0,0.5751,SELL,0,0,0.7016,SELL,0,10,"BB_Lower,MACD_Signal,ATR_14,Volume_MA,RSI_14,OBV,BB_Upper,Rolling_Mean_Return,MACD_Hist,BB_Width",BB_Lower
RELIANCE,RELIANCE.NS,2024-06-20,2024,6,1,Sideways,-1,0.5264,NO TRADE,0,0,0.701,SELL,0,10,"BB_Lower,MACD_Signal,ATR_14,Volume_MA,RSI_14,OBV,BB_Upper,Rolling_Mean_Return,MACD_Hist,BB_Width",BB_Lower
RELIANCE,RELIANCE.NS,2024-06-21,2024,6,1,Sideways,0,0.6146,SELL,0,0,0.7366,SELL,0,10,"BB_Lower,MACD_Signal,ATR_14,Volume_MA,RSI_14,OBV,BB_Upper,Rolling_Mean_Return,MACD_Hist,BB_Width",BB_Lower
RELIANCE,RELIANCE.NS,2024-06-24,2024,6,1,Sideways,0,0.6004,SELL,0,0,0.7199,SELL,0,10,"BB_Lower,MACD_Signal,ATR_14,Volume_MA,RSI_14,OBV,BB_Upper,Rolling_Mean_Return,MACD_Hist,BB_Width",BB_Lower
RELIANCE,RELIANCE.NS,2024-06-25,2024,6,1,Sideways,0,0.6419,SELL,0,0,0.7853,SELL,0,10,"BB_Lower,MACD_Signal,ATR_14,Volume_MA,RSI_14,OBV,BB_Upper,Rolling_Mean_Return,MACD_Hist,BB_Width",BB_Lower
RELIANCE,RELIANCE.NS,2024-06-26,2024,6,0,Sideways,-1,0.513,NO TRADE,0,0,0.6684,SELL,1,10,"BB_Lower,MACD_Signal,ATR_14,Volume_MA,RSI_14,OBV,BB_Upper,Rolling_Mean_Return,MACD_Hist,BB_Width",BB_Lower
RELIANCE,RELIANCE.NS,2024-06-27,2024,6,0,Bull,-1,0.5233,NO TRADE,0,0,0.6402,SELL,1,10,"BB_Lower,MACD_Signal,ATR_14,Volume_MA,RSI_14,OBV,BB_Upper,Rolling_Mean_Return,MACD_Hist,BB_Width",BB_Lower
RELIANCE,RELIANCE.NS,2024-06-28,2024,6,0,Bull,1,0.582,BUY,0,-1,0.539,NO TRADE,0,10,"BB_Lower,MACD_Signal,ATR_14,Volume_MA,RSI_14,OBV,BB_Upper,Rolling_Mean_Return,MACD_Hist,BB_Width",BB_Lower
RELIANCE,RELIANCE.NS,2024-07-01,2024,7,0,Bull,1,0.5831,BUY,0,-1,0.5214,NO TRADE,0,10,"BB_Lower,MACD_Signal,ATR_14,Volume_MA,RSI_14,OBV,BB_Upper,Rolling_Mean_Return,MACD_Hist,BB_Width",BB_Lower
RELIANCE,RELIANCE.NS,2024-07-02,2024,7,0,Bull,-1,0.54,NO TRADE,0,-1,0.5251,NO TRADE,0,10,"BB_Lower,MACD_Signal,ATR_14,Volume_MA,RSI_14,OBV,BB_Upper,Rolling_Mean_Return,MACD_Hist,BB_Width",BB_Lower
RELIANCE,RELIANCE.NS,2024-07-03,2024,7,0,Bull,0,0.7112,SELL,1,0,0.6123,SELL,1,10,"BB_Lower,MACD_Signal,ATR_14,Volume_MA,RSI_14,OBV,BB_Upper,Rolling_Mean_Return,MACD_Hist,BB_Width",BB_Lower
RELIANCE,RELIANCE.NS,2024-07-04,2024,7,0,Bull,0,0.719,SELL,1,0,0.6372,SELL,1,10,"BB_Lower,MACD_Signal,ATR_14,Volume_MA,RSI_14,OBV,BB_Upper,Rolling_Mean_Return,MACD_Hist,BB_Width",BB_Lower
RELIANCE,RELIANCE.NS,2024-07-05,2024,7,0,Bull,0,0.6083,SELL,1,-1,0.5359,NO TRADE,0,10,"BB_Lower,MACD_Signal,ATR_14,Volume_MA,RSI_14,OBV,BB_Upper,Rolling_Mean_Return,MACD_Hist,BB_Width",BB_Lower
RELIANCE,RELIANCE.NS,2024-07-08,2024,7,0,Bull,0,0.6009,SELL,1,1,0.5834,BUY,0,10,"BB_Lower,MACD_Signal,ATR_14,Volume_MA,RSI_14,OBV,BB_Upper,Rolling_Mean_Return,MACD_Hist,BB_Width",BB_Lower
RELIANCE,RELIANCE.NS,2024-07-09,2024,7,0,Bull,0,0.5955,SELL,1,1,0.5875,BUY,0,10,"BB_Lower,MACD_Signal,ATR_14,Volume_MA,RSI_14,OBV,BB_Upper,Rolling_Mean_Return,MACD_Hist,BB_Width",BB_Lower
RELIANCE,RELIANCE.NS,2024-07-10,2024,7,0,Bull,0,0.5529,SELL,1,-1,0.5416,NO TRADE,0,10,"BB_Lower,MACD_Signal,ATR_14,Volume_MA,RSI_14,OBV,BB_Upper,Rolling_Mean_Return,MACD_Hist,BB_Width",BB_Lower
RELIANCE,RELIANCE.NS,2024-07-11,2024,7,0,Bull,0,0.5982,SELL,1,-1,0.534,NO TRADE,0,10,"BB_Lower,MACD_Signal,ATR_14,Volume_MA,RSI_14,OBV,BB_Upper,Rolling_Mean_Return,MACD_Hist,BB_Width",BB_Lower
RELIANCE,RELIANCE.NS,2024-07-12,2024,7,0,Bull,0,0.6101,SELL,1,1,0.6754,BUY,0,10,"BB_Lower,MACD_Signal,ATR_14,Volume_MA,RSI_14,OBV,BB_Upper,Rolling_Mean_Return,MACD_Hist,BB_Width",BB_Lower
RELIANCE,RELIANCE.NS,2024-07-15,2024,7,0,Bull,0,0.5962,SELL,1,1,0.6471,BUY,0,10,"BB_Lower,MACD_Signal,ATR_14,Volume_MA,RSI_14,OBV,BB_Upper,Rolling_Mean_Return,MACD_Hist,BB_Width",BB_Lower
RELIANCE,RELIANCE.NS,2024-07-16,2024,7,0,Bull,0,0.7771,SELL,1,0,0.5961,SELL,1,10,"BB_Lower,MACD_Signal,ATR_14,Volume_MA,RSI_14,OBV,BB_Upper,Rolling_Mean_Return,MACD_Hist,BB_Width",BB_Lower
RELIANCE,RELIANCE.NS,2024-07-18,2024,7,0,Bull,0,0.8621,SELL,1,0,0.8783,SELL,1,10,"BB_Lower,Volume_MA,OBV,ATR_14,BB_Upper,Rolling_Volatility,RSI_14,MACD_Signal,Rolling_Std_10,ROC",BB_Lower
RELIANCE,RELIANCE.NS,2024-07-19,2024,7,0,Bull,0,0.8515,SELL,1,0,0.8199,SELL,1,10,"BB_Lower,Volume_MA,OBV,ATR_14,BB_Upper,Rolling_Volatility,RSI_14,MACD_Signal,Rolling_Std_10,ROC",BB_Lower
RELIANCE,RELIANCE.NS,2024-07-22,2024,7,1,Bull,0,0.8141,SELL,0,0,0.7523,SELL,0,10,"BB_Lower,Volume_MA,OBV,ATR_14,BB_Upper,Rolling_Volatility,RSI_14,MACD_Signal,Rolling_Std_10,ROC",BB_Lower
RELIANCE,RELIANCE.NS,2024-07-23,2024,7,1,Bull,0,0.7135,SELL,0,0,0.7253,SELL,0,10,"BB_Lower,Volume_MA,OBV,ATR_14,BB_Upper,Rolling_Volatility,RSI_14,MACD_Signal,Rolling_Std_10,ROC",BB_Lower
RELIANCE,RELIANCE.NS,2024-07-24,2024,7,1,Bull,0,0.7895,SELL,0,0,0.7514,SELL,0,10,"BB_Lower,Volume_MA,OBV,ATR_14,BB_Upper,Rolling_Volatility,RSI_14,MACD_Signal,Rolling_Std_10,ROC",BB_Lower
RELIANCE,RELIANCE.NS,2024-07-25,2024,7,1,Bull,0,0.7004,SELL,0,0,0.6854,SELL,0,10,"BB_Lower,Volume_MA,OBV,ATR_14,BB_Upper,Rolling_Volatility,RSI_14,MACD_Signal,Rolling_Std_10,ROC",BB_Lower
RELIANCE,RELIANCE.NS,2024-07-26,2024,7,1,Bull,0,0.7718,SELL,0,0,0.6505,SELL,0,10,"BB_Lower,Volume_MA,OBV,ATR_14,BB_Upper,Rolling_Volatility,RSI_14,MACD_Signal,Rolling_Std_10,ROC",BB_Lower
RELIANCE,RELIANCE.NS,2024-07-29,2024,7,0,Bull,0,0.8017,SELL,1,0,0.6412,SELL,1,10,"BB_Lower,Volume_MA,OBV,ATR_14,BB_Upper,Rolling_Volatility,RSI_14,MACD_Signal,Rolling_Std_10,ROC",BB_Lower
RELIANCE,RELIANCE.NS,2024-07-30,2024,7,0,Bull,0,0.7126,SELL,1,0,0.6384,SELL,1,10,"BB_Lower,Volume_MA,OBV,ATR_14,BB_Upper,Rolling_Volatility,RSI_14,MACD_Signal,Rolling_Std_10,ROC",BB_Lower
RELIANCE,RELIANCE.NS,2024-07-31,2024,7,1,Bull,0,0.7009,SELL,0,0,0.6357,SELL,0,10,"BB_Lower,Volume_MA,OBV,ATR_14,BB_Upper,Rolling_Volatility,RSI_14,MACD_Signal,Rolling_Std_10,ROC",BB_Lower
RELIANCE,RELIANCE.NS,2024-08-01,2024,8,0,Bull,0,0.7467,SELL,1,0,0.6401,SELL,1,10,"BB_Lower,Volume_MA,OBV,ATR_14,BB_Upper,Rolling_Volatility,RSI_14,MACD_Signal,Rolling_Std_10,ROC",BB_Lower
RELIANCE,RELIANCE.NS,2024-08-02,2024,8,1,Bull,0,0.7348,SELL,0,0,0.6045,SELL,0,10,"BB_Lower,Volume_MA,OBV,ATR_14,BB_Upper,Rolling_Volatility,RSI_14,MACD_Signal,Rolling_Std_10,ROC",BB_Lower
RELIANCE,RELIANCE.NS,2024-08-05,2024,8,1,Bull,0,0.6376,SELL,0,-1,0.5435,NO TRADE,0,10,"BB_Lower,Volume_MA,OBV,ATR_14,BB_Upper,Rolling_Volatility,RSI_14,MACD_Signal,Rolling_Std_10,ROC",BB_Lower
RELIANCE,RELIANCE.NS,2024-08-06,2024,8,1,Sideways,0,0.7121,SELL,0,-1,0.5492,NO TRADE,0,10,"BB_Lower,Volume_MA,OBV,ATR_14,BB_Upper,Rolling_Volatility,RSI_14,MACD_Signal,Rolling_Std_10,ROC",BB_Lower
RELIANCE,RELIANCE.NS,2024-08-07,2024,8,1,Sideways,0,0.7133,SELL,0,0,0.5563,SELL,0,10,"BB_Lower,Volume_MA,OBV,ATR_14,BB_Upper,Rolling_Volatility,RSI_14,MACD_Signal,Rolling_Std_10,ROC",BB_Lower
RELIANCE,RELIANCE.NS,2024-08-08,2024,8,1,Sideways,0,0.6794,SELL,0,0,0.6685,SELL,0,10,"BB_Lower,Volume_MA,OBV,ATR_14,BB_Upper,Rolling_Volatility,RSI_14,MACD_Signal,Rolling_Std_10,ROC",BB_Lower
RELIANCE,RELIANCE.NS,2024-08-09,2024,8,0,Sideways,0,0.7672,SELL,1,0,0.631,SELL,1,10,"BB_Lower,Volume_MA,OBV,ATR_14,BB_Upper,Rolling_Volatility,RSI_14,MACD_Signal,Rolling_Std_10,ROC",BB_Lower
RELIANCE,RELIANCE.NS,2024-08-12,2024,8,1,Bull,0,0.7173,SELL,0,0,0.6958,SELL,0,10,"BB_Lower,Volume_MA,OBV,ATR_14,BB_Upper,Rolling_Volatility,RSI_14,MACD_Signal,Rolling_Std_10,ROC",BB_Lower
RELIANCE,RELIANCE.NS,2024-08-13,2024,8,0,Bull,0,0.7228,SELL,1,0,0.6821,SELL,1,10,"BB_Lower,Volume_MA,OBV,ATR_14,BB_Upper,Rolling_Volatility,RSI_14,MACD_Signal,Rolling_Std_10,ROC",BB_Lower
RELIANCE,RELIANCE.NS,2024-08-14,2024,8,1,Bull,0,0.6851,SELL,0,0,0.7075,SELL,0,10,"BB_Lower,Volume_MA,OBV,ATR_14,BB_Upper,Rolling_Volatility,RSI_14,MACD_Signal,Rolling_Std_10,ROC",BB_Lower
RELIANCE,RELIANCE.NS,2024-08-16,2024,8,0,Bear,0,0.7071,SELL,1,0,0.6368,SELL,1,10,"BB_Lower,Volume_MA,OBV,ATR_14,BB_Upper,Rolling_Volatility,RSI_14,MACD_Signal,Rolling_Std_10,ROC",BB_Lower
RELIANCE,RELIANCE.NS,2024-08-19,2024,8,0,Bull,0,0.7915,SELL,1,0,0.7028,SELL,1,10,"BB_Lower,Volume_MA,OBV,ATR_14,BB_Upper,Rolling_Volatility,RSI_14,MACD_Signal,Rolling_Std_10,ROC",BB_Lower
RELIANCE,RELIANCE.NS,2024-08-20,2024,8,0,Bull,0,0.5674,SELL,1,0,0.5832,SELL,1,10,"BB_Lower,Volume_MA,OBV,ATR_14,BB_Upper,Rolling_Volatility,RSI_14,MACD_Signal,Rolling_Std_10,ROC",BB_Lower
RELIANCE,RELIANCE.NS,2024-08-21,2024,8,0,Bull,0,0.6032,SELL,1,-1,0.5073,NO TRADE,0,10,"BB_Lower,Volume_MA,OBV,ATR_14,BB_Upper,Rolling_Volatility,RSI_14,MACD_Signal,Rolling_Std_10,ROC",BB_Lower
RELIANCE,RELIANCE.NS,2024-08-22,2024,8,0,Bull,0,0.5775,SELL,1,-1,0.5019,NO TRADE,0,10,"BB_Lower,Volume_MA,OBV,ATR_14,BB_Upper,Rolling_Volatility,RSI_14,MACD_Signal,Rolling_Std_10,ROC",BB_Lower
RELIANCE,RELIANCE.NS,2024-08-23,2024,8,0,Bull,0,0.5781,SELL,1,-1,0.5189,NO TRADE,0,10,"BB_Lower,Volume_MA,OBV,ATR_14,BB_Upper,Rolling_Volatility,RSI_14,MACD_Signal,Rolling_Std_10,ROC",BB_Lower
RELIANCE,RELIANCE.NS,2024-08-26,2024,8,0,Bull,0,0.5853,SELL,1,0,0.5714,SELL,1,10,"BB_Lower,Volume_MA,OBV,ATR_14,BB_Upper,Rolling_Volatility,RSI_14,MACD_Signal,Rolling_Std_10,ROC",BB_Lower
RELIANCE,RELIANCE.NS,2024-08-27,2024,8,0,Bull,0,0.6001,SELL,1,0,0.5536,SELL,1,10,"BB_Lower,Volume_MA,OBV,ATR_14,BB_Upper,Rolling_Volatility,RSI_14,MACD_Signal,Rolling_Std_10,ROC",BB_Lower
RELIANCE,RELIANCE.NS,2024-08-28,2024,8,0,Bull,-1,0.5142,NO TRADE,0,-1,0.5007,NO TRADE,0,10,"BB_Lower,Volume_MA,OBV,ATR_14,BB_Upper,Rolling_Volatility,RSI_14,MACD_Signal,Rolling_Std_10,ROC",BB_Lower
RELIANCE,RELIANCE.NS,2024-08-29,2024,8,0,Sideways,-1,0.5112,NO TRADE,0,0,0.5902,SELL,1,10,"BB_Lower,Volume_MA,OBV,ATR_14,BB_Upper,Rolling_Volatility,RSI_14,MACD_Signal,Rolling_Std_10,ROC",BB_Lower
RELIANCE,RELIANCE.NS,2024-08-30,2024,8,1,Bull,0,0.5981,SELL,0,0,0.6645,SELL,0,10,"BB_Lower,Volume_MA,OBV,ATR_14,BB_Upper,Rolling_Volatility,RSI_14,MACD_Signal,Rolling_Std_10,ROC",BB_Lower
RELIANCE,RELIANCE.NS,2024-09-02,2024,9,0,Bull,0,0.6083,SELL,1,0,0.6268,SELL,1,10,"BB_Lower,Volume_MA,OBV,ATR_14,BB_Upper,Rolling_Volatility,RSI_14,MACD_Signal,Rolling_Std_10,ROC",BB_Lower
RELIANCE,RELIANCE.NS,2024-09-03,2024,9,0,Bull,0,0.5586,SELL,1,0,0.5629,SELL,1,10,"BB_Lower,Volume_MA,OBV,ATR_14,BB_Upper,Rolling_Volatility,RSI_14,MACD_Signal,Rolling_Std_10,ROC",BB_Lower
RELIANCE,RELIANCE.NS,2024-09-04,2024,9,0,Bull,0,0.6067,SELL,1,0,0.6025,SELL,1,10,"BB_Lower,Volume_MA,OBV,ATR_14,BB_Upper,Rolling_Volatility,RSI_14,MACD_Signal,Rolling_Std_10,ROC",BB_Lower
RELIANCE,RELIANCE.NS,2024-09-05,2024,9,0,Bull,-1,0.545,NO TRADE,0,0,0.6193,SELL,1,10,"BB_Lower,Volume_MA,OBV,ATR_14,BB_Upper,Rolling_Volatility,RSI_14,MACD_Signal,Rolling_Std_10,ROC",BB_Lower
RELIANCE,RELIANCE.NS,2024-09-06,2024,9,0,Bull,1,0.5938,BUY,0,-1,0.5359,NO TRADE,0,10,"BB_Lower,Volume_MA,OBV,ATR_14,BB_Upper,Rolling_Volatility,RSI_14,MACD_Signal,Rolling_Std_10,ROC",BB_Lower
RELIANCE,RELIANCE.NS,2024-09-09,2024,9,0,Bear,-1,0.5087,NO TRADE,0,0,0.5662,SELL,1,10,"BB_Lower,Volume_MA,OBV,ATR_14,BB_Upper,Rolling_Volatility,RSI_14,MACD_Signal,Rolling_Std_10,ROC",BB_Lower
RELIANCE,RELIANCE.NS,2024-09-10,2024,9,0,Bear,0,0.5564,SELL,1,0,0.6788,SELL,1,10,"BB_Lower,Volume_MA,OBV,ATR_14,BB_Upper,Rolling_Volatility,RSI_14,MACD_Signal,Rolling_Std_10,ROC",BB_Lower
RELIANCE,RELIANCE.NS,2024-09-11,2024,9,0,Bear,-1,0.5357,NO TRADE,0,0,0.6896,SELL,1,10,"BB_Lower,Volume_MA,OBV,ATR_14,BB_Upper,Rolling_Volatility,RSI_14,MACD_Signal,Rolling_Std_10,ROC",BB_Lower
RELIANCE,RELIANCE.NS,2024-09-12,2024,9,0,Bear,0,0.5519,SELL,1,0,0.6504,SELL,1,10,"BB_Lower,Volume_MA,OBV,ATR_14,BB_Upper,Rolling_Volatility,RSI_14,MACD_Signal,Rolling_Std_10,ROC",BB_Lower
RELIANCE,RELIANCE.NS,2024-09-13,2024,9,0,Bear,-1,0.5413,NO TRADE,0,0,0.6252,SELL,1,10,"BB_Lower,Volume_MA,OBV,ATR_14,BB_Upper,Rolling_Volatility,RSI_14,MACD_Signal,Rolling_Std_10,ROC",BB_Lower
RELIANCE,RELIANCE.NS,2024-09-16,2024,9,0,Bear,-1,0.532,NO TRADE,0,0,0.6296,SELL,1,10,"BB_Lower,Volume_MA,OBV,ATR_14,BB_Upper,Rolling_Volatility,RSI_14,MACD_Signal,Rolling_Std_10,ROC",BB_Lower
RELIANCE,RELIANCE.NS,2024-09-17,2024,9,0,Bear,0,0.5775,SELL,1,0,0.6609,SELL,1,10,"BB_Lower,Volume_MA,OBV,ATR_14,BB_Upper,Rolling_Volatility,RSI_14,MACD_Signal,Rolling_Std_10,ROC",BB_Lower
RELIANCE,RELIANCE.NS,2024-09-18,2024,9,0,Bear,0,0.5663,SELL,1,0,0.6552,SELL,1,10,"BB_Lower,Volume_MA,OBV,ATR_14,BB_Upper,Rolling_Volatility,RSI_14,MACD_Signal,Rolling_Std_10,ROC",BB_Lower
RELIANCE,RELIANCE.NS,2024-09-19,2024,9,0,Bear,0,0.6104,SELL,1,0,0.6859,SELL,1,10,"BB_Lower,Volume_MA,OBV,ATR_14,BB_Upper,Rolling_Volatility,RSI_14,MACD_Signal,Rolling_Std_10,ROC",BB_Lower
RELIANCE,RELIANCE.NS,2024-09-20,2024,9,0,Bear,0,0.6437,SELL,1,0,0.7402,SELL,1,10,"BB_Lower,Volume_MA,OBV,ATR_14,BB_Upper,Rolling_Volatility,RSI_14,MACD_Signal,Rolling_Std_10,ROC",BB_Lower
RELIANCE,RELIANCE.NS,2024-09-23,2024,9,0,Bear,0,0.6855,SELL,1,0,0.6996,SELL,1,10,"BB_Lower,Volume_MA,OBV,ATR_14,BB_Upper,Rolling_Volatility,RSI_14,MACD_Signal,Rolling_Std_10,ROC",BB_Lower
RELIANCE,RELIANCE.NS,2024-09-24,2024,9,0,Bear,0,0.6485,SELL,1,0,0.6901,SELL,1,10,"BB_Lower,Volume_MA,OBV,ATR_14,BB_Upper,Rolling_Volatility,RSI_14,MACD_Signal,Rolling_Std_10,ROC",BB_Lower
RELIANCE,RELIANCE.NS,2024-09-25,2024,9,0,Bear,0,0.6344,SELL,1,0,0.6127,SELL,1,10,"BB_Lower,Volume_MA,OBV,ATR_14,BB_Upper,Rolling_Volatility,RSI_14,MACD_Signal,Rolling_Std_10,ROC",BB_Lower
RELIANCE,RELIANCE.NS,2024-09-26,2024,9,0,Bear,0,0.5933,SELL,1,0,0.6257,SELL,1,10,"BB_Lower,Volume_MA,OBV,ATR_14,BB_Upper,Rolling_Volatility,RSI_14,MACD_Signal,Rolling_Std_10,ROC",BB_Lower
RELIANCE,RELIANCE.NS,2024-09-27,2024,9,0,Bear,0,0.5827,SELL,1,0,0.596,SELL,1,10,"BB_Lower,Volume_MA,OBV,ATR_14,BB_Upper,Rolling_Volatility,RSI_14,MACD_Signal,Rolling_Std_10,ROC",BB_Lower
RELIANCE,RELIANCE.NS,2024-09-30,2024,9,0,Bear,-1,0.5143,NO TRADE,0,0,0.6318,SELL,1,10,"BB_Lower,Volume_MA,OBV,ATR_14,BB_Upper,Rolling_Volatility,RSI_14,MACD_Signal,Rolling_Std_10,ROC",BB_Lower
RELIANCE,RELIANCE.NS,2024-10-01,2024,10,0,Bear,0,0.5696,SELL,1,0,0.6361,SELL,1,10,"BB_Lower,Volume_MA,OBV,ATR_14,BB_Upper,Rolling_Volatility,RSI_14,MACD_Signal,Rolling_Std_10,ROC",BB_Lower
RELIANCE,RELIANCE.NS,2024-10-03,2024,10,0,Sideways,0,0.6009,SELL,1,0,0.7095,SELL,1,10,"BB_Lower,Volume_MA,OBV,ATR_14,BB_Upper,Rolling_Volatility,RSI_14,MACD_Signal,Rolling_Std_10,ROC",BB_Lower
RELIANCE,RELIANCE.NS,2024-10-04,2024,10,0,Bear,0,0.7733,SELL,1,0,0.6745,SELL,1,10,"BB_Lower,Volume_MA,OBV,ATR_14,BB_Upper,Rolling_Volatility,RSI_14,MACD_Signal,Rolling_Std_10,ROC",BB_Lower
RELIANCE,RELIANCE.NS,2024-10-07,2024,10,0,Bear,0,0.6049,SELL,1,0,0.6527,SELL,1,10,"BB_Lower,Volume_MA,OBV,ATR_14,BB_Upper,Rolling_Volatility,RSI_14,MACD_Signal,Rolling_Std_10,ROC",BB_Lower
RELIANCE,RELIANCE.NS,2024-10-08,2024,10,0,Bear,0,0.6542,SELL,1,0,0.6974,SELL,1,10,"BB_Lower,Volume_MA,OBV,ATR_14,BB_Upper,Rolling_Volatility,RSI_14,MACD_Signal,Rolling_Std_10,ROC",BB_Lower
RELIANCE,RELIANCE.NS,2024-10-09,2024,10,0,Bear,-1,0.5281,NO TRADE,0,0,0.669,SELL,1,10,"BB_Lower,Volume_MA,OBV,ATR_14,BB_Upper,Rolling_Volatility,RSI_14,MACD_Signal,Rolling_Std_10,ROC",BB_Lower
RELIANCE,RELIANCE.NS,2024-10-10,2024,10,0,Bear,1,0.6279,BUY,0,0,0.5563,SELL,1,10,"BB_Lower,Volume_MA,OBV,ATR_14,BB_Upper,Rolling_Volatility,RSI_14,MACD_Signal,Rolling_Std_10,ROC",BB_Lower
RELIANCE,RELIANCE.NS,2024-10-11,2024,10,0,Bear,1,0.5789,BUY,0,-1,0.5247,NO TRADE,0,10,"BB_Lower,Volume_MA,OBV,ATR_14,BB_Upper,Rolling_Volatility,RSI_14,MACD_Signal,Rolling_Std_10,ROC",BB_Lower
RELIANCE,RELIANCE.NS,2024-10-14,2024,10,0,Bear,-1,0.5363,NO TRADE,0,0,0.5727,SELL,1,10,"BB_Lower,BB_Upper,OBV,MACD_Signal,Williams_R,Return_10d,Stochastic,RSI_14,ATR_14,Volume_MA",BB_Lower
RELIANCE,RELIANCE.NS,2024-10-15,2024,10,0,Bear,1,0.5584,BUY,0,-1,0.5431,NO TRADE,0,10,"BB_Lower,BB_Upper,OBV,MACD_Signal,Williams_R,Return_10d,Stochastic,RSI_14,ATR_14,Volume_MA",BB_Lower
RELIANCE,RELIANCE.NS,2024-10-16,2024,10,0,Bear,0,0.5568,SELL,1,0,0.5872,SELL,1,10,"BB_Lower,BB_Upper,OBV,MACD_Signal,Williams_R,Return_10d,Stochastic,RSI_14,ATR_14,Volume_MA",BB_Lower
RELIANCE,RELIANCE.NS,2024-10-17,2024,10,0,Bear,-1,0.5321,NO TRADE,0,0,0.565,SELL,1,10,"BB_Lower,BB_Upper,OBV,MACD_Signal,Williams_R,Return_10d,Stochastic,RSI_14,ATR_14,Volume_MA",BB_Lower
RELIANCE,RELIANCE.NS,2024-10-18,2024,10,0,Bear,-1,0.5408,NO TRADE,0,-1,0.5484,NO TRADE,0,10,"BB_Lower,BB_Upper,OBV,MACD_Signal,Williams_R,Return_10d,Stochastic,RSI_14,ATR_14,Volume_MA",BB_Lower
RELIANCE,RELIANCE.NS,2024-10-21,2024,10,0,Bear,1,0.5526,BUY,0,-1,0.5144,NO TRADE,0,10,"BB_Lower,BB_Upper,OBV,MACD_Signal,Williams_R,Return_10d,Stochastic,RSI_14,ATR_14,Volume_MA",BB_Lower
RELIANCE,RELIANCE.NS,2024-10-22,2024,10,0,Bear,-1,0.5174,NO TRADE,0,1,0.5815,BUY,0,10,"BB_Lower,BB_Upper,OBV,MACD_Signal,Williams_R,Return_10d,Stochastic,RSI_14,ATR_14,Volume_MA",BB_Lower
RELIANCE,RELIANCE.NS,2024-10-23,2024,10,0,Bear,-1,0.5121,NO TRADE,0,1,0.5711,BUY,0,10,"BB_Lower,BB_Upper,OBV,MACD_Signal,Williams_R,Return_10d,Stochastic,RSI_14,ATR_14,Volume_MA",BB_Lower
RELIANCE,RELIANCE.NS,2024-10-24,2024,10,0,Bear,-1,0.5417,NO TRADE,0,-1,0.5325,NO TRADE,0,10,"BB_Lower,BB_Upper,OBV,MACD_Signal,Williams_R,Return_10d,Stochastic,RSI_14,ATR_14,Volume_MA",BB_Lower
RELIANCE,RELIANCE.NS,2024-10-25,2024,10,0,Bear,-1,0.5063,NO TRADE,0,-1,0.5038,NO TRADE,0,10,"BB_Lower,BB_Upper,OBV,MACD_Signal,Williams_R,Return_10d,Stochastic,RSI_14,ATR_14,Volume_MA",BB_Lower
RELIANCE,RELIANCE.NS,2024-10-28,2024,10,0,Bear,-1,0.5243,NO TRADE,0,-1,0.5448,NO TRADE,0,10,"BB_Lower,BB_Upper,OBV,MACD_Signal,Williams_R,Return_10d,Stochastic,RSI_14,ATR_14,Volume_MA",BB_Lower
RELIANCE,RELIANCE.NS,2024-10-29,2024,10,0,Bear,1,0.5724,BUY,0,-1,0.5326,NO TRADE,0,10,"BB_Lower,BB_Upper,OBV,MACD_Signal,Williams_R,Return_10d,Stochastic,RSI_14,ATR_14,Volume_MA",BB_Lower
RELIANCE,RELIANCE.NS,2024-10-30,2024,10,0,Bear,-1,0.5401,NO TRADE,0,1,0.5654,BUY,0,10,"BB_Lower,BB_Upper,OBV,MACD_Signal,Williams_R,Return_10d,Stochastic,RSI_14,ATR_14,Volume_MA",BB_Lower
RELIANCE,RELIANCE.NS,2024-10-31,2024,10,0,Bear,1,0.6058,BUY,0,1,0.5549,BUY,0,10,"BB_Lower,BB_Upper,OBV,MACD_Signal,Williams_R,Return_10d,Stochastic,RSI_14,ATR_14,Volume_MA",BB_Lower
RELIANCE,RELIANCE.NS,2024-11-01,2024,11,0,Bear,-1,0.524,NO TRADE,0,-1,0.5453,NO TRADE,0,10,"BB_Lower,BB_Upper,OBV,MACD_Signal,Williams_R,Return_10d,Stochastic,RSI_14,ATR_14,Volume_MA",BB_Lower
RELIANCE,RELIANCE.NS,2024-11-04,2024,11,1,Bear,1,0.6852,BUY,1,1,0.6138,BUY,1,10,"BB_Lower,BB_Upper,OBV,MACD_Signal,Williams_R,Return_10d,Stochastic,RSI_14,ATR_14,Volume_MA",BB_Lower
RELIANCE,RELIANCE.NS,2024-11-05,2024,11,1,Bear,1,0.6406,BUY,1,1,0.6082,BUY,1,10,"BB_Lower,BB_Upper,OBV,MACD_Signal,Williams_R,Return_10d,Stochastic,RSI_14,ATR_14,Volume_MA",BB_Lower
RELIANCE,RELIANCE.NS,2024-11-06,2024,11,0,Bear,1,0.6261,BUY,0,-1,0.5411,NO TRADE,0,10,"BB_Lower,BB_Upper,OBV,MACD_Signal,Williams_R,Return_10d,Stochastic,RSI_14,ATR_14,Volume_MA",BB_Lower
RELIANCE,RELIANCE.NS,2024-11-07,2024,11,0,Bear,1,0.6448,BUY,0,1,0.6165,BUY,0,10,"BB_Lower,BB_Upper,OBV,MACD_Signal,Williams_R,Return_10d,Stochastic,RSI_14,ATR_14,Volume_MA",BB_Lower
RELIANCE,RELIANCE.NS,2024-11-08,2024,11,1,Bear,1,0.695,BUY,1,1,0.5938,BUY,1,10,"BB_Lower,BB_Upper,OBV,MACD_Signal,Williams_R,Return_10d,Stochastic,RSI_14,ATR_14,Volume_MA",BB_Lower
RELIANCE,RELIANCE.NS,2024-11-11,2024,11,1,Bear,1,0.6126,BUY,1,-1,0.5103,NO TRADE,0,10,"BB_Lower,BB_Upper,OBV,MACD_Signal,Williams_R,Return_10d,Stochastic,RSI_14,ATR_14,Volume_MA",BB_Lower
RELIANCE,RELIANCE.NS,2024-11-12,2024,11,0,Bear,1,0.6482,BUY,0,-1,0.5038,NO TRADE,0,10,"BB_Lower,BB_Upper,OBV,MACD_Signal,Williams_R,Return_10d,Stochastic,RSI_14,ATR_14,Volume_MA",BB_Lower
RELIANCE,RELIANCE.NS,2024-11-13,2024,11,1,Bear,1,0.7648,BUY,1,0,0.5765,SELL,0,10,"BB_Lower,BB_Upper,OBV,MACD_Signal,Williams_R,Return_10d,Stochastic,RSI_14,ATR_14,Volume_MA",BB_Lower
RELIANCE,RELIANCE.NS,2024-11-14,2024,11,1,Bear,1,0.8,BUY,1,-1,0.5332,NO TRADE,0,10,"BB_Lower,BB_Upper,OBV,MACD_Signal,Williams_R,Return_10d,Stochastic,RSI_14,ATR_14,Volume_MA",BB_Lower
RELIANCE,RELIANCE.NS,2024-11-18,2024,11,0,Bear,1,0.7303,BUY,0,-1,0.5223,NO TRADE,0,10,"BB_Lower,BB_Upper,OBV,MACD_Signal,Williams_R,Return_10d,Stochastic,RSI_14,ATR_14,Volume_MA",BB_Lower
RELIANCE,RELIANCE.NS,2024-11-19,2024,11,1,Bear,1,0.7809,BUY,1,1,0.5835,BUY,1,10,"BB_Lower,BB_Upper,OBV,MACD_Signal,Williams_R,Return_10d,Stochastic,RSI_14,ATR_14,Volume_MA",BB_Lower
RELIANCE,RELIANCE.NS,2024-11-21,2024,11,1,Bear,1,0.66,BUY,1,0,0.5653,SELL,0,10,"BB_Lower,BB_Upper,OBV,MACD_Signal,Williams_R,Return_10d,Stochastic,RSI_14,ATR_14,Volume_MA",BB_Lower
RELIANCE,RELIANCE.NS,2024-11-22,2024,11,0,Bear,0,0.6898,SELL,1,1,0.6772,BUY,0,10,"BB_Lower,BB_Upper,OBV,MACD_Signal,Williams_R,Return_10d,Stochastic,RSI_14,ATR_14,Volume_MA",BB_Lower
RELIANCE,RELIANCE.NS,2024-11-25,2024,11,0,Bear,0,0.7782,SELL,1,1,0.6866,BUY,0,10,"BB_Lower,BB_Upper,OBV,MACD_Signal,Williams_R,Return_10d,Stochastic,RSI_14,ATR_14,Volume_MA",BB_Lower
RELIANCE,RELIANCE.NS,2024-11-26,2024,11,0,Bear,0,0.8409,SELL,1,1,0.5663,BUY,0,10,"BB_Lower,BB_Upper,OBV,MACD_Signal,Williams_R,Return_10d,Stochastic,RSI_14,ATR_14,Volume_MA",BB_Lower
RELIANCE,RELIANCE.NS,2024-11-27,2024,11,0,Bear,0,0.7551,SELL,1,1,0.6159,BUY,0,10,"BB_Lower,BB_Upper,OBV,MACD_Signal,Williams_R,Return_10d,Stochastic,RSI_14,ATR_14,Volume_MA",BB_Lower
RELIANCE,RELIANCE.NS,2024-11-28,2024,11,0,Bear,0,0.6577,SELL,1,1,0.6606,BUY,0,10,"BB_Lower,BB_Upper,OBV,MACD_Signal,Williams_R,Return_10d,Stochastic,RSI_14,ATR_14,Volume_MA",BB_Lower
RELIANCE,RELIANCE.NS,2024-11-29,2024,11,0,Bear,0,0.5895,SELL,1,-1,0.5154,NO TRADE,0,10,"BB_Lower,BB_Upper,OBV,MACD_Signal,Williams_R,Return_10d,Stochastic,RSI_14,ATR_14,Volume_MA",BB_Lower
RELIANCE,RELIANCE.NS,2024-12-02,2024,12,0,Bear,0,0.678,SELL,1,0,0.6126,SELL,1,10,"BB_Lower,BB_Upper,OBV,MACD_Signal,Williams_R,Return_10d,Stochastic,RSI_14,ATR_14,Volume_MA",BB_Lower
