stock,stock_symbol,predict_date,year,month,actual_target,market_regime,static_pred,static_confidence,static_signal,static_correct,dynamic_pred,dynamic_confidence,dynamic_signal,dynamic_correct,n_dynamic_features,dynamic_features,top_mi_feature
INFY,INFY.NS,2022-01-03,2022,1,0,Bull,0,0.7469,SELL,1,0,0.7124,SELL,1,10,"MACD,BB_Lower,OBV,ATR_14,BB_Upper,Volume_MA,MACD_Hist,Rolling_Volatility,High_Low_Pct,MACD_Signal",MACD
INFY,INFY.NS,2022-01-04,2022,1,0,Bull,0,0.7189,SELL,1,0,0.7345,SELL,1,10,"MACD,BB_Lower,OBV,ATR_14,BB_Upper,Volume_MA,MACD_Hist,Rolling_Volatility,High_Low_Pct,MACD_Signal",MACD
INFY,INFY.NS,2022-01-05,2022,1,0,Bull,0,0.5985,SELL,1,0,0.7213,SELL,1,10,"MACD,BB_Lower,OBV,ATR_14,BB_Upper,Volume_MA,MACD_Hist,Rolling_Volatility,High_Low_Pct,MACD_Signal",MACD
INFY,INFY.NS,2022-01-06,2022,1,0,Bull,0,0.6988,SELL,1,0,0.6484,SELL,1,10,"MACD,BB_Lower,OBV,ATR_14,BB_Upper,Volume_MA,MACD_Hist,Rolling_Volatility,High_Low_Pct,MACD_Signal",MACD
INFY,INFY.NS,2022-01-07,2022,1,0,Bull,0,0.619,SELL,1,0,0.6331,SELL,1,10,"MACD,BB_Lower,OBV,ATR_14,BB_Upper,Volume_MA,MACD_Hist,Rolling_Volatility,High_Low_Pct,MACD_Signal",MACD
INFY,INFY.NS,2022-01-10,2022,1,0,Bull,0,0.7192,SELL,1,0,0.6555,SELL,1,10,"MACD,BB_Lower,OBV,ATR_14,BB_Upper,Volume_MA,MACD_Hist,Rolling_Volatility,High_Low_Pct,MACD_Signal",MACD
INFY,INFY.NS,2022-01-11,2022,1,0,Bull,0,0.7608,SELL,1,0,0.608,SELL,1,10,"MACD,BB_Lower,OBV,ATR_14,BB_Upper,Volume_MA,MACD_Hist,Rolling_Volatility,High_Low_Pct,MACD_Signal",MACD
INFY,INFY.NS,2022-01-12,2022,1,0,Bull,0,0.7275,SELL,1,0,0.6294,SELL,1,10,"MACD,BB_Lower,OBV,ATR_14,BB_Upper,Volume_MA,MACD_Hist,Rolling_Volatility,High_Low_Pct,MACD_Signal",MACD
INFY,INFY.NS,2022-01-13,2022,1,0,Bull,0,0.7716,SELL,1,0,0.685,SELL,1,10,"MACD,BB_Lower,OBV,ATR_14,BB_Upper,Volume_MA,MACD_Hist,Rolling_Volatility,High_Low_Pct,MACD_Signal",MACD
INFY,INFY.NS,2022-01-14,2022,1,0,Bull,0,0.8286,SELL,1,0,0.6965,SELL,1,10,"MACD,BB_Lower,OBV,ATR_14,BB_Upper,Volume_MA,MACD_Hist,Rolling_Volatility,High_Low_Pct,MACD_Signal",MACD
INFY,INFY.NS,2022-01-17,2022,1,0,Bull,0,0.7481,SELL,1,0,0.6154,SELL,1,10,"MACD,BB_Lower,OBV,ATR_14,BB_Upper,Volume_MA,MACD_Hist,Rolling_Volatility,High_Low_Pct,MACD_Signal",MACD
INFY,INFY.NS,2022-01-18,2022,1,0,Bull,0,0.7486,SELL,1,0,0.6603,SELL,1,10,"MACD,BB_Lower,OBV,ATR_14,BB_Upper,Volume_MA,MACD_Hist,Rolling_Volatility,High_Low_Pct,MACD_Signal",MACD
INFY,INFY.NS,2022-01-19,2022,1,0,Bull,0,0.7231,SELL,1,0,0.683,SELL,1,10,"MACD,BB_Lower,OBV,ATR_14,BB_Upper,Volume_MA,MACD_Hist,Rolling_Volatility,High_Low_Pct,MACD_Signal",MACD
INFY,INFY.NS,2022-01-20,2022,1,0,Bull,0,0.678,SELL,1,0,0.6925,SELL,1,10,"MACD,BB_Lower,OBV,ATR_14,BB_Upper,Volume_MA,MACD_Hist,Rolling_Volatility,High_Low_Pct,MACD_Signal",MACD
INFY,INFY.NS,2022-01-21,2022,1,0,Bull,0,0.5618,SELL,1,0,0.669,SELL,1,10,"MACD,BB_Lower,OBV,ATR_14,BB_Upper,Volume_MA,MACD_Hist,Rolling_Volatility,High_Low_Pct,MACD_Signal",MACD
INFY,INFY.NS,2022-01-24,2022,1,0,Bull,1,0.5617,BUY,0,-1,0.5476,NO TRADE,0,10,"MACD,BB_Lower,OBV,ATR_14,BB_Upper,Volume_MA,MACD_Hist,Rolling_Volatility,High_Low_Pct,MACD_Signal",MACD
INFY,INFY.NS,2022-01-25,2022,1,1,Sideways,1,0.7363,BUY,1,1,0.7373,BUY,1,10,"MACD,BB_Lower,OBV,ATR_14,BB_Upper,Volume_MA,MACD_Hist,Rolling_Volatility,High_Low_Pct,MACD_Signal",MACD
INFY,INFY.NS,2022-01-27,2022,1,0,Bear,1,0.7504,BUY,0,1,0.7302,BUY,0,10,"MACD,BB_Lower,OBV,ATR_14,BB_Upper,Volume_MA,MACD_Hist,Rolling_Volatility,High_Low_Pct,MACD_Signal",MACD
INFY,INFY.NS,2022-01-28,2022,1,1,Bear,1,0.719,BUY,1,1,0.7104,BUY,1,10,"MACD,BB_Lower,OBV,ATR_14,BB_Upper,Volume_MA,MACD_Hist,Rolling_Volatility,High_Low_Pct,MACD_Signal",MACD
INFY,INFY.NS,2022-01-31,2022,1,0,Bear,1,0.6112,BUY,0,1,0.7038,BUY,0,10,"MACD,BB_Lower,OBV,ATR_14,BB_Upper,Volume_MA,MACD_Hist,Rolling_Volatility,High_Low_Pct,MACD_Signal",MACD
INFY,INFY.NS,2022-02-01,2022,2,0,Sideways,1,0.5577,BUY,0,1,0.7257,BUY,0,10,"MACD,BB_Lower,OBV,ATR_14,BB_Upper,Volume_MA,MACD_Hist,Rolling_Volatility,High_Low_Pct,MACD_Signal",MACD
INFY,INFY.NS,2022-02-02,2022,2,0,Sideways,-1,0.506,NO TRADE,0,1,0.7265,BUY,0,10,"MACD,BB_Lower,OBV,ATR_14,BB_Upper,Volume_MA,MACD_Hist,Rolling_Volatility,High_Low_Pct,MACD_Signal",MACD
INFY,INFY.NS,2022-02-03,2022,2,0,Bull,-1,0.5308,NO TRADE,0,1,0.7368,BUY,0,10,"MACD,BB_Lower,OBV,ATR_14,BB_Upper,Volume_MA,MACD_Hist,Rolling_Volatility,High_Low_Pct,MACD_Signal",MACD
INFY,INFY.NS,2022-02-04,2022,2,0,Bull,1,0.6184,BUY,0,1,0.7416,BUY,0,10,"MACD,BB_Lower,OBV,ATR_14,BB_Upper,Volume_MA,MACD_Hist,Rolling_Volatility,High_Low_Pct,MACD_Signal",MACD
INFY,INFY.NS,2022-02-07,2022,2,1,Sideways,1,0.7051,BUY,1,1,0.747,BUY,1,10,"MACD,BB_Lower,OBV,ATR_14,BB_Upper,Volume_MA,MACD_Hist,Rolling_Volatility,High_Low_Pct,MACD_Signal",MACD
INFY,INFY.NS,2022-02-08,2022,2,1,Sideways,-1,0.5151,NO TRADE,0,0,0.6959,SELL,0,10,"ATR_14,MACD,BB_Lower,Rolling_Volatility,OBV,Volume_MA,MACD_Hist,Return_10d,ADX,MACD_Signal",ATR_14
INFY,INFY.NS,2022-02-09,2022,2,1,Sideways,0,0.6752,SELL,0,0,0.7114,SELL,0,10,"ATR_14,MACD,BB_Lower,Rolling_Volatility,OBV,Volume_MA,MACD_Hist,Return_10d,ADX,MACD_Signal",ATR_14
INFY,INFY.NS,2022-02-10,2022,2,1,Sideways,0,0.7801,SELL,0,0,0.7418,SELL,0,10,"ATR_14,MACD,BB_Lower,Rolling_Volatility,OBV,Volume_MA,MACD_Hist,Return_10d,ADX,MACD_Signal",ATR_14
INFY,INFY.NS,2022-02-11,2022,2,1,Bull,0,0.6859,SELL,0,0,0.7254,SELL,0,10,"ATR_14,MACD,BB_Lower,Rolling_Volatility,OBV,Volume_MA,MACD_Hist,Return_10d,ADX,MACD_Signal",ATR_14
INFY,INFY.NS,2022-02-14,2022,2,1,Sideways,0,0.5775,SELL,0,0,0.6713,SELL,0,10,"ATR_14,MACD,BB_Lower,Rolling_Volatility,OBV,Volume_MA,MACD_Hist,Return_10d,ADX,MACD_Signal",ATR_14
INFY,INFY.NS,2022-02-15,2022,2,1,Sideways,0,0.7393,SELL,0,0,0.7168,SELL,0,10,"ATR_14,MACD,BB_Lower,Rolling_Volatility,OBV,Volume_MA,MACD_Hist,Return_10d,ADX,MACD_Signal",ATR_14
INFY,INFY.NS,2022-02-16,2022,2,1,Bull,0,0.7268,SELL,0,0,0.7084,SELL,0,10,"ATR_14,MACD,BB_Lower,Rolling_Volatility,OBV,Volume_MA,MACD_Hist,Return_10d,ADX,MACD_Signal",ATR_14
INFY,INFY.NS,2022-02-17,2022,2,1,Sideways,0,0.7252,SELL,0,0,0.7222,SELL,0,10,"ATR_14,MACD,BB_Lower,Rolling_Volatility,OBV,Volume_MA,MACD_Hist,Return_10d,ADX,MACD_Signal",ATR_14
INFY,INFY.NS,2022-02-18,2022,2,1,Sideways,0,0.7183,SELL,0,0,0.7041,SELL,0,10,"ATR_14,MACD,BB_Lower,Rolling_Volatility,OBV,Volume_MA,MACD_Hist,Return_10d,ADX,MACD_Signal",ATR_14
INFY,INFY.NS,2022-02-21,2022,2,1,Bear,0,0.7615,SELL,0,0,0.6909,SELL,0,10,"ATR_14,MACD,BB_Lower,Rolling_Volatility,OBV,Volume_MA,MACD_Hist,Return_10d,ADX,MACD_Signal",ATR_14
INFY,INFY.NS,2022-02-22,2022,2,1,Sideways,0,0.7045,SELL,0,0,0.6458,SELL,0,10,"ATR_14,MACD,BB_Lower,Rolling_Volatility,OBV,Volume_MA,MACD_Hist,Return_10d,ADX,MACD_Signal",ATR_14
INFY,INFY.NS,2022-02-23,2022,2,1,Sideways,0,0.6742,SELL,0,0,0.6443,SELL,0,10,"ATR_14,MACD,BB_Lower,Rolling_Volatility,OBV,Volume_MA,MACD_Hist,Return_10d,ADX,MACD_Signal",ATR_14
INFY,INFY.NS,2022-02-24,2022,2,1,Sideways,0,0.7264,SELL,0,0,0.6918,SELL,0,10,"ATR_14,MACD,BB_Lower,Rolling_Volatility,OBV,Volume_MA,MACD_Hist,Return_10d,ADX,MACD_Signal",ATR_14
INFY,INFY.NS,2022-02-25,2022,2,1,Bear,0,0.678,SELL,0,0,0.686,SELL,0,10,"ATR_14,MACD,BB_Lower,Rolling_Volatility,OBV,Volume_MA,MACD_Hist,Return_10d,ADX,MACD_Signal",ATR_14
INFY,INFY.NS,2022-02-28,2022,2,1,Bear,0,0.7519,SELL,0,0,0.7146,SELL,0,10,"ATR_14,MACD,BB_Lower,Rolling_Volatility,OBV,Volume_MA,MACD_Hist,Return_10d,ADX,MACD_Signal",ATR_14
INFY,INFY.NS,2022-03-02,2022,3,1,Bear,0,0.6817,SELL,0,0,0.6763,SELL,0,10,"ATR_14,MACD,BB_Lower,Rolling_Volatility,OBV,Volume_MA,MACD_Hist,Return_10d,ADX,MACD_Signal",ATR_14
INFY,INFY.NS,2022-03-03,2022,3,1,Bear,0,0.7336,SELL,0,0,0.6409,SELL,0,10,"ATR_14,MACD,BB_Lower,Rolling_Volatility,OBV,Volume_MA,MACD_Hist,Return_10d,ADX,MACD_Signal",ATR_14
INFY,INFY.NS,2022-03-04,2022,3,1,Bear,0,0.7026,SELL,0,-1,0.5281,NO TRADE,0,10,"ATR_14,MACD,BB_Lower,Rolling_Volatility,OBV,Volume_MA,MACD_Hist,Return_10d,ADX,MACD_Signal",ATR_14
INFY,INFY.NS,2022-03-07,2022,3,1,Bear,0,0.7268,SELL,0,0,0.5757,SELL,0,10,"ATR_14,MACD,BB_Lower,Rolling_Volatility,OBV,Volume_MA,MACD_Hist,Return_10d,ADX,MACD_Signal",ATR_14
INFY,INFY.NS,2022-03-08,2022,3,1,Bear,0,0.8044,SELL,0,-1,0.5499,NO TRADE,0,10,"ATR_14,MACD,BB_Lower,Rolling_Volatility,OBV,Volume_MA,MACD_Hist,Return_10d,ADX,MACD_Signal",ATR_14
INFY,INFY.NS,2022-03-09,2022,3,0,Bear,0,0.8423,SELL,1,0,0.6817,SELL,1,10,"ATR_14,MACD,BB_Lower,Rolling_Volatility,OBV,Volume_MA,MACD_Hist,Return_10d,ADX,MACD_Signal",ATR_14
INFY,INFY.NS,2022-03-10,2022,3,0,Sideways,0,0.7865,SELL,1,0,0.7156,SELL,1,10,"ATR_14,MACD,BB_Lower,Rolling_Volatility,OBV,Volume_MA,MACD_Hist,Return_10d,ADX,MACD_Signal",ATR_14
INFY,INFY.NS,2022-03-11,2022,3,0,Bear,0,0.8388,SELL,1,0,0.7702,SELL,1,10,"ATR_14,MACD,BB_Lower,Rolling_Volatility,OBV,Volume_MA,MACD_Hist,Return_10d,ADX,MACD_Signal",ATR_14
INFY,INFY.NS,2022-03-14,2022,3,0,Bear,0,0.9321,SELL,1,0,0.9119,SELL,1,10,"ATR_14,MACD,BB_Lower,Rolling_Volatility,OBV,Volume_MA,MACD_Hist,Return_10d,ADX,MACD_Signal",ATR_14
INFY,INFY.NS,2022-03-15,2022,3,0,Sideways,0,0.7856,SELL,1,0,0.9137,SELL,1,10,"ATR_14,MACD,BB_Lower,Rolling_Volatility,OBV,Volume_MA,MACD_Hist,Return_10d,ADX,MACD_Signal",ATR_14
INFY,INFY.NS,2022-03-16,2022,3,0,Sideways,0,0.9073,SELL,1,0,0.8952,SELL,1,10,"ATR_14,MACD,BB_Lower,Rolling_Volatility,OBV,Volume_MA,MACD_Hist,Return_10d,ADX,MACD_Signal",ATR_14
INFY,INFY.NS,2022-03-17,2022,3,0,Sideways,0,0.7432,SELL,1,0,0.8945,SELL,1,10,"ATR_14,MACD,BB_Lower,Rolling_Volatility,OBV,Volume_MA,MACD_Hist,Return_10d,ADX,MACD_Signal",ATR_14
INFY,INFY.NS,2022-03-21,2022,3,0,Sideways,0,0.8152,SELL,1,0,0.9255,SELL,1,10,"ATR_14,MACD,BB_Lower,Rolling_Volatility,OBV,Volume_MA,MACD_Hist,Return_10d,ADX,MACD_Signal",ATR_14
INFY,INFY.NS,2022-03-22,2022,3,0,Sideways,0,0.9085,SELL,1,0,0.9372,SELL,1,10,"ATR_14,MACD,BB_Lower,Rolling_Volatility,OBV,Volume_MA,MACD_Hist,Return_10d,ADX,MACD_Signal",ATR_14
INFY,INFY.NS,2022-03-23,2022,3,0,Bull,0,0.8263,SELL,1,0,0.9359,SELL,1,10,"ATR_14,MACD,BB_Lower,Rolling_Volatility,OBV,Volume_MA,MACD_Hist,Return_10d,ADX,MACD_Signal",ATR_14
INFY,INFY.NS,2022-03-24,2022,3,0,Bull,0,0.8594,SELL,1,0,0.9306,SELL,1,10,"ATR_14,MACD,BB_Lower,Rolling_Volatility,OBV,Volume_MA,MACD_Hist,Return_10d,ADX,MACD_Signal",ATR_14
INFY,INFY.NS,2022-03-25,2022,3,0,Bull,0,0.8867,SELL,1,0,0.9299,SELL,1,10,"ATR_14,MACD,BB_Lower,Rolling_Volatility,OBV,Volume_MA,MACD_Hist,Return_10d,ADX,MACD_Signal",ATR_14
INFY,INFY.NS,2022-03-28,2022,3,0,Sideways,0,0.8946,SELL,1,0,0.9404,SELL,1,10,"ATR_14,MACD,BB_Lower,Rolling_Volatility,OBV,Volume_MA,MACD_Hist,Return_10d,ADX,MACD_Signal",ATR_14
INFY,INFY.NS,2022-03-29,2022,3,0,Sideways,0,0.8835,SELL,1,0,0.9366,SELL,1,10,"ATR_14,MACD,BB_Lower,Rolling_Volatility,OBV,Volume_MA,MACD_Hist,Return_10d,ADX,MACD_Signal",ATR_14
INFY,INFY.NS,2022-03-30,2022,3,0,Sideways,0,0.9181,SELL,1,0,0.9403,SELL,1,10,"ATR_14,MACD,BB_Lower,Rolling_Volatility,OBV,Volume_MA,MACD_Hist,Return_10d,ADX,MACD_Signal",ATR_14
INFY,INFY.NS,2022-03-31,2022,3,0,Sideways,0,0.9349,SELL,1,0,0.9285,SELL,1,10,"ATR_14,MACD,BB_Lower,Rolling_Volatility,OBV,Volume_MA,MACD_Hist,Return_10d,ADX,MACD_Signal",ATR_14
INFY,INFY.NS,2022-04-01,2022,4,0,Sideways,0,0.9361,SELL,1,0,0.9353,SELL,1,10,"ATR_14,MACD,BB_Lower,Rolling_Volatility,OBV,Volume_MA,MACD_Hist,Return_10d,ADX,MACD_Signal",ATR_14
INFY,INFY.NS,2022-04-04,2022,4,0,Sideways,0,0.9493,SELL,1,0,0.9534,SELL,1,10,"ATR_14,MACD,BB_Lower,Rolling_Volatility,OBV,Volume_MA,MACD_Hist,Return_10d,ADX,MACD_Signal",ATR_14
INFY,INFY.NS,2022-04-05,2022,4,0,Sideways,0,0.9331,SELL,1,0,0.9439,SELL,1,10,"ATR_14,MACD,BB_Lower,Rolling_Volatility,OBV,Volume_MA,MACD_Hist,Return_10d,ADX,MACD_Signal",ATR_14
INFY,INFY.NS,2022-04-06,2022,4,0,Bull,0,0.8822,SELL,1,0,0.9427,SELL,1,10,"ATR_14,MACD,BB_Lower,Rolling_Volatility,OBV,Volume_MA,MACD_Hist,Return_10d,ADX,MACD_Signal",ATR_14
INFY,INFY.NS,2022-04-07,2022,4,0,Bull,0,0.8007,SELL,1,0,0.9214,SELL,1,10,"ATR_14,MACD,BB_Lower,Rolling_Volatility,OBV,Volume_MA,MACD_Hist,Return_10d,ADX,MACD_Signal",ATR_14
INFY,INFY.NS,2022-04-08,2022,4,0,Bull,0,0.79,SELL,1,0,0.9033,SELL,1,10,"ATR_14,MACD,BB_Lower,Rolling_Volatility,OBV,Volume_MA,MACD_Hist,Return_10d,ADX,MACD_Signal",ATR_14
INFY,INFY.NS,2022-04-11,2022,4,0,Bull,0,0.7746,SELL,1,0,0.8661,SELL,1,10,"ATR_14,MACD,BB_Lower,Rolling_Volatility,OBV,Volume_MA,MACD_Hist,Return_10d,ADX,MACD_Signal",ATR_14
INFY,INFY.NS,2022-04-12,2022,4,0,Bull,0,0.6629,SELL,1,0,0.8204,SELL,1,10,"ATR_14,MACD,BB_Lower,Rolling_Volatility,OBV,Volume_MA,MACD_Hist,Return_10d,ADX,MACD_Signal",ATR_14
INFY,INFY.NS,2022-04-13,2022,4,0,Bull,-1,0.5438,NO TRADE,0,0,0.6226,SELL,1,10,"ATR_14,MACD,BB_Lower,Rolling_Volatility,OBV,Volume_MA,MACD_Hist,Return_10d,ADX,MACD_Signal",ATR_14
INFY,INFY.NS,2022-04-18,2022,4,0,Sideways,0,0.6011,SELL,1,0,0.792,SELL,1,10,"ATR_14,MACD,BB_Lower,Rolling_Volatility,OBV,Volume_MA,MACD_Hist,Return_10d,ADX,MACD_Signal",ATR_14
INFY,INFY.NS,2022-04-19,2022,4,0,Bear,0,0.558,SELL,1,0,0.8018,SELL,1,10,"ATR_14,MACD,BB_Lower,Rolling_Volatility,OBV,Volume_MA,MACD_Hist,Return_10d,ADX,MACD_Signal",ATR_14
INFY,INFY.NS,2022-04-20,2022,4,0,Bear,0,0.6027,SELL,1,0,0.7386,SELL,1,10,"ATR_14,MACD,BB_Lower,Rolling_Volatility,OBV,Volume_MA,MACD_Hist,Return_10d,ADX,MACD_Signal",ATR_14
INFY,INFY.NS,2022-04-21,2022,4,0,Bear,0,0.5876,SELL,1,0,0.7022,SELL,1,10,"ATR_14,MACD,BB_Lower,Rolling_Volatility,OBV,Volume_MA,MACD_Hist,Return_10d,ADX,MACD_Signal",ATR_14
INFY,INFY.NS,2022-04-22,2022,4,0,Bear,1,0.604,BUY,0,0,0.6295,SELL,1,10,"ATR_14,MACD,BB_Lower,Rolling_Volatility,OBV,Volume_MA,MACD_Hist,Return_10d,ADX,MACD_Signal",ATR_14
INFY,INFY.NS,2022-04-25,2022,4,0,Bear,1,0.6717,BUY,0,0,0.5655,SELL,1,10,"ATR_14,MACD,BB_Lower,Rolling_Volatility,OBV,Volume_MA,MACD_Hist,Return_10d,ADX,MACD_Signal",ATR_14
INFY,INFY.NS,2022-04-26,2022,4,0,Bear,1,0.6957,BUY,0,1,0.6053,BUY,0,10,"ATR_14,MACD,BB_Lower,Rolling_Volatility,OBV,Volume_MA,MACD_Hist,Return_10d,ADX,MACD_Signal",ATR_14
INFY,INFY.NS,2022-04-27,2022,4,0,Bear,1,0.7713,BUY,0,1,0.6253,BUY,0,10,"ATR_14,MACD,BB_Lower,Rolling_Volatility,OBV,Volume_MA,MACD_Hist,Return_10d,ADX,MACD_Signal",ATR_14
INFY,INFY.NS,2022-04-28,2022,4,0,Bear,1,0.7218,BUY,0,1,0.5974,BUY,0,10,"ATR_14,MACD,BB_Lower,Rolling_Volatility,OBV,Volume_MA,MACD_Hist,Return_10d,ADX,MACD_Signal",ATR_14
INFY,INFY.NS,2022-04-29,2022,4,0,Bear,1,0.7894,BUY,0,1,0.5855,BUY,0,10,"ATR_14,MACD,BB_Lower,Rolling_Volatility,OBV,Volume_MA,MACD_Hist,Return_10d,ADX,MACD_Signal",ATR_14
INFY,INFY.NS,2022-05-02,2022,5,0,Bear,1,0.8084,BUY,0,1,0.6486,BUY,0,10,"ATR_14,MACD,BB_Lower,Rolling_Volatility,OBV,Volume_MA,MACD_Hist,Return_10d,ADX,MACD_Signal",ATR_14
INFY,INFY.NS,2022-05-04,2022,5,0,Bear,1,0.8915,BUY,0,1,0.625,BUY,0,10,"ATR_14,MACD,BB_Lower,Rolling_Volatility,OBV,Volume_MA,MACD_Hist,Return_10d,ADX,MACD_Signal",ATR_14
INFY,INFY.NS,2022-05-05,2022,5,0,Bear,1,0.7037,BUY,0,0,0.565,SELL,1,10,"ATR_14,MACD,BB_Lower,Rolling_Volatility,OBV,Volume_MA,MACD_Hist,Return_10d,ADX,MACD_Signal",ATR_14
INFY,INFY.NS,2022-05-06,2022,5,0,Bear,1,0.784,BUY,0,0,0.5656,SELL,1,10,"ATR_14,MACD,BB_Lower,Rolling_Volatility,OBV,Volume_MA,MACD_Hist,Return_10d,ADX,MACD_Signal",ATR_14
INFY,INFY.NS,2022-05-09,2022,5,0,Bear,0,0.6588,SELL,1,0,0.6839,SELL,1,10,"ATR_14,MACD,BB_Lower,Rolling_Volatility,OBV,Volume_MA,MACD_Hist,Return_10d,ADX,MACD_Signal",ATR_14
INFY,INFY.NS,2022-05-10,2022,5,0,Bear,0,0.6354,SELL,1,0,0.7416,SELL,1,10,"OBV,BB_Lower,Return_10d,ADX,BB_Width,MACD_Signal,MACD,Volume_MA,MACD_Hist,RSI_14",OBV
INFY,INFY.NS,2022-05-11,2022,5,0,Bear,-1,0.5497,NO TRADE,0,0,0.7248,SELL,1,10,"OBV,BB_Lower,Return_10d,ADX,BB_Width,MACD_Signal,MACD,Volume_MA,MACD_Hist,RSI_14",OBV
INFY,INFY.NS,2022-05-12,2022,5,1,Bear,-1,0.5369,NO TRADE,0,0,0.6666,SELL,0,10,"OBV,BB_Lower,Return_10d,ADX,BB_Width,MACD_Signal,MACD,Volume_MA,MACD_Hist,RSI_14",OBV
INFY,INFY.NS,2022-05-13,2022,5,0,Bear,1,0.5987,BUY,0,0,0.5856,SELL,1,10,"OBV,BB_Lower,Return_10d,ADX,BB_Width,MACD_Signal,MACD,Volume_MA,MACD_Hist,RSI_14",OBV
INFY,INFY.NS,2022-05-16,2022,5,0,Bear,1,0.6187,BUY,0,0,0.5646,SELL,1,10,"OBV,BB_Lower,Return_10d,ADX,BB_Width,MACD_Signal,MACD,Volume_MA,MACD_Hist,RSI_14",OBV
INFY,INFY.NS,2022-05-17,2022,5,0,Bear,1,0.5598,BUY,0,1,0.6435,BUY,0,10,"OBV,BB_Lower,Return_10d,ADX,BB_Width,MACD_Signal,MACD,Volume_MA,MACD_Hist,RSI_14",OBV
INFY,INFY.NS,2022-05-18,2022,5,0,Bear,1,0.8161,BUY,0,1,0.8107,BUY,0,10,"OBV,BB_Lower,Return_10d,ADX,BB_Width,MACD_Signal,MACD,Volume_MA,MACD_Hist,RSI_14",OBV
INFY,INFY.NS,2022-05-19,2022,5,0,Bear,-1,0.5375,NO TRADE,0,1,0.7448,BUY,0,10,"OBV,BB_Lower,Return_10d,ADX,BB_Width,MACD_Signal,MACD,Volume_MA,MACD_Hist,RSI_14",OBV
INFY,INFY.NS,2022-05-20,2022,5,0,Bear,0,0.64,SELL,1,1,0.6769,BUY,0,10,"OBV,BB_Lower,Return_10d,ADX,BB_Width,MACD_Signal,MACD,Volume_MA,MACD_Hist,RSI_14",OBV
INFY,INFY.NS,2022-05-23,2022,5,0,Bear,0,0.6012,SELL,1,1,0.6425,BUY,0,10,"OBV,BB_Lower,Return_10d,ADX,BB_Width,MACD_Signal,MACD,Volume_MA,MACD_Hist,RSI_14",OBV
INFY,INFY.NS,2022-05-24,2022,5,1,Bear,-1,0.5156,NO TRADE,0,1,0.7588,BUY,1,10,"OBV,BB_Lower,Return_10d,ADX,BB_Width,MACD_Signal,MACD,Volume_MA,MACD_Hist,RSI_14",OBV
INFY,INFY.NS,2022-05-25,2022,5,1,Bear,-1,0.5468,NO TRADE,0,1,0.7127,BUY,1,10,"OBV,BB_Lower,Return_10d,ADX,BB_Width,MACD_Signal,MACD,Volume_MA,MACD_Hist,RSI_14",OBV
INFY,INFY.NS,2022-05-26,2022,5,1,Bear,0,0.7139,SELL,0,1,0.6125,BUY,1,10,"OBV,BB_Lower,Return_10d,ADX,BB_Width,MACD_Signal,MACD,Volume_MA,MACD_Hist,RSI_14",OBV
INFY,INFY.NS,2022-05-27,2022,5,0,Bear,0,0.7299,SELL,1,1,0.6263,BUY,0,10,"OBV,BB_Lower,Return_10d,ADX,BB_Width,MACD_Signal,MACD,Volume_MA,MACD_Hist,RSI_14",OBV
INFY,INFY.NS,2022-05-30,2022,5,0,Bear,0,0.8205,SELL,1,-1,0.5002,NO TRADE,0,10,"OBV,BB_Lower,Return_10d,ADX,BB_Width,MACD_Signal,MACD,Volume_MA,MACD_Hist,RSI_14",OBV
INFY,INFY.NS,2022-05-31,2022,5,0,Bear,-1,0.5439,NO TRADE,0,1,0.6642,BUY,0,10,"OBV,BB_Lower,Return_10d,ADX,BB_Width,MACD_Signal,MACD,Volume_MA,MACD_Hist,RSI_14",OBV
INFY,INFY.NS,2022-06-01,2022,6,0,Bear,1,0.6152,BUY,0,1,0.7622,BUY,0,10,"OBV,BB_Lower,Return_10d,ADX,BB_Width,MACD_Signal,MACD,Volume_MA,MACD_Hist,RSI_14",OBV
INFY,INFY.NS,2022-06-02,2022,6,0,Bear,0,0.6349,SELL,1,1,0.6225,BUY,0,10,"OBV,BB_Lower,Return_10d,ADX,BB_Width,MACD_Signal,MACD,Volume_MA,MACD_Hist,RSI_14",OBV
INFY,INFY.NS,2022-06-03,2022,6,0,Bear,-1,0.516,NO TRADE,0,-1,0.5015,NO TRADE,0,10,"OBV,BB_Lower,Return_10d,ADX,BB_Width,MACD_Signal,MACD,Volume_MA,MACD_Hist,RSI_14",OBV
INFY,INFY.NS,2022-06-06,2022,6,0,Bear,0,0.6058,SELL,1,0,0.6348,SELL,1,10,"OBV,BB_Lower,Return_10d,ADX,BB_Width,MACD_Signal,MACD,Volume_MA,MACD_Hist,RSI_14",OBV
INFY,INFY.NS,2022-06-07,2022,6,0,Bear,-1,0.5087,NO TRADE,0,-1,0.5343,NO TRADE,0,10,"OBV,BB_Lower,Return_10d,ADX,BB_Width,MACD_Signal,MACD,Volume_MA,MACD_Hist,RSI_14",OBV
INFY,INFY.NS,2022-06-08,2022,6,0,Bear,1,0.6513,BUY,0,1,0.6324,BUY,0,10,"OBV,BB_Lower,Return_10d,ADX,BB_Width,MACD_Signal,MACD,Volume_MA,MACD_Hist,RSI_14",OBV
INFY,INFY.NS,2022-06-09,2022,6,0,Bear,1,0.5599,BUY,0,1,0.6039,BUY,0,10,"OBV,BB_Lower,Return_10d,ADX,BB_Width,MACD_Signal,MACD,Volume_MA,MACD_Hist,RSI_14",OBV
INFY,INFY.NS,2022-06-10,2022,6,1,Bear,-1,0.5458,NO TRADE,0,1,0.7141,BUY,1,10,"OBV,BB_Lower,Return_10d,ADX,BB_Width,MACD_Signal,MACD,Volume_MA,MACD_Hist,RSI_14",OBV
INFY,INFY.NS,2022-06-13,2022,6,1,Bear,1,0.6753,BUY,1,1,0.639,BUY,1,10,"OBV,BB_Lower,Return_10d,ADX,BB_Width,MACD_Signal,MACD,Volume_MA,MACD_Hist,RSI_14",OBV
INFY,INFY.NS,2022-06-14,2022,6,0,Bear,1,0.6481,BUY,0,1,0.7047,BUY,0,10,"OBV,BB_Lower,Return_10d,ADX,BB_Width,MACD_Signal,MACD,Volume_MA,MACD_Hist,RSI_14",OBV
INFY,INFY.NS,2022-06-15,2022,6,1,Bear,1,0.7013,BUY,1,1,0.675,BUY,1,10,"OBV,BB_Lower,Return_10d,ADX,BB_Width,MACD_Signal,MACD,Volume_MA,MACD_Hist,RSI_14",OBV
INFY,INFY.NS,2022-06-16,2022,6,1,Bear,1,0.7427,BUY,1,1,0.7188,BUY,1,10,"OBV,BB_Lower,Return_10d,ADX,BB_Width,MACD_Signal,MACD,Volume_MA,MACD_Hist,RSI_14",OBV
INFY,INFY.NS,2022-06-17,2022,6,1,Bear,1,0.7433,BUY,1,1,0.7442,BUY,1,10,"OBV,BB_Lower,Return_10d,ADX,BB_Width,MACD_Signal,MACD,Volume_MA,MACD_Hist,RSI_14",OBV
INFY,INFY.NS,2022-06-20,2022,6,1,Bear,1,0.6493,BUY,1,1,0.7355,BUY,1,10,"OBV,BB_Lower,Return_10d,ADX,BB_Width,MACD_Signal,MACD,Volume_MA,MACD_Hist,RSI_14",OBV
INFY,INFY.NS,2022-06-21,2022,6,1,Bear,1,0.5572,BUY,1,1,0.8044,BUY,1,10,"OBV,BB_Lower,Return_10d,ADX,BB_Width,MACD_Signal,MACD,Volume_MA,MACD_Hist,RSI_14",OBV
INFY,INFY.NS,2022-06-22,2022,6,1,Bear,1,0.655,BUY,1,1,0.8379,BUY,1,10,"OBV,BB_Lower,Return_10d,ADX,BB_Width,MACD_Signal,MACD,Volume_MA,MACD_Hist,RSI_14",OBV
INFY,INFY.NS,2022-06-23,2022,6,1,Bear,1,0.5965,BUY,1,1,0.8963,BUY,1,10,"OBV,BB_Lower,Return_10d,ADX,BB_Width,MACD_Signal,MACD,Volume_MA,MACD_Hist,RSI_14",OBV
INFY,INFY.NS,2022-06-24,2022,6,1,Bear,1,0.8377,BUY,1,1,0.933,BUY,1,10,"OBV,BB_Lower,Return_10d,ADX,BB_Width,MACD_Signal,MACD,Volume_MA,MACD_Hist,RSI_14",OBV
INFY,INFY.NS,2022-06-27,2022,6,1,Bear,1,0.7574,BUY,1,1,0.9356,BUY,1,10,"OBV,BB_Lower,Return_10d,ADX,BB_Width,MACD_Signal,MACD,Volume_MA,MACD_Hist,RSI_14",OBV
INFY,INFY.NS,2022-06-28,2022,6,0,Bear,1,0.8407,BUY,0,1,0.9251,BUY,0,10,"OBV,BB_Lower,Return_10d,ADX,BB_Width,MACD_Signal,MACD,Volume_MA,MACD_Hist,RSI_14",OBV
INFY,INFY.NS,2022-06-29,2022,6,1,Bear,1,0.8821,BUY,1,1,0.9578,BUY,1,10,"OBV,BB_Lower,Return_10d,ADX,BB_Width,MACD_Signal,MACD,Volume_MA,MACD_Hist,RSI_14",OBV
INFY,INFY.NS,2022-06-30,2022,6,1,Bear,1,0.8946,BUY,1,1,0.9538,BUY,1,10,"OBV,BB_Lower,Return_10d,ADX,BB_Width,MACD_Signal,MACD,Volume_MA,MACD_Hist,RSI_14",OBV
INFY,INFY.NS,2022-07-01,2022,7,1,Bear,1,0.8045,BUY,1,1,0.9408,BUY,1,10,"OBV,BB_Lower,Return_10d,ADX,BB_Width,MACD_Signal,MACD,Volume_MA,MACD_Hist,RSI_14",OBV
INFY,INFY.NS,2022-07-04,2022,7,1,Bear,1,0.8134,BUY,1,1,0.9153,BUY,1,10,"OBV,BB_Lower,Return_10d,ADX,BB_Width,MACD_Signal,MACD,Volume_MA,MACD_Hist,RSI_14",OBV
INFY,INFY.NS,2022-07-05,2022,7,1,Bear,1,0.9508,BUY,1,1,0.9641,BUY,1,10,"OBV,BB_Lower,Return_10d,ADX,BB_Width,MACD_Signal,MACD,Volume_MA,MACD_Hist,RSI_14",OBV
INFY,INFY.NS,2022-07-06,2022,7,1,Bear,1,0.9475,BUY,1,1,0.9757,BUY,1,10,"OBV,BB_Lower,Return_10d,ADX,BB_Width,MACD_Signal,MACD,Volume_MA,MACD_Hist,RSI_14",OBV
INFY,INFY.NS,2022-07-07,2022,7,1,Bear,1,0.9466,BUY,1,1,0.9723,BUY,1,10,"OBV,BB_Lower,Return_10d,ADX,BB_Width,MACD_Signal,MACD,Volume_MA,MACD_Hist,RSI_14",OBV
INFY,INFY.NS,2022-07-08,2022,7,1,Sideways,1,0.9108,BUY,1,1,0.9553,BUY,1,10,"OBV,BB_Lower,Return_10d,ADX,BB_Width,MACD_Signal,MACD,Volume_MA,MACD_Hist,RSI_14",OBV
INFY,INFY.NS,2022-07-11,2022,7,1,Bear,1,0.9769,BUY,1,1,0.9837,BUY,1,10,"OBV,BB_Lower,Return_10d,ADX,BB_Width,MACD_Signal,MACD,Volume_MA,MACD_Hist,RSI_14",OBV
INFY,INFY.NS,2022-07-12,2022,7,1,Bear,1,0.9831,BUY,1,1,0.9796,BUY,1,10,"OBV,BB_Lower,Return_10d,ADX,BB_Width,MACD_Signal,MACD,Volume_MA,MACD_Hist,RSI_14",OBV
INFY,INFY.NS,2022-07-13,2022,7,1,Bear,1,0.9721,BUY,1,1,0.9535,BUY,1,10,"OBV,BB_Lower,Return_10d,ADX,BB_Width,MACD_Signal,MACD,Volume_MA,MACD_Hist,RSI_14",OBV
INFY,INFY.NS,2022-07-14,2022,7,1,Bear,1,0.9641,BUY,1,1,0.9308,BUY,1,10,"OBV,BB_Lower,Return_10d,ADX,BB_Width,MACD_Signal,MACD,Volume_MA,MACD_Hist,RSI_14",OBV
INFY,INFY.NS,2022-07-15,2022,7,1,Bear,1,0.9419,BUY,1,1,0.9377,BUY,1,10,"OBV,BB_Lower,Return_10d,ADX,BB_Width,MACD_Signal,MACD,Volume_MA,MACD_Hist,RSI_14",OBV
INFY,INFY.NS,2022-07-18,2022,7,1,Bear,1,0.8879,BUY,1,1,0.8797,BUY,1,10,"OBV,BB_Lower,Return_10d,ADX,BB_Width,MACD_Signal,MACD,Volume_MA,MACD_Hist,RSI_14",OBV
INFY,INFY.NS,2022-07-19,2022,7,1,Bear,1,0.9359,BUY,1,1,0.9292,BUY,1,10,"OBV,BB_Lower,Return_10d,ADX,BB_Width,MACD_Signal,MACD,Volume_MA,MACD_Hist,RSI_14",OBV
INFY,INFY.NS,2022-07-20,2022,7,1,Bear,1,0.7954,BUY,1,1,0.8942,BUY,1,10,"OBV,BB_Lower,Return_10d,ADX,BB_Width,MACD_Signal,MACD,Volume_MA,MACD_Hist,RSI_14",OBV
INFY,INFY.NS,2022-07-21,2022,7,1,Sideways,1,0.7196,BUY,1,1,0.9098,BUY,1,10,"OBV,BB_Lower,Return_10d,ADX,BB_Width,MACD_Signal,MACD,Volume_MA,MACD_Hist,RSI_14",OBV
INFY,INFY.NS,2022-07-22,2022,7,1,Bull,1,0.8669,BUY,1,1,0.9372,BUY,1,10,"OBV,BB_Lower,Return_10d,ADX,BB_Width,MACD_Signal,MACD,Volume_MA,MACD_Hist,RSI_14",OBV
INFY,INFY.NS,2022-07-25,2022,7,1,Sideways,1,0.958,BUY,1,1,0.9756,BUY,1,10,"OBV,BB_Lower,Return_10d,ADX,BB_Width,MACD_Signal,MACD,Volume_MA,MACD_Hist,RSI_14",OBV
INFY,INFY.NS,2022-07-26,2022,7,1,Bull,1,0.9536,BUY,1,1,0.9818,BUY,1,10,"OBV,BB_Lower,Return_10d,ADX,BB_Width,MACD_Signal,MACD,Volume_MA,MACD_Hist,RSI_14",OBV
INFY,INFY.NS,2022-07-27,2022,7,1,Bear,1,0.9211,BUY,1,1,0.9756,BUY,1,10,"OBV,BB_Lower,Return_10d,ADX,BB_Width,MACD_Signal,MACD,Volume_MA,MACD_Hist,RSI_14",OBV
INFY,INFY.NS,2022-07-28,2022,7,0,Sideways,1,0.8908,BUY,0,1,0.9561,BUY,0,10,"OBV,BB_Lower,Return_10d,ADX,BB_Width,MACD_Signal,MACD,Volume_MA,MACD_Hist,RSI_14",OBV
INFY,INFY.NS,2022-07-29,2022,7,0,Bull,1,0.7487,BUY,0,1,0.9121,BUY,0,10,"OBV,BB_Lower,Return_10d,ADX,BB_Width,MACD_Signal,MACD,Volume_MA,MACD_Hist,RSI_14",OBV
INFY,INFY.NS,2022-08-01,2022,8,0,Bull,1,0.8196,BUY,0,1,0.9068,BUY,0,10,"OBV,BB_Lower,Return_10d,ADX,BB_Width,MACD_Signal,MACD,Volume_MA,MACD_Hist,RSI_14",OBV
INFY,INFY.NS,2022-08-02,2022,8,0,Bull,1,0.7125,BUY,0,1,0.6777,BUY,0,10,"BB_Lower,MACD,OBV,ROC,ADX,Volume_MA,MACD_Hist,Rolling_Mean_Return,ATR_14,Return_10d",BB_Lower
INFY,INFY.NS,2022-08-03,2022,8,0,Bull,0,0.8053,SELL,1,-1,0.5077,NO TRADE,0,10,"BB_Lower,MACD,OBV,ROC,ADX,Volume_MA,MACD_Hist,Rolling_Mean_Return,ATR_14,Return_10d",BB_Lower
INFY,INFY.NS,2022-08-04,2022,8,0,Bull,0,0.8765,SELL,1,0,0.7039,SELL,1,10,"BB_Lower,MACD,OBV,ROC,ADX,Volume_MA,MACD_Hist,Rolling_Mean_Return,ATR_14,Return_10d",BB_Lower
INFY,INFY.NS,2022-08-05,2022,8,0,Bull,0,0.8997,SELL,1,0,0.8949,SELL,1,10,"BB_Lower,MACD,OBV,ROC,ADX,Volume_MA,MACD_Hist,Rolling_Mean_Return,ATR_14,Return_10d",BB_Lower
INFY,INFY.NS,2022-08-08,2022,8,0,Bull,0,0.9013,SELL,1,0,0.9104,SELL,1,10,"BB_Lower,MACD,OBV,ROC,ADX,Volume_MA,MACD_Hist,Rolling_Mean_Return,ATR_14,Return_10d",BB_Lower
INFY,INFY.NS,2022-08-10,2022,8,0,Bull,0,0.9369,SELL,1,0,0.9119,SELL,1,10,"BB_Lower,MACD,OBV,ROC,ADX,Volume_MA,MACD_Hist,Rolling_Mean_Return,ATR_14,Return_10d",BB_Lower
INFY,INFY.NS,2022-08-11,2022,8,0,Bull,0,0.9422,SELL,1,0,0.9066,SELL,1,10,"BB_Lower,MACD,OBV,ROC,ADX,Volume_MA,MACD_Hist,Rolling_Mean_Return,ATR_14,Return_10d",BB_Lower
INFY,INFY.NS,2022-08-12,2022,8,0,Bull,0,0.9131,SELL,1,0,0.9072,SELL,1,10,"BB_Lower,MACD,OBV,ROC,ADX,Volume_MA,MACD_Hist,Rolling_Mean_Return,ATR_14,Return_10d",BB_Lower
INFY,INFY.NS,2022-08-16,2022,8,0,Bull,0,0.8608,SELL,1,0,0.8694,SELL,1,10,"BB_Lower,MACD,OBV,ROC,ADX,Volume_MA,MACD_Hist,Rolling_Mean_Return,ATR_14,Return_10d",BB_Lower
INFY,INFY.NS,2022-08-17,2022,8,0,Bull,0,0.8914,SELL,1,0,0.8678,SELL,1,10,"BB_Lower,MACD,OBV,ROC,ADX,Volume_MA,MACD_Hist,Rolling_Mean_Return,ATR_14,Return_10d",BB_Lower
INFY,INFY.NS,2022-08-18,2022,8,0,Bull,0,0.8581,SELL,1,0,0.8564,SELL,1,10,"BB_Lower,MACD,OBV,ROC,ADX,Volume_MA,MACD_Hist,Rolling_Mean_Return,ATR_14,Return_10d",BB_Lower
INFY,INFY.NS,2022-08-19,2022,8,0,Bull,0,0.8604,SELL,1,0,0.8538,SELL,1,10,"BB_Lower,MACD,OBV,ROC,ADX,Volume_MA,MACD_Hist,Rolling_Mean_Return,ATR_14,Return_10d",BB_Lower
INFY,INFY.NS,2022-08-22,2022,8,0,Bull,0,0.7661,SELL,1,0,0.8305,SELL,1,10,"BB_Lower,MACD,OBV,ROC,ADX,Volume_MA,MACD_Hist,Rolling_Mean_Return,ATR_14,Return_10d",BB_Lower
INFY,INFY.NS,2022-08-23,2022,8,0,Bull,0,0.7604,SELL,1,0,0.8081,SELL,1,10,"BB_Lower,MACD,OBV,ROC,ADX,Volume_MA,MACD_Hist,Rolling_Mean_Return,ATR_14,Return_10d",BB_Lower
INFY,INFY.NS,2022-08-24,2022,8,0,Bull,0,0.6109,SELL,1,0,0.7128,SELL,1,10,"BB_Lower,MACD,OBV,ROC,ADX,Volume_MA,MACD_Hist,Rolling_Mean_Return,ATR_14,Return_10d",BB_Lower
INFY,INFY.NS,2022-08-25,2022,8,0,Bull,0,0.6599,SELL,1,0,0.6655,SELL,1,10,"BB_Lower,MACD,OBV,ROC,ADX,Volume_MA,MACD_Hist,Rolling_Mean_Return,ATR_14,Return_10d",BB_Lower
INFY,INFY.NS,2022-08-26,2022,8,0,Bull,0,0.6573,SELL,1,0,0.6172,SELL,1,10,"BB_Lower,MACD,OBV,ROC,ADX,Volume_MA,MACD_Hist,Rolling_Mean_Return,ATR_14,Return_10d",BB_Lower
INFY,INFY.NS,2022-08-29,2022,8,0,Bull,1,0.5655,BUY,0,1,0.6507,BUY,0,10,"BB_Lower,MACD,OBV,ROC,ADX,Volume_MA,MACD_Hist,Rolling_Mean_Return,ATR_14,Return_10d",BB_Lower
INFY,INFY.NS,2022-08-30,2022,8,0,Bull,-1,0.5466,NO TRADE,0,1,0.6573,BUY,0,10,"BB_Lower,MACD,OBV,ROC,ADX,Volume_MA,MACD_Hist,Rolling_Mean_Return,ATR_14,Return_10d",BB_Lower
INFY,INFY.NS,2022-09-01,2022,9,0,Bull,1,0.7345,BUY,0,1,0.7737,BUY,0,10,"BB_Lower,MACD,OBV,ROC,ADX,Volume_MA,MACD_Hist,Rolling_Mean_Return,ATR_14,Return_10d",BB_Lower
INFY,INFY.NS,2022-09-02,2022,9,0,Bull,1,0.8514,BUY,0,1,0.8093,BUY,0,10,"BB_Lower,MACD,OBV,ROC,ADX,Volume_MA,MACD_Hist,Rolling_Mean_Return,ATR_14,Return_10d",BB_Lower
INFY,INFY.NS,2022-09-05,2022,9,0,Sideways,1,0.7575,BUY,0,1,0.7624,BUY,0,10,"BB_Lower,MACD,OBV,ROC,ADX,Volume_MA,MACD_Hist,Rolling_Mean_Return,ATR_14,Return_10d",BB_Lower
INFY,INFY.NS,2022-09-06,2022,9,0,Sideways,1,0.8844,BUY,0,1,0.841,BUY,0,10,"BB_Lower,MACD,OBV,ROC,ADX,Volume_MA,MACD_Hist,Rolling_Mean_Return,ATR_14,Return_10d",BB_Lower
INFY,INFY.NS,2022-09-07,2022,9,0,Sideways,1,0.839,BUY,0,1,0.8321,BUY,0,10,"BB_Lower,MACD,OBV,ROC,ADX,Volume_MA,MACD_Hist,Rolling_Mean_Return,ATR_14,Return_10d",BB_Lower
INFY,INFY.NS,2022-09-08,2022,9,0,Sideways,1,0.7703,BUY,0,1,0.8366,BUY,0,10,"BB_Lower,MACD,OBV,ROC,ADX,Volume_MA,MACD_Hist,Rolling_Mean_Return,ATR_14,Return_10d",BB_Lower
INFY,INFY.NS,2022-09-09,2022,9,0,Sideways,1,0.6694,BUY,0,1,0.8338,BUY,0,10,"BB_Lower,MACD,OBV,ROC,ADX,Volume_MA,MACD_Hist,Rolling_Mean_Return,ATR_14,Return_10d",BB_Lower
INFY,INFY.NS,2022-09-12,2022,9,0,Bull,1,0.5595,BUY,0,1,0.8235,BUY,0,10,"BB_Lower,MACD,OBV,ROC,ADX,Volume_MA,MACD_Hist,Rolling_Mean_Return,ATR_14,Return_10d",BB_Lower
INFY,INFY.NS,2022-09-13,2022,9,0,Bull,0,0.6174,SELL,1,1,0.6083,BUY,0,10,"BB_Lower,MACD,OBV,ROC,ADX,Volume_MA,MACD_Hist,Rolling_Mean_Return,ATR_14,Return_10d",BB_Lower
INFY,INFY.NS,2022-09-14,2022,9,0,Bull,1,0.7012,BUY,0,1,0.8458,BUY,0,10,"BB_Lower,MACD,OBV,ROC,ADX,Volume_MA,MACD_Hist,Rolling_Mean_Return,ATR_14,Return_10d",BB_Lower
INFY,INFY.NS,2022-09-15,2022,9,1,Sideways,1,0.8242,BUY,1,1,0.922,BUY,1,10,"BB_Lower,MACD,OBV,ROC,ADX,Volume_MA,MACD_Hist,Rolling_Mean_Return,ATR_14,Return_10d",BB_Lower
INFY,INFY.NS,2022-09-16,2022,9,1,Bear,1,0.7969,BUY,1,1,0.8894,BUY,1,10,"BB_Lower,MACD,OBV,ROC,ADX,Volume_MA,MACD_Hist,Rolling_Mean_Return,ATR_14,Return_10d",BB_Lower
INFY,INFY.NS,2022-09-19,2022,9,1,Bear,1,0.772,BUY,1,1,0.8984,BUY,1,10,"BB_Lower,MACD,OBV,ROC,ADX,Volume_MA,MACD_Hist,Rolling_Mean_Return,ATR_14,Return_10d",BB_Lower
INFY,INFY.NS,2022-09-20,2022,9,1,Bear,1,0.7865,BUY,1,1,0.9052,BUY,1,10,"BB_Lower,MACD,OBV,ROC,ADX,Volume_MA,MACD_Hist,Rolling_Mean_Return,ATR_14,Return_10d",BB_Lower
INFY,INFY.NS,2022-09-21,2022,9,1,Bear,1,0.7884,BUY,1,1,0.888,BUY,1,10,"BB_Lower,MACD,OBV,ROC,ADX,Volume_MA,MACD_Hist,Rolling_Mean_Return,ATR_14,Return_10d",BB_Lower
INFY,INFY.NS,2022-09-22,2022,9,1,Bear,1,0.6959,BUY,1,1,0.8527,BUY,1,10,"BB_Lower,MACD,OBV,ROC,ADX,Volume_MA,MACD_Hist,Rolling_Mean_Return,ATR_14,Return_10d",BB_Lower
INFY,INFY.NS,2022-09-23,2022,9,1,Bear,1,0.8111,BUY,1,1,0.8323,BUY,1,10,"BB_Lower,MACD,OBV,ROC,ADX,Volume_MA,MACD_Hist,Rolling_Mean_Return,ATR_14,Return_10d",BB_Lower
INFY,INFY.NS,2022-09-26,2022,9,1,Bear,1,0.7093,BUY,1,1,0.6523,BUY,1,10,"BB_Lower,MACD,OBV,ROC,ADX,Volume_MA,MACD_Hist,Rolling_Mean_Return,ATR_14,Return_10d",BB_Lower
INFY,INFY.NS,2022-09-27,2022,9,1,Bear,1,0.7288,BUY,1,1,0.6454,BUY,1,10,"BB_Lower,MACD,OBV,ROC,ADX,Volume_MA,MACD_Hist,Rolling_Mean_Return,ATR_14,Return_10d",BB_Lower
INFY,INFY.NS,2022-09-28,2022,9,1,Sideways,1,0.7355,BUY,1,1,0.6419,BUY,1,10,"BB_Lower,MACD,OBV,ROC,ADX,Volume_MA,MACD_Hist,Rolling_Mean_Return,ATR_14,Return_10d",BB_Lower
INFY,INFY.NS,2022-09-29,2022,9,1,Sideways,1,0.7565,BUY,1,1,0.6916,BUY,1,10,"BB_Lower,MACD,OBV,ROC,ADX,Volume_MA,MACD_Hist,Rolling_Mean_Return,ATR_14,Return_10d",BB_Lower
INFY,INFY.NS,2022-09-30,2022,9,1,Bear,1,0.6969,BUY,1,1,0.6241,BUY,1,10,"BB_Lower,MACD,OBV,ROC,ADX,Volume_MA,MACD_Hist,Rolling_Mean_Return,ATR_14,Return_10d",BB_Lower
INFY,INFY.NS,2022-10-03,2022,10,1,Bear,1,0.776,BUY,1,1,0.6402,BUY,1,10,"BB_Lower,MACD,OBV,ROC,ADX,Volume_MA,MACD_Hist,Rolling_Mean_Return,ATR_14,Return_10d",BB_Lower
INFY,INFY.NS,2022-10-04,2022,10,1,Bear,1,0.6849,BUY,1,1,0.5898,BUY,1,10,"BB_Lower,MACD,OBV,ROC,ADX,Volume_MA,MACD_Hist,Rolling_Mean_Return,ATR_14,Return_10d",BB_Lower
INFY,INFY.NS,2022-10-06,2022,10,1,Bear,1,0.5743,BUY,1,-1,0.512,NO TRADE,0,10,"BB_Lower,MACD,OBV,ROC,ADX,Volume_MA,MACD_Hist,Rolling_Mean_Return,ATR_14,Return_10d",BB_Lower
INFY,INFY.NS,2022-10-07,2022,10,1,Bear,1,0.6177,BUY,1,-1,0.5058,NO TRADE,0,10,"BB_Lower,MACD,OBV,ROC,ADX,Volume_MA,MACD_Hist,Rolling_Mean_Return,ATR_14,Return_10d",BB_Lower
INFY,INFY.NS,2022-10-10,2022,10,1,Bear,-1,0.5239,NO TRADE,0,1,0.5518,BUY,1,10,"BB_Lower,MACD,OBV,ROC,ADX,Volume_MA,MACD_Hist,Rolling_Mean_Return,ATR_14,Return_10d",BB_Lower
INFY,INFY.NS,2022-10-11,2022,10,1,Sideways,1,0.7539,BUY,1,1,0.6003,BUY,1,10,"BB_Lower,MACD,OBV,ROC,ADX,Volume_MA,MACD_Hist,Rolling_Mean_Return,ATR_14,Return_10d",BB_Lower
INFY,INFY.NS,2022-10-12,2022,10,1,Bear,1,0.7744,BUY,1,1,0.6366,BUY,1,10,"BB_Lower,MACD,OBV,ROC,ADX,Volume_MA,MACD_Hist,Rolling_Mean_Return,ATR_14,Return_10d",BB_Lower
INFY,INFY.NS,2022-10-13,2022,10,1,Bear,1,0.8333,BUY,1,1,0.6857,BUY,1,10,"BB_Lower,MACD,OBV,ROC,ADX,Volume_MA,MACD_Hist,Rolling_Mean_Return,ATR_14,Return_10d",BB_Lower
INFY,INFY.NS,2022-10-14,2022,10,1,Bear,0,0.5681,SELL,0,0,0.5961,SELL,0,10,"BB_Lower,MACD,OBV,ROC,ADX,Volume_MA,MACD_Hist,Rolling_Mean_Return,ATR_14,Return_10d",BB_Lower
INFY,INFY.NS,2022-10-17,2022,10,1,Bear,1,0.6199,BUY,1,1,0.6117,BUY,1,10,"BB_Lower,MACD,OBV,ROC,ADX,Volume_MA,MACD_Hist,Rolling_Mean_Return,ATR_14,Return_10d",BB_Lower
INFY,INFY.NS,2022-10-18,2022,10,1,Bear,0,0.6646,SELL,0,-1,0.5307,NO TRADE,0,10,"BB_Lower,MACD,OBV,ROC,ADX,Volume_MA,MACD_Hist,Rolling_Mean_Return,ATR_14,Return_10d",BB_Lower
INFY,INFY.NS,2022-10-19,2022,10,1,Bear,-1,0.5454,NO TRADE,0,1,0.568,BUY,1,10,"BB_Lower,MACD,OBV,ROC,ADX,Volume_MA,MACD_Hist,Rolling_Mean_Return,ATR_14,Return_10d",BB_Lower
INFY,INFY.NS,2022-10-20,2022,10,1,Bear,0,0.709,SELL,0,0,0.5729,SELL,0,10,"BB_Lower,MACD,OBV,ROC,ADX,Volume_MA,MACD_Hist,Rolling_Mean_Return,ATR_14,Return_10d",BB_Lower
INFY,INFY.NS,2022-10-21,2022,10,1,Bear,-1,0.5441,NO TRADE,0,-1,0.5419,NO TRADE,0,10,"BB_Lower,MACD,OBV,ROC,ADX,Volume_MA,MACD_Hist,Rolling_Mean_Return,ATR_14,Return_10d",BB_Lower
INFY,INFY.NS,2022-10-24,2022,10,1,Bear,0,0.6962,SELL,0,0,0.5922,SELL,0,10,"BB_Lower,MACD,OBV,ROC,ADX,Volume_MA,MACD_Hist,Rolling_Mean_Return,ATR_14,Return_10d",BB_Lower
INFY,INFY.NS,2022-10-25,2022,10,1,Bear,0,0.8421,SELL,0,0,0.6588,SELL,0,10,"BB_Lower,MACD,OBV,ROC,ADX,Volume_MA,MACD_Hist,Rolling_Mean_Return,ATR_14,Return_10d",BB_Lower
INFY,INFY.NS,2022-10-27,2022,10,1,Bear,0,0.8685,SELL,0,0,0.7431,SELL,0,10,"BB_Lower,MACD,OBV,ROC,ADX,Volume_MA,MACD_Hist,Rolling_Mean_Return,ATR_14,Return_10d",BB_Lower
INFY,INFY.NS,2022-10-28,2022,10,1,Bear,0,0.8549,SELL,0,0,0.7379,SELL,0,10,"BB_Lower,MACD,OBV,ROC,ADX,Volume_MA,MACD_Hist,Rolling_Mean_Return,ATR_14,Return_10d",BB_Lower
INFY,INFY.NS,2022-10-31,2022,10,1,Bear,0,0.9041,SELL,0,0,0.7888,SELL,0,10,"BB_Lower,MACD,OBV,ROC,ADX,Volume_MA,MACD_Hist,Rolling_Mean_Return,ATR_14,Return_10d",BB_Lower
INFY,INFY.NS,2022-11-01,2022,11,1,Bear,0,0.9392,SELL,0,0,0.9151,SELL,0,10,"MACD_Hist,BB_Lower,OBV,BB_Width,CCI,MACD_Signal,ADX,Rolling_Mean_Return,BB_Upper,Volume_MA",MACD_Hist
INFY,INFY.NS,2022-11-02,2022,11,1,Sideways,0,0.9036,SELL,0,0,0.9407,SELL,0,10,"MACD_Hist,BB_Lower,OBV,BB_Width,CCI,MACD_Signal,ADX,Rolling_Mean_Return,BB_Upper,Volume_MA",MACD_Hist
INFY,INFY.NS,2022-11-03,2022,11,1,Sideways,0,0.7954,SELL,0,0,0.8937,SELL,0,10,"MACD_Hist,BB_Lower,OBV,BB_Width,CCI,MACD_Signal,ADX,Rolling_Mean_Return,BB_Upper,Volume_MA",MACD_Hist
INFY,INFY.NS,2022-11-04,2022,11,1,Sideways,0,0.7307,SELL,0,0,0.8847,SELL,0,10,"MACD_Hist,BB_Lower,OBV,BB_Width,CCI,MACD_Signal,ADX,Rolling_Mean_Return,BB_Upper,Volume_MA",MACD_Hist
INFY,INFY.NS,2022-11-07,2022,11,1,Sideways,0,0.7994,SELL,0,0,0.8623,SELL,0,10,"MACD_Hist,BB_Lower,OBV,BB_Width,CCI,MACD_Signal,ADX,Rolling_Mean_Return,BB_Upper,Volume_MA",MACD_Hist
INFY,INFY.NS,2022-11-09,2022,11,1,Sideways,0,0.8086,SELL,0,0,0.8641,SELL,0,10,"MACD_Hist,BB_Lower,OBV,BB_Width,CCI,MACD_Signal,ADX,Rolling_Mean_Return,BB_Upper,Volume_MA",MACD_Hist
INFY,INFY.NS,2022-11-10,2022,11,1,Sideways,0,0.8642,SELL,0,0,0.8749,SELL,0,10,"MACD_Hist,BB_Lower,OBV,BB_Width,CCI,MACD_Signal,ADX,Rolling_Mean_Return,BB_Upper,Volume_MA",MACD_Hist
INFY,INFY.NS,2022-11-11,2022,11,0,Sideways,0,0.938,SELL,1,0,0.896,SELL,1,10,"MACD_Hist,BB_Lower,OBV,BB_Width,CCI,MACD_Signal,ADX,Rolling_Mean_Return,BB_Upper,Volume_MA",MACD_Hist
INFY,INFY.NS,2022-11-14,2022,11,0,Bull,0,0.9375,SELL,1,0,0.9266,SELL,1,10,"MACD_Hist,BB_Lower,OBV,BB_Width,CCI,MACD_Signal,ADX,Rolling_Mean_Return,BB_Upper,Volume_MA",MACD_Hist
INFY,INFY.NS,2022-11-15,2022,11,0,Bull,0,0.9406,SELL,1,0,0.9306,SELL,1,10,"MACD_Hist,BB_Lower,OBV,BB_Width,CCI,MACD_Signal,ADX,Rolling_Mean_Return,BB_Upper,Volume_MA",MACD_Hist
INFY,INFY.NS,2022-11-16,2022,11,0,Bull,0,0.9106,SELL,1,0,0.9251,SELL,1,10,"MACD_Hist,BB_Lower,OBV,BB_Width,CCI,MACD_Signal,ADX,Rolling_Mean_Return,BB_Upper,Volume_MA",MACD_Hist
INFY,INFY.NS,2022-11-17,2022,11,0,Bull,0,0.9346,SELL,1,0,0.9297,SELL,1,10,"MACD_Hist,BB_Lower,OBV,BB_Width,CCI,MACD_Signal,ADX,Rolling_Mean_Return,BB_Upper,Volume_MA",MACD_Hist
INFY,INFY.NS,2022-11-18,2022,11,0,Bull,0,0.8934,SELL,1,0,0.924,SELL,1,10,"MACD_Hist,BB_Lower,OBV,BB_Width,CCI,MACD_Signal,ADX,Rolling_Mean_Return,BB_Upper,Volume_MA",MACD_Hist
INFY,INFY.NS,2022-11-21,2022,11,0,Bull,0,0.9031,SELL,1,0,0.9311,SELL,1,10,"MACD_Hist,BB_Lower,OBV,BB_Width,CCI,MACD_Signal,ADX,Rolling_Mean_Return,BB_Upper,Volume_MA",MACD_Hist
INFY,INFY.NS,2022-11-22,2022,11,0,Bull,0,0.9512,SELL,1,0,0.9449,SELL,1,10,"MACD_Hist,BB_Lower,OBV,BB_Width,CCI,MACD_Signal,ADX,Rolling_Mean_Return,BB_Upper,Volume_MA",MACD_Hist
INFY,INFY.NS,2022-11-23,2022,11,0,Bull,0,0.9336,SELL,1,0,0.951,SELL,1,10,"MACD_Hist,BB_Lower,OBV,BB_Width,CCI,MACD_Signal,ADX,Rolling_Mean_Return,BB_Upper,Volume_MA",MACD_Hist
INFY,INFY.NS,2022-11-24,2022,11,0,Bull,0,0.9599,SELL,1,0,0.9466,SELL,1,10,"MACD_Hist,BB_Lower,OBV,BB_Width,CCI,MACD_Signal,ADX,Rolling_Mean_Return,BB_Upper,Volume_MA",MACD_Hist
INFY,INFY.NS,2022-11-25,2022,11,0,Bull,0,0.9438,SELL,1,0,0.933,SELL,1,10,"MACD_Hist,BB_Lower,OBV,BB_Width,CCI,MACD_Signal,ADX,Rolling_Mean_Return,BB_Upper,Volume_MA",MACD_Hist
INFY,INFY.NS,2022-11-28,2022,11,0,Bull,0,0.942,SELL,1,0,0.9491,SELL,1,10,"MACD_Hist,BB_Lower,OBV,BB_Width,CCI,MACD_Signal,ADX,Rolling_Mean_Return,BB_Upper,Volume_MA",MACD_Hist
INFY,INFY.NS,2022-11-29,2022,11,0,Bull,0,0.9311,SELL,1,0,0.9543,SELL,1,10,"MACD_Hist,BB_Lower,OBV,BB_Width,CCI,MACD_Signal,ADX,Rolling_Mean_Return,BB_Upper,Volume_MA",MACD_Hist
INFY,INFY.NS,2022-11-30,2022,11,0,Bull,0,0.9437,SELL,1,0,0.9592,SELL,1,10,"MACD_Hist,BB_Lower,OBV,BB_Width,CCI,MACD_Signal,ADX,Rolling_Mean_Return,BB_Upper,Volume_MA",MACD_Hist
INFY,INFY.NS,2022-12-01,2022,12,0,Bull,0,0.9369,SELL,1,0,0.9528,SELL,1,10,"MACD_Hist,BB_Lower,OBV,BB_Width,CCI,MACD_Signal,ADX,Rolling_Mean_Return,BB_Upper,Volume_MA",MACD_Hist
INFY,INFY.NS,2022-12-02,2022,12,0,Bull,0,0.9372,SELL,1,0,0.9605,SELL,1,10,"MACD_Hist,BB_Lower,OBV,BB_Width,CCI,MACD_Signal,ADX,Rolling_Mean_Return,BB_Upper,Volume_MA",MACD_Hist
INFY,INFY.NS,2022-12-05,2022,12,0,Bull,0,0.9348,SELL,1,0,0.9643,SELL,1,10,"MACD_Hist,BB_Lower,OBV,BB_Width,CCI,MACD_Signal,ADX,Rolling_Mean_Return,BB_Upper,Volume_MA",MACD_Hist
INFY,INFY.NS,2022-12-06,2022,12,0,Bull,0,0.9214,SELL,1,0,0.9554,SELL,1,10,"MACD_Hist,BB_Lower,OBV,BB_Width,CCI,MACD_Signal,ADX,Rolling_Mean_Return,BB_Upper,Volume_MA",MACD_Hist
INFY,INFY.NS,2022-12-07,2022,12,0,Bull,0,0.913,SELL,1,0,0.9566,SELL,1,10,"MACD_Hist,BB_Lower,OBV,BB_Width,CCI,MACD_Signal,ADX,Rolling_Mean_Return,BB_Upper,Volume_MA",MACD_Hist
INFY,INFY.NS,2022-12-08,2022,12,0,Bull,0,0.8857,SELL,1,0,0.9332,SELL,1,10,"MACD_Hist,BB_Lower,OBV,BB_Width,CCI,MACD_Signal,ADX,Rolling_Mean_Return,BB_Upper,Volume_MA",MACD_Hist
INFY,INFY.NS,2022-12-09,2022,12,0,Bull,0,0.9207,SELL,1,0,0.9318,SELL,1,10,"MACD_Hist,BB_Lower,OBV,BB_Width,CCI,MACD_Signal,ADX,Rolling_Mean_Return,BB_Upper,Volume_MA",MACD_Hist
INFY,INFY.NS,2022-12-12,2022,12,0,Bull,0,0.8875,SELL,1,0,0.9463,SELL,1,10,"MACD_Hist,BB_Lower,OBV,BB_Width,CCI,MACD_Signal,ADX,Rolling_Mean_Return,BB_Upper,Volume_MA",MACD_Hist
INFY,INFY.NS,2022-12-13,2022,12,0,Bull,0,0.8406,SELL,1,0,0.9274,SELL,1,10,"MACD_Hist,BB_Lower,OBV,BB_Width,CCI,MACD_Signal,ADX,Rolling_Mean_Return,BB_Upper,Volume_MA",MACD_Hist
INFY,INFY.NS,2022-12-14,2022,12,0,Bull,0,0.8323,SELL,1,0,0.9257,SELL,1,10,"MACD_Hist,BB_Lower,OBV,BB_Width,CCI,MACD_Signal,ADX,Rolling_Mean_Return,BB_Upper,Volume_MA",MACD_Hist
INFY,INFY.NS,2022-12-15,2022,12,0,Bull,0,0.9012,SELL,1,0,0.9342,SELL,1,10,"MACD_Hist,BB_Lower,OBV,BB_Width,CCI,MACD_Signal,ADX,Rolling_Mean_Return,BB_Upper,Volume_MA",MACD_Hist
INFY,INFY.NS,2022-12-16,2022,12,0,Bull,0,0.8572,SELL,1,0,0.8332,SELL,1,10,"MACD_Hist,BB_Lower,OBV,BB_Width,CCI,MACD_Signal,ADX,Rolling_Mean_Return,BB_Upper,Volume_MA",MACD_Hist
INFY,INFY.NS,2022-12-19,2022,12,1,Bull,0,0.8173,SELL,0,0,0.8289,SELL,0,10,"MACD_Hist,BB_Lower,OBV,BB_Width,CCI,MACD_Signal,ADX,Rolling_Mean_Return,BB_Upper,Volume_MA",MACD_Hist
INFY,INFY.NS,2022-12-20,2022,12,1,Bull,0,0.7863,SELL,0,0,0.7937,SELL,0,10,"MACD_Hist,BB_Lower,OBV,BB_Width,CCI,MACD_Signal,ADX,Rolling_Mean_Return,BB_Upper,Volume_MA",MACD_Hist
INFY,INFY.NS,2022-12-21,2022,12,1,Bull,0,0.8099,SELL,0,0,0.8529,SELL,0,10,"MACD_Hist,BB_Lower,OBV,BB_Width,CCI,MACD_Signal,ADX,Rolling_Mean_Return,BB_Upper,Volume_MA",MACD_Hist
INFY,INFY.NS,2022-12-22,2022,12,1,Bull,0,0.8427,SELL,0,0,0.8911,SELL,0,10,"MACD_Hist,BB_Lower,OBV,BB_Width,CCI,MACD_Signal,ADX,Rolling_Mean_Return,BB_Upper,Volume_MA",MACD_Hist
INFY,INFY.NS,2022-12-23,2022,12,1,Bull,0,0.8264,SELL,0,0,0.8613,SELL,0,10,"MACD_Hist,BB_Lower,OBV,BB_Width,CCI,MACD_Signal,ADX,Rolling_Mean_Return,BB_Upper,Volume_MA",MACD_Hist
INFY,INFY.NS,2022-12-26,2022,12,1,Bull,0,0.7908,SELL,0,0,0.8534,SELL,0,10,"MACD_Hist,BB_Lower,OBV,BB_Width,CCI,MACD_Signal,ADX,Rolling_Mean_Return,BB_Upper,Volume_MA",MACD_Hist
INFY,INFY.NS,2022-12-27,2022,12,1,Bull,0,0.7386,SELL,0,0,0.7756,SELL,0,10,"MACD_Hist,BB_Lower,OBV,BB_Width,CCI,MACD_Signal,ADX,Rolling_Mean_Return,BB_Upper,Volume_MA",MACD_Hist
INFY,INFY.NS,2022-12-28,2022,12,1,Bull,0,0.7095,SELL,0,0,0.7344,SELL,0,10,"MACD_Hist,BB_Lower,OBV,BB_Width,CCI,MACD_Signal,ADX,Rolling_Mean_Return,BB_Upper,Volume_MA",MACD_Hist
INFY,INFY.NS,2022-12-29,2022,12,1,Bull,0,0.687,SELL,0,0,0.6468,SELL,0,10,"MACD_Hist,BB_Lower,OBV,BB_Width,CCI,MACD_Signal,ADX,Rolling_Mean_Return,BB_Upper,Volume_MA",MACD_Hist
INFY,INFY.NS,2022-12-30,2022,12,1,Sideways,0,0.5829,SELL,0,-1,0.5395,NO TRADE,0,10,"MACD_Hist,BB_Lower,OBV,BB_Width,CCI,MACD_Signal,ADX,Rolling_Mean_Return,BB_Upper,Volume_MA",MACD_Hist
INFY,INFY.NS,2023-01-02,2023,1,1,Bull,0,0.5541,SELL,0,0,0.5619,SELL,0,10,"MACD_Hist,BB_Lower,OBV,BB_Width,CCI,MACD_Signal,ADX,Rolling_Mean_Return,BB_Upper,Volume_MA",MACD_Hist
INFY,INFY.NS,2023-01-03,2023,1,1,Bull,-1,0.514,NO TRADE,0,-1,0.5025,NO TRADE,0,10,"MACD_Hist,BB_Lower,OBV,BB_Width,CCI,MACD_Signal,ADX,Rolling_Mean_Return,BB_Upper,Volume_MA",MACD_Hist
INFY,INFY.NS,2023-01-04,2023,1,1,Bull,-1,0.524,NO TRADE,0,1,0.5687,BUY,1,10,"MACD_Hist,BB_Lower,OBV,BB_Width,CCI,MACD_Signal,ADX,Rolling_Mean_Return,BB_Upper,Volume_MA",MACD_Hist
INFY,INFY.NS,2023-01-05,2023,1,1,Sideways,1,0.6969,BUY,1,1,0.7754,BUY,1,10,"MACD_Hist,BB_Lower,OBV,BB_Width,CCI,MACD_Signal,ADX,Rolling_Mean_Return,BB_Upper,Volume_MA",MACD_Hist
INFY,INFY.NS,2023-01-06,2023,1,1,Sideways,1,0.8168,BUY,1,1,0.9268,BUY,1,10,"MACD_Hist,BB_Lower,OBV,BB_Width,CCI,MACD_Signal,ADX,Rolling_Mean_Return,BB_Upper,Volume_MA",MACD_Hist
INFY,INFY.NS,2023-01-09,2023,1,1,Bear,0,0.5562,SELL,0,1,0.6184,BUY,1,10,"MACD_Hist,BB_Lower,OBV,BB_Width,CCI,MACD_Signal,ADX,Rolling_Mean_Return,BB_Upper,Volume_MA",MACD_Hist
INFY,INFY.NS,2023-01-10,2023,1,1,Sideways,1,0.7697,BUY,1,1,0.8171,BUY,1,10,"MACD_Hist,BB_Lower,OBV,BB_Width,CCI,MACD_Signal,ADX,Rolling_Mean_Return,BB_Upper,Volume_MA",MACD_Hist
INFY,INFY.NS,2023-01-11,2023,1,1,Bear,1,0.5992,BUY,1,1,0.6755,BUY,1,10,"MACD_Hist,BB_Lower,OBV,BB_Width,CCI,MACD_Signal,ADX,Rolling_Mean_Return,BB_Upper,Volume_MA",MACD_Hist
INFY,INFY.NS,2023-01-12,2023,1,1,Bear,0,0.5617,SELL,0,-1,0.504,NO TRADE,0,10,"MACD_Hist,BB_Lower,OBV,BB_Width,CCI,MACD_Signal,ADX,Rolling_Mean_Return,BB_Upper,Volume_MA",MACD_Hist
INFY,INFY.NS,2023-01-13,2023,1,1,Bear,0,0.5931,SELL,0,0,0.5507,SELL,0,10,"MACD_Hist,BB_Lower,OBV,BB_Width,CCI,MACD_Signal,ADX,Rolling_Mean_Return,BB_Upper,Volume_MA",MACD_Hist
INFY,INFY.NS,2023-01-16,2023,1,1,Sideways,0,0.5923,SELL,0,-1,0.5218,NO TRADE,0,10,"MACD_Hist,BB_Lower,OBV,BB_Width,CCI,MACD_Signal,ADX,Rolling_Mean_Return,BB_Upper,Volume_MA",MACD_Hist
INFY,INFY.NS,2023-01-17,2023,1,1,Sideways,-1,0.5249,NO TRADE,0,1,0.6364,BUY,1,10,"MACD_Hist,BB_Lower,OBV,BB_Width,CCI,MACD_Signal,ADX,Rolling_Mean_Return,BB_Upper,Volume_MA",MACD_Hist
INFY,INFY.NS,2023-01-18,2023,1,1,Bull,0,0.5941,SELL,0,1,0.6142,BUY,1,10,"MACD_Hist,BB_Lower,OBV,BB_Width,CCI,MACD_Signal,ADX,Rolling_Mean_Return,BB_Upper,Volume_MA",MACD_Hist
INFY,INFY.NS,2023-01-19,2023,1,1,Bull,0,0.6129,SELL,0,-1,0.5233,NO TRADE,0,10,"MACD_Hist,BB_Lower,OBV,BB_Width,CCI,MACD_Signal,ADX,Rolling_Mean_Return,BB_Upper,Volume_MA",MACD_Hist
INFY,INFY.NS,2023-01-20,2023,1,1,Bull,0,0.6286,SELL,0,0,0.568,SELL,0,10,"MACD_Hist,BB_Lower,OBV,BB_Width,CCI,MACD_Signal,ADX,Rolling_Mean_Return,BB_Upper,Volume_MA",MACD_Hist
INFY,INFY.NS,2023-01-23,2023,1,1,Bear,0,0.7274,SELL,0,0,0.5527,SELL,0,10,"MACD_Hist,BB_Lower,OBV,BB_Width,CCI,MACD_Signal,ADX,Rolling_Mean_Return,BB_Upper,Volume_MA",MACD_Hist
INFY,INFY.NS,2023-01-24,2023,1,1,Sideways,0,0.7272,SELL,0,0,0.7729,SELL,0,10,"MACD_Hist,BB_Lower,OBV,BB_Width,CCI,MACD_Signal,ADX,Rolling_Mean_Return,BB_Upper,Volume_MA",MACD_Hist
INFY,INFY.NS,2023-01-25,2023,1,1,Sideways,1,0.6183,BUY,1,1,0.6848,BUY,1,10,"BB_Lower,MACD_Hist,MACD,Rolling_Median_Return,Volume_MA,ATR_14,OBV,Rolling_Volatility,CCI,BB_Width",BB_Lower
INFY,INFY.NS,2023-01-27,2023,1,1,Bear,1,0.6603,BUY,1,1,0.78,BUY,1,10,"BB_Lower,MACD_Hist,MACD,Rolling_Median_Return,Volume_MA,ATR_14,OBV,Rolling_Volatility,CCI,BB_Width",BB_Lower
INFY,INFY.NS,2023-01-30,2023,1,0,Bear,1,0.7143,BUY,0,1,0.7799,BUY,0,10,"BB_Lower,MACD_Hist,MACD,Rolling_Median_Return,Volume_MA,ATR_14,OBV,Rolling_Volatility,CCI,BB_Width",BB_Lower
INFY,INFY.NS,2023-01-31,2023,1,0,Bear,1,0.761,BUY,0,1,0.7611,BUY,0,10,"BB_Lower,MACD_Hist,MACD,Rolling_Median_Return,Volume_MA,ATR_14,OBV,Rolling_Volatility,CCI,BB_Width",BB_Lower
INFY,INFY.NS,2023-02-01,2023,2,0,Sideways,1,0.6855,BUY,0,1,0.7587,BUY,0,10,"BB_Lower,MACD_Hist,MACD,Rolling_Median_Return,Volume_MA,ATR_14,OBV,Rolling_Volatility,CCI,BB_Width",BB_Lower
INFY,INFY.NS,2023-02-02,2023,2,0,Sideways,1,0.6007,BUY,0,1,0.6707,BUY,0,10,"BB_Lower,MACD_Hist,MACD,Rolling_Median_Return,Volume_MA,ATR_14,OBV,Rolling_Volatility,CCI,BB_Width",BB_Lower
INFY,INFY.NS,2023-02-03,2023,2,0,Sideways,1,0.5837,BUY,0,1,0.5768,BUY,0,10,"BB_Lower,MACD_Hist,MACD,Rolling_Median_Return,Volume_MA,ATR_14,OBV,Rolling_Volatility,CCI,BB_Width",BB_Lower
INFY,INFY.NS,2023-02-06,2023,2,0,Sideways,1,0.7416,BUY,0,-1,0.5493,NO TRADE,0,10,"BB_Lower,MACD_Hist,MACD,Rolling_Median_Return,Volume_MA,ATR_14,OBV,Rolling_Volatility,CCI,BB_Width",BB_Lower
INFY,INFY.NS,2023-02-07,2023,2,0,Bear,1,0.7578,BUY,0,-1,0.5196,NO TRADE,0,10,"BB_Lower,MACD_Hist,MACD,Rolling_Median_Return,Volume_MA,ATR_14,OBV,Rolling_Volatility,CCI,BB_Width",BB_Lower
INFY,INFY.NS,2023-02-08,2023,2,0,Bear,-1,0.5437,NO TRADE,0,-1,0.509,NO TRADE,0,10,"BB_Lower,MACD_Hist,MACD,Rolling_Median_Return,Volume_MA,ATR_14,OBV,Rolling_Volatility,CCI,BB_Width",BB_Lower
INFY,INFY.NS,2023-02-09,2023,2,0,Sideways,0,0.5637,SELL,1,0,0.5783,SELL,1,10,"BB_Lower,MACD_Hist,MACD,Rolling_Median_Return,Volume_MA,ATR_14,OBV,Rolling_Volatility,CCI,BB_Width",BB_Lower
INFY,INFY.NS,2023-02-10,2023,2,0,Sideways,0,0.5566,SELL,1,0,0.6296,SELL,1,10,"BB_Lower,MACD_Hist,MACD,Rolling_Median_Return,Volume_MA,ATR_14,OBV,Rolling_Volatility,CCI,BB_Width",BB_Lower
INFY,INFY.NS,2023-02-13,2023,2,0,Bear,1,0.6743,BUY,0,0,0.579,SELL,1,10,"BB_Lower,MACD_Hist,MACD,Rolling_Median_Return,Volume_MA,ATR_14,OBV,Rolling_Volatility,CCI,BB_Width",BB_Lower
INFY,INFY.NS,2023-02-14,2023,2,0,Bear,1,0.5948,BUY,0,0,0.6046,SELL,1,10,"BB_Lower,MACD_Hist,MACD,Rolling_Median_Return,Volume_MA,ATR_14,OBV,Rolling_Volatility,CCI,BB_Width",BB_Lower
INFY,INFY.NS,2023-02-15,2023,2,0,Sideways,1,0.647,BUY,0,0,0.7338,SELL,1,10,"BB_Lower,MACD_Hist,MACD,Rolling_Median_Return,Volume_MA,ATR_14,OBV,Rolling_Volatility,CCI,BB_Width",BB_Lower
INFY,INFY.NS,2023-02-16,2023,2,0,Sideways,1,0.6492,BUY,0,0,0.7811,SELL,1,10,"BB_Lower,MACD_Hist,MACD,Rolling_Median_Return,Volume_MA,ATR_14,OBV,Rolling_Volatility,CCI,BB_Width",BB_Lower
INFY,INFY.NS,2023-02-17,2023,2,0,Sideways,1,0.8166,BUY,0,0,0.8498,SELL,1,10,"BB_Lower,MACD_Hist,MACD,Rolling_Median_Return,Volume_MA,ATR_14,OBV,Rolling_Volatility,CCI,BB_Width",BB_Lower
INFY,INFY.NS,2023-02-20,2023,2,0,Sideways,1,0.7469,BUY,0,0,0.8065,SELL,1,10,"BB_Lower,MACD_Hist,MACD,Rolling_Median_Return,Volume_MA,ATR_14,OBV,Rolling_Volatility,CCI,BB_Width",BB_Lower
INFY,INFY.NS,2023-02-21,2023,2,0,Sideways,1,0.77,BUY,0,0,0.8029,SELL,1,10,"BB_Lower,MACD_Hist,MACD,Rolling_Median_Return,Volume_MA,ATR_14,OBV,Rolling_Volatility,CCI,BB_Width",BB_Lower
INFY,INFY.NS,2023-02-22,2023,2,0,Sideways,1,0.8453,BUY,0,0,0.7501,SELL,1,10,"BB_Lower,MACD_Hist,MACD,Rolling_Median_Return,Volume_MA,ATR_14,OBV,Rolling_Volatility,CCI,BB_Width",BB_Lower
INFY,INFY.NS,2023-02-23,2023,2,0,Sideways,1,0.9042,BUY,0,0,0.6031,SELL,1,10,"BB_Lower,MACD_Hist,MACD,Rolling_Median_Return,Volume_MA,ATR_14,OBV,Rolling_Volatility,CCI,BB_Width",BB_Lower
INFY,INFY.NS,2023-02-24,2023,2,0,Sideways,1,0.9132,BUY,0,-1,0.5251,NO TRADE,0,10,"BB_Lower,MACD_Hist,MACD,Rolling_Median_Return,Volume_MA,ATR_14,OBV,Rolling_Volatility,CCI,BB_Width",BB_Lower
INFY,INFY.NS,2023-02-27,2023,2,0,Sideways,1,0.9282,BUY,0,1,0.5593,BUY,0,10,"BB_Lower,MACD_Hist,MACD,Rolling_Median_Return,Volume_MA,ATR_14,OBV,Rolling_Volatility,CCI,BB_Width",BB_Lower
INFY,INFY.NS,2023-02-28,2023,2,0,Sideways,1,0.7643,BUY,0,-1,0.5311,NO TRADE,0,10,"BB_Lower,MACD_Hist,MACD,Rolling_Median_Return,Volume_MA,ATR_14,OBV,Rolling_Volatility,CCI,BB_Width",BB_Lower
INFY,INFY.NS,2023-03-01,2023,3,0,Sideways,0,0.5813,SELL,1,0,0.607,SELL,1,10,"BB_Lower,MACD_Hist,MACD,Rolling_Median_Return,Volume_MA,ATR_14,OBV,Rolling_Volatility,CCI,BB_Width",BB_Lower
INFY,INFY.NS,2023-03-02,2023,3,0,Sideways,0,0.6003,SELL,1,0,0.5865,SELL,1,10,"BB_Lower,MACD_Hist,MACD,Rolling_Median_Return,Volume_MA,ATR_14,OBV,Rolling_Volatility,CCI,BB_Width",BB_Lower
INFY,INFY.NS,2023-03-03,2023,3,0,Sideways,0,0.6304,SELL,1,0,0.7078,SELL,1,10,"BB_Lower,MACD_Hist,MACD,Rolling_Median_Return,Volume_MA,ATR_14,OBV,Rolling_Volatility,CCI,BB_Width",BB_Lower
INFY,INFY.NS,2023-03-06,2023,3,0,Sideways,0,0.574,SELL,1,0,0.5933,SELL,1,10,"BB_Lower,MACD_Hist,MACD,Rolling_Median_Return,Volume_MA,ATR_14,OBV,Rolling_Volatility,CCI,BB_Width",BB_Lower
INFY,INFY.NS,2023-03-08,2023,3,0,Sideways,-1,0.5207,NO TRADE,0,0,0.5807,SELL,1,10,"BB_Lower,MACD_Hist,MACD,Rolling_Median_Return,Volume_MA,ATR_14,OBV,Rolling_Volatility,CCI,BB_Width",BB_Lower
INFY,INFY.NS,2023-03-09,2023,3,0,Sideways,1,0.5679,BUY,0,-1,0.5405,NO TRADE,0,10,"BB_Lower,MACD_Hist,MACD,Rolling_Median_Return,Volume_MA,ATR_14,OBV,Rolling_Volatility,CCI,BB_Width",BB_Lower
INFY,INFY.NS,2023-03-10,2023,3,0,Sideways,1,0.5965,BUY,0,-1,0.5226,NO TRADE,0,10,"BB_Lower,MACD_Hist,MACD,Rolling_Median_Return,Volume_MA,ATR_14,OBV,Rolling_Volatility,CCI,BB_Width",BB_Lower
INFY,INFY.NS,2023-03-13,2023,3,0,Sideways,1,0.7448,BUY,0,1,0.5825,BUY,0,10,"BB_Lower,MACD_Hist,MACD,Rolling_Median_Return,Volume_MA,ATR_14,OBV,Rolling_Volatility,CCI,BB_Width",BB_Lower
INFY,INFY.NS,2023-03-14,2023,3,0,Bear,1,0.7712,BUY,0,1,0.6441,BUY,0,10,"BB_Lower,MACD_Hist,MACD,Rolling_Median_Return,Volume_MA,ATR_14,OBV,Rolling_Volatility,CCI,BB_Width",BB_Lower
INFY,INFY.NS,2023-03-15,2023,3,0,Bear,1,0.8549,BUY,0,1,0.7918,BUY,0,10,"BB_Lower,MACD_Hist,MACD,Rolling_Median_Return,Volume_MA,ATR_14,OBV,Rolling_Volatility,CCI,BB_Width",BB_Lower
INFY,INFY.NS,2023-03-16,2023,3,0,Bear,1,0.9097,BUY,0,1,0.9113,BUY,0,10,"BB_Lower,MACD_Hist,MACD,Rolling_Median_Return,Volume_MA,ATR_14,OBV,Rolling_Volatility,CCI,BB_Width",BB_Lower
INFY,INFY.NS,2023-03-17,2023,3,0,Bear,1,0.8647,BUY,0,1,0.8546,BUY,0,10,"BB_Lower,MACD_Hist,MACD,Rolling_Median_Return,Volume_MA,ATR_14,OBV,Rolling_Volatility,CCI,BB_Width",BB_Lower
INFY,INFY.NS,2023-03-20,2023,3,0,Bear,1,0.9437,BUY,0,1,0.9117,BUY,0,10,"BB_Lower,MACD_Hist,MACD,Rolling_Median_Return,Volume_MA,ATR_14,OBV,Rolling_Volatility,CCI,BB_Width",BB_Lower
INFY,INFY.NS,2023-03-21,2023,3,0,Bear,1,0.9448,BUY,0,1,0.9192,BUY,0,10,"BB_Lower,MACD_Hist,MACD,Rolling_Median_Return,Volume_MA,ATR_14,OBV,Rolling_Volatility,CCI,BB_Width",BB_Lower
INFY,INFY.NS,2023-03-22,2023,3,0,Bear,1,0.9443,BUY,0,1,0.9179,BUY,0,10,"BB_Lower,MACD_Hist,MACD,Rolling_Median_Return,Volume_MA,ATR_14,OBV,Rolling_Volatility,CCI,BB_Width",BB_Lower
INFY,INFY.NS,2023-03-23,2023,3,0,Bear,1,0.9487,BUY,0,1,0.9349,BUY,0,10,"BB_Lower,MACD_Hist,MACD,Rolling_Median_Return,Volume_MA,ATR_14,OBV,Rolling_Volatility,CCI,BB_Width",BB_Lower
INFY,INFY.NS,2023-03-24,2023,3,0,Bear,1,0.9451,BUY,0,1,0.9403,BUY,0,10,"BB_Lower,MACD_Hist,MACD,Rolling_Median_Return,Volume_MA,ATR_14,OBV,Rolling_Volatility,CCI,BB_Width",BB_Lower
INFY,INFY.NS,2023-03-27,2023,3,0,Bear,1,0.9631,BUY,0,1,0.9609,BUY,0,10,"BB_Lower,MACD_Hist,MACD,Rolling_Median_Return,Volume_MA,ATR_14,OBV,Rolling_Volatility,CCI,BB_Width",BB_Lower
INFY,INFY.NS,2023-03-28,2023,3,0,Bear,1,0.9748,BUY,0,1,0.9857,BUY,0,10,"BB_Lower,MACD_Hist,MACD,Rolling_Median_Return,Volume_MA,ATR_14,OBV,Rolling_Volatility,CCI,BB_Width",BB_Lower
INFY,INFY.NS,2023-03-29,2023,3,0,Bear,1,0.9714,BUY,0,1,0.9868,BUY,0,10,"BB_Lower,MACD_Hist,MACD,Rolling_Median_Return,Volume_MA,ATR_14,OBV,Rolling_Volatility,CCI,BB_Width",BB_Lower
INFY,INFY.NS,2023-03-31,2023,3,0,Bear,1,0.9356,BUY,0,1,0.9827,BUY,0,10,"BB_Lower,MACD_Hist,MACD,Rolling_Median_Return,Volume_MA,ATR_14,OBV,Rolling_Volatility,CCI,BB_Width",BB_Lower
INFY,INFY.NS,2023-04-03,2023,4,0,Bear,1,0.9372,BUY,0,1,0.9789,BUY,0,10,"BB_Lower,MACD_Hist,MACD,Rolling_Median_Return,Volume_MA,ATR_14,OBV,Rolling_Volatility,CCI,BB_Width",BB_Lower
INFY,INFY.NS,2023-04-05,2023,4,0,Bear,1,0.9334,BUY,0,1,0.9831,BUY,0,10,"BB_Lower,MACD_Hist,MACD,Rolling_Median_Return,Volume_MA,ATR_14,OBV,Rolling_Volatility,CCI,BB_Width",BB_Lower
INFY,INFY.NS,2023-04-06,2023,4,0,Bear,1,0.9425,BUY,0,1,0.9848,BUY,0,10,"BB_Lower,MACD_Hist,MACD,Rolling_Median_Return,Volume_MA,ATR_14,OBV,Rolling_Volatility,CCI,BB_Width",BB_Lower
INFY,INFY.NS,2023-04-10,2023,4,0,Bear,1,0.9364,BUY,0,1,0.9814,BUY,0,10,"BB_Lower,MACD_Hist,MACD,Rolling_Median_Return,Volume_MA,ATR_14,OBV,Rolling_Volatility,CCI,BB_Width",BB_Lower
INFY,INFY.NS,2023-04-11,2023,4,0,Bear,1,0.9535,BUY,0,1,0.983,BUY,0,10,"BB_Lower,MACD_Hist,MACD,Rolling_Median_Return,Volume_MA,ATR_14,OBV,Rolling_Volatility,CCI,BB_Width",BB_Lower
INFY,INFY.NS,2023-04-12,2023,4,0,Bear,1,0.9349,BUY,0,1,0.9808,BUY,0,10,"BB_Lower,MACD_Hist,MACD,Rolling_Median_Return,Volume_MA,ATR_14,OBV,Rolling_Volatility,CCI,BB_Width",BB_Lower
INFY,INFY.NS,2023-04-13,2023,4,0,Bear,1,0.9542,BUY,0,1,0.9829,BUY,0,10,"BB_Lower,MACD_Hist,MACD,Rolling_Median_Return,Volume_MA,ATR_14,OBV,Rolling_Volatility,CCI,BB_Width",BB_Lower
INFY,INFY.NS,2023-04-17,2023,4,1,Bear,1,0.6085,BUY,1,1,0.6856,BUY,1,10,"BB_Lower,MACD_Hist,MACD,Rolling_Median_Return,Volume_MA,ATR_14,OBV,Rolling_Volatility,CCI,BB_Width",BB_Lower
INFY,INFY.NS,2023-04-18,2023,4,0,Bear,1,0.6792,BUY,0,1,0.7628,BUY,0,10,"BB_Lower,MACD_Hist,MACD,Rolling_Median_Return,Volume_MA,ATR_14,OBV,Rolling_Volatility,CCI,BB_Width",BB_Lower
INFY,INFY.NS,2023-04-19,2023,4,1,Bear,1,0.6783,BUY,1,1,0.7061,BUY,1,10,"BB_Lower,MACD_Hist,MACD,Rolling_Median_Return,Volume_MA,ATR_14,OBV,Rolling_Volatility,CCI,BB_Width",BB_Lower
INFY,INFY.NS,2023-04-20,2023,4,1,Bear,1,0.6773,BUY,1,1,0.7808,BUY,1,10,"BB_Lower,MACD_Hist,MACD,Rolling_Median_Return,Volume_MA,ATR_14,OBV,Rolling_Volatility,CCI,BB_Width",BB_Lower
INFY,INFY.NS,2023-04-21,2023,4,1,Bear,1,0.7813,BUY,1,1,0.7981,BUY,1,10,"BB_Lower,MACD_Hist,MACD,Rolling_Median_Return,Volume_MA,ATR_14,OBV,Rolling_Volatility,CCI,BB_Width",BB_Lower
INFY,INFY.NS,2023-04-24,2023,4,1,Bear,1,0.7898,BUY,1,1,0.8,BUY,1,10,"BB_Lower,MACD_Hist,MACD,Rolling_Median_Return,Volume_MA,ATR_14,OBV,Rolling_Volatility,CCI,BB_Width",BB_Lower
INFY,INFY.NS,2023-04-25,2023,4,1,Bear,1,0.7715,BUY,1,1,0.8,BUY,1,10,"BB_Lower,MACD_Hist,MACD,Rolling_Median_Return,Volume_MA,ATR_14,OBV,Rolling_Volatility,CCI,BB_Width",BB_Lower
INFY,INFY.NS,2023-04-26,2023,4,1,Bear,1,0.7911,BUY,1,1,0.7929,BUY,1,10,"BB_Lower,MACD_Hist,MACD,Rolling_Median_Return,Volume_MA,ATR_14,OBV,Rolling_Volatility,CCI,BB_Width",BB_Lower
INFY,INFY.NS,2023-04-27,2023,4,1,Bear,1,0.8005,BUY,1,1,0.7972,BUY,1,10,"BB_Lower,Volume_MA,MACD,OBV,BB_Upper,Rolling_Volatility,Stochastic,MACD_Hist,CCI,ADX",BB_Lower
INFY,INFY.NS,2023-04-28,2023,4,1,Bear,1,0.8365,BUY,1,1,0.8028,BUY,1,10,"BB_Lower,Volume_MA,MACD,OBV,BB_Upper,Rolling_Volatility,Stochastic,MACD_Hist,CCI,ADX",BB_Lower
INFY,INFY.NS,2023-05-02,2023,5,1,Bear,1,0.8246,BUY,1,1,0.8047,BUY,1,10,"BB_Lower,Volume_MA,MACD,OBV,BB_Upper,Rolling_Volatility,Stochastic,MACD_Hist,CCI,ADX",BB_Lower
INFY,INFY.NS,2023-05-03,2023,5,1,Bear,1,0.8287,BUY,1,1,0.8036,BUY,1,10,"BB_Lower,Volume_MA,MACD,OBV,BB_Upper,Rolling_Volatility,Stochastic,MACD_Hist,CCI,ADX",BB_Lower
INFY,INFY.NS,2023-05-04,2023,5,1,Bear,1,0.8291,BUY,1,1,0.7645,BUY,1,10,"BB_Lower,Volume_MA,MACD,OBV,BB_Upper,Rolling_Volatility,Stochastic,MACD_Hist,CCI,ADX",BB_Lower
INFY,INFY.NS,2023-05-05,2023,5,1,Bear,1,0.8572,BUY,1,1,0.7752,BUY,1,10,"BB_Lower,Volume_MA,MACD,OBV,BB_Upper,Rolling_Volatility,Stochastic,MACD_Hist,CCI,ADX",BB_Lower
INFY,INFY.NS,2023-05-08,2023,5,1,Bear,1,0.8547,BUY,1,1,0.7798,BUY,1,10,"BB_Lower,Volume_MA,MACD,OBV,BB_Upper,Rolling_Volatility,Stochastic,MACD_Hist,CCI,ADX",BB_Lower
INFY,INFY.NS,2023-05-09,2023,5,1,Bear,1,0.8773,BUY,1,1,0.7955,BUY,1,10,"BB_Lower,Volume_MA,MACD,OBV,BB_Upper,Rolling_Volatility,Stochastic,MACD_Hist,CCI,ADX",BB_Lower
INFY,INFY.NS,2023-05-10,2023,5,1,Bear,1,0.8952,BUY,1,1,0.824,BUY,1,10,"BB_Lower,Volume_MA,MACD,OBV,BB_Upper,Rolling_Volatility,Stochastic,MACD_Hist,CCI,ADX",BB_Lower
INFY,INFY.NS,2023-05-11,2023,5,1,Bear,1,0.8993,BUY,1,1,0.827,BUY,1,10,"BB_Lower,Volume_MA,MACD,OBV,BB_Upper,Rolling_Volatility,Stochastic,MACD_Hist,CCI,ADX",BB_Lower
INFY,INFY.NS,2023-05-12,2023,5,1,Bear,1,0.8988,BUY,1,1,0.8262,BUY,1,10,"BB_Lower,Volume_MA,MACD,OBV,BB_Upper,Rolling_Volatility,Stochastic,MACD_Hist,CCI,ADX",BB_Lower
INFY,INFY.NS,2023-05-15,2023,5,1,Bear,1,0.8978,BUY,1,1,0.8106,BUY,1,10,"BB_Lower,Volume_MA,MACD,OBV,BB_Upper,Rolling_Volatility,Stochastic,MACD_Hist,CCI,ADX",BB_Lower
INFY,INFY.NS,2023-05-16,2023,5,1,Bear,1,0.9711,BUY,1,1,0.9321,BUY,1,10,"BB_Lower,Volume_MA,MACD,OBV,BB_Upper,Rolling_Volatility,Stochastic,MACD_Hist,CCI,ADX",BB_Lower
INFY,INFY.NS,2023-05-17,2023,5,1,Bear,1,0.9474,BUY,1,1,0.9033,BUY,1,10,"BB_Lower,Volume_MA,MACD,OBV,BB_Upper,Rolling_Volatility,Stochastic,MACD_Hist,CCI,ADX",BB_Lower
INFY,INFY.NS,2023-05-18,2023,5,1,Bear,1,0.9475,BUY,1,1,0.9247,BUY,1,10,"BB_Lower,Volume_MA,MACD,OBV,BB_Upper,Rolling_Volatility,Stochastic,MACD_Hist,CCI,ADX",BB_Lower
INFY,INFY.NS,2023-05-19,2023,5,1,Bear,1,0.9065,BUY,1,1,0.8798,BUY,1,10,"BB_Lower,Volume_MA,MACD,OBV,BB_Upper,Rolling_Volatility,Stochastic,MACD_Hist,CCI,ADX",BB_Lower
INFY,INFY.NS,2023-05-22,2023,5,1,Bear,1,0.7523,BUY,1,1,0.7192,BUY,1,10,"BB_Lower,Volume_MA,MACD,OBV,BB_Upper,Rolling_Volatility,Stochastic,MACD_Hist,CCI,ADX",BB_Lower
INFY,INFY.NS,2023-05-23,2023,5,1,Bear,1,0.8491,BUY,1,1,0.8359,BUY,1,10,"BB_Lower,Volume_MA,MACD,OBV,BB_Upper,Rolling_Volatility,Stochastic,MACD_Hist,CCI,ADX",BB_Lower
INFY,INFY.NS,2023-05-24,2023,5,1,Bear,1,0.849,BUY,1,1,0.8439,BUY,1,10,"BB_Lower,Volume_MA,MACD,OBV,BB_Upper,Rolling_Volatility,Stochastic,MACD_Hist,CCI,ADX",BB_Lower
INFY,INFY.NS,2023-05-25,2023,5,0,Bear,1,0.8674,BUY,0,1,0.8842,BUY,0,10,"BB_Lower,Volume_MA,MACD,OBV,BB_Upper,Rolling_Volatility,Stochastic,MACD_Hist,CCI,ADX",BB_Lower
INFY,INFY.NS,2023-05-26,2023,5,0,Bear,1,0.8904,BUY,0,1,0.8908,BUY,0,10,"BB_Lower,Volume_MA,MACD,OBV,BB_Upper,Rolling_Volatility,Stochastic,MACD_Hist,CCI,ADX",BB_Lower
INFY,INFY.NS,2023-05-29,2023,5,0,Bear,1,0.8955,BUY,0,1,0.8682,BUY,0,10,"BB_Lower,Volume_MA,MACD,OBV,BB_Upper,Rolling_Volatility,Stochastic,MACD_Hist,CCI,ADX",BB_Lower
INFY,INFY.NS,2023-05-30,2023,5,0,Bear,1,0.9006,BUY,0,1,0.9308,BUY,0,10,"BB_Lower,Volume_MA,MACD,OBV,BB_Upper,Rolling_Volatility,Stochastic,MACD_Hist,CCI,ADX",BB_Lower
INFY,INFY.NS,2023-05-31,2023,5,0,Bear,1,0.9195,BUY,0,1,0.925,BUY,0,10,"BB_Lower,Volume_MA,MACD,OBV,BB_Upper,Rolling_Volatility,Stochastic,MACD_Hist,CCI,ADX",BB_Lower
INFY,INFY.NS,2023-06-01,2023,6,1,Bear,1,0.9246,BUY,1,1,0.9146,BUY,1,10,"BB_Lower,Volume_MA,MACD,OBV,BB_Upper,Rolling_Volatility,Stochastic,MACD_Hist,CCI,ADX",BB_Lower
INFY,INFY.NS,2023-06-02,2023,6,1,Bear,1,0.9018,BUY,1,1,0.8791,BUY,1,10,"BB_Lower,Volume_MA,MACD,OBV,BB_Upper,Rolling_Volatility,Stochastic,MACD_Hist,CCI,ADX",BB_Lower
INFY,INFY.NS,2023-06-05,2023,6,1,Bear,1,0.9148,BUY,1,1,0.8772,BUY,1,10,"BB_Lower,Volume_MA,MACD,OBV,BB_Upper,Rolling_Volatility,Stochastic,MACD_Hist,CCI,ADX",BB_Lower
INFY,INFY.NS,2023-06-06,2023,6,1,Bear,1,0.826,BUY,1,1,0.786,BUY,1,10,"BB_Lower,Volume_MA,MACD,OBV,BB_Upper,Rolling_Volatility,Stochastic,MACD_Hist,CCI,ADX",BB_Lower
INFY,INFY.NS,2023-06-07,2023,6,1,Bear,1,0.8769,BUY,1,1,0.8236,BUY,1,10,"BB_Lower,Volume_MA,MACD,OBV,BB_Upper,Rolling_Volatility,Stochastic,MACD_Hist,CCI,ADX",BB_Lower
INFY,INFY.NS,2023-06-08,2023,6,1,Bear,1,0.8586,BUY,1,1,0.8464,BUY,1,10,"BB_Lower,Volume_MA,MACD,OBV,BB_Upper,Rolling_Volatility,Stochastic,MACD_Hist,CCI,ADX",BB_Lower
INFY,INFY.NS,2023-06-09,2023,6,1,Bear,1,0.8467,BUY,1,1,0.825,BUY,1,10,"BB_Lower,Volume_MA,MACD,OBV,BB_Upper,Rolling_Volatility,Stochastic,MACD_Hist,CCI,ADX",BB_Lower
INFY,INFY.NS,2023-06-12,2023,6,1,Bear,1,0.7953,BUY,1,1,0.7652,BUY,1,10,"BB_Lower,Volume_MA,MACD,OBV,BB_Upper,Rolling_Volatility,Stochastic,MACD_Hist,CCI,ADX",BB_Lower
INFY,INFY.NS,2023-06-13,2023,6,1,Bear,1,0.8493,BUY,1,1,0.8115,BUY,1,10,"BB_Lower,Volume_MA,MACD,OBV,BB_Upper,Rolling_Volatility,Stochastic,MACD_Hist,CCI,ADX",BB_Lower
INFY,INFY.NS,2023-06-14,2023,6,1,Bear,1,0.9193,BUY,1,1,0.9008,BUY,1,10,"BB_Lower,Volume_MA,MACD,OBV,BB_Upper,Rolling_Volatility,Stochastic,MACD_Hist,CCI,ADX",BB_Lower
INFY,INFY.NS,2023-06-15,2023,6,1,Bear,1,0.8834,BUY,1,1,0.8551,BUY,1,10,"BB_Lower,Volume_MA,MACD,OBV,BB_Upper,Rolling_Volatility,Stochastic,MACD_Hist,CCI,ADX",BB_Lower
INFY,INFY.NS,2023-06-16,2023,6,1,Bear,1,0.9371,BUY,1,1,0.9381,BUY,1,10,"BB_Lower,Volume_MA,MACD,OBV,BB_Upper,Rolling_Volatility,Stochastic,MACD_Hist,CCI,ADX",BB_Lower
INFY,INFY.NS,2023-06-19,2023,6,1,Bear,1,0.9455,BUY,1,1,0.9471,BUY,1,10,"BB_Lower,Volume_MA,MACD,OBV,BB_Upper,Rolling_Volatility,Stochastic,MACD_Hist,CCI,ADX",BB_Lower
INFY,INFY.NS,2023-06-20,2023,6,1,Bear,1,0.9409,BUY,1,1,0.9437,BUY,1,10,"BB_Lower,Volume_MA,MACD,OBV,BB_Upper,Rolling_Volatility,Stochastic,MACD_Hist,CCI,ADX",BB_Lower
INFY,INFY.NS,2023-06-21,2023,6,1,Bear,1,0.9085,BUY,1,1,0.9413,BUY,1,10,"BB_Lower,Volume_MA,MACD,OBV,BB_Upper,Rolling_Volatility,Stochastic,MACD_Hist,CCI,ADX",BB_Lower
INFY,INFY.NS,2023-06-22,2023,6,1,Bear,1,0.8887,BUY,1,1,0.9298,BUY,1,10,"BB_Lower,Volume_MA,MACD,OBV,BB_Upper,Rolling_Volatility,Stochastic,MACD_Hist,CCI,ADX",BB_Lower
INFY,INFY.NS,2023-06-23,2023,6,1,Bear,1,0.9005,BUY,1,1,0.9385,BUY,1,10,"BB_Lower,Volume_MA,MACD,OBV,BB_Upper,Rolling_Volatility,Stochastic,MACD_Hist,CCI,ADX",BB_Lower
INFY,INFY.NS,2023-06-26,2023,6,1,Bear,1,0.9357,BUY,1,1,0.9489,BUY,1,10,"BB_Lower,Volume_MA,MACD,OBV,BB_Upper,Rolling_Volatility,Stochastic,MACD_Hist,CCI,ADX",BB_Lower
INFY,INFY.NS,2023-06-27,2023,6,1,Bear,1,0.94,BUY,1,1,0.9483,BUY,1,10,"BB_Lower,Volume_MA,MACD,OBV,BB_Upper,Rolling_Volatility,Stochastic,MACD_Hist,CCI,ADX",BB_Lower
INFY,INFY.NS,2023-06-28,2023,6,1,Bull,1,0.9227,BUY,1,1,0.9292,BUY,1,10,"BB_Lower,Volume_MA,MACD,OBV,BB_Upper,Rolling_Volatility,Stochastic,MACD_Hist,CCI,ADX",BB_Lower
INFY,INFY.NS,2023-06-30,2023,6,1,Bull,1,0.7687,BUY,1,1,0.8861,BUY,1,10,"BB_Lower,Volume_MA,MACD,OBV,BB_Upper,Rolling_Volatility,Stochastic,MACD_Hist,CCI,ADX",BB_Lower
INFY,INFY.NS,2023-07-03,2023,7,1,Bull,1,0.7177,BUY,1,1,0.7787,BUY,1,10,"BB_Lower,Volume_MA,MACD,OBV,BB_Upper,Rolling_Volatility,Stochastic,MACD_Hist,CCI,ADX",BB_Lower
INFY,INFY.NS,2023-07-04,2023,7,1,Bull,1,0.739,BUY,1,1,0.7596,BUY,1,10,"BB_Lower,Volume_MA,MACD,OBV,BB_Upper,Rolling_Volatility,Stochastic,MACD_Hist,CCI,ADX",BB_Lower
INFY,INFY.NS,2023-07-05,2023,7,1,Bull,1,0.6093,BUY,1,1,0.6279,BUY,1,10,"BB_Lower,Volume_MA,MACD,OBV,BB_Upper,Rolling_Volatility,Stochastic,MACD_Hist,CCI,ADX",BB_Lower
INFY,INFY.NS,2023-07-06,2023,7,1,Bull,1,0.6029,BUY,1,1,0.6678,BUY,1,10,"BB_Lower,Volume_MA,MACD,OBV,BB_Upper,Rolling_Volatility,Stochastic,MACD_Hist,CCI,ADX",BB_Lower
INFY,INFY.NS,2023-07-07,2023,7,1,Bull,1,0.6321,BUY,1,1,0.6682,BUY,1,10,"BB_Lower,Volume_MA,MACD,OBV,BB_Upper,Rolling_Volatility,Stochastic,MACD_Hist,CCI,ADX",BB_Lower
INFY,INFY.NS,2023-07-10,2023,7,1,Bull,1,0.6169,BUY,1,1,0.6594,BUY,1,10,"BB_Lower,Volume_MA,MACD,OBV,BB_Upper,Rolling_Volatility,Stochastic,MACD_Hist,CCI,ADX",BB_Lower
INFY,INFY.NS,2023-07-11,2023,7,1,Bull,1,0.5559,BUY,1,1,0.6565,BUY,1,10,"BB_Lower,Volume_MA,MACD,OBV,BB_Upper,Rolling_Volatility,Stochastic,MACD_Hist,CCI,ADX",BB_Lower
INFY,INFY.NS,2023-07-12,2023,7,1,Bull,1,0.6102,BUY,1,1,0.6268,BUY,1,10,"BB_Lower,Volume_MA,MACD,OBV,BB_Upper,Rolling_Volatility,Stochastic,MACD_Hist,CCI,ADX",BB_Lower
INFY,INFY.NS,2023-07-13,2023,7,1,Bull,1,0.5828,BUY,1,1,0.6703,BUY,1,10,"BB_Lower,Volume_MA,MACD,OBV,BB_Upper,Rolling_Volatility,Stochastic,MACD_Hist,CCI,ADX",BB_Lower
INFY,INFY.NS,2023-07-14,2023,7,0,Bull,1,0.569,BUY,0,1,0.627,BUY,0,10,"BB_Lower,Volume_MA,MACD,OBV,BB_Upper,Rolling_Volatility,Stochastic,MACD_Hist,CCI,ADX",BB_Lower
INFY,INFY.NS,2023-07-17,2023,7,0,Bull,1,0.6006,BUY,0,-1,0.5192,NO TRADE,0,10,"BB_Lower,Volume_MA,MACD,OBV,BB_Upper,Rolling_Volatility,Stochastic,MACD_Hist,CCI,ADX",BB_Lower
INFY,INFY.NS,2023-07-18,2023,7,0,Bull,0,0.6384,SELL,1,0,0.747,SELL,1,10,"BB_Lower,Volume_MA,MACD,OBV,BB_Upper,Rolling_Volatility,Stochastic,MACD_Hist,CCI,ADX",BB_Lower
INFY,INFY.NS,2023-07-19,2023,7,0,Bull,0,0.6644,SELL,1,0,0.7778,SELL,1,10,"BB_Lower,Volume_MA,MACD,OBV,BB_Upper,Rolling_Volatility,Stochastic,MACD_Hist,CCI,ADX",BB_Lower
INFY,INFY.NS,2023-07-20,2023,7,0,Bull,0,0.689,SELL,1,0,0.7968,SELL,1,10,"BB_Lower,Volume_MA,MACD,OBV,BB_Upper,Rolling_Volatility,Stochastic,MACD_Hist,CCI,ADX",BB_Lower
INFY,INFY.NS,2023-07-21,2023,7,1,Bull,0,0.6228,SELL,0,0,0.7584,SELL,0,10,"BB_Lower,Volume_MA,MACD,OBV,BB_Upper,Rolling_Volatility,Stochastic,MACD_Hist,CCI,ADX",BB_Lower
INFY,INFY.NS,2023-07-24,2023,7,1,Bull,0,0.5548,SELL,0,-1,0.5416,NO TRADE,0,10,"Volume_MA,BB_Lower,BB_Upper,MACD_Hist,OBV,MACD,ADX,Rolling_Median_Return,ATR_14,High_Low_Pct",Volume_MA
INFY,INFY.NS,2023-07-25,2023,7,1,Bull,-1,0.5357,NO TRADE,0,-1,0.5247,NO TRADE,0,10,"Volume_MA,BB_Lower,BB_Upper,MACD_Hist,OBV,MACD,ADX,Rolling_Median_Return,ATR_14,High_Low_Pct",Volume_MA
INFY,INFY.NS,2023-07-26,2023,7,1,Bull,1,0.59,BUY,1,1,0.7345,BUY,1,10,"Volume_MA,BB_Lower,BB_Upper,MACD_Hist,OBV,MACD,ADX,Rolling_Median_Return,ATR_14,High_Low_Pct",Volume_MA
INFY,INFY.NS,2023-07-27,2023,7,1,Bull,1,0.6951,BUY,1,1,0.7496,BUY,1,10,"Volume_MA,BB_Lower,BB_Upper,MACD_Hist,OBV,MACD,ADX,Rolling_Median_Return,ATR_14,High_Low_Pct",Volume_MA
INFY,INFY.NS,2023-07-28,2023,7,1,Bull,1,0.6933,BUY,1,1,0.6663,BUY,1,10,"Volume_MA,BB_Lower,BB_Upper,MACD_Hist,OBV,MACD,ADX,Rolling_Median_Return,ATR_14,High_Low_Pct",Volume_MA
INFY,INFY.NS,2023-07-31,2023,7,1,Bull,1,0.6337,BUY,1,1,0.6742,BUY,1,10,"Volume_MA,BB_Lower,BB_Upper,MACD_Hist,OBV,MACD,ADX,Rolling_Median_Return,ATR_14,High_Low_Pct",Volume_MA
INFY,INFY.NS,2023-08-01,2023,8,1,Bull,1,0.6661,BUY,1,1,0.7873,BUY,1,10,"Volume_MA,BB_Lower,BB_Upper,MACD_Hist,OBV,MACD,ADX,Rolling_Median_Return,ATR_14,High_Low_Pct",Volume_MA
INFY,INFY.NS,2023-08-02,2023,8,1,Bull,1,0.7534,BUY,1,1,0.8137,BUY,1,10,"Volume_MA,BB_Lower,BB_Upper,MACD_Hist,OBV,MACD,ADX,Rolling_Median_Return,ATR_14,High_Low_Pct",Volume_MA
INFY,INFY.NS,2023-08-03,2023,8,1,Bull,1,0.6883,BUY,1,1,0.8321,BUY,1,10,"Volume_MA,BB_Lower,BB_Upper,MACD_Hist,OBV,MACD,ADX,Rolling_Median_Return,ATR_14,High_Low_Pct",Volume_MA
INFY,INFY.NS,2023-08-04,2023,8,1,Bull,1,0.7113,BUY,1,1,0.7403,BUY,1,10,"Volume_MA,BB_Lower,BB_Upper,MACD_Hist,OBV,MACD,ADX,Rolling_Median_Return,ATR_14,High_Low_Pct",Volume_MA
INFY,INFY.NS,2023-08-07,2023,8,1,Bull,1,0.6924,BUY,1,1,0.794,BUY,1,10,"Volume_MA,BB_Lower,BB_Upper,MACD_Hist,OBV,MACD,ADX,Rolling_Median_Return,ATR_14,High_Low_Pct",Volume_MA
INFY,INFY.NS,2023-08-08,2023,8,1,Bull,1,0.7828,BUY,1,1,0.874,BUY,1,10,"Volume_MA,BB_Lower,BB_Upper,MACD_Hist,OBV,MACD,ADX,Rolling_Median_Return,ATR_14,High_Low_Pct",Volume_MA
INFY,INFY.NS,2023-08-09,2023,8,1,Bull,1,0.8395,BUY,1,1,0.9106,BUY,1,10,"Volume_MA,BB_Lower,BB_Upper,MACD_Hist,OBV,MACD,ADX,Rolling_Median_Return,ATR_14,High_Low_Pct",Volume_MA
INFY,INFY.NS,2023-08-10,2023,8,1,Bull,1,0.8798,BUY,1,1,0.8768,BUY,1,10,"Volume_MA,BB_Lower,BB_Upper,MACD_Hist,OBV,MACD,ADX,Rolling_Median_Return,ATR_14,High_Low_Pct",Volume_MA
INFY,INFY.NS,2023-08-11,2023,8,1,Bull,1,0.9191,BUY,1,1,0.8432,BUY,1,10,"Volume_MA,BB_Lower,BB_Upper,MACD_Hist,OBV,MACD,ADX,Rolling_Median_Return,ATR_14,High_Low_Pct",Volume_MA
INFY,INFY.NS,2023-08-14,2023,8,1,Bull,1,0.8869,BUY,1,1,0.8698,BUY,1,10,"Volume_MA,BB_Lower,BB_Upper,MACD_Hist,OBV,MACD,ADX,Rolling_Median_Return,ATR_14,High_Low_Pct",Volume_MA
INFY,INFY.NS,2023-08-16,2023,8,1,Bull,1,0.8446,BUY,1,1,0.8858,BUY,1,10,"Volume_MA,BB_Lower,BB_Upper,MACD_Hist,OBV,MACD,ADX,Rolling_Median_Return,ATR_14,High_Low_Pct",Volume_MA
INFY,INFY.NS,2023-08-17,2023,8,1,Bull,1,0.9009,BUY,1,1,0.8782,BUY,1,10,"Volume_MA,BB_Lower,BB_Upper,MACD_Hist,OBV,MACD,ADX,Rolling_Median_Return,ATR_14,High_Low_Pct",Volume_MA
INFY,INFY.NS,2023-08-18,2023,8,1,Bull,1,0.9319,BUY,1,1,0.8998,BUY,1,10,"Volume_MA,BB_Lower,BB_Upper,MACD_Hist,OBV,MACD,ADX,Rolling_Median_Return,ATR_14,High_Low_Pct",Volume_MA
INFY,INFY.NS,2023-08-21,2023,8,1,Bull,1,0.9279,BUY,1,1,0.9053,BUY,1,10,"Volume_MA,BB_Lower,BB_Upper,MACD_Hist,OBV,MACD,ADX,Rolling_Median_Return,ATR_14,High_Low_Pct",Volume_MA
INFY,INFY.NS,2023-08-22,2023,8,1,Bull,1,0.95,BUY,1,1,0.8925,BUY,1,10,"Volume_MA,BB_Lower,BB_Upper,MACD_Hist,OBV,MACD,ADX,Rolling_Median_Return,ATR_14,High_Low_Pct",Volume_MA
INFY,INFY.NS,2023-08-23,2023,8,1,Bull,1,0.9566,BUY,1,1,0.8916,BUY,1,10,"Volume_MA,BB_Lower,BB_Upper,MACD_Hist,OBV,MACD,ADX,Rolling_Median_Return,ATR_14,High_Low_Pct",Volume_MA
INFY,INFY.NS,2023-08-24,2023,8,1,Bull,1,0.9465,BUY,1,1,0.8909,BUY,1,10,"Volume_MA,BB_Lower,BB_Upper,MACD_Hist,OBV,MACD,ADX,Rolling_Median_Return,ATR_14,High_Low_Pct",Volume_MA
INFY,INFY.NS,2023-08-25,2023,8,1,Bull,1,0.9444,BUY,1,1,0.8825,BUY,1,10,"Volume_MA,BB_Lower,BB_Upper,MACD_Hist,OBV,MACD,ADX,Rolling_Median_Return,ATR_14,High_Low_Pct",Volume_MA
INFY,INFY.NS,2023-08-28,2023,8,1,Bull,1,0.9379,BUY,1,1,0.8462,BUY,1,10,"Volume_MA,BB_Lower,BB_Upper,MACD_Hist,OBV,MACD,ADX,Rolling_Median_Return,ATR_14,High_Low_Pct",Volume_MA
INFY,INFY.NS,2023-08-29,2023,8,1,Bull,1,0.9417,BUY,1,1,0.8496,BUY,1,10,"Volume_MA,BB_Lower,BB_Upper,MACD_Hist,OBV,MACD,ADX,Rolling_Median_Return,ATR_14,High_Low_Pct",Volume_MA
INFY,INFY.NS,2023-08-30,2023,8,1,Bull,1,0.9035,BUY,1,1,0.8399,BUY,1,10,"Volume_MA,BB_Lower,BB_Upper,MACD_Hist,OBV,MACD,ADX,Rolling_Median_Return,ATR_14,High_Low_Pct",Volume_MA
INFY,INFY.NS,2023-08-31,2023,8,0,Bull,1,0.9351,BUY,0,1,0.8081,BUY,0,10,"Volume_MA,BB_Lower,BB_Upper,MACD_Hist,OBV,MACD,ADX,Rolling_Median_Return,ATR_14,High_Low_Pct",Volume_MA
INFY,INFY.NS,2023-09-01,2023,9,0,Bull,1,0.934,BUY,0,1,0.8546,BUY,0,10,"Volume_MA,BB_Lower,BB_Upper,MACD_Hist,OBV,MACD,ADX,Rolling_Median_Return,ATR_14,High_Low_Pct",Volume_MA
INFY,INFY.NS,2023-09-04,2023,9,0,Bull,1,0.8761,BUY,0,1,0.7786,BUY,0,10,"Volume_MA,BB_Lower,BB_Upper,MACD_Hist,OBV,MACD,ADX,Rolling_Median_Return,ATR_14,High_Low_Pct",Volume_MA
INFY,INFY.NS,2023-09-05,2023,9,0,Bull,1,0.757,BUY,0,-1,0.5026,NO TRADE,0,10,"Volume_MA,BB_Lower,BB_Upper,MACD_Hist,OBV,MACD,ADX,Rolling_Median_Return,ATR_14,High_Low_Pct",Volume_MA
INFY,INFY.NS,2023-09-06,2023,9,1,Bull,1,0.76,BUY,1,-1,0.5332,NO TRADE,0,10,"Volume_MA,BB_Lower,BB_Upper,MACD_Hist,OBV,MACD,ADX,Rolling_Median_Return,ATR_14,High_Low_Pct",Volume_MA
INFY,INFY.NS,2023-09-07,2023,9,1,Bull,1,0.7641,BUY,1,-1,0.5096,NO TRADE,0,10,"Volume_MA,BB_Lower,BB_Upper,MACD_Hist,OBV,MACD,ADX,Rolling_Median_Return,ATR_14,High_Low_Pct",Volume_MA
INFY,INFY.NS,2023-09-08,2023,9,1,Bull,1,0.7801,BUY,1,1,0.5947,BUY,1,10,"Volume_MA,BB_Lower,BB_Upper,MACD_Hist,OBV,MACD,ADX,Rolling_Median_Return,ATR_14,High_Low_Pct",Volume_MA
INFY,INFY.NS,2023-09-11,2023,9,1,Bull,1,0.7482,BUY,1,-1,0.5356,NO TRADE,0,10,"Volume_MA,BB_Lower,BB_Upper,MACD_Hist,OBV,MACD,ADX,Rolling_Median_Return,ATR_14,High_Low_Pct",Volume_MA
INFY,INFY.NS,2023-09-12,2023,9,0,Bull,1,0.6776,BUY,0,-1,0.5455,NO TRADE,0,10,"Volume_MA,BB_Lower,BB_Upper,MACD_Hist,OBV,MACD,ADX,Rolling_Median_Return,ATR_14,High_Low_Pct",Volume_MA
INFY,INFY.NS,2023-09-13,2023,9,0,Bull,1,0.7587,BUY,0,-1,0.5469,NO TRADE,0,10,"Volume_MA,BB_Lower,BB_Upper,MACD_Hist,OBV,MACD,ADX,Rolling_Median_Return,ATR_14,High_Low_Pct",Volume_MA
INFY,INFY.NS,2023-09-14,2023,9,0,Bull,1,0.7126,BUY,0,0,0.5601,SELL,1,10,"Volume_MA,BB_Lower,BB_Upper,MACD_Hist,OBV,MACD,ADX,Rolling_Median_Return,ATR_14,High_Low_Pct",Volume_MA
INFY,INFY.NS,2023-09-15,2023,9,0,Bull,1,0.715,BUY,0,0,0.5809,SELL,1,10,"Volume_MA,BB_Lower,BB_Upper,MACD_Hist,OBV,MACD,ADX,Rolling_Median_Return,ATR_14,High_Low_Pct",Volume_MA
INFY,INFY.NS,2023-09-18,2023,9,0,Bull,1,0.7441,BUY,0,-1,0.5003,NO TRADE,0,10,"Volume_MA,BB_Lower,BB_Upper,MACD_Hist,OBV,MACD,ADX,Rolling_Median_Return,ATR_14,High_Low_Pct",Volume_MA
INFY,INFY.NS,2023-09-20,2023,9,0,Bull,1,0.7251,BUY,0,0,0.6471,SELL,1,10,"Volume_MA,BB_Lower,BB_Upper,MACD_Hist,OBV,MACD,ADX,Rolling_Median_Return,ATR_14,High_Low_Pct",Volume_MA
INFY,INFY.NS,2023-09-21,2023,9,0,Bull,1,0.7416,BUY,0,-1,0.5006,NO TRADE,0,10,"Volume_MA,BB_Lower,BB_Upper,MACD_Hist,OBV,MACD,ADX,Rolling_Median_Return,ATR_14,High_Low_Pct",Volume_MA
INFY,INFY.NS,2023-09-22,2023,9,0,Bull,1,0.7632,BUY,0,-1,0.5281,NO TRADE,0,10,"Volume_MA,BB_Lower,BB_Upper,MACD_Hist,OBV,MACD,ADX,Rolling_Median_Return,ATR_14,High_Low_Pct",Volume_MA
INFY,INFY.NS,2023-09-25,2023,9,0,Bull,1,0.7106,BUY,0,0,0.6048,SELL,1,10,"Volume_MA,BB_Lower,BB_Upper,MACD_Hist,OBV,MACD,ADX,Rolling_Median_Return,ATR_14,High_Low_Pct",Volume_MA
INFY,INFY.NS,2023-09-26,2023,9,0,Bull,1,0.7858,BUY,0,-1,0.5379,NO TRADE,0,10,"Volume_MA,BB_Lower,BB_Upper,MACD_Hist,OBV,MACD,ADX,Rolling_Median_Return,ATR_14,High_Low_Pct",Volume_MA
INFY,INFY.NS,2023-09-27,2023,9,0,Bull,1,0.8392,BUY,0,1,0.5619,BUY,0,10,"Volume_MA,BB_Lower,BB_Upper,MACD_Hist,OBV,MACD,ADX,Rolling_Median_Return,ATR_14,High_Low_Pct",Volume_MA
INFY,INFY.NS,2023-09-28,2023,9,0,Bull,1,0.8084,BUY,0,-1,0.5479,NO TRADE,0,10,"Volume_MA,BB_Lower,BB_Upper,MACD_Hist,OBV,MACD,ADX,Rolling_Median_Return,ATR_14,High_Low_Pct",Volume_MA
INFY,INFY.NS,2023-09-29,2023,9,0,Sideways,1,0.7855,BUY,0,-1,0.5499,NO TRADE,0,10,"Volume_MA,BB_Lower,BB_Upper,MACD_Hist,OBV,MACD,ADX,Rolling_Median_Return,ATR_14,High_Low_Pct",Volume_MA
INFY,INFY.NS,2023-10-03,2023,10,0,Sideways,1,0.79,BUY,0,1,0.614,BUY,0,10,"Volume_MA,BB_Lower,BB_Upper,MACD_Hist,OBV,MACD,ADX,Rolling_Median_Return,ATR_14,High_Low_Pct",Volume_MA
INFY,INFY.NS,2023-10-04,2023,10,0,Sideways,1,0.8819,BUY,0,1,0.707,BUY,0,10,"Volume_MA,BB_Lower,BB_Upper,MACD_Hist,OBV,MACD,ADX,Rolling_Median_Return,ATR_14,High_Low_Pct",Volume_MA
INFY,INFY.NS,2023-10-05,2023,10,0,Bull,1,0.857,BUY,0,1,0.7238,BUY,0,10,"Volume_MA,BB_Lower,BB_Upper,MACD_Hist,OBV,MACD,ADX,Rolling_Median_Return,ATR_14,High_Low_Pct",Volume_MA
INFY,INFY.NS,2023-10-06,2023,10,0,Bull,1,0.8311,BUY,0,1,0.7091,BUY,0,10,"Volume_MA,BB_Lower,BB_Upper,MACD_Hist,OBV,MACD,ADX,Rolling_Median_Return,ATR_14,High_Low_Pct",Volume_MA
INFY,INFY.NS,2023-10-09,2023,10,0,Bull,1,0.827,BUY,0,1,0.6999,BUY,0,10,"Volume_MA,BB_Lower,BB_Upper,MACD_Hist,OBV,MACD,ADX,Rolling_Median_Return,ATR_14,High_Low_Pct",Volume_MA
INFY,INFY.NS,2023-10-10,2023,10,0,Bull,1,0.7618,BUY,0,1,0.7559,BUY,0,10,"Volume_MA,BB_Lower,BB_Upper,MACD_Hist,OBV,MACD,ADX,Rolling_Median_Return,ATR_14,High_Low_Pct",Volume_MA
INFY,INFY.NS,2023-10-11,2023,10,0,Bull,1,0.8374,BUY,0,1,0.7498,BUY,0,10,"Volume_MA,BB_Lower,BB_Upper,MACD_Hist,OBV,MACD,ADX,Rolling_Median_Return,ATR_14,High_Low_Pct",Volume_MA
INFY,INFY.NS,2023-10-12,2023,10,0,Bull,1,0.7517,BUY,0,1,0.6201,BUY,0,10,"Volume_MA,BB_Lower,BB_Upper,MACD_Hist,OBV,MACD,ADX,Rolling_Median_Return,ATR_14,High_Low_Pct",Volume_MA
INFY,INFY.NS,2023-10-13,2023,10,0,Bull,1,0.7427,BUY,0,1,0.7048,BUY,0,10,"Volume_MA,BB_Lower,BB_Upper,MACD_Hist,OBV,MACD,ADX,Rolling_Median_Return,ATR_14,High_Low_Pct",Volume_MA
INFY,INFY.NS,2023-10-16,2023,10,0,Bull,1,0.7984,BUY,0,1,0.7649,BUY,0,10,"Volume_MA,BB_Lower,BB_Upper,MACD_Hist,OBV,MACD,ADX,Rolling_Median_Return,ATR_14,High_Low_Pct",Volume_MA
INFY,INFY.NS,2023-10-17,2023,10,1,Bull,1,0.7571,BUY,1,1,0.6902,BUY,1,10,"Volume_MA,BB_Lower,BB_Upper,MACD_Hist,OBV,MACD,ADX,Rolling_Median_Return,ATR_14,High_Low_Pct",Volume_MA
INFY,INFY.NS,2023-10-18,2023,10,1,Bull,1,0.8269,BUY,1,1,0.7113,BUY,1,10,"Volume_MA,BB_Lower,BB_Upper,MACD_Hist,OBV,MACD,ADX,Rolling_Median_Return,ATR_14,High_Low_Pct",Volume_MA
INFY,INFY.NS,2023-10-19,2023,10,1,Bull,1,0.5613,BUY,1,1,0.6282,BUY,1,10,"BB_Lower,BB_Upper,Volume_MA,MACD_Signal,OBV,Return_10d,ROC,Volume_Ratio,ADX,MACD_Hist",BB_Lower
INFY,INFY.NS,2023-10-20,2023,10,1,Bull,1,0.5918,BUY,1,1,0.6548,BUY,1,10,"BB_Lower,BB_Upper,Volume_MA,MACD_Signal,OBV,Return_10d,ROC,Volume_Ratio,ADX,MACD_Hist",BB_Lower
INFY,INFY.NS,2023-10-23,2023,10,1,Bull,1,0.5541,BUY,1,1,0.6619,BUY,1,10,"BB_Lower,BB_Upper,Volume_MA,MACD_Signal,OBV,Return_10d,ROC,Volume_Ratio,ADX,MACD_Hist",BB_Lower
INFY,INFY.NS,2023-10-25,2023,10,1,Sideways,-1,0.5048,NO TRADE,0,-1,0.5235,NO TRADE,0,10,"BB_Lower,BB_Upper,Volume_MA,MACD_Signal,OBV,Return_10d,ROC,Volume_Ratio,ADX,MACD_Hist",BB_Lower
INFY,INFY.NS,2023-10-26,2023,10,1,Sideways,-1,0.5267,NO TRADE,0,1,0.5708,BUY,1,10,"BB_Lower,BB_Upper,Volume_MA,MACD_Signal,OBV,Return_10d,ROC,Volume_Ratio,ADX,MACD_Hist",BB_Lower
INFY,INFY.NS,2023-10-27,2023,10,1,Sideways,1,0.592,BUY,1,1,0.7375,BUY,1,10,"BB_Lower,BB_Upper,Volume_MA,MACD_Signal,OBV,Return_10d,ROC,Volume_Ratio,ADX,MACD_Hist",BB_Lower
INFY,INFY.NS,2023-10-30,2023,10,1,Sideways,1,0.7553,BUY,1,1,0.7931,BUY,1,10,"BB_Lower,BB_Upper,Volume_MA,MACD_Signal,OBV,Return_10d,ROC,Volume_Ratio,ADX,MACD_Hist",BB_Lower
INFY,INFY.NS,2023-10-31,2023,10,1,Sideways,1,0.7424,BUY,1,1,0.7797,BUY,1,10,"BB_Lower,BB_Upper,Volume_MA,MACD_Signal,OBV,Return_10d,ROC,Volume_Ratio,ADX,MACD_Hist",BB_Lower
INFY,INFY.NS,2023-11-01,2023,11,1,Sideways,1,0.768,BUY,1,1,0.803,BUY,1,10,"BB_Lower,BB_Upper,Volume_MA,MACD_Signal,OBV,Return_10d,ROC,Volume_Ratio,ADX,MACD_Hist",BB_Lower
INFY,INFY.NS,2023-11-02,2023,11,1,Sideways,1,0.7672,BUY,1,1,0.7802,BUY,1,10,"BB_Lower,BB_Upper,Volume_MA,MACD_Signal,OBV,Return_10d,ROC,Volume_Ratio,ADX,MACD_Hist",BB_Lower
INFY,INFY.NS,2023-11-03,2023,11,1,Sideways,1,0.6893,BUY,1,1,0.8132,BUY,1,10,"BB_Lower,BB_Upper,Volume_MA,MACD_Signal,OBV,Return_10d,ROC,Volume_Ratio,ADX,MACD_Hist",BB_Lower
INFY,INFY.NS,2023-11-06,2023,11,1,Sideways,1,0.6179,BUY,1,1,0.8119,BUY,1,10,"BB_Lower,BB_Upper,Volume_MA,MACD_Signal,OBV,Return_10d,ROC,Volume_Ratio,ADX,MACD_Hist",BB_Lower
INFY,INFY.NS,2023-11-07,2023,11,1,Sideways,1,0.726,BUY,1,1,0.8129,BUY,1,10,"BB_Lower,BB_Upper,Volume_MA,MACD_Signal,OBV,Return_10d,ROC,Volume_Ratio,ADX,MACD_Hist",BB_Lower
INFY,INFY.NS,2023-11-08,2023,11,1,Sideways,1,0.7102,BUY,1,1,0.7813,BUY,1,10,"BB_Lower,BB_Upper,Volume_MA,MACD_Signal,OBV,Return_10d,ROC,Volume_Ratio,ADX,MACD_Hist",BB_Lower
INFY,INFY.NS,2023-11-09,2023,11,1,Sideways,1,0.6964,BUY,1,1,0.7676,BUY,1,10,"BB_Lower,BB_Upper,Volume_MA,MACD_Signal,OBV,Return_10d,ROC,Volume_Ratio,ADX,MACD_Hist",BB_Lower
INFY,INFY.NS,2023-11-10,2023,11,1,Sideways,1,0.6017,BUY,1,1,0.5947,BUY,1,10,"BB_Lower,BB_Upper,Volume_MA,MACD_Signal,OBV,Return_10d,ROC,Volume_Ratio,ADX,MACD_Hist",BB_Lower
INFY,INFY.NS,2023-11-13,2023,11,1,Sideways,1,0.6703,BUY,1,-1,0.5458,NO TRADE,0,10,"BB_Lower,BB_Upper,Volume_MA,MACD_Signal,OBV,Return_10d,ROC,Volume_Ratio,ADX,MACD_Hist",BB_Lower
INFY,INFY.NS,2023-11-15,2023,11,1,Bear,-1,0.5281,NO TRADE,0,0,0.5524,SELL,0,10,"BB_Lower,BB_Upper,Volume_MA,MACD_Signal,OBV,Return_10d,ROC,Volume_Ratio,ADX,MACD_Hist",BB_Lower
INFY,INFY.NS,2023-11-16,2023,11,1,Sideways,0,0.6689,SELL,0,0,0.6254,SELL,0,10,"BB_Lower,BB_Upper,Volume_MA,MACD_Signal,OBV,Return_10d,ROC,Volume_Ratio,ADX,MACD_Hist",BB_Lower
INFY,INFY.NS,2023-11-17,2023,11,1,Sideways,-1,0.5374,NO TRADE,0,-1,0.5023,NO TRADE,0,10,"BB_Lower,BB_Upper,Volume_MA,MACD_Signal,OBV,Return_10d,ROC,Volume_Ratio,ADX,MACD_Hist",BB_Lower
INFY,INFY.NS,2023-11-20,2023,11,1,Sideways,-1,0.5329,NO TRADE,0,1,0.5505,BUY,1,10,"BB_Lower,BB_Upper,Volume_MA,MACD_Signal,OBV,Return_10d,ROC,Volume_Ratio,ADX,MACD_Hist",BB_Lower
INFY,INFY.NS,2023-11-21,2023,11,1,Sideways,-1,0.5464,NO TRADE,0,-1,0.5338,NO TRADE,0,10,"BB_Lower,BB_Upper,Volume_MA,MACD_Signal,OBV,Return_10d,ROC,Volume_Ratio,ADX,MACD_Hist",BB_Lower
INFY,INFY.NS,2023-11-22,2023,11,1,Sideways,0,0.6834,SELL,0,0,0.5715,SELL,0,10,"BB_Lower,BB_Upper,Volume_MA,MACD_Signal,OBV,Return_10d,ROC,Volume_Ratio,ADX,MACD_Hist",BB_Lower
INFY,INFY.NS,2023-11-23,2023,11,1,Sideways,-1,0.5416,NO TRADE,0,-1,0.5249,NO TRADE,0,10,"BB_Lower,BB_Upper,Volume_MA,MACD_Signal,OBV,Return_10d,ROC,Volume_Ratio,ADX,MACD_Hist",BB_Lower
INFY,INFY.NS,2023-11-24,2023,11,1,Sideways,-1,0.5037,NO TRADE,0,-1,0.5306,NO TRADE,0,10,"BB_Lower,BB_Upper,Volume_MA,MACD_Signal,OBV,Return_10d,ROC,Volume_Ratio,ADX,MACD_Hist",BB_Lower
INFY,INFY.NS,2023-11-28,2023,11,1,Sideways,-1,0.5154,NO TRADE,0,0,0.6196,SELL,0,10,"BB_Lower,BB_Upper,Volume_MA,MACD_Signal,OBV,Return_10d,ROC,Volume_Ratio,ADX,MACD_Hist",BB_Lower
INFY,INFY.NS,2023-11-29,2023,11,1,Sideways,-1,0.5439,NO TRADE,0,0,0.6226,SELL,0,10,"BB_Lower,BB_Upper,Volume_MA,MACD_Signal,OBV,Return_10d,ROC,Volume_Ratio,ADX,MACD_Hist",BB_Lower
INFY,INFY.NS,2023-11-30,2023,11,1,Sideways,0,0.5533,SELL,0,0,0.6574,SELL,0,10,"BB_Lower,BB_Upper,Volume_MA,MACD_Signal,OBV,Return_10d,ROC,Volume_Ratio,ADX,MACD_Hist",BB_Lower
INFY,INFY.NS,2023-12-01,2023,12,1,Sideways,-1,0.5413,NO TRADE,0,-1,0.5436,NO TRADE,0,10,"BB_Lower,BB_Upper,Volume_MA,MACD_Signal,OBV,Return_10d,ROC,Volume_Ratio,ADX,MACD_Hist",BB_Lower
INFY,INFY.NS,2023-12-04,2023,12,1,Sideways,0,0.6964,SELL,0,0,0.743,SELL,0,10,"BB_Lower,BB_Upper,Volume_MA,MACD_Signal,OBV,Return_10d,ROC,Volume_Ratio,ADX,MACD_Hist",BB_Lower
INFY,INFY.NS,2023-12-05,2023,12,1,Sideways,0,0.6137,SELL,0,0,0.7391,SELL,0,10,"BB_Lower,BB_Upper,Volume_MA,MACD_Signal,OBV,Return_10d,ROC,Volume_Ratio,ADX,MACD_Hist",BB_Lower
INFY,INFY.NS,2023-12-06,2023,12,1,Sideways,0,0.7972,SELL,0,0,0.7434,SELL,0,10,"BB_Lower,BB_Upper,Volume_MA,MACD_Signal,OBV,Return_10d,ROC,Volume_Ratio,ADX,MACD_Hist",BB_Lower
INFY,INFY.NS,2023-12-07,2023,12,1,Sideways,0,0.7247,SELL,0,0,0.7003,SELL,0,10,"BB_Lower,BB_Upper,Volume_MA,MACD_Signal,OBV,Return_10d,ROC,Volume_Ratio,ADX,MACD_Hist",BB_Lower
INFY,INFY.NS,2023-12-08,2023,12,1,Sideways,0,0.8594,SELL,0,0,0.7692,SELL,0,10,"BB_Lower,BB_Upper,Volume_MA,MACD_Signal,OBV,Return_10d,ROC,Volume_Ratio,ADX,MACD_Hist",BB_Lower
INFY,INFY.NS,2023-12-11,2023,12,1,Bull,0,0.7661,SELL,0,0,0.7172,SELL,0,10,"BB_Lower,BB_Upper,Volume_MA,MACD_Signal,OBV,Return_10d,ROC,Volume_Ratio,ADX,MACD_Hist",BB_Lower
INFY,INFY.NS,2023-12-12,2023,12,1,Bull,0,0.8622,SELL,0,0,0.8147,SELL,0,10,"BB_Lower,BB_Upper,Volume_MA,MACD_Signal,OBV,Return_10d,ROC,Volume_Ratio,ADX,MACD_Hist",BB_Lower
INFY,INFY.NS,2023-12-13,2023,12,1,Sideways,0,0.7795,SELL,0,0,0.6885,SELL,0,10,"BB_Lower,BB_Upper,Volume_MA,MACD_Signal,OBV,Return_10d,ROC,Volume_Ratio,ADX,MACD_Hist",BB_Lower
INFY,INFY.NS,2023-12-14,2023,12,1,Sideways,0,0.8536,SELL,0,0,0.691,SELL,0,10,"BB_Lower,BB_Upper,Volume_MA,MACD_Signal,OBV,Return_10d,ROC,Volume_Ratio,ADX,MACD_Hist",BB_Lower
INFY,INFY.NS,2023-12-15,2023,12,1,Bull,0,0.8404,SELL,0,0,0.6739,SELL,0,10,"BB_Lower,BB_Upper,Volume_MA,MACD_Signal,OBV,Return_10d,ROC,Volume_Ratio,ADX,MACD_Hist",BB_Lower
INFY,INFY.NS,2023-12-18,2023,12,1,Bull,0,0.7718,SELL,0,0,0.6627,SELL,0,10,"BB_Lower,BB_Upper,Volume_MA,MACD_Signal,OBV,Return_10d,ROC,Volume_Ratio,ADX,MACD_Hist",BB_Lower
INFY,INFY.NS,2023-12-19,2023,12,1,Bull,0,0.7537,SELL,0,0,0.6378,SELL,0,10,"BB_Lower,BB_Upper,Volume_MA,MACD_Signal,OBV,Return_10d,ROC,Volume_Ratio,ADX,MACD_Hist",BB_Lower
INFY,INFY.NS,2023-12-20,2023,12,1,Bull,0,0.7924,SELL,0,0,0.7224,SELL,0,10,"BB_Lower,BB_Upper,Volume_MA,MACD_Signal,OBV,Return_10d,ROC,Volume_Ratio,ADX,MACD_Hist",BB_Lower
INFY,INFY.NS,2023-12-21,2023,12,1,Bull,0,0.8196,SELL,0,0,0.7183,SELL,0,10,"BB_Lower,BB_Upper,Volume_MA,MACD_Signal,OBV,Return_10d,ROC,Volume_Ratio,ADX,MACD_Hist",BB_Lower
INFY,INFY.NS,2023-12-22,2023,12,1,Bull,0,0.8502,SELL,0,0,0.7451,SELL,0,10,"BB_Lower,BB_Upper,Volume_MA,MACD_Signal,OBV,Return_10d,ROC,Volume_Ratio,ADX,MACD_Hist",BB_Lower
INFY,INFY.NS,2023-12-26,2023,12,1,Bull,0,0.835,SELL,0,0,0.7532,SELL,0,10,"BB_Lower,BB_Upper,Volume_MA,MACD_Signal,OBV,Return_10d,ROC,Volume_Ratio,ADX,MACD_Hist",BB_Lower
INFY,INFY.NS,2023-12-27,2023,12,1,Bull,0,0.8774,SELL,0,0,0.7815,SELL,0,10,"BB_Lower,BB_Upper,Volume_MA,MACD_Signal,OBV,Return_10d,ROC,Volume_Ratio,ADX,MACD_Hist",BB_Lower
INFY,INFY.NS,2023-12-28,2023,12,1,Bull,0,0.7315,SELL,0,0,0.7502,SELL,0,10,"BB_Lower,BB_Upper,Volume_MA,MACD_Signal,OBV,Return_10d,ROC,Volume_Ratio,ADX,MACD_Hist",BB_Lower
INFY,INFY.NS,2023-12-29,2023,12,1,Bull,0,0.743,SELL,0,0,0.7682,SELL,0,10,"BB_Lower,BB_Upper,Volume_MA,MACD_Signal,OBV,Return_10d,ROC,Volume_Ratio,ADX,MACD_Hist",BB_Lower
INFY,INFY.NS,2024-01-01,2024,1,1,Bull,0,0.8559,SELL,0,0,0.7163,SELL,0,10,"BB_Lower,BB_Upper,Volume_MA,MACD_Signal,OBV,Return_10d,ROC,Volume_Ratio,ADX,MACD_Hist",BB_Lower
INFY,INFY.NS,2024-01-02,2024,1,1,Bull,0,0.8124,SELL,0,0,0.7314,SELL,0,10,"BB_Lower,BB_Upper,Volume_MA,MACD_Signal,OBV,Return_10d,ROC,Volume_Ratio,ADX,MACD_Hist",BB_Lower
INFY,INFY.NS,2024-01-03,2024,1,1,Bull,0,0.832,SELL,0,0,0.7567,SELL,0,10,"BB_Lower,BB_Upper,Volume_MA,MACD_Signal,OBV,Return_10d,ROC,Volume_Ratio,ADX,MACD_Hist",BB_Lower
INFY,INFY.NS,2024-01-04,2024,1,1,Bull,0,0.8231,SELL,0,0,0.7784,SELL,0,10,"BB_Lower,BB_Upper,Volume_MA,MACD_Signal,OBV,Return_10d,ROC,Volume_Ratio,ADX,MACD_Hist",BB_Lower
INFY,INFY.NS,2024-01-05,2024,1,1,Bull,0,0.8267,SELL,0,0,0.8008,SELL,0,10,"BB_Lower,BB_Upper,Volume_MA,MACD_Signal,OBV,Return_10d,ROC,Volume_Ratio,ADX,MACD_Hist",BB_Lower
INFY,INFY.NS,2024-01-08,2024,1,1,Bull,0,0.8035,SELL,0,0,0.6943,SELL,0,10,"BB_Lower,BB_Upper,Volume_MA,MACD_Signal,OBV,Return_10d,ROC,Volume_Ratio,ADX,MACD_Hist",BB_Lower
INFY,INFY.NS,2024-01-09,2024,1,1,Bull,0,0.796,SELL,0,0,0.694,SELL,0,10,"BB_Lower,BB_Upper,Volume_MA,MACD_Signal,OBV,Return_10d,ROC,Volume_Ratio,ADX,MACD_Hist",BB_Lower
INFY,INFY.NS,2024-01-10,2024,1,1,Bull,0,0.8274,SELL,0,0,0.6694,SELL,0,10,"BB_Lower,BB_Upper,Volume_MA,MACD_Signal,OBV,Return_10d,ROC,Volume_Ratio,ADX,MACD_Hist",BB_Lower
INFY,INFY.NS,2024-01-11,2024,1,1,Bull,0,0.8238,SELL,0,0,0.7135,SELL,0,10,"BB_Lower,BB_Upper,Volume_MA,MACD_Signal,OBV,Return_10d,ROC,Volume_Ratio,ADX,MACD_Hist",BB_Lower
INFY,INFY.NS,2024-01-12,2024,1,1,Bull,0,0.8938,SELL,0,0,0.826,SELL,0,10,"BB_Lower,BB_Upper,Volume_MA,MACD_Signal,OBV,Return_10d,ROC,Volume_Ratio,ADX,MACD_Hist",BB_Lower
INFY,INFY.NS,2024-01-15,2024,1,1,Bull,0,0.8929,SELL,0,0,0.8223,SELL,0,10,"BB_Lower,BB_Upper,Volume_MA,MACD_Signal,OBV,Return_10d,ROC,Volume_Ratio,ADX,MACD_Hist",BB_Lower
INFY,INFY.NS,2024-01-16,2024,1,1,Bull,0,0.8316,SELL,0,0,0.7772,SELL,0,10,"BB_Lower,BB_Upper,Volume_MA,MACD_Signal,OBV,Return_10d,ROC,Volume_Ratio,ADX,MACD_Hist",BB_Lower
INFY,INFY.NS,2024-01-17,2024,1,1,Bull,0,0.6259,SELL,0,1,0.6929,BUY,1,10,"OBV,BB_Lower,ADX,Stochastic,High_Low_Pct,ATR_14,Rolling_Volatility,MACD_Signal,CCI,BB_Upper",OBV
INFY,INFY.NS,2024-01-18,2024,1,1,Bull,-1,0.5232,NO TRADE,0,1,0.715,BUY,1,10,"OBV,BB_Lower,ADX,Stochastic,High_Low_Pct,ATR_14,Rolling_Volatility,MACD_Signal,CCI,BB_Upper",OBV
INFY,INFY.NS,2024-01-19,2024,1,1,Bull,-1,0.5257,NO TRADE,0,1,0.6167,BUY,1,10,"OBV,BB_Lower,ADX,Stochastic,High_Low_Pct,ATR_14,Rolling_Volatility,MACD_Signal,CCI,BB_Upper",OBV
INFY,INFY.NS,2024-01-23,2024,1,1,Bull,-1,0.5029,NO TRADE,0,1,0.5901,BUY,1,10,"OBV,BB_Lower,ADX,Stochastic,High_Low_Pct,ATR_14,Rolling_Volatility,MACD_Signal,CCI,BB_Upper",OBV
INFY,INFY.NS,2024-01-24,2024,1,1,Bull,0,0.7292,SELL,0,0,0.5514,SELL,0,10,"OBV,BB_Lower,ADX,Stochastic,High_Low_Pct,ATR_14,Rolling_Volatility,MACD_Signal,CCI,BB_Upper",OBV
INFY,INFY.NS,2024-01-25,2024,1,1,Bull,0,0.6081,SELL,0,-1,0.5334,NO TRADE,0,10,"OBV,BB_Lower,ADX,Stochastic,High_Low_Pct,ATR_14,Rolling_Volatility,MACD_Signal,CCI,BB_Upper",OBV
INFY,INFY.NS,2024-01-29,2024,1,1,Bull,0,0.5864,SELL,0,-1,0.5247,NO TRADE,0,10,"OBV,BB_Lower,ADX,Stochastic,High_Low_Pct,ATR_14,Rolling_Volatility,MACD_Signal,CCI,BB_Upper",OBV
INFY,INFY.NS,2024-01-30,2024,1,1,Bull,0,0.5534,SELL,0,1,0.6645,BUY,1,10,"OBV,BB_Lower,ADX,Stochastic,High_Low_Pct,ATR_14,Rolling_Volatility,MACD_Signal,CCI,BB_Upper",OBV
INFY,INFY.NS,2024-01-31,2024,1,1,Bull,0,0.7275,SELL,0,-1,0.5457,NO TRADE,0,10,"OBV,BB_Lower,ADX,Stochastic,High_Low_Pct,ATR_14,Rolling_Volatility,MACD_Signal,CCI,BB_Upper",OBV
INFY,INFY.NS,2024-02-01,2024,2,1,Bull,0,0.6343,SELL,0,1,0.6603,BUY,1,10,"OBV,BB_Lower,ADX,Stochastic,High_Low_Pct,ATR_14,Rolling_Volatility,MACD_Signal,CCI,BB_Upper",OBV
INFY,INFY.NS,2024-02-02,2024,2,0,Bull,0,0.7632,SELL,1,-1,0.5017,NO TRADE,0,10,"OBV,BB_Lower,ADX,Stochastic,High_Low_Pct,ATR_14,Rolling_Volatility,MACD_Signal,CCI,BB_Upper",OBV
INFY,INFY.NS,2024-02-05,2024,2,0,Bull,0,0.6663,SELL,1,1,0.5766,BUY,0,10,"OBV,BB_Lower,ADX,Stochastic,High_Low_Pct,ATR_14,Rolling_Volatility,MACD_Signal,CCI,BB_Upper",OBV
INFY,INFY.NS,2024-02-06,2024,2,0,Bull,0,0.8008,SELL,1,-1,0.5098,NO TRADE,0,10,"OBV,BB_Lower,ADX,Stochastic,High_Low_Pct,ATR_14,Rolling_Volatility,MACD_Signal,CCI,BB_Upper",OBV
INFY,INFY.NS,2024-02-07,2024,2,0,Bull,0,0.6669,SELL,1,-1,0.5317,NO TRADE,0,10,"OBV,BB_Lower,ADX,Stochastic,High_Low_Pct,ATR_14,Rolling_Volatility,MACD_Signal,CCI,BB_Upper",OBV
INFY,INFY.NS,2024-02-08,2024,2,0,Bull,0,0.6164,SELL,1,1,0.6333,BUY,0,10,"OBV,BB_Lower,ADX,Stochastic,High_Low_Pct,ATR_14,Rolling_Volatility,MACD_Signal,CCI,BB_Upper",OBV
INFY,INFY.NS,2024-02-09,2024,2,0,Bull,0,0.5873,SELL,1,1,0.6668,BUY,0,10,"OBV,BB_Lower,ADX,Stochastic,High_Low_Pct,ATR_14,Rolling_Volatility,MACD_Signal,CCI,BB_Upper",OBV
INFY,INFY.NS,2024-02-12,2024,2,0,Bull,-1,0.507,NO TRADE,0,1,0.7462,BUY,0,10,"OBV,BB_Lower,ADX,Stochastic,High_Low_Pct,ATR_14,Rolling_Volatility,MACD_Signal,CCI,BB_Upper",OBV
INFY,INFY.NS,2024-02-13,2024,2,0,Bull,-1,0.5274,NO TRADE,0,1,0.7397,BUY,0,10,"OBV,BB_Lower,ADX,Stochastic,High_Low_Pct,ATR_14,Rolling_Volatility,MACD_Signal,CCI,BB_Upper",OBV
INFY,INFY.NS,2024-02-14,2024,2,0,Bull,1,0.618,BUY,0,1,0.6526,BUY,0,10,"OBV,BB_Lower,ADX,Stochastic,High_Low_Pct,ATR_14,Rolling_Volatility,MACD_Signal,CCI,BB_Upper",OBV
INFY,INFY.NS,2024-02-15,2024,2,0,Bull,1,0.5627,BUY,0,1,0.5816,BUY,0,10,"OBV,BB_Lower,ADX,Stochastic,High_Low_Pct,ATR_14,Rolling_Volatility,MACD_Signal,CCI,BB_Upper",OBV
INFY,INFY.NS,2024-02-16,2024,2,0,Bull,-1,0.5438,NO TRADE,0,-1,0.5115,NO TRADE,0,10,"OBV,BB_Lower,ADX,Stochastic,High_Low_Pct,ATR_14,Rolling_Volatility,MACD_Signal,CCI,BB_Upper",OBV
INFY,INFY.NS,2024-02-19,2024,2,0,Bull,0,0.5942,SELL,1,-1,0.5329,NO TRADE,0,10,"OBV,BB_Lower,ADX,Stochastic,High_Low_Pct,ATR_14,Rolling_Volatility,MACD_Signal,CCI,BB_Upper",OBV
INFY,INFY.NS,2024-02-20,2024,2,0,Bull,1,0.5781,BUY,0,1,0.6205,BUY,0,10,"OBV,BB_Lower,ADX,Stochastic,High_Low_Pct,ATR_14,Rolling_Volatility,MACD_Signal,CCI,BB_Upper",OBV
INFY,INFY.NS,2024-02-21,2024,2,0,Bull,1,0.6051,BUY,0,1,0.7179,BUY,0,10,"OBV,BB_Lower,ADX,Stochastic,High_Low_Pct,ATR_14,Rolling_Volatility,MACD_Signal,CCI,BB_Upper",OBV
INFY,INFY.NS,2024-02-22,2024,2,0,Bull,-1,0.5041,NO TRADE,0,1,0.6866,BUY,0,10,"OBV,BB_Lower,ADX,Stochastic,High_Low_Pct,ATR_14,Rolling_Volatility,MACD_Signal,CCI,BB_Upper",OBV
INFY,INFY.NS,2024-02-23,2024,2,0,Bull,1,0.6287,BUY,0,1,0.811,BUY,0,10,"OBV,BB_Lower,ADX,Stochastic,High_Low_Pct,ATR_14,Rolling_Volatility,MACD_Signal,CCI,BB_Upper",OBV
INFY,INFY.NS,2024-02-26,2024,2,0,Bull,1,0.6697,BUY,0,1,0.8296,BUY,0,10,"OBV,BB_Lower,ADX,Stochastic,High_Low_Pct,ATR_14,Rolling_Volatility,MACD_Signal,CCI,BB_Upper",OBV
INFY,INFY.NS,2024-02-27,2024,2,0,Bull,1,0.7045,BUY,0,1,0.8511,BUY,0,10,"OBV,BB_Lower,ADX,Stochastic,High_Low_Pct,ATR_14,Rolling_Volatility,MACD_Signal,CCI,BB_Upper",OBV
INFY,INFY.NS,2024-02-28,2024,2,0,Bull,1,0.6287,BUY,0,1,0.7646,BUY,0,10,"OBV,BB_Lower,ADX,Stochastic,High_Low_Pct,ATR_14,Rolling_Volatility,MACD_Signal,CCI,BB_Upper",OBV
INFY,INFY.NS,2024-02-29,2024,2,0,Bull,1,0.5722,BUY,0,1,0.719,BUY,0,10,"OBV,BB_Lower,ADX,Stochastic,High_Low_Pct,ATR_14,Rolling_Volatility,MACD_Signal,CCI,BB_Upper",OBV
INFY,INFY.NS,2024-03-01,2024,3,0,Bull,1,0.5741,BUY,0,1,0.6778,BUY,0,10,"OBV,BB_Lower,ADX,Stochastic,High_Low_Pct,ATR_14,Rolling_Volatility,MACD_Signal,CCI,BB_Upper",OBV
INFY,INFY.NS,2024-03-04,2024,3,0,Bull,1,0.8,BUY,0,1,0.7997,BUY,0,10,"OBV,BB_Lower,ADX,Stochastic,High_Low_Pct,ATR_14,Rolling_Volatility,MACD_Signal,CCI,BB_Upper",OBV
INFY,INFY.NS,2024-03-05,2024,3,0,Bull,1,0.7653,BUY,0,1,0.8348,BUY,0,10,"OBV,BB_Lower,ADX,Stochastic,High_Low_Pct,ATR_14,Rolling_Volatility,MACD_Signal,CCI,BB_Upper",OBV
INFY,INFY.NS,2024-03-06,2024,3,0,Bull,1,0.8234,BUY,0,1,0.8273,BUY,0,10,"OBV,BB_Lower,ADX,Stochastic,High_Low_Pct,ATR_14,Rolling_Volatility,MACD_Signal,CCI,BB_Upper",OBV
INFY,INFY.NS,2024-03-07,2024,3,0,Bull,1,0.8293,BUY,0,1,0.8191,BUY,0,10,"OBV,BB_Lower,ADX,Stochastic,High_Low_Pct,ATR_14,Rolling_Volatility,MACD_Signal,CCI,BB_Upper",OBV
INFY,INFY.NS,2024-03-11,2024,3,0,Bull,1,0.7886,BUY,0,1,0.7808,BUY,0,10,"OBV,BB_Lower,ADX,Stochastic,High_Low_Pct,ATR_14,Rolling_Volatility,MACD_Signal,CCI,BB_Upper",OBV
INFY,INFY.NS,2024-03-12,2024,3,0,Bull,1,0.7768,BUY,0,1,0.7813,BUY,0,10,"OBV,BB_Lower,ADX,Stochastic,High_Low_Pct,ATR_14,Rolling_Volatility,MACD_Signal,CCI,BB_Upper",OBV
INFY,INFY.NS,2024-03-13,2024,3,0,Bull,1,0.8093,BUY,0,1,0.7871,BUY,0,10,"OBV,BB_Lower,ADX,Stochastic,High_Low_Pct,ATR_14,Rolling_Volatility,MACD_Signal,CCI,BB_Upper",OBV
INFY,INFY.NS,2024-03-14,2024,3,0,Bull,1,0.8161,BUY,0,1,0.8544,BUY,0,10,"OBV,BB_Lower,ADX,Stochastic,High_Low_Pct,ATR_14,Rolling_Volatility,MACD_Signal,CCI,BB_Upper",OBV
INFY,INFY.NS,2024-03-15,2024,3,0,Bull,1,0.8768,BUY,0,1,0.8718,BUY,0,10,"OBV,BB_Lower,ADX,Stochastic,High_Low_Pct,ATR_14,Rolling_Volatility,MACD_Signal,CCI,BB_Upper",OBV
INFY,INFY.NS,2024-03-18,2024,3,0,Bull,1,0.8838,BUY,0,1,0.8751,BUY,0,10,"OBV,BB_Lower,ADX,Stochastic,High_Low_Pct,ATR_14,Rolling_Volatility,MACD_Signal,CCI,BB_Upper",OBV
INFY,INFY.NS,2024-03-19,2024,3,0,Bull,1,0.9225,BUY,0,1,0.8231,BUY,0,10,"OBV,BB_Lower,ADX,Stochastic,High_Low_Pct,ATR_14,Rolling_Volatility,MACD_Signal,CCI,BB_Upper",OBV
INFY,INFY.NS,2024-03-20,2024,3,0,Bull,1,0.9231,BUY,0,1,0.8103,BUY,0,10,"OBV,BB_Lower,ADX,Stochastic,High_Low_Pct,ATR_14,Rolling_Volatility,MACD_Signal,CCI,BB_Upper",OBV
INFY,INFY.NS,2024-03-21,2024,3,0,Sideways,1,0.9171,BUY,0,1,0.8163,BUY,0,10,"OBV,BB_Lower,ADX,Stochastic,High_Low_Pct,ATR_14,Rolling_Volatility,MACD_Signal,CCI,BB_Upper",OBV
INFY,INFY.NS,2024-03-22,2024,3,0,Bull,1,0.8905,BUY,0,1,0.8335,BUY,0,10,"OBV,BB_Lower,ADX,Stochastic,High_Low_Pct,ATR_14,Rolling_Volatility,MACD_Signal,CCI,BB_Upper",OBV
INFY,INFY.NS,2024-03-26,2024,3,0,Sideways,1,0.8567,BUY,0,1,0.7431,BUY,0,10,"OBV,BB_Lower,ADX,Stochastic,High_Low_Pct,ATR_14,Rolling_Volatility,MACD_Signal,CCI,BB_Upper",OBV
INFY,INFY.NS,2024-03-27,2024,3,0,Sideways,1,0.8245,BUY,0,1,0.7575,BUY,0,10,"OBV,BB_Lower,ADX,Stochastic,High_Low_Pct,ATR_14,Rolling_Volatility,MACD_Signal,CCI,BB_Upper",OBV
INFY,INFY.NS,2024-03-28,2024,3,0,Sideways,1,0.7462,BUY,0,1,0.7049,BUY,0,10,"OBV,BB_Lower,ADX,Stochastic,High_Low_Pct,ATR_14,Rolling_Volatility,MACD_Signal,CCI,BB_Upper",OBV
INFY,INFY.NS,2024-04-01,2024,4,0,Bear,1,0.6875,BUY,0,1,0.7154,BUY,0,10,"OBV,BB_Lower,ADX,Stochastic,High_Low_Pct,ATR_14,Rolling_Volatility,MACD_Signal,CCI,BB_Upper",OBV
INFY,INFY.NS,2024-04-02,2024,4,0,Bear,1,0.683,BUY,0,1,0.771,BUY,0,10,"OBV,BB_Lower,ADX,Stochastic,High_Low_Pct,ATR_14,Rolling_Volatility,MACD_Signal,CCI,BB_Upper",OBV
INFY,INFY.NS,2024-04-03,2024,4,0,Bear,1,0.6468,BUY,0,1,0.6529,BUY,0,10,"OBV,BB_Lower,ADX,Stochastic,High_Low_Pct,ATR_14,Rolling_Volatility,MACD_Signal,CCI,BB_Upper",OBV
INFY,INFY.NS,2024-04-04,2024,4,0,Bear,1,0.6462,BUY,0,1,0.6216,BUY,0,10,"OBV,BB_Lower,ADX,Stochastic,High_Low_Pct,ATR_14,Rolling_Volatility,MACD_Signal,CCI,BB_Upper",OBV
INFY,INFY.NS,2024-04-05,2024,4,0,Bear,1,0.6988,BUY,0,1,0.6854,BUY,0,10,"OBV,BB_Lower,ADX,Stochastic,High_Low_Pct,ATR_14,Rolling_Volatility,MACD_Signal,CCI,BB_Upper",OBV
INFY,INFY.NS,2024-04-08,2024,4,0,Bear,1,0.6643,BUY,0,1,0.6683,BUY,0,10,"OBV,BB_Lower,ADX,Stochastic,High_Low_Pct,ATR_14,Rolling_Volatility,MACD_Signal,CCI,BB_Upper",OBV
INFY,INFY.NS,2024-04-09,2024,4,0,Bear,1,0.7188,BUY,0,1,0.7121,BUY,0,10,"OBV,BB_Lower,ADX,Stochastic,High_Low_Pct,ATR_14,Rolling_Volatility,MACD_Signal,CCI,BB_Upper",OBV
INFY,INFY.NS,2024-04-10,2024,4,0,Bear,1,0.7293,BUY,0,1,0.7493,BUY,0,10,"OBV,BB_Lower,ADX,Stochastic,High_Low_Pct,ATR_14,Rolling_Volatility,MACD_Signal,CCI,BB_Upper",OBV
INFY,INFY.NS,2024-04-12,2024,4,0,Bear,1,0.7341,BUY,0,1,0.8175,BUY,0,10,"OBV,BB_Lower,ADX,Stochastic,High_Low_Pct,ATR_14,Rolling_Volatility,MACD_Signal,CCI,BB_Upper",OBV
INFY,INFY.NS,2024-04-15,2024,4,0,Bear,1,0.7945,BUY,0,1,0.81,BUY,0,10,"OBV,BB_Lower,ADX,Stochastic,High_Low_Pct,ATR_14,Rolling_Volatility,MACD_Signal,CCI,BB_Upper",OBV
INFY,INFY.NS,2024-04-16,2024,4,1,Bear,1,0.6959,BUY,1,1,0.7184,BUY,1,10,"OBV,BB_Lower,ADX,Stochastic,High_Low_Pct,ATR_14,Rolling_Volatility,MACD_Signal,CCI,BB_Upper",OBV
INFY,INFY.NS,2024-04-18,2024,4,1,Bear,1,0.6946,BUY,1,1,0.5918,BUY,1,10,"OBV,BB_Lower,ADX,Stochastic,High_Low_Pct,ATR_14,Rolling_Volatility,MACD_Signal,CCI,BB_Upper",OBV
INFY,INFY.NS,2024-04-19,2024,4,1,Bear,0,0.5882,SELL,0,0,0.7807,SELL,0,10,"BB_Lower,Return_10d,BB_Upper,OBV,Stochastic,Rolling_Volatility,MACD,MFI,MACD_Signal,ROC",BB_Lower
INFY,INFY.NS,2024-04-22,2024,4,1,Bear,0,0.6178,SELL,0,0,0.7471,SELL,0,10,"BB_Lower,Return_10d,BB_Upper,OBV,Stochastic,Rolling_Volatility,MACD,MFI,MACD_Signal,ROC",BB_Lower
INFY,INFY.NS,2024-04-23,2024,4,1,Bear,0,0.6353,SELL,0,0,0.7023,SELL,0,10,"BB_Lower,Return_10d,BB_Upper,OBV,Stochastic,Rolling_Volatility,MACD,MFI,MACD_Signal,ROC",BB_Lower
INFY,INFY.NS,2024-04-24,2024,4,1,Bear,0,0.6457,SELL,0,0,0.7119,SELL,0,10,"BB_Lower,Return_10d,BB_Upper,OBV,Stochastic,Rolling_Volatility,MACD,MFI,MACD_Signal,ROC",BB_Lower
INFY,INFY.NS,2024-04-25,2024,4,1,Bear,0,0.6749,SELL,0,0,0.7551,SELL,0,10,"BB_Lower,Return_10d,BB_Upper,OBV,Stochastic,Rolling_Volatility,MACD,MFI,MACD_Signal,ROC",BB_Lower
INFY,INFY.NS,2024-04-26,2024,4,1,Bear,0,0.6729,SELL,0,0,0.7992,SELL,0,10,"BB_Lower,Return_10d,BB_Upper,OBV,Stochastic,Rolling_Volatility,MACD,MFI,MACD_Signal,ROC",BB_Lower
INFY,INFY.NS,2024-04-29,2024,4,1,Bear,-1,0.5177,NO TRADE,0,0,0.752,SELL,0,10,"BB_Lower,Return_10d,BB_Upper,OBV,Stochastic,Rolling_Volatility,MACD,MFI,MACD_Signal,ROC",BB_Lower
INFY,INFY.NS,2024-04-30,2024,4,1,Bear,1,0.5848,BUY,1,0,0.7109,SELL,0,10,"BB_Lower,Return_10d,BB_Upper,OBV,Stochastic,Rolling_Volatility,MACD,MFI,MACD_Signal,ROC",BB_Lower
INFY,INFY.NS,2024-05-02,2024,5,1,Bear,1,0.7835,BUY,1,0,0.5758,SELL,0,10,"BB_Lower,Return_10d,BB_Upper,OBV,Stochastic,Rolling_Volatility,MACD,MFI,MACD_Signal,ROC",BB_Lower
INFY,INFY.NS,2024-05-03,2024,5,1,Bear,1,0.8106,BUY,1,0,0.5701,SELL,0,10,"BB_Lower,Return_10d,BB_Upper,OBV,Stochastic,Rolling_Volatility,MACD,MFI,MACD_Signal,ROC",BB_Lower
INFY,INFY.NS,2024-05-06,2024,5,0,Bear,1,0.8376,BUY,0,-1,0.527,NO TRADE,0,10,"BB_Lower,Return_10d,BB_Upper,OBV,Stochastic,Rolling_Volatility,MACD,MFI,MACD_Signal,ROC",BB_Lower
INFY,INFY.NS,2024-05-07,2024,5,1,Bear,1,0.8162,BUY,1,-1,0.5048,NO TRADE,0,10,"BB_Lower,Return_10d,BB_Upper,OBV,Stochastic,Rolling_Volatility,MACD,MFI,MACD_Signal,ROC",BB_Lower
INFY,INFY.NS,2024-05-08,2024,5,1,Bear,1,0.8664,BUY,1,-1,0.5494,NO TRADE,0,10,"BB_Lower,Return_10d,BB_Upper,OBV,Stochastic,Rolling_Volatility,MACD,MFI,MACD_Signal,ROC",BB_Lower
INFY,INFY.NS,2024-05-09,2024,5,1,Bear,1,0.8018,BUY,1,1,0.6795,BUY,1,10,"BB_Lower,Return_10d,BB_Upper,OBV,Stochastic,Rolling_Volatility,MACD,MFI,MACD_Signal,ROC",BB_Lower
INFY,INFY.NS,2024-05-10,2024,5,1,Bear,1,0.6628,BUY,1,1,0.6662,BUY,1,10,"BB_Lower,Return_10d,BB_Upper,OBV,Stochastic,Rolling_Volatility,MACD,MFI,MACD_Signal,ROC",BB_Lower
INFY,INFY.NS,2024-05-13,2024,5,1,Bear,1,0.6768,BUY,1,1,0.6886,BUY,1,10,"BB_Lower,Return_10d,BB_Upper,OBV,Stochastic,Rolling_Volatility,MACD,MFI,MACD_Signal,ROC",BB_Lower
INFY,INFY.NS,2024-05-14,2024,5,1,Bear,1,0.6575,BUY,1,1,0.723,BUY,1,10,"BB_Lower,Return_10d,BB_Upper,OBV,Stochastic,Rolling_Volatility,MACD,MFI,MACD_Signal,ROC",BB_Lower
INFY,INFY.NS,2024-05-15,2024,5,1,Bear,1,0.6742,BUY,1,1,0.7267,BUY,1,10,"BB_Lower,Return_10d,BB_Upper,OBV,Stochastic,Rolling_Volatility,MACD,MFI,MACD_Signal,ROC",BB_Lower
INFY,INFY.NS,2024-05-16,2024,5,1,Bear,1,0.5943,BUY,1,1,0.7577,BUY,1,10,"BB_Lower,Return_10d,BB_Upper,OBV,Stochastic,Rolling_Volatility,MACD,MFI,MACD_Signal,ROC",BB_Lower
INFY,INFY.NS,2024-05-17,2024,5,1,Bear,1,0.6719,BUY,1,1,0.7474,BUY,1,10,"BB_Lower,Return_10d,BB_Upper,OBV,Stochastic,Rolling_Volatility,MACD,MFI,MACD_Signal,ROC",BB_Lower
INFY,INFY.NS,2024-05-21,2024,5,1,Bear,1,0.7325,BUY,1,1,0.7438,BUY,1,10,"BB_Lower,Return_10d,BB_Upper,OBV,Stochastic,Rolling_Volatility,MACD,MFI,MACD_Signal,ROC",BB_Lower
INFY,INFY.NS,2024-05-22,2024,5,1,Bear,1,0.6585,BUY,1,1,0.7463,BUY,1,10,"BB_Lower,Return_10d,BB_Upper,OBV,Stochastic,Rolling_Volatility,MACD,MFI,MACD_Signal,ROC",BB_Lower
INFY,INFY.NS,2024-05-23,2024,5,1,Bear,1,0.6726,BUY,1,1,0.7807,BUY,1,10,"BB_Lower,Return_10d,BB_Upper,OBV,Stochastic,Rolling_Volatility,MACD,MFI,MACD_Signal,ROC",BB_Lower
INFY,INFY.NS,2024-05-24,2024,5,1,Bear,1,0.7815,BUY,1,1,0.8073,BUY,1,10,"BB_Lower,Return_10d,BB_Upper,OBV,Stochastic,Rolling_Volatility,MACD,MFI,MACD_Signal,ROC",BB_Lower
INFY,INFY.NS,2024-05-27,2024,5,1,Bear,1,0.7346,BUY,1,1,0.7889,BUY,1,10,"BB_Lower,Return_10d,BB_Upper,OBV,Stochastic,Rolling_Volatility,MACD,MFI,MACD_Signal,ROC",BB_Lower
INFY,INFY.NS,2024-05-28,2024,5,1,Bear,1,0.7079,BUY,1,1,0.7718,BUY,1,10,"BB_Lower,Return_10d,BB_Upper,OBV,Stochastic,Rolling_Volatility,MACD,MFI,MACD_Signal,ROC",BB_Lower
INFY,INFY.NS,2024-05-29,2024,5,1,Bear,1,0.7049,BUY,1,1,0.7432,BUY,1,10,"BB_Lower,Return_10d,BB_Upper,OBV,Stochastic,Rolling_Volatility,MACD,MFI,MACD_Signal,ROC",BB_Lower
INFY,INFY.NS,2024-05-30,2024,5,1,Bear,1,0.6194,BUY,1,1,0.6921,BUY,1,10,"BB_Lower,Return_10d,BB_Upper,OBV,Stochastic,Rolling_Volatility,MACD,MFI,MACD_Signal,ROC",BB_Lower
INFY,INFY.NS,2024-05-31,2024,5,1,Bear,1,0.6265,BUY,1,1,0.7096,BUY,1,10,"BB_Lower,Return_10d,BB_Upper,OBV,Stochastic,Rolling_Volatility,MACD,MFI,MACD_Signal,ROC",BB_Lower
INFY,INFY.NS,2024-06-03,2024,6,1,Bear,1,0.668,BUY,1,1,0.7601,BUY,1,10,"BB_Lower,Return_10d,BB_Upper,OBV,Stochastic,Rolling_Volatility,MACD,MFI,MACD_Signal,ROC",BB_Lower
INFY,INFY.NS,2024-06-04,2024,6,1,Bear,1,0.628,BUY,1,1,0.7708,BUY,1,10,"BB_Lower,Return_10d,BB_Upper,OBV,Stochastic,Rolling_Volatility,MACD,MFI,MACD_Signal,ROC",BB_Lower
INFY,INFY.NS,2024-06-05,2024,6,1,Bear,1,0.5536,BUY,1,1,0.7209,BUY,1,10,"BB_Lower,Return_10d,BB_Upper,OBV,Stochastic,Rolling_Volatility,MACD,MFI,MACD_Signal,ROC",BB_Lower
INFY,INFY.NS,2024-06-06,2024,6,1,Bear,1,0.595,BUY,1,1,0.7264,BUY,1,10,"BB_Lower,Return_10d,BB_Upper,OBV,Stochastic,Rolling_Volatility,MACD,MFI,MACD_Signal,ROC",BB_Lower
INFY,INFY.NS,2024-06-07,2024,6,1,Bear,1,0.6143,BUY,1,1,0.6225,BUY,1,10,"BB_Lower,Return_10d,BB_Upper,OBV,Stochastic,Rolling_Volatility,MACD,MFI,MACD_Signal,ROC",BB_Lower
INFY,INFY.NS,2024-06-10,2024,6,1,Sideways,1,0.7053,BUY,1,1,0.6838,BUY,1,10,"BB_Lower,Return_10d,BB_Upper,OBV,Stochastic,Rolling_Volatility,MACD,MFI,MACD_Signal,ROC",BB_Lower
INFY,INFY.NS,2024-06-11,2024,6,1,Sideways,1,0.7783,BUY,1,1,0.7326,BUY,1,10,"BB_Lower,Return_10d,BB_Upper,OBV,Stochastic,Rolling_Volatility,MACD,MFI,MACD_Signal,ROC",BB_Lower
INFY,INFY.NS,2024-06-12,2024,6,1,Bull,1,0.772,BUY,1,1,0.7142,BUY,1,10,"BB_Lower,Return_10d,BB_Upper,OBV,Stochastic,Rolling_Volatility,MACD,MFI,MACD_Signal,ROC",BB_Lower
INFY,INFY.NS,2024-06-13,2024,6,1,Sideways,1,0.832,BUY,1,1,0.8035,BUY,1,10,"BB_Lower,Return_10d,BB_Upper,OBV,Stochastic,Rolling_Volatility,MACD,MFI,MACD_Signal,ROC",BB_Lower
INFY,INFY.NS,2024-06-14,2024,6,1,Sideways,1,0.7852,BUY,1,1,0.7869,BUY,1,10,"BB_Lower,Return_10d,BB_Upper,OBV,Stochastic,Rolling_Volatility,MACD,MFI,MACD_Signal,ROC",BB_Lower
INFY,INFY.NS,2024-06-18,2024,6,1,Sideways,1,0.8132,BUY,1,1,0.7736,BUY,1,10,"BB_Lower,Return_10d,BB_Upper,OBV,Stochastic,Rolling_Volatility,MACD,MFI,MACD_Signal,ROC",BB_Lower
INFY,INFY.NS,2024-06-19,2024,6,1,Bull,1,0.7395,BUY,1,1,0.7847,BUY,1,10,"BB_Lower,Return_10d,BB_Upper,OBV,Stochastic,Rolling_Volatility,MACD,MFI,MACD_Signal,ROC",BB_Lower
INFY,INFY.NS,2024-06-20,2024,6,1,Bull,1,0.7431,BUY,1,1,0.7541,BUY,1,10,"BB_Lower,Return_10d,BB_Upper,OBV,Stochastic,Rolling_Volatility,MACD,MFI,MACD_Signal,ROC",BB_Lower
INFY,INFY.NS,2024-06-21,2024,6,1,Bull,1,0.714,BUY,1,1,0.7574,BUY,1,10,"BB_Lower,Return_10d,BB_Upper,OBV,Stochastic,Rolling_Volatility,MACD,MFI,MACD_Signal,ROC",BB_Lower
INFY,INFY.NS,2024-06-24,2024,6,1,Bull,1,0.7919,BUY,1,1,0.7588,BUY,1,10,"BB_Lower,Return_10d,BB_Upper,OBV,Stochastic,Rolling_Volatility,MACD,MFI,MACD_Signal,ROC",BB_Lower
INFY,INFY.NS,2024-06-25,2024,6,1,Bull,1,0.6659,BUY,1,1,0.7345,BUY,1,10,"BB_Lower,Return_10d,BB_Upper,OBV,Stochastic,Rolling_Volatility,MACD,MFI,MACD_Signal,ROC",BB_Lower
INFY,INFY.NS,2024-06-26,2024,6,1,Bull,1,0.7265,BUY,1,1,0.7099,BUY,1,10,"BB_Lower,Return_10d,BB_Upper,OBV,Stochastic,Rolling_Volatility,MACD,MFI,MACD_Signal,ROC",BB_Lower
INFY,INFY.NS,2024-06-27,2024,6,1,Bull,0,0.5999,SELL,0,1,0.6811,BUY,1,10,"BB_Lower,Return_10d,BB_Upper,OBV,Stochastic,Rolling_Volatility,MACD,MFI,MACD_Signal,ROC",BB_Lower
INFY,INFY.NS,2024-06-28,2024,6,1,Bull,0,0.6182,SELL,0,1,0.7057,BUY,1,10,"BB_Lower,Return_10d,BB_Upper,OBV,Stochastic,Rolling_Volatility,MACD,MFI,MACD_Signal,ROC",BB_Lower
INFY,INFY.NS,2024-07-01,2024,7,1,Bull,0,0.7452,SELL,0,1,0.6565,BUY,1,10,"BB_Lower,Return_10d,BB_Upper,OBV,Stochastic,Rolling_Volatility,MACD,MFI,MACD_Signal,ROC",BB_Lower
INFY,INFY.NS,2024-07-02,2024,7,1,Bull,0,0.7668,SELL,0,1,0.5944,BUY,1,10,"BB_Lower,Return_10d,BB_Upper,OBV,Stochastic,Rolling_Volatility,MACD,MFI,MACD_Signal,ROC",BB_Lower
INFY,INFY.NS,2024-07-03,2024,7,1,Bull,0,0.6566,SELL,0,-1,0.5402,NO TRADE,0,10,"BB_Lower,Return_10d,BB_Upper,OBV,Stochastic,Rolling_Volatility,MACD,MFI,MACD_Signal,ROC",BB_Lower
INFY,INFY.NS,2024-07-04,2024,7,1,Bull,-1,0.5231,NO TRADE,0,0,0.5787,SELL,0,10,"BB_Lower,Return_10d,BB_Upper,OBV,Stochastic,Rolling_Volatility,MACD,MFI,MACD_Signal,ROC",BB_Lower
INFY,INFY.NS,2024-07-05,2024,7,1,Bull,0,0.5651,SELL,0,0,0.5758,SELL,0,10,"BB_Lower,Return_10d,BB_Upper,OBV,Stochastic,Rolling_Volatility,MACD,MFI,MACD_Signal,ROC",BB_Lower
INFY,INFY.NS,2024-07-08,2024,7,1,Bull,1,0.5686,BUY,1,-1,0.513,NO TRADE,0,10,"BB_Lower,Return_10d,BB_Upper,OBV,Stochastic,Rolling_Volatility,MACD,MFI,MACD_Signal,ROC",BB_Lower
INFY,INFY.NS,2024-07-09,2024,7,1,Bull,1,0.6579,BUY,1,1,0.5653,BUY,1,10,"BB_Lower,Return_10d,BB_Upper,OBV,Stochastic,Rolling_Volatility,MACD,MFI,MACD_Signal,ROC",BB_Lower
INFY,INFY.NS,2024-07-10,2024,7,1,Bull,1,0.6296,BUY,1,1,0.5755,BUY,1,10,"BB_Lower,Return_10d,BB_Upper,OBV,Stochastic,Rolling_Volatility,MACD,MFI,MACD_Signal,ROC",BB_Lower
INFY,INFY.NS,2024-07-11,2024,7,1,Bull,1,0.6454,BUY,1,0,0.57,SELL,0,10,"BB_Lower,Return_10d,BB_Upper,OBV,Stochastic,Rolling_Volatility,MACD,MFI,MACD_Signal,ROC",BB_Lower
INFY,INFY.NS,2024-07-12,2024,7,1,Bull,0,0.6593,SELL,0,-1,0.5155,NO TRADE,0,10,"BB_Lower,Return_10d,BB_Upper,OBV,Stochastic,Rolling_Volatility,MACD,MFI,MACD_Signal,ROC",BB_Lower
INFY,INFY.NS,2024-07-15,2024,7,1,Bull,0,0.6092,SELL,0,-1,0.5148,NO TRADE,0,10,"BB_Lower,Return_10d,BB_Upper,OBV,Stochastic,Rolling_Volatility,MACD,MFI,MACD_Signal,ROC",BB_Lower
INFY,INFY.NS,2024-07-16,2024,7,1,Bull,0,0.6723,SELL,0,0,0.5611,SELL,0,10,"BB_Lower,Return_10d,BB_Upper,OBV,Stochastic,Rolling_Volatility,MACD,MFI,MACD_Signal,ROC",BB_Lower
INFY,INFY.NS,2024-07-18,2024,7,1,Bull,-1,0.5257,NO TRADE,0,1,0.6938,BUY,1,10,"BB_Upper,Rolling_Volatility,MACD,BB_Lower,OBV,Volume_MA,MACD_Signal,MFI,Stochastic,RSI_14",BB_Upper
INFY,INFY.NS,2024-07-19,2024,7,1,Bull,0,0.74,SELL,0,0,0.59,SELL,0,10,"BB_Upper,Rolling_Volatility,MACD,BB_Lower,OBV,Volume_MA,MACD_Signal,MFI,Stochastic,RSI_14",BB_Upper
INFY,INFY.NS,2024-07-22,2024,7,1,Bull,0,0.6919,SELL,0,0,0.6012,SELL,0,10,"BB_Upper,Rolling_Volatility,MACD,BB_Lower,OBV,Volume_MA,MACD_Signal,MFI,Stochastic,RSI_14",BB_Upper
INFY,INFY.NS,2024-07-23,2024,7,1,Bull,0,0.7048,SELL,0,-1,0.5263,NO TRADE,0,10,"BB_Upper,Rolling_Volatility,MACD,BB_Lower,OBV,Volume_MA,MACD_Signal,MFI,Stochastic,RSI_14",BB_Upper
INFY,INFY.NS,2024-07-24,2024,7,1,Bull,0,0.7046,SELL,0,0,0.6166,SELL,0,10,"BB_Upper,Rolling_Volatility,MACD,BB_Lower,OBV,Volume_MA,MACD_Signal,MFI,Stochastic,RSI_14",BB_Upper
INFY,INFY.NS,2024-07-25,2024,7,1,Bull,0,0.6636,SELL,0,0,0.6356,SELL,0,10,"BB_Upper,Rolling_Volatility,MACD,BB_Lower,OBV,Volume_MA,MACD_Signal,MFI,Stochastic,RSI_14",BB_Upper
INFY,INFY.NS,2024-07-26,2024,7,0,Bull,0,0.7869,SELL,1,0,0.7198,SELL,1,10,"BB_Upper,Rolling_Volatility,MACD,BB_Lower,OBV,Volume_MA,MACD_Signal,MFI,Stochastic,RSI_14",BB_Upper
INFY,INFY.NS,2024-07-29,2024,7,1,Bull,0,0.7345,SELL,0,0,0.7135,SELL,0,10,"BB_Upper,Rolling_Volatility,MACD,BB_Lower,OBV,Volume_MA,MACD_Signal,MFI,Stochastic,RSI_14",BB_Upper
INFY,INFY.NS,2024-07-30,2024,7,1,Bull,0,0.6861,SELL,0,0,0.6675,SELL,0,10,"BB_Upper,Rolling_Volatility,MACD,BB_Lower,OBV,Volume_MA,MACD_Signal,MFI,Stochastic,RSI_14",BB_Upper
INFY,INFY.NS,2024-07-31,2024,7,1,Bull,0,0.6222,SELL,0,0,0.6474,SELL,0,10,"BB_Upper,Rolling_Volatility,MACD,BB_Lower,OBV,Volume_MA,MACD_Signal,MFI,Stochastic,RSI_14",BB_Upper
INFY,INFY.NS,2024-08-01,2024,8,1,Bull,0,0.7135,SELL,0,0,0.7383,SELL,0,10,"BB_Upper,Rolling_Volatility,MACD,BB_Lower,OBV,Volume_MA,MACD_Signal,MFI,Stochastic,RSI_14",BB_Upper
INFY,INFY.NS,2024-08-02,2024,8,1,Bull,0,0.7787,SELL,0,0,0.8007,SELL,0,10,"BB_Upper,Rolling_Volatility,MACD,BB_Lower,OBV,Volume_MA,MACD_Signal,MFI,Stochastic,RSI_14",BB_Upper
INFY,INFY.NS,2024-08-05,2024,8,1,Bull,0,0.793,SELL,0,0,0.886,SELL,0,10,"BB_Upper,Rolling_Volatility,MACD,BB_Lower,OBV,Volume_MA,MACD_Signal,MFI,Stochastic,RSI_14",BB_Upper
INFY,INFY.NS,2024-08-06,2024,8,1,Bull,0,0.7603,SELL,0,0,0.8759,SELL,0,10,"BB_Upper,Rolling_Volatility,MACD,BB_Lower,OBV,Volume_MA,MACD_Signal,MFI,Stochastic,RSI_14",BB_Upper
INFY,INFY.NS,2024-08-07,2024,8,1,Bull,0,0.7779,SELL,0,0,0.8811,SELL,0,10,"BB_Upper,Rolling_Volatility,MACD,BB_Lower,OBV,Volume_MA,MACD_Signal,MFI,Stochastic,RSI_14",BB_Upper
INFY,INFY.NS,2024-08-08,2024,8,1,Bull,0,0.7614,SELL,0,0,0.8688,SELL,0,10,"BB_Upper,Rolling_Volatility,MACD,BB_Lower,OBV,Volume_MA,MACD_Signal,MFI,Stochastic,RSI_14",BB_Upper
INFY,INFY.NS,2024-08-09,2024,8,1,Bull,0,0.7189,SELL,0,0,0.9085,SELL,0,10,"BB_Upper,Rolling_Volatility,MACD,BB_Lower,OBV,Volume_MA,MACD_Signal,MFI,Stochastic,RSI_14",BB_Upper
INFY,INFY.NS,2024-08-12,2024,8,1,Bull,0,0.6669,SELL,0,0,0.9105,SELL,0,10,"BB_Upper,Rolling_Volatility,MACD,BB_Lower,OBV,Volume_MA,MACD_Signal,MFI,Stochastic,RSI_14",BB_Upper
INFY,INFY.NS,2024-08-13,2024,8,1,Bull,0,0.6837,SELL,0,0,0.9072,SELL,0,10,"BB_Upper,Rolling_Volatility,MACD,BB_Lower,OBV,Volume_MA,MACD_Signal,MFI,Stochastic,RSI_14",BB_Upper
INFY,INFY.NS,2024-08-14,2024,8,1,Bull,0,0.6943,SELL,0,0,0.8981,SELL,0,10,"BB_Upper,Rolling_Volatility,MACD,BB_Lower,OBV,Volume_MA,MACD_Signal,MFI,Stochastic,RSI_14",BB_Upper
INFY,INFY.NS,2024-08-16,2024,8,1,Bull,0,0.8647,SELL,0,0,0.8786,SELL,0,10,"BB_Upper,Rolling_Volatility,MACD,BB_Lower,OBV,Volume_MA,MACD_Signal,MFI,Stochastic,RSI_14",BB_Upper
INFY,INFY.NS,2024-08-19,2024,8,1,Bull,0,0.8415,SELL,0,0,0.7731,SELL,0,10,"BB_Upper,Rolling_Volatility,MACD,BB_Lower,OBV,Volume_MA,MACD_Signal,MFI,Stochastic,RSI_14",BB_Upper
INFY,INFY.NS,2024-08-20,2024,8,1,Bull,0,0.7775,SELL,0,0,0.6627,SELL,0,10,"BB_Upper,Rolling_Volatility,MACD,BB_Lower,OBV,Volume_MA,MACD_Signal,MFI,Stochastic,RSI_14",BB_Upper
INFY,INFY.NS,2024-08-21,2024,8,1,Bull,0,0.8168,SELL,0,0,0.7005,SELL,0,10,"BB_Upper,Rolling_Volatility,MACD,BB_Lower,OBV,Volume_MA,MACD_Signal,MFI,Stochastic,RSI_14",BB_Upper
INFY,INFY.NS,2024-08-22,2024,8,1,Bull,0,0.8697,SELL,0,0,0.6963,SELL,0,10,"BB_Upper,Rolling_Volatility,MACD,BB_Lower,OBV,Volume_MA,MACD_Signal,MFI,Stochastic,RSI_14",BB_Upper
INFY,INFY.NS,2024-08-23,2024,8,1,Bull,0,0.8762,SELL,0,0,0.701,SELL,0,10,"BB_Upper,Rolling_Volatility,MACD,BB_Lower,OBV,Volume_MA,MACD_Signal,MFI,Stochastic,RSI_14",BB_Upper
INFY,INFY.NS,2024-08-26,2024,8,1,Bull,0,0.872,SELL,0,0,0.7169,SELL,0,10,"BB_Upper,Rolling_Volatility,MACD,BB_Lower,OBV,Volume_MA,MACD_Signal,MFI,Stochastic,RSI_14",BB_Upper
INFY,INFY.NS,2024-08-27,2024,8,0,Bull,0,0.8755,SELL,1,0,0.7358,SELL,1,10,"BB_Upper,Rolling_Volatility,MACD,BB_Lower,OBV,Volume_MA,MACD_Signal,MFI,Stochastic,RSI_14",BB_Upper
INFY,INFY.NS,2024-08-28,2024,8,0,Bull,0,0.8963,SELL,1,0,0.7611,SELL,1,10,"BB_Upper,Rolling_Volatility,MACD,BB_Lower,OBV,Volume_MA,MACD_Signal,MFI,Stochastic,RSI_14",BB_Upper
INFY,INFY.NS,2024-08-29,2024,8,0,Bull,0,0.8621,SELL,1,0,0.7542,SELL,1,10,"BB_Upper,Rolling_Volatility,MACD,BB_Lower,OBV,Volume_MA,MACD_Signal,MFI,Stochastic,RSI_14",BB_Upper
INFY,INFY.NS,2024-08-30,2024,8,0,Bull,0,0.838,SELL,1,0,0.6946,SELL,1,10,"BB_Upper,Rolling_Volatility,MACD,BB_Lower,OBV,Volume_MA,MACD_Signal,MFI,Stochastic,RSI_14",BB_Upper
INFY,INFY.NS,2024-09-02,2024,9,0,Bull,0,0.8345,SELL,1,0,0.6767,SELL,1,10,"BB_Upper,Rolling_Volatility,MACD,BB_Lower,OBV,Volume_MA,MACD_Signal,MFI,Stochastic,RSI_14",BB_Upper
INFY,INFY.NS,2024-09-03,2024,9,0,Bull,0,0.768,SELL,1,0,0.6743,SELL,1,10,"BB_Upper,Rolling_Volatility,MACD,BB_Lower,OBV,Volume_MA,MACD_Signal,MFI,Stochastic,RSI_14",BB_Upper
INFY,INFY.NS,2024-09-04,2024,9,0,Bull,0,0.8616,SELL,1,0,0.7153,SELL,1,10,"BB_Upper,Rolling_Volatility,MACD,BB_Lower,OBV,Volume_MA,MACD_Signal,MFI,Stochastic,RSI_14",BB_Upper
INFY,INFY.NS,2024-09-05,2024,9,0,Bull,0,0.8343,SELL,1,0,0.7513,SELL,1,10,"BB_Upper,Rolling_Volatility,MACD,BB_Lower,OBV,Volume_MA,MACD_Signal,MFI,Stochastic,RSI_14",BB_Upper
INFY,INFY.NS,2024-09-06,2024,9,1,Bull,0,0.8851,SELL,0,0,0.6995,SELL,0,10,"BB_Upper,Rolling_Volatility,MACD,BB_Lower,OBV,Volume_MA,MACD_Signal,MFI,Stochastic,RSI_14",BB_Upper
INFY,INFY.NS,2024-09-09,2024,9,1,Bull,0,0.9045,SELL,0,0,0.8103,SELL,0,10,"BB_Upper,Rolling_Volatility,MACD,BB_Lower,OBV,Volume_MA,MACD_Signal,MFI,Stochastic,RSI_14",BB_Upper
INFY,INFY.NS,2024-09-10,2024,9,1,Bull,0,0.9166,SELL,0,0,0.7976,SELL,0,10,"BB_Upper,Rolling_Volatility,MACD,BB_Lower,OBV,Volume_MA,MACD_Signal,MFI,Stochastic,RSI_14",BB_Upper
INFY,INFY.NS,2024-09-11,2024,9,1,Bull,0,0.926,SELL,0,0,0.8084,SELL,0,10,"BB_Upper,Rolling_Volatility,MACD,BB_Lower,OBV,Volume_MA,MACD_Signal,MFI,Stochastic,RSI_14",BB_Upper
INFY,INFY.NS,2024-09-12,2024,9,0,Bull,0,0.9138,SELL,1,0,0.7951,SELL,1,10,"BB_Upper,Rolling_Volatility,MACD,BB_Lower,OBV,Volume_MA,MACD_Signal,MFI,Stochastic,RSI_14",BB_Upper
INFY,INFY.NS,2024-09-13,2024,9,1,Bull,0,0.9145,SELL,0,0,0.7111,SELL,0,10,"BB_Upper,Rolling_Volatility,MACD,BB_Lower,OBV,Volume_MA,MACD_Signal,MFI,Stochastic,RSI_14",BB_Upper
INFY,INFY.NS,2024-09-16,2024,9,1,Bull,0,0.8864,SELL,0,0,0.7009,SELL,0,10,"BB_Upper,Rolling_Volatility,MACD,BB_Lower,OBV,Volume_MA,MACD_Signal,MFI,Stochastic,RSI_14",BB_Upper
INFY,INFY.NS,2024-09-17,2024,9,0,Bull,0,0.8533,SELL,1,0,0.7138,SELL,1,10,"BB_Upper,Rolling_Volatility,MACD,BB_Lower,OBV,Volume_MA,MACD_Signal,MFI,Stochastic,RSI_14",BB_Upper
INFY,INFY.NS,2024-09-18,2024,9,1,Bull,0,0.9064,SELL,0,0,0.7647,SELL,0,10,"BB_Upper,Rolling_Volatility,MACD,BB_Lower,OBV,Volume_MA,MACD_Signal,MFI,Stochastic,RSI_14",BB_Upper
INFY,INFY.NS,2024-09-19,2024,9,0,Bull,0,0.8988,SELL,1,0,0.8024,SELL,1,10,"BB_Upper,Rolling_Volatility,MACD,BB_Lower,OBV,Volume_MA,MACD_Signal,MFI,Stochastic,RSI_14",BB_Upper
INFY,INFY.NS,2024-09-20,2024,9,0,Bull,0,0.8834,SELL,1,0,0.8211,SELL,1,10,"BB_Upper,Rolling_Volatility,MACD,BB_Lower,OBV,Volume_MA,MACD_Signal,MFI,Stochastic,RSI_14",BB_Upper
INFY,INFY.NS,2024-09-23,2024,9,0,Bull,0,0.8692,SELL,1,0,0.8222,SELL,1,10,"BB_Upper,Rolling_Volatility,MACD,BB_Lower,OBV,Volume_MA,MACD_Signal,MFI,Stochastic,RSI_14",BB_Upper
INFY,INFY.NS,2024-09-24,2024,9,0,Bull,0,0.8853,SELL,1,0,0.8351,SELL,1,10,"BB_Upper,Rolling_Volatility,MACD,BB_Lower,OBV,Volume_MA,MACD_Signal,MFI,Stochastic,RSI_14",BB_Upper
INFY,INFY.NS,2024-09-25,2024,9,0,Bull,0,0.8415,SELL,1,0,0.7887,SELL,1,10,"BB_Upper,Rolling_Volatility,MACD,BB_Lower,OBV,Volume_MA,MACD_Signal,MFI,Stochastic,RSI_14",BB_Upper
INFY,INFY.NS,2024-09-26,2024,9,0,Bull,0,0.8532,SELL,1,0,0.8238,SELL,1,10,"BB_Upper,Rolling_Volatility,MACD,BB_Lower,OBV,Volume_MA,MACD_Signal,MFI,Stochastic,RSI_14",BB_Upper
INFY,INFY.NS,2024-09-27,2024,9,0,Bull,0,0.9227,SELL,1,0,0.8883,SELL,1,10,"BB_Upper,Rolling_Volatility,MACD,BB_Lower,OBV,Volume_MA,MACD_Signal,MFI,Stochastic,RSI_14",BB_Upper
INFY,INFY.NS,2024-09-30,2024,9,0,Bull,0,0.8772,SELL,1,0,0.7371,SELL,1,10,"BB_Upper,Rolling_Volatility,MACD,BB_Lower,OBV,Volume_MA,MACD_Signal,MFI,Stochastic,RSI_14",BB_Upper
INFY,INFY.NS,2024-10-01,2024,10,0,Bull,0,0.8063,SELL,1,0,0.7526,SELL,1,10,"BB_Upper,Rolling_Volatility,MACD,BB_Lower,OBV,Volume_MA,MACD_Signal,MFI,Stochastic,RSI_14",BB_Upper
INFY,INFY.NS,2024-10-03,2024,10,0,Bull,0,0.6799,SELL,1,0,0.6083,SELL,1,10,"BB_Upper,Rolling_Volatility,MACD,BB_Lower,OBV,Volume_MA,MACD_Signal,MFI,Stochastic,RSI_14",BB_Upper
INFY,INFY.NS,2024-10-04,2024,10,0,Bull,0,0.7572,SELL,1,0,0.7212,SELL,1,10,"BB_Upper,Rolling_Volatility,MACD,BB_Lower,OBV,Volume_MA,MACD_Signal,MFI,Stochastic,RSI_14",BB_Upper
INFY,INFY.NS,2024-10-07,2024,10,0,Bull,0,0.7373,SELL,1,0,0.743,SELL,1,10,"BB_Upper,Rolling_Volatility,MACD,BB_Lower,OBV,Volume_MA,MACD_Signal,MFI,Stochastic,RSI_14",BB_Upper
INFY,INFY.NS,2024-10-08,2024,10,0,Bull,0,0.8345,SELL,1,0,0.9046,SELL,1,10,"BB_Upper,Rolling_Volatility,MACD,BB_Lower,OBV,Volume_MA,MACD_Signal,MFI,Stochastic,RSI_14",BB_Upper
INFY,INFY.NS,2024-10-09,2024,10,0,Bull,0,0.8022,SELL,1,0,0.9134,SELL,1,10,"BB_Upper,Rolling_Volatility,MACD,BB_Lower,OBV,Volume_MA,MACD_Signal,MFI,Stochastic,RSI_14",BB_Upper
INFY,INFY.NS,2024-10-10,2024,10,0,Bull,0,0.8161,SELL,1,0,0.8684,SELL,1,10,"BB_Upper,Rolling_Volatility,MACD,BB_Lower,OBV,Volume_MA,MACD_Signal,MFI,Stochastic,RSI_14",BB_Upper
INFY,INFY.NS,2024-10-11,2024,10,0,Bull,0,0.8172,SELL,1,0,0.8186,SELL,1,10,"BB_Upper,Rolling_Volatility,MACD,BB_Lower,OBV,Volume_MA,MACD_Signal,MFI,Stochastic,RSI_14",BB_Upper
INFY,INFY.NS,2024-10-14,2024,10,0,Bull,0,0.8652,SELL,1,0,0.8669,SELL,1,10,"MACD_Signal,BB_Upper,BB_Lower,ADX,MACD_Hist,ROC,MACD,Rolling_Volatility,CCI,Return_10d",MACD_Signal
INFY,INFY.NS,2024-10-15,2024,10,0,Bull,0,0.8645,SELL,1,0,0.8614,SELL,1,10,"MACD_Signal,BB_Upper,BB_Lower,ADX,MACD_Hist,ROC,MACD,Rolling_Volatility,CCI,Return_10d",MACD_Signal
INFY,INFY.NS,2024-10-16,2024,10,0,Bull,0,0.8595,SELL,1,0,0.865,SELL,1,10,"MACD_Signal,BB_Upper,BB_Lower,ADX,MACD_Hist,ROC,MACD,Rolling_Volatility,CCI,Return_10d",MACD_Signal
INFY,INFY.NS,2024-10-17,2024,10,0,Bull,0,0.8892,SELL,1,0,0.8774,SELL,1,10,"MACD_Signal,BB_Upper,BB_Lower,ADX,MACD_Hist,ROC,MACD,Rolling_Volatility,CCI,Return_10d",MACD_Signal
INFY,INFY.NS,2024-10-18,2024,10,0,Bull,0,0.8138,SELL,1,0,0.6798,SELL,1,10,"MACD_Signal,BB_Upper,BB_Lower,ADX,MACD_Hist,ROC,MACD,Rolling_Volatility,CCI,Return_10d",MACD_Signal
INFY,INFY.NS,2024-10-21,2024,10,0,Bull,0,0.7169,SELL,1,0,0.767,SELL,1,10,"MACD_Signal,BB_Upper,BB_Lower,ADX,MACD_Hist,ROC,MACD,Rolling_Volatility,CCI,Return_10d",MACD_Signal
INFY,INFY.NS,2024-10-22,2024,10,1,Bull,0,0.6778,SELL,0,0,0.8523,SELL,0,10,"MACD_Signal,BB_Upper,BB_Lower,ADX,MACD_Hist,ROC,MACD,Rolling_Volatility,CCI,Return_10d",MACD_Signal
INFY,INFY.NS,2024-10-23,2024,10,1,Bull,0,0.5945,SELL,0,0,0.8209,SELL,0,10,"MACD_Signal,BB_Upper,BB_Lower,ADX,MACD_Hist,ROC,MACD,Rolling_Volatility,CCI,Return_10d",MACD_Signal
INFY,INFY.NS,2024-10-24,2024,10,1,Bull,-1,0.5315,NO TRADE,0,0,0.7812,SELL,0,10,"MACD_Signal,BB_Upper,BB_Lower,ADX,MACD_Hist,ROC,MACD,Rolling_Volatility,CCI,Return_10d",MACD_Signal
INFY,INFY.NS,2024-10-25,2024,10,1,Bull,0,0.6182,SELL,0,0,0.8226,SELL,0,10,"MACD_Signal,BB_Upper,BB_Lower,ADX,MACD_Hist,ROC,MACD,Rolling_Volatility,CCI,Return_10d",MACD_Signal
INFY,INFY.NS,2024-10-28,2024,10,1,Bull,0,0.6929,SELL,0,0,0.8693,SELL,0,10,"MACD_Signal,BB_Upper,BB_Lower,ADX,MACD_Hist,ROC,MACD,Rolling_Volatility,CCI,Return_10d",MACD_Signal
INFY,INFY.NS,2024-10-29,2024,10,1,Sideways,0,0.6212,SELL,0,0,0.8798,SELL,0,10,"MACD_Signal,BB_Upper,BB_Lower,ADX,MACD_Hist,ROC,MACD,Rolling_Volatility,CCI,Return_10d",MACD_Signal
INFY,INFY.NS,2024-10-30,2024,10,1,Sideways,0,0.6992,SELL,0,0,0.8725,SELL,0,10,"MACD_Signal,BB_Upper,BB_Lower,ADX,MACD_Hist,ROC,MACD,Rolling_Volatility,CCI,Return_10d",MACD_Signal
INFY,INFY.NS,2024-10-31,2024,10,1,Sideways,0,0.6844,SELL,0,0,0.8477,SELL,0,10,"MACD_Signal,BB_Upper,BB_Lower,ADX,MACD_Hist,ROC,MACD,Rolling_Volatility,CCI,Return_10d",MACD_Signal
INFY,INFY.NS,2024-11-01,2024,11,1,Bear,0,0.6003,SELL,0,0,0.7678,SELL,0,10,"MACD_Signal,BB_Upper,BB_Lower,ADX,MACD_Hist,ROC,MACD,Rolling_Volatility,CCI,Return_10d",MACD_Signal
INFY,INFY.NS,2024-11-04,2024,11,1,Bear,0,0.7404,SELL,0,0,0.7546,SELL,0,10,"MACD_Signal,BB_Upper,BB_Lower,ADX,MACD_Hist,ROC,MACD,Rolling_Volatility,CCI,Return_10d",MACD_Signal
INFY,INFY.NS,2024-11-05,2024,11,1,Bear,0,0.8057,SELL,0,0,0.7793,SELL,0,10,"MACD_Signal,BB_Upper,BB_Lower,ADX,MACD_Hist,ROC,MACD,Rolling_Volatility,CCI,Return_10d",MACD_Signal
INFY,INFY.NS,2024-11-06,2024,11,1,Bear,0,0.5807,SELL,0,-1,0.5483,NO TRADE,0,10,"MACD_Signal,BB_Upper,BB_Lower,ADX,MACD_Hist,ROC,MACD,Rolling_Volatility,CCI,Return_10d",MACD_Signal
INFY,INFY.NS,2024-11-07,2024,11,1,Sideways,1,0.5945,BUY,1,1,0.7043,BUY,1,10,"MACD_Signal,BB_Upper,BB_Lower,ADX,MACD_Hist,ROC,MACD,Rolling_Volatility,CCI,Return_10d",MACD_Signal
INFY,INFY.NS,2024-11-08,2024,11,1,Bear,-1,0.5435,NO TRADE,0,1,0.6221,BUY,1,10,"MACD_Signal,BB_Upper,BB_Lower,ADX,MACD_Hist,ROC,MACD,Rolling_Volatility,CCI,Return_10d",MACD_Signal
INFY,INFY.NS,2024-11-11,2024,11,1,Bear,-1,0.5151,NO TRADE,0,1,0.6058,BUY,1,10,"MACD_Signal,BB_Upper,BB_Lower,ADX,MACD_Hist,ROC,MACD,Rolling_Volatility,CCI,Return_10d",MACD_Signal
INFY,INFY.NS,2024-11-12,2024,11,1,Bear,1,0.6415,BUY,1,1,0.623,BUY,1,10,"MACD_Signal,BB_Upper,BB_Lower,ADX,MACD_Hist,ROC,MACD,Rolling_Volatility,CCI,Return_10d",MACD_Signal
INFY,INFY.NS,2024-11-13,2024,11,1,Bear,1,0.5856,BUY,1,-1,0.5028,NO TRADE,0,10,"MACD_Signal,BB_Upper,BB_Lower,ADX,MACD_Hist,ROC,MACD,Rolling_Volatility,CCI,Return_10d",MACD_Signal
INFY,INFY.NS,2024-11-14,2024,11,1,Sideways,1,0.5593,BUY,1,0,0.5862,SELL,0,10,"MACD_Signal,BB_Upper,BB_Lower,ADX,MACD_Hist,ROC,MACD,Rolling_Volatility,CCI,Return_10d",MACD_Signal
INFY,INFY.NS,2024-11-18,2024,11,1,Sideways,0,0.5526,SELL,0,-1,0.5005,NO TRADE,0,10,"MACD_Signal,BB_Upper,BB_Lower,ADX,MACD_Hist,ROC,MACD,Rolling_Volatility,CCI,Return_10d",MACD_Signal
INFY,INFY.NS,2024-11-19,2024,11,1,Bear,-1,0.5326,NO TRADE,0,-1,0.5496,NO TRADE,0,10,"MACD_Signal,BB_Upper,BB_Lower,ADX,MACD_Hist,ROC,MACD,Rolling_Volatility,CCI,Return_10d",MACD_Signal
INFY,INFY.NS,2024-11-21,2024,11,1,Sideways,-1,0.5239,NO TRADE,0,0,0.641,SELL,0,10,"MACD_Signal,BB_Upper,BB_Lower,ADX,MACD_Hist,ROC,MACD,Rolling_Volatility,CCI,Return_10d",MACD_Signal
INFY,INFY.NS,2024-11-22,2024,11,1,Sideways,0,0.6553,SELL,0,-1,0.5237,NO TRADE,0,10,"MACD_Signal,BB_Upper,BB_Lower,ADX,MACD_Hist,ROC,MACD,Rolling_Volatility,CCI,Return_10d",MACD_Signal
INFY,INFY.NS,2024-11-25,2024,11,1,Sideways,1,0.5726,BUY,1,-1,0.5193,NO TRADE,0,10,"MACD_Signal,BB_Upper,BB_Lower,ADX,MACD_Hist,ROC,MACD,Rolling_Volatility,CCI,Return_10d",MACD_Signal
INFY,INFY.NS,2024-11-26,2024,11,0,Sideways,0,0.7129,SELL,1,0,0.7434,SELL,1,10,"MACD_Signal,BB_Upper,BB_Lower,ADX,MACD_Hist,ROC,MACD,Rolling_Volatility,CCI,Return_10d",MACD_Signal
INFY,INFY.NS,2024-11-27,2024,11,0,Sideways,0,0.6777,SELL,1,0,0.7402,SELL,1,10,"MACD_Signal,BB_Upper,BB_Lower,ADX,MACD_Hist,ROC,MACD,Rolling_Volatility,CCI,Return_10d",MACD_Signal
INFY,INFY.NS,2024-11-28,2024,11,1,Sideways,-1,0.5192,NO TRADE,0,-1,0.5229,NO TRADE,0,10,"MACD_Signal,BB_Upper,BB_Lower,ADX,MACD_Hist,ROC,MACD,Rolling_Volatility,CCI,Return_10d",MACD_Signal
INFY,INFY.NS,2024-11-29,2024,11,1,Bear,1,0.6027,BUY,1,-1,0.5015,NO TRADE,0,10,"MACD_Signal,BB_Upper,BB_Lower,ADX,MACD_Hist,ROC,MACD,Rolling_Volatility,CCI,Return_10d",MACD_Signal
INFY,INFY.NS,2024-12-02,2024,12,1,Bear,0,0.5582,SELL,0,-1,0.5346,NO TRADE,0,10,"MACD_Signal,BB_Upper,BB_Lower,ADX,MACD_Hist,ROC,MACD,Rolling_Volatility,CCI,Return_10d",MACD_Signal
