stock,stock_symbol,predict_date,year,month,actual_target,market_regime,static_pred,static_confidence,static_signal,static_correct,dynamic_pred,dynamic_confidence,dynamic_signal,dynamic_correct,n_dynamic_features,dynamic_features,top_mi_feature
HINDUNILVR,HINDUNILVR.NS,2022-01-03,2022,1,0,Bear,1,0.7156,BUY,0,1,0.8016,BUY,0,10,"MACD_Hist,OBV,BB_Upper,ADX,ATR_14,BB_Lower,Williams_R,MACD_Signal,Volume_MA,BB_Width",MACD_Hist
HINDUNILVR,HINDUNILVR.NS,2022-01-04,2022,1,0,Bear,0,0.5886,SELL,1,1,0.5801,BUY,0,10,"MACD_Hist,OBV,BB_Upper,ADX,ATR_14,BB_Lower,Williams_R,MACD_Signal,Volume_MA,BB_Width",MACD_Hist
HINDUNILVR,HINDUNILVR.NS,2022-01-05,2022,1,0,Sideways,0,0.6241,SELL,1,-1,0.5223,NO TRADE,0,10,"MACD_Hist,OBV,BB_Upper,ADX,ATR_14,BB_Lower,Williams_R,MACD_Signal,Volume_MA,BB_Width",MACD_Hist
HINDUNILVR,HINDUNILVR.NS,2022-01-06,2022,1,0,Sideways,0,0.6059,SELL,1,-1,0.5248,NO TRADE,0,10,"MACD_Hist,OBV,BB_Upper,ADX,ATR_14,BB_Lower,Williams_R,MACD_Signal,Volume_MA,BB_Width",MACD_Hist
HINDUNILVR,HINDUNILVR.NS,2022-01-07,2022,1,0,Sideways,0,0.7645,SELL,1,-1,0.5431,NO TRADE,0,10,"MACD_Hist,OBV,BB_Upper,ADX,ATR_14,BB_Lower,Williams_R,MACD_Signal,Volume_MA,BB_Width",MACD_Hist
HINDUNILVR,HINDUNILVR.NS,2022-01-10,2022,1,0,Sideways,0,0.6764,SELL,1,-1,0.5338,NO TRADE,0,10,"MACD_Hist,OBV,BB_Upper,ADX,ATR_14,BB_Lower,Williams_R,MACD_Signal,Volume_MA,BB_Width",MACD_Hist
HINDUNILVR,HINDUNILVR.NS,2022-01-11,2022,1,0,Sideways,0,0.6195,SELL,1,-1,0.547,NO TRADE,0,10,"MACD_Hist,OBV,BB_Upper,ADX,ATR_14,BB_Lower,Williams_R,MACD_Signal,Volume_MA,BB_Width",MACD_Hist
HINDUNILVR,HINDUNILVR.NS,2022-01-12,2022,1,0,Sideways,0,0.7177,SELL,1,-1,0.52,NO TRADE,0,10,"MACD_Hist,OBV,BB_Upper,ADX,ATR_14,BB_Lower,Williams_R,MACD_Signal,Volume_MA,BB_Width",MACD_Hist
HINDUNILVR,HINDUNILVR.NS,2022-01-13,2022,1,0,Sideways,0,0.733,SELL,1,0,0.6622,SELL,1,10,"MACD_Hist,OBV,BB_Upper,ADX,ATR_14,BB_Lower,Williams_R,MACD_Signal,Volume_MA,BB_Width",MACD_Hist
HINDUNILVR,HINDUNILVR.NS,2022-01-14,2022,1,0,Sideways,0,0.8024,SELL,1,0,0.7614,SELL,1,10,"MACD_Hist,OBV,BB_Upper,ADX,ATR_14,BB_Lower,Williams_R,MACD_Signal,Volume_MA,BB_Width",MACD_Hist
HINDUNILVR,HINDUNILVR.NS,2022-01-17,2022,1,0,Sideways,0,0.8529,SELL,1,0,0.779,SELL,1,10,"MACD_Hist,OBV,BB_Upper,ADX,ATR_14,BB_Lower,Williams_R,MACD_Signal,Volume_MA,BB_Width",MACD_Hist
HINDUNILVR,HINDUNILVR.NS,2022-01-18,2022,1,0,Sideways,0,0.801,SELL,1,0,0.6998,SELL,1,10,"MACD_Hist,OBV,BB_Upper,ADX,ATR_14,BB_Lower,Williams_R,MACD_Signal,Volume_MA,BB_Width",MACD_Hist
HINDUNILVR,HINDUNILVR.NS,2022-01-19,2022,1,0,Sideways,-1,0.5414,NO TRADE,0,-1,0.5166,NO TRADE,0,10,"MACD_Hist,OBV,BB_Upper,ADX,ATR_14,BB_Lower,Williams_R,MACD_Signal,Volume_MA,BB_Width",MACD_Hist
HINDUNILVR,HINDUNILVR.NS,2022-01-20,2022,1,1,Bear,1,0.64,BUY,1,1,0.5905,BUY,1,10,"MACD_Hist,OBV,BB_Upper,ADX,ATR_14,BB_Lower,Williams_R,MACD_Signal,Volume_MA,BB_Width",MACD_Hist
HINDUNILVR,HINDUNILVR.NS,2022-01-21,2022,1,0,Bear,0,0.83,SELL,1,0,0.8453,SELL,1,10,"MACD_Hist,OBV,BB_Upper,ADX,ATR_14,BB_Lower,Williams_R,MACD_Signal,Volume_MA,BB_Width",MACD_Hist
HINDUNILVR,HINDUNILVR.NS,2022-01-24,2022,1,0,Sideways,0,0.605,SELL,1,0,0.6687,SELL,1,10,"MACD_Hist,OBV,BB_Upper,ADX,ATR_14,BB_Lower,Williams_R,MACD_Signal,Volume_MA,BB_Width",MACD_Hist
HINDUNILVR,HINDUNILVR.NS,2022-01-25,2022,1,0,Bear,0,0.8576,SELL,1,0,0.8814,SELL,1,10,"MACD_Hist,OBV,BB_Upper,ADX,ATR_14,BB_Lower,Williams_R,MACD_Signal,Volume_MA,BB_Width",MACD_Hist
HINDUNILVR,HINDUNILVR.NS,2022-01-27,2022,1,0,Bear,0,0.5822,SELL,1,0,0.6362,SELL,1,10,"MACD_Hist,OBV,BB_Upper,ADX,ATR_14,BB_Lower,Williams_R,MACD_Signal,Volume_MA,BB_Width",MACD_Hist
HINDUNILVR,HINDUNILVR.NS,2022-01-28,2022,1,0,Bear,0,0.595,SELL,1,0,0.6279,SELL,1,10,"MACD_Hist,OBV,BB_Upper,ADX,ATR_14,BB_Lower,Williams_R,MACD_Signal,Volume_MA,BB_Width",MACD_Hist
HINDUNILVR,HINDUNILVR.NS,2022-01-31,2022,1,0,Bear,0,0.5811,SELL,1,0,0.6301,SELL,1,10,"MACD_Hist,OBV,BB_Upper,ADX,ATR_14,BB_Lower,Williams_R,MACD_Signal,Volume_MA,BB_Width",MACD_Hist
HINDUNILVR,HINDUNILVR.NS,2022-02-01,2022,2,0,Bear,-1,0.5264,NO TRADE,0,0,0.6314,SELL,1,10,"MACD_Hist,OBV,BB_Upper,ADX,ATR_14,BB_Lower,Williams_R,MACD_Signal,Volume_MA,BB_Width",MACD_Hist
HINDUNILVR,HINDUNILVR.NS,2022-02-02,2022,2,0,Bear,0,0.5928,SELL,1,0,0.5959,SELL,1,10,"MACD_Hist,OBV,BB_Upper,ADX,ATR_14,BB_Lower,Williams_R,MACD_Signal,Volume_MA,BB_Width",MACD_Hist
HINDUNILVR,HINDUNILVR.NS,2022-02-03,2022,2,0,Sideways,-1,0.5274,NO TRADE,0,0,0.5757,SELL,1,10,"MACD_Hist,OBV,BB_Upper,ADX,ATR_14,BB_Lower,Williams_R,MACD_Signal,Volume_MA,BB_Width",MACD_Hist
HINDUNILVR,HINDUNILVR.NS,2022-02-04,2022,2,0,Bear,-1,0.5014,NO TRADE,0,-1,0.5422,NO TRADE,0,10,"MACD_Hist,OBV,BB_Upper,ADX,ATR_14,BB_Lower,Williams_R,MACD_Signal,Volume_MA,BB_Width",MACD_Hist
HINDUNILVR,HINDUNILVR.NS,2022-02-07,2022,2,0,Sideways,1,0.6268,BUY,0,-1,0.5182,NO TRADE,0,10,"MACD_Hist,OBV,BB_Upper,ADX,ATR_14,BB_Lower,Williams_R,MACD_Signal,Volume_MA,BB_Width",MACD_Hist
HINDUNILVR,HINDUNILVR.NS,2022-02-08,2022,2,0,Bear,0,0.591,SELL,1,1,0.5974,BUY,0,10,"OBV,BB_Lower,Return_5d,MACD_Hist,CCI,ADX,Rolling_Std_10,BB_Upper,Rolling_Median_Return,Stochastic",OBV
HINDUNILVR,HINDUNILVR.NS,2022-02-09,2022,2,0,Sideways,0,0.6621,SELL,1,1,0.5633,BUY,0,10,"OBV,BB_Lower,Return_5d,MACD_Hist,CCI,ADX,Rolling_Std_10,BB_Upper,Rolling_Median_Return,Stochastic",OBV
HINDUNILVR,HINDUNILVR.NS,2022-02-10,2022,2,0,Sideways,0,0.8738,SELL,1,0,0.8064,SELL,1,10,"OBV,BB_Lower,Return_5d,MACD_Hist,CCI,ADX,Rolling_Std_10,BB_Upper,Rolling_Median_Return,Stochastic",OBV
HINDUNILVR,HINDUNILVR.NS,2022-02-11,2022,2,0,Sideways,0,0.5737,SELL,1,-1,0.5469,NO TRADE,0,10,"OBV,BB_Lower,Return_5d,MACD_Hist,CCI,ADX,Rolling_Std_10,BB_Upper,Rolling_Median_Return,Stochastic",OBV
HINDUNILVR,HINDUNILVR.NS,2022-02-14,2022,2,0,Bear,1,0.5544,BUY,0,1,0.6668,BUY,0,10,"OBV,BB_Lower,Return_5d,MACD_Hist,CCI,ADX,Rolling_Std_10,BB_Upper,Rolling_Median_Return,Stochastic",OBV
HINDUNILVR,HINDUNILVR.NS,2022-02-15,2022,2,0,Bear,-1,0.5196,NO TRADE,0,1,0.5607,BUY,0,10,"OBV,BB_Lower,Return_5d,MACD_Hist,CCI,ADX,Rolling_Std_10,BB_Upper,Rolling_Median_Return,Stochastic",OBV
HINDUNILVR,HINDUNILVR.NS,2022-02-16,2022,2,0,Sideways,0,0.5812,SELL,1,-1,0.531,NO TRADE,0,10,"OBV,BB_Lower,Return_5d,MACD_Hist,CCI,ADX,Rolling_Std_10,BB_Upper,Rolling_Median_Return,Stochastic",OBV
HINDUNILVR,HINDUNILVR.NS,2022-02-17,2022,2,0,Sideways,0,0.6496,SELL,1,-1,0.5132,NO TRADE,0,10,"OBV,BB_Lower,Return_5d,MACD_Hist,CCI,ADX,Rolling_Std_10,BB_Upper,Rolling_Median_Return,Stochastic",OBV
HINDUNILVR,HINDUNILVR.NS,2022-02-18,2022,2,0,Sideways,0,0.5921,SELL,1,-1,0.5087,NO TRADE,0,10,"OBV,BB_Lower,Return_5d,MACD_Hist,CCI,ADX,Rolling_Std_10,BB_Upper,Rolling_Median_Return,Stochastic",OBV
HINDUNILVR,HINDUNILVR.NS,2022-02-21,2022,2,0,Sideways,-1,0.5213,NO TRADE,0,1,0.5594,BUY,0,10,"OBV,BB_Lower,Return_5d,MACD_Hist,CCI,ADX,Rolling_Std_10,BB_Upper,Rolling_Median_Return,Stochastic",OBV
HINDUNILVR,HINDUNILVR.NS,2022-02-22,2022,2,0,Sideways,-1,0.5059,NO TRADE,0,1,0.5689,BUY,0,10,"OBV,BB_Lower,Return_5d,MACD_Hist,CCI,ADX,Rolling_Std_10,BB_Upper,Rolling_Median_Return,Stochastic",OBV
HINDUNILVR,HINDUNILVR.NS,2022-02-23,2022,2,0,Sideways,-1,0.5103,NO TRADE,0,-1,0.5398,NO TRADE,0,10,"OBV,BB_Lower,Return_5d,MACD_Hist,CCI,ADX,Rolling_Std_10,BB_Upper,Rolling_Median_Return,Stochastic",OBV
HINDUNILVR,HINDUNILVR.NS,2022-02-24,2022,2,0,Sideways,1,0.6881,BUY,0,1,0.5729,BUY,0,10,"OBV,BB_Lower,Return_5d,MACD_Hist,CCI,ADX,Rolling_Std_10,BB_Upper,Rolling_Median_Return,Stochastic",OBV
HINDUNILVR,HINDUNILVR.NS,2022-02-25,2022,2,0,Bear,1,0.6785,BUY,0,1,0.6944,BUY,0,10,"OBV,BB_Lower,Return_5d,MACD_Hist,CCI,ADX,Rolling_Std_10,BB_Upper,Rolling_Median_Return,Stochastic",OBV
HINDUNILVR,HINDUNILVR.NS,2022-02-28,2022,2,0,Bear,1,0.699,BUY,0,1,0.6477,BUY,0,10,"OBV,BB_Lower,Return_5d,MACD_Hist,CCI,ADX,Rolling_Std_10,BB_Upper,Rolling_Median_Return,Stochastic",OBV
HINDUNILVR,HINDUNILVR.NS,2022-03-02,2022,3,0,Sideways,1,0.6713,BUY,0,1,0.6785,BUY,0,10,"OBV,BB_Lower,Return_5d,MACD_Hist,CCI,ADX,Rolling_Std_10,BB_Upper,Rolling_Median_Return,Stochastic",OBV
HINDUNILVR,HINDUNILVR.NS,2022-03-03,2022,3,0,Bear,1,0.8402,BUY,0,1,0.761,BUY,0,10,"OBV,BB_Lower,Return_5d,MACD_Hist,CCI,ADX,Rolling_Std_10,BB_Upper,Rolling_Median_Return,Stochastic",OBV
HINDUNILVR,HINDUNILVR.NS,2022-03-04,2022,3,1,Bear,1,0.87,BUY,1,1,0.92,BUY,1,10,"OBV,BB_Lower,Return_5d,MACD_Hist,CCI,ADX,Rolling_Std_10,BB_Upper,Rolling_Median_Return,Stochastic",OBV
HINDUNILVR,HINDUNILVR.NS,2022-03-07,2022,3,1,Bear,1,0.8838,BUY,1,1,0.9352,BUY,1,10,"OBV,BB_Lower,Return_5d,MACD_Hist,CCI,ADX,Rolling_Std_10,BB_Upper,Rolling_Median_Return,Stochastic",OBV
HINDUNILVR,HINDUNILVR.NS,2022-03-08,2022,3,1,Bear,1,0.8958,BUY,1,1,0.941,BUY,1,10,"OBV,BB_Lower,Return_5d,MACD_Hist,CCI,ADX,Rolling_Std_10,BB_Upper,Rolling_Median_Return,Stochastic",OBV
HINDUNILVR,HINDUNILVR.NS,2022-03-09,2022,3,1,Bear,1,0.9044,BUY,1,1,0.9449,BUY,1,10,"OBV,BB_Lower,Return_5d,MACD_Hist,CCI,ADX,Rolling_Std_10,BB_Upper,Rolling_Median_Return,Stochastic",OBV
HINDUNILVR,HINDUNILVR.NS,2022-03-10,2022,3,1,Bear,1,0.8934,BUY,1,1,0.8778,BUY,1,10,"OBV,BB_Lower,Return_5d,MACD_Hist,CCI,ADX,Rolling_Std_10,BB_Upper,Rolling_Median_Return,Stochastic",OBV
HINDUNILVR,HINDUNILVR.NS,2022-03-11,2022,3,1,Bear,1,0.9208,BUY,1,1,0.9209,BUY,1,10,"OBV,BB_Lower,Return_5d,MACD_Hist,CCI,ADX,Rolling_Std_10,BB_Upper,Rolling_Median_Return,Stochastic",OBV
HINDUNILVR,HINDUNILVR.NS,2022-03-14,2022,3,1,Bear,1,0.9186,BUY,1,1,0.8874,BUY,1,10,"OBV,BB_Lower,Return_5d,MACD_Hist,CCI,ADX,Rolling_Std_10,BB_Upper,Rolling_Median_Return,Stochastic",OBV
HINDUNILVR,HINDUNILVR.NS,2022-03-15,2022,3,1,Bear,1,0.9244,BUY,1,1,0.9095,BUY,1,10,"OBV,BB_Lower,Return_5d,MACD_Hist,CCI,ADX,Rolling_Std_10,BB_Upper,Rolling_Median_Return,Stochastic",OBV
HINDUNILVR,HINDUNILVR.NS,2022-03-16,2022,3,1,Bear,1,0.8942,BUY,1,1,0.9001,BUY,1,10,"OBV,BB_Lower,Return_5d,MACD_Hist,CCI,ADX,Rolling_Std_10,BB_Upper,Rolling_Median_Return,Stochastic",OBV
HINDUNILVR,HINDUNILVR.NS,2022-03-17,2022,3,1,Bear,1,0.8534,BUY,1,1,0.9142,BUY,1,10,"OBV,BB_Lower,Return_5d,MACD_Hist,CCI,ADX,Rolling_Std_10,BB_Upper,Rolling_Median_Return,Stochastic",OBV
HINDUNILVR,HINDUNILVR.NS,2022-03-21,2022,3,1,Bear,1,0.9108,BUY,1,1,0.9086,BUY,1,10,"OBV,BB_Lower,Return_5d,MACD_Hist,CCI,ADX,Rolling_Std_10,BB_Upper,Rolling_Median_Return,Stochastic",OBV
HINDUNILVR,HINDUNILVR.NS,2022-03-22,2022,3,1,Bear,1,0.9209,BUY,1,1,0.9171,BUY,1,10,"OBV,BB_Lower,Return_5d,MACD_Hist,CCI,ADX,Rolling_Std_10,BB_Upper,Rolling_Median_Return,Stochastic",OBV
HINDUNILVR,HINDUNILVR.NS,2022-03-23,2022,3,1,Bear,1,0.8728,BUY,1,1,0.912,BUY,1,10,"OBV,BB_Lower,Return_5d,MACD_Hist,CCI,ADX,Rolling_Std_10,BB_Upper,Rolling_Median_Return,Stochastic",OBV
HINDUNILVR,HINDUNILVR.NS,2022-03-24,2022,3,1,Bear,1,0.8942,BUY,1,1,0.9379,BUY,1,10,"OBV,BB_Lower,Return_5d,MACD_Hist,CCI,ADX,Rolling_Std_10,BB_Upper,Rolling_Median_Return,Stochastic",OBV
HINDUNILVR,HINDUNILVR.NS,2022-03-25,2022,3,1,Bear,1,0.9212,BUY,1,1,0.9369,BUY,1,10,"OBV,BB_Lower,Return_5d,MACD_Hist,CCI,ADX,Rolling_Std_10,BB_Upper,Rolling_Median_Return,Stochastic",OBV
HINDUNILVR,HINDUNILVR.NS,2022-03-28,2022,3,1,Bear,1,0.9059,BUY,1,1,0.922,BUY,1,10,"OBV,BB_Lower,Return_5d,MACD_Hist,CCI,ADX,Rolling_Std_10,BB_Upper,Rolling_Median_Return,Stochastic",OBV
HINDUNILVR,HINDUNILVR.NS,2022-03-29,2022,3,1,Bear,1,0.9267,BUY,1,1,0.8959,BUY,1,10,"OBV,BB_Lower,Return_5d,MACD_Hist,CCI,ADX,Rolling_Std_10,BB_Upper,Rolling_Median_Return,Stochastic",OBV
HINDUNILVR,HINDUNILVR.NS,2022-03-30,2022,3,1,Bear,1,0.9078,BUY,1,1,0.9272,BUY,1,10,"OBV,BB_Lower,Return_5d,MACD_Hist,CCI,ADX,Rolling_Std_10,BB_Upper,Rolling_Median_Return,Stochastic",OBV
HINDUNILVR,HINDUNILVR.NS,2022-03-31,2022,3,1,Bear,1,0.8798,BUY,1,1,0.8926,BUY,1,10,"OBV,BB_Lower,Return_5d,MACD_Hist,CCI,ADX,Rolling_Std_10,BB_Upper,Rolling_Median_Return,Stochastic",OBV
HINDUNILVR,HINDUNILVR.NS,2022-04-01,2022,4,1,Bear,1,0.9115,BUY,1,1,0.8905,BUY,1,10,"OBV,BB_Lower,Return_5d,MACD_Hist,CCI,ADX,Rolling_Std_10,BB_Upper,Rolling_Median_Return,Stochastic",OBV
HINDUNILVR,HINDUNILVR.NS,2022-04-04,2022,4,1,Bear,1,0.8634,BUY,1,1,0.8578,BUY,1,10,"OBV,BB_Lower,Return_5d,MACD_Hist,CCI,ADX,Rolling_Std_10,BB_Upper,Rolling_Median_Return,Stochastic",OBV
HINDUNILVR,HINDUNILVR.NS,2022-04-05,2022,4,1,Bear,1,0.8534,BUY,1,1,0.8427,BUY,1,10,"OBV,BB_Lower,Return_5d,MACD_Hist,CCI,ADX,Rolling_Std_10,BB_Upper,Rolling_Median_Return,Stochastic",OBV
HINDUNILVR,HINDUNILVR.NS,2022-04-06,2022,4,0,Bear,1,0.8659,BUY,0,1,0.8369,BUY,0,10,"OBV,BB_Lower,Return_5d,MACD_Hist,CCI,ADX,Rolling_Std_10,BB_Upper,Rolling_Median_Return,Stochastic",OBV
HINDUNILVR,HINDUNILVR.NS,2022-04-07,2022,4,1,Bear,1,0.7799,BUY,1,1,0.8499,BUY,1,10,"OBV,BB_Lower,Return_5d,MACD_Hist,CCI,ADX,Rolling_Std_10,BB_Upper,Rolling_Median_Return,Stochastic",OBV
HINDUNILVR,HINDUNILVR.NS,2022-04-08,2022,4,0,Bear,1,0.752,BUY,0,1,0.8333,BUY,0,10,"OBV,BB_Lower,Return_5d,MACD_Hist,CCI,ADX,Rolling_Std_10,BB_Upper,Rolling_Median_Return,Stochastic",OBV
HINDUNILVR,HINDUNILVR.NS,2022-04-11,2022,4,0,Bear,1,0.8673,BUY,0,1,0.7993,BUY,0,10,"OBV,BB_Lower,Return_5d,MACD_Hist,CCI,ADX,Rolling_Std_10,BB_Upper,Rolling_Median_Return,Stochastic",OBV
HINDUNILVR,HINDUNILVR.NS,2022-04-12,2022,4,1,Bear,1,0.8562,BUY,1,1,0.7511,BUY,1,10,"OBV,BB_Lower,Return_5d,MACD_Hist,CCI,ADX,Rolling_Std_10,BB_Upper,Rolling_Median_Return,Stochastic",OBV
HINDUNILVR,HINDUNILVR.NS,2022-04-13,2022,4,1,Bear,1,0.7324,BUY,1,1,0.7679,BUY,1,10,"OBV,BB_Lower,Return_5d,MACD_Hist,CCI,ADX,Rolling_Std_10,BB_Upper,Rolling_Median_Return,Stochastic",OBV
HINDUNILVR,HINDUNILVR.NS,2022-04-18,2022,4,1,Bear,1,0.7354,BUY,1,1,0.7656,BUY,1,10,"OBV,BB_Lower,Return_5d,MACD_Hist,CCI,ADX,Rolling_Std_10,BB_Upper,Rolling_Median_Return,Stochastic",OBV
HINDUNILVR,HINDUNILVR.NS,2022-04-19,2022,4,1,Bear,1,0.8978,BUY,1,1,0.8262,BUY,1,10,"OBV,BB_Lower,Return_5d,MACD_Hist,CCI,ADX,Rolling_Std_10,BB_Upper,Rolling_Median_Return,Stochastic",OBV
HINDUNILVR,HINDUNILVR.NS,2022-04-20,2022,4,1,Bear,1,0.8489,BUY,1,1,0.8354,BUY,1,10,"OBV,BB_Lower,Return_5d,MACD_Hist,CCI,ADX,Rolling_Std_10,BB_Upper,Rolling_Median_Return,Stochastic",OBV
HINDUNILVR,HINDUNILVR.NS,2022-04-21,2022,4,1,Bear,1,0.8447,BUY,1,1,0.8877,BUY,1,10,"OBV,BB_Lower,Return_5d,MACD_Hist,CCI,ADX,Rolling_Std_10,BB_Upper,Rolling_Median_Return,Stochastic",OBV
HINDUNILVR,HINDUNILVR.NS,2022-04-22,2022,4,1,Bear,1,0.884,BUY,1,1,0.8587,BUY,1,10,"OBV,BB_Lower,Return_5d,MACD_Hist,CCI,ADX,Rolling_Std_10,BB_Upper,Rolling_Median_Return,Stochastic",OBV
HINDUNILVR,HINDUNILVR.NS,2022-04-25,2022,4,1,Bear,1,0.9076,BUY,1,1,0.8616,BUY,1,10,"OBV,BB_Lower,Return_5d,MACD_Hist,CCI,ADX,Rolling_Std_10,BB_Upper,Rolling_Median_Return,Stochastic",OBV
HINDUNILVR,HINDUNILVR.NS,2022-04-26,2022,4,1,Bear,1,0.8057,BUY,1,1,0.7995,BUY,1,10,"OBV,BB_Lower,Return_5d,MACD_Hist,CCI,ADX,Rolling_Std_10,BB_Upper,Rolling_Median_Return,Stochastic",OBV
HINDUNILVR,HINDUNILVR.NS,2022-04-27,2022,4,1,Bear,1,0.7958,BUY,1,1,0.8064,BUY,1,10,"OBV,BB_Lower,Return_5d,MACD_Hist,CCI,ADX,Rolling_Std_10,BB_Upper,Rolling_Median_Return,Stochastic",OBV
HINDUNILVR,HINDUNILVR.NS,2022-04-28,2022,4,1,Bear,1,0.8477,BUY,1,1,0.8778,BUY,1,10,"OBV,BB_Lower,Return_5d,MACD_Hist,CCI,ADX,Rolling_Std_10,BB_Upper,Rolling_Median_Return,Stochastic",OBV
HINDUNILVR,HINDUNILVR.NS,2022-04-29,2022,4,1,Sideways,1,0.9165,BUY,1,1,0.9211,BUY,1,10,"OBV,BB_Lower,Return_5d,MACD_Hist,CCI,ADX,Rolling_Std_10,BB_Upper,Rolling_Median_Return,Stochastic",OBV
HINDUNILVR,HINDUNILVR.NS,2022-05-02,2022,5,1,Sideways,1,0.9098,BUY,1,1,0.9203,BUY,1,10,"OBV,BB_Lower,Return_5d,MACD_Hist,CCI,ADX,Rolling_Std_10,BB_Upper,Rolling_Median_Return,Stochastic",OBV
HINDUNILVR,HINDUNILVR.NS,2022-05-04,2022,5,1,Sideways,1,0.9063,BUY,1,1,0.8806,BUY,1,10,"OBV,BB_Lower,Return_5d,MACD_Hist,CCI,ADX,Rolling_Std_10,BB_Upper,Rolling_Median_Return,Stochastic",OBV
HINDUNILVR,HINDUNILVR.NS,2022-05-05,2022,5,1,Bear,1,0.9063,BUY,1,1,0.8609,BUY,1,10,"OBV,BB_Lower,Return_5d,MACD_Hist,CCI,ADX,Rolling_Std_10,BB_Upper,Rolling_Median_Return,Stochastic",OBV
HINDUNILVR,HINDUNILVR.NS,2022-05-06,2022,5,1,Bear,1,0.8967,BUY,1,1,0.8666,BUY,1,10,"OBV,BB_Lower,Return_5d,MACD_Hist,CCI,ADX,Rolling_Std_10,BB_Upper,Rolling_Median_Return,Stochastic",OBV
HINDUNILVR,HINDUNILVR.NS,2022-05-09,2022,5,1,Bear,1,0.8162,BUY,1,1,0.881,BUY,1,10,"OBV,BB_Lower,Return_5d,MACD_Hist,CCI,ADX,Rolling_Std_10,BB_Upper,Rolling_Median_Return,Stochastic",OBV
HINDUNILVR,HINDUNILVR.NS,2022-05-10,2022,5,1,Bear,1,0.8746,BUY,1,1,0.9217,BUY,1,10,"OBV,MACD_Hist,BB_Upper,ADX,Rolling_Volatility,MACD,BB_Lower,Williams_R,Volume_MA,Return_5d",OBV
HINDUNILVR,HINDUNILVR.NS,2022-05-11,2022,5,1,Bear,1,0.8899,BUY,1,1,0.9096,BUY,1,10,"OBV,MACD_Hist,BB_Upper,ADX,Rolling_Volatility,MACD,BB_Lower,Williams_R,Volume_MA,Return_5d",OBV
HINDUNILVR,HINDUNILVR.NS,2022-05-12,2022,5,1,Bear,1,0.8794,BUY,1,1,0.9201,BUY,1,10,"OBV,MACD_Hist,BB_Upper,ADX,Rolling_Volatility,MACD,BB_Lower,Williams_R,Volume_MA,Return_5d",OBV
HINDUNILVR,HINDUNILVR.NS,2022-05-13,2022,5,1,Sideways,1,0.8726,BUY,1,1,0.9056,BUY,1,10,"OBV,MACD_Hist,BB_Upper,ADX,Rolling_Volatility,MACD,BB_Lower,Williams_R,Volume_MA,Return_5d",OBV
HINDUNILVR,HINDUNILVR.NS,2022-05-16,2022,5,0,Sideways,1,0.9285,BUY,0,1,0.913,BUY,0,10,"OBV,MACD_Hist,BB_Upper,ADX,Rolling_Volatility,MACD,BB_Lower,Williams_R,Volume_MA,Return_5d",OBV
HINDUNILVR,HINDUNILVR.NS,2022-05-17,2022,5,0,Sideways,1,0.9302,BUY,0,1,0.9234,BUY,0,10,"OBV,MACD_Hist,BB_Upper,ADX,Rolling_Volatility,MACD,BB_Lower,Williams_R,Volume_MA,Return_5d",OBV
HINDUNILVR,HINDUNILVR.NS,2022-05-18,2022,5,0,Sideways,1,0.9318,BUY,0,1,0.9044,BUY,0,10,"OBV,MACD_Hist,BB_Upper,ADX,Rolling_Volatility,MACD,BB_Lower,Williams_R,Volume_MA,Return_5d",OBV
HINDUNILVR,HINDUNILVR.NS,2022-05-19,2022,5,0,Bull,1,0.942,BUY,0,1,0.9053,BUY,0,10,"OBV,MACD_Hist,BB_Upper,ADX,Rolling_Volatility,MACD,BB_Lower,Williams_R,Volume_MA,Return_5d",OBV
HINDUNILVR,HINDUNILVR.NS,2022-05-20,2022,5,0,Bull,1,0.8733,BUY,0,1,0.8958,BUY,0,10,"OBV,MACD_Hist,BB_Upper,ADX,Rolling_Volatility,MACD,BB_Lower,Williams_R,Volume_MA,Return_5d",OBV
HINDUNILVR,HINDUNILVR.NS,2022-05-23,2022,5,0,Bull,1,0.718,BUY,0,1,0.8123,BUY,0,10,"OBV,MACD_Hist,BB_Upper,ADX,Rolling_Volatility,MACD,BB_Lower,Williams_R,Volume_MA,Return_5d",OBV
HINDUNILVR,HINDUNILVR.NS,2022-05-24,2022,5,0,Bull,1,0.7486,BUY,0,1,0.7626,BUY,0,10,"OBV,MACD_Hist,BB_Upper,ADX,Rolling_Volatility,MACD,BB_Lower,Williams_R,Volume_MA,Return_5d",OBV
HINDUNILVR,HINDUNILVR.NS,2022-05-25,2022,5,0,Bull,1,0.7056,BUY,0,1,0.7425,BUY,0,10,"OBV,MACD_Hist,BB_Upper,ADX,Rolling_Volatility,MACD,BB_Lower,Williams_R,Volume_MA,Return_5d",OBV
HINDUNILVR,HINDUNILVR.NS,2022-05-26,2022,5,0,Bull,1,0.6634,BUY,0,1,0.7462,BUY,0,10,"OBV,MACD_Hist,BB_Upper,ADX,Rolling_Volatility,MACD,BB_Lower,Williams_R,Volume_MA,Return_5d",OBV
HINDUNILVR,HINDUNILVR.NS,2022-05-27,2022,5,0,Bull,0,0.5504,SELL,1,1,0.5634,BUY,0,10,"OBV,MACD_Hist,BB_Upper,ADX,Rolling_Volatility,MACD,BB_Lower,Williams_R,Volume_MA,Return_5d",OBV
HINDUNILVR,HINDUNILVR.NS,2022-05-30,2022,5,0,Bull,0,0.5835,SELL,1,-1,0.5191,NO TRADE,0,10,"OBV,MACD_Hist,BB_Upper,ADX,Rolling_Volatility,MACD,BB_Lower,Williams_R,Volume_MA,Return_5d",OBV
HINDUNILVR,HINDUNILVR.NS,2022-05-31,2022,5,0,Bull,1,0.5535,BUY,0,-1,0.5336,NO TRADE,0,10,"OBV,MACD_Hist,BB_Upper,ADX,Rolling_Volatility,MACD,BB_Lower,Williams_R,Volume_MA,Return_5d",OBV
HINDUNILVR,HINDUNILVR.NS,2022-06-01,2022,6,0,Bull,0,0.5906,SELL,1,0,0.5645,SELL,1,10,"OBV,MACD_Hist,BB_Upper,ADX,Rolling_Volatility,MACD,BB_Lower,Williams_R,Volume_MA,Return_5d",OBV
HINDUNILVR,HINDUNILVR.NS,2022-06-02,2022,6,0,Bull,0,0.5843,SELL,1,0,0.6049,SELL,1,10,"OBV,MACD_Hist,BB_Upper,ADX,Rolling_Volatility,MACD,BB_Lower,Williams_R,Volume_MA,Return_5d",OBV
HINDUNILVR,HINDUNILVR.NS,2022-06-03,2022,6,1,Bull,-1,0.5281,NO TRADE,0,0,0.6455,SELL,0,10,"OBV,MACD_Hist,BB_Upper,ADX,Rolling_Volatility,MACD,BB_Lower,Williams_R,Volume_MA,Return_5d",OBV
HINDUNILVR,HINDUNILVR.NS,2022-06-06,2022,6,1,Bull,0,0.5759,SELL,0,0,0.6721,SELL,0,10,"OBV,MACD_Hist,BB_Upper,ADX,Rolling_Volatility,MACD,BB_Lower,Williams_R,Volume_MA,Return_5d",OBV
HINDUNILVR,HINDUNILVR.NS,2022-06-07,2022,6,1,Bull,-1,0.547,NO TRADE,0,-1,0.5136,NO TRADE,0,10,"OBV,MACD_Hist,BB_Upper,ADX,Rolling_Volatility,MACD,BB_Lower,Williams_R,Volume_MA,Return_5d",OBV
HINDUNILVR,HINDUNILVR.NS,2022-06-08,2022,6,1,Bull,-1,0.5381,NO TRADE,0,-1,0.5228,NO TRADE,0,10,"OBV,MACD_Hist,BB_Upper,ADX,Rolling_Volatility,MACD,BB_Lower,Williams_R,Volume_MA,Return_5d",OBV
HINDUNILVR,HINDUNILVR.NS,2022-06-09,2022,6,1,Bull,-1,0.508,NO TRADE,0,-1,0.5232,NO TRADE,0,10,"OBV,MACD_Hist,BB_Upper,ADX,Rolling_Volatility,MACD,BB_Lower,Williams_R,Volume_MA,Return_5d",OBV
HINDUNILVR,HINDUNILVR.NS,2022-06-10,2022,6,1,Bull,0,0.677,SELL,0,0,0.5585,SELL,0,10,"OBV,MACD_Hist,BB_Upper,ADX,Rolling_Volatility,MACD,BB_Lower,Williams_R,Volume_MA,Return_5d",OBV
HINDUNILVR,HINDUNILVR.NS,2022-06-13,2022,6,1,Bull,-1,0.5463,NO TRADE,0,1,0.6675,BUY,1,10,"OBV,MACD_Hist,BB_Upper,ADX,Rolling_Volatility,MACD,BB_Lower,Williams_R,Volume_MA,Return_5d",OBV
HINDUNILVR,HINDUNILVR.NS,2022-06-14,2022,6,1,Bull,1,0.6224,BUY,1,1,0.7272,BUY,1,10,"OBV,MACD_Hist,BB_Upper,ADX,Rolling_Volatility,MACD,BB_Lower,Williams_R,Volume_MA,Return_5d",OBV
HINDUNILVR,HINDUNILVR.NS,2022-06-15,2022,6,1,Bull,1,0.6305,BUY,1,1,0.7082,BUY,1,10,"OBV,MACD_Hist,BB_Upper,ADX,Rolling_Volatility,MACD,BB_Lower,Williams_R,Volume_MA,Return_5d",OBV
HINDUNILVR,HINDUNILVR.NS,2022-06-16,2022,6,1,Bull,1,0.7328,BUY,1,1,0.6896,BUY,1,10,"OBV,MACD_Hist,BB_Upper,ADX,Rolling_Volatility,MACD,BB_Lower,Williams_R,Volume_MA,Return_5d",OBV
HINDUNILVR,HINDUNILVR.NS,2022-06-17,2022,6,1,Sideways,1,0.7885,BUY,1,1,0.7962,BUY,1,10,"OBV,MACD_Hist,BB_Upper,ADX,Rolling_Volatility,MACD,BB_Lower,Williams_R,Volume_MA,Return_5d",OBV
HINDUNILVR,HINDUNILVR.NS,2022-06-20,2022,6,1,Sideways,1,0.8497,BUY,1,1,0.8601,BUY,1,10,"OBV,MACD_Hist,BB_Upper,ADX,Rolling_Volatility,MACD,BB_Lower,Williams_R,Volume_MA,Return_5d",OBV
HINDUNILVR,HINDUNILVR.NS,2022-06-21,2022,6,1,Bull,1,0.8714,BUY,1,1,0.8514,BUY,1,10,"OBV,MACD_Hist,BB_Upper,ADX,Rolling_Volatility,MACD,BB_Lower,Williams_R,Volume_MA,Return_5d",OBV
HINDUNILVR,HINDUNILVR.NS,2022-06-22,2022,6,1,Bull,1,0.8856,BUY,1,1,0.8567,BUY,1,10,"OBV,MACD_Hist,BB_Upper,ADX,Rolling_Volatility,MACD,BB_Lower,Williams_R,Volume_MA,Return_5d",OBV
HINDUNILVR,HINDUNILVR.NS,2022-06-23,2022,6,1,Bull,1,0.9272,BUY,1,1,0.9035,BUY,1,10,"OBV,MACD_Hist,BB_Upper,ADX,Rolling_Volatility,MACD,BB_Lower,Williams_R,Volume_MA,Return_5d",OBV
HINDUNILVR,HINDUNILVR.NS,2022-06-24,2022,6,1,Bull,1,0.894,BUY,1,1,0.8693,BUY,1,10,"OBV,MACD_Hist,BB_Upper,ADX,Rolling_Volatility,MACD,BB_Lower,Williams_R,Volume_MA,Return_5d",OBV
HINDUNILVR,HINDUNILVR.NS,2022-06-27,2022,6,1,Bull,1,0.8985,BUY,1,1,0.8458,BUY,1,10,"OBV,MACD_Hist,BB_Upper,ADX,Rolling_Volatility,MACD,BB_Lower,Williams_R,Volume_MA,Return_5d",OBV
HINDUNILVR,HINDUNILVR.NS,2022-06-28,2022,6,1,Bull,1,0.8916,BUY,1,1,0.8219,BUY,1,10,"OBV,MACD_Hist,BB_Upper,ADX,Rolling_Volatility,MACD,BB_Lower,Williams_R,Volume_MA,Return_5d",OBV
HINDUNILVR,HINDUNILVR.NS,2022-06-29,2022,6,1,Bull,1,0.8723,BUY,1,1,0.8229,BUY,1,10,"OBV,MACD_Hist,BB_Upper,ADX,Rolling_Volatility,MACD,BB_Lower,Williams_R,Volume_MA,Return_5d",OBV
HINDUNILVR,HINDUNILVR.NS,2022-06-30,2022,6,1,Bull,1,0.8423,BUY,1,1,0.8326,BUY,1,10,"OBV,MACD_Hist,BB_Upper,ADX,Rolling_Volatility,MACD,BB_Lower,Williams_R,Volume_MA,Return_5d",OBV
HINDUNILVR,HINDUNILVR.NS,2022-07-01,2022,7,1,Bull,1,0.8545,BUY,1,1,0.8583,BUY,1,10,"OBV,MACD_Hist,BB_Upper,ADX,Rolling_Volatility,MACD,BB_Lower,Williams_R,Volume_MA,Return_5d",OBV
HINDUNILVR,HINDUNILVR.NS,2022-07-04,2022,7,1,Bull,1,0.8811,BUY,1,1,0.8829,BUY,1,10,"OBV,MACD_Hist,BB_Upper,ADX,Rolling_Volatility,MACD,BB_Lower,Williams_R,Volume_MA,Return_5d",OBV
HINDUNILVR,HINDUNILVR.NS,2022-07-05,2022,7,1,Bull,1,0.6992,BUY,1,1,0.8159,BUY,1,10,"OBV,MACD_Hist,BB_Upper,ADX,Rolling_Volatility,MACD,BB_Lower,Williams_R,Volume_MA,Return_5d",OBV
HINDUNILVR,HINDUNILVR.NS,2022-07-06,2022,7,1,Bull,1,0.6328,BUY,1,1,0.735,BUY,1,10,"OBV,MACD_Hist,BB_Upper,ADX,Rolling_Volatility,MACD,BB_Lower,Williams_R,Volume_MA,Return_5d",OBV
HINDUNILVR,HINDUNILVR.NS,2022-07-07,2022,7,1,Bull,1,0.7609,BUY,1,1,0.7366,BUY,1,10,"OBV,MACD_Hist,BB_Upper,ADX,Rolling_Volatility,MACD,BB_Lower,Williams_R,Volume_MA,Return_5d",OBV
HINDUNILVR,HINDUNILVR.NS,2022-07-08,2022,7,1,Bull,1,0.5745,BUY,1,1,0.6122,BUY,1,10,"OBV,MACD_Hist,BB_Upper,ADX,Rolling_Volatility,MACD,BB_Lower,Williams_R,Volume_MA,Return_5d",OBV
HINDUNILVR,HINDUNILVR.NS,2022-07-11,2022,7,1,Bull,1,0.5957,BUY,1,0,0.5516,SELL,0,10,"OBV,MACD_Hist,BB_Upper,ADX,Rolling_Volatility,MACD,BB_Lower,Williams_R,Volume_MA,Return_5d",OBV
HINDUNILVR,HINDUNILVR.NS,2022-07-12,2022,7,1,Bull,1,0.5667,BUY,1,0,0.5809,SELL,0,10,"OBV,MACD_Hist,BB_Upper,ADX,Rolling_Volatility,MACD,BB_Lower,Williams_R,Volume_MA,Return_5d",OBV
HINDUNILVR,HINDUNILVR.NS,2022-07-13,2022,7,1,Bull,0,0.6653,SELL,0,0,0.6435,SELL,0,10,"OBV,MACD_Hist,BB_Upper,ADX,Rolling_Volatility,MACD,BB_Lower,Williams_R,Volume_MA,Return_5d",OBV
HINDUNILVR,HINDUNILVR.NS,2022-07-14,2022,7,1,Bull,0,0.5957,SELL,0,0,0.6982,SELL,0,10,"OBV,MACD_Hist,BB_Upper,ADX,Rolling_Volatility,MACD,BB_Lower,Williams_R,Volume_MA,Return_5d",OBV
HINDUNILVR,HINDUNILVR.NS,2022-07-15,2022,7,1,Bull,0,0.8054,SELL,0,0,0.826,SELL,0,10,"OBV,MACD_Hist,BB_Upper,ADX,Rolling_Volatility,MACD,BB_Lower,Williams_R,Volume_MA,Return_5d",OBV
HINDUNILVR,HINDUNILVR.NS,2022-07-18,2022,7,1,Bull,0,0.6042,SELL,0,0,0.7861,SELL,0,10,"OBV,MACD_Hist,BB_Upper,ADX,Rolling_Volatility,MACD,BB_Lower,Williams_R,Volume_MA,Return_5d",OBV
HINDUNILVR,HINDUNILVR.NS,2022-07-19,2022,7,1,Bull,0,0.6796,SELL,0,0,0.807,SELL,0,10,"OBV,MACD_Hist,BB_Upper,ADX,Rolling_Volatility,MACD,BB_Lower,Williams_R,Volume_MA,Return_5d",OBV
HINDUNILVR,HINDUNILVR.NS,2022-07-20,2022,7,1,Bull,0,0.7819,SELL,0,0,0.8281,SELL,0,10,"OBV,MACD_Hist,BB_Upper,ADX,Rolling_Volatility,MACD,BB_Lower,Williams_R,Volume_MA,Return_5d",OBV
HINDUNILVR,HINDUNILVR.NS,2022-07-21,2022,7,1,Bull,0,0.8184,SELL,0,0,0.8997,SELL,0,10,"OBV,MACD_Hist,BB_Upper,ADX,Rolling_Volatility,MACD,BB_Lower,Williams_R,Volume_MA,Return_5d",OBV
HINDUNILVR,HINDUNILVR.NS,2022-07-22,2022,7,0,Bull,0,0.9284,SELL,1,0,0.9518,SELL,1,10,"OBV,MACD_Hist,BB_Upper,ADX,Rolling_Volatility,MACD,BB_Lower,Williams_R,Volume_MA,Return_5d",OBV
HINDUNILVR,HINDUNILVR.NS,2022-07-25,2022,7,0,Bull,0,0.8541,SELL,1,0,0.9195,SELL,1,10,"OBV,MACD_Hist,BB_Upper,ADX,Rolling_Volatility,MACD,BB_Lower,Williams_R,Volume_MA,Return_5d",OBV
HINDUNILVR,HINDUNILVR.NS,2022-07-26,2022,7,1,Bull,0,0.7797,SELL,0,0,0.84,SELL,0,10,"OBV,MACD_Hist,BB_Upper,ADX,Rolling_Volatility,MACD,BB_Lower,Williams_R,Volume_MA,Return_5d",OBV
HINDUNILVR,HINDUNILVR.NS,2022-07-27,2022,7,0,Bull,0,0.908,SELL,1,0,0.9185,SELL,1,10,"OBV,MACD_Hist,BB_Upper,ADX,Rolling_Volatility,MACD,BB_Lower,Williams_R,Volume_MA,Return_5d",OBV
HINDUNILVR,HINDUNILVR.NS,2022-07-28,2022,7,0,Bull,0,0.9343,SELL,1,0,0.9432,SELL,1,10,"OBV,MACD_Hist,BB_Upper,ADX,Rolling_Volatility,MACD,BB_Lower,Williams_R,Volume_MA,Return_5d",OBV
HINDUNILVR,HINDUNILVR.NS,2022-07-29,2022,7,1,Bull,0,0.9521,SELL,0,0,0.9588,SELL,0,10,"OBV,MACD_Hist,BB_Upper,ADX,Rolling_Volatility,MACD,BB_Lower,Williams_R,Volume_MA,Return_5d",OBV
HINDUNILVR,HINDUNILVR.NS,2022-08-01,2022,8,1,Bull,0,0.867,SELL,0,0,0.9482,SELL,0,10,"OBV,MACD_Hist,BB_Upper,ADX,Rolling_Volatility,MACD,BB_Lower,Williams_R,Volume_MA,Return_5d",OBV
HINDUNILVR,HINDUNILVR.NS,2022-08-02,2022,8,0,Bull,0,0.9054,SELL,1,0,0.9247,SELL,1,10,"OBV,BB_Upper,Rolling_Volatility,ADX,Rolling_Std_10,BB_Width,Rolling_Median_Return,MACD,MACD_Hist,Williams_R",OBV
HINDUNILVR,HINDUNILVR.NS,2022-08-03,2022,8,0,Bull,0,0.8221,SELL,1,0,0.879,SELL,1,10,"OBV,BB_Upper,Rolling_Volatility,ADX,Rolling_Std_10,BB_Width,Rolling_Median_Return,MACD,MACD_Hist,Williams_R",OBV
HINDUNILVR,HINDUNILVR.NS,2022-08-04,2022,8,0,Bull,0,0.8809,SELL,1,0,0.9238,SELL,1,10,"OBV,BB_Upper,Rolling_Volatility,ADX,Rolling_Std_10,BB_Width,Rolling_Median_Return,MACD,MACD_Hist,Williams_R",OBV
HINDUNILVR,HINDUNILVR.NS,2022-08-05,2022,8,0,Bull,0,0.9112,SELL,1,0,0.9232,SELL,1,10,"OBV,BB_Upper,Rolling_Volatility,ADX,Rolling_Std_10,BB_Width,Rolling_Median_Return,MACD,MACD_Hist,Williams_R",OBV
HINDUNILVR,HINDUNILVR.NS,2022-08-08,2022,8,0,Bull,0,0.8881,SELL,1,0,0.9281,SELL,1,10,"OBV,BB_Upper,Rolling_Volatility,ADX,Rolling_Std_10,BB_Width,Rolling_Median_Return,MACD,MACD_Hist,Williams_R",OBV
HINDUNILVR,HINDUNILVR.NS,2022-08-10,2022,8,0,Bull,0,0.9388,SELL,1,0,0.9588,SELL,1,10,"OBV,BB_Upper,Rolling_Volatility,ADX,Rolling_Std_10,BB_Width,Rolling_Median_Return,MACD,MACD_Hist,Williams_R",OBV
HINDUNILVR,HINDUNILVR.NS,2022-08-11,2022,8,0,Bull,0,0.9356,SELL,1,0,0.9696,SELL,1,10,"OBV,BB_Upper,Rolling_Volatility,ADX,Rolling_Std_10,BB_Width,Rolling_Median_Return,MACD,MACD_Hist,Williams_R",OBV
HINDUNILVR,HINDUNILVR.NS,2022-08-12,2022,8,0,Bull,0,0.9148,SELL,1,0,0.9393,SELL,1,10,"OBV,BB_Upper,Rolling_Volatility,ADX,Rolling_Std_10,BB_Width,Rolling_Median_Return,MACD,MACD_Hist,Williams_R",OBV
HINDUNILVR,HINDUNILVR.NS,2022-08-16,2022,8,0,Bull,0,0.9372,SELL,1,0,0.958,SELL,1,10,"OBV,BB_Upper,Rolling_Volatility,ADX,Rolling_Std_10,BB_Width,Rolling_Median_Return,MACD,MACD_Hist,Williams_R",OBV
HINDUNILVR,HINDUNILVR.NS,2022-08-17,2022,8,0,Bull,0,0.9493,SELL,1,0,0.966,SELL,1,10,"OBV,BB_Upper,Rolling_Volatility,ADX,Rolling_Std_10,BB_Width,Rolling_Median_Return,MACD,MACD_Hist,Williams_R",OBV
HINDUNILVR,HINDUNILVR.NS,2022-08-18,2022,8,0,Bull,0,0.9058,SELL,1,0,0.9623,SELL,1,10,"OBV,BB_Upper,Rolling_Volatility,ADX,Rolling_Std_10,BB_Width,Rolling_Median_Return,MACD,MACD_Hist,Williams_R",OBV
HINDUNILVR,HINDUNILVR.NS,2022-08-19,2022,8,0,Bull,0,0.8988,SELL,1,0,0.9529,SELL,1,10,"OBV,BB_Upper,Rolling_Volatility,ADX,Rolling_Std_10,BB_Width,Rolling_Median_Return,MACD,MACD_Hist,Williams_R",OBV
HINDUNILVR,HINDUNILVR.NS,2022-08-22,2022,8,0,Bull,0,0.8884,SELL,1,0,0.9292,SELL,1,10,"OBV,BB_Upper,Rolling_Volatility,ADX,Rolling_Std_10,BB_Width,Rolling_Median_Return,MACD,MACD_Hist,Williams_R",OBV
HINDUNILVR,HINDUNILVR.NS,2022-08-23,2022,8,1,Bull,0,0.6645,SELL,0,0,0.7555,SELL,0,10,"OBV,BB_Upper,Rolling_Volatility,ADX,Rolling_Std_10,BB_Width,Rolling_Median_Return,MACD,MACD_Hist,Williams_R",OBV
HINDUNILVR,HINDUNILVR.NS,2022-08-24,2022,8,1,Bull,0,0.5861,SELL,0,0,0.7414,SELL,0,10,"OBV,BB_Upper,Rolling_Volatility,ADX,Rolling_Std_10,BB_Width,Rolling_Median_Return,MACD,MACD_Hist,Williams_R",OBV
HINDUNILVR,HINDUNILVR.NS,2022-08-25,2022,8,1,Bull,0,0.5745,SELL,0,0,0.7031,SELL,0,10,"OBV,BB_Upper,Rolling_Volatility,ADX,Rolling_Std_10,BB_Width,Rolling_Median_Return,MACD,MACD_Hist,Williams_R",OBV
HINDUNILVR,HINDUNILVR.NS,2022-08-26,2022,8,1,Bull,-1,0.516,NO TRADE,0,0,0.6061,SELL,0,10,"OBV,BB_Upper,Rolling_Volatility,ADX,Rolling_Std_10,BB_Width,Rolling_Median_Return,MACD,MACD_Hist,Williams_R",OBV
HINDUNILVR,HINDUNILVR.NS,2022-08-29,2022,8,1,Bull,-1,0.5322,NO TRADE,0,0,0.567,SELL,0,10,"OBV,BB_Upper,Rolling_Volatility,ADX,Rolling_Std_10,BB_Width,Rolling_Median_Return,MACD,MACD_Hist,Williams_R",OBV
HINDUNILVR,HINDUNILVR.NS,2022-08-30,2022,8,1,Bull,0,0.6741,SELL,0,0,0.7769,SELL,0,10,"OBV,BB_Upper,Rolling_Volatility,ADX,Rolling_Std_10,BB_Width,Rolling_Median_Return,MACD,MACD_Hist,Williams_R",OBV
HINDUNILVR,HINDUNILVR.NS,2022-09-01,2022,9,1,Bull,-1,0.5399,NO TRADE,0,0,0.6604,SELL,0,10,"OBV,BB_Upper,Rolling_Volatility,ADX,Rolling_Std_10,BB_Width,Rolling_Median_Return,MACD,MACD_Hist,Williams_R",OBV
HINDUNILVR,HINDUNILVR.NS,2022-09-02,2022,9,1,Bull,-1,0.5151,NO TRADE,0,0,0.5947,SELL,0,10,"OBV,BB_Upper,Rolling_Volatility,ADX,Rolling_Std_10,BB_Width,Rolling_Median_Return,MACD,MACD_Hist,Williams_R",OBV
HINDUNILVR,HINDUNILVR.NS,2022-09-05,2022,9,1,Bull,-1,0.5054,NO TRADE,0,0,0.5788,SELL,0,10,"OBV,BB_Upper,Rolling_Volatility,ADX,Rolling_Std_10,BB_Width,Rolling_Median_Return,MACD,MACD_Hist,Williams_R",OBV
HINDUNILVR,HINDUNILVR.NS,2022-09-06,2022,9,1,Bull,-1,0.5349,NO TRADE,0,-1,0.5143,NO TRADE,0,10,"OBV,BB_Upper,Rolling_Volatility,ADX,Rolling_Std_10,BB_Width,Rolling_Median_Return,MACD,MACD_Hist,Williams_R",OBV
HINDUNILVR,HINDUNILVR.NS,2022-09-07,2022,9,1,Bull,1,0.5891,BUY,1,1,0.6396,BUY,1,10,"OBV,BB_Upper,Rolling_Volatility,ADX,Rolling_Std_10,BB_Width,Rolling_Median_Return,MACD,MACD_Hist,Williams_R",OBV
HINDUNILVR,HINDUNILVR.NS,2022-09-08,2022,9,1,Bull,1,0.5703,BUY,1,1,0.6346,BUY,1,10,"OBV,BB_Upper,Rolling_Volatility,ADX,Rolling_Std_10,BB_Width,Rolling_Median_Return,MACD,MACD_Hist,Williams_R",OBV
HINDUNILVR,HINDUNILVR.NS,2022-09-09,2022,9,1,Bull,-1,0.5215,NO TRADE,0,1,0.5829,BUY,1,10,"OBV,BB_Upper,Rolling_Volatility,ADX,Rolling_Std_10,BB_Width,Rolling_Median_Return,MACD,MACD_Hist,Williams_R",OBV
HINDUNILVR,HINDUNILVR.NS,2022-09-12,2022,9,0,Bull,-1,0.5051,NO TRADE,0,1,0.6338,BUY,0,10,"OBV,BB_Upper,Rolling_Volatility,ADX,Rolling_Std_10,BB_Width,Rolling_Median_Return,MACD,MACD_Hist,Williams_R",OBV
HINDUNILVR,HINDUNILVR.NS,2022-09-13,2022,9,1,Bull,-1,0.506,NO TRADE,0,1,0.5994,BUY,1,10,"OBV,BB_Upper,Rolling_Volatility,ADX,Rolling_Std_10,BB_Width,Rolling_Median_Return,MACD,MACD_Hist,Williams_R",OBV
HINDUNILVR,HINDUNILVR.NS,2022-09-14,2022,9,0,Bull,1,0.6891,BUY,0,1,0.7372,BUY,0,10,"OBV,BB_Upper,Rolling_Volatility,ADX,Rolling_Std_10,BB_Width,Rolling_Median_Return,MACD,MACD_Hist,Williams_R",OBV
HINDUNILVR,HINDUNILVR.NS,2022-09-15,2022,9,1,Bull,1,0.8193,BUY,1,1,0.8845,BUY,1,10,"OBV,BB_Upper,Rolling_Volatility,ADX,Rolling_Std_10,BB_Width,Rolling_Median_Return,MACD,MACD_Hist,Williams_R",OBV
HINDUNILVR,HINDUNILVR.NS,2022-09-16,2022,9,1,Bull,1,0.751,BUY,1,1,0.8169,BUY,1,10,"OBV,BB_Upper,Rolling_Volatility,ADX,Rolling_Std_10,BB_Width,Rolling_Median_Return,MACD,MACD_Hist,Williams_R",OBV
HINDUNILVR,HINDUNILVR.NS,2022-09-19,2022,9,1,Bull,1,0.7816,BUY,1,1,0.7755,BUY,1,10,"OBV,BB_Upper,Rolling_Volatility,ADX,Rolling_Std_10,BB_Width,Rolling_Median_Return,MACD,MACD_Hist,Williams_R",OBV
HINDUNILVR,HINDUNILVR.NS,2022-09-20,2022,9,0,Bull,1,0.741,BUY,0,1,0.8177,BUY,0,10,"OBV,BB_Upper,Rolling_Volatility,ADX,Rolling_Std_10,BB_Width,Rolling_Median_Return,MACD,MACD_Hist,Williams_R",OBV
HINDUNILVR,HINDUNILVR.NS,2022-09-21,2022,9,0,Bull,1,0.7839,BUY,0,1,0.8355,BUY,0,10,"OBV,BB_Upper,Rolling_Volatility,ADX,Rolling_Std_10,BB_Width,Rolling_Median_Return,MACD,MACD_Hist,Williams_R",OBV
HINDUNILVR,HINDUNILVR.NS,2022-09-22,2022,9,0,Bull,1,0.7967,BUY,0,1,0.8459,BUY,0,10,"OBV,BB_Upper,Rolling_Volatility,ADX,Rolling_Std_10,BB_Width,Rolling_Median_Return,MACD,MACD_Hist,Williams_R",OBV
HINDUNILVR,HINDUNILVR.NS,2022-09-23,2022,9,0,Bull,1,0.7195,BUY,0,1,0.5532,BUY,0,10,"OBV,BB_Upper,Rolling_Volatility,ADX,Rolling_Std_10,BB_Width,Rolling_Median_Return,MACD,MACD_Hist,Williams_R",OBV
HINDUNILVR,HINDUNILVR.NS,2022-09-26,2022,9,0,Bull,1,0.5882,BUY,0,-1,0.5166,NO TRADE,0,10,"OBV,BB_Upper,Rolling_Volatility,ADX,Rolling_Std_10,BB_Width,Rolling_Median_Return,MACD,MACD_Hist,Williams_R",OBV
HINDUNILVR,HINDUNILVR.NS,2022-09-27,2022,9,0,Bull,-1,0.5007,NO TRADE,0,0,0.56,SELL,1,10,"OBV,BB_Upper,Rolling_Volatility,ADX,Rolling_Std_10,BB_Width,Rolling_Median_Return,MACD,MACD_Hist,Williams_R",OBV
HINDUNILVR,HINDUNILVR.NS,2022-09-28,2022,9,0,Bull,-1,0.5131,NO TRADE,0,-1,0.5044,NO TRADE,0,10,"OBV,BB_Upper,Rolling_Volatility,ADX,Rolling_Std_10,BB_Width,Rolling_Median_Return,MACD,MACD_Hist,Williams_R",OBV
HINDUNILVR,HINDUNILVR.NS,2022-09-29,2022,9,0,Bull,-1,0.5386,NO TRADE,0,0,0.55,SELL,1,10,"OBV,BB_Upper,Rolling_Volatility,ADX,Rolling_Std_10,BB_Width,Rolling_Median_Return,MACD,MACD_Hist,Williams_R",OBV
HINDUNILVR,HINDUNILVR.NS,2022-09-30,2022,9,0,Bull,1,0.5658,BUY,0,0,0.5775,SELL,1,10,"OBV,BB_Upper,Rolling_Volatility,ADX,Rolling_Std_10,BB_Width,Rolling_Median_Return,MACD,MACD_Hist,Williams_R",OBV
HINDUNILVR,HINDUNILVR.NS,2022-10-03,2022,10,0,Bull,-1,0.5262,NO TRADE,0,-1,0.5095,NO TRADE,0,10,"OBV,BB_Upper,Rolling_Volatility,ADX,Rolling_Std_10,BB_Width,Rolling_Median_Return,MACD,MACD_Hist,Williams_R",OBV
HINDUNILVR,HINDUNILVR.NS,2022-10-04,2022,10,0,Sideways,-1,0.5058,NO TRADE,0,1,0.6346,BUY,0,10,"OBV,BB_Upper,Rolling_Volatility,ADX,Rolling_Std_10,BB_Width,Rolling_Median_Return,MACD,MACD_Hist,Williams_R",OBV
HINDUNILVR,HINDUNILVR.NS,2022-10-06,2022,10,0,Bull,1,0.7308,BUY,0,1,0.6717,BUY,0,10,"OBV,BB_Upper,Rolling_Volatility,ADX,Rolling_Std_10,BB_Width,Rolling_Median_Return,MACD,MACD_Hist,Williams_R",OBV
HINDUNILVR,HINDUNILVR.NS,2022-10-07,2022,10,0,Sideways,1,0.7827,BUY,0,1,0.6146,BUY,0,10,"OBV,BB_Upper,Rolling_Volatility,ADX,Rolling_Std_10,BB_Width,Rolling_Median_Return,MACD,MACD_Hist,Williams_R",OBV
HINDUNILVR,HINDUNILVR.NS,2022-10-10,2022,10,0,Sideways,1,0.7787,BUY,0,1,0.6381,BUY,0,10,"OBV,BB_Upper,Rolling_Volatility,ADX,Rolling_Std_10,BB_Width,Rolling_Median_Return,MACD,MACD_Hist,Williams_R",OBV
HINDUNILVR,HINDUNILVR.NS,2022-10-11,2022,10,0,Bull,1,0.5846,BUY,0,1,0.5859,BUY,0,10,"OBV,BB_Upper,Rolling_Volatility,ADX,Rolling_Std_10,BB_Width,Rolling_Median_Return,MACD,MACD_Hist,Williams_R",OBV
HINDUNILVR,HINDUNILVR.NS,2022-10-12,2022,10,0,Sideways,-1,0.5297,NO TRADE,0,-1,0.5368,NO TRADE,0,10,"OBV,BB_Upper,Rolling_Volatility,ADX,Rolling_Std_10,BB_Width,Rolling_Median_Return,MACD,MACD_Hist,Williams_R",OBV
HINDUNILVR,HINDUNILVR.NS,2022-10-13,2022,10,0,Sideways,0,0.6038,SELL,1,-1,0.5321,NO TRADE,0,10,"OBV,BB_Upper,Rolling_Volatility,ADX,Rolling_Std_10,BB_Width,Rolling_Median_Return,MACD,MACD_Hist,Williams_R",OBV
HINDUNILVR,HINDUNILVR.NS,2022-10-14,2022,10,0,Sideways,-1,0.5361,NO TRADE,0,-1,0.5246,NO TRADE,0,10,"OBV,BB_Upper,Rolling_Volatility,ADX,Rolling_Std_10,BB_Width,Rolling_Median_Return,MACD,MACD_Hist,Williams_R",OBV
HINDUNILVR,HINDUNILVR.NS,2022-10-17,2022,10,0,Sideways,0,0.5505,SELL,1,-1,0.5417,NO TRADE,0,10,"OBV,BB_Upper,Rolling_Volatility,ADX,Rolling_Std_10,BB_Width,Rolling_Median_Return,MACD,MACD_Hist,Williams_R",OBV
HINDUNILVR,HINDUNILVR.NS,2022-10-18,2022,10,0,Sideways,1,0.7498,BUY,0,1,0.7564,BUY,0,10,"OBV,BB_Upper,Rolling_Volatility,ADX,Rolling_Std_10,BB_Width,Rolling_Median_Return,MACD,MACD_Hist,Williams_R",OBV
HINDUNILVR,HINDUNILVR.NS,2022-10-19,2022,10,0,Sideways,1,0.8125,BUY,0,1,0.8126,BUY,0,10,"OBV,BB_Upper,Rolling_Volatility,ADX,Rolling_Std_10,BB_Width,Rolling_Median_Return,MACD,MACD_Hist,Williams_R",OBV
HINDUNILVR,HINDUNILVR.NS,2022-10-20,2022,10,0,Sideways,1,0.7924,BUY,0,1,0.8478,BUY,0,10,"OBV,BB_Upper,Rolling_Volatility,ADX,Rolling_Std_10,BB_Width,Rolling_Median_Return,MACD,MACD_Hist,Williams_R",OBV
HINDUNILVR,HINDUNILVR.NS,2022-10-21,2022,10,0,Sideways,1,0.8674,BUY,0,1,0.8584,BUY,0,10,"OBV,BB_Upper,Rolling_Volatility,ADX,Rolling_Std_10,BB_Width,Rolling_Median_Return,MACD,MACD_Hist,Williams_R",OBV
HINDUNILVR,HINDUNILVR.NS,2022-10-24,2022,10,0,Sideways,1,0.8467,BUY,0,1,0.8659,BUY,0,10,"OBV,BB_Upper,Rolling_Volatility,ADX,Rolling_Std_10,BB_Width,Rolling_Median_Return,MACD,MACD_Hist,Williams_R",OBV
HINDUNILVR,HINDUNILVR.NS,2022-10-25,2022,10,1,Sideways,1,0.8164,BUY,1,1,0.8835,BUY,1,10,"OBV,BB_Upper,Rolling_Volatility,ADX,Rolling_Std_10,BB_Width,Rolling_Median_Return,MACD,MACD_Hist,Williams_R",OBV
HINDUNILVR,HINDUNILVR.NS,2022-10-27,2022,10,1,Bear,1,0.8069,BUY,1,1,0.866,BUY,1,10,"OBV,BB_Upper,Rolling_Volatility,ADX,Rolling_Std_10,BB_Width,Rolling_Median_Return,MACD,MACD_Hist,Williams_R",OBV
HINDUNILVR,HINDUNILVR.NS,2022-10-28,2022,10,1,Bear,1,0.8436,BUY,1,1,0.8601,BUY,1,10,"OBV,BB_Upper,Rolling_Volatility,ADX,Rolling_Std_10,BB_Width,Rolling_Median_Return,MACD,MACD_Hist,Williams_R",OBV
HINDUNILVR,HINDUNILVR.NS,2022-10-31,2022,10,1,Bear,1,0.8257,BUY,1,1,0.8667,BUY,1,10,"OBV,BB_Upper,Rolling_Volatility,ADX,Rolling_Std_10,BB_Width,Rolling_Median_Return,MACD,MACD_Hist,Williams_R",OBV
HINDUNILVR,HINDUNILVR.NS,2022-11-01,2022,11,1,Bear,1,0.7975,BUY,1,1,0.7501,BUY,1,10,"OBV,Rolling_Volatility,BB_Upper,BB_Width,Return_10d,Stochastic,Williams_R,Rolling_Std_10,CCI,Volume_MA",OBV
HINDUNILVR,HINDUNILVR.NS,2022-11-02,2022,11,1,Bear,1,0.6712,BUY,1,1,0.61,BUY,1,10,"OBV,Rolling_Volatility,BB_Upper,BB_Width,Return_10d,Stochastic,Williams_R,Rolling_Std_10,CCI,Volume_MA",OBV
HINDUNILVR,HINDUNILVR.NS,2022-11-03,2022,11,1,Bear,1,0.7468,BUY,1,1,0.6449,BUY,1,10,"OBV,Rolling_Volatility,BB_Upper,BB_Width,Return_10d,Stochastic,Williams_R,Rolling_Std_10,CCI,Volume_MA",OBV
HINDUNILVR,HINDUNILVR.NS,2022-11-04,2022,11,1,Sideways,1,0.7876,BUY,1,1,0.6904,BUY,1,10,"OBV,Rolling_Volatility,BB_Upper,BB_Width,Return_10d,Stochastic,Williams_R,Rolling_Std_10,CCI,Volume_MA",OBV
HINDUNILVR,HINDUNILVR.NS,2022-11-07,2022,11,1,Sideways,1,0.8183,BUY,1,1,0.6411,BUY,1,10,"OBV,Rolling_Volatility,BB_Upper,BB_Width,Return_10d,Stochastic,Williams_R,Rolling_Std_10,CCI,Volume_MA",OBV
HINDUNILVR,HINDUNILVR.NS,2022-11-09,2022,11,1,Sideways,1,0.8024,BUY,1,1,0.6793,BUY,1,10,"OBV,Rolling_Volatility,BB_Upper,BB_Width,Return_10d,Stochastic,Williams_R,Rolling_Std_10,CCI,Volume_MA",OBV
HINDUNILVR,HINDUNILVR.NS,2022-11-10,2022,11,1,Sideways,1,0.7305,BUY,1,1,0.7108,BUY,1,10,"OBV,Rolling_Volatility,BB_Upper,BB_Width,Return_10d,Stochastic,Williams_R,Rolling_Std_10,CCI,Volume_MA",OBV
HINDUNILVR,HINDUNILVR.NS,2022-11-11,2022,11,1,Sideways,1,0.773,BUY,1,1,0.7561,BUY,1,10,"OBV,Rolling_Volatility,BB_Upper,BB_Width,Return_10d,Stochastic,Williams_R,Rolling_Std_10,CCI,Volume_MA",OBV
HINDUNILVR,HINDUNILVR.NS,2022-11-14,2022,11,1,Sideways,1,0.7185,BUY,1,1,0.6979,BUY,1,10,"OBV,Rolling_Volatility,BB_Upper,BB_Width,Return_10d,Stochastic,Williams_R,Rolling_Std_10,CCI,Volume_MA",OBV
HINDUNILVR,HINDUNILVR.NS,2022-11-15,2022,11,1,Bear,0,0.6005,SELL,0,-1,0.5338,NO TRADE,0,10,"OBV,Rolling_Volatility,BB_Upper,BB_Width,Return_10d,Stochastic,Williams_R,Rolling_Std_10,CCI,Volume_MA",OBV
HINDUNILVR,HINDUNILVR.NS,2022-11-16,2022,11,1,Bear,0,0.7432,SELL,0,0,0.6005,SELL,0,10,"OBV,Rolling_Volatility,BB_Upper,BB_Width,Return_10d,Stochastic,Williams_R,Rolling_Std_10,CCI,Volume_MA",OBV
HINDUNILVR,HINDUNILVR.NS,2022-11-17,2022,11,1,Bear,0,0.7299,SELL,0,0,0.5949,SELL,0,10,"OBV,Rolling_Volatility,BB_Upper,BB_Width,Return_10d,Stochastic,Williams_R,Rolling_Std_10,CCI,Volume_MA",OBV
HINDUNILVR,HINDUNILVR.NS,2022-11-18,2022,11,1,Bear,0,0.7825,SELL,0,0,0.6766,SELL,0,10,"OBV,Rolling_Volatility,BB_Upper,BB_Width,Return_10d,Stochastic,Williams_R,Rolling_Std_10,CCI,Volume_MA",OBV
HINDUNILVR,HINDUNILVR.NS,2022-11-21,2022,11,1,Sideways,0,0.8596,SELL,0,0,0.7122,SELL,0,10,"OBV,Rolling_Volatility,BB_Upper,BB_Width,Return_10d,Stochastic,Williams_R,Rolling_Std_10,CCI,Volume_MA",OBV
HINDUNILVR,HINDUNILVR.NS,2022-11-22,2022,11,1,Sideways,0,0.633,SELL,0,1,0.6759,BUY,1,10,"OBV,Rolling_Volatility,BB_Upper,BB_Width,Return_10d,Stochastic,Williams_R,Rolling_Std_10,CCI,Volume_MA",OBV
HINDUNILVR,HINDUNILVR.NS,2022-11-23,2022,11,1,Sideways,0,0.606,SELL,0,1,0.6825,BUY,1,10,"OBV,Rolling_Volatility,BB_Upper,BB_Width,Return_10d,Stochastic,Williams_R,Rolling_Std_10,CCI,Volume_MA",OBV
HINDUNILVR,HINDUNILVR.NS,2022-11-24,2022,11,1,Sideways,1,0.6081,BUY,1,1,0.7998,BUY,1,10,"OBV,Rolling_Volatility,BB_Upper,BB_Width,Return_10d,Stochastic,Williams_R,Rolling_Std_10,CCI,Volume_MA",OBV
HINDUNILVR,HINDUNILVR.NS,2022-11-25,2022,11,1,Sideways,1,0.8156,BUY,1,1,0.8593,BUY,1,10,"OBV,Rolling_Volatility,BB_Upper,BB_Width,Return_10d,Stochastic,Williams_R,Rolling_Std_10,CCI,Volume_MA",OBV
HINDUNILVR,HINDUNILVR.NS,2022-11-28,2022,11,1,Sideways,1,0.8427,BUY,1,1,0.8882,BUY,1,10,"OBV,Rolling_Volatility,BB_Upper,BB_Width,Return_10d,Stochastic,Williams_R,Rolling_Std_10,CCI,Volume_MA",OBV
HINDUNILVR,HINDUNILVR.NS,2022-11-29,2022,11,0,Sideways,1,0.6697,BUY,0,1,0.601,BUY,0,10,"OBV,Rolling_Volatility,BB_Upper,BB_Width,Return_10d,Stochastic,Williams_R,Rolling_Std_10,CCI,Volume_MA",OBV
HINDUNILVR,HINDUNILVR.NS,2022-11-30,2022,11,0,Bull,0,0.8121,SELL,1,0,0.78,SELL,1,10,"OBV,Rolling_Volatility,BB_Upper,BB_Width,Return_10d,Stochastic,Williams_R,Rolling_Std_10,CCI,Volume_MA",OBV
HINDUNILVR,HINDUNILVR.NS,2022-12-01,2022,12,0,Bull,0,0.717,SELL,1,0,0.7572,SELL,1,10,"OBV,Rolling_Volatility,BB_Upper,BB_Width,Return_10d,Stochastic,Williams_R,Rolling_Std_10,CCI,Volume_MA",OBV
HINDUNILVR,HINDUNILVR.NS,2022-12-02,2022,12,0,Bull,0,0.7805,SELL,1,0,0.873,SELL,1,10,"OBV,Rolling_Volatility,BB_Upper,BB_Width,Return_10d,Stochastic,Williams_R,Rolling_Std_10,CCI,Volume_MA",OBV
HINDUNILVR,HINDUNILVR.NS,2022-12-05,2022,12,0,Sideways,0,0.7308,SELL,1,0,0.8766,SELL,1,10,"OBV,Rolling_Volatility,BB_Upper,BB_Width,Return_10d,Stochastic,Williams_R,Rolling_Std_10,CCI,Volume_MA",OBV
HINDUNILVR,HINDUNILVR.NS,2022-12-06,2022,12,0,Sideways,0,0.795,SELL,1,0,0.8568,SELL,1,10,"OBV,Rolling_Volatility,BB_Upper,BB_Width,Return_10d,Stochastic,Williams_R,Rolling_Std_10,CCI,Volume_MA",OBV
HINDUNILVR,HINDUNILVR.NS,2022-12-07,2022,12,0,Sideways,0,0.8732,SELL,1,0,0.8554,SELL,1,10,"OBV,Rolling_Volatility,BB_Upper,BB_Width,Return_10d,Stochastic,Williams_R,Rolling_Std_10,CCI,Volume_MA",OBV
HINDUNILVR,HINDUNILVR.NS,2022-12-08,2022,12,0,Sideways,0,0.8027,SELL,1,0,0.8367,SELL,1,10,"OBV,Rolling_Volatility,BB_Upper,BB_Width,Return_10d,Stochastic,Williams_R,Rolling_Std_10,CCI,Volume_MA",OBV
HINDUNILVR,HINDUNILVR.NS,2022-12-09,2022,12,0,Bull,0,0.8758,SELL,1,0,0.8392,SELL,1,10,"OBV,Rolling_Volatility,BB_Upper,BB_Width,Return_10d,Stochastic,Williams_R,Rolling_Std_10,CCI,Volume_MA",OBV
HINDUNILVR,HINDUNILVR.NS,2022-12-12,2022,12,0,Bull,0,0.8269,SELL,1,0,0.8459,SELL,1,10,"OBV,Rolling_Volatility,BB_Upper,BB_Width,Return_10d,Stochastic,Williams_R,Rolling_Std_10,CCI,Volume_MA",OBV
HINDUNILVR,HINDUNILVR.NS,2022-12-13,2022,12,0,Sideways,0,0.9298,SELL,1,0,0.907,SELL,1,10,"OBV,Rolling_Volatility,BB_Upper,BB_Width,Return_10d,Stochastic,Williams_R,Rolling_Std_10,CCI,Volume_MA",OBV
HINDUNILVR,HINDUNILVR.NS,2022-12-14,2022,12,0,Sideways,0,0.9032,SELL,1,0,0.8416,SELL,1,10,"OBV,Rolling_Volatility,BB_Upper,BB_Width,Return_10d,Stochastic,Williams_R,Rolling_Std_10,CCI,Volume_MA",OBV
HINDUNILVR,HINDUNILVR.NS,2022-12-15,2022,12,0,Sideways,0,0.9108,SELL,1,0,0.8498,SELL,1,10,"OBV,Rolling_Volatility,BB_Upper,BB_Width,Return_10d,Stochastic,Williams_R,Rolling_Std_10,CCI,Volume_MA",OBV
HINDUNILVR,HINDUNILVR.NS,2022-12-16,2022,12,0,Bull,0,0.9333,SELL,1,0,0.8808,SELL,1,10,"OBV,Rolling_Volatility,BB_Upper,BB_Width,Return_10d,Stochastic,Williams_R,Rolling_Std_10,CCI,Volume_MA",OBV
HINDUNILVR,HINDUNILVR.NS,2022-12-19,2022,12,0,Sideways,0,0.9653,SELL,1,0,0.932,SELL,1,10,"OBV,Rolling_Volatility,BB_Upper,BB_Width,Return_10d,Stochastic,Williams_R,Rolling_Std_10,CCI,Volume_MA",OBV
HINDUNILVR,HINDUNILVR.NS,2022-12-20,2022,12,0,Bull,0,0.9434,SELL,1,0,0.9045,SELL,1,10,"OBV,Rolling_Volatility,BB_Upper,BB_Width,Return_10d,Stochastic,Williams_R,Rolling_Std_10,CCI,Volume_MA",OBV
HINDUNILVR,HINDUNILVR.NS,2022-12-21,2022,12,1,Bull,0,0.9531,SELL,0,0,0.9098,SELL,0,10,"OBV,Rolling_Volatility,BB_Upper,BB_Width,Return_10d,Stochastic,Williams_R,Rolling_Std_10,CCI,Volume_MA",OBV
HINDUNILVR,HINDUNILVR.NS,2022-12-22,2022,12,1,Bull,0,0.8632,SELL,0,0,0.7737,SELL,0,10,"OBV,Rolling_Volatility,BB_Upper,BB_Width,Return_10d,Stochastic,Williams_R,Rolling_Std_10,CCI,Volume_MA",OBV
HINDUNILVR,HINDUNILVR.NS,2022-12-23,2022,12,0,Bull,0,0.8336,SELL,1,0,0.6527,SELL,1,10,"OBV,Rolling_Volatility,BB_Upper,BB_Width,Return_10d,Stochastic,Williams_R,Rolling_Std_10,CCI,Volume_MA",OBV
HINDUNILVR,HINDUNILVR.NS,2022-12-26,2022,12,0,Sideways,0,0.6924,SELL,1,-1,0.5381,NO TRADE,0,10,"OBV,Rolling_Volatility,BB_Upper,BB_Width,Return_10d,Stochastic,Williams_R,Rolling_Std_10,CCI,Volume_MA",OBV
HINDUNILVR,HINDUNILVR.NS,2022-12-27,2022,12,1,Bull,0,0.5765,SELL,0,1,0.6681,BUY,1,10,"OBV,Rolling_Volatility,BB_Upper,BB_Width,Return_10d,Stochastic,Williams_R,Rolling_Std_10,CCI,Volume_MA",OBV
HINDUNILVR,HINDUNILVR.NS,2022-12-28,2022,12,1,Sideways,0,0.5676,SELL,0,1,0.7691,BUY,1,10,"OBV,Rolling_Volatility,BB_Upper,BB_Width,Return_10d,Stochastic,Williams_R,Rolling_Std_10,CCI,Volume_MA",OBV
HINDUNILVR,HINDUNILVR.NS,2022-12-29,2022,12,1,Sideways,0,0.6719,SELL,0,1,0.6476,BUY,1,10,"OBV,Rolling_Volatility,BB_Upper,BB_Width,Return_10d,Stochastic,Williams_R,Rolling_Std_10,CCI,Volume_MA",OBV
HINDUNILVR,HINDUNILVR.NS,2022-12-30,2022,12,1,Sideways,0,0.6557,SELL,0,1,0.6486,BUY,1,10,"OBV,Rolling_Volatility,BB_Upper,BB_Width,Return_10d,Stochastic,Williams_R,Rolling_Std_10,CCI,Volume_MA",OBV
HINDUNILVR,HINDUNILVR.NS,2023-01-02,2023,1,1,Sideways,0,0.6541,SELL,0,1,0.6815,BUY,1,10,"OBV,Rolling_Volatility,BB_Upper,BB_Width,Return_10d,Stochastic,Williams_R,Rolling_Std_10,CCI,Volume_MA",OBV
HINDUNILVR,HINDUNILVR.NS,2023-01-03,2023,1,1,Sideways,0,0.6061,SELL,0,1,0.7056,BUY,1,10,"OBV,Rolling_Volatility,BB_Upper,BB_Width,Return_10d,Stochastic,Williams_R,Rolling_Std_10,CCI,Volume_MA",OBV
HINDUNILVR,HINDUNILVR.NS,2023-01-04,2023,1,1,Bear,0,0.6841,SELL,0,1,0.7549,BUY,1,10,"OBV,Rolling_Volatility,BB_Upper,BB_Width,Return_10d,Stochastic,Williams_R,Rolling_Std_10,CCI,Volume_MA",OBV
HINDUNILVR,HINDUNILVR.NS,2023-01-05,2023,1,1,Sideways,0,0.659,SELL,0,1,0.6938,BUY,1,10,"OBV,Rolling_Volatility,BB_Upper,BB_Width,Return_10d,Stochastic,Williams_R,Rolling_Std_10,CCI,Volume_MA",OBV
HINDUNILVR,HINDUNILVR.NS,2023-01-06,2023,1,1,Bull,0,0.5598,SELL,0,1,0.7782,BUY,1,10,"OBV,Rolling_Volatility,BB_Upper,BB_Width,Return_10d,Stochastic,Williams_R,Rolling_Std_10,CCI,Volume_MA",OBV
HINDUNILVR,HINDUNILVR.NS,2023-01-09,2023,1,0,Bull,1,0.5682,BUY,0,1,0.7965,BUY,0,10,"OBV,Rolling_Volatility,BB_Upper,BB_Width,Return_10d,Stochastic,Williams_R,Rolling_Std_10,CCI,Volume_MA",OBV
HINDUNILVR,HINDUNILVR.NS,2023-01-10,2023,1,0,Bull,1,0.6211,BUY,0,1,0.7621,BUY,0,10,"OBV,Rolling_Volatility,BB_Upper,BB_Width,Return_10d,Stochastic,Williams_R,Rolling_Std_10,CCI,Volume_MA",OBV
HINDUNILVR,HINDUNILVR.NS,2023-01-11,2023,1,0,Bull,1,0.7268,BUY,0,1,0.6814,BUY,0,10,"OBV,Rolling_Volatility,BB_Upper,BB_Width,Return_10d,Stochastic,Williams_R,Rolling_Std_10,CCI,Volume_MA",OBV
HINDUNILVR,HINDUNILVR.NS,2023-01-12,2023,1,0,Sideways,1,0.7205,BUY,0,1,0.629,BUY,0,10,"OBV,Rolling_Volatility,BB_Upper,BB_Width,Return_10d,Stochastic,Williams_R,Rolling_Std_10,CCI,Volume_MA",OBV
HINDUNILVR,HINDUNILVR.NS,2023-01-13,2023,1,0,Bull,1,0.746,BUY,0,1,0.564,BUY,0,10,"OBV,Rolling_Volatility,BB_Upper,BB_Width,Return_10d,Stochastic,Williams_R,Rolling_Std_10,CCI,Volume_MA",OBV
HINDUNILVR,HINDUNILVR.NS,2023-01-16,2023,1,0,Bull,1,0.8493,BUY,0,1,0.7769,BUY,0,10,"OBV,Rolling_Volatility,BB_Upper,BB_Width,Return_10d,Stochastic,Williams_R,Rolling_Std_10,CCI,Volume_MA",OBV
HINDUNILVR,HINDUNILVR.NS,2023-01-17,2023,1,0,Bull,1,0.8332,BUY,0,1,0.7822,BUY,0,10,"OBV,Rolling_Volatility,BB_Upper,BB_Width,Return_10d,Stochastic,Williams_R,Rolling_Std_10,CCI,Volume_MA",OBV
HINDUNILVR,HINDUNILVR.NS,2023-01-18,2023,1,0,Bull,1,0.8064,BUY,0,1,0.778,BUY,0,10,"OBV,Rolling_Volatility,BB_Upper,BB_Width,Return_10d,Stochastic,Williams_R,Rolling_Std_10,CCI,Volume_MA",OBV
HINDUNILVR,HINDUNILVR.NS,2023-01-19,2023,1,0,Bull,1,0.764,BUY,0,1,0.7452,BUY,0,10,"OBV,Rolling_Volatility,BB_Upper,BB_Width,Return_10d,Stochastic,Williams_R,Rolling_Std_10,CCI,Volume_MA",OBV
HINDUNILVR,HINDUNILVR.NS,2023-01-20,2023,1,0,Bull,-1,0.5482,NO TRADE,0,0,0.686,SELL,1,10,"OBV,Rolling_Volatility,BB_Upper,BB_Width,Return_10d,Stochastic,Williams_R,Rolling_Std_10,CCI,Volume_MA",OBV
HINDUNILVR,HINDUNILVR.NS,2023-01-23,2023,1,0,Sideways,1,0.6439,BUY,0,-1,0.5184,NO TRADE,0,10,"OBV,Rolling_Volatility,BB_Upper,BB_Width,Return_10d,Stochastic,Williams_R,Rolling_Std_10,CCI,Volume_MA",OBV
HINDUNILVR,HINDUNILVR.NS,2023-01-24,2023,1,0,Bull,1,0.6634,BUY,0,0,0.5889,SELL,1,10,"OBV,Rolling_Volatility,BB_Upper,BB_Width,Return_10d,Stochastic,Williams_R,Rolling_Std_10,CCI,Volume_MA",OBV
HINDUNILVR,HINDUNILVR.NS,2023-01-25,2023,1,0,Bull,0,0.7526,SELL,1,0,0.7333,SELL,1,10,"OBV,Volume_MA,BB_Upper,Rolling_Volatility,Stochastic,BB_Width,Rolling_Std_10,Williams_R,RSI_14,MACD",OBV
HINDUNILVR,HINDUNILVR.NS,2023-01-27,2023,1,0,Bull,0,0.6824,SELL,1,0,0.7205,SELL,1,10,"OBV,Volume_MA,BB_Upper,Rolling_Volatility,Stochastic,BB_Width,Rolling_Std_10,Williams_R,RSI_14,MACD",OBV
HINDUNILVR,HINDUNILVR.NS,2023-01-30,2023,1,0,Bull,-1,0.5472,NO TRADE,0,0,0.608,SELL,1,10,"OBV,Volume_MA,BB_Upper,Rolling_Volatility,Stochastic,BB_Width,Rolling_Std_10,Williams_R,RSI_14,MACD",OBV
HINDUNILVR,HINDUNILVR.NS,2023-01-31,2023,1,0,Bull,-1,0.5394,NO TRADE,0,0,0.5954,SELL,1,10,"OBV,Volume_MA,BB_Upper,Rolling_Volatility,Stochastic,BB_Width,Rolling_Std_10,Williams_R,RSI_14,MACD",OBV
HINDUNILVR,HINDUNILVR.NS,2023-02-01,2023,2,0,Bull,1,0.5723,BUY,0,-1,0.5302,NO TRADE,0,10,"OBV,Volume_MA,BB_Upper,Rolling_Volatility,Stochastic,BB_Width,Rolling_Std_10,Williams_R,RSI_14,MACD",OBV
HINDUNILVR,HINDUNILVR.NS,2023-02-02,2023,2,0,Bull,0,0.6049,SELL,1,0,0.6759,SELL,1,10,"OBV,Volume_MA,BB_Upper,Rolling_Volatility,Stochastic,BB_Width,Rolling_Std_10,Williams_R,RSI_14,MACD",OBV
HINDUNILVR,HINDUNILVR.NS,2023-02-03,2023,2,0,Bull,0,0.6114,SELL,1,0,0.7122,SELL,1,10,"OBV,Volume_MA,BB_Upper,Rolling_Volatility,Stochastic,BB_Width,Rolling_Std_10,Williams_R,RSI_14,MACD",OBV
HINDUNILVR,HINDUNILVR.NS,2023-02-06,2023,2,0,Bull,0,0.6677,SELL,1,0,0.6479,SELL,1,10,"OBV,Volume_MA,BB_Upper,Rolling_Volatility,Stochastic,BB_Width,Rolling_Std_10,Williams_R,RSI_14,MACD",OBV
HINDUNILVR,HINDUNILVR.NS,2023-02-07,2023,2,0,Bull,0,0.6244,SELL,1,0,0.5602,SELL,1,10,"OBV,Volume_MA,BB_Upper,Rolling_Volatility,Stochastic,BB_Width,Rolling_Std_10,Williams_R,RSI_14,MACD",OBV
HINDUNILVR,HINDUNILVR.NS,2023-02-08,2023,2,0,Bull,0,0.6125,SELL,1,-1,0.5168,NO TRADE,0,10,"OBV,Volume_MA,BB_Upper,Rolling_Volatility,Stochastic,BB_Width,Rolling_Std_10,Williams_R,RSI_14,MACD",OBV
HINDUNILVR,HINDUNILVR.NS,2023-02-09,2023,2,0,Sideways,0,0.6733,SELL,1,0,0.7362,SELL,1,10,"OBV,Volume_MA,BB_Upper,Rolling_Volatility,Stochastic,BB_Width,Rolling_Std_10,Williams_R,RSI_14,MACD",OBV
HINDUNILVR,HINDUNILVR.NS,2023-02-10,2023,2,0,Bear,0,0.6097,SELL,1,0,0.6653,SELL,1,10,"OBV,Volume_MA,BB_Upper,Rolling_Volatility,Stochastic,BB_Width,Rolling_Std_10,Williams_R,RSI_14,MACD",OBV
HINDUNILVR,HINDUNILVR.NS,2023-02-13,2023,2,0,Bear,0,0.5754,SELL,1,0,0.6483,SELL,1,10,"OBV,Volume_MA,BB_Upper,Rolling_Volatility,Stochastic,BB_Width,Rolling_Std_10,Williams_R,RSI_14,MACD",OBV
HINDUNILVR,HINDUNILVR.NS,2023-02-14,2023,2,0,Sideways,0,0.5853,SELL,1,0,0.6489,SELL,1,10,"OBV,Volume_MA,BB_Upper,Rolling_Volatility,Stochastic,BB_Width,Rolling_Std_10,Williams_R,RSI_14,MACD",OBV
HINDUNILVR,HINDUNILVR.NS,2023-02-15,2023,2,0,Sideways,-1,0.5337,NO TRADE,0,0,0.5643,SELL,1,10,"OBV,Volume_MA,BB_Upper,Rolling_Volatility,Stochastic,BB_Width,Rolling_Std_10,Williams_R,RSI_14,MACD",OBV
HINDUNILVR,HINDUNILVR.NS,2023-02-16,2023,2,0,Bear,0,0.6145,SELL,1,-1,0.5314,NO TRADE,0,10,"OBV,Volume_MA,BB_Upper,Rolling_Volatility,Stochastic,BB_Width,Rolling_Std_10,Williams_R,RSI_14,MACD",OBV
HINDUNILVR,HINDUNILVR.NS,2023-02-17,2023,2,0,Bear,1,0.6337,BUY,0,1,0.5873,BUY,0,10,"OBV,Volume_MA,BB_Upper,Rolling_Volatility,Stochastic,BB_Width,Rolling_Std_10,Williams_R,RSI_14,MACD",OBV
HINDUNILVR,HINDUNILVR.NS,2023-02-20,2023,2,0,Bear,1,0.6904,BUY,0,1,0.6548,BUY,0,10,"OBV,Volume_MA,BB_Upper,Rolling_Volatility,Stochastic,BB_Width,Rolling_Std_10,Williams_R,RSI_14,MACD",OBV
HINDUNILVR,HINDUNILVR.NS,2023-02-21,2023,2,0,Bear,1,0.6997,BUY,0,1,0.5948,BUY,0,10,"OBV,Volume_MA,BB_Upper,Rolling_Volatility,Stochastic,BB_Width,Rolling_Std_10,Williams_R,RSI_14,MACD",OBV
HINDUNILVR,HINDUNILVR.NS,2023-02-22,2023,2,0,Bear,1,0.6793,BUY,0,1,0.6048,BUY,0,10,"OBV,Volume_MA,BB_Upper,Rolling_Volatility,Stochastic,BB_Width,Rolling_Std_10,Williams_R,RSI_14,MACD",OBV
HINDUNILVR,HINDUNILVR.NS,2023-02-23,2023,2,0,Bear,1,0.6217,BUY,0,1,0.5795,BUY,0,10,"OBV,Volume_MA,BB_Upper,Rolling_Volatility,Stochastic,BB_Width,Rolling_Std_10,Williams_R,RSI_14,MACD",OBV
HINDUNILVR,HINDUNILVR.NS,2023-02-24,2023,2,1,Bear,1,0.6184,BUY,1,1,0.5743,BUY,1,10,"OBV,Volume_MA,BB_Upper,Rolling_Volatility,Stochastic,BB_Width,Rolling_Std_10,Williams_R,RSI_14,MACD",OBV
HINDUNILVR,HINDUNILVR.NS,2023-02-27,2023,2,1,Bear,1,0.6996,BUY,1,1,0.7833,BUY,1,10,"OBV,Volume_MA,BB_Upper,Rolling_Volatility,Stochastic,BB_Width,Rolling_Std_10,Williams_R,RSI_14,MACD",OBV
HINDUNILVR,HINDUNILVR.NS,2023-02-28,2023,2,1,Bear,1,0.7346,BUY,1,1,0.8201,BUY,1,10,"OBV,Volume_MA,BB_Upper,Rolling_Volatility,Stochastic,BB_Width,Rolling_Std_10,Williams_R,RSI_14,MACD",OBV
HINDUNILVR,HINDUNILVR.NS,2023-03-01,2023,3,1,Bear,1,0.8301,BUY,1,1,0.8828,BUY,1,10,"OBV,Volume_MA,BB_Upper,Rolling_Volatility,Stochastic,BB_Width,Rolling_Std_10,Williams_R,RSI_14,MACD",OBV
HINDUNILVR,HINDUNILVR.NS,2023-03-02,2023,3,1,Bear,1,0.8442,BUY,1,1,0.8959,BUY,1,10,"OBV,Volume_MA,BB_Upper,Rolling_Volatility,Stochastic,BB_Width,Rolling_Std_10,Williams_R,RSI_14,MACD",OBV
HINDUNILVR,HINDUNILVR.NS,2023-03-03,2023,3,1,Bear,1,0.8433,BUY,1,1,0.9098,BUY,1,10,"OBV,Volume_MA,BB_Upper,Rolling_Volatility,Stochastic,BB_Width,Rolling_Std_10,Williams_R,RSI_14,MACD",OBV
HINDUNILVR,HINDUNILVR.NS,2023-03-06,2023,3,1,Bear,1,0.8099,BUY,1,1,0.914,BUY,1,10,"OBV,Volume_MA,BB_Upper,Rolling_Volatility,Stochastic,BB_Width,Rolling_Std_10,Williams_R,RSI_14,MACD",OBV
HINDUNILVR,HINDUNILVR.NS,2023-03-08,2023,3,1,Bear,1,0.8041,BUY,1,1,0.9101,BUY,1,10,"OBV,Volume_MA,BB_Upper,Rolling_Volatility,Stochastic,BB_Width,Rolling_Std_10,Williams_R,RSI_14,MACD",OBV
HINDUNILVR,HINDUNILVR.NS,2023-03-09,2023,3,1,Bear,1,0.8258,BUY,1,1,0.9237,BUY,1,10,"OBV,Volume_MA,BB_Upper,Rolling_Volatility,Stochastic,BB_Width,Rolling_Std_10,Williams_R,RSI_14,MACD",OBV
HINDUNILVR,HINDUNILVR.NS,2023-03-10,2023,3,1,Bear,1,0.8559,BUY,1,1,0.9395,BUY,1,10,"OBV,Volume_MA,BB_Upper,Rolling_Volatility,Stochastic,BB_Width,Rolling_Std_10,Williams_R,RSI_14,MACD",OBV
HINDUNILVR,HINDUNILVR.NS,2023-03-13,2023,3,1,Bear,1,0.8634,BUY,1,1,0.9466,BUY,1,10,"OBV,Volume_MA,BB_Upper,Rolling_Volatility,Stochastic,BB_Width,Rolling_Std_10,Williams_R,RSI_14,MACD",OBV
HINDUNILVR,HINDUNILVR.NS,2023-03-14,2023,3,1,Bear,1,0.8604,BUY,1,1,0.9488,BUY,1,10,"OBV,Volume_MA,BB_Upper,Rolling_Volatility,Stochastic,BB_Width,Rolling_Std_10,Williams_R,RSI_14,MACD",OBV
HINDUNILVR,HINDUNILVR.NS,2023-03-15,2023,3,1,Bear,1,0.8618,BUY,1,1,0.9421,BUY,1,10,"OBV,Volume_MA,BB_Upper,Rolling_Volatility,Stochastic,BB_Width,Rolling_Std_10,Williams_R,RSI_14,MACD",OBV
HINDUNILVR,HINDUNILVR.NS,2023-03-16,2023,3,1,Bear,1,0.7556,BUY,1,1,0.8668,BUY,1,10,"OBV,Volume_MA,BB_Upper,Rolling_Volatility,Stochastic,BB_Width,Rolling_Std_10,Williams_R,RSI_14,MACD",OBV
HINDUNILVR,HINDUNILVR.NS,2023-03-17,2023,3,1,Bear,1,0.6958,BUY,1,1,0.7986,BUY,1,10,"OBV,Volume_MA,BB_Upper,Rolling_Volatility,Stochastic,BB_Width,Rolling_Std_10,Williams_R,RSI_14,MACD",OBV
HINDUNILVR,HINDUNILVR.NS,2023-03-20,2023,3,0,Bear,-1,0.5045,NO TRADE,0,1,0.6247,BUY,0,10,"OBV,Volume_MA,BB_Upper,Rolling_Volatility,Stochastic,BB_Width,Rolling_Std_10,Williams_R,RSI_14,MACD",OBV
HINDUNILVR,HINDUNILVR.NS,2023-03-21,2023,3,1,Sideways,-1,0.5308,NO TRADE,0,1,0.5865,BUY,1,10,"OBV,Volume_MA,BB_Upper,Rolling_Volatility,Stochastic,BB_Width,Rolling_Std_10,Williams_R,RSI_14,MACD",OBV
HINDUNILVR,HINDUNILVR.NS,2023-03-22,2023,3,1,Bear,-1,0.5289,NO TRADE,0,1,0.6032,BUY,1,10,"OBV,Volume_MA,BB_Upper,Rolling_Volatility,Stochastic,BB_Width,Rolling_Std_10,Williams_R,RSI_14,MACD",OBV
HINDUNILVR,HINDUNILVR.NS,2023-03-23,2023,3,1,Bear,-1,0.5159,NO TRADE,0,1,0.6153,BUY,1,10,"OBV,Volume_MA,BB_Upper,Rolling_Volatility,Stochastic,BB_Width,Rolling_Std_10,Williams_R,RSI_14,MACD",OBV
HINDUNILVR,HINDUNILVR.NS,2023-03-24,2023,3,0,Bear,0,0.5884,SELL,1,1,0.6014,BUY,0,10,"OBV,Volume_MA,BB_Upper,Rolling_Volatility,Stochastic,BB_Width,Rolling_Std_10,Williams_R,RSI_14,MACD",OBV
HINDUNILVR,HINDUNILVR.NS,2023-03-27,2023,3,0,Bear,-1,0.5418,NO TRADE,0,1,0.6109,BUY,0,10,"OBV,Volume_MA,BB_Upper,Rolling_Volatility,Stochastic,BB_Width,Rolling_Std_10,Williams_R,RSI_14,MACD",OBV
HINDUNILVR,HINDUNILVR.NS,2023-03-28,2023,3,0,Bear,0,0.5667,SELL,1,-1,0.518,NO TRADE,0,10,"OBV,Volume_MA,BB_Upper,Rolling_Volatility,Stochastic,BB_Width,Rolling_Std_10,Williams_R,RSI_14,MACD",OBV
HINDUNILVR,HINDUNILVR.NS,2023-03-29,2023,3,0,Bear,0,0.6552,SELL,1,0,0.6253,SELL,1,10,"OBV,Volume_MA,BB_Upper,Rolling_Volatility,Stochastic,BB_Width,Rolling_Std_10,Williams_R,RSI_14,MACD",OBV
HINDUNILVR,HINDUNILVR.NS,2023-03-31,2023,3,0,Sideways,0,0.6538,SELL,1,0,0.7024,SELL,1,10,"OBV,Volume_MA,BB_Upper,Rolling_Volatility,Stochastic,BB_Width,Rolling_Std_10,Williams_R,RSI_14,MACD",OBV
HINDUNILVR,HINDUNILVR.NS,2023-04-03,2023,4,0,Bear,0,0.5648,SELL,1,0,0.6895,SELL,1,10,"OBV,Volume_MA,BB_Upper,Rolling_Volatility,Stochastic,BB_Width,Rolling_Std_10,Williams_R,RSI_14,MACD",OBV
HINDUNILVR,HINDUNILVR.NS,2023-04-05,2023,4,0,Bear,0,0.7413,SELL,1,0,0.8635,SELL,1,10,"OBV,Volume_MA,BB_Upper,Rolling_Volatility,Stochastic,BB_Width,Rolling_Std_10,Williams_R,RSI_14,MACD",OBV
HINDUNILVR,HINDUNILVR.NS,2023-04-06,2023,4,0,Sideways,0,0.6055,SELL,1,0,0.845,SELL,1,10,"OBV,Volume_MA,BB_Upper,Rolling_Volatility,Stochastic,BB_Width,Rolling_Std_10,Williams_R,RSI_14,MACD",OBV
HINDUNILVR,HINDUNILVR.NS,2023-04-10,2023,4,0,Sideways,0,0.6422,SELL,1,0,0.8606,SELL,1,10,"OBV,Volume_MA,BB_Upper,Rolling_Volatility,Stochastic,BB_Width,Rolling_Std_10,Williams_R,RSI_14,MACD",OBV
HINDUNILVR,HINDUNILVR.NS,2023-04-11,2023,4,1,Sideways,0,0.6959,SELL,0,0,0.8771,SELL,0,10,"OBV,Volume_MA,BB_Upper,Rolling_Volatility,Stochastic,BB_Width,Rolling_Std_10,Williams_R,RSI_14,MACD",OBV
HINDUNILVR,HINDUNILVR.NS,2023-04-12,2023,4,1,Sideways,0,0.7285,SELL,0,0,0.8862,SELL,0,10,"OBV,Volume_MA,BB_Upper,Rolling_Volatility,Stochastic,BB_Width,Rolling_Std_10,Williams_R,RSI_14,MACD",OBV
HINDUNILVR,HINDUNILVR.NS,2023-04-13,2023,4,1,Bear,0,0.7093,SELL,0,0,0.8914,SELL,0,10,"OBV,Volume_MA,BB_Upper,Rolling_Volatility,Stochastic,BB_Width,Rolling_Std_10,Williams_R,RSI_14,MACD",OBV
HINDUNILVR,HINDUNILVR.NS,2023-04-17,2023,4,1,Bear,0,0.682,SELL,0,0,0.8915,SELL,0,10,"OBV,Volume_MA,BB_Upper,Rolling_Volatility,Stochastic,BB_Width,Rolling_Std_10,Williams_R,RSI_14,MACD",OBV
HINDUNILVR,HINDUNILVR.NS,2023-04-18,2023,4,1,Sideways,-1,0.5493,NO TRADE,0,0,0.6608,SELL,0,10,"OBV,Volume_MA,BB_Upper,Rolling_Volatility,Stochastic,BB_Width,Rolling_Std_10,Williams_R,RSI_14,MACD",OBV
HINDUNILVR,HINDUNILVR.NS,2023-04-19,2023,4,1,Sideways,1,0.6497,BUY,1,-1,0.514,NO TRADE,0,10,"OBV,Volume_MA,BB_Upper,Rolling_Volatility,Stochastic,BB_Width,Rolling_Std_10,Williams_R,RSI_14,MACD",OBV
HINDUNILVR,HINDUNILVR.NS,2023-04-20,2023,4,1,Sideways,1,0.7029,BUY,1,1,0.7948,BUY,1,10,"OBV,Volume_MA,BB_Upper,Rolling_Volatility,Stochastic,BB_Width,Rolling_Std_10,Williams_R,RSI_14,MACD",OBV
HINDUNILVR,HINDUNILVR.NS,2023-04-21,2023,4,1,Bear,1,0.779,BUY,1,1,0.8663,BUY,1,10,"OBV,Volume_MA,BB_Upper,Rolling_Volatility,Stochastic,BB_Width,Rolling_Std_10,Williams_R,RSI_14,MACD",OBV
HINDUNILVR,HINDUNILVR.NS,2023-04-24,2023,4,1,Bear,1,0.8401,BUY,1,1,0.9018,BUY,1,10,"OBV,Volume_MA,BB_Upper,Rolling_Volatility,Stochastic,BB_Width,Rolling_Std_10,Williams_R,RSI_14,MACD",OBV
HINDUNILVR,HINDUNILVR.NS,2023-04-25,2023,4,1,Bear,1,0.7889,BUY,1,1,0.8756,BUY,1,10,"OBV,Volume_MA,BB_Upper,Rolling_Volatility,Stochastic,BB_Width,Rolling_Std_10,Williams_R,RSI_14,MACD",OBV
HINDUNILVR,HINDUNILVR.NS,2023-04-26,2023,4,1,Bear,1,0.8408,BUY,1,1,0.8745,BUY,1,10,"OBV,Volume_MA,BB_Upper,Rolling_Volatility,Stochastic,BB_Width,Rolling_Std_10,Williams_R,RSI_14,MACD",OBV
HINDUNILVR,HINDUNILVR.NS,2023-04-27,2023,4,1,Bear,1,0.8268,BUY,1,0,0.6606,SELL,0,10,"Stochastic,BB_Lower,Volume_MA,Rolling_Mean_Return,RSI_14,Williams_R,Rolling_Std_10,MACD_Signal,ROC,BB_Upper",Stochastic
HINDUNILVR,HINDUNILVR.NS,2023-04-28,2023,4,1,Bear,1,0.6865,BUY,1,0,0.7592,SELL,0,10,"Stochastic,BB_Lower,Volume_MA,Rolling_Mean_Return,RSI_14,Williams_R,Rolling_Std_10,MACD_Signal,ROC,BB_Upper",Stochastic
HINDUNILVR,HINDUNILVR.NS,2023-05-02,2023,5,1,Bear,1,0.6049,BUY,1,0,0.7958,SELL,0,10,"Stochastic,BB_Lower,Volume_MA,Rolling_Mean_Return,RSI_14,Williams_R,Rolling_Std_10,MACD_Signal,ROC,BB_Upper",Stochastic
HINDUNILVR,HINDUNILVR.NS,2023-05-03,2023,5,1,Bear,1,0.6659,BUY,1,0,0.6228,SELL,0,10,"Stochastic,BB_Lower,Volume_MA,Rolling_Mean_Return,RSI_14,Williams_R,Rolling_Std_10,MACD_Signal,ROC,BB_Upper",Stochastic
HINDUNILVR,HINDUNILVR.NS,2023-05-04,2023,5,1,Bear,1,0.6625,BUY,1,0,0.7022,SELL,0,10,"Stochastic,BB_Lower,Volume_MA,Rolling_Mean_Return,RSI_14,Williams_R,Rolling_Std_10,MACD_Signal,ROC,BB_Upper",Stochastic
HINDUNILVR,HINDUNILVR.NS,2023-05-05,2023,5,1,Sideways,1,0.7689,BUY,1,0,0.8053,SELL,0,10,"Stochastic,BB_Lower,Volume_MA,Rolling_Mean_Return,RSI_14,Williams_R,Rolling_Std_10,MACD_Signal,ROC,BB_Upper",Stochastic
HINDUNILVR,HINDUNILVR.NS,2023-05-08,2023,5,1,Sideways,1,0.7977,BUY,1,0,0.7668,SELL,0,10,"Stochastic,BB_Lower,Volume_MA,Rolling_Mean_Return,RSI_14,Williams_R,Rolling_Std_10,MACD_Signal,ROC,BB_Upper",Stochastic
HINDUNILVR,HINDUNILVR.NS,2023-05-09,2023,5,1,Sideways,1,0.6787,BUY,1,0,0.7792,SELL,0,10,"Stochastic,BB_Lower,Volume_MA,Rolling_Mean_Return,RSI_14,Williams_R,Rolling_Std_10,MACD_Signal,ROC,BB_Upper",Stochastic
HINDUNILVR,HINDUNILVR.NS,2023-05-10,2023,5,1,Sideways,1,0.6907,BUY,1,0,0.835,SELL,0,10,"Stochastic,BB_Lower,Volume_MA,Rolling_Mean_Return,RSI_14,Williams_R,Rolling_Std_10,MACD_Signal,ROC,BB_Upper",Stochastic
HINDUNILVR,HINDUNILVR.NS,2023-05-11,2023,5,1,Sideways,1,0.5915,BUY,1,0,0.9435,SELL,0,10,"Stochastic,BB_Lower,Volume_MA,Rolling_Mean_Return,RSI_14,Williams_R,Rolling_Std_10,MACD_Signal,ROC,BB_Upper",Stochastic
HINDUNILVR,HINDUNILVR.NS,2023-05-12,2023,5,1,Bull,-1,0.5378,NO TRADE,0,0,0.9101,SELL,0,10,"Stochastic,BB_Lower,Volume_MA,Rolling_Mean_Return,RSI_14,Williams_R,Rolling_Std_10,MACD_Signal,ROC,BB_Upper",Stochastic
HINDUNILVR,HINDUNILVR.NS,2023-05-15,2023,5,0,Bull,-1,0.53,NO TRADE,0,0,0.9086,SELL,1,10,"Stochastic,BB_Lower,Volume_MA,Rolling_Mean_Return,RSI_14,Williams_R,Rolling_Std_10,MACD_Signal,ROC,BB_Upper",Stochastic
HINDUNILVR,HINDUNILVR.NS,2023-05-16,2023,5,0,Bull,0,0.5796,SELL,1,0,0.9285,SELL,1,10,"Stochastic,BB_Lower,Volume_MA,Rolling_Mean_Return,RSI_14,Williams_R,Rolling_Std_10,MACD_Signal,ROC,BB_Upper",Stochastic
HINDUNILVR,HINDUNILVR.NS,2023-05-17,2023,5,1,Bull,0,0.5826,SELL,0,0,0.9199,SELL,0,10,"Stochastic,BB_Lower,Volume_MA,Rolling_Mean_Return,RSI_14,Williams_R,Rolling_Std_10,MACD_Signal,ROC,BB_Upper",Stochastic
HINDUNILVR,HINDUNILVR.NS,2023-05-18,2023,5,1,Bull,0,0.6172,SELL,0,0,0.9232,SELL,0,10,"Stochastic,BB_Lower,Volume_MA,Rolling_Mean_Return,RSI_14,Williams_R,Rolling_Std_10,MACD_Signal,ROC,BB_Upper",Stochastic
HINDUNILVR,HINDUNILVR.NS,2023-05-19,2023,5,1,Bull,0,0.5671,SELL,0,0,0.945,SELL,0,10,"Stochastic,BB_Lower,Volume_MA,Rolling_Mean_Return,RSI_14,Williams_R,Rolling_Std_10,MACD_Signal,ROC,BB_Upper",Stochastic
HINDUNILVR,HINDUNILVR.NS,2023-05-22,2023,5,1,Bull,0,0.613,SELL,0,0,0.9407,SELL,0,10,"Stochastic,BB_Lower,Volume_MA,Rolling_Mean_Return,RSI_14,Williams_R,Rolling_Std_10,MACD_Signal,ROC,BB_Upper",Stochastic
HINDUNILVR,HINDUNILVR.NS,2023-05-23,2023,5,1,Bull,0,0.6347,SELL,0,0,0.939,SELL,0,10,"Stochastic,BB_Lower,Volume_MA,Rolling_Mean_Return,RSI_14,Williams_R,Rolling_Std_10,MACD_Signal,ROC,BB_Upper",Stochastic
HINDUNILVR,HINDUNILVR.NS,2023-05-24,2023,5,1,Bull,0,0.6863,SELL,0,0,0.92,SELL,0,10,"Stochastic,BB_Lower,Volume_MA,Rolling_Mean_Return,RSI_14,Williams_R,Rolling_Std_10,MACD_Signal,ROC,BB_Upper",Stochastic
HINDUNILVR,HINDUNILVR.NS,2023-05-25,2023,5,1,Bull,0,0.6749,SELL,0,0,0.8489,SELL,0,10,"Stochastic,BB_Lower,Volume_MA,Rolling_Mean_Return,RSI_14,Williams_R,Rolling_Std_10,MACD_Signal,ROC,BB_Upper",Stochastic
HINDUNILVR,HINDUNILVR.NS,2023-05-26,2023,5,1,Bull,0,0.7424,SELL,0,0,0.8091,SELL,0,10,"Stochastic,BB_Lower,Volume_MA,Rolling_Mean_Return,RSI_14,Williams_R,Rolling_Std_10,MACD_Signal,ROC,BB_Upper",Stochastic
HINDUNILVR,HINDUNILVR.NS,2023-05-29,2023,5,1,Bull,0,0.5515,SELL,0,0,0.7386,SELL,0,10,"Stochastic,BB_Lower,Volume_MA,Rolling_Mean_Return,RSI_14,Williams_R,Rolling_Std_10,MACD_Signal,ROC,BB_Upper",Stochastic
HINDUNILVR,HINDUNILVR.NS,2023-05-30,2023,5,1,Bull,0,0.5685,SELL,0,0,0.6915,SELL,0,10,"Stochastic,BB_Lower,Volume_MA,Rolling_Mean_Return,RSI_14,Williams_R,Rolling_Std_10,MACD_Signal,ROC,BB_Upper",Stochastic
HINDUNILVR,HINDUNILVR.NS,2023-05-31,2023,5,1,Bull,0,0.6888,SELL,0,0,0.8181,SELL,0,10,"Stochastic,BB_Lower,Volume_MA,Rolling_Mean_Return,RSI_14,Williams_R,Rolling_Std_10,MACD_Signal,ROC,BB_Upper",Stochastic
HINDUNILVR,HINDUNILVR.NS,2023-06-01,2023,6,1,Bull,0,0.7354,SELL,0,0,0.7892,SELL,0,10,"Stochastic,BB_Lower,Volume_MA,Rolling_Mean_Return,RSI_14,Williams_R,Rolling_Std_10,MACD_Signal,ROC,BB_Upper",Stochastic
HINDUNILVR,HINDUNILVR.NS,2023-06-02,2023,6,1,Bull,0,0.6814,SELL,0,0,0.7696,SELL,0,10,"Stochastic,BB_Lower,Volume_MA,Rolling_Mean_Return,RSI_14,Williams_R,Rolling_Std_10,MACD_Signal,ROC,BB_Upper",Stochastic
HINDUNILVR,HINDUNILVR.NS,2023-06-05,2023,6,1,Bull,0,0.7516,SELL,0,0,0.838,SELL,0,10,"Stochastic,BB_Lower,Volume_MA,Rolling_Mean_Return,RSI_14,Williams_R,Rolling_Std_10,MACD_Signal,ROC,BB_Upper",Stochastic
HINDUNILVR,HINDUNILVR.NS,2023-06-06,2023,6,1,Bull,0,0.6644,SELL,0,0,0.7978,SELL,0,10,"Stochastic,BB_Lower,Volume_MA,Rolling_Mean_Return,RSI_14,Williams_R,Rolling_Std_10,MACD_Signal,ROC,BB_Upper",Stochastic
HINDUNILVR,HINDUNILVR.NS,2023-06-07,2023,6,1,Bull,0,0.8003,SELL,0,0,0.8151,SELL,0,10,"Stochastic,BB_Lower,Volume_MA,Rolling_Mean_Return,RSI_14,Williams_R,Rolling_Std_10,MACD_Signal,ROC,BB_Upper",Stochastic
HINDUNILVR,HINDUNILVR.NS,2023-06-08,2023,6,1,Bull,0,0.5515,SELL,0,0,0.7937,SELL,0,10,"Stochastic,BB_Lower,Volume_MA,Rolling_Mean_Return,RSI_14,Williams_R,Rolling_Std_10,MACD_Signal,ROC,BB_Upper",Stochastic
HINDUNILVR,HINDUNILVR.NS,2023-06-09,2023,6,1,Bull,-1,0.5474,NO TRADE,0,0,0.6813,SELL,0,10,"Stochastic,BB_Lower,Volume_MA,Rolling_Mean_Return,RSI_14,Williams_R,Rolling_Std_10,MACD_Signal,ROC,BB_Upper",Stochastic
HINDUNILVR,HINDUNILVR.NS,2023-06-12,2023,6,1,Bull,1,0.5972,BUY,1,0,0.6699,SELL,0,10,"Stochastic,BB_Lower,Volume_MA,Rolling_Mean_Return,RSI_14,Williams_R,Rolling_Std_10,MACD_Signal,ROC,BB_Upper",Stochastic
HINDUNILVR,HINDUNILVR.NS,2023-06-13,2023,6,1,Bull,0,0.6386,SELL,0,0,0.8021,SELL,0,10,"Stochastic,BB_Lower,Volume_MA,Rolling_Mean_Return,RSI_14,Williams_R,Rolling_Std_10,MACD_Signal,ROC,BB_Upper",Stochastic
HINDUNILVR,HINDUNILVR.NS,2023-06-14,2023,6,0,Bull,0,0.6995,SELL,1,0,0.8316,SELL,1,10,"Stochastic,BB_Lower,Volume_MA,Rolling_Mean_Return,RSI_14,Williams_R,Rolling_Std_10,MACD_Signal,ROC,BB_Upper",Stochastic
HINDUNILVR,HINDUNILVR.NS,2023-06-15,2023,6,1,Bull,0,0.6837,SELL,0,0,0.804,SELL,0,10,"Stochastic,BB_Lower,Volume_MA,Rolling_Mean_Return,RSI_14,Williams_R,Rolling_Std_10,MACD_Signal,ROC,BB_Upper",Stochastic
HINDUNILVR,HINDUNILVR.NS,2023-06-16,2023,6,0,Bull,0,0.8125,SELL,1,0,0.8037,SELL,1,10,"Stochastic,BB_Lower,Volume_MA,Rolling_Mean_Return,RSI_14,Williams_R,Rolling_Std_10,MACD_Signal,ROC,BB_Upper",Stochastic
HINDUNILVR,HINDUNILVR.NS,2023-06-19,2023,6,0,Bull,0,0.7644,SELL,1,0,0.8186,SELL,1,10,"Stochastic,BB_Lower,Volume_MA,Rolling_Mean_Return,RSI_14,Williams_R,Rolling_Std_10,MACD_Signal,ROC,BB_Upper",Stochastic
HINDUNILVR,HINDUNILVR.NS,2023-06-20,2023,6,0,Bull,0,0.7832,SELL,1,0,0.832,SELL,1,10,"Stochastic,BB_Lower,Volume_MA,Rolling_Mean_Return,RSI_14,Williams_R,Rolling_Std_10,MACD_Signal,ROC,BB_Upper",Stochastic
HINDUNILVR,HINDUNILVR.NS,2023-06-21,2023,6,1,Bull,0,0.7719,SELL,0,0,0.7962,SELL,0,10,"Stochastic,BB_Lower,Volume_MA,Rolling_Mean_Return,RSI_14,Williams_R,Rolling_Std_10,MACD_Signal,ROC,BB_Upper",Stochastic
HINDUNILVR,HINDUNILVR.NS,2023-06-22,2023,6,0,Bull,0,0.812,SELL,1,0,0.7547,SELL,1,10,"Stochastic,BB_Lower,Volume_MA,Rolling_Mean_Return,RSI_14,Williams_R,Rolling_Std_10,MACD_Signal,ROC,BB_Upper",Stochastic
HINDUNILVR,HINDUNILVR.NS,2023-06-23,2023,6,0,Bull,0,0.7827,SELL,1,0,0.7365,SELL,1,10,"Stochastic,BB_Lower,Volume_MA,Rolling_Mean_Return,RSI_14,Williams_R,Rolling_Std_10,MACD_Signal,ROC,BB_Upper",Stochastic
HINDUNILVR,HINDUNILVR.NS,2023-06-26,2023,6,0,Bull,0,0.791,SELL,1,0,0.745,SELL,1,10,"Stochastic,BB_Lower,Volume_MA,Rolling_Mean_Return,RSI_14,Williams_R,Rolling_Std_10,MACD_Signal,ROC,BB_Upper",Stochastic
HINDUNILVR,HINDUNILVR.NS,2023-06-27,2023,6,0,Bull,0,0.7328,SELL,1,0,0.5711,SELL,1,10,"Stochastic,BB_Lower,Volume_MA,Rolling_Mean_Return,RSI_14,Williams_R,Rolling_Std_10,MACD_Signal,ROC,BB_Upper",Stochastic
HINDUNILVR,HINDUNILVR.NS,2023-06-28,2023,6,0,Bull,0,0.777,SELL,1,0,0.6494,SELL,1,10,"Stochastic,BB_Lower,Volume_MA,Rolling_Mean_Return,RSI_14,Williams_R,Rolling_Std_10,MACD_Signal,ROC,BB_Upper",Stochastic
HINDUNILVR,HINDUNILVR.NS,2023-06-30,2023,6,0,Bull,0,0.8005,SELL,1,0,0.7525,SELL,1,10,"Stochastic,BB_Lower,Volume_MA,Rolling_Mean_Return,RSI_14,Williams_R,Rolling_Std_10,MACD_Signal,ROC,BB_Upper",Stochastic
HINDUNILVR,HINDUNILVR.NS,2023-07-03,2023,7,0,Bull,0,0.8389,SELL,1,0,0.7409,SELL,1,10,"Stochastic,BB_Lower,Volume_MA,Rolling_Mean_Return,RSI_14,Williams_R,Rolling_Std_10,MACD_Signal,ROC,BB_Upper",Stochastic
HINDUNILVR,HINDUNILVR.NS,2023-07-04,2023,7,0,Bull,0,0.8104,SELL,1,0,0.7402,SELL,1,10,"Stochastic,BB_Lower,Volume_MA,Rolling_Mean_Return,RSI_14,Williams_R,Rolling_Std_10,MACD_Signal,ROC,BB_Upper",Stochastic
HINDUNILVR,HINDUNILVR.NS,2023-07-05,2023,7,0,Bull,0,0.7885,SELL,1,0,0.7824,SELL,1,10,"Stochastic,BB_Lower,Volume_MA,Rolling_Mean_Return,RSI_14,Williams_R,Rolling_Std_10,MACD_Signal,ROC,BB_Upper",Stochastic
HINDUNILVR,HINDUNILVR.NS,2023-07-06,2023,7,0,Bull,0,0.7149,SELL,1,0,0.7478,SELL,1,10,"Stochastic,BB_Lower,Volume_MA,Rolling_Mean_Return,RSI_14,Williams_R,Rolling_Std_10,MACD_Signal,ROC,BB_Upper",Stochastic
HINDUNILVR,HINDUNILVR.NS,2023-07-07,2023,7,0,Bull,0,0.7985,SELL,1,0,0.7737,SELL,1,10,"Stochastic,BB_Lower,Volume_MA,Rolling_Mean_Return,RSI_14,Williams_R,Rolling_Std_10,MACD_Signal,ROC,BB_Upper",Stochastic
HINDUNILVR,HINDUNILVR.NS,2023-07-10,2023,7,0,Bull,0,0.7774,SELL,1,0,0.6681,SELL,1,10,"Stochastic,BB_Lower,Volume_MA,Rolling_Mean_Return,RSI_14,Williams_R,Rolling_Std_10,MACD_Signal,ROC,BB_Upper",Stochastic
HINDUNILVR,HINDUNILVR.NS,2023-07-11,2023,7,0,Bull,0,0.7944,SELL,1,0,0.6461,SELL,1,10,"Stochastic,BB_Lower,Volume_MA,Rolling_Mean_Return,RSI_14,Williams_R,Rolling_Std_10,MACD_Signal,ROC,BB_Upper",Stochastic
HINDUNILVR,HINDUNILVR.NS,2023-07-12,2023,7,0,Bull,0,0.7815,SELL,1,-1,0.534,NO TRADE,0,10,"Stochastic,BB_Lower,Volume_MA,Rolling_Mean_Return,RSI_14,Williams_R,Rolling_Std_10,MACD_Signal,ROC,BB_Upper",Stochastic
HINDUNILVR,HINDUNILVR.NS,2023-07-13,2023,7,0,Bull,0,0.6787,SELL,1,-1,0.544,NO TRADE,0,10,"Stochastic,BB_Lower,Volume_MA,Rolling_Mean_Return,RSI_14,Williams_R,Rolling_Std_10,MACD_Signal,ROC,BB_Upper",Stochastic
HINDUNILVR,HINDUNILVR.NS,2023-07-14,2023,7,0,Bull,0,0.7447,SELL,1,-1,0.5135,NO TRADE,0,10,"Stochastic,BB_Lower,Volume_MA,Rolling_Mean_Return,RSI_14,Williams_R,Rolling_Std_10,MACD_Signal,ROC,BB_Upper",Stochastic
HINDUNILVR,HINDUNILVR.NS,2023-07-17,2023,7,0,Bull,0,0.6252,SELL,1,1,0.6134,BUY,0,10,"Stochastic,BB_Lower,Volume_MA,Rolling_Mean_Return,RSI_14,Williams_R,Rolling_Std_10,MACD_Signal,ROC,BB_Upper",Stochastic
HINDUNILVR,HINDUNILVR.NS,2023-07-18,2023,7,0,Bull,0,0.6531,SELL,1,-1,0.5101,NO TRADE,0,10,"Stochastic,BB_Lower,Volume_MA,Rolling_Mean_Return,RSI_14,Williams_R,Rolling_Std_10,MACD_Signal,ROC,BB_Upper",Stochastic
HINDUNILVR,HINDUNILVR.NS,2023-07-19,2023,7,0,Bull,-1,0.5259,NO TRADE,0,1,0.7339,BUY,0,10,"Stochastic,BB_Lower,Volume_MA,Rolling_Mean_Return,RSI_14,Williams_R,Rolling_Std_10,MACD_Signal,ROC,BB_Upper",Stochastic
HINDUNILVR,HINDUNILVR.NS,2023-07-20,2023,7,0,Bull,0,0.6573,SELL,1,1,0.5594,BUY,0,10,"Stochastic,BB_Lower,Volume_MA,Rolling_Mean_Return,RSI_14,Williams_R,Rolling_Std_10,MACD_Signal,ROC,BB_Upper",Stochastic
HINDUNILVR,HINDUNILVR.NS,2023-07-21,2023,7,0,Bull,0,0.8445,SELL,1,0,0.8416,SELL,1,10,"Stochastic,BB_Lower,Volume_MA,Rolling_Mean_Return,RSI_14,Williams_R,Rolling_Std_10,MACD_Signal,ROC,BB_Upper",Stochastic
HINDUNILVR,HINDUNILVR.NS,2023-07-24,2023,7,0,Sideways,0,0.844,SELL,1,0,0.8739,SELL,1,10,"Return_10d,Williams_R,BB_Upper,MACD_Signal,ROC,Volume_MA,BB_Lower,ATR_14,Stochastic,Rolling_Std_10",Return_10d
HINDUNILVR,HINDUNILVR.NS,2023-07-25,2023,7,1,Sideways,0,0.8859,SELL,0,0,0.8687,SELL,0,10,"Return_10d,Williams_R,BB_Upper,MACD_Signal,ROC,Volume_MA,BB_Lower,ATR_14,Stochastic,Rolling_Std_10",Return_10d
HINDUNILVR,HINDUNILVR.NS,2023-07-26,2023,7,0,Bear,0,0.8464,SELL,1,0,0.8894,SELL,1,10,"Return_10d,Williams_R,BB_Upper,MACD_Signal,ROC,Volume_MA,BB_Lower,ATR_14,Stochastic,Rolling_Std_10",Return_10d
HINDUNILVR,HINDUNILVR.NS,2023-07-27,2023,7,0,Sideways,0,0.8646,SELL,1,0,0.8733,SELL,1,10,"Return_10d,Williams_R,BB_Upper,MACD_Signal,ROC,Volume_MA,BB_Lower,ATR_14,Stochastic,Rolling_Std_10",Return_10d
HINDUNILVR,HINDUNILVR.NS,2023-07-28,2023,7,0,Sideways,0,0.8457,SELL,1,0,0.863,SELL,1,10,"Return_10d,Williams_R,BB_Upper,MACD_Signal,ROC,Volume_MA,BB_Lower,ATR_14,Stochastic,Rolling_Std_10",Return_10d
HINDUNILVR,HINDUNILVR.NS,2023-07-31,2023,7,0,Sideways,0,0.8551,SELL,1,0,0.8177,SELL,1,10,"Return_10d,Williams_R,BB_Upper,MACD_Signal,ROC,Volume_MA,BB_Lower,ATR_14,Stochastic,Rolling_Std_10",Return_10d
HINDUNILVR,HINDUNILVR.NS,2023-08-01,2023,8,0,Sideways,0,0.842,SELL,1,0,0.8218,SELL,1,10,"Return_10d,Williams_R,BB_Upper,MACD_Signal,ROC,Volume_MA,BB_Lower,ATR_14,Stochastic,Rolling_Std_10",Return_10d
HINDUNILVR,HINDUNILVR.NS,2023-08-02,2023,8,0,Sideways,0,0.8923,SELL,1,0,0.8539,SELL,1,10,"Return_10d,Williams_R,BB_Upper,MACD_Signal,ROC,Volume_MA,BB_Lower,ATR_14,Stochastic,Rolling_Std_10",Return_10d
HINDUNILVR,HINDUNILVR.NS,2023-08-03,2023,8,0,Sideways,0,0.8935,SELL,1,0,0.8533,SELL,1,10,"Return_10d,Williams_R,BB_Upper,MACD_Signal,ROC,Volume_MA,BB_Lower,ATR_14,Stochastic,Rolling_Std_10",Return_10d
HINDUNILVR,HINDUNILVR.NS,2023-08-04,2023,8,0,Sideways,0,0.8553,SELL,1,0,0.8889,SELL,1,10,"Return_10d,Williams_R,BB_Upper,MACD_Signal,ROC,Volume_MA,BB_Lower,ATR_14,Stochastic,Rolling_Std_10",Return_10d
HINDUNILVR,HINDUNILVR.NS,2023-08-07,2023,8,0,Sideways,0,0.8724,SELL,1,0,0.9351,SELL,1,10,"Return_10d,Williams_R,BB_Upper,MACD_Signal,ROC,Volume_MA,BB_Lower,ATR_14,Stochastic,Rolling_Std_10",Return_10d
HINDUNILVR,HINDUNILVR.NS,2023-08-08,2023,8,0,Sideways,0,0.8126,SELL,1,0,0.9043,SELL,1,10,"Return_10d,Williams_R,BB_Upper,MACD_Signal,ROC,Volume_MA,BB_Lower,ATR_14,Stochastic,Rolling_Std_10",Return_10d
HINDUNILVR,HINDUNILVR.NS,2023-08-09,2023,8,0,Sideways,0,0.779,SELL,1,0,0.8371,SELL,1,10,"Return_10d,Williams_R,BB_Upper,MACD_Signal,ROC,Volume_MA,BB_Lower,ATR_14,Stochastic,Rolling_Std_10",Return_10d
HINDUNILVR,HINDUNILVR.NS,2023-08-10,2023,8,0,Bear,0,0.805,SELL,1,0,0.8287,SELL,1,10,"Return_10d,Williams_R,BB_Upper,MACD_Signal,ROC,Volume_MA,BB_Lower,ATR_14,Stochastic,Rolling_Std_10",Return_10d
HINDUNILVR,HINDUNILVR.NS,2023-08-11,2023,8,1,Bear,0,0.8316,SELL,0,0,0.7806,SELL,0,10,"Return_10d,Williams_R,BB_Upper,MACD_Signal,ROC,Volume_MA,BB_Lower,ATR_14,Stochastic,Rolling_Std_10",Return_10d
HINDUNILVR,HINDUNILVR.NS,2023-08-14,2023,8,0,Bear,0,0.8516,SELL,1,0,0.8491,SELL,1,10,"Return_10d,Williams_R,BB_Upper,MACD_Signal,ROC,Volume_MA,BB_Lower,ATR_14,Stochastic,Rolling_Std_10",Return_10d
HINDUNILVR,HINDUNILVR.NS,2023-08-16,2023,8,0,Bear,0,0.9032,SELL,1,0,0.7813,SELL,1,10,"Return_10d,Williams_R,BB_Upper,MACD_Signal,ROC,Volume_MA,BB_Lower,ATR_14,Stochastic,Rolling_Std_10",Return_10d
HINDUNILVR,HINDUNILVR.NS,2023-08-17,2023,8,0,Bear,0,0.8191,SELL,1,0,0.8111,SELL,1,10,"Return_10d,Williams_R,BB_Upper,MACD_Signal,ROC,Volume_MA,BB_Lower,ATR_14,Stochastic,Rolling_Std_10",Return_10d
HINDUNILVR,HINDUNILVR.NS,2023-08-18,2023,8,0,Bear,0,0.9078,SELL,1,0,0.8425,SELL,1,10,"Return_10d,Williams_R,BB_Upper,MACD_Signal,ROC,Volume_MA,BB_Lower,ATR_14,Stochastic,Rolling_Std_10",Return_10d
HINDUNILVR,HINDUNILVR.NS,2023-08-21,2023,8,0,Bear,0,0.8791,SELL,1,0,0.7385,SELL,1,10,"Return_10d,Williams_R,BB_Upper,MACD_Signal,ROC,Volume_MA,BB_Lower,ATR_14,Stochastic,Rolling_Std_10",Return_10d
HINDUNILVR,HINDUNILVR.NS,2023-08-22,2023,8,0,Bear,0,0.8577,SELL,1,0,0.5985,SELL,1,10,"Return_10d,Williams_R,BB_Upper,MACD_Signal,ROC,Volume_MA,BB_Lower,ATR_14,Stochastic,Rolling_Std_10",Return_10d
HINDUNILVR,HINDUNILVR.NS,2023-08-23,2023,8,0,Sideways,0,0.8831,SELL,1,0,0.5749,SELL,1,10,"Return_10d,Williams_R,BB_Upper,MACD_Signal,ROC,Volume_MA,BB_Lower,ATR_14,Stochastic,Rolling_Std_10",Return_10d
HINDUNILVR,HINDUNILVR.NS,2023-08-24,2023,8,0,Sideways,0,0.8883,SELL,1,-1,0.5379,NO TRADE,0,10,"Return_10d,Williams_R,BB_Upper,MACD_Signal,ROC,Volume_MA,BB_Lower,ATR_14,Stochastic,Rolling_Std_10",Return_10d
HINDUNILVR,HINDUNILVR.NS,2023-08-25,2023,8,0,Bear,0,0.8774,SELL,1,-1,0.5033,NO TRADE,0,10,"Return_10d,Williams_R,BB_Upper,MACD_Signal,ROC,Volume_MA,BB_Lower,ATR_14,Stochastic,Rolling_Std_10",Return_10d
HINDUNILVR,HINDUNILVR.NS,2023-08-28,2023,8,0,Bear,0,0.8617,SELL,1,1,0.5926,BUY,0,10,"Return_10d,Williams_R,BB_Upper,MACD_Signal,ROC,Volume_MA,BB_Lower,ATR_14,Stochastic,Rolling_Std_10",Return_10d
HINDUNILVR,HINDUNILVR.NS,2023-08-29,2023,8,0,Bear,0,0.8373,SELL,1,1,0.6891,BUY,0,10,"Return_10d,Williams_R,BB_Upper,MACD_Signal,ROC,Volume_MA,BB_Lower,ATR_14,Stochastic,Rolling_Std_10",Return_10d
HINDUNILVR,HINDUNILVR.NS,2023-08-30,2023,8,0,Bear,0,0.8058,SELL,1,1,0.788,BUY,0,10,"Return_10d,Williams_R,BB_Upper,MACD_Signal,ROC,Volume_MA,BB_Lower,ATR_14,Stochastic,Rolling_Std_10",Return_10d
HINDUNILVR,HINDUNILVR.NS,2023-08-31,2023,8,0,Bear,0,0.7817,SELL,1,1,0.8529,BUY,0,10,"Return_10d,Williams_R,BB_Upper,MACD_Signal,ROC,Volume_MA,BB_Lower,ATR_14,Stochastic,Rolling_Std_10",Return_10d
HINDUNILVR,HINDUNILVR.NS,2023-09-01,2023,9,0,Bear,0,0.7783,SELL,1,1,0.8254,BUY,0,10,"Return_10d,Williams_R,BB_Upper,MACD_Signal,ROC,Volume_MA,BB_Lower,ATR_14,Stochastic,Rolling_Std_10",Return_10d
HINDUNILVR,HINDUNILVR.NS,2023-09-04,2023,9,1,Bear,0,0.7699,SELL,0,1,0.8514,BUY,1,10,"Return_10d,Williams_R,BB_Upper,MACD_Signal,ROC,Volume_MA,BB_Lower,ATR_14,Stochastic,Rolling_Std_10",Return_10d
HINDUNILVR,HINDUNILVR.NS,2023-09-05,2023,9,1,Bear,0,0.7545,SELL,0,1,0.8556,BUY,1,10,"Return_10d,Williams_R,BB_Upper,MACD_Signal,ROC,Volume_MA,BB_Lower,ATR_14,Stochastic,Rolling_Std_10",Return_10d
HINDUNILVR,HINDUNILVR.NS,2023-09-06,2023,9,0,Bear,0,0.726,SELL,1,1,0.8805,BUY,0,10,"Return_10d,Williams_R,BB_Upper,MACD_Signal,ROC,Volume_MA,BB_Lower,ATR_14,Stochastic,Rolling_Std_10",Return_10d
HINDUNILVR,HINDUNILVR.NS,2023-09-07,2023,9,1,Bear,0,0.7914,SELL,0,1,0.8793,BUY,1,10,"Return_10d,Williams_R,BB_Upper,MACD_Signal,ROC,Volume_MA,BB_Lower,ATR_14,Stochastic,Rolling_Std_10",Return_10d
HINDUNILVR,HINDUNILVR.NS,2023-09-08,2023,9,1,Bear,0,0.7751,SELL,0,1,0.89,BUY,1,10,"Return_10d,Williams_R,BB_Upper,MACD_Signal,ROC,Volume_MA,BB_Lower,ATR_14,Stochastic,Rolling_Std_10",Return_10d
HINDUNILVR,HINDUNILVR.NS,2023-09-11,2023,9,1,Bear,0,0.8366,SELL,0,1,0.8624,BUY,1,10,"Return_10d,Williams_R,BB_Upper,MACD_Signal,ROC,Volume_MA,BB_Lower,ATR_14,Stochastic,Rolling_Std_10",Return_10d
HINDUNILVR,HINDUNILVR.NS,2023-09-12,2023,9,1,Bear,0,0.8039,SELL,0,1,0.8584,BUY,1,10,"Return_10d,Williams_R,BB_Upper,MACD_Signal,ROC,Volume_MA,BB_Lower,ATR_14,Stochastic,Rolling_Std_10",Return_10d
HINDUNILVR,HINDUNILVR.NS,2023-09-13,2023,9,1,Bear,0,0.7875,SELL,0,1,0.8618,BUY,1,10,"Return_10d,Williams_R,BB_Upper,MACD_Signal,ROC,Volume_MA,BB_Lower,ATR_14,Stochastic,Rolling_Std_10",Return_10d
HINDUNILVR,HINDUNILVR.NS,2023-09-14,2023,9,1,Bear,0,0.8495,SELL,0,1,0.758,BUY,1,10,"Return_10d,Williams_R,BB_Upper,MACD_Signal,ROC,Volume_MA,BB_Lower,ATR_14,Stochastic,Rolling_Std_10",Return_10d
HINDUNILVR,HINDUNILVR.NS,2023-09-15,2023,9,1,Bear,0,0.5662,SELL,0,1,0.7563,BUY,1,10,"Return_10d,Williams_R,BB_Upper,MACD_Signal,ROC,Volume_MA,BB_Lower,ATR_14,Stochastic,Rolling_Std_10",Return_10d
HINDUNILVR,HINDUNILVR.NS,2023-09-18,2023,9,1,Bear,1,0.5964,BUY,1,1,0.6795,BUY,1,10,"Return_10d,Williams_R,BB_Upper,MACD_Signal,ROC,Volume_MA,BB_Lower,ATR_14,Stochastic,Rolling_Std_10",Return_10d
HINDUNILVR,HINDUNILVR.NS,2023-09-20,2023,9,1,Bear,1,0.8507,BUY,1,1,0.7237,BUY,1,10,"Return_10d,Williams_R,BB_Upper,MACD_Signal,ROC,Volume_MA,BB_Lower,ATR_14,Stochastic,Rolling_Std_10",Return_10d
HINDUNILVR,HINDUNILVR.NS,2023-09-21,2023,9,1,Bear,1,0.8319,BUY,1,1,0.5589,BUY,1,10,"Return_10d,Williams_R,BB_Upper,MACD_Signal,ROC,Volume_MA,BB_Lower,ATR_14,Stochastic,Rolling_Std_10",Return_10d
HINDUNILVR,HINDUNILVR.NS,2023-09-22,2023,9,1,Bear,1,0.7747,BUY,1,1,0.6245,BUY,1,10,"Return_10d,Williams_R,BB_Upper,MACD_Signal,ROC,Volume_MA,BB_Lower,ATR_14,Stochastic,Rolling_Std_10",Return_10d
HINDUNILVR,HINDUNILVR.NS,2023-09-25,2023,9,1,Bear,1,0.7832,BUY,1,1,0.6356,BUY,1,10,"Return_10d,Williams_R,BB_Upper,MACD_Signal,ROC,Volume_MA,BB_Lower,ATR_14,Stochastic,Rolling_Std_10",Return_10d
HINDUNILVR,HINDUNILVR.NS,2023-09-26,2023,9,0,Bear,1,0.7724,BUY,0,1,0.6181,BUY,0,10,"Return_10d,Williams_R,BB_Upper,MACD_Signal,ROC,Volume_MA,BB_Lower,ATR_14,Stochastic,Rolling_Std_10",Return_10d
HINDUNILVR,HINDUNILVR.NS,2023-09-27,2023,9,0,Bear,1,0.6696,BUY,0,-1,0.5122,NO TRADE,0,10,"Return_10d,Williams_R,BB_Upper,MACD_Signal,ROC,Volume_MA,BB_Lower,ATR_14,Stochastic,Rolling_Std_10",Return_10d
HINDUNILVR,HINDUNILVR.NS,2023-09-28,2023,9,1,Bear,1,0.7865,BUY,1,1,0.6859,BUY,1,10,"Return_10d,Williams_R,BB_Upper,MACD_Signal,ROC,Volume_MA,BB_Lower,ATR_14,Stochastic,Rolling_Std_10",Return_10d
HINDUNILVR,HINDUNILVR.NS,2023-09-29,2023,9,1,Bear,1,0.8114,BUY,1,1,0.7844,BUY,1,10,"Return_10d,Williams_R,BB_Upper,MACD_Signal,ROC,Volume_MA,BB_Lower,ATR_14,Stochastic,Rolling_Std_10",Return_10d
HINDUNILVR,HINDUNILVR.NS,2023-10-03,2023,10,1,Bear,1,0.7488,BUY,1,1,0.6128,BUY,1,10,"Return_10d,Williams_R,BB_Upper,MACD_Signal,ROC,Volume_MA,BB_Lower,ATR_14,Stochastic,Rolling_Std_10",Return_10d
HINDUNILVR,HINDUNILVR.NS,2023-10-04,2023,10,0,Bear,1,0.6253,BUY,0,1,0.6397,BUY,0,10,"Return_10d,Williams_R,BB_Upper,MACD_Signal,ROC,Volume_MA,BB_Lower,ATR_14,Stochastic,Rolling_Std_10",Return_10d
HINDUNILVR,HINDUNILVR.NS,2023-10-05,2023,10,1,Bear,1,0.6152,BUY,1,0,0.6235,SELL,0,10,"Return_10d,Williams_R,BB_Upper,MACD_Signal,ROC,Volume_MA,BB_Lower,ATR_14,Stochastic,Rolling_Std_10",Return_10d
HINDUNILVR,HINDUNILVR.NS,2023-10-06,2023,10,1,Sideways,1,0.6581,BUY,1,-1,0.5166,NO TRADE,0,10,"Return_10d,Williams_R,BB_Upper,MACD_Signal,ROC,Volume_MA,BB_Lower,ATR_14,Stochastic,Rolling_Std_10",Return_10d
HINDUNILVR,HINDUNILVR.NS,2023-10-09,2023,10,1,Bear,1,0.6441,BUY,1,-1,0.5159,NO TRADE,0,10,"Return_10d,Williams_R,BB_Upper,MACD_Signal,ROC,Volume_MA,BB_Lower,ATR_14,Stochastic,Rolling_Std_10",Return_10d
HINDUNILVR,HINDUNILVR.NS,2023-10-10,2023,10,1,Bear,1,0.646,BUY,1,-1,0.5115,NO TRADE,0,10,"Return_10d,Williams_R,BB_Upper,MACD_Signal,ROC,Volume_MA,BB_Lower,ATR_14,Stochastic,Rolling_Std_10",Return_10d
HINDUNILVR,HINDUNILVR.NS,2023-10-11,2023,10,0,Sideways,-1,0.5478,NO TRADE,0,-1,0.5453,NO TRADE,0,10,"Return_10d,Williams_R,BB_Upper,MACD_Signal,ROC,Volume_MA,BB_Lower,ATR_14,Stochastic,Rolling_Std_10",Return_10d
HINDUNILVR,HINDUNILVR.NS,2023-10-12,2023,10,0,Sideways,1,0.683,BUY,0,1,0.6023,BUY,0,10,"Return_10d,Williams_R,BB_Upper,MACD_Signal,ROC,Volume_MA,BB_Lower,ATR_14,Stochastic,Rolling_Std_10",Return_10d
HINDUNILVR,HINDUNILVR.NS,2023-10-13,2023,10,0,Sideways,1,0.7341,BUY,0,-1,0.5119,NO TRADE,0,10,"Return_10d,Williams_R,BB_Upper,MACD_Signal,ROC,Volume_MA,BB_Lower,ATR_14,Stochastic,Rolling_Std_10",Return_10d
HINDUNILVR,HINDUNILVR.NS,2023-10-16,2023,10,0,Sideways,1,0.7568,BUY,0,1,0.5582,BUY,0,10,"Return_10d,Williams_R,BB_Upper,MACD_Signal,ROC,Volume_MA,BB_Lower,ATR_14,Stochastic,Rolling_Std_10",Return_10d
HINDUNILVR,HINDUNILVR.NS,2023-10-17,2023,10,0,Sideways,1,0.7785,BUY,0,1,0.7176,BUY,0,10,"Return_10d,Williams_R,BB_Upper,MACD_Signal,ROC,Volume_MA,BB_Lower,ATR_14,Stochastic,Rolling_Std_10",Return_10d
HINDUNILVR,HINDUNILVR.NS,2023-10-18,2023,10,0,Sideways,1,0.811,BUY,0,1,0.6799,BUY,0,10,"Return_10d,Williams_R,BB_Upper,MACD_Signal,ROC,Volume_MA,BB_Lower,ATR_14,Stochastic,Rolling_Std_10",Return_10d
HINDUNILVR,HINDUNILVR.NS,2023-10-19,2023,10,0,Sideways,1,0.7145,BUY,0,-1,0.5245,NO TRADE,0,10,"MACD_Signal,BB_Lower,BB_Upper,MACD_Hist,RSI_14,Volume_MA,Williams_R,ROC,BB_Width,MACD",MACD_Signal
HINDUNILVR,HINDUNILVR.NS,2023-10-20,2023,10,1,Sideways,1,0.7559,BUY,1,1,0.7167,BUY,1,10,"MACD_Signal,BB_Lower,BB_Upper,MACD_Hist,RSI_14,Volume_MA,Williams_R,ROC,BB_Width,MACD",MACD_Signal
HINDUNILVR,HINDUNILVR.NS,2023-10-23,2023,10,1,Bear,1,0.8489,BUY,1,1,0.8276,BUY,1,10,"MACD_Signal,BB_Lower,BB_Upper,MACD_Hist,RSI_14,Volume_MA,Williams_R,ROC,BB_Width,MACD",MACD_Signal
HINDUNILVR,HINDUNILVR.NS,2023-10-25,2023,10,1,Bear,1,0.8591,BUY,1,1,0.7842,BUY,1,10,"MACD_Signal,BB_Lower,BB_Upper,MACD_Hist,RSI_14,Volume_MA,Williams_R,ROC,BB_Width,MACD",MACD_Signal
HINDUNILVR,HINDUNILVR.NS,2023-10-26,2023,10,1,Sideways,1,0.845,BUY,1,1,0.7664,BUY,1,10,"MACD_Signal,BB_Lower,BB_Upper,MACD_Hist,RSI_14,Volume_MA,Williams_R,ROC,BB_Width,MACD",MACD_Signal
HINDUNILVR,HINDUNILVR.NS,2023-10-27,2023,10,1,Sideways,1,0.8116,BUY,1,1,0.7465,BUY,1,10,"MACD_Signal,BB_Lower,BB_Upper,MACD_Hist,RSI_14,Volume_MA,Williams_R,ROC,BB_Width,MACD",MACD_Signal
HINDUNILVR,HINDUNILVR.NS,2023-10-30,2023,10,1,Sideways,1,0.7972,BUY,1,1,0.7501,BUY,1,10,"MACD_Signal,BB_Lower,BB_Upper,MACD_Hist,RSI_14,Volume_MA,Williams_R,ROC,BB_Width,MACD",MACD_Signal
HINDUNILVR,HINDUNILVR.NS,2023-10-31,2023,10,1,Bear,1,0.7998,BUY,1,1,0.7802,BUY,1,10,"MACD_Signal,BB_Lower,BB_Upper,MACD_Hist,RSI_14,Volume_MA,Williams_R,ROC,BB_Width,MACD",MACD_Signal
HINDUNILVR,HINDUNILVR.NS,2023-11-01,2023,11,1,Sideways,1,0.8294,BUY,1,1,0.7958,BUY,1,10,"MACD_Signal,BB_Lower,BB_Upper,MACD_Hist,RSI_14,Volume_MA,Williams_R,ROC,BB_Width,MACD",MACD_Signal
HINDUNILVR,HINDUNILVR.NS,2023-11-02,2023,11,1,Bear,1,0.7685,BUY,1,1,0.7501,BUY,1,10,"MACD_Signal,BB_Lower,BB_Upper,MACD_Hist,RSI_14,Volume_MA,Williams_R,ROC,BB_Width,MACD",MACD_Signal
HINDUNILVR,HINDUNILVR.NS,2023-11-03,2023,11,1,Sideways,1,0.7834,BUY,1,1,0.7186,BUY,1,10,"MACD_Signal,BB_Lower,BB_Upper,MACD_Hist,RSI_14,Volume_MA,Williams_R,ROC,BB_Width,MACD",MACD_Signal
HINDUNILVR,HINDUNILVR.NS,2023-11-06,2023,11,1,Sideways,1,0.8149,BUY,1,1,0.6985,BUY,1,10,"MACD_Signal,BB_Lower,BB_Upper,MACD_Hist,RSI_14,Volume_MA,Williams_R,ROC,BB_Width,MACD",MACD_Signal
HINDUNILVR,HINDUNILVR.NS,2023-11-07,2023,11,1,Sideways,1,0.8626,BUY,1,1,0.6962,BUY,1,10,"MACD_Signal,BB_Lower,BB_Upper,MACD_Hist,RSI_14,Volume_MA,Williams_R,ROC,BB_Width,MACD",MACD_Signal
HINDUNILVR,HINDUNILVR.NS,2023-11-08,2023,11,1,Sideways,1,0.7194,BUY,1,1,0.6239,BUY,1,10,"MACD_Signal,BB_Lower,BB_Upper,MACD_Hist,RSI_14,Volume_MA,Williams_R,ROC,BB_Width,MACD",MACD_Signal
HINDUNILVR,HINDUNILVR.NS,2023-11-09,2023,11,1,Sideways,1,0.9177,BUY,1,1,0.7399,BUY,1,10,"MACD_Signal,BB_Lower,BB_Upper,MACD_Hist,RSI_14,Volume_MA,Williams_R,ROC,BB_Width,MACD",MACD_Signal
HINDUNILVR,HINDUNILVR.NS,2023-11-10,2023,11,1,Sideways,1,0.9009,BUY,1,1,0.7879,BUY,1,10,"MACD_Signal,BB_Lower,BB_Upper,MACD_Hist,RSI_14,Volume_MA,Williams_R,ROC,BB_Width,MACD",MACD_Signal
HINDUNILVR,HINDUNILVR.NS,2023-11-13,2023,11,1,Sideways,1,0.9168,BUY,1,1,0.7317,BUY,1,10,"MACD_Signal,BB_Lower,BB_Upper,MACD_Hist,RSI_14,Volume_MA,Williams_R,ROC,BB_Width,MACD",MACD_Signal
HINDUNILVR,HINDUNILVR.NS,2023-11-15,2023,11,1,Sideways,1,0.8969,BUY,1,1,0.644,BUY,1,10,"MACD_Signal,BB_Lower,BB_Upper,MACD_Hist,RSI_14,Volume_MA,Williams_R,ROC,BB_Width,MACD",MACD_Signal
HINDUNILVR,HINDUNILVR.NS,2023-11-16,2023,11,1,Sideways,1,0.872,BUY,1,1,0.6143,BUY,1,10,"MACD_Signal,BB_Lower,BB_Upper,MACD_Hist,RSI_14,Volume_MA,Williams_R,ROC,BB_Width,MACD",MACD_Signal
HINDUNILVR,HINDUNILVR.NS,2023-11-17,2023,11,1,Sideways,1,0.6082,BUY,1,-1,0.5127,NO TRADE,0,10,"MACD_Signal,BB_Lower,BB_Upper,MACD_Hist,RSI_14,Volume_MA,Williams_R,ROC,BB_Width,MACD",MACD_Signal
HINDUNILVR,HINDUNILVR.NS,2023-11-20,2023,11,1,Sideways,1,0.8077,BUY,1,1,0.5798,BUY,1,10,"MACD_Signal,BB_Lower,BB_Upper,MACD_Hist,RSI_14,Volume_MA,Williams_R,ROC,BB_Width,MACD",MACD_Signal
HINDUNILVR,HINDUNILVR.NS,2023-11-21,2023,11,1,Sideways,1,0.8082,BUY,1,1,0.593,BUY,1,10,"MACD_Signal,BB_Lower,BB_Upper,MACD_Hist,RSI_14,Volume_MA,Williams_R,ROC,BB_Width,MACD",MACD_Signal
HINDUNILVR,HINDUNILVR.NS,2023-11-22,2023,11,1,Sideways,1,0.7325,BUY,1,-1,0.5281,NO TRADE,0,10,"MACD_Signal,BB_Lower,BB_Upper,MACD_Hist,RSI_14,Volume_MA,Williams_R,ROC,BB_Width,MACD",MACD_Signal
HINDUNILVR,HINDUNILVR.NS,2023-11-23,2023,11,1,Sideways,1,0.7518,BUY,1,1,0.5518,BUY,1,10,"MACD_Signal,BB_Lower,BB_Upper,MACD_Hist,RSI_14,Volume_MA,Williams_R,ROC,BB_Width,MACD",MACD_Signal
HINDUNILVR,HINDUNILVR.NS,2023-11-24,2023,11,1,Sideways,1,0.8023,BUY,1,1,0.6064,BUY,1,10,"MACD_Signal,BB_Lower,BB_Upper,MACD_Hist,RSI_14,Volume_MA,Williams_R,ROC,BB_Width,MACD",MACD_Signal
HINDUNILVR,HINDUNILVR.NS,2023-11-28,2023,11,1,Sideways,1,0.7624,BUY,1,1,0.6264,BUY,1,10,"MACD_Signal,BB_Lower,BB_Upper,MACD_Hist,RSI_14,Volume_MA,Williams_R,ROC,BB_Width,MACD",MACD_Signal
HINDUNILVR,HINDUNILVR.NS,2023-11-29,2023,11,1,Sideways,1,0.671,BUY,1,-1,0.5179,NO TRADE,0,10,"MACD_Signal,BB_Lower,BB_Upper,MACD_Hist,RSI_14,Volume_MA,Williams_R,ROC,BB_Width,MACD",MACD_Signal
HINDUNILVR,HINDUNILVR.NS,2023-11-30,2023,11,1,Sideways,-1,0.5192,NO TRADE,0,0,0.6012,SELL,0,10,"MACD_Signal,BB_Lower,BB_Upper,MACD_Hist,RSI_14,Volume_MA,Williams_R,ROC,BB_Width,MACD",MACD_Signal
HINDUNILVR,HINDUNILVR.NS,2023-12-01,2023,12,1,Bull,-1,0.5115,NO TRADE,0,0,0.5897,SELL,0,10,"MACD_Signal,BB_Lower,BB_Upper,MACD_Hist,RSI_14,Volume_MA,Williams_R,ROC,BB_Width,MACD",MACD_Signal
HINDUNILVR,HINDUNILVR.NS,2023-12-04,2023,12,1,Bull,1,0.6365,BUY,1,1,0.6089,BUY,1,10,"MACD_Signal,BB_Lower,BB_Upper,MACD_Hist,RSI_14,Volume_MA,Williams_R,ROC,BB_Width,MACD",MACD_Signal
HINDUNILVR,HINDUNILVR.NS,2023-12-05,2023,12,1,Bull,1,0.6279,BUY,1,1,0.5599,BUY,1,10,"MACD_Signal,BB_Lower,BB_Upper,MACD_Hist,RSI_14,Volume_MA,Williams_R,ROC,BB_Width,MACD",MACD_Signal
HINDUNILVR,HINDUNILVR.NS,2023-12-06,2023,12,1,Bull,1,0.6111,BUY,1,-1,0.5122,NO TRADE,0,10,"MACD_Signal,BB_Lower,BB_Upper,MACD_Hist,RSI_14,Volume_MA,Williams_R,ROC,BB_Width,MACD",MACD_Signal
HINDUNILVR,HINDUNILVR.NS,2023-12-07,2023,12,1,Bull,1,0.7564,BUY,1,1,0.6073,BUY,1,10,"MACD_Signal,BB_Lower,BB_Upper,MACD_Hist,RSI_14,Volume_MA,Williams_R,ROC,BB_Width,MACD",MACD_Signal
HINDUNILVR,HINDUNILVR.NS,2023-12-08,2023,12,1,Sideways,1,0.7186,BUY,1,1,0.5827,BUY,1,10,"MACD_Signal,BB_Lower,BB_Upper,MACD_Hist,RSI_14,Volume_MA,Williams_R,ROC,BB_Width,MACD",MACD_Signal
HINDUNILVR,HINDUNILVR.NS,2023-12-11,2023,12,1,Bull,1,0.7558,BUY,1,1,0.6281,BUY,1,10,"MACD_Signal,BB_Lower,BB_Upper,MACD_Hist,RSI_14,Volume_MA,Williams_R,ROC,BB_Width,MACD",MACD_Signal
HINDUNILVR,HINDUNILVR.NS,2023-12-12,2023,12,1,Sideways,1,0.7694,BUY,1,1,0.6453,BUY,1,10,"MACD_Signal,BB_Lower,BB_Upper,MACD_Hist,RSI_14,Volume_MA,Williams_R,ROC,BB_Width,MACD",MACD_Signal
HINDUNILVR,HINDUNILVR.NS,2023-12-13,2023,12,1,Sideways,1,0.7406,BUY,1,0,0.6701,SELL,0,10,"MACD_Signal,BB_Lower,BB_Upper,MACD_Hist,RSI_14,Volume_MA,Williams_R,ROC,BB_Width,MACD",MACD_Signal
HINDUNILVR,HINDUNILVR.NS,2023-12-14,2023,12,1,Bull,1,0.7085,BUY,1,0,0.8906,SELL,0,10,"MACD_Signal,BB_Lower,BB_Upper,MACD_Hist,RSI_14,Volume_MA,Williams_R,ROC,BB_Width,MACD",MACD_Signal
HINDUNILVR,HINDUNILVR.NS,2023-12-15,2023,12,1,Bull,1,0.6997,BUY,1,0,0.897,SELL,0,10,"MACD_Signal,BB_Lower,BB_Upper,MACD_Hist,RSI_14,Volume_MA,Williams_R,ROC,BB_Width,MACD",MACD_Signal
HINDUNILVR,HINDUNILVR.NS,2023-12-18,2023,12,1,Bull,1,0.6772,BUY,1,0,0.8837,SELL,0,10,"MACD_Signal,BB_Lower,BB_Upper,MACD_Hist,RSI_14,Volume_MA,Williams_R,ROC,BB_Width,MACD",MACD_Signal
HINDUNILVR,HINDUNILVR.NS,2023-12-19,2023,12,1,Sideways,-1,0.5085,NO TRADE,0,0,0.932,SELL,0,10,"MACD_Signal,BB_Lower,BB_Upper,MACD_Hist,RSI_14,Volume_MA,Williams_R,ROC,BB_Width,MACD",MACD_Signal
HINDUNILVR,HINDUNILVR.NS,2023-12-20,2023,12,0,Bull,-1,0.5461,NO TRADE,0,0,0.9338,SELL,1,10,"MACD_Signal,BB_Lower,BB_Upper,MACD_Hist,RSI_14,Volume_MA,Williams_R,ROC,BB_Width,MACD",MACD_Signal
HINDUNILVR,HINDUNILVR.NS,2023-12-21,2023,12,1,Bull,-1,0.5248,NO TRADE,0,0,0.9508,SELL,0,10,"MACD_Signal,BB_Lower,BB_Upper,MACD_Hist,RSI_14,Volume_MA,Williams_R,ROC,BB_Width,MACD",MACD_Signal
HINDUNILVR,HINDUNILVR.NS,2023-12-22,2023,12,0,Bull,0,0.5631,SELL,1,0,0.9342,SELL,1,10,"MACD_Signal,BB_Lower,BB_Upper,MACD_Hist,RSI_14,Volume_MA,Williams_R,ROC,BB_Width,MACD",MACD_Signal
HINDUNILVR,HINDUNILVR.NS,2023-12-26,2023,12,0,Bull,-1,0.522,NO TRADE,0,0,0.9226,SELL,1,10,"MACD_Signal,BB_Lower,BB_Upper,MACD_Hist,RSI_14,Volume_MA,Williams_R,ROC,BB_Width,MACD",MACD_Signal
HINDUNILVR,HINDUNILVR.NS,2023-12-27,2023,12,0,Sideways,0,0.6118,SELL,1,0,0.9157,SELL,1,10,"MACD_Signal,BB_Lower,BB_Upper,MACD_Hist,RSI_14,Volume_MA,Williams_R,ROC,BB_Width,MACD",MACD_Signal
HINDUNILVR,HINDUNILVR.NS,2023-12-28,2023,12,0,Bull,0,0.636,SELL,1,0,0.9193,SELL,1,10,"MACD_Signal,BB_Lower,BB_Upper,MACD_Hist,RSI_14,Volume_MA,Williams_R,ROC,BB_Width,MACD",MACD_Signal
HINDUNILVR,HINDUNILVR.NS,2023-12-29,2023,12,0,Bull,0,0.5965,SELL,1,0,0.9078,SELL,1,10,"MACD_Signal,BB_Lower,BB_Upper,MACD_Hist,RSI_14,Volume_MA,Williams_R,ROC,BB_Width,MACD",MACD_Signal
HINDUNILVR,HINDUNILVR.NS,2024-01-01,2024,1,0,Bull,-1,0.5375,NO TRADE,0,0,0.8768,SELL,1,10,"MACD_Signal,BB_Lower,BB_Upper,MACD_Hist,RSI_14,Volume_MA,Williams_R,ROC,BB_Width,MACD",MACD_Signal
HINDUNILVR,HINDUNILVR.NS,2024-01-02,2024,1,0,Bull,-1,0.5332,NO TRADE,0,0,0.9014,SELL,1,10,"MACD_Signal,BB_Lower,BB_Upper,MACD_Hist,RSI_14,Volume_MA,Williams_R,ROC,BB_Width,MACD",MACD_Signal
HINDUNILVR,HINDUNILVR.NS,2024-01-03,2024,1,0,Bull,-1,0.5488,NO TRADE,0,0,0.8784,SELL,1,10,"MACD_Signal,BB_Lower,BB_Upper,MACD_Hist,RSI_14,Volume_MA,Williams_R,ROC,BB_Width,MACD",MACD_Signal
HINDUNILVR,HINDUNILVR.NS,2024-01-04,2024,1,0,Bull,1,0.5676,BUY,0,0,0.8761,SELL,1,10,"MACD_Signal,BB_Lower,BB_Upper,MACD_Hist,RSI_14,Volume_MA,Williams_R,ROC,BB_Width,MACD",MACD_Signal
HINDUNILVR,HINDUNILVR.NS,2024-01-05,2024,1,0,Bull,1,0.5811,BUY,0,0,0.902,SELL,1,10,"MACD_Signal,BB_Lower,BB_Upper,MACD_Hist,RSI_14,Volume_MA,Williams_R,ROC,BB_Width,MACD",MACD_Signal
HINDUNILVR,HINDUNILVR.NS,2024-01-08,2024,1,0,Bull,1,0.6189,BUY,0,0,0.9076,SELL,1,10,"MACD_Signal,BB_Lower,BB_Upper,MACD_Hist,RSI_14,Volume_MA,Williams_R,ROC,BB_Width,MACD",MACD_Signal
HINDUNILVR,HINDUNILVR.NS,2024-01-09,2024,1,0,Bull,1,0.6609,BUY,0,0,0.7755,SELL,1,10,"MACD_Signal,BB_Lower,BB_Upper,MACD_Hist,RSI_14,Volume_MA,Williams_R,ROC,BB_Width,MACD",MACD_Signal
HINDUNILVR,HINDUNILVR.NS,2024-01-10,2024,1,0,Bull,1,0.7698,BUY,0,0,0.6024,SELL,1,10,"MACD_Signal,BB_Lower,BB_Upper,MACD_Hist,RSI_14,Volume_MA,Williams_R,ROC,BB_Width,MACD",MACD_Signal
HINDUNILVR,HINDUNILVR.NS,2024-01-11,2024,1,0,Bull,1,0.7486,BUY,0,0,0.658,SELL,1,10,"MACD_Signal,BB_Lower,BB_Upper,MACD_Hist,RSI_14,Volume_MA,Williams_R,ROC,BB_Width,MACD",MACD_Signal
HINDUNILVR,HINDUNILVR.NS,2024-01-12,2024,1,0,Bull,1,0.7002,BUY,0,0,0.8229,SELL,1,10,"MACD_Signal,BB_Lower,BB_Upper,MACD_Hist,RSI_14,Volume_MA,Williams_R,ROC,BB_Width,MACD",MACD_Signal
HINDUNILVR,HINDUNILVR.NS,2024-01-15,2024,1,0,Bull,1,0.7131,BUY,0,0,0.5645,SELL,1,10,"MACD_Signal,BB_Lower,BB_Upper,MACD_Hist,RSI_14,Volume_MA,Williams_R,ROC,BB_Width,MACD",MACD_Signal
HINDUNILVR,HINDUNILVR.NS,2024-01-16,2024,1,0,Bull,1,0.786,BUY,0,-1,0.5243,NO TRADE,0,10,"MACD_Signal,BB_Lower,BB_Upper,MACD_Hist,RSI_14,Volume_MA,Williams_R,ROC,BB_Width,MACD",MACD_Signal
HINDUNILVR,HINDUNILVR.NS,2024-01-17,2024,1,0,Bull,0,0.6137,SELL,1,0,0.7079,SELL,1,10,"BB_Lower,BB_Upper,MACD_Signal,OBV,MACD,ADX,MACD_Hist,ROC,Williams_R,Stochastic",BB_Lower
HINDUNILVR,HINDUNILVR.NS,2024-01-18,2024,1,0,Sideways,0,0.7036,SELL,1,0,0.6333,SELL,1,10,"BB_Lower,BB_Upper,MACD_Signal,OBV,MACD,ADX,MACD_Hist,ROC,Williams_R,Stochastic",BB_Lower
HINDUNILVR,HINDUNILVR.NS,2024-01-19,2024,1,0,Sideways,0,0.6573,SELL,1,0,0.7119,SELL,1,10,"BB_Lower,BB_Upper,MACD_Signal,OBV,MACD,ADX,MACD_Hist,ROC,Williams_R,Stochastic",BB_Lower
HINDUNILVR,HINDUNILVR.NS,2024-01-23,2024,1,1,Bull,0,0.5725,SELL,0,0,0.6226,SELL,0,10,"BB_Lower,BB_Upper,MACD_Signal,OBV,MACD,ADX,MACD_Hist,ROC,Williams_R,Stochastic",BB_Lower
HINDUNILVR,HINDUNILVR.NS,2024-01-24,2024,1,0,Bear,-1,0.5346,NO TRADE,0,0,0.7188,SELL,1,10,"BB_Lower,BB_Upper,MACD_Signal,OBV,MACD,ADX,MACD_Hist,ROC,Williams_R,Stochastic",BB_Lower
HINDUNILVR,HINDUNILVR.NS,2024-01-25,2024,1,0,Sideways,1,0.5602,BUY,0,0,0.6794,SELL,1,10,"BB_Lower,BB_Upper,MACD_Signal,OBV,MACD,ADX,MACD_Hist,ROC,Williams_R,Stochastic",BB_Lower
HINDUNILVR,HINDUNILVR.NS,2024-01-29,2024,1,0,Sideways,1,0.7778,BUY,0,0,0.6942,SELL,1,10,"BB_Lower,BB_Upper,MACD_Signal,OBV,MACD,ADX,MACD_Hist,ROC,Williams_R,Stochastic",BB_Lower
HINDUNILVR,HINDUNILVR.NS,2024-01-30,2024,1,0,Sideways,1,0.7054,BUY,0,0,0.7278,SELL,1,10,"BB_Lower,BB_Upper,MACD_Signal,OBV,MACD,ADX,MACD_Hist,ROC,Williams_R,Stochastic",BB_Lower
HINDUNILVR,HINDUNILVR.NS,2024-01-31,2024,1,0,Sideways,1,0.5899,BUY,0,0,0.7432,SELL,1,10,"BB_Lower,BB_Upper,MACD_Signal,OBV,MACD,ADX,MACD_Hist,ROC,Williams_R,Stochastic",BB_Lower
HINDUNILVR,HINDUNILVR.NS,2024-02-01,2024,2,0,Sideways,1,0.7216,BUY,0,-1,0.511,NO TRADE,0,10,"BB_Lower,BB_Upper,MACD_Signal,OBV,MACD,ADX,MACD_Hist,ROC,Williams_R,Stochastic",BB_Lower
HINDUNILVR,HINDUNILVR.NS,2024-02-02,2024,2,0,Sideways,1,0.7621,BUY,0,1,0.7173,BUY,0,10,"BB_Lower,BB_Upper,MACD_Signal,OBV,MACD,ADX,MACD_Hist,ROC,Williams_R,Stochastic",BB_Lower
HINDUNILVR,HINDUNILVR.NS,2024-02-05,2024,2,1,Sideways,1,0.785,BUY,1,1,0.8131,BUY,1,10,"BB_Lower,BB_Upper,MACD_Signal,OBV,MACD,ADX,MACD_Hist,ROC,Williams_R,Stochastic",BB_Lower
HINDUNILVR,HINDUNILVR.NS,2024-02-06,2024,2,0,Bear,1,0.7906,BUY,0,1,0.8472,BUY,0,10,"BB_Lower,BB_Upper,MACD_Signal,OBV,MACD,ADX,MACD_Hist,ROC,Williams_R,Stochastic",BB_Lower
HINDUNILVR,HINDUNILVR.NS,2024-02-07,2024,2,0,Bear,1,0.7621,BUY,0,1,0.866,BUY,0,10,"BB_Lower,BB_Upper,MACD_Signal,OBV,MACD,ADX,MACD_Hist,ROC,Williams_R,Stochastic",BB_Lower
HINDUNILVR,HINDUNILVR.NS,2024-02-08,2024,2,1,Bear,1,0.8468,BUY,1,1,0.8788,BUY,1,10,"BB_Lower,BB_Upper,MACD_Signal,OBV,MACD,ADX,MACD_Hist,ROC,Williams_R,Stochastic",BB_Lower
HINDUNILVR,HINDUNILVR.NS,2024-02-09,2024,2,0,Bear,1,0.8036,BUY,0,1,0.8622,BUY,0,10,"BB_Lower,BB_Upper,MACD_Signal,OBV,MACD,ADX,MACD_Hist,ROC,Williams_R,Stochastic",BB_Lower
HINDUNILVR,HINDUNILVR.NS,2024-02-12,2024,2,0,Bear,1,0.8407,BUY,0,1,0.8668,BUY,0,10,"BB_Lower,BB_Upper,MACD_Signal,OBV,MACD,ADX,MACD_Hist,ROC,Williams_R,Stochastic",BB_Lower
HINDUNILVR,HINDUNILVR.NS,2024-02-13,2024,2,0,Bear,1,0.8257,BUY,0,1,0.8712,BUY,0,10,"BB_Lower,BB_Upper,MACD_Signal,OBV,MACD,ADX,MACD_Hist,ROC,Williams_R,Stochastic",BB_Lower
HINDUNILVR,HINDUNILVR.NS,2024-02-14,2024,2,0,Bear,1,0.8405,BUY,0,1,0.8556,BUY,0,10,"BB_Lower,BB_Upper,MACD_Signal,OBV,MACD,ADX,MACD_Hist,ROC,Williams_R,Stochastic",BB_Lower
HINDUNILVR,HINDUNILVR.NS,2024-02-15,2024,2,0,Bear,1,0.908,BUY,0,1,0.875,BUY,0,10,"BB_Lower,BB_Upper,MACD_Signal,OBV,MACD,ADX,MACD_Hist,ROC,Williams_R,Stochastic",BB_Lower
HINDUNILVR,HINDUNILVR.NS,2024-02-16,2024,2,0,Bear,1,0.8367,BUY,0,1,0.8759,BUY,0,10,"BB_Lower,BB_Upper,MACD_Signal,OBV,MACD,ADX,MACD_Hist,ROC,Williams_R,Stochastic",BB_Lower
HINDUNILVR,HINDUNILVR.NS,2024-02-19,2024,2,0,Bear,1,0.8436,BUY,0,1,0.8784,BUY,0,10,"BB_Lower,BB_Upper,MACD_Signal,OBV,MACD,ADX,MACD_Hist,ROC,Williams_R,Stochastic",BB_Lower
HINDUNILVR,HINDUNILVR.NS,2024-02-20,2024,2,0,Bear,1,0.8581,BUY,0,1,0.8763,BUY,0,10,"BB_Lower,BB_Upper,MACD_Signal,OBV,MACD,ADX,MACD_Hist,ROC,Williams_R,Stochastic",BB_Lower
HINDUNILVR,HINDUNILVR.NS,2024-02-21,2024,2,0,Bear,1,0.894,BUY,0,1,0.8462,BUY,0,10,"BB_Lower,BB_Upper,MACD_Signal,OBV,MACD,ADX,MACD_Hist,ROC,Williams_R,Stochastic",BB_Lower
HINDUNILVR,HINDUNILVR.NS,2024-02-22,2024,2,0,Bear,1,0.8956,BUY,0,1,0.8489,BUY,0,10,"BB_Lower,BB_Upper,MACD_Signal,OBV,MACD,ADX,MACD_Hist,ROC,Williams_R,Stochastic",BB_Lower
HINDUNILVR,HINDUNILVR.NS,2024-02-23,2024,2,0,Bear,1,0.8845,BUY,0,1,0.8361,BUY,0,10,"BB_Lower,BB_Upper,MACD_Signal,OBV,MACD,ADX,MACD_Hist,ROC,Williams_R,Stochastic",BB_Lower
HINDUNILVR,HINDUNILVR.NS,2024-02-26,2024,2,0,Bear,1,0.8414,BUY,0,1,0.8018,BUY,0,10,"BB_Lower,BB_Upper,MACD_Signal,OBV,MACD,ADX,MACD_Hist,ROC,Williams_R,Stochastic",BB_Lower
HINDUNILVR,HINDUNILVR.NS,2024-02-27,2024,2,0,Bear,1,0.8424,BUY,0,1,0.769,BUY,0,10,"BB_Lower,BB_Upper,MACD_Signal,OBV,MACD,ADX,MACD_Hist,ROC,Williams_R,Stochastic",BB_Lower
HINDUNILVR,HINDUNILVR.NS,2024-02-28,2024,2,0,Bear,1,0.7869,BUY,0,1,0.6366,BUY,0,10,"BB_Lower,BB_Upper,MACD_Signal,OBV,MACD,ADX,MACD_Hist,ROC,Williams_R,Stochastic",BB_Lower
HINDUNILVR,HINDUNILVR.NS,2024-02-29,2024,2,0,Bear,1,0.7657,BUY,0,1,0.645,BUY,0,10,"BB_Lower,BB_Upper,MACD_Signal,OBV,MACD,ADX,MACD_Hist,ROC,Williams_R,Stochastic",BB_Lower
HINDUNILVR,HINDUNILVR.NS,2024-03-01,2024,3,0,Bear,1,0.7754,BUY,0,1,0.5964,BUY,0,10,"BB_Lower,BB_Upper,MACD_Signal,OBV,MACD,ADX,MACD_Hist,ROC,Williams_R,Stochastic",BB_Lower
HINDUNILVR,HINDUNILVR.NS,2024-03-04,2024,3,0,Bear,1,0.7482,BUY,0,1,0.5519,BUY,0,10,"BB_Lower,BB_Upper,MACD_Signal,OBV,MACD,ADX,MACD_Hist,ROC,Williams_R,Stochastic",BB_Lower
HINDUNILVR,HINDUNILVR.NS,2024-03-05,2024,3,0,Bear,1,0.804,BUY,0,1,0.5764,BUY,0,10,"BB_Lower,BB_Upper,MACD_Signal,OBV,MACD,ADX,MACD_Hist,ROC,Williams_R,Stochastic",BB_Lower
HINDUNILVR,HINDUNILVR.NS,2024-03-06,2024,3,0,Bear,1,0.8246,BUY,0,1,0.668,BUY,0,10,"BB_Lower,BB_Upper,MACD_Signal,OBV,MACD,ADX,MACD_Hist,ROC,Williams_R,Stochastic",BB_Lower
HINDUNILVR,HINDUNILVR.NS,2024-03-07,2024,3,0,Bear,1,0.7252,BUY,0,1,0.6012,BUY,0,10,"BB_Lower,BB_Upper,MACD_Signal,OBV,MACD,ADX,MACD_Hist,ROC,Williams_R,Stochastic",BB_Lower
HINDUNILVR,HINDUNILVR.NS,2024-03-11,2024,3,0,Bear,1,0.7887,BUY,0,1,0.6713,BUY,0,10,"BB_Lower,BB_Upper,MACD_Signal,OBV,MACD,ADX,MACD_Hist,ROC,Williams_R,Stochastic",BB_Lower
HINDUNILVR,HINDUNILVR.NS,2024-03-12,2024,3,0,Bear,1,0.8379,BUY,0,1,0.7,BUY,0,10,"BB_Lower,BB_Upper,MACD_Signal,OBV,MACD,ADX,MACD_Hist,ROC,Williams_R,Stochastic",BB_Lower
HINDUNILVR,HINDUNILVR.NS,2024-03-13,2024,3,0,Bear,1,0.8508,BUY,0,1,0.6588,BUY,0,10,"BB_Lower,BB_Upper,MACD_Signal,OBV,MACD,ADX,MACD_Hist,ROC,Williams_R,Stochastic",BB_Lower
HINDUNILVR,HINDUNILVR.NS,2024-03-14,2024,3,0,Bear,1,0.8253,BUY,0,1,0.6966,BUY,0,10,"BB_Lower,BB_Upper,MACD_Signal,OBV,MACD,ADX,MACD_Hist,ROC,Williams_R,Stochastic",BB_Lower
HINDUNILVR,HINDUNILVR.NS,2024-03-15,2024,3,0,Bear,1,0.8607,BUY,0,1,0.6932,BUY,0,10,"BB_Lower,BB_Upper,MACD_Signal,OBV,MACD,ADX,MACD_Hist,ROC,Williams_R,Stochastic",BB_Lower
HINDUNILVR,HINDUNILVR.NS,2024-03-18,2024,3,0,Bear,1,0.8417,BUY,0,1,0.7787,BUY,0,10,"BB_Lower,BB_Upper,MACD_Signal,OBV,MACD,ADX,MACD_Hist,ROC,Williams_R,Stochastic",BB_Lower
HINDUNILVR,HINDUNILVR.NS,2024-03-19,2024,3,0,Bear,1,0.8608,BUY,0,1,0.835,BUY,0,10,"BB_Lower,BB_Upper,MACD_Signal,OBV,MACD,ADX,MACD_Hist,ROC,Williams_R,Stochastic",BB_Lower
HINDUNILVR,HINDUNILVR.NS,2024-03-20,2024,3,1,Bear,1,0.8869,BUY,1,1,0.862,BUY,1,10,"BB_Lower,BB_Upper,MACD_Signal,OBV,MACD,ADX,MACD_Hist,ROC,Williams_R,Stochastic",BB_Lower
HINDUNILVR,HINDUNILVR.NS,2024-03-21,2024,3,1,Bear,1,0.9,BUY,1,1,0.8784,BUY,1,10,"BB_Lower,BB_Upper,MACD_Signal,OBV,MACD,ADX,MACD_Hist,ROC,Williams_R,Stochastic",BB_Lower
HINDUNILVR,HINDUNILVR.NS,2024-03-22,2024,3,0,Bear,1,0.894,BUY,0,1,0.8548,BUY,0,10,"BB_Lower,BB_Upper,MACD_Signal,OBV,MACD,ADX,MACD_Hist,ROC,Williams_R,Stochastic",BB_Lower
HINDUNILVR,HINDUNILVR.NS,2024-03-26,2024,3,0,Bear,1,0.9057,BUY,0,1,0.8769,BUY,0,10,"BB_Lower,BB_Upper,MACD_Signal,OBV,MACD,ADX,MACD_Hist,ROC,Williams_R,Stochastic",BB_Lower
HINDUNILVR,HINDUNILVR.NS,2024-03-27,2024,3,0,Bear,1,0.9068,BUY,0,1,0.8602,BUY,0,10,"BB_Lower,BB_Upper,MACD_Signal,OBV,MACD,ADX,MACD_Hist,ROC,Williams_R,Stochastic",BB_Lower
HINDUNILVR,HINDUNILVR.NS,2024-03-28,2024,3,0,Bear,1,0.8499,BUY,0,1,0.8364,BUY,0,10,"BB_Lower,BB_Upper,MACD_Signal,OBV,MACD,ADX,MACD_Hist,ROC,Williams_R,Stochastic",BB_Lower
HINDUNILVR,HINDUNILVR.NS,2024-04-01,2024,4,0,Bear,1,0.8164,BUY,0,1,0.8372,BUY,0,10,"BB_Lower,BB_Upper,MACD_Signal,OBV,MACD,ADX,MACD_Hist,ROC,Williams_R,Stochastic",BB_Lower
HINDUNILVR,HINDUNILVR.NS,2024-04-02,2024,4,0,Bear,1,0.8777,BUY,0,1,0.8529,BUY,0,10,"BB_Lower,BB_Upper,MACD_Signal,OBV,MACD,ADX,MACD_Hist,ROC,Williams_R,Stochastic",BB_Lower
HINDUNILVR,HINDUNILVR.NS,2024-04-03,2024,4,0,Bear,1,0.8921,BUY,0,1,0.8514,BUY,0,10,"BB_Lower,BB_Upper,MACD_Signal,OBV,MACD,ADX,MACD_Hist,ROC,Williams_R,Stochastic",BB_Lower
HINDUNILVR,HINDUNILVR.NS,2024-04-04,2024,4,1,Bear,1,0.8843,BUY,1,1,0.8308,BUY,1,10,"BB_Lower,BB_Upper,MACD_Signal,OBV,MACD,ADX,MACD_Hist,ROC,Williams_R,Stochastic",BB_Lower
HINDUNILVR,HINDUNILVR.NS,2024-04-05,2024,4,1,Bear,1,0.8648,BUY,1,1,0.8269,BUY,1,10,"BB_Lower,BB_Upper,MACD_Signal,OBV,MACD,ADX,MACD_Hist,ROC,Williams_R,Stochastic",BB_Lower
HINDUNILVR,HINDUNILVR.NS,2024-04-08,2024,4,1,Bear,1,0.8595,BUY,1,1,0.7856,BUY,1,10,"BB_Lower,BB_Upper,MACD_Signal,OBV,MACD,ADX,MACD_Hist,ROC,Williams_R,Stochastic",BB_Lower
HINDUNILVR,HINDUNILVR.NS,2024-04-09,2024,4,1,Bear,1,0.8642,BUY,1,1,0.8026,BUY,1,10,"BB_Lower,BB_Upper,MACD_Signal,OBV,MACD,ADX,MACD_Hist,ROC,Williams_R,Stochastic",BB_Lower
HINDUNILVR,HINDUNILVR.NS,2024-04-10,2024,4,1,Bear,1,0.8545,BUY,1,1,0.8305,BUY,1,10,"BB_Lower,BB_Upper,MACD_Signal,OBV,MACD,ADX,MACD_Hist,ROC,Williams_R,Stochastic",BB_Lower
HINDUNILVR,HINDUNILVR.NS,2024-04-12,2024,4,1,Bear,1,0.8936,BUY,1,1,0.8876,BUY,1,10,"BB_Lower,BB_Upper,MACD_Signal,OBV,MACD,ADX,MACD_Hist,ROC,Williams_R,Stochastic",BB_Lower
HINDUNILVR,HINDUNILVR.NS,2024-04-15,2024,4,1,Bear,1,0.9124,BUY,1,1,0.8912,BUY,1,10,"BB_Lower,BB_Upper,MACD_Signal,OBV,MACD,ADX,MACD_Hist,ROC,Williams_R,Stochastic",BB_Lower
HINDUNILVR,HINDUNILVR.NS,2024-04-16,2024,4,1,Bear,1,0.891,BUY,1,1,0.8694,BUY,1,10,"BB_Lower,BB_Upper,MACD_Signal,OBV,MACD,ADX,MACD_Hist,ROC,Williams_R,Stochastic",BB_Lower
HINDUNILVR,HINDUNILVR.NS,2024-04-18,2024,4,1,Bear,1,0.8896,BUY,1,1,0.8664,BUY,1,10,"BB_Lower,BB_Upper,MACD_Signal,OBV,MACD,ADX,MACD_Hist,ROC,Williams_R,Stochastic",BB_Lower
HINDUNILVR,HINDUNILVR.NS,2024-04-19,2024,4,1,Bear,1,0.6609,BUY,1,1,0.6278,BUY,1,10,"BB_Lower,BB_Upper,MACD_Hist,ATR_14,ADX,MACD,Log_Return,MACD_Signal,Return_10d,MFI",BB_Lower
HINDUNILVR,HINDUNILVR.NS,2024-04-22,2024,4,1,Bear,1,0.5755,BUY,1,1,0.6943,BUY,1,10,"BB_Lower,BB_Upper,MACD_Hist,ATR_14,ADX,MACD,Log_Return,MACD_Signal,Return_10d,MFI",BB_Lower
HINDUNILVR,HINDUNILVR.NS,2024-04-23,2024,4,1,Bear,-1,0.523,NO TRADE,0,-1,0.5143,NO TRADE,0,10,"BB_Lower,BB_Upper,MACD_Hist,ATR_14,ADX,MACD,Log_Return,MACD_Signal,Return_10d,MFI",BB_Lower
HINDUNILVR,HINDUNILVR.NS,2024-04-24,2024,4,1,Bear,-1,0.5468,NO TRADE,0,1,0.5719,BUY,1,10,"BB_Lower,BB_Upper,MACD_Hist,ATR_14,ADX,MACD,Log_Return,MACD_Signal,Return_10d,MFI",BB_Lower
HINDUNILVR,HINDUNILVR.NS,2024-04-25,2024,4,1,Bear,1,0.5917,BUY,1,1,0.5997,BUY,1,10,"BB_Lower,BB_Upper,MACD_Hist,ATR_14,ADX,MACD,Log_Return,MACD_Signal,Return_10d,MFI",BB_Lower
HINDUNILVR,HINDUNILVR.NS,2024-04-26,2024,4,1,Bear,1,0.6596,BUY,1,1,0.5762,BUY,1,10,"BB_Lower,BB_Upper,MACD_Hist,ATR_14,ADX,MACD,Log_Return,MACD_Signal,Return_10d,MFI",BB_Lower
HINDUNILVR,HINDUNILVR.NS,2024-04-29,2024,4,1,Bear,1,0.6338,BUY,1,1,0.5746,BUY,1,10,"BB_Lower,BB_Upper,MACD_Hist,ATR_14,ADX,MACD,Log_Return,MACD_Signal,Return_10d,MFI",BB_Lower
HINDUNILVR,HINDUNILVR.NS,2024-04-30,2024,4,1,Bear,-1,0.5427,NO TRADE,0,-1,0.5019,NO TRADE,0,10,"BB_Lower,BB_Upper,MACD_Hist,ATR_14,ADX,MACD,Log_Return,MACD_Signal,Return_10d,MFI",BB_Lower
HINDUNILVR,HINDUNILVR.NS,2024-05-02,2024,5,1,Bear,1,0.6176,BUY,1,-1,0.51,NO TRADE,0,10,"BB_Lower,BB_Upper,MACD_Hist,ATR_14,ADX,MACD,Log_Return,MACD_Signal,Return_10d,MFI",BB_Lower
HINDUNILVR,HINDUNILVR.NS,2024-05-03,2024,5,1,Bear,1,0.6262,BUY,1,-1,0.525,NO TRADE,0,10,"BB_Lower,BB_Upper,MACD_Hist,ATR_14,ADX,MACD,Log_Return,MACD_Signal,Return_10d,MFI",BB_Lower
HINDUNILVR,HINDUNILVR.NS,2024-05-06,2024,5,1,Bear,0,0.6549,SELL,0,0,0.7459,SELL,0,10,"BB_Lower,BB_Upper,MACD_Hist,ATR_14,ADX,MACD,Log_Return,MACD_Signal,Return_10d,MFI",BB_Lower
HINDUNILVR,HINDUNILVR.NS,2024-05-07,2024,5,1,Bear,0,0.6743,SELL,0,0,0.8712,SELL,0,10,"BB_Lower,BB_Upper,MACD_Hist,ATR_14,ADX,MACD,Log_Return,MACD_Signal,Return_10d,MFI",BB_Lower
HINDUNILVR,HINDUNILVR.NS,2024-05-08,2024,5,1,Sideways,0,0.6464,SELL,0,0,0.7937,SELL,0,10,"BB_Lower,BB_Upper,MACD_Hist,ATR_14,ADX,MACD,Log_Return,MACD_Signal,Return_10d,MFI",BB_Lower
HINDUNILVR,HINDUNILVR.NS,2024-05-09,2024,5,1,Sideways,0,0.6927,SELL,0,0,0.7748,SELL,0,10,"BB_Lower,BB_Upper,MACD_Hist,ATR_14,ADX,MACD,Log_Return,MACD_Signal,Return_10d,MFI",BB_Lower
HINDUNILVR,HINDUNILVR.NS,2024-05-10,2024,5,1,Bear,0,0.6858,SELL,0,0,0.7606,SELL,0,10,"BB_Lower,BB_Upper,MACD_Hist,ATR_14,ADX,MACD,Log_Return,MACD_Signal,Return_10d,MFI",BB_Lower
HINDUNILVR,HINDUNILVR.NS,2024-05-13,2024,5,1,Sideways,0,0.5858,SELL,0,0,0.681,SELL,0,10,"BB_Lower,BB_Upper,MACD_Hist,ATR_14,ADX,MACD,Log_Return,MACD_Signal,Return_10d,MFI",BB_Lower
HINDUNILVR,HINDUNILVR.NS,2024-05-14,2024,5,1,Sideways,-1,0.5286,NO TRADE,0,0,0.6218,SELL,0,10,"BB_Lower,BB_Upper,MACD_Hist,ATR_14,ADX,MACD,Log_Return,MACD_Signal,Return_10d,MFI",BB_Lower
HINDUNILVR,HINDUNILVR.NS,2024-05-15,2024,5,1,Sideways,0,0.5762,SELL,0,0,0.73,SELL,0,10,"BB_Lower,BB_Upper,MACD_Hist,ATR_14,ADX,MACD,Log_Return,MACD_Signal,Return_10d,MFI",BB_Lower
HINDUNILVR,HINDUNILVR.NS,2024-05-16,2024,5,1,Bear,0,0.6993,SELL,0,0,0.8361,SELL,0,10,"BB_Lower,BB_Upper,MACD_Hist,ATR_14,ADX,MACD,Log_Return,MACD_Signal,Return_10d,MFI",BB_Lower
HINDUNILVR,HINDUNILVR.NS,2024-05-17,2024,5,1,Bear,0,0.6266,SELL,0,0,0.7823,SELL,0,10,"BB_Lower,BB_Upper,MACD_Hist,ATR_14,ADX,MACD,Log_Return,MACD_Signal,Return_10d,MFI",BB_Lower
HINDUNILVR,HINDUNILVR.NS,2024-05-21,2024,5,1,Bear,0,0.6371,SELL,0,0,0.7642,SELL,0,10,"BB_Lower,BB_Upper,MACD_Hist,ATR_14,ADX,MACD,Log_Return,MACD_Signal,Return_10d,MFI",BB_Lower
HINDUNILVR,HINDUNILVR.NS,2024-05-22,2024,5,1,Bear,0,0.7201,SELL,0,0,0.8101,SELL,0,10,"BB_Lower,BB_Upper,MACD_Hist,ATR_14,ADX,MACD,Log_Return,MACD_Signal,Return_10d,MFI",BB_Lower
HINDUNILVR,HINDUNILVR.NS,2024-05-23,2024,5,1,Sideways,0,0.6805,SELL,0,0,0.8105,SELL,0,10,"BB_Lower,BB_Upper,MACD_Hist,ATR_14,ADX,MACD,Log_Return,MACD_Signal,Return_10d,MFI",BB_Lower
HINDUNILVR,HINDUNILVR.NS,2024-05-24,2024,5,1,Sideways,0,0.6161,SELL,0,0,0.8054,SELL,0,10,"BB_Lower,BB_Upper,MACD_Hist,ATR_14,ADX,MACD,Log_Return,MACD_Signal,Return_10d,MFI",BB_Lower
HINDUNILVR,HINDUNILVR.NS,2024-05-27,2024,5,1,Sideways,0,0.6684,SELL,0,0,0.8058,SELL,0,10,"BB_Lower,BB_Upper,MACD_Hist,ATR_14,ADX,MACD,Log_Return,MACD_Signal,Return_10d,MFI",BB_Lower
HINDUNILVR,HINDUNILVR.NS,2024-05-28,2024,5,1,Sideways,0,0.6916,SELL,0,0,0.7879,SELL,0,10,"BB_Lower,BB_Upper,MACD_Hist,ATR_14,ADX,MACD,Log_Return,MACD_Signal,Return_10d,MFI",BB_Lower
HINDUNILVR,HINDUNILVR.NS,2024-05-29,2024,5,1,Sideways,0,0.6804,SELL,0,0,0.7465,SELL,0,10,"BB_Lower,BB_Upper,MACD_Hist,ATR_14,ADX,MACD,Log_Return,MACD_Signal,Return_10d,MFI",BB_Lower
HINDUNILVR,HINDUNILVR.NS,2024-05-30,2024,5,1,Sideways,0,0.6118,SELL,0,0,0.7745,SELL,0,10,"BB_Lower,BB_Upper,MACD_Hist,ATR_14,ADX,MACD,Log_Return,MACD_Signal,Return_10d,MFI",BB_Lower
HINDUNILVR,HINDUNILVR.NS,2024-05-31,2024,5,1,Sideways,0,0.5546,SELL,0,0,0.8233,SELL,0,10,"BB_Lower,BB_Upper,MACD_Hist,ATR_14,ADX,MACD,Log_Return,MACD_Signal,Return_10d,MFI",BB_Lower
HINDUNILVR,HINDUNILVR.NS,2024-06-03,2024,6,1,Sideways,0,0.617,SELL,0,0,0.8569,SELL,0,10,"BB_Lower,BB_Upper,MACD_Hist,ATR_14,ADX,MACD,Log_Return,MACD_Signal,Return_10d,MFI",BB_Lower
HINDUNILVR,HINDUNILVR.NS,2024-06-04,2024,6,1,Sideways,-1,0.5184,NO TRADE,0,0,0.8748,SELL,0,10,"BB_Lower,BB_Upper,MACD_Hist,ATR_14,ADX,MACD,Log_Return,MACD_Signal,Return_10d,MFI",BB_Lower
HINDUNILVR,HINDUNILVR.NS,2024-06-05,2024,6,0,Bull,0,0.6799,SELL,1,0,0.8777,SELL,1,10,"BB_Lower,BB_Upper,MACD_Hist,ATR_14,ADX,MACD,Log_Return,MACD_Signal,Return_10d,MFI",BB_Lower
HINDUNILVR,HINDUNILVR.NS,2024-06-06,2024,6,1,Bull,-1,0.5131,NO TRADE,0,0,0.7929,SELL,0,10,"BB_Lower,BB_Upper,MACD_Hist,ATR_14,ADX,MACD,Log_Return,MACD_Signal,Return_10d,MFI",BB_Lower
HINDUNILVR,HINDUNILVR.NS,2024-06-07,2024,6,1,Bull,-1,0.5441,NO TRADE,0,0,0.8774,SELL,0,10,"BB_Lower,BB_Upper,MACD_Hist,ATR_14,ADX,MACD,Log_Return,MACD_Signal,Return_10d,MFI",BB_Lower
HINDUNILVR,HINDUNILVR.NS,2024-06-10,2024,6,1,Bull,1,0.6094,BUY,1,0,0.7901,SELL,0,10,"BB_Lower,BB_Upper,MACD_Hist,ATR_14,ADX,MACD,Log_Return,MACD_Signal,Return_10d,MFI",BB_Lower
HINDUNILVR,HINDUNILVR.NS,2024-06-11,2024,6,1,Bull,1,0.5508,BUY,1,0,0.8568,SELL,0,10,"BB_Lower,BB_Upper,MACD_Hist,ATR_14,ADX,MACD,Log_Return,MACD_Signal,Return_10d,MFI",BB_Lower
HINDUNILVR,HINDUNILVR.NS,2024-06-12,2024,6,1,Bull,1,0.5698,BUY,1,0,0.8799,SELL,0,10,"BB_Lower,BB_Upper,MACD_Hist,ATR_14,ADX,MACD,Log_Return,MACD_Signal,Return_10d,MFI",BB_Lower
HINDUNILVR,HINDUNILVR.NS,2024-06-13,2024,6,1,Bull,-1,0.5185,NO TRADE,0,0,0.9236,SELL,0,10,"BB_Lower,BB_Upper,MACD_Hist,ATR_14,ADX,MACD,Log_Return,MACD_Signal,Return_10d,MFI",BB_Lower
HINDUNILVR,HINDUNILVR.NS,2024-06-14,2024,6,1,Bull,1,0.5502,BUY,1,0,0.9145,SELL,0,10,"BB_Lower,BB_Upper,MACD_Hist,ATR_14,ADX,MACD,Log_Return,MACD_Signal,Return_10d,MFI",BB_Lower
HINDUNILVR,HINDUNILVR.NS,2024-06-18,2024,6,1,Bull,-1,0.5229,NO TRADE,0,0,0.9166,SELL,0,10,"BB_Lower,BB_Upper,MACD_Hist,ATR_14,ADX,MACD,Log_Return,MACD_Signal,Return_10d,MFI",BB_Lower
HINDUNILVR,HINDUNILVR.NS,2024-06-19,2024,6,1,Bull,-1,0.5131,NO TRADE,0,0,0.9161,SELL,0,10,"BB_Lower,BB_Upper,MACD_Hist,ATR_14,ADX,MACD,Log_Return,MACD_Signal,Return_10d,MFI",BB_Lower
HINDUNILVR,HINDUNILVR.NS,2024-06-20,2024,6,1,Bull,0,0.7187,SELL,0,0,0.926,SELL,0,10,"BB_Lower,BB_Upper,MACD_Hist,ATR_14,ADX,MACD,Log_Return,MACD_Signal,Return_10d,MFI",BB_Lower
HINDUNILVR,HINDUNILVR.NS,2024-06-21,2024,6,1,Bull,0,0.5759,SELL,0,0,0.8637,SELL,0,10,"BB_Lower,BB_Upper,MACD_Hist,ATR_14,ADX,MACD,Log_Return,MACD_Signal,Return_10d,MFI",BB_Lower
HINDUNILVR,HINDUNILVR.NS,2024-06-24,2024,6,1,Bull,1,0.5576,BUY,1,0,0.7868,SELL,0,10,"BB_Lower,BB_Upper,MACD_Hist,ATR_14,ADX,MACD,Log_Return,MACD_Signal,Return_10d,MFI",BB_Lower
HINDUNILVR,HINDUNILVR.NS,2024-06-25,2024,6,1,Bull,1,0.6084,BUY,1,0,0.7895,SELL,0,10,"BB_Lower,BB_Upper,MACD_Hist,ATR_14,ADX,MACD,Log_Return,MACD_Signal,Return_10d,MFI",BB_Lower
HINDUNILVR,HINDUNILVR.NS,2024-06-26,2024,6,1,Bull,1,0.6256,BUY,1,0,0.8083,SELL,0,10,"BB_Lower,BB_Upper,MACD_Hist,ATR_14,ADX,MACD,Log_Return,MACD_Signal,Return_10d,MFI",BB_Lower
HINDUNILVR,HINDUNILVR.NS,2024-06-27,2024,6,1,Bull,1,0.6653,BUY,1,0,0.8233,SELL,0,10,"BB_Lower,BB_Upper,MACD_Hist,ATR_14,ADX,MACD,Log_Return,MACD_Signal,Return_10d,MFI",BB_Lower
HINDUNILVR,HINDUNILVR.NS,2024-06-28,2024,6,1,Bull,-1,0.5156,NO TRADE,0,0,0.8504,SELL,0,10,"BB_Lower,BB_Upper,MACD_Hist,ATR_14,ADX,MACD,Log_Return,MACD_Signal,Return_10d,MFI",BB_Lower
HINDUNILVR,HINDUNILVR.NS,2024-07-01,2024,7,1,Bull,-1,0.5025,NO TRADE,0,0,0.5984,SELL,0,10,"BB_Lower,BB_Upper,MACD_Hist,ATR_14,ADX,MACD,Log_Return,MACD_Signal,Return_10d,MFI",BB_Lower
HINDUNILVR,HINDUNILVR.NS,2024-07-02,2024,7,1,Bull,1,0.6236,BUY,1,1,0.6565,BUY,1,10,"BB_Lower,BB_Upper,MACD_Hist,ATR_14,ADX,MACD,Log_Return,MACD_Signal,Return_10d,MFI",BB_Lower
HINDUNILVR,HINDUNILVR.NS,2024-07-03,2024,7,1,Bull,-1,0.5135,NO TRADE,0,-1,0.5026,NO TRADE,0,10,"BB_Lower,BB_Upper,MACD_Hist,ATR_14,ADX,MACD,Log_Return,MACD_Signal,Return_10d,MFI",BB_Lower
HINDUNILVR,HINDUNILVR.NS,2024-07-04,2024,7,1,Bull,1,0.7007,BUY,1,1,0.6647,BUY,1,10,"BB_Lower,BB_Upper,MACD_Hist,ATR_14,ADX,MACD,Log_Return,MACD_Signal,Return_10d,MFI",BB_Lower
HINDUNILVR,HINDUNILVR.NS,2024-07-05,2024,7,1,Bull,1,0.5824,BUY,1,1,0.5617,BUY,1,10,"BB_Lower,BB_Upper,MACD_Hist,ATR_14,ADX,MACD,Log_Return,MACD_Signal,Return_10d,MFI",BB_Lower
HINDUNILVR,HINDUNILVR.NS,2024-07-08,2024,7,1,Bull,1,0.6029,BUY,1,-1,0.5236,NO TRADE,0,10,"BB_Lower,BB_Upper,MACD_Hist,ATR_14,ADX,MACD,Log_Return,MACD_Signal,Return_10d,MFI",BB_Lower
HINDUNILVR,HINDUNILVR.NS,2024-07-09,2024,7,1,Bull,1,0.5686,BUY,1,-1,0.5007,NO TRADE,0,10,"BB_Lower,BB_Upper,MACD_Hist,ATR_14,ADX,MACD,Log_Return,MACD_Signal,Return_10d,MFI",BB_Lower
HINDUNILVR,HINDUNILVR.NS,2024-07-10,2024,7,1,Bull,0,0.6248,SELL,0,0,0.6933,SELL,0,10,"BB_Lower,BB_Upper,MACD_Hist,ATR_14,ADX,MACD,Log_Return,MACD_Signal,Return_10d,MFI",BB_Lower
HINDUNILVR,HINDUNILVR.NS,2024-07-11,2024,7,1,Bull,0,0.595,SELL,0,0,0.6211,SELL,0,10,"BB_Lower,BB_Upper,MACD_Hist,ATR_14,ADX,MACD,Log_Return,MACD_Signal,Return_10d,MFI",BB_Lower
HINDUNILVR,HINDUNILVR.NS,2024-07-12,2024,7,1,Bull,0,0.6728,SELL,0,0,0.6992,SELL,0,10,"BB_Lower,BB_Upper,MACD_Hist,ATR_14,ADX,MACD,Log_Return,MACD_Signal,Return_10d,MFI",BB_Lower
HINDUNILVR,HINDUNILVR.NS,2024-07-15,2024,7,1,Bull,0,0.7518,SELL,0,0,0.8284,SELL,0,10,"BB_Lower,BB_Upper,MACD_Hist,ATR_14,ADX,MACD,Log_Return,MACD_Signal,Return_10d,MFI",BB_Lower
HINDUNILVR,HINDUNILVR.NS,2024-07-16,2024,7,1,Bull,0,0.8356,SELL,0,0,0.8329,SELL,0,10,"BB_Lower,BB_Upper,MACD_Hist,ATR_14,ADX,MACD,Log_Return,MACD_Signal,Return_10d,MFI",BB_Lower
HINDUNILVR,HINDUNILVR.NS,2024-07-18,2024,7,1,Bull,-1,0.5208,NO TRADE,0,0,0.6066,SELL,0,10,"BB_Lower,MACD,MACD_Hist,ATR_14,OBV,BB_Upper,Volume_MA,RSI_14,MACD_Signal,Williams_R",BB_Lower
HINDUNILVR,HINDUNILVR.NS,2024-07-19,2024,7,1,Bull,1,0.5629,BUY,1,0,0.6316,SELL,0,10,"BB_Lower,MACD,MACD_Hist,ATR_14,OBV,BB_Upper,Volume_MA,RSI_14,MACD_Signal,Williams_R",BB_Lower
HINDUNILVR,HINDUNILVR.NS,2024-07-22,2024,7,1,Bull,1,0.5766,BUY,1,0,0.6637,SELL,0,10,"BB_Lower,MACD,MACD_Hist,ATR_14,OBV,BB_Upper,Volume_MA,RSI_14,MACD_Signal,Williams_R",BB_Lower
HINDUNILVR,HINDUNILVR.NS,2024-07-23,2024,7,1,Bull,0,0.5586,SELL,0,0,0.7131,SELL,0,10,"BB_Lower,MACD,MACD_Hist,ATR_14,OBV,BB_Upper,Volume_MA,RSI_14,MACD_Signal,Williams_R",BB_Lower
HINDUNILVR,HINDUNILVR.NS,2024-07-24,2024,7,1,Bull,0,0.5576,SELL,0,0,0.7194,SELL,0,10,"BB_Lower,MACD,MACD_Hist,ATR_14,OBV,BB_Upper,Volume_MA,RSI_14,MACD_Signal,Williams_R",BB_Lower
HINDUNILVR,HINDUNILVR.NS,2024-07-25,2024,7,1,Bull,0,0.5848,SELL,0,0,0.7386,SELL,0,10,"BB_Lower,MACD,MACD_Hist,ATR_14,OBV,BB_Upper,Volume_MA,RSI_14,MACD_Signal,Williams_R",BB_Lower
HINDUNILVR,HINDUNILVR.NS,2024-07-26,2024,7,1,Bull,0,0.75,SELL,0,0,0.7211,SELL,0,10,"BB_Lower,MACD,MACD_Hist,ATR_14,OBV,BB_Upper,Volume_MA,RSI_14,MACD_Signal,Williams_R",BB_Lower
HINDUNILVR,HINDUNILVR.NS,2024-07-29,2024,7,1,Bull,0,0.7899,SELL,0,0,0.8253,SELL,0,10,"BB_Lower,MACD,MACD_Hist,ATR_14,OBV,BB_Upper,Volume_MA,RSI_14,MACD_Signal,Williams_R",BB_Lower
HINDUNILVR,HINDUNILVR.NS,2024-07-30,2024,7,1,Bull,0,0.7649,SELL,0,0,0.7844,SELL,0,10,"BB_Lower,MACD,MACD_Hist,ATR_14,OBV,BB_Upper,Volume_MA,RSI_14,MACD_Signal,Williams_R",BB_Lower
HINDUNILVR,HINDUNILVR.NS,2024-07-31,2024,7,1,Bull,0,0.8751,SELL,0,0,0.8512,SELL,0,10,"BB_Lower,MACD,MACD_Hist,ATR_14,OBV,BB_Upper,Volume_MA,RSI_14,MACD_Signal,Williams_R",BB_Lower
HINDUNILVR,HINDUNILVR.NS,2024-08-01,2024,8,1,Bull,0,0.9364,SELL,0,0,0.8494,SELL,0,10,"BB_Lower,MACD,MACD_Hist,ATR_14,OBV,BB_Upper,Volume_MA,RSI_14,MACD_Signal,Williams_R",BB_Lower
HINDUNILVR,HINDUNILVR.NS,2024-08-02,2024,8,1,Bull,0,0.9323,SELL,0,0,0.8385,SELL,0,10,"BB_Lower,MACD,MACD_Hist,ATR_14,OBV,BB_Upper,Volume_MA,RSI_14,MACD_Signal,Williams_R",BB_Lower
HINDUNILVR,HINDUNILVR.NS,2024-08-05,2024,8,1,Bull,0,0.9459,SELL,0,0,0.8495,SELL,0,10,"BB_Lower,MACD,MACD_Hist,ATR_14,OBV,BB_Upper,Volume_MA,RSI_14,MACD_Signal,Williams_R",BB_Lower
HINDUNILVR,HINDUNILVR.NS,2024-08-06,2024,8,1,Bull,0,0.9474,SELL,0,0,0.8009,SELL,0,10,"BB_Lower,MACD,MACD_Hist,ATR_14,OBV,BB_Upper,Volume_MA,RSI_14,MACD_Signal,Williams_R",BB_Lower
HINDUNILVR,HINDUNILVR.NS,2024-08-07,2024,8,1,Bull,0,0.9439,SELL,0,0,0.8458,SELL,0,10,"BB_Lower,MACD,MACD_Hist,ATR_14,OBV,BB_Upper,Volume_MA,RSI_14,MACD_Signal,Williams_R",BB_Lower
HINDUNILVR,HINDUNILVR.NS,2024-08-08,2024,8,1,Bull,0,0.9432,SELL,0,0,0.8413,SELL,0,10,"BB_Lower,MACD,MACD_Hist,ATR_14,OBV,BB_Upper,Volume_MA,RSI_14,MACD_Signal,Williams_R",BB_Lower
HINDUNILVR,HINDUNILVR.NS,2024-08-09,2024,8,1,Bull,0,0.9439,SELL,0,0,0.8458,SELL,0,10,"BB_Lower,MACD,MACD_Hist,ATR_14,OBV,BB_Upper,Volume_MA,RSI_14,MACD_Signal,Williams_R",BB_Lower
HINDUNILVR,HINDUNILVR.NS,2024-08-12,2024,8,1,Bull,0,0.9481,SELL,0,0,0.8554,SELL,0,10,"BB_Lower,MACD,MACD_Hist,ATR_14,OBV,BB_Upper,Volume_MA,RSI_14,MACD_Signal,Williams_R",BB_Lower
HINDUNILVR,HINDUNILVR.NS,2024-08-13,2024,8,1,Bull,0,0.9661,SELL,0,0,0.8706,SELL,0,10,"BB_Lower,MACD,MACD_Hist,ATR_14,OBV,BB_Upper,Volume_MA,RSI_14,MACD_Signal,Williams_R",BB_Lower
HINDUNILVR,HINDUNILVR.NS,2024-08-14,2024,8,1,Bull,0,0.9641,SELL,0,0,0.8788,SELL,0,10,"BB_Lower,MACD,MACD_Hist,ATR_14,OBV,BB_Upper,Volume_MA,RSI_14,MACD_Signal,Williams_R",BB_Lower
HINDUNILVR,HINDUNILVR.NS,2024-08-16,2024,8,1,Bull,0,0.9715,SELL,0,0,0.8955,SELL,0,10,"BB_Lower,MACD,MACD_Hist,ATR_14,OBV,BB_Upper,Volume_MA,RSI_14,MACD_Signal,Williams_R",BB_Lower
HINDUNILVR,HINDUNILVR.NS,2024-08-19,2024,8,1,Bull,0,0.9664,SELL,0,0,0.8953,SELL,0,10,"BB_Lower,MACD,MACD_Hist,ATR_14,OBV,BB_Upper,Volume_MA,RSI_14,MACD_Signal,Williams_R",BB_Lower
HINDUNILVR,HINDUNILVR.NS,2024-08-20,2024,8,1,Bull,0,0.9651,SELL,0,0,0.8894,SELL,0,10,"BB_Lower,MACD,MACD_Hist,ATR_14,OBV,BB_Upper,Volume_MA,RSI_14,MACD_Signal,Williams_R",BB_Lower
HINDUNILVR,HINDUNILVR.NS,2024-08-21,2024,8,1,Bull,0,0.9717,SELL,0,0,0.8856,SELL,0,10,"BB_Lower,MACD,MACD_Hist,ATR_14,OBV,BB_Upper,Volume_MA,RSI_14,MACD_Signal,Williams_R",BB_Lower
HINDUNILVR,HINDUNILVR.NS,2024-08-22,2024,8,1,Bull,0,0.9373,SELL,0,0,0.8377,SELL,0,10,"BB_Lower,MACD,MACD_Hist,ATR_14,OBV,BB_Upper,Volume_MA,RSI_14,MACD_Signal,Williams_R",BB_Lower
HINDUNILVR,HINDUNILVR.NS,2024-08-23,2024,8,1,Bull,0,0.949,SELL,0,0,0.8614,SELL,0,10,"BB_Lower,MACD,MACD_Hist,ATR_14,OBV,BB_Upper,Volume_MA,RSI_14,MACD_Signal,Williams_R",BB_Lower
HINDUNILVR,HINDUNILVR.NS,2024-08-26,2024,8,1,Bull,0,0.9361,SELL,0,0,0.8473,SELL,0,10,"BB_Lower,MACD,MACD_Hist,ATR_14,OBV,BB_Upper,Volume_MA,RSI_14,MACD_Signal,Williams_R",BB_Lower
HINDUNILVR,HINDUNILVR.NS,2024-08-27,2024,8,1,Bull,0,0.9509,SELL,0,0,0.8812,SELL,0,10,"BB_Lower,MACD,MACD_Hist,ATR_14,OBV,BB_Upper,Volume_MA,RSI_14,MACD_Signal,Williams_R",BB_Lower
HINDUNILVR,HINDUNILVR.NS,2024-08-28,2024,8,1,Bull,0,0.9348,SELL,0,0,0.823,SELL,0,10,"BB_Lower,MACD,MACD_Hist,ATR_14,OBV,BB_Upper,Volume_MA,RSI_14,MACD_Signal,Williams_R",BB_Lower
HINDUNILVR,HINDUNILVR.NS,2024-08-29,2024,8,1,Bull,0,0.9441,SELL,0,0,0.8622,SELL,0,10,"BB_Lower,MACD,MACD_Hist,ATR_14,OBV,BB_Upper,Volume_MA,RSI_14,MACD_Signal,Williams_R",BB_Lower
HINDUNILVR,HINDUNILVR.NS,2024-08-30,2024,8,1,Bull,0,0.9359,SELL,0,0,0.8718,SELL,0,10,"BB_Lower,MACD,MACD_Hist,ATR_14,OBV,BB_Upper,Volume_MA,RSI_14,MACD_Signal,Williams_R",BB_Lower
HINDUNILVR,HINDUNILVR.NS,2024-09-02,2024,9,1,Bull,0,0.9532,SELL,0,0,0.8546,SELL,0,10,"BB_Lower,MACD,MACD_Hist,ATR_14,OBV,BB_Upper,Volume_MA,RSI_14,MACD_Signal,Williams_R",BB_Lower
HINDUNILVR,HINDUNILVR.NS,2024-09-03,2024,9,1,Bull,0,0.9403,SELL,0,0,0.854,SELL,0,10,"BB_Lower,MACD,MACD_Hist,ATR_14,OBV,BB_Upper,Volume_MA,RSI_14,MACD_Signal,Williams_R",BB_Lower
HINDUNILVR,HINDUNILVR.NS,2024-09-04,2024,9,1,Bull,0,0.9486,SELL,0,0,0.8705,SELL,0,10,"BB_Lower,MACD,MACD_Hist,ATR_14,OBV,BB_Upper,Volume_MA,RSI_14,MACD_Signal,Williams_R",BB_Lower
HINDUNILVR,HINDUNILVR.NS,2024-09-05,2024,9,1,Bull,0,0.9357,SELL,0,0,0.8253,SELL,0,10,"BB_Lower,MACD,MACD_Hist,ATR_14,OBV,BB_Upper,Volume_MA,RSI_14,MACD_Signal,Williams_R",BB_Lower
HINDUNILVR,HINDUNILVR.NS,2024-09-06,2024,9,0,Bull,0,0.9347,SELL,1,0,0.839,SELL,1,10,"BB_Lower,MACD,MACD_Hist,ATR_14,OBV,BB_Upper,Volume_MA,RSI_14,MACD_Signal,Williams_R",BB_Lower
HINDUNILVR,HINDUNILVR.NS,2024-09-09,2024,9,0,Bull,0,0.9697,SELL,1,0,0.9305,SELL,1,10,"BB_Lower,MACD,MACD_Hist,ATR_14,OBV,BB_Upper,Volume_MA,RSI_14,MACD_Signal,Williams_R",BB_Lower
HINDUNILVR,HINDUNILVR.NS,2024-09-10,2024,9,0,Bull,0,0.9635,SELL,1,0,0.8995,SELL,1,10,"BB_Lower,MACD,MACD_Hist,ATR_14,OBV,BB_Upper,Volume_MA,RSI_14,MACD_Signal,Williams_R",BB_Lower
HINDUNILVR,HINDUNILVR.NS,2024-09-11,2024,9,0,Bull,0,0.9737,SELL,1,0,0.9368,SELL,1,10,"BB_Lower,MACD,MACD_Hist,ATR_14,OBV,BB_Upper,Volume_MA,RSI_14,MACD_Signal,Williams_R",BB_Lower
HINDUNILVR,HINDUNILVR.NS,2024-09-12,2024,9,0,Bull,0,0.9831,SELL,1,0,0.9471,SELL,1,10,"BB_Lower,MACD,MACD_Hist,ATR_14,OBV,BB_Upper,Volume_MA,RSI_14,MACD_Signal,Williams_R",BB_Lower
HINDUNILVR,HINDUNILVR.NS,2024-09-13,2024,9,0,Bull,0,0.9757,SELL,1,0,0.9414,SELL,1,10,"BB_Lower,MACD,MACD_Hist,ATR_14,OBV,BB_Upper,Volume_MA,RSI_14,MACD_Signal,Williams_R",BB_Lower
HINDUNILVR,HINDUNILVR.NS,2024-09-16,2024,9,0,Bull,0,0.9641,SELL,1,0,0.9479,SELL,1,10,"BB_Lower,MACD,MACD_Hist,ATR_14,OBV,BB_Upper,Volume_MA,RSI_14,MACD_Signal,Williams_R",BB_Lower
HINDUNILVR,HINDUNILVR.NS,2024-09-17,2024,9,0,Bull,0,0.9725,SELL,1,0,0.9579,SELL,1,10,"BB_Lower,MACD,MACD_Hist,ATR_14,OBV,BB_Upper,Volume_MA,RSI_14,MACD_Signal,Williams_R",BB_Lower
HINDUNILVR,HINDUNILVR.NS,2024-09-18,2024,9,0,Bull,0,0.9756,SELL,1,0,0.9677,SELL,1,10,"BB_Lower,MACD,MACD_Hist,ATR_14,OBV,BB_Upper,Volume_MA,RSI_14,MACD_Signal,Williams_R",BB_Lower
HINDUNILVR,HINDUNILVR.NS,2024-09-19,2024,9,0,Bull,0,0.9804,SELL,1,0,0.9672,SELL,1,10,"BB_Lower,MACD,MACD_Hist,ATR_14,OBV,BB_Upper,Volume_MA,RSI_14,MACD_Signal,Williams_R",BB_Lower
HINDUNILVR,HINDUNILVR.NS,2024-09-20,2024,9,0,Bull,0,0.9805,SELL,1,0,0.9515,SELL,1,10,"BB_Lower,MACD,MACD_Hist,ATR_14,OBV,BB_Upper,Volume_MA,RSI_14,MACD_Signal,Williams_R",BB_Lower
HINDUNILVR,HINDUNILVR.NS,2024-09-23,2024,9,0,Bull,0,0.9792,SELL,1,0,0.949,SELL,1,10,"BB_Lower,MACD,MACD_Hist,ATR_14,OBV,BB_Upper,Volume_MA,RSI_14,MACD_Signal,Williams_R",BB_Lower
HINDUNILVR,HINDUNILVR.NS,2024-09-24,2024,9,0,Bull,0,0.9697,SELL,1,0,0.9572,SELL,1,10,"BB_Lower,MACD,MACD_Hist,ATR_14,OBV,BB_Upper,Volume_MA,RSI_14,MACD_Signal,Williams_R",BB_Lower
HINDUNILVR,HINDUNILVR.NS,2024-09-25,2024,9,0,Bull,0,0.9794,SELL,1,0,0.9648,SELL,1,10,"BB_Lower,MACD,MACD_Hist,ATR_14,OBV,BB_Upper,Volume_MA,RSI_14,MACD_Signal,Williams_R",BB_Lower
HINDUNILVR,HINDUNILVR.NS,2024-09-26,2024,9,0,Bull,0,0.9848,SELL,1,0,0.9655,SELL,1,10,"BB_Lower,MACD,MACD_Hist,ATR_14,OBV,BB_Upper,Volume_MA,RSI_14,MACD_Signal,Williams_R",BB_Lower
HINDUNILVR,HINDUNILVR.NS,2024-09-27,2024,9,0,Bull,0,0.9781,SELL,1,0,0.9673,SELL,1,10,"BB_Lower,MACD,MACD_Hist,ATR_14,OBV,BB_Upper,Volume_MA,RSI_14,MACD_Signal,Williams_R",BB_Lower
HINDUNILVR,HINDUNILVR.NS,2024-09-30,2024,9,0,Bull,0,0.9791,SELL,1,0,0.9681,SELL,1,10,"BB_Lower,MACD,MACD_Hist,ATR_14,OBV,BB_Upper,Volume_MA,RSI_14,MACD_Signal,Williams_R",BB_Lower
HINDUNILVR,HINDUNILVR.NS,2024-10-01,2024,10,0,Bull,0,0.977,SELL,1,0,0.9669,SELL,1,10,"BB_Lower,MACD,MACD_Hist,ATR_14,OBV,BB_Upper,Volume_MA,RSI_14,MACD_Signal,Williams_R",BB_Lower
HINDUNILVR,HINDUNILVR.NS,2024-10-03,2024,10,0,Bull,0,0.9699,SELL,1,0,0.9339,SELL,1,10,"BB_Lower,MACD,MACD_Hist,ATR_14,OBV,BB_Upper,Volume_MA,RSI_14,MACD_Signal,Williams_R",BB_Lower
HINDUNILVR,HINDUNILVR.NS,2024-10-04,2024,10,0,Bull,0,0.9548,SELL,1,0,0.8212,SELL,1,10,"BB_Lower,MACD,MACD_Hist,ATR_14,OBV,BB_Upper,Volume_MA,RSI_14,MACD_Signal,Williams_R",BB_Lower
HINDUNILVR,HINDUNILVR.NS,2024-10-07,2024,10,0,Bull,0,0.9592,SELL,1,0,0.8288,SELL,1,10,"BB_Lower,MACD,MACD_Hist,ATR_14,OBV,BB_Upper,Volume_MA,RSI_14,MACD_Signal,Williams_R",BB_Lower
HINDUNILVR,HINDUNILVR.NS,2024-10-08,2024,10,0,Bull,0,0.9584,SELL,1,0,0.8142,SELL,1,10,"BB_Lower,MACD,MACD_Hist,ATR_14,OBV,BB_Upper,Volume_MA,RSI_14,MACD_Signal,Williams_R",BB_Lower
HINDUNILVR,HINDUNILVR.NS,2024-10-09,2024,10,0,Bull,0,0.9445,SELL,1,0,0.7892,SELL,1,10,"BB_Lower,MACD,MACD_Hist,ATR_14,OBV,BB_Upper,Volume_MA,RSI_14,MACD_Signal,Williams_R",BB_Lower
HINDUNILVR,HINDUNILVR.NS,2024-10-10,2024,10,0,Sideways,0,0.9604,SELL,1,0,0.9048,SELL,1,10,"BB_Lower,MACD,MACD_Hist,ATR_14,OBV,BB_Upper,Volume_MA,RSI_14,MACD_Signal,Williams_R",BB_Lower
HINDUNILVR,HINDUNILVR.NS,2024-10-11,2024,10,0,Bull,0,0.9447,SELL,1,0,0.905,SELL,1,10,"BB_Lower,MACD,MACD_Hist,ATR_14,OBV,BB_Upper,Volume_MA,RSI_14,MACD_Signal,Williams_R",BB_Lower
HINDUNILVR,HINDUNILVR.NS,2024-10-14,2024,10,0,Bull,0,0.8605,SELL,1,0,0.8641,SELL,1,10,"Volume_MA,BB_Width,BB_Lower,ADX,BB_Upper,MACD_Hist,MACD,OBV,Rolling_Volatility,ROC",Volume_MA
HINDUNILVR,HINDUNILVR.NS,2024-10-15,2024,10,0,Bull,0,0.8824,SELL,1,0,0.8971,SELL,1,10,"Volume_MA,BB_Width,BB_Lower,ADX,BB_Upper,MACD_Hist,MACD,OBV,Rolling_Volatility,ROC",Volume_MA
HINDUNILVR,HINDUNILVR.NS,2024-10-16,2024,10,0,Bull,0,0.8842,SELL,1,0,0.9128,SELL,1,10,"Volume_MA,BB_Width,BB_Lower,ADX,BB_Upper,MACD_Hist,MACD,OBV,Rolling_Volatility,ROC",Volume_MA
HINDUNILVR,HINDUNILVR.NS,2024-10-17,2024,10,0,Bull,0,0.8827,SELL,1,0,0.9522,SELL,1,10,"Volume_MA,BB_Width,BB_Lower,ADX,BB_Upper,MACD_Hist,MACD,OBV,Rolling_Volatility,ROC",Volume_MA
HINDUNILVR,HINDUNILVR.NS,2024-10-18,2024,10,0,Sideways,0,0.9026,SELL,1,0,0.9521,SELL,1,10,"Volume_MA,BB_Width,BB_Lower,ADX,BB_Upper,MACD_Hist,MACD,OBV,Rolling_Volatility,ROC",Volume_MA
HINDUNILVR,HINDUNILVR.NS,2024-10-21,2024,10,0,Sideways,0,0.8473,SELL,1,0,0.938,SELL,1,10,"Volume_MA,BB_Width,BB_Lower,ADX,BB_Upper,MACD_Hist,MACD,OBV,Rolling_Volatility,ROC",Volume_MA
HINDUNILVR,HINDUNILVR.NS,2024-10-22,2024,10,0,Sideways,0,0.8094,SELL,1,0,0.9291,SELL,1,10,"Volume_MA,BB_Width,BB_Lower,ADX,BB_Upper,MACD_Hist,MACD,OBV,Rolling_Volatility,ROC",Volume_MA
HINDUNILVR,HINDUNILVR.NS,2024-10-23,2024,10,0,Sideways,0,0.8413,SELL,1,0,0.8809,SELL,1,10,"Volume_MA,BB_Width,BB_Lower,ADX,BB_Upper,MACD_Hist,MACD,OBV,Rolling_Volatility,ROC",Volume_MA
HINDUNILVR,HINDUNILVR.NS,2024-10-24,2024,10,0,Bear,0,0.9369,SELL,1,0,0.9452,SELL,1,10,"Volume_MA,BB_Width,BB_Lower,ADX,BB_Upper,MACD_Hist,MACD,OBV,Rolling_Volatility,ROC",Volume_MA
HINDUNILVR,HINDUNILVR.NS,2024-10-25,2024,10,0,Bear,0,0.9241,SELL,1,0,0.9256,SELL,1,10,"Volume_MA,BB_Width,BB_Lower,ADX,BB_Upper,MACD_Hist,MACD,OBV,Rolling_Volatility,ROC",Volume_MA
HINDUNILVR,HINDUNILVR.NS,2024-10-28,2024,10,0,Bear,0,0.8632,SELL,1,0,0.8702,SELL,1,10,"Volume_MA,BB_Width,BB_Lower,ADX,BB_Upper,MACD_Hist,MACD,OBV,Rolling_Volatility,ROC",Volume_MA
HINDUNILVR,HINDUNILVR.NS,2024-10-29,2024,10,0,Bear,0,0.8691,SELL,1,0,0.8607,SELL,1,10,"Volume_MA,BB_Width,BB_Lower,ADX,BB_Upper,MACD_Hist,MACD,OBV,Rolling_Volatility,ROC",Volume_MA
HINDUNILVR,HINDUNILVR.NS,2024-10-30,2024,10,0,Bear,0,0.8687,SELL,1,0,0.8539,SELL,1,10,"Volume_MA,BB_Width,BB_Lower,ADX,BB_Upper,MACD_Hist,MACD,OBV,Rolling_Volatility,ROC",Volume_MA
HINDUNILVR,HINDUNILVR.NS,2024-10-31,2024,10,0,Bear,0,0.8624,SELL,1,0,0.8453,SELL,1,10,"Volume_MA,BB_Width,BB_Lower,ADX,BB_Upper,MACD_Hist,MACD,OBV,Rolling_Volatility,ROC",Volume_MA
HINDUNILVR,HINDUNILVR.NS,2024-11-01,2024,11,0,Bear,0,0.8181,SELL,1,0,0.8334,SELL,1,10,"Volume_MA,BB_Width,BB_Lower,ADX,BB_Upper,MACD_Hist,MACD,OBV,Rolling_Volatility,ROC",Volume_MA
HINDUNILVR,HINDUNILVR.NS,2024-11-04,2024,11,0,Bear,0,0.8039,SELL,1,0,0.7901,SELL,1,10,"Volume_MA,BB_Width,BB_Lower,ADX,BB_Upper,MACD_Hist,MACD,OBV,Rolling_Volatility,ROC",Volume_MA
HINDUNILVR,HINDUNILVR.NS,2024-11-05,2024,11,1,Bear,0,0.8042,SELL,0,0,0.772,SELL,0,10,"Volume_MA,BB_Width,BB_Lower,ADX,BB_Upper,MACD_Hist,MACD,OBV,Rolling_Volatility,ROC",Volume_MA
HINDUNILVR,HINDUNILVR.NS,2024-11-06,2024,11,0,Bear,0,0.8553,SELL,1,0,0.7595,SELL,1,10,"Volume_MA,BB_Width,BB_Lower,ADX,BB_Upper,MACD_Hist,MACD,OBV,Rolling_Volatility,ROC",Volume_MA
HINDUNILVR,HINDUNILVR.NS,2024-11-07,2024,11,0,Bear,0,0.8681,SELL,1,0,0.8159,SELL,1,10,"Volume_MA,BB_Width,BB_Lower,ADX,BB_Upper,MACD_Hist,MACD,OBV,Rolling_Volatility,ROC",Volume_MA
HINDUNILVR,HINDUNILVR.NS,2024-11-08,2024,11,0,Bear,0,0.8803,SELL,1,0,0.8239,SELL,1,10,"Volume_MA,BB_Width,BB_Lower,ADX,BB_Upper,MACD_Hist,MACD,OBV,Rolling_Volatility,ROC",Volume_MA
HINDUNILVR,HINDUNILVR.NS,2024-11-11,2024,11,0,Bear,0,0.7913,SELL,1,0,0.785,SELL,1,10,"Volume_MA,BB_Width,BB_Lower,ADX,BB_Upper,MACD_Hist,MACD,OBV,Rolling_Volatility,ROC",Volume_MA
HINDUNILVR,HINDUNILVR.NS,2024-11-12,2024,11,0,Bear,0,0.7655,SELL,1,0,0.7651,SELL,1,10,"Volume_MA,BB_Width,BB_Lower,ADX,BB_Upper,MACD_Hist,MACD,OBV,Rolling_Volatility,ROC",Volume_MA
HINDUNILVR,HINDUNILVR.NS,2024-11-13,2024,11,0,Bear,0,0.7585,SELL,1,0,0.7344,SELL,1,10,"Volume_MA,BB_Width,BB_Lower,ADX,BB_Upper,MACD_Hist,MACD,OBV,Rolling_Volatility,ROC",Volume_MA
HINDUNILVR,HINDUNILVR.NS,2024-11-14,2024,11,0,Bear,0,0.7693,SELL,1,0,0.7437,SELL,1,10,"Volume_MA,BB_Width,BB_Lower,ADX,BB_Upper,MACD_Hist,MACD,OBV,Rolling_Volatility,ROC",Volume_MA
HINDUNILVR,HINDUNILVR.NS,2024-11-18,2024,11,0,Bear,0,0.7923,SELL,1,0,0.7043,SELL,1,10,"Volume_MA,BB_Width,BB_Lower,ADX,BB_Upper,MACD_Hist,MACD,OBV,Rolling_Volatility,ROC",Volume_MA
HINDUNILVR,HINDUNILVR.NS,2024-11-19,2024,11,0,Bear,0,0.8101,SELL,1,0,0.6841,SELL,1,10,"Volume_MA,BB_Width,BB_Lower,ADX,BB_Upper,MACD_Hist,MACD,OBV,Rolling_Volatility,ROC",Volume_MA
HINDUNILVR,HINDUNILVR.NS,2024-11-21,2024,11,0,Bear,0,0.7893,SELL,1,0,0.6998,SELL,1,10,"Volume_MA,BB_Width,BB_Lower,ADX,BB_Upper,MACD_Hist,MACD,OBV,Rolling_Volatility,ROC",Volume_MA
HINDUNILVR,HINDUNILVR.NS,2024-11-22,2024,11,0,Bear,0,0.858,SELL,1,1,0.5582,BUY,0,10,"Volume_MA,BB_Width,BB_Lower,ADX,BB_Upper,MACD_Hist,MACD,OBV,Rolling_Volatility,ROC",Volume_MA
HINDUNILVR,HINDUNILVR.NS,2024-11-25,2024,11,0,Bear,0,0.9174,SELL,1,-1,0.5375,NO TRADE,0,10,"Volume_MA,BB_Width,BB_Lower,ADX,BB_Upper,MACD_Hist,MACD,OBV,Rolling_Volatility,ROC",Volume_MA
HINDUNILVR,HINDUNILVR.NS,2024-11-26,2024,11,0,Bear,0,0.8852,SELL,1,-1,0.5038,NO TRADE,0,10,"Volume_MA,BB_Width,BB_Lower,ADX,BB_Upper,MACD_Hist,MACD,OBV,Rolling_Volatility,ROC",Volume_MA
HINDUNILVR,HINDUNILVR.NS,2024-11-27,2024,11,0,Bear,0,0.8736,SELL,1,-1,0.5488,NO TRADE,0,10,"Volume_MA,BB_Width,BB_Lower,ADX,BB_Upper,MACD_Hist,MACD,OBV,Rolling_Volatility,ROC",Volume_MA
HINDUNILVR,HINDUNILVR.NS,2024-11-28,2024,11,0,Bear,0,0.8966,SELL,1,-1,0.534,NO TRADE,0,10,"Volume_MA,BB_Width,BB_Lower,ADX,BB_Upper,MACD_Hist,MACD,OBV,Rolling_Volatility,ROC",Volume_MA
HINDUNILVR,HINDUNILVR.NS,2024-11-29,2024,11,0,Bear,0,0.9301,SELL,1,-1,0.502,NO TRADE,0,10,"Volume_MA,BB_Width,BB_Lower,ADX,BB_Upper,MACD_Hist,MACD,OBV,Rolling_Volatility,ROC",Volume_MA
HINDUNILVR,HINDUNILVR.NS,2024-12-02,2024,12,0,Bear,0,0.9245,SELL,1,0,0.5631,SELL,1,10,"Volume_MA,BB_Width,BB_Lower,ADX,BB_Upper,MACD_Hist,MACD,OBV,Rolling_Volatility,ROC",Volume_MA
