stock,stock_symbol,predict_date,year,month,actual_target,market_regime,static_pred,static_confidence,static_signal,static_correct,dynamic_pred,dynamic_confidence,dynamic_signal,dynamic_correct,n_dynamic_features,dynamic_features,top_mi_feature
ICICIBANK,ICICIBANK.NS,2022-01-03,2022,1,1,Sideways,1,0.7166,BUY,1,1,0.7604,BUY,1,10,"BB_Lower,ATR_14,CCI,MACD_Hist,OBV,BB_Upper,Rolling_Volatility,BB_Width,MACD_Signal,MACD",BB_Lower
ICICIBANK,ICICIBANK.NS,2022-01-04,2022,1,1,Sideways,1,0.647,BUY,1,1,0.6761,BUY,1,10,"BB_Lower,ATR_14,CCI,MACD_Hist,OBV,BB_Upper,Rolling_Volatility,BB_Width,MACD_Signal,MACD",BB_Lower
ICICIBANK,ICICIBANK.NS,2022-01-05,2022,1,1,Sideways,-1,0.5499,NO TRADE,0,0,0.576,SELL,0,10,"BB_Lower,ATR_14,CCI,MACD_Hist,OBV,BB_Upper,Rolling_Volatility,BB_Width,MACD_Signal,MACD",BB_Lower
ICICIBANK,ICICIBANK.NS,2022-01-06,2022,1,1,Bear,-1,0.5448,NO TRADE,0,0,0.6244,SELL,0,10,"BB_Lower,ATR_14,CCI,MACD_Hist,OBV,BB_Upper,Rolling_Volatility,BB_Width,MACD_Signal,MACD",BB_Lower
ICICIBANK,ICICIBANK.NS,2022-01-07,2022,1,0,Bear,0,0.5647,SELL,1,0,0.7223,SELL,1,10,"BB_Lower,ATR_14,CCI,MACD_Hist,OBV,BB_Upper,Rolling_Volatility,BB_Width,MACD_Signal,MACD",BB_Lower
ICICIBANK,ICICIBANK.NS,2022-01-10,2022,1,0,Bear,-1,0.5443,NO TRADE,0,0,0.7557,SELL,1,10,"BB_Lower,ATR_14,CCI,MACD_Hist,OBV,BB_Upper,Rolling_Volatility,BB_Width,MACD_Signal,MACD",BB_Lower
ICICIBANK,ICICIBANK.NS,2022-01-11,2022,1,0,Sideways,0,0.5868,SELL,1,0,0.7336,SELL,1,10,"BB_Lower,ATR_14,CCI,MACD_Hist,OBV,BB_Upper,Rolling_Volatility,BB_Width,MACD_Signal,MACD",BB_Lower
ICICIBANK,ICICIBANK.NS,2022-01-12,2022,1,0,Sideways,0,0.5625,SELL,1,0,0.8019,SELL,1,10,"BB_Lower,ATR_14,CCI,MACD_Hist,OBV,BB_Upper,Rolling_Volatility,BB_Width,MACD_Signal,MACD",BB_Lower
ICICIBANK,ICICIBANK.NS,2022-01-13,2022,1,0,Bull,0,0.5842,SELL,1,0,0.7792,SELL,1,10,"BB_Lower,ATR_14,CCI,MACD_Hist,OBV,BB_Upper,Rolling_Volatility,BB_Width,MACD_Signal,MACD",BB_Lower
ICICIBANK,ICICIBANK.NS,2022-01-14,2022,1,0,Bull,0,0.5962,SELL,1,0,0.8044,SELL,1,10,"BB_Lower,ATR_14,CCI,MACD_Hist,OBV,BB_Upper,Rolling_Volatility,BB_Width,MACD_Signal,MACD",BB_Lower
ICICIBANK,ICICIBANK.NS,2022-01-17,2022,1,0,Bull,0,0.626,SELL,1,0,0.8423,SELL,1,10,"BB_Lower,ATR_14,CCI,MACD_Hist,OBV,BB_Upper,Rolling_Volatility,BB_Width,MACD_Signal,MACD",BB_Lower
ICICIBANK,ICICIBANK.NS,2022-01-18,2022,1,0,Bull,0,0.6605,SELL,1,0,0.8482,SELL,1,10,"BB_Lower,ATR_14,CCI,MACD_Hist,OBV,BB_Upper,Rolling_Volatility,BB_Width,MACD_Signal,MACD",BB_Lower
ICICIBANK,ICICIBANK.NS,2022-01-19,2022,1,0,Bull,1,0.5826,BUY,0,0,0.8347,SELL,1,10,"BB_Lower,ATR_14,CCI,MACD_Hist,OBV,BB_Upper,Rolling_Volatility,BB_Width,MACD_Signal,MACD",BB_Lower
ICICIBANK,ICICIBANK.NS,2022-01-20,2022,1,0,Bull,0,0.6256,SELL,1,0,0.834,SELL,1,10,"BB_Lower,ATR_14,CCI,MACD_Hist,OBV,BB_Upper,Rolling_Volatility,BB_Width,MACD_Signal,MACD",BB_Lower
ICICIBANK,ICICIBANK.NS,2022-01-21,2022,1,0,Bull,-1,0.5467,NO TRADE,0,0,0.7533,SELL,1,10,"BB_Lower,ATR_14,CCI,MACD_Hist,OBV,BB_Upper,Rolling_Volatility,BB_Width,MACD_Signal,MACD",BB_Lower
ICICIBANK,ICICIBANK.NS,2022-01-24,2022,1,0,Bull,0,0.623,SELL,1,0,0.6912,SELL,1,10,"BB_Lower,ATR_14,CCI,MACD_Hist,OBV,BB_Upper,Rolling_Volatility,BB_Width,MACD_Signal,MACD",BB_Lower
ICICIBANK,ICICIBANK.NS,2022-01-25,2022,1,0,Bull,-1,0.5469,NO TRADE,0,0,0.6347,SELL,1,10,"BB_Lower,ATR_14,CCI,MACD_Hist,OBV,BB_Upper,Rolling_Volatility,BB_Width,MACD_Signal,MACD",BB_Lower
ICICIBANK,ICICIBANK.NS,2022-01-27,2022,1,0,Bull,-1,0.5326,NO TRADE,0,0,0.6309,SELL,1,10,"BB_Lower,ATR_14,CCI,MACD_Hist,OBV,BB_Upper,Rolling_Volatility,BB_Width,MACD_Signal,MACD",BB_Lower
ICICIBANK,ICICIBANK.NS,2022-01-28,2022,1,0,Bull,0,0.6089,SELL,1,0,0.7424,SELL,1,10,"BB_Lower,ATR_14,CCI,MACD_Hist,OBV,BB_Upper,Rolling_Volatility,BB_Width,MACD_Signal,MACD",BB_Lower
ICICIBANK,ICICIBANK.NS,2022-01-31,2022,1,0,Bull,-1,0.5453,NO TRADE,0,0,0.6928,SELL,1,10,"BB_Lower,ATR_14,CCI,MACD_Hist,OBV,BB_Upper,Rolling_Volatility,BB_Width,MACD_Signal,MACD",BB_Lower
ICICIBANK,ICICIBANK.NS,2022-02-01,2022,2,0,Bull,0,0.5549,SELL,1,0,0.7123,SELL,1,10,"BB_Lower,ATR_14,CCI,MACD_Hist,OBV,BB_Upper,Rolling_Volatility,BB_Width,MACD_Signal,MACD",BB_Lower
ICICIBANK,ICICIBANK.NS,2022-02-02,2022,2,0,Bull,-1,0.5347,NO TRADE,0,0,0.5555,SELL,1,10,"BB_Lower,ATR_14,CCI,MACD_Hist,OBV,BB_Upper,Rolling_Volatility,BB_Width,MACD_Signal,MACD",BB_Lower
ICICIBANK,ICICIBANK.NS,2022-02-03,2022,2,0,Bull,1,0.6291,BUY,0,0,0.5551,SELL,1,10,"BB_Lower,ATR_14,CCI,MACD_Hist,OBV,BB_Upper,Rolling_Volatility,BB_Width,MACD_Signal,MACD",BB_Lower
ICICIBANK,ICICIBANK.NS,2022-02-04,2022,2,0,Bull,1,0.6684,BUY,0,-1,0.5407,NO TRADE,0,10,"BB_Lower,ATR_14,CCI,MACD_Hist,OBV,BB_Upper,Rolling_Volatility,BB_Width,MACD_Signal,MACD",BB_Lower
ICICIBANK,ICICIBANK.NS,2022-02-07,2022,2,0,Bull,1,0.7907,BUY,0,-1,0.5071,NO TRADE,0,10,"BB_Lower,ATR_14,CCI,MACD_Hist,OBV,BB_Upper,Rolling_Volatility,BB_Width,MACD_Signal,MACD",BB_Lower
ICICIBANK,ICICIBANK.NS,2022-02-08,2022,2,0,Bull,0,0.641,SELL,1,0,0.8306,SELL,1,10,"MACD,MACD_Hist,MACD_Signal,ATR_14,BB_Width,Return_10d,ADX,OBV,BB_Upper,BB_Lower",MACD
ICICIBANK,ICICIBANK.NS,2022-02-09,2022,2,0,Bull,-1,0.5389,NO TRADE,0,0,0.7652,SELL,1,10,"MACD,MACD_Hist,MACD_Signal,ATR_14,BB_Width,Return_10d,ADX,OBV,BB_Upper,BB_Lower",MACD
ICICIBANK,ICICIBANK.NS,2022-02-10,2022,2,0,Bull,-1,0.5231,NO TRADE,0,0,0.715,SELL,1,10,"MACD,MACD_Hist,MACD_Signal,ATR_14,BB_Width,Return_10d,ADX,OBV,BB_Upper,BB_Lower",MACD
ICICIBANK,ICICIBANK.NS,2022-02-11,2022,2,0,Bull,1,0.6424,BUY,0,0,0.5575,SELL,1,10,"MACD,MACD_Hist,MACD_Signal,ATR_14,BB_Width,Return_10d,ADX,OBV,BB_Upper,BB_Lower",MACD
ICICIBANK,ICICIBANK.NS,2022-02-14,2022,2,0,Bull,1,0.5886,BUY,0,1,0.5961,BUY,0,10,"MACD,MACD_Hist,MACD_Signal,ATR_14,BB_Width,Return_10d,ADX,OBV,BB_Upper,BB_Lower",MACD
ICICIBANK,ICICIBANK.NS,2022-02-15,2022,2,0,Bull,0,0.5602,SELL,1,-1,0.5431,NO TRADE,0,10,"MACD,MACD_Hist,MACD_Signal,ATR_14,BB_Width,Return_10d,ADX,OBV,BB_Upper,BB_Lower",MACD
ICICIBANK,ICICIBANK.NS,2022-02-16,2022,2,0,Bull,-1,0.5407,NO TRADE,0,-1,0.5338,NO TRADE,0,10,"MACD,MACD_Hist,MACD_Signal,ATR_14,BB_Width,Return_10d,ADX,OBV,BB_Upper,BB_Lower",MACD
ICICIBANK,ICICIBANK.NS,2022-02-17,2022,2,0,Bull,-1,0.5402,NO TRADE,0,1,0.7228,BUY,0,10,"MACD,MACD_Hist,MACD_Signal,ATR_14,BB_Width,Return_10d,ADX,OBV,BB_Upper,BB_Lower",MACD
ICICIBANK,ICICIBANK.NS,2022-02-18,2022,2,0,Sideways,0,0.6052,SELL,1,1,0.6346,BUY,0,10,"MACD,MACD_Hist,MACD_Signal,ATR_14,BB_Width,Return_10d,ADX,OBV,BB_Upper,BB_Lower",MACD
ICICIBANK,ICICIBANK.NS,2022-02-21,2022,2,0,Sideways,0,0.6044,SELL,1,1,0.5738,BUY,0,10,"MACD,MACD_Hist,MACD_Signal,ATR_14,BB_Width,Return_10d,ADX,OBV,BB_Upper,BB_Lower",MACD
ICICIBANK,ICICIBANK.NS,2022-02-22,2022,2,0,Sideways,-1,0.5003,NO TRADE,0,1,0.656,BUY,0,10,"MACD,MACD_Hist,MACD_Signal,ATR_14,BB_Width,Return_10d,ADX,OBV,BB_Upper,BB_Lower",MACD
ICICIBANK,ICICIBANK.NS,2022-02-23,2022,2,0,Sideways,1,0.6074,BUY,0,1,0.6861,BUY,0,10,"MACD,MACD_Hist,MACD_Signal,ATR_14,BB_Width,Return_10d,ADX,OBV,BB_Upper,BB_Lower",MACD
ICICIBANK,ICICIBANK.NS,2022-02-24,2022,2,1,Sideways,0,0.7224,SELL,0,1,0.6105,BUY,1,10,"MACD,MACD_Hist,MACD_Signal,ATR_14,BB_Width,Return_10d,ADX,OBV,BB_Upper,BB_Lower",MACD
ICICIBANK,ICICIBANK.NS,2022-02-25,2022,2,0,Bear,-1,0.5132,NO TRADE,0,1,0.6312,BUY,0,10,"MACD,MACD_Hist,MACD_Signal,ATR_14,BB_Width,Return_10d,ADX,OBV,BB_Upper,BB_Lower",MACD
ICICIBANK,ICICIBANK.NS,2022-02-28,2022,2,0,Sideways,0,0.5542,SELL,1,1,0.6493,BUY,0,10,"MACD,MACD_Hist,MACD_Signal,ATR_14,BB_Width,Return_10d,ADX,OBV,BB_Upper,BB_Lower",MACD
ICICIBANK,ICICIBANK.NS,2022-03-02,2022,3,1,Bull,-1,0.5445,NO TRADE,0,1,0.6256,BUY,1,10,"MACD,MACD_Hist,MACD_Signal,ATR_14,BB_Width,Return_10d,ADX,OBV,BB_Upper,BB_Lower",MACD
ICICIBANK,ICICIBANK.NS,2022-03-03,2022,3,1,Sideways,0,0.5643,SELL,0,1,0.6294,BUY,1,10,"MACD,MACD_Hist,MACD_Signal,ATR_14,BB_Width,Return_10d,ADX,OBV,BB_Upper,BB_Lower",MACD
ICICIBANK,ICICIBANK.NS,2022-03-04,2022,3,1,Sideways,-1,0.5355,NO TRADE,0,1,0.6309,BUY,1,10,"MACD,MACD_Hist,MACD_Signal,ATR_14,BB_Width,Return_10d,ADX,OBV,BB_Upper,BB_Lower",MACD
ICICIBANK,ICICIBANK.NS,2022-03-07,2022,3,1,Bear,0,0.6216,SELL,0,1,0.6199,BUY,1,10,"MACD,MACD_Hist,MACD_Signal,ATR_14,BB_Width,Return_10d,ADX,OBV,BB_Upper,BB_Lower",MACD
ICICIBANK,ICICIBANK.NS,2022-03-08,2022,3,1,Bear,-1,0.5095,NO TRADE,0,1,0.6284,BUY,1,10,"MACD,MACD_Hist,MACD_Signal,ATR_14,BB_Width,Return_10d,ADX,OBV,BB_Upper,BB_Lower",MACD
ICICIBANK,ICICIBANK.NS,2022-03-09,2022,3,1,Bear,1,0.6166,BUY,1,1,0.6392,BUY,1,10,"MACD,MACD_Hist,MACD_Signal,ATR_14,BB_Width,Return_10d,ADX,OBV,BB_Upper,BB_Lower",MACD
ICICIBANK,ICICIBANK.NS,2022-03-10,2022,3,1,Bear,1,0.7048,BUY,1,1,0.6326,BUY,1,10,"MACD,MACD_Hist,MACD_Signal,ATR_14,BB_Width,Return_10d,ADX,OBV,BB_Upper,BB_Lower",MACD
ICICIBANK,ICICIBANK.NS,2022-03-11,2022,3,1,Bear,1,0.7121,BUY,1,1,0.5921,BUY,1,10,"MACD,MACD_Hist,MACD_Signal,ATR_14,BB_Width,Return_10d,ADX,OBV,BB_Upper,BB_Lower",MACD
ICICIBANK,ICICIBANK.NS,2022-03-14,2022,3,1,Bear,1,0.8243,BUY,1,1,0.7479,BUY,1,10,"MACD,MACD_Hist,MACD_Signal,ATR_14,BB_Width,Return_10d,ADX,OBV,BB_Upper,BB_Lower",MACD
ICICIBANK,ICICIBANK.NS,2022-03-15,2022,3,1,Bear,1,0.816,BUY,1,1,0.7556,BUY,1,10,"MACD,MACD_Hist,MACD_Signal,ATR_14,BB_Width,Return_10d,ADX,OBV,BB_Upper,BB_Lower",MACD
ICICIBANK,ICICIBANK.NS,2022-03-16,2022,3,1,Bear,1,0.7905,BUY,1,1,0.7681,BUY,1,10,"MACD,MACD_Hist,MACD_Signal,ATR_14,BB_Width,Return_10d,ADX,OBV,BB_Upper,BB_Lower",MACD
ICICIBANK,ICICIBANK.NS,2022-03-17,2022,3,1,Bear,1,0.7831,BUY,1,1,0.7305,BUY,1,10,"MACD,MACD_Hist,MACD_Signal,ATR_14,BB_Width,Return_10d,ADX,OBV,BB_Upper,BB_Lower",MACD
ICICIBANK,ICICIBANK.NS,2022-03-21,2022,3,1,Bear,1,0.7503,BUY,1,1,0.6795,BUY,1,10,"MACD,MACD_Hist,MACD_Signal,ATR_14,BB_Width,Return_10d,ADX,OBV,BB_Upper,BB_Lower",MACD
ICICIBANK,ICICIBANK.NS,2022-03-22,2022,3,1,Bear,1,0.8099,BUY,1,1,0.672,BUY,1,10,"MACD,MACD_Hist,MACD_Signal,ATR_14,BB_Width,Return_10d,ADX,OBV,BB_Upper,BB_Lower",MACD
ICICIBANK,ICICIBANK.NS,2022-03-23,2022,3,1,Bear,1,0.7805,BUY,1,1,0.6798,BUY,1,10,"MACD,MACD_Hist,MACD_Signal,ATR_14,BB_Width,Return_10d,ADX,OBV,BB_Upper,BB_Lower",MACD
ICICIBANK,ICICIBANK.NS,2022-03-24,2022,3,1,Bear,1,0.8176,BUY,1,1,0.7316,BUY,1,10,"MACD,MACD_Hist,MACD_Signal,ATR_14,BB_Width,Return_10d,ADX,OBV,BB_Upper,BB_Lower",MACD
ICICIBANK,ICICIBANK.NS,2022-03-25,2022,3,1,Bear,1,0.8155,BUY,1,1,0.7837,BUY,1,10,"MACD,MACD_Hist,MACD_Signal,ATR_14,BB_Width,Return_10d,ADX,OBV,BB_Upper,BB_Lower",MACD
ICICIBANK,ICICIBANK.NS,2022-03-28,2022,3,1,Bear,1,0.907,BUY,1,1,0.7945,BUY,1,10,"MACD,MACD_Hist,MACD_Signal,ATR_14,BB_Width,Return_10d,ADX,OBV,BB_Upper,BB_Lower",MACD
ICICIBANK,ICICIBANK.NS,2022-03-29,2022,3,1,Bear,1,0.8925,BUY,1,1,0.8172,BUY,1,10,"MACD,MACD_Hist,MACD_Signal,ATR_14,BB_Width,Return_10d,ADX,OBV,BB_Upper,BB_Lower",MACD
ICICIBANK,ICICIBANK.NS,2022-03-30,2022,3,1,Bear,1,0.8865,BUY,1,1,0.8814,BUY,1,10,"MACD,MACD_Hist,MACD_Signal,ATR_14,BB_Width,Return_10d,ADX,OBV,BB_Upper,BB_Lower",MACD
ICICIBANK,ICICIBANK.NS,2022-03-31,2022,3,1,Bear,1,0.8673,BUY,1,1,0.8818,BUY,1,10,"MACD,MACD_Hist,MACD_Signal,ATR_14,BB_Width,Return_10d,ADX,OBV,BB_Upper,BB_Lower",MACD
ICICIBANK,ICICIBANK.NS,2022-04-01,2022,4,0,Bear,1,0.8656,BUY,0,1,0.8746,BUY,0,10,"MACD,MACD_Hist,MACD_Signal,ATR_14,BB_Width,Return_10d,ADX,OBV,BB_Upper,BB_Lower",MACD
ICICIBANK,ICICIBANK.NS,2022-04-04,2022,4,0,Bear,1,0.8593,BUY,0,1,0.8464,BUY,0,10,"MACD,MACD_Hist,MACD_Signal,ATR_14,BB_Width,Return_10d,ADX,OBV,BB_Upper,BB_Lower",MACD
ICICIBANK,ICICIBANK.NS,2022-04-05,2022,4,0,Bear,1,0.8285,BUY,0,1,0.872,BUY,0,10,"MACD,MACD_Hist,MACD_Signal,ATR_14,BB_Width,Return_10d,ADX,OBV,BB_Upper,BB_Lower",MACD
ICICIBANK,ICICIBANK.NS,2022-04-06,2022,4,0,Bear,1,0.8311,BUY,0,1,0.8319,BUY,0,10,"MACD,MACD_Hist,MACD_Signal,ATR_14,BB_Width,Return_10d,ADX,OBV,BB_Upper,BB_Lower",MACD
ICICIBANK,ICICIBANK.NS,2022-04-07,2022,4,0,Bear,1,0.5864,BUY,0,1,0.7586,BUY,0,10,"MACD,MACD_Hist,MACD_Signal,ATR_14,BB_Width,Return_10d,ADX,OBV,BB_Upper,BB_Lower",MACD
ICICIBANK,ICICIBANK.NS,2022-04-08,2022,4,0,Bear,-1,0.5457,NO TRADE,0,1,0.5991,BUY,0,10,"MACD,MACD_Hist,MACD_Signal,ATR_14,BB_Width,Return_10d,ADX,OBV,BB_Upper,BB_Lower",MACD
ICICIBANK,ICICIBANK.NS,2022-04-11,2022,4,0,Bear,0,0.6264,SELL,1,-1,0.5018,NO TRADE,0,10,"MACD,MACD_Hist,MACD_Signal,ATR_14,BB_Width,Return_10d,ADX,OBV,BB_Upper,BB_Lower",MACD
ICICIBANK,ICICIBANK.NS,2022-04-12,2022,4,0,Bear,0,0.752,SELL,1,0,0.7572,SELL,1,10,"MACD,MACD_Hist,MACD_Signal,ATR_14,BB_Width,Return_10d,ADX,OBV,BB_Upper,BB_Lower",MACD
ICICIBANK,ICICIBANK.NS,2022-04-13,2022,4,0,Sideways,0,0.8131,SELL,1,0,0.8004,SELL,1,10,"MACD,MACD_Hist,MACD_Signal,ATR_14,BB_Width,Return_10d,ADX,OBV,BB_Upper,BB_Lower",MACD
ICICIBANK,ICICIBANK.NS,2022-04-18,2022,4,0,Bear,0,0.766,SELL,1,0,0.806,SELL,1,10,"MACD,MACD_Hist,MACD_Signal,ATR_14,BB_Width,Return_10d,ADX,OBV,BB_Upper,BB_Lower",MACD
ICICIBANK,ICICIBANK.NS,2022-04-19,2022,4,0,Bear,0,0.8001,SELL,1,0,0.8205,SELL,1,10,"MACD,MACD_Hist,MACD_Signal,ATR_14,BB_Width,Return_10d,ADX,OBV,BB_Upper,BB_Lower",MACD
ICICIBANK,ICICIBANK.NS,2022-04-20,2022,4,0,Bear,0,0.8662,SELL,1,0,0.8832,SELL,1,10,"MACD,MACD_Hist,MACD_Signal,ATR_14,BB_Width,Return_10d,ADX,OBV,BB_Upper,BB_Lower",MACD
ICICIBANK,ICICIBANK.NS,2022-04-21,2022,4,0,Bear,0,0.9058,SELL,1,0,0.9059,SELL,1,10,"MACD,MACD_Hist,MACD_Signal,ATR_14,BB_Width,Return_10d,ADX,OBV,BB_Upper,BB_Lower",MACD
ICICIBANK,ICICIBANK.NS,2022-04-22,2022,4,0,Bear,0,0.7893,SELL,1,0,0.894,SELL,1,10,"MACD,MACD_Hist,MACD_Signal,ATR_14,BB_Width,Return_10d,ADX,OBV,BB_Upper,BB_Lower",MACD
ICICIBANK,ICICIBANK.NS,2022-04-25,2022,4,0,Bear,0,0.6436,SELL,1,0,0.8431,SELL,1,10,"MACD,MACD_Hist,MACD_Signal,ATR_14,BB_Width,Return_10d,ADX,OBV,BB_Upper,BB_Lower",MACD
ICICIBANK,ICICIBANK.NS,2022-04-26,2022,4,0,Bear,0,0.6537,SELL,1,0,0.8378,SELL,1,10,"MACD,MACD_Hist,MACD_Signal,ATR_14,BB_Width,Return_10d,ADX,OBV,BB_Upper,BB_Lower",MACD
ICICIBANK,ICICIBANK.NS,2022-04-27,2022,4,0,Bear,0,0.5745,SELL,1,0,0.7555,SELL,1,10,"MACD,MACD_Hist,MACD_Signal,ATR_14,BB_Width,Return_10d,ADX,OBV,BB_Upper,BB_Lower",MACD
ICICIBANK,ICICIBANK.NS,2022-04-28,2022,4,0,Bear,1,0.5559,BUY,0,0,0.6851,SELL,1,10,"MACD,MACD_Hist,MACD_Signal,ATR_14,BB_Width,Return_10d,ADX,OBV,BB_Upper,BB_Lower",MACD
ICICIBANK,ICICIBANK.NS,2022-04-29,2022,4,1,Bear,1,0.594,BUY,1,-1,0.5321,NO TRADE,0,10,"MACD,MACD_Hist,MACD_Signal,ATR_14,BB_Width,Return_10d,ADX,OBV,BB_Upper,BB_Lower",MACD
ICICIBANK,ICICIBANK.NS,2022-05-02,2022,5,1,Sideways,1,0.7593,BUY,1,1,0.7036,BUY,1,10,"MACD,MACD_Hist,MACD_Signal,ATR_14,BB_Width,Return_10d,ADX,OBV,BB_Upper,BB_Lower",MACD
ICICIBANK,ICICIBANK.NS,2022-05-04,2022,5,1,Bear,1,0.6577,BUY,1,-1,0.5177,NO TRADE,0,10,"MACD,MACD_Hist,MACD_Signal,ATR_14,BB_Width,Return_10d,ADX,OBV,BB_Upper,BB_Lower",MACD
ICICIBANK,ICICIBANK.NS,2022-05-05,2022,5,1,Bear,1,0.7206,BUY,1,-1,0.5394,NO TRADE,0,10,"MACD,MACD_Hist,MACD_Signal,ATR_14,BB_Width,Return_10d,ADX,OBV,BB_Upper,BB_Lower",MACD
ICICIBANK,ICICIBANK.NS,2022-05-06,2022,5,1,Sideways,1,0.713,BUY,1,-1,0.5485,NO TRADE,0,10,"MACD,MACD_Hist,MACD_Signal,ATR_14,BB_Width,Return_10d,ADX,OBV,BB_Upper,BB_Lower",MACD
ICICIBANK,ICICIBANK.NS,2022-05-09,2022,5,1,Bear,1,0.7904,BUY,1,1,0.6612,BUY,1,10,"MACD,MACD_Hist,MACD_Signal,ATR_14,BB_Width,Return_10d,ADX,OBV,BB_Upper,BB_Lower",MACD
ICICIBANK,ICICIBANK.NS,2022-05-10,2022,5,1,Bear,1,0.7673,BUY,1,1,0.5757,BUY,1,10,"MFI,MACD,BB_Lower,ATR_14,OBV,MACD_Hist,MACD_Signal,Rolling_Median_Return,ADX,BB_Upper",MFI
ICICIBANK,ICICIBANK.NS,2022-05-11,2022,5,1,Bear,1,0.7471,BUY,1,1,0.6117,BUY,1,10,"MFI,MACD,BB_Lower,ATR_14,OBV,MACD_Hist,MACD_Signal,Rolling_Median_Return,ADX,BB_Upper",MFI
ICICIBANK,ICICIBANK.NS,2022-05-12,2022,5,1,Bear,1,0.6967,BUY,1,-1,0.5102,NO TRADE,0,10,"MFI,MACD,BB_Lower,ATR_14,OBV,MACD_Hist,MACD_Signal,Rolling_Median_Return,ADX,BB_Upper",MFI
ICICIBANK,ICICIBANK.NS,2022-05-13,2022,5,1,Sideways,1,0.7108,BUY,1,1,0.5935,BUY,1,10,"MFI,MACD,BB_Lower,ATR_14,OBV,MACD_Hist,MACD_Signal,Rolling_Median_Return,ADX,BB_Upper",MFI
ICICIBANK,ICICIBANK.NS,2022-05-16,2022,5,1,Bear,1,0.8174,BUY,1,1,0.6863,BUY,1,10,"MFI,MACD,BB_Lower,ATR_14,OBV,MACD_Hist,MACD_Signal,Rolling_Median_Return,ADX,BB_Upper",MFI
ICICIBANK,ICICIBANK.NS,2022-05-17,2022,5,0,Bear,1,0.7693,BUY,0,1,0.8064,BUY,0,10,"MFI,MACD,BB_Lower,ATR_14,OBV,MACD_Hist,MACD_Signal,Rolling_Median_Return,ADX,BB_Upper",MFI
ICICIBANK,ICICIBANK.NS,2022-05-18,2022,5,0,Sideways,1,0.8214,BUY,0,1,0.9196,BUY,0,10,"MFI,MACD,BB_Lower,ATR_14,OBV,MACD_Hist,MACD_Signal,Rolling_Median_Return,ADX,BB_Upper",MFI
ICICIBANK,ICICIBANK.NS,2022-05-19,2022,5,0,Sideways,1,0.7071,BUY,0,1,0.8865,BUY,0,10,"MFI,MACD,BB_Lower,ATR_14,OBV,MACD_Hist,MACD_Signal,Rolling_Median_Return,ADX,BB_Upper",MFI
ICICIBANK,ICICIBANK.NS,2022-05-20,2022,5,0,Sideways,1,0.7468,BUY,0,1,0.9307,BUY,0,10,"MFI,MACD,BB_Lower,ATR_14,OBV,MACD_Hist,MACD_Signal,Rolling_Median_Return,ADX,BB_Upper",MFI
ICICIBANK,ICICIBANK.NS,2022-05-23,2022,5,0,Bull,1,0.7473,BUY,0,1,0.9045,BUY,0,10,"MFI,MACD,BB_Lower,ATR_14,OBV,MACD_Hist,MACD_Signal,Rolling_Median_Return,ADX,BB_Upper",MFI
ICICIBANK,ICICIBANK.NS,2022-05-24,2022,5,0,Bull,1,0.791,BUY,0,1,0.9047,BUY,0,10,"MFI,MACD,BB_Lower,ATR_14,OBV,MACD_Hist,MACD_Signal,Rolling_Median_Return,ADX,BB_Upper",MFI
ICICIBANK,ICICIBANK.NS,2022-05-25,2022,5,0,Bull,1,0.8402,BUY,0,1,0.9333,BUY,0,10,"MFI,MACD,BB_Lower,ATR_14,OBV,MACD_Hist,MACD_Signal,Rolling_Median_Return,ADX,BB_Upper",MFI
ICICIBANK,ICICIBANK.NS,2022-05-26,2022,5,0,Bull,1,0.8911,BUY,0,1,0.9384,BUY,0,10,"MFI,MACD,BB_Lower,ATR_14,OBV,MACD_Hist,MACD_Signal,Rolling_Median_Return,ADX,BB_Upper",MFI
ICICIBANK,ICICIBANK.NS,2022-05-27,2022,5,0,Bull,1,0.7956,BUY,0,1,0.9119,BUY,0,10,"MFI,MACD,BB_Lower,ATR_14,OBV,MACD_Hist,MACD_Signal,Rolling_Median_Return,ADX,BB_Upper",MFI
ICICIBANK,ICICIBANK.NS,2022-05-30,2022,5,0,Bull,1,0.6383,BUY,0,1,0.8456,BUY,0,10,"MFI,MACD,BB_Lower,ATR_14,OBV,MACD_Hist,MACD_Signal,Rolling_Median_Return,ADX,BB_Upper",MFI
ICICIBANK,ICICIBANK.NS,2022-05-31,2022,5,0,Bull,1,0.5527,BUY,0,1,0.7826,BUY,0,10,"MFI,MACD,BB_Lower,ATR_14,OBV,MACD_Hist,MACD_Signal,Rolling_Median_Return,ADX,BB_Upper",MFI
ICICIBANK,ICICIBANK.NS,2022-06-01,2022,6,0,Bull,0,0.5802,SELL,1,-1,0.5458,NO TRADE,0,10,"MFI,MACD,BB_Lower,ATR_14,OBV,MACD_Hist,MACD_Signal,Rolling_Median_Return,ADX,BB_Upper",MFI
ICICIBANK,ICICIBANK.NS,2022-06-02,2022,6,0,Bull,-1,0.505,NO TRADE,0,0,0.5918,SELL,1,10,"MFI,MACD,BB_Lower,ATR_14,OBV,MACD_Hist,MACD_Signal,Rolling_Median_Return,ADX,BB_Upper",MFI
ICICIBANK,ICICIBANK.NS,2022-06-03,2022,6,0,Bull,0,0.607,SELL,1,0,0.6468,SELL,1,10,"MFI,MACD,BB_Lower,ATR_14,OBV,MACD_Hist,MACD_Signal,Rolling_Median_Return,ADX,BB_Upper",MFI
ICICIBANK,ICICIBANK.NS,2022-06-06,2022,6,0,Bull,-1,0.501,NO TRADE,0,0,0.5587,SELL,1,10,"MFI,MACD,BB_Lower,ATR_14,OBV,MACD_Hist,MACD_Signal,Rolling_Median_Return,ADX,BB_Upper",MFI
ICICIBANK,ICICIBANK.NS,2022-06-07,2022,6,0,Bull,1,0.7957,BUY,0,0,0.5593,SELL,1,10,"MFI,MACD,BB_Lower,ATR_14,OBV,MACD_Hist,MACD_Signal,Rolling_Median_Return,ADX,BB_Upper",MFI
ICICIBANK,ICICIBANK.NS,2022-06-08,2022,6,0,Bull,1,0.7977,BUY,0,-1,0.5055,NO TRADE,0,10,"MFI,MACD,BB_Lower,ATR_14,OBV,MACD_Hist,MACD_Signal,Rolling_Median_Return,ADX,BB_Upper",MFI
ICICIBANK,ICICIBANK.NS,2022-06-09,2022,6,1,Bull,1,0.7535,BUY,1,1,0.6462,BUY,1,10,"MFI,MACD,BB_Lower,ATR_14,OBV,MACD_Hist,MACD_Signal,Rolling_Median_Return,ADX,BB_Upper",MFI
ICICIBANK,ICICIBANK.NS,2022-06-10,2022,6,1,Bull,1,0.8052,BUY,1,1,0.7519,BUY,1,10,"MFI,MACD,BB_Lower,ATR_14,OBV,MACD_Hist,MACD_Signal,Rolling_Median_Return,ADX,BB_Upper",MFI
ICICIBANK,ICICIBANK.NS,2022-06-13,2022,6,1,Sideways,1,0.8106,BUY,1,1,0.7823,BUY,1,10,"MFI,MACD,BB_Lower,ATR_14,OBV,MACD_Hist,MACD_Signal,Rolling_Median_Return,ADX,BB_Upper",MFI
ICICIBANK,ICICIBANK.NS,2022-06-14,2022,6,1,Bear,1,0.7842,BUY,1,-1,0.5458,NO TRADE,0,10,"MFI,MACD,BB_Lower,ATR_14,OBV,MACD_Hist,MACD_Signal,Rolling_Median_Return,ADX,BB_Upper",MFI
ICICIBANK,ICICIBANK.NS,2022-06-15,2022,6,1,Bear,1,0.7667,BUY,1,-1,0.514,NO TRADE,0,10,"MFI,MACD,BB_Lower,ATR_14,OBV,MACD_Hist,MACD_Signal,Rolling_Median_Return,ADX,BB_Upper",MFI
ICICIBANK,ICICIBANK.NS,2022-06-16,2022,6,1,Bear,1,0.6904,BUY,1,-1,0.5228,NO TRADE,0,10,"MFI,MACD,BB_Lower,ATR_14,OBV,MACD_Hist,MACD_Signal,Rolling_Median_Return,ADX,BB_Upper",MFI
ICICIBANK,ICICIBANK.NS,2022-06-17,2022,6,1,Bear,1,0.7622,BUY,1,1,0.6346,BUY,1,10,"MFI,MACD,BB_Lower,ATR_14,OBV,MACD_Hist,MACD_Signal,Rolling_Median_Return,ADX,BB_Upper",MFI
ICICIBANK,ICICIBANK.NS,2022-06-20,2022,6,1,Bear,1,0.829,BUY,1,1,0.7263,BUY,1,10,"MFI,MACD,BB_Lower,ATR_14,OBV,MACD_Hist,MACD_Signal,Rolling_Median_Return,ADX,BB_Upper",MFI
ICICIBANK,ICICIBANK.NS,2022-06-21,2022,6,1,Bear,1,0.8259,BUY,1,1,0.7577,BUY,1,10,"MFI,MACD,BB_Lower,ATR_14,OBV,MACD_Hist,MACD_Signal,Rolling_Median_Return,ADX,BB_Upper",MFI
ICICIBANK,ICICIBANK.NS,2022-06-22,2022,6,1,Bear,1,0.8219,BUY,1,1,0.7742,BUY,1,10,"MFI,MACD,BB_Lower,ATR_14,OBV,MACD_Hist,MACD_Signal,Rolling_Median_Return,ADX,BB_Upper",MFI
ICICIBANK,ICICIBANK.NS,2022-06-23,2022,6,1,Bear,1,0.8676,BUY,1,1,0.8994,BUY,1,10,"MFI,MACD,BB_Lower,ATR_14,OBV,MACD_Hist,MACD_Signal,Rolling_Median_Return,ADX,BB_Upper",MFI
ICICIBANK,ICICIBANK.NS,2022-06-24,2022,6,1,Bear,1,0.8799,BUY,1,1,0.9036,BUY,1,10,"MFI,MACD,BB_Lower,ATR_14,OBV,MACD_Hist,MACD_Signal,Rolling_Median_Return,ADX,BB_Upper",MFI
ICICIBANK,ICICIBANK.NS,2022-06-27,2022,6,1,Bear,1,0.9149,BUY,1,1,0.8873,BUY,1,10,"MFI,MACD,BB_Lower,ATR_14,OBV,MACD_Hist,MACD_Signal,Rolling_Median_Return,ADX,BB_Upper",MFI
ICICIBANK,ICICIBANK.NS,2022-06-28,2022,6,1,Bear,1,0.9221,BUY,1,1,0.9359,BUY,1,10,"MFI,MACD,BB_Lower,ATR_14,OBV,MACD_Hist,MACD_Signal,Rolling_Median_Return,ADX,BB_Upper",MFI
ICICIBANK,ICICIBANK.NS,2022-06-29,2022,6,1,Bear,1,0.9159,BUY,1,1,0.9352,BUY,1,10,"MFI,MACD,BB_Lower,ATR_14,OBV,MACD_Hist,MACD_Signal,Rolling_Median_Return,ADX,BB_Upper",MFI
ICICIBANK,ICICIBANK.NS,2022-06-30,2022,6,1,Bear,1,0.9392,BUY,1,1,0.9337,BUY,1,10,"MFI,MACD,BB_Lower,ATR_14,OBV,MACD_Hist,MACD_Signal,Rolling_Median_Return,ADX,BB_Upper",MFI
ICICIBANK,ICICIBANK.NS,2022-07-01,2022,7,1,Bear,1,0.9299,BUY,1,1,0.9328,BUY,1,10,"MFI,MACD,BB_Lower,ATR_14,OBV,MACD_Hist,MACD_Signal,Rolling_Median_Return,ADX,BB_Upper",MFI
ICICIBANK,ICICIBANK.NS,2022-07-04,2022,7,1,Bear,1,0.938,BUY,1,1,0.9214,BUY,1,10,"MFI,MACD,BB_Lower,ATR_14,OBV,MACD_Hist,MACD_Signal,Rolling_Median_Return,ADX,BB_Upper",MFI
ICICIBANK,ICICIBANK.NS,2022-07-05,2022,7,1,Bear,1,0.9208,BUY,1,1,0.9157,BUY,1,10,"MFI,MACD,BB_Lower,ATR_14,OBV,MACD_Hist,MACD_Signal,Rolling_Median_Return,ADX,BB_Upper",MFI
ICICIBANK,ICICIBANK.NS,2022-07-06,2022,7,1,Bear,1,0.8318,BUY,1,1,0.8409,BUY,1,10,"MFI,MACD,BB_Lower,ATR_14,OBV,MACD_Hist,MACD_Signal,Rolling_Median_Return,ADX,BB_Upper",MFI
ICICIBANK,ICICIBANK.NS,2022-07-07,2022,7,1,Bear,1,0.8277,BUY,1,1,0.8141,BUY,1,10,"MFI,MACD,BB_Lower,ATR_14,OBV,MACD_Hist,MACD_Signal,Rolling_Median_Return,ADX,BB_Upper",MFI
ICICIBANK,ICICIBANK.NS,2022-07-08,2022,7,1,Sideways,-1,0.5448,NO TRADE,0,1,0.5941,BUY,1,10,"MFI,MACD,BB_Lower,ATR_14,OBV,MACD_Hist,MACD_Signal,Rolling_Median_Return,ADX,BB_Upper",MFI
ICICIBANK,ICICIBANK.NS,2022-07-11,2022,7,1,Sideways,-1,0.5137,NO TRADE,0,0,0.6271,SELL,0,10,"MFI,MACD,BB_Lower,ATR_14,OBV,MACD_Hist,MACD_Signal,Rolling_Median_Return,ADX,BB_Upper",MFI
ICICIBANK,ICICIBANK.NS,2022-07-12,2022,7,1,Bull,-1,0.5462,NO TRADE,0,0,0.8081,SELL,0,10,"MFI,MACD,BB_Lower,ATR_14,OBV,MACD_Hist,MACD_Signal,Rolling_Median_Return,ADX,BB_Upper",MFI
ICICIBANK,ICICIBANK.NS,2022-07-13,2022,7,1,Bull,0,0.5659,SELL,0,0,0.8497,SELL,0,10,"MFI,MACD,BB_Lower,ATR_14,OBV,MACD_Hist,MACD_Signal,Rolling_Median_Return,ADX,BB_Upper",MFI
ICICIBANK,ICICIBANK.NS,2022-07-14,2022,7,1,Bull,-1,0.5467,NO TRADE,0,0,0.7308,SELL,0,10,"MFI,MACD,BB_Lower,ATR_14,OBV,MACD_Hist,MACD_Signal,Rolling_Median_Return,ADX,BB_Upper",MFI
ICICIBANK,ICICIBANK.NS,2022-07-15,2022,7,1,Bull,1,0.6085,BUY,1,0,0.605,SELL,0,10,"MFI,MACD,BB_Lower,ATR_14,OBV,MACD_Hist,MACD_Signal,Rolling_Median_Return,ADX,BB_Upper",MFI
ICICIBANK,ICICIBANK.NS,2022-07-18,2022,7,1,Bull,0,0.7414,SELL,0,0,0.8601,SELL,0,10,"MFI,MACD,BB_Lower,ATR_14,OBV,MACD_Hist,MACD_Signal,Rolling_Median_Return,ADX,BB_Upper",MFI
ICICIBANK,ICICIBANK.NS,2022-07-19,2022,7,1,Bull,0,0.817,SELL,0,0,0.8504,SELL,0,10,"MFI,MACD,BB_Lower,ATR_14,OBV,MACD_Hist,MACD_Signal,Rolling_Median_Return,ADX,BB_Upper",MFI
ICICIBANK,ICICIBANK.NS,2022-07-20,2022,7,1,Bull,0,0.8741,SELL,0,0,0.7781,SELL,0,10,"MFI,MACD,BB_Lower,ATR_14,OBV,MACD_Hist,MACD_Signal,Rolling_Median_Return,ADX,BB_Upper",MFI
ICICIBANK,ICICIBANK.NS,2022-07-21,2022,7,1,Bull,0,0.8097,SELL,0,0,0.6557,SELL,0,10,"MFI,MACD,BB_Lower,ATR_14,OBV,MACD_Hist,MACD_Signal,Rolling_Median_Return,ADX,BB_Upper",MFI
ICICIBANK,ICICIBANK.NS,2022-07-22,2022,7,1,Bull,0,0.8475,SELL,0,0,0.6959,SELL,0,10,"MFI,MACD,BB_Lower,ATR_14,OBV,MACD_Hist,MACD_Signal,Rolling_Median_Return,ADX,BB_Upper",MFI
ICICIBANK,ICICIBANK.NS,2022-07-25,2022,7,1,Bull,0,0.888,SELL,0,0,0.8456,SELL,0,10,"MFI,MACD,BB_Lower,ATR_14,OBV,MACD_Hist,MACD_Signal,Rolling_Median_Return,ADX,BB_Upper",MFI
ICICIBANK,ICICIBANK.NS,2022-07-26,2022,7,1,Bull,0,0.8229,SELL,0,0,0.588,SELL,0,10,"MFI,MACD,BB_Lower,ATR_14,OBV,MACD_Hist,MACD_Signal,Rolling_Median_Return,ADX,BB_Upper",MFI
ICICIBANK,ICICIBANK.NS,2022-07-27,2022,7,1,Bull,0,0.8234,SELL,0,0,0.6171,SELL,0,10,"MFI,MACD,BB_Lower,ATR_14,OBV,MACD_Hist,MACD_Signal,Rolling_Median_Return,ADX,BB_Upper",MFI
ICICIBANK,ICICIBANK.NS,2022-07-28,2022,7,1,Bull,0,0.8413,SELL,0,0,0.607,SELL,0,10,"MFI,MACD,BB_Lower,ATR_14,OBV,MACD_Hist,MACD_Signal,Rolling_Median_Return,ADX,BB_Upper",MFI
ICICIBANK,ICICIBANK.NS,2022-07-29,2022,7,1,Bull,0,0.8643,SELL,0,0,0.6176,SELL,0,10,"MFI,MACD,BB_Lower,ATR_14,OBV,MACD_Hist,MACD_Signal,Rolling_Median_Return,ADX,BB_Upper",MFI
ICICIBANK,ICICIBANK.NS,2022-08-01,2022,8,1,Bull,0,0.9192,SELL,0,0,0.5994,SELL,0,10,"MFI,MACD,BB_Lower,ATR_14,OBV,MACD_Hist,MACD_Signal,Rolling_Median_Return,ADX,BB_Upper",MFI
ICICIBANK,ICICIBANK.NS,2022-08-02,2022,8,1,Bull,-1,0.5393,NO TRADE,0,-1,0.5281,NO TRADE,0,10,"MFI,BB_Lower,Rolling_Median_Return,MACD,ATR_14,OBV,MACD_Signal,RSI_14,Volume_MA,Rolling_Std_10",MFI
ICICIBANK,ICICIBANK.NS,2022-08-03,2022,8,1,Bull,-1,0.5292,NO TRADE,0,-1,0.539,NO TRADE,0,10,"MFI,BB_Lower,Rolling_Median_Return,MACD,ATR_14,OBV,MACD_Signal,RSI_14,Volume_MA,Rolling_Std_10",MFI
ICICIBANK,ICICIBANK.NS,2022-08-04,2022,8,1,Bull,-1,0.513,NO TRADE,0,-1,0.5303,NO TRADE,0,10,"MFI,BB_Lower,Rolling_Median_Return,MACD,ATR_14,OBV,MACD_Signal,RSI_14,Volume_MA,Rolling_Std_10",MFI
ICICIBANK,ICICIBANK.NS,2022-08-05,2022,8,1,Bull,1,0.6723,BUY,1,1,0.6151,BUY,1,10,"MFI,BB_Lower,Rolling_Median_Return,MACD,ATR_14,OBV,MACD_Signal,RSI_14,Volume_MA,Rolling_Std_10",MFI
ICICIBANK,ICICIBANK.NS,2022-08-08,2022,8,1,Bull,1,0.5787,BUY,1,1,0.5594,BUY,1,10,"MFI,BB_Lower,Rolling_Median_Return,MACD,ATR_14,OBV,MACD_Signal,RSI_14,Volume_MA,Rolling_Std_10",MFI
ICICIBANK,ICICIBANK.NS,2022-08-10,2022,8,1,Bull,-1,0.523,NO TRADE,0,-1,0.522,NO TRADE,0,10,"MFI,BB_Lower,Rolling_Median_Return,MACD,ATR_14,OBV,MACD_Signal,RSI_14,Volume_MA,Rolling_Std_10",MFI
ICICIBANK,ICICIBANK.NS,2022-08-11,2022,8,1,Bull,-1,0.5137,NO TRADE,0,-1,0.5208,NO TRADE,0,10,"MFI,BB_Lower,Rolling_Median_Return,MACD,ATR_14,OBV,MACD_Signal,RSI_14,Volume_MA,Rolling_Std_10",MFI
ICICIBANK,ICICIBANK.NS,2022-08-12,2022,8,1,Bull,-1,0.512,NO TRADE,0,-1,0.5053,NO TRADE,0,10,"MFI,BB_Lower,Rolling_Median_Return,MACD,ATR_14,OBV,MACD_Signal,RSI_14,Volume_MA,Rolling_Std_10",MFI
ICICIBANK,ICICIBANK.NS,2022-08-16,2022,8,1,Bull,0,0.5867,SELL,0,-1,0.5136,NO TRADE,0,10,"MFI,BB_Lower,Rolling_Median_Return,MACD,ATR_14,OBV,MACD_Signal,RSI_14,Volume_MA,Rolling_Std_10",MFI
ICICIBANK,ICICIBANK.NS,2022-08-17,2022,8,1,Bull,0,0.5794,SELL,0,-1,0.5282,NO TRADE,0,10,"MFI,BB_Lower,Rolling_Median_Return,MACD,ATR_14,OBV,MACD_Signal,RSI_14,Volume_MA,Rolling_Std_10",MFI
ICICIBANK,ICICIBANK.NS,2022-08-18,2022,8,1,Bull,0,0.6907,SELL,0,0,0.5618,SELL,0,10,"MFI,BB_Lower,Rolling_Median_Return,MACD,ATR_14,OBV,MACD_Signal,RSI_14,Volume_MA,Rolling_Std_10",MFI
ICICIBANK,ICICIBANK.NS,2022-08-19,2022,8,1,Bull,-1,0.5026,NO TRADE,0,1,0.58,BUY,1,10,"MFI,BB_Lower,Rolling_Median_Return,MACD,ATR_14,OBV,MACD_Signal,RSI_14,Volume_MA,Rolling_Std_10",MFI
ICICIBANK,ICICIBANK.NS,2022-08-22,2022,8,1,Bull,1,0.5813,BUY,1,1,0.7305,BUY,1,10,"MFI,BB_Lower,Rolling_Median_Return,MACD,ATR_14,OBV,MACD_Signal,RSI_14,Volume_MA,Rolling_Std_10",MFI
ICICIBANK,ICICIBANK.NS,2022-08-23,2022,8,1,Bull,0,0.7303,SELL,0,0,0.7407,SELL,0,10,"MFI,BB_Lower,Rolling_Median_Return,MACD,ATR_14,OBV,MACD_Signal,RSI_14,Volume_MA,Rolling_Std_10",MFI
ICICIBANK,ICICIBANK.NS,2022-08-24,2022,8,1,Bull,0,0.6719,SELL,0,0,0.6994,SELL,0,10,"MFI,BB_Lower,Rolling_Median_Return,MACD,ATR_14,OBV,MACD_Signal,RSI_14,Volume_MA,Rolling_Std_10",MFI
ICICIBANK,ICICIBANK.NS,2022-08-25,2022,8,1,Bull,0,0.7114,SELL,0,0,0.7145,SELL,0,10,"MFI,BB_Lower,Rolling_Median_Return,MACD,ATR_14,OBV,MACD_Signal,RSI_14,Volume_MA,Rolling_Std_10",MFI
ICICIBANK,ICICIBANK.NS,2022-08-26,2022,8,0,Bull,0,0.5612,SELL,1,-1,0.5156,NO TRADE,0,10,"MFI,BB_Lower,Rolling_Median_Return,MACD,ATR_14,OBV,MACD_Signal,RSI_14,Volume_MA,Rolling_Std_10",MFI
ICICIBANK,ICICIBANK.NS,2022-08-29,2022,8,0,Bull,0,0.6943,SELL,1,0,0.6625,SELL,1,10,"MFI,BB_Lower,Rolling_Median_Return,MACD,ATR_14,OBV,MACD_Signal,RSI_14,Volume_MA,Rolling_Std_10",MFI
ICICIBANK,ICICIBANK.NS,2022-08-30,2022,8,0,Bull,0,0.8023,SELL,1,0,0.8089,SELL,1,10,"MFI,BB_Lower,Rolling_Median_Return,MACD,ATR_14,OBV,MACD_Signal,RSI_14,Volume_MA,Rolling_Std_10",MFI
ICICIBANK,ICICIBANK.NS,2022-09-01,2022,9,0,Bull,0,0.8897,SELL,1,0,0.9055,SELL,1,10,"MFI,BB_Lower,Rolling_Median_Return,MACD,ATR_14,OBV,MACD_Signal,RSI_14,Volume_MA,Rolling_Std_10",MFI
ICICIBANK,ICICIBANK.NS,2022-09-02,2022,9,0,Bull,0,0.9082,SELL,1,0,0.9047,SELL,1,10,"MFI,BB_Lower,Rolling_Median_Return,MACD,ATR_14,OBV,MACD_Signal,RSI_14,Volume_MA,Rolling_Std_10",MFI
ICICIBANK,ICICIBANK.NS,2022-09-05,2022,9,0,Bull,0,0.8884,SELL,1,0,0.8761,SELL,1,10,"MFI,BB_Lower,Rolling_Median_Return,MACD,ATR_14,OBV,MACD_Signal,RSI_14,Volume_MA,Rolling_Std_10",MFI
ICICIBANK,ICICIBANK.NS,2022-09-06,2022,9,0,Bull,0,0.8624,SELL,1,0,0.846,SELL,1,10,"MFI,BB_Lower,Rolling_Median_Return,MACD,ATR_14,OBV,MACD_Signal,RSI_14,Volume_MA,Rolling_Std_10",MFI
ICICIBANK,ICICIBANK.NS,2022-09-07,2022,9,1,Bull,0,0.8178,SELL,0,0,0.7911,SELL,0,10,"MFI,BB_Lower,Rolling_Median_Return,MACD,ATR_14,OBV,MACD_Signal,RSI_14,Volume_MA,Rolling_Std_10",MFI
ICICIBANK,ICICIBANK.NS,2022-09-08,2022,9,0,Bull,0,0.8587,SELL,1,0,0.8516,SELL,1,10,"MFI,BB_Lower,Rolling_Median_Return,MACD,ATR_14,OBV,MACD_Signal,RSI_14,Volume_MA,Rolling_Std_10",MFI
ICICIBANK,ICICIBANK.NS,2022-09-09,2022,9,0,Bull,0,0.8333,SELL,1,0,0.8432,SELL,1,10,"MFI,BB_Lower,Rolling_Median_Return,MACD,ATR_14,OBV,MACD_Signal,RSI_14,Volume_MA,Rolling_Std_10",MFI
ICICIBANK,ICICIBANK.NS,2022-09-12,2022,9,0,Bull,0,0.8098,SELL,1,0,0.8206,SELL,1,10,"MFI,BB_Lower,Rolling_Median_Return,MACD,ATR_14,OBV,MACD_Signal,RSI_14,Volume_MA,Rolling_Std_10",MFI
ICICIBANK,ICICIBANK.NS,2022-09-13,2022,9,0,Bull,0,0.7183,SELL,1,0,0.6513,SELL,1,10,"MFI,BB_Lower,Rolling_Median_Return,MACD,ATR_14,OBV,MACD_Signal,RSI_14,Volume_MA,Rolling_Std_10",MFI
ICICIBANK,ICICIBANK.NS,2022-09-14,2022,9,0,Bull,0,0.8371,SELL,1,0,0.8512,SELL,1,10,"MFI,BB_Lower,Rolling_Median_Return,MACD,ATR_14,OBV,MACD_Signal,RSI_14,Volume_MA,Rolling_Std_10",MFI
ICICIBANK,ICICIBANK.NS,2022-09-15,2022,9,0,Bull,0,0.9004,SELL,1,0,0.9181,SELL,1,10,"MFI,BB_Lower,Rolling_Median_Return,MACD,ATR_14,OBV,MACD_Signal,RSI_14,Volume_MA,Rolling_Std_10",MFI
ICICIBANK,ICICIBANK.NS,2022-09-16,2022,9,0,Bull,0,0.833,SELL,1,0,0.8581,SELL,1,10,"MFI,BB_Lower,Rolling_Median_Return,MACD,ATR_14,OBV,MACD_Signal,RSI_14,Volume_MA,Rolling_Std_10",MFI
ICICIBANK,ICICIBANK.NS,2022-09-19,2022,9,0,Bull,0,0.7636,SELL,1,0,0.815,SELL,1,10,"MFI,BB_Lower,Rolling_Median_Return,MACD,ATR_14,OBV,MACD_Signal,RSI_14,Volume_MA,Rolling_Std_10",MFI
ICICIBANK,ICICIBANK.NS,2022-09-20,2022,9,0,Bull,0,0.7734,SELL,1,0,0.808,SELL,1,10,"MFI,BB_Lower,Rolling_Median_Return,MACD,ATR_14,OBV,MACD_Signal,RSI_14,Volume_MA,Rolling_Std_10",MFI
ICICIBANK,ICICIBANK.NS,2022-09-21,2022,9,0,Bull,0,0.7669,SELL,1,0,0.8089,SELL,1,10,"MFI,BB_Lower,Rolling_Median_Return,MACD,ATR_14,OBV,MACD_Signal,RSI_14,Volume_MA,Rolling_Std_10",MFI
ICICIBANK,ICICIBANK.NS,2022-09-22,2022,9,1,Bull,0,0.7707,SELL,0,0,0.8522,SELL,0,10,"MFI,BB_Lower,Rolling_Median_Return,MACD,ATR_14,OBV,MACD_Signal,RSI_14,Volume_MA,Rolling_Std_10",MFI
ICICIBANK,ICICIBANK.NS,2022-09-23,2022,9,1,Bull,0,0.7731,SELL,0,0,0.7394,SELL,0,10,"MFI,BB_Lower,Rolling_Median_Return,MACD,ATR_14,OBV,MACD_Signal,RSI_14,Volume_MA,Rolling_Std_10",MFI
ICICIBANK,ICICIBANK.NS,2022-09-26,2022,9,1,Bull,0,0.755,SELL,0,0,0.7273,SELL,0,10,"MFI,BB_Lower,Rolling_Median_Return,MACD,ATR_14,OBV,MACD_Signal,RSI_14,Volume_MA,Rolling_Std_10",MFI
ICICIBANK,ICICIBANK.NS,2022-09-27,2022,9,1,Bull,0,0.8005,SELL,0,0,0.7877,SELL,0,10,"MFI,BB_Lower,Rolling_Median_Return,MACD,ATR_14,OBV,MACD_Signal,RSI_14,Volume_MA,Rolling_Std_10",MFI
ICICIBANK,ICICIBANK.NS,2022-09-28,2022,9,1,Bull,0,0.6396,SELL,0,-1,0.5226,NO TRADE,0,10,"MFI,BB_Lower,Rolling_Median_Return,MACD,ATR_14,OBV,MACD_Signal,RSI_14,Volume_MA,Rolling_Std_10",MFI
ICICIBANK,ICICIBANK.NS,2022-09-29,2022,9,1,Bull,0,0.587,SELL,0,-1,0.5383,NO TRADE,0,10,"MFI,BB_Lower,Rolling_Median_Return,MACD,ATR_14,OBV,MACD_Signal,RSI_14,Volume_MA,Rolling_Std_10",MFI
ICICIBANK,ICICIBANK.NS,2022-09-30,2022,9,1,Bull,0,0.7458,SELL,0,0,0.6356,SELL,0,10,"MFI,BB_Lower,Rolling_Median_Return,MACD,ATR_14,OBV,MACD_Signal,RSI_14,Volume_MA,Rolling_Std_10",MFI
ICICIBANK,ICICIBANK.NS,2022-10-03,2022,10,1,Bull,0,0.6067,SELL,0,0,0.5655,SELL,0,10,"MFI,BB_Lower,Rolling_Median_Return,MACD,ATR_14,OBV,MACD_Signal,RSI_14,Volume_MA,Rolling_Std_10",MFI
ICICIBANK,ICICIBANK.NS,2022-10-04,2022,10,1,Bull,0,0.6096,SELL,0,0,0.64,SELL,0,10,"MFI,BB_Lower,Rolling_Median_Return,MACD,ATR_14,OBV,MACD_Signal,RSI_14,Volume_MA,Rolling_Std_10",MFI
ICICIBANK,ICICIBANK.NS,2022-10-06,2022,10,1,Bull,0,0.728,SELL,0,0,0.7546,SELL,0,10,"MFI,BB_Lower,Rolling_Median_Return,MACD,ATR_14,OBV,MACD_Signal,RSI_14,Volume_MA,Rolling_Std_10",MFI
ICICIBANK,ICICIBANK.NS,2022-10-07,2022,10,1,Bull,0,0.585,SELL,0,0,0.6594,SELL,0,10,"MFI,BB_Lower,Rolling_Median_Return,MACD,ATR_14,OBV,MACD_Signal,RSI_14,Volume_MA,Rolling_Std_10",MFI
ICICIBANK,ICICIBANK.NS,2022-10-10,2022,10,1,Bull,-1,0.5195,NO TRADE,0,-1,0.5104,NO TRADE,0,10,"MFI,BB_Lower,Rolling_Median_Return,MACD,ATR_14,OBV,MACD_Signal,RSI_14,Volume_MA,Rolling_Std_10",MFI
ICICIBANK,ICICIBANK.NS,2022-10-11,2022,10,1,Bull,-1,0.5386,NO TRADE,0,1,0.6067,BUY,1,10,"MFI,BB_Lower,Rolling_Median_Return,MACD,ATR_14,OBV,MACD_Signal,RSI_14,Volume_MA,Rolling_Std_10",MFI
ICICIBANK,ICICIBANK.NS,2022-10-12,2022,10,1,Bull,1,0.6032,BUY,1,1,0.689,BUY,1,10,"MFI,BB_Lower,Rolling_Median_Return,MACD,ATR_14,OBV,MACD_Signal,RSI_14,Volume_MA,Rolling_Std_10",MFI
ICICIBANK,ICICIBANK.NS,2022-10-13,2022,10,1,Bull,-1,0.5438,NO TRADE,0,1,0.5585,BUY,1,10,"MFI,BB_Lower,Rolling_Median_Return,MACD,ATR_14,OBV,MACD_Signal,RSI_14,Volume_MA,Rolling_Std_10",MFI
ICICIBANK,ICICIBANK.NS,2022-10-14,2022,10,1,Bull,0,0.5966,SELL,0,-1,0.5238,NO TRADE,0,10,"MFI,BB_Lower,Rolling_Median_Return,MACD,ATR_14,OBV,MACD_Signal,RSI_14,Volume_MA,Rolling_Std_10",MFI
ICICIBANK,ICICIBANK.NS,2022-10-17,2022,10,1,Bull,0,0.5988,SELL,0,0,0.5615,SELL,0,10,"MFI,BB_Lower,Rolling_Median_Return,MACD,ATR_14,OBV,MACD_Signal,RSI_14,Volume_MA,Rolling_Std_10",MFI
ICICIBANK,ICICIBANK.NS,2022-10-18,2022,10,1,Bull,0,0.6317,SELL,0,-1,0.5358,NO TRADE,0,10,"MFI,BB_Lower,Rolling_Median_Return,MACD,ATR_14,OBV,MACD_Signal,RSI_14,Volume_MA,Rolling_Std_10",MFI
ICICIBANK,ICICIBANK.NS,2022-10-19,2022,10,1,Bull,0,0.6501,SELL,0,-1,0.5121,NO TRADE,0,10,"MFI,BB_Lower,Rolling_Median_Return,MACD,ATR_14,OBV,MACD_Signal,RSI_14,Volume_MA,Rolling_Std_10",MFI
ICICIBANK,ICICIBANK.NS,2022-10-20,2022,10,1,Bull,0,0.5931,SELL,0,-1,0.52,NO TRADE,0,10,"MFI,BB_Lower,Rolling_Median_Return,MACD,ATR_14,OBV,MACD_Signal,RSI_14,Volume_MA,Rolling_Std_10",MFI
ICICIBANK,ICICIBANK.NS,2022-10-21,2022,10,1,Bull,0,0.7587,SELL,0,0,0.6361,SELL,0,10,"MFI,BB_Lower,Rolling_Median_Return,MACD,ATR_14,OBV,MACD_Signal,RSI_14,Volume_MA,Rolling_Std_10",MFI
ICICIBANK,ICICIBANK.NS,2022-10-24,2022,10,1,Bull,0,0.7858,SELL,0,0,0.7906,SELL,0,10,"MFI,BB_Lower,Rolling_Median_Return,MACD,ATR_14,OBV,MACD_Signal,RSI_14,Volume_MA,Rolling_Std_10",MFI
ICICIBANK,ICICIBANK.NS,2022-10-25,2022,10,1,Bull,0,0.8242,SELL,0,0,0.8651,SELL,0,10,"MFI,BB_Lower,Rolling_Median_Return,MACD,ATR_14,OBV,MACD_Signal,RSI_14,Volume_MA,Rolling_Std_10",MFI
ICICIBANK,ICICIBANK.NS,2022-10-27,2022,10,1,Bull,0,0.8239,SELL,0,0,0.8498,SELL,0,10,"MFI,BB_Lower,Rolling_Median_Return,MACD,ATR_14,OBV,MACD_Signal,RSI_14,Volume_MA,Rolling_Std_10",MFI
ICICIBANK,ICICIBANK.NS,2022-10-28,2022,10,1,Bull,0,0.7989,SELL,0,0,0.7647,SELL,0,10,"MFI,BB_Lower,Rolling_Median_Return,MACD,ATR_14,OBV,MACD_Signal,RSI_14,Volume_MA,Rolling_Std_10",MFI
ICICIBANK,ICICIBANK.NS,2022-10-31,2022,10,1,Bull,0,0.8648,SELL,0,0,0.8352,SELL,0,10,"MFI,BB_Lower,Rolling_Median_Return,MACD,ATR_14,OBV,MACD_Signal,RSI_14,Volume_MA,Rolling_Std_10",MFI
ICICIBANK,ICICIBANK.NS,2022-11-01,2022,11,1,Bull,-1,0.5368,NO TRADE,0,0,0.6593,SELL,0,10,"ATR_14,MACD,Stochastic,Volume_MA,MACD_Hist,Rolling_Volatility,Rolling_Std_10,RSI_14,OBV,CCI",ATR_14
ICICIBANK,ICICIBANK.NS,2022-11-02,2022,11,1,Bull,-1,0.5298,NO TRADE,0,0,0.6491,SELL,0,10,"ATR_14,MACD,Stochastic,Volume_MA,MACD_Hist,Rolling_Volatility,Rolling_Std_10,RSI_14,OBV,CCI",ATR_14
ICICIBANK,ICICIBANK.NS,2022-11-03,2022,11,1,Bull,0,0.6399,SELL,0,0,0.7458,SELL,0,10,"ATR_14,MACD,Stochastic,Volume_MA,MACD_Hist,Rolling_Volatility,Rolling_Std_10,RSI_14,OBV,CCI",ATR_14
ICICIBANK,ICICIBANK.NS,2022-11-04,2022,11,1,Bull,0,0.5685,SELL,0,0,0.681,SELL,0,10,"ATR_14,MACD,Stochastic,Volume_MA,MACD_Hist,Rolling_Volatility,Rolling_Std_10,RSI_14,OBV,CCI",ATR_14
ICICIBANK,ICICIBANK.NS,2022-11-07,2022,11,1,Bull,0,0.6984,SELL,0,0,0.7855,SELL,0,10,"ATR_14,MACD,Stochastic,Volume_MA,MACD_Hist,Rolling_Volatility,Rolling_Std_10,RSI_14,OBV,CCI",ATR_14
ICICIBANK,ICICIBANK.NS,2022-11-09,2022,11,1,Bull,0,0.8125,SELL,0,0,0.8607,SELL,0,10,"ATR_14,MACD,Stochastic,Volume_MA,MACD_Hist,Rolling_Volatility,Rolling_Std_10,RSI_14,OBV,CCI",ATR_14
ICICIBANK,ICICIBANK.NS,2022-11-10,2022,11,1,Bull,0,0.8082,SELL,0,0,0.8403,SELL,0,10,"ATR_14,MACD,Stochastic,Volume_MA,MACD_Hist,Rolling_Volatility,Rolling_Std_10,RSI_14,OBV,CCI",ATR_14
ICICIBANK,ICICIBANK.NS,2022-11-11,2022,11,1,Bull,0,0.7092,SELL,0,0,0.7746,SELL,0,10,"ATR_14,MACD,Stochastic,Volume_MA,MACD_Hist,Rolling_Volatility,Rolling_Std_10,RSI_14,OBV,CCI",ATR_14
ICICIBANK,ICICIBANK.NS,2022-11-14,2022,11,1,Bull,0,0.6741,SELL,0,0,0.7571,SELL,0,10,"ATR_14,MACD,Stochastic,Volume_MA,MACD_Hist,Rolling_Volatility,Rolling_Std_10,RSI_14,OBV,CCI",ATR_14
ICICIBANK,ICICIBANK.NS,2022-11-15,2022,11,1,Sideways,0,0.5656,SELL,0,0,0.7105,SELL,0,10,"ATR_14,MACD,Stochastic,Volume_MA,MACD_Hist,Rolling_Volatility,Rolling_Std_10,RSI_14,OBV,CCI",ATR_14
ICICIBANK,ICICIBANK.NS,2022-11-16,2022,11,1,Bull,0,0.6164,SELL,0,0,0.7067,SELL,0,10,"ATR_14,MACD,Stochastic,Volume_MA,MACD_Hist,Rolling_Volatility,Rolling_Std_10,RSI_14,OBV,CCI",ATR_14
ICICIBANK,ICICIBANK.NS,2022-11-17,2022,11,0,Bull,0,0.6373,SELL,1,0,0.6492,SELL,1,10,"ATR_14,MACD,Stochastic,Volume_MA,MACD_Hist,Rolling_Volatility,Rolling_Std_10,RSI_14,OBV,CCI",ATR_14
ICICIBANK,ICICIBANK.NS,2022-11-18,2022,11,0,Bull,0,0.7034,SELL,1,0,0.7288,SELL,1,10,"ATR_14,MACD,Stochastic,Volume_MA,MACD_Hist,Rolling_Volatility,Rolling_Std_10,RSI_14,OBV,CCI",ATR_14
ICICIBANK,ICICIBANK.NS,2022-11-21,2022,11,0,Bull,0,0.7191,SELL,1,0,0.7181,SELL,1,10,"ATR_14,MACD,Stochastic,Volume_MA,MACD_Hist,Rolling_Volatility,Rolling_Std_10,RSI_14,OBV,CCI",ATR_14
ICICIBANK,ICICIBANK.NS,2022-11-22,2022,11,0,Bull,0,0.6703,SELL,1,0,0.5549,SELL,1,10,"ATR_14,MACD,Stochastic,Volume_MA,MACD_Hist,Rolling_Volatility,Rolling_Std_10,RSI_14,OBV,CCI",ATR_14
ICICIBANK,ICICIBANK.NS,2022-11-23,2022,11,0,Bull,0,0.5751,SELL,1,1,0.6126,BUY,0,10,"ATR_14,MACD,Stochastic,Volume_MA,MACD_Hist,Rolling_Volatility,Rolling_Std_10,RSI_14,OBV,CCI",ATR_14
ICICIBANK,ICICIBANK.NS,2022-11-24,2022,11,0,Bull,1,0.6615,BUY,0,1,0.5788,BUY,0,10,"ATR_14,MACD,Stochastic,Volume_MA,MACD_Hist,Rolling_Volatility,Rolling_Std_10,RSI_14,OBV,CCI",ATR_14
ICICIBANK,ICICIBANK.NS,2022-11-25,2022,11,0,Bull,1,0.7459,BUY,0,1,0.6925,BUY,0,10,"ATR_14,MACD,Stochastic,Volume_MA,MACD_Hist,Rolling_Volatility,Rolling_Std_10,RSI_14,OBV,CCI",ATR_14
ICICIBANK,ICICIBANK.NS,2022-11-28,2022,11,0,Bull,1,0.6426,BUY,0,-1,0.5279,NO TRADE,0,10,"ATR_14,MACD,Stochastic,Volume_MA,MACD_Hist,Rolling_Volatility,Rolling_Std_10,RSI_14,OBV,CCI",ATR_14
ICICIBANK,ICICIBANK.NS,2022-11-29,2022,11,0,Sideways,1,0.6214,BUY,0,-1,0.5303,NO TRADE,0,10,"ATR_14,MACD,Stochastic,Volume_MA,MACD_Hist,Rolling_Volatility,Rolling_Std_10,RSI_14,OBV,CCI",ATR_14
ICICIBANK,ICICIBANK.NS,2022-11-30,2022,11,0,Bull,0,0.5763,SELL,1,0,0.747,SELL,1,10,"ATR_14,MACD,Stochastic,Volume_MA,MACD_Hist,Rolling_Volatility,Rolling_Std_10,RSI_14,OBV,CCI",ATR_14
ICICIBANK,ICICIBANK.NS,2022-12-01,2022,12,0,Bull,0,0.7502,SELL,1,0,0.8004,SELL,1,10,"ATR_14,MACD,Stochastic,Volume_MA,MACD_Hist,Rolling_Volatility,Rolling_Std_10,RSI_14,OBV,CCI",ATR_14
ICICIBANK,ICICIBANK.NS,2022-12-02,2022,12,0,Bull,0,0.5678,SELL,1,0,0.6112,SELL,1,10,"ATR_14,MACD,Stochastic,Volume_MA,MACD_Hist,Rolling_Volatility,Rolling_Std_10,RSI_14,OBV,CCI",ATR_14
ICICIBANK,ICICIBANK.NS,2022-12-05,2022,12,0,Sideways,1,0.7021,BUY,0,1,0.7034,BUY,0,10,"ATR_14,MACD,Stochastic,Volume_MA,MACD_Hist,Rolling_Volatility,Rolling_Std_10,RSI_14,OBV,CCI",ATR_14
ICICIBANK,ICICIBANK.NS,2022-12-06,2022,12,0,Sideways,1,0.6908,BUY,0,1,0.8404,BUY,0,10,"ATR_14,MACD,Stochastic,Volume_MA,MACD_Hist,Rolling_Volatility,Rolling_Std_10,RSI_14,OBV,CCI",ATR_14
ICICIBANK,ICICIBANK.NS,2022-12-07,2022,12,0,Sideways,1,0.709,BUY,0,1,0.8553,BUY,0,10,"ATR_14,MACD,Stochastic,Volume_MA,MACD_Hist,Rolling_Volatility,Rolling_Std_10,RSI_14,OBV,CCI",ATR_14
ICICIBANK,ICICIBANK.NS,2022-12-08,2022,12,0,Bull,1,0.6763,BUY,0,1,0.8076,BUY,0,10,"ATR_14,MACD,Stochastic,Volume_MA,MACD_Hist,Rolling_Volatility,Rolling_Std_10,RSI_14,OBV,CCI",ATR_14
ICICIBANK,ICICIBANK.NS,2022-12-09,2022,12,0,Bull,1,0.7001,BUY,0,1,0.8575,BUY,0,10,"ATR_14,MACD,Stochastic,Volume_MA,MACD_Hist,Rolling_Volatility,Rolling_Std_10,RSI_14,OBV,CCI",ATR_14
ICICIBANK,ICICIBANK.NS,2022-12-12,2022,12,0,Bull,1,0.6902,BUY,0,1,0.8264,BUY,0,10,"ATR_14,MACD,Stochastic,Volume_MA,MACD_Hist,Rolling_Volatility,Rolling_Std_10,RSI_14,OBV,CCI",ATR_14
ICICIBANK,ICICIBANK.NS,2022-12-13,2022,12,0,Bull,-1,0.5121,NO TRADE,0,1,0.7217,BUY,0,10,"ATR_14,MACD,Stochastic,Volume_MA,MACD_Hist,Rolling_Volatility,Rolling_Std_10,RSI_14,OBV,CCI",ATR_14
ICICIBANK,ICICIBANK.NS,2022-12-14,2022,12,0,Bull,1,0.7457,BUY,0,1,0.8231,BUY,0,10,"ATR_14,MACD,Stochastic,Volume_MA,MACD_Hist,Rolling_Volatility,Rolling_Std_10,RSI_14,OBV,CCI",ATR_14
ICICIBANK,ICICIBANK.NS,2022-12-15,2022,12,0,Bull,1,0.8392,BUY,0,1,0.8918,BUY,0,10,"ATR_14,MACD,Stochastic,Volume_MA,MACD_Hist,Rolling_Volatility,Rolling_Std_10,RSI_14,OBV,CCI",ATR_14
ICICIBANK,ICICIBANK.NS,2022-12-16,2022,12,0,Bull,1,0.8649,BUY,0,1,0.91,BUY,0,10,"ATR_14,MACD,Stochastic,Volume_MA,MACD_Hist,Rolling_Volatility,Rolling_Std_10,RSI_14,OBV,CCI",ATR_14
ICICIBANK,ICICIBANK.NS,2022-12-19,2022,12,0,Bull,1,0.8709,BUY,0,1,0.9158,BUY,0,10,"ATR_14,MACD,Stochastic,Volume_MA,MACD_Hist,Rolling_Volatility,Rolling_Std_10,RSI_14,OBV,CCI",ATR_14
ICICIBANK,ICICIBANK.NS,2022-12-20,2022,12,0,Bull,1,0.8592,BUY,0,1,0.9042,BUY,0,10,"ATR_14,MACD,Stochastic,Volume_MA,MACD_Hist,Rolling_Volatility,Rolling_Std_10,RSI_14,OBV,CCI",ATR_14
ICICIBANK,ICICIBANK.NS,2022-12-21,2022,12,0,Bull,1,0.9264,BUY,0,1,0.9638,BUY,0,10,"ATR_14,MACD,Stochastic,Volume_MA,MACD_Hist,Rolling_Volatility,Rolling_Std_10,RSI_14,OBV,CCI",ATR_14
ICICIBANK,ICICIBANK.NS,2022-12-22,2022,12,0,Sideways,1,0.861,BUY,0,1,0.8956,BUY,0,10,"ATR_14,MACD,Stochastic,Volume_MA,MACD_Hist,Rolling_Volatility,Rolling_Std_10,RSI_14,OBV,CCI",ATR_14
ICICIBANK,ICICIBANK.NS,2022-12-23,2022,12,0,Bull,1,0.9094,BUY,0,1,0.9228,BUY,0,10,"ATR_14,MACD,Stochastic,Volume_MA,MACD_Hist,Rolling_Volatility,Rolling_Std_10,RSI_14,OBV,CCI",ATR_14
ICICIBANK,ICICIBANK.NS,2022-12-26,2022,12,0,Sideways,1,0.9291,BUY,0,1,0.9296,BUY,0,10,"ATR_14,MACD,Stochastic,Volume_MA,MACD_Hist,Rolling_Volatility,Rolling_Std_10,RSI_14,OBV,CCI",ATR_14
ICICIBANK,ICICIBANK.NS,2022-12-27,2022,12,0,Bull,1,0.9387,BUY,0,1,0.9515,BUY,0,10,"ATR_14,MACD,Stochastic,Volume_MA,MACD_Hist,Rolling_Volatility,Rolling_Std_10,RSI_14,OBV,CCI",ATR_14
ICICIBANK,ICICIBANK.NS,2022-12-28,2022,12,0,Bull,1,0.9542,BUY,0,1,0.9683,BUY,0,10,"ATR_14,MACD,Stochastic,Volume_MA,MACD_Hist,Rolling_Volatility,Rolling_Std_10,RSI_14,OBV,CCI",ATR_14
ICICIBANK,ICICIBANK.NS,2022-12-29,2022,12,0,Sideways,1,0.913,BUY,0,1,0.9447,BUY,0,10,"ATR_14,MACD,Stochastic,Volume_MA,MACD_Hist,Rolling_Volatility,Rolling_Std_10,RSI_14,OBV,CCI",ATR_14
ICICIBANK,ICICIBANK.NS,2022-12-30,2022,12,0,Sideways,1,0.9372,BUY,0,1,0.9502,BUY,0,10,"ATR_14,MACD,Stochastic,Volume_MA,MACD_Hist,Rolling_Volatility,Rolling_Std_10,RSI_14,OBV,CCI",ATR_14
ICICIBANK,ICICIBANK.NS,2023-01-02,2023,1,0,Sideways,1,0.9459,BUY,0,1,0.9668,BUY,0,10,"ATR_14,MACD,Stochastic,Volume_MA,MACD_Hist,Rolling_Volatility,Rolling_Std_10,RSI_14,OBV,CCI",ATR_14
ICICIBANK,ICICIBANK.NS,2023-01-03,2023,1,0,Sideways,1,0.9508,BUY,0,1,0.9738,BUY,0,10,"ATR_14,MACD,Stochastic,Volume_MA,MACD_Hist,Rolling_Volatility,Rolling_Std_10,RSI_14,OBV,CCI",ATR_14
ICICIBANK,ICICIBANK.NS,2023-01-04,2023,1,0,Sideways,1,0.9349,BUY,0,1,0.9549,BUY,0,10,"ATR_14,MACD,Stochastic,Volume_MA,MACD_Hist,Rolling_Volatility,Rolling_Std_10,RSI_14,OBV,CCI",ATR_14
ICICIBANK,ICICIBANK.NS,2023-01-05,2023,1,0,Bear,1,0.9467,BUY,0,1,0.9582,BUY,0,10,"ATR_14,MACD,Stochastic,Volume_MA,MACD_Hist,Rolling_Volatility,Rolling_Std_10,RSI_14,OBV,CCI",ATR_14
ICICIBANK,ICICIBANK.NS,2023-01-06,2023,1,0,Bear,1,0.9415,BUY,0,1,0.947,BUY,0,10,"ATR_14,MACD,Stochastic,Volume_MA,MACD_Hist,Rolling_Volatility,Rolling_Std_10,RSI_14,OBV,CCI",ATR_14
ICICIBANK,ICICIBANK.NS,2023-01-09,2023,1,0,Bear,1,0.9395,BUY,0,1,0.9353,BUY,0,10,"ATR_14,MACD,Stochastic,Volume_MA,MACD_Hist,Rolling_Volatility,Rolling_Std_10,RSI_14,OBV,CCI",ATR_14
ICICIBANK,ICICIBANK.NS,2023-01-10,2023,1,0,Bear,1,0.9393,BUY,0,1,0.927,BUY,0,10,"ATR_14,MACD,Stochastic,Volume_MA,MACD_Hist,Rolling_Volatility,Rolling_Std_10,RSI_14,OBV,CCI",ATR_14
ICICIBANK,ICICIBANK.NS,2023-01-11,2023,1,0,Bear,1,0.9444,BUY,0,1,0.9292,BUY,0,10,"ATR_14,MACD,Stochastic,Volume_MA,MACD_Hist,Rolling_Volatility,Rolling_Std_10,RSI_14,OBV,CCI",ATR_14
ICICIBANK,ICICIBANK.NS,2023-01-12,2023,1,0,Bear,1,0.9384,BUY,0,1,0.9289,BUY,0,10,"ATR_14,MACD,Stochastic,Volume_MA,MACD_Hist,Rolling_Volatility,Rolling_Std_10,RSI_14,OBV,CCI",ATR_14
ICICIBANK,ICICIBANK.NS,2023-01-13,2023,1,0,Bear,1,0.9378,BUY,0,1,0.9463,BUY,0,10,"ATR_14,MACD,Stochastic,Volume_MA,MACD_Hist,Rolling_Volatility,Rolling_Std_10,RSI_14,OBV,CCI",ATR_14
ICICIBANK,ICICIBANK.NS,2023-01-16,2023,1,1,Bear,1,0.92,BUY,1,1,0.929,BUY,1,10,"ATR_14,MACD,Stochastic,Volume_MA,MACD_Hist,Rolling_Volatility,Rolling_Std_10,RSI_14,OBV,CCI",ATR_14
ICICIBANK,ICICIBANK.NS,2023-01-17,2023,1,1,Bear,1,0.9135,BUY,1,1,0.9343,BUY,1,10,"ATR_14,MACD,Stochastic,Volume_MA,MACD_Hist,Rolling_Volatility,Rolling_Std_10,RSI_14,OBV,CCI",ATR_14
ICICIBANK,ICICIBANK.NS,2023-01-18,2023,1,0,Bear,1,0.9218,BUY,0,1,0.933,BUY,0,10,"ATR_14,MACD,Stochastic,Volume_MA,MACD_Hist,Rolling_Volatility,Rolling_Std_10,RSI_14,OBV,CCI",ATR_14
ICICIBANK,ICICIBANK.NS,2023-01-19,2023,1,0,Bear,1,0.8898,BUY,0,1,0.9116,BUY,0,10,"ATR_14,MACD,Stochastic,Volume_MA,MACD_Hist,Rolling_Volatility,Rolling_Std_10,RSI_14,OBV,CCI",ATR_14
ICICIBANK,ICICIBANK.NS,2023-01-20,2023,1,0,Bear,1,0.9075,BUY,0,1,0.9431,BUY,0,10,"ATR_14,MACD,Stochastic,Volume_MA,MACD_Hist,Rolling_Volatility,Rolling_Std_10,RSI_14,OBV,CCI",ATR_14
ICICIBANK,ICICIBANK.NS,2023-01-23,2023,1,0,Bear,1,0.8682,BUY,0,1,0.9021,BUY,0,10,"ATR_14,MACD,Stochastic,Volume_MA,MACD_Hist,Rolling_Volatility,Rolling_Std_10,RSI_14,OBV,CCI",ATR_14
ICICIBANK,ICICIBANK.NS,2023-01-24,2023,1,0,Sideways,1,0.8302,BUY,0,1,0.8574,BUY,0,10,"ATR_14,MACD,Stochastic,Volume_MA,MACD_Hist,Rolling_Volatility,Rolling_Std_10,RSI_14,OBV,CCI",ATR_14
ICICIBANK,ICICIBANK.NS,2023-01-25,2023,1,0,Bear,0,0.8175,SELL,1,0,0.7648,SELL,1,10,"CCI,BB_Width,BB_Upper,MFI,Rolling_Volatility,Volume_MA,ADX,MACD,ATR_14,OBV",CCI
ICICIBANK,ICICIBANK.NS,2023-01-27,2023,1,1,Bear,0,0.6486,SELL,0,-1,0.5404,NO TRADE,0,10,"CCI,BB_Width,BB_Upper,MFI,Rolling_Volatility,Volume_MA,ADX,MACD,ATR_14,OBV",CCI
ICICIBANK,ICICIBANK.NS,2023-01-30,2023,1,1,Bear,0,0.6941,SELL,0,-1,0.5489,NO TRADE,0,10,"CCI,BB_Width,BB_Upper,MFI,Rolling_Volatility,Volume_MA,ADX,MACD,ATR_14,OBV",CCI
ICICIBANK,ICICIBANK.NS,2023-01-31,2023,1,1,Bear,0,0.6894,SELL,0,1,0.5933,BUY,1,10,"CCI,BB_Width,BB_Upper,MFI,Rolling_Volatility,Volume_MA,ADX,MACD,ATR_14,OBV",CCI
ICICIBANK,ICICIBANK.NS,2023-02-01,2023,2,1,Bear,0,0.6552,SELL,0,1,0.7222,BUY,1,10,"CCI,BB_Width,BB_Upper,MFI,Rolling_Volatility,Volume_MA,ADX,MACD,ATR_14,OBV",CCI
ICICIBANK,ICICIBANK.NS,2023-02-02,2023,2,0,Bear,0,0.599,SELL,1,1,0.6703,BUY,0,10,"CCI,BB_Width,BB_Upper,MFI,Rolling_Volatility,Volume_MA,ADX,MACD,ATR_14,OBV",CCI
ICICIBANK,ICICIBANK.NS,2023-02-03,2023,2,1,Bear,0,0.658,SELL,0,1,0.6203,BUY,1,10,"CCI,BB_Width,BB_Upper,MFI,Rolling_Volatility,Volume_MA,ADX,MACD,ATR_14,OBV",CCI
ICICIBANK,ICICIBANK.NS,2023-02-06,2023,2,1,Bear,0,0.6643,SELL,0,1,0.5647,BUY,1,10,"CCI,BB_Width,BB_Upper,MFI,Rolling_Volatility,Volume_MA,ADX,MACD,ATR_14,OBV",CCI
ICICIBANK,ICICIBANK.NS,2023-02-07,2023,2,1,Bear,0,0.7262,SELL,0,1,0.5509,BUY,1,10,"CCI,BB_Width,BB_Upper,MFI,Rolling_Volatility,Volume_MA,ADX,MACD,ATR_14,OBV",CCI
ICICIBANK,ICICIBANK.NS,2023-02-08,2023,2,0,Bear,0,0.7089,SELL,1,1,0.6114,BUY,0,10,"CCI,BB_Width,BB_Upper,MFI,Rolling_Volatility,Volume_MA,ADX,MACD,ATR_14,OBV",CCI
ICICIBANK,ICICIBANK.NS,2023-02-09,2023,2,0,Bear,0,0.7005,SELL,1,1,0.5888,BUY,0,10,"CCI,BB_Width,BB_Upper,MFI,Rolling_Volatility,Volume_MA,ADX,MACD,ATR_14,OBV",CCI
ICICIBANK,ICICIBANK.NS,2023-02-10,2023,2,0,Bear,0,0.6894,SELL,1,-1,0.5477,NO TRADE,0,10,"CCI,BB_Width,BB_Upper,MFI,Rolling_Volatility,Volume_MA,ADX,MACD,ATR_14,OBV",CCI
ICICIBANK,ICICIBANK.NS,2023-02-13,2023,2,0,Bear,0,0.7015,SELL,1,-1,0.5183,NO TRADE,0,10,"CCI,BB_Width,BB_Upper,MFI,Rolling_Volatility,Volume_MA,ADX,MACD,ATR_14,OBV",CCI
ICICIBANK,ICICIBANK.NS,2023-02-14,2023,2,0,Bear,0,0.5971,SELL,1,1,0.6142,BUY,0,10,"CCI,BB_Width,BB_Upper,MFI,Rolling_Volatility,Volume_MA,ADX,MACD,ATR_14,OBV",CCI
ICICIBANK,ICICIBANK.NS,2023-02-15,2023,2,0,Bear,0,0.6825,SELL,1,1,0.6105,BUY,0,10,"CCI,BB_Width,BB_Upper,MFI,Rolling_Volatility,Volume_MA,ADX,MACD,ATR_14,OBV",CCI
ICICIBANK,ICICIBANK.NS,2023-02-16,2023,2,0,Bear,0,0.7678,SELL,1,-1,0.5179,NO TRADE,0,10,"CCI,BB_Width,BB_Upper,MFI,Rolling_Volatility,Volume_MA,ADX,MACD,ATR_14,OBV",CCI
ICICIBANK,ICICIBANK.NS,2023-02-17,2023,2,0,Bear,0,0.7384,SELL,1,-1,0.5239,NO TRADE,0,10,"CCI,BB_Width,BB_Upper,MFI,Rolling_Volatility,Volume_MA,ADX,MACD,ATR_14,OBV",CCI
ICICIBANK,ICICIBANK.NS,2023-02-20,2023,2,1,Bear,0,0.7446,SELL,0,-1,0.509,NO TRADE,0,10,"CCI,BB_Width,BB_Upper,MFI,Rolling_Volatility,Volume_MA,ADX,MACD,ATR_14,OBV",CCI
ICICIBANK,ICICIBANK.NS,2023-02-21,2023,2,1,Bear,0,0.7614,SELL,0,-1,0.5315,NO TRADE,0,10,"CCI,BB_Width,BB_Upper,MFI,Rolling_Volatility,Volume_MA,ADX,MACD,ATR_14,OBV",CCI
ICICIBANK,ICICIBANK.NS,2023-02-22,2023,2,1,Bear,0,0.6832,SELL,0,1,0.5787,BUY,1,10,"CCI,BB_Width,BB_Upper,MFI,Rolling_Volatility,Volume_MA,ADX,MACD,ATR_14,OBV",CCI
ICICIBANK,ICICIBANK.NS,2023-02-23,2023,2,1,Bear,0,0.6724,SELL,0,-1,0.5487,NO TRADE,0,10,"CCI,BB_Width,BB_Upper,MFI,Rolling_Volatility,Volume_MA,ADX,MACD,ATR_14,OBV",CCI
ICICIBANK,ICICIBANK.NS,2023-02-24,2023,2,1,Bear,0,0.7128,SELL,0,0,0.6542,SELL,0,10,"CCI,BB_Width,BB_Upper,MFI,Rolling_Volatility,Volume_MA,ADX,MACD,ATR_14,OBV",CCI
ICICIBANK,ICICIBANK.NS,2023-02-27,2023,2,0,Bear,0,0.6569,SELL,1,-1,0.5065,NO TRADE,0,10,"CCI,BB_Width,BB_Upper,MFI,Rolling_Volatility,Volume_MA,ADX,MACD,ATR_14,OBV",CCI
ICICIBANK,ICICIBANK.NS,2023-02-28,2023,2,0,Bear,0,0.7123,SELL,1,-1,0.5223,NO TRADE,0,10,"CCI,BB_Width,BB_Upper,MFI,Rolling_Volatility,Volume_MA,ADX,MACD,ATR_14,OBV",CCI
ICICIBANK,ICICIBANK.NS,2023-03-01,2023,3,1,Bear,0,0.7084,SELL,0,0,0.6524,SELL,0,10,"CCI,BB_Width,BB_Upper,MFI,Rolling_Volatility,Volume_MA,ADX,MACD,ATR_14,OBV",CCI
ICICIBANK,ICICIBANK.NS,2023-03-02,2023,3,1,Bear,0,0.7096,SELL,0,0,0.6697,SELL,0,10,"CCI,BB_Width,BB_Upper,MFI,Rolling_Volatility,Volume_MA,ADX,MACD,ATR_14,OBV",CCI
ICICIBANK,ICICIBANK.NS,2023-03-03,2023,3,1,Bear,0,0.7004,SELL,0,0,0.5974,SELL,0,10,"CCI,BB_Width,BB_Upper,MFI,Rolling_Volatility,Volume_MA,ADX,MACD,ATR_14,OBV",CCI
ICICIBANK,ICICIBANK.NS,2023-03-06,2023,3,1,Sideways,0,0.7792,SELL,0,0,0.7149,SELL,0,10,"CCI,BB_Width,BB_Upper,MFI,Rolling_Volatility,Volume_MA,ADX,MACD,ATR_14,OBV",CCI
ICICIBANK,ICICIBANK.NS,2023-03-08,2023,3,0,Sideways,0,0.6973,SELL,1,0,0.6611,SELL,1,10,"CCI,BB_Width,BB_Upper,MFI,Rolling_Volatility,Volume_MA,ADX,MACD,ATR_14,OBV",CCI
ICICIBANK,ICICIBANK.NS,2023-03-09,2023,3,1,Sideways,0,0.6391,SELL,0,-1,0.5061,NO TRADE,0,10,"CCI,BB_Width,BB_Upper,MFI,Rolling_Volatility,Volume_MA,ADX,MACD,ATR_14,OBV",CCI
ICICIBANK,ICICIBANK.NS,2023-03-10,2023,3,1,Bear,0,0.5991,SELL,0,1,0.5533,BUY,1,10,"CCI,BB_Width,BB_Upper,MFI,Rolling_Volatility,Volume_MA,ADX,MACD,ATR_14,OBV",CCI
ICICIBANK,ICICIBANK.NS,2023-03-13,2023,3,1,Bear,0,0.5963,SELL,0,1,0.5592,BUY,1,10,"CCI,BB_Width,BB_Upper,MFI,Rolling_Volatility,Volume_MA,ADX,MACD,ATR_14,OBV",CCI
ICICIBANK,ICICIBANK.NS,2023-03-14,2023,3,1,Bear,0,0.6738,SELL,0,-1,0.5343,NO TRADE,0,10,"CCI,BB_Width,BB_Upper,MFI,Rolling_Volatility,Volume_MA,ADX,MACD,ATR_14,OBV",CCI
ICICIBANK,ICICIBANK.NS,2023-03-15,2023,3,1,Bear,0,0.7058,SELL,0,0,0.5796,SELL,0,10,"CCI,BB_Width,BB_Upper,MFI,Rolling_Volatility,Volume_MA,ADX,MACD,ATR_14,OBV",CCI
ICICIBANK,ICICIBANK.NS,2023-03-16,2023,3,1,Bear,0,0.7321,SELL,0,0,0.6487,SELL,0,10,"CCI,BB_Width,BB_Upper,MFI,Rolling_Volatility,Volume_MA,ADX,MACD,ATR_14,OBV",CCI
ICICIBANK,ICICIBANK.NS,2023-03-17,2023,3,1,Bear,0,0.6501,SELL,0,-1,0.5133,NO TRADE,0,10,"CCI,BB_Width,BB_Upper,MFI,Rolling_Volatility,Volume_MA,ADX,MACD,ATR_14,OBV",CCI
ICICIBANK,ICICIBANK.NS,2023-03-20,2023,3,1,Bear,0,0.653,SELL,0,-1,0.5263,NO TRADE,0,10,"CCI,BB_Width,BB_Upper,MFI,Rolling_Volatility,Volume_MA,ADX,MACD,ATR_14,OBV",CCI
ICICIBANK,ICICIBANK.NS,2023-03-21,2023,3,1,Bear,0,0.6102,SELL,0,1,0.5553,BUY,1,10,"CCI,BB_Width,BB_Upper,MFI,Rolling_Volatility,Volume_MA,ADX,MACD,ATR_14,OBV",CCI
ICICIBANK,ICICIBANK.NS,2023-03-22,2023,3,1,Sideways,0,0.67,SELL,0,1,0.571,BUY,1,10,"CCI,BB_Width,BB_Upper,MFI,Rolling_Volatility,Volume_MA,ADX,MACD,ATR_14,OBV",CCI
ICICIBANK,ICICIBANK.NS,2023-03-23,2023,3,1,Sideways,0,0.6831,SELL,0,-1,0.5075,NO TRADE,0,10,"CCI,BB_Width,BB_Upper,MFI,Rolling_Volatility,Volume_MA,ADX,MACD,ATR_14,OBV",CCI
ICICIBANK,ICICIBANK.NS,2023-03-24,2023,3,1,Sideways,0,0.7382,SELL,0,0,0.5657,SELL,0,10,"CCI,BB_Width,BB_Upper,MFI,Rolling_Volatility,Volume_MA,ADX,MACD,ATR_14,OBV",CCI
ICICIBANK,ICICIBANK.NS,2023-03-27,2023,3,1,Sideways,0,0.7453,SELL,0,0,0.5888,SELL,0,10,"CCI,BB_Width,BB_Upper,MFI,Rolling_Volatility,Volume_MA,ADX,MACD,ATR_14,OBV",CCI
ICICIBANK,ICICIBANK.NS,2023-03-28,2023,3,1,Sideways,0,0.8407,SELL,0,0,0.7004,SELL,0,10,"CCI,BB_Width,BB_Upper,MFI,Rolling_Volatility,Volume_MA,ADX,MACD,ATR_14,OBV",CCI
ICICIBANK,ICICIBANK.NS,2023-03-29,2023,3,1,Sideways,0,0.8192,SELL,0,0,0.6828,SELL,0,10,"CCI,BB_Width,BB_Upper,MFI,Rolling_Volatility,Volume_MA,ADX,MACD,ATR_14,OBV",CCI
ICICIBANK,ICICIBANK.NS,2023-03-31,2023,3,1,Sideways,0,0.6922,SELL,0,0,0.5602,SELL,0,10,"CCI,BB_Width,BB_Upper,MFI,Rolling_Volatility,Volume_MA,ADX,MACD,ATR_14,OBV",CCI
ICICIBANK,ICICIBANK.NS,2023-04-03,2023,4,1,Sideways,0,0.6716,SELL,0,0,0.606,SELL,0,10,"CCI,BB_Width,BB_Upper,MFI,Rolling_Volatility,Volume_MA,ADX,MACD,ATR_14,OBV",CCI
ICICIBANK,ICICIBANK.NS,2023-04-05,2023,4,1,Sideways,0,0.6312,SELL,0,0,0.6653,SELL,0,10,"CCI,BB_Width,BB_Upper,MFI,Rolling_Volatility,Volume_MA,ADX,MACD,ATR_14,OBV",CCI
ICICIBANK,ICICIBANK.NS,2023-04-06,2023,4,1,Sideways,0,0.5535,SELL,0,0,0.6463,SELL,0,10,"CCI,BB_Width,BB_Upper,MFI,Rolling_Volatility,Volume_MA,ADX,MACD,ATR_14,OBV",CCI
ICICIBANK,ICICIBANK.NS,2023-04-10,2023,4,1,Sideways,-1,0.5236,NO TRADE,0,0,0.5802,SELL,0,10,"CCI,BB_Width,BB_Upper,MFI,Rolling_Volatility,Volume_MA,ADX,MACD,ATR_14,OBV",CCI
ICICIBANK,ICICIBANK.NS,2023-04-11,2023,4,1,Sideways,0,0.5711,SELL,0,0,0.5737,SELL,0,10,"CCI,BB_Width,BB_Upper,MFI,Rolling_Volatility,Volume_MA,ADX,MACD,ATR_14,OBV",CCI
ICICIBANK,ICICIBANK.NS,2023-04-12,2023,4,1,Sideways,0,0.6013,SELL,0,0,0.6604,SELL,0,10,"CCI,BB_Width,BB_Upper,MFI,Rolling_Volatility,Volume_MA,ADX,MACD,ATR_14,OBV",CCI
ICICIBANK,ICICIBANK.NS,2023-04-13,2023,4,1,Bull,0,0.6461,SELL,0,0,0.7712,SELL,0,10,"CCI,BB_Width,BB_Upper,MFI,Rolling_Volatility,Volume_MA,ADX,MACD,ATR_14,OBV",CCI
ICICIBANK,ICICIBANK.NS,2023-04-17,2023,4,1,Bull,0,0.7115,SELL,0,0,0.7984,SELL,0,10,"CCI,BB_Width,BB_Upper,MFI,Rolling_Volatility,Volume_MA,ADX,MACD,ATR_14,OBV",CCI
ICICIBANK,ICICIBANK.NS,2023-04-18,2023,4,1,Bull,0,0.74,SELL,0,0,0.8057,SELL,0,10,"CCI,BB_Width,BB_Upper,MFI,Rolling_Volatility,Volume_MA,ADX,MACD,ATR_14,OBV",CCI
ICICIBANK,ICICIBANK.NS,2023-04-19,2023,4,1,Bull,0,0.8188,SELL,0,0,0.665,SELL,0,10,"CCI,BB_Width,BB_Upper,MFI,Rolling_Volatility,Volume_MA,ADX,MACD,ATR_14,OBV",CCI
ICICIBANK,ICICIBANK.NS,2023-04-20,2023,4,1,Bull,0,0.8747,SELL,0,0,0.6174,SELL,0,10,"CCI,BB_Width,BB_Upper,MFI,Rolling_Volatility,Volume_MA,ADX,MACD,ATR_14,OBV",CCI
ICICIBANK,ICICIBANK.NS,2023-04-21,2023,4,1,Bull,0,0.742,SELL,0,0,0.6343,SELL,0,10,"CCI,BB_Width,BB_Upper,MFI,Rolling_Volatility,Volume_MA,ADX,MACD,ATR_14,OBV",CCI
ICICIBANK,ICICIBANK.NS,2023-04-24,2023,4,1,Bull,0,0.8194,SELL,0,0,0.7595,SELL,0,10,"CCI,BB_Width,BB_Upper,MFI,Rolling_Volatility,Volume_MA,ADX,MACD,ATR_14,OBV",CCI
ICICIBANK,ICICIBANK.NS,2023-04-25,2023,4,1,Bull,0,0.8406,SELL,0,0,0.704,SELL,0,10,"CCI,BB_Width,BB_Upper,MFI,Rolling_Volatility,Volume_MA,ADX,MACD,ATR_14,OBV",CCI
ICICIBANK,ICICIBANK.NS,2023-04-26,2023,4,1,Bull,0,0.8549,SELL,0,0,0.593,SELL,0,10,"CCI,BB_Width,BB_Upper,MFI,Rolling_Volatility,Volume_MA,ADX,MACD,ATR_14,OBV",CCI
ICICIBANK,ICICIBANK.NS,2023-04-27,2023,4,1,Bull,-1,0.5309,NO TRADE,0,1,0.7083,BUY,1,10,"BB_Upper,BB_Lower,Rolling_Volatility,MACD_Hist,Volume_MA,CCI,MFI,ROC,ATR_14,BB_Width",BB_Upper
ICICIBANK,ICICIBANK.NS,2023-04-28,2023,4,1,Bull,1,0.6899,BUY,1,1,0.7597,BUY,1,10,"BB_Upper,BB_Lower,Rolling_Volatility,MACD_Hist,Volume_MA,CCI,MFI,ROC,ATR_14,BB_Width",BB_Upper
ICICIBANK,ICICIBANK.NS,2023-05-02,2023,5,1,Bull,1,0.7405,BUY,1,1,0.8153,BUY,1,10,"BB_Upper,BB_Lower,Rolling_Volatility,MACD_Hist,Volume_MA,CCI,MFI,ROC,ATR_14,BB_Width",BB_Upper
ICICIBANK,ICICIBANK.NS,2023-05-03,2023,5,1,Bull,1,0.6758,BUY,1,1,0.7003,BUY,1,10,"BB_Upper,BB_Lower,Rolling_Volatility,MACD_Hist,Volume_MA,CCI,MFI,ROC,ATR_14,BB_Width",BB_Upper
ICICIBANK,ICICIBANK.NS,2023-05-04,2023,5,1,Bull,0,0.629,SELL,0,0,0.58,SELL,0,10,"BB_Upper,BB_Lower,Rolling_Volatility,MACD_Hist,Volume_MA,CCI,MFI,ROC,ATR_14,BB_Width",BB_Upper
ICICIBANK,ICICIBANK.NS,2023-05-05,2023,5,1,Bull,0,0.6091,SELL,0,0,0.5828,SELL,0,10,"BB_Upper,BB_Lower,Rolling_Volatility,MACD_Hist,Volume_MA,CCI,MFI,ROC,ATR_14,BB_Width",BB_Upper
ICICIBANK,ICICIBANK.NS,2023-05-08,2023,5,1,Bull,0,0.6546,SELL,0,-1,0.5048,NO TRADE,0,10,"BB_Upper,BB_Lower,Rolling_Volatility,MACD_Hist,Volume_MA,CCI,MFI,ROC,ATR_14,BB_Width",BB_Upper
ICICIBANK,ICICIBANK.NS,2023-05-09,2023,5,1,Bull,-1,0.523,NO TRADE,0,1,0.6354,BUY,1,10,"BB_Upper,BB_Lower,Rolling_Volatility,MACD_Hist,Volume_MA,CCI,MFI,ROC,ATR_14,BB_Width",BB_Upper
ICICIBANK,ICICIBANK.NS,2023-05-10,2023,5,1,Bull,0,0.5879,SELL,0,1,0.5503,BUY,1,10,"BB_Upper,BB_Lower,Rolling_Volatility,MACD_Hist,Volume_MA,CCI,MFI,ROC,ATR_14,BB_Width",BB_Upper
ICICIBANK,ICICIBANK.NS,2023-05-11,2023,5,0,Bull,0,0.592,SELL,1,-1,0.5404,NO TRADE,0,10,"BB_Upper,BB_Lower,Rolling_Volatility,MACD_Hist,Volume_MA,CCI,MFI,ROC,ATR_14,BB_Width",BB_Upper
ICICIBANK,ICICIBANK.NS,2023-05-12,2023,5,0,Bull,0,0.5541,SELL,1,1,0.612,BUY,0,10,"BB_Upper,BB_Lower,Rolling_Volatility,MACD_Hist,Volume_MA,CCI,MFI,ROC,ATR_14,BB_Width",BB_Upper
ICICIBANK,ICICIBANK.NS,2023-05-15,2023,5,0,Bull,-1,0.5293,NO TRADE,0,1,0.6081,BUY,0,10,"BB_Upper,BB_Lower,Rolling_Volatility,MACD_Hist,Volume_MA,CCI,MFI,ROC,ATR_14,BB_Width",BB_Upper
ICICIBANK,ICICIBANK.NS,2023-05-16,2023,5,0,Bull,-1,0.5269,NO TRADE,0,1,0.6208,BUY,0,10,"BB_Upper,BB_Lower,Rolling_Volatility,MACD_Hist,Volume_MA,CCI,MFI,ROC,ATR_14,BB_Width",BB_Upper
ICICIBANK,ICICIBANK.NS,2023-05-17,2023,5,1,Bull,0,0.6776,SELL,0,0,0.5524,SELL,0,10,"BB_Upper,BB_Lower,Rolling_Volatility,MACD_Hist,Volume_MA,CCI,MFI,ROC,ATR_14,BB_Width",BB_Upper
ICICIBANK,ICICIBANK.NS,2023-05-18,2023,5,0,Bull,0,0.7062,SELL,1,0,0.5673,SELL,1,10,"BB_Upper,BB_Lower,Rolling_Volatility,MACD_Hist,Volume_MA,CCI,MFI,ROC,ATR_14,BB_Width",BB_Upper
ICICIBANK,ICICIBANK.NS,2023-05-19,2023,5,0,Bull,0,0.7293,SELL,1,0,0.5997,SELL,1,10,"BB_Upper,BB_Lower,Rolling_Volatility,MACD_Hist,Volume_MA,CCI,MFI,ROC,ATR_14,BB_Width",BB_Upper
ICICIBANK,ICICIBANK.NS,2023-05-22,2023,5,0,Bull,0,0.712,SELL,1,0,0.5919,SELL,1,10,"BB_Upper,BB_Lower,Rolling_Volatility,MACD_Hist,Volume_MA,CCI,MFI,ROC,ATR_14,BB_Width",BB_Upper
ICICIBANK,ICICIBANK.NS,2023-05-23,2023,5,0,Bull,0,0.7355,SELL,1,0,0.6005,SELL,1,10,"BB_Upper,BB_Lower,Rolling_Volatility,MACD_Hist,Volume_MA,CCI,MFI,ROC,ATR_14,BB_Width",BB_Upper
ICICIBANK,ICICIBANK.NS,2023-05-24,2023,5,0,Bull,0,0.8094,SELL,1,0,0.6495,SELL,1,10,"BB_Upper,BB_Lower,Rolling_Volatility,MACD_Hist,Volume_MA,CCI,MFI,ROC,ATR_14,BB_Width",BB_Upper
ICICIBANK,ICICIBANK.NS,2023-05-25,2023,5,0,Bull,0,0.8093,SELL,1,0,0.6552,SELL,1,10,"BB_Upper,BB_Lower,Rolling_Volatility,MACD_Hist,Volume_MA,CCI,MFI,ROC,ATR_14,BB_Width",BB_Upper
ICICIBANK,ICICIBANK.NS,2023-05-26,2023,5,0,Bull,0,0.8503,SELL,1,0,0.7081,SELL,1,10,"BB_Upper,BB_Lower,Rolling_Volatility,MACD_Hist,Volume_MA,CCI,MFI,ROC,ATR_14,BB_Width",BB_Upper
ICICIBANK,ICICIBANK.NS,2023-05-29,2023,5,0,Bull,0,0.8817,SELL,1,0,0.7721,SELL,1,10,"BB_Upper,BB_Lower,Rolling_Volatility,MACD_Hist,Volume_MA,CCI,MFI,ROC,ATR_14,BB_Width",BB_Upper
ICICIBANK,ICICIBANK.NS,2023-05-30,2023,5,0,Bull,0,0.8838,SELL,1,0,0.7161,SELL,1,10,"BB_Upper,BB_Lower,Rolling_Volatility,MACD_Hist,Volume_MA,CCI,MFI,ROC,ATR_14,BB_Width",BB_Upper
ICICIBANK,ICICIBANK.NS,2023-05-31,2023,5,0,Bull,0,0.8248,SELL,1,0,0.7204,SELL,1,10,"BB_Upper,BB_Lower,Rolling_Volatility,MACD_Hist,Volume_MA,CCI,MFI,ROC,ATR_14,BB_Width",BB_Upper
ICICIBANK,ICICIBANK.NS,2023-06-01,2023,6,0,Bull,0,0.7537,SELL,1,0,0.6408,SELL,1,10,"BB_Upper,BB_Lower,Rolling_Volatility,MACD_Hist,Volume_MA,CCI,MFI,ROC,ATR_14,BB_Width",BB_Upper
ICICIBANK,ICICIBANK.NS,2023-06-02,2023,6,1,Bull,0,0.8111,SELL,0,0,0.593,SELL,0,10,"BB_Upper,BB_Lower,Rolling_Volatility,MACD_Hist,Volume_MA,CCI,MFI,ROC,ATR_14,BB_Width",BB_Upper
ICICIBANK,ICICIBANK.NS,2023-06-05,2023,6,0,Bull,0,0.8754,SELL,1,0,0.7242,SELL,1,10,"BB_Upper,BB_Lower,Rolling_Volatility,MACD_Hist,Volume_MA,CCI,MFI,ROC,ATR_14,BB_Width",BB_Upper
ICICIBANK,ICICIBANK.NS,2023-06-06,2023,6,1,Bull,0,0.8658,SELL,0,0,0.7989,SELL,0,10,"BB_Upper,BB_Lower,Rolling_Volatility,MACD_Hist,Volume_MA,CCI,MFI,ROC,ATR_14,BB_Width",BB_Upper
ICICIBANK,ICICIBANK.NS,2023-06-07,2023,6,1,Bull,0,0.8913,SELL,0,0,0.8403,SELL,0,10,"BB_Upper,BB_Lower,Rolling_Volatility,MACD_Hist,Volume_MA,CCI,MFI,ROC,ATR_14,BB_Width",BB_Upper
ICICIBANK,ICICIBANK.NS,2023-06-08,2023,6,1,Bull,0,0.8845,SELL,0,0,0.8461,SELL,0,10,"BB_Upper,BB_Lower,Rolling_Volatility,MACD_Hist,Volume_MA,CCI,MFI,ROC,ATR_14,BB_Width",BB_Upper
ICICIBANK,ICICIBANK.NS,2023-06-09,2023,6,1,Bull,0,0.8883,SELL,0,0,0.8451,SELL,0,10,"BB_Upper,BB_Lower,Rolling_Volatility,MACD_Hist,Volume_MA,CCI,MFI,ROC,ATR_14,BB_Width",BB_Upper
ICICIBANK,ICICIBANK.NS,2023-06-12,2023,6,1,Bull,0,0.8881,SELL,0,0,0.836,SELL,0,10,"BB_Upper,BB_Lower,Rolling_Volatility,MACD_Hist,Volume_MA,CCI,MFI,ROC,ATR_14,BB_Width",BB_Upper
ICICIBANK,ICICIBANK.NS,2023-06-13,2023,6,1,Bull,0,0.8974,SELL,0,0,0.8401,SELL,0,10,"BB_Upper,BB_Lower,Rolling_Volatility,MACD_Hist,Volume_MA,CCI,MFI,ROC,ATR_14,BB_Width",BB_Upper
ICICIBANK,ICICIBANK.NS,2023-06-14,2023,6,1,Bull,0,0.8825,SELL,0,0,0.8558,SELL,0,10,"BB_Upper,BB_Lower,Rolling_Volatility,MACD_Hist,Volume_MA,CCI,MFI,ROC,ATR_14,BB_Width",BB_Upper
ICICIBANK,ICICIBANK.NS,2023-06-15,2023,6,1,Bull,0,0.8815,SELL,0,0,0.8397,SELL,0,10,"BB_Upper,BB_Lower,Rolling_Volatility,MACD_Hist,Volume_MA,CCI,MFI,ROC,ATR_14,BB_Width",BB_Upper
ICICIBANK,ICICIBANK.NS,2023-06-16,2023,6,1,Bull,0,0.8897,SELL,0,0,0.8421,SELL,0,10,"BB_Upper,BB_Lower,Rolling_Volatility,MACD_Hist,Volume_MA,CCI,MFI,ROC,ATR_14,BB_Width",BB_Upper
ICICIBANK,ICICIBANK.NS,2023-06-19,2023,6,1,Bull,0,0.8743,SELL,0,0,0.7818,SELL,0,10,"BB_Upper,BB_Lower,Rolling_Volatility,MACD_Hist,Volume_MA,CCI,MFI,ROC,ATR_14,BB_Width",BB_Upper
ICICIBANK,ICICIBANK.NS,2023-06-20,2023,6,1,Bull,0,0.8842,SELL,0,0,0.7821,SELL,0,10,"BB_Upper,BB_Lower,Rolling_Volatility,MACD_Hist,Volume_MA,CCI,MFI,ROC,ATR_14,BB_Width",BB_Upper
ICICIBANK,ICICIBANK.NS,2023-06-21,2023,6,1,Bull,0,0.889,SELL,0,0,0.8229,SELL,0,10,"BB_Upper,BB_Lower,Rolling_Volatility,MACD_Hist,Volume_MA,CCI,MFI,ROC,ATR_14,BB_Width",BB_Upper
ICICIBANK,ICICIBANK.NS,2023-06-22,2023,6,1,Bull,0,0.9116,SELL,0,0,0.8721,SELL,0,10,"BB_Upper,BB_Lower,Rolling_Volatility,MACD_Hist,Volume_MA,CCI,MFI,ROC,ATR_14,BB_Width",BB_Upper
ICICIBANK,ICICIBANK.NS,2023-06-23,2023,6,1,Bull,0,0.9024,SELL,0,0,0.8416,SELL,0,10,"BB_Upper,BB_Lower,Rolling_Volatility,MACD_Hist,Volume_MA,CCI,MFI,ROC,ATR_14,BB_Width",BB_Upper
ICICIBANK,ICICIBANK.NS,2023-06-26,2023,6,1,Bull,0,0.9389,SELL,0,0,0.879,SELL,0,10,"BB_Upper,BB_Lower,Rolling_Volatility,MACD_Hist,Volume_MA,CCI,MFI,ROC,ATR_14,BB_Width",BB_Upper
ICICIBANK,ICICIBANK.NS,2023-06-27,2023,6,1,Bull,0,0.9391,SELL,0,0,0.8923,SELL,0,10,"BB_Upper,BB_Lower,Rolling_Volatility,MACD_Hist,Volume_MA,CCI,MFI,ROC,ATR_14,BB_Width",BB_Upper
ICICIBANK,ICICIBANK.NS,2023-06-28,2023,6,1,Bull,0,0.9313,SELL,0,0,0.8845,SELL,0,10,"BB_Upper,BB_Lower,Rolling_Volatility,MACD_Hist,Volume_MA,CCI,MFI,ROC,ATR_14,BB_Width",BB_Upper
ICICIBANK,ICICIBANK.NS,2023-06-30,2023,6,1,Bull,0,0.9276,SELL,0,0,0.8903,SELL,0,10,"BB_Upper,BB_Lower,Rolling_Volatility,MACD_Hist,Volume_MA,CCI,MFI,ROC,ATR_14,BB_Width",BB_Upper
ICICIBANK,ICICIBANK.NS,2023-07-03,2023,7,1,Bull,0,0.952,SELL,0,0,0.8913,SELL,0,10,"BB_Upper,BB_Lower,Rolling_Volatility,MACD_Hist,Volume_MA,CCI,MFI,ROC,ATR_14,BB_Width",BB_Upper
ICICIBANK,ICICIBANK.NS,2023-07-04,2023,7,1,Bull,0,0.9462,SELL,0,0,0.9082,SELL,0,10,"BB_Upper,BB_Lower,Rolling_Volatility,MACD_Hist,Volume_MA,CCI,MFI,ROC,ATR_14,BB_Width",BB_Upper
ICICIBANK,ICICIBANK.NS,2023-07-05,2023,7,1,Bull,0,0.9606,SELL,0,0,0.9199,SELL,0,10,"BB_Upper,BB_Lower,Rolling_Volatility,MACD_Hist,Volume_MA,CCI,MFI,ROC,ATR_14,BB_Width",BB_Upper
ICICIBANK,ICICIBANK.NS,2023-07-06,2023,7,1,Bull,0,0.93,SELL,0,0,0.8878,SELL,0,10,"BB_Upper,BB_Lower,Rolling_Volatility,MACD_Hist,Volume_MA,CCI,MFI,ROC,ATR_14,BB_Width",BB_Upper
ICICIBANK,ICICIBANK.NS,2023-07-07,2023,7,1,Bull,0,0.9531,SELL,0,0,0.9282,SELL,0,10,"BB_Upper,BB_Lower,Rolling_Volatility,MACD_Hist,Volume_MA,CCI,MFI,ROC,ATR_14,BB_Width",BB_Upper
ICICIBANK,ICICIBANK.NS,2023-07-10,2023,7,1,Bull,0,0.9407,SELL,0,0,0.9248,SELL,0,10,"BB_Upper,BB_Lower,Rolling_Volatility,MACD_Hist,Volume_MA,CCI,MFI,ROC,ATR_14,BB_Width",BB_Upper
ICICIBANK,ICICIBANK.NS,2023-07-11,2023,7,1,Bull,0,0.9105,SELL,0,0,0.9198,SELL,0,10,"BB_Upper,BB_Lower,Rolling_Volatility,MACD_Hist,Volume_MA,CCI,MFI,ROC,ATR_14,BB_Width",BB_Upper
ICICIBANK,ICICIBANK.NS,2023-07-12,2023,7,1,Bull,0,0.913,SELL,0,0,0.9121,SELL,0,10,"BB_Upper,BB_Lower,Rolling_Volatility,MACD_Hist,Volume_MA,CCI,MFI,ROC,ATR_14,BB_Width",BB_Upper
ICICIBANK,ICICIBANK.NS,2023-07-13,2023,7,1,Sideways,0,0.9341,SELL,0,0,0.9237,SELL,0,10,"BB_Upper,BB_Lower,Rolling_Volatility,MACD_Hist,Volume_MA,CCI,MFI,ROC,ATR_14,BB_Width",BB_Upper
ICICIBANK,ICICIBANK.NS,2023-07-14,2023,7,1,Bull,0,0.9497,SELL,0,0,0.9284,SELL,0,10,"BB_Upper,BB_Lower,Rolling_Volatility,MACD_Hist,Volume_MA,CCI,MFI,ROC,ATR_14,BB_Width",BB_Upper
ICICIBANK,ICICIBANK.NS,2023-07-17,2023,7,0,Bull,0,0.962,SELL,1,0,0.9306,SELL,1,10,"BB_Upper,BB_Lower,Rolling_Volatility,MACD_Hist,Volume_MA,CCI,MFI,ROC,ATR_14,BB_Width",BB_Upper
ICICIBANK,ICICIBANK.NS,2023-07-18,2023,7,0,Bull,0,0.9473,SELL,1,0,0.9151,SELL,1,10,"BB_Upper,BB_Lower,Rolling_Volatility,MACD_Hist,Volume_MA,CCI,MFI,ROC,ATR_14,BB_Width",BB_Upper
ICICIBANK,ICICIBANK.NS,2023-07-19,2023,7,0,Bull,0,0.9467,SELL,1,0,0.9025,SELL,1,10,"BB_Upper,BB_Lower,Rolling_Volatility,MACD_Hist,Volume_MA,CCI,MFI,ROC,ATR_14,BB_Width",BB_Upper
ICICIBANK,ICICIBANK.NS,2023-07-20,2023,7,0,Bull,0,0.8454,SELL,1,0,0.896,SELL,1,10,"BB_Upper,BB_Lower,Rolling_Volatility,MACD_Hist,Volume_MA,CCI,MFI,ROC,ATR_14,BB_Width",BB_Upper
ICICIBANK,ICICIBANK.NS,2023-07-21,2023,7,0,Bull,0,0.9297,SELL,1,0,0.8769,SELL,1,10,"BB_Upper,BB_Lower,Rolling_Volatility,MACD_Hist,Volume_MA,CCI,MFI,ROC,ATR_14,BB_Width",BB_Upper
ICICIBANK,ICICIBANK.NS,2023-07-24,2023,7,0,Bull,0,0.7578,SELL,1,0,0.638,SELL,1,10,"ATR_14,BB_Upper,BB_Width,BB_Lower,CCI,Rolling_Std_10,ADX,MACD_Hist,MFI,MACD_Signal",ATR_14
ICICIBANK,ICICIBANK.NS,2023-07-25,2023,7,0,Bull,0,0.7066,SELL,1,0,0.6116,SELL,1,10,"ATR_14,BB_Upper,BB_Width,BB_Lower,CCI,Rolling_Std_10,ADX,MACD_Hist,MFI,MACD_Signal",ATR_14
ICICIBANK,ICICIBANK.NS,2023-07-26,2023,7,0,Bull,0,0.7181,SELL,1,0,0.6578,SELL,1,10,"ATR_14,BB_Upper,BB_Width,BB_Lower,CCI,Rolling_Std_10,ADX,MACD_Hist,MFI,MACD_Signal",ATR_14
ICICIBANK,ICICIBANK.NS,2023-07-27,2023,7,0,Bull,0,0.6672,SELL,1,0,0.5977,SELL,1,10,"ATR_14,BB_Upper,BB_Width,BB_Lower,CCI,Rolling_Std_10,ADX,MACD_Hist,MFI,MACD_Signal",ATR_14
ICICIBANK,ICICIBANK.NS,2023-07-28,2023,7,0,Bull,0,0.7408,SELL,1,0,0.618,SELL,1,10,"ATR_14,BB_Upper,BB_Width,BB_Lower,CCI,Rolling_Std_10,ADX,MACD_Hist,MFI,MACD_Signal",ATR_14
ICICIBANK,ICICIBANK.NS,2023-07-31,2023,7,0,Bull,0,0.7705,SELL,1,0,0.6791,SELL,1,10,"ATR_14,BB_Upper,BB_Width,BB_Lower,CCI,Rolling_Std_10,ADX,MACD_Hist,MFI,MACD_Signal",ATR_14
ICICIBANK,ICICIBANK.NS,2023-08-01,2023,8,0,Bull,0,0.8108,SELL,1,0,0.6875,SELL,1,10,"ATR_14,BB_Upper,BB_Width,BB_Lower,CCI,Rolling_Std_10,ADX,MACD_Hist,MFI,MACD_Signal",ATR_14
ICICIBANK,ICICIBANK.NS,2023-08-02,2023,8,0,Bull,0,0.7642,SELL,1,0,0.6982,SELL,1,10,"ATR_14,BB_Upper,BB_Width,BB_Lower,CCI,Rolling_Std_10,ADX,MACD_Hist,MFI,MACD_Signal",ATR_14
ICICIBANK,ICICIBANK.NS,2023-08-03,2023,8,1,Bull,0,0.6214,SELL,0,0,0.7012,SELL,0,10,"ATR_14,BB_Upper,BB_Width,BB_Lower,CCI,Rolling_Std_10,ADX,MACD_Hist,MFI,MACD_Signal",ATR_14
ICICIBANK,ICICIBANK.NS,2023-08-04,2023,8,1,Bull,0,0.6455,SELL,0,0,0.7682,SELL,0,10,"ATR_14,BB_Upper,BB_Width,BB_Lower,CCI,Rolling_Std_10,ADX,MACD_Hist,MFI,MACD_Signal",ATR_14
ICICIBANK,ICICIBANK.NS,2023-08-07,2023,8,1,Bull,0,0.6528,SELL,0,0,0.78,SELL,0,10,"ATR_14,BB_Upper,BB_Width,BB_Lower,CCI,Rolling_Std_10,ADX,MACD_Hist,MFI,MACD_Signal",ATR_14
ICICIBANK,ICICIBANK.NS,2023-08-08,2023,8,0,Bull,0,0.6645,SELL,1,0,0.807,SELL,1,10,"ATR_14,BB_Upper,BB_Width,BB_Lower,CCI,Rolling_Std_10,ADX,MACD_Hist,MFI,MACD_Signal",ATR_14
ICICIBANK,ICICIBANK.NS,2023-08-09,2023,8,0,Bull,0,0.5628,SELL,1,0,0.7133,SELL,1,10,"ATR_14,BB_Upper,BB_Width,BB_Lower,CCI,Rolling_Std_10,ADX,MACD_Hist,MFI,MACD_Signal",ATR_14
ICICIBANK,ICICIBANK.NS,2023-08-10,2023,8,1,Bull,0,0.5512,SELL,0,0,0.6809,SELL,0,10,"ATR_14,BB_Upper,BB_Width,BB_Lower,CCI,Rolling_Std_10,ADX,MACD_Hist,MFI,MACD_Signal",ATR_14
ICICIBANK,ICICIBANK.NS,2023-08-11,2023,8,1,Bull,-1,0.5428,NO TRADE,0,0,0.6827,SELL,0,10,"ATR_14,BB_Upper,BB_Width,BB_Lower,CCI,Rolling_Std_10,ADX,MACD_Hist,MFI,MACD_Signal",ATR_14
ICICIBANK,ICICIBANK.NS,2023-08-14,2023,8,1,Bull,-1,0.5338,NO TRADE,0,0,0.7596,SELL,0,10,"ATR_14,BB_Upper,BB_Width,BB_Lower,CCI,Rolling_Std_10,ADX,MACD_Hist,MFI,MACD_Signal",ATR_14
ICICIBANK,ICICIBANK.NS,2023-08-16,2023,8,1,Bull,-1,0.524,NO TRADE,0,0,0.6588,SELL,0,10,"ATR_14,BB_Upper,BB_Width,BB_Lower,CCI,Rolling_Std_10,ADX,MACD_Hist,MFI,MACD_Signal",ATR_14
ICICIBANK,ICICIBANK.NS,2023-08-17,2023,8,1,Sideways,1,0.5719,BUY,1,0,0.5505,SELL,0,10,"ATR_14,BB_Upper,BB_Width,BB_Lower,CCI,Rolling_Std_10,ADX,MACD_Hist,MFI,MACD_Signal",ATR_14
ICICIBANK,ICICIBANK.NS,2023-08-18,2023,8,1,Sideways,-1,0.537,NO TRADE,0,0,0.5851,SELL,0,10,"ATR_14,BB_Upper,BB_Width,BB_Lower,CCI,Rolling_Std_10,ADX,MACD_Hist,MFI,MACD_Signal",ATR_14
ICICIBANK,ICICIBANK.NS,2023-08-21,2023,8,1,Sideways,-1,0.5291,NO TRADE,0,0,0.5837,SELL,0,10,"ATR_14,BB_Upper,BB_Width,BB_Lower,CCI,Rolling_Std_10,ADX,MACD_Hist,MFI,MACD_Signal",ATR_14
ICICIBANK,ICICIBANK.NS,2023-08-22,2023,8,1,Bull,1,0.6178,BUY,1,0,0.5752,SELL,0,10,"ATR_14,BB_Upper,BB_Width,BB_Lower,CCI,Rolling_Std_10,ADX,MACD_Hist,MFI,MACD_Signal",ATR_14
ICICIBANK,ICICIBANK.NS,2023-08-23,2023,8,0,Sideways,1,0.7559,BUY,0,1,0.6551,BUY,0,10,"ATR_14,BB_Upper,BB_Width,BB_Lower,CCI,Rolling_Std_10,ADX,MACD_Hist,MFI,MACD_Signal",ATR_14
ICICIBANK,ICICIBANK.NS,2023-08-24,2023,8,0,Bull,1,0.7347,BUY,0,0,0.5759,SELL,1,10,"ATR_14,BB_Upper,BB_Width,BB_Lower,CCI,Rolling_Std_10,ADX,MACD_Hist,MFI,MACD_Signal",ATR_14
ICICIBANK,ICICIBANK.NS,2023-08-25,2023,8,0,Bull,-1,0.5222,NO TRADE,0,0,0.5745,SELL,1,10,"ATR_14,BB_Upper,BB_Width,BB_Lower,CCI,Rolling_Std_10,ADX,MACD_Hist,MFI,MACD_Signal",ATR_14
ICICIBANK,ICICIBANK.NS,2023-08-28,2023,8,0,Bull,-1,0.5087,NO TRADE,0,0,0.6005,SELL,1,10,"ATR_14,BB_Upper,BB_Width,BB_Lower,CCI,Rolling_Std_10,ADX,MACD_Hist,MFI,MACD_Signal",ATR_14
ICICIBANK,ICICIBANK.NS,2023-08-29,2023,8,0,Bull,1,0.675,BUY,0,0,0.552,SELL,1,10,"ATR_14,BB_Upper,BB_Width,BB_Lower,CCI,Rolling_Std_10,ADX,MACD_Hist,MFI,MACD_Signal",ATR_14
ICICIBANK,ICICIBANK.NS,2023-08-30,2023,8,0,Bull,1,0.7348,BUY,0,1,0.5607,BUY,0,10,"ATR_14,BB_Upper,BB_Width,BB_Lower,CCI,Rolling_Std_10,ADX,MACD_Hist,MFI,MACD_Signal",ATR_14
ICICIBANK,ICICIBANK.NS,2023-08-31,2023,8,0,Bull,1,0.7559,BUY,0,1,0.6339,BUY,0,10,"ATR_14,BB_Upper,BB_Width,BB_Lower,CCI,Rolling_Std_10,ADX,MACD_Hist,MFI,MACD_Signal",ATR_14
ICICIBANK,ICICIBANK.NS,2023-09-01,2023,9,0,Bull,1,0.6985,BUY,0,1,0.6107,BUY,0,10,"ATR_14,BB_Upper,BB_Width,BB_Lower,CCI,Rolling_Std_10,ADX,MACD_Hist,MFI,MACD_Signal",ATR_14
ICICIBANK,ICICIBANK.NS,2023-09-04,2023,9,0,Bull,1,0.7032,BUY,0,1,0.5897,BUY,0,10,"ATR_14,BB_Upper,BB_Width,BB_Lower,CCI,Rolling_Std_10,ADX,MACD_Hist,MFI,MACD_Signal",ATR_14
ICICIBANK,ICICIBANK.NS,2023-09-05,2023,9,0,Bull,1,0.6795,BUY,0,-1,0.5043,NO TRADE,0,10,"ATR_14,BB_Upper,BB_Width,BB_Lower,CCI,Rolling_Std_10,ADX,MACD_Hist,MFI,MACD_Signal",ATR_14
ICICIBANK,ICICIBANK.NS,2023-09-06,2023,9,0,Bull,1,0.6834,BUY,0,1,0.5676,BUY,0,10,"ATR_14,BB_Upper,BB_Width,BB_Lower,CCI,Rolling_Std_10,ADX,MACD_Hist,MFI,MACD_Signal",ATR_14
ICICIBANK,ICICIBANK.NS,2023-09-07,2023,9,0,Bull,1,0.6853,BUY,0,1,0.6012,BUY,0,10,"ATR_14,BB_Upper,BB_Width,BB_Lower,CCI,Rolling_Std_10,ADX,MACD_Hist,MFI,MACD_Signal",ATR_14
ICICIBANK,ICICIBANK.NS,2023-09-08,2023,9,0,Bull,1,0.6126,BUY,0,1,0.5944,BUY,0,10,"ATR_14,BB_Upper,BB_Width,BB_Lower,CCI,Rolling_Std_10,ADX,MACD_Hist,MFI,MACD_Signal",ATR_14
ICICIBANK,ICICIBANK.NS,2023-09-11,2023,9,0,Bull,0,0.561,SELL,1,1,0.5668,BUY,0,10,"ATR_14,BB_Upper,BB_Width,BB_Lower,CCI,Rolling_Std_10,ADX,MACD_Hist,MFI,MACD_Signal",ATR_14
ICICIBANK,ICICIBANK.NS,2023-09-12,2023,9,0,Bull,0,0.5527,SELL,1,1,0.5513,BUY,0,10,"ATR_14,BB_Upper,BB_Width,BB_Lower,CCI,Rolling_Std_10,ADX,MACD_Hist,MFI,MACD_Signal",ATR_14
ICICIBANK,ICICIBANK.NS,2023-09-13,2023,9,0,Bull,0,0.6339,SELL,1,-1,0.5347,NO TRADE,0,10,"ATR_14,BB_Upper,BB_Width,BB_Lower,CCI,Rolling_Std_10,ADX,MACD_Hist,MFI,MACD_Signal",ATR_14
ICICIBANK,ICICIBANK.NS,2023-09-14,2023,9,0,Bull,0,0.6217,SELL,1,-1,0.5037,NO TRADE,0,10,"ATR_14,BB_Upper,BB_Width,BB_Lower,CCI,Rolling_Std_10,ADX,MACD_Hist,MFI,MACD_Signal",ATR_14
ICICIBANK,ICICIBANK.NS,2023-09-15,2023,9,0,Bull,0,0.6512,SELL,1,-1,0.5333,NO TRADE,0,10,"ATR_14,BB_Upper,BB_Width,BB_Lower,CCI,Rolling_Std_10,ADX,MACD_Hist,MFI,MACD_Signal",ATR_14
ICICIBANK,ICICIBANK.NS,2023-09-18,2023,9,0,Bull,0,0.6623,SELL,1,-1,0.5406,NO TRADE,0,10,"ATR_14,BB_Upper,BB_Width,BB_Lower,CCI,Rolling_Std_10,ADX,MACD_Hist,MFI,MACD_Signal",ATR_14
ICICIBANK,ICICIBANK.NS,2023-09-20,2023,9,0,Bull,0,0.6598,SELL,1,1,0.5556,BUY,0,10,"ATR_14,BB_Upper,BB_Width,BB_Lower,CCI,Rolling_Std_10,ADX,MACD_Hist,MFI,MACD_Signal",ATR_14
ICICIBANK,ICICIBANK.NS,2023-09-21,2023,9,0,Bull,1,0.5957,BUY,0,1,0.688,BUY,0,10,"ATR_14,BB_Upper,BB_Width,BB_Lower,CCI,Rolling_Std_10,ADX,MACD_Hist,MFI,MACD_Signal",ATR_14
ICICIBANK,ICICIBANK.NS,2023-09-22,2023,9,0,Bull,1,0.6681,BUY,0,1,0.6378,BUY,0,10,"ATR_14,BB_Upper,BB_Width,BB_Lower,CCI,Rolling_Std_10,ADX,MACD_Hist,MFI,MACD_Signal",ATR_14
ICICIBANK,ICICIBANK.NS,2023-09-25,2023,9,0,Sideways,-1,0.544,NO TRADE,0,-1,0.5385,NO TRADE,0,10,"ATR_14,BB_Upper,BB_Width,BB_Lower,CCI,Rolling_Std_10,ADX,MACD_Hist,MFI,MACD_Signal",ATR_14
ICICIBANK,ICICIBANK.NS,2023-09-26,2023,9,0,Sideways,-1,0.5204,NO TRADE,0,-1,0.547,NO TRADE,0,10,"ATR_14,BB_Upper,BB_Width,BB_Lower,CCI,Rolling_Std_10,ADX,MACD_Hist,MFI,MACD_Signal",ATR_14
ICICIBANK,ICICIBANK.NS,2023-09-27,2023,9,0,Sideways,-1,0.511,NO TRADE,0,0,0.6581,SELL,1,10,"ATR_14,BB_Upper,BB_Width,BB_Lower,CCI,Rolling_Std_10,ADX,MACD_Hist,MFI,MACD_Signal",ATR_14
ICICIBANK,ICICIBANK.NS,2023-09-28,2023,9,0,Sideways,-1,0.536,NO TRADE,0,0,0.6941,SELL,1,10,"ATR_14,BB_Upper,BB_Width,BB_Lower,CCI,Rolling_Std_10,ADX,MACD_Hist,MFI,MACD_Signal",ATR_14
ICICIBANK,ICICIBANK.NS,2023-09-29,2023,9,0,Sideways,0,0.5914,SELL,1,0,0.6442,SELL,1,10,"ATR_14,BB_Upper,BB_Width,BB_Lower,CCI,Rolling_Std_10,ADX,MACD_Hist,MFI,MACD_Signal",ATR_14
ICICIBANK,ICICIBANK.NS,2023-10-03,2023,10,0,Sideways,-1,0.5293,NO TRADE,0,0,0.6338,SELL,1,10,"ATR_14,BB_Upper,BB_Width,BB_Lower,CCI,Rolling_Std_10,ADX,MACD_Hist,MFI,MACD_Signal",ATR_14
ICICIBANK,ICICIBANK.NS,2023-10-04,2023,10,0,Bear,1,0.5663,BUY,0,-1,0.5007,NO TRADE,0,10,"ATR_14,BB_Upper,BB_Width,BB_Lower,CCI,Rolling_Std_10,ADX,MACD_Hist,MFI,MACD_Signal",ATR_14
ICICIBANK,ICICIBANK.NS,2023-10-05,2023,10,0,Bear,1,0.5576,BUY,0,-1,0.5232,NO TRADE,0,10,"ATR_14,BB_Upper,BB_Width,BB_Lower,CCI,Rolling_Std_10,ADX,MACD_Hist,MFI,MACD_Signal",ATR_14
ICICIBANK,ICICIBANK.NS,2023-10-06,2023,10,1,Bear,-1,0.5497,NO TRADE,0,0,0.577,SELL,0,10,"ATR_14,BB_Upper,BB_Width,BB_Lower,CCI,Rolling_Std_10,ADX,MACD_Hist,MFI,MACD_Signal",ATR_14
ICICIBANK,ICICIBANK.NS,2023-10-09,2023,10,1,Bear,-1,0.508,NO TRADE,0,0,0.5725,SELL,0,10,"ATR_14,BB_Upper,BB_Width,BB_Lower,CCI,Rolling_Std_10,ADX,MACD_Hist,MFI,MACD_Signal",ATR_14
ICICIBANK,ICICIBANK.NS,2023-10-10,2023,10,0,Bear,-1,0.5089,NO TRADE,0,-1,0.5079,NO TRADE,0,10,"ATR_14,BB_Upper,BB_Width,BB_Lower,CCI,Rolling_Std_10,ADX,MACD_Hist,MFI,MACD_Signal",ATR_14
ICICIBANK,ICICIBANK.NS,2023-10-11,2023,10,0,Bear,-1,0.5473,NO TRADE,0,0,0.629,SELL,1,10,"ATR_14,BB_Upper,BB_Width,BB_Lower,CCI,Rolling_Std_10,ADX,MACD_Hist,MFI,MACD_Signal",ATR_14
ICICIBANK,ICICIBANK.NS,2023-10-12,2023,10,0,Bear,0,0.6255,SELL,1,0,0.6687,SELL,1,10,"ATR_14,BB_Upper,BB_Width,BB_Lower,CCI,Rolling_Std_10,ADX,MACD_Hist,MFI,MACD_Signal",ATR_14
ICICIBANK,ICICIBANK.NS,2023-10-13,2023,10,0,Bear,0,0.653,SELL,1,0,0.6911,SELL,1,10,"ATR_14,BB_Upper,BB_Width,BB_Lower,CCI,Rolling_Std_10,ADX,MACD_Hist,MFI,MACD_Signal",ATR_14
ICICIBANK,ICICIBANK.NS,2023-10-16,2023,10,0,Bear,0,0.6698,SELL,1,0,0.7261,SELL,1,10,"ATR_14,BB_Upper,BB_Width,BB_Lower,CCI,Rolling_Std_10,ADX,MACD_Hist,MFI,MACD_Signal",ATR_14
ICICIBANK,ICICIBANK.NS,2023-10-17,2023,10,0,Bear,-1,0.5084,NO TRADE,0,1,0.5835,BUY,0,10,"ATR_14,BB_Upper,BB_Width,BB_Lower,CCI,Rolling_Std_10,ADX,MACD_Hist,MFI,MACD_Signal",ATR_14
ICICIBANK,ICICIBANK.NS,2023-10-18,2023,10,0,Sideways,1,0.5631,BUY,0,-1,0.5065,NO TRADE,0,10,"ATR_14,BB_Upper,BB_Width,BB_Lower,CCI,Rolling_Std_10,ADX,MACD_Hist,MFI,MACD_Signal",ATR_14
ICICIBANK,ICICIBANK.NS,2023-10-19,2023,10,0,Sideways,0,0.7356,SELL,1,0,0.6008,SELL,1,10,"ATR_14,MACD_Hist,BB_Upper,BB_Lower,MFI,Rolling_Median_Return,BB_Width,Volume_MA,MACD_Signal,OBV",ATR_14
ICICIBANK,ICICIBANK.NS,2023-10-20,2023,10,0,Bear,-1,0.5006,NO TRADE,0,1,0.6224,BUY,0,10,"ATR_14,MACD_Hist,BB_Upper,BB_Lower,MFI,Rolling_Median_Return,BB_Width,Volume_MA,MACD_Signal,OBV",ATR_14
ICICIBANK,ICICIBANK.NS,2023-10-23,2023,10,0,Bear,0,0.705,SELL,1,-1,0.5455,NO TRADE,0,10,"ATR_14,MACD_Hist,BB_Upper,BB_Lower,MFI,Rolling_Median_Return,BB_Width,Volume_MA,MACD_Signal,OBV",ATR_14
ICICIBANK,ICICIBANK.NS,2023-10-25,2023,10,1,Bear,0,0.7981,SELL,0,0,0.7226,SELL,0,10,"ATR_14,MACD_Hist,BB_Upper,BB_Lower,MFI,Rolling_Median_Return,BB_Width,Volume_MA,MACD_Signal,OBV",ATR_14
ICICIBANK,ICICIBANK.NS,2023-10-26,2023,10,1,Bear,0,0.7319,SELL,0,0,0.6973,SELL,0,10,"ATR_14,MACD_Hist,BB_Upper,BB_Lower,MFI,Rolling_Median_Return,BB_Width,Volume_MA,MACD_Signal,OBV",ATR_14
ICICIBANK,ICICIBANK.NS,2023-10-27,2023,10,1,Bear,0,0.7666,SELL,0,0,0.7238,SELL,0,10,"ATR_14,MACD_Hist,BB_Upper,BB_Lower,MFI,Rolling_Median_Return,BB_Width,Volume_MA,MACD_Signal,OBV",ATR_14
ICICIBANK,ICICIBANK.NS,2023-10-30,2023,10,1,Bear,0,0.7907,SELL,0,0,0.7707,SELL,0,10,"ATR_14,MACD_Hist,BB_Upper,BB_Lower,MFI,Rolling_Median_Return,BB_Width,Volume_MA,MACD_Signal,OBV",ATR_14
ICICIBANK,ICICIBANK.NS,2023-10-31,2023,10,1,Bear,0,0.7965,SELL,0,0,0.7839,SELL,0,10,"ATR_14,MACD_Hist,BB_Upper,BB_Lower,MFI,Rolling_Median_Return,BB_Width,Volume_MA,MACD_Signal,OBV",ATR_14
ICICIBANK,ICICIBANK.NS,2023-11-01,2023,11,1,Bear,0,0.7776,SELL,0,0,0.811,SELL,0,10,"ATR_14,MACD_Hist,BB_Upper,BB_Lower,MFI,Rolling_Median_Return,BB_Width,Volume_MA,MACD_Signal,OBV",ATR_14
ICICIBANK,ICICIBANK.NS,2023-11-02,2023,11,1,Bear,0,0.7831,SELL,0,0,0.8365,SELL,0,10,"ATR_14,MACD_Hist,BB_Upper,BB_Lower,MFI,Rolling_Median_Return,BB_Width,Volume_MA,MACD_Signal,OBV",ATR_14
ICICIBANK,ICICIBANK.NS,2023-11-03,2023,11,1,Bear,0,0.8263,SELL,0,0,0.8582,SELL,0,10,"ATR_14,MACD_Hist,BB_Upper,BB_Lower,MFI,Rolling_Median_Return,BB_Width,Volume_MA,MACD_Signal,OBV",ATR_14
ICICIBANK,ICICIBANK.NS,2023-11-06,2023,11,1,Sideways,0,0.8486,SELL,0,0,0.8997,SELL,0,10,"ATR_14,MACD_Hist,BB_Upper,BB_Lower,MFI,Rolling_Median_Return,BB_Width,Volume_MA,MACD_Signal,OBV",ATR_14
ICICIBANK,ICICIBANK.NS,2023-11-07,2023,11,1,Sideways,0,0.7649,SELL,0,0,0.8633,SELL,0,10,"ATR_14,MACD_Hist,BB_Upper,BB_Lower,MFI,Rolling_Median_Return,BB_Width,Volume_MA,MACD_Signal,OBV",ATR_14
ICICIBANK,ICICIBANK.NS,2023-11-08,2023,11,1,Sideways,0,0.7775,SELL,0,0,0.8493,SELL,0,10,"ATR_14,MACD_Hist,BB_Upper,BB_Lower,MFI,Rolling_Median_Return,BB_Width,Volume_MA,MACD_Signal,OBV",ATR_14
ICICIBANK,ICICIBANK.NS,2023-11-09,2023,11,1,Bear,0,0.7723,SELL,0,0,0.8441,SELL,0,10,"ATR_14,MACD_Hist,BB_Upper,BB_Lower,MFI,Rolling_Median_Return,BB_Width,Volume_MA,MACD_Signal,OBV",ATR_14
ICICIBANK,ICICIBANK.NS,2023-11-10,2023,11,1,Bear,0,0.7451,SELL,0,0,0.7872,SELL,0,10,"ATR_14,MACD_Hist,BB_Upper,BB_Lower,MFI,Rolling_Median_Return,BB_Width,Volume_MA,MACD_Signal,OBV",ATR_14
ICICIBANK,ICICIBANK.NS,2023-11-13,2023,11,1,Bear,0,0.6852,SELL,0,0,0.6876,SELL,0,10,"ATR_14,MACD_Hist,BB_Upper,BB_Lower,MFI,Rolling_Median_Return,BB_Width,Volume_MA,MACD_Signal,OBV",ATR_14
ICICIBANK,ICICIBANK.NS,2023-11-15,2023,11,1,Sideways,0,0.7725,SELL,0,0,0.7281,SELL,0,10,"ATR_14,MACD_Hist,BB_Upper,BB_Lower,MFI,Rolling_Median_Return,BB_Width,Volume_MA,MACD_Signal,OBV",ATR_14
ICICIBANK,ICICIBANK.NS,2023-11-16,2023,11,1,Sideways,0,0.6199,SELL,0,0,0.5957,SELL,0,10,"ATR_14,MACD_Hist,BB_Upper,BB_Lower,MFI,Rolling_Median_Return,BB_Width,Volume_MA,MACD_Signal,OBV",ATR_14
ICICIBANK,ICICIBANK.NS,2023-11-17,2023,11,1,Bear,0,0.7052,SELL,0,0,0.7693,SELL,0,10,"ATR_14,MACD_Hist,BB_Upper,BB_Lower,MFI,Rolling_Median_Return,BB_Width,Volume_MA,MACD_Signal,OBV",ATR_14
ICICIBANK,ICICIBANK.NS,2023-11-20,2023,11,1,Bear,0,0.6815,SELL,0,0,0.7043,SELL,0,10,"ATR_14,MACD_Hist,BB_Upper,BB_Lower,MFI,Rolling_Median_Return,BB_Width,Volume_MA,MACD_Signal,OBV",ATR_14
ICICIBANK,ICICIBANK.NS,2023-11-21,2023,11,1,Bear,1,0.5563,BUY,1,0,0.5796,SELL,0,10,"ATR_14,MACD_Hist,BB_Upper,BB_Lower,MFI,Rolling_Median_Return,BB_Width,Volume_MA,MACD_Signal,OBV",ATR_14
ICICIBANK,ICICIBANK.NS,2023-11-22,2023,11,1,Bear,1,0.6386,BUY,1,-1,0.5438,NO TRADE,0,10,"ATR_14,MACD_Hist,BB_Upper,BB_Lower,MFI,Rolling_Median_Return,BB_Width,Volume_MA,MACD_Signal,OBV",ATR_14
ICICIBANK,ICICIBANK.NS,2023-11-23,2023,11,1,Bear,-1,0.5346,NO TRADE,0,-1,0.5232,NO TRADE,0,10,"ATR_14,MACD_Hist,BB_Upper,BB_Lower,MFI,Rolling_Median_Return,BB_Width,Volume_MA,MACD_Signal,OBV",ATR_14
ICICIBANK,ICICIBANK.NS,2023-11-24,2023,11,1,Bear,-1,0.5349,NO TRADE,0,1,0.5593,BUY,1,10,"ATR_14,MACD_Hist,BB_Upper,BB_Lower,MFI,Rolling_Median_Return,BB_Width,Volume_MA,MACD_Signal,OBV",ATR_14
ICICIBANK,ICICIBANK.NS,2023-11-28,2023,11,1,Bear,1,0.6334,BUY,1,1,0.6264,BUY,1,10,"ATR_14,MACD_Hist,BB_Upper,BB_Lower,MFI,Rolling_Median_Return,BB_Width,Volume_MA,MACD_Signal,OBV",ATR_14
ICICIBANK,ICICIBANK.NS,2023-11-29,2023,11,1,Bear,1,0.5524,BUY,1,1,0.562,BUY,1,10,"ATR_14,MACD_Hist,BB_Upper,BB_Lower,MFI,Rolling_Median_Return,BB_Width,Volume_MA,MACD_Signal,OBV",ATR_14
ICICIBANK,ICICIBANK.NS,2023-11-30,2023,11,1,Bear,1,0.6375,BUY,1,1,0.6572,BUY,1,10,"ATR_14,MACD_Hist,BB_Upper,BB_Lower,MFI,Rolling_Median_Return,BB_Width,Volume_MA,MACD_Signal,OBV",ATR_14
ICICIBANK,ICICIBANK.NS,2023-12-01,2023,12,1,Bear,-1,0.5158,NO TRADE,0,1,0.5509,BUY,1,10,"ATR_14,MACD_Hist,BB_Upper,BB_Lower,MFI,Rolling_Median_Return,BB_Width,Volume_MA,MACD_Signal,OBV",ATR_14
ICICIBANK,ICICIBANK.NS,2023-12-04,2023,12,0,Bear,0,0.806,SELL,1,0,0.9119,SELL,1,10,"ATR_14,MACD_Hist,BB_Upper,BB_Lower,MFI,Rolling_Median_Return,BB_Width,Volume_MA,MACD_Signal,OBV",ATR_14
ICICIBANK,ICICIBANK.NS,2023-12-05,2023,12,0,Sideways,0,0.8598,SELL,1,0,0.9291,SELL,1,10,"ATR_14,MACD_Hist,BB_Upper,BB_Lower,MFI,Rolling_Median_Return,BB_Width,Volume_MA,MACD_Signal,OBV",ATR_14
ICICIBANK,ICICIBANK.NS,2023-12-06,2023,12,0,Bull,0,0.8852,SELL,1,0,0.9348,SELL,1,10,"ATR_14,MACD_Hist,BB_Upper,BB_Lower,MFI,Rolling_Median_Return,BB_Width,Volume_MA,MACD_Signal,OBV",ATR_14
ICICIBANK,ICICIBANK.NS,2023-12-07,2023,12,0,Bull,0,0.9121,SELL,1,0,0.9363,SELL,1,10,"ATR_14,MACD_Hist,BB_Upper,BB_Lower,MFI,Rolling_Median_Return,BB_Width,Volume_MA,MACD_Signal,OBV",ATR_14
ICICIBANK,ICICIBANK.NS,2023-12-08,2023,12,0,Bull,0,0.8719,SELL,1,0,0.943,SELL,1,10,"ATR_14,MACD_Hist,BB_Upper,BB_Lower,MFI,Rolling_Median_Return,BB_Width,Volume_MA,MACD_Signal,OBV",ATR_14
ICICIBANK,ICICIBANK.NS,2023-12-11,2023,12,0,Bull,0,0.8788,SELL,1,0,0.9416,SELL,1,10,"ATR_14,MACD_Hist,BB_Upper,BB_Lower,MFI,Rolling_Median_Return,BB_Width,Volume_MA,MACD_Signal,OBV",ATR_14
ICICIBANK,ICICIBANK.NS,2023-12-12,2023,12,0,Bull,0,0.8455,SELL,1,0,0.9302,SELL,1,10,"ATR_14,MACD_Hist,BB_Upper,BB_Lower,MFI,Rolling_Median_Return,BB_Width,Volume_MA,MACD_Signal,OBV",ATR_14
ICICIBANK,ICICIBANK.NS,2023-12-13,2023,12,0,Bull,0,0.8647,SELL,1,0,0.9402,SELL,1,10,"ATR_14,MACD_Hist,BB_Upper,BB_Lower,MFI,Rolling_Median_Return,BB_Width,Volume_MA,MACD_Signal,OBV",ATR_14
ICICIBANK,ICICIBANK.NS,2023-12-14,2023,12,0,Bull,0,0.8563,SELL,1,0,0.961,SELL,1,10,"ATR_14,MACD_Hist,BB_Upper,BB_Lower,MFI,Rolling_Median_Return,BB_Width,Volume_MA,MACD_Signal,OBV",ATR_14
ICICIBANK,ICICIBANK.NS,2023-12-15,2023,12,0,Bull,0,0.8979,SELL,1,0,0.9697,SELL,1,10,"ATR_14,MACD_Hist,BB_Upper,BB_Lower,MFI,Rolling_Median_Return,BB_Width,Volume_MA,MACD_Signal,OBV",ATR_14
ICICIBANK,ICICIBANK.NS,2023-12-18,2023,12,0,Bull,0,0.8855,SELL,1,0,0.9642,SELL,1,10,"ATR_14,MACD_Hist,BB_Upper,BB_Lower,MFI,Rolling_Median_Return,BB_Width,Volume_MA,MACD_Signal,OBV",ATR_14
ICICIBANK,ICICIBANK.NS,2023-12-19,2023,12,0,Bull,0,0.849,SELL,1,0,0.9273,SELL,1,10,"ATR_14,MACD_Hist,BB_Upper,BB_Lower,MFI,Rolling_Median_Return,BB_Width,Volume_MA,MACD_Signal,OBV",ATR_14
ICICIBANK,ICICIBANK.NS,2023-12-20,2023,12,0,Bull,0,0.8691,SELL,1,0,0.9432,SELL,1,10,"ATR_14,MACD_Hist,BB_Upper,BB_Lower,MFI,Rolling_Median_Return,BB_Width,Volume_MA,MACD_Signal,OBV",ATR_14
ICICIBANK,ICICIBANK.NS,2023-12-21,2023,12,0,Bull,0,0.8783,SELL,1,0,0.9193,SELL,1,10,"ATR_14,MACD_Hist,BB_Upper,BB_Lower,MFI,Rolling_Median_Return,BB_Width,Volume_MA,MACD_Signal,OBV",ATR_14
ICICIBANK,ICICIBANK.NS,2023-12-22,2023,12,1,Bull,0,0.7969,SELL,0,0,0.9002,SELL,0,10,"ATR_14,MACD_Hist,BB_Upper,BB_Lower,MFI,Rolling_Median_Return,BB_Width,Volume_MA,MACD_Signal,OBV",ATR_14
ICICIBANK,ICICIBANK.NS,2023-12-26,2023,12,1,Bull,0,0.7726,SELL,0,0,0.8653,SELL,0,10,"ATR_14,MACD_Hist,BB_Upper,BB_Lower,MFI,Rolling_Median_Return,BB_Width,Volume_MA,MACD_Signal,OBV",ATR_14
ICICIBANK,ICICIBANK.NS,2023-12-27,2023,12,1,Bull,0,0.8156,SELL,0,0,0.8531,SELL,0,10,"ATR_14,MACD_Hist,BB_Upper,BB_Lower,MFI,Rolling_Median_Return,BB_Width,Volume_MA,MACD_Signal,OBV",ATR_14
ICICIBANK,ICICIBANK.NS,2023-12-28,2023,12,1,Bull,0,0.8277,SELL,0,0,0.8453,SELL,0,10,"ATR_14,MACD_Hist,BB_Upper,BB_Lower,MFI,Rolling_Median_Return,BB_Width,Volume_MA,MACD_Signal,OBV",ATR_14
ICICIBANK,ICICIBANK.NS,2023-12-29,2023,12,1,Bull,0,0.8121,SELL,0,0,0.8555,SELL,0,10,"ATR_14,MACD_Hist,BB_Upper,BB_Lower,MFI,Rolling_Median_Return,BB_Width,Volume_MA,MACD_Signal,OBV",ATR_14
ICICIBANK,ICICIBANK.NS,2024-01-01,2024,1,1,Bull,0,0.8272,SELL,0,0,0.8096,SELL,0,10,"ATR_14,MACD_Hist,BB_Upper,BB_Lower,MFI,Rolling_Median_Return,BB_Width,Volume_MA,MACD_Signal,OBV",ATR_14
ICICIBANK,ICICIBANK.NS,2024-01-02,2024,1,1,Bull,0,0.7112,SELL,0,0,0.7337,SELL,0,10,"ATR_14,MACD_Hist,BB_Upper,BB_Lower,MFI,Rolling_Median_Return,BB_Width,Volume_MA,MACD_Signal,OBV",ATR_14
ICICIBANK,ICICIBANK.NS,2024-01-03,2024,1,1,Bull,0,0.7919,SELL,0,0,0.745,SELL,0,10,"ATR_14,MACD_Hist,BB_Upper,BB_Lower,MFI,Rolling_Median_Return,BB_Width,Volume_MA,MACD_Signal,OBV",ATR_14
ICICIBANK,ICICIBANK.NS,2024-01-04,2024,1,1,Bull,0,0.8262,SELL,0,0,0.8273,SELL,0,10,"ATR_14,MACD_Hist,BB_Upper,BB_Lower,MFI,Rolling_Median_Return,BB_Width,Volume_MA,MACD_Signal,OBV",ATR_14
ICICIBANK,ICICIBANK.NS,2024-01-05,2024,1,1,Bull,0,0.8277,SELL,0,0,0.8138,SELL,0,10,"ATR_14,MACD_Hist,BB_Upper,BB_Lower,MFI,Rolling_Median_Return,BB_Width,Volume_MA,MACD_Signal,OBV",ATR_14
ICICIBANK,ICICIBANK.NS,2024-01-08,2024,1,1,Bull,0,0.8182,SELL,0,0,0.813,SELL,0,10,"ATR_14,MACD_Hist,BB_Upper,BB_Lower,MFI,Rolling_Median_Return,BB_Width,Volume_MA,MACD_Signal,OBV",ATR_14
ICICIBANK,ICICIBANK.NS,2024-01-09,2024,1,1,Bull,0,0.7939,SELL,0,0,0.7936,SELL,0,10,"ATR_14,MACD_Hist,BB_Upper,BB_Lower,MFI,Rolling_Median_Return,BB_Width,Volume_MA,MACD_Signal,OBV",ATR_14
ICICIBANK,ICICIBANK.NS,2024-01-10,2024,1,1,Bull,0,0.7939,SELL,0,0,0.8012,SELL,0,10,"ATR_14,MACD_Hist,BB_Upper,BB_Lower,MFI,Rolling_Median_Return,BB_Width,Volume_MA,MACD_Signal,OBV",ATR_14
ICICIBANK,ICICIBANK.NS,2024-01-11,2024,1,1,Bull,0,0.7626,SELL,0,0,0.7611,SELL,0,10,"ATR_14,MACD_Hist,BB_Upper,BB_Lower,MFI,Rolling_Median_Return,BB_Width,Volume_MA,MACD_Signal,OBV",ATR_14
ICICIBANK,ICICIBANK.NS,2024-01-12,2024,1,1,Bull,0,0.852,SELL,0,0,0.8507,SELL,0,10,"ATR_14,MACD_Hist,BB_Upper,BB_Lower,MFI,Rolling_Median_Return,BB_Width,Volume_MA,MACD_Signal,OBV",ATR_14
ICICIBANK,ICICIBANK.NS,2024-01-15,2024,1,1,Bull,0,0.8762,SELL,0,0,0.8505,SELL,0,10,"ATR_14,MACD_Hist,BB_Upper,BB_Lower,MFI,Rolling_Median_Return,BB_Width,Volume_MA,MACD_Signal,OBV",ATR_14
ICICIBANK,ICICIBANK.NS,2024-01-16,2024,1,1,Bull,0,0.9172,SELL,0,0,0.8652,SELL,0,10,"ATR_14,MACD_Hist,BB_Upper,BB_Lower,MFI,Rolling_Median_Return,BB_Width,Volume_MA,MACD_Signal,OBV",ATR_14
ICICIBANK,ICICIBANK.NS,2024-01-17,2024,1,1,Bull,-1,0.5199,NO TRADE,0,1,0.6188,BUY,1,10,"OBV,MACD_Hist,BB_Lower,MACD_Signal,Volume_MA,ATR_14,ADX,MFI,MACD,Rolling_Volatility",OBV
ICICIBANK,ICICIBANK.NS,2024-01-18,2024,1,1,Bull,-1,0.506,NO TRADE,0,-1,0.5039,NO TRADE,0,10,"OBV,MACD_Hist,BB_Lower,MACD_Signal,Volume_MA,ATR_14,ADX,MFI,MACD,Rolling_Volatility",OBV
ICICIBANK,ICICIBANK.NS,2024-01-19,2024,1,1,Bull,-1,0.5254,NO TRADE,0,0,0.6227,SELL,0,10,"OBV,MACD_Hist,BB_Lower,MACD_Signal,Volume_MA,ATR_14,ADX,MFI,MACD,Rolling_Volatility",OBV
ICICIBANK,ICICIBANK.NS,2024-01-23,2024,1,1,Bull,0,0.6969,SELL,0,0,0.7341,SELL,0,10,"OBV,MACD_Hist,BB_Lower,MACD_Signal,Volume_MA,ATR_14,ADX,MFI,MACD,Rolling_Volatility",OBV
ICICIBANK,ICICIBANK.NS,2024-01-24,2024,1,1,Bull,0,0.5856,SELL,0,0,0.63,SELL,0,10,"OBV,MACD_Hist,BB_Lower,MACD_Signal,Volume_MA,ATR_14,ADX,MFI,MACD,Rolling_Volatility",OBV
ICICIBANK,ICICIBANK.NS,2024-01-25,2024,1,1,Bull,0,0.5881,SELL,0,0,0.6746,SELL,0,10,"OBV,MACD_Hist,BB_Lower,MACD_Signal,Volume_MA,ATR_14,ADX,MFI,MACD,Rolling_Volatility",OBV
ICICIBANK,ICICIBANK.NS,2024-01-29,2024,1,1,Bull,0,0.6782,SELL,0,0,0.745,SELL,0,10,"OBV,MACD_Hist,BB_Lower,MACD_Signal,Volume_MA,ATR_14,ADX,MFI,MACD,Rolling_Volatility",OBV
ICICIBANK,ICICIBANK.NS,2024-01-30,2024,1,1,Bull,0,0.6247,SELL,0,0,0.6794,SELL,0,10,"OBV,MACD_Hist,BB_Lower,MACD_Signal,Volume_MA,ATR_14,ADX,MFI,MACD,Rolling_Volatility",OBV
ICICIBANK,ICICIBANK.NS,2024-01-31,2024,1,1,Bull,0,0.6133,SELL,0,0,0.6718,SELL,0,10,"OBV,MACD_Hist,BB_Lower,MACD_Signal,Volume_MA,ATR_14,ADX,MFI,MACD,Rolling_Volatility",OBV
ICICIBANK,ICICIBANK.NS,2024-02-01,2024,2,1,Bull,0,0.6502,SELL,0,0,0.7025,SELL,0,10,"OBV,MACD_Hist,BB_Lower,MACD_Signal,Volume_MA,ATR_14,ADX,MFI,MACD,Rolling_Volatility",OBV
ICICIBANK,ICICIBANK.NS,2024-02-02,2024,2,1,Bull,0,0.599,SELL,0,0,0.7176,SELL,0,10,"OBV,MACD_Hist,BB_Lower,MACD_Signal,Volume_MA,ATR_14,ADX,MFI,MACD,Rolling_Volatility",OBV
ICICIBANK,ICICIBANK.NS,2024-02-05,2024,2,1,Bull,0,0.6744,SELL,0,0,0.7738,SELL,0,10,"OBV,MACD_Hist,BB_Lower,MACD_Signal,Volume_MA,ATR_14,ADX,MFI,MACD,Rolling_Volatility",OBV
ICICIBANK,ICICIBANK.NS,2024-02-06,2024,2,1,Bull,0,0.6811,SELL,0,0,0.7988,SELL,0,10,"OBV,MACD_Hist,BB_Lower,MACD_Signal,Volume_MA,ATR_14,ADX,MFI,MACD,Rolling_Volatility",OBV
ICICIBANK,ICICIBANK.NS,2024-02-07,2024,2,1,Bull,0,0.6482,SELL,0,0,0.7445,SELL,0,10,"OBV,MACD_Hist,BB_Lower,MACD_Signal,Volume_MA,ATR_14,ADX,MFI,MACD,Rolling_Volatility",OBV
ICICIBANK,ICICIBANK.NS,2024-02-08,2024,2,1,Bull,0,0.5525,SELL,0,0,0.6521,SELL,0,10,"OBV,MACD_Hist,BB_Lower,MACD_Signal,Volume_MA,ATR_14,ADX,MFI,MACD,Rolling_Volatility",OBV
ICICIBANK,ICICIBANK.NS,2024-02-09,2024,2,1,Bull,-1,0.547,NO TRADE,0,-1,0.5229,NO TRADE,0,10,"OBV,MACD_Hist,BB_Lower,MACD_Signal,Volume_MA,ATR_14,ADX,MFI,MACD,Rolling_Volatility",OBV
ICICIBANK,ICICIBANK.NS,2024-02-12,2024,2,1,Bull,1,0.7186,BUY,1,-1,0.523,NO TRADE,0,10,"OBV,MACD_Hist,BB_Lower,MACD_Signal,Volume_MA,ATR_14,ADX,MFI,MACD,Rolling_Volatility",OBV
ICICIBANK,ICICIBANK.NS,2024-02-13,2024,2,1,Bull,-1,0.536,NO TRADE,0,1,0.5639,BUY,1,10,"OBV,MACD_Hist,BB_Lower,MACD_Signal,Volume_MA,ATR_14,ADX,MFI,MACD,Rolling_Volatility",OBV
ICICIBANK,ICICIBANK.NS,2024-02-14,2024,2,1,Bull,-1,0.5243,NO TRADE,0,-1,0.5177,NO TRADE,0,10,"OBV,MACD_Hist,BB_Lower,MACD_Signal,Volume_MA,ATR_14,ADX,MFI,MACD,Rolling_Volatility",OBV
ICICIBANK,ICICIBANK.NS,2024-02-15,2024,2,1,Bull,-1,0.5324,NO TRADE,0,-1,0.5416,NO TRADE,0,10,"OBV,MACD_Hist,BB_Lower,MACD_Signal,Volume_MA,ATR_14,ADX,MFI,MACD,Rolling_Volatility",OBV
ICICIBANK,ICICIBANK.NS,2024-02-16,2024,2,1,Bull,0,0.7329,SELL,0,0,0.6744,SELL,0,10,"OBV,MACD_Hist,BB_Lower,MACD_Signal,Volume_MA,ATR_14,ADX,MFI,MACD,Rolling_Volatility",OBV
ICICIBANK,ICICIBANK.NS,2024-02-19,2024,2,1,Sideways,0,0.8168,SELL,0,0,0.7853,SELL,0,10,"OBV,MACD_Hist,BB_Lower,MACD_Signal,Volume_MA,ATR_14,ADX,MFI,MACD,Rolling_Volatility",OBV
ICICIBANK,ICICIBANK.NS,2024-02-20,2024,2,1,Bull,0,0.8748,SELL,0,0,0.8273,SELL,0,10,"OBV,MACD_Hist,BB_Lower,MACD_Signal,Volume_MA,ATR_14,ADX,MFI,MACD,Rolling_Volatility",OBV
ICICIBANK,ICICIBANK.NS,2024-02-21,2024,2,1,Bull,0,0.8844,SELL,0,0,0.901,SELL,0,10,"OBV,MACD_Hist,BB_Lower,MACD_Signal,Volume_MA,ATR_14,ADX,MFI,MACD,Rolling_Volatility",OBV
ICICIBANK,ICICIBANK.NS,2024-02-22,2024,2,1,Bull,0,0.8015,SELL,0,0,0.8852,SELL,0,10,"OBV,MACD_Hist,BB_Lower,MACD_Signal,Volume_MA,ATR_14,ADX,MFI,MACD,Rolling_Volatility",OBV
ICICIBANK,ICICIBANK.NS,2024-02-23,2024,2,1,Bull,0,0.823,SELL,0,0,0.8631,SELL,0,10,"OBV,MACD_Hist,BB_Lower,MACD_Signal,Volume_MA,ATR_14,ADX,MFI,MACD,Rolling_Volatility",OBV
ICICIBANK,ICICIBANK.NS,2024-02-26,2024,2,1,Bull,0,0.8885,SELL,0,0,0.8982,SELL,0,10,"OBV,MACD_Hist,BB_Lower,MACD_Signal,Volume_MA,ATR_14,ADX,MFI,MACD,Rolling_Volatility",OBV
ICICIBANK,ICICIBANK.NS,2024-02-27,2024,2,1,Bull,0,0.8369,SELL,0,0,0.8736,SELL,0,10,"OBV,MACD_Hist,BB_Lower,MACD_Signal,Volume_MA,ATR_14,ADX,MFI,MACD,Rolling_Volatility",OBV
ICICIBANK,ICICIBANK.NS,2024-02-28,2024,2,1,Bull,0,0.834,SELL,0,0,0.8539,SELL,0,10,"OBV,MACD_Hist,BB_Lower,MACD_Signal,Volume_MA,ATR_14,ADX,MFI,MACD,Rolling_Volatility",OBV
ICICIBANK,ICICIBANK.NS,2024-02-29,2024,2,1,Sideways,0,0.852,SELL,0,0,0.9034,SELL,0,10,"OBV,MACD_Hist,BB_Lower,MACD_Signal,Volume_MA,ATR_14,ADX,MFI,MACD,Rolling_Volatility",OBV
ICICIBANK,ICICIBANK.NS,2024-03-01,2024,3,0,Bull,0,0.709,SELL,1,0,0.8528,SELL,1,10,"OBV,MACD_Hist,BB_Lower,MACD_Signal,Volume_MA,ATR_14,ADX,MFI,MACD,Rolling_Volatility",OBV
ICICIBANK,ICICIBANK.NS,2024-03-04,2024,3,0,Bull,0,0.7397,SELL,1,0,0.8405,SELL,1,10,"OBV,MACD_Hist,BB_Lower,MACD_Signal,Volume_MA,ATR_14,ADX,MFI,MACD,Rolling_Volatility",OBV
ICICIBANK,ICICIBANK.NS,2024-03-05,2024,3,0,Bull,0,0.8114,SELL,1,0,0.8796,SELL,1,10,"OBV,MACD_Hist,BB_Lower,MACD_Signal,Volume_MA,ATR_14,ADX,MFI,MACD,Rolling_Volatility",OBV
ICICIBANK,ICICIBANK.NS,2024-03-06,2024,3,0,Bull,0,0.7247,SELL,1,0,0.855,SELL,1,10,"OBV,MACD_Hist,BB_Lower,MACD_Signal,Volume_MA,ATR_14,ADX,MFI,MACD,Rolling_Volatility",OBV
ICICIBANK,ICICIBANK.NS,2024-03-07,2024,3,1,Bull,0,0.8078,SELL,0,0,0.918,SELL,0,10,"OBV,MACD_Hist,BB_Lower,MACD_Signal,Volume_MA,ATR_14,ADX,MFI,MACD,Rolling_Volatility",OBV
ICICIBANK,ICICIBANK.NS,2024-03-11,2024,3,1,Bull,0,0.7989,SELL,0,0,0.9136,SELL,0,10,"OBV,MACD_Hist,BB_Lower,MACD_Signal,Volume_MA,ATR_14,ADX,MFI,MACD,Rolling_Volatility",OBV
ICICIBANK,ICICIBANK.NS,2024-03-12,2024,3,1,Bull,0,0.7767,SELL,0,0,0.9044,SELL,0,10,"OBV,MACD_Hist,BB_Lower,MACD_Signal,Volume_MA,ATR_14,ADX,MFI,MACD,Rolling_Volatility",OBV
ICICIBANK,ICICIBANK.NS,2024-03-13,2024,3,0,Bull,0,0.7945,SELL,1,0,0.9186,SELL,1,10,"OBV,MACD_Hist,BB_Lower,MACD_Signal,Volume_MA,ATR_14,ADX,MFI,MACD,Rolling_Volatility",OBV
ICICIBANK,ICICIBANK.NS,2024-03-14,2024,3,0,Bull,0,0.8193,SELL,1,0,0.9127,SELL,1,10,"OBV,MACD_Hist,BB_Lower,MACD_Signal,Volume_MA,ATR_14,ADX,MFI,MACD,Rolling_Volatility",OBV
ICICIBANK,ICICIBANK.NS,2024-03-15,2024,3,0,Bull,0,0.7663,SELL,1,0,0.8566,SELL,1,10,"OBV,MACD_Hist,BB_Lower,MACD_Signal,Volume_MA,ATR_14,ADX,MFI,MACD,Rolling_Volatility",OBV
ICICIBANK,ICICIBANK.NS,2024-03-18,2024,3,0,Bull,0,0.8673,SELL,1,0,0.8472,SELL,1,10,"OBV,MACD_Hist,BB_Lower,MACD_Signal,Volume_MA,ATR_14,ADX,MFI,MACD,Rolling_Volatility",OBV
ICICIBANK,ICICIBANK.NS,2024-03-19,2024,3,1,Bull,0,0.877,SELL,0,0,0.8939,SELL,0,10,"OBV,MACD_Hist,BB_Lower,MACD_Signal,Volume_MA,ATR_14,ADX,MFI,MACD,Rolling_Volatility",OBV
ICICIBANK,ICICIBANK.NS,2024-03-20,2024,3,1,Bull,0,0.8683,SELL,0,0,0.8658,SELL,0,10,"OBV,MACD_Hist,BB_Lower,MACD_Signal,Volume_MA,ATR_14,ADX,MFI,MACD,Rolling_Volatility",OBV
ICICIBANK,ICICIBANK.NS,2024-03-21,2024,3,1,Bull,0,0.8532,SELL,0,0,0.8814,SELL,0,10,"OBV,MACD_Hist,BB_Lower,MACD_Signal,Volume_MA,ATR_14,ADX,MFI,MACD,Rolling_Volatility",OBV
ICICIBANK,ICICIBANK.NS,2024-03-22,2024,3,1,Bull,0,0.8861,SELL,0,0,0.8819,SELL,0,10,"OBV,MACD_Hist,BB_Lower,MACD_Signal,Volume_MA,ATR_14,ADX,MFI,MACD,Rolling_Volatility",OBV
ICICIBANK,ICICIBANK.NS,2024-03-26,2024,3,1,Bull,0,0.863,SELL,0,0,0.8343,SELL,0,10,"OBV,MACD_Hist,BB_Lower,MACD_Signal,Volume_MA,ATR_14,ADX,MFI,MACD,Rolling_Volatility",OBV
ICICIBANK,ICICIBANK.NS,2024-03-27,2024,3,1,Bull,0,0.8456,SELL,0,0,0.8061,SELL,0,10,"OBV,MACD_Hist,BB_Lower,MACD_Signal,Volume_MA,ATR_14,ADX,MFI,MACD,Rolling_Volatility",OBV
ICICIBANK,ICICIBANK.NS,2024-03-28,2024,3,1,Bull,0,0.8109,SELL,0,0,0.7968,SELL,0,10,"OBV,MACD_Hist,BB_Lower,MACD_Signal,Volume_MA,ATR_14,ADX,MFI,MACD,Rolling_Volatility",OBV
ICICIBANK,ICICIBANK.NS,2024-04-01,2024,4,1,Bull,0,0.8806,SELL,0,0,0.8576,SELL,0,10,"OBV,MACD_Hist,BB_Lower,MACD_Signal,Volume_MA,ATR_14,ADX,MFI,MACD,Rolling_Volatility",OBV
ICICIBANK,ICICIBANK.NS,2024-04-02,2024,4,1,Bull,0,0.6978,SELL,0,0,0.816,SELL,0,10,"OBV,MACD_Hist,BB_Lower,MACD_Signal,Volume_MA,ATR_14,ADX,MFI,MACD,Rolling_Volatility",OBV
ICICIBANK,ICICIBANK.NS,2024-04-03,2024,4,1,Bull,0,0.6399,SELL,0,0,0.807,SELL,0,10,"OBV,MACD_Hist,BB_Lower,MACD_Signal,Volume_MA,ATR_14,ADX,MFI,MACD,Rolling_Volatility",OBV
ICICIBANK,ICICIBANK.NS,2024-04-04,2024,4,1,Bull,0,0.5912,SELL,0,0,0.7226,SELL,0,10,"OBV,MACD_Hist,BB_Lower,MACD_Signal,Volume_MA,ATR_14,ADX,MFI,MACD,Rolling_Volatility",OBV
ICICIBANK,ICICIBANK.NS,2024-04-05,2024,4,1,Bull,0,0.623,SELL,0,0,0.6889,SELL,0,10,"OBV,MACD_Hist,BB_Lower,MACD_Signal,Volume_MA,ATR_14,ADX,MFI,MACD,Rolling_Volatility",OBV
ICICIBANK,ICICIBANK.NS,2024-04-08,2024,4,1,Bull,0,0.7622,SELL,0,0,0.8022,SELL,0,10,"OBV,MACD_Hist,BB_Lower,MACD_Signal,Volume_MA,ATR_14,ADX,MFI,MACD,Rolling_Volatility",OBV
ICICIBANK,ICICIBANK.NS,2024-04-09,2024,4,1,Bull,0,0.8129,SELL,0,0,0.8535,SELL,0,10,"OBV,MACD_Hist,BB_Lower,MACD_Signal,Volume_MA,ATR_14,ADX,MFI,MACD,Rolling_Volatility",OBV
ICICIBANK,ICICIBANK.NS,2024-04-10,2024,4,1,Bull,0,0.8369,SELL,0,0,0.8874,SELL,0,10,"OBV,MACD_Hist,BB_Lower,MACD_Signal,Volume_MA,ATR_14,ADX,MFI,MACD,Rolling_Volatility",OBV
ICICIBANK,ICICIBANK.NS,2024-04-12,2024,4,1,Bull,0,0.9037,SELL,0,0,0.9021,SELL,0,10,"OBV,MACD_Hist,BB_Lower,MACD_Signal,Volume_MA,ATR_14,ADX,MFI,MACD,Rolling_Volatility",OBV
ICICIBANK,ICICIBANK.NS,2024-04-15,2024,4,1,Bull,0,0.6625,SELL,0,0,0.8481,SELL,0,10,"OBV,MACD_Hist,BB_Lower,MACD_Signal,Volume_MA,ATR_14,ADX,MFI,MACD,Rolling_Volatility",OBV
ICICIBANK,ICICIBANK.NS,2024-04-16,2024,4,1,Bull,0,0.6019,SELL,0,0,0.7806,SELL,0,10,"OBV,MACD_Hist,BB_Lower,MACD_Signal,Volume_MA,ATR_14,ADX,MFI,MACD,Rolling_Volatility",OBV
ICICIBANK,ICICIBANK.NS,2024-04-18,2024,4,1,Bull,-1,0.5282,NO TRADE,0,0,0.6474,SELL,0,10,"OBV,MACD_Hist,BB_Lower,MACD_Signal,Volume_MA,ATR_14,ADX,MFI,MACD,Rolling_Volatility",OBV
ICICIBANK,ICICIBANK.NS,2024-04-19,2024,4,1,Bull,1,0.8631,BUY,1,1,0.9302,BUY,1,10,"OBV,BB_Upper,BB_Lower,MACD,ADX,ATR_14,BB_Width,RSI_14,MFI,ROC",OBV
ICICIBANK,ICICIBANK.NS,2024-04-22,2024,4,1,Bull,1,0.8857,BUY,1,1,0.9219,BUY,1,10,"OBV,BB_Upper,BB_Lower,MACD,ADX,ATR_14,BB_Width,RSI_14,MFI,ROC",OBV
ICICIBANK,ICICIBANK.NS,2024-04-23,2024,4,1,Bull,1,0.8814,BUY,1,1,0.9256,BUY,1,10,"OBV,BB_Upper,BB_Lower,MACD,ADX,ATR_14,BB_Width,RSI_14,MFI,ROC",OBV
ICICIBANK,ICICIBANK.NS,2024-04-24,2024,4,1,Bull,1,0.8605,BUY,1,1,0.9046,BUY,1,10,"OBV,BB_Upper,BB_Lower,MACD,ADX,ATR_14,BB_Width,RSI_14,MFI,ROC",OBV
ICICIBANK,ICICIBANK.NS,2024-04-25,2024,4,1,Bull,1,0.779,BUY,1,1,0.8632,BUY,1,10,"OBV,BB_Upper,BB_Lower,MACD,ADX,ATR_14,BB_Width,RSI_14,MFI,ROC",OBV
ICICIBANK,ICICIBANK.NS,2024-04-26,2024,4,1,Bull,1,0.763,BUY,1,1,0.862,BUY,1,10,"OBV,BB_Upper,BB_Lower,MACD,ADX,ATR_14,BB_Width,RSI_14,MFI,ROC",OBV
ICICIBANK,ICICIBANK.NS,2024-04-29,2024,4,0,Bull,1,0.6054,BUY,0,1,0.776,BUY,0,10,"OBV,BB_Upper,BB_Lower,MACD,ADX,ATR_14,BB_Width,RSI_14,MFI,ROC",OBV
ICICIBANK,ICICIBANK.NS,2024-04-30,2024,4,0,Bull,0,0.6214,SELL,1,1,0.7337,BUY,0,10,"OBV,BB_Upper,BB_Lower,MACD,ADX,ATR_14,BB_Width,RSI_14,MFI,ROC",OBV
ICICIBANK,ICICIBANK.NS,2024-05-02,2024,5,0,Bull,-1,0.5052,NO TRADE,0,1,0.7038,BUY,0,10,"OBV,BB_Upper,BB_Lower,MACD,ADX,ATR_14,BB_Width,RSI_14,MFI,ROC",OBV
ICICIBANK,ICICIBANK.NS,2024-05-03,2024,5,1,Bull,-1,0.5092,NO TRADE,0,1,0.6321,BUY,1,10,"OBV,BB_Upper,BB_Lower,MACD,ADX,ATR_14,BB_Width,RSI_14,MFI,ROC",OBV
ICICIBANK,ICICIBANK.NS,2024-05-06,2024,5,0,Bull,-1,0.506,NO TRADE,0,1,0.6175,BUY,0,10,"OBV,BB_Upper,BB_Lower,MACD,ADX,ATR_14,BB_Width,RSI_14,MFI,ROC",OBV
ICICIBANK,ICICIBANK.NS,2024-05-07,2024,5,0,Bull,1,0.5897,BUY,0,1,0.5987,BUY,0,10,"OBV,BB_Upper,BB_Lower,MACD,ADX,ATR_14,BB_Width,RSI_14,MFI,ROC",OBV
ICICIBANK,ICICIBANK.NS,2024-05-08,2024,5,0,Bull,1,0.6429,BUY,0,1,0.7055,BUY,0,10,"OBV,BB_Upper,BB_Lower,MACD,ADX,ATR_14,BB_Width,RSI_14,MFI,ROC",OBV
ICICIBANK,ICICIBANK.NS,2024-05-09,2024,5,1,Bull,1,0.6696,BUY,1,1,0.7979,BUY,1,10,"OBV,BB_Upper,BB_Lower,MACD,ADX,ATR_14,BB_Width,RSI_14,MFI,ROC",OBV
ICICIBANK,ICICIBANK.NS,2024-05-10,2024,5,1,Bull,1,0.7307,BUY,1,1,0.8158,BUY,1,10,"OBV,BB_Upper,BB_Lower,MACD,ADX,ATR_14,BB_Width,RSI_14,MFI,ROC",OBV
ICICIBANK,ICICIBANK.NS,2024-05-13,2024,5,0,Bull,1,0.7096,BUY,0,1,0.8234,BUY,0,10,"OBV,BB_Upper,BB_Lower,MACD,ADX,ATR_14,BB_Width,RSI_14,MFI,ROC",OBV
ICICIBANK,ICICIBANK.NS,2024-05-14,2024,5,0,Bull,1,0.829,BUY,0,1,0.9161,BUY,0,10,"OBV,BB_Upper,BB_Lower,MACD,ADX,ATR_14,BB_Width,RSI_14,MFI,ROC",OBV
ICICIBANK,ICICIBANK.NS,2024-05-15,2024,5,0,Bull,1,0.8636,BUY,0,1,0.9219,BUY,0,10,"OBV,BB_Upper,BB_Lower,MACD,ADX,ATR_14,BB_Width,RSI_14,MFI,ROC",OBV
ICICIBANK,ICICIBANK.NS,2024-05-16,2024,5,0,Bull,1,0.8046,BUY,0,1,0.926,BUY,0,10,"OBV,BB_Upper,BB_Lower,MACD,ADX,ATR_14,BB_Width,RSI_14,MFI,ROC",OBV
ICICIBANK,ICICIBANK.NS,2024-05-17,2024,5,0,Bull,1,0.7913,BUY,0,1,0.9084,BUY,0,10,"OBV,BB_Upper,BB_Lower,MACD,ADX,ATR_14,BB_Width,RSI_14,MFI,ROC",OBV
ICICIBANK,ICICIBANK.NS,2024-05-21,2024,5,1,Bull,1,0.8692,BUY,1,1,0.944,BUY,1,10,"OBV,BB_Upper,BB_Lower,MACD,ADX,ATR_14,BB_Width,RSI_14,MFI,ROC",OBV
ICICIBANK,ICICIBANK.NS,2024-05-22,2024,5,1,Bull,1,0.893,BUY,1,1,0.949,BUY,1,10,"OBV,BB_Upper,BB_Lower,MACD,ADX,ATR_14,BB_Width,RSI_14,MFI,ROC",OBV
ICICIBANK,ICICIBANK.NS,2024-05-23,2024,5,1,Sideways,1,0.8213,BUY,1,1,0.8902,BUY,1,10,"OBV,BB_Upper,BB_Lower,MACD,ADX,ATR_14,BB_Width,RSI_14,MFI,ROC",OBV
ICICIBANK,ICICIBANK.NS,2024-05-24,2024,5,1,Bull,1,0.8255,BUY,1,1,0.8705,BUY,1,10,"OBV,BB_Upper,BB_Lower,MACD,ADX,ATR_14,BB_Width,RSI_14,MFI,ROC",OBV
ICICIBANK,ICICIBANK.NS,2024-05-27,2024,5,1,Bull,1,0.8489,BUY,1,1,0.8867,BUY,1,10,"OBV,BB_Upper,BB_Lower,MACD,ADX,ATR_14,BB_Width,RSI_14,MFI,ROC",OBV
ICICIBANK,ICICIBANK.NS,2024-05-28,2024,5,1,Bull,1,0.8491,BUY,1,1,0.891,BUY,1,10,"OBV,BB_Upper,BB_Lower,MACD,ADX,ATR_14,BB_Width,RSI_14,MFI,ROC",OBV
ICICIBANK,ICICIBANK.NS,2024-05-29,2024,5,1,Bull,1,0.8952,BUY,1,1,0.9236,BUY,1,10,"OBV,BB_Upper,BB_Lower,MACD,ADX,ATR_14,BB_Width,RSI_14,MFI,ROC",OBV
ICICIBANK,ICICIBANK.NS,2024-05-30,2024,5,1,Bull,1,0.8696,BUY,1,1,0.926,BUY,1,10,"OBV,BB_Upper,BB_Lower,MACD,ADX,ATR_14,BB_Width,RSI_14,MFI,ROC",OBV
ICICIBANK,ICICIBANK.NS,2024-05-31,2024,5,1,Bull,1,0.8636,BUY,1,1,0.9218,BUY,1,10,"OBV,BB_Upper,BB_Lower,MACD,ADX,ATR_14,BB_Width,RSI_14,MFI,ROC",OBV
ICICIBANK,ICICIBANK.NS,2024-06-03,2024,6,1,Bull,1,0.8213,BUY,1,1,0.8425,BUY,1,10,"OBV,BB_Upper,BB_Lower,MACD,ADX,ATR_14,BB_Width,RSI_14,MFI,ROC",OBV
ICICIBANK,ICICIBANK.NS,2024-06-04,2024,6,1,Bull,1,0.8421,BUY,1,1,0.9406,BUY,1,10,"OBV,BB_Upper,BB_Lower,MACD,ADX,ATR_14,BB_Width,RSI_14,MFI,ROC",OBV
ICICIBANK,ICICIBANK.NS,2024-06-05,2024,6,1,Sideways,1,0.7878,BUY,1,1,0.9202,BUY,1,10,"OBV,BB_Upper,BB_Lower,MACD,ADX,ATR_14,BB_Width,RSI_14,MFI,ROC",OBV
ICICIBANK,ICICIBANK.NS,2024-06-06,2024,6,1,Bull,1,0.8244,BUY,1,1,0.9422,BUY,1,10,"OBV,BB_Upper,BB_Lower,MACD,ADX,ATR_14,BB_Width,RSI_14,MFI,ROC",OBV
ICICIBANK,ICICIBANK.NS,2024-06-07,2024,6,1,Bull,1,0.7946,BUY,1,1,0.9194,BUY,1,10,"OBV,BB_Upper,BB_Lower,MACD,ADX,ATR_14,BB_Width,RSI_14,MFI,ROC",OBV
ICICIBANK,ICICIBANK.NS,2024-06-10,2024,6,1,Bull,1,0.7978,BUY,1,1,0.9143,BUY,1,10,"OBV,BB_Upper,BB_Lower,MACD,ADX,ATR_14,BB_Width,RSI_14,MFI,ROC",OBV
ICICIBANK,ICICIBANK.NS,2024-06-11,2024,6,1,Bull,1,0.8194,BUY,1,1,0.923,BUY,1,10,"OBV,BB_Upper,BB_Lower,MACD,ADX,ATR_14,BB_Width,RSI_14,MFI,ROC",OBV
ICICIBANK,ICICIBANK.NS,2024-06-12,2024,6,1,Bull,1,0.8227,BUY,1,1,0.9161,BUY,1,10,"OBV,BB_Upper,BB_Lower,MACD,ADX,ATR_14,BB_Width,RSI_14,MFI,ROC",OBV
ICICIBANK,ICICIBANK.NS,2024-06-13,2024,6,1,Bull,1,0.8251,BUY,1,1,0.9091,BUY,1,10,"OBV,BB_Upper,BB_Lower,MACD,ADX,ATR_14,BB_Width,RSI_14,MFI,ROC",OBV
ICICIBANK,ICICIBANK.NS,2024-06-14,2024,6,1,Sideways,1,0.8167,BUY,1,1,0.9303,BUY,1,10,"OBV,BB_Upper,BB_Lower,MACD,ADX,ATR_14,BB_Width,RSI_14,MFI,ROC",OBV
ICICIBANK,ICICIBANK.NS,2024-06-18,2024,6,1,Sideways,1,0.8436,BUY,1,1,0.9344,BUY,1,10,"OBV,BB_Upper,BB_Lower,MACD,ADX,ATR_14,BB_Width,RSI_14,MFI,ROC",OBV
ICICIBANK,ICICIBANK.NS,2024-06-19,2024,6,1,Bull,1,0.9335,BUY,1,1,0.9044,BUY,1,10,"OBV,BB_Upper,BB_Lower,MACD,ADX,ATR_14,BB_Width,RSI_14,MFI,ROC",OBV
ICICIBANK,ICICIBANK.NS,2024-06-20,2024,6,1,Bull,1,0.8926,BUY,1,1,0.8769,BUY,1,10,"OBV,BB_Upper,BB_Lower,MACD,ADX,ATR_14,BB_Width,RSI_14,MFI,ROC",OBV
ICICIBANK,ICICIBANK.NS,2024-06-21,2024,6,1,Bull,1,0.8942,BUY,1,1,0.8632,BUY,1,10,"OBV,BB_Upper,BB_Lower,MACD,ADX,ATR_14,BB_Width,RSI_14,MFI,ROC",OBV
ICICIBANK,ICICIBANK.NS,2024-06-24,2024,6,1,Bull,1,0.838,BUY,1,1,0.8697,BUY,1,10,"OBV,BB_Upper,BB_Lower,MACD,ADX,ATR_14,BB_Width,RSI_14,MFI,ROC",OBV
ICICIBANK,ICICIBANK.NS,2024-06-25,2024,6,1,Bull,1,0.7648,BUY,1,1,0.7991,BUY,1,10,"OBV,BB_Upper,BB_Lower,MACD,ADX,ATR_14,BB_Width,RSI_14,MFI,ROC",OBV
ICICIBANK,ICICIBANK.NS,2024-06-26,2024,6,0,Bull,1,0.7081,BUY,0,1,0.6002,BUY,0,10,"OBV,BB_Upper,BB_Lower,MACD,ADX,ATR_14,BB_Width,RSI_14,MFI,ROC",OBV
ICICIBANK,ICICIBANK.NS,2024-06-27,2024,6,0,Bull,1,0.6667,BUY,0,-1,0.5365,NO TRADE,0,10,"OBV,BB_Upper,BB_Lower,MACD,ADX,ATR_14,BB_Width,RSI_14,MFI,ROC",OBV
ICICIBANK,ICICIBANK.NS,2024-06-28,2024,6,1,Bull,1,0.7297,BUY,1,1,0.5544,BUY,1,10,"OBV,BB_Upper,BB_Lower,MACD,ADX,ATR_14,BB_Width,RSI_14,MFI,ROC",OBV
ICICIBANK,ICICIBANK.NS,2024-07-01,2024,7,0,Bull,1,0.5988,BUY,0,-1,0.5016,NO TRADE,0,10,"OBV,BB_Upper,BB_Lower,MACD,ADX,ATR_14,BB_Width,RSI_14,MFI,ROC",OBV
ICICIBANK,ICICIBANK.NS,2024-07-02,2024,7,1,Bull,1,0.7258,BUY,1,-1,0.5002,NO TRADE,0,10,"OBV,BB_Upper,BB_Lower,MACD,ADX,ATR_14,BB_Width,RSI_14,MFI,ROC",OBV
ICICIBANK,ICICIBANK.NS,2024-07-03,2024,7,1,Bull,1,0.8653,BUY,1,-1,0.5112,NO TRADE,0,10,"OBV,BB_Upper,BB_Lower,MACD,ADX,ATR_14,BB_Width,RSI_14,MFI,ROC",OBV
ICICIBANK,ICICIBANK.NS,2024-07-04,2024,7,0,Bull,1,0.7532,BUY,0,0,0.5552,SELL,1,10,"OBV,BB_Upper,BB_Lower,MACD,ADX,ATR_14,BB_Width,RSI_14,MFI,ROC",OBV
ICICIBANK,ICICIBANK.NS,2024-07-05,2024,7,0,Bull,1,0.7238,BUY,0,0,0.5565,SELL,1,10,"OBV,BB_Upper,BB_Lower,MACD,ADX,ATR_14,BB_Width,RSI_14,MFI,ROC",OBV
ICICIBANK,ICICIBANK.NS,2024-07-08,2024,7,0,Bull,1,0.6894,BUY,0,0,0.5556,SELL,1,10,"OBV,BB_Upper,BB_Lower,MACD,ADX,ATR_14,BB_Width,RSI_14,MFI,ROC",OBV
ICICIBANK,ICICIBANK.NS,2024-07-09,2024,7,0,Bull,1,0.6941,BUY,0,0,0.6037,SELL,1,10,"OBV,BB_Upper,BB_Lower,MACD,ADX,ATR_14,BB_Width,RSI_14,MFI,ROC",OBV
ICICIBANK,ICICIBANK.NS,2024-07-10,2024,7,0,Bull,1,0.8038,BUY,0,0,0.5961,SELL,1,10,"OBV,BB_Upper,BB_Lower,MACD,ADX,ATR_14,BB_Width,RSI_14,MFI,ROC",OBV
ICICIBANK,ICICIBANK.NS,2024-07-11,2024,7,0,Bull,1,0.7856,BUY,0,0,0.559,SELL,1,10,"OBV,BB_Upper,BB_Lower,MACD,ADX,ATR_14,BB_Width,RSI_14,MFI,ROC",OBV
ICICIBANK,ICICIBANK.NS,2024-07-12,2024,7,0,Bull,1,0.6885,BUY,0,0,0.5916,SELL,1,10,"OBV,BB_Upper,BB_Lower,MACD,ADX,ATR_14,BB_Width,RSI_14,MFI,ROC",OBV
ICICIBANK,ICICIBANK.NS,2024-07-15,2024,7,0,Bull,1,0.7034,BUY,0,0,0.6025,SELL,1,10,"OBV,BB_Upper,BB_Lower,MACD,ADX,ATR_14,BB_Width,RSI_14,MFI,ROC",OBV
ICICIBANK,ICICIBANK.NS,2024-07-16,2024,7,0,Bull,1,0.6474,BUY,0,0,0.5701,SELL,1,10,"OBV,BB_Upper,BB_Lower,MACD,ADX,ATR_14,BB_Width,RSI_14,MFI,ROC",OBV
ICICIBANK,ICICIBANK.NS,2024-07-18,2024,7,0,Bull,0,0.7924,SELL,1,0,0.8023,SELL,1,10,"BB_Lower,RSI_14,BB_Width,MACD,Return_10d,ADX,MACD_Hist,MFI,BB_Upper,ATR_14",BB_Lower
ICICIBANK,ICICIBANK.NS,2024-07-19,2024,7,0,Bull,0,0.8524,SELL,1,0,0.7294,SELL,1,10,"BB_Lower,RSI_14,BB_Width,MACD,Return_10d,ADX,MACD_Hist,MFI,BB_Upper,ATR_14",BB_Lower
ICICIBANK,ICICIBANK.NS,2024-07-22,2024,7,0,Bull,0,0.7773,SELL,1,0,0.6545,SELL,1,10,"BB_Lower,RSI_14,BB_Width,MACD,Return_10d,ADX,MACD_Hist,MFI,BB_Upper,ATR_14",BB_Lower
ICICIBANK,ICICIBANK.NS,2024-07-23,2024,7,0,Bull,0,0.6387,SELL,1,0,0.6196,SELL,1,10,"BB_Lower,RSI_14,BB_Width,MACD,Return_10d,ADX,MACD_Hist,MFI,BB_Upper,ATR_14",BB_Lower
ICICIBANK,ICICIBANK.NS,2024-07-24,2024,7,0,Bull,-1,0.5355,NO TRADE,0,1,0.5764,BUY,0,10,"BB_Lower,RSI_14,BB_Width,MACD,Return_10d,ADX,MACD_Hist,MFI,BB_Upper,ATR_14",BB_Lower
ICICIBANK,ICICIBANK.NS,2024-07-25,2024,7,1,Bull,1,0.6479,BUY,1,1,0.6813,BUY,1,10,"BB_Lower,RSI_14,BB_Width,MACD,Return_10d,ADX,MACD_Hist,MFI,BB_Upper,ATR_14",BB_Lower
ICICIBANK,ICICIBANK.NS,2024-07-26,2024,7,1,Bull,1,0.6699,BUY,1,1,0.7722,BUY,1,10,"BB_Lower,RSI_14,BB_Width,MACD,Return_10d,ADX,MACD_Hist,MFI,BB_Upper,ATR_14",BB_Lower
ICICIBANK,ICICIBANK.NS,2024-07-29,2024,7,1,Bull,1,0.692,BUY,1,1,0.7884,BUY,1,10,"BB_Lower,RSI_14,BB_Width,MACD,Return_10d,ADX,MACD_Hist,MFI,BB_Upper,ATR_14",BB_Lower
ICICIBANK,ICICIBANK.NS,2024-07-30,2024,7,1,Bull,1,0.7061,BUY,1,1,0.8138,BUY,1,10,"BB_Lower,RSI_14,BB_Width,MACD,Return_10d,ADX,MACD_Hist,MFI,BB_Upper,ATR_14",BB_Lower
ICICIBANK,ICICIBANK.NS,2024-07-31,2024,7,1,Bull,1,0.7779,BUY,1,1,0.8757,BUY,1,10,"BB_Lower,RSI_14,BB_Width,MACD,Return_10d,ADX,MACD_Hist,MFI,BB_Upper,ATR_14",BB_Lower
ICICIBANK,ICICIBANK.NS,2024-08-01,2024,8,1,Bull,1,0.8339,BUY,1,1,0.924,BUY,1,10,"BB_Lower,RSI_14,BB_Width,MACD,Return_10d,ADX,MACD_Hist,MFI,BB_Upper,ATR_14",BB_Lower
ICICIBANK,ICICIBANK.NS,2024-08-02,2024,8,1,Bull,1,0.8638,BUY,1,1,0.9225,BUY,1,10,"BB_Lower,RSI_14,BB_Width,MACD,Return_10d,ADX,MACD_Hist,MFI,BB_Upper,ATR_14",BB_Lower
ICICIBANK,ICICIBANK.NS,2024-08-05,2024,8,1,Bull,1,0.7795,BUY,1,1,0.8812,BUY,1,10,"BB_Lower,RSI_14,BB_Width,MACD,Return_10d,ADX,MACD_Hist,MFI,BB_Upper,ATR_14",BB_Lower
ICICIBANK,ICICIBANK.NS,2024-08-06,2024,8,1,Bull,1,0.7712,BUY,1,1,0.8514,BUY,1,10,"BB_Lower,RSI_14,BB_Width,MACD,Return_10d,ADX,MACD_Hist,MFI,BB_Upper,ATR_14",BB_Lower
ICICIBANK,ICICIBANK.NS,2024-08-07,2024,8,1,Bull,1,0.813,BUY,1,1,0.8615,BUY,1,10,"BB_Lower,RSI_14,BB_Width,MACD,Return_10d,ADX,MACD_Hist,MFI,BB_Upper,ATR_14",BB_Lower
ICICIBANK,ICICIBANK.NS,2024-08-08,2024,8,1,Bull,1,0.7906,BUY,1,1,0.8704,BUY,1,10,"BB_Lower,RSI_14,BB_Width,MACD,Return_10d,ADX,MACD_Hist,MFI,BB_Upper,ATR_14",BB_Lower
ICICIBANK,ICICIBANK.NS,2024-08-09,2024,8,1,Bull,1,0.7529,BUY,1,1,0.8249,BUY,1,10,"BB_Lower,RSI_14,BB_Width,MACD,Return_10d,ADX,MACD_Hist,MFI,BB_Upper,ATR_14",BB_Lower
ICICIBANK,ICICIBANK.NS,2024-08-12,2024,8,1,Bull,1,0.7246,BUY,1,1,0.8023,BUY,1,10,"BB_Lower,RSI_14,BB_Width,MACD,Return_10d,ADX,MACD_Hist,MFI,BB_Upper,ATR_14",BB_Lower
ICICIBANK,ICICIBANK.NS,2024-08-13,2024,8,1,Bull,1,0.7308,BUY,1,1,0.8144,BUY,1,10,"BB_Lower,RSI_14,BB_Width,MACD,Return_10d,ADX,MACD_Hist,MFI,BB_Upper,ATR_14",BB_Lower
ICICIBANK,ICICIBANK.NS,2024-08-14,2024,8,1,Bull,1,0.7184,BUY,1,1,0.8186,BUY,1,10,"BB_Lower,RSI_14,BB_Width,MACD,Return_10d,ADX,MACD_Hist,MFI,BB_Upper,ATR_14",BB_Lower
ICICIBANK,ICICIBANK.NS,2024-08-16,2024,8,1,Sideways,1,0.7676,BUY,1,1,0.8361,BUY,1,10,"BB_Lower,RSI_14,BB_Width,MACD,Return_10d,ADX,MACD_Hist,MFI,BB_Upper,ATR_14",BB_Lower
ICICIBANK,ICICIBANK.NS,2024-08-19,2024,8,1,Bull,1,0.7811,BUY,1,1,0.848,BUY,1,10,"BB_Lower,RSI_14,BB_Width,MACD,Return_10d,ADX,MACD_Hist,MFI,BB_Upper,ATR_14",BB_Lower
ICICIBANK,ICICIBANK.NS,2024-08-20,2024,8,1,Bull,1,0.8085,BUY,1,1,0.9019,BUY,1,10,"BB_Lower,RSI_14,BB_Width,MACD,Return_10d,ADX,MACD_Hist,MFI,BB_Upper,ATR_14",BB_Lower
ICICIBANK,ICICIBANK.NS,2024-08-21,2024,8,1,Bull,1,0.8716,BUY,1,1,0.9187,BUY,1,10,"BB_Lower,RSI_14,BB_Width,MACD,Return_10d,ADX,MACD_Hist,MFI,BB_Upper,ATR_14",BB_Lower
ICICIBANK,ICICIBANK.NS,2024-08-22,2024,8,1,Bull,1,0.8821,BUY,1,1,0.9461,BUY,1,10,"BB_Lower,RSI_14,BB_Width,MACD,Return_10d,ADX,MACD_Hist,MFI,BB_Upper,ATR_14",BB_Lower
ICICIBANK,ICICIBANK.NS,2024-08-23,2024,8,1,Bull,1,0.8158,BUY,1,1,0.9249,BUY,1,10,"BB_Lower,RSI_14,BB_Width,MACD,Return_10d,ADX,MACD_Hist,MFI,BB_Upper,ATR_14",BB_Lower
ICICIBANK,ICICIBANK.NS,2024-08-26,2024,8,1,Bull,1,0.7888,BUY,1,1,0.8907,BUY,1,10,"BB_Lower,RSI_14,BB_Width,MACD,Return_10d,ADX,MACD_Hist,MFI,BB_Upper,ATR_14",BB_Lower
ICICIBANK,ICICIBANK.NS,2024-08-27,2024,8,1,Bull,1,0.583,BUY,1,1,0.8285,BUY,1,10,"BB_Lower,RSI_14,BB_Width,MACD,Return_10d,ADX,MACD_Hist,MFI,BB_Upper,ATR_14",BB_Lower
ICICIBANK,ICICIBANK.NS,2024-08-28,2024,8,1,Bull,-1,0.5374,NO TRADE,0,1,0.7672,BUY,1,10,"BB_Lower,RSI_14,BB_Width,MACD,Return_10d,ADX,MACD_Hist,MFI,BB_Upper,ATR_14",BB_Lower
ICICIBANK,ICICIBANK.NS,2024-08-29,2024,8,1,Bull,-1,0.5299,NO TRADE,0,1,0.7303,BUY,1,10,"BB_Lower,RSI_14,BB_Width,MACD,Return_10d,ADX,MACD_Hist,MFI,BB_Upper,ATR_14",BB_Lower
ICICIBANK,ICICIBANK.NS,2024-08-30,2024,8,1,Bull,0,0.5994,SELL,0,1,0.6932,BUY,1,10,"BB_Lower,RSI_14,BB_Width,MACD,Return_10d,ADX,MACD_Hist,MFI,BB_Upper,ATR_14",BB_Lower
ICICIBANK,ICICIBANK.NS,2024-09-02,2024,9,1,Bull,0,0.6689,SELL,0,1,0.6637,BUY,1,10,"BB_Lower,RSI_14,BB_Width,MACD,Return_10d,ADX,MACD_Hist,MFI,BB_Upper,ATR_14",BB_Lower
ICICIBANK,ICICIBANK.NS,2024-09-03,2024,9,1,Bull,0,0.8275,SELL,0,0,0.6831,SELL,0,10,"BB_Lower,RSI_14,BB_Width,MACD,Return_10d,ADX,MACD_Hist,MFI,BB_Upper,ATR_14",BB_Lower
ICICIBANK,ICICIBANK.NS,2024-09-04,2024,9,1,Bull,0,0.6107,SELL,0,1,0.6001,BUY,1,10,"BB_Lower,RSI_14,BB_Width,MACD,Return_10d,ADX,MACD_Hist,MFI,BB_Upper,ATR_14",BB_Lower
ICICIBANK,ICICIBANK.NS,2024-09-05,2024,9,1,Bull,0,0.5644,SELL,0,1,0.622,BUY,1,10,"BB_Lower,RSI_14,BB_Width,MACD,Return_10d,ADX,MACD_Hist,MFI,BB_Upper,ATR_14",BB_Lower
ICICIBANK,ICICIBANK.NS,2024-09-06,2024,9,1,Bull,1,0.642,BUY,1,1,0.7469,BUY,1,10,"BB_Lower,RSI_14,BB_Width,MACD,Return_10d,ADX,MACD_Hist,MFI,BB_Upper,ATR_14",BB_Lower
ICICIBANK,ICICIBANK.NS,2024-09-09,2024,9,1,Sideways,1,0.6245,BUY,1,1,0.6607,BUY,1,10,"BB_Lower,RSI_14,BB_Width,MACD,Return_10d,ADX,MACD_Hist,MFI,BB_Upper,ATR_14",BB_Lower
ICICIBANK,ICICIBANK.NS,2024-09-10,2024,9,1,Sideways,1,0.5902,BUY,1,1,0.5938,BUY,1,10,"BB_Lower,RSI_14,BB_Width,MACD,Return_10d,ADX,MACD_Hist,MFI,BB_Upper,ATR_14",BB_Lower
ICICIBANK,ICICIBANK.NS,2024-09-11,2024,9,1,Bull,-1,0.5151,NO TRADE,0,1,0.5822,BUY,1,10,"BB_Lower,RSI_14,BB_Width,MACD,Return_10d,ADX,MACD_Hist,MFI,BB_Upper,ATR_14",BB_Lower
ICICIBANK,ICICIBANK.NS,2024-09-12,2024,9,0,Bull,-1,0.5068,NO TRADE,0,-1,0.5208,NO TRADE,0,10,"BB_Lower,RSI_14,BB_Width,MACD,Return_10d,ADX,MACD_Hist,MFI,BB_Upper,ATR_14",BB_Lower
ICICIBANK,ICICIBANK.NS,2024-09-13,2024,9,0,Bull,-1,0.5448,NO TRADE,0,-1,0.5301,NO TRADE,0,10,"BB_Lower,RSI_14,BB_Width,MACD,Return_10d,ADX,MACD_Hist,MFI,BB_Upper,ATR_14",BB_Lower
ICICIBANK,ICICIBANK.NS,2024-09-16,2024,9,0,Bull,0,0.6574,SELL,1,0,0.6364,SELL,1,10,"BB_Lower,RSI_14,BB_Width,MACD,Return_10d,ADX,MACD_Hist,MFI,BB_Upper,ATR_14",BB_Lower
ICICIBANK,ICICIBANK.NS,2024-09-17,2024,9,0,Bull,0,0.6889,SELL,1,0,0.7909,SELL,1,10,"BB_Lower,RSI_14,BB_Width,MACD,Return_10d,ADX,MACD_Hist,MFI,BB_Upper,ATR_14",BB_Lower
ICICIBANK,ICICIBANK.NS,2024-09-18,2024,9,0,Bull,0,0.6272,SELL,1,0,0.772,SELL,1,10,"BB_Lower,RSI_14,BB_Width,MACD,Return_10d,ADX,MACD_Hist,MFI,BB_Upper,ATR_14",BB_Lower
ICICIBANK,ICICIBANK.NS,2024-09-19,2024,9,0,Bull,0,0.7202,SELL,1,0,0.7898,SELL,1,10,"BB_Lower,RSI_14,BB_Width,MACD,Return_10d,ADX,MACD_Hist,MFI,BB_Upper,ATR_14",BB_Lower
ICICIBANK,ICICIBANK.NS,2024-09-20,2024,9,0,Bull,0,0.8977,SELL,1,0,0.7664,SELL,1,10,"BB_Lower,RSI_14,BB_Width,MACD,Return_10d,ADX,MACD_Hist,MFI,BB_Upper,ATR_14",BB_Lower
ICICIBANK,ICICIBANK.NS,2024-09-23,2024,9,0,Bull,0,0.8958,SELL,1,0,0.8336,SELL,1,10,"BB_Lower,RSI_14,BB_Width,MACD,Return_10d,ADX,MACD_Hist,MFI,BB_Upper,ATR_14",BB_Lower
ICICIBANK,ICICIBANK.NS,2024-09-24,2024,9,0,Bull,0,0.8826,SELL,1,0,0.8126,SELL,1,10,"BB_Lower,RSI_14,BB_Width,MACD,Return_10d,ADX,MACD_Hist,MFI,BB_Upper,ATR_14",BB_Lower
ICICIBANK,ICICIBANK.NS,2024-09-25,2024,9,0,Bull,0,0.8676,SELL,1,0,0.8035,SELL,1,10,"BB_Lower,RSI_14,BB_Width,MACD,Return_10d,ADX,MACD_Hist,MFI,BB_Upper,ATR_14",BB_Lower
ICICIBANK,ICICIBANK.NS,2024-09-26,2024,9,0,Bull,0,0.7989,SELL,1,0,0.7945,SELL,1,10,"BB_Lower,RSI_14,BB_Width,MACD,Return_10d,ADX,MACD_Hist,MFI,BB_Upper,ATR_14",BB_Lower
ICICIBANK,ICICIBANK.NS,2024-09-27,2024,9,0,Bull,0,0.5582,SELL,1,0,0.6598,SELL,1,10,"BB_Lower,RSI_14,BB_Width,MACD,Return_10d,ADX,MACD_Hist,MFI,BB_Upper,ATR_14",BB_Lower
ICICIBANK,ICICIBANK.NS,2024-09-30,2024,9,1,Bull,0,0.5572,SELL,0,0,0.5752,SELL,0,10,"BB_Lower,RSI_14,BB_Width,MACD,Return_10d,ADX,MACD_Hist,MFI,BB_Upper,ATR_14",BB_Lower
ICICIBANK,ICICIBANK.NS,2024-10-01,2024,10,1,Bull,0,0.5875,SELL,0,0,0.5922,SELL,0,10,"BB_Lower,RSI_14,BB_Width,MACD,Return_10d,ADX,MACD_Hist,MFI,BB_Upper,ATR_14",BB_Lower
ICICIBANK,ICICIBANK.NS,2024-10-03,2024,10,1,Bull,-1,0.5226,NO TRADE,0,0,0.5605,SELL,0,10,"BB_Lower,RSI_14,BB_Width,MACD,Return_10d,ADX,MACD_Hist,MFI,BB_Upper,ATR_14",BB_Lower
ICICIBANK,ICICIBANK.NS,2024-10-04,2024,10,1,Bull,-1,0.512,NO TRADE,0,-1,0.543,NO TRADE,0,10,"BB_Lower,RSI_14,BB_Width,MACD,Return_10d,ADX,MACD_Hist,MFI,BB_Upper,ATR_14",BB_Lower
ICICIBANK,ICICIBANK.NS,2024-10-07,2024,10,1,Bull,1,0.6024,BUY,1,1,0.6603,BUY,1,10,"BB_Lower,RSI_14,BB_Width,MACD,Return_10d,ADX,MACD_Hist,MFI,BB_Upper,ATR_14",BB_Lower
ICICIBANK,ICICIBANK.NS,2024-10-08,2024,10,1,Bull,1,0.7074,BUY,1,1,0.6691,BUY,1,10,"BB_Lower,RSI_14,BB_Width,MACD,Return_10d,ADX,MACD_Hist,MFI,BB_Upper,ATR_14",BB_Lower
ICICIBANK,ICICIBANK.NS,2024-10-09,2024,10,1,Bull,1,0.7231,BUY,1,1,0.6995,BUY,1,10,"BB_Lower,RSI_14,BB_Width,MACD,Return_10d,ADX,MACD_Hist,MFI,BB_Upper,ATR_14",BB_Lower
ICICIBANK,ICICIBANK.NS,2024-10-10,2024,10,1,Bull,1,0.743,BUY,1,1,0.7441,BUY,1,10,"BB_Lower,RSI_14,BB_Width,MACD,Return_10d,ADX,MACD_Hist,MFI,BB_Upper,ATR_14",BB_Lower
ICICIBANK,ICICIBANK.NS,2024-10-11,2024,10,1,Bull,1,0.7443,BUY,1,1,0.7728,BUY,1,10,"BB_Lower,RSI_14,BB_Width,MACD,Return_10d,ADX,MACD_Hist,MFI,BB_Upper,ATR_14",BB_Lower
ICICIBANK,ICICIBANK.NS,2024-10-14,2024,10,1,Sideways,1,0.9343,BUY,1,1,0.934,BUY,1,10,"MACD,BB_Width,BB_Upper,RSI_14,Rolling_Volatility,ATR_14,MACD_Hist,Williams_R,Return_10d,OBV",MACD
ICICIBANK,ICICIBANK.NS,2024-10-15,2024,10,1,Bull,1,0.9118,BUY,1,1,0.9325,BUY,1,10,"MACD,BB_Width,BB_Upper,RSI_14,Rolling_Volatility,ATR_14,MACD_Hist,Williams_R,Return_10d,OBV",MACD
ICICIBANK,ICICIBANK.NS,2024-10-16,2024,10,1,Bull,1,0.9122,BUY,1,1,0.9385,BUY,1,10,"MACD,BB_Width,BB_Upper,RSI_14,Rolling_Volatility,ATR_14,MACD_Hist,Williams_R,Return_10d,OBV",MACD
ICICIBANK,ICICIBANK.NS,2024-10-17,2024,10,1,Bull,1,0.8936,BUY,1,1,0.9208,BUY,1,10,"MACD,BB_Width,BB_Upper,RSI_14,Rolling_Volatility,ATR_14,MACD_Hist,Williams_R,Return_10d,OBV",MACD
ICICIBANK,ICICIBANK.NS,2024-10-18,2024,10,0,Bull,1,0.8773,BUY,0,1,0.9018,BUY,0,10,"MACD,BB_Width,BB_Upper,RSI_14,Rolling_Volatility,ATR_14,MACD_Hist,Williams_R,Return_10d,OBV",MACD
ICICIBANK,ICICIBANK.NS,2024-10-21,2024,10,0,Bull,1,0.9358,BUY,0,1,0.9106,BUY,0,10,"MACD,BB_Width,BB_Upper,RSI_14,Rolling_Volatility,ATR_14,MACD_Hist,Williams_R,Return_10d,OBV",MACD
ICICIBANK,ICICIBANK.NS,2024-10-22,2024,10,0,Bull,1,0.9309,BUY,0,1,0.9159,BUY,0,10,"MACD,BB_Width,BB_Upper,RSI_14,Rolling_Volatility,ATR_14,MACD_Hist,Williams_R,Return_10d,OBV",MACD
ICICIBANK,ICICIBANK.NS,2024-10-23,2024,10,1,Bull,1,0.9454,BUY,1,1,0.9284,BUY,1,10,"MACD,BB_Width,BB_Upper,RSI_14,Rolling_Volatility,ATR_14,MACD_Hist,Williams_R,Return_10d,OBV",MACD
ICICIBANK,ICICIBANK.NS,2024-10-24,2024,10,1,Bull,1,0.949,BUY,1,1,0.9056,BUY,1,10,"MACD,BB_Width,BB_Upper,RSI_14,Rolling_Volatility,ATR_14,MACD_Hist,Williams_R,Return_10d,OBV",MACD
ICICIBANK,ICICIBANK.NS,2024-10-25,2024,10,1,Bull,1,0.9244,BUY,1,1,0.9295,BUY,1,10,"MACD,BB_Width,BB_Upper,RSI_14,Rolling_Volatility,ATR_14,MACD_Hist,Williams_R,Return_10d,OBV",MACD
ICICIBANK,ICICIBANK.NS,2024-10-28,2024,10,1,Bull,1,0.8876,BUY,1,1,0.8954,BUY,1,10,"MACD,BB_Width,BB_Upper,RSI_14,Rolling_Volatility,ATR_14,MACD_Hist,Williams_R,Return_10d,OBV",MACD
ICICIBANK,ICICIBANK.NS,2024-10-29,2024,10,0,Bull,0,0.6318,SELL,1,1,0.6066,BUY,0,10,"MACD,BB_Width,BB_Upper,RSI_14,Rolling_Volatility,ATR_14,MACD_Hist,Williams_R,Return_10d,OBV",MACD
ICICIBANK,ICICIBANK.NS,2024-10-30,2024,10,0,Bull,-1,0.5003,NO TRADE,0,1,0.7886,BUY,0,10,"MACD,BB_Width,BB_Upper,RSI_14,Rolling_Volatility,ATR_14,MACD_Hist,Williams_R,Return_10d,OBV",MACD
ICICIBANK,ICICIBANK.NS,2024-10-31,2024,10,1,Bull,1,0.7036,BUY,1,1,0.8214,BUY,1,10,"MACD,BB_Width,BB_Upper,RSI_14,Rolling_Volatility,ATR_14,MACD_Hist,Williams_R,Return_10d,OBV",MACD
ICICIBANK,ICICIBANK.NS,2024-11-01,2024,11,1,Bull,1,0.7751,BUY,1,1,0.8287,BUY,1,10,"MACD,BB_Width,BB_Upper,RSI_14,Rolling_Volatility,ATR_14,MACD_Hist,Williams_R,Return_10d,OBV",MACD
ICICIBANK,ICICIBANK.NS,2024-11-04,2024,11,1,Bull,1,0.9017,BUY,1,1,0.8976,BUY,1,10,"MACD,BB_Width,BB_Upper,RSI_14,Rolling_Volatility,ATR_14,MACD_Hist,Williams_R,Return_10d,OBV",MACD
ICICIBANK,ICICIBANK.NS,2024-11-05,2024,11,1,Bull,1,0.8208,BUY,1,1,0.7968,BUY,1,10,"MACD,BB_Width,BB_Upper,RSI_14,Rolling_Volatility,ATR_14,MACD_Hist,Williams_R,Return_10d,OBV",MACD
ICICIBANK,ICICIBANK.NS,2024-11-06,2024,11,1,Bull,1,0.8276,BUY,1,1,0.788,BUY,1,10,"MACD,BB_Width,BB_Upper,RSI_14,Rolling_Volatility,ATR_14,MACD_Hist,Williams_R,Return_10d,OBV",MACD
ICICIBANK,ICICIBANK.NS,2024-11-07,2024,11,1,Bull,1,0.8575,BUY,1,1,0.8906,BUY,1,10,"MACD,BB_Width,BB_Upper,RSI_14,Rolling_Volatility,ATR_14,MACD_Hist,Williams_R,Return_10d,OBV",MACD
ICICIBANK,ICICIBANK.NS,2024-11-08,2024,11,1,Bull,1,0.9015,BUY,1,1,0.9324,BUY,1,10,"MACD,BB_Width,BB_Upper,RSI_14,Rolling_Volatility,ATR_14,MACD_Hist,Williams_R,Return_10d,OBV",MACD
ICICIBANK,ICICIBANK.NS,2024-11-11,2024,11,1,Bull,1,0.9256,BUY,1,1,0.9276,BUY,1,10,"MACD,BB_Width,BB_Upper,RSI_14,Rolling_Volatility,ATR_14,MACD_Hist,Williams_R,Return_10d,OBV",MACD
ICICIBANK,ICICIBANK.NS,2024-11-12,2024,11,1,Bull,1,0.9438,BUY,1,1,0.9365,BUY,1,10,"MACD,BB_Width,BB_Upper,RSI_14,Rolling_Volatility,ATR_14,MACD_Hist,Williams_R,Return_10d,OBV",MACD
ICICIBANK,ICICIBANK.NS,2024-11-13,2024,11,1,Bull,1,0.9435,BUY,1,1,0.94,BUY,1,10,"MACD,BB_Width,BB_Upper,RSI_14,Rolling_Volatility,ATR_14,MACD_Hist,Williams_R,Return_10d,OBV",MACD
ICICIBANK,ICICIBANK.NS,2024-11-14,2024,11,1,Sideways,1,0.9377,BUY,1,1,0.947,BUY,1,10,"MACD,BB_Width,BB_Upper,RSI_14,Rolling_Volatility,ATR_14,MACD_Hist,Williams_R,Return_10d,OBV",MACD
ICICIBANK,ICICIBANK.NS,2024-11-18,2024,11,1,Sideways,1,0.9377,BUY,1,1,0.9388,BUY,1,10,"MACD,BB_Width,BB_Upper,RSI_14,Rolling_Volatility,ATR_14,MACD_Hist,Williams_R,Return_10d,OBV",MACD
ICICIBANK,ICICIBANK.NS,2024-11-19,2024,11,1,Sideways,1,0.958,BUY,1,1,0.9316,BUY,1,10,"MACD,BB_Width,BB_Upper,RSI_14,Rolling_Volatility,ATR_14,MACD_Hist,Williams_R,Return_10d,OBV",MACD
ICICIBANK,ICICIBANK.NS,2024-11-21,2024,11,1,Bull,1,0.9538,BUY,1,1,0.9309,BUY,1,10,"MACD,BB_Width,BB_Upper,RSI_14,Rolling_Volatility,ATR_14,MACD_Hist,Williams_R,Return_10d,OBV",MACD
ICICIBANK,ICICIBANK.NS,2024-11-22,2024,11,1,Sideways,1,0.9461,BUY,1,1,0.916,BUY,1,10,"MACD,BB_Width,BB_Upper,RSI_14,Rolling_Volatility,ATR_14,MACD_Hist,Williams_R,Return_10d,OBV",MACD
ICICIBANK,ICICIBANK.NS,2024-11-25,2024,11,0,Bull,1,0.885,BUY,0,1,0.8668,BUY,0,10,"MACD,BB_Width,BB_Upper,RSI_14,Rolling_Volatility,ATR_14,MACD_Hist,Williams_R,Return_10d,OBV",MACD
ICICIBANK,ICICIBANK.NS,2024-11-26,2024,11,0,Bull,1,0.8516,BUY,0,1,0.8511,BUY,0,10,"MACD,BB_Width,BB_Upper,RSI_14,Rolling_Volatility,ATR_14,MACD_Hist,Williams_R,Return_10d,OBV",MACD
ICICIBANK,ICICIBANK.NS,2024-11-27,2024,11,0,Bull,1,0.8292,BUY,0,1,0.8716,BUY,0,10,"MACD,BB_Width,BB_Upper,RSI_14,Rolling_Volatility,ATR_14,MACD_Hist,Williams_R,Return_10d,OBV",MACD
ICICIBANK,ICICIBANK.NS,2024-11-28,2024,11,1,Bull,1,0.9259,BUY,1,1,0.9349,BUY,1,10,"MACD,BB_Width,BB_Upper,RSI_14,Rolling_Volatility,ATR_14,MACD_Hist,Williams_R,Return_10d,OBV",MACD
ICICIBANK,ICICIBANK.NS,2024-11-29,2024,11,0,Sideways,1,0.8945,BUY,0,1,0.889,BUY,0,10,"MACD,BB_Width,BB_Upper,RSI_14,Rolling_Volatility,ATR_14,MACD_Hist,Williams_R,Return_10d,OBV",MACD
ICICIBANK,ICICIBANK.NS,2024-12-02,2024,12,0,Bull,1,0.915,BUY,0,1,0.8782,BUY,0,10,"MACD,BB_Width,BB_Upper,RSI_14,Rolling_Volatility,ATR_14,MACD_Hist,Williams_R,Return_10d,OBV",MACD
