stock,predict_date,year,actual_target,market_regime,static_pred,static_confidence,static_signal,static_correct,dynamic_pred,dynamic_confidence,dynamic_signal,dynamic_correct,n_dynamic_features,dynamic_features,top_mi_feature
INFY,2022-01-03,2022,0,Sideways,1,0.668,BUY,0,1,0.6146,BUY,0,10,"MACD,SMA_10,EMA_26,ATR_14,Open_Close_Pct,ADX,MACD_Hist,EMA_12,OBV,Volume_MA",MACD
INFY,2022-01-04,2022,0,Sideways,1,0.6668,BUY,0,1,0.6141,BUY,0,10,"MACD,ATR_14,MACD_Hist,Open_Close_Pct,CCI,ADX,SMA_10,Volume_MA,BB_Upper,Rolling_Mean_Return",MACD
INFY,2022-01-05,2022,0,Sideways,1,0.6655,BUY,0,0,0.6088,SELL,1,10,"MACD,ATR_14,MACD_Hist,Open_Close_Pct,CCI,ADX,SMA_10,Volume_MA,BB_Upper,Rolling_Mean_Return",MACD
INFY,2022-01-06,2022,0,Sideways,1,0.6642,BUY,0,1,0.9965,BUY,0,10,"MACD,ATR_14,MACD_Hist,Open_Close_Pct,CCI,ADX,SMA_10,Volume_MA,BB_Upper,Rolling_Mean_Return",MACD
INFY,2022-01-07,2022,0,Sideways,1,0.663,BUY,0,1,0.9688,BUY,0,10,"MACD,ATR_14,MACD_Hist,Open_Close_Pct,CCI,ADX,SMA_10,Volume_MA,BB_Upper,Rolling_Mean_Return",MACD
INFY,2022-01-10,2022,0,Sideways,1,0.6617,BUY,0,1,0.6146,BUY,0,10,"MACD,ATR_14,MACD_Hist,Open_Close_Pct,CCI,ADX,SMA_10,Volume_MA,BB_Upper,Rolling_Mean_Return",MACD
INFY,2022-01-11,2022,0,Sideways,1,0.6605,BUY,0,1,0.7512,BUY,0,10,"MACD,ATR_14,MACD_Hist,Open_Close_Pct,CCI,ADX,SMA_10,Volume_MA,BB_Upper,Rolling_Mean_Return",MACD
INFY,2022-01-12,2022,0,Sideways,1,0.6592,BUY,0,0,0.5235,NO TRADE,1,10,"MACD,ATR_14,MACD_Hist,Open_Close_Pct,CCI,ADX,SMA_10,Volume_MA,BB_Upper,Rolling_Mean_Return",MACD
INFY,2022-01-13,2022,0,Sideways,1,0.658,BUY,0,0,0.6454,SELL,1,10,"MACD,ATR_14,MACD_Hist,Open_Close_Pct,CCI,ADX,SMA_10,Volume_MA,BB_Upper,Rolling_Mean_Return",MACD
INFY,2022-01-14,2022,0,Sideways,1,0.6567,BUY,0,0,0.945,SELL,1,10,"MACD,ATR_14,MACD_Hist,Open_Close_Pct,CCI,ADX,SMA_10,Volume_MA,BB_Upper,Rolling_Mean_Return",MACD
INFY,2022-01-17,2022,0,Sideways,1,0.6555,BUY,0,0,0.9319,SELL,1,10,"MACD,ATR_14,MACD_Hist,Open_Close_Pct,CCI,ADX,SMA_10,Volume_MA,BB_Upper,Rolling_Mean_Return",MACD
INFY,2022-01-18,2022,0,Sideways,1,0.6543,BUY,0,0,0.8273,SELL,1,10,"MACD,ATR_14,MACD_Hist,Open_Close_Pct,CCI,ADX,SMA_10,Volume_MA,BB_Upper,Rolling_Mean_Return",MACD
INFY,2022-01-19,2022,0,Sideways,1,0.653,BUY,0,0,0.7966,SELL,1,10,"MACD,ATR_14,MACD_Hist,Open_Close_Pct,CCI,ADX,SMA_10,Volume_MA,BB_Upper,Rolling_Mean_Return",MACD
INFY,2022-01-20,2022,0,Sideways,1,0.6518,BUY,0,0,0.6347,SELL,1,10,"MACD,ATR_14,MACD_Hist,Open_Close_Pct,CCI,ADX,SMA_10,Volume_MA,BB_Upper,Rolling_Mean_Return",MACD
INFY,2022-01-21,2022,0,Sideways,1,0.6506,BUY,0,1,0.7799,BUY,0,10,"MACD,ATR_14,MACD_Hist,Open_Close_Pct,CCI,ADX,SMA_10,Volume_MA,BB_Upper,Rolling_Mean_Return",MACD
INFY,2022-01-24,2022,0,Sideways,1,0.6494,BUY,0,1,0.969,BUY,0,10,"MACD,ATR_14,MACD_Hist,Open_Close_Pct,CCI,ADX,SMA_10,Volume_MA,BB_Upper,Rolling_Mean_Return",MACD
INFY,2022-01-25,2022,1,Sideways,1,0.6482,BUY,1,1,0.7562,BUY,1,10,"MACD,ATR_14,MACD_Hist,Open_Close_Pct,CCI,ADX,SMA_10,Volume_MA,BB_Upper,Rolling_Mean_Return",MACD
INFY,2022-01-27,2022,0,Sideways,1,0.6488,BUY,0,1,0.9945,BUY,0,10,"MACD,ATR_14,MACD_Hist,Open_Close_Pct,CCI,ADX,SMA_10,Volume_MA,BB_Upper,Rolling_Mean_Return",MACD
INFY,2022-01-28,2022,1,Sideways,1,0.6476,BUY,1,1,0.9275,BUY,1,10,"MACD,ATR_14,MACD_Hist,Open_Close_Pct,CCI,ADX,SMA_10,Volume_MA,BB_Upper,Rolling_Mean_Return",MACD
INFY,2022-01-31,2022,0,Sideways,1,0.6483,BUY,0,1,0.989,BUY,0,10,"MACD,ATR_14,MACD_Hist,Open_Close_Pct,CCI,ADX,SMA_10,Volume_MA,BB_Upper,Rolling_Mean_Return",MACD
INFY,2022-02-01,2022,0,Sideways,1,0.6471,BUY,0,1,0.9711,BUY,0,10,"MACD,ATR_14,MACD_Hist,Open_Close_Pct,CCI,ADX,SMA_10,Volume_MA,BB_Upper,Rolling_Mean_Return",MACD
INFY,2022-02-02,2022,0,Sideways,1,0.6459,BUY,0,1,0.9459,BUY,0,10,"MACD,ATR_14,MACD_Hist,Open_Close_Pct,CCI,ADX,SMA_10,Volume_MA,BB_Upper,Rolling_Mean_Return",MACD
INFY,2022-02-03,2022,0,Sideways,1,0.6447,BUY,0,1,0.9478,BUY,0,10,"MACD,ATR_14,MACD_Hist,Open_Close_Pct,CCI,ADX,SMA_10,Volume_MA,BB_Upper,Rolling_Mean_Return",MACD
INFY,2022-02-04,2022,0,Sideways,1,0.6435,BUY,0,1,0.9032,BUY,0,10,"MACD,ATR_14,MACD_Hist,Open_Close_Pct,CCI,ADX,SMA_10,Volume_MA,BB_Upper,Rolling_Mean_Return",MACD
INFY,2022-02-07,2022,1,Sideways,1,0.6424,BUY,1,1,0.8932,BUY,1,10,"MACD,ATR_14,MACD_Hist,Open_Close_Pct,CCI,ADX,SMA_10,Volume_MA,BB_Upper,Rolling_Mean_Return",MACD
INFY,2022-02-08,2022,1,Sideways,1,0.643,BUY,1,1,0.8361,BUY,1,10,"MACD,ATR_14,MACD_Hist,Open_Close_Pct,CCI,ADX,SMA_10,Volume_MA,BB_Upper,Rolling_Mean_Return",MACD
INFY,2022-02-09,2022,1,Sideways,1,0.6437,BUY,1,1,0.7556,BUY,1,10,"MACD,ATR_14,MACD_Hist,Open_Close_Pct,CCI,ADX,SMA_10,Volume_MA,BB_Upper,Rolling_Mean_Return",MACD
INFY,2022-02-10,2022,1,Sideways,1,0.6443,BUY,1,0,0.5668,SELL,0,10,"MACD,ATR_14,MACD_Hist,Open_Close_Pct,CCI,ADX,SMA_10,Volume_MA,BB_Upper,Rolling_Mean_Return",MACD
INFY,2022-02-11,2022,1,Sideways,1,0.645,BUY,1,1,0.7564,BUY,1,10,"MACD,ATR_14,MACD_Hist,Open_Close_Pct,CCI,ADX,SMA_10,Volume_MA,BB_Upper,Rolling_Mean_Return",MACD
INFY,2022-02-14,2022,1,Sideways,1,0.6456,BUY,1,1,0.8917,BUY,1,10,"MACD,ATR_14,MACD_Hist,Open_Close_Pct,CCI,ADX,SMA_10,Volume_MA,BB_Upper,Rolling_Mean_Return",MACD
INFY,2022-02-15,2022,1,Sideways,1,0.6463,BUY,1,1,0.8512,BUY,1,10,"MACD,ATR_14,MACD_Hist,Open_Close_Pct,CCI,ADX,SMA_10,Volume_MA,BB_Upper,Rolling_Mean_Return",MACD
INFY,2022-02-16,2022,1,Sideways,1,0.6469,BUY,1,1,0.9946,BUY,1,10,"MACD,ATR_14,CCI,Rolling_Std_10,EMA_26,OBV,EMA_12,Rolling_Volatility,SMA_20,SMA_50",MACD
INFY,2022-02-17,2022,1,Sideways,1,0.7421,BUY,1,1,0.9923,BUY,1,10,"MACD,ATR_14,CCI,Rolling_Std_10,EMA_26,OBV,EMA_12,Rolling_Volatility,SMA_20,SMA_50",MACD
INFY,2022-02-18,2022,1,Sideways,1,0.6475,BUY,1,1,0.9916,BUY,1,10,"MACD,ATR_14,CCI,Rolling_Std_10,EMA_26,OBV,EMA_12,Rolling_Volatility,SMA_20,SMA_50",MACD
INFY,2022-02-21,2022,1,Sideways,1,0.7438,BUY,1,1,0.9888,BUY,1,10,"MACD,ATR_14,CCI,Rolling_Std_10,EMA_26,OBV,EMA_12,Rolling_Volatility,SMA_20,SMA_50",MACD
INFY,2022-02-22,2022,1,Sideways,1,0.7455,BUY,1,1,0.9821,BUY,1,10,"MACD,ATR_14,CCI,Rolling_Std_10,EMA_26,OBV,EMA_12,Rolling_Volatility,SMA_20,SMA_50",MACD
INFY,2022-02-23,2022,1,Sideways,1,0.7471,BUY,1,1,0.9774,BUY,1,10,"MACD,ATR_14,CCI,Rolling_Std_10,EMA_26,OBV,EMA_12,Rolling_Volatility,SMA_20,SMA_50",MACD
INFY,2022-02-24,2022,1,Sideways,1,0.7488,BUY,1,1,0.9833,BUY,1,10,"MACD,ATR_14,CCI,Rolling_Std_10,EMA_26,OBV,EMA_12,Rolling_Volatility,SMA_20,SMA_50",MACD
INFY,2022-02-25,2022,1,Sideways,1,0.7504,BUY,1,1,0.9832,BUY,1,10,"MACD,ATR_14,CCI,Rolling_Std_10,EMA_26,OBV,EMA_12,Rolling_Volatility,SMA_20,SMA_50",MACD
INFY,2022-02-28,2022,1,Sideways,1,0.752,BUY,1,1,0.9796,BUY,1,10,"MACD,ATR_14,CCI,Rolling_Std_10,EMA_26,OBV,EMA_12,Rolling_Volatility,SMA_20,SMA_50",MACD
INFY,2022-03-02,2022,1,Sideways,1,0.7536,BUY,1,1,0.9764,BUY,1,10,"MACD,ATR_14,CCI,Rolling_Std_10,EMA_26,OBV,EMA_12,Rolling_Volatility,SMA_20,SMA_50",MACD
INFY,2022-03-03,2022,1,Sideways,1,0.7552,BUY,1,1,0.9675,BUY,1,10,"MACD,ATR_14,CCI,Rolling_Std_10,EMA_26,OBV,EMA_12,Rolling_Volatility,SMA_20,SMA_50",MACD
INFY,2022-03-04,2022,1,Sideways,1,0.7567,BUY,1,1,0.9589,BUY,1,10,"MACD,ATR_14,CCI,Rolling_Std_10,EMA_26,OBV,EMA_12,Rolling_Volatility,SMA_20,SMA_50",MACD
INFY,2022-03-07,2022,1,Sideways,1,0.7582,BUY,1,1,0.9451,BUY,1,10,"MACD,ATR_14,CCI,Rolling_Std_10,EMA_26,OBV,EMA_12,Rolling_Volatility,SMA_20,SMA_50",MACD
INFY,2022-03-08,2022,1,Sideways,1,0.7597,BUY,1,1,0.9385,BUY,1,10,"MACD,ATR_14,CCI,Rolling_Std_10,EMA_26,OBV,EMA_12,Rolling_Volatility,SMA_20,SMA_50",MACD
INFY,2022-03-09,2022,0,Sideways,1,0.6482,BUY,0,1,0.9315,BUY,0,10,"MACD,ATR_14,CCI,Rolling_Std_10,EMA_26,OBV,EMA_12,Rolling_Volatility,SMA_20,SMA_50",MACD
INFY,2022-03-10,2022,0,Sideways,1,0.647,BUY,0,1,0.9048,BUY,0,10,"MACD,ATR_14,CCI,Rolling_Std_10,EMA_26,OBV,EMA_12,Rolling_Volatility,SMA_20,SMA_50",MACD
INFY,2022-03-11,2022,0,Sideways,1,0.6458,BUY,0,1,0.8824,BUY,0,10,"MACD,ATR_14,CCI,Rolling_Std_10,EMA_26,OBV,EMA_12,Rolling_Volatility,SMA_20,SMA_50",MACD
INFY,2022-03-14,2022,0,Sideways,1,0.6447,BUY,0,1,0.8279,BUY,0,10,"MACD,ATR_14,CCI,Rolling_Std_10,EMA_26,OBV,EMA_12,Rolling_Volatility,SMA_20,SMA_50",MACD
INFY,2022-03-15,2022,0,Sideways,1,0.6435,BUY,0,1,0.8007,BUY,0,10,"MACD,ATR_14,CCI,Rolling_Std_10,EMA_26,OBV,EMA_12,Rolling_Volatility,SMA_20,SMA_50",MACD
INFY,2022-03-16,2022,0,Sideways,1,0.6424,BUY,0,1,0.7609,BUY,0,10,"MACD,ATR_14,CCI,Rolling_Std_10,EMA_26,OBV,EMA_12,Rolling_Volatility,SMA_20,SMA_50",MACD
INFY,2022-03-17,2022,0,Sideways,1,0.6412,BUY,0,1,0.7379,BUY,0,10,"MACD,ATR_14,CCI,Rolling_Std_10,EMA_26,OBV,EMA_12,Rolling_Volatility,SMA_20,SMA_50",MACD
INFY,2022-03-21,2022,0,Sideways,1,0.6401,BUY,0,1,0.7123,BUY,0,10,"MACD,ATR_14,CCI,Rolling_Std_10,EMA_26,OBV,EMA_12,Rolling_Volatility,SMA_20,SMA_50",MACD
INFY,2022-03-22,2022,0,Sideways,1,0.639,BUY,0,1,0.6881,BUY,0,10,"MACD,ATR_14,CCI,Rolling_Std_10,EMA_26,OBV,EMA_12,Rolling_Volatility,SMA_20,SMA_50",MACD
INFY,2022-03-23,2022,0,Sideways,1,0.6378,BUY,0,1,0.6666,BUY,0,10,"MACD,ATR_14,CCI,Rolling_Std_10,EMA_26,OBV,EMA_12,Rolling_Volatility,SMA_20,SMA_50",MACD
INFY,2022-03-24,2022,0,Sideways,1,0.6367,BUY,0,1,0.6424,BUY,0,10,"MACD,ATR_14,CCI,Rolling_Std_10,EMA_26,OBV,EMA_12,Rolling_Volatility,SMA_20,SMA_50",MACD
INFY,2022-03-25,2022,0,Sideways,1,0.6356,BUY,0,1,0.6267,BUY,0,10,"MACD,ATR_14,CCI,Rolling_Std_10,EMA_26,OBV,EMA_12,Rolling_Volatility,SMA_20,SMA_50",MACD
INFY,2022-03-28,2022,0,Sideways,1,0.6345,BUY,0,1,0.5988,BUY,0,10,"MACD,ATR_14,CCI,Rolling_Std_10,EMA_26,OBV,EMA_12,Rolling_Volatility,SMA_20,SMA_50",MACD
INFY,2022-03-29,2022,0,Sideways,1,0.7612,BUY,0,1,0.5437,NO TRADE,0,10,"MACD,ATR_14,CCI,Rolling_Std_10,EMA_26,OBV,EMA_12,Rolling_Volatility,SMA_20,SMA_50",MACD
INFY,2022-03-30,2022,0,Sideways,1,0.7566,BUY,0,1,0.5026,NO TRADE,0,10,"MACD,ATR_14,CCI,Rolling_Std_10,EMA_26,OBV,EMA_12,Rolling_Volatility,SMA_20,SMA_50",MACD
INFY,2022-03-31,2022,0,Sideways,1,0.7519,BUY,0,0,0.5362,NO TRADE,1,10,"MACD,ATR_14,CCI,Rolling_Std_10,EMA_26,OBV,EMA_12,Rolling_Volatility,SMA_20,SMA_50",MACD
INFY,2022-04-01,2022,0,Sideways,1,1.0,BUY,0,0,0.7048,SELL,1,10,"EMA_12,SMA_50,MACD,ATR_14,OBV,CCI,SMA_10,Return_5d,MACD_Hist,RSI_14",EMA_12
INFY,2022-04-04,2022,0,Sideways,0,1.0,SELL,1,0,0.6797,SELL,1,10,"EMA_12,SMA_50,MACD,ATR_14,OBV,CCI,SMA_10,Return_5d,MACD_Hist,RSI_14",EMA_12
INFY,2022-04-05,2022,0,Sideways,0,1.0,SELL,1,0,0.6705,SELL,1,10,"EMA_12,SMA_50,MACD,ATR_14,OBV,CCI,SMA_10,Return_5d,MACD_Hist,RSI_14",EMA_12
INFY,2022-04-06,2022,0,Sideways,1,0.7474,BUY,0,1,0.5263,NO TRADE,0,10,"EMA_12,SMA_50,MACD,ATR_14,OBV,CCI,SMA_10,Return_5d,MACD_Hist,RSI_14",EMA_12
INFY,2022-04-07,2022,0,Sideways,1,0.7428,BUY,0,1,0.6795,BUY,0,10,"EMA_12,SMA_50,MACD,ATR_14,OBV,CCI,SMA_10,Return_5d,MACD_Hist,RSI_14",EMA_12
INFY,2022-04-08,2022,0,Sideways,1,0.6333,BUY,0,1,0.7195,BUY,0,10,"EMA_12,SMA_50,MACD,ATR_14,OBV,CCI,SMA_10,Return_5d,MACD_Hist,RSI_14",EMA_12
INFY,2022-04-11,2022,0,Sideways,1,0.6322,BUY,0,1,0.8075,BUY,0,10,"EMA_12,SMA_50,MACD,ATR_14,OBV,CCI,SMA_10,Return_5d,MACD_Hist,RSI_14",EMA_12
INFY,2022-04-12,2022,0,Sideways,1,0.6311,BUY,0,1,0.846,BUY,0,10,"EMA_12,SMA_50,MACD,ATR_14,OBV,CCI,SMA_10,Return_5d,MACD_Hist,RSI_14",EMA_12
INFY,2022-04-13,2022,0,Sideways,1,0.63,BUY,0,1,0.8416,BUY,0,10,"EMA_12,SMA_50,MACD,ATR_14,OBV,CCI,SMA_10,Return_5d,MACD_Hist,RSI_14",EMA_12
INFY,2022-04-18,2022,0,Sideways,1,0.6289,BUY,0,1,0.9563,BUY,0,10,"EMA_12,SMA_50,MACD,ATR_14,OBV,CCI,SMA_10,Return_5d,MACD_Hist,RSI_14",EMA_12
INFY,2022-04-19,2022,0,Sideways,1,0.6278,BUY,0,1,0.9872,BUY,0,10,"EMA_12,SMA_50,MACD,ATR_14,OBV,CCI,SMA_10,Return_5d,MACD_Hist,RSI_14",EMA_12
INFY,2022-04-20,2022,0,Sideways,1,0.6267,BUY,0,1,0.9804,BUY,0,10,"EMA_12,SMA_50,MACD,ATR_14,OBV,CCI,SMA_10,Return_5d,MACD_Hist,RSI_14",EMA_12
INFY,2022-04-21,2022,0,Sideways,1,0.6256,BUY,0,1,0.9792,BUY,0,10,"EMA_12,SMA_50,MACD,ATR_14,OBV,CCI,SMA_10,Return_5d,MACD_Hist,RSI_14",EMA_12
INFY,2022-04-22,2022,0,Sideways,1,0.6245,BUY,0,1,0.9789,BUY,0,10,"EMA_12,SMA_50,MACD,ATR_14,OBV,CCI,SMA_10,Return_5d,MACD_Hist,RSI_14",EMA_12
INFY,2022-04-25,2022,0,Sideways,1,0.6235,BUY,0,1,0.9598,BUY,0,10,"EMA_12,SMA_50,MACD,ATR_14,OBV,CCI,SMA_10,Return_5d,MACD_Hist,RSI_14",EMA_12
INFY,2022-04-26,2022,0,Sideways,1,0.6224,BUY,0,1,0.9397,BUY,0,10,"EMA_12,SMA_50,MACD,ATR_14,OBV,CCI,SMA_10,Return_5d,MACD_Hist,RSI_14",EMA_12
INFY,2022-04-27,2022,0,Sideways,1,0.6213,BUY,0,1,0.8942,BUY,0,10,"EMA_12,SMA_50,MACD,ATR_14,OBV,CCI,SMA_10,Return_5d,MACD_Hist,RSI_14",EMA_12
INFY,2022-04-28,2022,0,Sideways,1,0.6202,BUY,0,1,0.8466,BUY,0,10,"EMA_12,SMA_50,MACD,ATR_14,OBV,CCI,SMA_10,Return_5d,MACD_Hist,RSI_14",EMA_12
INFY,2022-04-29,2022,0,Sideways,1,0.6192,BUY,0,1,0.7114,BUY,0,10,"EMA_12,SMA_50,MACD,ATR_14,OBV,CCI,SMA_10,Return_5d,MACD_Hist,RSI_14",EMA_12
INFY,2022-05-02,2022,0,Sideways,1,0.6181,BUY,0,1,0.5367,NO TRADE,0,10,"EMA_12,SMA_50,MACD,ATR_14,OBV,CCI,SMA_10,Return_5d,MACD_Hist,RSI_14",EMA_12
INFY,2022-05-04,2022,0,Sideways,1,0.6171,BUY,0,0,0.6046,SELL,1,10,"EMA_12,SMA_50,MACD,ATR_14,OBV,CCI,SMA_10,Return_5d,MACD_Hist,RSI_14",EMA_12
INFY,2022-05-05,2022,0,Sideways,1,0.616,BUY,0,0,0.628,SELL,1,10,"EMA_12,SMA_50,MACD,ATR_14,OBV,CCI,SMA_10,Return_5d,MACD_Hist,RSI_14",EMA_12
INFY,2022-05-06,2022,0,Sideways,1,0.6149,BUY,0,0,0.7494,SELL,1,10,"EMA_12,SMA_50,MACD,ATR_14,OBV,CCI,SMA_10,Return_5d,MACD_Hist,RSI_14",EMA_12
INFY,2022-05-09,2022,0,Sideways,1,0.7384,BUY,0,0,0.7835,SELL,1,10,"EMA_12,SMA_50,MACD,ATR_14,OBV,CCI,SMA_10,Return_5d,MACD_Hist,RSI_14",EMA_12
INFY,2022-05-10,2022,0,Sideways,1,0.734,BUY,0,0,0.8305,SELL,1,10,"EMA_12,SMA_50,MACD,ATR_14,OBV,CCI,SMA_10,Return_5d,MACD_Hist,RSI_14",EMA_12
INFY,2022-05-11,2022,0,Sideways,1,0.6139,BUY,0,0,0.8652,SELL,1,10,"EMA_12,SMA_50,MACD,ATR_14,OBV,CCI,SMA_10,Return_5d,MACD_Hist,RSI_14",EMA_12
INFY,2022-05-12,2022,1,Sideways,1,0.6129,BUY,1,0,0.8743,SELL,0,10,"EMA_12,SMA_50,MACD,ATR_14,OBV,CCI,SMA_10,Return_5d,MACD_Hist,RSI_14",EMA_12
INFY,2022-05-13,2022,0,Sideways,1,0.6135,BUY,0,0,0.848,SELL,1,10,"EMA_12,SMA_50,MACD,ATR_14,OBV,CCI,SMA_10,Return_5d,MACD_Hist,RSI_14",EMA_12
INFY,2022-05-16,2022,0,Sideways,1,0.6125,BUY,0,0,0.8591,SELL,1,10,"EMA_12,SMA_50,MACD,ATR_14,OBV,CCI,SMA_10,Return_5d,MACD_Hist,RSI_14",EMA_12
INFY,2022-05-17,2022,0,Sideways,1,0.6114,BUY,0,0,0.8426,SELL,1,10,"EMA_12,SMA_50,MACD,ATR_14,OBV,CCI,SMA_10,Return_5d,MACD_Hist,RSI_14",EMA_12
INFY,2022-05-18,2022,0,Sideways,1,0.6104,BUY,0,1,0.8205,BUY,0,10,"OBV,EMA_12,ADX,Stochastic,SMA_50,Volume_MA,MACD,BB_Upper,MACD_Signal,Rolling_Volatility",OBV
INFY,2022-05-19,2022,0,Sideways,1,0.6094,BUY,0,0,1.0,SELL,1,10,"OBV,EMA_12,ADX,Stochastic,SMA_50,Volume_MA,MACD,BB_Upper,MACD_Signal,Rolling_Volatility",OBV
INFY,2022-05-20,2022,0,Sideways,1,0.6083,BUY,0,0,1.0,SELL,1,10,"OBV,EMA_12,ADX,Stochastic,SMA_50,Volume_MA,MACD,BB_Upper,MACD_Signal,Rolling_Volatility",OBV
INFY,2022-05-23,2022,0,Sideways,1,0.6073,BUY,0,0,1.0,SELL,1,10,"OBV,EMA_12,ADX,Stochastic,SMA_50,Volume_MA,MACD,BB_Upper,MACD_Signal,Rolling_Volatility",OBV
INFY,2022-05-24,2022,1,Sideways,1,0.6063,BUY,1,0,1.0,SELL,0,10,"OBV,EMA_12,ADX,Stochastic,SMA_50,Volume_MA,MACD,BB_Upper,MACD_Signal,Rolling_Volatility",OBV
INFY,2022-05-25,2022,1,Sideways,1,0.607,BUY,1,0,1.0,SELL,0,10,"OBV,EMA_12,ADX,Stochastic,SMA_50,Volume_MA,MACD,BB_Upper,MACD_Signal,Rolling_Volatility",OBV
INFY,2022-05-26,2022,1,Sideways,1,0.6076,BUY,1,0,1.0,SELL,0,10,"OBV,EMA_12,ADX,Stochastic,SMA_50,Volume_MA,MACD,BB_Upper,MACD_Signal,Rolling_Volatility",OBV
INFY,2022-05-27,2022,0,Sideways,1,0.6083,BUY,0,0,1.0,SELL,1,10,"OBV,EMA_12,ADX,Stochastic,SMA_50,Volume_MA,MACD,BB_Upper,MACD_Signal,Rolling_Volatility",OBV
INFY,2022-05-30,2022,0,Sideways,1,0.6073,BUY,0,0,1.0,SELL,1,10,"OBV,EMA_12,ADX,Stochastic,SMA_50,Volume_MA,MACD,BB_Upper,MACD_Signal,Rolling_Volatility",OBV
INFY,2022-05-31,2022,0,Sideways,1,0.6062,BUY,0,1,0.5821,BUY,0,10,"OBV,EMA_12,ADX,Stochastic,SMA_50,Volume_MA,MACD,BB_Upper,MACD_Signal,Rolling_Volatility",OBV
INFY,2022-06-01,2022,0,Sideways,1,0.6052,BUY,0,0,0.6594,SELL,1,10,"OBV,EMA_12,ADX,Stochastic,SMA_50,Volume_MA,MACD,BB_Upper,MACD_Signal,Rolling_Volatility",OBV
INFY,2022-06-02,2022,0,Sideways,1,0.6042,BUY,0,0,0.7448,SELL,1,10,"OBV,EMA_12,ADX,Stochastic,SMA_50,Volume_MA,MACD,BB_Upper,MACD_Signal,Rolling_Volatility",OBV
INFY,2022-06-03,2022,0,Sideways,1,0.6032,BUY,0,0,0.8294,SELL,1,10,"OBV,EMA_12,ADX,Stochastic,SMA_50,Volume_MA,MACD,BB_Upper,MACD_Signal,Rolling_Volatility",OBV
INFY,2022-06-06,2022,0,Sideways,1,0.6022,BUY,0,0,0.9289,SELL,1,10,"OBV,EMA_12,ADX,Stochastic,SMA_50,Volume_MA,MACD,BB_Upper,MACD_Signal,Rolling_Volatility",OBV
INFY,2022-06-07,2022,0,Sideways,1,0.6012,BUY,0,0,0.8949,SELL,1,10,"OBV,EMA_12,ADX,Stochastic,SMA_50,Volume_MA,MACD,BB_Upper,MACD_Signal,Rolling_Volatility",OBV
INFY,2022-06-08,2022,0,Sideways,1,0.6002,BUY,0,0,0.8179,SELL,1,10,"OBV,EMA_12,ADX,Stochastic,SMA_50,Volume_MA,MACD,BB_Upper,MACD_Signal,Rolling_Volatility",OBV
INFY,2022-06-09,2022,0,Sideways,1,0.5993,BUY,0,0,0.7583,SELL,1,10,"OBV,EMA_12,ADX,Stochastic,SMA_50,Volume_MA,MACD,BB_Upper,MACD_Signal,Rolling_Volatility",OBV
INFY,2022-06-10,2022,1,Sideways,1,0.5983,BUY,1,1,0.5227,NO TRADE,1,10,"OBV,EMA_12,ADX,Stochastic,SMA_50,Volume_MA,MACD,BB_Upper,MACD_Signal,Rolling_Volatility",OBV
INFY,2022-06-13,2022,1,Sideways,1,0.5989,BUY,1,1,0.9561,BUY,1,10,"OBV,EMA_12,ADX,Stochastic,SMA_50,Volume_MA,MACD,BB_Upper,MACD_Signal,Rolling_Volatility",OBV
INFY,2022-06-14,2022,0,Sideways,1,0.5996,BUY,0,0,0.9998,SELL,1,10,"OBV,EMA_12,ADX,Stochastic,SMA_50,Volume_MA,MACD,BB_Upper,MACD_Signal,Rolling_Volatility",OBV
INFY,2022-06-15,2022,1,Sideways,1,0.5986,BUY,1,0,0.999,SELL,0,10,"OBV,EMA_12,ADX,Stochastic,SMA_50,Volume_MA,MACD,BB_Upper,MACD_Signal,Rolling_Volatility",OBV
INFY,2022-06-16,2022,1,Sideways,1,0.5993,BUY,1,0,0.7824,SELL,0,10,"OBV,EMA_12,ADX,Stochastic,SMA_50,Volume_MA,MACD,BB_Upper,MACD_Signal,Rolling_Volatility",OBV
INFY,2022-06-17,2022,1,Sideways,1,0.5999,BUY,1,1,0.6833,BUY,1,10,"OBV,EMA_12,ADX,Stochastic,SMA_50,Volume_MA,MACD,BB_Upper,MACD_Signal,Rolling_Volatility",OBV
INFY,2022-06-20,2022,1,Sideways,1,0.6006,BUY,1,1,0.7441,BUY,1,10,"OBV,EMA_12,ADX,Stochastic,SMA_50,Volume_MA,MACD,BB_Upper,MACD_Signal,Rolling_Volatility",OBV
INFY,2022-06-21,2022,1,Sideways,1,0.6012,BUY,1,0,0.6029,SELL,0,10,"OBV,EMA_12,ADX,Stochastic,SMA_50,Volume_MA,MACD,BB_Upper,MACD_Signal,Rolling_Volatility",OBV
INFY,2022-06-22,2022,1,Sideways,1,0.6019,BUY,1,0,0.7001,SELL,0,10,"OBV,EMA_12,ADX,Stochastic,SMA_50,Volume_MA,MACD,BB_Upper,MACD_Signal,Rolling_Volatility",OBV
INFY,2022-06-23,2022,1,Sideways,1,0.6025,BUY,1,1,0.7766,BUY,1,10,"OBV,EMA_12,ADX,Stochastic,SMA_50,Volume_MA,MACD,BB_Upper,MACD_Signal,Rolling_Volatility",OBV
INFY,2022-06-24,2022,1,Sideways,1,0.6032,BUY,1,1,0.7789,BUY,1,10,"OBV,EMA_12,ADX,Stochastic,SMA_50,Volume_MA,MACD,BB_Upper,MACD_Signal,Rolling_Volatility",OBV
INFY,2022-06-27,2022,1,Sideways,1,0.6038,BUY,1,1,0.8597,BUY,1,10,"OBV,EMA_12,ADX,Stochastic,SMA_50,Volume_MA,MACD,BB_Upper,MACD_Signal,Rolling_Volatility",OBV
INFY,2022-06-28,2022,0,Sideways,1,0.6044,BUY,0,1,0.6032,BUY,0,10,"OBV,EMA_12,ADX,Stochastic,SMA_50,Volume_MA,MACD,BB_Upper,MACD_Signal,Rolling_Volatility",OBV
INFY,2022-06-29,2022,1,Sideways,1,0.6035,BUY,1,0,0.7568,SELL,0,10,"EMA_12,ADX,OBV,Volume_MA,Rolling_Mean_Return,Stochastic,SMA_50,MACD_Hist,SMA_20,SMA_10",EMA_12
INFY,2022-06-30,2022,1,Sideways,1,0.6041,BUY,1,0,0.7999,SELL,0,10,"EMA_12,ADX,OBV,Volume_MA,Rolling_Mean_Return,Stochastic,SMA_50,MACD_Hist,SMA_20,SMA_10",EMA_12
INFY,2022-07-01,2022,1,Sideways,1,0.6047,BUY,1,0,0.8502,SELL,0,10,"EMA_12,ADX,OBV,Volume_MA,Rolling_Mean_Return,Stochastic,SMA_50,MACD_Hist,SMA_20,SMA_10",EMA_12
INFY,2022-07-04,2022,1,Sideways,1,0.6054,BUY,1,0,0.8203,SELL,0,10,"EMA_12,ADX,OBV,Volume_MA,Rolling_Mean_Return,Stochastic,SMA_50,MACD_Hist,SMA_20,SMA_10",EMA_12
INFY,2022-07-05,2022,1,Sideways,1,0.606,BUY,1,0,0.7299,SELL,0,10,"EMA_12,ADX,OBV,Volume_MA,Rolling_Mean_Return,Stochastic,SMA_50,MACD_Hist,SMA_20,SMA_10",EMA_12
INFY,2022-07-06,2022,1,Sideways,1,0.6066,BUY,1,0,0.6906,SELL,0,10,"EMA_12,ADX,OBV,Volume_MA,Rolling_Mean_Return,Stochastic,SMA_50,MACD_Hist,SMA_20,SMA_10",EMA_12
INFY,2022-07-07,2022,1,Sideways,1,0.6073,BUY,1,0,0.6303,SELL,0,10,"EMA_12,ADX,OBV,Volume_MA,Rolling_Mean_Return,Stochastic,SMA_50,MACD_Hist,SMA_20,SMA_10",EMA_12
INFY,2022-07-08,2022,1,Sideways,1,0.6079,BUY,1,0,0.6382,SELL,0,10,"EMA_12,ADX,OBV,Volume_MA,Rolling_Mean_Return,Stochastic,SMA_50,MACD_Hist,SMA_20,SMA_10",EMA_12
INFY,2022-07-11,2022,1,Sideways,1,0.7296,BUY,1,0,0.5114,NO TRADE,0,10,"EMA_12,ADX,OBV,Volume_MA,Rolling_Mean_Return,Stochastic,SMA_50,MACD_Hist,SMA_20,SMA_10",EMA_12
INFY,2022-07-12,2022,1,Sideways,1,0.7312,BUY,1,1,0.9365,BUY,1,10,"EMA_12,ADX,OBV,Volume_MA,Rolling_Mean_Return,Stochastic,SMA_50,MACD_Hist,SMA_20,SMA_10",EMA_12
INFY,2022-07-13,2022,1,Sideways,1,0.7328,BUY,1,1,0.7812,BUY,1,10,"EMA_12,ADX,OBV,Volume_MA,Rolling_Mean_Return,Stochastic,SMA_50,MACD_Hist,SMA_20,SMA_10",EMA_12
INFY,2022-07-14,2022,1,Sideways,1,0.7343,BUY,1,1,0.7835,BUY,1,10,"EMA_12,ADX,OBV,Volume_MA,Rolling_Mean_Return,Stochastic,SMA_50,MACD_Hist,SMA_20,SMA_10",EMA_12
INFY,2022-07-15,2022,1,Sideways,1,0.6085,BUY,1,1,0.7857,BUY,1,10,"EMA_12,ADX,OBV,Volume_MA,Rolling_Mean_Return,Stochastic,SMA_50,MACD_Hist,SMA_20,SMA_10",EMA_12
INFY,2022-07-18,2022,1,Sideways,1,0.6091,BUY,1,1,0.7879,BUY,1,10,"EMA_12,ADX,OBV,Volume_MA,Rolling_Mean_Return,Stochastic,SMA_50,MACD_Hist,SMA_20,SMA_10",EMA_12
INFY,2022-07-19,2022,1,Sideways,1,0.6097,BUY,1,1,0.9175,BUY,1,10,"EMA_12,ADX,OBV,Volume_MA,Rolling_Mean_Return,Stochastic,SMA_50,MACD_Hist,SMA_20,SMA_10",EMA_12
INFY,2022-07-20,2022,1,Sideways,1,0.6104,BUY,1,0,0.5181,NO TRADE,0,10,"EMA_12,ADX,OBV,Volume_MA,Rolling_Mean_Return,Stochastic,SMA_50,MACD_Hist,SMA_20,SMA_10",EMA_12
INFY,2022-07-21,2022,1,Sideways,1,0.611,BUY,1,0,0.5718,SELL,0,10,"EMA_12,ADX,OBV,Volume_MA,Rolling_Mean_Return,Stochastic,SMA_50,MACD_Hist,SMA_20,SMA_10",EMA_12
INFY,2022-07-22,2022,1,Sideways,1,0.6116,BUY,1,0,0.5425,NO TRADE,0,10,"EMA_12,ADX,OBV,Volume_MA,Rolling_Mean_Return,Stochastic,SMA_50,MACD_Hist,SMA_20,SMA_10",EMA_12
INFY,2022-07-25,2022,1,Sideways,1,0.6122,BUY,1,1,0.5063,NO TRADE,1,10,"EMA_12,ADX,OBV,Volume_MA,Rolling_Mean_Return,Stochastic,SMA_50,MACD_Hist,SMA_20,SMA_10",EMA_12
INFY,2022-07-26,2022,1,Sideways,1,0.6128,BUY,1,1,0.8786,BUY,1,10,"EMA_12,ADX,OBV,Volume_MA,Rolling_Mean_Return,Stochastic,SMA_50,MACD_Hist,SMA_20,SMA_10",EMA_12
INFY,2022-07-27,2022,1,Sideways,1,0.6134,BUY,1,1,0.9685,BUY,1,10,"EMA_12,ADX,OBV,Volume_MA,Rolling_Mean_Return,Stochastic,SMA_50,MACD_Hist,SMA_20,SMA_10",EMA_12
INFY,2022-07-28,2022,0,Sideways,1,0.614,BUY,0,1,0.9371,BUY,0,10,"EMA_12,ADX,OBV,Volume_MA,Rolling_Mean_Return,Stochastic,SMA_50,MACD_Hist,SMA_20,SMA_10",EMA_12
INFY,2022-07-29,2022,0,Sideways,1,0.6131,BUY,0,0,0.5029,NO TRADE,1,10,"EMA_12,ADX,OBV,Volume_MA,Rolling_Mean_Return,Stochastic,SMA_50,MACD_Hist,SMA_20,SMA_10",EMA_12
INFY,2022-08-01,2022,0,Sideways,1,0.6121,BUY,0,0,0.5302,NO TRADE,1,10,"EMA_12,ADX,OBV,Volume_MA,Rolling_Mean_Return,Stochastic,SMA_50,MACD_Hist,SMA_20,SMA_10",EMA_12
INFY,2022-08-02,2022,0,Sideways,1,0.6111,BUY,0,0,0.5519,SELL,1,10,"EMA_12,ADX,OBV,Volume_MA,Rolling_Mean_Return,Stochastic,SMA_50,MACD_Hist,SMA_20,SMA_10",EMA_12
INFY,2022-08-03,2022,0,Sideways,1,0.6102,BUY,0,0,0.5645,SELL,1,10,"EMA_12,ADX,OBV,Volume_MA,Rolling_Mean_Return,Stochastic,SMA_50,MACD_Hist,SMA_20,SMA_10",EMA_12
INFY,2022-08-04,2022,0,Sideways,1,0.6092,BUY,0,0,0.6111,SELL,1,10,"EMA_12,ADX,OBV,Volume_MA,Rolling_Mean_Return,Stochastic,SMA_50,MACD_Hist,SMA_20,SMA_10",EMA_12
INFY,2022-08-05,2022,0,Sideways,1,0.6083,BUY,0,0,0.7081,SELL,1,10,"EMA_12,ADX,OBV,Volume_MA,Rolling_Mean_Return,Stochastic,SMA_50,MACD_Hist,SMA_20,SMA_10",EMA_12
INFY,2022-08-08,2022,0,Sideways,1,0.6074,BUY,0,0,0.7477,SELL,1,10,"EMA_12,ADX,OBV,Volume_MA,Rolling_Mean_Return,Stochastic,SMA_50,MACD_Hist,SMA_20,SMA_10",EMA_12
INFY,2022-08-10,2022,0,Sideways,1,0.6064,BUY,0,0,0.8174,SELL,1,10,"EMA_12,ADX,OBV,Volume_MA,Rolling_Mean_Return,Stochastic,SMA_50,MACD_Hist,SMA_20,SMA_10",EMA_12
INFY,2022-08-11,2022,0,Sideways,1,0.6055,BUY,0,0,0.9291,SELL,1,10,"EMA_12,RSI_14,ADX,MACD,MACD_Signal,Volume_MA,Rolling_Mean_Return,SMA_20,Stochastic,SMA_50",EMA_12
INFY,2022-08-12,2022,0,Sideways,1,0.6046,BUY,0,0,0.7634,SELL,1,10,"EMA_12,RSI_14,ADX,MACD,MACD_Signal,Volume_MA,Rolling_Mean_Return,SMA_20,Stochastic,SMA_50",EMA_12
INFY,2022-08-16,2022,0,Sideways,1,0.6036,BUY,0,0,0.6629,SELL,1,10,"EMA_12,RSI_14,ADX,MACD,MACD_Signal,Volume_MA,Rolling_Mean_Return,SMA_20,Stochastic,SMA_50",EMA_12
INFY,2022-08-17,2022,0,Sideways,1,0.6027,BUY,0,0,0.6288,SELL,1,10,"EMA_12,RSI_14,ADX,MACD,MACD_Signal,Volume_MA,Rolling_Mean_Return,SMA_20,Stochastic,SMA_50",EMA_12
INFY,2022-08-18,2022,0,Sideways,1,0.6018,BUY,0,1,0.5231,NO TRADE,0,10,"EMA_12,RSI_14,ADX,MACD,MACD_Signal,Volume_MA,Rolling_Mean_Return,SMA_20,Stochastic,SMA_50",EMA_12
INFY,2022-08-19,2022,0,Sideways,1,0.6008,BUY,0,1,0.6314,BUY,0,10,"EMA_12,RSI_14,ADX,MACD,MACD_Signal,Volume_MA,Rolling_Mean_Return,SMA_20,Stochastic,SMA_50",EMA_12
INFY,2022-08-22,2022,0,Sideways,1,0.5999,BUY,0,1,0.9018,BUY,0,10,"EMA_12,RSI_14,ADX,MACD,MACD_Signal,Volume_MA,Rolling_Mean_Return,SMA_20,Stochastic,SMA_50",EMA_12
INFY,2022-08-23,2022,0,Sideways,1,0.599,BUY,0,1,0.79,BUY,0,10,"EMA_12,RSI_14,ADX,MACD,MACD_Signal,Volume_MA,Rolling_Mean_Return,SMA_20,Stochastic,SMA_50",EMA_12
INFY,2022-08-24,2022,0,Sideways,1,0.5981,BUY,0,1,0.7822,BUY,0,10,"EMA_12,RSI_14,ADX,MACD,MACD_Signal,Volume_MA,Rolling_Mean_Return,SMA_20,Stochastic,SMA_50",EMA_12
INFY,2022-08-25,2022,0,Sideways,1,0.5972,BUY,0,1,0.7745,BUY,0,10,"EMA_12,RSI_14,ADX,MACD,MACD_Signal,Volume_MA,Rolling_Mean_Return,SMA_20,Stochastic,SMA_50",EMA_12
INFY,2022-08-26,2022,0,Sideways,1,0.5963,BUY,0,1,0.767,BUY,0,10,"EMA_12,RSI_14,ADX,MACD,MACD_Signal,Volume_MA,Rolling_Mean_Return,SMA_20,Stochastic,SMA_50",EMA_12
INFY,2022-08-29,2022,0,Sideways,1,0.5954,BUY,0,1,0.7596,BUY,0,10,"EMA_12,RSI_14,ADX,MACD,MACD_Signal,Volume_MA,Rolling_Mean_Return,SMA_20,Stochastic,SMA_50",EMA_12
INFY,2022-08-30,2022,0,Sideways,1,0.5945,BUY,0,1,0.7524,BUY,0,10,"EMA_12,RSI_14,ADX,MACD,MACD_Signal,Volume_MA,Rolling_Mean_Return,SMA_20,Stochastic,SMA_50",EMA_12
INFY,2022-09-01,2022,0,Sideways,1,0.5936,BUY,0,1,0.7453,BUY,0,10,"EMA_12,RSI_14,ADX,MACD,MACD_Signal,Volume_MA,Rolling_Mean_Return,SMA_20,Stochastic,SMA_50",EMA_12
INFY,2022-09-02,2022,0,Sideways,1,0.5927,BUY,0,0,1.0,SELL,1,10,"EMA_12,RSI_14,ADX,MACD,MACD_Signal,Volume_MA,Rolling_Mean_Return,SMA_20,Stochastic,SMA_50",EMA_12
INFY,2022-09-05,2022,0,Sideways,1,0.5918,BUY,0,0,1.0,SELL,1,10,"EMA_12,RSI_14,ADX,MACD,MACD_Signal,Volume_MA,Rolling_Mean_Return,SMA_20,Stochastic,SMA_50",EMA_12
INFY,2022-09-06,2022,0,Sideways,1,0.5909,BUY,0,0,0.9999,SELL,1,10,"EMA_12,RSI_14,ADX,MACD,MACD_Signal,Volume_MA,Rolling_Mean_Return,SMA_20,Stochastic,SMA_50",EMA_12
INFY,2022-09-07,2022,0,Sideways,1,0.59,BUY,0,0,0.9614,SELL,1,10,"EMA_12,RSI_14,ADX,MACD,MACD_Signal,Volume_MA,Rolling_Mean_Return,SMA_20,Stochastic,SMA_50",EMA_12
INFY,2022-09-08,2022,0,Sideways,1,0.5891,BUY,0,1,0.8542,BUY,0,10,"EMA_12,RSI_14,ADX,MACD,MACD_Signal,Volume_MA,Rolling_Mean_Return,SMA_20,Stochastic,SMA_50",EMA_12
INFY,2022-09-09,2022,0,Sideways,1,0.5882,BUY,0,1,0.9998,BUY,0,10,"EMA_12,RSI_14,ADX,MACD,MACD_Signal,Volume_MA,Rolling_Mean_Return,SMA_20,Stochastic,SMA_50",EMA_12
INFY,2022-09-12,2022,0,Sideways,1,0.5873,BUY,0,1,0.9452,BUY,0,10,"EMA_12,RSI_14,ADX,MACD,MACD_Signal,Volume_MA,Rolling_Mean_Return,SMA_20,Stochastic,SMA_50",EMA_12
INFY,2022-09-13,2022,0,Sideways,1,0.5865,BUY,0,1,0.5271,NO TRADE,0,10,"EMA_12,RSI_14,ADX,MACD,MACD_Signal,Volume_MA,Rolling_Mean_Return,SMA_20,Stochastic,SMA_50",EMA_12
INFY,2022-09-14,2022,0,Sideways,1,0.5856,BUY,0,1,0.6794,BUY,0,10,"EMA_12,RSI_14,ADX,MACD,MACD_Signal,Volume_MA,Rolling_Mean_Return,SMA_20,Stochastic,SMA_50",EMA_12
INFY,2022-09-15,2022,1,Sideways,1,0.5847,BUY,1,1,0.9644,BUY,1,10,"EMA_12,RSI_14,ADX,MACD,MACD_Signal,Volume_MA,Rolling_Mean_Return,SMA_20,Stochastic,SMA_50",EMA_12
INFY,2022-09-16,2022,1,Sideways,1,0.5853,BUY,1,0,0.753,SELL,0,10,"EMA_12,RSI_14,ADX,MACD,MACD_Signal,Volume_MA,Rolling_Mean_Return,SMA_20,Stochastic,SMA_50",EMA_12
INFY,2022-09-19,2022,1,Sideways,1,0.5859,BUY,1,1,0.627,BUY,1,10,"EMA_12,RSI_14,ADX,MACD,MACD_Signal,Volume_MA,Rolling_Mean_Return,SMA_20,Stochastic,SMA_50",EMA_12
INFY,2022-09-20,2022,1,Sideways,1,0.5866,BUY,1,1,0.7425,BUY,1,10,"EMA_12,RSI_14,ADX,MACD,MACD_Signal,Volume_MA,Rolling_Mean_Return,SMA_20,Stochastic,SMA_50",EMA_12
INFY,2022-09-21,2022,1,Sideways,1,0.5872,BUY,1,1,0.5981,BUY,1,10,"EMA_12,RSI_14,ADX,MACD,MACD_Signal,Volume_MA,Rolling_Mean_Return,SMA_20,Stochastic,SMA_50",EMA_12
INFY,2022-09-22,2022,1,Sideways,1,0.5878,BUY,1,0,0.7127,SELL,0,10,"EMA_12,RSI_14,ADX,MACD,MACD_Signal,Volume_MA,Rolling_Mean_Return,SMA_20,Stochastic,SMA_50",EMA_12
INFY,2022-09-23,2022,1,Sideways,1,0.5884,BUY,1,0,0.8351,SELL,0,10,"EMA_12,RSI_14,ADX,MACD,MACD_Signal,Volume_MA,Rolling_Mean_Return,SMA_20,Stochastic,SMA_50",EMA_12
INFY,2022-09-26,2022,1,Sideways,1,0.589,BUY,1,1,0.9741,BUY,1,10,"BB_Width,OBV,MACD_Hist,Rolling_Median_Return,Volume_MA,ADX,ROC,SMA_50,EMA_12,CCI",BB_Width
INFY,2022-09-27,2022,1,Sideways,1,0.5896,BUY,1,1,0.9822,BUY,1,10,"BB_Width,OBV,MACD_Hist,Rolling_Median_Return,Volume_MA,ADX,ROC,SMA_50,EMA_12,CCI",BB_Width
INFY,2022-09-28,2022,1,Sideways,1,0.5902,BUY,1,1,0.9599,BUY,1,10,"BB_Width,OBV,MACD_Hist,Rolling_Median_Return,Volume_MA,ADX,ROC,SMA_50,EMA_12,CCI",BB_Width
INFY,2022-09-29,2022,1,Sideways,1,0.5908,BUY,1,1,0.944,BUY,1,10,"BB_Width,OBV,MACD_Hist,Rolling_Median_Return,Volume_MA,ADX,ROC,SMA_50,EMA_12,CCI",BB_Width
INFY,2022-09-30,2022,1,Sideways,1,0.5914,BUY,1,1,0.9127,BUY,1,10,"BB_Width,OBV,MACD_Hist,Rolling_Median_Return,Volume_MA,ADX,ROC,SMA_50,EMA_12,CCI",BB_Width
INFY,2022-10-03,2022,1,Sideways,1,0.592,BUY,1,1,0.9426,BUY,1,10,"BB_Width,OBV,MACD_Hist,Rolling_Median_Return,Volume_MA,ADX,ROC,SMA_50,EMA_12,CCI",BB_Width
INFY,2022-10-04,2022,1,Sideways,1,0.7359,BUY,1,1,0.9115,BUY,1,10,"BB_Width,OBV,MACD_Hist,Rolling_Median_Return,Volume_MA,ADX,ROC,SMA_50,EMA_12,CCI",BB_Width
INFY,2022-10-06,2022,1,Sideways,1,0.7374,BUY,1,1,0.8702,BUY,1,10,"BB_Width,OBV,MACD_Hist,Rolling_Median_Return,Volume_MA,ADX,ROC,SMA_50,EMA_12,CCI",BB_Width
INFY,2022-10-07,2022,1,Sideways,1,0.5926,BUY,1,1,0.8686,BUY,1,10,"BB_Width,OBV,MACD_Hist,Rolling_Median_Return,Volume_MA,ADX,ROC,SMA_50,EMA_12,CCI",BB_Width
INFY,2022-10-10,2022,1,Sideways,1,0.5932,BUY,1,1,0.7644,BUY,1,10,"BB_Width,OBV,MACD_Hist,Rolling_Median_Return,Volume_MA,ADX,ROC,SMA_50,EMA_12,CCI",BB_Width
INFY,2022-10-11,2022,1,Sideways,1,0.5938,BUY,1,1,0.599,BUY,1,10,"BB_Width,OBV,MACD_Hist,Rolling_Median_Return,Volume_MA,ADX,ROC,SMA_50,EMA_12,CCI",BB_Width
INFY,2022-10-12,2022,1,Sideways,1,0.5944,BUY,1,0,0.6017,SELL,0,10,"BB_Width,OBV,MACD_Hist,Rolling_Median_Return,Volume_MA,ADX,ROC,SMA_50,EMA_12,CCI",BB_Width
INFY,2022-10-13,2022,1,Sideways,1,0.595,BUY,1,0,0.6082,SELL,0,10,"BB_Width,OBV,MACD_Hist,Rolling_Median_Return,Volume_MA,ADX,ROC,SMA_50,EMA_12,CCI",BB_Width
INFY,2022-10-14,2022,1,Sideways,1,0.5956,BUY,1,0,0.6415,SELL,0,10,"BB_Width,OBV,MACD_Hist,Rolling_Median_Return,Volume_MA,ADX,ROC,SMA_50,EMA_12,CCI",BB_Width
INFY,2022-10-17,2022,1,Sideways,1,0.5962,BUY,1,0,0.5763,SELL,0,10,"BB_Width,OBV,MACD_Hist,Rolling_Median_Return,Volume_MA,ADX,ROC,SMA_50,EMA_12,CCI",BB_Width
INFY,2022-10-18,2022,1,Sideways,1,0.5967,BUY,1,0,0.509,NO TRADE,0,10,"BB_Width,OBV,MACD_Hist,Rolling_Median_Return,Volume_MA,ADX,ROC,SMA_50,EMA_12,CCI",BB_Width
INFY,2022-10-19,2022,1,Sideways,1,0.5973,BUY,1,1,0.6105,BUY,1,10,"BB_Width,OBV,MACD_Hist,Rolling_Median_Return,Volume_MA,ADX,ROC,SMA_50,EMA_12,CCI",BB_Width
INFY,2022-10-20,2022,1,Sideways,1,0.5979,BUY,1,1,0.6707,BUY,1,10,"BB_Width,OBV,MACD_Hist,Rolling_Median_Return,Volume_MA,ADX,ROC,SMA_50,EMA_12,CCI",BB_Width
INFY,2022-10-21,2022,1,Sideways,1,0.5985,BUY,1,1,0.6688,BUY,1,10,"BB_Width,OBV,MACD_Hist,Rolling_Median_Return,Volume_MA,ADX,ROC,SMA_50,EMA_12,CCI",BB_Width
INFY,2022-10-24,2022,1,Sideways,1,0.5991,BUY,1,1,0.6558,BUY,1,10,"BB_Width,OBV,MACD_Hist,Rolling_Median_Return,Volume_MA,ADX,ROC,SMA_50,EMA_12,CCI",BB_Width
INFY,2022-10-25,2022,1,Sideways,1,0.5996,BUY,1,1,0.6472,BUY,1,10,"BB_Width,OBV,MACD_Hist,Rolling_Median_Return,Volume_MA,ADX,ROC,SMA_50,EMA_12,CCI",BB_Width
INFY,2022-10-27,2022,1,Sideways,1,0.6002,BUY,1,1,0.6894,BUY,1,10,"BB_Width,OBV,MACD_Hist,Rolling_Median_Return,Volume_MA,ADX,ROC,SMA_50,EMA_12,CCI",BB_Width
INFY,2022-10-28,2022,1,Sideways,1,0.6008,BUY,1,1,0.6883,BUY,1,10,"BB_Width,OBV,MACD_Hist,Rolling_Median_Return,Volume_MA,ADX,ROC,SMA_50,EMA_12,CCI",BB_Width
INFY,2022-10-31,2022,1,Sideways,1,0.6014,BUY,1,1,0.7242,BUY,1,10,"BB_Width,OBV,MACD_Hist,Rolling_Median_Return,Volume_MA,ADX,ROC,SMA_50,EMA_12,CCI",BB_Width
INFY,2022-11-01,2022,1,Sideways,1,0.6019,BUY,1,1,0.8273,BUY,1,10,"BB_Width,OBV,MACD_Hist,Rolling_Median_Return,Volume_MA,ADX,ROC,SMA_50,EMA_12,CCI",BB_Width
INFY,2022-11-02,2022,1,Sideways,1,0.6025,BUY,1,1,0.7911,BUY,1,10,"BB_Width,OBV,MACD_Hist,Rolling_Median_Return,Volume_MA,ADX,ROC,SMA_50,EMA_12,CCI",BB_Width
INFY,2022-11-03,2022,1,Sideways,1,0.6031,BUY,1,1,0.7636,BUY,1,10,"BB_Width,OBV,MACD_Hist,Rolling_Median_Return,Volume_MA,ADX,ROC,SMA_50,EMA_12,CCI",BB_Width
INFY,2022-11-04,2022,1,Sideways,1,0.6036,BUY,1,1,0.7602,BUY,1,10,"BB_Width,OBV,MACD_Hist,Rolling_Median_Return,Volume_MA,ADX,ROC,SMA_50,EMA_12,CCI",BB_Width
INFY,2022-11-07,2022,1,Sideways,1,0.6042,BUY,1,1,0.7462,BUY,1,10,"BB_Width,OBV,MACD_Hist,Rolling_Median_Return,Volume_MA,ADX,ROC,SMA_50,EMA_12,CCI",BB_Width
INFY,2022-11-09,2022,1,Sideways,1,0.6048,BUY,1,1,0.7511,BUY,1,10,"BB_Width,OBV,MACD_Hist,Rolling_Median_Return,Volume_MA,ADX,ROC,SMA_50,EMA_12,CCI",BB_Width
INFY,2022-11-10,2022,1,Sideways,1,0.6053,BUY,1,0,0.5466,NO TRADE,0,10,"EMA_26,BB_Width,ADX,MACD_Hist,EMA_12,SMA_50,BB_Upper,Rolling_Std_10,SMA_10,RSI_14",EMA_26
INFY,2022-11-11,2022,0,Sideways,1,0.6059,BUY,0,0,0.6081,SELL,1,10,"EMA_26,BB_Width,ADX,MACD_Hist,EMA_12,SMA_50,BB_Upper,Rolling_Std_10,SMA_10,RSI_14",EMA_26
INFY,2022-11-14,2022,0,Sideways,1,0.605,BUY,0,0,0.6889,SELL,1,10,"EMA_26,BB_Width,ADX,MACD_Hist,EMA_12,SMA_50,BB_Upper,Rolling_Std_10,SMA_10,RSI_14",EMA_26
INFY,2022-11-15,2022,0,Sideways,1,0.6042,BUY,0,0,0.6942,SELL,1,10,"EMA_26,BB_Width,ADX,MACD_Hist,EMA_12,SMA_50,BB_Upper,Rolling_Std_10,SMA_10,RSI_14",EMA_26
INFY,2022-11-16,2022,0,Sideways,1,0.6033,BUY,0,0,0.6889,SELL,1,10,"EMA_26,BB_Width,ADX,MACD_Hist,EMA_12,SMA_50,BB_Upper,Rolling_Std_10,SMA_10,RSI_14",EMA_26
INFY,2022-11-17,2022,0,Sideways,1,0.6025,BUY,0,0,0.6559,SELL,1,10,"EMA_26,BB_Width,ADX,MACD_Hist,EMA_12,SMA_50,BB_Upper,Rolling_Std_10,SMA_10,RSI_14",EMA_26
INFY,2022-11-18,2022,0,Sideways,1,0.6016,BUY,0,0,0.6877,SELL,1,10,"EMA_26,BB_Width,ADX,MACD_Hist,EMA_12,SMA_50,BB_Upper,Rolling_Std_10,SMA_10,RSI_14",EMA_26
INFY,2022-11-21,2022,0,Sideways,1,0.6008,BUY,0,0,0.6886,SELL,1,10,"EMA_26,BB_Width,ADX,MACD_Hist,EMA_12,SMA_50,BB_Upper,Rolling_Std_10,SMA_10,RSI_14",EMA_26
INFY,2022-11-22,2022,0,Sideways,1,0.5999,BUY,0,0,0.7201,SELL,1,10,"EMA_26,BB_Width,ADX,MACD_Hist,EMA_12,SMA_50,BB_Upper,Rolling_Std_10,SMA_10,RSI_14",EMA_26
INFY,2022-11-23,2022,0,Sideways,1,0.5991,BUY,0,0,0.7307,SELL,1,10,"EMA_26,BB_Width,ADX,MACD_Hist,EMA_12,SMA_50,BB_Upper,Rolling_Std_10,SMA_10,RSI_14",EMA_26
INFY,2022-11-24,2022,0,Sideways,1,0.5983,BUY,0,0,0.7521,SELL,1,10,"EMA_26,BB_Width,ADX,MACD_Hist,EMA_12,SMA_50,BB_Upper,Rolling_Std_10,SMA_10,RSI_14",EMA_26
INFY,2022-11-25,2022,0,Sideways,1,0.5974,BUY,0,0,0.7297,SELL,1,10,"EMA_26,BB_Width,ADX,MACD_Hist,EMA_12,SMA_50,BB_Upper,Rolling_Std_10,SMA_10,RSI_14",EMA_26
INFY,2022-11-28,2022,0,Sideways,1,0.5966,BUY,0,0,0.7141,SELL,1,10,"EMA_26,BB_Width,ADX,MACD_Hist,EMA_12,SMA_50,BB_Upper,Rolling_Std_10,SMA_10,RSI_14",EMA_26
INFY,2022-11-29,2022,0,Sideways,1,0.5958,BUY,0,0,0.7075,SELL,1,10,"EMA_26,BB_Width,ADX,MACD_Hist,EMA_12,SMA_50,BB_Upper,Rolling_Std_10,SMA_10,RSI_14",EMA_26
INFY,2022-11-30,2022,0,Sideways,1,0.5949,BUY,0,0,0.6823,SELL,1,10,"EMA_26,BB_Width,ADX,MACD_Hist,EMA_12,SMA_50,BB_Upper,Rolling_Std_10,SMA_10,RSI_14",EMA_26
INFY,2022-12-01,2022,0,Sideways,1,0.5941,BUY,0,0,0.6507,SELL,1,10,"EMA_26,BB_Width,ADX,MACD_Hist,EMA_12,SMA_50,BB_Upper,Rolling_Std_10,SMA_10,RSI_14",EMA_26
INFY,2022-12-02,2022,0,Sideways,1,0.5933,BUY,0,0,0.6213,SELL,1,10,"EMA_26,BB_Width,ADX,MACD_Hist,EMA_12,SMA_50,BB_Upper,Rolling_Std_10,SMA_10,RSI_14",EMA_26
INFY,2022-12-05,2022,0,Sideways,1,0.5925,BUY,0,0,0.6738,SELL,1,10,"EMA_26,BB_Width,ADX,MACD_Hist,EMA_12,SMA_50,BB_Upper,Rolling_Std_10,SMA_10,RSI_14",EMA_26
INFY,2022-12-06,2022,0,Sideways,1,0.5916,BUY,0,0,0.7346,SELL,1,10,"EMA_26,BB_Width,ADX,MACD_Hist,EMA_12,SMA_50,BB_Upper,Rolling_Std_10,SMA_10,RSI_14",EMA_26
INFY,2022-12-07,2022,0,Sideways,1,0.5908,BUY,0,0,0.776,SELL,1,10,"EMA_26,BB_Width,ADX,MACD_Hist,EMA_12,SMA_50,BB_Upper,Rolling_Std_10,SMA_10,RSI_14",EMA_26
INFY,2022-12-08,2022,0,Sideways,1,0.59,BUY,0,0,0.7281,SELL,1,10,"EMA_26,BB_Width,ADX,MACD_Hist,EMA_12,SMA_50,BB_Upper,Rolling_Std_10,SMA_10,RSI_14",EMA_26
INFY,2022-12-09,2022,0,Sideways,1,0.5892,BUY,0,0,0.7653,SELL,1,10,"EMA_26,BB_Width,ADX,MACD_Hist,EMA_12,SMA_50,BB_Upper,Rolling_Std_10,SMA_10,RSI_14",EMA_26
INFY,2022-12-12,2022,0,Sideways,1,0.5884,BUY,0,0,0.8013,SELL,1,10,"EMA_26,BB_Width,ADX,MACD_Hist,EMA_12,SMA_50,BB_Upper,Rolling_Std_10,SMA_10,RSI_14",EMA_26
INFY,2022-12-13,2022,0,Sideways,1,0.5876,BUY,0,0,0.7756,SELL,1,10,"EMA_26,BB_Width,ADX,MACD_Hist,EMA_12,SMA_50,BB_Upper,Rolling_Std_10,SMA_10,RSI_14",EMA_26
INFY,2022-12-14,2022,0,Sideways,1,0.5868,BUY,0,0,0.7679,SELL,1,10,"EMA_26,BB_Width,ADX,MACD_Hist,EMA_12,SMA_50,BB_Upper,Rolling_Std_10,SMA_10,RSI_14",EMA_26
INFY,2022-12-15,2022,0,Sideways,1,0.586,BUY,0,0,0.7977,SELL,1,10,"EMA_26,BB_Width,ADX,MACD_Hist,EMA_12,SMA_50,BB_Upper,Rolling_Std_10,SMA_10,RSI_14",EMA_26
INFY,2022-12-16,2022,0,Sideways,1,0.5852,BUY,0,0,0.7945,SELL,1,10,"EMA_26,BB_Width,ADX,MACD_Hist,EMA_12,SMA_50,BB_Upper,Rolling_Std_10,SMA_10,RSI_14",EMA_26
INFY,2022-12-19,2022,1,Sideways,1,0.5844,BUY,1,0,0.7598,SELL,0,10,"EMA_26,BB_Width,ADX,MACD_Hist,EMA_12,SMA_50,BB_Upper,Rolling_Std_10,SMA_10,RSI_14",EMA_26
INFY,2022-12-20,2022,1,Sideways,1,0.5849,BUY,1,0,0.661,SELL,0,10,"EMA_26,BB_Width,ADX,MACD_Hist,EMA_12,SMA_50,BB_Upper,Rolling_Std_10,SMA_10,RSI_14",EMA_26
INFY,2022-12-21,2022,1,Sideways,1,0.5855,BUY,1,0,0.534,NO TRADE,0,10,"EMA_26,BB_Width,ADX,MACD_Hist,EMA_12,SMA_50,BB_Upper,Rolling_Std_10,SMA_10,RSI_14",EMA_26
INFY,2022-12-22,2022,1,Sideways,1,0.5861,BUY,1,1,0.6041,BUY,1,10,"EMA_26,SMA_20,SMA_50,MACD_Hist,Volume_MA,ADX,MFI,EMA_12,MACD,SMA_10",EMA_26
INFY,2022-12-23,2022,1,Sideways,1,0.5866,BUY,1,1,0.6173,BUY,1,10,"EMA_26,SMA_20,SMA_50,MACD_Hist,Volume_MA,ADX,MFI,EMA_12,MACD,SMA_10",EMA_26
INFY,2022-12-26,2022,1,Sideways,1,0.5872,BUY,1,1,0.5605,BUY,1,10,"EMA_26,SMA_20,SMA_50,MACD_Hist,Volume_MA,ADX,MFI,EMA_12,MACD,SMA_10",EMA_26
INFY,2022-12-27,2022,1,Sideways,1,0.5877,BUY,1,1,0.5133,NO TRADE,1,10,"EMA_26,SMA_20,SMA_50,MACD_Hist,Volume_MA,ADX,MFI,EMA_12,MACD,SMA_10",EMA_26
INFY,2022-12-28,2022,1,Sideways,1,0.5883,BUY,1,1,0.5555,BUY,1,10,"EMA_26,SMA_20,SMA_50,MACD_Hist,Volume_MA,ADX,MFI,EMA_12,MACD,SMA_10",EMA_26
INFY,2022-12-29,2022,1,Sideways,1,0.5889,BUY,1,0,0.5013,NO TRADE,0,10,"EMA_26,SMA_20,SMA_50,MACD_Hist,Volume_MA,ADX,MFI,EMA_12,MACD,SMA_10",EMA_26
INFY,2022-12-30,2022,1,Sideways,1,0.5894,BUY,1,0,0.5206,NO TRADE,0,10,"EMA_26,SMA_20,SMA_50,MACD_Hist,Volume_MA,ADX,MFI,EMA_12,MACD,SMA_10",EMA_26
INFY,2023-01-02,2023,1,Sideways,1,0.7389,BUY,1,0,0.5166,NO TRADE,0,10,"EMA_26,SMA_20,SMA_50,MACD_Hist,Volume_MA,ADX,MFI,EMA_12,MACD,SMA_10",EMA_26
INFY,2023-01-03,2023,1,Sideways,1,1.0,BUY,1,0,0.5122,NO TRADE,0,10,"EMA_26,SMA_20,SMA_50,MACD_Hist,Volume_MA,ADX,MFI,EMA_12,MACD,SMA_10",EMA_26
INFY,2023-01-04,2023,1,Sideways,1,1.0,BUY,1,0,0.5045,NO TRADE,0,10,"EMA_26,SMA_20,SMA_50,MACD_Hist,Volume_MA,ADX,MFI,EMA_12,MACD,SMA_10",EMA_26
INFY,2023-01-05,2023,1,Sideways,1,1.0,BUY,1,1,0.5049,NO TRADE,1,10,"EMA_26,SMA_20,SMA_50,MACD_Hist,Volume_MA,ADX,MFI,EMA_12,MACD,SMA_10",EMA_26
INFY,2023-01-06,2023,1,Sideways,1,0.7404,BUY,1,1,0.51,NO TRADE,1,10,"EMA_26,SMA_20,SMA_50,MACD_Hist,Volume_MA,ADX,MFI,EMA_12,MACD,SMA_10",EMA_26
INFY,2023-01-09,2023,1,Sideways,1,0.7419,BUY,1,1,0.535,NO TRADE,1,10,"EMA_26,SMA_20,SMA_50,MACD_Hist,Volume_MA,ADX,MFI,EMA_12,MACD,SMA_10",EMA_26
INFY,2023-01-10,2023,1,Sideways,1,0.7433,BUY,1,1,0.5172,NO TRADE,1,10,"EMA_26,SMA_20,SMA_50,MACD_Hist,Volume_MA,ADX,MFI,EMA_12,MACD,SMA_10",EMA_26
INFY,2023-01-11,2023,1,Sideways,1,0.59,BUY,1,1,0.522,NO TRADE,1,10,"EMA_26,SMA_20,SMA_50,MACD_Hist,Volume_MA,ADX,MFI,EMA_12,MACD,SMA_10",EMA_26
INFY,2023-01-12,2023,1,Sideways,1,0.5905,BUY,1,1,0.5261,NO TRADE,1,10,"EMA_26,SMA_20,SMA_50,MACD_Hist,Volume_MA,ADX,MFI,EMA_12,MACD,SMA_10",EMA_26
INFY,2023-01-13,2023,1,Sideways,1,0.5911,BUY,1,1,0.5362,NO TRADE,1,10,"EMA_26,SMA_20,SMA_50,MACD_Hist,Volume_MA,ADX,MFI,EMA_12,MACD,SMA_10",EMA_26
INFY,2023-01-16,2023,1,Sideways,1,0.5916,BUY,1,1,0.5427,NO TRADE,1,10,"EMA_26,SMA_20,SMA_50,MACD_Hist,Volume_MA,ADX,MFI,EMA_12,MACD,SMA_10",EMA_26
INFY,2023-01-17,2023,1,Sideways,1,0.5922,BUY,1,1,0.579,BUY,1,10,"EMA_26,SMA_20,SMA_50,MACD_Hist,Volume_MA,ADX,MFI,EMA_12,MACD,SMA_10",EMA_26
INFY,2023-01-18,2023,1,Sideways,1,0.5927,BUY,1,1,0.5905,BUY,1,10,"EMA_26,SMA_20,SMA_50,MACD_Hist,Volume_MA,ADX,MFI,EMA_12,MACD,SMA_10",EMA_26
INFY,2023-01-19,2023,1,Sideways,1,0.5933,BUY,1,1,0.5655,BUY,1,10,"EMA_26,SMA_20,SMA_50,MACD_Hist,Volume_MA,ADX,MFI,EMA_12,MACD,SMA_10",EMA_26
INFY,2023-01-20,2023,1,Sideways,1,0.5938,BUY,1,1,0.5635,BUY,1,10,"EMA_26,SMA_20,SMA_50,MACD_Hist,Volume_MA,ADX,MFI,EMA_12,MACD,SMA_10",EMA_26
INFY,2023-01-23,2023,1,Sideways,1,0.5943,BUY,1,1,0.5697,BUY,1,10,"EMA_26,SMA_20,SMA_50,MACD_Hist,Volume_MA,ADX,MFI,EMA_12,MACD,SMA_10",EMA_26
INFY,2023-01-24,2023,1,Sideways,1,0.5949,BUY,1,1,0.5901,BUY,1,10,"EMA_26,SMA_20,SMA_50,MACD_Hist,Volume_MA,ADX,MFI,EMA_12,MACD,SMA_10",EMA_26
INFY,2023-01-25,2023,1,Sideways,1,0.5954,BUY,1,1,0.6166,BUY,1,10,"EMA_26,SMA_20,SMA_50,MACD_Hist,Volume_MA,ADX,MFI,EMA_12,MACD,SMA_10",EMA_26
INFY,2023-01-27,2023,1,Sideways,1,0.596,BUY,1,1,0.6273,BUY,1,10,"EMA_26,SMA_20,SMA_50,MACD_Hist,Volume_MA,ADX,MFI,EMA_12,MACD,SMA_10",EMA_26
INFY,2023-01-30,2023,0,Sideways,1,0.5965,BUY,0,1,0.6222,BUY,0,10,"EMA_26,SMA_20,SMA_50,MACD_Hist,Volume_MA,ADX,MFI,EMA_12,MACD,SMA_10",EMA_26
INFY,2023-01-31,2023,0,Sideways,1,0.5957,BUY,0,1,0.6082,BUY,0,10,"EMA_26,SMA_20,SMA_50,MACD_Hist,Volume_MA,ADX,MFI,EMA_12,MACD,SMA_10",EMA_26
INFY,2023-02-01,2023,0,Sideways,1,0.7448,BUY,0,1,0.602,BUY,0,10,"EMA_26,SMA_20,SMA_50,MACD_Hist,Volume_MA,ADX,MFI,EMA_12,MACD,SMA_10",EMA_26
INFY,2023-02-02,2023,0,Sideways,1,0.7406,BUY,0,1,0.9024,BUY,0,10,"EMA_26,SMA_20,SMA_50,MACD_Hist,Volume_MA,ADX,MFI,EMA_12,MACD,SMA_10",EMA_26
INFY,2023-02-03,2023,0,Sideways,1,0.7365,BUY,0,0,0.624,SELL,1,10,"EMA_26,MACD_Hist,Rolling_Median_Return,Rolling_Volatility,Volume_MA,SMA_50,MACD,BB_Width,SMA_10,SMA_20",EMA_26
INFY,2023-02-06,2023,0,Sideways,1,0.7325,BUY,0,0,0.6757,SELL,1,10,"EMA_26,MACD_Hist,Rolling_Median_Return,Rolling_Volatility,Volume_MA,SMA_50,MACD,BB_Width,SMA_10,SMA_20",EMA_26
INFY,2023-02-07,2023,0,Sideways,1,0.7284,BUY,0,0,0.6336,SELL,1,10,"EMA_26,MACD_Hist,Rolling_Median_Return,Rolling_Volatility,Volume_MA,SMA_50,MACD,BB_Width,SMA_10,SMA_20",EMA_26
INFY,2023-02-08,2023,0,Sideways,1,0.5949,BUY,0,0,0.6989,SELL,1,10,"EMA_26,MACD_Hist,Rolling_Median_Return,Rolling_Volatility,Volume_MA,SMA_50,MACD,BB_Width,SMA_10,SMA_20",EMA_26
INFY,2023-02-09,2023,0,Sideways,1,0.5941,BUY,0,0,0.6891,SELL,1,10,"EMA_26,MACD_Hist,Rolling_Median_Return,Rolling_Volatility,Volume_MA,SMA_50,MACD,BB_Width,SMA_10,SMA_20",EMA_26
INFY,2023-02-10,2023,0,Sideways,1,0.5933,BUY,0,0,0.7269,SELL,1,10,"EMA_26,MACD_Hist,Rolling_Median_Return,Rolling_Volatility,Volume_MA,SMA_50,MACD,BB_Width,SMA_10,SMA_20",EMA_26
INFY,2023-02-13,2023,0,Sideways,1,0.5926,BUY,0,0,0.7246,SELL,1,10,"EMA_26,MACD_Hist,Rolling_Median_Return,Rolling_Volatility,Volume_MA,SMA_50,MACD,BB_Width,SMA_10,SMA_20",EMA_26
INFY,2023-02-14,2023,0,Sideways,1,0.5918,BUY,0,0,0.7497,SELL,1,10,"EMA_26,MACD_Hist,Rolling_Median_Return,Rolling_Volatility,Volume_MA,SMA_50,MACD,BB_Width,SMA_10,SMA_20",EMA_26
INFY,2023-02-15,2023,0,Sideways,1,0.591,BUY,0,0,0.7602,SELL,1,10,"EMA_26,MACD_Hist,Rolling_Median_Return,Rolling_Volatility,Volume_MA,SMA_50,MACD,BB_Width,SMA_10,SMA_20",EMA_26
INFY,2023-02-16,2023,0,Sideways,1,0.5902,BUY,0,0,0.7422,SELL,1,10,"EMA_26,MACD_Hist,Rolling_Median_Return,Rolling_Volatility,Volume_MA,SMA_50,MACD,BB_Width,SMA_10,SMA_20",EMA_26
INFY,2023-02-17,2023,0,Sideways,1,0.7245,BUY,0,0,0.6895,SELL,1,10,"EMA_26,MACD_Hist,Rolling_Median_Return,Rolling_Volatility,Volume_MA,SMA_50,MACD,BB_Width,SMA_10,SMA_20",EMA_26
INFY,2023-02-20,2023,0,Sideways,1,0.7206,BUY,0,0,0.7427,SELL,1,10,"EMA_26,MACD_Hist,Rolling_Median_Return,Rolling_Volatility,Volume_MA,SMA_50,MACD,BB_Width,SMA_10,SMA_20",EMA_26
INFY,2023-02-21,2023,0,Sideways,0,0.5342,NO TRADE,1,0,0.7411,SELL,1,10,"EMA_26,MACD_Hist,Rolling_Median_Return,Rolling_Volatility,Volume_MA,SMA_50,MACD,BB_Width,SMA_10,SMA_20",EMA_26
INFY,2023-02-22,2023,0,Sideways,0,0.5578,SELL,1,0,0.6787,SELL,1,10,"EMA_26,MACD_Hist,Rolling_Median_Return,Rolling_Volatility,Volume_MA,SMA_50,MACD,BB_Width,SMA_10,SMA_20",EMA_26
INFY,2023-02-23,2023,0,Sideways,1,0.7167,BUY,0,0,0.5625,SELL,1,10,"EMA_26,MACD_Hist,Rolling_Median_Return,Rolling_Volatility,Volume_MA,SMA_50,MACD,BB_Width,SMA_10,SMA_20",EMA_26
INFY,2023-02-24,2023,0,Sideways,1,0.7128,BUY,0,0,0.6228,SELL,1,10,"EMA_26,MACD_Hist,Rolling_Median_Return,Rolling_Volatility,Volume_MA,SMA_50,MACD,BB_Width,SMA_10,SMA_20",EMA_26
INFY,2023-02-27,2023,0,Sideways,1,0.5895,BUY,0,0,0.6688,SELL,1,10,"EMA_26,MACD_Hist,Rolling_Median_Return,Rolling_Volatility,Volume_MA,SMA_50,MACD,BB_Width,SMA_10,SMA_20",EMA_26
INFY,2023-02-28,2023,0,Sideways,1,0.5887,BUY,0,0,0.6571,SELL,1,10,"EMA_26,MACD_Hist,Rolling_Median_Return,Rolling_Volatility,Volume_MA,SMA_50,MACD,BB_Width,SMA_10,SMA_20",EMA_26
INFY,2023-03-01,2023,0,Sideways,1,0.5879,BUY,0,0,0.688,SELL,1,10,"EMA_26,MACD_Hist,Rolling_Median_Return,Rolling_Volatility,Volume_MA,SMA_50,MACD,BB_Width,SMA_10,SMA_20",EMA_26
INFY,2023-03-02,2023,0,Sideways,1,0.5871,BUY,0,0,0.6606,SELL,1,10,"EMA_26,MACD_Hist,Rolling_Median_Return,Rolling_Volatility,Volume_MA,SMA_50,MACD,BB_Width,SMA_10,SMA_20",EMA_26
INFY,2023-03-03,2023,0,Sideways,1,0.5864,BUY,0,0,0.5958,SELL,1,10,"EMA_26,MACD_Hist,Rolling_Median_Return,Rolling_Volatility,Volume_MA,SMA_50,MACD,BB_Width,SMA_10,SMA_20",EMA_26
INFY,2023-03-06,2023,0,Sideways,1,0.5856,BUY,0,0,0.589,SELL,1,10,"EMA_26,MACD_Hist,Rolling_Median_Return,Rolling_Volatility,Volume_MA,SMA_50,MACD,BB_Width,SMA_10,SMA_20",EMA_26
INFY,2023-03-08,2023,0,Sideways,1,0.5849,BUY,0,0,0.5774,SELL,1,10,"EMA_26,MACD_Hist,Rolling_Median_Return,Rolling_Volatility,Volume_MA,SMA_50,MACD,BB_Width,SMA_10,SMA_20",EMA_26
INFY,2023-03-09,2023,0,Sideways,1,0.5841,BUY,0,0,0.5108,NO TRADE,1,10,"EMA_26,MACD_Hist,Rolling_Median_Return,Rolling_Volatility,Volume_MA,SMA_50,MACD,BB_Width,SMA_10,SMA_20",EMA_26
INFY,2023-03-10,2023,0,Sideways,1,0.5833,BUY,0,0,0.5163,NO TRADE,1,10,"EMA_26,MACD_Hist,Rolling_Median_Return,Rolling_Volatility,Volume_MA,SMA_50,MACD,BB_Width,SMA_10,SMA_20",EMA_26
INFY,2023-03-13,2023,0,Sideways,1,0.5826,BUY,0,0,0.5192,NO TRADE,1,10,"EMA_26,MACD_Hist,Rolling_Median_Return,Rolling_Volatility,Volume_MA,SMA_50,MACD,BB_Width,SMA_10,SMA_20",EMA_26
INFY,2023-03-14,2023,0,Sideways,1,0.5818,BUY,0,1,0.6961,BUY,0,10,"EMA_26,MACD_Hist,Rolling_Median_Return,Rolling_Volatility,Volume_MA,SMA_50,MACD,BB_Width,SMA_10,SMA_20",EMA_26
INFY,2023-03-15,2023,0,Sideways,1,0.5811,BUY,0,1,0.8328,BUY,0,10,"EMA_26,MACD_Hist,Rolling_Median_Return,Rolling_Volatility,Volume_MA,SMA_50,MACD,BB_Width,SMA_10,SMA_20",EMA_26
INFY,2023-03-16,2023,0,Sideways,1,0.5803,BUY,0,1,0.7997,BUY,0,10,"EMA_26,MACD_Hist,Rolling_Median_Return,Rolling_Volatility,Volume_MA,SMA_50,MACD,BB_Width,SMA_10,SMA_20",EMA_26
INFY,2023-03-17,2023,0,Sideways,1,0.5796,BUY,0,1,0.7752,BUY,0,10,"EMA_26,MACD_Hist,Rolling_Median_Return,Rolling_Volatility,Volume_MA,SMA_50,MACD,BB_Width,SMA_10,SMA_20",EMA_26
INFY,2023-03-20,2023,0,Sideways,1,0.5788,BUY,0,0,0.7223,SELL,1,10,"EMA_26,EMA_12,SMA_10,SMA_20,SMA_50,Rolling_Volatility,Volume_MA,BB_Upper,Rolling_Std_10,ATR_14",EMA_26
INFY,2023-03-21,2023,0,Sideways,1,0.5781,BUY,0,0,0.6885,SELL,1,10,"EMA_26,EMA_12,SMA_10,SMA_20,SMA_50,Rolling_Volatility,Volume_MA,BB_Upper,Rolling_Std_10,ATR_14",EMA_26
INFY,2023-03-22,2023,0,Sideways,1,0.5774,BUY,0,0,0.6872,SELL,1,10,"EMA_26,EMA_12,SMA_10,SMA_20,SMA_50,Rolling_Volatility,Volume_MA,BB_Upper,Rolling_Std_10,ATR_14",EMA_26
INFY,2023-03-23,2023,0,Sideways,0,0.9264,SELL,1,0,0.6835,SELL,1,10,"EMA_26,EMA_12,SMA_10,SMA_20,SMA_50,Rolling_Volatility,Volume_MA,BB_Upper,Rolling_Std_10,ATR_14",EMA_26
INFY,2023-03-24,2023,0,Sideways,0,0.9298,SELL,1,0,0.6897,SELL,1,10,"EMA_26,EMA_12,SMA_10,SMA_20,SMA_50,Rolling_Volatility,Volume_MA,BB_Upper,Rolling_Std_10,ATR_14",EMA_26
INFY,2023-03-27,2023,0,Sideways,0,0.8777,SELL,1,0,0.6727,SELL,1,10,"EMA_26,EMA_12,SMA_10,SMA_20,SMA_50,Rolling_Volatility,Volume_MA,BB_Upper,Rolling_Std_10,ATR_14",EMA_26
INFY,2023-03-28,2023,0,Sideways,0,0.8892,SELL,1,0,0.665,SELL,1,10,"EMA_26,EMA_12,SMA_10,SMA_20,SMA_50,Rolling_Volatility,Volume_MA,BB_Upper,Rolling_Std_10,ATR_14",EMA_26
INFY,2023-03-29,2023,0,Sideways,0,0.8683,SELL,1,0,0.6709,SELL,1,10,"EMA_26,EMA_12,SMA_10,SMA_20,SMA_50,Rolling_Volatility,Volume_MA,BB_Upper,Rolling_Std_10,ATR_14",EMA_26
INFY,2023-03-31,2023,0,Sideways,1,0.5075,NO TRADE,0,0,0.7199,SELL,1,10,"EMA_26,EMA_12,SMA_10,SMA_20,SMA_50,Rolling_Volatility,Volume_MA,BB_Upper,Rolling_Std_10,ATR_14",EMA_26
INFY,2023-04-03,2023,0,Sideways,1,0.709,BUY,0,0,0.7239,SELL,1,10,"EMA_26,EMA_12,SMA_10,SMA_20,SMA_50,Rolling_Volatility,Volume_MA,BB_Upper,Rolling_Std_10,ATR_14",EMA_26
INFY,2023-04-05,2023,0,Sideways,1,0.7053,BUY,0,0,0.7269,SELL,1,10,"EMA_26,EMA_12,SMA_10,SMA_20,SMA_50,Rolling_Volatility,Volume_MA,BB_Upper,Rolling_Std_10,ATR_14",EMA_26
INFY,2023-04-06,2023,0,Sideways,1,0.7015,BUY,0,0,0.7263,SELL,1,10,"EMA_26,EMA_12,SMA_10,SMA_20,SMA_50,Rolling_Volatility,Volume_MA,BB_Upper,Rolling_Std_10,ATR_14",EMA_26
INFY,2023-04-10,2023,0,Sideways,1,0.6259,BUY,0,0,0.7297,SELL,1,10,"EMA_26,EMA_12,SMA_10,SMA_20,SMA_50,Rolling_Volatility,Volume_MA,BB_Upper,Rolling_Std_10,ATR_14",EMA_26
INFY,2023-04-11,2023,0,Sideways,1,0.6979,BUY,0,0,0.7395,SELL,1,10,"EMA_26,EMA_12,SMA_10,SMA_20,SMA_50,Rolling_Volatility,Volume_MA,BB_Upper,Rolling_Std_10,ATR_14",EMA_26
INFY,2023-04-12,2023,0,Sideways,1,0.6279,BUY,0,0,0.7475,SELL,1,10,"EMA_26,EMA_12,SMA_10,SMA_20,SMA_50,Rolling_Volatility,Volume_MA,BB_Upper,Rolling_Std_10,ATR_14",EMA_26
INFY,2023-04-13,2023,0,Sideways,0,0.6062,SELL,1,0,0.7494,SELL,1,10,"EMA_26,EMA_12,SMA_10,SMA_20,SMA_50,Rolling_Volatility,Volume_MA,BB_Upper,Rolling_Std_10,ATR_14",EMA_26
INFY,2023-04-17,2023,1,Sideways,1,1.0,BUY,1,1,0.7731,BUY,1,10,"EMA_26,EMA_12,SMA_10,SMA_20,SMA_50,Rolling_Volatility,Volume_MA,BB_Upper,Rolling_Std_10,ATR_14",EMA_26
INFY,2023-04-18,2023,0,Sideways,1,0.8476,BUY,0,1,0.7809,BUY,0,10,"EMA_26,EMA_12,SMA_10,SMA_20,SMA_50,Rolling_Volatility,Volume_MA,BB_Upper,Rolling_Std_10,ATR_14",EMA_26
INFY,2023-04-19,2023,1,Sideways,1,0.7647,BUY,1,1,0.666,BUY,1,10,"EMA_26,EMA_12,SMA_10,SMA_20,SMA_50,Rolling_Volatility,Volume_MA,BB_Upper,Rolling_Std_10,ATR_14",EMA_26
INFY,2023-04-20,2023,1,Sideways,1,0.7985,BUY,1,1,0.6781,BUY,1,10,"EMA_26,EMA_12,SMA_10,SMA_20,SMA_50,Rolling_Volatility,Volume_MA,BB_Upper,Rolling_Std_10,ATR_14",EMA_26
INFY,2023-04-21,2023,1,Sideways,1,0.8452,BUY,1,1,0.683,BUY,1,10,"EMA_26,EMA_12,SMA_10,SMA_20,SMA_50,Rolling_Volatility,Volume_MA,BB_Upper,Rolling_Std_10,ATR_14",EMA_26
INFY,2023-04-24,2023,1,Sideways,1,0.8461,BUY,1,1,0.7,BUY,1,10,"EMA_26,EMA_12,SMA_10,SMA_20,SMA_50,Rolling_Volatility,Volume_MA,BB_Upper,Rolling_Std_10,ATR_14",EMA_26
INFY,2023-04-25,2023,1,Sideways,1,0.9186,BUY,1,1,0.7054,BUY,1,10,"EMA_26,EMA_12,SMA_10,SMA_20,SMA_50,Rolling_Volatility,Volume_MA,BB_Upper,Rolling_Std_10,ATR_14",EMA_26
INFY,2023-04-26,2023,1,Sideways,1,0.9675,BUY,1,1,0.7341,BUY,1,10,"EMA_26,EMA_12,SMA_10,SMA_20,SMA_50,Rolling_Volatility,Volume_MA,BB_Upper,Rolling_Std_10,ATR_14",EMA_26
INFY,2023-04-27,2023,1,Sideways,1,0.9896,BUY,1,1,0.75,BUY,1,10,"EMA_26,EMA_12,SMA_10,SMA_20,SMA_50,Rolling_Volatility,Volume_MA,BB_Upper,Rolling_Std_10,ATR_14",EMA_26
INFY,2023-04-28,2023,1,Sideways,1,0.9898,BUY,1,1,0.7617,BUY,1,10,"EMA_26,EMA_12,SMA_10,SMA_20,SMA_50,Rolling_Volatility,Volume_MA,BB_Upper,Rolling_Std_10,ATR_14",EMA_26
INFY,2023-05-02,2023,1,Sideways,1,0.9802,BUY,1,1,0.5189,NO TRADE,1,10,"EMA_26,EMA_12,SMA_10,SMA_20,SMA_50,Rolling_Volatility,Volume_MA,BB_Upper,Rolling_Std_10,ATR_14",EMA_26
INFY,2023-05-03,2023,1,Sideways,1,0.9761,BUY,1,1,0.529,NO TRADE,1,10,"EMA_26,EMA_12,SMA_10,SMA_20,SMA_50,Rolling_Volatility,Volume_MA,BB_Upper,Rolling_Std_10,ATR_14",EMA_26
INFY,2023-05-04,2023,1,Sideways,1,0.984,BUY,1,1,0.54,NO TRADE,1,10,"EMA_26,EMA_12,SMA_10,SMA_20,SMA_50,Rolling_Volatility,Volume_MA,BB_Upper,Rolling_Std_10,ATR_14",EMA_26
INFY,2023-05-05,2023,1,Sideways,1,0.9883,BUY,1,1,0.5437,NO TRADE,1,10,"EMA_26,EMA_12,SMA_10,SMA_20,SMA_50,Rolling_Volatility,Volume_MA,BB_Upper,Rolling_Std_10,ATR_14",EMA_26
INFY,2023-05-08,2023,1,Sideways,1,0.9893,BUY,1,1,0.7372,BUY,1,10,"EMA_26,Rolling_Volatility,SMA_10,Volume_MA,SMA_50,SMA_20,MACD,MACD_Hist,ADX,Stochastic",EMA_26
INFY,2023-05-09,2023,1,Sideways,1,0.9898,BUY,1,1,0.5741,BUY,1,10,"EMA_26,Rolling_Volatility,SMA_10,Volume_MA,SMA_50,SMA_20,MACD,MACD_Hist,ADX,Stochastic",EMA_26
INFY,2023-05-10,2023,1,Sideways,1,0.9854,BUY,1,1,0.6154,BUY,1,10,"EMA_26,Rolling_Volatility,SMA_10,Volume_MA,SMA_50,SMA_20,MACD,MACD_Hist,ADX,Stochastic",EMA_26
INFY,2023-05-11,2023,1,Sideways,1,0.983,BUY,1,1,0.6949,BUY,1,10,"EMA_26,Rolling_Volatility,SMA_10,Volume_MA,SMA_50,SMA_20,MACD,MACD_Hist,ADX,Stochastic",EMA_26
INFY,2023-05-12,2023,1,Sideways,1,0.9798,BUY,1,1,0.8446,BUY,1,10,"EMA_26,Rolling_Volatility,SMA_10,Volume_MA,SMA_50,SMA_20,MACD,MACD_Hist,ADX,Stochastic",EMA_26
INFY,2023-05-15,2023,1,Sideways,1,0.6942,BUY,1,1,0.8736,BUY,1,10,"EMA_26,Rolling_Volatility,SMA_10,Volume_MA,SMA_50,SMA_20,MACD,MACD_Hist,ADX,Stochastic",EMA_26
INFY,2023-05-16,2023,1,Sideways,1,0.6958,BUY,1,1,0.8027,BUY,1,10,"EMA_26,Rolling_Volatility,SMA_10,Volume_MA,SMA_50,SMA_20,MACD,MACD_Hist,ADX,Stochastic",EMA_26
INFY,2023-05-17,2023,1,Sideways,1,1.0,BUY,1,1,0.834,BUY,1,10,"EMA_26,Rolling_Volatility,SMA_10,Volume_MA,SMA_50,SMA_20,MACD,MACD_Hist,ADX,Stochastic",EMA_26
INFY,2023-05-18,2023,1,Sideways,1,1.0,BUY,1,1,0.816,BUY,1,10,"EMA_26,Rolling_Volatility,SMA_10,Volume_MA,SMA_50,SMA_20,MACD,MACD_Hist,ADX,Stochastic",EMA_26
INFY,2023-05-19,2023,1,Sideways,1,1.0,BUY,1,1,0.9969,BUY,1,10,"EMA_26,Rolling_Volatility,SMA_10,Volume_MA,SMA_50,SMA_20,MACD,MACD_Hist,ADX,Stochastic",EMA_26
INFY,2023-05-22,2023,1,Sideways,1,1.0,BUY,1,1,0.8114,BUY,1,10,"EMA_26,Rolling_Volatility,SMA_10,Volume_MA,SMA_50,SMA_20,MACD,MACD_Hist,ADX,Stochastic",EMA_26
INFY,2023-05-23,2023,1,Sideways,1,0.6974,BUY,1,1,0.5386,NO TRADE,1,10,"EMA_26,Rolling_Volatility,SMA_10,Volume_MA,SMA_50,SMA_20,MACD,MACD_Hist,ADX,Stochastic",EMA_26
INFY,2023-05-24,2023,1,Sideways,1,0.6989,BUY,1,1,0.5162,NO TRADE,1,10,"EMA_26,Rolling_Volatility,SMA_10,Volume_MA,SMA_50,SMA_20,MACD,MACD_Hist,ADX,Stochastic",EMA_26
INFY,2023-05-25,2023,0,Sideways,1,0.9895,BUY,0,1,0.5526,BUY,0,10,"EMA_26,Rolling_Volatility,SMA_10,Volume_MA,SMA_50,SMA_20,MACD,MACD_Hist,ADX,Stochastic",EMA_26
INFY,2023-05-26,2023,0,Sideways,1,0.9853,BUY,0,0,0.5169,NO TRADE,1,10,"EMA_26,Rolling_Volatility,SMA_10,Volume_MA,SMA_50,SMA_20,MACD,MACD_Hist,ADX,Stochastic",EMA_26
INFY,2023-05-29,2023,0,Sideways,1,0.969,BUY,0,0,0.5455,NO TRADE,1,10,"EMA_26,Rolling_Volatility,SMA_10,Volume_MA,SMA_50,SMA_20,MACD,MACD_Hist,ADX,Stochastic",EMA_26
INFY,2023-05-30,2023,0,Sideways,1,0.9603,BUY,0,0,0.5728,SELL,1,10,"EMA_26,Rolling_Volatility,SMA_10,Volume_MA,SMA_50,SMA_20,MACD,MACD_Hist,ADX,Stochastic",EMA_26
INFY,2023-05-31,2023,0,Sideways,1,0.9808,BUY,0,0,0.5526,SELL,1,10,"EMA_26,Rolling_Volatility,SMA_10,Volume_MA,SMA_50,SMA_20,MACD,MACD_Hist,ADX,Stochastic",EMA_26
INFY,2023-06-01,2023,1,Sideways,1,0.9656,BUY,1,0,0.589,SELL,0,10,"EMA_26,Rolling_Volatility,SMA_10,Volume_MA,SMA_50,SMA_20,MACD,MACD_Hist,ADX,Stochastic",EMA_26
INFY,2023-06-02,2023,1,Sideways,1,0.959,BUY,1,0,0.5404,NO TRADE,0,10,"EMA_26,Rolling_Volatility,SMA_10,Volume_MA,SMA_50,SMA_20,MACD,MACD_Hist,ADX,Stochastic",EMA_26
INFY,2023-06-05,2023,1,Sideways,1,0.9796,BUY,1,0,0.5484,NO TRADE,0,10,"EMA_26,Rolling_Volatility,SMA_10,Volume_MA,SMA_50,SMA_20,MACD,MACD_Hist,ADX,Stochastic",EMA_26
INFY,2023-06-06,2023,1,Sideways,1,0.9563,BUY,1,1,0.5674,BUY,1,10,"EMA_26,Rolling_Volatility,SMA_10,Volume_MA,SMA_50,SMA_20,MACD,MACD_Hist,ADX,Stochastic",EMA_26
INFY,2023-06-07,2023,1,Sideways,1,0.7005,BUY,1,1,0.6523,BUY,1,10,"EMA_26,Rolling_Volatility,SMA_10,Volume_MA,SMA_50,SMA_20,MACD,MACD_Hist,ADX,Stochastic",EMA_26
INFY,2023-06-08,2023,1,Sideways,1,0.702,BUY,1,1,0.845,BUY,1,10,"EMA_26,Rolling_Volatility,SMA_10,Volume_MA,SMA_50,SMA_20,MACD,MACD_Hist,ADX,Stochastic",EMA_26
INFY,2023-06-09,2023,1,Sideways,1,0.7035,BUY,1,1,0.9999,BUY,1,10,"EMA_26,Rolling_Volatility,SMA_10,Volume_MA,SMA_50,SMA_20,MACD,MACD_Hist,ADX,Stochastic",EMA_26
INFY,2023-06-12,2023,1,Sideways,1,0.705,BUY,1,1,1.0,BUY,1,10,"EMA_26,Rolling_Volatility,SMA_10,Volume_MA,SMA_50,SMA_20,MACD,MACD_Hist,ADX,Stochastic",EMA_26
INFY,2023-06-13,2023,1,Sideways,1,0.7065,BUY,1,1,1.0,BUY,1,10,"EMA_26,Rolling_Volatility,SMA_10,Volume_MA,SMA_50,SMA_20,MACD,MACD_Hist,ADX,Stochastic",EMA_26
INFY,2023-06-14,2023,1,Sideways,1,0.7079,BUY,1,1,0.7048,BUY,1,10,"EMA_26,Rolling_Volatility,SMA_10,Volume_MA,SMA_50,SMA_20,MACD,MACD_Hist,ADX,Stochastic",EMA_26
INFY,2023-06-15,2023,1,Sideways,1,0.7094,BUY,1,1,0.7589,BUY,1,10,"EMA_26,Rolling_Volatility,SMA_10,Volume_MA,SMA_50,SMA_20,MACD,MACD_Hist,ADX,Stochastic",EMA_26
INFY,2023-06-16,2023,1,Sideways,1,0.7108,BUY,1,1,0.8667,BUY,1,10,"EMA_26,Rolling_Volatility,SMA_10,Volume_MA,SMA_50,SMA_20,MACD,MACD_Hist,ADX,Stochastic",EMA_26
INFY,2023-06-19,2023,1,Sideways,1,1.0,BUY,1,0,0.5191,NO TRADE,0,10,"SMA_20,Volume_MA,SMA_10,OBV,SMA_50,Rolling_Volatility,MFI,MACD_Signal,EMA_26,CCI",SMA_20
INFY,2023-06-20,2023,1,Sideways,1,1.0,BUY,1,0,0.5474,NO TRADE,0,10,"SMA_20,Volume_MA,SMA_10,OBV,SMA_50,Rolling_Volatility,MFI,MACD_Signal,EMA_26,CCI",SMA_20
INFY,2023-06-21,2023,1,Sideways,1,1.0,BUY,1,0,0.5541,SELL,0,10,"SMA_20,Volume_MA,SMA_10,OBV,SMA_50,Rolling_Volatility,MFI,MACD_Signal,EMA_26,CCI",SMA_20
INFY,2023-06-22,2023,1,Sideways,1,1.0,BUY,1,0,0.5529,SELL,0,10,"SMA_20,Volume_MA,SMA_10,OBV,SMA_50,Rolling_Volatility,MFI,MACD_Signal,EMA_26,CCI",SMA_20
INFY,2023-06-23,2023,1,Sideways,1,1.0,BUY,1,1,0.5163,NO TRADE,1,10,"SMA_20,Volume_MA,SMA_10,OBV,SMA_50,Rolling_Volatility,MFI,MACD_Signal,EMA_26,CCI",SMA_20
INFY,2023-06-26,2023,1,Sideways,1,1.0,BUY,1,1,0.5443,NO TRADE,1,10,"SMA_20,Volume_MA,SMA_10,OBV,SMA_50,Rolling_Volatility,MFI,MACD_Signal,EMA_26,CCI",SMA_20
INFY,2023-06-27,2023,1,Sideways,1,0.7122,BUY,1,1,0.5806,BUY,1,10,"SMA_20,Volume_MA,SMA_10,OBV,SMA_50,Rolling_Volatility,MFI,MACD_Signal,EMA_26,CCI",SMA_20
INFY,2023-06-28,2023,1,Sideways,1,0.7137,BUY,1,1,0.5544,BUY,1,10,"SMA_20,Volume_MA,SMA_10,OBV,SMA_50,Rolling_Volatility,MFI,MACD_Signal,EMA_26,CCI",SMA_20
INFY,2023-06-30,2023,1,Sideways,1,0.715,BUY,1,1,0.5891,BUY,1,10,"SMA_20,Volume_MA,SMA_10,OBV,SMA_50,Rolling_Volatility,MFI,MACD_Signal,EMA_26,CCI",SMA_20
INFY,2023-07-03,2023,1,Sideways,1,0.7164,BUY,1,1,0.8605,BUY,1,10,"SMA_20,Volume_MA,SMA_10,OBV,SMA_50,Rolling_Volatility,MFI,MACD_Signal,EMA_26,CCI",SMA_20
INFY,2023-07-04,2023,1,Sideways,1,0.9483,BUY,1,1,0.8667,BUY,1,10,"SMA_20,Volume_MA,SMA_10,OBV,SMA_50,Rolling_Volatility,MFI,MACD_Signal,EMA_26,CCI",SMA_20
INFY,2023-07-05,2023,1,Sideways,1,0.9303,BUY,1,1,0.8723,BUY,1,10,"SMA_20,Volume_MA,SMA_10,OBV,SMA_50,Rolling_Volatility,MFI,MACD_Signal,EMA_26,CCI",SMA_20
INFY,2023-07-06,2023,1,Sideways,1,0.9242,BUY,1,1,0.8775,BUY,1,10,"SMA_20,Volume_MA,SMA_10,OBV,SMA_50,Rolling_Volatility,MFI,MACD_Signal,EMA_26,CCI",SMA_20
INFY,2023-07-07,2023,1,Sideways,1,0.903,BUY,1,1,0.5807,BUY,1,10,"SMA_20,Volume_MA,SMA_10,OBV,SMA_50,Rolling_Volatility,MFI,MACD_Signal,EMA_26,CCI",SMA_20
INFY,2023-07-10,2023,1,Sideways,1,0.9256,BUY,1,1,0.5845,BUY,1,10,"SMA_20,Volume_MA,SMA_10,OBV,SMA_50,Rolling_Volatility,MFI,MACD_Signal,EMA_26,CCI",SMA_20
INFY,2023-07-11,2023,1,Sideways,1,0.9392,BUY,1,1,0.5909,BUY,1,10,"SMA_20,Volume_MA,SMA_10,OBV,SMA_50,Rolling_Volatility,MFI,MACD_Signal,EMA_26,CCI",SMA_20
INFY,2023-07-12,2023,1,Sideways,1,0.8987,BUY,1,1,0.6042,BUY,1,10,"SMA_20,Volume_MA,SMA_10,OBV,SMA_50,Rolling_Volatility,MFI,MACD_Signal,EMA_26,CCI",SMA_20
INFY,2023-07-13,2023,1,Sideways,1,0.945,BUY,1,1,0.6331,BUY,1,10,"SMA_20,Volume_MA,SMA_10,OBV,SMA_50,Rolling_Volatility,MFI,MACD_Signal,EMA_26,CCI",SMA_20
INFY,2023-07-14,2023,0,Sideways,1,0.986,BUY,0,1,0.8823,BUY,0,10,"SMA_20,Volume_MA,SMA_10,OBV,SMA_50,Rolling_Volatility,MFI,MACD_Signal,EMA_26,CCI",SMA_20
INFY,2023-07-17,2023,0,Sideways,1,0.8094,BUY,0,1,0.849,BUY,0,10,"SMA_20,Volume_MA,SMA_10,OBV,SMA_50,Rolling_Volatility,MFI,MACD_Signal,EMA_26,CCI",SMA_20
INFY,2023-07-18,2023,0,Sideways,1,0.963,BUY,0,1,0.8182,BUY,0,10,"SMA_20,Volume_MA,SMA_10,OBV,SMA_50,Rolling_Volatility,MFI,MACD_Signal,EMA_26,CCI",SMA_20
INFY,2023-07-19,2023,0,Sideways,1,0.8009,BUY,0,1,0.7895,BUY,0,10,"SMA_20,Volume_MA,SMA_10,OBV,SMA_50,Rolling_Volatility,MFI,MACD_Signal,EMA_26,CCI",SMA_20
INFY,2023-07-20,2023,0,Sideways,1,0.7177,BUY,0,1,0.7627,BUY,0,10,"SMA_20,Volume_MA,SMA_10,OBV,SMA_50,Rolling_Volatility,MFI,MACD_Signal,EMA_26,CCI",SMA_20
INFY,2023-07-21,2023,1,Sideways,1,1.0,BUY,1,1,0.716,BUY,1,10,"SMA_20,Volume_MA,SMA_10,OBV,SMA_50,Rolling_Volatility,MFI,MACD_Signal,EMA_26,CCI",SMA_20
INFY,2023-07-24,2023,1,Sideways,1,0.9662,BUY,1,1,0.7474,BUY,1,10,"SMA_20,Volume_MA,SMA_10,OBV,SMA_50,Rolling_Volatility,MFI,MACD_Signal,EMA_26,CCI",SMA_20
INFY,2023-07-25,2023,1,Sideways,1,0.9644,BUY,1,1,0.7282,BUY,1,10,"SMA_20,Volume_MA,SMA_10,OBV,SMA_50,Rolling_Volatility,MFI,MACD_Signal,EMA_26,CCI",SMA_20
INFY,2023-07-26,2023,1,Sideways,1,0.9783,BUY,1,1,0.7164,BUY,1,10,"SMA_20,Volume_MA,SMA_10,OBV,SMA_50,Rolling_Volatility,MFI,MACD_Signal,EMA_26,CCI",SMA_20
INFY,2023-07-27,2023,1,Sideways,1,0.9596,BUY,1,1,0.723,BUY,1,10,"SMA_20,Volume_MA,SMA_10,OBV,SMA_50,Rolling_Volatility,MFI,MACD_Signal,EMA_26,CCI",SMA_20
INFY,2023-07-28,2023,1,Sideways,1,0.8765,BUY,1,1,0.6965,BUY,1,10,"SMA_20,Volume_MA,SMA_10,OBV,SMA_50,Rolling_Volatility,MFI,MACD_Signal,EMA_26,CCI",SMA_20
INFY,2023-07-31,2023,1,Sideways,1,0.9043,BUY,1,1,0.7163,BUY,1,10,"SMA_20,Volume_MA,SMA_10,OBV,SMA_50,Rolling_Volatility,MFI,MACD_Signal,EMA_26,CCI",SMA_20
INFY,2023-08-01,2023,1,Sideways,1,0.8982,BUY,1,1,0.7419,BUY,1,10,"Volume_MA,SMA_10,SMA_50,SMA_20,OBV,Return_5d,Rolling_Median_Return,ATR_14,MACD_Signal,BB_Upper",Volume_MA
INFY,2023-08-02,2023,1,Sideways,1,0.8963,BUY,1,1,0.7457,BUY,1,10,"Volume_MA,SMA_10,SMA_50,SMA_20,OBV,Return_5d,Rolling_Median_Return,ATR_14,MACD_Signal,BB_Upper",Volume_MA
INFY,2023-08-03,2023,1,Sideways,1,0.9159,BUY,1,1,0.7768,BUY,1,10,"Volume_MA,SMA_10,SMA_50,SMA_20,OBV,Return_5d,Rolling_Median_Return,ATR_14,MACD_Signal,BB_Upper",Volume_MA
INFY,2023-08-04,2023,1,Sideways,1,0.9091,BUY,1,1,0.7852,BUY,1,10,"Volume_MA,SMA_10,SMA_50,SMA_20,OBV,Return_5d,Rolling_Median_Return,ATR_14,MACD_Signal,BB_Upper",Volume_MA
INFY,2023-08-07,2023,1,Sideways,1,0.9365,BUY,1,1,0.7798,BUY,1,10,"Volume_MA,SMA_10,SMA_50,SMA_20,OBV,Return_5d,Rolling_Median_Return,ATR_14,MACD_Signal,BB_Upper",Volume_MA
INFY,2023-08-08,2023,1,Sideways,1,0.9485,BUY,1,1,0.7822,BUY,1,10,"Volume_MA,SMA_10,SMA_50,SMA_20,OBV,Return_5d,Rolling_Median_Return,ATR_14,MACD_Signal,BB_Upper",Volume_MA
INFY,2023-08-09,2023,1,Sideways,1,0.9644,BUY,1,1,0.7928,BUY,1,10,"Volume_MA,SMA_10,SMA_50,SMA_20,OBV,Return_5d,Rolling_Median_Return,ATR_14,MACD_Signal,BB_Upper",Volume_MA
INFY,2023-08-10,2023,1,Sideways,1,0.9659,BUY,1,1,0.7966,BUY,1,10,"Volume_MA,SMA_10,SMA_50,SMA_20,OBV,Return_5d,Rolling_Median_Return,ATR_14,MACD_Signal,BB_Upper",Volume_MA
INFY,2023-08-11,2023,1,Sideways,1,0.94,BUY,1,1,0.8068,BUY,1,10,"Volume_MA,SMA_10,SMA_50,SMA_20,OBV,Return_5d,Rolling_Median_Return,ATR_14,MACD_Signal,BB_Upper",Volume_MA
INFY,2023-08-14,2023,1,Sideways,1,0.7178,BUY,1,1,0.807,BUY,1,10,"Volume_MA,SMA_10,SMA_50,SMA_20,OBV,Return_5d,Rolling_Median_Return,ATR_14,MACD_Signal,BB_Upper",Volume_MA
INFY,2023-08-16,2023,1,Sideways,1,0.9119,BUY,1,1,0.7993,BUY,1,10,"Volume_MA,SMA_10,SMA_50,SMA_20,OBV,Return_5d,Rolling_Median_Return,ATR_14,MACD_Signal,BB_Upper",Volume_MA
INFY,2023-08-17,2023,1,Sideways,1,0.9135,BUY,1,1,0.7993,BUY,1,10,"Volume_MA,SMA_10,SMA_50,SMA_20,OBV,Return_5d,Rolling_Median_Return,ATR_14,MACD_Signal,BB_Upper",Volume_MA
INFY,2023-08-18,2023,1,Sideways,1,0.7191,BUY,1,1,0.7834,BUY,1,10,"Volume_MA,SMA_10,SMA_50,SMA_20,OBV,Return_5d,Rolling_Median_Return,ATR_14,MACD_Signal,BB_Upper",Volume_MA
INFY,2023-08-21,2023,1,Sideways,1,0.7205,BUY,1,1,0.7677,BUY,1,10,"Volume_MA,SMA_10,SMA_50,SMA_20,OBV,Return_5d,Rolling_Median_Return,ATR_14,MACD_Signal,BB_Upper",Volume_MA
INFY,2023-08-22,2023,1,Sideways,1,0.7218,BUY,1,1,0.7194,BUY,1,10,"Volume_MA,SMA_10,SMA_50,SMA_20,OBV,Return_5d,Rolling_Median_Return,ATR_14,MACD_Signal,BB_Upper",Volume_MA
INFY,2023-08-23,2023,1,Sideways,1,0.7231,BUY,1,1,0.7778,BUY,1,10,"Volume_MA,SMA_10,SMA_50,SMA_20,OBV,Return_5d,Rolling_Median_Return,ATR_14,MACD_Signal,BB_Upper",Volume_MA
INFY,2023-08-24,2023,1,Sideways,1,0.7244,BUY,1,1,0.7717,BUY,1,10,"Volume_MA,SMA_10,SMA_50,SMA_20,OBV,Return_5d,Rolling_Median_Return,ATR_14,MACD_Signal,BB_Upper",Volume_MA
INFY,2023-08-25,2023,1,Sideways,1,0.7257,BUY,1,1,0.7702,BUY,1,10,"Volume_MA,SMA_10,SMA_50,SMA_20,OBV,Return_5d,Rolling_Median_Return,ATR_14,MACD_Signal,BB_Upper",Volume_MA
INFY,2023-08-28,2023,1,Sideways,1,0.727,BUY,1,1,0.7726,BUY,1,10,"Volume_MA,SMA_10,SMA_50,SMA_20,OBV,Return_5d,Rolling_Median_Return,ATR_14,MACD_Signal,BB_Upper",Volume_MA
INFY,2023-08-29,2023,1,Sideways,1,0.7283,BUY,1,1,0.7608,BUY,1,10,"Volume_MA,SMA_10,SMA_50,SMA_20,OBV,Return_5d,Rolling_Median_Return,ATR_14,MACD_Signal,BB_Upper",Volume_MA
INFY,2023-08-30,2023,1,Sideways,1,0.7295,BUY,1,1,0.7553,BUY,1,10,"Volume_MA,SMA_10,SMA_50,SMA_20,OBV,Return_5d,Rolling_Median_Return,ATR_14,MACD_Signal,BB_Upper",Volume_MA
INFY,2023-08-31,2023,0,Sideways,1,0.7308,BUY,0,1,0.7689,BUY,0,10,"Volume_MA,SMA_10,SMA_50,SMA_20,OBV,Return_5d,Rolling_Median_Return,ATR_14,MACD_Signal,BB_Upper",Volume_MA
INFY,2023-09-01,2023,0,Sideways,1,0.7274,BUY,0,1,0.77,BUY,0,10,"Volume_MA,SMA_10,SMA_50,SMA_20,OBV,Return_5d,Rolling_Median_Return,ATR_14,MACD_Signal,BB_Upper",Volume_MA
INFY,2023-09-04,2023,0,Sideways,1,0.7241,BUY,0,1,0.746,BUY,0,10,"Volume_MA,SMA_10,SMA_50,SMA_20,OBV,Return_5d,Rolling_Median_Return,ATR_14,MACD_Signal,BB_Upper",Volume_MA
INFY,2023-09-05,2023,0,Sideways,1,0.9272,BUY,0,1,0.7254,BUY,0,10,"Volume_MA,SMA_10,SMA_50,SMA_20,OBV,Return_5d,Rolling_Median_Return,ATR_14,MACD_Signal,BB_Upper",Volume_MA
INFY,2023-09-06,2023,1,Sideways,1,0.8549,BUY,1,1,0.709,BUY,1,10,"Volume_MA,SMA_10,SMA_50,SMA_20,OBV,Return_5d,Rolling_Median_Return,ATR_14,MACD_Signal,BB_Upper",Volume_MA
INFY,2023-09-07,2023,1,Sideways,1,0.8445,BUY,1,1,0.7017,BUY,1,10,"Volume_MA,SMA_10,SMA_50,SMA_20,OBV,Return_5d,Rolling_Median_Return,ATR_14,MACD_Signal,BB_Upper",Volume_MA
INFY,2023-09-08,2023,1,Sideways,1,0.8651,BUY,1,1,0.7295,BUY,1,10,"Volume_MA,SMA_10,SMA_50,SMA_20,OBV,Return_5d,Rolling_Median_Return,ATR_14,MACD_Signal,BB_Upper",Volume_MA
INFY,2023-09-11,2023,1,Sideways,1,0.8823,BUY,1,1,0.7445,BUY,1,10,"Volume_MA,SMA_10,SMA_50,SMA_20,OBV,Return_5d,Rolling_Median_Return,ATR_14,MACD_Signal,BB_Upper",Volume_MA
INFY,2023-09-12,2023,0,Sideways,1,0.8539,BUY,0,1,0.726,BUY,0,10,"Volume_MA,SMA_10,SMA_50,SMA_20,OBV,Return_5d,Rolling_Median_Return,ATR_14,MACD_Signal,BB_Upper",Volume_MA
INFY,2023-09-13,2023,0,Sideways,1,0.7985,BUY,0,1,0.7377,BUY,0,10,"Rolling_Mean_Return,Rolling_Median_Return,SMA_10,BB_Upper,SMA_50,Return_5d,Volume_MA,MFI,RSI_14,OBV",Rolling_Mean_Return
INFY,2023-09-14,2023,0,Sideways,1,0.7738,BUY,0,1,0.7143,BUY,0,10,"Rolling_Mean_Return,Rolling_Median_Return,SMA_10,BB_Upper,SMA_50,Return_5d,Volume_MA,MFI,RSI_14,OBV",Rolling_Mean_Return
INFY,2023-09-15,2023,0,Sideways,1,0.8006,BUY,0,1,0.6923,BUY,0,10,"Rolling_Mean_Return,Rolling_Median_Return,SMA_10,BB_Upper,SMA_50,Return_5d,Volume_MA,MFI,RSI_14,OBV",Rolling_Mean_Return
INFY,2023-09-18,2023,0,Sideways,1,0.7351,BUY,0,1,0.6716,BUY,0,10,"Rolling_Mean_Return,Rolling_Median_Return,SMA_10,BB_Upper,SMA_50,Return_5d,Volume_MA,MFI,RSI_14,OBV",Rolling_Mean_Return
INFY,2023-09-20,2023,0,Sideways,1,0.6901,BUY,0,1,0.6522,BUY,0,10,"Rolling_Mean_Return,Rolling_Median_Return,SMA_10,BB_Upper,SMA_50,Return_5d,Volume_MA,MFI,RSI_14,OBV",Rolling_Mean_Return
INFY,2023-09-21,2023,0,Sideways,1,0.6345,BUY,0,1,0.6338,BUY,0,10,"Rolling_Mean_Return,Rolling_Median_Return,SMA_10,BB_Upper,SMA_50,Return_5d,Volume_MA,MFI,RSI_14,OBV",Rolling_Mean_Return
INFY,2023-09-22,2023,0,Sideways,1,0.7208,BUY,0,1,0.6164,BUY,0,10,"Rolling_Mean_Return,Rolling_Median_Return,SMA_10,BB_Upper,SMA_50,Return_5d,Volume_MA,MFI,RSI_14,OBV",Rolling_Mean_Return
INFY,2023-09-25,2023,0,Sideways,1,0.7176,BUY,0,1,0.6,BUY,0,10,"Rolling_Mean_Return,Rolling_Median_Return,SMA_10,BB_Upper,SMA_50,Return_5d,Volume_MA,MFI,RSI_14,OBV",Rolling_Mean_Return
INFY,2023-09-26,2023,0,Sideways,1,0.7143,BUY,0,1,0.5844,BUY,0,10,"Rolling_Mean_Return,Rolling_Median_Return,SMA_10,BB_Upper,SMA_50,Return_5d,Volume_MA,MFI,RSI_14,OBV",Rolling_Mean_Return
INFY,2023-09-27,2023,0,Sideways,1,0.7112,BUY,0,1,0.5696,BUY,0,10,"Rolling_Mean_Return,Rolling_Median_Return,SMA_10,BB_Upper,SMA_50,Return_5d,Volume_MA,MFI,RSI_14,OBV",Rolling_Mean_Return
INFY,2023-09-28,2023,0,Sideways,1,0.708,BUY,0,1,0.5555,BUY,0,10,"Rolling_Mean_Return,Rolling_Median_Return,SMA_10,BB_Upper,SMA_50,Return_5d,Volume_MA,MFI,RSI_14,OBV",Rolling_Mean_Return
INFY,2023-09-29,2023,0,Sideways,0,0.6578,SELL,1,1,0.5299,NO TRADE,0,10,"Rolling_Mean_Return,Rolling_Median_Return,SMA_10,BB_Upper,SMA_50,Return_5d,Volume_MA,MFI,RSI_14,OBV",Rolling_Mean_Return
INFY,2023-10-03,2023,0,Sideways,0,0.681,SELL,1,0,0.5088,NO TRADE,1,10,"Rolling_Mean_Return,Rolling_Median_Return,SMA_10,BB_Upper,SMA_50,Return_5d,Volume_MA,MFI,RSI_14,OBV",Rolling_Mean_Return
INFY,2023-10-04,2023,0,Sideways,0,0.6866,SELL,1,1,0.5617,BUY,0,10,"Rolling_Mean_Return,Rolling_Median_Return,SMA_10,BB_Upper,SMA_50,Return_5d,Volume_MA,MFI,RSI_14,OBV",Rolling_Mean_Return
INFY,2023-10-05,2023,0,Sideways,0,0.7111,SELL,1,1,0.5706,BUY,0,10,"Rolling_Mean_Return,Rolling_Median_Return,SMA_10,BB_Upper,SMA_50,Return_5d,Volume_MA,MFI,RSI_14,OBV",Rolling_Mean_Return
INFY,2023-10-06,2023,0,Sideways,0,0.6371,SELL,1,1,0.5599,BUY,0,10,"Rolling_Mean_Return,Rolling_Median_Return,SMA_10,BB_Upper,SMA_50,Return_5d,Volume_MA,MFI,RSI_14,OBV",Rolling_Mean_Return
INFY,2023-10-09,2023,0,Sideways,0,0.6414,SELL,1,1,0.5706,BUY,0,10,"Rolling_Mean_Return,Rolling_Median_Return,SMA_10,BB_Upper,SMA_50,Return_5d,Volume_MA,MFI,RSI_14,OBV",Rolling_Mean_Return
INFY,2023-10-10,2023,0,Sideways,0,0.6186,SELL,1,1,0.6156,BUY,0,10,"Rolling_Mean_Return,Rolling_Median_Return,SMA_10,BB_Upper,SMA_50,Return_5d,Volume_MA,MFI,RSI_14,OBV",Rolling_Mean_Return
INFY,2023-10-11,2023,0,Sideways,0,0.6764,SELL,1,1,0.6347,BUY,0,10,"Rolling_Mean_Return,Rolling_Median_Return,SMA_10,BB_Upper,SMA_50,Return_5d,Volume_MA,MFI,RSI_14,OBV",Rolling_Mean_Return
INFY,2023-10-12,2023,0,Sideways,0,0.5963,SELL,1,1,0.5699,BUY,0,10,"Rolling_Mean_Return,Rolling_Median_Return,SMA_10,BB_Upper,SMA_50,Return_5d,Volume_MA,MFI,RSI_14,OBV",Rolling_Mean_Return
INFY,2023-10-13,2023,0,Sideways,0,0.6374,SELL,1,1,0.6243,BUY,0,10,"Rolling_Mean_Return,Rolling_Median_Return,SMA_10,BB_Upper,SMA_50,Return_5d,Volume_MA,MFI,RSI_14,OBV",Rolling_Mean_Return
INFY,2023-10-16,2023,0,Sideways,0,0.8838,SELL,1,1,0.6159,BUY,0,10,"Rolling_Mean_Return,Rolling_Median_Return,SMA_10,BB_Upper,SMA_50,Return_5d,Volume_MA,MFI,RSI_14,OBV",Rolling_Mean_Return
INFY,2023-10-17,2023,1,Sideways,0,0.8561,SELL,0,1,0.6371,BUY,1,10,"Rolling_Mean_Return,Rolling_Median_Return,SMA_10,BB_Upper,SMA_50,Return_5d,Volume_MA,MFI,RSI_14,OBV",Rolling_Mean_Return
INFY,2023-10-18,2023,1,Sideways,0,0.8506,SELL,0,1,0.6161,BUY,1,10,"Rolling_Mean_Return,Rolling_Median_Return,SMA_10,BB_Upper,SMA_50,Return_5d,Volume_MA,MFI,RSI_14,OBV",Rolling_Mean_Return
INFY,2023-10-19,2023,1,Sideways,0,0.8615,SELL,0,1,0.5678,BUY,1,10,"Rolling_Mean_Return,Rolling_Median_Return,SMA_10,BB_Upper,SMA_50,Return_5d,Volume_MA,MFI,RSI_14,OBV",Rolling_Mean_Return
INFY,2023-10-20,2023,1,Sideways,0,0.8081,SELL,0,1,0.5204,NO TRADE,1,10,"Rolling_Mean_Return,Rolling_Median_Return,SMA_10,BB_Upper,SMA_50,Return_5d,Volume_MA,MFI,RSI_14,OBV",Rolling_Mean_Return
INFY,2023-10-23,2023,1,Sideways,0,0.8097,SELL,0,0,0.5631,SELL,0,10,"Rolling_Mean_Return,Rolling_Median_Return,SMA_10,BB_Upper,SMA_50,Return_5d,Volume_MA,MFI,RSI_14,OBV",Rolling_Mean_Return
INFY,2023-10-25,2023,1,Sideways,0,0.8097,SELL,0,0,0.6465,SELL,0,10,"Rolling_Mean_Return,Rolling_Median_Return,SMA_10,BB_Upper,SMA_50,Return_5d,Volume_MA,MFI,RSI_14,OBV",Rolling_Mean_Return
INFY,2023-10-26,2023,1,Sideways,0,0.8839,SELL,0,0,0.6579,SELL,0,10,"Rolling_Mean_Return,Rolling_Median_Return,SMA_10,BB_Upper,SMA_50,Return_5d,Volume_MA,MFI,RSI_14,OBV",Rolling_Mean_Return
INFY,2023-10-27,2023,1,Sideways,0,0.8532,SELL,0,1,0.5417,NO TRADE,1,10,"Rolling_Mean_Return,Rolling_Median_Return,SMA_10,BB_Upper,SMA_50,Return_5d,Volume_MA,MFI,RSI_14,OBV",Rolling_Mean_Return
INFY,2023-10-30,2023,1,Sideways,0,0.8064,SELL,0,0,0.5713,SELL,0,10,"EMA_26,Volume_MA,OBV,SMA_50,SMA_20,MACD_Signal,EMA_12,ADX,BB_Width,SMA_10",EMA_26
INFY,2023-10-31,2023,1,Sideways,0,0.8204,SELL,0,0,0.5396,NO TRADE,0,10,"EMA_26,Volume_MA,OBV,SMA_50,SMA_20,MACD_Signal,EMA_12,ADX,BB_Width,SMA_10",EMA_26
INFY,2023-11-01,2023,1,Sideways,0,0.8231,SELL,0,1,0.5082,NO TRADE,1,10,"EMA_26,Volume_MA,OBV,SMA_50,SMA_20,MACD_Signal,EMA_12,ADX,BB_Width,SMA_10",EMA_26
INFY,2023-11-02,2023,1,Sideways,0,0.7778,SELL,0,1,0.5537,BUY,1,10,"EMA_26,Volume_MA,OBV,SMA_50,SMA_20,MACD_Signal,EMA_12,ADX,BB_Width,SMA_10",EMA_26
INFY,2023-11-03,2023,1,Sideways,0,0.6712,SELL,0,1,0.5615,BUY,1,10,"EMA_26,Volume_MA,OBV,SMA_50,SMA_20,MACD_Signal,EMA_12,ADX,BB_Width,SMA_10",EMA_26
INFY,2023-11-06,2023,1,Sideways,0,0.5988,SELL,0,1,0.5288,NO TRADE,1,10,"EMA_26,Volume_MA,OBV,SMA_50,SMA_20,MACD_Signal,EMA_12,ADX,BB_Width,SMA_10",EMA_26
INFY,2023-11-07,2023,1,Sideways,1,0.5228,NO TRADE,1,0,0.5093,NO TRADE,0,10,"EMA_26,Volume_MA,OBV,SMA_50,SMA_20,MACD_Signal,EMA_12,ADX,BB_Width,SMA_10",EMA_26
INFY,2023-11-08,2023,1,Sideways,1,0.7048,BUY,1,0,0.5409,NO TRADE,0,10,"EMA_26,Volume_MA,OBV,SMA_50,SMA_20,MACD_Signal,EMA_12,ADX,BB_Width,SMA_10",EMA_26
INFY,2023-11-09,2023,1,Sideways,1,0.7061,BUY,1,0,0.5083,NO TRADE,0,10,"EMA_26,Volume_MA,OBV,SMA_50,SMA_20,MACD_Signal,EMA_12,ADX,BB_Width,SMA_10",EMA_26
INFY,2023-11-10,2023,1,Sideways,1,0.7074,BUY,1,1,0.5315,NO TRADE,1,10,"EMA_26,Volume_MA,OBV,SMA_50,SMA_20,MACD_Signal,EMA_12,ADX,BB_Width,SMA_10",EMA_26
INFY,2023-11-13,2023,1,Sideways,1,0.7087,BUY,1,1,0.5288,NO TRADE,1,10,"EMA_26,Volume_MA,OBV,SMA_50,SMA_20,MACD_Signal,EMA_12,ADX,BB_Width,SMA_10",EMA_26
INFY,2023-11-15,2023,1,Sideways,1,0.71,BUY,1,1,0.5197,NO TRADE,1,10,"EMA_26,Volume_MA,OBV,SMA_50,SMA_20,MACD_Signal,EMA_12,ADX,BB_Width,SMA_10",EMA_26
INFY,2023-11-16,2023,1,Sideways,1,0.7304,BUY,1,0,0.5805,SELL,0,10,"EMA_26,Volume_MA,OBV,SMA_50,SMA_20,MACD_Signal,EMA_12,ADX,BB_Width,SMA_10",EMA_26
INFY,2023-11-17,2023,1,Sideways,1,0.5163,NO TRADE,1,0,0.6319,SELL,0,10,"EMA_26,Volume_MA,OBV,SMA_50,SMA_20,MACD_Signal,EMA_12,ADX,BB_Width,SMA_10",EMA_26
INFY,2023-11-20,2023,1,Sideways,0,0.5007,NO TRADE,0,0,0.6574,SELL,0,10,"EMA_26,Volume_MA,OBV,SMA_50,SMA_20,MACD_Signal,EMA_12,ADX,BB_Width,SMA_10",EMA_26
INFY,2023-11-21,2023,1,Sideways,0,0.5015,NO TRADE,0,0,0.6619,SELL,0,10,"EMA_26,Volume_MA,OBV,SMA_50,SMA_20,MACD_Signal,EMA_12,ADX,BB_Width,SMA_10",EMA_26
INFY,2023-11-22,2023,1,Sideways,0,0.5008,NO TRADE,0,0,0.6747,SELL,0,10,"EMA_26,Volume_MA,OBV,SMA_50,SMA_20,MACD_Signal,EMA_12,ADX,BB_Width,SMA_10",EMA_26
INFY,2023-11-23,2023,1,Sideways,0,0.5152,NO TRADE,0,0,0.6517,SELL,0,10,"EMA_26,Volume_MA,OBV,SMA_50,SMA_20,MACD_Signal,EMA_12,ADX,BB_Width,SMA_10",EMA_26
INFY,2023-11-24,2023,1,Sideways,1,0.5156,NO TRADE,1,0,0.6156,SELL,0,10,"EMA_26,Volume_MA,OBV,SMA_50,SMA_20,MACD_Signal,EMA_12,ADX,BB_Width,SMA_10",EMA_26
INFY,2023-11-28,2023,1,Sideways,1,0.5302,NO TRADE,1,0,0.583,SELL,0,10,"EMA_26,Volume_MA,OBV,SMA_50,SMA_20,MACD_Signal,EMA_12,ADX,BB_Width,SMA_10",EMA_26
INFY,2023-11-29,2023,1,Sideways,1,0.5856,BUY,1,0,0.569,SELL,0,10,"EMA_26,Volume_MA,OBV,SMA_50,SMA_20,MACD_Signal,EMA_12,ADX,BB_Width,SMA_10",EMA_26
INFY,2023-11-30,2023,1,Sideways,1,0.5807,BUY,1,0,0.5508,SELL,0,10,"EMA_26,Volume_MA,OBV,SMA_50,SMA_20,MACD_Signal,EMA_12,ADX,BB_Width,SMA_10",EMA_26
INFY,2023-12-01,2023,1,Sideways,1,0.6723,BUY,1,0,0.5524,SELL,0,10,"EMA_26,Volume_MA,OBV,SMA_50,SMA_20,MACD_Signal,EMA_12,ADX,BB_Width,SMA_10",EMA_26
INFY,2023-12-04,2023,1,Sideways,1,0.7112,BUY,1,0,0.5528,SELL,0,10,"EMA_26,Volume_MA,OBV,SMA_50,SMA_20,MACD_Signal,EMA_12,ADX,BB_Width,SMA_10",EMA_26
INFY,2023-12-05,2023,1,Sideways,1,0.7125,BUY,1,0,0.5346,NO TRADE,0,10,"EMA_26,Volume_MA,OBV,SMA_50,SMA_20,MACD_Signal,EMA_12,ADX,BB_Width,SMA_10",EMA_26
INFY,2023-12-06,2023,1,Sideways,1,1.0,BUY,1,0,0.5313,NO TRADE,0,10,"EMA_26,Volume_MA,OBV,SMA_50,SMA_20,MACD_Signal,EMA_12,ADX,BB_Width,SMA_10",EMA_26
INFY,2023-12-07,2023,1,Sideways,1,1.0,BUY,1,0,0.5186,NO TRADE,0,10,"EMA_26,Volume_MA,OBV,SMA_50,SMA_20,MACD_Signal,EMA_12,ADX,BB_Width,SMA_10",EMA_26
INFY,2023-12-08,2023,1,Sideways,1,1.0,BUY,1,0,0.5277,NO TRADE,0,10,"EMA_26,Volume_MA,OBV,SMA_50,SMA_20,MACD_Signal,EMA_12,ADX,BB_Width,SMA_10",EMA_26
INFY,2023-12-11,2023,1,Sideways,1,0.7137,BUY,1,0,0.5435,NO TRADE,0,10,"EMA_26,Volume_MA,OBV,SMA_50,SMA_20,MACD_Signal,EMA_12,ADX,BB_Width,SMA_10",EMA_26
INFY,2023-12-12,2023,1,Sideways,1,0.715,BUY,1,0,0.5129,NO TRADE,0,10,"EMA_26,Volume_MA,OBV,SMA_50,SMA_20,MACD_Signal,EMA_12,ADX,BB_Width,SMA_10",EMA_26
INFY,2023-12-13,2023,1,Sideways,1,0.7162,BUY,1,1,0.7481,BUY,1,10,"OBV,SMA_10,SMA_50,Rolling_Median_Return,SMA_20,BB_Upper,Volume_Ratio,MACD_Signal,EMA_26,RSI_14",OBV
INFY,2023-12-14,2023,1,Sideways,1,0.7174,BUY,1,1,0.6942,BUY,1,10,"OBV,SMA_10,SMA_50,Rolling_Median_Return,SMA_20,BB_Upper,Volume_Ratio,MACD_Signal,EMA_26,RSI_14",OBV
INFY,2023-12-15,2023,1,Sideways,1,0.9655,BUY,1,0,0.5062,NO TRADE,0,10,"OBV,SMA_10,SMA_50,Rolling_Median_Return,SMA_20,BB_Upper,Volume_Ratio,MACD_Signal,EMA_26,RSI_14",OBV
INFY,2023-12-18,2023,1,Sideways,0,0.6942,SELL,0,1,0.5078,NO TRADE,1,10,"OBV,SMA_10,SMA_50,Rolling_Median_Return,SMA_20,BB_Upper,Volume_Ratio,MACD_Signal,EMA_26,RSI_14",OBV
INFY,2023-12-19,2023,1,Sideways,0,0.6599,SELL,0,1,0.5449,NO TRADE,1,10,"OBV,SMA_10,SMA_50,Rolling_Median_Return,SMA_20,BB_Upper,Volume_Ratio,MACD_Signal,EMA_26,RSI_14",OBV
INFY,2023-12-20,2023,1,Sideways,1,0.5897,BUY,1,1,0.5766,BUY,1,10,"OBV,SMA_10,SMA_50,Rolling_Median_Return,SMA_20,BB_Upper,Volume_Ratio,MACD_Signal,EMA_26,RSI_14",OBV
INFY,2023-12-21,2023,1,Sideways,1,0.5902,BUY,1,1,0.6947,BUY,1,10,"OBV,SMA_10,SMA_50,Rolling_Median_Return,SMA_20,BB_Upper,Volume_Ratio,MACD_Signal,EMA_26,RSI_14",OBV
INFY,2023-12-22,2023,1,Sideways,1,0.5906,BUY,1,1,0.6916,BUY,1,10,"OBV,SMA_10,SMA_50,Rolling_Median_Return,SMA_20,BB_Upper,Volume_Ratio,MACD_Signal,EMA_26,RSI_14",OBV
INFY,2023-12-26,2023,1,Sideways,1,0.5911,BUY,1,1,0.613,BUY,1,10,"OBV,SMA_10,SMA_50,Rolling_Median_Return,SMA_20,BB_Upper,Volume_Ratio,MACD_Signal,EMA_26,RSI_14",OBV
INFY,2023-12-27,2023,1,Sideways,1,0.5915,BUY,1,1,0.7321,BUY,1,10,"OBV,SMA_10,SMA_50,Rolling_Median_Return,SMA_20,BB_Upper,Volume_Ratio,MACD_Signal,EMA_26,RSI_14",OBV
INFY,2023-12-28,2023,1,Sideways,1,0.592,BUY,1,1,0.7707,BUY,1,10,"OBV,SMA_10,SMA_50,Rolling_Median_Return,SMA_20,BB_Upper,Volume_Ratio,MACD_Signal,EMA_26,RSI_14",OBV
INFY,2023-12-29,2023,1,Sideways,1,0.5924,BUY,1,1,0.7521,BUY,1,10,"OBV,SMA_10,SMA_50,Rolling_Median_Return,SMA_20,BB_Upper,Volume_Ratio,MACD_Signal,EMA_26,RSI_14",OBV
INFY,2024-01-01,2024,1,Sideways,1,0.5929,BUY,1,1,0.7382,BUY,1,10,"OBV,SMA_10,SMA_50,Rolling_Median_Return,SMA_20,BB_Upper,Volume_Ratio,MACD_Signal,EMA_26,RSI_14",OBV
INFY,2024-01-02,2024,1,Sideways,1,0.5933,BUY,1,1,0.7746,BUY,1,10,"OBV,SMA_10,SMA_50,Rolling_Median_Return,SMA_20,BB_Upper,Volume_Ratio,MACD_Signal,EMA_26,RSI_14",OBV
INFY,2024-01-03,2024,1,Sideways,1,0.7186,BUY,1,1,0.6083,BUY,1,10,"OBV,SMA_10,SMA_50,Rolling_Median_Return,SMA_20,BB_Upper,Volume_Ratio,MACD_Signal,EMA_26,RSI_14",OBV
INFY,2024-01-04,2024,1,Sideways,1,0.7198,BUY,1,1,0.7773,BUY,1,10,"OBV,SMA_10,SMA_50,Rolling_Median_Return,SMA_20,BB_Upper,Volume_Ratio,MACD_Signal,EMA_26,RSI_14",OBV
INFY,2024-01-05,2024,1,Sideways,1,0.7209,BUY,1,1,0.8135,BUY,1,10,"OBV,SMA_10,SMA_50,Rolling_Median_Return,SMA_20,BB_Upper,Volume_Ratio,MACD_Signal,EMA_26,RSI_14",OBV
INFY,2024-01-08,2024,1,Sideways,1,0.7221,BUY,1,1,0.7162,BUY,1,10,"OBV,SMA_10,SMA_50,Rolling_Median_Return,SMA_20,BB_Upper,Volume_Ratio,MACD_Signal,EMA_26,RSI_14",OBV
INFY,2024-01-09,2024,1,Sideways,1,0.7232,BUY,1,1,0.8111,BUY,1,10,"OBV,SMA_10,SMA_50,Rolling_Median_Return,SMA_20,BB_Upper,Volume_Ratio,MACD_Signal,EMA_26,RSI_14",OBV
INFY,2024-01-10,2024,1,Sideways,1,0.7244,BUY,1,1,0.7332,BUY,1,10,"OBV,SMA_10,SMA_50,Rolling_Median_Return,SMA_20,BB_Upper,Volume_Ratio,MACD_Signal,EMA_26,RSI_14",OBV
INFY,2024-01-11,2024,1,Sideways,1,0.7255,BUY,1,1,0.6242,BUY,1,10,"OBV,SMA_10,SMA_50,Rolling_Median_Return,SMA_20,BB_Upper,Volume_Ratio,MACD_Signal,EMA_26,RSI_14",OBV
INFY,2024-01-12,2024,1,Sideways,1,0.5938,BUY,1,0,0.8256,SELL,0,10,"OBV,SMA_10,SMA_50,Rolling_Median_Return,SMA_20,BB_Upper,Volume_Ratio,MACD_Signal,EMA_26,RSI_14",OBV
INFY,2024-01-15,2024,1,Sideways,1,0.5942,BUY,1,1,0.7244,BUY,1,10,"OBV,SMA_10,SMA_50,Rolling_Median_Return,SMA_20,BB_Upper,Volume_Ratio,MACD_Signal,EMA_26,RSI_14",OBV
INFY,2024-01-16,2024,1,Sideways,1,0.5947,BUY,1,1,0.7351,BUY,1,10,"OBV,SMA_10,SMA_50,Rolling_Median_Return,SMA_20,BB_Upper,Volume_Ratio,MACD_Signal,EMA_26,RSI_14",OBV
INFY,2024-01-17,2024,1,Sideways,1,0.5951,BUY,1,1,0.7045,BUY,1,10,"OBV,SMA_10,SMA_50,Rolling_Median_Return,SMA_20,BB_Upper,Volume_Ratio,MACD_Signal,EMA_26,RSI_14",OBV
INFY,2024-01-18,2024,1,Sideways,1,0.5956,BUY,1,1,0.7077,BUY,1,10,"OBV,SMA_10,SMA_50,Rolling_Median_Return,SMA_20,BB_Upper,Volume_Ratio,MACD_Signal,EMA_26,RSI_14",OBV
INFY,2024-01-19,2024,1,Sideways,1,0.596,BUY,1,1,0.6682,BUY,1,10,"OBV,SMA_10,SMA_50,Rolling_Median_Return,SMA_20,BB_Upper,Volume_Ratio,MACD_Signal,EMA_26,RSI_14",OBV
INFY,2024-01-23,2024,1,Sideways,1,0.5965,BUY,1,1,0.7541,BUY,1,10,"OBV,SMA_10,SMA_50,Rolling_Median_Return,SMA_20,BB_Upper,Volume_Ratio,MACD_Signal,EMA_26,RSI_14",OBV
INFY,2024-01-24,2024,1,Sideways,1,0.5969,BUY,1,1,0.7294,BUY,1,10,"OBV,SMA_10,SMA_50,Rolling_Median_Return,SMA_20,BB_Upper,Volume_Ratio,MACD_Signal,EMA_26,RSI_14",OBV
INFY,2024-01-25,2024,1,Sideways,1,0.5973,BUY,1,1,0.7579,BUY,1,10,"OBV,SMA_10,SMA_50,Rolling_Median_Return,SMA_20,BB_Upper,Volume_Ratio,MACD_Signal,EMA_26,RSI_14",OBV
INFY,2024-01-29,2024,1,Sideways,1,0.5978,BUY,1,1,0.5421,NO TRADE,1,10,"OBV,SMA_10,SMA_50,MFI,High_Low_Pct,SMA_20,BB_Upper,MACD_Signal,MACD_Hist,BB_Width",OBV
INFY,2024-01-30,2024,1,Sideways,1,0.5982,BUY,1,1,0.5529,BUY,1,10,"OBV,SMA_10,SMA_50,MFI,High_Low_Pct,SMA_20,BB_Upper,MACD_Signal,MACD_Hist,BB_Width",OBV
INFY,2024-01-31,2024,1,Sideways,1,0.5986,BUY,1,1,0.5632,BUY,1,10,"OBV,SMA_10,SMA_50,MFI,High_Low_Pct,SMA_20,BB_Upper,MACD_Signal,MACD_Hist,BB_Width",OBV
INFY,2024-02-01,2024,1,Sideways,1,0.5991,BUY,1,1,0.573,BUY,1,10,"OBV,SMA_10,SMA_50,MFI,High_Low_Pct,SMA_20,BB_Upper,MACD_Signal,MACD_Hist,BB_Width",OBV
INFY,2024-02-02,2024,0,Sideways,1,0.7267,BUY,0,1,0.5824,BUY,0,10,"OBV,SMA_10,SMA_50,MFI,High_Low_Pct,SMA_20,BB_Upper,MACD_Signal,MACD_Hist,BB_Width",OBV
INFY,2024-02-05,2024,0,Sideways,1,0.7237,BUY,0,1,0.5699,BUY,0,10,"OBV,SMA_10,SMA_50,MFI,High_Low_Pct,SMA_20,BB_Upper,MACD_Signal,MACD_Hist,BB_Width",OBV
INFY,2024-02-06,2024,0,Sideways,1,0.7207,BUY,0,1,0.5579,BUY,0,10,"OBV,SMA_10,SMA_50,MFI,High_Low_Pct,SMA_20,BB_Upper,MACD_Signal,MACD_Hist,BB_Width",OBV
INFY,2024-02-07,2024,0,Sideways,1,0.7178,BUY,0,1,0.5464,NO TRADE,0,10,"OBV,SMA_10,SMA_50,MFI,High_Low_Pct,SMA_20,BB_Upper,MACD_Signal,MACD_Hist,BB_Width",OBV
INFY,2024-02-08,2024,0,Sideways,1,0.5995,BUY,0,1,0.7037,BUY,0,10,"OBV,SMA_10,SMA_50,MFI,High_Low_Pct,SMA_20,BB_Upper,MACD_Signal,MACD_Hist,BB_Width",OBV
INFY,2024-02-09,2024,0,Sideways,0,0.9678,SELL,1,0,0.5582,SELL,1,10,"OBV,SMA_10,SMA_50,MFI,High_Low_Pct,SMA_20,BB_Upper,MACD_Signal,MACD_Hist,BB_Width",OBV
INFY,2024-02-12,2024,0,Sideways,0,0.884,SELL,1,0,0.6229,SELL,1,10,"OBV,SMA_10,SMA_50,MFI,High_Low_Pct,SMA_20,BB_Upper,MACD_Signal,MACD_Hist,BB_Width",OBV
INFY,2024-02-13,2024,0,Sideways,0,0.7894,SELL,1,0,0.6937,SELL,1,10,"OBV,SMA_10,SMA_50,MFI,High_Low_Pct,SMA_20,BB_Upper,MACD_Signal,MACD_Hist,BB_Width",OBV
INFY,2024-02-14,2024,0,Sideways,0,0.7236,SELL,1,1,0.6302,BUY,0,10,"OBV,SMA_10,SMA_50,MFI,High_Low_Pct,SMA_20,BB_Upper,MACD_Signal,MACD_Hist,BB_Width",OBV
INFY,2024-02-15,2024,0,Sideways,0,0.5517,SELL,1,0,0.6957,SELL,1,10,"OBV,SMA_10,SMA_50,MFI,High_Low_Pct,SMA_20,BB_Upper,MACD_Signal,MACD_Hist,BB_Width",OBV
INFY,2024-02-16,2024,0,Sideways,0,0.6219,SELL,1,0,0.5466,NO TRADE,1,10,"OBV,SMA_10,SMA_50,MFI,High_Low_Pct,SMA_20,BB_Upper,MACD_Signal,MACD_Hist,BB_Width",OBV
INFY,2024-02-19,2024,0,Sideways,0,0.7182,SELL,1,0,0.6799,SELL,1,10,"OBV,SMA_10,SMA_50,MFI,High_Low_Pct,SMA_20,BB_Upper,MACD_Signal,MACD_Hist,BB_Width",OBV
INFY,2024-02-20,2024,0,Sideways,0,0.5861,SELL,1,0,0.7041,SELL,1,10,"OBV,SMA_10,SMA_50,MFI,High_Low_Pct,SMA_20,BB_Upper,MACD_Signal,MACD_Hist,BB_Width",OBV
INFY,2024-02-21,2024,0,Sideways,0,0.6139,SELL,1,0,0.6094,SELL,1,10,"OBV,SMA_10,SMA_50,MFI,High_Low_Pct,SMA_20,BB_Upper,MACD_Signal,MACD_Hist,BB_Width",OBV
INFY,2024-02-22,2024,0,Sideways,1,0.6742,BUY,0,1,0.9946,BUY,0,10,"OBV,SMA_10,SMA_50,MFI,High_Low_Pct,SMA_20,BB_Upper,MACD_Signal,MACD_Hist,BB_Width",OBV
INFY,2024-02-23,2024,0,Sideways,1,0.5423,NO TRADE,0,0,0.6509,SELL,1,10,"OBV,SMA_10,SMA_50,MFI,High_Low_Pct,SMA_20,BB_Upper,MACD_Signal,MACD_Hist,BB_Width",OBV
INFY,2024-02-26,2024,0,Sideways,1,0.5144,NO TRADE,0,0,0.6017,SELL,1,10,"OBV,SMA_10,SMA_50,MFI,High_Low_Pct,SMA_20,BB_Upper,MACD_Signal,MACD_Hist,BB_Width",OBV
INFY,2024-02-27,2024,0,Sideways,1,0.7042,BUY,0,1,0.5637,BUY,0,10,"OBV,SMA_10,SMA_50,MFI,High_Low_Pct,SMA_20,BB_Upper,MACD_Signal,MACD_Hist,BB_Width",OBV
INFY,2024-02-28,2024,0,Sideways,1,1.0,BUY,0,0,0.6134,SELL,1,10,"OBV,SMA_10,SMA_50,MFI,High_Low_Pct,SMA_20,BB_Upper,MACD_Signal,MACD_Hist,BB_Width",OBV
INFY,2024-02-29,2024,0,Sideways,1,1.0,BUY,0,0,0.5626,SELL,1,10,"OBV,SMA_10,SMA_50,MFI,High_Low_Pct,SMA_20,BB_Upper,MACD_Signal,MACD_Hist,BB_Width",OBV
INFY,2024-03-01,2024,0,Sideways,1,0.9994,BUY,0,0,0.6048,SELL,1,10,"OBV,SMA_10,SMA_50,MFI,High_Low_Pct,SMA_20,BB_Upper,MACD_Signal,MACD_Hist,BB_Width",OBV
INFY,2024-03-04,2024,0,Sideways,1,0.7165,BUY,0,0,0.5324,NO TRADE,1,10,"OBV,SMA_10,SMA_50,MFI,High_Low_Pct,SMA_20,BB_Upper,MACD_Signal,MACD_Hist,BB_Width",OBV
INFY,2024-03-05,2024,0,Sideways,0,0.6183,SELL,1,1,0.7637,BUY,0,10,"OBV,SMA_10,SMA_50,MFI,High_Low_Pct,SMA_20,BB_Upper,MACD_Signal,MACD_Hist,BB_Width",OBV
INFY,2024-03-06,2024,0,Sideways,1,0.5514,BUY,0,1,0.9917,BUY,0,10,"OBV,SMA_10,SMA_50,MFI,High_Low_Pct,SMA_20,BB_Upper,MACD_Signal,MACD_Hist,BB_Width",OBV
INFY,2024-03-07,2024,0,Sideways,1,0.5506,BUY,0,0,0.724,SELL,1,10,"OBV,SMA_10,SMA_50,MFI,High_Low_Pct,SMA_20,BB_Upper,MACD_Signal,MACD_Hist,BB_Width",OBV
INFY,2024-03-11,2024,0,Sideways,1,1.0,BUY,0,0,0.6891,SELL,1,10,"OBV,SMA_10,SMA_50,MFI,High_Low_Pct,SMA_20,BB_Upper,MACD_Signal,MACD_Hist,BB_Width",OBV
INFY,2024-03-12,2024,0,Sideways,1,1.0,BUY,0,0,0.7073,SELL,1,10,"SMA_20,OBV,SMA_10,Rolling_Volatility,BB_Upper,Williams_R,Rolling_Std_10,High_Low_Pct,MACD_Signal,Rolling_Median_Return",SMA_20
INFY,2024-03-13,2024,0,Sideways,0,0.9988,SELL,1,0,0.7096,SELL,1,10,"SMA_20,OBV,SMA_10,Rolling_Volatility,BB_Upper,Williams_R,Rolling_Std_10,High_Low_Pct,MACD_Signal,Rolling_Median_Return",SMA_20
INFY,2024-03-14,2024,0,Sideways,1,1.0,BUY,0,1,0.998,BUY,0,10,"SMA_20,OBV,SMA_10,Rolling_Volatility,BB_Upper,Williams_R,Rolling_Std_10,High_Low_Pct,MACD_Signal,Rolling_Median_Return",SMA_20
INFY,2024-03-15,2024,0,Sideways,1,1.0,BUY,0,0,0.7505,SELL,1,10,"SMA_20,OBV,SMA_10,Rolling_Volatility,BB_Upper,Williams_R,Rolling_Std_10,High_Low_Pct,MACD_Signal,Rolling_Median_Return",SMA_20
INFY,2024-03-18,2024,0,Sideways,1,0.9855,BUY,0,0,0.637,SELL,1,10,"SMA_20,OBV,SMA_10,Rolling_Volatility,BB_Upper,Williams_R,Rolling_Std_10,High_Low_Pct,MACD_Signal,Rolling_Median_Return",SMA_20
INFY,2024-03-19,2024,0,Sideways,1,1.0,BUY,0,1,0.7627,BUY,0,10,"SMA_20,OBV,SMA_10,Rolling_Volatility,BB_Upper,Williams_R,Rolling_Std_10,High_Low_Pct,MACD_Signal,Rolling_Median_Return",SMA_20
INFY,2024-03-20,2024,0,Sideways,1,1.0,BUY,0,0,0.6769,SELL,1,10,"SMA_20,OBV,SMA_10,Rolling_Volatility,BB_Upper,Williams_R,Rolling_Std_10,High_Low_Pct,MACD_Signal,Rolling_Median_Return",SMA_20
INFY,2024-03-21,2024,0,Sideways,1,1.0,BUY,0,0,0.6217,SELL,1,10,"SMA_20,OBV,SMA_10,Rolling_Volatility,BB_Upper,Williams_R,Rolling_Std_10,High_Low_Pct,MACD_Signal,Rolling_Median_Return",SMA_20
INFY,2024-03-22,2024,0,Sideways,1,1.0,BUY,0,0,0.8469,SELL,1,10,"SMA_20,OBV,SMA_10,Rolling_Volatility,BB_Upper,Williams_R,Rolling_Std_10,High_Low_Pct,MACD_Signal,Rolling_Median_Return",SMA_20
INFY,2024-03-26,2024,0,Sideways,1,1.0,BUY,0,0,0.8787,SELL,1,10,"SMA_20,OBV,SMA_10,Rolling_Volatility,BB_Upper,Williams_R,Rolling_Std_10,High_Low_Pct,MACD_Signal,Rolling_Median_Return",SMA_20
INFY,2024-03-27,2024,0,Sideways,1,1.0,BUY,0,0,0.8927,SELL,1,10,"SMA_20,OBV,SMA_10,Rolling_Volatility,BB_Upper,Williams_R,Rolling_Std_10,High_Low_Pct,MACD_Signal,Rolling_Median_Return",SMA_20
INFY,2024-03-28,2024,0,Sideways,1,1.0,BUY,0,0,0.9297,SELL,1,10,"SMA_20,OBV,SMA_10,Rolling_Volatility,BB_Upper,Williams_R,Rolling_Std_10,High_Low_Pct,MACD_Signal,Rolling_Median_Return",SMA_20
INFY,2024-04-01,2024,0,Sideways,1,1.0,BUY,0,0,0.6524,SELL,1,10,"SMA_20,OBV,SMA_10,Rolling_Volatility,BB_Upper,Williams_R,Rolling_Std_10,High_Low_Pct,MACD_Signal,Rolling_Median_Return",SMA_20
INFY,2024-04-02,2024,0,Sideways,1,1.0,BUY,0,0,0.5718,SELL,1,10,"SMA_20,OBV,SMA_10,Rolling_Volatility,BB_Upper,Williams_R,Rolling_Std_10,High_Low_Pct,MACD_Signal,Rolling_Median_Return",SMA_20
INFY,2024-04-03,2024,0,Sideways,1,1.0,BUY,0,0,0.7663,SELL,1,10,"SMA_20,OBV,SMA_10,Rolling_Volatility,BB_Upper,Williams_R,Rolling_Std_10,High_Low_Pct,MACD_Signal,Rolling_Median_Return",SMA_20
INFY,2024-04-04,2024,0,Sideways,1,1.0,BUY,0,0,0.6593,SELL,1,10,"SMA_20,OBV,SMA_10,Rolling_Volatility,BB_Upper,Williams_R,Rolling_Std_10,High_Low_Pct,MACD_Signal,Rolling_Median_Return",SMA_20
INFY,2024-04-05,2024,0,Sideways,1,1.0,BUY,0,1,0.7477,BUY,0,10,"SMA_20,OBV,SMA_10,Rolling_Volatility,BB_Upper,Williams_R,Rolling_Std_10,High_Low_Pct,MACD_Signal,Rolling_Median_Return",SMA_20
INFY,2024-04-08,2024,0,Sideways,1,1.0,BUY,0,0,0.5662,SELL,1,10,"SMA_20,OBV,SMA_10,Rolling_Volatility,BB_Upper,Williams_R,Rolling_Std_10,High_Low_Pct,MACD_Signal,Rolling_Median_Return",SMA_20
INFY,2024-04-09,2024,0,Sideways,1,1.0,BUY,0,0,0.5125,NO TRADE,1,10,"SMA_20,OBV,SMA_10,Rolling_Volatility,BB_Upper,Williams_R,Rolling_Std_10,High_Low_Pct,MACD_Signal,Rolling_Median_Return",SMA_20
INFY,2024-04-10,2024,0,Sideways,1,1.0,BUY,0,0,0.5028,NO TRADE,1,10,"SMA_20,OBV,SMA_10,Rolling_Volatility,BB_Upper,Williams_R,Rolling_Std_10,High_Low_Pct,MACD_Signal,Rolling_Median_Return",SMA_20
INFY,2024-04-12,2024,0,Sideways,0,0.5561,SELL,1,0,0.5046,NO TRADE,1,10,"SMA_20,OBV,SMA_10,Rolling_Volatility,BB_Upper,Williams_R,Rolling_Std_10,High_Low_Pct,MACD_Signal,Rolling_Median_Return",SMA_20
INFY,2024-04-15,2024,0,Sideways,1,1.0,BUY,0,1,0.6172,BUY,0,10,"SMA_20,OBV,SMA_10,Rolling_Volatility,BB_Upper,Williams_R,Rolling_Std_10,High_Low_Pct,MACD_Signal,Rolling_Median_Return",SMA_20
INFY,2024-04-16,2024,1,Sideways,0,0.9934,SELL,0,1,0.9836,BUY,1,10,"SMA_20,OBV,SMA_10,Rolling_Volatility,BB_Upper,Williams_R,Rolling_Std_10,High_Low_Pct,MACD_Signal,Rolling_Median_Return",SMA_20
INFY,2024-04-18,2024,1,Sideways,0,0.619,SELL,0,1,0.9018,BUY,1,10,"SMA_20,OBV,SMA_10,Rolling_Volatility,BB_Upper,Williams_R,Rolling_Std_10,High_Low_Pct,MACD_Signal,Rolling_Median_Return",SMA_20
INFY,2024-04-19,2024,1,Sideways,1,1.0,BUY,1,1,0.9949,BUY,1,10,"SMA_20,OBV,SMA_10,Rolling_Volatility,BB_Upper,Williams_R,Rolling_Std_10,High_Low_Pct,MACD_Signal,Rolling_Median_Return",SMA_20
INFY,2024-04-22,2024,1,Sideways,1,1.0,BUY,1,0,0.9981,SELL,0,10,"SMA_20,OBV,SMA_10,Rolling_Volatility,BB_Upper,Williams_R,Rolling_Std_10,High_Low_Pct,MACD_Signal,Rolling_Median_Return",SMA_20
INFY,2024-04-23,2024,1,Sideways,0,1.0,SELL,0,0,0.8812,SELL,0,10,"SMA_20,OBV,SMA_10,Rolling_Volatility,BB_Upper,Williams_R,Rolling_Std_10,High_Low_Pct,MACD_Signal,Rolling_Median_Return",SMA_20
INFY,2024-04-24,2024,1,Sideways,0,0.9997,SELL,0,0,0.7363,SELL,0,10,"SMA_20,OBV,SMA_10,Rolling_Volatility,BB_Upper,Williams_R,Rolling_Std_10,High_Low_Pct,MACD_Signal,Rolling_Median_Return",SMA_20
INFY,2024-04-25,2024,1,Sideways,1,0.5364,NO TRADE,1,0,0.666,SELL,0,10,"SMA_20,OBV,SMA_10,Rolling_Volatility,BB_Upper,Williams_R,Rolling_Std_10,High_Low_Pct,MACD_Signal,Rolling_Median_Return",SMA_20
INFY,2024-04-26,2024,1,Sideways,1,0.537,NO TRADE,1,0,0.8035,SELL,0,10,"SMA_20,OBV,SMA_10,Rolling_Volatility,BB_Upper,Williams_R,Rolling_Std_10,High_Low_Pct,MACD_Signal,Rolling_Median_Return",SMA_20
INFY,2024-04-29,2024,1,Sideways,1,0.5377,NO TRADE,1,1,0.6137,BUY,1,10,"EMA_26,SMA_50,EMA_12,OBV,SMA_10,MACD,BB_Upper,MACD_Signal,Volume_MA,Rolling_Volatility",EMA_26
INFY,2024-04-30,2024,1,Sideways,1,0.5383,NO TRADE,1,1,0.6193,BUY,1,10,"EMA_26,SMA_50,EMA_12,OBV,SMA_10,MACD,BB_Upper,MACD_Signal,Volume_MA,Rolling_Volatility",EMA_26
INFY,2024-05-02,2024,1,Sideways,1,0.5389,NO TRADE,1,1,0.6216,BUY,1,10,"EMA_26,SMA_50,EMA_12,OBV,SMA_10,MACD,BB_Upper,MACD_Signal,Volume_MA,Rolling_Volatility",EMA_26
INFY,2024-05-03,2024,1,Sideways,1,0.9021,BUY,1,1,0.6244,BUY,1,10,"EMA_26,SMA_50,EMA_12,OBV,SMA_10,MACD,BB_Upper,MACD_Signal,Volume_MA,Rolling_Volatility",EMA_26
INFY,2024-05-06,2024,0,Sideways,1,0.9767,BUY,0,1,0.6218,BUY,0,10,"EMA_26,SMA_50,EMA_12,OBV,SMA_10,MACD,BB_Upper,MACD_Signal,Volume_MA,Rolling_Volatility",EMA_26
INFY,2024-05-07,2024,1,Sideways,1,1.0,BUY,1,1,0.6018,BUY,1,10,"EMA_26,SMA_50,EMA_12,OBV,SMA_10,MACD,BB_Upper,MACD_Signal,Volume_MA,Rolling_Volatility",EMA_26
INFY,2024-05-08,2024,1,Sideways,1,1.0,BUY,1,1,0.6003,BUY,1,10,"EMA_26,SMA_50,EMA_12,OBV,SMA_10,MACD,BB_Upper,MACD_Signal,Volume_MA,Rolling_Volatility",EMA_26
INFY,2024-05-09,2024,1,Sideways,1,1.0,BUY,1,1,0.5904,BUY,1,10,"EMA_26,SMA_50,EMA_12,OBV,SMA_10,MACD,BB_Upper,MACD_Signal,Volume_MA,Rolling_Volatility",EMA_26
INFY,2024-05-10,2024,1,Sideways,1,1.0,BUY,1,1,0.5967,BUY,1,10,"EMA_26,SMA_50,EMA_12,OBV,SMA_10,MACD,BB_Upper,MACD_Signal,Volume_MA,Rolling_Volatility",EMA_26
INFY,2024-05-13,2024,1,Sideways,1,1.0,BUY,1,1,0.6022,BUY,1,10,"EMA_26,SMA_50,EMA_12,OBV,SMA_10,MACD,BB_Upper,MACD_Signal,Volume_MA,Rolling_Volatility",EMA_26
INFY,2024-05-14,2024,1,Sideways,1,1.0,BUY,1,1,0.6071,BUY,1,10,"EMA_26,SMA_50,EMA_12,OBV,SMA_10,MACD,BB_Upper,MACD_Signal,Volume_MA,Rolling_Volatility",EMA_26
INFY,2024-05-15,2024,1,Sideways,1,1.0,BUY,1,1,0.6127,BUY,1,10,"EMA_26,SMA_50,EMA_12,OBV,SMA_10,MACD,BB_Upper,MACD_Signal,Volume_MA,Rolling_Volatility",EMA_26
INFY,2024-05-16,2024,1,Sideways,1,1.0,BUY,1,1,0.609,BUY,1,10,"EMA_26,SMA_50,EMA_12,OBV,SMA_10,MACD,BB_Upper,MACD_Signal,Volume_MA,Rolling_Volatility",EMA_26
INFY,2024-05-17,2024,1,Sideways,1,1.0,BUY,1,1,0.5985,BUY,1,10,"EMA_26,SMA_50,EMA_12,OBV,SMA_10,MACD,BB_Upper,MACD_Signal,Volume_MA,Rolling_Volatility",EMA_26
INFY,2024-05-21,2024,1,Sideways,1,1.0,BUY,1,1,0.5999,BUY,1,10,"EMA_26,SMA_50,EMA_12,OBV,SMA_10,MACD,BB_Upper,MACD_Signal,Volume_MA,Rolling_Volatility",EMA_26
INFY,2024-05-22,2024,1,Sideways,1,1.0,BUY,1,1,0.5909,BUY,1,10,"EMA_26,SMA_50,EMA_12,OBV,SMA_10,MACD,BB_Upper,MACD_Signal,Volume_MA,Rolling_Volatility",EMA_26
INFY,2024-05-23,2024,1,Sideways,1,0.9358,BUY,1,1,0.5674,BUY,1,10,"EMA_26,SMA_50,EMA_12,OBV,SMA_10,MACD,BB_Upper,MACD_Signal,Volume_MA,Rolling_Volatility",EMA_26
INFY,2024-05-24,2024,1,Sideways,1,0.9149,BUY,1,1,0.5666,BUY,1,10,"EMA_26,SMA_50,EMA_12,OBV,SMA_10,MACD,BB_Upper,MACD_Signal,Volume_MA,Rolling_Volatility",EMA_26
INFY,2024-05-27,2024,1,Sideways,1,0.9305,BUY,1,1,0.5634,BUY,1,10,"EMA_26,SMA_50,EMA_12,OBV,SMA_10,MACD,BB_Upper,MACD_Signal,Volume_MA,Rolling_Volatility",EMA_26
INFY,2024-05-28,2024,1,Sideways,1,0.9474,BUY,1,1,0.5721,BUY,1,10,"EMA_26,SMA_50,EMA_12,OBV,SMA_10,MACD,BB_Upper,MACD_Signal,Volume_MA,Rolling_Volatility",EMA_26
INFY,2024-05-29,2024,1,Sideways,1,0.9628,BUY,1,1,0.5934,BUY,1,10,"EMA_26,SMA_50,EMA_12,OBV,SMA_10,MACD,BB_Upper,MACD_Signal,Volume_MA,Rolling_Volatility",EMA_26
INFY,2024-05-30,2024,1,Sideways,1,0.9653,BUY,1,1,0.6157,BUY,1,10,"EMA_26,SMA_50,EMA_12,OBV,SMA_10,MACD,BB_Upper,MACD_Signal,Volume_MA,Rolling_Volatility",EMA_26
INFY,2024-05-31,2024,1,Sideways,0,0.9347,SELL,0,1,0.6308,BUY,1,10,"EMA_26,SMA_50,EMA_12,OBV,SMA_10,MACD,BB_Upper,MACD_Signal,Volume_MA,Rolling_Volatility",EMA_26
INFY,2024-06-03,2024,1,Sideways,1,0.9856,BUY,1,1,0.6326,BUY,1,10,"EMA_26,SMA_50,EMA_12,OBV,SMA_10,MACD,BB_Upper,MACD_Signal,Volume_MA,Rolling_Volatility",EMA_26
INFY,2024-06-04,2024,1,Sideways,1,0.9901,BUY,1,1,0.6305,BUY,1,10,"EMA_26,SMA_50,EMA_12,OBV,SMA_10,MACD,BB_Upper,MACD_Signal,Volume_MA,Rolling_Volatility",EMA_26
INFY,2024-06-05,2024,1,Sideways,1,0.9939,BUY,1,1,0.627,BUY,1,10,"EMA_26,SMA_50,EMA_12,OBV,SMA_10,MACD,BB_Upper,MACD_Signal,Volume_MA,Rolling_Volatility",EMA_26
INFY,2024-06-06,2024,1,Sideways,1,0.9836,BUY,1,1,0.6079,BUY,1,10,"EMA_26,SMA_50,EMA_12,OBV,SMA_10,MACD,BB_Upper,MACD_Signal,Volume_MA,Rolling_Volatility",EMA_26
INFY,2024-06-07,2024,1,Sideways,1,0.5396,NO TRADE,1,1,0.5118,NO TRADE,1,10,"EMA_26,SMA_50,EMA_12,OBV,SMA_10,MACD,BB_Upper,MACD_Signal,Volume_MA,Rolling_Volatility",EMA_26
INFY,2024-06-10,2024,1,Sideways,1,0.5402,NO TRADE,1,0,0.5093,NO TRADE,0,10,"EMA_26,SMA_50,EMA_12,OBV,SMA_10,MACD,BB_Upper,MACD_Signal,Volume_MA,Rolling_Volatility",EMA_26
INFY,2024-06-11,2024,1,Sideways,1,0.5408,NO TRADE,1,0,0.5048,NO TRADE,0,10,"EMA_26,SMA_50,EMA_12,OBV,SMA_10,MACD,BB_Upper,MACD_Signal,Volume_MA,Rolling_Volatility",EMA_26
INFY,2024-06-12,2024,1,Sideways,1,0.5414,NO TRADE,1,1,0.6013,BUY,1,10,"EMA_12,BB_Upper,SMA_50,OBV,MACD,SMA_10,EMA_26,SMA_20,Rolling_Volatility,RSI_14",EMA_12
INFY,2024-06-13,2024,1,Sideways,1,0.5421,NO TRADE,1,1,0.5923,BUY,1,10,"EMA_12,BB_Upper,SMA_50,OBV,MACD,SMA_10,EMA_26,SMA_20,Rolling_Volatility,RSI_14",EMA_12
INFY,2024-06-14,2024,1,Sideways,1,0.5427,NO TRADE,1,1,0.5891,BUY,1,10,"EMA_12,BB_Upper,SMA_50,OBV,MACD,SMA_10,EMA_26,SMA_20,Rolling_Volatility,RSI_14",EMA_12
INFY,2024-06-18,2024,1,Sideways,1,0.5433,NO TRADE,1,1,0.5812,BUY,1,10,"EMA_12,BB_Upper,SMA_50,OBV,MACD,SMA_10,EMA_26,SMA_20,Rolling_Volatility,RSI_14",EMA_12
INFY,2024-06-19,2024,1,Sideways,1,0.5439,NO TRADE,1,1,0.5656,BUY,1,10,"EMA_12,BB_Upper,SMA_50,OBV,MACD,SMA_10,EMA_26,SMA_20,Rolling_Volatility,RSI_14",EMA_12
INFY,2024-06-20,2024,1,Sideways,1,0.5445,NO TRADE,1,1,0.5573,BUY,1,10,"EMA_12,BB_Upper,SMA_50,OBV,MACD,SMA_10,EMA_26,SMA_20,Rolling_Volatility,RSI_14",EMA_12
INFY,2024-06-21,2024,1,Sideways,1,0.5451,NO TRADE,1,1,0.535,NO TRADE,1,10,"EMA_12,BB_Upper,SMA_50,OBV,MACD,SMA_10,EMA_26,SMA_20,Rolling_Volatility,RSI_14",EMA_12
INFY,2024-06-24,2024,1,Sideways,1,0.5458,NO TRADE,1,1,0.5435,NO TRADE,1,10,"EMA_12,BB_Upper,SMA_50,OBV,MACD,SMA_10,EMA_26,SMA_20,Rolling_Volatility,RSI_14",EMA_12
INFY,2024-06-25,2024,1,Sideways,1,0.5464,NO TRADE,1,1,0.5228,NO TRADE,1,10,"EMA_12,BB_Upper,SMA_50,OBV,MACD,SMA_10,EMA_26,SMA_20,Rolling_Volatility,RSI_14",EMA_12
INFY,2024-06-26,2024,1,Sideways,0,0.868,SELL,0,1,0.5223,NO TRADE,1,10,"EMA_12,BB_Upper,SMA_50,OBV,MACD,SMA_10,EMA_26,SMA_20,Rolling_Volatility,RSI_14",EMA_12
INFY,2024-06-27,2024,1,Sideways,1,0.547,NO TRADE,1,0,0.5311,NO TRADE,0,10,"EMA_12,BB_Upper,SMA_50,OBV,MACD,SMA_10,EMA_26,SMA_20,Rolling_Volatility,RSI_14",EMA_12
INFY,2024-06-28,2024,1,Sideways,1,0.5476,NO TRADE,1,0,0.5204,NO TRADE,0,10,"EMA_12,BB_Upper,SMA_50,OBV,MACD,SMA_10,EMA_26,SMA_20,Rolling_Volatility,RSI_14",EMA_12
INFY,2024-07-01,2024,1,Sideways,1,0.5482,NO TRADE,1,0,0.5631,SELL,0,10,"EMA_12,BB_Upper,SMA_50,OBV,MACD,SMA_10,EMA_26,SMA_20,Rolling_Volatility,RSI_14",EMA_12
INFY,2024-07-02,2024,1,Sideways,1,0.5488,NO TRADE,1,0,0.6163,SELL,0,10,"EMA_12,BB_Upper,SMA_50,OBV,MACD,SMA_10,EMA_26,SMA_20,Rolling_Volatility,RSI_14",EMA_12
INFY,2024-07-03,2024,1,Sideways,1,0.5494,NO TRADE,1,0,0.6372,SELL,0,10,"EMA_12,BB_Upper,SMA_50,OBV,MACD,SMA_10,EMA_26,SMA_20,Rolling_Volatility,RSI_14",EMA_12
INFY,2024-07-04,2024,1,Sideways,1,0.55,BUY,1,0,0.6756,SELL,0,10,"EMA_12,BB_Upper,SMA_50,OBV,MACD,SMA_10,EMA_26,SMA_20,Rolling_Volatility,RSI_14",EMA_12
INFY,2024-07-05,2024,1,Sideways,1,0.5506,BUY,1,0,0.6658,SELL,0,10,"EMA_12,BB_Upper,SMA_50,OBV,MACD,SMA_10,EMA_26,SMA_20,Rolling_Volatility,RSI_14",EMA_12
INFY,2024-07-08,2024,1,Sideways,1,0.5512,BUY,1,0,0.6714,SELL,0,10,"EMA_12,BB_Upper,SMA_50,OBV,MACD,SMA_10,EMA_26,SMA_20,Rolling_Volatility,RSI_14",EMA_12
INFY,2024-07-09,2024,1,Sideways,1,0.5518,BUY,1,0,0.634,SELL,0,10,"EMA_12,BB_Upper,SMA_50,OBV,MACD,SMA_10,EMA_26,SMA_20,Rolling_Volatility,RSI_14",EMA_12
INFY,2024-07-10,2024,1,Sideways,1,0.5524,BUY,1,0,0.5998,SELL,0,10,"EMA_12,BB_Upper,SMA_50,OBV,MACD,SMA_10,EMA_26,SMA_20,Rolling_Volatility,RSI_14",EMA_12
INFY,2024-07-11,2024,1,Sideways,1,0.553,BUY,1,0,0.5951,SELL,0,10,"EMA_12,BB_Upper,SMA_50,OBV,MACD,SMA_10,EMA_26,SMA_20,Rolling_Volatility,RSI_14",EMA_12
INFY,2024-07-12,2024,1,Sideways,1,0.5536,BUY,1,0,0.6804,SELL,0,10,"EMA_12,BB_Upper,SMA_50,OBV,MACD,SMA_10,EMA_26,SMA_20,Rolling_Volatility,RSI_14",EMA_12
INFY,2024-07-15,2024,1,Sideways,1,0.5542,BUY,1,0,0.6655,SELL,0,10,"EMA_12,BB_Upper,SMA_50,OBV,MACD,SMA_10,EMA_26,SMA_20,Rolling_Volatility,RSI_14",EMA_12
INFY,2024-07-16,2024,1,Sideways,1,0.5548,BUY,1,0,0.6819,SELL,0,10,"EMA_12,BB_Upper,SMA_50,OBV,MACD,SMA_10,EMA_26,SMA_20,Rolling_Volatility,RSI_14",EMA_12
INFY,2024-07-18,2024,1,Sideways,1,0.5554,BUY,1,0,0.7073,SELL,0,10,"EMA_12,BB_Upper,SMA_50,OBV,MACD,SMA_10,EMA_26,SMA_20,Rolling_Volatility,RSI_14",EMA_12
INFY,2024-07-19,2024,1,Sideways,1,0.5559,BUY,1,0,0.729,SELL,0,10,"EMA_12,BB_Upper,SMA_50,OBV,MACD,SMA_10,EMA_26,SMA_20,Rolling_Volatility,RSI_14",EMA_12
INFY,2024-07-22,2024,1,Sideways,1,0.5565,BUY,1,0,0.736,SELL,0,10,"EMA_12,BB_Upper,SMA_50,OBV,MACD,SMA_10,EMA_26,SMA_20,Rolling_Volatility,RSI_14",EMA_12
INFY,2024-07-23,2024,1,Sideways,1,0.5571,BUY,1,0,0.7429,SELL,0,10,"EMA_12,BB_Upper,SMA_50,OBV,MACD,SMA_10,EMA_26,SMA_20,Rolling_Volatility,RSI_14",EMA_12
INFY,2024-07-24,2024,1,Sideways,1,0.5577,BUY,1,0,0.73,SELL,0,10,"EMA_12,BB_Upper,SMA_50,OBV,MACD,SMA_10,EMA_26,SMA_20,Rolling_Volatility,RSI_14",EMA_12
INFY,2024-07-25,2024,1,Sideways,1,0.5583,BUY,1,0,0.7025,SELL,0,10,"EMA_12,BB_Upper,SMA_50,OBV,MACD,SMA_10,EMA_26,SMA_20,Rolling_Volatility,RSI_14",EMA_12
INFY,2024-07-26,2024,0,Sideways,1,0.5588,BUY,0,0,0.6614,SELL,1,10,"OBV,SMA_50,EMA_26,Volume_MA,SMA_20,MACD_Signal,SMA_10,BB_Upper,EMA_12,Stochastic",OBV
INFY,2024-07-29,2024,1,Sideways,1,0.5581,BUY,1,0,0.6261,SELL,0,10,"OBV,SMA_50,EMA_26,Volume_MA,SMA_20,MACD_Signal,SMA_10,BB_Upper,EMA_12,Stochastic",OBV
INFY,2024-07-30,2024,1,Sideways,1,0.5587,BUY,1,0,0.5869,SELL,0,10,"OBV,SMA_50,EMA_26,Volume_MA,SMA_20,MACD_Signal,SMA_10,BB_Upper,EMA_12,Stochastic",OBV
INFY,2024-07-31,2024,1,Sideways,1,0.5593,BUY,1,0,0.505,NO TRADE,0,10,"OBV,SMA_50,EMA_26,Volume_MA,SMA_20,MACD_Signal,SMA_10,BB_Upper,EMA_12,Stochastic",OBV
INFY,2024-08-01,2024,1,Sideways,1,0.5598,BUY,1,1,0.5494,NO TRADE,1,10,"OBV,SMA_50,EMA_26,Volume_MA,SMA_20,MACD_Signal,SMA_10,BB_Upper,EMA_12,Stochastic",OBV
INFY,2024-08-02,2024,1,Sideways,1,0.5604,BUY,1,1,0.6562,BUY,1,10,"OBV,SMA_50,EMA_26,Volume_MA,SMA_20,MACD_Signal,SMA_10,BB_Upper,EMA_12,Stochastic",OBV
INFY,2024-08-05,2024,1,Sideways,1,0.561,BUY,1,1,0.817,BUY,1,10,"OBV,SMA_50,EMA_26,Volume_MA,SMA_20,MACD_Signal,SMA_10,BB_Upper,EMA_12,Stochastic",OBV
INFY,2024-08-06,2024,1,Sideways,1,0.5616,BUY,1,1,0.5085,NO TRADE,1,10,"OBV,SMA_50,EMA_26,Volume_MA,SMA_20,MACD_Signal,SMA_10,BB_Upper,EMA_12,Stochastic",OBV
INFY,2024-08-07,2024,1,Sideways,1,0.5621,BUY,1,1,0.8453,BUY,1,10,"OBV,SMA_50,EMA_26,Volume_MA,SMA_20,MACD_Signal,SMA_10,BB_Upper,EMA_12,Stochastic",OBV
INFY,2024-08-08,2024,1,Sideways,1,0.5627,BUY,1,1,0.8901,BUY,1,10,"OBV,SMA_50,EMA_26,Volume_MA,SMA_20,MACD_Signal,SMA_10,BB_Upper,EMA_12,Stochastic",OBV
INFY,2024-08-09,2024,1,Sideways,1,0.5633,BUY,1,1,0.9688,BUY,1,10,"OBV,SMA_50,EMA_26,Volume_MA,SMA_20,MACD_Signal,SMA_10,BB_Upper,EMA_12,Stochastic",OBV
INFY,2024-08-12,2024,1,Sideways,1,0.5638,BUY,1,1,0.9902,BUY,1,10,"OBV,SMA_50,EMA_26,Volume_MA,SMA_20,MACD_Signal,SMA_10,BB_Upper,EMA_12,Stochastic",OBV
INFY,2024-08-13,2024,1,Sideways,1,0.5644,BUY,1,1,0.9943,BUY,1,10,"OBV,SMA_50,EMA_26,Volume_MA,SMA_20,MACD_Signal,SMA_10,BB_Upper,EMA_12,Stochastic",OBV
INFY,2024-08-14,2024,1,Sideways,1,0.5649,BUY,1,1,0.9961,BUY,1,10,"OBV,SMA_50,EMA_26,Volume_MA,SMA_20,MACD_Signal,SMA_10,BB_Upper,EMA_12,Stochastic",OBV
INFY,2024-08-16,2024,1,Sideways,1,0.5655,BUY,1,1,0.8176,BUY,1,10,"OBV,SMA_50,EMA_26,Volume_MA,SMA_20,MACD_Signal,SMA_10,BB_Upper,EMA_12,Stochastic",OBV
INFY,2024-08-19,2024,1,Sideways,1,0.5661,BUY,1,1,0.6301,BUY,1,10,"OBV,SMA_50,EMA_26,Volume_MA,SMA_20,MACD_Signal,SMA_10,BB_Upper,EMA_12,Stochastic",OBV
INFY,2024-08-20,2024,1,Sideways,1,0.5666,BUY,1,0,0.5116,NO TRADE,0,10,"OBV,SMA_50,EMA_26,Volume_MA,SMA_20,MACD_Signal,SMA_10,BB_Upper,EMA_12,Stochastic",OBV
INFY,2024-08-21,2024,1,Sideways,1,0.5672,BUY,1,0,0.5617,SELL,0,10,"OBV,SMA_50,EMA_26,Volume_MA,SMA_20,MACD_Signal,SMA_10,BB_Upper,EMA_12,Stochastic",OBV
INFY,2024-08-22,2024,1,Sideways,1,0.5677,BUY,1,0,0.5633,SELL,0,10,"OBV,SMA_50,EMA_26,Volume_MA,SMA_20,MACD_Signal,SMA_10,BB_Upper,EMA_12,Stochastic",OBV
INFY,2024-08-23,2024,1,Sideways,1,0.5683,BUY,1,0,0.5273,NO TRADE,0,10,"OBV,SMA_50,EMA_26,Volume_MA,SMA_20,MACD_Signal,SMA_10,BB_Upper,EMA_12,Stochastic",OBV
INFY,2024-08-26,2024,1,Sideways,1,0.5688,BUY,1,0,0.5167,NO TRADE,0,10,"OBV,SMA_50,EMA_26,Volume_MA,SMA_20,MACD_Signal,SMA_10,BB_Upper,EMA_12,Stochastic",OBV
INFY,2024-08-27,2024,0,Sideways,1,0.5694,BUY,0,0,0.5245,NO TRADE,1,10,"OBV,SMA_50,EMA_26,Volume_MA,SMA_20,MACD_Signal,SMA_10,BB_Upper,EMA_12,Stochastic",OBV
INFY,2024-08-28,2024,0,Sideways,1,0.5687,BUY,0,0,0.5591,SELL,1,10,"OBV,SMA_50,EMA_26,Volume_MA,SMA_20,MACD_Signal,SMA_10,BB_Upper,EMA_12,Stochastic",OBV
INFY,2024-08-29,2024,0,Sideways,1,0.5679,BUY,0,0,0.5687,SELL,1,10,"OBV,SMA_50,EMA_26,Volume_MA,SMA_20,MACD_Signal,SMA_10,BB_Upper,EMA_12,Stochastic",OBV
INFY,2024-08-30,2024,0,Sideways,1,0.5672,BUY,0,0,0.5635,SELL,1,10,"OBV,SMA_50,EMA_26,Volume_MA,SMA_20,MACD_Signal,SMA_10,BB_Upper,EMA_12,Stochastic",OBV
INFY,2024-09-02,2024,0,Sideways,1,0.5665,BUY,0,0,0.5732,SELL,1,10,"OBV,SMA_50,EMA_26,Volume_MA,SMA_20,MACD_Signal,SMA_10,BB_Upper,EMA_12,Stochastic",OBV
INFY,2024-09-03,2024,0,Sideways,1,0.5658,BUY,0,0,0.5415,NO TRADE,1,10,"OBV,SMA_50,EMA_26,Volume_MA,SMA_20,MACD_Signal,SMA_10,BB_Upper,EMA_12,Stochastic",OBV
INFY,2024-09-04,2024,0,Sideways,1,0.5651,BUY,0,1,0.5987,BUY,0,10,"OBV,SMA_50,EMA_26,Volume_MA,SMA_20,MACD_Signal,SMA_10,BB_Upper,EMA_12,Stochastic",OBV
INFY,2024-09-05,2024,0,Sideways,1,0.5643,BUY,0,1,0.7371,BUY,0,10,"OBV,SMA_50,EMA_26,Volume_MA,SMA_20,MACD_Signal,SMA_10,BB_Upper,EMA_12,Stochastic",OBV
INFY,2024-09-06,2024,1,Sideways,1,0.5636,BUY,1,1,0.8978,BUY,1,10,"OBV,SMA_50,EMA_26,Volume_MA,SMA_20,MACD_Signal,SMA_10,BB_Upper,EMA_12,Stochastic",OBV
INFY,2024-09-09,2024,1,Sideways,1,0.5642,BUY,1,1,0.5611,BUY,1,10,"MACD_Signal,BB_Upper,Rolling_Median_Return,SMA_50,OBV,Rolling_Volatility,ATR_14,Volume_MA,SMA_10,EMA_26",MACD_Signal
INFY,2024-09-10,2024,1,Sideways,1,0.5647,BUY,1,1,0.5525,BUY,1,10,"MACD_Signal,BB_Upper,Rolling_Median_Return,SMA_50,OBV,Rolling_Volatility,ATR_14,Volume_MA,SMA_10,EMA_26",MACD_Signal
INFY,2024-09-11,2024,1,Sideways,0,0.9779,SELL,0,0,0.5095,NO TRADE,0,10,"MACD_Signal,BB_Upper,Rolling_Median_Return,SMA_50,OBV,Rolling_Volatility,ATR_14,Volume_MA,SMA_10,EMA_26",MACD_Signal
INFY,2024-09-12,2024,0,Sideways,0,0.9477,SELL,1,1,0.5864,BUY,0,10,"MACD_Signal,BB_Upper,Rolling_Median_Return,SMA_50,OBV,Rolling_Volatility,ATR_14,Volume_MA,SMA_10,EMA_26",MACD_Signal
INFY,2024-09-13,2024,1,Sideways,0,0.978,SELL,0,1,0.538,NO TRADE,1,10,"MACD_Signal,BB_Upper,Rolling_Median_Return,SMA_50,OBV,Rolling_Volatility,ATR_14,Volume_MA,SMA_10,EMA_26",MACD_Signal
INFY,2024-09-16,2024,1,Sideways,0,0.965,SELL,0,1,0.5546,BUY,1,10,"MACD_Signal,BB_Upper,Rolling_Median_Return,SMA_50,OBV,Rolling_Volatility,ATR_14,Volume_MA,SMA_10,EMA_26",MACD_Signal
INFY,2024-09-17,2024,0,Sideways,0,0.954,SELL,1,1,0.61,BUY,0,10,"MACD_Signal,BB_Upper,Rolling_Median_Return,SMA_50,OBV,Rolling_Volatility,ATR_14,Volume_MA,SMA_10,EMA_26",MACD_Signal
INFY,2024-09-18,2024,1,Sideways,0,0.9882,SELL,0,1,0.5364,NO TRADE,1,10,"MACD_Signal,BB_Upper,Rolling_Median_Return,SMA_50,OBV,Rolling_Volatility,ATR_14,Volume_MA,SMA_10,EMA_26",MACD_Signal
INFY,2024-09-19,2024,0,Sideways,0,0.8353,SELL,1,0,0.5035,NO TRADE,1,10,"MACD_Signal,BB_Upper,Rolling_Median_Return,SMA_50,OBV,Rolling_Volatility,ATR_14,Volume_MA,SMA_10,EMA_26",MACD_Signal
INFY,2024-09-20,2024,0,Sideways,0,0.7958,SELL,1,0,0.5013,NO TRADE,1,10,"MACD_Signal,BB_Upper,Rolling_Median_Return,SMA_50,OBV,Rolling_Volatility,ATR_14,Volume_MA,SMA_10,EMA_26",MACD_Signal
INFY,2024-09-23,2024,0,Sideways,0,0.8594,SELL,1,0,0.5227,NO TRADE,1,10,"MACD_Signal,BB_Upper,Rolling_Median_Return,SMA_50,OBV,Rolling_Volatility,ATR_14,Volume_MA,SMA_10,EMA_26",MACD_Signal
INFY,2024-09-24,2024,0,Sideways,0,0.7944,SELL,1,0,0.5238,NO TRADE,1,10,"MACD_Signal,BB_Upper,Rolling_Median_Return,SMA_50,OBV,Rolling_Volatility,ATR_14,Volume_MA,SMA_10,EMA_26",MACD_Signal
INFY,2024-09-25,2024,0,Sideways,0,0.8095,SELL,1,0,0.5193,NO TRADE,1,10,"MACD_Signal,BB_Upper,Rolling_Median_Return,SMA_50,OBV,Rolling_Volatility,ATR_14,Volume_MA,SMA_10,EMA_26",MACD_Signal
INFY,2024-09-26,2024,0,Sideways,0,0.6849,SELL,1,0,0.5021,NO TRADE,1,10,"MACD_Signal,BB_Upper,Rolling_Median_Return,SMA_50,OBV,Rolling_Volatility,ATR_14,Volume_MA,SMA_10,EMA_26",MACD_Signal
INFY,2024-09-27,2024,0,Sideways,0,0.6124,SELL,1,1,0.5138,NO TRADE,0,10,"MACD_Signal,BB_Upper,Rolling_Median_Return,SMA_50,OBV,Rolling_Volatility,ATR_14,Volume_MA,SMA_10,EMA_26",MACD_Signal
INFY,2024-09-30,2024,0,Sideways,0,0.8238,SELL,1,0,0.5122,NO TRADE,1,10,"MACD_Signal,BB_Upper,Rolling_Median_Return,SMA_50,OBV,Rolling_Volatility,ATR_14,Volume_MA,SMA_10,EMA_26",MACD_Signal
INFY,2024-10-01,2024,0,Sideways,1,0.5653,BUY,0,1,0.5165,NO TRADE,0,10,"MACD_Signal,BB_Upper,Rolling_Median_Return,SMA_50,OBV,Rolling_Volatility,ATR_14,Volume_MA,SMA_10,EMA_26",MACD_Signal
INFY,2024-10-03,2024,0,Sideways,0,0.7504,SELL,1,1,0.5266,NO TRADE,0,10,"MACD_Signal,BB_Upper,Rolling_Median_Return,SMA_50,OBV,Rolling_Volatility,ATR_14,Volume_MA,SMA_10,EMA_26",MACD_Signal
INFY,2024-10-04,2024,0,Sideways,0,0.5088,NO TRADE,1,1,0.5583,BUY,0,10,"MACD_Signal,BB_Upper,Rolling_Median_Return,SMA_50,OBV,Rolling_Volatility,ATR_14,Volume_MA,SMA_10,EMA_26",MACD_Signal
INFY,2024-10-07,2024,0,Sideways,0,0.5611,SELL,1,1,0.5902,BUY,0,10,"MACD_Signal,BB_Upper,Rolling_Median_Return,SMA_50,OBV,Rolling_Volatility,ATR_14,Volume_MA,SMA_10,EMA_26",MACD_Signal
INFY,2024-10-08,2024,0,Sideways,0,0.591,SELL,1,1,0.6011,BUY,0,10,"MACD_Signal,BB_Upper,Rolling_Median_Return,SMA_50,OBV,Rolling_Volatility,ATR_14,Volume_MA,SMA_10,EMA_26",MACD_Signal
INFY,2024-10-09,2024,0,Sideways,0,0.7276,SELL,1,1,0.6039,BUY,0,10,"MACD_Signal,BB_Upper,Rolling_Median_Return,SMA_50,OBV,Rolling_Volatility,ATR_14,Volume_MA,SMA_10,EMA_26",MACD_Signal
INFY,2024-10-10,2024,0,Sideways,0,0.7196,SELL,1,1,0.5912,BUY,0,10,"MACD_Signal,BB_Upper,Rolling_Median_Return,SMA_50,OBV,Rolling_Volatility,ATR_14,Volume_MA,SMA_10,EMA_26",MACD_Signal
INFY,2024-10-11,2024,0,Sideways,0,0.6005,SELL,1,1,0.5664,BUY,0,10,"MACD_Signal,BB_Upper,Rolling_Median_Return,SMA_50,OBV,Rolling_Volatility,ATR_14,Volume_MA,SMA_10,EMA_26",MACD_Signal
INFY,2024-10-14,2024,0,Sideways,1,0.5646,BUY,0,1,0.505,NO TRADE,0,10,"MACD_Signal,BB_Upper,Rolling_Median_Return,SMA_50,OBV,Rolling_Volatility,ATR_14,Volume_MA,SMA_10,EMA_26",MACD_Signal
INFY,2024-10-15,2024,0,Sideways,1,0.5639,BUY,0,0,0.5011,NO TRADE,1,10,"MACD_Signal,BB_Upper,Rolling_Median_Return,SMA_50,OBV,Rolling_Volatility,ATR_14,Volume_MA,SMA_10,EMA_26",MACD_Signal
INFY,2024-10-16,2024,0,Sideways,0,0.8311,SELL,1,1,0.5575,BUY,0,10,"MACD_Signal,BB_Upper,Rolling_Median_Return,SMA_50,OBV,Rolling_Volatility,ATR_14,Volume_MA,SMA_10,EMA_26",MACD_Signal
INFY,2024-10-17,2024,0,Sideways,0,0.6595,SELL,1,0,0.5175,NO TRADE,1,10,"MACD_Signal,BB_Upper,Rolling_Median_Return,SMA_50,OBV,Rolling_Volatility,ATR_14,Volume_MA,SMA_10,EMA_26",MACD_Signal
INFY,2024-10-18,2024,0,Sideways,1,0.5632,BUY,0,1,0.5187,NO TRADE,0,10,"MACD_Signal,BB_Upper,Rolling_Median_Return,SMA_50,OBV,Rolling_Volatility,ATR_14,Volume_MA,SMA_10,EMA_26",MACD_Signal
INFY,2024-10-21,2024,0,Sideways,1,0.5625,BUY,0,0,0.5398,NO TRADE,1,10,"MACD_Signal,BB_Upper,Rolling_Median_Return,SMA_50,OBV,Rolling_Volatility,ATR_14,Volume_MA,SMA_10,EMA_26",MACD_Signal
INFY,2024-10-22,2024,1,Sideways,0,1.0,SELL,0,1,0.6835,BUY,1,10,"Volume_MA,SMA_50,Rolling_Mean_Return,MACD,MFI,MACD_Hist,ADX,MACD_Signal,OBV,CCI",Volume_MA
INFY,2024-10-23,2024,1,Sideways,1,0.5623,BUY,1,1,0.7133,BUY,1,10,"Volume_MA,SMA_50,Rolling_Mean_Return,MACD,MFI,MACD_Hist,ADX,MACD_Signal,OBV,CCI",Volume_MA
INFY,2024-10-24,2024,1,Sideways,1,0.5628,BUY,1,1,0.6962,BUY,1,10,"Volume_MA,SMA_50,Rolling_Mean_Return,MACD,MFI,MACD_Hist,ADX,MACD_Signal,OBV,CCI",Volume_MA
INFY,2024-10-25,2024,1,Sideways,1,0.5634,BUY,1,1,0.7209,BUY,1,10,"Volume_MA,SMA_50,Rolling_Mean_Return,MACD,MFI,MACD_Hist,ADX,MACD_Signal,OBV,CCI",Volume_MA
INFY,2024-10-28,2024,1,Sideways,1,0.5639,BUY,1,1,0.7507,BUY,1,10,"Volume_MA,SMA_50,Rolling_Mean_Return,MACD,MFI,MACD_Hist,ADX,MACD_Signal,OBV,CCI",Volume_MA
INFY,2024-10-29,2024,1,Sideways,1,0.5645,BUY,1,1,0.7923,BUY,1,10,"Volume_MA,SMA_50,Rolling_Mean_Return,MACD,MFI,MACD_Hist,ADX,MACD_Signal,OBV,CCI",Volume_MA
INFY,2024-10-30,2024,1,Sideways,1,0.565,BUY,1,1,0.7818,BUY,1,10,"Volume_MA,SMA_50,Rolling_Mean_Return,MACD,MFI,MACD_Hist,ADX,MACD_Signal,OBV,CCI",Volume_MA
INFY,2024-10-31,2024,1,Sideways,1,0.5655,BUY,1,1,0.7542,BUY,1,10,"Volume_MA,SMA_50,Rolling_Mean_Return,MACD,MFI,MACD_Hist,ADX,MACD_Signal,OBV,CCI",Volume_MA
INFY,2024-11-01,2024,1,Sideways,1,0.5661,BUY,1,1,0.7444,BUY,1,10,"Volume_MA,SMA_50,Rolling_Mean_Return,MACD,MFI,MACD_Hist,ADX,MACD_Signal,OBV,CCI",Volume_MA
INFY,2024-11-04,2024,1,Sideways,1,0.5666,BUY,1,1,0.8226,BUY,1,10,"Volume_MA,SMA_50,Rolling_Mean_Return,MACD,MFI,MACD_Hist,ADX,MACD_Signal,OBV,CCI",Volume_MA
INFY,2024-11-05,2024,1,Sideways,1,0.5672,BUY,1,1,0.7937,BUY,1,10,"Volume_MA,SMA_50,Rolling_Mean_Return,MACD,MFI,MACD_Hist,ADX,MACD_Signal,OBV,CCI",Volume_MA
INFY,2024-11-06,2024,1,Sideways,1,0.5677,BUY,1,1,0.8212,BUY,1,10,"Volume_MA,SMA_50,Rolling_Mean_Return,MACD,MFI,MACD_Hist,ADX,MACD_Signal,OBV,CCI",Volume_MA
INFY,2024-11-07,2024,1,Sideways,1,0.5682,BUY,1,1,0.7948,BUY,1,10,"Volume_MA,SMA_50,Rolling_Mean_Return,MACD,MFI,MACD_Hist,ADX,MACD_Signal,OBV,CCI",Volume_MA
INFY,2024-11-08,2024,1,Sideways,1,0.5687,BUY,1,1,0.7746,BUY,1,10,"Volume_MA,SMA_50,Rolling_Mean_Return,MACD,MFI,MACD_Hist,ADX,MACD_Signal,OBV,CCI",Volume_MA
INFY,2024-11-11,2024,1,Sideways,1,0.5693,BUY,1,1,0.7533,BUY,1,10,"Volume_MA,SMA_50,Rolling_Mean_Return,MACD,MFI,MACD_Hist,ADX,MACD_Signal,OBV,CCI",Volume_MA
INFY,2024-11-12,2024,1,Sideways,1,0.5698,BUY,1,1,0.7238,BUY,1,10,"Volume_MA,SMA_50,Rolling_Mean_Return,MACD,MFI,MACD_Hist,ADX,MACD_Signal,OBV,CCI",Volume_MA
INFY,2024-11-13,2024,1,Sideways,1,0.5703,BUY,1,1,0.6382,BUY,1,10,"Volume_MA,SMA_50,Rolling_Mean_Return,MACD,MFI,MACD_Hist,ADX,MACD_Signal,OBV,CCI",Volume_MA
INFY,2024-11-14,2024,1,Sideways,1,0.5709,BUY,1,1,0.5454,NO TRADE,1,10,"Volume_MA,SMA_50,Rolling_Mean_Return,MACD,MFI,MACD_Hist,ADX,MACD_Signal,OBV,CCI",Volume_MA
INFY,2024-11-18,2024,1,Sideways,1,0.5714,BUY,1,1,0.7313,BUY,1,10,"Volume_MA,SMA_50,Rolling_Mean_Return,MACD,MFI,MACD_Hist,ADX,MACD_Signal,OBV,CCI",Volume_MA
INFY,2024-11-19,2024,1,Sideways,1,0.5719,BUY,1,1,0.7091,BUY,1,10,"Volume_MA,SMA_50,Rolling_Mean_Return,MACD,MFI,MACD_Hist,ADX,MACD_Signal,OBV,CCI",Volume_MA
INFY,2024-11-21,2024,1,Sideways,1,0.5724,BUY,1,1,0.7054,BUY,1,10,"Volume_MA,SMA_50,Rolling_Mean_Return,MACD,MFI,MACD_Hist,ADX,MACD_Signal,OBV,CCI",Volume_MA
INFY,2024-11-22,2024,1,Sideways,1,0.5729,BUY,1,0,1.0,SELL,0,10,"Volume_MA,SMA_50,Rolling_Mean_Return,MACD,MFI,MACD_Hist,ADX,MACD_Signal,OBV,CCI",Volume_MA
INFY,2024-11-25,2024,1,Sideways,1,0.5735,BUY,1,1,1.0,BUY,1,10,"Volume_MA,SMA_50,Rolling_Mean_Return,MACD,MFI,MACD_Hist,ADX,MACD_Signal,OBV,CCI",Volume_MA
INFY,2024-11-26,2024,0,Sideways,1,0.574,BUY,0,1,1.0,BUY,0,10,"Volume_MA,SMA_50,Rolling_Mean_Return,MACD,MFI,MACD_Hist,ADX,MACD_Signal,OBV,CCI",Volume_MA
INFY,2024-11-27,2024,0,Sideways,1,0.5733,BUY,0,0,1.0,SELL,1,10,"Volume_MA,SMA_50,Rolling_Mean_Return,MACD,MFI,MACD_Hist,ADX,MACD_Signal,OBV,CCI",Volume_MA
INFY,2024-11-28,2024,1,Sideways,1,0.5726,BUY,1,0,1.0,SELL,0,10,"Volume_MA,SMA_50,Rolling_Mean_Return,MACD,MFI,MACD_Hist,ADX,MACD_Signal,OBV,CCI",Volume_MA
INFY,2024-11-29,2024,1,Sideways,1,0.5731,BUY,1,1,1.0,BUY,1,10,"Volume_MA,SMA_50,Rolling_Mean_Return,MACD,MFI,MACD_Hist,ADX,MACD_Signal,OBV,CCI",Volume_MA
INFY,2024-12-02,2024,1,Sideways,1,0.5736,BUY,1,1,1.0,BUY,1,10,"Volume_MA,SMA_50,Rolling_Mean_Return,MACD,MFI,MACD_Hist,ADX,MACD_Signal,OBV,CCI",Volume_MA
