stock,predict_date,year,actual_target,market_regime,static_pred,static_confidence,static_signal,static_correct,dynamic_pred,dynamic_confidence,dynamic_signal,dynamic_correct,n_dynamic_features,dynamic_features,top_mi_feature
HINDUNILVR,2022-01-03,2022,0,Sideways,1,0.5895,BUY,0,1,0.5776,BUY,0,10,"OBV,SMA_20,BB_Upper,ATR_14,Return_5d,MACD_Signal,SMA_50,Volume_MA,ADX,Williams_R",OBV
HINDUNILVR,2022-01-04,2022,0,Sideways,1,0.6379,BUY,0,1,0.5702,BUY,0,10,"OBV,MACD_Signal,Volume_MA,ROC,Stochastic,ADX,EMA_26,ATR_14,Rolling_Std_10,MACD_Hist",OBV
HINDUNILVR,2022-01-05,2022,0,Sideways,1,0.5035,NO TRADE,0,1,0.5134,NO TRADE,0,10,"OBV,MACD_Signal,Volume_MA,ROC,Stochastic,ADX,EMA_26,ATR_14,Rolling_Std_10,MACD_Hist",OBV
HINDUNILVR,2022-01-06,2022,0,Sideways,0,0.5612,SELL,1,1,0.5759,BUY,0,10,"OBV,MACD_Signal,Volume_MA,ROC,Stochastic,ADX,EMA_26,ATR_14,Rolling_Std_10,MACD_Hist",OBV
HINDUNILVR,2022-01-07,2022,0,Sideways,0,0.5874,SELL,1,0,0.5198,NO TRADE,1,10,"OBV,MACD_Signal,Volume_MA,ROC,Stochastic,ADX,EMA_26,ATR_14,Rolling_Std_10,MACD_Hist",OBV
HINDUNILVR,2022-01-10,2022,0,Sideways,0,0.5939,SELL,1,0,0.5349,NO TRADE,1,10,"OBV,MACD_Signal,Volume_MA,ROC,Stochastic,ADX,EMA_26,ATR_14,Rolling_Std_10,MACD_Hist",OBV
HINDUNILVR,2022-01-11,2022,0,Sideways,0,0.7476,SELL,1,0,0.5657,SELL,1,10,"OBV,MACD_Signal,Volume_MA,ROC,Stochastic,ADX,EMA_26,ATR_14,Rolling_Std_10,MACD_Hist",OBV
HINDUNILVR,2022-01-12,2022,0,Sideways,0,0.7837,SELL,1,0,0.5922,SELL,1,10,"OBV,MACD_Signal,Volume_MA,ROC,Stochastic,ADX,EMA_26,ATR_14,Rolling_Std_10,MACD_Hist",OBV
HINDUNILVR,2022-01-13,2022,0,Sideways,0,0.8528,SELL,1,0,0.6246,SELL,1,10,"OBV,MACD_Signal,Volume_MA,ROC,Stochastic,ADX,EMA_26,ATR_14,Rolling_Std_10,MACD_Hist",OBV
HINDUNILVR,2022-01-14,2022,0,Sideways,0,0.6465,SELL,1,0,0.55,NO TRADE,1,10,"OBV,MACD_Signal,Volume_MA,ROC,Stochastic,ADX,EMA_26,ATR_14,Rolling_Std_10,MACD_Hist",OBV
HINDUNILVR,2022-01-17,2022,0,Sideways,0,0.7521,SELL,1,0,0.5106,NO TRADE,1,10,"OBV,MACD_Signal,Volume_MA,ROC,Stochastic,ADX,EMA_26,ATR_14,Rolling_Std_10,MACD_Hist",OBV
HINDUNILVR,2022-01-18,2022,0,Sideways,0,0.6547,SELL,1,0,0.6078,SELL,1,10,"OBV,MACD_Signal,Volume_MA,ROC,Stochastic,ADX,EMA_26,ATR_14,Rolling_Std_10,MACD_Hist",OBV
HINDUNILVR,2022-01-19,2022,0,Sideways,0,0.5365,NO TRADE,1,0,0.5623,SELL,1,10,"OBV,MACD_Signal,Volume_MA,ROC,Stochastic,ADX,EMA_26,ATR_14,Rolling_Std_10,MACD_Hist",OBV
HINDUNILVR,2022-01-20,2022,1,Sideways,1,0.612,BUY,1,1,0.5561,BUY,1,10,"OBV,MACD_Signal,Volume_MA,ROC,Stochastic,ADX,EMA_26,ATR_14,Rolling_Std_10,MACD_Hist",OBV
HINDUNILVR,2022-01-21,2022,0,Sideways,1,0.8138,BUY,0,1,0.6427,BUY,0,10,"OBV,MACD_Signal,Volume_MA,ROC,Stochastic,ADX,EMA_26,ATR_14,Rolling_Std_10,MACD_Hist",OBV
HINDUNILVR,2022-01-24,2022,0,Sideways,0,0.5397,NO TRADE,1,1,0.6372,BUY,0,10,"OBV,MACD_Signal,Volume_MA,ROC,Stochastic,ADX,EMA_26,ATR_14,Rolling_Std_10,MACD_Hist",OBV
HINDUNILVR,2022-01-25,2022,0,Sideways,0,0.6749,SELL,1,1,0.6035,BUY,0,10,"OBV,MACD_Signal,Volume_MA,ROC,Stochastic,ADX,EMA_26,ATR_14,Rolling_Std_10,MACD_Hist",OBV
HINDUNILVR,2022-01-27,2022,0,Sideways,0,0.7995,SELL,1,1,0.6051,BUY,0,10,"OBV,MACD_Signal,Volume_MA,ROC,Stochastic,ADX,EMA_26,ATR_14,Rolling_Std_10,MACD_Hist",OBV
HINDUNILVR,2022-01-28,2022,0,Sideways,0,0.8572,SELL,1,1,0.6062,BUY,0,10,"OBV,MACD_Signal,Volume_MA,ROC,Stochastic,ADX,EMA_26,ATR_14,Rolling_Std_10,MACD_Hist",OBV
HINDUNILVR,2022-01-31,2022,0,Sideways,0,0.8616,SELL,1,1,0.597,BUY,0,10,"OBV,MACD_Signal,Volume_MA,ROC,Stochastic,ADX,EMA_26,ATR_14,Rolling_Std_10,MACD_Hist",OBV
HINDUNILVR,2022-02-01,2022,0,Sideways,0,0.8567,SELL,1,1,0.5872,BUY,0,10,"OBV,MACD_Signal,Volume_MA,ROC,Stochastic,ADX,EMA_26,ATR_14,Rolling_Std_10,MACD_Hist",OBV
HINDUNILVR,2022-02-02,2022,0,Sideways,0,0.8629,SELL,1,1,0.5808,BUY,0,10,"OBV,MACD_Signal,Volume_MA,ROC,Stochastic,ADX,EMA_26,ATR_14,Rolling_Std_10,MACD_Hist",OBV
HINDUNILVR,2022-02-03,2022,0,Sideways,0,0.8716,SELL,1,1,0.5566,BUY,0,10,"OBV,MACD_Signal,Volume_MA,ROC,Stochastic,ADX,EMA_26,ATR_14,Rolling_Std_10,MACD_Hist",OBV
HINDUNILVR,2022-02-04,2022,0,Sideways,0,0.8896,SELL,1,1,0.5131,NO TRADE,0,10,"OBV,MACD_Signal,Volume_MA,ROC,Stochastic,ADX,EMA_26,ATR_14,Rolling_Std_10,MACD_Hist",OBV
HINDUNILVR,2022-02-07,2022,0,Sideways,0,0.8304,SELL,1,0,0.5389,NO TRADE,1,10,"OBV,MACD_Signal,Volume_MA,ROC,Stochastic,ADX,EMA_26,ATR_14,Rolling_Std_10,MACD_Hist",OBV
HINDUNILVR,2022-02-08,2022,0,Sideways,0,0.9325,SELL,1,0,0.5538,SELL,1,10,"OBV,MACD_Signal,Volume_MA,ROC,Stochastic,ADX,EMA_26,ATR_14,Rolling_Std_10,MACD_Hist",OBV
HINDUNILVR,2022-02-09,2022,0,Sideways,0,0.9497,SELL,1,0,0.6087,SELL,1,10,"OBV,MACD_Signal,Volume_MA,ROC,Stochastic,ADX,EMA_26,ATR_14,Rolling_Std_10,MACD_Hist",OBV
HINDUNILVR,2022-02-10,2022,0,Sideways,0,0.9649,SELL,1,0,0.6225,SELL,1,10,"OBV,MACD_Signal,Volume_MA,ROC,Stochastic,ADX,EMA_26,ATR_14,Rolling_Std_10,MACD_Hist",OBV
HINDUNILVR,2022-02-11,2022,0,Sideways,0,0.9742,SELL,1,0,0.615,SELL,1,10,"OBV,MACD_Signal,Volume_MA,ROC,Stochastic,ADX,EMA_26,ATR_14,Rolling_Std_10,MACD_Hist",OBV
HINDUNILVR,2022-02-14,2022,0,Sideways,0,0.9836,SELL,1,0,0.6207,SELL,1,10,"OBV,MACD_Signal,Volume_MA,ROC,Stochastic,ADX,EMA_26,ATR_14,Rolling_Std_10,MACD_Hist",OBV
HINDUNILVR,2022-02-15,2022,0,Sideways,0,0.9137,SELL,1,0,0.5758,SELL,1,10,"OBV,MACD_Signal,Volume_MA,ROC,Stochastic,ADX,EMA_26,ATR_14,Rolling_Std_10,MACD_Hist",OBV
HINDUNILVR,2022-02-16,2022,0,Sideways,0,0.9888,SELL,1,0,0.6673,SELL,1,10,"OBV,ROC,Volume_MA,MACD_Signal,ADX,SMA_50,Rolling_Volatility,Return_5d,BB_Upper,Rolling_Std_10",OBV
HINDUNILVR,2022-02-17,2022,0,Sideways,0,0.9827,SELL,1,0,0.6896,SELL,1,10,"OBV,ROC,Volume_MA,MACD_Signal,ADX,SMA_50,Rolling_Volatility,Return_5d,BB_Upper,Rolling_Std_10",OBV
HINDUNILVR,2022-02-18,2022,0,Sideways,0,0.9849,SELL,1,0,0.6879,SELL,1,10,"OBV,ROC,Volume_MA,MACD_Signal,ADX,SMA_50,Rolling_Volatility,Return_5d,BB_Upper,Rolling_Std_10",OBV
HINDUNILVR,2022-02-21,2022,0,Sideways,0,0.9873,SELL,1,0,0.7147,SELL,1,10,"OBV,ROC,Volume_MA,MACD_Signal,ADX,SMA_50,Rolling_Volatility,Return_5d,BB_Upper,Rolling_Std_10",OBV
HINDUNILVR,2022-02-22,2022,0,Sideways,0,0.9228,SELL,1,0,0.7127,SELL,1,10,"OBV,ROC,Volume_MA,MACD_Signal,ADX,SMA_50,Rolling_Volatility,Return_5d,BB_Upper,Rolling_Std_10",OBV
HINDUNILVR,2022-02-23,2022,0,Sideways,0,0.9358,SELL,1,0,0.7026,SELL,1,10,"OBV,ROC,Volume_MA,MACD_Signal,ADX,SMA_50,Rolling_Volatility,Return_5d,BB_Upper,Rolling_Std_10",OBV
HINDUNILVR,2022-02-24,2022,0,Sideways,0,0.8523,SELL,1,0,0.6288,SELL,1,10,"OBV,ROC,Volume_MA,MACD_Signal,ADX,SMA_50,Rolling_Volatility,Return_5d,BB_Upper,Rolling_Std_10",OBV
HINDUNILVR,2022-02-25,2022,0,Sideways,0,0.9982,SELL,1,0,0.6368,SELL,1,10,"OBV,ROC,Volume_MA,MACD_Signal,ADX,SMA_50,Rolling_Volatility,Return_5d,BB_Upper,Rolling_Std_10",OBV
HINDUNILVR,2022-02-28,2022,0,Sideways,0,0.9991,SELL,1,0,0.6622,SELL,1,10,"OBV,ROC,Volume_MA,MACD_Signal,ADX,SMA_50,Rolling_Volatility,Return_5d,BB_Upper,Rolling_Std_10",OBV
HINDUNILVR,2022-03-02,2022,0,Sideways,0,0.9998,SELL,1,0,0.7413,SELL,1,10,"OBV,ROC,Volume_MA,MACD_Signal,ADX,SMA_50,Rolling_Volatility,Return_5d,BB_Upper,Rolling_Std_10",OBV
HINDUNILVR,2022-03-03,2022,0,Sideways,0,0.9978,SELL,1,0,0.7279,SELL,1,10,"OBV,ROC,Volume_MA,MACD_Signal,ADX,SMA_50,Rolling_Volatility,Return_5d,BB_Upper,Rolling_Std_10",OBV
HINDUNILVR,2022-03-04,2022,1,Sideways,0,0.7214,SELL,0,0,0.75,SELL,0,10,"OBV,ROC,Volume_MA,MACD_Signal,ADX,SMA_50,Rolling_Volatility,Return_5d,BB_Upper,Rolling_Std_10",OBV
HINDUNILVR,2022-03-07,2022,1,Sideways,0,0.6978,SELL,0,0,0.568,SELL,0,10,"OBV,ROC,Volume_MA,MACD_Signal,ADX,SMA_50,Rolling_Volatility,Return_5d,BB_Upper,Rolling_Std_10",OBV
HINDUNILVR,2022-03-08,2022,1,Sideways,0,0.6974,SELL,0,1,0.5574,BUY,1,10,"OBV,ROC,Volume_MA,MACD_Signal,ADX,SMA_50,Rolling_Volatility,Return_5d,BB_Upper,Rolling_Std_10",OBV
HINDUNILVR,2022-03-09,2022,1,Sideways,0,0.6999,SELL,0,1,0.6131,BUY,1,10,"OBV,ROC,Volume_MA,MACD_Signal,ADX,SMA_50,Rolling_Volatility,Return_5d,BB_Upper,Rolling_Std_10",OBV
HINDUNILVR,2022-03-10,2022,1,Sideways,1,0.5815,BUY,1,1,0.617,BUY,1,10,"OBV,ROC,Volume_MA,MACD_Signal,ADX,SMA_50,Rolling_Volatility,Return_5d,BB_Upper,Rolling_Std_10",OBV
HINDUNILVR,2022-03-11,2022,1,Sideways,0,0.5036,NO TRADE,0,1,0.7308,BUY,1,10,"OBV,ROC,Volume_MA,MACD_Signal,ADX,SMA_50,Rolling_Volatility,Return_5d,BB_Upper,Rolling_Std_10",OBV
HINDUNILVR,2022-03-14,2022,1,Sideways,1,0.5262,NO TRADE,1,1,0.7436,BUY,1,10,"OBV,ROC,Volume_MA,MACD_Signal,ADX,SMA_50,Rolling_Volatility,Return_5d,BB_Upper,Rolling_Std_10",OBV
HINDUNILVR,2022-03-15,2022,1,Sideways,1,0.5863,BUY,1,1,0.7621,BUY,1,10,"OBV,ROC,Volume_MA,MACD_Signal,ADX,SMA_50,Rolling_Volatility,Return_5d,BB_Upper,Rolling_Std_10",OBV
HINDUNILVR,2022-03-16,2022,1,Sideways,1,0.6052,BUY,1,1,0.8029,BUY,1,10,"OBV,ROC,Volume_MA,MACD_Signal,ADX,SMA_50,Rolling_Volatility,Return_5d,BB_Upper,Rolling_Std_10",OBV
HINDUNILVR,2022-03-17,2022,1,Sideways,1,0.5088,NO TRADE,1,1,0.8023,BUY,1,10,"OBV,ROC,Volume_MA,MACD_Signal,ADX,SMA_50,Rolling_Volatility,Return_5d,BB_Upper,Rolling_Std_10",OBV
HINDUNILVR,2022-03-21,2022,1,Sideways,1,0.633,BUY,1,1,0.8143,BUY,1,10,"OBV,ROC,Volume_MA,MACD_Signal,ADX,SMA_50,Rolling_Volatility,Return_5d,BB_Upper,Rolling_Std_10",OBV
HINDUNILVR,2022-03-22,2022,1,Sideways,1,0.7501,BUY,1,1,0.8285,BUY,1,10,"OBV,ROC,Volume_MA,MACD_Signal,ADX,SMA_50,Rolling_Volatility,Return_5d,BB_Upper,Rolling_Std_10",OBV
HINDUNILVR,2022-03-23,2022,1,Sideways,1,0.625,BUY,1,1,0.865,BUY,1,10,"OBV,ROC,Volume_MA,MACD_Signal,ADX,SMA_50,Rolling_Volatility,Return_5d,BB_Upper,Rolling_Std_10",OBV
HINDUNILVR,2022-03-24,2022,1,Sideways,1,0.5561,BUY,1,1,0.8612,BUY,1,10,"OBV,ROC,Volume_MA,MACD_Signal,ADX,SMA_50,Rolling_Volatility,Return_5d,BB_Upper,Rolling_Std_10",OBV
HINDUNILVR,2022-03-25,2022,1,Sideways,1,0.5919,BUY,1,1,0.5792,BUY,1,10,"OBV,ROC,Volume_MA,MACD_Signal,ADX,SMA_50,Rolling_Volatility,Return_5d,BB_Upper,Rolling_Std_10",OBV
HINDUNILVR,2022-03-28,2022,1,Sideways,1,0.6061,BUY,1,1,0.6614,BUY,1,10,"OBV,ROC,Volume_MA,MACD_Signal,ADX,SMA_50,Rolling_Volatility,Return_5d,BB_Upper,Rolling_Std_10",OBV
HINDUNILVR,2022-03-29,2022,1,Sideways,1,0.6447,BUY,1,1,0.675,BUY,1,10,"OBV,ROC,Volume_MA,MACD_Signal,ADX,SMA_50,Rolling_Volatility,Return_5d,BB_Upper,Rolling_Std_10",OBV
HINDUNILVR,2022-03-30,2022,1,Sideways,1,0.7183,BUY,1,1,0.7094,BUY,1,10,"OBV,ROC,Volume_MA,MACD_Signal,ADX,SMA_50,Rolling_Volatility,Return_5d,BB_Upper,Rolling_Std_10",OBV
HINDUNILVR,2022-03-31,2022,1,Sideways,1,0.7733,BUY,1,1,0.6705,BUY,1,10,"OBV,ROC,Volume_MA,MACD_Signal,ADX,SMA_50,Rolling_Volatility,Return_5d,BB_Upper,Rolling_Std_10",OBV
HINDUNILVR,2022-04-01,2022,1,Sideways,1,0.7946,BUY,1,0,0.5289,NO TRADE,0,10,"OBV,ROC,MACD_Hist,MACD_Signal,MACD,Rolling_Std_10,SMA_50,ADX,SMA_20,Volume_MA",OBV
HINDUNILVR,2022-04-04,2022,1,Sideways,1,0.8106,BUY,1,1,0.6445,BUY,1,10,"OBV,ROC,MACD_Hist,MACD_Signal,MACD,Rolling_Std_10,SMA_50,ADX,SMA_20,Volume_MA",OBV
HINDUNILVR,2022-04-05,2022,1,Sideways,1,0.8844,BUY,1,1,0.7208,BUY,1,10,"OBV,ROC,MACD_Hist,MACD_Signal,MACD,Rolling_Std_10,SMA_50,ADX,SMA_20,Volume_MA",OBV
HINDUNILVR,2022-04-06,2022,0,Sideways,1,0.9237,BUY,0,1,0.7449,BUY,0,10,"OBV,ROC,MACD_Hist,MACD_Signal,MACD,Rolling_Std_10,SMA_50,ADX,SMA_20,Volume_MA",OBV
HINDUNILVR,2022-04-07,2022,1,Sideways,1,0.796,BUY,1,1,0.5527,BUY,1,10,"OBV,ROC,MACD_Hist,MACD_Signal,MACD,Rolling_Std_10,SMA_50,ADX,SMA_20,Volume_MA",OBV
HINDUNILVR,2022-04-08,2022,0,Sideways,1,0.8273,BUY,0,0,0.525,NO TRADE,1,10,"OBV,ROC,MACD_Hist,MACD_Signal,MACD,Rolling_Std_10,SMA_50,ADX,SMA_20,Volume_MA",OBV
HINDUNILVR,2022-04-11,2022,0,Sideways,1,0.7122,BUY,0,0,0.6634,SELL,1,10,"OBV,ROC,MACD_Hist,MACD_Signal,MACD,Rolling_Std_10,SMA_50,ADX,SMA_20,Volume_MA",OBV
HINDUNILVR,2022-04-12,2022,1,Sideways,1,0.7032,BUY,1,0,0.5323,NO TRADE,0,10,"OBV,ROC,MACD_Hist,MACD_Signal,MACD,Rolling_Std_10,SMA_50,ADX,SMA_20,Volume_MA",OBV
HINDUNILVR,2022-04-13,2022,1,Sideways,1,0.7293,BUY,1,1,0.5807,BUY,1,10,"OBV,ROC,MACD_Hist,MACD_Signal,MACD,Rolling_Std_10,SMA_50,ADX,SMA_20,Volume_MA",OBV
HINDUNILVR,2022-04-18,2022,1,Sideways,1,0.8017,BUY,1,1,0.6357,BUY,1,10,"OBV,ROC,MACD_Hist,MACD_Signal,MACD,Rolling_Std_10,SMA_50,ADX,SMA_20,Volume_MA",OBV
HINDUNILVR,2022-04-19,2022,1,Sideways,1,0.8163,BUY,1,1,0.7978,BUY,1,10,"OBV,ROC,MACD_Hist,MACD_Signal,MACD,Rolling_Std_10,SMA_50,ADX,SMA_20,Volume_MA",OBV
HINDUNILVR,2022-04-20,2022,1,Sideways,1,0.9181,BUY,1,1,0.8356,BUY,1,10,"OBV,ROC,MACD_Hist,MACD_Signal,MACD,Rolling_Std_10,SMA_50,ADX,SMA_20,Volume_MA",OBV
HINDUNILVR,2022-04-21,2022,1,Sideways,1,0.9618,BUY,1,1,0.8407,BUY,1,10,"OBV,ROC,MACD_Hist,MACD_Signal,MACD,Rolling_Std_10,SMA_50,ADX,SMA_20,Volume_MA",OBV
HINDUNILVR,2022-04-22,2022,1,Sideways,1,0.9703,BUY,1,1,0.9066,BUY,1,10,"OBV,ROC,MACD_Hist,MACD_Signal,MACD,Rolling_Std_10,SMA_50,ADX,SMA_20,Volume_MA",OBV
HINDUNILVR,2022-04-25,2022,1,Sideways,1,0.9909,BUY,1,1,0.9183,BUY,1,10,"OBV,ROC,MACD_Hist,MACD_Signal,MACD,Rolling_Std_10,SMA_50,ADX,SMA_20,Volume_MA",OBV
HINDUNILVR,2022-04-26,2022,1,Sideways,1,0.9926,BUY,1,1,0.9307,BUY,1,10,"OBV,ROC,MACD_Hist,MACD_Signal,MACD,Rolling_Std_10,SMA_50,ADX,SMA_20,Volume_MA",OBV
HINDUNILVR,2022-04-27,2022,1,Sideways,1,0.995,BUY,1,1,0.9386,BUY,1,10,"OBV,ROC,MACD_Hist,MACD_Signal,MACD,Rolling_Std_10,SMA_50,ADX,SMA_20,Volume_MA",OBV
HINDUNILVR,2022-04-28,2022,1,Sideways,1,0.9999,BUY,1,1,0.9264,BUY,1,10,"OBV,ROC,MACD_Hist,MACD_Signal,MACD,Rolling_Std_10,SMA_50,ADX,SMA_20,Volume_MA",OBV
HINDUNILVR,2022-04-29,2022,1,Sideways,1,0.9979,BUY,1,1,0.9366,BUY,1,10,"OBV,ROC,MACD_Hist,MACD_Signal,MACD,Rolling_Std_10,SMA_50,ADX,SMA_20,Volume_MA",OBV
HINDUNILVR,2022-05-02,2022,1,Sideways,1,0.9983,BUY,1,1,0.9388,BUY,1,10,"OBV,ROC,MACD_Hist,MACD_Signal,MACD,Rolling_Std_10,SMA_50,ADX,SMA_20,Volume_MA",OBV
HINDUNILVR,2022-05-04,2022,1,Sideways,1,0.8123,BUY,1,1,0.9441,BUY,1,10,"OBV,ROC,MACD_Hist,MACD_Signal,MACD,Rolling_Std_10,SMA_50,ADX,SMA_20,Volume_MA",OBV
HINDUNILVR,2022-05-05,2022,1,Sideways,1,0.9984,BUY,1,1,0.9453,BUY,1,10,"OBV,ROC,MACD_Hist,MACD_Signal,MACD,Rolling_Std_10,SMA_50,ADX,SMA_20,Volume_MA",OBV
HINDUNILVR,2022-05-06,2022,1,Sideways,1,0.999,BUY,1,1,0.9511,BUY,1,10,"OBV,ROC,MACD_Hist,MACD_Signal,MACD,Rolling_Std_10,SMA_50,ADX,SMA_20,Volume_MA",OBV
HINDUNILVR,2022-05-09,2022,1,Sideways,1,0.9994,BUY,1,1,0.9489,BUY,1,10,"OBV,ROC,MACD_Hist,MACD_Signal,MACD,Rolling_Std_10,SMA_50,ADX,SMA_20,Volume_MA",OBV
HINDUNILVR,2022-05-10,2022,1,Sideways,1,0.9991,BUY,1,1,0.9597,BUY,1,10,"OBV,ROC,MACD_Hist,MACD_Signal,MACD,Rolling_Std_10,SMA_50,ADX,SMA_20,Volume_MA",OBV
HINDUNILVR,2022-05-11,2022,1,Sideways,1,0.9991,BUY,1,1,0.9618,BUY,1,10,"OBV,ROC,MACD_Hist,MACD_Signal,MACD,Rolling_Std_10,SMA_50,ADX,SMA_20,Volume_MA",OBV
HINDUNILVR,2022-05-12,2022,1,Sideways,1,0.9992,BUY,1,1,0.9615,BUY,1,10,"OBV,ROC,MACD_Hist,MACD_Signal,MACD,Rolling_Std_10,SMA_50,ADX,SMA_20,Volume_MA",OBV
HINDUNILVR,2022-05-13,2022,1,Sideways,1,0.9997,BUY,1,1,0.9082,BUY,1,10,"OBV,ROC,MACD_Hist,MACD_Signal,MACD,Rolling_Std_10,SMA_50,ADX,SMA_20,Volume_MA",OBV
HINDUNILVR,2022-05-16,2022,0,Sideways,1,0.9997,BUY,0,1,0.9373,BUY,0,10,"OBV,ROC,MACD_Hist,MACD_Signal,MACD,Rolling_Std_10,SMA_50,ADX,SMA_20,Volume_MA",OBV
HINDUNILVR,2022-05-17,2022,0,Sideways,1,0.9204,BUY,0,1,0.926,BUY,0,10,"OBV,ROC,MACD_Hist,MACD_Signal,MACD,Rolling_Std_10,SMA_50,ADX,SMA_20,Volume_MA",OBV
HINDUNILVR,2022-05-18,2022,0,Sideways,1,0.9632,BUY,0,1,0.6215,BUY,0,10,"OBV,MACD_Hist,ROC,ADX,MACD_Signal,BB_Upper,EMA_26,SMA_50,ATR_14,Rolling_Std_10",OBV
HINDUNILVR,2022-05-19,2022,0,Sideways,1,0.7622,BUY,0,0,0.511,NO TRADE,1,10,"OBV,MACD_Hist,ROC,ADX,MACD_Signal,BB_Upper,EMA_26,SMA_50,ATR_14,Rolling_Std_10",OBV
HINDUNILVR,2022-05-20,2022,0,Sideways,1,0.7689,BUY,0,0,0.5165,NO TRADE,1,10,"OBV,MACD_Hist,ROC,ADX,MACD_Signal,BB_Upper,EMA_26,SMA_50,ATR_14,Rolling_Std_10",OBV
HINDUNILVR,2022-05-23,2022,0,Sideways,1,0.8312,BUY,0,0,0.5818,SELL,1,10,"OBV,MACD_Hist,ROC,ADX,MACD_Signal,BB_Upper,EMA_26,SMA_50,ATR_14,Rolling_Std_10",OBV
HINDUNILVR,2022-05-24,2022,0,Sideways,1,0.7411,BUY,0,0,0.5111,NO TRADE,1,10,"OBV,MACD_Hist,ROC,ADX,MACD_Signal,BB_Upper,EMA_26,SMA_50,ATR_14,Rolling_Std_10",OBV
HINDUNILVR,2022-05-25,2022,0,Sideways,0,0.5153,NO TRADE,1,0,0.5639,SELL,1,10,"OBV,MACD_Hist,ROC,ADX,MACD_Signal,BB_Upper,EMA_26,SMA_50,ATR_14,Rolling_Std_10",OBV
HINDUNILVR,2022-05-26,2022,0,Sideways,0,0.5361,NO TRADE,1,0,0.5869,SELL,1,10,"OBV,MACD_Hist,ROC,ADX,MACD_Signal,BB_Upper,EMA_26,SMA_50,ATR_14,Rolling_Std_10",OBV
HINDUNILVR,2022-05-27,2022,0,Sideways,1,0.5801,BUY,0,0,0.6655,SELL,1,10,"OBV,MACD_Hist,ROC,ADX,MACD_Signal,BB_Upper,EMA_26,SMA_50,ATR_14,Rolling_Std_10",OBV
HINDUNILVR,2022-05-30,2022,0,Sideways,0,0.5908,SELL,1,0,0.6051,SELL,1,10,"OBV,MACD_Hist,ROC,ADX,MACD_Signal,BB_Upper,EMA_26,SMA_50,ATR_14,Rolling_Std_10",OBV
HINDUNILVR,2022-05-31,2022,0,Sideways,0,0.5529,SELL,1,0,0.6219,SELL,1,10,"OBV,MACD_Hist,ROC,ADX,MACD_Signal,BB_Upper,EMA_26,SMA_50,ATR_14,Rolling_Std_10",OBV
HINDUNILVR,2022-06-01,2022,0,Sideways,1,0.6615,BUY,0,0,0.6729,SELL,1,10,"OBV,MACD_Hist,ROC,ADX,MACD_Signal,BB_Upper,EMA_26,SMA_50,ATR_14,Rolling_Std_10",OBV
HINDUNILVR,2022-06-02,2022,0,Sideways,0,0.6011,SELL,1,0,0.7134,SELL,1,10,"OBV,MACD_Hist,ROC,ADX,MACD_Signal,BB_Upper,EMA_26,SMA_50,ATR_14,Rolling_Std_10",OBV
HINDUNILVR,2022-06-03,2022,1,Sideways,0,0.641,SELL,0,0,0.8007,SELL,0,10,"OBV,MACD_Hist,ROC,ADX,MACD_Signal,BB_Upper,EMA_26,SMA_50,ATR_14,Rolling_Std_10",OBV
HINDUNILVR,2022-06-06,2022,1,Sideways,0,0.5274,NO TRADE,0,0,0.7784,SELL,0,10,"OBV,MACD_Hist,ROC,ADX,MACD_Signal,BB_Upper,EMA_26,SMA_50,ATR_14,Rolling_Std_10",OBV
HINDUNILVR,2022-06-07,2022,1,Sideways,1,0.6044,BUY,1,0,0.7809,SELL,0,10,"OBV,MACD_Hist,ROC,ADX,MACD_Signal,BB_Upper,EMA_26,SMA_50,ATR_14,Rolling_Std_10",OBV
HINDUNILVR,2022-06-08,2022,1,Sideways,1,0.5693,BUY,1,0,0.8148,SELL,0,10,"OBV,MACD_Hist,ROC,ADX,MACD_Signal,BB_Upper,EMA_26,SMA_50,ATR_14,Rolling_Std_10",OBV
HINDUNILVR,2022-06-09,2022,1,Sideways,1,0.6015,BUY,1,0,0.7841,SELL,0,10,"OBV,MACD_Hist,ROC,ADX,MACD_Signal,BB_Upper,EMA_26,SMA_50,ATR_14,Rolling_Std_10",OBV
HINDUNILVR,2022-06-10,2022,1,Sideways,1,0.5657,BUY,1,0,0.6468,SELL,0,10,"OBV,MACD_Hist,ROC,ADX,MACD_Signal,BB_Upper,EMA_26,SMA_50,ATR_14,Rolling_Std_10",OBV
HINDUNILVR,2022-06-13,2022,1,Sideways,1,0.6563,BUY,1,0,0.505,NO TRADE,0,10,"OBV,MACD_Hist,ROC,ADX,MACD_Signal,BB_Upper,EMA_26,SMA_50,ATR_14,Rolling_Std_10",OBV
HINDUNILVR,2022-06-14,2022,1,Sideways,1,0.8694,BUY,1,0,0.5447,NO TRADE,0,10,"OBV,MACD_Hist,ROC,ADX,MACD_Signal,BB_Upper,EMA_26,SMA_50,ATR_14,Rolling_Std_10",OBV
HINDUNILVR,2022-06-15,2022,1,Sideways,1,0.82,BUY,1,1,0.5839,BUY,1,10,"OBV,MACD_Hist,ROC,ADX,MACD_Signal,BB_Upper,EMA_26,SMA_50,ATR_14,Rolling_Std_10",OBV
HINDUNILVR,2022-06-16,2022,1,Sideways,1,0.8603,BUY,1,1,0.6814,BUY,1,10,"OBV,MACD_Hist,ROC,ADX,MACD_Signal,BB_Upper,EMA_26,SMA_50,ATR_14,Rolling_Std_10",OBV
HINDUNILVR,2022-06-17,2022,1,Sideways,1,0.9829,BUY,1,1,0.7373,BUY,1,10,"OBV,MACD_Hist,ROC,ADX,MACD_Signal,BB_Upper,EMA_26,SMA_50,ATR_14,Rolling_Std_10",OBV
HINDUNILVR,2022-06-20,2022,1,Sideways,1,0.9963,BUY,1,1,0.6626,BUY,1,10,"OBV,MACD_Hist,ROC,ADX,MACD_Signal,BB_Upper,EMA_26,SMA_50,ATR_14,Rolling_Std_10",OBV
HINDUNILVR,2022-06-21,2022,1,Sideways,1,0.823,BUY,1,1,0.6326,BUY,1,10,"OBV,MACD_Hist,ROC,ADX,MACD_Signal,BB_Upper,EMA_26,SMA_50,ATR_14,Rolling_Std_10",OBV
HINDUNILVR,2022-06-22,2022,1,Sideways,1,0.7714,BUY,1,1,0.6492,BUY,1,10,"OBV,MACD_Hist,ROC,ADX,MACD_Signal,BB_Upper,EMA_26,SMA_50,ATR_14,Rolling_Std_10",OBV
HINDUNILVR,2022-06-23,2022,1,Sideways,1,0.8423,BUY,1,1,0.6522,BUY,1,10,"OBV,MACD_Hist,ROC,ADX,MACD_Signal,BB_Upper,EMA_26,SMA_50,ATR_14,Rolling_Std_10",OBV
HINDUNILVR,2022-06-24,2022,1,Sideways,1,0.7106,BUY,1,1,0.6078,BUY,1,10,"OBV,MACD_Hist,ROC,ADX,MACD_Signal,BB_Upper,EMA_26,SMA_50,ATR_14,Rolling_Std_10",OBV
HINDUNILVR,2022-06-27,2022,1,Sideways,1,0.5199,NO TRADE,1,1,0.545,NO TRADE,1,10,"OBV,MACD_Hist,ROC,ADX,MACD_Signal,BB_Upper,EMA_26,SMA_50,ATR_14,Rolling_Std_10",OBV
HINDUNILVR,2022-06-28,2022,1,Sideways,1,0.5139,NO TRADE,1,1,0.607,BUY,1,10,"OBV,MACD_Hist,ROC,ADX,MACD_Signal,BB_Upper,EMA_26,SMA_50,ATR_14,Rolling_Std_10",OBV
HINDUNILVR,2022-06-29,2022,1,Sideways,1,0.7714,BUY,1,1,0.5302,NO TRADE,1,10,"OBV,ADX,MACD_Signal,SMA_10,MACD,ROC,MACD_Hist,Return_5d,Volume_MA,BB_Upper",OBV
HINDUNILVR,2022-06-30,2022,1,Sideways,1,0.6498,BUY,1,1,0.6353,BUY,1,10,"OBV,ADX,MACD_Signal,SMA_10,MACD,ROC,MACD_Hist,Return_5d,Volume_MA,BB_Upper",OBV
HINDUNILVR,2022-07-01,2022,1,Sideways,1,0.7216,BUY,1,1,0.588,BUY,1,10,"OBV,ADX,MACD_Signal,SMA_10,MACD,ROC,MACD_Hist,Return_5d,Volume_MA,BB_Upper",OBV
HINDUNILVR,2022-07-04,2022,1,Sideways,1,0.8186,BUY,1,1,0.7256,BUY,1,10,"OBV,ADX,MACD_Signal,SMA_10,MACD,ROC,MACD_Hist,Return_5d,Volume_MA,BB_Upper",OBV
HINDUNILVR,2022-07-05,2022,1,Sideways,1,0.6207,BUY,1,1,0.644,BUY,1,10,"OBV,ADX,MACD_Signal,SMA_10,MACD,ROC,MACD_Hist,Return_5d,Volume_MA,BB_Upper",OBV
HINDUNILVR,2022-07-06,2022,1,Sideways,1,0.7353,BUY,1,1,0.5851,BUY,1,10,"OBV,ADX,MACD_Signal,SMA_10,MACD,ROC,MACD_Hist,Return_5d,Volume_MA,BB_Upper",OBV
HINDUNILVR,2022-07-07,2022,1,Sideways,1,0.9732,BUY,1,1,0.5337,NO TRADE,1,10,"OBV,ADX,MACD_Signal,SMA_10,MACD,ROC,MACD_Hist,Return_5d,Volume_MA,BB_Upper",OBV
HINDUNILVR,2022-07-08,2022,1,Sideways,1,0.9621,BUY,1,1,0.5539,BUY,1,10,"OBV,ADX,MACD_Signal,SMA_10,MACD,ROC,MACD_Hist,Return_5d,Volume_MA,BB_Upper",OBV
HINDUNILVR,2022-07-11,2022,1,Sideways,1,0.8617,BUY,1,0,0.5034,NO TRADE,0,10,"OBV,ADX,MACD_Signal,SMA_10,MACD,ROC,MACD_Hist,Return_5d,Volume_MA,BB_Upper",OBV
HINDUNILVR,2022-07-12,2022,1,Sideways,1,0.8609,BUY,1,1,0.506,NO TRADE,1,10,"OBV,ADX,MACD_Signal,SMA_10,MACD,ROC,MACD_Hist,Return_5d,Volume_MA,BB_Upper",OBV
HINDUNILVR,2022-07-13,2022,1,Sideways,1,0.8231,BUY,1,1,0.5012,NO TRADE,1,10,"OBV,ADX,MACD_Signal,SMA_10,MACD,ROC,MACD_Hist,Return_5d,Volume_MA,BB_Upper",OBV
HINDUNILVR,2022-07-14,2022,1,Sideways,1,0.8835,BUY,1,1,0.5261,NO TRADE,1,10,"OBV,ADX,MACD_Signal,SMA_10,MACD,ROC,MACD_Hist,Return_5d,Volume_MA,BB_Upper",OBV
HINDUNILVR,2022-07-15,2022,1,Sideways,1,0.7993,BUY,1,0,0.5689,SELL,0,10,"OBV,ADX,MACD_Signal,SMA_10,MACD,ROC,MACD_Hist,Return_5d,Volume_MA,BB_Upper",OBV
HINDUNILVR,2022-07-18,2022,1,Sideways,1,0.677,BUY,1,0,0.573,SELL,0,10,"OBV,ADX,MACD_Signal,SMA_10,MACD,ROC,MACD_Hist,Return_5d,Volume_MA,BB_Upper",OBV
HINDUNILVR,2022-07-19,2022,1,Sideways,1,0.7993,BUY,1,0,0.5441,NO TRADE,0,10,"OBV,ADX,MACD_Signal,SMA_10,MACD,ROC,MACD_Hist,Return_5d,Volume_MA,BB_Upper",OBV
HINDUNILVR,2022-07-20,2022,1,Sideways,1,0.7208,BUY,1,0,0.6359,SELL,0,10,"OBV,ADX,MACD_Signal,SMA_10,MACD,ROC,MACD_Hist,Return_5d,Volume_MA,BB_Upper",OBV
HINDUNILVR,2022-07-21,2022,1,Sideways,1,0.6119,BUY,1,0,0.549,NO TRADE,0,10,"OBV,ADX,MACD_Signal,SMA_10,MACD,ROC,MACD_Hist,Return_5d,Volume_MA,BB_Upper",OBV
HINDUNILVR,2022-07-22,2022,0,Sideways,1,0.5799,BUY,0,0,0.5112,NO TRADE,1,10,"OBV,ADX,MACD_Signal,SMA_10,MACD,ROC,MACD_Hist,Return_5d,Volume_MA,BB_Upper",OBV
HINDUNILVR,2022-07-25,2022,0,Sideways,1,0.543,NO TRADE,0,0,0.6574,SELL,1,10,"OBV,ADX,MACD_Signal,SMA_10,MACD,ROC,MACD_Hist,Return_5d,Volume_MA,BB_Upper",OBV
HINDUNILVR,2022-07-26,2022,1,Sideways,0,0.6622,SELL,0,0,0.7381,SELL,0,10,"OBV,ADX,MACD_Signal,SMA_10,MACD,ROC,MACD_Hist,Return_5d,Volume_MA,BB_Upper",OBV
HINDUNILVR,2022-07-27,2022,0,Sideways,1,0.5341,NO TRADE,0,0,0.6539,SELL,1,10,"OBV,ADX,MACD_Signal,SMA_10,MACD,ROC,MACD_Hist,Return_5d,Volume_MA,BB_Upper",OBV
HINDUNILVR,2022-07-28,2022,0,Sideways,0,0.8605,SELL,1,0,0.6796,SELL,1,10,"OBV,ADX,MACD_Signal,SMA_10,MACD,ROC,MACD_Hist,Return_5d,Volume_MA,BB_Upper",OBV
HINDUNILVR,2022-07-29,2022,1,Sideways,0,0.9035,SELL,0,0,0.8019,SELL,0,10,"OBV,ADX,MACD_Signal,SMA_10,MACD,ROC,MACD_Hist,Return_5d,Volume_MA,BB_Upper",OBV
HINDUNILVR,2022-08-01,2022,1,Sideways,0,0.8288,SELL,0,0,0.7223,SELL,0,10,"OBV,ADX,MACD_Signal,SMA_10,MACD,ROC,MACD_Hist,Return_5d,Volume_MA,BB_Upper",OBV
HINDUNILVR,2022-08-02,2022,0,Sideways,0,0.8383,SELL,1,0,0.6673,SELL,1,10,"OBV,ADX,MACD_Signal,SMA_10,MACD,ROC,MACD_Hist,Return_5d,Volume_MA,BB_Upper",OBV
HINDUNILVR,2022-08-03,2022,0,Sideways,0,0.9483,SELL,1,0,0.7883,SELL,1,10,"OBV,ADX,MACD_Signal,SMA_10,MACD,ROC,MACD_Hist,Return_5d,Volume_MA,BB_Upper",OBV
HINDUNILVR,2022-08-04,2022,0,Sideways,0,0.9742,SELL,1,0,0.7947,SELL,1,10,"OBV,ADX,MACD_Signal,SMA_10,MACD,ROC,MACD_Hist,Return_5d,Volume_MA,BB_Upper",OBV
HINDUNILVR,2022-08-05,2022,0,Sideways,0,0.9801,SELL,1,0,0.802,SELL,1,10,"OBV,ADX,MACD_Signal,SMA_10,MACD,ROC,MACD_Hist,Return_5d,Volume_MA,BB_Upper",OBV
HINDUNILVR,2022-08-08,2022,0,Sideways,0,0.9853,SELL,1,0,0.8093,SELL,1,10,"OBV,ADX,MACD_Signal,SMA_10,MACD,ROC,MACD_Hist,Return_5d,Volume_MA,BB_Upper",OBV
HINDUNILVR,2022-08-10,2022,0,Sideways,0,0.9848,SELL,1,0,0.8542,SELL,1,10,"OBV,ADX,MACD_Signal,SMA_10,MACD,ROC,MACD_Hist,Return_5d,Volume_MA,BB_Upper",OBV
HINDUNILVR,2022-08-11,2022,0,Sideways,0,0.9883,SELL,1,0,0.8691,SELL,1,10,"BB_Upper,OBV,ROC,SMA_10,Return_5d,Rolling_Median_Return,EMA_26,Volume_MA,ADX,MACD_Signal",BB_Upper
HINDUNILVR,2022-08-12,2022,0,Sideways,0,0.9906,SELL,1,0,0.8452,SELL,1,10,"BB_Upper,OBV,ROC,SMA_10,Return_5d,Rolling_Median_Return,EMA_26,Volume_MA,ADX,MACD_Signal",BB_Upper
HINDUNILVR,2022-08-16,2022,0,Sideways,0,0.9833,SELL,1,0,0.8046,SELL,1,10,"BB_Upper,OBV,ROC,SMA_10,Return_5d,Rolling_Median_Return,EMA_26,Volume_MA,ADX,MACD_Signal",BB_Upper
HINDUNILVR,2022-08-17,2022,0,Sideways,0,0.9878,SELL,1,0,0.8082,SELL,1,10,"BB_Upper,OBV,ROC,SMA_10,Return_5d,Rolling_Median_Return,EMA_26,Volume_MA,ADX,MACD_Signal",BB_Upper
HINDUNILVR,2022-08-18,2022,0,Sideways,0,0.9871,SELL,1,0,0.8112,SELL,1,10,"BB_Upper,OBV,ROC,SMA_10,Return_5d,Rolling_Median_Return,EMA_26,Volume_MA,ADX,MACD_Signal",BB_Upper
HINDUNILVR,2022-08-19,2022,0,Sideways,0,0.9893,SELL,1,0,0.8807,SELL,1,10,"BB_Upper,OBV,ROC,SMA_10,Return_5d,Rolling_Median_Return,EMA_26,Volume_MA,ADX,MACD_Signal",BB_Upper
HINDUNILVR,2022-08-22,2022,0,Sideways,0,0.9937,SELL,1,0,0.8355,SELL,1,10,"BB_Upper,OBV,ROC,SMA_10,Return_5d,Rolling_Median_Return,EMA_26,Volume_MA,ADX,MACD_Signal",BB_Upper
HINDUNILVR,2022-08-23,2022,1,Sideways,0,0.9888,SELL,0,0,0.7213,SELL,0,10,"BB_Upper,OBV,ROC,SMA_10,Return_5d,Rolling_Median_Return,EMA_26,Volume_MA,ADX,MACD_Signal",BB_Upper
HINDUNILVR,2022-08-24,2022,1,Sideways,0,0.9416,SELL,0,0,0.5561,SELL,0,10,"BB_Upper,OBV,ROC,SMA_10,Return_5d,Rolling_Median_Return,EMA_26,Volume_MA,ADX,MACD_Signal",BB_Upper
HINDUNILVR,2022-08-25,2022,1,Sideways,0,0.9672,SELL,0,0,0.687,SELL,0,10,"BB_Upper,OBV,ROC,SMA_10,Return_5d,Rolling_Median_Return,EMA_26,Volume_MA,ADX,MACD_Signal",BB_Upper
HINDUNILVR,2022-08-26,2022,1,Sideways,0,0.8411,SELL,0,0,0.5239,NO TRADE,0,10,"BB_Upper,OBV,ROC,SMA_10,Return_5d,Rolling_Median_Return,EMA_26,Volume_MA,ADX,MACD_Signal",BB_Upper
HINDUNILVR,2022-08-29,2022,1,Sideways,0,0.8939,SELL,0,1,0.5952,BUY,1,10,"BB_Upper,OBV,ROC,SMA_10,Return_5d,Rolling_Median_Return,EMA_26,Volume_MA,ADX,MACD_Signal",BB_Upper
HINDUNILVR,2022-08-30,2022,1,Sideways,0,0.7831,SELL,0,1,0.6135,BUY,1,10,"BB_Upper,OBV,ROC,SMA_10,Return_5d,Rolling_Median_Return,EMA_26,Volume_MA,ADX,MACD_Signal",BB_Upper
HINDUNILVR,2022-09-01,2022,1,Sideways,0,0.6802,SELL,0,1,0.6384,BUY,1,10,"BB_Upper,OBV,ROC,SMA_10,Return_5d,Rolling_Median_Return,EMA_26,Volume_MA,ADX,MACD_Signal",BB_Upper
HINDUNILVR,2022-09-02,2022,1,Sideways,0,0.5704,SELL,0,1,0.663,BUY,1,10,"BB_Upper,OBV,ROC,SMA_10,Return_5d,Rolling_Median_Return,EMA_26,Volume_MA,ADX,MACD_Signal",BB_Upper
HINDUNILVR,2022-09-05,2022,1,Sideways,0,0.5703,SELL,0,1,0.6366,BUY,1,10,"BB_Upper,OBV,ROC,SMA_10,Return_5d,Rolling_Median_Return,EMA_26,Volume_MA,ADX,MACD_Signal",BB_Upper
HINDUNILVR,2022-09-06,2022,1,Sideways,1,0.5467,NO TRADE,1,1,0.6521,BUY,1,10,"BB_Upper,OBV,ROC,SMA_10,Return_5d,Rolling_Median_Return,EMA_26,Volume_MA,ADX,MACD_Signal",BB_Upper
HINDUNILVR,2022-09-07,2022,1,Sideways,0,0.5373,NO TRADE,0,1,0.7594,BUY,1,10,"BB_Upper,OBV,ROC,SMA_10,Return_5d,Rolling_Median_Return,EMA_26,Volume_MA,ADX,MACD_Signal",BB_Upper
HINDUNILVR,2022-09-08,2022,1,Sideways,0,0.5049,NO TRADE,0,1,0.7739,BUY,1,10,"BB_Upper,OBV,ROC,SMA_10,Return_5d,Rolling_Median_Return,EMA_26,Volume_MA,ADX,MACD_Signal",BB_Upper
HINDUNILVR,2022-09-09,2022,1,Sideways,0,0.5158,NO TRADE,0,1,0.7738,BUY,1,10,"BB_Upper,OBV,ROC,SMA_10,Return_5d,Rolling_Median_Return,EMA_26,Volume_MA,ADX,MACD_Signal",BB_Upper
HINDUNILVR,2022-09-12,2022,0,Sideways,0,0.5292,NO TRADE,1,1,0.7798,BUY,0,10,"BB_Upper,OBV,ROC,SMA_10,Return_5d,Rolling_Median_Return,EMA_26,Volume_MA,ADX,MACD_Signal",BB_Upper
HINDUNILVR,2022-09-13,2022,1,Sideways,0,0.5702,SELL,0,1,0.6316,BUY,1,10,"BB_Upper,OBV,ROC,SMA_10,Return_5d,Rolling_Median_Return,EMA_26,Volume_MA,ADX,MACD_Signal",BB_Upper
HINDUNILVR,2022-09-14,2022,0,Sideways,0,0.523,NO TRADE,1,1,0.7762,BUY,0,10,"BB_Upper,OBV,ROC,SMA_10,Return_5d,Rolling_Median_Return,EMA_26,Volume_MA,ADX,MACD_Signal",BB_Upper
HINDUNILVR,2022-09-15,2022,1,Sideways,0,0.534,NO TRADE,0,1,0.6851,BUY,1,10,"BB_Upper,OBV,ROC,SMA_10,Return_5d,Rolling_Median_Return,EMA_26,Volume_MA,ADX,MACD_Signal",BB_Upper
HINDUNILVR,2022-09-16,2022,1,Sideways,1,0.5353,NO TRADE,1,1,0.635,BUY,1,10,"BB_Upper,OBV,ROC,SMA_10,Return_5d,Rolling_Median_Return,EMA_26,Volume_MA,ADX,MACD_Signal",BB_Upper
HINDUNILVR,2022-09-19,2022,1,Sideways,1,0.5967,BUY,1,1,0.6574,BUY,1,10,"BB_Upper,OBV,ROC,SMA_10,Return_5d,Rolling_Median_Return,EMA_26,Volume_MA,ADX,MACD_Signal",BB_Upper
HINDUNILVR,2022-09-20,2022,0,Sideways,0,0.5861,SELL,1,1,0.733,BUY,0,10,"BB_Upper,OBV,ROC,SMA_10,Return_5d,Rolling_Median_Return,EMA_26,Volume_MA,ADX,MACD_Signal",BB_Upper
HINDUNILVR,2022-09-21,2022,0,Sideways,0,0.6206,SELL,1,1,0.6458,BUY,0,10,"BB_Upper,OBV,ROC,SMA_10,Return_5d,Rolling_Median_Return,EMA_26,Volume_MA,ADX,MACD_Signal",BB_Upper
HINDUNILVR,2022-09-22,2022,0,Sideways,1,0.5565,BUY,0,0,0.5021,NO TRADE,1,10,"BB_Upper,OBV,ROC,SMA_10,Return_5d,Rolling_Median_Return,EMA_26,Volume_MA,ADX,MACD_Signal",BB_Upper
HINDUNILVR,2022-09-23,2022,0,Sideways,0,0.6121,SELL,1,0,0.548,NO TRADE,1,10,"BB_Upper,OBV,ROC,SMA_10,Return_5d,Rolling_Median_Return,EMA_26,Volume_MA,ADX,MACD_Signal",BB_Upper
HINDUNILVR,2022-09-26,2022,0,Sideways,0,0.6068,SELL,1,1,0.6676,BUY,0,10,"OBV,SMA_20,EMA_26,MACD_Hist,MACD_Signal,Rolling_Median_Return,SMA_50,ATR_14,EMA_12,MACD",OBV
HINDUNILVR,2022-09-27,2022,0,Sideways,0,0.7542,SELL,1,0,0.619,SELL,1,10,"OBV,SMA_20,EMA_26,MACD_Hist,MACD_Signal,Rolling_Median_Return,SMA_50,ATR_14,EMA_12,MACD",OBV
HINDUNILVR,2022-09-28,2022,0,Sideways,0,0.771,SELL,1,0,0.6451,SELL,1,10,"OBV,SMA_20,EMA_26,MACD_Hist,MACD_Signal,Rolling_Median_Return,SMA_50,ATR_14,EMA_12,MACD",OBV
HINDUNILVR,2022-09-29,2022,0,Sideways,0,0.7707,SELL,1,0,0.5787,SELL,1,10,"OBV,SMA_20,EMA_26,MACD_Hist,MACD_Signal,Rolling_Median_Return,SMA_50,ATR_14,EMA_12,MACD",OBV
HINDUNILVR,2022-09-30,2022,0,Sideways,0,0.7656,SELL,1,0,0.6191,SELL,1,10,"OBV,SMA_20,EMA_26,MACD_Hist,MACD_Signal,Rolling_Median_Return,SMA_50,ATR_14,EMA_12,MACD",OBV
HINDUNILVR,2022-10-03,2022,0,Sideways,1,0.5944,BUY,0,0,0.595,SELL,1,10,"OBV,SMA_20,EMA_26,MACD_Hist,MACD_Signal,Rolling_Median_Return,SMA_50,ATR_14,EMA_12,MACD",OBV
HINDUNILVR,2022-10-04,2022,0,Sideways,0,0.794,SELL,1,0,0.7534,SELL,1,10,"OBV,SMA_20,EMA_26,MACD_Hist,MACD_Signal,Rolling_Median_Return,SMA_50,ATR_14,EMA_12,MACD",OBV
HINDUNILVR,2022-10-06,2022,0,Sideways,0,0.6429,SELL,1,0,0.6612,SELL,1,10,"OBV,SMA_20,EMA_26,MACD_Hist,MACD_Signal,Rolling_Median_Return,SMA_50,ATR_14,EMA_12,MACD",OBV
HINDUNILVR,2022-10-07,2022,0,Sideways,0,0.5959,SELL,1,0,0.7353,SELL,1,10,"OBV,SMA_20,EMA_26,MACD_Hist,MACD_Signal,Rolling_Median_Return,SMA_50,ATR_14,EMA_12,MACD",OBV
HINDUNILVR,2022-10-10,2022,0,Sideways,0,0.6591,SELL,1,0,0.7125,SELL,1,10,"OBV,SMA_20,EMA_26,MACD_Hist,MACD_Signal,Rolling_Median_Return,SMA_50,ATR_14,EMA_12,MACD",OBV
HINDUNILVR,2022-10-11,2022,0,Sideways,0,0.646,SELL,1,0,0.6371,SELL,1,10,"OBV,SMA_20,EMA_26,MACD_Hist,MACD_Signal,Rolling_Median_Return,SMA_50,ATR_14,EMA_12,MACD",OBV
HINDUNILVR,2022-10-12,2022,0,Sideways,0,0.7363,SELL,1,0,0.6462,SELL,1,10,"OBV,SMA_20,EMA_26,MACD_Hist,MACD_Signal,Rolling_Median_Return,SMA_50,ATR_14,EMA_12,MACD",OBV
HINDUNILVR,2022-10-13,2022,0,Sideways,0,0.7368,SELL,1,0,0.6728,SELL,1,10,"OBV,SMA_20,EMA_26,MACD_Hist,MACD_Signal,Rolling_Median_Return,SMA_50,ATR_14,EMA_12,MACD",OBV
HINDUNILVR,2022-10-14,2022,0,Sideways,0,0.7581,SELL,1,0,0.7105,SELL,1,10,"OBV,SMA_20,EMA_26,MACD_Hist,MACD_Signal,Rolling_Median_Return,SMA_50,ATR_14,EMA_12,MACD",OBV
HINDUNILVR,2022-10-17,2022,0,Sideways,0,0.753,SELL,1,0,0.7211,SELL,1,10,"OBV,SMA_20,EMA_26,MACD_Hist,MACD_Signal,Rolling_Median_Return,SMA_50,ATR_14,EMA_12,MACD",OBV
HINDUNILVR,2022-10-18,2022,0,Sideways,0,0.819,SELL,1,0,0.738,SELL,1,10,"OBV,SMA_20,EMA_26,MACD_Hist,MACD_Signal,Rolling_Median_Return,SMA_50,ATR_14,EMA_12,MACD",OBV
HINDUNILVR,2022-10-19,2022,0,Sideways,0,0.7733,SELL,1,0,0.7484,SELL,1,10,"OBV,SMA_20,EMA_26,MACD_Hist,MACD_Signal,Rolling_Median_Return,SMA_50,ATR_14,EMA_12,MACD",OBV
HINDUNILVR,2022-10-20,2022,0,Sideways,0,0.8115,SELL,1,0,0.7632,SELL,1,10,"OBV,SMA_20,EMA_26,MACD_Hist,MACD_Signal,Rolling_Median_Return,SMA_50,ATR_14,EMA_12,MACD",OBV
HINDUNILVR,2022-10-21,2022,0,Sideways,0,0.7393,SELL,1,0,0.7891,SELL,1,10,"OBV,SMA_20,EMA_26,MACD_Hist,MACD_Signal,Rolling_Median_Return,SMA_50,ATR_14,EMA_12,MACD",OBV
HINDUNILVR,2022-10-24,2022,0,Sideways,0,0.6686,SELL,1,0,0.784,SELL,1,10,"OBV,SMA_20,EMA_26,MACD_Hist,MACD_Signal,Rolling_Median_Return,SMA_50,ATR_14,EMA_12,MACD",OBV
HINDUNILVR,2022-10-25,2022,1,Sideways,0,0.5688,SELL,0,0,0.7522,SELL,0,10,"OBV,SMA_20,EMA_26,MACD_Hist,MACD_Signal,Rolling_Median_Return,SMA_50,ATR_14,EMA_12,MACD",OBV
HINDUNILVR,2022-10-27,2022,1,Sideways,0,0.5987,SELL,0,0,0.6657,SELL,0,10,"OBV,SMA_20,EMA_26,MACD_Hist,MACD_Signal,Rolling_Median_Return,SMA_50,ATR_14,EMA_12,MACD",OBV
HINDUNILVR,2022-10-28,2022,1,Sideways,0,0.5525,SELL,0,0,0.6112,SELL,0,10,"OBV,SMA_20,EMA_26,MACD_Hist,MACD_Signal,Rolling_Median_Return,SMA_50,ATR_14,EMA_12,MACD",OBV
HINDUNILVR,2022-10-31,2022,1,Sideways,0,0.54,NO TRADE,0,1,0.5057,NO TRADE,1,10,"OBV,SMA_20,EMA_26,MACD_Hist,MACD_Signal,Rolling_Median_Return,SMA_50,ATR_14,EMA_12,MACD",OBV
HINDUNILVR,2022-11-01,2022,1,Sideways,0,0.5565,SELL,0,1,0.579,BUY,1,10,"OBV,SMA_20,EMA_26,MACD_Hist,MACD_Signal,Rolling_Median_Return,SMA_50,ATR_14,EMA_12,MACD",OBV
HINDUNILVR,2022-11-02,2022,1,Sideways,1,0.5283,NO TRADE,1,1,0.6539,BUY,1,10,"OBV,SMA_20,EMA_26,MACD_Hist,MACD_Signal,Rolling_Median_Return,SMA_50,ATR_14,EMA_12,MACD",OBV
HINDUNILVR,2022-11-03,2022,1,Sideways,1,0.5025,NO TRADE,1,1,0.6602,BUY,1,10,"OBV,SMA_20,EMA_26,MACD_Hist,MACD_Signal,Rolling_Median_Return,SMA_50,ATR_14,EMA_12,MACD",OBV
HINDUNILVR,2022-11-04,2022,1,Sideways,1,0.5408,NO TRADE,1,1,0.7246,BUY,1,10,"OBV,SMA_20,EMA_26,MACD_Hist,MACD_Signal,Rolling_Median_Return,SMA_50,ATR_14,EMA_12,MACD",OBV
HINDUNILVR,2022-11-07,2022,1,Sideways,1,0.5296,NO TRADE,1,1,0.7678,BUY,1,10,"OBV,SMA_20,EMA_26,MACD_Hist,MACD_Signal,Rolling_Median_Return,SMA_50,ATR_14,EMA_12,MACD",OBV
HINDUNILVR,2022-11-09,2022,1,Sideways,1,0.5363,NO TRADE,1,1,0.7829,BUY,1,10,"OBV,SMA_20,EMA_26,MACD_Hist,MACD_Signal,Rolling_Median_Return,SMA_50,ATR_14,EMA_12,MACD",OBV
HINDUNILVR,2022-11-10,2022,1,Sideways,1,0.5036,NO TRADE,1,1,0.8182,BUY,1,10,"EMA_26,Rolling_Volatility,OBV,SMA_50,SMA_20,EMA_12,MACD_Hist,ATR_14,Rolling_Median_Return,SMA_10",EMA_26
HINDUNILVR,2022-11-11,2022,1,Sideways,1,0.5616,BUY,1,1,0.8172,BUY,1,10,"EMA_26,Rolling_Volatility,OBV,SMA_50,SMA_20,EMA_12,MACD_Hist,ATR_14,Rolling_Median_Return,SMA_10",EMA_26
HINDUNILVR,2022-11-14,2022,1,Sideways,1,0.6442,BUY,1,1,0.6239,BUY,1,10,"EMA_26,Rolling_Volatility,OBV,SMA_50,SMA_20,EMA_12,MACD_Hist,ATR_14,Rolling_Median_Return,SMA_10",EMA_26
HINDUNILVR,2022-11-15,2022,1,Sideways,1,0.5976,BUY,1,1,0.8629,BUY,1,10,"EMA_26,Rolling_Volatility,OBV,SMA_50,SMA_20,EMA_12,MACD_Hist,ATR_14,Rolling_Median_Return,SMA_10",EMA_26
HINDUNILVR,2022-11-16,2022,1,Sideways,1,0.606,BUY,1,1,0.8761,BUY,1,10,"EMA_26,Rolling_Volatility,OBV,SMA_50,SMA_20,EMA_12,MACD_Hist,ATR_14,Rolling_Median_Return,SMA_10",EMA_26
HINDUNILVR,2022-11-17,2022,1,Sideways,1,0.6186,BUY,1,1,0.8725,BUY,1,10,"EMA_26,Rolling_Volatility,OBV,SMA_50,SMA_20,EMA_12,MACD_Hist,ATR_14,Rolling_Median_Return,SMA_10",EMA_26
HINDUNILVR,2022-11-18,2022,1,Sideways,1,0.6183,BUY,1,1,0.8846,BUY,1,10,"EMA_26,Rolling_Volatility,OBV,SMA_50,SMA_20,EMA_12,MACD_Hist,ATR_14,Rolling_Median_Return,SMA_10",EMA_26
HINDUNILVR,2022-11-21,2022,1,Sideways,1,0.604,BUY,1,1,0.9032,BUY,1,10,"EMA_26,Rolling_Volatility,OBV,SMA_50,SMA_20,EMA_12,MACD_Hist,ATR_14,Rolling_Median_Return,SMA_10",EMA_26
HINDUNILVR,2022-11-22,2022,1,Sideways,1,0.5859,BUY,1,1,0.8295,BUY,1,10,"EMA_26,Rolling_Volatility,OBV,SMA_50,SMA_20,EMA_12,MACD_Hist,ATR_14,Rolling_Median_Return,SMA_10",EMA_26
HINDUNILVR,2022-11-23,2022,1,Sideways,1,0.5994,BUY,1,1,0.8269,BUY,1,10,"EMA_26,Rolling_Volatility,OBV,SMA_50,SMA_20,EMA_12,MACD_Hist,ATR_14,Rolling_Median_Return,SMA_10",EMA_26
HINDUNILVR,2022-11-24,2022,1,Sideways,0,0.5112,NO TRADE,0,1,0.8329,BUY,1,10,"EMA_26,Rolling_Volatility,OBV,SMA_50,SMA_20,EMA_12,MACD_Hist,ATR_14,Rolling_Median_Return,SMA_10",EMA_26
HINDUNILVR,2022-11-25,2022,1,Sideways,1,0.6026,BUY,1,1,0.8341,BUY,1,10,"EMA_26,Rolling_Volatility,OBV,SMA_50,SMA_20,EMA_12,MACD_Hist,ATR_14,Rolling_Median_Return,SMA_10",EMA_26
HINDUNILVR,2022-11-28,2022,1,Sideways,1,0.6266,BUY,1,1,0.8404,BUY,1,10,"EMA_26,Rolling_Volatility,OBV,SMA_50,SMA_20,EMA_12,MACD_Hist,ATR_14,Rolling_Median_Return,SMA_10",EMA_26
HINDUNILVR,2022-11-29,2022,0,Sideways,1,0.7564,BUY,0,1,0.9043,BUY,0,10,"EMA_26,Rolling_Volatility,OBV,SMA_50,SMA_20,EMA_12,MACD_Hist,ATR_14,Rolling_Median_Return,SMA_10",EMA_26
HINDUNILVR,2022-11-30,2022,0,Sideways,1,0.681,BUY,0,1,0.7713,BUY,0,10,"EMA_26,Rolling_Volatility,OBV,SMA_50,SMA_20,EMA_12,MACD_Hist,ATR_14,Rolling_Median_Return,SMA_10",EMA_26
HINDUNILVR,2022-12-01,2022,0,Sideways,0,0.6066,SELL,1,1,0.5777,BUY,0,10,"EMA_26,Rolling_Volatility,OBV,SMA_50,SMA_20,EMA_12,MACD_Hist,ATR_14,Rolling_Median_Return,SMA_10",EMA_26
HINDUNILVR,2022-12-02,2022,0,Sideways,0,0.5092,NO TRADE,1,0,0.559,SELL,1,10,"EMA_26,Rolling_Volatility,OBV,SMA_50,SMA_20,EMA_12,MACD_Hist,ATR_14,Rolling_Median_Return,SMA_10",EMA_26
HINDUNILVR,2022-12-05,2022,0,Sideways,0,0.5375,NO TRADE,1,0,0.6443,SELL,1,10,"EMA_26,Rolling_Volatility,OBV,SMA_50,SMA_20,EMA_12,MACD_Hist,ATR_14,Rolling_Median_Return,SMA_10",EMA_26
HINDUNILVR,2022-12-06,2022,0,Sideways,0,0.5699,SELL,1,0,0.6745,SELL,1,10,"EMA_26,Rolling_Volatility,OBV,SMA_50,SMA_20,EMA_12,MACD_Hist,ATR_14,Rolling_Median_Return,SMA_10",EMA_26
HINDUNILVR,2022-12-07,2022,0,Sideways,0,0.6027,SELL,1,0,0.7047,SELL,1,10,"EMA_26,Rolling_Volatility,OBV,SMA_50,SMA_20,EMA_12,MACD_Hist,ATR_14,Rolling_Median_Return,SMA_10",EMA_26
HINDUNILVR,2022-12-08,2022,0,Sideways,0,0.687,SELL,1,0,0.7212,SELL,1,10,"EMA_26,Rolling_Volatility,OBV,SMA_50,SMA_20,EMA_12,MACD_Hist,ATR_14,Rolling_Median_Return,SMA_10",EMA_26
HINDUNILVR,2022-12-09,2022,0,Sideways,0,0.6966,SELL,1,0,0.7452,SELL,1,10,"EMA_26,Rolling_Volatility,OBV,SMA_50,SMA_20,EMA_12,MACD_Hist,ATR_14,Rolling_Median_Return,SMA_10",EMA_26
HINDUNILVR,2022-12-12,2022,0,Sideways,0,0.7433,SELL,1,0,0.6848,SELL,1,10,"EMA_26,Rolling_Volatility,OBV,SMA_50,SMA_20,EMA_12,MACD_Hist,ATR_14,Rolling_Median_Return,SMA_10",EMA_26
HINDUNILVR,2022-12-13,2022,0,Sideways,0,0.8131,SELL,1,0,0.7098,SELL,1,10,"EMA_26,Rolling_Volatility,OBV,SMA_50,SMA_20,EMA_12,MACD_Hist,ATR_14,Rolling_Median_Return,SMA_10",EMA_26
HINDUNILVR,2022-12-14,2022,0,Sideways,0,0.8084,SELL,1,0,0.7504,SELL,1,10,"EMA_26,Rolling_Volatility,OBV,SMA_50,SMA_20,EMA_12,MACD_Hist,ATR_14,Rolling_Median_Return,SMA_10",EMA_26
HINDUNILVR,2022-12-15,2022,0,Sideways,0,0.7706,SELL,1,0,0.7593,SELL,1,10,"EMA_26,Rolling_Volatility,OBV,SMA_50,SMA_20,EMA_12,MACD_Hist,ATR_14,Rolling_Median_Return,SMA_10",EMA_26
HINDUNILVR,2022-12-16,2022,0,Sideways,0,0.7809,SELL,1,0,0.7774,SELL,1,10,"EMA_26,Rolling_Volatility,OBV,SMA_50,SMA_20,EMA_12,MACD_Hist,ATR_14,Rolling_Median_Return,SMA_10",EMA_26
HINDUNILVR,2022-12-19,2022,0,Sideways,0,0.7856,SELL,1,0,0.7335,SELL,1,10,"EMA_26,Rolling_Volatility,OBV,SMA_50,SMA_20,EMA_12,MACD_Hist,ATR_14,Rolling_Median_Return,SMA_10",EMA_26
HINDUNILVR,2022-12-20,2022,0,Sideways,0,0.7721,SELL,1,0,0.7262,SELL,1,10,"EMA_26,Rolling_Volatility,OBV,SMA_50,SMA_20,EMA_12,MACD_Hist,ATR_14,Rolling_Median_Return,SMA_10",EMA_26
HINDUNILVR,2022-12-21,2022,1,Sideways,0,0.8791,SELL,0,0,0.7683,SELL,0,10,"EMA_26,Rolling_Volatility,OBV,SMA_50,SMA_20,EMA_12,MACD_Hist,ATR_14,Rolling_Median_Return,SMA_10",EMA_26
HINDUNILVR,2022-12-22,2022,1,Sideways,0,0.6619,SELL,0,0,0.7443,SELL,0,10,"EMA_26,OBV,SMA_50,SMA_20,Rolling_Median_Return,RSI_14,MACD,BB_Width,Stochastic,BB_Upper",EMA_26
HINDUNILVR,2022-12-23,2022,0,Sideways,0,0.5406,NO TRADE,1,0,0.6326,SELL,1,10,"EMA_26,OBV,SMA_50,SMA_20,Rolling_Median_Return,RSI_14,MACD,BB_Width,Stochastic,BB_Upper",EMA_26
HINDUNILVR,2022-12-26,2022,0,Sideways,0,0.5561,SELL,1,0,0.7222,SELL,1,10,"EMA_26,OBV,SMA_50,SMA_20,Rolling_Median_Return,RSI_14,MACD,BB_Width,Stochastic,BB_Upper",EMA_26
HINDUNILVR,2022-12-27,2022,1,Sideways,0,0.7291,SELL,0,0,0.7229,SELL,0,10,"EMA_26,OBV,SMA_50,SMA_20,Rolling_Median_Return,RSI_14,MACD,BB_Width,Stochastic,BB_Upper",EMA_26
HINDUNILVR,2022-12-28,2022,1,Sideways,0,0.5507,SELL,0,0,0.6707,SELL,0,10,"EMA_26,OBV,SMA_50,SMA_20,Rolling_Median_Return,RSI_14,MACD,BB_Width,Stochastic,BB_Upper",EMA_26
HINDUNILVR,2022-12-29,2022,1,Sideways,1,0.6857,BUY,1,0,0.5277,NO TRADE,0,10,"EMA_26,OBV,SMA_50,SMA_20,Rolling_Median_Return,RSI_14,MACD,BB_Width,Stochastic,BB_Upper",EMA_26
HINDUNILVR,2022-12-30,2022,1,Sideways,1,0.7161,BUY,1,1,0.5332,NO TRADE,1,10,"EMA_26,OBV,SMA_50,SMA_20,Rolling_Median_Return,RSI_14,MACD,BB_Width,Stochastic,BB_Upper",EMA_26
HINDUNILVR,2023-01-02,2023,1,Sideways,1,0.7682,BUY,1,1,0.5606,BUY,1,10,"EMA_26,OBV,SMA_50,SMA_20,Rolling_Median_Return,RSI_14,MACD,BB_Width,Stochastic,BB_Upper",EMA_26
HINDUNILVR,2023-01-03,2023,1,Sideways,1,0.8198,BUY,1,1,0.6059,BUY,1,10,"EMA_26,OBV,SMA_50,SMA_20,Rolling_Median_Return,RSI_14,MACD,BB_Width,Stochastic,BB_Upper",EMA_26
HINDUNILVR,2023-01-04,2023,1,Sideways,1,0.902,BUY,1,1,0.6029,BUY,1,10,"EMA_26,OBV,SMA_50,SMA_20,Rolling_Median_Return,RSI_14,MACD,BB_Width,Stochastic,BB_Upper",EMA_26
HINDUNILVR,2023-01-05,2023,1,Sideways,1,0.725,BUY,1,1,0.6338,BUY,1,10,"EMA_26,OBV,SMA_50,SMA_20,Rolling_Median_Return,RSI_14,MACD,BB_Width,Stochastic,BB_Upper",EMA_26
HINDUNILVR,2023-01-06,2023,1,Sideways,1,0.7994,BUY,1,1,0.5895,BUY,1,10,"EMA_26,OBV,SMA_50,SMA_20,Rolling_Median_Return,RSI_14,MACD,BB_Width,Stochastic,BB_Upper",EMA_26
HINDUNILVR,2023-01-09,2023,0,Sideways,1,0.7238,BUY,0,1,0.6501,BUY,0,10,"EMA_26,OBV,SMA_50,SMA_20,Rolling_Median_Return,RSI_14,MACD,BB_Width,Stochastic,BB_Upper",EMA_26
HINDUNILVR,2023-01-10,2023,0,Sideways,1,0.5124,NO TRADE,0,1,0.5807,BUY,0,10,"EMA_26,OBV,SMA_50,SMA_20,Rolling_Median_Return,RSI_14,MACD,BB_Width,Stochastic,BB_Upper",EMA_26
HINDUNILVR,2023-01-11,2023,0,Sideways,1,0.5831,BUY,0,1,0.5566,BUY,0,10,"EMA_26,OBV,SMA_50,SMA_20,Rolling_Median_Return,RSI_14,MACD,BB_Width,Stochastic,BB_Upper",EMA_26
HINDUNILVR,2023-01-12,2023,0,Sideways,1,0.5726,BUY,0,1,0.5224,NO TRADE,0,10,"EMA_26,OBV,SMA_50,SMA_20,Rolling_Median_Return,RSI_14,MACD,BB_Width,Stochastic,BB_Upper",EMA_26
HINDUNILVR,2023-01-13,2023,0,Sideways,0,0.6187,SELL,1,0,0.5251,NO TRADE,1,10,"EMA_26,OBV,SMA_50,SMA_20,Rolling_Median_Return,RSI_14,MACD,BB_Width,Stochastic,BB_Upper",EMA_26
HINDUNILVR,2023-01-16,2023,0,Sideways,1,0.5271,NO TRADE,0,0,0.5297,NO TRADE,1,10,"EMA_26,OBV,SMA_50,SMA_20,Rolling_Median_Return,RSI_14,MACD,BB_Width,Stochastic,BB_Upper",EMA_26
HINDUNILVR,2023-01-17,2023,0,Sideways,0,0.8529,SELL,1,0,0.5699,SELL,1,10,"EMA_26,OBV,SMA_50,SMA_20,Rolling_Median_Return,RSI_14,MACD,BB_Width,Stochastic,BB_Upper",EMA_26
HINDUNILVR,2023-01-18,2023,0,Sideways,0,0.8166,SELL,1,0,0.6162,SELL,1,10,"EMA_26,OBV,SMA_50,SMA_20,Rolling_Median_Return,RSI_14,MACD,BB_Width,Stochastic,BB_Upper",EMA_26
HINDUNILVR,2023-01-19,2023,0,Sideways,0,0.7015,SELL,1,0,0.5954,SELL,1,10,"EMA_26,OBV,SMA_50,SMA_20,Rolling_Median_Return,RSI_14,MACD,BB_Width,Stochastic,BB_Upper",EMA_26
HINDUNILVR,2023-01-20,2023,0,Sideways,1,0.7103,BUY,0,0,0.5875,SELL,1,10,"EMA_26,OBV,SMA_50,SMA_20,Rolling_Median_Return,RSI_14,MACD,BB_Width,Stochastic,BB_Upper",EMA_26
HINDUNILVR,2023-01-23,2023,0,Sideways,0,0.7323,SELL,1,0,0.5854,SELL,1,10,"EMA_26,OBV,SMA_50,SMA_20,Rolling_Median_Return,RSI_14,MACD,BB_Width,Stochastic,BB_Upper",EMA_26
HINDUNILVR,2023-01-24,2023,0,Sideways,0,0.6986,SELL,1,0,0.5303,NO TRADE,1,10,"EMA_26,OBV,SMA_50,SMA_20,Rolling_Median_Return,RSI_14,MACD,BB_Width,Stochastic,BB_Upper",EMA_26
HINDUNILVR,2023-01-25,2023,0,Sideways,0,0.8772,SELL,1,0,0.5535,SELL,1,10,"EMA_26,OBV,SMA_50,SMA_20,Rolling_Median_Return,RSI_14,MACD,BB_Width,Stochastic,BB_Upper",EMA_26
HINDUNILVR,2023-01-27,2023,0,Sideways,0,0.8727,SELL,1,0,0.5453,NO TRADE,1,10,"EMA_26,OBV,SMA_50,SMA_20,Rolling_Median_Return,RSI_14,MACD,BB_Width,Stochastic,BB_Upper",EMA_26
HINDUNILVR,2023-01-30,2023,0,Sideways,0,0.6077,SELL,1,0,0.5505,SELL,1,10,"EMA_26,OBV,SMA_50,SMA_20,Rolling_Median_Return,RSI_14,MACD,BB_Width,Stochastic,BB_Upper",EMA_26
HINDUNILVR,2023-01-31,2023,0,Sideways,0,0.7026,SELL,1,0,0.6255,SELL,1,10,"EMA_26,OBV,SMA_50,SMA_20,Rolling_Median_Return,RSI_14,MACD,BB_Width,Stochastic,BB_Upper",EMA_26
HINDUNILVR,2023-02-01,2023,0,Sideways,0,0.6342,SELL,1,0,0.6304,SELL,1,10,"EMA_26,OBV,SMA_50,SMA_20,Rolling_Median_Return,RSI_14,MACD,BB_Width,Stochastic,BB_Upper",EMA_26
HINDUNILVR,2023-02-02,2023,0,Sideways,0,0.7298,SELL,1,0,0.6391,SELL,1,10,"EMA_26,OBV,SMA_50,SMA_20,Rolling_Median_Return,RSI_14,MACD,BB_Width,Stochastic,BB_Upper",EMA_26
HINDUNILVR,2023-02-03,2023,0,Sideways,0,0.89,SELL,1,0,0.602,SELL,1,10,"EMA_12,EMA_26,SMA_50,OBV,MACD_Hist,MACD_Signal,Volume_MA,Rolling_Median_Return,SMA_20,BB_Upper",EMA_12
HINDUNILVR,2023-02-06,2023,0,Sideways,0,0.8595,SELL,1,0,0.7339,SELL,1,10,"EMA_12,EMA_26,SMA_50,OBV,MACD_Hist,MACD_Signal,Volume_MA,Rolling_Median_Return,SMA_20,BB_Upper",EMA_12
HINDUNILVR,2023-02-07,2023,0,Sideways,0,0.8152,SELL,1,0,0.7466,SELL,1,10,"EMA_12,EMA_26,SMA_50,OBV,MACD_Hist,MACD_Signal,Volume_MA,Rolling_Median_Return,SMA_20,BB_Upper",EMA_12
HINDUNILVR,2023-02-08,2023,0,Sideways,0,0.7203,SELL,1,0,0.6935,SELL,1,10,"EMA_12,EMA_26,SMA_50,OBV,MACD_Hist,MACD_Signal,Volume_MA,Rolling_Median_Return,SMA_20,BB_Upper",EMA_12
HINDUNILVR,2023-02-09,2023,0,Sideways,0,0.7638,SELL,1,0,0.689,SELL,1,10,"EMA_12,EMA_26,SMA_50,OBV,MACD_Hist,MACD_Signal,Volume_MA,Rolling_Median_Return,SMA_20,BB_Upper",EMA_12
HINDUNILVR,2023-02-10,2023,0,Sideways,0,0.7793,SELL,1,0,0.6722,SELL,1,10,"EMA_12,EMA_26,SMA_50,OBV,MACD_Hist,MACD_Signal,Volume_MA,Rolling_Median_Return,SMA_20,BB_Upper",EMA_12
HINDUNILVR,2023-02-13,2023,0,Sideways,0,0.8167,SELL,1,0,0.6557,SELL,1,10,"EMA_12,EMA_26,SMA_50,OBV,MACD_Hist,MACD_Signal,Volume_MA,Rolling_Median_Return,SMA_20,BB_Upper",EMA_12
HINDUNILVR,2023-02-14,2023,0,Sideways,0,0.8985,SELL,1,0,0.6922,SELL,1,10,"EMA_12,EMA_26,SMA_50,OBV,MACD_Hist,MACD_Signal,Volume_MA,Rolling_Median_Return,SMA_20,BB_Upper",EMA_12
HINDUNILVR,2023-02-15,2023,0,Sideways,0,0.6016,SELL,1,0,0.6792,SELL,1,10,"EMA_12,EMA_26,SMA_50,OBV,MACD_Hist,MACD_Signal,Volume_MA,Rolling_Median_Return,SMA_20,BB_Upper",EMA_12
HINDUNILVR,2023-02-16,2023,0,Sideways,1,0.5278,NO TRADE,0,0,0.6559,SELL,1,10,"EMA_12,EMA_26,SMA_50,OBV,MACD_Hist,MACD_Signal,Volume_MA,Rolling_Median_Return,SMA_20,BB_Upper",EMA_12
HINDUNILVR,2023-02-17,2023,0,Sideways,1,0.6026,BUY,0,0,0.6112,SELL,1,10,"EMA_12,EMA_26,SMA_50,OBV,MACD_Hist,MACD_Signal,Volume_MA,Rolling_Median_Return,SMA_20,BB_Upper",EMA_12
HINDUNILVR,2023-02-20,2023,0,Sideways,1,0.6008,BUY,0,0,0.5955,SELL,1,10,"EMA_12,EMA_26,SMA_50,OBV,MACD_Hist,MACD_Signal,Volume_MA,Rolling_Median_Return,SMA_20,BB_Upper",EMA_12
HINDUNILVR,2023-02-21,2023,0,Sideways,1,0.6116,BUY,0,0,0.5598,SELL,1,10,"EMA_12,EMA_26,SMA_50,OBV,MACD_Hist,MACD_Signal,Volume_MA,Rolling_Median_Return,SMA_20,BB_Upper",EMA_12
HINDUNILVR,2023-02-22,2023,0,Sideways,1,0.6259,BUY,0,0,0.5617,SELL,1,10,"EMA_12,EMA_26,SMA_50,OBV,MACD_Hist,MACD_Signal,Volume_MA,Rolling_Median_Return,SMA_20,BB_Upper",EMA_12
HINDUNILVR,2023-02-23,2023,0,Sideways,0,0.5133,NO TRADE,1,0,0.6408,SELL,1,10,"EMA_12,EMA_26,SMA_50,OBV,MACD_Hist,MACD_Signal,Volume_MA,Rolling_Median_Return,SMA_20,BB_Upper",EMA_12
HINDUNILVR,2023-02-24,2023,1,Sideways,0,0.5939,SELL,0,0,0.6483,SELL,0,10,"EMA_12,EMA_26,SMA_50,OBV,MACD_Hist,MACD_Signal,Volume_MA,Rolling_Median_Return,SMA_20,BB_Upper",EMA_12
HINDUNILVR,2023-02-27,2023,1,Sideways,1,0.7896,BUY,1,1,0.6514,BUY,1,10,"EMA_12,EMA_26,SMA_50,OBV,MACD_Hist,MACD_Signal,Volume_MA,Rolling_Median_Return,SMA_20,BB_Upper",EMA_12
HINDUNILVR,2023-02-28,2023,1,Sideways,1,0.5513,BUY,1,1,0.6951,BUY,1,10,"EMA_12,EMA_26,SMA_50,OBV,MACD_Hist,MACD_Signal,Volume_MA,Rolling_Median_Return,SMA_20,BB_Upper",EMA_12
HINDUNILVR,2023-03-01,2023,1,Sideways,1,0.6378,BUY,1,1,0.872,BUY,1,10,"EMA_12,EMA_26,SMA_50,OBV,MACD_Hist,MACD_Signal,Volume_MA,Rolling_Median_Return,SMA_20,BB_Upper",EMA_12
HINDUNILVR,2023-03-02,2023,1,Sideways,1,0.8188,BUY,1,1,0.8664,BUY,1,10,"EMA_12,EMA_26,SMA_50,OBV,MACD_Hist,MACD_Signal,Volume_MA,Rolling_Median_Return,SMA_20,BB_Upper",EMA_12
HINDUNILVR,2023-03-03,2023,1,Sideways,1,0.8159,BUY,1,1,0.8753,BUY,1,10,"EMA_12,EMA_26,SMA_50,OBV,MACD_Hist,MACD_Signal,Volume_MA,Rolling_Median_Return,SMA_20,BB_Upper",EMA_12
HINDUNILVR,2023-03-06,2023,1,Sideways,1,0.6051,BUY,1,1,0.8677,BUY,1,10,"EMA_12,EMA_26,SMA_50,OBV,MACD_Hist,MACD_Signal,Volume_MA,Rolling_Median_Return,SMA_20,BB_Upper",EMA_12
HINDUNILVR,2023-03-08,2023,1,Sideways,1,0.7536,BUY,1,1,0.8515,BUY,1,10,"EMA_12,EMA_26,SMA_50,OBV,MACD_Hist,MACD_Signal,Volume_MA,Rolling_Median_Return,SMA_20,BB_Upper",EMA_12
HINDUNILVR,2023-03-09,2023,1,Sideways,1,0.7771,BUY,1,1,0.8793,BUY,1,10,"EMA_12,EMA_26,SMA_50,OBV,MACD_Hist,MACD_Signal,Volume_MA,Rolling_Median_Return,SMA_20,BB_Upper",EMA_12
HINDUNILVR,2023-03-10,2023,1,Sideways,1,0.9164,BUY,1,1,0.8918,BUY,1,10,"EMA_12,EMA_26,SMA_50,OBV,MACD_Hist,MACD_Signal,Volume_MA,Rolling_Median_Return,SMA_20,BB_Upper",EMA_12
HINDUNILVR,2023-03-13,2023,1,Sideways,1,0.8347,BUY,1,1,0.9012,BUY,1,10,"EMA_12,EMA_26,SMA_50,OBV,MACD_Hist,MACD_Signal,Volume_MA,Rolling_Median_Return,SMA_20,BB_Upper",EMA_12
HINDUNILVR,2023-03-14,2023,1,Sideways,1,0.9339,BUY,1,1,0.916,BUY,1,10,"EMA_12,EMA_26,SMA_50,OBV,MACD_Hist,MACD_Signal,Volume_MA,Rolling_Median_Return,SMA_20,BB_Upper",EMA_12
HINDUNILVR,2023-03-15,2023,1,Sideways,1,0.8836,BUY,1,1,0.9219,BUY,1,10,"EMA_12,EMA_26,SMA_50,OBV,MACD_Hist,MACD_Signal,Volume_MA,Rolling_Median_Return,SMA_20,BB_Upper",EMA_12
HINDUNILVR,2023-03-16,2023,1,Sideways,1,0.817,BUY,1,1,0.9246,BUY,1,10,"EMA_12,EMA_26,SMA_50,OBV,MACD_Hist,MACD_Signal,Volume_MA,Rolling_Median_Return,SMA_20,BB_Upper",EMA_12
HINDUNILVR,2023-03-17,2023,1,Sideways,1,0.7325,BUY,1,1,0.9264,BUY,1,10,"EMA_12,EMA_26,SMA_50,OBV,MACD_Hist,MACD_Signal,Volume_MA,Rolling_Median_Return,SMA_20,BB_Upper",EMA_12
HINDUNILVR,2023-03-20,2023,0,Sideways,1,0.6595,BUY,0,1,0.7541,BUY,0,10,"EMA_12,SMA_10,Volume_MA,MACD_Signal,RSI_14,EMA_26,SMA_20,Williams_R,Stochastic,Rolling_Mean_Return",EMA_12
HINDUNILVR,2023-03-21,2023,1,Sideways,0,0.6204,SELL,0,1,0.6561,BUY,1,10,"EMA_12,SMA_10,Volume_MA,MACD_Signal,RSI_14,EMA_26,SMA_20,Williams_R,Stochastic,Rolling_Mean_Return",EMA_12
HINDUNILVR,2023-03-22,2023,1,Sideways,0,0.5457,NO TRADE,0,1,0.7142,BUY,1,10,"EMA_12,SMA_10,Volume_MA,MACD_Signal,RSI_14,EMA_26,SMA_20,Williams_R,Stochastic,Rolling_Mean_Return",EMA_12
HINDUNILVR,2023-03-23,2023,1,Sideways,0,0.5387,NO TRADE,0,1,0.7785,BUY,1,10,"EMA_12,SMA_10,Volume_MA,MACD_Signal,RSI_14,EMA_26,SMA_20,Williams_R,Stochastic,Rolling_Mean_Return",EMA_12
HINDUNILVR,2023-03-24,2023,0,Sideways,1,0.544,NO TRADE,0,1,0.8027,BUY,0,10,"EMA_12,SMA_10,Volume_MA,MACD_Signal,RSI_14,EMA_26,SMA_20,Williams_R,Stochastic,Rolling_Mean_Return",EMA_12
HINDUNILVR,2023-03-27,2023,0,Sideways,0,0.7156,SELL,1,1,0.7533,BUY,0,10,"EMA_12,SMA_10,Volume_MA,MACD_Signal,RSI_14,EMA_26,SMA_20,Williams_R,Stochastic,Rolling_Mean_Return",EMA_12
HINDUNILVR,2023-03-28,2023,0,Sideways,0,0.7262,SELL,1,1,0.5239,NO TRADE,0,10,"EMA_12,SMA_10,Volume_MA,MACD_Signal,RSI_14,EMA_26,SMA_20,Williams_R,Stochastic,Rolling_Mean_Return",EMA_12
HINDUNILVR,2023-03-29,2023,0,Sideways,0,0.8081,SELL,1,0,0.5399,NO TRADE,1,10,"EMA_12,SMA_10,Volume_MA,MACD_Signal,RSI_14,EMA_26,SMA_20,Williams_R,Stochastic,Rolling_Mean_Return",EMA_12
HINDUNILVR,2023-03-31,2023,0,Sideways,0,0.8616,SELL,1,0,0.6018,SELL,1,10,"EMA_12,SMA_10,Volume_MA,MACD_Signal,RSI_14,EMA_26,SMA_20,Williams_R,Stochastic,Rolling_Mean_Return",EMA_12
HINDUNILVR,2023-04-03,2023,0,Sideways,0,0.8701,SELL,1,0,0.6153,SELL,1,10,"EMA_12,SMA_10,Volume_MA,MACD_Signal,RSI_14,EMA_26,SMA_20,Williams_R,Stochastic,Rolling_Mean_Return",EMA_12
HINDUNILVR,2023-04-05,2023,0,Sideways,0,0.8182,SELL,1,0,0.6326,SELL,1,10,"EMA_12,SMA_10,Volume_MA,MACD_Signal,RSI_14,EMA_26,SMA_20,Williams_R,Stochastic,Rolling_Mean_Return",EMA_12
HINDUNILVR,2023-04-06,2023,0,Sideways,0,0.9599,SELL,1,0,0.6379,SELL,1,10,"EMA_12,SMA_10,Volume_MA,MACD_Signal,RSI_14,EMA_26,SMA_20,Williams_R,Stochastic,Rolling_Mean_Return",EMA_12
HINDUNILVR,2023-04-10,2023,0,Sideways,0,0.8632,SELL,1,0,0.6287,SELL,1,10,"EMA_12,SMA_10,Volume_MA,MACD_Signal,RSI_14,EMA_26,SMA_20,Williams_R,Stochastic,Rolling_Mean_Return",EMA_12
HINDUNILVR,2023-04-11,2023,1,Sideways,0,0.9709,SELL,0,0,0.6244,SELL,0,10,"EMA_12,SMA_10,Volume_MA,MACD_Signal,RSI_14,EMA_26,SMA_20,Williams_R,Stochastic,Rolling_Mean_Return",EMA_12
HINDUNILVR,2023-04-12,2023,1,Sideways,0,0.8282,SELL,0,1,0.5518,BUY,1,10,"EMA_12,SMA_10,Volume_MA,MACD_Signal,RSI_14,EMA_26,SMA_20,Williams_R,Stochastic,Rolling_Mean_Return",EMA_12
HINDUNILVR,2023-04-13,2023,1,Sideways,0,0.8017,SELL,0,1,0.6254,BUY,1,10,"EMA_12,SMA_10,Volume_MA,MACD_Signal,RSI_14,EMA_26,SMA_20,Williams_R,Stochastic,Rolling_Mean_Return",EMA_12
HINDUNILVR,2023-04-17,2023,1,Sideways,0,0.7973,SELL,0,1,0.639,BUY,1,10,"EMA_12,SMA_10,Volume_MA,MACD_Signal,RSI_14,EMA_26,SMA_20,Williams_R,Stochastic,Rolling_Mean_Return",EMA_12
HINDUNILVR,2023-04-18,2023,1,Sideways,0,0.7004,SELL,0,1,0.6743,BUY,1,10,"EMA_12,SMA_10,Volume_MA,MACD_Signal,RSI_14,EMA_26,SMA_20,Williams_R,Stochastic,Rolling_Mean_Return",EMA_12
HINDUNILVR,2023-04-19,2023,1,Sideways,0,0.6093,SELL,0,1,0.7071,BUY,1,10,"EMA_12,SMA_10,Volume_MA,MACD_Signal,RSI_14,EMA_26,SMA_20,Williams_R,Stochastic,Rolling_Mean_Return",EMA_12
HINDUNILVR,2023-04-20,2023,1,Sideways,0,0.5693,SELL,0,1,0.6817,BUY,1,10,"EMA_12,SMA_10,Volume_MA,MACD_Signal,RSI_14,EMA_26,SMA_20,Williams_R,Stochastic,Rolling_Mean_Return",EMA_12
HINDUNILVR,2023-04-21,2023,1,Sideways,1,0.5255,NO TRADE,1,1,0.7014,BUY,1,10,"EMA_12,SMA_10,Volume_MA,MACD_Signal,RSI_14,EMA_26,SMA_20,Williams_R,Stochastic,Rolling_Mean_Return",EMA_12
HINDUNILVR,2023-04-24,2023,1,Sideways,0,0.5539,SELL,0,1,0.6911,BUY,1,10,"EMA_12,SMA_10,Volume_MA,MACD_Signal,RSI_14,EMA_26,SMA_20,Williams_R,Stochastic,Rolling_Mean_Return",EMA_12
HINDUNILVR,2023-04-25,2023,1,Sideways,1,0.6962,BUY,1,1,0.6827,BUY,1,10,"EMA_12,SMA_10,Volume_MA,MACD_Signal,RSI_14,EMA_26,SMA_20,Williams_R,Stochastic,Rolling_Mean_Return",EMA_12
HINDUNILVR,2023-04-26,2023,1,Sideways,1,0.6416,BUY,1,1,0.7599,BUY,1,10,"EMA_12,SMA_10,Volume_MA,MACD_Signal,RSI_14,EMA_26,SMA_20,Williams_R,Stochastic,Rolling_Mean_Return",EMA_12
HINDUNILVR,2023-04-27,2023,1,Sideways,1,0.6213,BUY,1,1,0.7324,BUY,1,10,"EMA_12,SMA_10,Volume_MA,MACD_Signal,RSI_14,EMA_26,SMA_20,Williams_R,Stochastic,Rolling_Mean_Return",EMA_12
HINDUNILVR,2023-04-28,2023,1,Sideways,1,0.6996,BUY,1,1,0.6642,BUY,1,10,"EMA_12,SMA_10,Volume_MA,MACD_Signal,RSI_14,EMA_26,SMA_20,Williams_R,Stochastic,Rolling_Mean_Return",EMA_12
HINDUNILVR,2023-05-02,2023,1,Sideways,1,0.8049,BUY,1,1,0.6651,BUY,1,10,"EMA_12,SMA_10,Volume_MA,MACD_Signal,RSI_14,EMA_26,SMA_20,Williams_R,Stochastic,Rolling_Mean_Return",EMA_12
HINDUNILVR,2023-05-03,2023,1,Sideways,1,0.7576,BUY,1,1,0.6503,BUY,1,10,"EMA_12,SMA_10,Volume_MA,MACD_Signal,RSI_14,EMA_26,SMA_20,Williams_R,Stochastic,Rolling_Mean_Return",EMA_12
HINDUNILVR,2023-05-04,2023,1,Sideways,1,0.7049,BUY,1,1,0.7454,BUY,1,10,"EMA_12,SMA_10,Volume_MA,MACD_Signal,RSI_14,EMA_26,SMA_20,Williams_R,Stochastic,Rolling_Mean_Return",EMA_12
HINDUNILVR,2023-05-05,2023,1,Sideways,1,0.6952,BUY,1,1,0.6676,BUY,1,10,"EMA_12,SMA_10,Volume_MA,MACD_Signal,RSI_14,EMA_26,SMA_20,Williams_R,Stochastic,Rolling_Mean_Return",EMA_12
HINDUNILVR,2023-05-08,2023,1,Sideways,1,0.7072,BUY,1,1,0.5949,BUY,1,10,"SMA_10,RSI_14,MACD_Signal,EMA_12,SMA_50,Rolling_Mean_Return,Stochastic,Rolling_Std_10,Williams_R,MFI",SMA_10
HINDUNILVR,2023-05-09,2023,1,Sideways,1,0.6995,BUY,1,1,0.6006,BUY,1,10,"SMA_10,RSI_14,MACD_Signal,EMA_12,SMA_50,Rolling_Mean_Return,Stochastic,Rolling_Std_10,Williams_R,MFI",SMA_10
HINDUNILVR,2023-05-10,2023,1,Sideways,0,0.5747,SELL,0,0,0.5325,NO TRADE,0,10,"SMA_10,RSI_14,MACD_Signal,EMA_12,SMA_50,Rolling_Mean_Return,Stochastic,Rolling_Std_10,Williams_R,MFI",SMA_10
HINDUNILVR,2023-05-11,2023,1,Sideways,0,0.7948,SELL,0,1,0.5266,NO TRADE,1,10,"SMA_10,RSI_14,MACD_Signal,EMA_12,SMA_50,Rolling_Mean_Return,Stochastic,Rolling_Std_10,Williams_R,MFI",SMA_10
HINDUNILVR,2023-05-12,2023,1,Sideways,0,0.7732,SELL,0,1,0.5236,NO TRADE,1,10,"SMA_10,RSI_14,MACD_Signal,EMA_12,SMA_50,Rolling_Mean_Return,Stochastic,Rolling_Std_10,Williams_R,MFI",SMA_10
HINDUNILVR,2023-05-15,2023,0,Sideways,0,0.6024,SELL,1,1,0.5123,NO TRADE,0,10,"SMA_10,RSI_14,MACD_Signal,EMA_12,SMA_50,Rolling_Mean_Return,Stochastic,Rolling_Std_10,Williams_R,MFI",SMA_10
HINDUNILVR,2023-05-16,2023,0,Sideways,0,0.7032,SELL,1,0,0.6215,SELL,1,10,"SMA_10,RSI_14,MACD_Signal,EMA_12,SMA_50,Rolling_Mean_Return,Stochastic,Rolling_Std_10,Williams_R,MFI",SMA_10
HINDUNILVR,2023-05-17,2023,1,Sideways,0,0.8007,SELL,0,0,0.6097,SELL,0,10,"SMA_10,RSI_14,MACD_Signal,EMA_12,SMA_50,Rolling_Mean_Return,Stochastic,Rolling_Std_10,Williams_R,MFI",SMA_10
HINDUNILVR,2023-05-18,2023,1,Sideways,0,0.6181,SELL,0,1,0.6667,BUY,1,10,"SMA_10,RSI_14,MACD_Signal,EMA_12,SMA_50,Rolling_Mean_Return,Stochastic,Rolling_Std_10,Williams_R,MFI",SMA_10
HINDUNILVR,2023-05-19,2023,1,Sideways,0,0.5165,NO TRADE,0,1,0.6195,BUY,1,10,"SMA_10,RSI_14,MACD_Signal,EMA_12,SMA_50,Rolling_Mean_Return,Stochastic,Rolling_Std_10,Williams_R,MFI",SMA_10
HINDUNILVR,2023-05-22,2023,1,Sideways,0,0.5417,NO TRADE,0,1,0.6802,BUY,1,10,"SMA_10,RSI_14,MACD_Signal,EMA_12,SMA_50,Rolling_Mean_Return,Stochastic,Rolling_Std_10,Williams_R,MFI",SMA_10
HINDUNILVR,2023-05-23,2023,1,Sideways,1,0.5283,NO TRADE,1,1,0.7355,BUY,1,10,"SMA_10,RSI_14,MACD_Signal,EMA_12,SMA_50,Rolling_Mean_Return,Stochastic,Rolling_Std_10,Williams_R,MFI",SMA_10
HINDUNILVR,2023-05-24,2023,1,Sideways,1,0.5338,NO TRADE,1,1,0.6825,BUY,1,10,"SMA_10,RSI_14,MACD_Signal,EMA_12,SMA_50,Rolling_Mean_Return,Stochastic,Rolling_Std_10,Williams_R,MFI",SMA_10
HINDUNILVR,2023-05-25,2023,1,Sideways,1,0.5566,BUY,1,0,0.5242,NO TRADE,0,10,"SMA_10,RSI_14,MACD_Signal,EMA_12,SMA_50,Rolling_Mean_Return,Stochastic,Rolling_Std_10,Williams_R,MFI",SMA_10
HINDUNILVR,2023-05-26,2023,1,Sideways,1,0.5795,BUY,1,1,0.6748,BUY,1,10,"SMA_10,RSI_14,MACD_Signal,EMA_12,SMA_50,Rolling_Mean_Return,Stochastic,Rolling_Std_10,Williams_R,MFI",SMA_10
HINDUNILVR,2023-05-29,2023,1,Sideways,1,0.5569,BUY,1,1,0.6336,BUY,1,10,"SMA_10,RSI_14,MACD_Signal,EMA_12,SMA_50,Rolling_Mean_Return,Stochastic,Rolling_Std_10,Williams_R,MFI",SMA_10
HINDUNILVR,2023-05-30,2023,1,Sideways,1,0.5606,BUY,1,1,0.56,BUY,1,10,"SMA_10,RSI_14,MACD_Signal,EMA_12,SMA_50,Rolling_Mean_Return,Stochastic,Rolling_Std_10,Williams_R,MFI",SMA_10
HINDUNILVR,2023-05-31,2023,1,Sideways,1,0.5273,NO TRADE,1,1,0.6193,BUY,1,10,"SMA_10,RSI_14,MACD_Signal,EMA_12,SMA_50,Rolling_Mean_Return,Stochastic,Rolling_Std_10,Williams_R,MFI",SMA_10
HINDUNILVR,2023-06-01,2023,1,Sideways,0,0.5154,NO TRADE,0,0,0.5559,SELL,0,10,"SMA_10,RSI_14,MACD_Signal,EMA_12,SMA_50,Rolling_Mean_Return,Stochastic,Rolling_Std_10,Williams_R,MFI",SMA_10
HINDUNILVR,2023-06-02,2023,1,Sideways,1,0.525,NO TRADE,1,1,0.5108,NO TRADE,1,10,"SMA_10,RSI_14,MACD_Signal,EMA_12,SMA_50,Rolling_Mean_Return,Stochastic,Rolling_Std_10,Williams_R,MFI",SMA_10
HINDUNILVR,2023-06-05,2023,1,Sideways,1,0.5322,NO TRADE,1,1,0.5333,NO TRADE,1,10,"SMA_10,RSI_14,MACD_Signal,EMA_12,SMA_50,Rolling_Mean_Return,Stochastic,Rolling_Std_10,Williams_R,MFI",SMA_10
HINDUNILVR,2023-06-06,2023,1,Sideways,1,0.5264,NO TRADE,1,1,0.541,NO TRADE,1,10,"SMA_10,RSI_14,MACD_Signal,EMA_12,SMA_50,Rolling_Mean_Return,Stochastic,Rolling_Std_10,Williams_R,MFI",SMA_10
HINDUNILVR,2023-06-07,2023,1,Sideways,1,0.5268,NO TRADE,1,1,0.5188,NO TRADE,1,10,"SMA_10,RSI_14,MACD_Signal,EMA_12,SMA_50,Rolling_Mean_Return,Stochastic,Rolling_Std_10,Williams_R,MFI",SMA_10
HINDUNILVR,2023-06-08,2023,1,Sideways,1,0.5443,NO TRADE,1,1,0.7204,BUY,1,10,"SMA_10,RSI_14,MACD_Signal,EMA_12,SMA_50,Rolling_Mean_Return,Stochastic,Rolling_Std_10,Williams_R,MFI",SMA_10
HINDUNILVR,2023-06-09,2023,1,Sideways,1,0.6358,BUY,1,1,0.6773,BUY,1,10,"SMA_10,RSI_14,MACD_Signal,EMA_12,SMA_50,Rolling_Mean_Return,Stochastic,Rolling_Std_10,Williams_R,MFI",SMA_10
HINDUNILVR,2023-06-12,2023,1,Sideways,1,0.5999,BUY,1,1,0.636,BUY,1,10,"SMA_10,RSI_14,MACD_Signal,EMA_12,SMA_50,Rolling_Mean_Return,Stochastic,Rolling_Std_10,Williams_R,MFI",SMA_10
HINDUNILVR,2023-06-13,2023,1,Sideways,0,0.5086,NO TRADE,0,1,0.6794,BUY,1,10,"SMA_10,RSI_14,MACD_Signal,EMA_12,SMA_50,Rolling_Mean_Return,Stochastic,Rolling_Std_10,Williams_R,MFI",SMA_10
HINDUNILVR,2023-06-14,2023,0,Sideways,1,0.6236,BUY,0,1,0.7374,BUY,0,10,"SMA_10,RSI_14,MACD_Signal,EMA_12,SMA_50,Rolling_Mean_Return,Stochastic,Rolling_Std_10,Williams_R,MFI",SMA_10
HINDUNILVR,2023-06-15,2023,1,Sideways,1,0.5113,NO TRADE,1,1,0.6406,BUY,1,10,"SMA_10,RSI_14,MACD_Signal,EMA_12,SMA_50,Rolling_Mean_Return,Stochastic,Rolling_Std_10,Williams_R,MFI",SMA_10
HINDUNILVR,2023-06-16,2023,0,Sideways,1,0.5462,NO TRADE,0,1,0.729,BUY,0,10,"SMA_10,RSI_14,MACD_Signal,EMA_12,SMA_50,Rolling_Mean_Return,Stochastic,Rolling_Std_10,Williams_R,MFI",SMA_10
HINDUNILVR,2023-06-19,2023,0,Sideways,1,0.5341,NO TRADE,0,0,0.5507,SELL,1,10,"OBV,SMA_50,SMA_10,EMA_12,Volume_MA,Williams_R,ATR_14,MFI,BB_Width,BB_Upper",OBV
HINDUNILVR,2023-06-20,2023,0,Sideways,0,0.781,SELL,1,0,0.5722,SELL,1,10,"OBV,SMA_50,SMA_10,EMA_12,Volume_MA,Williams_R,ATR_14,MFI,BB_Width,BB_Upper",OBV
HINDUNILVR,2023-06-21,2023,1,Sideways,0,0.8167,SELL,0,0,0.5544,SELL,0,10,"OBV,SMA_50,SMA_10,EMA_12,Volume_MA,Williams_R,ATR_14,MFI,BB_Width,BB_Upper",OBV
HINDUNILVR,2023-06-22,2023,0,Sideways,1,0.6147,BUY,0,1,0.6108,BUY,0,10,"OBV,SMA_50,SMA_10,EMA_12,Volume_MA,Williams_R,ATR_14,MFI,BB_Width,BB_Upper",OBV
HINDUNILVR,2023-06-23,2023,0,Sideways,0,0.5974,SELL,1,0,0.5425,NO TRADE,1,10,"OBV,SMA_50,SMA_10,EMA_12,Volume_MA,Williams_R,ATR_14,MFI,BB_Width,BB_Upper",OBV
HINDUNILVR,2023-06-26,2023,0,Sideways,0,0.7527,SELL,1,0,0.5514,SELL,1,10,"OBV,SMA_50,SMA_10,EMA_12,Volume_MA,Williams_R,ATR_14,MFI,BB_Width,BB_Upper",OBV
HINDUNILVR,2023-06-27,2023,0,Sideways,0,0.7422,SELL,1,0,0.5049,NO TRADE,1,10,"OBV,SMA_50,SMA_10,EMA_12,Volume_MA,Williams_R,ATR_14,MFI,BB_Width,BB_Upper",OBV
HINDUNILVR,2023-06-28,2023,0,Sideways,0,0.7212,SELL,1,0,0.5736,SELL,1,10,"OBV,SMA_50,SMA_10,EMA_12,Volume_MA,Williams_R,ATR_14,MFI,BB_Width,BB_Upper",OBV
HINDUNILVR,2023-06-30,2023,0,Sideways,0,0.8609,SELL,1,0,0.6121,SELL,1,10,"OBV,SMA_50,SMA_10,EMA_12,Volume_MA,Williams_R,ATR_14,MFI,BB_Width,BB_Upper",OBV
HINDUNILVR,2023-07-03,2023,0,Sideways,0,0.9097,SELL,1,0,0.7246,SELL,1,10,"OBV,SMA_50,SMA_10,EMA_12,Volume_MA,Williams_R,ATR_14,MFI,BB_Width,BB_Upper",OBV
HINDUNILVR,2023-07-04,2023,0,Sideways,0,0.9124,SELL,1,0,0.606,SELL,1,10,"OBV,SMA_50,SMA_10,EMA_12,Volume_MA,Williams_R,ATR_14,MFI,BB_Width,BB_Upper",OBV
HINDUNILVR,2023-07-05,2023,0,Sideways,0,0.7516,SELL,1,0,0.6007,SELL,1,10,"OBV,SMA_50,SMA_10,EMA_12,Volume_MA,Williams_R,ATR_14,MFI,BB_Width,BB_Upper",OBV
HINDUNILVR,2023-07-06,2023,0,Sideways,0,0.7415,SELL,1,0,0.6265,SELL,1,10,"OBV,SMA_50,SMA_10,EMA_12,Volume_MA,Williams_R,ATR_14,MFI,BB_Width,BB_Upper",OBV
HINDUNILVR,2023-07-07,2023,0,Sideways,0,0.6596,SELL,1,0,0.5615,SELL,1,10,"OBV,SMA_50,SMA_10,EMA_12,Volume_MA,Williams_R,ATR_14,MFI,BB_Width,BB_Upper",OBV
HINDUNILVR,2023-07-10,2023,0,Sideways,0,0.7665,SELL,1,0,0.6176,SELL,1,10,"OBV,SMA_50,SMA_10,EMA_12,Volume_MA,Williams_R,ATR_14,MFI,BB_Width,BB_Upper",OBV
HINDUNILVR,2023-07-11,2023,0,Sideways,0,0.7936,SELL,1,0,0.5383,NO TRADE,1,10,"OBV,SMA_50,SMA_10,EMA_12,Volume_MA,Williams_R,ATR_14,MFI,BB_Width,BB_Upper",OBV
HINDUNILVR,2023-07-12,2023,0,Sideways,0,0.82,SELL,1,0,0.6059,SELL,1,10,"OBV,SMA_50,SMA_10,EMA_12,Volume_MA,Williams_R,ATR_14,MFI,BB_Width,BB_Upper",OBV
HINDUNILVR,2023-07-13,2023,0,Sideways,0,0.8839,SELL,1,0,0.6509,SELL,1,10,"OBV,SMA_50,SMA_10,EMA_12,Volume_MA,Williams_R,ATR_14,MFI,BB_Width,BB_Upper",OBV
HINDUNILVR,2023-07-14,2023,0,Sideways,0,0.9363,SELL,1,0,0.7135,SELL,1,10,"OBV,SMA_50,SMA_10,EMA_12,Volume_MA,Williams_R,ATR_14,MFI,BB_Width,BB_Upper",OBV
HINDUNILVR,2023-07-17,2023,0,Sideways,0,0.9296,SELL,1,0,0.751,SELL,1,10,"OBV,SMA_50,SMA_10,EMA_12,Volume_MA,Williams_R,ATR_14,MFI,BB_Width,BB_Upper",OBV
HINDUNILVR,2023-07-18,2023,0,Sideways,0,0.9322,SELL,1,0,0.78,SELL,1,10,"OBV,SMA_50,SMA_10,EMA_12,Volume_MA,Williams_R,ATR_14,MFI,BB_Width,BB_Upper",OBV
HINDUNILVR,2023-07-19,2023,0,Sideways,0,0.9021,SELL,1,0,0.7335,SELL,1,10,"OBV,SMA_50,SMA_10,EMA_12,Volume_MA,Williams_R,ATR_14,MFI,BB_Width,BB_Upper",OBV
HINDUNILVR,2023-07-20,2023,0,Sideways,0,0.9538,SELL,1,0,0.7043,SELL,1,10,"OBV,SMA_50,SMA_10,EMA_12,Volume_MA,Williams_R,ATR_14,MFI,BB_Width,BB_Upper",OBV
HINDUNILVR,2023-07-21,2023,0,Sideways,0,0.825,SELL,1,1,0.5293,NO TRADE,0,10,"OBV,SMA_50,SMA_10,EMA_12,Volume_MA,Williams_R,ATR_14,MFI,BB_Width,BB_Upper",OBV
HINDUNILVR,2023-07-24,2023,0,Sideways,0,0.976,SELL,1,1,0.5447,NO TRADE,0,10,"OBV,SMA_50,SMA_10,EMA_12,Volume_MA,Williams_R,ATR_14,MFI,BB_Width,BB_Upper",OBV
HINDUNILVR,2023-07-25,2023,1,Sideways,0,0.959,SELL,0,1,0.5608,BUY,1,10,"OBV,SMA_50,SMA_10,EMA_12,Volume_MA,Williams_R,ATR_14,MFI,BB_Width,BB_Upper",OBV
HINDUNILVR,2023-07-26,2023,0,Sideways,0,0.8445,SELL,1,1,0.6218,BUY,0,10,"OBV,SMA_50,SMA_10,EMA_12,Volume_MA,Williams_R,ATR_14,MFI,BB_Width,BB_Upper",OBV
HINDUNILVR,2023-07-27,2023,0,Sideways,0,0.9114,SELL,1,1,0.6225,BUY,0,10,"OBV,SMA_50,SMA_10,EMA_12,Volume_MA,Williams_R,ATR_14,MFI,BB_Width,BB_Upper",OBV
HINDUNILVR,2023-07-28,2023,0,Sideways,0,0.936,SELL,1,1,0.6181,BUY,0,10,"OBV,SMA_50,SMA_10,EMA_12,Volume_MA,Williams_R,ATR_14,MFI,BB_Width,BB_Upper",OBV
HINDUNILVR,2023-07-31,2023,0,Sideways,0,0.8679,SELL,1,1,0.5451,NO TRADE,0,10,"OBV,SMA_50,SMA_10,EMA_12,Volume_MA,Williams_R,ATR_14,MFI,BB_Width,BB_Upper",OBV
HINDUNILVR,2023-08-01,2023,0,Sideways,0,0.8078,SELL,1,1,0.5079,NO TRADE,0,10,"SMA_50,OBV,RSI_14,MACD_Signal,ATR_14,ROC,Return_5d,Rolling_Median_Return,Williams_R,BB_Width",SMA_50
HINDUNILVR,2023-08-02,2023,0,Sideways,0,0.7483,SELL,1,1,0.5071,NO TRADE,0,10,"SMA_50,OBV,RSI_14,MACD_Signal,ATR_14,ROC,Return_5d,Rolling_Median_Return,Williams_R,BB_Width",SMA_50
HINDUNILVR,2023-08-03,2023,0,Sideways,0,0.7962,SELL,1,0,0.6434,SELL,1,10,"SMA_50,OBV,RSI_14,MACD_Signal,ATR_14,ROC,Return_5d,Rolling_Median_Return,Williams_R,BB_Width",SMA_50
HINDUNILVR,2023-08-04,2023,0,Sideways,0,0.6889,SELL,1,1,0.5621,BUY,0,10,"SMA_50,OBV,RSI_14,MACD_Signal,ATR_14,ROC,Return_5d,Rolling_Median_Return,Williams_R,BB_Width",SMA_50
HINDUNILVR,2023-08-07,2023,0,Sideways,0,0.6742,SELL,1,1,0.5839,BUY,0,10,"SMA_50,OBV,RSI_14,MACD_Signal,ATR_14,ROC,Return_5d,Rolling_Median_Return,Williams_R,BB_Width",SMA_50
HINDUNILVR,2023-08-08,2023,0,Sideways,0,0.6221,SELL,1,1,0.507,NO TRADE,0,10,"SMA_50,OBV,RSI_14,MACD_Signal,ATR_14,ROC,Return_5d,Rolling_Median_Return,Williams_R,BB_Width",SMA_50
HINDUNILVR,2023-08-09,2023,0,Sideways,1,0.5189,NO TRADE,0,0,0.5013,NO TRADE,1,10,"SMA_50,OBV,RSI_14,MACD_Signal,ATR_14,ROC,Return_5d,Rolling_Median_Return,Williams_R,BB_Width",SMA_50
HINDUNILVR,2023-08-10,2023,0,Sideways,0,0.738,SELL,1,0,0.5068,NO TRADE,1,10,"SMA_50,OBV,RSI_14,MACD_Signal,ATR_14,ROC,Return_5d,Rolling_Median_Return,Williams_R,BB_Width",SMA_50
HINDUNILVR,2023-08-11,2023,1,Sideways,0,0.671,SELL,0,0,0.5059,NO TRADE,0,10,"SMA_50,OBV,RSI_14,MACD_Signal,ATR_14,ROC,Return_5d,Rolling_Median_Return,Williams_R,BB_Width",SMA_50
HINDUNILVR,2023-08-14,2023,0,Sideways,1,0.6536,BUY,0,1,0.6337,BUY,0,10,"SMA_50,OBV,RSI_14,MACD_Signal,ATR_14,ROC,Return_5d,Rolling_Median_Return,Williams_R,BB_Width",SMA_50
HINDUNILVR,2023-08-16,2023,0,Sideways,1,0.6453,BUY,0,1,0.5409,NO TRADE,0,10,"SMA_50,OBV,RSI_14,MACD_Signal,ATR_14,ROC,Return_5d,Rolling_Median_Return,Williams_R,BB_Width",SMA_50
HINDUNILVR,2023-08-17,2023,0,Sideways,1,0.5483,NO TRADE,0,1,0.5325,NO TRADE,0,10,"SMA_50,OBV,RSI_14,MACD_Signal,ATR_14,ROC,Return_5d,Rolling_Median_Return,Williams_R,BB_Width",SMA_50
HINDUNILVR,2023-08-18,2023,0,Sideways,0,0.5562,SELL,1,0,0.5613,SELL,1,10,"SMA_50,OBV,RSI_14,MACD_Signal,ATR_14,ROC,Return_5d,Rolling_Median_Return,Williams_R,BB_Width",SMA_50
HINDUNILVR,2023-08-21,2023,0,Sideways,0,0.6119,SELL,1,0,0.6172,SELL,1,10,"SMA_50,OBV,RSI_14,MACD_Signal,ATR_14,ROC,Return_5d,Rolling_Median_Return,Williams_R,BB_Width",SMA_50
HINDUNILVR,2023-08-22,2023,0,Sideways,0,0.6382,SELL,1,0,0.6135,SELL,1,10,"SMA_50,OBV,RSI_14,MACD_Signal,ATR_14,ROC,Return_5d,Rolling_Median_Return,Williams_R,BB_Width",SMA_50
HINDUNILVR,2023-08-23,2023,0,Sideways,0,0.8549,SELL,1,0,0.6598,SELL,1,10,"SMA_50,OBV,RSI_14,MACD_Signal,ATR_14,ROC,Return_5d,Rolling_Median_Return,Williams_R,BB_Width",SMA_50
HINDUNILVR,2023-08-24,2023,0,Sideways,0,0.894,SELL,1,0,0.6975,SELL,1,10,"SMA_50,OBV,RSI_14,MACD_Signal,ATR_14,ROC,Return_5d,Rolling_Median_Return,Williams_R,BB_Width",SMA_50
HINDUNILVR,2023-08-25,2023,0,Sideways,0,0.8117,SELL,1,0,0.7344,SELL,1,10,"SMA_50,OBV,RSI_14,MACD_Signal,ATR_14,ROC,Return_5d,Rolling_Median_Return,Williams_R,BB_Width",SMA_50
HINDUNILVR,2023-08-28,2023,0,Sideways,0,0.9156,SELL,1,0,0.7631,SELL,1,10,"SMA_50,OBV,RSI_14,MACD_Signal,ATR_14,ROC,Return_5d,Rolling_Median_Return,Williams_R,BB_Width",SMA_50
HINDUNILVR,2023-08-29,2023,0,Sideways,0,0.7387,SELL,1,0,0.656,SELL,1,10,"SMA_50,OBV,RSI_14,MACD_Signal,ATR_14,ROC,Return_5d,Rolling_Median_Return,Williams_R,BB_Width",SMA_50
HINDUNILVR,2023-08-30,2023,0,Sideways,0,0.7937,SELL,1,0,0.6534,SELL,1,10,"SMA_50,OBV,RSI_14,MACD_Signal,ATR_14,ROC,Return_5d,Rolling_Median_Return,Williams_R,BB_Width",SMA_50
HINDUNILVR,2023-08-31,2023,0,Sideways,1,0.6477,BUY,0,0,0.6049,SELL,1,10,"SMA_50,OBV,RSI_14,MACD_Signal,ATR_14,ROC,Return_5d,Rolling_Median_Return,Williams_R,BB_Width",SMA_50
HINDUNILVR,2023-09-01,2023,0,Sideways,0,0.5343,NO TRADE,1,0,0.6273,SELL,1,10,"SMA_50,OBV,RSI_14,MACD_Signal,ATR_14,ROC,Return_5d,Rolling_Median_Return,Williams_R,BB_Width",SMA_50
HINDUNILVR,2023-09-04,2023,1,Sideways,1,0.5136,NO TRADE,1,0,0.6387,SELL,0,10,"SMA_50,OBV,RSI_14,MACD_Signal,ATR_14,ROC,Return_5d,Rolling_Median_Return,Williams_R,BB_Width",SMA_50
HINDUNILVR,2023-09-05,2023,1,Sideways,1,0.6249,BUY,1,0,0.587,SELL,0,10,"SMA_50,OBV,RSI_14,MACD_Signal,ATR_14,ROC,Return_5d,Rolling_Median_Return,Williams_R,BB_Width",SMA_50
HINDUNILVR,2023-09-06,2023,0,Sideways,1,0.7061,BUY,0,1,0.5132,NO TRADE,0,10,"SMA_50,OBV,RSI_14,MACD_Signal,ATR_14,ROC,Return_5d,Rolling_Median_Return,Williams_R,BB_Width",SMA_50
HINDUNILVR,2023-09-07,2023,1,Sideways,0,0.5884,SELL,0,0,0.5287,NO TRADE,0,10,"SMA_50,OBV,RSI_14,MACD_Signal,ATR_14,ROC,Return_5d,Rolling_Median_Return,Williams_R,BB_Width",SMA_50
HINDUNILVR,2023-09-08,2023,1,Sideways,1,0.6265,BUY,1,1,0.5445,NO TRADE,1,10,"SMA_50,OBV,RSI_14,MACD_Signal,ATR_14,ROC,Return_5d,Rolling_Median_Return,Williams_R,BB_Width",SMA_50
HINDUNILVR,2023-09-11,2023,1,Sideways,1,0.6497,BUY,1,0,0.5039,NO TRADE,0,10,"SMA_50,OBV,RSI_14,MACD_Signal,ATR_14,ROC,Return_5d,Rolling_Median_Return,Williams_R,BB_Width",SMA_50
HINDUNILVR,2023-09-12,2023,1,Sideways,1,0.5135,NO TRADE,1,1,0.565,BUY,1,10,"SMA_50,OBV,RSI_14,MACD_Signal,ATR_14,ROC,Return_5d,Rolling_Median_Return,Williams_R,BB_Width",SMA_50
HINDUNILVR,2023-09-13,2023,1,Sideways,1,0.7999,BUY,1,1,0.8009,BUY,1,10,"SMA_50,MACD_Signal,OBV,EMA_12,SMA_10,SMA_20,Return_5d,ATR_14,Rolling_Volatility,ROC",SMA_50
HINDUNILVR,2023-09-14,2023,1,Sideways,1,0.772,BUY,1,1,0.8082,BUY,1,10,"SMA_50,MACD_Signal,OBV,EMA_12,SMA_10,SMA_20,Return_5d,ATR_14,Rolling_Volatility,ROC",SMA_50
HINDUNILVR,2023-09-15,2023,1,Sideways,1,0.9211,BUY,1,1,0.8372,BUY,1,10,"SMA_50,MACD_Signal,OBV,EMA_12,SMA_10,SMA_20,Return_5d,ATR_14,Rolling_Volatility,ROC",SMA_50
HINDUNILVR,2023-09-18,2023,1,Sideways,1,0.9054,BUY,1,1,0.841,BUY,1,10,"SMA_50,MACD_Signal,OBV,EMA_12,SMA_10,SMA_20,Return_5d,ATR_14,Rolling_Volatility,ROC",SMA_50
HINDUNILVR,2023-09-20,2023,1,Sideways,1,0.947,BUY,1,1,0.8486,BUY,1,10,"SMA_50,MACD_Signal,OBV,EMA_12,SMA_10,SMA_20,Return_5d,ATR_14,Rolling_Volatility,ROC",SMA_50
HINDUNILVR,2023-09-21,2023,1,Sideways,1,0.9451,BUY,1,1,0.8399,BUY,1,10,"SMA_50,MACD_Signal,OBV,EMA_12,SMA_10,SMA_20,Return_5d,ATR_14,Rolling_Volatility,ROC",SMA_50
HINDUNILVR,2023-09-22,2023,1,Sideways,1,0.9408,BUY,1,1,0.8357,BUY,1,10,"SMA_50,MACD_Signal,OBV,EMA_12,SMA_10,SMA_20,Return_5d,ATR_14,Rolling_Volatility,ROC",SMA_50
HINDUNILVR,2023-09-25,2023,1,Sideways,1,0.9438,BUY,1,1,0.8364,BUY,1,10,"SMA_50,MACD_Signal,OBV,EMA_12,SMA_10,SMA_20,Return_5d,ATR_14,Rolling_Volatility,ROC",SMA_50
HINDUNILVR,2023-09-26,2023,0,Sideways,1,0.9598,BUY,0,1,0.8436,BUY,0,10,"SMA_50,MACD_Signal,OBV,EMA_12,SMA_10,SMA_20,Return_5d,ATR_14,Rolling_Volatility,ROC",SMA_50
HINDUNILVR,2023-09-27,2023,0,Sideways,1,0.9308,BUY,0,1,0.6744,BUY,0,10,"SMA_50,MACD_Signal,OBV,EMA_12,SMA_10,SMA_20,Return_5d,ATR_14,Rolling_Volatility,ROC",SMA_50
HINDUNILVR,2023-09-28,2023,1,Sideways,1,0.8481,BUY,1,1,0.7624,BUY,1,10,"SMA_50,MACD_Signal,OBV,EMA_12,SMA_10,SMA_20,Return_5d,ATR_14,Rolling_Volatility,ROC",SMA_50
HINDUNILVR,2023-09-29,2023,1,Sideways,1,0.6886,BUY,1,1,0.814,BUY,1,10,"SMA_50,MACD_Signal,OBV,EMA_12,SMA_10,SMA_20,Return_5d,ATR_14,Rolling_Volatility,ROC",SMA_50
HINDUNILVR,2023-10-03,2023,1,Sideways,1,0.7788,BUY,1,1,0.7513,BUY,1,10,"SMA_50,MACD_Signal,OBV,EMA_12,SMA_10,SMA_20,Return_5d,ATR_14,Rolling_Volatility,ROC",SMA_50
HINDUNILVR,2023-10-04,2023,0,Sideways,1,0.6745,BUY,0,1,0.6129,BUY,0,10,"SMA_50,MACD_Signal,OBV,EMA_12,SMA_10,SMA_20,Return_5d,ATR_14,Rolling_Volatility,ROC",SMA_50
HINDUNILVR,2023-10-05,2023,1,Sideways,0,0.8561,SELL,0,0,0.576,SELL,0,10,"SMA_50,MACD_Signal,OBV,EMA_12,SMA_10,SMA_20,Return_5d,ATR_14,Rolling_Volatility,ROC",SMA_50
HINDUNILVR,2023-10-06,2023,1,Sideways,1,0.5803,BUY,1,1,0.5133,NO TRADE,1,10,"SMA_50,MACD_Signal,OBV,EMA_12,SMA_10,SMA_20,Return_5d,ATR_14,Rolling_Volatility,ROC",SMA_50
HINDUNILVR,2023-10-09,2023,1,Sideways,1,0.5812,BUY,1,1,0.6019,BUY,1,10,"SMA_50,MACD_Signal,OBV,EMA_12,SMA_10,SMA_20,Return_5d,ATR_14,Rolling_Volatility,ROC",SMA_50
HINDUNILVR,2023-10-10,2023,1,Sideways,1,0.688,BUY,1,1,0.6965,BUY,1,10,"SMA_50,MACD_Signal,OBV,EMA_12,SMA_10,SMA_20,Return_5d,ATR_14,Rolling_Volatility,ROC",SMA_50
HINDUNILVR,2023-10-11,2023,0,Sideways,1,0.6439,BUY,0,1,0.654,BUY,0,10,"SMA_50,MACD_Signal,OBV,EMA_12,SMA_10,SMA_20,Return_5d,ATR_14,Rolling_Volatility,ROC",SMA_50
HINDUNILVR,2023-10-12,2023,0,Sideways,1,0.6129,BUY,0,1,0.6007,BUY,0,10,"SMA_50,MACD_Signal,OBV,EMA_12,SMA_10,SMA_20,Return_5d,ATR_14,Rolling_Volatility,ROC",SMA_50
HINDUNILVR,2023-10-13,2023,0,Sideways,0,0.7143,SELL,1,0,0.5204,NO TRADE,1,10,"SMA_50,MACD_Signal,OBV,EMA_12,SMA_10,SMA_20,Return_5d,ATR_14,Rolling_Volatility,ROC",SMA_50
HINDUNILVR,2023-10-16,2023,0,Sideways,0,0.7461,SELL,1,0,0.5335,NO TRADE,1,10,"SMA_50,MACD_Signal,OBV,EMA_12,SMA_10,SMA_20,Return_5d,ATR_14,Rolling_Volatility,ROC",SMA_50
HINDUNILVR,2023-10-17,2023,0,Sideways,0,0.7576,SELL,1,0,0.5314,NO TRADE,1,10,"SMA_50,MACD_Signal,OBV,EMA_12,SMA_10,SMA_20,Return_5d,ATR_14,Rolling_Volatility,ROC",SMA_50
HINDUNILVR,2023-10-18,2023,0,Sideways,0,0.744,SELL,1,0,0.505,NO TRADE,1,10,"SMA_50,MACD_Signal,OBV,EMA_12,SMA_10,SMA_20,Return_5d,ATR_14,Rolling_Volatility,ROC",SMA_50
HINDUNILVR,2023-10-19,2023,0,Sideways,0,0.8498,SELL,1,1,0.505,NO TRADE,0,10,"SMA_50,MACD_Signal,OBV,EMA_12,SMA_10,SMA_20,Return_5d,ATR_14,Rolling_Volatility,ROC",SMA_50
HINDUNILVR,2023-10-20,2023,1,Sideways,1,0.6202,BUY,1,1,0.6311,BUY,1,10,"SMA_50,MACD_Signal,OBV,EMA_12,SMA_10,SMA_20,Return_5d,ATR_14,Rolling_Volatility,ROC",SMA_50
HINDUNILVR,2023-10-23,2023,1,Sideways,1,0.7229,BUY,1,1,0.708,BUY,1,10,"SMA_50,MACD_Signal,OBV,EMA_12,SMA_10,SMA_20,Return_5d,ATR_14,Rolling_Volatility,ROC",SMA_50
HINDUNILVR,2023-10-25,2023,1,Sideways,1,0.8808,BUY,1,1,0.7424,BUY,1,10,"SMA_50,MACD_Signal,OBV,EMA_12,SMA_10,SMA_20,Return_5d,ATR_14,Rolling_Volatility,ROC",SMA_50
HINDUNILVR,2023-10-26,2023,1,Sideways,1,0.9743,BUY,1,1,0.771,BUY,1,10,"SMA_50,MACD_Signal,OBV,EMA_12,SMA_10,SMA_20,Return_5d,ATR_14,Rolling_Volatility,ROC",SMA_50
HINDUNILVR,2023-10-27,2023,1,Sideways,1,0.9554,BUY,1,1,0.779,BUY,1,10,"SMA_50,MACD_Signal,OBV,EMA_12,SMA_10,SMA_20,Return_5d,ATR_14,Rolling_Volatility,ROC",SMA_50
HINDUNILVR,2023-10-30,2023,1,Sideways,1,0.9663,BUY,1,1,0.6803,BUY,1,10,"EMA_12,MACD_Signal,SMA_50,Rolling_Mean_Return,BB_Upper,OBV,SMA_20,RSI_14,MACD_Hist,ROC",EMA_12
HINDUNILVR,2023-10-31,2023,1,Sideways,1,0.9589,BUY,1,1,0.6526,BUY,1,10,"EMA_12,MACD_Signal,SMA_50,Rolling_Mean_Return,BB_Upper,OBV,SMA_20,RSI_14,MACD_Hist,ROC",EMA_12
HINDUNILVR,2023-11-01,2023,1,Sideways,1,0.9857,BUY,1,1,0.7362,BUY,1,10,"EMA_12,MACD_Signal,SMA_50,Rolling_Mean_Return,BB_Upper,OBV,SMA_20,RSI_14,MACD_Hist,ROC",EMA_12
HINDUNILVR,2023-11-02,2023,1,Sideways,1,0.9128,BUY,1,1,0.6465,BUY,1,10,"EMA_12,MACD_Signal,SMA_50,Rolling_Mean_Return,BB_Upper,OBV,SMA_20,RSI_14,MACD_Hist,ROC",EMA_12
HINDUNILVR,2023-11-03,2023,1,Sideways,1,0.7524,BUY,1,1,0.6505,BUY,1,10,"EMA_12,MACD_Signal,SMA_50,Rolling_Mean_Return,BB_Upper,OBV,SMA_20,RSI_14,MACD_Hist,ROC",EMA_12
HINDUNILVR,2023-11-06,2023,1,Sideways,1,0.9086,BUY,1,1,0.7953,BUY,1,10,"EMA_12,MACD_Signal,SMA_50,Rolling_Mean_Return,BB_Upper,OBV,SMA_20,RSI_14,MACD_Hist,ROC",EMA_12
HINDUNILVR,2023-11-07,2023,1,Sideways,1,0.9183,BUY,1,1,0.8183,BUY,1,10,"EMA_12,MACD_Signal,SMA_50,Rolling_Mean_Return,BB_Upper,OBV,SMA_20,RSI_14,MACD_Hist,ROC",EMA_12
HINDUNILVR,2023-11-08,2023,1,Sideways,1,0.6812,BUY,1,1,0.8028,BUY,1,10,"EMA_12,MACD_Signal,SMA_50,Rolling_Mean_Return,BB_Upper,OBV,SMA_20,RSI_14,MACD_Hist,ROC",EMA_12
HINDUNILVR,2023-11-09,2023,1,Sideways,1,0.9733,BUY,1,1,0.8372,BUY,1,10,"EMA_12,MACD_Signal,SMA_50,Rolling_Mean_Return,BB_Upper,OBV,SMA_20,RSI_14,MACD_Hist,ROC",EMA_12
HINDUNILVR,2023-11-10,2023,1,Sideways,1,0.8336,BUY,1,1,0.8436,BUY,1,10,"EMA_12,MACD_Signal,SMA_50,Rolling_Mean_Return,BB_Upper,OBV,SMA_20,RSI_14,MACD_Hist,ROC",EMA_12
HINDUNILVR,2023-11-13,2023,1,Sideways,1,0.8671,BUY,1,1,0.8562,BUY,1,10,"EMA_12,MACD_Signal,SMA_50,Rolling_Mean_Return,BB_Upper,OBV,SMA_20,RSI_14,MACD_Hist,ROC",EMA_12
HINDUNILVR,2023-11-15,2023,1,Sideways,1,0.8563,BUY,1,1,0.8517,BUY,1,10,"EMA_12,MACD_Signal,SMA_50,Rolling_Mean_Return,BB_Upper,OBV,SMA_20,RSI_14,MACD_Hist,ROC",EMA_12
HINDUNILVR,2023-11-16,2023,1,Sideways,1,0.7473,BUY,1,1,0.8288,BUY,1,10,"EMA_12,MACD_Signal,SMA_50,Rolling_Mean_Return,BB_Upper,OBV,SMA_20,RSI_14,MACD_Hist,ROC",EMA_12
HINDUNILVR,2023-11-17,2023,1,Sideways,1,0.5824,BUY,1,1,0.7259,BUY,1,10,"EMA_12,MACD_Signal,SMA_50,Rolling_Mean_Return,BB_Upper,OBV,SMA_20,RSI_14,MACD_Hist,ROC",EMA_12
HINDUNILVR,2023-11-20,2023,1,Sideways,1,0.8718,BUY,1,1,0.7694,BUY,1,10,"EMA_12,MACD_Signal,SMA_50,Rolling_Mean_Return,BB_Upper,OBV,SMA_20,RSI_14,MACD_Hist,ROC",EMA_12
HINDUNILVR,2023-11-21,2023,1,Sideways,1,0.7485,BUY,1,1,0.7578,BUY,1,10,"EMA_12,MACD_Signal,SMA_50,Rolling_Mean_Return,BB_Upper,OBV,SMA_20,RSI_14,MACD_Hist,ROC",EMA_12
HINDUNILVR,2023-11-22,2023,1,Sideways,1,0.7165,BUY,1,1,0.6889,BUY,1,10,"EMA_12,MACD_Signal,SMA_50,Rolling_Mean_Return,BB_Upper,OBV,SMA_20,RSI_14,MACD_Hist,ROC",EMA_12
HINDUNILVR,2023-11-23,2023,1,Sideways,1,0.6194,BUY,1,1,0.7227,BUY,1,10,"EMA_12,MACD_Signal,SMA_50,Rolling_Mean_Return,BB_Upper,OBV,SMA_20,RSI_14,MACD_Hist,ROC",EMA_12
HINDUNILVR,2023-11-24,2023,1,Sideways,1,0.8016,BUY,1,1,0.7153,BUY,1,10,"EMA_12,MACD_Signal,SMA_50,Rolling_Mean_Return,BB_Upper,OBV,SMA_20,RSI_14,MACD_Hist,ROC",EMA_12
HINDUNILVR,2023-11-28,2023,1,Sideways,1,0.7629,BUY,1,1,0.7068,BUY,1,10,"EMA_12,MACD_Signal,SMA_50,Rolling_Mean_Return,BB_Upper,OBV,SMA_20,RSI_14,MACD_Hist,ROC",EMA_12
HINDUNILVR,2023-11-29,2023,1,Sideways,1,0.7452,BUY,1,1,0.7365,BUY,1,10,"EMA_12,MACD_Signal,SMA_50,Rolling_Mean_Return,BB_Upper,OBV,SMA_20,RSI_14,MACD_Hist,ROC",EMA_12
HINDUNILVR,2023-11-30,2023,1,Sideways,1,0.7517,BUY,1,1,0.6233,BUY,1,10,"EMA_12,MACD_Signal,SMA_50,Rolling_Mean_Return,BB_Upper,OBV,SMA_20,RSI_14,MACD_Hist,ROC",EMA_12
HINDUNILVR,2023-12-01,2023,1,Sideways,0,0.6274,SELL,0,1,0.5127,NO TRADE,1,10,"EMA_12,MACD_Signal,SMA_50,Rolling_Mean_Return,BB_Upper,OBV,SMA_20,RSI_14,MACD_Hist,ROC",EMA_12
HINDUNILVR,2023-12-04,2023,1,Sideways,1,0.5474,NO TRADE,1,1,0.5692,BUY,1,10,"EMA_12,MACD_Signal,SMA_50,Rolling_Mean_Return,BB_Upper,OBV,SMA_20,RSI_14,MACD_Hist,ROC",EMA_12
HINDUNILVR,2023-12-05,2023,1,Sideways,1,0.6856,BUY,1,1,0.6589,BUY,1,10,"EMA_12,MACD_Signal,SMA_50,Rolling_Mean_Return,BB_Upper,OBV,SMA_20,RSI_14,MACD_Hist,ROC",EMA_12
HINDUNILVR,2023-12-06,2023,1,Sideways,1,0.559,BUY,1,1,0.6562,BUY,1,10,"EMA_12,MACD_Signal,SMA_50,Rolling_Mean_Return,BB_Upper,OBV,SMA_20,RSI_14,MACD_Hist,ROC",EMA_12
HINDUNILVR,2023-12-07,2023,1,Sideways,1,0.924,BUY,1,1,0.7325,BUY,1,10,"EMA_12,MACD_Signal,SMA_50,Rolling_Mean_Return,BB_Upper,OBV,SMA_20,RSI_14,MACD_Hist,ROC",EMA_12
HINDUNILVR,2023-12-08,2023,1,Sideways,1,0.8943,BUY,1,1,0.7398,BUY,1,10,"EMA_12,MACD_Signal,SMA_50,Rolling_Mean_Return,BB_Upper,OBV,SMA_20,RSI_14,MACD_Hist,ROC",EMA_12
HINDUNILVR,2023-12-11,2023,1,Sideways,1,0.9461,BUY,1,1,0.7714,BUY,1,10,"EMA_12,MACD_Signal,SMA_50,Rolling_Mean_Return,BB_Upper,OBV,SMA_20,RSI_14,MACD_Hist,ROC",EMA_12
HINDUNILVR,2023-12-12,2023,1,Sideways,1,0.9506,BUY,1,1,0.7788,BUY,1,10,"EMA_12,MACD_Signal,SMA_50,Rolling_Mean_Return,BB_Upper,OBV,SMA_20,RSI_14,MACD_Hist,ROC",EMA_12
HINDUNILVR,2023-12-13,2023,1,Sideways,1,0.9565,BUY,1,1,0.7958,BUY,1,10,"SMA_50,EMA_26,MACD_Signal,SMA_20,OBV,ATR_14,SMA_10,Williams_R,ROC,ADX",SMA_50
HINDUNILVR,2023-12-14,2023,1,Sideways,1,0.9528,BUY,1,1,0.7704,BUY,1,10,"SMA_50,EMA_26,MACD_Signal,SMA_20,OBV,ATR_14,SMA_10,Williams_R,ROC,ADX",SMA_50
HINDUNILVR,2023-12-15,2023,1,Sideways,1,0.9422,BUY,1,1,0.7605,BUY,1,10,"SMA_50,EMA_26,MACD_Signal,SMA_20,OBV,ATR_14,SMA_10,Williams_R,ROC,ADX",SMA_50
HINDUNILVR,2023-12-18,2023,1,Sideways,1,0.8083,BUY,1,1,0.7316,BUY,1,10,"SMA_50,EMA_26,MACD_Signal,SMA_20,OBV,ATR_14,SMA_10,Williams_R,ROC,ADX",SMA_50
HINDUNILVR,2023-12-19,2023,1,Sideways,1,0.7275,BUY,1,1,0.7753,BUY,1,10,"SMA_50,EMA_26,MACD_Signal,SMA_20,OBV,ATR_14,SMA_10,Williams_R,ROC,ADX",SMA_50
HINDUNILVR,2023-12-20,2023,0,Sideways,1,0.8606,BUY,0,1,0.8069,BUY,0,10,"SMA_50,EMA_26,MACD_Signal,SMA_20,OBV,ATR_14,SMA_10,Williams_R,ROC,ADX",SMA_50
HINDUNILVR,2023-12-21,2023,1,Sideways,1,0.8141,BUY,1,1,0.764,BUY,1,10,"SMA_50,EMA_26,MACD_Signal,SMA_20,OBV,ATR_14,SMA_10,Williams_R,ROC,ADX",SMA_50
HINDUNILVR,2023-12-22,2023,0,Sideways,1,0.8576,BUY,0,1,0.7224,BUY,0,10,"SMA_50,EMA_26,MACD_Signal,SMA_20,OBV,ATR_14,SMA_10,Williams_R,ROC,ADX",SMA_50
HINDUNILVR,2023-12-26,2023,0,Sideways,1,0.6583,BUY,0,1,0.6787,BUY,0,10,"SMA_50,EMA_26,MACD_Signal,SMA_20,OBV,ATR_14,SMA_10,Williams_R,ROC,ADX",SMA_50
HINDUNILVR,2023-12-27,2023,0,Sideways,0,0.5576,SELL,1,0,0.5814,SELL,1,10,"SMA_50,EMA_26,MACD_Signal,SMA_20,OBV,ATR_14,SMA_10,Williams_R,ROC,ADX",SMA_50
HINDUNILVR,2023-12-28,2023,0,Sideways,0,0.6641,SELL,1,0,0.6768,SELL,1,10,"SMA_50,EMA_26,MACD_Signal,SMA_20,OBV,ATR_14,SMA_10,Williams_R,ROC,ADX",SMA_50
HINDUNILVR,2023-12-29,2023,0,Sideways,0,0.6514,SELL,1,0,0.7558,SELL,1,10,"SMA_50,EMA_26,MACD_Signal,SMA_20,OBV,ATR_14,SMA_10,Williams_R,ROC,ADX",SMA_50
HINDUNILVR,2024-01-01,2024,0,Sideways,0,0.5799,SELL,1,0,0.7942,SELL,1,10,"SMA_50,EMA_26,MACD_Signal,SMA_20,OBV,ATR_14,SMA_10,Williams_R,ROC,ADX",SMA_50
HINDUNILVR,2024-01-02,2024,0,Sideways,0,0.6215,SELL,1,0,0.8028,SELL,1,10,"SMA_50,EMA_26,MACD_Signal,SMA_20,OBV,ATR_14,SMA_10,Williams_R,ROC,ADX",SMA_50
HINDUNILVR,2024-01-03,2024,0,Sideways,0,0.7681,SELL,1,0,0.797,SELL,1,10,"SMA_50,EMA_26,MACD_Signal,SMA_20,OBV,ATR_14,SMA_10,Williams_R,ROC,ADX",SMA_50
HINDUNILVR,2024-01-04,2024,0,Sideways,0,0.6104,SELL,1,0,0.7609,SELL,1,10,"SMA_50,EMA_26,MACD_Signal,SMA_20,OBV,ATR_14,SMA_10,Williams_R,ROC,ADX",SMA_50
HINDUNILVR,2024-01-05,2024,0,Sideways,0,0.7238,SELL,1,0,0.7636,SELL,1,10,"SMA_50,EMA_26,MACD_Signal,SMA_20,OBV,ATR_14,SMA_10,Williams_R,ROC,ADX",SMA_50
HINDUNILVR,2024-01-08,2024,0,Sideways,1,0.6558,BUY,0,0,0.6882,SELL,1,10,"SMA_50,EMA_26,MACD_Signal,SMA_20,OBV,ATR_14,SMA_10,Williams_R,ROC,ADX",SMA_50
HINDUNILVR,2024-01-09,2024,0,Sideways,0,0.6113,SELL,1,0,0.6337,SELL,1,10,"SMA_50,EMA_26,MACD_Signal,SMA_20,OBV,ATR_14,SMA_10,Williams_R,ROC,ADX",SMA_50
HINDUNILVR,2024-01-10,2024,0,Sideways,0,0.559,SELL,1,0,0.5999,SELL,1,10,"SMA_50,EMA_26,MACD_Signal,SMA_20,OBV,ATR_14,SMA_10,Williams_R,ROC,ADX",SMA_50
HINDUNILVR,2024-01-11,2024,0,Sideways,0,0.501,NO TRADE,1,0,0.6019,SELL,1,10,"SMA_50,EMA_26,MACD_Signal,SMA_20,OBV,ATR_14,SMA_10,Williams_R,ROC,ADX",SMA_50
HINDUNILVR,2024-01-12,2024,0,Sideways,0,0.514,NO TRADE,1,0,0.6576,SELL,1,10,"SMA_50,EMA_26,MACD_Signal,SMA_20,OBV,ATR_14,SMA_10,Williams_R,ROC,ADX",SMA_50
HINDUNILVR,2024-01-15,2024,0,Sideways,0,0.5194,NO TRADE,1,0,0.6626,SELL,1,10,"SMA_50,EMA_26,MACD_Signal,SMA_20,OBV,ATR_14,SMA_10,Williams_R,ROC,ADX",SMA_50
HINDUNILVR,2024-01-16,2024,0,Sideways,1,0.5128,NO TRADE,0,0,0.6089,SELL,1,10,"SMA_50,EMA_26,MACD_Signal,SMA_20,OBV,ATR_14,SMA_10,Williams_R,ROC,ADX",SMA_50
HINDUNILVR,2024-01-17,2024,0,Sideways,1,0.5864,BUY,0,1,0.5096,NO TRADE,0,10,"SMA_50,EMA_26,MACD_Signal,SMA_20,OBV,ATR_14,SMA_10,Williams_R,ROC,ADX",SMA_50
HINDUNILVR,2024-01-18,2024,0,Sideways,1,0.6138,BUY,0,0,0.5386,NO TRADE,1,10,"SMA_50,EMA_26,MACD_Signal,SMA_20,OBV,ATR_14,SMA_10,Williams_R,ROC,ADX",SMA_50
HINDUNILVR,2024-01-19,2024,0,Sideways,1,0.5091,NO TRADE,0,1,0.5058,NO TRADE,0,10,"SMA_50,EMA_26,MACD_Signal,SMA_20,OBV,ATR_14,SMA_10,Williams_R,ROC,ADX",SMA_50
HINDUNILVR,2024-01-23,2024,1,Sideways,0,0.8294,SELL,0,0,0.789,SELL,0,10,"SMA_50,EMA_26,MACD_Signal,SMA_20,OBV,ATR_14,SMA_10,Williams_R,ROC,ADX",SMA_50
HINDUNILVR,2024-01-24,2024,0,Sideways,1,0.7696,BUY,0,0,0.5337,NO TRADE,1,10,"SMA_50,EMA_26,MACD_Signal,SMA_20,OBV,ATR_14,SMA_10,Williams_R,ROC,ADX",SMA_50
HINDUNILVR,2024-01-25,2024,0,Sideways,0,0.6801,SELL,1,0,0.7059,SELL,1,10,"SMA_50,EMA_26,MACD_Signal,SMA_20,OBV,ATR_14,SMA_10,Williams_R,ROC,ADX",SMA_50
HINDUNILVR,2024-01-29,2024,0,Sideways,0,0.7075,SELL,1,0,0.5209,NO TRADE,1,10,"SMA_20,BB_Upper,EMA_26,MACD_Signal,MACD_Hist,SMA_10,SMA_50,MACD,RSI_14,Williams_R",SMA_20
HINDUNILVR,2024-01-30,2024,0,Sideways,0,0.8384,SELL,1,0,0.5151,NO TRADE,1,10,"SMA_20,BB_Upper,EMA_26,MACD_Signal,MACD_Hist,SMA_10,SMA_50,MACD,RSI_14,Williams_R",SMA_20
HINDUNILVR,2024-01-31,2024,0,Sideways,0,0.8502,SELL,1,1,0.5114,NO TRADE,0,10,"SMA_20,BB_Upper,EMA_26,MACD_Signal,MACD_Hist,SMA_10,SMA_50,MACD,RSI_14,Williams_R",SMA_20
HINDUNILVR,2024-02-01,2024,0,Sideways,0,0.7588,SELL,1,1,0.6259,BUY,0,10,"SMA_20,BB_Upper,EMA_26,MACD_Signal,MACD_Hist,SMA_10,SMA_50,MACD,RSI_14,Williams_R",SMA_20
HINDUNILVR,2024-02-02,2024,0,Sideways,0,0.7863,SELL,1,1,0.6229,BUY,0,10,"SMA_20,BB_Upper,EMA_26,MACD_Signal,MACD_Hist,SMA_10,SMA_50,MACD,RSI_14,Williams_R",SMA_20
HINDUNILVR,2024-02-05,2024,1,Sideways,0,0.7867,SELL,0,1,0.6005,BUY,1,10,"SMA_20,BB_Upper,EMA_26,MACD_Signal,MACD_Hist,SMA_10,SMA_50,MACD,RSI_14,Williams_R",SMA_20
HINDUNILVR,2024-02-06,2024,0,Sideways,0,0.7896,SELL,1,1,0.7218,BUY,0,10,"SMA_20,BB_Upper,EMA_26,MACD_Signal,MACD_Hist,SMA_10,SMA_50,MACD,RSI_14,Williams_R",SMA_20
HINDUNILVR,2024-02-07,2024,0,Sideways,0,0.7773,SELL,1,1,0.6827,BUY,0,10,"SMA_20,BB_Upper,EMA_26,MACD_Signal,MACD_Hist,SMA_10,SMA_50,MACD,RSI_14,Williams_R",SMA_20
HINDUNILVR,2024-02-08,2024,1,Sideways,0,0.7876,SELL,0,1,0.6055,BUY,1,10,"SMA_20,BB_Upper,EMA_26,MACD_Signal,MACD_Hist,SMA_10,SMA_50,MACD,RSI_14,Williams_R",SMA_20
HINDUNILVR,2024-02-09,2024,0,Sideways,0,0.8438,SELL,1,1,0.7685,BUY,0,10,"SMA_20,BB_Upper,EMA_26,MACD_Signal,MACD_Hist,SMA_10,SMA_50,MACD,RSI_14,Williams_R",SMA_20
HINDUNILVR,2024-02-12,2024,0,Sideways,0,0.8384,SELL,1,1,0.7154,BUY,0,10,"SMA_20,BB_Upper,EMA_26,MACD_Signal,MACD_Hist,SMA_10,SMA_50,MACD,RSI_14,Williams_R",SMA_20
HINDUNILVR,2024-02-13,2024,0,Sideways,0,0.894,SELL,1,1,0.5887,BUY,0,10,"SMA_20,BB_Upper,EMA_26,MACD_Signal,MACD_Hist,SMA_10,SMA_50,MACD,RSI_14,Williams_R",SMA_20
HINDUNILVR,2024-02-14,2024,0,Sideways,0,0.7989,SELL,1,0,0.5281,NO TRADE,1,10,"SMA_20,BB_Upper,EMA_26,MACD_Signal,MACD_Hist,SMA_10,SMA_50,MACD,RSI_14,Williams_R",SMA_20
HINDUNILVR,2024-02-15,2024,0,Sideways,0,0.7895,SELL,1,0,0.6338,SELL,1,10,"SMA_20,BB_Upper,EMA_26,MACD_Signal,MACD_Hist,SMA_10,SMA_50,MACD,RSI_14,Williams_R",SMA_20
HINDUNILVR,2024-02-16,2024,0,Sideways,0,0.7993,SELL,1,0,0.6647,SELL,1,10,"SMA_20,BB_Upper,EMA_26,MACD_Signal,MACD_Hist,SMA_10,SMA_50,MACD,RSI_14,Williams_R",SMA_20
HINDUNILVR,2024-02-19,2024,0,Sideways,0,0.8019,SELL,1,0,0.6896,SELL,1,10,"SMA_20,BB_Upper,EMA_26,MACD_Signal,MACD_Hist,SMA_10,SMA_50,MACD,RSI_14,Williams_R",SMA_20
HINDUNILVR,2024-02-20,2024,0,Sideways,0,0.8241,SELL,1,0,0.7037,SELL,1,10,"SMA_20,BB_Upper,EMA_26,MACD_Signal,MACD_Hist,SMA_10,SMA_50,MACD,RSI_14,Williams_R",SMA_20
HINDUNILVR,2024-02-21,2024,0,Sideways,0,0.8338,SELL,1,0,0.7177,SELL,1,10,"SMA_20,BB_Upper,EMA_26,MACD_Signal,MACD_Hist,SMA_10,SMA_50,MACD,RSI_14,Williams_R",SMA_20
HINDUNILVR,2024-02-22,2024,0,Sideways,0,0.8032,SELL,1,0,0.732,SELL,1,10,"SMA_20,BB_Upper,EMA_26,MACD_Signal,MACD_Hist,SMA_10,SMA_50,MACD,RSI_14,Williams_R",SMA_20
HINDUNILVR,2024-02-23,2024,0,Sideways,0,0.8189,SELL,1,0,0.7445,SELL,1,10,"SMA_20,BB_Upper,EMA_26,MACD_Signal,MACD_Hist,SMA_10,SMA_50,MACD,RSI_14,Williams_R",SMA_20
HINDUNILVR,2024-02-26,2024,0,Sideways,0,0.8104,SELL,1,0,0.7498,SELL,1,10,"SMA_20,BB_Upper,EMA_26,MACD_Signal,MACD_Hist,SMA_10,SMA_50,MACD,RSI_14,Williams_R",SMA_20
HINDUNILVR,2024-02-27,2024,0,Sideways,0,0.6186,SELL,1,0,0.7499,SELL,1,10,"SMA_20,BB_Upper,EMA_26,MACD_Signal,MACD_Hist,SMA_10,SMA_50,MACD,RSI_14,Williams_R",SMA_20
HINDUNILVR,2024-02-28,2024,0,Sideways,0,0.6099,SELL,1,0,0.7575,SELL,1,10,"SMA_20,BB_Upper,EMA_26,MACD_Signal,MACD_Hist,SMA_10,SMA_50,MACD,RSI_14,Williams_R",SMA_20
HINDUNILVR,2024-02-29,2024,0,Sideways,0,0.6565,SELL,1,0,0.759,SELL,1,10,"SMA_20,BB_Upper,EMA_26,MACD_Signal,MACD_Hist,SMA_10,SMA_50,MACD,RSI_14,Williams_R",SMA_20
HINDUNILVR,2024-03-01,2024,0,Sideways,0,0.75,SELL,1,0,0.7694,SELL,1,10,"SMA_20,BB_Upper,EMA_26,MACD_Signal,MACD_Hist,SMA_10,SMA_50,MACD,RSI_14,Williams_R",SMA_20
HINDUNILVR,2024-03-04,2024,0,Sideways,0,0.8607,SELL,1,0,0.7937,SELL,1,10,"SMA_20,BB_Upper,EMA_26,MACD_Signal,MACD_Hist,SMA_10,SMA_50,MACD,RSI_14,Williams_R",SMA_20
HINDUNILVR,2024-03-05,2024,0,Sideways,0,0.8085,SELL,1,0,0.7996,SELL,1,10,"SMA_20,BB_Upper,EMA_26,MACD_Signal,MACD_Hist,SMA_10,SMA_50,MACD,RSI_14,Williams_R",SMA_20
HINDUNILVR,2024-03-06,2024,0,Sideways,0,0.9033,SELL,1,0,0.6942,SELL,1,10,"SMA_20,BB_Upper,EMA_26,MACD_Signal,MACD_Hist,SMA_10,SMA_50,MACD,RSI_14,Williams_R",SMA_20
HINDUNILVR,2024-03-07,2024,0,Sideways,0,0.9,SELL,1,0,0.8132,SELL,1,10,"SMA_20,BB_Upper,EMA_26,MACD_Signal,MACD_Hist,SMA_10,SMA_50,MACD,RSI_14,Williams_R",SMA_20
HINDUNILVR,2024-03-11,2024,0,Sideways,0,0.7939,SELL,1,0,0.8118,SELL,1,10,"SMA_20,BB_Upper,EMA_26,MACD_Signal,MACD_Hist,SMA_10,SMA_50,MACD,RSI_14,Williams_R",SMA_20
HINDUNILVR,2024-03-12,2024,0,Sideways,0,0.8277,SELL,1,0,0.7837,SELL,1,10,"SMA_20,MACD_Hist,Rolling_Volatility,MACD_Signal,BB_Upper,SMA_50,EMA_26,Volume_MA,Rolling_Mean_Return,Williams_R",SMA_20
HINDUNILVR,2024-03-13,2024,0,Sideways,0,0.6434,SELL,1,0,0.7853,SELL,1,10,"SMA_20,MACD_Hist,Rolling_Volatility,MACD_Signal,BB_Upper,SMA_50,EMA_26,Volume_MA,Rolling_Mean_Return,Williams_R",SMA_20
HINDUNILVR,2024-03-14,2024,0,Sideways,0,0.8315,SELL,1,0,0.8301,SELL,1,10,"SMA_20,MACD_Hist,Rolling_Volatility,MACD_Signal,BB_Upper,SMA_50,EMA_26,Volume_MA,Rolling_Mean_Return,Williams_R",SMA_20
HINDUNILVR,2024-03-15,2024,0,Sideways,0,0.8298,SELL,1,0,0.8311,SELL,1,10,"SMA_20,MACD_Hist,Rolling_Volatility,MACD_Signal,BB_Upper,SMA_50,EMA_26,Volume_MA,Rolling_Mean_Return,Williams_R",SMA_20
HINDUNILVR,2024-03-18,2024,0,Sideways,0,0.8346,SELL,1,0,0.77,SELL,1,10,"SMA_20,MACD_Hist,Rolling_Volatility,MACD_Signal,BB_Upper,SMA_50,EMA_26,Volume_MA,Rolling_Mean_Return,Williams_R",SMA_20
HINDUNILVR,2024-03-19,2024,0,Sideways,0,0.837,SELL,1,0,0.8473,SELL,1,10,"SMA_20,MACD_Hist,Rolling_Volatility,MACD_Signal,BB_Upper,SMA_50,EMA_26,Volume_MA,Rolling_Mean_Return,Williams_R",SMA_20
HINDUNILVR,2024-03-20,2024,1,Sideways,0,0.8384,SELL,0,0,0.7859,SELL,0,10,"SMA_20,MACD_Hist,Rolling_Volatility,MACD_Signal,BB_Upper,SMA_50,EMA_26,Volume_MA,Rolling_Mean_Return,Williams_R",SMA_20
HINDUNILVR,2024-03-21,2024,1,Sideways,0,0.733,SELL,0,0,0.5902,SELL,0,10,"SMA_20,MACD_Hist,Rolling_Volatility,MACD_Signal,BB_Upper,SMA_50,EMA_26,Volume_MA,Rolling_Mean_Return,Williams_R",SMA_20
HINDUNILVR,2024-03-22,2024,0,Sideways,0,0.8181,SELL,1,0,0.6934,SELL,1,10,"SMA_20,MACD_Hist,Rolling_Volatility,MACD_Signal,BB_Upper,SMA_50,EMA_26,Volume_MA,Rolling_Mean_Return,Williams_R",SMA_20
HINDUNILVR,2024-03-26,2024,0,Sideways,0,0.8272,SELL,1,0,0.8456,SELL,1,10,"SMA_20,MACD_Hist,Rolling_Volatility,MACD_Signal,BB_Upper,SMA_50,EMA_26,Volume_MA,Rolling_Mean_Return,Williams_R",SMA_20
HINDUNILVR,2024-03-27,2024,0,Sideways,0,0.8293,SELL,1,0,0.8831,SELL,1,10,"SMA_20,MACD_Hist,Rolling_Volatility,MACD_Signal,BB_Upper,SMA_50,EMA_26,Volume_MA,Rolling_Mean_Return,Williams_R",SMA_20
HINDUNILVR,2024-03-28,2024,0,Sideways,0,0.881,SELL,1,0,0.9089,SELL,1,10,"SMA_20,MACD_Hist,Rolling_Volatility,MACD_Signal,BB_Upper,SMA_50,EMA_26,Volume_MA,Rolling_Mean_Return,Williams_R",SMA_20
HINDUNILVR,2024-04-01,2024,0,Sideways,0,0.9352,SELL,1,0,0.9211,SELL,1,10,"SMA_20,MACD_Hist,Rolling_Volatility,MACD_Signal,BB_Upper,SMA_50,EMA_26,Volume_MA,Rolling_Mean_Return,Williams_R",SMA_20
HINDUNILVR,2024-04-02,2024,0,Sideways,0,0.9364,SELL,1,0,0.9364,SELL,1,10,"SMA_20,MACD_Hist,Rolling_Volatility,MACD_Signal,BB_Upper,SMA_50,EMA_26,Volume_MA,Rolling_Mean_Return,Williams_R",SMA_20
HINDUNILVR,2024-04-03,2024,0,Sideways,0,0.9372,SELL,1,0,0.945,SELL,1,10,"SMA_20,MACD_Hist,Rolling_Volatility,MACD_Signal,BB_Upper,SMA_50,EMA_26,Volume_MA,Rolling_Mean_Return,Williams_R",SMA_20
HINDUNILVR,2024-04-04,2024,1,Sideways,0,0.9384,SELL,0,0,0.9518,SELL,0,10,"SMA_20,MACD_Hist,Rolling_Volatility,MACD_Signal,BB_Upper,SMA_50,EMA_26,Volume_MA,Rolling_Mean_Return,Williams_R",SMA_20
HINDUNILVR,2024-04-05,2024,1,Sideways,0,0.9285,SELL,0,0,0.8894,SELL,0,10,"SMA_20,MACD_Hist,Rolling_Volatility,MACD_Signal,BB_Upper,SMA_50,EMA_26,Volume_MA,Rolling_Mean_Return,Williams_R",SMA_20
HINDUNILVR,2024-04-08,2024,1,Sideways,0,0.7423,SELL,0,0,0.698,SELL,0,10,"SMA_20,MACD_Hist,Rolling_Volatility,MACD_Signal,BB_Upper,SMA_50,EMA_26,Volume_MA,Rolling_Mean_Return,Williams_R",SMA_20
HINDUNILVR,2024-04-09,2024,1,Sideways,0,0.7331,SELL,0,0,0.5419,NO TRADE,0,10,"SMA_20,MACD_Hist,Rolling_Volatility,MACD_Signal,BB_Upper,SMA_50,EMA_26,Volume_MA,Rolling_Mean_Return,Williams_R",SMA_20
HINDUNILVR,2024-04-10,2024,1,Sideways,0,0.656,SELL,0,1,0.5258,NO TRADE,1,10,"SMA_20,MACD_Hist,Rolling_Volatility,MACD_Signal,BB_Upper,SMA_50,EMA_26,Volume_MA,Rolling_Mean_Return,Williams_R",SMA_20
HINDUNILVR,2024-04-12,2024,1,Sideways,0,0.6553,SELL,0,1,0.5666,BUY,1,10,"SMA_20,MACD_Hist,Rolling_Volatility,MACD_Signal,BB_Upper,SMA_50,EMA_26,Volume_MA,Rolling_Mean_Return,Williams_R",SMA_20
HINDUNILVR,2024-04-15,2024,1,Sideways,1,0.56,BUY,1,0,0.5077,NO TRADE,0,10,"SMA_20,MACD_Hist,Rolling_Volatility,MACD_Signal,BB_Upper,SMA_50,EMA_26,Volume_MA,Rolling_Mean_Return,Williams_R",SMA_20
HINDUNILVR,2024-04-16,2024,1,Sideways,0,0.5148,NO TRADE,0,1,0.6654,BUY,1,10,"SMA_20,MACD_Hist,Rolling_Volatility,MACD_Signal,BB_Upper,SMA_50,EMA_26,Volume_MA,Rolling_Mean_Return,Williams_R",SMA_20
HINDUNILVR,2024-04-18,2024,1,Sideways,1,0.7336,BUY,1,1,0.7359,BUY,1,10,"SMA_20,MACD_Hist,Rolling_Volatility,MACD_Signal,BB_Upper,SMA_50,EMA_26,Volume_MA,Rolling_Mean_Return,Williams_R",SMA_20
HINDUNILVR,2024-04-19,2024,1,Sideways,1,0.8431,BUY,1,1,0.7919,BUY,1,10,"SMA_20,MACD_Hist,Rolling_Volatility,MACD_Signal,BB_Upper,SMA_50,EMA_26,Volume_MA,Rolling_Mean_Return,Williams_R",SMA_20
HINDUNILVR,2024-04-22,2024,1,Sideways,1,0.78,BUY,1,1,0.7755,BUY,1,10,"SMA_20,MACD_Hist,Rolling_Volatility,MACD_Signal,BB_Upper,SMA_50,EMA_26,Volume_MA,Rolling_Mean_Return,Williams_R",SMA_20
HINDUNILVR,2024-04-23,2024,1,Sideways,1,0.7904,BUY,1,1,0.7844,BUY,1,10,"SMA_20,MACD_Hist,Rolling_Volatility,MACD_Signal,BB_Upper,SMA_50,EMA_26,Volume_MA,Rolling_Mean_Return,Williams_R",SMA_20
HINDUNILVR,2024-04-24,2024,1,Sideways,1,0.9158,BUY,1,1,0.7702,BUY,1,10,"SMA_20,MACD_Hist,Rolling_Volatility,MACD_Signal,BB_Upper,SMA_50,EMA_26,Volume_MA,Rolling_Mean_Return,Williams_R",SMA_20
HINDUNILVR,2024-04-25,2024,1,Sideways,1,0.8886,BUY,1,1,0.7738,BUY,1,10,"SMA_20,MACD_Hist,Rolling_Volatility,MACD_Signal,BB_Upper,SMA_50,EMA_26,Volume_MA,Rolling_Mean_Return,Williams_R",SMA_20
HINDUNILVR,2024-04-26,2024,1,Sideways,1,0.9665,BUY,1,1,0.7633,BUY,1,10,"SMA_20,MACD_Hist,Rolling_Volatility,MACD_Signal,BB_Upper,SMA_50,EMA_26,Volume_MA,Rolling_Mean_Return,Williams_R",SMA_20
HINDUNILVR,2024-04-29,2024,1,Sideways,1,0.9876,BUY,1,0,0.564,SELL,0,10,"SMA_20,SMA_50,SMA_10,MACD_Hist,RSI_14,EMA_26,ATR_14,MACD_Signal,BB_Upper,BB_Width",SMA_20
HINDUNILVR,2024-04-30,2024,1,Sideways,1,0.9955,BUY,1,1,0.5644,BUY,1,10,"SMA_20,SMA_50,SMA_10,MACD_Hist,RSI_14,EMA_26,ATR_14,MACD_Signal,BB_Upper,BB_Width",SMA_20
HINDUNILVR,2024-05-02,2024,1,Sideways,1,0.9972,BUY,1,1,0.6187,BUY,1,10,"SMA_20,SMA_50,SMA_10,MACD_Hist,RSI_14,EMA_26,ATR_14,MACD_Signal,BB_Upper,BB_Width",SMA_20
HINDUNILVR,2024-05-03,2024,1,Sideways,1,0.906,BUY,1,1,0.6802,BUY,1,10,"SMA_20,SMA_50,SMA_10,MACD_Hist,RSI_14,EMA_26,ATR_14,MACD_Signal,BB_Upper,BB_Width",SMA_20
HINDUNILVR,2024-05-06,2024,1,Sideways,1,0.9839,BUY,1,1,0.7245,BUY,1,10,"SMA_20,SMA_50,SMA_10,MACD_Hist,RSI_14,EMA_26,ATR_14,MACD_Signal,BB_Upper,BB_Width",SMA_20
HINDUNILVR,2024-05-07,2024,1,Sideways,1,0.735,BUY,1,1,0.5245,NO TRADE,1,10,"SMA_20,SMA_50,SMA_10,MACD_Hist,RSI_14,EMA_26,ATR_14,MACD_Signal,BB_Upper,BB_Width",SMA_20
HINDUNILVR,2024-05-08,2024,1,Sideways,1,0.924,BUY,1,1,0.5258,NO TRADE,1,10,"SMA_20,SMA_50,SMA_10,MACD_Hist,RSI_14,EMA_26,ATR_14,MACD_Signal,BB_Upper,BB_Width",SMA_20
HINDUNILVR,2024-05-09,2024,1,Sideways,1,0.8498,BUY,1,1,0.6752,BUY,1,10,"SMA_20,SMA_50,SMA_10,MACD_Hist,RSI_14,EMA_26,ATR_14,MACD_Signal,BB_Upper,BB_Width",SMA_20
HINDUNILVR,2024-05-10,2024,1,Sideways,1,0.8967,BUY,1,1,0.6221,BUY,1,10,"SMA_20,SMA_50,SMA_10,MACD_Hist,RSI_14,EMA_26,ATR_14,MACD_Signal,BB_Upper,BB_Width",SMA_20
HINDUNILVR,2024-05-13,2024,1,Sideways,1,0.9337,BUY,1,1,0.7737,BUY,1,10,"SMA_20,SMA_50,SMA_10,MACD_Hist,RSI_14,EMA_26,ATR_14,MACD_Signal,BB_Upper,BB_Width",SMA_20
HINDUNILVR,2024-05-14,2024,1,Sideways,1,0.9393,BUY,1,1,0.8526,BUY,1,10,"SMA_20,SMA_50,SMA_10,MACD_Hist,RSI_14,EMA_26,ATR_14,MACD_Signal,BB_Upper,BB_Width",SMA_20
HINDUNILVR,2024-05-15,2024,1,Sideways,1,0.9428,BUY,1,1,0.9047,BUY,1,10,"SMA_20,SMA_50,SMA_10,MACD_Hist,RSI_14,EMA_26,ATR_14,MACD_Signal,BB_Upper,BB_Width",SMA_20
HINDUNILVR,2024-05-16,2024,1,Sideways,1,0.9481,BUY,1,1,0.9167,BUY,1,10,"SMA_20,SMA_50,SMA_10,MACD_Hist,RSI_14,EMA_26,ATR_14,MACD_Signal,BB_Upper,BB_Width",SMA_20
HINDUNILVR,2024-05-17,2024,1,Sideways,1,0.9363,BUY,1,1,0.9243,BUY,1,10,"SMA_20,SMA_50,SMA_10,MACD_Hist,RSI_14,EMA_26,ATR_14,MACD_Signal,BB_Upper,BB_Width",SMA_20
HINDUNILVR,2024-05-21,2024,1,Sideways,1,0.9141,BUY,1,1,0.9287,BUY,1,10,"SMA_20,SMA_50,SMA_10,MACD_Hist,RSI_14,EMA_26,ATR_14,MACD_Signal,BB_Upper,BB_Width",SMA_20
HINDUNILVR,2024-05-22,2024,1,Sideways,1,0.9445,BUY,1,1,0.93,BUY,1,10,"SMA_20,SMA_50,SMA_10,MACD_Hist,RSI_14,EMA_26,ATR_14,MACD_Signal,BB_Upper,BB_Width",SMA_20
HINDUNILVR,2024-05-23,2024,1,Sideways,1,0.959,BUY,1,1,0.9322,BUY,1,10,"SMA_20,SMA_50,SMA_10,MACD_Hist,RSI_14,EMA_26,ATR_14,MACD_Signal,BB_Upper,BB_Width",SMA_20
HINDUNILVR,2024-05-24,2024,1,Sideways,1,0.9679,BUY,1,1,0.934,BUY,1,10,"SMA_20,SMA_50,SMA_10,MACD_Hist,RSI_14,EMA_26,ATR_14,MACD_Signal,BB_Upper,BB_Width",SMA_20
HINDUNILVR,2024-05-27,2024,1,Sideways,1,0.8961,BUY,1,1,0.9342,BUY,1,10,"SMA_20,SMA_50,SMA_10,MACD_Hist,RSI_14,EMA_26,ATR_14,MACD_Signal,BB_Upper,BB_Width",SMA_20
HINDUNILVR,2024-05-28,2024,1,Sideways,1,0.9677,BUY,1,1,0.9326,BUY,1,10,"SMA_20,SMA_50,SMA_10,MACD_Hist,RSI_14,EMA_26,ATR_14,MACD_Signal,BB_Upper,BB_Width",SMA_20
HINDUNILVR,2024-05-29,2024,1,Sideways,1,0.908,BUY,1,1,0.9292,BUY,1,10,"SMA_20,SMA_50,SMA_10,MACD_Hist,RSI_14,EMA_26,ATR_14,MACD_Signal,BB_Upper,BB_Width",SMA_20
HINDUNILVR,2024-05-30,2024,1,Sideways,1,0.948,BUY,1,1,0.9215,BUY,1,10,"SMA_20,SMA_50,SMA_10,MACD_Hist,RSI_14,EMA_26,ATR_14,MACD_Signal,BB_Upper,BB_Width",SMA_20
HINDUNILVR,2024-05-31,2024,1,Sideways,1,0.8958,BUY,1,1,0.9045,BUY,1,10,"SMA_20,SMA_50,SMA_10,MACD_Hist,RSI_14,EMA_26,ATR_14,MACD_Signal,BB_Upper,BB_Width",SMA_20
HINDUNILVR,2024-06-03,2024,1,Sideways,1,0.9956,BUY,1,1,0.8709,BUY,1,10,"SMA_20,SMA_50,SMA_10,MACD_Hist,RSI_14,EMA_26,ATR_14,MACD_Signal,BB_Upper,BB_Width",SMA_20
HINDUNILVR,2024-06-04,2024,1,Sideways,1,0.8943,BUY,1,1,0.8867,BUY,1,10,"SMA_20,SMA_50,SMA_10,MACD_Hist,RSI_14,EMA_26,ATR_14,MACD_Signal,BB_Upper,BB_Width",SMA_20
HINDUNILVR,2024-06-05,2024,0,Sideways,1,0.7973,BUY,0,1,0.9181,BUY,0,10,"SMA_20,SMA_50,SMA_10,MACD_Hist,RSI_14,EMA_26,ATR_14,MACD_Signal,BB_Upper,BB_Width",SMA_20
HINDUNILVR,2024-06-06,2024,1,Sideways,1,0.5095,NO TRADE,1,1,0.7835,BUY,1,10,"SMA_20,SMA_50,SMA_10,MACD_Hist,RSI_14,EMA_26,ATR_14,MACD_Signal,BB_Upper,BB_Width",SMA_20
HINDUNILVR,2024-06-07,2024,1,Sideways,1,0.5595,BUY,1,1,0.8167,BUY,1,10,"SMA_20,SMA_50,SMA_10,MACD_Hist,RSI_14,EMA_26,ATR_14,MACD_Signal,BB_Upper,BB_Width",SMA_20
HINDUNILVR,2024-06-10,2024,1,Sideways,1,0.7981,BUY,1,1,0.9246,BUY,1,10,"SMA_20,SMA_50,SMA_10,MACD_Hist,RSI_14,EMA_26,ATR_14,MACD_Signal,BB_Upper,BB_Width",SMA_20
HINDUNILVR,2024-06-11,2024,1,Sideways,1,0.8857,BUY,1,1,0.9345,BUY,1,10,"SMA_20,SMA_50,SMA_10,MACD_Hist,RSI_14,EMA_26,ATR_14,MACD_Signal,BB_Upper,BB_Width",SMA_20
HINDUNILVR,2024-06-12,2024,1,Sideways,1,0.8733,BUY,1,1,0.9276,BUY,1,10,"EMA_26,SMA_20,SMA_50,MACD_Hist,MACD,OBV,Volume_MA,ATR_14,BB_Upper,RSI_14",EMA_26
HINDUNILVR,2024-06-13,2024,1,Sideways,1,0.8956,BUY,1,1,0.9276,BUY,1,10,"EMA_26,SMA_20,SMA_50,MACD_Hist,MACD,OBV,Volume_MA,ATR_14,BB_Upper,RSI_14",EMA_26
HINDUNILVR,2024-06-14,2024,1,Sideways,1,0.8006,BUY,1,1,0.9264,BUY,1,10,"EMA_26,SMA_20,SMA_50,MACD_Hist,MACD,OBV,Volume_MA,ATR_14,BB_Upper,RSI_14",EMA_26
HINDUNILVR,2024-06-18,2024,1,Sideways,1,0.8928,BUY,1,1,0.9257,BUY,1,10,"EMA_26,SMA_20,SMA_50,MACD_Hist,MACD,OBV,Volume_MA,ATR_14,BB_Upper,RSI_14",EMA_26
HINDUNILVR,2024-06-19,2024,1,Sideways,1,0.9032,BUY,1,1,0.9257,BUY,1,10,"EMA_26,SMA_20,SMA_50,MACD_Hist,MACD,OBV,Volume_MA,ATR_14,BB_Upper,RSI_14",EMA_26
HINDUNILVR,2024-06-20,2024,1,Sideways,1,0.8975,BUY,1,1,0.9267,BUY,1,10,"EMA_26,SMA_20,SMA_50,MACD_Hist,MACD,OBV,Volume_MA,ATR_14,BB_Upper,RSI_14",EMA_26
HINDUNILVR,2024-06-21,2024,1,Sideways,1,0.8374,BUY,1,1,0.9293,BUY,1,10,"EMA_26,SMA_20,SMA_50,MACD_Hist,MACD,OBV,Volume_MA,ATR_14,BB_Upper,RSI_14",EMA_26
HINDUNILVR,2024-06-24,2024,1,Sideways,1,0.8932,BUY,1,1,0.9304,BUY,1,10,"EMA_26,SMA_20,SMA_50,MACD_Hist,MACD,OBV,Volume_MA,ATR_14,BB_Upper,RSI_14",EMA_26
HINDUNILVR,2024-06-25,2024,1,Sideways,1,0.9052,BUY,1,1,0.9324,BUY,1,10,"EMA_26,SMA_20,SMA_50,MACD_Hist,MACD,OBV,Volume_MA,ATR_14,BB_Upper,RSI_14",EMA_26
HINDUNILVR,2024-06-26,2024,1,Sideways,1,0.8665,BUY,1,1,0.9345,BUY,1,10,"EMA_26,SMA_20,SMA_50,MACD_Hist,MACD,OBV,Volume_MA,ATR_14,BB_Upper,RSI_14",EMA_26
HINDUNILVR,2024-06-27,2024,1,Sideways,1,0.8098,BUY,1,1,0.9339,BUY,1,10,"EMA_26,SMA_20,SMA_50,MACD_Hist,MACD,OBV,Volume_MA,ATR_14,BB_Upper,RSI_14",EMA_26
HINDUNILVR,2024-06-28,2024,1,Sideways,1,0.9058,BUY,1,1,0.9591,BUY,1,10,"EMA_26,SMA_20,SMA_50,MACD_Hist,MACD,OBV,Volume_MA,ATR_14,BB_Upper,RSI_14",EMA_26
HINDUNILVR,2024-07-01,2024,1,Sideways,1,0.9071,BUY,1,1,0.949,BUY,1,10,"EMA_26,SMA_20,SMA_50,MACD_Hist,MACD,OBV,Volume_MA,ATR_14,BB_Upper,RSI_14",EMA_26
HINDUNILVR,2024-07-02,2024,1,Sideways,1,0.8769,BUY,1,1,0.9392,BUY,1,10,"EMA_26,SMA_20,SMA_50,MACD_Hist,MACD,OBV,Volume_MA,ATR_14,BB_Upper,RSI_14",EMA_26
HINDUNILVR,2024-07-03,2024,1,Sideways,1,0.7461,BUY,1,1,0.9331,BUY,1,10,"EMA_26,SMA_20,SMA_50,MACD_Hist,MACD,OBV,Volume_MA,ATR_14,BB_Upper,RSI_14",EMA_26
HINDUNILVR,2024-07-04,2024,1,Sideways,1,0.7661,BUY,1,1,0.8386,BUY,1,10,"EMA_26,SMA_20,SMA_50,MACD_Hist,MACD,OBV,Volume_MA,ATR_14,BB_Upper,RSI_14",EMA_26
HINDUNILVR,2024-07-05,2024,1,Sideways,1,0.7555,BUY,1,1,0.8411,BUY,1,10,"EMA_26,SMA_20,SMA_50,MACD_Hist,MACD,OBV,Volume_MA,ATR_14,BB_Upper,RSI_14",EMA_26
HINDUNILVR,2024-07-08,2024,1,Sideways,1,0.8177,BUY,1,1,0.838,BUY,1,10,"EMA_26,SMA_20,SMA_50,MACD_Hist,MACD,OBV,Volume_MA,ATR_14,BB_Upper,RSI_14",EMA_26
HINDUNILVR,2024-07-09,2024,1,Sideways,1,0.7166,BUY,1,1,0.836,BUY,1,10,"EMA_26,SMA_20,SMA_50,MACD_Hist,MACD,OBV,Volume_MA,ATR_14,BB_Upper,RSI_14",EMA_26
HINDUNILVR,2024-07-10,2024,1,Sideways,1,0.6354,BUY,1,1,0.8334,BUY,1,10,"EMA_26,SMA_20,SMA_50,MACD_Hist,MACD,OBV,Volume_MA,ATR_14,BB_Upper,RSI_14",EMA_26
HINDUNILVR,2024-07-11,2024,1,Sideways,1,0.7371,BUY,1,1,0.8152,BUY,1,10,"EMA_26,SMA_20,SMA_50,MACD_Hist,MACD,OBV,Volume_MA,ATR_14,BB_Upper,RSI_14",EMA_26
HINDUNILVR,2024-07-12,2024,1,Sideways,1,0.7407,BUY,1,1,0.8123,BUY,1,10,"EMA_26,SMA_20,SMA_50,MACD_Hist,MACD,OBV,Volume_MA,ATR_14,BB_Upper,RSI_14",EMA_26
HINDUNILVR,2024-07-15,2024,1,Sideways,1,0.7542,BUY,1,1,0.8121,BUY,1,10,"EMA_26,SMA_20,SMA_50,MACD_Hist,MACD,OBV,Volume_MA,ATR_14,BB_Upper,RSI_14",EMA_26
HINDUNILVR,2024-07-16,2024,1,Sideways,1,0.9328,BUY,1,1,0.8113,BUY,1,10,"EMA_26,SMA_20,SMA_50,MACD_Hist,MACD,OBV,Volume_MA,ATR_14,BB_Upper,RSI_14",EMA_26
HINDUNILVR,2024-07-18,2024,1,Sideways,1,0.8476,BUY,1,1,0.7886,BUY,1,10,"EMA_26,SMA_20,SMA_50,MACD_Hist,MACD,OBV,Volume_MA,ATR_14,BB_Upper,RSI_14",EMA_26
HINDUNILVR,2024-07-19,2024,1,Sideways,1,0.8088,BUY,1,1,0.7899,BUY,1,10,"EMA_26,SMA_20,SMA_50,MACD_Hist,MACD,OBV,Volume_MA,ATR_14,BB_Upper,RSI_14",EMA_26
HINDUNILVR,2024-07-22,2024,1,Sideways,1,0.7883,BUY,1,1,0.7923,BUY,1,10,"EMA_26,SMA_20,SMA_50,MACD_Hist,MACD,OBV,Volume_MA,ATR_14,BB_Upper,RSI_14",EMA_26
HINDUNILVR,2024-07-23,2024,1,Sideways,1,0.8302,BUY,1,1,0.7929,BUY,1,10,"EMA_26,SMA_20,SMA_50,MACD_Hist,MACD,OBV,Volume_MA,ATR_14,BB_Upper,RSI_14",EMA_26
HINDUNILVR,2024-07-24,2024,1,Sideways,1,0.9246,BUY,1,1,0.796,BUY,1,10,"EMA_26,SMA_20,SMA_50,MACD_Hist,MACD,OBV,Volume_MA,ATR_14,BB_Upper,RSI_14",EMA_26
HINDUNILVR,2024-07-25,2024,1,Sideways,1,0.9137,BUY,1,1,0.7886,BUY,1,10,"EMA_26,SMA_20,SMA_50,MACD_Hist,MACD,OBV,Volume_MA,ATR_14,BB_Upper,RSI_14",EMA_26
HINDUNILVR,2024-07-26,2024,1,Sideways,1,0.8721,BUY,1,1,0.6969,BUY,1,10,"SMA_50,MACD,ATR_14,SMA_20,Volume_MA,BB_Upper,OBV,EMA_26,SMA_10,BB_Width",SMA_50
HINDUNILVR,2024-07-29,2024,1,Sideways,1,0.862,BUY,1,1,0.7112,BUY,1,10,"SMA_50,MACD,ATR_14,SMA_20,Volume_MA,BB_Upper,OBV,EMA_26,SMA_10,BB_Width",SMA_50
HINDUNILVR,2024-07-30,2024,1,Sideways,1,0.8812,BUY,1,1,0.7643,BUY,1,10,"SMA_50,MACD,ATR_14,SMA_20,Volume_MA,BB_Upper,OBV,EMA_26,SMA_10,BB_Width",SMA_50
HINDUNILVR,2024-07-31,2024,1,Sideways,1,0.822,BUY,1,1,0.7687,BUY,1,10,"SMA_50,MACD,ATR_14,SMA_20,Volume_MA,BB_Upper,OBV,EMA_26,SMA_10,BB_Width",SMA_50
HINDUNILVR,2024-08-01,2024,1,Sideways,1,0.8339,BUY,1,1,0.7481,BUY,1,10,"SMA_50,MACD,ATR_14,SMA_20,Volume_MA,BB_Upper,OBV,EMA_26,SMA_10,BB_Width",SMA_50
HINDUNILVR,2024-08-02,2024,1,Sideways,1,0.754,BUY,1,1,0.722,BUY,1,10,"SMA_50,MACD,ATR_14,SMA_20,Volume_MA,BB_Upper,OBV,EMA_26,SMA_10,BB_Width",SMA_50
HINDUNILVR,2024-08-05,2024,1,Sideways,1,0.8394,BUY,1,1,0.7124,BUY,1,10,"SMA_50,MACD,ATR_14,SMA_20,Volume_MA,BB_Upper,OBV,EMA_26,SMA_10,BB_Width",SMA_50
HINDUNILVR,2024-08-06,2024,1,Sideways,1,0.835,BUY,1,1,0.7053,BUY,1,10,"SMA_50,MACD,ATR_14,SMA_20,Volume_MA,BB_Upper,OBV,EMA_26,SMA_10,BB_Width",SMA_50
HINDUNILVR,2024-08-07,2024,1,Sideways,1,0.7315,BUY,1,1,0.69,BUY,1,10,"SMA_50,MACD,ATR_14,SMA_20,Volume_MA,BB_Upper,OBV,EMA_26,SMA_10,BB_Width",SMA_50
HINDUNILVR,2024-08-08,2024,1,Sideways,1,0.8017,BUY,1,1,0.6732,BUY,1,10,"SMA_50,MACD,ATR_14,SMA_20,Volume_MA,BB_Upper,OBV,EMA_26,SMA_10,BB_Width",SMA_50
HINDUNILVR,2024-08-09,2024,1,Sideways,1,0.7672,BUY,1,1,0.6573,BUY,1,10,"SMA_50,MACD,ATR_14,SMA_20,Volume_MA,BB_Upper,OBV,EMA_26,SMA_10,BB_Width",SMA_50
HINDUNILVR,2024-08-12,2024,1,Sideways,1,0.7141,BUY,1,1,0.6464,BUY,1,10,"SMA_50,MACD,ATR_14,SMA_20,Volume_MA,BB_Upper,OBV,EMA_26,SMA_10,BB_Width",SMA_50
HINDUNILVR,2024-08-13,2024,1,Sideways,1,0.7187,BUY,1,1,0.628,BUY,1,10,"SMA_50,MACD,ATR_14,SMA_20,Volume_MA,BB_Upper,OBV,EMA_26,SMA_10,BB_Width",SMA_50
HINDUNILVR,2024-08-14,2024,1,Sideways,1,0.7149,BUY,1,1,0.6399,BUY,1,10,"SMA_50,MACD,ATR_14,SMA_20,Volume_MA,BB_Upper,OBV,EMA_26,SMA_10,BB_Width",SMA_50
HINDUNILVR,2024-08-16,2024,1,Sideways,1,0.6857,BUY,1,1,0.5853,BUY,1,10,"SMA_50,MACD,ATR_14,SMA_20,Volume_MA,BB_Upper,OBV,EMA_26,SMA_10,BB_Width",SMA_50
HINDUNILVR,2024-08-19,2024,1,Sideways,1,0.6912,BUY,1,1,0.5684,BUY,1,10,"SMA_50,MACD,ATR_14,SMA_20,Volume_MA,BB_Upper,OBV,EMA_26,SMA_10,BB_Width",SMA_50
HINDUNILVR,2024-08-20,2024,1,Sideways,1,0.6949,BUY,1,1,0.5555,BUY,1,10,"SMA_50,MACD,ATR_14,SMA_20,Volume_MA,BB_Upper,OBV,EMA_26,SMA_10,BB_Width",SMA_50
HINDUNILVR,2024-08-21,2024,1,Sideways,1,0.7044,BUY,1,1,0.5653,BUY,1,10,"SMA_50,MACD,ATR_14,SMA_20,Volume_MA,BB_Upper,OBV,EMA_26,SMA_10,BB_Width",SMA_50
HINDUNILVR,2024-08-22,2024,1,Sideways,1,0.6815,BUY,1,1,0.5631,BUY,1,10,"SMA_50,MACD,ATR_14,SMA_20,Volume_MA,BB_Upper,OBV,EMA_26,SMA_10,BB_Width",SMA_50
HINDUNILVR,2024-08-23,2024,1,Sideways,1,0.6744,BUY,1,1,0.5735,BUY,1,10,"SMA_50,MACD,ATR_14,SMA_20,Volume_MA,BB_Upper,OBV,EMA_26,SMA_10,BB_Width",SMA_50
HINDUNILVR,2024-08-26,2024,1,Sideways,1,0.6648,BUY,1,1,0.5708,BUY,1,10,"SMA_50,MACD,ATR_14,SMA_20,Volume_MA,BB_Upper,OBV,EMA_26,SMA_10,BB_Width",SMA_50
HINDUNILVR,2024-08-27,2024,1,Sideways,1,0.6843,BUY,1,1,0.5927,BUY,1,10,"SMA_50,MACD,ATR_14,SMA_20,Volume_MA,BB_Upper,OBV,EMA_26,SMA_10,BB_Width",SMA_50
HINDUNILVR,2024-08-28,2024,1,Sideways,1,0.719,BUY,1,1,0.5953,BUY,1,10,"SMA_50,MACD,ATR_14,SMA_20,Volume_MA,BB_Upper,OBV,EMA_26,SMA_10,BB_Width",SMA_50
HINDUNILVR,2024-08-29,2024,1,Sideways,1,0.7372,BUY,1,1,0.6181,BUY,1,10,"SMA_50,MACD,ATR_14,SMA_20,Volume_MA,BB_Upper,OBV,EMA_26,SMA_10,BB_Width",SMA_50
HINDUNILVR,2024-08-30,2024,1,Sideways,1,0.8015,BUY,1,1,0.6309,BUY,1,10,"SMA_50,MACD,ATR_14,SMA_20,Volume_MA,BB_Upper,OBV,EMA_26,SMA_10,BB_Width",SMA_50
HINDUNILVR,2024-09-02,2024,1,Sideways,1,0.7585,BUY,1,1,0.6296,BUY,1,10,"SMA_50,MACD,ATR_14,SMA_20,Volume_MA,BB_Upper,OBV,EMA_26,SMA_10,BB_Width",SMA_50
HINDUNILVR,2024-09-03,2024,1,Sideways,1,0.7365,BUY,1,1,0.6464,BUY,1,10,"SMA_50,MACD,ATR_14,SMA_20,Volume_MA,BB_Upper,OBV,EMA_26,SMA_10,BB_Width",SMA_50
HINDUNILVR,2024-09-04,2024,1,Sideways,1,0.5463,NO TRADE,1,1,0.6732,BUY,1,10,"SMA_50,MACD,ATR_14,SMA_20,Volume_MA,BB_Upper,OBV,EMA_26,SMA_10,BB_Width",SMA_50
HINDUNILVR,2024-09-05,2024,1,Sideways,1,0.7139,BUY,1,1,0.6651,BUY,1,10,"SMA_50,MACD,ATR_14,SMA_20,Volume_MA,BB_Upper,OBV,EMA_26,SMA_10,BB_Width",SMA_50
HINDUNILVR,2024-09-06,2024,0,Sideways,1,0.6149,BUY,0,1,0.6632,BUY,0,10,"SMA_50,MACD,ATR_14,SMA_20,Volume_MA,BB_Upper,OBV,EMA_26,SMA_10,BB_Width",SMA_50
HINDUNILVR,2024-09-09,2024,0,Sideways,1,0.5859,BUY,0,1,0.7305,BUY,0,10,"EMA_26,Volume_MA,SMA_50,BB_Upper,MACD_Hist,SMA_20,SMA_10,ATR_14,MACD,OBV",EMA_26
HINDUNILVR,2024-09-10,2024,0,Sideways,0,0.5626,SELL,1,1,0.5295,NO TRADE,0,10,"EMA_26,Volume_MA,SMA_50,BB_Upper,MACD_Hist,SMA_20,SMA_10,ATR_14,MACD,OBV",EMA_26
HINDUNILVR,2024-09-11,2024,0,Sideways,0,0.5752,SELL,1,0,0.5018,NO TRADE,1,10,"EMA_26,Volume_MA,SMA_50,BB_Upper,MACD_Hist,SMA_20,SMA_10,ATR_14,MACD,OBV",EMA_26
HINDUNILVR,2024-09-12,2024,0,Sideways,0,0.671,SELL,1,1,0.5935,BUY,0,10,"EMA_26,Volume_MA,SMA_50,BB_Upper,MACD_Hist,SMA_20,SMA_10,ATR_14,MACD,OBV",EMA_26
HINDUNILVR,2024-09-13,2024,0,Sideways,0,0.6651,SELL,1,0,0.5547,SELL,1,10,"EMA_26,Volume_MA,SMA_50,BB_Upper,MACD_Hist,SMA_20,SMA_10,ATR_14,MACD,OBV",EMA_26
HINDUNILVR,2024-09-16,2024,0,Sideways,0,0.6118,SELL,1,0,0.5815,SELL,1,10,"EMA_26,Volume_MA,SMA_50,BB_Upper,MACD_Hist,SMA_20,SMA_10,ATR_14,MACD,OBV",EMA_26
HINDUNILVR,2024-09-17,2024,0,Sideways,0,0.6263,SELL,1,0,0.5914,SELL,1,10,"EMA_26,Volume_MA,SMA_50,BB_Upper,MACD_Hist,SMA_20,SMA_10,ATR_14,MACD,OBV",EMA_26
HINDUNILVR,2024-09-18,2024,0,Sideways,0,0.5956,SELL,1,0,0.6084,SELL,1,10,"EMA_26,Volume_MA,SMA_50,BB_Upper,MACD_Hist,SMA_20,SMA_10,ATR_14,MACD,OBV",EMA_26
HINDUNILVR,2024-09-19,2024,0,Sideways,0,0.7302,SELL,1,0,0.6212,SELL,1,10,"EMA_26,Volume_MA,SMA_50,BB_Upper,MACD_Hist,SMA_20,SMA_10,ATR_14,MACD,OBV",EMA_26
HINDUNILVR,2024-09-20,2024,0,Sideways,0,0.7913,SELL,1,0,0.5557,SELL,1,10,"EMA_26,Volume_MA,SMA_50,BB_Upper,MACD_Hist,SMA_20,SMA_10,ATR_14,MACD,OBV",EMA_26
HINDUNILVR,2024-09-23,2024,0,Sideways,0,0.889,SELL,1,0,0.64,SELL,1,10,"EMA_26,Volume_MA,SMA_50,BB_Upper,MACD_Hist,SMA_20,SMA_10,ATR_14,MACD,OBV",EMA_26
HINDUNILVR,2024-09-24,2024,0,Sideways,0,0.8198,SELL,1,0,0.5654,SELL,1,10,"EMA_26,Volume_MA,SMA_50,BB_Upper,MACD_Hist,SMA_20,SMA_10,ATR_14,MACD,OBV",EMA_26
HINDUNILVR,2024-09-25,2024,0,Sideways,0,0.8768,SELL,1,0,0.6873,SELL,1,10,"EMA_26,Volume_MA,SMA_50,BB_Upper,MACD_Hist,SMA_20,SMA_10,ATR_14,MACD,OBV",EMA_26
HINDUNILVR,2024-09-26,2024,0,Sideways,0,0.8851,SELL,1,0,0.7278,SELL,1,10,"EMA_26,Volume_MA,SMA_50,BB_Upper,MACD_Hist,SMA_20,SMA_10,ATR_14,MACD,OBV",EMA_26
HINDUNILVR,2024-09-27,2024,0,Sideways,0,0.8052,SELL,1,0,0.7622,SELL,1,10,"EMA_26,Volume_MA,SMA_50,BB_Upper,MACD_Hist,SMA_20,SMA_10,ATR_14,MACD,OBV",EMA_26
HINDUNILVR,2024-09-30,2024,0,Sideways,0,0.8051,SELL,1,0,0.7765,SELL,1,10,"EMA_26,Volume_MA,SMA_50,BB_Upper,MACD_Hist,SMA_20,SMA_10,ATR_14,MACD,OBV",EMA_26
HINDUNILVR,2024-10-01,2024,0,Sideways,0,0.8182,SELL,1,0,0.8001,SELL,1,10,"EMA_26,Volume_MA,SMA_50,BB_Upper,MACD_Hist,SMA_20,SMA_10,ATR_14,MACD,OBV",EMA_26
HINDUNILVR,2024-10-03,2024,0,Sideways,0,0.7617,SELL,1,0,0.8167,SELL,1,10,"EMA_26,Volume_MA,SMA_50,BB_Upper,MACD_Hist,SMA_20,SMA_10,ATR_14,MACD,OBV",EMA_26
HINDUNILVR,2024-10-04,2024,0,Sideways,0,0.8371,SELL,1,0,0.8249,SELL,1,10,"EMA_26,Volume_MA,SMA_50,BB_Upper,MACD_Hist,SMA_20,SMA_10,ATR_14,MACD,OBV",EMA_26
HINDUNILVR,2024-10-07,2024,0,Sideways,0,0.813,SELL,1,0,0.8377,SELL,1,10,"EMA_26,Volume_MA,SMA_50,BB_Upper,MACD_Hist,SMA_20,SMA_10,ATR_14,MACD,OBV",EMA_26
HINDUNILVR,2024-10-08,2024,0,Sideways,0,0.5196,NO TRADE,1,0,0.7384,SELL,1,10,"EMA_26,Volume_MA,SMA_50,BB_Upper,MACD_Hist,SMA_20,SMA_10,ATR_14,MACD,OBV",EMA_26
HINDUNILVR,2024-10-09,2024,0,Sideways,0,0.7949,SELL,1,0,0.6958,SELL,1,10,"EMA_26,Volume_MA,SMA_50,BB_Upper,MACD_Hist,SMA_20,SMA_10,ATR_14,MACD,OBV",EMA_26
HINDUNILVR,2024-10-10,2024,0,Sideways,0,0.905,SELL,1,0,0.6572,SELL,1,10,"EMA_26,Volume_MA,SMA_50,BB_Upper,MACD_Hist,SMA_20,SMA_10,ATR_14,MACD,OBV",EMA_26
HINDUNILVR,2024-10-11,2024,0,Sideways,0,0.9046,SELL,1,0,0.6723,SELL,1,10,"EMA_26,Volume_MA,SMA_50,BB_Upper,MACD_Hist,SMA_20,SMA_10,ATR_14,MACD,OBV",EMA_26
HINDUNILVR,2024-10-14,2024,0,Sideways,0,0.8168,SELL,1,0,0.7679,SELL,1,10,"EMA_26,Volume_MA,SMA_50,BB_Upper,MACD_Hist,SMA_20,SMA_10,ATR_14,MACD,OBV",EMA_26
HINDUNILVR,2024-10-15,2024,0,Sideways,0,0.9106,SELL,1,0,0.7832,SELL,1,10,"EMA_26,Volume_MA,SMA_50,BB_Upper,MACD_Hist,SMA_20,SMA_10,ATR_14,MACD,OBV",EMA_26
HINDUNILVR,2024-10-16,2024,0,Sideways,0,0.9107,SELL,1,0,0.7914,SELL,1,10,"EMA_26,Volume_MA,SMA_50,BB_Upper,MACD_Hist,SMA_20,SMA_10,ATR_14,MACD,OBV",EMA_26
HINDUNILVR,2024-10-17,2024,0,Sideways,0,0.9083,SELL,1,0,0.5763,SELL,1,10,"EMA_26,Volume_MA,SMA_50,BB_Upper,MACD_Hist,SMA_20,SMA_10,ATR_14,MACD,OBV",EMA_26
HINDUNILVR,2024-10-18,2024,0,Sideways,0,0.9093,SELL,1,0,0.585,SELL,1,10,"EMA_26,Volume_MA,SMA_50,BB_Upper,MACD_Hist,SMA_20,SMA_10,ATR_14,MACD,OBV",EMA_26
HINDUNILVR,2024-10-21,2024,0,Sideways,0,0.9093,SELL,1,0,0.572,SELL,1,10,"EMA_26,Volume_MA,SMA_50,BB_Upper,MACD_Hist,SMA_20,SMA_10,ATR_14,MACD,OBV",EMA_26
HINDUNILVR,2024-10-22,2024,0,Sideways,0,0.9103,SELL,1,0,0.553,SELL,1,10,"Volume_MA,MACD,BB_Width,SMA_20,SMA_50,MACD_Hist,EMA_12,MACD_Signal,Rolling_Volatility,ADX",Volume_MA
HINDUNILVR,2024-10-23,2024,0,Sideways,0,0.8081,SELL,1,0,0.641,SELL,1,10,"Volume_MA,MACD,BB_Width,SMA_20,SMA_50,MACD_Hist,EMA_12,MACD_Signal,Rolling_Volatility,ADX",Volume_MA
HINDUNILVR,2024-10-24,2024,0,Sideways,0,0.7913,SELL,1,0,0.5027,NO TRADE,1,10,"Volume_MA,MACD,BB_Width,SMA_20,SMA_50,MACD_Hist,EMA_12,MACD_Signal,Rolling_Volatility,ADX",Volume_MA
HINDUNILVR,2024-10-25,2024,0,Sideways,0,0.9034,SELL,1,0,0.6106,SELL,1,10,"Volume_MA,MACD,BB_Width,SMA_20,SMA_50,MACD_Hist,EMA_12,MACD_Signal,Rolling_Volatility,ADX",Volume_MA
HINDUNILVR,2024-10-28,2024,0,Sideways,0,0.8825,SELL,1,0,0.6982,SELL,1,10,"Volume_MA,MACD,BB_Width,SMA_20,SMA_50,MACD_Hist,EMA_12,MACD_Signal,Rolling_Volatility,ADX",Volume_MA
HINDUNILVR,2024-10-29,2024,0,Sideways,0,0.8973,SELL,1,0,0.5957,SELL,1,10,"Volume_MA,MACD,BB_Width,SMA_20,SMA_50,MACD_Hist,EMA_12,MACD_Signal,Rolling_Volatility,ADX",Volume_MA
HINDUNILVR,2024-10-30,2024,0,Sideways,0,0.942,SELL,1,0,0.7536,SELL,1,10,"Volume_MA,MACD,BB_Width,SMA_20,SMA_50,MACD_Hist,EMA_12,MACD_Signal,Rolling_Volatility,ADX",Volume_MA
HINDUNILVR,2024-10-31,2024,0,Sideways,0,0.9392,SELL,1,0,0.8189,SELL,1,10,"Volume_MA,MACD,BB_Width,SMA_20,SMA_50,MACD_Hist,EMA_12,MACD_Signal,Rolling_Volatility,ADX",Volume_MA
HINDUNILVR,2024-11-01,2024,0,Sideways,0,0.9424,SELL,1,0,0.7202,SELL,1,10,"Volume_MA,MACD,BB_Width,SMA_20,SMA_50,MACD_Hist,EMA_12,MACD_Signal,Rolling_Volatility,ADX",Volume_MA
HINDUNILVR,2024-11-04,2024,0,Sideways,0,0.9458,SELL,1,0,0.751,SELL,1,10,"Volume_MA,MACD,BB_Width,SMA_20,SMA_50,MACD_Hist,EMA_12,MACD_Signal,Rolling_Volatility,ADX",Volume_MA
HINDUNILVR,2024-11-05,2024,1,Sideways,0,0.9477,SELL,0,0,0.7435,SELL,0,10,"Volume_MA,MACD,BB_Width,SMA_20,SMA_50,MACD_Hist,EMA_12,MACD_Signal,Rolling_Volatility,ADX",Volume_MA
HINDUNILVR,2024-11-06,2024,0,Sideways,0,0.712,SELL,1,0,0.6244,SELL,1,10,"Volume_MA,MACD,BB_Width,SMA_20,SMA_50,MACD_Hist,EMA_12,MACD_Signal,Rolling_Volatility,ADX",Volume_MA
HINDUNILVR,2024-11-07,2024,0,Sideways,0,0.7074,SELL,1,0,0.7658,SELL,1,10,"Volume_MA,MACD,BB_Width,SMA_20,SMA_50,MACD_Hist,EMA_12,MACD_Signal,Rolling_Volatility,ADX",Volume_MA
HINDUNILVR,2024-11-08,2024,0,Sideways,0,0.7833,SELL,1,0,0.7272,SELL,1,10,"Volume_MA,MACD,BB_Width,SMA_20,SMA_50,MACD_Hist,EMA_12,MACD_Signal,Rolling_Volatility,ADX",Volume_MA
HINDUNILVR,2024-11-11,2024,0,Sideways,0,0.9118,SELL,1,0,0.7139,SELL,1,10,"Volume_MA,MACD,BB_Width,SMA_20,SMA_50,MACD_Hist,EMA_12,MACD_Signal,Rolling_Volatility,ADX",Volume_MA
HINDUNILVR,2024-11-12,2024,0,Sideways,0,0.8834,SELL,1,0,0.6368,SELL,1,10,"Volume_MA,MACD,BB_Width,SMA_20,SMA_50,MACD_Hist,EMA_12,MACD_Signal,Rolling_Volatility,ADX",Volume_MA
HINDUNILVR,2024-11-13,2024,0,Sideways,0,0.8837,SELL,1,0,0.6313,SELL,1,10,"Volume_MA,MACD,BB_Width,SMA_20,SMA_50,MACD_Hist,EMA_12,MACD_Signal,Rolling_Volatility,ADX",Volume_MA
HINDUNILVR,2024-11-14,2024,0,Sideways,0,0.8425,SELL,1,0,0.6232,SELL,1,10,"Volume_MA,MACD,BB_Width,SMA_20,SMA_50,MACD_Hist,EMA_12,MACD_Signal,Rolling_Volatility,ADX",Volume_MA
HINDUNILVR,2024-11-18,2024,0,Sideways,0,0.9568,SELL,1,0,0.6211,SELL,1,10,"Volume_MA,MACD,BB_Width,SMA_20,SMA_50,MACD_Hist,EMA_12,MACD_Signal,Rolling_Volatility,ADX",Volume_MA
HINDUNILVR,2024-11-19,2024,0,Sideways,0,0.9654,SELL,1,0,0.7024,SELL,1,10,"Volume_MA,MACD,BB_Width,SMA_20,SMA_50,MACD_Hist,EMA_12,MACD_Signal,Rolling_Volatility,ADX",Volume_MA
HINDUNILVR,2024-11-21,2024,0,Sideways,0,0.7591,SELL,1,0,0.7552,SELL,1,10,"Volume_MA,MACD,BB_Width,SMA_20,SMA_50,MACD_Hist,EMA_12,MACD_Signal,Rolling_Volatility,ADX",Volume_MA
HINDUNILVR,2024-11-22,2024,0,Sideways,0,0.7949,SELL,1,0,0.755,SELL,1,10,"Volume_MA,MACD,BB_Width,SMA_20,SMA_50,MACD_Hist,EMA_12,MACD_Signal,Rolling_Volatility,ADX",Volume_MA
HINDUNILVR,2024-11-25,2024,0,Sideways,0,0.7783,SELL,1,0,0.722,SELL,1,10,"Volume_MA,MACD,BB_Width,SMA_20,SMA_50,MACD_Hist,EMA_12,MACD_Signal,Rolling_Volatility,ADX",Volume_MA
HINDUNILVR,2024-11-26,2024,0,Sideways,0,0.8313,SELL,1,0,0.6669,SELL,1,10,"Volume_MA,MACD,BB_Width,SMA_20,SMA_50,MACD_Hist,EMA_12,MACD_Signal,Rolling_Volatility,ADX",Volume_MA
HINDUNILVR,2024-11-27,2024,0,Sideways,0,0.7975,SELL,1,0,0.7469,SELL,1,10,"Volume_MA,MACD,BB_Width,SMA_20,SMA_50,MACD_Hist,EMA_12,MACD_Signal,Rolling_Volatility,ADX",Volume_MA
HINDUNILVR,2024-11-28,2024,0,Sideways,0,0.7765,SELL,1,0,0.8277,SELL,1,10,"Volume_MA,MACD,BB_Width,SMA_20,SMA_50,MACD_Hist,EMA_12,MACD_Signal,Rolling_Volatility,ADX",Volume_MA
HINDUNILVR,2024-11-29,2024,0,Sideways,0,0.7335,SELL,1,0,0.7488,SELL,1,10,"Volume_MA,MACD,BB_Width,SMA_20,SMA_50,MACD_Hist,EMA_12,MACD_Signal,Rolling_Volatility,ADX",Volume_MA
HINDUNILVR,2024-12-02,2024,0,Sideways,0,0.7658,SELL,1,0,0.7762,SELL,1,10,"Volume_MA,MACD,BB_Width,SMA_20,SMA_50,MACD_Hist,EMA_12,MACD_Signal,Rolling_Volatility,ADX",Volume_MA
