stock,predict_date,year,actual_target,market_regime,static_pred,static_confidence,static_signal,static_correct,dynamic_pred,dynamic_confidence,dynamic_signal,dynamic_correct,n_dynamic_features,dynamic_features,top_mi_feature
POWERGRID,2022-01-03,2022,1,Sideways,1,0.9941,BUY,1,1,0.8494,BUY,1,10,"MACD_Hist,ATR_14,MACD,OBV,Rolling_Volatility,RSI_14,MFI,SMA_20,Rolling_Std_10,Williams_R",MACD_Hist
POWERGRID,2022-01-04,2022,1,Sideways,1,0.684,BUY,1,0,0.5032,NO TRADE,0,10,"MACD_Hist,Rolling_Std_10,SMA_50,BB_Upper,RSI_14,SMA_10,OBV,ATR_14,BB_Width,Rolling_Volatility",MACD_Hist
POWERGRID,2022-01-05,2022,1,Sideways,1,0.9265,BUY,1,1,0.6383,BUY,1,10,"MACD_Hist,Rolling_Std_10,SMA_50,BB_Upper,RSI_14,SMA_10,OBV,ATR_14,BB_Width,Rolling_Volatility",MACD_Hist
POWERGRID,2022-01-06,2022,1,Sideways,1,0.9942,BUY,1,1,0.7079,BUY,1,10,"MACD_Hist,Rolling_Std_10,SMA_50,BB_Upper,RSI_14,SMA_10,OBV,ATR_14,BB_Width,Rolling_Volatility",MACD_Hist
POWERGRID,2022-01-07,2022,1,Sideways,1,0.9972,BUY,1,1,0.7206,BUY,1,10,"MACD_Hist,Rolling_Std_10,SMA_50,BB_Upper,RSI_14,SMA_10,OBV,ATR_14,BB_Width,Rolling_Volatility",MACD_Hist
POWERGRID,2022-01-10,2022,1,Sideways,1,0.9998,BUY,1,1,0.755,BUY,1,10,"MACD_Hist,Rolling_Std_10,SMA_50,BB_Upper,RSI_14,SMA_10,OBV,ATR_14,BB_Width,Rolling_Volatility",MACD_Hist
POWERGRID,2022-01-11,2022,1,Sideways,1,0.9999,BUY,1,1,0.7634,BUY,1,10,"MACD_Hist,Rolling_Std_10,SMA_50,BB_Upper,RSI_14,SMA_10,OBV,ATR_14,BB_Width,Rolling_Volatility",MACD_Hist
POWERGRID,2022-01-12,2022,1,Sideways,1,0.9919,BUY,1,1,0.8114,BUY,1,10,"MACD_Hist,Rolling_Std_10,SMA_50,BB_Upper,RSI_14,SMA_10,OBV,ATR_14,BB_Width,Rolling_Volatility",MACD_Hist
POWERGRID,2022-01-13,2022,0,Sideways,1,0.9975,BUY,0,1,0.807,BUY,0,10,"MACD_Hist,Rolling_Std_10,SMA_50,BB_Upper,RSI_14,SMA_10,OBV,ATR_14,BB_Width,Rolling_Volatility",MACD_Hist
POWERGRID,2022-01-14,2022,0,Sideways,1,0.9975,BUY,0,1,0.7867,BUY,0,10,"MACD_Hist,Rolling_Std_10,SMA_50,BB_Upper,RSI_14,SMA_10,OBV,ATR_14,BB_Width,Rolling_Volatility",MACD_Hist
POWERGRID,2022-01-17,2022,0,Sideways,1,0.9883,BUY,0,1,0.7211,BUY,0,10,"MACD_Hist,Rolling_Std_10,SMA_50,BB_Upper,RSI_14,SMA_10,OBV,ATR_14,BB_Width,Rolling_Volatility",MACD_Hist
POWERGRID,2022-01-18,2022,0,Sideways,1,0.9975,BUY,0,1,0.6931,BUY,0,10,"MACD_Hist,Rolling_Std_10,SMA_50,BB_Upper,RSI_14,SMA_10,OBV,ATR_14,BB_Width,Rolling_Volatility",MACD_Hist
POWERGRID,2022-01-19,2022,0,Sideways,1,0.9798,BUY,0,1,0.6777,BUY,0,10,"MACD_Hist,Rolling_Std_10,SMA_50,BB_Upper,RSI_14,SMA_10,OBV,ATR_14,BB_Width,Rolling_Volatility",MACD_Hist
POWERGRID,2022-01-20,2022,0,Sideways,0,0.8885,SELL,1,1,0.5418,NO TRADE,0,10,"MACD_Hist,Rolling_Std_10,SMA_50,BB_Upper,RSI_14,SMA_10,OBV,ATR_14,BB_Width,Rolling_Volatility",MACD_Hist
POWERGRID,2022-01-21,2022,0,Sideways,1,0.7023,BUY,0,1,0.5091,NO TRADE,0,10,"MACD_Hist,Rolling_Std_10,SMA_50,BB_Upper,RSI_14,SMA_10,OBV,ATR_14,BB_Width,Rolling_Volatility",MACD_Hist
POWERGRID,2022-01-24,2022,0,Sideways,1,0.7963,BUY,0,0,0.5303,NO TRADE,1,10,"MACD_Hist,Rolling_Std_10,SMA_50,BB_Upper,RSI_14,SMA_10,OBV,ATR_14,BB_Width,Rolling_Volatility",MACD_Hist
POWERGRID,2022-01-25,2022,0,Sideways,0,0.7229,SELL,1,0,0.5599,SELL,1,10,"MACD_Hist,Rolling_Std_10,SMA_50,BB_Upper,RSI_14,SMA_10,OBV,ATR_14,BB_Width,Rolling_Volatility",MACD_Hist
POWERGRID,2022-01-27,2022,0,Sideways,0,0.5195,NO TRADE,1,0,0.5623,SELL,1,10,"MACD_Hist,Rolling_Std_10,SMA_50,BB_Upper,RSI_14,SMA_10,OBV,ATR_14,BB_Width,Rolling_Volatility",MACD_Hist
POWERGRID,2022-01-28,2022,0,Sideways,1,0.6523,BUY,0,0,0.5479,NO TRADE,1,10,"MACD_Hist,Rolling_Std_10,SMA_50,BB_Upper,RSI_14,SMA_10,OBV,ATR_14,BB_Width,Rolling_Volatility",MACD_Hist
POWERGRID,2022-01-31,2022,0,Sideways,0,0.7212,SELL,1,0,0.6021,SELL,1,10,"MACD_Hist,Rolling_Std_10,SMA_50,BB_Upper,RSI_14,SMA_10,OBV,ATR_14,BB_Width,Rolling_Volatility",MACD_Hist
POWERGRID,2022-02-01,2022,1,Sideways,0,0.5166,NO TRADE,0,0,0.6118,SELL,0,10,"MACD_Hist,Rolling_Std_10,SMA_50,BB_Upper,RSI_14,SMA_10,OBV,ATR_14,BB_Width,Rolling_Volatility",MACD_Hist
POWERGRID,2022-02-02,2022,1,Sideways,1,0.5149,NO TRADE,1,0,0.5848,SELL,0,10,"MACD_Hist,Rolling_Std_10,SMA_50,BB_Upper,RSI_14,SMA_10,OBV,ATR_14,BB_Width,Rolling_Volatility",MACD_Hist
POWERGRID,2022-02-03,2022,1,Sideways,1,0.6206,BUY,1,0,0.5318,NO TRADE,0,10,"MACD_Hist,Rolling_Std_10,SMA_50,BB_Upper,RSI_14,SMA_10,OBV,ATR_14,BB_Width,Rolling_Volatility",MACD_Hist
POWERGRID,2022-02-04,2022,1,Sideways,1,0.7429,BUY,1,1,0.5,NO TRADE,1,10,"MACD_Hist,Rolling_Std_10,SMA_50,BB_Upper,RSI_14,SMA_10,OBV,ATR_14,BB_Width,Rolling_Volatility",MACD_Hist
POWERGRID,2022-02-07,2022,1,Sideways,1,0.5814,BUY,1,0,0.5072,NO TRADE,0,10,"MACD_Hist,Rolling_Std_10,SMA_50,BB_Upper,RSI_14,SMA_10,OBV,ATR_14,BB_Width,Rolling_Volatility",MACD_Hist
POWERGRID,2022-02-08,2022,1,Sideways,1,0.9104,BUY,1,1,0.5595,BUY,1,10,"MACD_Hist,Rolling_Std_10,SMA_50,BB_Upper,RSI_14,SMA_10,OBV,ATR_14,BB_Width,Rolling_Volatility",MACD_Hist
POWERGRID,2022-02-09,2022,1,Sideways,1,0.9623,BUY,1,1,0.6149,BUY,1,10,"MACD_Hist,Rolling_Std_10,SMA_50,BB_Upper,RSI_14,SMA_10,OBV,ATR_14,BB_Width,Rolling_Volatility",MACD_Hist
POWERGRID,2022-02-10,2022,1,Sideways,1,0.8297,BUY,1,1,0.5823,BUY,1,10,"MACD_Hist,Rolling_Std_10,SMA_50,BB_Upper,RSI_14,SMA_10,OBV,ATR_14,BB_Width,Rolling_Volatility",MACD_Hist
POWERGRID,2022-02-11,2022,1,Sideways,1,0.9627,BUY,1,1,0.6867,BUY,1,10,"MACD_Hist,Rolling_Std_10,SMA_50,BB_Upper,RSI_14,SMA_10,OBV,ATR_14,BB_Width,Rolling_Volatility",MACD_Hist
POWERGRID,2022-02-14,2022,1,Sideways,1,0.9914,BUY,1,1,0.7469,BUY,1,10,"MACD_Hist,Rolling_Std_10,SMA_50,BB_Upper,RSI_14,SMA_10,OBV,ATR_14,BB_Width,Rolling_Volatility",MACD_Hist
POWERGRID,2022-02-15,2022,1,Sideways,1,0.9898,BUY,1,1,0.759,BUY,1,10,"MACD_Hist,Rolling_Std_10,SMA_50,BB_Upper,RSI_14,SMA_10,OBV,ATR_14,BB_Width,Rolling_Volatility",MACD_Hist
POWERGRID,2022-02-16,2022,1,Sideways,1,0.9923,BUY,1,1,0.8119,BUY,1,10,"MACD,MACD_Hist,Rolling_Std_10,BB_Upper,SMA_10,Rolling_Volatility,SMA_20,SMA_50,RSI_14,BB_Width",MACD
POWERGRID,2022-02-17,2022,1,Sideways,1,0.9914,BUY,1,1,0.8291,BUY,1,10,"MACD,MACD_Hist,Rolling_Std_10,BB_Upper,SMA_10,Rolling_Volatility,SMA_20,SMA_50,RSI_14,BB_Width",MACD
POWERGRID,2022-02-18,2022,1,Sideways,1,0.993,BUY,1,1,0.8689,BUY,1,10,"MACD,MACD_Hist,Rolling_Std_10,BB_Upper,SMA_10,Rolling_Volatility,SMA_20,SMA_50,RSI_14,BB_Width",MACD
POWERGRID,2022-02-21,2022,1,Sideways,1,0.993,BUY,1,1,0.8843,BUY,1,10,"MACD,MACD_Hist,Rolling_Std_10,BB_Upper,SMA_10,Rolling_Volatility,SMA_20,SMA_50,RSI_14,BB_Width",MACD
POWERGRID,2022-02-22,2022,1,Sideways,1,0.993,BUY,1,1,0.9015,BUY,1,10,"MACD,MACD_Hist,Rolling_Std_10,BB_Upper,SMA_10,Rolling_Volatility,SMA_20,SMA_50,RSI_14,BB_Width",MACD
POWERGRID,2022-02-23,2022,1,Sideways,1,0.9929,BUY,1,1,0.9173,BUY,1,10,"MACD,MACD_Hist,Rolling_Std_10,BB_Upper,SMA_10,Rolling_Volatility,SMA_20,SMA_50,RSI_14,BB_Width",MACD
POWERGRID,2022-02-24,2022,1,Sideways,1,0.9931,BUY,1,1,0.9471,BUY,1,10,"MACD,MACD_Hist,Rolling_Std_10,BB_Upper,SMA_10,Rolling_Volatility,SMA_20,SMA_50,RSI_14,BB_Width",MACD
POWERGRID,2022-02-25,2022,1,Sideways,1,0.9919,BUY,1,1,0.9356,BUY,1,10,"MACD,MACD_Hist,Rolling_Std_10,BB_Upper,SMA_10,Rolling_Volatility,SMA_20,SMA_50,RSI_14,BB_Width",MACD
POWERGRID,2022-02-28,2022,1,Sideways,0,0.5147,NO TRADE,0,1,0.8752,BUY,1,10,"MACD,MACD_Hist,Rolling_Std_10,BB_Upper,SMA_10,Rolling_Volatility,SMA_20,SMA_50,RSI_14,BB_Width",MACD
POWERGRID,2022-03-02,2022,1,Sideways,1,0.8136,BUY,1,1,0.8606,BUY,1,10,"MACD,MACD_Hist,Rolling_Std_10,BB_Upper,SMA_10,Rolling_Volatility,SMA_20,SMA_50,RSI_14,BB_Width",MACD
POWERGRID,2022-03-03,2022,1,Sideways,1,0.5078,NO TRADE,1,1,0.8197,BUY,1,10,"MACD,MACD_Hist,Rolling_Std_10,BB_Upper,SMA_10,Rolling_Volatility,SMA_20,SMA_50,RSI_14,BB_Width",MACD
POWERGRID,2022-03-04,2022,1,Sideways,1,0.7101,BUY,1,1,0.8275,BUY,1,10,"MACD,MACD_Hist,Rolling_Std_10,BB_Upper,SMA_10,Rolling_Volatility,SMA_20,SMA_50,RSI_14,BB_Width",MACD
POWERGRID,2022-03-07,2022,1,Sideways,1,0.6769,BUY,1,1,0.8351,BUY,1,10,"MACD,MACD_Hist,Rolling_Std_10,BB_Upper,SMA_10,Rolling_Volatility,SMA_20,SMA_50,RSI_14,BB_Width",MACD
POWERGRID,2022-03-08,2022,1,Sideways,1,0.7082,BUY,1,1,0.83,BUY,1,10,"MACD,MACD_Hist,Rolling_Std_10,BB_Upper,SMA_10,Rolling_Volatility,SMA_20,SMA_50,RSI_14,BB_Width",MACD
POWERGRID,2022-03-09,2022,1,Sideways,1,0.7545,BUY,1,1,0.8589,BUY,1,10,"MACD,MACD_Hist,Rolling_Std_10,BB_Upper,SMA_10,Rolling_Volatility,SMA_20,SMA_50,RSI_14,BB_Width",MACD
POWERGRID,2022-03-10,2022,1,Sideways,1,0.7931,BUY,1,1,0.8528,BUY,1,10,"MACD,MACD_Hist,Rolling_Std_10,BB_Upper,SMA_10,Rolling_Volatility,SMA_20,SMA_50,RSI_14,BB_Width",MACD
POWERGRID,2022-03-11,2022,1,Sideways,1,0.685,BUY,1,1,0.8263,BUY,1,10,"MACD,MACD_Hist,Rolling_Std_10,BB_Upper,SMA_10,Rolling_Volatility,SMA_20,SMA_50,RSI_14,BB_Width",MACD
POWERGRID,2022-03-14,2022,1,Sideways,1,0.7135,BUY,1,1,0.8187,BUY,1,10,"MACD,MACD_Hist,Rolling_Std_10,BB_Upper,SMA_10,Rolling_Volatility,SMA_20,SMA_50,RSI_14,BB_Width",MACD
POWERGRID,2022-03-15,2022,1,Sideways,1,0.9211,BUY,1,1,0.8532,BUY,1,10,"MACD,MACD_Hist,Rolling_Std_10,BB_Upper,SMA_10,Rolling_Volatility,SMA_20,SMA_50,RSI_14,BB_Width",MACD
POWERGRID,2022-03-16,2022,1,Sideways,1,0.9157,BUY,1,1,0.8616,BUY,1,10,"MACD,MACD_Hist,Rolling_Std_10,BB_Upper,SMA_10,Rolling_Volatility,SMA_20,SMA_50,RSI_14,BB_Width",MACD
POWERGRID,2022-03-17,2022,1,Sideways,1,0.8689,BUY,1,1,0.8556,BUY,1,10,"MACD,MACD_Hist,Rolling_Std_10,BB_Upper,SMA_10,Rolling_Volatility,SMA_20,SMA_50,RSI_14,BB_Width",MACD
POWERGRID,2022-03-21,2022,1,Sideways,1,0.8885,BUY,1,1,0.8996,BUY,1,10,"MACD,MACD_Hist,Rolling_Std_10,BB_Upper,SMA_10,Rolling_Volatility,SMA_20,SMA_50,RSI_14,BB_Width",MACD
POWERGRID,2022-03-22,2022,1,Sideways,1,0.9444,BUY,1,1,0.8901,BUY,1,10,"MACD,MACD_Hist,Rolling_Std_10,BB_Upper,SMA_10,Rolling_Volatility,SMA_20,SMA_50,RSI_14,BB_Width",MACD
POWERGRID,2022-03-23,2022,1,Sideways,1,0.9469,BUY,1,1,0.8884,BUY,1,10,"MACD,MACD_Hist,Rolling_Std_10,BB_Upper,SMA_10,Rolling_Volatility,SMA_20,SMA_50,RSI_14,BB_Width",MACD
POWERGRID,2022-03-24,2022,1,Sideways,1,0.9421,BUY,1,1,0.889,BUY,1,10,"MACD,MACD_Hist,Rolling_Std_10,BB_Upper,SMA_10,Rolling_Volatility,SMA_20,SMA_50,RSI_14,BB_Width",MACD
POWERGRID,2022-03-25,2022,1,Sideways,1,0.9676,BUY,1,1,0.8993,BUY,1,10,"MACD,MACD_Hist,Rolling_Std_10,BB_Upper,SMA_10,Rolling_Volatility,SMA_20,SMA_50,RSI_14,BB_Width",MACD
POWERGRID,2022-03-28,2022,1,Sideways,1,0.9114,BUY,1,1,0.8896,BUY,1,10,"MACD,MACD_Hist,Rolling_Std_10,BB_Upper,SMA_10,Rolling_Volatility,SMA_20,SMA_50,RSI_14,BB_Width",MACD
POWERGRID,2022-03-29,2022,1,Sideways,1,0.9522,BUY,1,1,0.899,BUY,1,10,"MACD,MACD_Hist,Rolling_Std_10,BB_Upper,SMA_10,Rolling_Volatility,SMA_20,SMA_50,RSI_14,BB_Width",MACD
POWERGRID,2022-03-30,2022,1,Sideways,0,0.5343,NO TRADE,0,1,0.8699,BUY,1,10,"MACD,MACD_Hist,Rolling_Std_10,BB_Upper,SMA_10,Rolling_Volatility,SMA_20,SMA_50,RSI_14,BB_Width",MACD
POWERGRID,2022-03-31,2022,1,Sideways,1,0.8561,BUY,1,1,0.8706,BUY,1,10,"MACD,MACD_Hist,Rolling_Std_10,BB_Upper,SMA_10,Rolling_Volatility,SMA_20,SMA_50,RSI_14,BB_Width",MACD
POWERGRID,2022-04-01,2022,1,Sideways,0,0.8075,SELL,0,1,0.8149,BUY,1,10,"RSI_14,ADX,MACD_Hist,Volume_MA,Stochastic,MACD,SMA_20,BB_Upper,CCI,Rolling_Std_10",RSI_14
POWERGRID,2022-04-04,2022,1,Sideways,1,0.5487,NO TRADE,1,1,0.799,BUY,1,10,"RSI_14,ADX,MACD_Hist,Volume_MA,Stochastic,MACD,SMA_20,BB_Upper,CCI,Rolling_Std_10",RSI_14
POWERGRID,2022-04-05,2022,1,Sideways,0,0.6456,SELL,0,1,0.6217,BUY,1,10,"RSI_14,ADX,MACD_Hist,Volume_MA,Stochastic,MACD,SMA_20,BB_Upper,CCI,Rolling_Std_10",RSI_14
POWERGRID,2022-04-06,2022,1,Sideways,1,0.5437,NO TRADE,1,1,0.7653,BUY,1,10,"RSI_14,ADX,MACD_Hist,Volume_MA,Stochastic,MACD,SMA_20,BB_Upper,CCI,Rolling_Std_10",RSI_14
POWERGRID,2022-04-07,2022,1,Sideways,1,0.7044,BUY,1,1,0.6616,BUY,1,10,"RSI_14,ADX,MACD_Hist,Volume_MA,Stochastic,MACD,SMA_20,BB_Upper,CCI,Rolling_Std_10",RSI_14
POWERGRID,2022-04-08,2022,1,Sideways,1,0.8193,BUY,1,1,0.7083,BUY,1,10,"RSI_14,ADX,MACD_Hist,Volume_MA,Stochastic,MACD,SMA_20,BB_Upper,CCI,Rolling_Std_10",RSI_14
POWERGRID,2022-04-11,2022,1,Sideways,1,0.8455,BUY,1,1,0.7448,BUY,1,10,"RSI_14,ADX,MACD_Hist,Volume_MA,Stochastic,MACD,SMA_20,BB_Upper,CCI,Rolling_Std_10",RSI_14
POWERGRID,2022-04-12,2022,1,Sideways,1,0.8618,BUY,1,1,0.8159,BUY,1,10,"RSI_14,ADX,MACD_Hist,Volume_MA,Stochastic,MACD,SMA_20,BB_Upper,CCI,Rolling_Std_10",RSI_14
POWERGRID,2022-04-13,2022,1,Sideways,1,0.8772,BUY,1,1,0.8549,BUY,1,10,"RSI_14,ADX,MACD_Hist,Volume_MA,Stochastic,MACD,SMA_20,BB_Upper,CCI,Rolling_Std_10",RSI_14
POWERGRID,2022-04-18,2022,1,Sideways,1,0.898,BUY,1,1,0.8656,BUY,1,10,"RSI_14,ADX,MACD_Hist,Volume_MA,Stochastic,MACD,SMA_20,BB_Upper,CCI,Rolling_Std_10",RSI_14
POWERGRID,2022-04-19,2022,1,Sideways,1,0.905,BUY,1,1,0.8722,BUY,1,10,"RSI_14,ADX,MACD_Hist,Volume_MA,Stochastic,MACD,SMA_20,BB_Upper,CCI,Rolling_Std_10",RSI_14
POWERGRID,2022-04-20,2022,1,Sideways,1,0.9468,BUY,1,1,0.8735,BUY,1,10,"RSI_14,ADX,MACD_Hist,Volume_MA,Stochastic,MACD,SMA_20,BB_Upper,CCI,Rolling_Std_10",RSI_14
POWERGRID,2022-04-21,2022,1,Sideways,1,0.9268,BUY,1,1,0.871,BUY,1,10,"RSI_14,ADX,MACD_Hist,Volume_MA,Stochastic,MACD,SMA_20,BB_Upper,CCI,Rolling_Std_10",RSI_14
POWERGRID,2022-04-22,2022,0,Sideways,1,0.9749,BUY,0,1,0.8581,BUY,0,10,"RSI_14,ADX,MACD_Hist,Volume_MA,Stochastic,MACD,SMA_20,BB_Upper,CCI,Rolling_Std_10",RSI_14
POWERGRID,2022-04-25,2022,1,Sideways,1,0.9731,BUY,1,1,0.831,BUY,1,10,"RSI_14,ADX,MACD_Hist,Volume_MA,Stochastic,MACD,SMA_20,BB_Upper,CCI,Rolling_Std_10",RSI_14
POWERGRID,2022-04-26,2022,0,Sideways,1,0.6497,BUY,0,1,0.8075,BUY,0,10,"RSI_14,ADX,MACD_Hist,Volume_MA,Stochastic,MACD,SMA_20,BB_Upper,CCI,Rolling_Std_10",RSI_14
POWERGRID,2022-04-27,2022,0,Sideways,1,0.7754,BUY,0,1,0.7631,BUY,0,10,"RSI_14,ADX,MACD_Hist,Volume_MA,Stochastic,MACD,SMA_20,BB_Upper,CCI,Rolling_Std_10",RSI_14
POWERGRID,2022-04-28,2022,0,Sideways,0,0.5441,NO TRADE,1,1,0.8135,BUY,0,10,"RSI_14,ADX,MACD_Hist,Volume_MA,Stochastic,MACD,SMA_20,BB_Upper,CCI,Rolling_Std_10",RSI_14
POWERGRID,2022-04-29,2022,1,Sideways,1,0.674,BUY,1,1,0.7586,BUY,1,10,"RSI_14,ADX,MACD_Hist,Volume_MA,Stochastic,MACD,SMA_20,BB_Upper,CCI,Rolling_Std_10",RSI_14
POWERGRID,2022-05-02,2022,1,Sideways,0,0.5509,SELL,0,1,0.8595,BUY,1,10,"RSI_14,ADX,MACD_Hist,Volume_MA,Stochastic,MACD,SMA_20,BB_Upper,CCI,Rolling_Std_10",RSI_14
POWERGRID,2022-05-04,2022,0,Sideways,1,0.5057,NO TRADE,0,1,0.8663,BUY,0,10,"RSI_14,ADX,MACD_Hist,Volume_MA,Stochastic,MACD,SMA_20,BB_Upper,CCI,Rolling_Std_10",RSI_14
POWERGRID,2022-05-05,2022,0,Sideways,1,0.5607,BUY,0,1,0.7242,BUY,0,10,"RSI_14,ADX,MACD_Hist,Volume_MA,Stochastic,MACD,SMA_20,BB_Upper,CCI,Rolling_Std_10",RSI_14
POWERGRID,2022-05-06,2022,0,Sideways,0,0.6537,SELL,1,1,0.6869,BUY,0,10,"RSI_14,ADX,MACD_Hist,Volume_MA,Stochastic,MACD,SMA_20,BB_Upper,CCI,Rolling_Std_10",RSI_14
POWERGRID,2022-05-09,2022,0,Sideways,0,0.5587,SELL,1,1,0.6264,BUY,0,10,"RSI_14,ADX,MACD_Hist,Volume_MA,Stochastic,MACD,SMA_20,BB_Upper,CCI,Rolling_Std_10",RSI_14
POWERGRID,2022-05-10,2022,0,Sideways,1,0.5689,BUY,0,1,0.6468,BUY,0,10,"RSI_14,ADX,MACD_Hist,Volume_MA,Stochastic,MACD,SMA_20,BB_Upper,CCI,Rolling_Std_10",RSI_14
POWERGRID,2022-05-11,2022,0,Sideways,0,0.6094,SELL,1,1,0.6751,BUY,0,10,"RSI_14,ADX,MACD_Hist,Volume_MA,Stochastic,MACD,SMA_20,BB_Upper,CCI,Rolling_Std_10",RSI_14
POWERGRID,2022-05-12,2022,0,Sideways,0,0.5236,NO TRADE,1,1,0.7891,BUY,0,10,"RSI_14,ADX,MACD_Hist,Volume_MA,Stochastic,MACD,SMA_20,BB_Upper,CCI,Rolling_Std_10",RSI_14
POWERGRID,2022-05-13,2022,0,Sideways,0,0.5356,NO TRADE,1,1,0.7993,BUY,0,10,"RSI_14,ADX,MACD_Hist,Volume_MA,Stochastic,MACD,SMA_20,BB_Upper,CCI,Rolling_Std_10",RSI_14
POWERGRID,2022-05-16,2022,0,Sideways,1,0.5396,NO TRADE,0,1,0.7979,BUY,0,10,"RSI_14,ADX,MACD_Hist,Volume_MA,Stochastic,MACD,SMA_20,BB_Upper,CCI,Rolling_Std_10",RSI_14
POWERGRID,2022-05-17,2022,0,Sideways,1,0.5098,NO TRADE,0,1,0.7307,BUY,0,10,"RSI_14,ADX,MACD_Hist,Volume_MA,Stochastic,MACD,SMA_20,BB_Upper,CCI,Rolling_Std_10",RSI_14
POWERGRID,2022-05-18,2022,0,Sideways,1,0.7147,BUY,0,1,0.5688,BUY,0,10,"Rolling_Std_10,ADX,EMA_12,SMA_10,BB_Upper,RSI_14,Volume_Ratio,BB_Width,SMA_20,SMA_50",Rolling_Std_10
POWERGRID,2022-05-19,2022,0,Sideways,1,0.6774,BUY,0,0,0.8274,SELL,1,10,"Rolling_Std_10,ADX,EMA_12,SMA_10,BB_Upper,RSI_14,Volume_Ratio,BB_Width,SMA_20,SMA_50",Rolling_Std_10
POWERGRID,2022-05-20,2022,0,Sideways,1,0.7787,BUY,0,0,0.8285,SELL,1,10,"Rolling_Std_10,ADX,EMA_12,SMA_10,BB_Upper,RSI_14,Volume_Ratio,BB_Width,SMA_20,SMA_50",Rolling_Std_10
POWERGRID,2022-05-23,2022,0,Sideways,1,0.9456,BUY,0,0,0.8273,SELL,1,10,"Rolling_Std_10,ADX,EMA_12,SMA_10,BB_Upper,RSI_14,Volume_Ratio,BB_Width,SMA_20,SMA_50",Rolling_Std_10
POWERGRID,2022-05-24,2022,0,Sideways,1,0.8901,BUY,0,0,0.8292,SELL,1,10,"Rolling_Std_10,ADX,EMA_12,SMA_10,BB_Upper,RSI_14,Volume_Ratio,BB_Width,SMA_20,SMA_50",Rolling_Std_10
POWERGRID,2022-05-25,2022,0,Sideways,1,0.9758,BUY,0,0,0.8289,SELL,1,10,"Rolling_Std_10,ADX,EMA_12,SMA_10,BB_Upper,RSI_14,Volume_Ratio,BB_Width,SMA_20,SMA_50",Rolling_Std_10
POWERGRID,2022-05-26,2022,0,Sideways,1,0.9229,BUY,0,0,0.8724,SELL,1,10,"Rolling_Std_10,ADX,EMA_12,SMA_10,BB_Upper,RSI_14,Volume_Ratio,BB_Width,SMA_20,SMA_50",Rolling_Std_10
POWERGRID,2022-05-27,2022,0,Sideways,1,0.9492,BUY,0,0,0.8649,SELL,1,10,"Rolling_Std_10,ADX,EMA_12,SMA_10,BB_Upper,RSI_14,Volume_Ratio,BB_Width,SMA_20,SMA_50",Rolling_Std_10
POWERGRID,2022-05-30,2022,0,Sideways,1,0.8627,BUY,0,0,0.869,SELL,1,10,"Rolling_Std_10,ADX,EMA_12,SMA_10,BB_Upper,RSI_14,Volume_Ratio,BB_Width,SMA_20,SMA_50",Rolling_Std_10
POWERGRID,2022-05-31,2022,0,Sideways,1,0.6835,BUY,0,0,0.8644,SELL,1,10,"Rolling_Std_10,ADX,EMA_12,SMA_10,BB_Upper,RSI_14,Volume_Ratio,BB_Width,SMA_20,SMA_50",Rolling_Std_10
POWERGRID,2022-06-01,2022,0,Sideways,1,0.8122,BUY,0,0,0.893,SELL,1,10,"Rolling_Std_10,ADX,EMA_12,SMA_10,BB_Upper,RSI_14,Volume_Ratio,BB_Width,SMA_20,SMA_50",Rolling_Std_10
POWERGRID,2022-06-02,2022,0,Sideways,1,0.8599,BUY,0,0,0.8936,SELL,1,10,"Rolling_Std_10,ADX,EMA_12,SMA_10,BB_Upper,RSI_14,Volume_Ratio,BB_Width,SMA_20,SMA_50",Rolling_Std_10
POWERGRID,2022-06-03,2022,0,Sideways,1,0.8381,BUY,0,0,0.8623,SELL,1,10,"Rolling_Std_10,ADX,EMA_12,SMA_10,BB_Upper,RSI_14,Volume_Ratio,BB_Width,SMA_20,SMA_50",Rolling_Std_10
POWERGRID,2022-06-06,2022,0,Sideways,1,0.9403,BUY,0,0,0.9621,SELL,1,10,"Rolling_Std_10,ADX,EMA_12,SMA_10,BB_Upper,RSI_14,Volume_Ratio,BB_Width,SMA_20,SMA_50",Rolling_Std_10
POWERGRID,2022-06-07,2022,0,Sideways,1,0.8975,BUY,0,0,0.9562,SELL,1,10,"Rolling_Std_10,ADX,EMA_12,SMA_10,BB_Upper,RSI_14,Volume_Ratio,BB_Width,SMA_20,SMA_50",Rolling_Std_10
POWERGRID,2022-06-08,2022,0,Sideways,1,0.8345,BUY,0,0,0.9567,SELL,1,10,"Rolling_Std_10,ADX,EMA_12,SMA_10,BB_Upper,RSI_14,Volume_Ratio,BB_Width,SMA_20,SMA_50",Rolling_Std_10
POWERGRID,2022-06-09,2022,0,Sideways,1,0.8059,BUY,0,0,0.9521,SELL,1,10,"Rolling_Std_10,ADX,EMA_12,SMA_10,BB_Upper,RSI_14,Volume_Ratio,BB_Width,SMA_20,SMA_50",Rolling_Std_10
POWERGRID,2022-06-10,2022,0,Sideways,1,0.7665,BUY,0,0,0.9479,SELL,1,10,"Rolling_Std_10,ADX,EMA_12,SMA_10,BB_Upper,RSI_14,Volume_Ratio,BB_Width,SMA_20,SMA_50",Rolling_Std_10
POWERGRID,2022-06-13,2022,0,Sideways,1,0.755,BUY,0,0,0.8319,SELL,1,10,"Rolling_Std_10,ADX,EMA_12,SMA_10,BB_Upper,RSI_14,Volume_Ratio,BB_Width,SMA_20,SMA_50",Rolling_Std_10
POWERGRID,2022-06-14,2022,0,Sideways,1,0.7159,BUY,0,0,0.8527,SELL,1,10,"Rolling_Std_10,ADX,EMA_12,SMA_10,BB_Upper,RSI_14,Volume_Ratio,BB_Width,SMA_20,SMA_50",Rolling_Std_10
POWERGRID,2022-06-15,2022,0,Sideways,1,0.6094,BUY,0,0,0.8615,SELL,1,10,"Rolling_Std_10,ADX,EMA_12,SMA_10,BB_Upper,RSI_14,Volume_Ratio,BB_Width,SMA_20,SMA_50",Rolling_Std_10
POWERGRID,2022-06-16,2022,0,Sideways,1,0.6104,BUY,0,0,0.8158,SELL,1,10,"Rolling_Std_10,ADX,EMA_12,SMA_10,BB_Upper,RSI_14,Volume_Ratio,BB_Width,SMA_20,SMA_50",Rolling_Std_10
POWERGRID,2022-06-17,2022,0,Sideways,1,0.6615,BUY,0,0,0.7501,SELL,1,10,"Rolling_Std_10,ADX,EMA_12,SMA_10,BB_Upper,RSI_14,Volume_Ratio,BB_Width,SMA_20,SMA_50",Rolling_Std_10
POWERGRID,2022-06-20,2022,1,Sideways,1,0.5346,NO TRADE,1,0,0.7518,SELL,0,10,"Rolling_Std_10,ADX,EMA_12,SMA_10,BB_Upper,RSI_14,Volume_Ratio,BB_Width,SMA_20,SMA_50",Rolling_Std_10
POWERGRID,2022-06-21,2022,0,Sideways,1,0.704,BUY,0,1,0.6194,BUY,0,10,"Rolling_Std_10,ADX,EMA_12,SMA_10,BB_Upper,RSI_14,Volume_Ratio,BB_Width,SMA_20,SMA_50",Rolling_Std_10
POWERGRID,2022-06-22,2022,0,Sideways,1,0.5433,NO TRADE,0,0,0.6519,SELL,1,10,"Rolling_Std_10,ADX,EMA_12,SMA_10,BB_Upper,RSI_14,Volume_Ratio,BB_Width,SMA_20,SMA_50",Rolling_Std_10
POWERGRID,2022-06-23,2022,1,Sideways,1,0.571,BUY,1,0,0.6236,SELL,0,10,"Rolling_Std_10,ADX,EMA_12,SMA_10,BB_Upper,RSI_14,Volume_Ratio,BB_Width,SMA_20,SMA_50",Rolling_Std_10
POWERGRID,2022-06-24,2022,1,Sideways,1,0.5664,BUY,1,1,0.7006,BUY,1,10,"Rolling_Std_10,ADX,EMA_12,SMA_10,BB_Upper,RSI_14,Volume_Ratio,BB_Width,SMA_20,SMA_50",Rolling_Std_10
POWERGRID,2022-06-27,2022,0,Sideways,1,0.6367,BUY,0,1,0.6874,BUY,0,10,"Rolling_Std_10,ADX,EMA_12,SMA_10,BB_Upper,RSI_14,Volume_Ratio,BB_Width,SMA_20,SMA_50",Rolling_Std_10
POWERGRID,2022-06-28,2022,0,Sideways,0,0.5087,NO TRADE,1,1,0.5622,BUY,0,10,"Rolling_Std_10,ADX,EMA_12,SMA_10,BB_Upper,RSI_14,Volume_Ratio,BB_Width,SMA_20,SMA_50",Rolling_Std_10
POWERGRID,2022-06-29,2022,0,Sideways,0,0.6304,SELL,1,1,0.8902,BUY,0,10,"SMA_50,RSI_14,BB_Upper,ADX,MACD_Signal,OBV,EMA_26,ATR_14,MACD_Hist,Rolling_Median_Return",SMA_50
POWERGRID,2022-06-30,2022,1,Sideways,0,0.6344,SELL,0,1,0.5712,BUY,1,10,"SMA_50,RSI_14,BB_Upper,ADX,MACD_Signal,OBV,EMA_26,ATR_14,MACD_Hist,Rolling_Median_Return",SMA_50
POWERGRID,2022-07-01,2022,1,Sideways,1,0.5649,BUY,1,1,0.6478,BUY,1,10,"SMA_50,RSI_14,BB_Upper,ADX,MACD_Signal,OBV,EMA_26,ATR_14,MACD_Hist,Rolling_Median_Return",SMA_50
POWERGRID,2022-07-04,2022,1,Sideways,1,0.6746,BUY,1,1,0.6799,BUY,1,10,"SMA_50,RSI_14,BB_Upper,ADX,MACD_Signal,OBV,EMA_26,ATR_14,MACD_Hist,Rolling_Median_Return",SMA_50
POWERGRID,2022-07-05,2022,1,Sideways,1,0.7513,BUY,1,1,0.7207,BUY,1,10,"SMA_50,RSI_14,BB_Upper,ADX,MACD_Signal,OBV,EMA_26,ATR_14,MACD_Hist,Rolling_Median_Return",SMA_50
POWERGRID,2022-07-06,2022,1,Sideways,1,0.7732,BUY,1,1,0.8339,BUY,1,10,"SMA_50,RSI_14,BB_Upper,ADX,MACD_Signal,OBV,EMA_26,ATR_14,MACD_Hist,Rolling_Median_Return",SMA_50
POWERGRID,2022-07-07,2022,1,Sideways,1,0.804,BUY,1,1,0.8557,BUY,1,10,"SMA_50,RSI_14,BB_Upper,ADX,MACD_Signal,OBV,EMA_26,ATR_14,MACD_Hist,Rolling_Median_Return",SMA_50
POWERGRID,2022-07-08,2022,1,Sideways,1,0.7898,BUY,1,1,0.8456,BUY,1,10,"SMA_50,RSI_14,BB_Upper,ADX,MACD_Signal,OBV,EMA_26,ATR_14,MACD_Hist,Rolling_Median_Return",SMA_50
POWERGRID,2022-07-11,2022,1,Sideways,1,0.8795,BUY,1,1,0.8591,BUY,1,10,"SMA_50,RSI_14,BB_Upper,ADX,MACD_Signal,OBV,EMA_26,ATR_14,MACD_Hist,Rolling_Median_Return",SMA_50
POWERGRID,2022-07-12,2022,1,Sideways,1,0.7923,BUY,1,1,0.8707,BUY,1,10,"SMA_50,RSI_14,BB_Upper,ADX,MACD_Signal,OBV,EMA_26,ATR_14,MACD_Hist,Rolling_Median_Return",SMA_50
POWERGRID,2022-07-13,2022,1,Sideways,1,0.9144,BUY,1,1,0.8704,BUY,1,10,"SMA_50,RSI_14,BB_Upper,ADX,MACD_Signal,OBV,EMA_26,ATR_14,MACD_Hist,Rolling_Median_Return",SMA_50
POWERGRID,2022-07-14,2022,1,Sideways,1,0.9646,BUY,1,1,0.7957,BUY,1,10,"SMA_50,RSI_14,BB_Upper,ADX,MACD_Signal,OBV,EMA_26,ATR_14,MACD_Hist,Rolling_Median_Return",SMA_50
POWERGRID,2022-07-15,2022,1,Sideways,1,0.9293,BUY,1,1,0.8197,BUY,1,10,"SMA_50,RSI_14,BB_Upper,ADX,MACD_Signal,OBV,EMA_26,ATR_14,MACD_Hist,Rolling_Median_Return",SMA_50
POWERGRID,2022-07-18,2022,1,Sideways,1,0.8669,BUY,1,1,0.82,BUY,1,10,"SMA_50,RSI_14,BB_Upper,ADX,MACD_Signal,OBV,EMA_26,ATR_14,MACD_Hist,Rolling_Median_Return",SMA_50
POWERGRID,2022-07-19,2022,1,Sideways,1,0.7501,BUY,1,1,0.8115,BUY,1,10,"SMA_50,RSI_14,BB_Upper,ADX,MACD_Signal,OBV,EMA_26,ATR_14,MACD_Hist,Rolling_Median_Return",SMA_50
POWERGRID,2022-07-20,2022,1,Sideways,1,0.7228,BUY,1,1,0.8045,BUY,1,10,"SMA_50,RSI_14,BB_Upper,ADX,MACD_Signal,OBV,EMA_26,ATR_14,MACD_Hist,Rolling_Median_Return",SMA_50
POWERGRID,2022-07-21,2022,1,Sideways,1,0.7663,BUY,1,1,0.8186,BUY,1,10,"SMA_50,RSI_14,BB_Upper,ADX,MACD_Signal,OBV,EMA_26,ATR_14,MACD_Hist,Rolling_Median_Return",SMA_50
POWERGRID,2022-07-22,2022,1,Sideways,1,0.7387,BUY,1,1,0.8111,BUY,1,10,"SMA_50,RSI_14,BB_Upper,ADX,MACD_Signal,OBV,EMA_26,ATR_14,MACD_Hist,Rolling_Median_Return",SMA_50
POWERGRID,2022-07-25,2022,1,Sideways,1,0.7091,BUY,1,1,0.796,BUY,1,10,"SMA_50,RSI_14,BB_Upper,ADX,MACD_Signal,OBV,EMA_26,ATR_14,MACD_Hist,Rolling_Median_Return",SMA_50
POWERGRID,2022-07-26,2022,1,Sideways,1,0.7235,BUY,1,1,0.8019,BUY,1,10,"SMA_50,RSI_14,BB_Upper,ADX,MACD_Signal,OBV,EMA_26,ATR_14,MACD_Hist,Rolling_Median_Return",SMA_50
POWERGRID,2022-07-27,2022,1,Sideways,1,0.7366,BUY,1,1,0.8161,BUY,1,10,"SMA_50,RSI_14,BB_Upper,ADX,MACD_Signal,OBV,EMA_26,ATR_14,MACD_Hist,Rolling_Median_Return",SMA_50
POWERGRID,2022-07-28,2022,1,Sideways,1,0.8035,BUY,1,1,0.8291,BUY,1,10,"SMA_50,RSI_14,BB_Upper,ADX,MACD_Signal,OBV,EMA_26,ATR_14,MACD_Hist,Rolling_Median_Return",SMA_50
POWERGRID,2022-07-29,2022,1,Sideways,1,0.768,BUY,1,1,0.8413,BUY,1,10,"SMA_50,RSI_14,BB_Upper,ADX,MACD_Signal,OBV,EMA_26,ATR_14,MACD_Hist,Rolling_Median_Return",SMA_50
POWERGRID,2022-08-01,2022,1,Sideways,1,0.925,BUY,1,1,0.8186,BUY,1,10,"SMA_50,RSI_14,BB_Upper,ADX,MACD_Signal,OBV,EMA_26,ATR_14,MACD_Hist,Rolling_Median_Return",SMA_50
POWERGRID,2022-08-02,2022,1,Sideways,1,0.8782,BUY,1,1,0.8018,BUY,1,10,"SMA_50,RSI_14,BB_Upper,ADX,MACD_Signal,OBV,EMA_26,ATR_14,MACD_Hist,Rolling_Median_Return",SMA_50
POWERGRID,2022-08-03,2022,1,Sideways,1,0.894,BUY,1,1,0.792,BUY,1,10,"SMA_50,RSI_14,BB_Upper,ADX,MACD_Signal,OBV,EMA_26,ATR_14,MACD_Hist,Rolling_Median_Return",SMA_50
POWERGRID,2022-08-04,2022,1,Sideways,1,0.9786,BUY,1,1,0.8057,BUY,1,10,"SMA_50,RSI_14,BB_Upper,ADX,MACD_Signal,OBV,EMA_26,ATR_14,MACD_Hist,Rolling_Median_Return",SMA_50
POWERGRID,2022-08-05,2022,1,Sideways,1,0.9836,BUY,1,1,0.7827,BUY,1,10,"SMA_50,RSI_14,BB_Upper,ADX,MACD_Signal,OBV,EMA_26,ATR_14,MACD_Hist,Rolling_Median_Return",SMA_50
POWERGRID,2022-08-08,2022,1,Sideways,1,0.9456,BUY,1,1,0.821,BUY,1,10,"SMA_50,RSI_14,BB_Upper,ADX,MACD_Signal,OBV,EMA_26,ATR_14,MACD_Hist,Rolling_Median_Return",SMA_50
POWERGRID,2022-08-10,2022,1,Sideways,1,0.9417,BUY,1,1,0.8104,BUY,1,10,"SMA_50,RSI_14,BB_Upper,ADX,MACD_Signal,OBV,EMA_26,ATR_14,MACD_Hist,Rolling_Median_Return",SMA_50
POWERGRID,2022-08-11,2022,1,Sideways,1,0.9558,BUY,1,1,0.5614,BUY,1,10,"SMA_20,EMA_26,BB_Upper,RSI_14,Daily_Return,OBV,ADX,BB_Width,CCI,MACD_Hist",SMA_20
POWERGRID,2022-08-12,2022,1,Sideways,1,0.832,BUY,1,1,0.6758,BUY,1,10,"SMA_20,EMA_26,BB_Upper,RSI_14,Daily_Return,OBV,ADX,BB_Width,CCI,MACD_Hist",SMA_20
POWERGRID,2022-08-16,2022,1,Sideways,1,0.8634,BUY,1,1,0.7038,BUY,1,10,"SMA_20,EMA_26,BB_Upper,RSI_14,Daily_Return,OBV,ADX,BB_Width,CCI,MACD_Hist",SMA_20
POWERGRID,2022-08-17,2022,1,Sideways,1,0.9034,BUY,1,1,0.7945,BUY,1,10,"SMA_20,EMA_26,BB_Upper,RSI_14,Daily_Return,OBV,ADX,BB_Width,CCI,MACD_Hist",SMA_20
POWERGRID,2022-08-18,2022,1,Sideways,1,0.8536,BUY,1,1,0.7953,BUY,1,10,"SMA_20,EMA_26,BB_Upper,RSI_14,Daily_Return,OBV,ADX,BB_Width,CCI,MACD_Hist",SMA_20
POWERGRID,2022-08-19,2022,1,Sideways,1,0.9172,BUY,1,1,0.8029,BUY,1,10,"SMA_20,EMA_26,BB_Upper,RSI_14,Daily_Return,OBV,ADX,BB_Width,CCI,MACD_Hist",SMA_20
POWERGRID,2022-08-22,2022,1,Sideways,1,0.9308,BUY,1,1,0.8185,BUY,1,10,"SMA_20,EMA_26,BB_Upper,RSI_14,Daily_Return,OBV,ADX,BB_Width,CCI,MACD_Hist",SMA_20
POWERGRID,2022-08-23,2022,0,Sideways,1,0.9078,BUY,0,1,0.8104,BUY,0,10,"SMA_20,EMA_26,BB_Upper,RSI_14,Daily_Return,OBV,ADX,BB_Width,CCI,MACD_Hist",SMA_20
POWERGRID,2022-08-24,2022,0,Sideways,1,0.8457,BUY,0,1,0.7259,BUY,0,10,"SMA_20,EMA_26,BB_Upper,RSI_14,Daily_Return,OBV,ADX,BB_Width,CCI,MACD_Hist",SMA_20
POWERGRID,2022-08-25,2022,0,Sideways,1,0.7992,BUY,0,1,0.7254,BUY,0,10,"SMA_20,EMA_26,BB_Upper,RSI_14,Daily_Return,OBV,ADX,BB_Width,CCI,MACD_Hist",SMA_20
POWERGRID,2022-08-26,2022,0,Sideways,1,0.6477,BUY,0,1,0.5917,BUY,0,10,"SMA_20,EMA_26,BB_Upper,RSI_14,Daily_Return,OBV,ADX,BB_Width,CCI,MACD_Hist",SMA_20
POWERGRID,2022-08-29,2022,0,Sideways,1,0.5496,NO TRADE,0,1,0.5675,BUY,0,10,"SMA_20,EMA_26,BB_Upper,RSI_14,Daily_Return,OBV,ADX,BB_Width,CCI,MACD_Hist",SMA_20
POWERGRID,2022-08-30,2022,0,Sideways,0,0.5832,SELL,1,1,0.5493,NO TRADE,0,10,"SMA_20,EMA_26,BB_Upper,RSI_14,Daily_Return,OBV,ADX,BB_Width,CCI,MACD_Hist",SMA_20
POWERGRID,2022-09-01,2022,0,Sideways,1,0.5916,BUY,0,1,0.601,BUY,0,10,"SMA_20,EMA_26,BB_Upper,RSI_14,Daily_Return,OBV,ADX,BB_Width,CCI,MACD_Hist",SMA_20
POWERGRID,2022-09-02,2022,0,Sideways,1,0.5409,NO TRADE,0,1,0.5805,BUY,0,10,"SMA_20,EMA_26,BB_Upper,RSI_14,Daily_Return,OBV,ADX,BB_Width,CCI,MACD_Hist",SMA_20
POWERGRID,2022-09-05,2022,0,Sideways,0,0.5435,NO TRADE,1,1,0.5789,BUY,0,10,"SMA_20,EMA_26,BB_Upper,RSI_14,Daily_Return,OBV,ADX,BB_Width,CCI,MACD_Hist",SMA_20
POWERGRID,2022-09-06,2022,0,Sideways,0,0.6052,SELL,1,1,0.566,BUY,0,10,"SMA_20,EMA_26,BB_Upper,RSI_14,Daily_Return,OBV,ADX,BB_Width,CCI,MACD_Hist",SMA_20
POWERGRID,2022-09-07,2022,0,Sideways,0,0.5594,SELL,1,1,0.5714,BUY,0,10,"SMA_20,EMA_26,BB_Upper,RSI_14,Daily_Return,OBV,ADX,BB_Width,CCI,MACD_Hist",SMA_20
POWERGRID,2022-09-08,2022,0,Sideways,0,0.5692,SELL,1,1,0.5931,BUY,0,10,"SMA_20,EMA_26,BB_Upper,RSI_14,Daily_Return,OBV,ADX,BB_Width,CCI,MACD_Hist",SMA_20
POWERGRID,2022-09-09,2022,0,Sideways,0,0.5553,SELL,1,1,0.5175,NO TRADE,0,10,"SMA_20,EMA_26,BB_Upper,RSI_14,Daily_Return,OBV,ADX,BB_Width,CCI,MACD_Hist",SMA_20
POWERGRID,2022-09-12,2022,0,Sideways,0,0.6031,SELL,1,1,0.5076,NO TRADE,0,10,"SMA_20,EMA_26,BB_Upper,RSI_14,Daily_Return,OBV,ADX,BB_Width,CCI,MACD_Hist",SMA_20
POWERGRID,2022-09-13,2022,0,Sideways,0,0.6345,SELL,1,1,0.5229,NO TRADE,0,10,"SMA_20,EMA_26,BB_Upper,RSI_14,Daily_Return,OBV,ADX,BB_Width,CCI,MACD_Hist",SMA_20
POWERGRID,2022-09-14,2022,0,Sideways,0,0.7769,SELL,1,0,0.6269,SELL,1,10,"SMA_20,EMA_26,BB_Upper,RSI_14,Daily_Return,OBV,ADX,BB_Width,CCI,MACD_Hist",SMA_20
POWERGRID,2022-09-15,2022,0,Sideways,0,0.7663,SELL,1,0,0.602,SELL,1,10,"SMA_20,EMA_26,BB_Upper,RSI_14,Daily_Return,OBV,ADX,BB_Width,CCI,MACD_Hist",SMA_20
POWERGRID,2022-09-16,2022,0,Sideways,0,0.6789,SELL,1,0,0.5654,SELL,1,10,"SMA_20,EMA_26,BB_Upper,RSI_14,Daily_Return,OBV,ADX,BB_Width,CCI,MACD_Hist",SMA_20
POWERGRID,2022-09-19,2022,0,Sideways,0,0.5982,SELL,1,0,0.5556,SELL,1,10,"SMA_20,EMA_26,BB_Upper,RSI_14,Daily_Return,OBV,ADX,BB_Width,CCI,MACD_Hist",SMA_20
POWERGRID,2022-09-20,2022,0,Sideways,0,0.6755,SELL,1,0,0.5583,SELL,1,10,"SMA_20,EMA_26,BB_Upper,RSI_14,Daily_Return,OBV,ADX,BB_Width,CCI,MACD_Hist",SMA_20
POWERGRID,2022-09-21,2022,0,Sideways,1,0.6524,BUY,0,0,0.5496,NO TRADE,1,10,"SMA_20,EMA_26,BB_Upper,RSI_14,Daily_Return,OBV,ADX,BB_Width,CCI,MACD_Hist",SMA_20
POWERGRID,2022-09-22,2022,0,Sideways,1,0.5377,NO TRADE,0,0,0.5404,NO TRADE,1,10,"SMA_20,EMA_26,BB_Upper,RSI_14,Daily_Return,OBV,ADX,BB_Width,CCI,MACD_Hist",SMA_20
POWERGRID,2022-09-23,2022,1,Sideways,0,0.604,SELL,0,0,0.5397,NO TRADE,0,10,"SMA_20,EMA_26,BB_Upper,RSI_14,Daily_Return,OBV,ADX,BB_Width,CCI,MACD_Hist",SMA_20
POWERGRID,2022-09-26,2022,1,Sideways,1,0.7051,BUY,1,0,0.5869,SELL,0,10,"EMA_26,BB_Upper,ADX,BB_Width,SMA_50,Return_5d,CCI,Volume_Ratio,MACD_Hist,Volume_MA",EMA_26
POWERGRID,2022-09-27,2022,1,Sideways,1,0.7987,BUY,1,1,0.6663,BUY,1,10,"EMA_26,BB_Upper,ADX,BB_Width,SMA_50,Return_5d,CCI,Volume_Ratio,MACD_Hist,Volume_MA",EMA_26
POWERGRID,2022-09-28,2022,1,Sideways,1,0.8491,BUY,1,1,0.6592,BUY,1,10,"EMA_26,BB_Upper,ADX,BB_Width,SMA_50,Return_5d,CCI,Volume_Ratio,MACD_Hist,Volume_MA",EMA_26
POWERGRID,2022-09-29,2022,1,Sideways,1,0.9053,BUY,1,1,0.6773,BUY,1,10,"EMA_26,BB_Upper,ADX,BB_Width,SMA_50,Return_5d,CCI,Volume_Ratio,MACD_Hist,Volume_MA",EMA_26
POWERGRID,2022-09-30,2022,1,Sideways,1,0.8326,BUY,1,1,0.6598,BUY,1,10,"EMA_26,BB_Upper,ADX,BB_Width,SMA_50,Return_5d,CCI,Volume_Ratio,MACD_Hist,Volume_MA",EMA_26
POWERGRID,2022-10-03,2022,1,Sideways,1,0.9013,BUY,1,1,0.6859,BUY,1,10,"EMA_26,BB_Upper,ADX,BB_Width,SMA_50,Return_5d,CCI,Volume_Ratio,MACD_Hist,Volume_MA",EMA_26
POWERGRID,2022-10-04,2022,1,Sideways,1,0.9588,BUY,1,1,0.7127,BUY,1,10,"EMA_26,BB_Upper,ADX,BB_Width,SMA_50,Return_5d,CCI,Volume_Ratio,MACD_Hist,Volume_MA",EMA_26
POWERGRID,2022-10-06,2022,1,Sideways,1,0.9658,BUY,1,1,0.7269,BUY,1,10,"EMA_26,BB_Upper,ADX,BB_Width,SMA_50,Return_5d,CCI,Volume_Ratio,MACD_Hist,Volume_MA",EMA_26
POWERGRID,2022-10-07,2022,1,Sideways,1,0.8991,BUY,1,1,0.7389,BUY,1,10,"EMA_26,BB_Upper,ADX,BB_Width,SMA_50,Return_5d,CCI,Volume_Ratio,MACD_Hist,Volume_MA",EMA_26
POWERGRID,2022-10-10,2022,1,Sideways,1,0.857,BUY,1,1,0.752,BUY,1,10,"EMA_26,BB_Upper,ADX,BB_Width,SMA_50,Return_5d,CCI,Volume_Ratio,MACD_Hist,Volume_MA",EMA_26
POWERGRID,2022-10-11,2022,1,Sideways,1,0.8765,BUY,1,1,0.7608,BUY,1,10,"EMA_26,BB_Upper,ADX,BB_Width,SMA_50,Return_5d,CCI,Volume_Ratio,MACD_Hist,Volume_MA",EMA_26
POWERGRID,2022-10-12,2022,0,Sideways,1,0.8936,BUY,0,1,0.7525,BUY,0,10,"EMA_26,BB_Upper,ADX,BB_Width,SMA_50,Return_5d,CCI,Volume_Ratio,MACD_Hist,Volume_MA",EMA_26
POWERGRID,2022-10-13,2022,1,Sideways,1,0.7758,BUY,1,1,0.736,BUY,1,10,"EMA_26,BB_Upper,ADX,BB_Width,SMA_50,Return_5d,CCI,Volume_Ratio,MACD_Hist,Volume_MA",EMA_26
POWERGRID,2022-10-14,2022,1,Sideways,1,0.8912,BUY,1,1,0.7468,BUY,1,10,"EMA_26,BB_Upper,ADX,BB_Width,SMA_50,Return_5d,CCI,Volume_Ratio,MACD_Hist,Volume_MA",EMA_26
POWERGRID,2022-10-17,2022,1,Sideways,1,0.8926,BUY,1,1,0.771,BUY,1,10,"EMA_26,BB_Upper,ADX,BB_Width,SMA_50,Return_5d,CCI,Volume_Ratio,MACD_Hist,Volume_MA",EMA_26
POWERGRID,2022-10-18,2022,1,Sideways,1,0.8944,BUY,1,1,0.7659,BUY,1,10,"EMA_26,BB_Upper,ADX,BB_Width,SMA_50,Return_5d,CCI,Volume_Ratio,MACD_Hist,Volume_MA",EMA_26
POWERGRID,2022-10-19,2022,1,Sideways,1,0.8969,BUY,1,1,0.8071,BUY,1,10,"EMA_26,BB_Upper,ADX,BB_Width,SMA_50,Return_5d,CCI,Volume_Ratio,MACD_Hist,Volume_MA",EMA_26
POWERGRID,2022-10-20,2022,1,Sideways,1,0.8363,BUY,1,1,0.8084,BUY,1,10,"EMA_26,BB_Upper,ADX,BB_Width,SMA_50,Return_5d,CCI,Volume_Ratio,MACD_Hist,Volume_MA",EMA_26
POWERGRID,2022-10-21,2022,1,Sideways,1,0.8977,BUY,1,1,0.8082,BUY,1,10,"EMA_26,BB_Upper,ADX,BB_Width,SMA_50,Return_5d,CCI,Volume_Ratio,MACD_Hist,Volume_MA",EMA_26
POWERGRID,2022-10-24,2022,1,Sideways,1,0.9134,BUY,1,1,0.8022,BUY,1,10,"EMA_26,BB_Upper,ADX,BB_Width,SMA_50,Return_5d,CCI,Volume_Ratio,MACD_Hist,Volume_MA",EMA_26
POWERGRID,2022-10-25,2022,1,Sideways,1,0.873,BUY,1,1,0.771,BUY,1,10,"EMA_26,BB_Upper,ADX,BB_Width,SMA_50,Return_5d,CCI,Volume_Ratio,MACD_Hist,Volume_MA",EMA_26
POWERGRID,2022-10-27,2022,1,Sideways,1,0.9892,BUY,1,1,0.7505,BUY,1,10,"EMA_26,BB_Upper,ADX,BB_Width,SMA_50,Return_5d,CCI,Volume_Ratio,MACD_Hist,Volume_MA",EMA_26
POWERGRID,2022-10-28,2022,0,Sideways,1,0.9923,BUY,0,1,0.7397,BUY,0,10,"EMA_26,BB_Upper,ADX,BB_Width,SMA_50,Return_5d,CCI,Volume_Ratio,MACD_Hist,Volume_MA",EMA_26
POWERGRID,2022-10-31,2022,0,Sideways,1,0.9886,BUY,0,1,0.7158,BUY,0,10,"EMA_26,BB_Upper,ADX,BB_Width,SMA_50,Return_5d,CCI,Volume_Ratio,MACD_Hist,Volume_MA",EMA_26
POWERGRID,2022-11-01,2022,0,Sideways,1,0.9281,BUY,0,1,0.6828,BUY,0,10,"EMA_26,BB_Upper,ADX,BB_Width,SMA_50,Return_5d,CCI,Volume_Ratio,MACD_Hist,Volume_MA",EMA_26
POWERGRID,2022-11-02,2022,0,Sideways,1,0.9078,BUY,0,1,0.6573,BUY,0,10,"EMA_26,BB_Upper,ADX,BB_Width,SMA_50,Return_5d,CCI,Volume_Ratio,MACD_Hist,Volume_MA",EMA_26
POWERGRID,2022-11-03,2022,0,Sideways,1,0.8702,BUY,0,1,0.6127,BUY,0,10,"EMA_26,BB_Upper,ADX,BB_Width,SMA_50,Return_5d,CCI,Volume_Ratio,MACD_Hist,Volume_MA",EMA_26
POWERGRID,2022-11-04,2022,1,Sideways,1,0.8143,BUY,1,1,0.5876,BUY,1,10,"EMA_26,BB_Upper,ADX,BB_Width,SMA_50,Return_5d,CCI,Volume_Ratio,MACD_Hist,Volume_MA",EMA_26
POWERGRID,2022-11-07,2022,1,Sideways,1,0.8248,BUY,1,1,0.6145,BUY,1,10,"EMA_26,BB_Upper,ADX,BB_Width,SMA_50,Return_5d,CCI,Volume_Ratio,MACD_Hist,Volume_MA",EMA_26
POWERGRID,2022-11-09,2022,1,Sideways,1,0.8519,BUY,1,1,0.6171,BUY,1,10,"EMA_26,BB_Upper,ADX,BB_Width,SMA_50,Return_5d,CCI,Volume_Ratio,MACD_Hist,Volume_MA",EMA_26
POWERGRID,2022-11-10,2022,1,Sideways,1,0.8899,BUY,1,0,0.5295,NO TRADE,0,10,"BB_Upper,MACD_Hist,MACD_Signal,Rolling_Volatility,ADX,Price_Change,EMA_26,SMA_20,BB_Width,OBV",BB_Upper
POWERGRID,2022-11-11,2022,1,Sideways,1,0.7735,BUY,1,1,0.7248,BUY,1,10,"BB_Upper,MACD_Hist,MACD_Signal,Rolling_Volatility,ADX,Price_Change,EMA_26,SMA_20,BB_Width,OBV",BB_Upper
POWERGRID,2022-11-14,2022,1,Sideways,1,0.8276,BUY,1,1,0.7536,BUY,1,10,"BB_Upper,MACD_Hist,MACD_Signal,Rolling_Volatility,ADX,Price_Change,EMA_26,SMA_20,BB_Width,OBV",BB_Upper
POWERGRID,2022-11-15,2022,1,Sideways,1,0.8318,BUY,1,1,0.7594,BUY,1,10,"BB_Upper,MACD_Hist,MACD_Signal,Rolling_Volatility,ADX,Price_Change,EMA_26,SMA_20,BB_Width,OBV",BB_Upper
POWERGRID,2022-11-16,2022,1,Sideways,1,0.8392,BUY,1,1,0.7641,BUY,1,10,"BB_Upper,MACD_Hist,MACD_Signal,Rolling_Volatility,ADX,Price_Change,EMA_26,SMA_20,BB_Width,OBV",BB_Upper
POWERGRID,2022-11-17,2022,0,Sideways,1,0.8652,BUY,0,1,0.7096,BUY,0,10,"BB_Upper,MACD_Hist,MACD_Signal,Rolling_Volatility,ADX,Price_Change,EMA_26,SMA_20,BB_Width,OBV",BB_Upper
POWERGRID,2022-11-18,2022,0,Sideways,1,0.8415,BUY,0,1,0.6248,BUY,0,10,"BB_Upper,MACD_Hist,MACD_Signal,Rolling_Volatility,ADX,Price_Change,EMA_26,SMA_20,BB_Width,OBV",BB_Upper
POWERGRID,2022-11-21,2022,0,Sideways,1,0.811,BUY,0,1,0.657,BUY,0,10,"BB_Upper,MACD_Hist,MACD_Signal,Rolling_Volatility,ADX,Price_Change,EMA_26,SMA_20,BB_Width,OBV",BB_Upper
POWERGRID,2022-11-22,2022,0,Sideways,1,0.7876,BUY,0,1,0.6276,BUY,0,10,"BB_Upper,MACD_Hist,MACD_Signal,Rolling_Volatility,ADX,Price_Change,EMA_26,SMA_20,BB_Width,OBV",BB_Upper
POWERGRID,2022-11-23,2022,1,Sideways,1,0.7258,BUY,1,1,0.5602,BUY,1,10,"BB_Upper,MACD_Hist,MACD_Signal,Rolling_Volatility,ADX,Price_Change,EMA_26,SMA_20,BB_Width,OBV",BB_Upper
POWERGRID,2022-11-24,2022,0,Sideways,1,0.7845,BUY,0,1,0.5659,BUY,0,10,"BB_Upper,MACD_Hist,MACD_Signal,Rolling_Volatility,ADX,Price_Change,EMA_26,SMA_20,BB_Width,OBV",BB_Upper
POWERGRID,2022-11-25,2022,0,Sideways,1,0.7556,BUY,0,1,0.5564,BUY,0,10,"BB_Upper,MACD_Hist,MACD_Signal,Rolling_Volatility,ADX,Price_Change,EMA_26,SMA_20,BB_Width,OBV",BB_Upper
POWERGRID,2022-11-28,2022,0,Sideways,1,0.7401,BUY,0,1,0.5423,NO TRADE,0,10,"BB_Upper,MACD_Hist,MACD_Signal,Rolling_Volatility,ADX,Price_Change,EMA_26,SMA_20,BB_Width,OBV",BB_Upper
POWERGRID,2022-11-29,2022,0,Sideways,1,0.7281,BUY,0,0,0.5002,NO TRADE,1,10,"BB_Upper,MACD_Hist,MACD_Signal,Rolling_Volatility,ADX,Price_Change,EMA_26,SMA_20,BB_Width,OBV",BB_Upper
POWERGRID,2022-11-30,2022,0,Sideways,1,0.5283,NO TRADE,0,0,0.5013,NO TRADE,1,10,"BB_Upper,MACD_Hist,MACD_Signal,Rolling_Volatility,ADX,Price_Change,EMA_26,SMA_20,BB_Width,OBV",BB_Upper
POWERGRID,2022-12-01,2022,0,Sideways,1,0.5601,BUY,0,0,0.5093,NO TRADE,1,10,"BB_Upper,MACD_Hist,MACD_Signal,Rolling_Volatility,ADX,Price_Change,EMA_26,SMA_20,BB_Width,OBV",BB_Upper
POWERGRID,2022-12-02,2022,0,Sideways,0,0.517,NO TRADE,1,0,0.5299,NO TRADE,1,10,"BB_Upper,MACD_Hist,MACD_Signal,Rolling_Volatility,ADX,Price_Change,EMA_26,SMA_20,BB_Width,OBV",BB_Upper
POWERGRID,2022-12-05,2022,0,Sideways,0,0.5932,SELL,1,0,0.5545,SELL,1,10,"BB_Upper,MACD_Hist,MACD_Signal,Rolling_Volatility,ADX,Price_Change,EMA_26,SMA_20,BB_Width,OBV",BB_Upper
POWERGRID,2022-12-06,2022,0,Sideways,0,0.6207,SELL,1,0,0.5697,SELL,1,10,"BB_Upper,MACD_Hist,MACD_Signal,Rolling_Volatility,ADX,Price_Change,EMA_26,SMA_20,BB_Width,OBV",BB_Upper
POWERGRID,2022-12-07,2022,0,Sideways,0,0.6297,SELL,1,0,0.561,SELL,1,10,"BB_Upper,MACD_Hist,MACD_Signal,Rolling_Volatility,ADX,Price_Change,EMA_26,SMA_20,BB_Width,OBV",BB_Upper
POWERGRID,2022-12-08,2022,0,Sideways,0,0.5756,SELL,1,0,0.5679,SELL,1,10,"BB_Upper,MACD_Hist,MACD_Signal,Rolling_Volatility,ADX,Price_Change,EMA_26,SMA_20,BB_Width,OBV",BB_Upper
POWERGRID,2022-12-09,2022,0,Sideways,0,0.5873,SELL,1,0,0.5704,SELL,1,10,"BB_Upper,MACD_Hist,MACD_Signal,Rolling_Volatility,ADX,Price_Change,EMA_26,SMA_20,BB_Width,OBV",BB_Upper
POWERGRID,2022-12-12,2022,0,Sideways,0,0.6541,SELL,1,1,0.5074,NO TRADE,0,10,"BB_Upper,MACD_Hist,MACD_Signal,Rolling_Volatility,ADX,Price_Change,EMA_26,SMA_20,BB_Width,OBV",BB_Upper
POWERGRID,2022-12-13,2022,0,Sideways,0,0.6783,SELL,1,0,0.5956,SELL,1,10,"BB_Upper,MACD_Hist,MACD_Signal,Rolling_Volatility,ADX,Price_Change,EMA_26,SMA_20,BB_Width,OBV",BB_Upper
POWERGRID,2022-12-14,2022,0,Sideways,0,0.689,SELL,1,0,0.6104,SELL,1,10,"BB_Upper,MACD_Hist,MACD_Signal,Rolling_Volatility,ADX,Price_Change,EMA_26,SMA_20,BB_Width,OBV",BB_Upper
POWERGRID,2022-12-15,2022,0,Sideways,0,0.7021,SELL,1,0,0.6213,SELL,1,10,"BB_Upper,MACD_Hist,MACD_Signal,Rolling_Volatility,ADX,Price_Change,EMA_26,SMA_20,BB_Width,OBV",BB_Upper
POWERGRID,2022-12-16,2022,1,Sideways,0,0.7102,SELL,0,0,0.6294,SELL,0,10,"BB_Upper,MACD_Hist,MACD_Signal,Rolling_Volatility,ADX,Price_Change,EMA_26,SMA_20,BB_Width,OBV",BB_Upper
POWERGRID,2022-12-19,2022,0,Sideways,0,0.7133,SELL,1,0,0.6013,SELL,1,10,"BB_Upper,MACD_Hist,MACD_Signal,Rolling_Volatility,ADX,Price_Change,EMA_26,SMA_20,BB_Width,OBV",BB_Upper
POWERGRID,2022-12-20,2022,1,Sideways,0,0.6215,SELL,0,0,0.6031,SELL,0,10,"BB_Upper,MACD_Hist,MACD_Signal,Rolling_Volatility,ADX,Price_Change,EMA_26,SMA_20,BB_Width,OBV",BB_Upper
POWERGRID,2022-12-21,2022,1,Sideways,0,0.5729,SELL,0,0,0.521,NO TRADE,0,10,"BB_Upper,MACD_Hist,MACD_Signal,Rolling_Volatility,ADX,Price_Change,EMA_26,SMA_20,BB_Width,OBV",BB_Upper
POWERGRID,2022-12-22,2022,1,Sideways,0,0.5728,SELL,0,0,0.683,SELL,0,10,"BB_Upper,SMA_20,MACD_Hist,Rolling_Volatility,OBV,EMA_26,Williams_R,EMA_12,ADX,BB_Width",BB_Upper
POWERGRID,2022-12-23,2022,1,Sideways,1,0.5526,BUY,1,0,0.5291,NO TRADE,0,10,"BB_Upper,SMA_20,MACD_Hist,Rolling_Volatility,OBV,EMA_26,Williams_R,EMA_12,ADX,BB_Width",BB_Upper
POWERGRID,2022-12-26,2022,1,Sideways,1,0.554,BUY,1,1,0.5598,BUY,1,10,"BB_Upper,SMA_20,MACD_Hist,Rolling_Volatility,OBV,EMA_26,Williams_R,EMA_12,ADX,BB_Width",BB_Upper
POWERGRID,2022-12-27,2022,1,Sideways,1,0.5439,NO TRADE,1,1,0.6166,BUY,1,10,"BB_Upper,SMA_20,MACD_Hist,Rolling_Volatility,OBV,EMA_26,Williams_R,EMA_12,ADX,BB_Width",BB_Upper
POWERGRID,2022-12-28,2022,1,Sideways,1,0.607,BUY,1,1,0.6876,BUY,1,10,"BB_Upper,SMA_20,MACD_Hist,Rolling_Volatility,OBV,EMA_26,Williams_R,EMA_12,ADX,BB_Width",BB_Upper
POWERGRID,2022-12-29,2022,1,Sideways,1,0.6201,BUY,1,1,0.7114,BUY,1,10,"BB_Upper,SMA_20,MACD_Hist,Rolling_Volatility,OBV,EMA_26,Williams_R,EMA_12,ADX,BB_Width",BB_Upper
POWERGRID,2022-12-30,2022,0,Sideways,1,0.6646,BUY,0,1,0.7251,BUY,0,10,"BB_Upper,SMA_20,MACD_Hist,Rolling_Volatility,OBV,EMA_26,Williams_R,EMA_12,ADX,BB_Width",BB_Upper
POWERGRID,2023-01-02,2023,1,Sideways,1,0.622,BUY,1,1,0.6814,BUY,1,10,"BB_Upper,SMA_20,MACD_Hist,Rolling_Volatility,OBV,EMA_26,Williams_R,EMA_12,ADX,BB_Width",BB_Upper
POWERGRID,2023-01-03,2023,1,Sideways,1,0.6619,BUY,1,1,0.7148,BUY,1,10,"BB_Upper,SMA_20,MACD_Hist,Rolling_Volatility,OBV,EMA_26,Williams_R,EMA_12,ADX,BB_Width",BB_Upper
POWERGRID,2023-01-04,2023,1,Sideways,1,0.724,BUY,1,1,0.7438,BUY,1,10,"BB_Upper,SMA_20,MACD_Hist,Rolling_Volatility,OBV,EMA_26,Williams_R,EMA_12,ADX,BB_Width",BB_Upper
POWERGRID,2023-01-05,2023,1,Sideways,1,0.6876,BUY,1,1,0.7832,BUY,1,10,"BB_Upper,SMA_20,MACD_Hist,Rolling_Volatility,OBV,EMA_26,Williams_R,EMA_12,ADX,BB_Width",BB_Upper
POWERGRID,2023-01-06,2023,1,Sideways,1,0.6082,BUY,1,1,0.8011,BUY,1,10,"BB_Upper,SMA_20,MACD_Hist,Rolling_Volatility,OBV,EMA_26,Williams_R,EMA_12,ADX,BB_Width",BB_Upper
POWERGRID,2023-01-09,2023,1,Sideways,1,0.632,BUY,1,1,0.8243,BUY,1,10,"BB_Upper,SMA_20,MACD_Hist,Rolling_Volatility,OBV,EMA_26,Williams_R,EMA_12,ADX,BB_Width",BB_Upper
POWERGRID,2023-01-10,2023,1,Sideways,1,0.7111,BUY,1,1,0.8405,BUY,1,10,"BB_Upper,SMA_20,MACD_Hist,Rolling_Volatility,OBV,EMA_26,Williams_R,EMA_12,ADX,BB_Width",BB_Upper
POWERGRID,2023-01-11,2023,1,Sideways,1,0.7896,BUY,1,1,0.8513,BUY,1,10,"BB_Upper,SMA_20,MACD_Hist,Rolling_Volatility,OBV,EMA_26,Williams_R,EMA_12,ADX,BB_Width",BB_Upper
POWERGRID,2023-01-12,2023,1,Sideways,1,0.8156,BUY,1,1,0.8808,BUY,1,10,"BB_Upper,SMA_20,MACD_Hist,Rolling_Volatility,OBV,EMA_26,Williams_R,EMA_12,ADX,BB_Width",BB_Upper
POWERGRID,2023-01-13,2023,1,Sideways,1,0.8312,BUY,1,1,0.8888,BUY,1,10,"BB_Upper,SMA_20,MACD_Hist,Rolling_Volatility,OBV,EMA_26,Williams_R,EMA_12,ADX,BB_Width",BB_Upper
POWERGRID,2023-01-16,2023,1,Sideways,1,0.8942,BUY,1,1,0.8865,BUY,1,10,"BB_Upper,SMA_20,MACD_Hist,Rolling_Volatility,OBV,EMA_26,Williams_R,EMA_12,ADX,BB_Width",BB_Upper
POWERGRID,2023-01-17,2023,1,Sideways,1,0.8818,BUY,1,1,0.8919,BUY,1,10,"BB_Upper,SMA_20,MACD_Hist,Rolling_Volatility,OBV,EMA_26,Williams_R,EMA_12,ADX,BB_Width",BB_Upper
POWERGRID,2023-01-18,2023,1,Sideways,1,0.8895,BUY,1,1,0.8949,BUY,1,10,"BB_Upper,SMA_20,MACD_Hist,Rolling_Volatility,OBV,EMA_26,Williams_R,EMA_12,ADX,BB_Width",BB_Upper
POWERGRID,2023-01-19,2023,0,Sideways,1,0.8978,BUY,0,1,0.894,BUY,0,10,"BB_Upper,SMA_20,MACD_Hist,Rolling_Volatility,OBV,EMA_26,Williams_R,EMA_12,ADX,BB_Width",BB_Upper
POWERGRID,2023-01-20,2023,0,Sideways,1,0.6813,BUY,0,1,0.8665,BUY,0,10,"BB_Upper,SMA_20,MACD_Hist,Rolling_Volatility,OBV,EMA_26,Williams_R,EMA_12,ADX,BB_Width",BB_Upper
POWERGRID,2023-01-23,2023,0,Sideways,1,0.5838,BUY,0,1,0.837,BUY,0,10,"BB_Upper,SMA_20,MACD_Hist,Rolling_Volatility,OBV,EMA_26,Williams_R,EMA_12,ADX,BB_Width",BB_Upper
POWERGRID,2023-01-24,2023,0,Sideways,0,0.536,NO TRADE,1,1,0.8024,BUY,0,10,"BB_Upper,SMA_20,MACD_Hist,Rolling_Volatility,OBV,EMA_26,Williams_R,EMA_12,ADX,BB_Width",BB_Upper
POWERGRID,2023-01-25,2023,0,Sideways,1,0.5065,NO TRADE,0,1,0.7019,BUY,0,10,"BB_Upper,SMA_20,MACD_Hist,Rolling_Volatility,OBV,EMA_26,Williams_R,EMA_12,ADX,BB_Width",BB_Upper
POWERGRID,2023-01-27,2023,1,Sideways,0,0.5013,NO TRADE,0,1,0.6723,BUY,1,10,"BB_Upper,SMA_20,MACD_Hist,Rolling_Volatility,OBV,EMA_26,Williams_R,EMA_12,ADX,BB_Width",BB_Upper
POWERGRID,2023-01-30,2023,1,Sideways,1,0.6553,BUY,1,1,0.7446,BUY,1,10,"BB_Upper,SMA_20,MACD_Hist,Rolling_Volatility,OBV,EMA_26,Williams_R,EMA_12,ADX,BB_Width",BB_Upper
POWERGRID,2023-01-31,2023,1,Sideways,1,0.77,BUY,1,1,0.7633,BUY,1,10,"BB_Upper,SMA_20,MACD_Hist,Rolling_Volatility,OBV,EMA_26,Williams_R,EMA_12,ADX,BB_Width",BB_Upper
POWERGRID,2023-02-01,2023,1,Sideways,1,0.8421,BUY,1,1,0.776,BUY,1,10,"BB_Upper,SMA_20,MACD_Hist,Rolling_Volatility,OBV,EMA_26,Williams_R,EMA_12,ADX,BB_Width",BB_Upper
POWERGRID,2023-02-02,2023,1,Sideways,1,0.844,BUY,1,1,0.7866,BUY,1,10,"BB_Upper,SMA_20,MACD_Hist,Rolling_Volatility,OBV,EMA_26,Williams_R,EMA_12,ADX,BB_Width",BB_Upper
POWERGRID,2023-02-03,2023,1,Sideways,1,0.7965,BUY,1,1,0.5953,BUY,1,10,"SMA_20,EMA_12,EMA_26,Rolling_Volatility,BB_Width,MACD_Signal,SMA_50,OBV,RSI_14,Stochastic",SMA_20
POWERGRID,2023-02-06,2023,1,Sideways,1,0.7748,BUY,1,1,0.7056,BUY,1,10,"SMA_20,EMA_12,EMA_26,Rolling_Volatility,BB_Width,MACD_Signal,SMA_50,OBV,RSI_14,Stochastic",SMA_20
POWERGRID,2023-02-07,2023,1,Sideways,1,0.7722,BUY,1,1,0.8399,BUY,1,10,"SMA_20,EMA_12,EMA_26,Rolling_Volatility,BB_Width,MACD_Signal,SMA_50,OBV,RSI_14,Stochastic",SMA_20
POWERGRID,2023-02-08,2023,1,Sideways,1,0.7577,BUY,1,1,0.9245,BUY,1,10,"SMA_20,EMA_12,EMA_26,Rolling_Volatility,BB_Width,MACD_Signal,SMA_50,OBV,RSI_14,Stochastic",SMA_20
POWERGRID,2023-02-09,2023,1,Sideways,1,0.7382,BUY,1,1,0.9255,BUY,1,10,"SMA_20,EMA_12,EMA_26,Rolling_Volatility,BB_Width,MACD_Signal,SMA_50,OBV,RSI_14,Stochastic",SMA_20
POWERGRID,2023-02-10,2023,1,Sideways,1,0.6935,BUY,1,1,0.9247,BUY,1,10,"SMA_20,EMA_12,EMA_26,Rolling_Volatility,BB_Width,MACD_Signal,SMA_50,OBV,RSI_14,Stochastic",SMA_20
POWERGRID,2023-02-13,2023,1,Sideways,1,0.6388,BUY,1,1,0.8802,BUY,1,10,"SMA_20,EMA_12,EMA_26,Rolling_Volatility,BB_Width,MACD_Signal,SMA_50,OBV,RSI_14,Stochastic",SMA_20
POWERGRID,2023-02-14,2023,1,Sideways,1,0.6607,BUY,1,1,0.8911,BUY,1,10,"SMA_20,EMA_12,EMA_26,Rolling_Volatility,BB_Width,MACD_Signal,SMA_50,OBV,RSI_14,Stochastic",SMA_20
POWERGRID,2023-02-15,2023,1,Sideways,1,0.6782,BUY,1,1,0.9003,BUY,1,10,"SMA_20,EMA_12,EMA_26,Rolling_Volatility,BB_Width,MACD_Signal,SMA_50,OBV,RSI_14,Stochastic",SMA_20
POWERGRID,2023-02-16,2023,1,Sideways,1,0.7093,BUY,1,1,0.9032,BUY,1,10,"SMA_20,EMA_12,EMA_26,Rolling_Volatility,BB_Width,MACD_Signal,SMA_50,OBV,RSI_14,Stochastic",SMA_20
POWERGRID,2023-02-17,2023,1,Sideways,1,0.6684,BUY,1,1,0.9091,BUY,1,10,"SMA_20,EMA_12,EMA_26,Rolling_Volatility,BB_Width,MACD_Signal,SMA_50,OBV,RSI_14,Stochastic",SMA_20
POWERGRID,2023-02-20,2023,1,Sideways,1,0.7263,BUY,1,1,0.9137,BUY,1,10,"SMA_20,EMA_12,EMA_26,Rolling_Volatility,BB_Width,MACD_Signal,SMA_50,OBV,RSI_14,Stochastic",SMA_20
POWERGRID,2023-02-21,2023,1,Sideways,1,0.6826,BUY,1,1,0.9234,BUY,1,10,"SMA_20,EMA_12,EMA_26,Rolling_Volatility,BB_Width,MACD_Signal,SMA_50,OBV,RSI_14,Stochastic",SMA_20
POWERGRID,2023-02-22,2023,1,Sideways,1,0.659,BUY,1,1,0.9314,BUY,1,10,"SMA_20,EMA_12,EMA_26,Rolling_Volatility,BB_Width,MACD_Signal,SMA_50,OBV,RSI_14,Stochastic",SMA_20
POWERGRID,2023-02-23,2023,1,Sideways,1,0.7326,BUY,1,1,0.9246,BUY,1,10,"SMA_20,EMA_12,EMA_26,Rolling_Volatility,BB_Width,MACD_Signal,SMA_50,OBV,RSI_14,Stochastic",SMA_20
POWERGRID,2023-02-24,2023,1,Sideways,1,0.7662,BUY,1,1,0.9179,BUY,1,10,"SMA_20,EMA_12,EMA_26,Rolling_Volatility,BB_Width,MACD_Signal,SMA_50,OBV,RSI_14,Stochastic",SMA_20
POWERGRID,2023-02-27,2023,1,Sideways,1,0.6974,BUY,1,1,0.9311,BUY,1,10,"SMA_20,EMA_12,EMA_26,Rolling_Volatility,BB_Width,MACD_Signal,SMA_50,OBV,RSI_14,Stochastic",SMA_20
POWERGRID,2023-02-28,2023,1,Sideways,1,0.719,BUY,1,1,0.9436,BUY,1,10,"SMA_20,EMA_12,EMA_26,Rolling_Volatility,BB_Width,MACD_Signal,SMA_50,OBV,RSI_14,Stochastic",SMA_20
POWERGRID,2023-03-01,2023,1,Sideways,1,0.5323,NO TRADE,1,1,0.9457,BUY,1,10,"SMA_20,EMA_12,EMA_26,Rolling_Volatility,BB_Width,MACD_Signal,SMA_50,OBV,RSI_14,Stochastic",SMA_20
POWERGRID,2023-03-02,2023,1,Sideways,0,0.5028,NO TRADE,0,1,0.8083,BUY,1,10,"SMA_20,EMA_12,EMA_26,Rolling_Volatility,BB_Width,MACD_Signal,SMA_50,OBV,RSI_14,Stochastic",SMA_20
POWERGRID,2023-03-03,2023,1,Sideways,0,0.5133,NO TRADE,0,1,0.8339,BUY,1,10,"SMA_20,EMA_12,EMA_26,Rolling_Volatility,BB_Width,MACD_Signal,SMA_50,OBV,RSI_14,Stochastic",SMA_20
POWERGRID,2023-03-06,2023,0,Sideways,0,0.6087,SELL,1,1,0.7639,BUY,0,10,"SMA_20,EMA_12,EMA_26,Rolling_Volatility,BB_Width,MACD_Signal,SMA_50,OBV,RSI_14,Stochastic",SMA_20
POWERGRID,2023-03-08,2023,1,Sideways,0,0.6308,SELL,0,1,0.626,BUY,1,10,"SMA_20,EMA_12,EMA_26,Rolling_Volatility,BB_Width,MACD_Signal,SMA_50,OBV,RSI_14,Stochastic",SMA_20
POWERGRID,2023-03-09,2023,1,Sideways,0,0.5275,NO TRADE,0,1,0.8078,BUY,1,10,"SMA_20,EMA_12,EMA_26,Rolling_Volatility,BB_Width,MACD_Signal,SMA_50,OBV,RSI_14,Stochastic",SMA_20
POWERGRID,2023-03-10,2023,1,Sideways,0,0.5011,NO TRADE,0,1,0.9038,BUY,1,10,"SMA_20,EMA_12,EMA_26,Rolling_Volatility,BB_Width,MACD_Signal,SMA_50,OBV,RSI_14,Stochastic",SMA_20
POWERGRID,2023-03-13,2023,1,Sideways,0,0.5031,NO TRADE,0,1,0.9048,BUY,1,10,"SMA_20,EMA_12,EMA_26,Rolling_Volatility,BB_Width,MACD_Signal,SMA_50,OBV,RSI_14,Stochastic",SMA_20
POWERGRID,2023-03-14,2023,1,Sideways,1,0.5126,NO TRADE,1,1,0.9065,BUY,1,10,"SMA_20,EMA_12,EMA_26,Rolling_Volatility,BB_Width,MACD_Signal,SMA_50,OBV,RSI_14,Stochastic",SMA_20
POWERGRID,2023-03-15,2023,1,Sideways,1,0.5226,NO TRADE,1,1,0.9094,BUY,1,10,"SMA_20,EMA_12,EMA_26,Rolling_Volatility,BB_Width,MACD_Signal,SMA_50,OBV,RSI_14,Stochastic",SMA_20
POWERGRID,2023-03-16,2023,0,Sideways,1,0.5241,NO TRADE,0,1,0.9019,BUY,0,10,"SMA_20,EMA_12,EMA_26,Rolling_Volatility,BB_Width,MACD_Signal,SMA_50,OBV,RSI_14,Stochastic",SMA_20
POWERGRID,2023-03-17,2023,1,Sideways,1,0.5185,NO TRADE,1,1,0.8974,BUY,1,10,"SMA_20,EMA_12,EMA_26,Rolling_Volatility,BB_Width,MACD_Signal,SMA_50,OBV,RSI_14,Stochastic",SMA_20
POWERGRID,2023-03-20,2023,1,Sideways,1,0.5545,BUY,1,1,0.886,BUY,1,10,"EMA_12,EMA_26,SMA_20,Return_5d,BB_Width,ATR_14,SMA_50,BB_Upper,ADX,Rolling_Volatility",EMA_12
POWERGRID,2023-03-21,2023,1,Sideways,1,0.6921,BUY,1,1,0.9121,BUY,1,10,"EMA_12,EMA_26,SMA_20,Return_5d,BB_Width,ATR_14,SMA_50,BB_Upper,ADX,Rolling_Volatility",EMA_12
POWERGRID,2023-03-22,2023,1,Sideways,1,0.6746,BUY,1,1,0.9151,BUY,1,10,"EMA_12,EMA_26,SMA_20,Return_5d,BB_Width,ATR_14,SMA_50,BB_Upper,ADX,Rolling_Volatility",EMA_12
POWERGRID,2023-03-23,2023,1,Sideways,1,0.6533,BUY,1,1,0.922,BUY,1,10,"EMA_12,EMA_26,SMA_20,Return_5d,BB_Width,ATR_14,SMA_50,BB_Upper,ADX,Rolling_Volatility",EMA_12
POWERGRID,2023-03-24,2023,1,Sideways,1,0.6566,BUY,1,1,0.9247,BUY,1,10,"EMA_12,EMA_26,SMA_20,Return_5d,BB_Width,ATR_14,SMA_50,BB_Upper,ADX,Rolling_Volatility",EMA_12
POWERGRID,2023-03-27,2023,1,Sideways,1,0.7895,BUY,1,1,0.8821,BUY,1,10,"EMA_12,EMA_26,SMA_20,Return_5d,BB_Width,ATR_14,SMA_50,BB_Upper,ADX,Rolling_Volatility",EMA_12
POWERGRID,2023-03-28,2023,1,Sideways,1,0.7644,BUY,1,1,0.8966,BUY,1,10,"EMA_12,EMA_26,SMA_20,Return_5d,BB_Width,ATR_14,SMA_50,BB_Upper,ADX,Rolling_Volatility",EMA_12
POWERGRID,2023-03-29,2023,1,Sideways,1,0.7688,BUY,1,1,0.8927,BUY,1,10,"EMA_12,EMA_26,SMA_20,Return_5d,BB_Width,ATR_14,SMA_50,BB_Upper,ADX,Rolling_Volatility",EMA_12
POWERGRID,2023-03-31,2023,1,Sideways,1,0.696,BUY,1,1,0.8443,BUY,1,10,"EMA_12,EMA_26,SMA_20,Return_5d,BB_Width,ATR_14,SMA_50,BB_Upper,ADX,Rolling_Volatility",EMA_12
POWERGRID,2023-04-03,2023,1,Sideways,1,0.7238,BUY,1,1,0.8881,BUY,1,10,"EMA_12,EMA_26,SMA_20,Return_5d,BB_Width,ATR_14,SMA_50,BB_Upper,ADX,Rolling_Volatility",EMA_12
POWERGRID,2023-04-05,2023,1,Sideways,1,0.7858,BUY,1,1,0.8673,BUY,1,10,"EMA_12,EMA_26,SMA_20,Return_5d,BB_Width,ATR_14,SMA_50,BB_Upper,ADX,Rolling_Volatility",EMA_12
POWERGRID,2023-04-06,2023,1,Sideways,1,0.8981,BUY,1,1,0.9062,BUY,1,10,"EMA_12,EMA_26,SMA_20,Return_5d,BB_Width,ATR_14,SMA_50,BB_Upper,ADX,Rolling_Volatility",EMA_12
POWERGRID,2023-04-10,2023,1,Sideways,1,0.778,BUY,1,1,0.912,BUY,1,10,"EMA_12,EMA_26,SMA_20,Return_5d,BB_Width,ATR_14,SMA_50,BB_Upper,ADX,Rolling_Volatility",EMA_12
POWERGRID,2023-04-11,2023,1,Sideways,1,0.7691,BUY,1,1,0.9391,BUY,1,10,"EMA_12,EMA_26,SMA_20,Return_5d,BB_Width,ATR_14,SMA_50,BB_Upper,ADX,Rolling_Volatility",EMA_12
POWERGRID,2023-04-12,2023,1,Sideways,1,0.7455,BUY,1,1,0.9381,BUY,1,10,"EMA_12,EMA_26,SMA_20,Return_5d,BB_Width,ATR_14,SMA_50,BB_Upper,ADX,Rolling_Volatility",EMA_12
POWERGRID,2023-04-13,2023,1,Sideways,1,0.7036,BUY,1,1,0.9367,BUY,1,10,"EMA_12,EMA_26,SMA_20,Return_5d,BB_Width,ATR_14,SMA_50,BB_Upper,ADX,Rolling_Volatility",EMA_12
POWERGRID,2023-04-17,2023,1,Sideways,1,0.5841,BUY,1,1,0.9093,BUY,1,10,"EMA_12,EMA_26,SMA_20,Return_5d,BB_Width,ATR_14,SMA_50,BB_Upper,ADX,Rolling_Volatility",EMA_12
POWERGRID,2023-04-18,2023,1,Sideways,1,0.7643,BUY,1,1,0.9315,BUY,1,10,"EMA_12,EMA_26,SMA_20,Return_5d,BB_Width,ATR_14,SMA_50,BB_Upper,ADX,Rolling_Volatility",EMA_12
POWERGRID,2023-04-19,2023,1,Sideways,1,0.8076,BUY,1,1,0.9336,BUY,1,10,"EMA_12,EMA_26,SMA_20,Return_5d,BB_Width,ATR_14,SMA_50,BB_Upper,ADX,Rolling_Volatility",EMA_12
POWERGRID,2023-04-20,2023,1,Sideways,1,0.8034,BUY,1,1,0.935,BUY,1,10,"EMA_12,EMA_26,SMA_20,Return_5d,BB_Width,ATR_14,SMA_50,BB_Upper,ADX,Rolling_Volatility",EMA_12
POWERGRID,2023-04-21,2023,1,Sideways,1,0.8198,BUY,1,1,0.9362,BUY,1,10,"EMA_12,EMA_26,SMA_20,Return_5d,BB_Width,ATR_14,SMA_50,BB_Upper,ADX,Rolling_Volatility",EMA_12
POWERGRID,2023-04-24,2023,1,Sideways,1,0.8217,BUY,1,1,0.9389,BUY,1,10,"EMA_12,EMA_26,SMA_20,Return_5d,BB_Width,ATR_14,SMA_50,BB_Upper,ADX,Rolling_Volatility",EMA_12
POWERGRID,2023-04-25,2023,1,Sideways,1,0.8133,BUY,1,1,0.9336,BUY,1,10,"EMA_12,EMA_26,SMA_20,Return_5d,BB_Width,ATR_14,SMA_50,BB_Upper,ADX,Rolling_Volatility",EMA_12
POWERGRID,2023-04-26,2023,0,Sideways,1,0.6191,BUY,0,1,0.8326,BUY,0,10,"EMA_12,EMA_26,SMA_20,Return_5d,BB_Width,ATR_14,SMA_50,BB_Upper,ADX,Rolling_Volatility",EMA_12
POWERGRID,2023-04-27,2023,1,Sideways,1,0.5936,BUY,1,1,0.8394,BUY,1,10,"EMA_12,EMA_26,SMA_20,Return_5d,BB_Width,ATR_14,SMA_50,BB_Upper,ADX,Rolling_Volatility",EMA_12
POWERGRID,2023-04-28,2023,0,Sideways,1,0.5696,BUY,0,1,0.9292,BUY,0,10,"EMA_12,EMA_26,SMA_20,Return_5d,BB_Width,ATR_14,SMA_50,BB_Upper,ADX,Rolling_Volatility",EMA_12
POWERGRID,2023-05-02,2023,0,Sideways,1,0.6094,BUY,0,1,0.8298,BUY,0,10,"EMA_12,EMA_26,SMA_20,Return_5d,BB_Width,ATR_14,SMA_50,BB_Upper,ADX,Rolling_Volatility",EMA_12
POWERGRID,2023-05-03,2023,0,Sideways,1,0.5174,NO TRADE,0,1,0.6811,BUY,0,10,"EMA_12,EMA_26,SMA_20,Return_5d,BB_Width,ATR_14,SMA_50,BB_Upper,ADX,Rolling_Volatility",EMA_12
POWERGRID,2023-05-04,2023,0,Sideways,0,0.6281,SELL,1,1,0.6219,BUY,0,10,"EMA_12,EMA_26,SMA_20,Return_5d,BB_Width,ATR_14,SMA_50,BB_Upper,ADX,Rolling_Volatility",EMA_12
POWERGRID,2023-05-05,2023,0,Sideways,0,0.5907,SELL,1,1,0.537,NO TRADE,0,10,"EMA_12,EMA_26,SMA_20,Return_5d,BB_Width,ATR_14,SMA_50,BB_Upper,ADX,Rolling_Volatility",EMA_12
POWERGRID,2023-05-08,2023,0,Sideways,0,0.6559,SELL,1,1,0.6086,BUY,0,10,"EMA_12,ATR_14,SMA_50,OBV,Stochastic,SMA_20,Return_5d,Williams_R,BB_Upper,SMA_10",EMA_12
POWERGRID,2023-05-09,2023,0,Sideways,0,0.6221,SELL,1,0,0.569,SELL,1,10,"EMA_12,ATR_14,SMA_50,OBV,Stochastic,SMA_20,Return_5d,Williams_R,BB_Upper,SMA_10",EMA_12
POWERGRID,2023-05-10,2023,0,Sideways,0,0.7441,SELL,1,1,0.5398,NO TRADE,0,10,"EMA_12,ATR_14,SMA_50,OBV,Stochastic,SMA_20,Return_5d,Williams_R,BB_Upper,SMA_10",EMA_12
POWERGRID,2023-05-11,2023,0,Sideways,0,0.7239,SELL,1,0,0.5834,SELL,1,10,"EMA_12,ATR_14,SMA_50,OBV,Stochastic,SMA_20,Return_5d,Williams_R,BB_Upper,SMA_10",EMA_12
POWERGRID,2023-05-12,2023,1,Sideways,0,0.76,SELL,0,0,0.6733,SELL,0,10,"EMA_12,ATR_14,SMA_50,OBV,Stochastic,SMA_20,Return_5d,Williams_R,BB_Upper,SMA_10",EMA_12
POWERGRID,2023-05-15,2023,0,Sideways,0,0.7042,SELL,1,1,0.5999,BUY,0,10,"EMA_12,ATR_14,SMA_50,OBV,Stochastic,SMA_20,Return_5d,Williams_R,BB_Upper,SMA_10",EMA_12
POWERGRID,2023-05-16,2023,1,Sideways,0,0.6192,SELL,0,0,0.5268,NO TRADE,0,10,"EMA_12,ATR_14,SMA_50,OBV,Stochastic,SMA_20,Return_5d,Williams_R,BB_Upper,SMA_10",EMA_12
POWERGRID,2023-05-17,2023,1,Sideways,1,0.5242,NO TRADE,1,1,0.5707,BUY,1,10,"EMA_12,ATR_14,SMA_50,OBV,Stochastic,SMA_20,Return_5d,Williams_R,BB_Upper,SMA_10",EMA_12
POWERGRID,2023-05-18,2023,1,Sideways,1,0.5492,NO TRADE,1,1,0.7196,BUY,1,10,"EMA_12,ATR_14,SMA_50,OBV,Stochastic,SMA_20,Return_5d,Williams_R,BB_Upper,SMA_10",EMA_12
POWERGRID,2023-05-19,2023,1,Sideways,1,0.7143,BUY,1,1,0.9669,BUY,1,10,"EMA_12,ATR_14,SMA_50,OBV,Stochastic,SMA_20,Return_5d,Williams_R,BB_Upper,SMA_10",EMA_12
POWERGRID,2023-05-22,2023,1,Sideways,1,0.7388,BUY,1,1,0.9555,BUY,1,10,"EMA_12,ATR_14,SMA_50,OBV,Stochastic,SMA_20,Return_5d,Williams_R,BB_Upper,SMA_10",EMA_12
POWERGRID,2023-05-23,2023,1,Sideways,1,0.7466,BUY,1,1,0.9734,BUY,1,10,"EMA_12,ATR_14,SMA_50,OBV,Stochastic,SMA_20,Return_5d,Williams_R,BB_Upper,SMA_10",EMA_12
POWERGRID,2023-05-24,2023,1,Sideways,1,0.7393,BUY,1,1,0.9724,BUY,1,10,"EMA_12,ATR_14,SMA_50,OBV,Stochastic,SMA_20,Return_5d,Williams_R,BB_Upper,SMA_10",EMA_12
POWERGRID,2023-05-25,2023,1,Sideways,1,0.7106,BUY,1,1,0.9687,BUY,1,10,"EMA_12,ATR_14,SMA_50,OBV,Stochastic,SMA_20,Return_5d,Williams_R,BB_Upper,SMA_10",EMA_12
POWERGRID,2023-05-26,2023,1,Sideways,1,0.698,BUY,1,1,0.9677,BUY,1,10,"EMA_12,ATR_14,SMA_50,OBV,Stochastic,SMA_20,Return_5d,Williams_R,BB_Upper,SMA_10",EMA_12
POWERGRID,2023-05-29,2023,1,Sideways,1,0.7548,BUY,1,1,0.9709,BUY,1,10,"EMA_12,ATR_14,SMA_50,OBV,Stochastic,SMA_20,Return_5d,Williams_R,BB_Upper,SMA_10",EMA_12
POWERGRID,2023-05-30,2023,1,Sideways,1,0.7565,BUY,1,1,0.9748,BUY,1,10,"EMA_12,ATR_14,SMA_50,OBV,Stochastic,SMA_20,Return_5d,Williams_R,BB_Upper,SMA_10",EMA_12
POWERGRID,2023-05-31,2023,1,Sideways,1,0.8008,BUY,1,1,0.9782,BUY,1,10,"EMA_12,ATR_14,SMA_50,OBV,Stochastic,SMA_20,Return_5d,Williams_R,BB_Upper,SMA_10",EMA_12
POWERGRID,2023-06-01,2023,1,Sideways,1,0.7952,BUY,1,1,0.9778,BUY,1,10,"EMA_12,ATR_14,SMA_50,OBV,Stochastic,SMA_20,Return_5d,Williams_R,BB_Upper,SMA_10",EMA_12
POWERGRID,2023-06-02,2023,1,Sideways,1,0.7875,BUY,1,1,0.9741,BUY,1,10,"EMA_12,ATR_14,SMA_50,OBV,Stochastic,SMA_20,Return_5d,Williams_R,BB_Upper,SMA_10",EMA_12
POWERGRID,2023-06-05,2023,1,Sideways,1,0.7637,BUY,1,1,0.9666,BUY,1,10,"EMA_12,ATR_14,SMA_50,OBV,Stochastic,SMA_20,Return_5d,Williams_R,BB_Upper,SMA_10",EMA_12
POWERGRID,2023-06-06,2023,1,Sideways,1,0.6849,BUY,1,1,0.9599,BUY,1,10,"EMA_12,ATR_14,SMA_50,OBV,Stochastic,SMA_20,Return_5d,Williams_R,BB_Upper,SMA_10",EMA_12
POWERGRID,2023-06-07,2023,1,Sideways,1,0.8435,BUY,1,1,0.891,BUY,1,10,"EMA_12,ATR_14,SMA_50,OBV,Stochastic,SMA_20,Return_5d,Williams_R,BB_Upper,SMA_10",EMA_12
POWERGRID,2023-06-08,2023,1,Sideways,1,0.8482,BUY,1,1,0.9566,BUY,1,10,"EMA_12,ATR_14,SMA_50,OBV,Stochastic,SMA_20,Return_5d,Williams_R,BB_Upper,SMA_10",EMA_12
POWERGRID,2023-06-09,2023,1,Sideways,1,0.7253,BUY,1,1,0.988,BUY,1,10,"EMA_12,ATR_14,SMA_50,OBV,Stochastic,SMA_20,Return_5d,Williams_R,BB_Upper,SMA_10",EMA_12
POWERGRID,2023-06-12,2023,1,Sideways,1,0.8366,BUY,1,1,0.9666,BUY,1,10,"EMA_12,ATR_14,SMA_50,OBV,Stochastic,SMA_20,Return_5d,Williams_R,BB_Upper,SMA_10",EMA_12
POWERGRID,2023-06-13,2023,1,Sideways,1,0.8597,BUY,1,1,0.9666,BUY,1,10,"EMA_12,ATR_14,SMA_50,OBV,Stochastic,SMA_20,Return_5d,Williams_R,BB_Upper,SMA_10",EMA_12
POWERGRID,2023-06-14,2023,0,Sideways,1,0.7828,BUY,0,1,0.9897,BUY,0,10,"EMA_12,ATR_14,SMA_50,OBV,Stochastic,SMA_20,Return_5d,Williams_R,BB_Upper,SMA_10",EMA_12
POWERGRID,2023-06-15,2023,0,Sideways,1,0.6886,BUY,0,1,0.917,BUY,0,10,"EMA_12,ATR_14,SMA_50,OBV,Stochastic,SMA_20,Return_5d,Williams_R,BB_Upper,SMA_10",EMA_12
POWERGRID,2023-06-16,2023,0,Sideways,1,0.5783,BUY,0,1,0.8375,BUY,0,10,"EMA_12,ATR_14,SMA_50,OBV,Stochastic,SMA_20,Return_5d,Williams_R,BB_Upper,SMA_10",EMA_12
POWERGRID,2023-06-19,2023,0,Sideways,1,0.5903,BUY,0,1,0.9124,BUY,0,10,"RSI_14,MACD,EMA_12,SMA_50,Williams_R,OBV,Volume_MA,SMA_20,ROC,Rolling_Volatility",RSI_14
POWERGRID,2023-06-20,2023,0,Sideways,0,0.5083,NO TRADE,1,1,0.7554,BUY,0,10,"RSI_14,MACD,EMA_12,SMA_50,Williams_R,OBV,Volume_MA,SMA_20,ROC,Rolling_Volatility",RSI_14
POWERGRID,2023-06-21,2023,0,Sideways,0,0.5353,NO TRADE,1,1,0.6767,BUY,0,10,"RSI_14,MACD,EMA_12,SMA_50,Williams_R,OBV,Volume_MA,SMA_20,ROC,Rolling_Volatility",RSI_14
POWERGRID,2023-06-22,2023,0,Sideways,1,0.5697,BUY,0,1,0.7713,BUY,0,10,"RSI_14,MACD,EMA_12,SMA_50,Williams_R,OBV,Volume_MA,SMA_20,ROC,Rolling_Volatility",RSI_14
POWERGRID,2023-06-23,2023,0,Sideways,1,0.529,NO TRADE,0,1,0.7668,BUY,0,10,"RSI_14,MACD,EMA_12,SMA_50,Williams_R,OBV,Volume_MA,SMA_20,ROC,Rolling_Volatility",RSI_14
POWERGRID,2023-06-26,2023,1,Sideways,1,0.5924,BUY,1,1,0.7712,BUY,1,10,"RSI_14,MACD,EMA_12,SMA_50,Williams_R,OBV,Volume_MA,SMA_20,ROC,Rolling_Volatility",RSI_14
POWERGRID,2023-06-27,2023,1,Sideways,1,0.7106,BUY,1,1,0.7852,BUY,1,10,"RSI_14,MACD,EMA_12,SMA_50,Williams_R,OBV,Volume_MA,SMA_20,ROC,Rolling_Volatility",RSI_14
POWERGRID,2023-06-28,2023,1,Sideways,1,0.6065,BUY,1,1,0.6991,BUY,1,10,"RSI_14,MACD,EMA_12,SMA_50,Williams_R,OBV,Volume_MA,SMA_20,ROC,Rolling_Volatility",RSI_14
POWERGRID,2023-06-30,2023,1,Sideways,0,0.6284,SELL,0,1,0.782,BUY,1,10,"RSI_14,MACD,EMA_12,SMA_50,Williams_R,OBV,Volume_MA,SMA_20,ROC,Rolling_Volatility",RSI_14
POWERGRID,2023-07-03,2023,1,Sideways,1,0.6551,BUY,1,1,0.9015,BUY,1,10,"RSI_14,MACD,EMA_12,SMA_50,Williams_R,OBV,Volume_MA,SMA_20,ROC,Rolling_Volatility",RSI_14
POWERGRID,2023-07-04,2023,1,Sideways,1,0.6968,BUY,1,1,0.8695,BUY,1,10,"RSI_14,MACD,EMA_12,SMA_50,Williams_R,OBV,Volume_MA,SMA_20,ROC,Rolling_Volatility",RSI_14
POWERGRID,2023-07-05,2023,0,Sideways,0,0.5217,NO TRADE,1,1,0.922,BUY,0,10,"RSI_14,MACD,EMA_12,SMA_50,Williams_R,OBV,Volume_MA,SMA_20,ROC,Rolling_Volatility",RSI_14
POWERGRID,2023-07-06,2023,0,Sideways,0,0.9921,SELL,1,1,0.7711,BUY,0,10,"RSI_14,MACD,EMA_12,SMA_50,Williams_R,OBV,Volume_MA,SMA_20,ROC,Rolling_Volatility",RSI_14
POWERGRID,2023-07-07,2023,0,Sideways,0,0.9518,SELL,1,1,0.8092,BUY,0,10,"RSI_14,MACD,EMA_12,SMA_50,Williams_R,OBV,Volume_MA,SMA_20,ROC,Rolling_Volatility",RSI_14
POWERGRID,2023-07-10,2023,0,Sideways,0,0.5826,SELL,1,1,0.8304,BUY,0,10,"RSI_14,MACD,EMA_12,SMA_50,Williams_R,OBV,Volume_MA,SMA_20,ROC,Rolling_Volatility",RSI_14
POWERGRID,2023-07-11,2023,0,Sideways,0,0.7326,SELL,1,1,0.7683,BUY,0,10,"RSI_14,MACD,EMA_12,SMA_50,Williams_R,OBV,Volume_MA,SMA_20,ROC,Rolling_Volatility",RSI_14
POWERGRID,2023-07-12,2023,0,Sideways,0,0.6129,SELL,1,1,0.6427,BUY,0,10,"RSI_14,MACD,EMA_12,SMA_50,Williams_R,OBV,Volume_MA,SMA_20,ROC,Rolling_Volatility",RSI_14
POWERGRID,2023-07-13,2023,1,Sideways,1,0.6238,BUY,1,1,0.524,NO TRADE,1,10,"RSI_14,MACD,EMA_12,SMA_50,Williams_R,OBV,Volume_MA,SMA_20,ROC,Rolling_Volatility",RSI_14
POWERGRID,2023-07-14,2023,1,Sideways,1,0.9021,BUY,1,0,0.5351,NO TRADE,0,10,"RSI_14,MACD,EMA_12,SMA_50,Williams_R,OBV,Volume_MA,SMA_20,ROC,Rolling_Volatility",RSI_14
POWERGRID,2023-07-17,2023,1,Sideways,1,0.9725,BUY,1,1,0.8646,BUY,1,10,"RSI_14,MACD,EMA_12,SMA_50,Williams_R,OBV,Volume_MA,SMA_20,ROC,Rolling_Volatility",RSI_14
POWERGRID,2023-07-18,2023,1,Sideways,1,0.8748,BUY,1,1,0.8721,BUY,1,10,"RSI_14,MACD,EMA_12,SMA_50,Williams_R,OBV,Volume_MA,SMA_20,ROC,Rolling_Volatility",RSI_14
POWERGRID,2023-07-19,2023,1,Sideways,1,0.8684,BUY,1,1,0.7738,BUY,1,10,"RSI_14,MACD,EMA_12,SMA_50,Williams_R,OBV,Volume_MA,SMA_20,ROC,Rolling_Volatility",RSI_14
POWERGRID,2023-07-20,2023,1,Sideways,1,0.9253,BUY,1,1,0.8915,BUY,1,10,"RSI_14,MACD,EMA_12,SMA_50,Williams_R,OBV,Volume_MA,SMA_20,ROC,Rolling_Volatility",RSI_14
POWERGRID,2023-07-21,2023,1,Sideways,1,0.8253,BUY,1,1,0.9048,BUY,1,10,"RSI_14,MACD,EMA_12,SMA_50,Williams_R,OBV,Volume_MA,SMA_20,ROC,Rolling_Volatility",RSI_14
POWERGRID,2023-07-24,2023,1,Sideways,1,0.769,BUY,1,1,0.9074,BUY,1,10,"RSI_14,MACD,EMA_12,SMA_50,Williams_R,OBV,Volume_MA,SMA_20,ROC,Rolling_Volatility",RSI_14
POWERGRID,2023-07-25,2023,1,Sideways,1,0.8607,BUY,1,1,0.9088,BUY,1,10,"RSI_14,MACD,EMA_12,SMA_50,Williams_R,OBV,Volume_MA,SMA_20,ROC,Rolling_Volatility",RSI_14
POWERGRID,2023-07-26,2023,1,Sideways,1,0.8922,BUY,1,1,0.9128,BUY,1,10,"RSI_14,MACD,EMA_12,SMA_50,Williams_R,OBV,Volume_MA,SMA_20,ROC,Rolling_Volatility",RSI_14
POWERGRID,2023-07-27,2023,0,Sideways,1,0.8874,BUY,0,1,0.9115,BUY,0,10,"RSI_14,MACD,EMA_12,SMA_50,Williams_R,OBV,Volume_MA,SMA_20,ROC,Rolling_Volatility",RSI_14
POWERGRID,2023-07-28,2023,0,Sideways,1,0.5559,BUY,0,1,0.9369,BUY,0,10,"RSI_14,MACD,EMA_12,SMA_50,Williams_R,OBV,Volume_MA,SMA_20,ROC,Rolling_Volatility",RSI_14
POWERGRID,2023-07-31,2023,0,Sideways,0,0.7861,SELL,1,1,0.7727,BUY,0,10,"RSI_14,MACD,EMA_12,SMA_50,Williams_R,OBV,Volume_MA,SMA_20,ROC,Rolling_Volatility",RSI_14
POWERGRID,2023-08-01,2023,1,Sideways,0,0.6526,SELL,0,1,0.7619,BUY,1,10,"MACD,SMA_20,Williams_R,SMA_10,SMA_50,OBV,RSI_14,BB_Upper,Rolling_Volatility,Daily_Return",MACD
POWERGRID,2023-08-02,2023,1,Sideways,1,0.8461,BUY,1,1,0.7904,BUY,1,10,"MACD,SMA_20,Williams_R,SMA_10,SMA_50,OBV,RSI_14,BB_Upper,Rolling_Volatility,Daily_Return",MACD
POWERGRID,2023-08-03,2023,1,Sideways,1,0.8783,BUY,1,1,0.7531,BUY,1,10,"MACD,SMA_20,Williams_R,SMA_10,SMA_50,OBV,RSI_14,BB_Upper,Rolling_Volatility,Daily_Return",MACD
POWERGRID,2023-08-04,2023,1,Sideways,1,0.8988,BUY,1,1,0.8068,BUY,1,10,"MACD,SMA_20,Williams_R,SMA_10,SMA_50,OBV,RSI_14,BB_Upper,Rolling_Volatility,Daily_Return",MACD
POWERGRID,2023-08-07,2023,1,Sideways,1,0.8786,BUY,1,1,0.8097,BUY,1,10,"MACD,SMA_20,Williams_R,SMA_10,SMA_50,OBV,RSI_14,BB_Upper,Rolling_Volatility,Daily_Return",MACD
POWERGRID,2023-08-08,2023,1,Sideways,1,0.8091,BUY,1,1,0.8412,BUY,1,10,"MACD,SMA_20,Williams_R,SMA_10,SMA_50,OBV,RSI_14,BB_Upper,Rolling_Volatility,Daily_Return",MACD
POWERGRID,2023-08-09,2023,1,Sideways,1,0.8252,BUY,1,1,0.8578,BUY,1,10,"MACD,SMA_20,Williams_R,SMA_10,SMA_50,OBV,RSI_14,BB_Upper,Rolling_Volatility,Daily_Return",MACD
POWERGRID,2023-08-10,2023,1,Sideways,1,0.8254,BUY,1,1,0.8472,BUY,1,10,"MACD,SMA_20,Williams_R,SMA_10,SMA_50,OBV,RSI_14,BB_Upper,Rolling_Volatility,Daily_Return",MACD
POWERGRID,2023-08-11,2023,1,Sideways,1,0.8851,BUY,1,1,0.8329,BUY,1,10,"MACD,SMA_20,Williams_R,SMA_10,SMA_50,OBV,RSI_14,BB_Upper,Rolling_Volatility,Daily_Return",MACD
POWERGRID,2023-08-14,2023,1,Sideways,1,0.9416,BUY,1,1,0.7823,BUY,1,10,"MACD,SMA_20,Williams_R,SMA_10,SMA_50,OBV,RSI_14,BB_Upper,Rolling_Volatility,Daily_Return",MACD
POWERGRID,2023-08-16,2023,1,Sideways,1,0.9033,BUY,1,1,0.7545,BUY,1,10,"MACD,SMA_20,Williams_R,SMA_10,SMA_50,OBV,RSI_14,BB_Upper,Rolling_Volatility,Daily_Return",MACD
POWERGRID,2023-08-17,2023,1,Sideways,1,0.9157,BUY,1,1,0.8467,BUY,1,10,"MACD,SMA_20,Williams_R,SMA_10,SMA_50,OBV,RSI_14,BB_Upper,Rolling_Volatility,Daily_Return",MACD
POWERGRID,2023-08-18,2023,1,Sideways,1,0.9165,BUY,1,1,0.8736,BUY,1,10,"MACD,SMA_20,Williams_R,SMA_10,SMA_50,OBV,RSI_14,BB_Upper,Rolling_Volatility,Daily_Return",MACD
POWERGRID,2023-08-21,2023,1,Sideways,1,0.9344,BUY,1,1,0.7835,BUY,1,10,"MACD,SMA_20,Williams_R,SMA_10,SMA_50,OBV,RSI_14,BB_Upper,Rolling_Volatility,Daily_Return",MACD
POWERGRID,2023-08-22,2023,1,Sideways,1,0.9539,BUY,1,1,0.8296,BUY,1,10,"MACD,SMA_20,Williams_R,SMA_10,SMA_50,OBV,RSI_14,BB_Upper,Rolling_Volatility,Daily_Return",MACD
POWERGRID,2023-08-23,2023,1,Sideways,1,0.8616,BUY,1,1,0.8105,BUY,1,10,"MACD,SMA_20,Williams_R,SMA_10,SMA_50,OBV,RSI_14,BB_Upper,Rolling_Volatility,Daily_Return",MACD
POWERGRID,2023-08-24,2023,1,Sideways,1,0.937,BUY,1,1,0.8467,BUY,1,10,"MACD,SMA_20,Williams_R,SMA_10,SMA_50,OBV,RSI_14,BB_Upper,Rolling_Volatility,Daily_Return",MACD
POWERGRID,2023-08-25,2023,1,Sideways,1,0.9429,BUY,1,1,0.8902,BUY,1,10,"MACD,SMA_20,Williams_R,SMA_10,SMA_50,OBV,RSI_14,BB_Upper,Rolling_Volatility,Daily_Return",MACD
POWERGRID,2023-08-28,2023,1,Sideways,1,0.8202,BUY,1,1,0.8373,BUY,1,10,"MACD,SMA_20,Williams_R,SMA_10,SMA_50,OBV,RSI_14,BB_Upper,Rolling_Volatility,Daily_Return",MACD
POWERGRID,2023-08-29,2023,1,Sideways,1,0.7987,BUY,1,1,0.8519,BUY,1,10,"MACD,SMA_20,Williams_R,SMA_10,SMA_50,OBV,RSI_14,BB_Upper,Rolling_Volatility,Daily_Return",MACD
POWERGRID,2023-08-30,2023,1,Sideways,1,0.918,BUY,1,1,0.8555,BUY,1,10,"MACD,SMA_20,Williams_R,SMA_10,SMA_50,OBV,RSI_14,BB_Upper,Rolling_Volatility,Daily_Return",MACD
POWERGRID,2023-08-31,2023,1,Sideways,1,0.9188,BUY,1,1,0.8793,BUY,1,10,"MACD,SMA_20,Williams_R,SMA_10,SMA_50,OBV,RSI_14,BB_Upper,Rolling_Volatility,Daily_Return",MACD
POWERGRID,2023-09-01,2023,1,Sideways,1,0.5023,NO TRADE,1,1,0.8086,BUY,1,10,"MACD,SMA_20,Williams_R,SMA_10,SMA_50,OBV,RSI_14,BB_Upper,Rolling_Volatility,Daily_Return",MACD
POWERGRID,2023-09-04,2023,1,Sideways,1,0.6224,BUY,1,1,0.8014,BUY,1,10,"MACD,SMA_20,Williams_R,SMA_10,SMA_50,OBV,RSI_14,BB_Upper,Rolling_Volatility,Daily_Return",MACD
POWERGRID,2023-09-05,2023,1,Sideways,1,0.7092,BUY,1,1,0.8502,BUY,1,10,"MACD,SMA_20,Williams_R,SMA_10,SMA_50,OBV,RSI_14,BB_Upper,Rolling_Volatility,Daily_Return",MACD
POWERGRID,2023-09-06,2023,1,Sideways,1,0.5764,BUY,1,1,0.85,BUY,1,10,"MACD,SMA_20,Williams_R,SMA_10,SMA_50,OBV,RSI_14,BB_Upper,Rolling_Volatility,Daily_Return",MACD
POWERGRID,2023-09-07,2023,1,Sideways,0,0.5359,NO TRADE,0,1,0.7875,BUY,1,10,"MACD,SMA_20,Williams_R,SMA_10,SMA_50,OBV,RSI_14,BB_Upper,Rolling_Volatility,Daily_Return",MACD
POWERGRID,2023-09-08,2023,1,Sideways,0,0.5754,SELL,0,1,0.8153,BUY,1,10,"MACD,SMA_20,Williams_R,SMA_10,SMA_50,OBV,RSI_14,BB_Upper,Rolling_Volatility,Daily_Return",MACD
POWERGRID,2023-09-11,2023,1,Sideways,0,0.8416,SELL,0,1,0.7461,BUY,1,10,"MACD,SMA_20,Williams_R,SMA_10,SMA_50,OBV,RSI_14,BB_Upper,Rolling_Volatility,Daily_Return",MACD
POWERGRID,2023-09-12,2023,1,Sideways,1,0.626,BUY,1,1,0.8281,BUY,1,10,"MACD,SMA_20,Williams_R,SMA_10,SMA_50,OBV,RSI_14,BB_Upper,Rolling_Volatility,Daily_Return",MACD
POWERGRID,2023-09-13,2023,1,Sideways,1,0.6332,BUY,1,1,0.7717,BUY,1,10,"MACD,Rolling_Mean_Return,OBV,RSI_14,SMA_50,SMA_20,ADX,ROC,Williams_R,Volume_MA",MACD
POWERGRID,2023-09-14,2023,1,Sideways,1,0.6335,BUY,1,1,0.7593,BUY,1,10,"MACD,Rolling_Mean_Return,OBV,RSI_14,SMA_50,SMA_20,ADX,ROC,Williams_R,Volume_MA",MACD
POWERGRID,2023-09-15,2023,1,Sideways,1,0.8131,BUY,1,1,0.7893,BUY,1,10,"MACD,Rolling_Mean_Return,OBV,RSI_14,SMA_50,SMA_20,ADX,ROC,Williams_R,Volume_MA",MACD
POWERGRID,2023-09-18,2023,1,Sideways,0,0.5363,NO TRADE,0,1,0.6151,BUY,1,10,"MACD,Rolling_Mean_Return,OBV,RSI_14,SMA_50,SMA_20,ADX,ROC,Williams_R,Volume_MA",MACD
POWERGRID,2023-09-20,2023,1,Sideways,0,0.628,SELL,0,1,0.5629,BUY,1,10,"MACD,Rolling_Mean_Return,OBV,RSI_14,SMA_50,SMA_20,ADX,ROC,Williams_R,Volume_MA",MACD
POWERGRID,2023-09-21,2023,1,Sideways,0,0.5042,NO TRADE,0,1,0.6692,BUY,1,10,"MACD,Rolling_Mean_Return,OBV,RSI_14,SMA_50,SMA_20,ADX,ROC,Williams_R,Volume_MA",MACD
POWERGRID,2023-09-22,2023,1,Sideways,1,0.6705,BUY,1,1,0.7532,BUY,1,10,"MACD,Rolling_Mean_Return,OBV,RSI_14,SMA_50,SMA_20,ADX,ROC,Williams_R,Volume_MA",MACD
POWERGRID,2023-09-25,2023,1,Sideways,1,0.679,BUY,1,1,0.6934,BUY,1,10,"MACD,Rolling_Mean_Return,OBV,RSI_14,SMA_50,SMA_20,ADX,ROC,Williams_R,Volume_MA",MACD
POWERGRID,2023-09-26,2023,1,Sideways,1,0.7714,BUY,1,1,0.7625,BUY,1,10,"MACD,Rolling_Mean_Return,OBV,RSI_14,SMA_50,SMA_20,ADX,ROC,Williams_R,Volume_MA",MACD
POWERGRID,2023-09-27,2023,1,Sideways,1,0.691,BUY,1,1,0.7555,BUY,1,10,"MACD,Rolling_Mean_Return,OBV,RSI_14,SMA_50,SMA_20,ADX,ROC,Williams_R,Volume_MA",MACD
POWERGRID,2023-09-28,2023,1,Sideways,1,0.704,BUY,1,1,0.7687,BUY,1,10,"MACD,Rolling_Mean_Return,OBV,RSI_14,SMA_50,SMA_20,ADX,ROC,Williams_R,Volume_MA",MACD
POWERGRID,2023-09-29,2023,1,Sideways,1,0.786,BUY,1,1,0.7868,BUY,1,10,"MACD,Rolling_Mean_Return,OBV,RSI_14,SMA_50,SMA_20,ADX,ROC,Williams_R,Volume_MA",MACD
POWERGRID,2023-10-03,2023,1,Sideways,1,0.7862,BUY,1,1,0.79,BUY,1,10,"MACD,Rolling_Mean_Return,OBV,RSI_14,SMA_50,SMA_20,ADX,ROC,Williams_R,Volume_MA",MACD
POWERGRID,2023-10-04,2023,1,Sideways,1,0.7405,BUY,1,1,0.8068,BUY,1,10,"MACD,Rolling_Mean_Return,OBV,RSI_14,SMA_50,SMA_20,ADX,ROC,Williams_R,Volume_MA",MACD
POWERGRID,2023-10-05,2023,1,Sideways,1,0.6771,BUY,1,1,0.7561,BUY,1,10,"MACD,Rolling_Mean_Return,OBV,RSI_14,SMA_50,SMA_20,ADX,ROC,Williams_R,Volume_MA",MACD
POWERGRID,2023-10-06,2023,1,Sideways,1,0.6784,BUY,1,1,0.8374,BUY,1,10,"MACD,Rolling_Mean_Return,OBV,RSI_14,SMA_50,SMA_20,ADX,ROC,Williams_R,Volume_MA",MACD
POWERGRID,2023-10-09,2023,1,Sideways,1,0.7261,BUY,1,1,0.8279,BUY,1,10,"MACD,Rolling_Mean_Return,OBV,RSI_14,SMA_50,SMA_20,ADX,ROC,Williams_R,Volume_MA",MACD
POWERGRID,2023-10-10,2023,1,Sideways,1,0.7188,BUY,1,1,0.8536,BUY,1,10,"MACD,Rolling_Mean_Return,OBV,RSI_14,SMA_50,SMA_20,ADX,ROC,Williams_R,Volume_MA",MACD
POWERGRID,2023-10-11,2023,1,Sideways,1,0.6933,BUY,1,1,0.8528,BUY,1,10,"MACD,Rolling_Mean_Return,OBV,RSI_14,SMA_50,SMA_20,ADX,ROC,Williams_R,Volume_MA",MACD
POWERGRID,2023-10-12,2023,1,Sideways,1,0.6789,BUY,1,1,0.8279,BUY,1,10,"MACD,Rolling_Mean_Return,OBV,RSI_14,SMA_50,SMA_20,ADX,ROC,Williams_R,Volume_MA",MACD
POWERGRID,2023-10-13,2023,1,Sideways,1,0.7134,BUY,1,1,0.765,BUY,1,10,"MACD,Rolling_Mean_Return,OBV,RSI_14,SMA_50,SMA_20,ADX,ROC,Williams_R,Volume_MA",MACD
POWERGRID,2023-10-16,2023,1,Sideways,1,0.6552,BUY,1,1,0.7307,BUY,1,10,"MACD,Rolling_Mean_Return,OBV,RSI_14,SMA_50,SMA_20,ADX,ROC,Williams_R,Volume_MA",MACD
POWERGRID,2023-10-17,2023,1,Sideways,1,0.5429,NO TRADE,1,1,0.657,BUY,1,10,"MACD,Rolling_Mean_Return,OBV,RSI_14,SMA_50,SMA_20,ADX,ROC,Williams_R,Volume_MA",MACD
POWERGRID,2023-10-18,2023,1,Sideways,1,0.5075,NO TRADE,1,1,0.7615,BUY,1,10,"MACD,Rolling_Mean_Return,OBV,RSI_14,SMA_50,SMA_20,ADX,ROC,Williams_R,Volume_MA",MACD
POWERGRID,2023-10-19,2023,1,Sideways,1,0.6346,BUY,1,1,0.7727,BUY,1,10,"MACD,Rolling_Mean_Return,OBV,RSI_14,SMA_50,SMA_20,ADX,ROC,Williams_R,Volume_MA",MACD
POWERGRID,2023-10-20,2023,1,Sideways,1,0.6542,BUY,1,1,0.8175,BUY,1,10,"MACD,Rolling_Mean_Return,OBV,RSI_14,SMA_50,SMA_20,ADX,ROC,Williams_R,Volume_MA",MACD
POWERGRID,2023-10-23,2023,1,Sideways,1,0.8397,BUY,1,1,0.8318,BUY,1,10,"MACD,Rolling_Mean_Return,OBV,RSI_14,SMA_50,SMA_20,ADX,ROC,Williams_R,Volume_MA",MACD
POWERGRID,2023-10-25,2023,1,Sideways,1,0.7868,BUY,1,1,0.8421,BUY,1,10,"MACD,Rolling_Mean_Return,OBV,RSI_14,SMA_50,SMA_20,ADX,ROC,Williams_R,Volume_MA",MACD
POWERGRID,2023-10-26,2023,1,Sideways,1,0.8116,BUY,1,1,0.8035,BUY,1,10,"MACD,Rolling_Mean_Return,OBV,RSI_14,SMA_50,SMA_20,ADX,ROC,Williams_R,Volume_MA",MACD
POWERGRID,2023-10-27,2023,1,Sideways,1,0.7891,BUY,1,1,0.8425,BUY,1,10,"MACD,Rolling_Mean_Return,OBV,RSI_14,SMA_50,SMA_20,ADX,ROC,Williams_R,Volume_MA",MACD
POWERGRID,2023-10-30,2023,1,Sideways,1,0.8,BUY,1,1,0.8585,BUY,1,10,"MFI,SMA_50,RSI_14,Rolling_Mean_Return,Williams_R,SMA_20,ROC,ATR_14,BB_Width,ADX",MFI
POWERGRID,2023-10-31,2023,1,Sideways,1,0.7023,BUY,1,1,0.853,BUY,1,10,"MFI,SMA_50,RSI_14,Rolling_Mean_Return,Williams_R,SMA_20,ROC,ATR_14,BB_Width,ADX",MFI
POWERGRID,2023-11-01,2023,1,Sideways,1,0.7221,BUY,1,1,0.8254,BUY,1,10,"MFI,SMA_50,RSI_14,Rolling_Mean_Return,Williams_R,SMA_20,ROC,ATR_14,BB_Width,ADX",MFI
POWERGRID,2023-11-02,2023,1,Sideways,1,0.7448,BUY,1,1,0.83,BUY,1,10,"MFI,SMA_50,RSI_14,Rolling_Mean_Return,Williams_R,SMA_20,ROC,ATR_14,BB_Width,ADX",MFI
POWERGRID,2023-11-03,2023,1,Sideways,1,0.7455,BUY,1,1,0.8329,BUY,1,10,"MFI,SMA_50,RSI_14,Rolling_Mean_Return,Williams_R,SMA_20,ROC,ATR_14,BB_Width,ADX",MFI
POWERGRID,2023-11-06,2023,1,Sideways,1,0.5251,NO TRADE,1,1,0.7787,BUY,1,10,"MFI,SMA_50,RSI_14,Rolling_Mean_Return,Williams_R,SMA_20,ROC,ATR_14,BB_Width,ADX",MFI
POWERGRID,2023-11-07,2023,1,Sideways,1,0.6105,BUY,1,1,0.8028,BUY,1,10,"MFI,SMA_50,RSI_14,Rolling_Mean_Return,Williams_R,SMA_20,ROC,ATR_14,BB_Width,ADX",MFI
POWERGRID,2023-11-08,2023,1,Sideways,1,0.6533,BUY,1,1,0.7901,BUY,1,10,"MFI,SMA_50,RSI_14,Rolling_Mean_Return,Williams_R,SMA_20,ROC,ATR_14,BB_Width,ADX",MFI
POWERGRID,2023-11-09,2023,1,Sideways,0,0.5367,NO TRADE,0,1,0.7724,BUY,1,10,"MFI,SMA_50,RSI_14,Rolling_Mean_Return,Williams_R,SMA_20,ROC,ATR_14,BB_Width,ADX",MFI
POWERGRID,2023-11-10,2023,1,Sideways,1,0.6228,BUY,1,1,0.7641,BUY,1,10,"MFI,SMA_50,RSI_14,Rolling_Mean_Return,Williams_R,SMA_20,ROC,ATR_14,BB_Width,ADX",MFI
POWERGRID,2023-11-13,2023,1,Sideways,1,0.6211,BUY,1,1,0.6938,BUY,1,10,"MFI,SMA_50,RSI_14,Rolling_Mean_Return,Williams_R,SMA_20,ROC,ATR_14,BB_Width,ADX",MFI
POWERGRID,2023-11-15,2023,1,Sideways,1,0.6319,BUY,1,1,0.8064,BUY,1,10,"MFI,SMA_50,RSI_14,Rolling_Mean_Return,Williams_R,SMA_20,ROC,ATR_14,BB_Width,ADX",MFI
POWERGRID,2023-11-16,2023,1,Sideways,1,0.694,BUY,1,1,0.8015,BUY,1,10,"MFI,SMA_50,RSI_14,Rolling_Mean_Return,Williams_R,SMA_20,ROC,ATR_14,BB_Width,ADX",MFI
POWERGRID,2023-11-17,2023,1,Sideways,1,0.6781,BUY,1,1,0.7663,BUY,1,10,"MFI,SMA_50,RSI_14,Rolling_Mean_Return,Williams_R,SMA_20,ROC,ATR_14,BB_Width,ADX",MFI
POWERGRID,2023-11-20,2023,1,Sideways,1,0.5897,BUY,1,1,0.8002,BUY,1,10,"MFI,SMA_50,RSI_14,Rolling_Mean_Return,Williams_R,SMA_20,ROC,ATR_14,BB_Width,ADX",MFI
POWERGRID,2023-11-21,2023,1,Sideways,1,0.6632,BUY,1,1,0.791,BUY,1,10,"MFI,SMA_50,RSI_14,Rolling_Mean_Return,Williams_R,SMA_20,ROC,ATR_14,BB_Width,ADX",MFI
POWERGRID,2023-11-22,2023,1,Sideways,1,0.5908,BUY,1,1,0.81,BUY,1,10,"MFI,SMA_50,RSI_14,Rolling_Mean_Return,Williams_R,SMA_20,ROC,ATR_14,BB_Width,ADX",MFI
POWERGRID,2023-11-23,2023,1,Sideways,1,0.6924,BUY,1,1,0.804,BUY,1,10,"MFI,SMA_50,RSI_14,Rolling_Mean_Return,Williams_R,SMA_20,ROC,ATR_14,BB_Width,ADX",MFI
POWERGRID,2023-11-24,2023,1,Sideways,1,0.8066,BUY,1,1,0.8164,BUY,1,10,"MFI,SMA_50,RSI_14,Rolling_Mean_Return,Williams_R,SMA_20,ROC,ATR_14,BB_Width,ADX",MFI
POWERGRID,2023-11-28,2023,1,Sideways,1,0.7859,BUY,1,1,0.7818,BUY,1,10,"MFI,SMA_50,RSI_14,Rolling_Mean_Return,Williams_R,SMA_20,ROC,ATR_14,BB_Width,ADX",MFI
POWERGRID,2023-11-29,2023,1,Sideways,1,0.8107,BUY,1,1,0.7724,BUY,1,10,"MFI,SMA_50,RSI_14,Rolling_Mean_Return,Williams_R,SMA_20,ROC,ATR_14,BB_Width,ADX",MFI
POWERGRID,2023-11-30,2023,1,Sideways,1,0.8199,BUY,1,1,0.751,BUY,1,10,"MFI,SMA_50,RSI_14,Rolling_Mean_Return,Williams_R,SMA_20,ROC,ATR_14,BB_Width,ADX",MFI
POWERGRID,2023-12-01,2023,1,Sideways,1,0.8517,BUY,1,1,0.7501,BUY,1,10,"MFI,SMA_50,RSI_14,Rolling_Mean_Return,Williams_R,SMA_20,ROC,ATR_14,BB_Width,ADX",MFI
POWERGRID,2023-12-04,2023,1,Sideways,1,0.823,BUY,1,1,0.6955,BUY,1,10,"MFI,SMA_50,RSI_14,Rolling_Mean_Return,Williams_R,SMA_20,ROC,ATR_14,BB_Width,ADX",MFI
POWERGRID,2023-12-05,2023,1,Sideways,1,0.5946,BUY,1,1,0.7555,BUY,1,10,"MFI,SMA_50,RSI_14,Rolling_Mean_Return,Williams_R,SMA_20,ROC,ATR_14,BB_Width,ADX",MFI
POWERGRID,2023-12-06,2023,1,Sideways,1,0.6687,BUY,1,1,0.7951,BUY,1,10,"MFI,SMA_50,RSI_14,Rolling_Mean_Return,Williams_R,SMA_20,ROC,ATR_14,BB_Width,ADX",MFI
POWERGRID,2023-12-07,2023,1,Sideways,1,0.6311,BUY,1,1,0.8468,BUY,1,10,"MFI,SMA_50,RSI_14,Rolling_Mean_Return,Williams_R,SMA_20,ROC,ATR_14,BB_Width,ADX",MFI
POWERGRID,2023-12-08,2023,1,Sideways,1,0.8108,BUY,1,1,0.8269,BUY,1,10,"MFI,SMA_50,RSI_14,Rolling_Mean_Return,Williams_R,SMA_20,ROC,ATR_14,BB_Width,ADX",MFI
POWERGRID,2023-12-11,2023,1,Sideways,1,0.8755,BUY,1,1,0.828,BUY,1,10,"MFI,SMA_50,RSI_14,Rolling_Mean_Return,Williams_R,SMA_20,ROC,ATR_14,BB_Width,ADX",MFI
POWERGRID,2023-12-12,2023,1,Sideways,1,0.9399,BUY,1,1,0.8253,BUY,1,10,"MFI,SMA_50,RSI_14,Rolling_Mean_Return,Williams_R,SMA_20,ROC,ATR_14,BB_Width,ADX",MFI
POWERGRID,2023-12-13,2023,1,Sideways,1,0.9468,BUY,1,1,0.7953,BUY,1,10,"MFI,SMA_20,SMA_50,OBV,Daily_Return,Williams_R,Rolling_Median_Return,ADX,BB_Width,Price_Change",MFI
POWERGRID,2023-12-14,2023,1,Sideways,1,0.9691,BUY,1,1,0.7964,BUY,1,10,"MFI,SMA_20,SMA_50,OBV,Daily_Return,Williams_R,Rolling_Median_Return,ADX,BB_Width,Price_Change",MFI
POWERGRID,2023-12-15,2023,1,Sideways,1,0.9724,BUY,1,1,0.785,BUY,1,10,"MFI,SMA_20,SMA_50,OBV,Daily_Return,Williams_R,Rolling_Median_Return,ADX,BB_Width,Price_Change",MFI
POWERGRID,2023-12-18,2023,1,Sideways,1,0.9724,BUY,1,1,0.7902,BUY,1,10,"MFI,SMA_20,SMA_50,OBV,Daily_Return,Williams_R,Rolling_Median_Return,ADX,BB_Width,Price_Change",MFI
POWERGRID,2023-12-19,2023,1,Sideways,1,0.9715,BUY,1,1,0.7818,BUY,1,10,"MFI,SMA_20,SMA_50,OBV,Daily_Return,Williams_R,Rolling_Median_Return,ADX,BB_Width,Price_Change",MFI
POWERGRID,2023-12-20,2023,1,Sideways,1,0.9658,BUY,1,1,0.786,BUY,1,10,"MFI,SMA_20,SMA_50,OBV,Daily_Return,Williams_R,Rolling_Median_Return,ADX,BB_Width,Price_Change",MFI
POWERGRID,2023-12-21,2023,1,Sideways,1,0.9149,BUY,1,1,0.7852,BUY,1,10,"MFI,SMA_20,SMA_50,OBV,Daily_Return,Williams_R,Rolling_Median_Return,ADX,BB_Width,Price_Change",MFI
POWERGRID,2023-12-22,2023,1,Sideways,1,0.9539,BUY,1,1,0.7844,BUY,1,10,"MFI,SMA_20,SMA_50,OBV,Daily_Return,Williams_R,Rolling_Median_Return,ADX,BB_Width,Price_Change",MFI
POWERGRID,2023-12-26,2023,1,Sideways,1,0.9356,BUY,1,1,0.7849,BUY,1,10,"MFI,SMA_20,SMA_50,OBV,Daily_Return,Williams_R,Rolling_Median_Return,ADX,BB_Width,Price_Change",MFI
POWERGRID,2023-12-27,2023,1,Sideways,1,0.9533,BUY,1,1,0.7843,BUY,1,10,"MFI,SMA_20,SMA_50,OBV,Daily_Return,Williams_R,Rolling_Median_Return,ADX,BB_Width,Price_Change",MFI
POWERGRID,2023-12-28,2023,1,Sideways,1,0.8898,BUY,1,1,0.7768,BUY,1,10,"MFI,SMA_20,SMA_50,OBV,Daily_Return,Williams_R,Rolling_Median_Return,ADX,BB_Width,Price_Change",MFI
POWERGRID,2023-12-29,2023,1,Sideways,1,0.9469,BUY,1,1,0.7762,BUY,1,10,"MFI,SMA_20,SMA_50,OBV,Daily_Return,Williams_R,Rolling_Median_Return,ADX,BB_Width,Price_Change",MFI
POWERGRID,2024-01-01,2024,1,Sideways,1,0.9496,BUY,1,1,0.7763,BUY,1,10,"MFI,SMA_20,SMA_50,OBV,Daily_Return,Williams_R,Rolling_Median_Return,ADX,BB_Width,Price_Change",MFI
POWERGRID,2024-01-02,2024,1,Sideways,1,0.939,BUY,1,1,0.7757,BUY,1,10,"MFI,SMA_20,SMA_50,OBV,Daily_Return,Williams_R,Rolling_Median_Return,ADX,BB_Width,Price_Change",MFI
POWERGRID,2024-01-03,2024,1,Sideways,1,0.9269,BUY,1,1,0.7768,BUY,1,10,"MFI,SMA_20,SMA_50,OBV,Daily_Return,Williams_R,Rolling_Median_Return,ADX,BB_Width,Price_Change",MFI
POWERGRID,2024-01-04,2024,1,Sideways,1,0.8153,BUY,1,1,0.7772,BUY,1,10,"MFI,SMA_20,SMA_50,OBV,Daily_Return,Williams_R,Rolling_Median_Return,ADX,BB_Width,Price_Change",MFI
POWERGRID,2024-01-05,2024,1,Sideways,1,0.8626,BUY,1,1,0.7782,BUY,1,10,"MFI,SMA_20,SMA_50,OBV,Daily_Return,Williams_R,Rolling_Median_Return,ADX,BB_Width,Price_Change",MFI
POWERGRID,2024-01-08,2024,1,Sideways,1,0.9023,BUY,1,1,0.7799,BUY,1,10,"MFI,SMA_20,SMA_50,OBV,Daily_Return,Williams_R,Rolling_Median_Return,ADX,BB_Width,Price_Change",MFI
POWERGRID,2024-01-09,2024,1,Sideways,1,0.9501,BUY,1,1,0.7812,BUY,1,10,"MFI,SMA_20,SMA_50,OBV,Daily_Return,Williams_R,Rolling_Median_Return,ADX,BB_Width,Price_Change",MFI
POWERGRID,2024-01-10,2024,1,Sideways,1,0.917,BUY,1,1,0.7853,BUY,1,10,"MFI,SMA_20,SMA_50,OBV,Daily_Return,Williams_R,Rolling_Median_Return,ADX,BB_Width,Price_Change",MFI
POWERGRID,2024-01-11,2024,1,Sideways,1,0.9229,BUY,1,1,0.7873,BUY,1,10,"MFI,SMA_20,SMA_50,OBV,Daily_Return,Williams_R,Rolling_Median_Return,ADX,BB_Width,Price_Change",MFI
POWERGRID,2024-01-12,2024,1,Sideways,1,0.9089,BUY,1,1,0.788,BUY,1,10,"MFI,SMA_20,SMA_50,OBV,Daily_Return,Williams_R,Rolling_Median_Return,ADX,BB_Width,Price_Change",MFI
POWERGRID,2024-01-15,2024,1,Sideways,1,0.9206,BUY,1,1,0.7903,BUY,1,10,"MFI,SMA_20,SMA_50,OBV,Daily_Return,Williams_R,Rolling_Median_Return,ADX,BB_Width,Price_Change",MFI
POWERGRID,2024-01-16,2024,1,Sideways,1,0.7935,BUY,1,1,0.7912,BUY,1,10,"MFI,SMA_20,SMA_50,OBV,Daily_Return,Williams_R,Rolling_Median_Return,ADX,BB_Width,Price_Change",MFI
POWERGRID,2024-01-17,2024,1,Sideways,1,0.7972,BUY,1,1,0.792,BUY,1,10,"MFI,SMA_20,SMA_50,OBV,Daily_Return,Williams_R,Rolling_Median_Return,ADX,BB_Width,Price_Change",MFI
POWERGRID,2024-01-18,2024,1,Sideways,1,0.7599,BUY,1,1,0.7932,BUY,1,10,"MFI,SMA_20,SMA_50,OBV,Daily_Return,Williams_R,Rolling_Median_Return,ADX,BB_Width,Price_Change",MFI
POWERGRID,2024-01-19,2024,1,Sideways,1,0.7407,BUY,1,1,0.7952,BUY,1,10,"MFI,SMA_20,SMA_50,OBV,Daily_Return,Williams_R,Rolling_Median_Return,ADX,BB_Width,Price_Change",MFI
POWERGRID,2024-01-23,2024,1,Sideways,1,0.75,BUY,1,1,0.8048,BUY,1,10,"MFI,SMA_20,SMA_50,OBV,Daily_Return,Williams_R,Rolling_Median_Return,ADX,BB_Width,Price_Change",MFI
POWERGRID,2024-01-24,2024,1,Sideways,1,0.7298,BUY,1,1,0.8019,BUY,1,10,"MFI,SMA_20,SMA_50,OBV,Daily_Return,Williams_R,Rolling_Median_Return,ADX,BB_Width,Price_Change",MFI
POWERGRID,2024-01-25,2024,1,Sideways,1,0.8468,BUY,1,1,0.8024,BUY,1,10,"MFI,SMA_20,SMA_50,OBV,Daily_Return,Williams_R,Rolling_Median_Return,ADX,BB_Width,Price_Change",MFI
POWERGRID,2024-01-29,2024,1,Sideways,1,0.6626,BUY,1,1,0.658,BUY,1,10,"SMA_50,SMA_20,Stochastic,OBV,MACD_Signal,ROC,EMA_26,SMA_10,Return_5d,MFI",SMA_50
POWERGRID,2024-01-30,2024,1,Sideways,1,0.816,BUY,1,1,0.8416,BUY,1,10,"SMA_50,SMA_20,Stochastic,OBV,MACD_Signal,ROC,EMA_26,SMA_10,Return_5d,MFI",SMA_50
POWERGRID,2024-01-31,2024,1,Sideways,1,0.8247,BUY,1,1,0.9187,BUY,1,10,"SMA_50,SMA_20,Stochastic,OBV,MACD_Signal,ROC,EMA_26,SMA_10,Return_5d,MFI",SMA_50
POWERGRID,2024-02-01,2024,1,Sideways,1,0.9274,BUY,1,1,0.8107,BUY,1,10,"SMA_50,SMA_20,Stochastic,OBV,MACD_Signal,ROC,EMA_26,SMA_10,Return_5d,MFI",SMA_50
POWERGRID,2024-02-02,2024,1,Sideways,1,0.975,BUY,1,1,0.9269,BUY,1,10,"SMA_50,SMA_20,Stochastic,OBV,MACD_Signal,ROC,EMA_26,SMA_10,Return_5d,MFI",SMA_50
POWERGRID,2024-02-05,2024,1,Sideways,1,0.9761,BUY,1,1,0.9275,BUY,1,10,"SMA_50,SMA_20,Stochastic,OBV,MACD_Signal,ROC,EMA_26,SMA_10,Return_5d,MFI",SMA_50
POWERGRID,2024-02-06,2024,1,Sideways,1,0.8903,BUY,1,1,0.9277,BUY,1,10,"SMA_50,SMA_20,Stochastic,OBV,MACD_Signal,ROC,EMA_26,SMA_10,Return_5d,MFI",SMA_50
POWERGRID,2024-02-07,2024,1,Sideways,1,0.9058,BUY,1,1,0.9277,BUY,1,10,"SMA_50,SMA_20,Stochastic,OBV,MACD_Signal,ROC,EMA_26,SMA_10,Return_5d,MFI",SMA_50
POWERGRID,2024-02-08,2024,1,Sideways,1,0.9761,BUY,1,1,0.9279,BUY,1,10,"SMA_50,SMA_20,Stochastic,OBV,MACD_Signal,ROC,EMA_26,SMA_10,Return_5d,MFI",SMA_50
POWERGRID,2024-02-09,2024,1,Sideways,1,0.9762,BUY,1,1,0.9277,BUY,1,10,"SMA_50,SMA_20,Stochastic,OBV,MACD_Signal,ROC,EMA_26,SMA_10,Return_5d,MFI",SMA_50
POWERGRID,2024-02-12,2024,1,Sideways,1,0.9763,BUY,1,1,0.9277,BUY,1,10,"SMA_50,SMA_20,Stochastic,OBV,MACD_Signal,ROC,EMA_26,SMA_10,Return_5d,MFI",SMA_50
POWERGRID,2024-02-13,2024,0,Sideways,1,0.9763,BUY,0,1,0.8272,BUY,0,10,"SMA_50,SMA_20,Stochastic,OBV,MACD_Signal,ROC,EMA_26,SMA_10,Return_5d,MFI",SMA_50
POWERGRID,2024-02-14,2024,0,Sideways,1,0.6697,BUY,0,1,0.8063,BUY,0,10,"SMA_50,SMA_20,Stochastic,OBV,MACD_Signal,ROC,EMA_26,SMA_10,Return_5d,MFI",SMA_50
POWERGRID,2024-02-15,2024,0,Sideways,1,0.8812,BUY,0,1,0.7702,BUY,0,10,"SMA_50,SMA_20,Stochastic,OBV,MACD_Signal,ROC,EMA_26,SMA_10,Return_5d,MFI",SMA_50
POWERGRID,2024-02-16,2024,0,Sideways,1,0.8018,BUY,0,1,0.6986,BUY,0,10,"SMA_50,SMA_20,Stochastic,OBV,MACD_Signal,ROC,EMA_26,SMA_10,Return_5d,MFI",SMA_50
POWERGRID,2024-02-19,2024,0,Sideways,1,0.5758,BUY,0,1,0.6684,BUY,0,10,"SMA_50,SMA_20,Stochastic,OBV,MACD_Signal,ROC,EMA_26,SMA_10,Return_5d,MFI",SMA_50
POWERGRID,2024-02-20,2024,0,Sideways,0,0.7457,SELL,1,1,0.6497,BUY,0,10,"SMA_50,SMA_20,Stochastic,OBV,MACD_Signal,ROC,EMA_26,SMA_10,Return_5d,MFI",SMA_50
POWERGRID,2024-02-21,2024,0,Sideways,0,0.8205,SELL,1,1,0.6046,BUY,0,10,"SMA_50,SMA_20,Stochastic,OBV,MACD_Signal,ROC,EMA_26,SMA_10,Return_5d,MFI",SMA_50
POWERGRID,2024-02-22,2024,0,Sideways,0,0.8804,SELL,1,1,0.5955,BUY,0,10,"SMA_50,SMA_20,Stochastic,OBV,MACD_Signal,ROC,EMA_26,SMA_10,Return_5d,MFI",SMA_50
POWERGRID,2024-02-23,2024,0,Sideways,0,0.9057,SELL,1,1,0.5683,BUY,0,10,"SMA_50,SMA_20,Stochastic,OBV,MACD_Signal,ROC,EMA_26,SMA_10,Return_5d,MFI",SMA_50
POWERGRID,2024-02-26,2024,0,Sideways,0,0.9194,SELL,1,1,0.5535,BUY,0,10,"SMA_50,SMA_20,Stochastic,OBV,MACD_Signal,ROC,EMA_26,SMA_10,Return_5d,MFI",SMA_50
POWERGRID,2024-02-27,2024,0,Sideways,0,0.9147,SELL,1,1,0.5393,NO TRADE,0,10,"SMA_50,SMA_20,Stochastic,OBV,MACD_Signal,ROC,EMA_26,SMA_10,Return_5d,MFI",SMA_50
POWERGRID,2024-02-28,2024,1,Sideways,0,0.838,SELL,0,0,0.5251,NO TRADE,0,10,"SMA_50,SMA_20,Stochastic,OBV,MACD_Signal,ROC,EMA_26,SMA_10,Return_5d,MFI",SMA_50
POWERGRID,2024-02-29,2024,0,Sideways,0,0.9177,SELL,1,1,0.5603,BUY,0,10,"SMA_50,SMA_20,Stochastic,OBV,MACD_Signal,ROC,EMA_26,SMA_10,Return_5d,MFI",SMA_50
POWERGRID,2024-03-01,2024,0,Sideways,0,0.9175,SELL,1,0,0.5779,SELL,1,10,"SMA_50,SMA_20,Stochastic,OBV,MACD_Signal,ROC,EMA_26,SMA_10,Return_5d,MFI",SMA_50
POWERGRID,2024-03-04,2024,0,Sideways,0,0.9188,SELL,1,0,0.5963,SELL,1,10,"SMA_50,SMA_20,Stochastic,OBV,MACD_Signal,ROC,EMA_26,SMA_10,Return_5d,MFI",SMA_50
POWERGRID,2024-03-05,2024,0,Sideways,0,0.9106,SELL,1,0,0.6157,SELL,1,10,"SMA_50,SMA_20,Stochastic,OBV,MACD_Signal,ROC,EMA_26,SMA_10,Return_5d,MFI",SMA_50
POWERGRID,2024-03-06,2024,0,Sideways,0,0.9112,SELL,1,0,0.6275,SELL,1,10,"SMA_50,SMA_20,Stochastic,OBV,MACD_Signal,ROC,EMA_26,SMA_10,Return_5d,MFI",SMA_50
POWERGRID,2024-03-07,2024,0,Sideways,0,0.818,SELL,1,0,0.6573,SELL,1,10,"SMA_50,SMA_20,Stochastic,OBV,MACD_Signal,ROC,EMA_26,SMA_10,Return_5d,MFI",SMA_50
POWERGRID,2024-03-11,2024,0,Sideways,0,0.8556,SELL,1,0,0.5597,SELL,1,10,"SMA_50,SMA_20,Stochastic,OBV,MACD_Signal,ROC,EMA_26,SMA_10,Return_5d,MFI",SMA_50
POWERGRID,2024-03-12,2024,0,Sideways,0,0.85,SELL,1,0,0.6599,SELL,1,10,"SMA_50,Stochastic,OBV,SMA_20,BB_Width,ADX,SMA_10,Williams_R,MACD_Signal,Rolling_Volatility",SMA_50
POWERGRID,2024-03-13,2024,1,Sideways,1,0.7518,BUY,1,0,0.5446,NO TRADE,0,10,"SMA_50,Stochastic,OBV,SMA_20,BB_Width,ADX,SMA_10,Williams_R,MACD_Signal,Rolling_Volatility",SMA_50
POWERGRID,2024-03-14,2024,1,Sideways,0,0.5541,SELL,0,1,0.6661,BUY,1,10,"SMA_50,Stochastic,OBV,SMA_20,BB_Width,ADX,SMA_10,Williams_R,MACD_Signal,Rolling_Volatility",SMA_50
POWERGRID,2024-03-15,2024,1,Sideways,1,0.6843,BUY,1,1,0.5649,BUY,1,10,"SMA_50,Stochastic,OBV,SMA_20,BB_Width,ADX,SMA_10,Williams_R,MACD_Signal,Rolling_Volatility",SMA_50
POWERGRID,2024-03-18,2024,1,Sideways,1,0.6376,BUY,1,1,0.691,BUY,1,10,"SMA_50,Stochastic,OBV,SMA_20,BB_Width,ADX,SMA_10,Williams_R,MACD_Signal,Rolling_Volatility",SMA_50
POWERGRID,2024-03-19,2024,1,Sideways,1,0.7956,BUY,1,1,0.722,BUY,1,10,"SMA_50,Stochastic,OBV,SMA_20,BB_Width,ADX,SMA_10,Williams_R,MACD_Signal,Rolling_Volatility",SMA_50
POWERGRID,2024-03-20,2024,1,Sideways,1,0.6826,BUY,1,1,0.7381,BUY,1,10,"SMA_50,Stochastic,OBV,SMA_20,BB_Width,ADX,SMA_10,Williams_R,MACD_Signal,Rolling_Volatility",SMA_50
POWERGRID,2024-03-21,2024,1,Sideways,1,0.5933,BUY,1,1,0.7257,BUY,1,10,"SMA_50,Stochastic,OBV,SMA_20,BB_Width,ADX,SMA_10,Williams_R,MACD_Signal,Rolling_Volatility",SMA_50
POWERGRID,2024-03-22,2024,1,Sideways,1,0.5936,BUY,1,1,0.6227,BUY,1,10,"SMA_50,Stochastic,OBV,SMA_20,BB_Width,ADX,SMA_10,Williams_R,MACD_Signal,Rolling_Volatility",SMA_50
POWERGRID,2024-03-26,2024,1,Sideways,1,0.5522,BUY,1,1,0.7462,BUY,1,10,"SMA_50,Stochastic,OBV,SMA_20,BB_Width,ADX,SMA_10,Williams_R,MACD_Signal,Rolling_Volatility",SMA_50
POWERGRID,2024-03-27,2024,1,Sideways,1,0.5925,BUY,1,1,0.6312,BUY,1,10,"SMA_50,Stochastic,OBV,SMA_20,BB_Width,ADX,SMA_10,Williams_R,MACD_Signal,Rolling_Volatility",SMA_50
POWERGRID,2024-03-28,2024,1,Sideways,1,0.5185,NO TRADE,1,1,0.6577,BUY,1,10,"SMA_50,Stochastic,OBV,SMA_20,BB_Width,ADX,SMA_10,Williams_R,MACD_Signal,Rolling_Volatility",SMA_50
POWERGRID,2024-04-01,2024,1,Sideways,1,0.5453,NO TRADE,1,1,0.5133,NO TRADE,1,10,"SMA_50,Stochastic,OBV,SMA_20,BB_Width,ADX,SMA_10,Williams_R,MACD_Signal,Rolling_Volatility",SMA_50
POWERGRID,2024-04-02,2024,1,Sideways,1,0.5489,NO TRADE,1,1,0.5575,BUY,1,10,"SMA_50,Stochastic,OBV,SMA_20,BB_Width,ADX,SMA_10,Williams_R,MACD_Signal,Rolling_Volatility",SMA_50
POWERGRID,2024-04-03,2024,1,Sideways,1,0.518,NO TRADE,1,1,0.5953,BUY,1,10,"SMA_50,Stochastic,OBV,SMA_20,BB_Width,ADX,SMA_10,Williams_R,MACD_Signal,Rolling_Volatility",SMA_50
POWERGRID,2024-04-04,2024,1,Sideways,1,0.6167,BUY,1,1,0.6384,BUY,1,10,"SMA_50,Stochastic,OBV,SMA_20,BB_Width,ADX,SMA_10,Williams_R,MACD_Signal,Rolling_Volatility",SMA_50
POWERGRID,2024-04-05,2024,1,Sideways,1,0.606,BUY,1,1,0.6522,BUY,1,10,"SMA_50,Stochastic,OBV,SMA_20,BB_Width,ADX,SMA_10,Williams_R,MACD_Signal,Rolling_Volatility",SMA_50
POWERGRID,2024-04-08,2024,1,Sideways,0,0.6108,SELL,0,1,0.6757,BUY,1,10,"SMA_50,Stochastic,OBV,SMA_20,BB_Width,ADX,SMA_10,Williams_R,MACD_Signal,Rolling_Volatility",SMA_50
POWERGRID,2024-04-09,2024,1,Sideways,0,0.5452,NO TRADE,0,1,0.6736,BUY,1,10,"SMA_50,Stochastic,OBV,SMA_20,BB_Width,ADX,SMA_10,Williams_R,MACD_Signal,Rolling_Volatility",SMA_50
POWERGRID,2024-04-10,2024,1,Sideways,1,0.509,NO TRADE,1,1,0.6922,BUY,1,10,"SMA_50,Stochastic,OBV,SMA_20,BB_Width,ADX,SMA_10,Williams_R,MACD_Signal,Rolling_Volatility",SMA_50
POWERGRID,2024-04-12,2024,1,Sideways,1,0.6625,BUY,1,1,0.6997,BUY,1,10,"SMA_50,Stochastic,OBV,SMA_20,BB_Width,ADX,SMA_10,Williams_R,MACD_Signal,Rolling_Volatility",SMA_50
POWERGRID,2024-04-15,2024,1,Sideways,1,0.657,BUY,1,1,0.7034,BUY,1,10,"SMA_50,Stochastic,OBV,SMA_20,BB_Width,ADX,SMA_10,Williams_R,MACD_Signal,Rolling_Volatility",SMA_50
POWERGRID,2024-04-16,2024,1,Sideways,1,0.6995,BUY,1,1,0.6693,BUY,1,10,"SMA_50,Stochastic,OBV,SMA_20,BB_Width,ADX,SMA_10,Williams_R,MACD_Signal,Rolling_Volatility",SMA_50
POWERGRID,2024-04-18,2024,1,Sideways,1,0.7445,BUY,1,1,0.7438,BUY,1,10,"SMA_50,Stochastic,OBV,SMA_20,BB_Width,ADX,SMA_10,Williams_R,MACD_Signal,Rolling_Volatility",SMA_50
POWERGRID,2024-04-19,2024,1,Sideways,1,0.7445,BUY,1,1,0.7186,BUY,1,10,"SMA_50,Stochastic,OBV,SMA_20,BB_Width,ADX,SMA_10,Williams_R,MACD_Signal,Rolling_Volatility",SMA_50
POWERGRID,2024-04-22,2024,1,Sideways,1,0.7728,BUY,1,1,0.6655,BUY,1,10,"SMA_50,Stochastic,OBV,SMA_20,BB_Width,ADX,SMA_10,Williams_R,MACD_Signal,Rolling_Volatility",SMA_50
POWERGRID,2024-04-23,2024,1,Sideways,1,0.7771,BUY,1,1,0.6087,BUY,1,10,"SMA_50,Stochastic,OBV,SMA_20,BB_Width,ADX,SMA_10,Williams_R,MACD_Signal,Rolling_Volatility",SMA_50
POWERGRID,2024-04-24,2024,1,Sideways,1,0.601,BUY,1,1,0.63,BUY,1,10,"SMA_50,Stochastic,OBV,SMA_20,BB_Width,ADX,SMA_10,Williams_R,MACD_Signal,Rolling_Volatility",SMA_50
POWERGRID,2024-04-25,2024,1,Sideways,1,0.6893,BUY,1,1,0.6569,BUY,1,10,"SMA_50,Stochastic,OBV,SMA_20,BB_Width,ADX,SMA_10,Williams_R,MACD_Signal,Rolling_Volatility",SMA_50
POWERGRID,2024-04-26,2024,1,Sideways,1,0.7253,BUY,1,1,0.7263,BUY,1,10,"SMA_50,Stochastic,OBV,SMA_20,BB_Width,ADX,SMA_10,Williams_R,MACD_Signal,Rolling_Volatility",SMA_50
POWERGRID,2024-04-29,2024,1,Sideways,1,0.7298,BUY,1,0,0.6232,SELL,0,10,"SMA_50,MACD_Hist,EMA_12,Williams_R,MACD_Signal,OBV,Rolling_Mean_Return,Stochastic,EMA_26,BB_Width",SMA_50
POWERGRID,2024-04-30,2024,1,Sideways,1,0.7719,BUY,1,0,0.516,NO TRADE,0,10,"SMA_50,MACD_Hist,EMA_12,Williams_R,MACD_Signal,OBV,Rolling_Mean_Return,Stochastic,EMA_26,BB_Width",SMA_50
POWERGRID,2024-05-02,2024,0,Sideways,1,0.7798,BUY,0,0,0.6289,SELL,1,10,"SMA_50,MACD_Hist,EMA_12,Williams_R,MACD_Signal,OBV,Rolling_Mean_Return,Stochastic,EMA_26,BB_Width",SMA_50
POWERGRID,2024-05-03,2024,1,Sideways,1,0.6775,BUY,1,0,0.7004,SELL,0,10,"SMA_50,MACD_Hist,EMA_12,Williams_R,MACD_Signal,OBV,Rolling_Mean_Return,Stochastic,EMA_26,BB_Width",SMA_50
POWERGRID,2024-05-06,2024,0,Sideways,1,0.7909,BUY,0,0,0.5315,NO TRADE,1,10,"SMA_50,MACD_Hist,EMA_12,Williams_R,MACD_Signal,OBV,Rolling_Mean_Return,Stochastic,EMA_26,BB_Width",SMA_50
POWERGRID,2024-05-07,2024,1,Sideways,1,0.7852,BUY,1,0,0.5749,SELL,0,10,"SMA_50,MACD_Hist,EMA_12,Williams_R,MACD_Signal,OBV,Rolling_Mean_Return,Stochastic,EMA_26,BB_Width",SMA_50
POWERGRID,2024-05-08,2024,0,Sideways,1,0.5288,NO TRADE,0,1,0.6149,BUY,0,10,"SMA_50,MACD_Hist,EMA_12,Williams_R,MACD_Signal,OBV,Rolling_Mean_Return,Stochastic,EMA_26,BB_Width",SMA_50
POWERGRID,2024-05-09,2024,1,Sideways,1,0.7666,BUY,1,0,0.5455,NO TRADE,0,10,"SMA_50,MACD_Hist,EMA_12,Williams_R,MACD_Signal,OBV,Rolling_Mean_Return,Stochastic,EMA_26,BB_Width",SMA_50
POWERGRID,2024-05-10,2024,1,Sideways,0,0.5733,SELL,0,1,0.6412,BUY,1,10,"SMA_50,MACD_Hist,EMA_12,Williams_R,MACD_Signal,OBV,Rolling_Mean_Return,Stochastic,EMA_26,BB_Width",SMA_50
POWERGRID,2024-05-13,2024,1,Sideways,0,0.5909,SELL,0,1,0.6652,BUY,1,10,"SMA_50,MACD_Hist,EMA_12,Williams_R,MACD_Signal,OBV,Rolling_Mean_Return,Stochastic,EMA_26,BB_Width",SMA_50
POWERGRID,2024-05-14,2024,1,Sideways,0,0.5287,NO TRADE,0,1,0.6783,BUY,1,10,"SMA_50,MACD_Hist,EMA_12,Williams_R,MACD_Signal,OBV,Rolling_Mean_Return,Stochastic,EMA_26,BB_Width",SMA_50
POWERGRID,2024-05-15,2024,1,Sideways,0,0.534,NO TRADE,0,1,0.6881,BUY,1,10,"SMA_50,MACD_Hist,EMA_12,Williams_R,MACD_Signal,OBV,Rolling_Mean_Return,Stochastic,EMA_26,BB_Width",SMA_50
POWERGRID,2024-05-16,2024,1,Sideways,0,0.5284,NO TRADE,0,1,0.6185,BUY,1,10,"SMA_50,MACD_Hist,EMA_12,Williams_R,MACD_Signal,OBV,Rolling_Mean_Return,Stochastic,EMA_26,BB_Width",SMA_50
POWERGRID,2024-05-17,2024,1,Sideways,0,0.5046,NO TRADE,0,1,0.7263,BUY,1,10,"SMA_50,MACD_Hist,EMA_12,Williams_R,MACD_Signal,OBV,Rolling_Mean_Return,Stochastic,EMA_26,BB_Width",SMA_50
POWERGRID,2024-05-21,2024,1,Sideways,0,0.574,SELL,0,1,0.7211,BUY,1,10,"SMA_50,MACD_Hist,EMA_12,Williams_R,MACD_Signal,OBV,Rolling_Mean_Return,Stochastic,EMA_26,BB_Width",SMA_50
POWERGRID,2024-05-22,2024,0,Sideways,1,0.5113,NO TRADE,0,1,0.7351,BUY,0,10,"SMA_50,MACD_Hist,EMA_12,Williams_R,MACD_Signal,OBV,Rolling_Mean_Return,Stochastic,EMA_26,BB_Width",SMA_50
POWERGRID,2024-05-23,2024,1,Sideways,0,0.5849,SELL,0,1,0.6271,BUY,1,10,"SMA_50,MACD_Hist,EMA_12,Williams_R,MACD_Signal,OBV,Rolling_Mean_Return,Stochastic,EMA_26,BB_Width",SMA_50
POWERGRID,2024-05-24,2024,1,Sideways,0,0.544,NO TRADE,0,1,0.6689,BUY,1,10,"SMA_50,MACD_Hist,EMA_12,Williams_R,MACD_Signal,OBV,Rolling_Mean_Return,Stochastic,EMA_26,BB_Width",SMA_50
POWERGRID,2024-05-27,2024,1,Sideways,0,0.5583,SELL,0,1,0.7405,BUY,1,10,"SMA_50,MACD_Hist,EMA_12,Williams_R,MACD_Signal,OBV,Rolling_Mean_Return,Stochastic,EMA_26,BB_Width",SMA_50
POWERGRID,2024-05-28,2024,1,Sideways,1,0.5783,BUY,1,1,0.7685,BUY,1,10,"SMA_50,MACD_Hist,EMA_12,Williams_R,MACD_Signal,OBV,Rolling_Mean_Return,Stochastic,EMA_26,BB_Width",SMA_50
POWERGRID,2024-05-29,2024,1,Sideways,0,0.5607,SELL,0,1,0.775,BUY,1,10,"SMA_50,MACD_Hist,EMA_12,Williams_R,MACD_Signal,OBV,Rolling_Mean_Return,Stochastic,EMA_26,BB_Width",SMA_50
POWERGRID,2024-05-30,2024,1,Sideways,1,0.8534,BUY,1,1,0.765,BUY,1,10,"SMA_50,MACD_Hist,EMA_12,Williams_R,MACD_Signal,OBV,Rolling_Mean_Return,Stochastic,EMA_26,BB_Width",SMA_50
POWERGRID,2024-05-31,2024,1,Sideways,1,0.8534,BUY,1,1,0.7829,BUY,1,10,"SMA_50,MACD_Hist,EMA_12,Williams_R,MACD_Signal,OBV,Rolling_Mean_Return,Stochastic,EMA_26,BB_Width",SMA_50
POWERGRID,2024-06-03,2024,0,Sideways,1,0.6068,BUY,0,1,0.7988,BUY,0,10,"SMA_50,MACD_Hist,EMA_12,Williams_R,MACD_Signal,OBV,Rolling_Mean_Return,Stochastic,EMA_26,BB_Width",SMA_50
POWERGRID,2024-06-04,2024,1,Sideways,1,0.7483,BUY,1,1,0.7892,BUY,1,10,"SMA_50,MACD_Hist,EMA_12,Williams_R,MACD_Signal,OBV,Rolling_Mean_Return,Stochastic,EMA_26,BB_Width",SMA_50
POWERGRID,2024-06-05,2024,1,Sideways,1,0.8599,BUY,1,1,0.8001,BUY,1,10,"SMA_50,MACD_Hist,EMA_12,Williams_R,MACD_Signal,OBV,Rolling_Mean_Return,Stochastic,EMA_26,BB_Width",SMA_50
POWERGRID,2024-06-06,2024,1,Sideways,1,0.8607,BUY,1,1,0.8222,BUY,1,10,"SMA_50,MACD_Hist,EMA_12,Williams_R,MACD_Signal,OBV,Rolling_Mean_Return,Stochastic,EMA_26,BB_Width",SMA_50
POWERGRID,2024-06-07,2024,1,Sideways,1,0.8949,BUY,1,1,0.831,BUY,1,10,"SMA_50,MACD_Hist,EMA_12,Williams_R,MACD_Signal,OBV,Rolling_Mean_Return,Stochastic,EMA_26,BB_Width",SMA_50
POWERGRID,2024-06-10,2024,1,Sideways,1,0.8279,BUY,1,1,0.8656,BUY,1,10,"SMA_50,MACD_Hist,EMA_12,Williams_R,MACD_Signal,OBV,Rolling_Mean_Return,Stochastic,EMA_26,BB_Width",SMA_50
POWERGRID,2024-06-11,2024,1,Sideways,1,0.7987,BUY,1,1,0.8267,BUY,1,10,"SMA_50,MACD_Hist,EMA_12,Williams_R,MACD_Signal,OBV,Rolling_Mean_Return,Stochastic,EMA_26,BB_Width",SMA_50
POWERGRID,2024-06-12,2024,1,Sideways,1,0.6119,BUY,1,1,0.7225,BUY,1,10,"SMA_50,MACD_Hist,OBV,MACD_Signal,MACD,ROC,Stochastic,Volume_MA,Price_Change,Williams_R",SMA_50
POWERGRID,2024-06-13,2024,1,Sideways,1,0.7193,BUY,1,1,0.7437,BUY,1,10,"SMA_50,MACD_Hist,OBV,MACD_Signal,MACD,ROC,Stochastic,Volume_MA,Price_Change,Williams_R",SMA_50
POWERGRID,2024-06-14,2024,1,Sideways,1,0.7201,BUY,1,1,0.6859,BUY,1,10,"SMA_50,MACD_Hist,OBV,MACD_Signal,MACD,ROC,Stochastic,Volume_MA,Price_Change,Williams_R",SMA_50
POWERGRID,2024-06-18,2024,1,Sideways,1,0.6408,BUY,1,1,0.6582,BUY,1,10,"SMA_50,MACD_Hist,OBV,MACD_Signal,MACD,ROC,Stochastic,Volume_MA,Price_Change,Williams_R",SMA_50
POWERGRID,2024-06-19,2024,1,Sideways,1,0.6063,BUY,1,1,0.7932,BUY,1,10,"SMA_50,MACD_Hist,OBV,MACD_Signal,MACD,ROC,Stochastic,Volume_MA,Price_Change,Williams_R",SMA_50
POWERGRID,2024-06-20,2024,1,Sideways,1,0.6312,BUY,1,1,0.8123,BUY,1,10,"SMA_50,MACD_Hist,OBV,MACD_Signal,MACD,ROC,Stochastic,Volume_MA,Price_Change,Williams_R",SMA_50
POWERGRID,2024-06-21,2024,1,Sideways,1,0.7117,BUY,1,1,0.8195,BUY,1,10,"SMA_50,MACD_Hist,OBV,MACD_Signal,MACD,ROC,Stochastic,Volume_MA,Price_Change,Williams_R",SMA_50
POWERGRID,2024-06-24,2024,1,Sideways,1,0.5598,BUY,1,1,0.8301,BUY,1,10,"SMA_50,MACD_Hist,OBV,MACD_Signal,MACD,ROC,Stochastic,Volume_MA,Price_Change,Williams_R",SMA_50
POWERGRID,2024-06-25,2024,1,Sideways,1,0.7555,BUY,1,1,0.8383,BUY,1,10,"SMA_50,MACD_Hist,OBV,MACD_Signal,MACD,ROC,Stochastic,Volume_MA,Price_Change,Williams_R",SMA_50
POWERGRID,2024-06-26,2024,1,Sideways,1,0.7628,BUY,1,1,0.8279,BUY,1,10,"SMA_50,MACD_Hist,OBV,MACD_Signal,MACD,ROC,Stochastic,Volume_MA,Price_Change,Williams_R",SMA_50
POWERGRID,2024-06-27,2024,1,Sideways,1,0.7598,BUY,1,1,0.8504,BUY,1,10,"SMA_50,MACD_Hist,OBV,MACD_Signal,MACD,ROC,Stochastic,Volume_MA,Price_Change,Williams_R",SMA_50
POWERGRID,2024-06-28,2024,1,Sideways,1,0.7986,BUY,1,1,0.8322,BUY,1,10,"SMA_50,MACD_Hist,OBV,MACD_Signal,MACD,ROC,Stochastic,Volume_MA,Price_Change,Williams_R",SMA_50
POWERGRID,2024-07-01,2024,1,Sideways,1,0.8446,BUY,1,1,0.8306,BUY,1,10,"SMA_50,MACD_Hist,OBV,MACD_Signal,MACD,ROC,Stochastic,Volume_MA,Price_Change,Williams_R",SMA_50
POWERGRID,2024-07-02,2024,1,Sideways,1,0.8928,BUY,1,1,0.8317,BUY,1,10,"SMA_50,MACD_Hist,OBV,MACD_Signal,MACD,ROC,Stochastic,Volume_MA,Price_Change,Williams_R",SMA_50
POWERGRID,2024-07-03,2024,1,Sideways,1,0.8884,BUY,1,1,0.8287,BUY,1,10,"SMA_50,MACD_Hist,OBV,MACD_Signal,MACD,ROC,Stochastic,Volume_MA,Price_Change,Williams_R",SMA_50
POWERGRID,2024-07-04,2024,1,Sideways,1,0.8984,BUY,1,1,0.7943,BUY,1,10,"SMA_50,MACD_Hist,OBV,MACD_Signal,MACD,ROC,Stochastic,Volume_MA,Price_Change,Williams_R",SMA_50
POWERGRID,2024-07-05,2024,1,Sideways,1,0.8722,BUY,1,1,0.7704,BUY,1,10,"SMA_50,MACD_Hist,OBV,MACD_Signal,MACD,ROC,Stochastic,Volume_MA,Price_Change,Williams_R",SMA_50
POWERGRID,2024-07-08,2024,1,Sideways,1,0.9027,BUY,1,1,0.734,BUY,1,10,"SMA_50,MACD_Hist,OBV,MACD_Signal,MACD,ROC,Stochastic,Volume_MA,Price_Change,Williams_R",SMA_50
POWERGRID,2024-07-09,2024,1,Sideways,1,0.8989,BUY,1,1,0.7182,BUY,1,10,"SMA_50,MACD_Hist,OBV,MACD_Signal,MACD,ROC,Stochastic,Volume_MA,Price_Change,Williams_R",SMA_50
POWERGRID,2024-07-10,2024,0,Sideways,1,0.8866,BUY,0,1,0.7095,BUY,0,10,"SMA_50,MACD_Hist,OBV,MACD_Signal,MACD,ROC,Stochastic,Volume_MA,Price_Change,Williams_R",SMA_50
POWERGRID,2024-07-11,2024,1,Sideways,1,0.7086,BUY,1,1,0.6855,BUY,1,10,"SMA_50,MACD_Hist,OBV,MACD_Signal,MACD,ROC,Stochastic,Volume_MA,Price_Change,Williams_R",SMA_50
POWERGRID,2024-07-12,2024,0,Sideways,1,0.7629,BUY,0,1,0.6903,BUY,0,10,"SMA_50,MACD_Hist,OBV,MACD_Signal,MACD,ROC,Stochastic,Volume_MA,Price_Change,Williams_R",SMA_50
POWERGRID,2024-07-15,2024,0,Sideways,0,0.5591,SELL,1,1,0.6773,BUY,0,10,"SMA_50,MACD_Hist,OBV,MACD_Signal,MACD,ROC,Stochastic,Volume_MA,Price_Change,Williams_R",SMA_50
POWERGRID,2024-07-16,2024,0,Sideways,0,0.5028,NO TRADE,1,1,0.7042,BUY,0,10,"SMA_50,MACD_Hist,OBV,MACD_Signal,MACD,ROC,Stochastic,Volume_MA,Price_Change,Williams_R",SMA_50
POWERGRID,2024-07-18,2024,1,Sideways,1,0.525,NO TRADE,1,1,0.6943,BUY,1,10,"SMA_50,MACD_Hist,OBV,MACD_Signal,MACD,ROC,Stochastic,Volume_MA,Price_Change,Williams_R",SMA_50
POWERGRID,2024-07-19,2024,1,Sideways,1,0.8585,BUY,1,1,0.7263,BUY,1,10,"SMA_50,MACD_Hist,OBV,MACD_Signal,MACD,ROC,Stochastic,Volume_MA,Price_Change,Williams_R",SMA_50
POWERGRID,2024-07-22,2024,1,Sideways,1,0.7871,BUY,1,1,0.7796,BUY,1,10,"SMA_50,MACD_Hist,OBV,MACD_Signal,MACD,ROC,Stochastic,Volume_MA,Price_Change,Williams_R",SMA_50
POWERGRID,2024-07-23,2024,1,Sideways,1,0.8614,BUY,1,1,0.7017,BUY,1,10,"SMA_50,MACD_Hist,OBV,MACD_Signal,MACD,ROC,Stochastic,Volume_MA,Price_Change,Williams_R",SMA_50
POWERGRID,2024-07-24,2024,0,Sideways,1,0.8608,BUY,0,1,0.8011,BUY,0,10,"SMA_50,MACD_Hist,OBV,MACD_Signal,MACD,ROC,Stochastic,Volume_MA,Price_Change,Williams_R",SMA_50
POWERGRID,2024-07-25,2024,0,Sideways,1,0.7318,BUY,0,1,0.7885,BUY,0,10,"SMA_50,MACD_Hist,OBV,MACD_Signal,MACD,ROC,Stochastic,Volume_MA,Price_Change,Williams_R",SMA_50
POWERGRID,2024-07-26,2024,0,Sideways,1,0.5592,BUY,0,1,0.5865,BUY,0,10,"MACD,SMA_20,SMA_50,SMA_10,OBV,MACD_Hist,BB_Upper,Open_Close_Pct,ATR_14,Williams_R",MACD
POWERGRID,2024-07-29,2024,0,Sideways,1,0.6158,BUY,0,1,0.5581,BUY,0,10,"MACD,SMA_20,SMA_50,SMA_10,OBV,MACD_Hist,BB_Upper,Open_Close_Pct,ATR_14,Williams_R",MACD
POWERGRID,2024-07-30,2024,0,Sideways,0,0.5825,SELL,1,0,0.5583,SELL,1,10,"MACD,SMA_20,SMA_50,SMA_10,OBV,MACD_Hist,BB_Upper,Open_Close_Pct,ATR_14,Williams_R",MACD
POWERGRID,2024-07-31,2024,0,Sideways,0,0.5295,NO TRADE,1,0,0.5704,SELL,1,10,"MACD,SMA_20,SMA_50,SMA_10,OBV,MACD_Hist,BB_Upper,Open_Close_Pct,ATR_14,Williams_R",MACD
POWERGRID,2024-08-01,2024,0,Sideways,0,0.747,SELL,1,0,0.5799,SELL,1,10,"MACD,SMA_20,SMA_50,SMA_10,OBV,MACD_Hist,BB_Upper,Open_Close_Pct,ATR_14,Williams_R",MACD
POWERGRID,2024-08-02,2024,0,Sideways,0,0.6223,SELL,1,0,0.6594,SELL,1,10,"MACD,SMA_20,SMA_50,SMA_10,OBV,MACD_Hist,BB_Upper,Open_Close_Pct,ATR_14,Williams_R",MACD
POWERGRID,2024-08-05,2024,0,Sideways,1,0.5627,BUY,0,0,0.6623,SELL,1,10,"MACD,SMA_20,SMA_50,SMA_10,OBV,MACD_Hist,BB_Upper,Open_Close_Pct,ATR_14,Williams_R",MACD
POWERGRID,2024-08-06,2024,0,Sideways,1,0.5795,BUY,0,0,0.6585,SELL,1,10,"MACD,SMA_20,SMA_50,SMA_10,OBV,MACD_Hist,BB_Upper,Open_Close_Pct,ATR_14,Williams_R",MACD
POWERGRID,2024-08-07,2024,0,Sideways,0,0.7364,SELL,1,0,0.6938,SELL,1,10,"MACD,SMA_20,SMA_50,SMA_10,OBV,MACD_Hist,BB_Upper,Open_Close_Pct,ATR_14,Williams_R",MACD
POWERGRID,2024-08-08,2024,0,Sideways,1,0.6952,BUY,0,0,0.6984,SELL,1,10,"MACD,SMA_20,SMA_50,SMA_10,OBV,MACD_Hist,BB_Upper,Open_Close_Pct,ATR_14,Williams_R",MACD
POWERGRID,2024-08-09,2024,0,Sideways,1,0.5211,NO TRADE,0,0,0.7168,SELL,1,10,"MACD,SMA_20,SMA_50,SMA_10,OBV,MACD_Hist,BB_Upper,Open_Close_Pct,ATR_14,Williams_R",MACD
POWERGRID,2024-08-12,2024,0,Sideways,1,0.7425,BUY,0,0,0.7026,SELL,1,10,"MACD,SMA_20,SMA_50,SMA_10,OBV,MACD_Hist,BB_Upper,Open_Close_Pct,ATR_14,Williams_R",MACD
POWERGRID,2024-08-13,2024,0,Sideways,1,0.8137,BUY,0,0,0.6732,SELL,1,10,"MACD,SMA_20,SMA_50,SMA_10,OBV,MACD_Hist,BB_Upper,Open_Close_Pct,ATR_14,Williams_R",MACD
POWERGRID,2024-08-14,2024,1,Sideways,1,0.8231,BUY,1,0,0.6439,SELL,0,10,"MACD,SMA_20,SMA_50,SMA_10,OBV,MACD_Hist,BB_Upper,Open_Close_Pct,ATR_14,Williams_R",MACD
POWERGRID,2024-08-16,2024,0,Sideways,1,0.8233,BUY,0,0,0.624,SELL,1,10,"MACD,SMA_20,SMA_50,SMA_10,OBV,MACD_Hist,BB_Upper,Open_Close_Pct,ATR_14,Williams_R",MACD
POWERGRID,2024-08-19,2024,0,Sideways,1,0.8017,BUY,0,0,0.648,SELL,1,10,"MACD,SMA_20,SMA_50,SMA_10,OBV,MACD_Hist,BB_Upper,Open_Close_Pct,ATR_14,Williams_R",MACD
POWERGRID,2024-08-20,2024,0,Sideways,1,0.7057,BUY,0,0,0.6446,SELL,1,10,"MACD,SMA_20,SMA_50,SMA_10,OBV,MACD_Hist,BB_Upper,Open_Close_Pct,ATR_14,Williams_R",MACD
POWERGRID,2024-08-21,2024,0,Sideways,1,0.7282,BUY,0,0,0.6096,SELL,1,10,"MACD,SMA_20,SMA_50,SMA_10,OBV,MACD_Hist,BB_Upper,Open_Close_Pct,ATR_14,Williams_R",MACD
POWERGRID,2024-08-22,2024,1,Sideways,1,0.7542,BUY,1,0,0.5936,SELL,0,10,"MACD,SMA_20,SMA_50,SMA_10,OBV,MACD_Hist,BB_Upper,Open_Close_Pct,ATR_14,Williams_R",MACD
POWERGRID,2024-08-23,2024,1,Sideways,1,0.7609,BUY,1,0,0.5427,NO TRADE,0,10,"MACD,SMA_20,SMA_50,SMA_10,OBV,MACD_Hist,BB_Upper,Open_Close_Pct,ATR_14,Williams_R",MACD
POWERGRID,2024-08-26,2024,1,Sideways,1,0.7072,BUY,1,0,0.5006,NO TRADE,0,10,"MACD,SMA_20,SMA_50,SMA_10,OBV,MACD_Hist,BB_Upper,Open_Close_Pct,ATR_14,Williams_R",MACD
POWERGRID,2024-08-27,2024,1,Sideways,1,0.6268,BUY,1,1,0.5499,NO TRADE,1,10,"MACD,SMA_20,SMA_50,SMA_10,OBV,MACD_Hist,BB_Upper,Open_Close_Pct,ATR_14,Williams_R",MACD
POWERGRID,2024-08-28,2024,1,Sideways,1,0.6561,BUY,1,1,0.5758,BUY,1,10,"MACD,SMA_20,SMA_50,SMA_10,OBV,MACD_Hist,BB_Upper,Open_Close_Pct,ATR_14,Williams_R",MACD
POWERGRID,2024-08-29,2024,1,Sideways,1,0.7222,BUY,1,1,0.6387,BUY,1,10,"MACD,SMA_20,SMA_50,SMA_10,OBV,MACD_Hist,BB_Upper,Open_Close_Pct,ATR_14,Williams_R",MACD
POWERGRID,2024-08-30,2024,1,Sideways,1,0.6568,BUY,1,1,0.6649,BUY,1,10,"MACD,SMA_20,SMA_50,SMA_10,OBV,MACD_Hist,BB_Upper,Open_Close_Pct,ATR_14,Williams_R",MACD
POWERGRID,2024-09-02,2024,1,Sideways,1,0.7912,BUY,1,1,0.6847,BUY,1,10,"MACD,SMA_20,SMA_50,SMA_10,OBV,MACD_Hist,BB_Upper,Open_Close_Pct,ATR_14,Williams_R",MACD
POWERGRID,2024-09-03,2024,1,Sideways,1,0.6892,BUY,1,1,0.7127,BUY,1,10,"MACD,SMA_20,SMA_50,SMA_10,OBV,MACD_Hist,BB_Upper,Open_Close_Pct,ATR_14,Williams_R",MACD
POWERGRID,2024-09-04,2024,1,Sideways,1,0.6909,BUY,1,1,0.735,BUY,1,10,"MACD,SMA_20,SMA_50,SMA_10,OBV,MACD_Hist,BB_Upper,Open_Close_Pct,ATR_14,Williams_R",MACD
POWERGRID,2024-09-05,2024,1,Sideways,1,0.7118,BUY,1,1,0.777,BUY,1,10,"MACD,SMA_20,SMA_50,SMA_10,OBV,MACD_Hist,BB_Upper,Open_Close_Pct,ATR_14,Williams_R",MACD
POWERGRID,2024-09-06,2024,0,Sideways,1,0.7689,BUY,0,1,0.7944,BUY,0,10,"MACD,SMA_20,SMA_50,SMA_10,OBV,MACD_Hist,BB_Upper,Open_Close_Pct,ATR_14,Williams_R",MACD
POWERGRID,2024-09-09,2024,0,Sideways,1,0.7068,BUY,0,1,0.6524,BUY,0,10,"ATR_14,Volume_MA,SMA_20,Rolling_Volatility,SMA_10,EMA_12,MACD_Hist,MACD,MFI,SMA_50",ATR_14
POWERGRID,2024-09-10,2024,0,Sideways,1,0.7739,BUY,0,0,0.5755,SELL,1,10,"ATR_14,Volume_MA,SMA_20,Rolling_Volatility,SMA_10,EMA_12,MACD_Hist,MACD,MFI,SMA_50",ATR_14
POWERGRID,2024-09-11,2024,1,Sideways,1,0.6358,BUY,1,0,0.643,SELL,0,10,"ATR_14,Volume_MA,SMA_20,Rolling_Volatility,SMA_10,EMA_12,MACD_Hist,MACD,MFI,SMA_50",ATR_14
POWERGRID,2024-09-12,2024,0,Sideways,1,0.7444,BUY,0,0,0.5529,SELL,1,10,"ATR_14,Volume_MA,SMA_20,Rolling_Volatility,SMA_10,EMA_12,MACD_Hist,MACD,MFI,SMA_50",ATR_14
POWERGRID,2024-09-13,2024,0,Sideways,1,0.5411,NO TRADE,0,0,0.6433,SELL,1,10,"ATR_14,Volume_MA,SMA_20,Rolling_Volatility,SMA_10,EMA_12,MACD_Hist,MACD,MFI,SMA_50",ATR_14
POWERGRID,2024-09-16,2024,0,Sideways,1,0.5383,NO TRADE,0,0,0.7109,SELL,1,10,"ATR_14,Volume_MA,SMA_20,Rolling_Volatility,SMA_10,EMA_12,MACD_Hist,MACD,MFI,SMA_50",ATR_14
POWERGRID,2024-09-17,2024,0,Sideways,1,0.5318,NO TRADE,0,0,0.7135,SELL,1,10,"ATR_14,Volume_MA,SMA_20,Rolling_Volatility,SMA_10,EMA_12,MACD_Hist,MACD,MFI,SMA_50",ATR_14
POWERGRID,2024-09-18,2024,0,Sideways,1,0.584,BUY,0,0,0.7184,SELL,1,10,"ATR_14,Volume_MA,SMA_20,Rolling_Volatility,SMA_10,EMA_12,MACD_Hist,MACD,MFI,SMA_50",ATR_14
POWERGRID,2024-09-19,2024,0,Sideways,0,0.5996,SELL,1,0,0.7203,SELL,1,10,"ATR_14,Volume_MA,SMA_20,Rolling_Volatility,SMA_10,EMA_12,MACD_Hist,MACD,MFI,SMA_50",ATR_14
POWERGRID,2024-09-20,2024,0,Sideways,0,0.5533,SELL,1,0,0.7204,SELL,1,10,"ATR_14,Volume_MA,SMA_20,Rolling_Volatility,SMA_10,EMA_12,MACD_Hist,MACD,MFI,SMA_50",ATR_14
POWERGRID,2024-09-23,2024,0,Sideways,0,0.6296,SELL,1,0,0.7369,SELL,1,10,"ATR_14,Volume_MA,SMA_20,Rolling_Volatility,SMA_10,EMA_12,MACD_Hist,MACD,MFI,SMA_50",ATR_14
POWERGRID,2024-09-24,2024,0,Sideways,0,0.6434,SELL,1,0,0.741,SELL,1,10,"ATR_14,Volume_MA,SMA_20,Rolling_Volatility,SMA_10,EMA_12,MACD_Hist,MACD,MFI,SMA_50",ATR_14
POWERGRID,2024-09-25,2024,0,Sideways,1,0.5288,NO TRADE,0,0,0.727,SELL,1,10,"ATR_14,Volume_MA,SMA_20,Rolling_Volatility,SMA_10,EMA_12,MACD_Hist,MACD,MFI,SMA_50",ATR_14
POWERGRID,2024-09-26,2024,0,Sideways,1,0.6111,BUY,0,0,0.7471,SELL,1,10,"ATR_14,Volume_MA,SMA_20,Rolling_Volatility,SMA_10,EMA_12,MACD_Hist,MACD,MFI,SMA_50",ATR_14
POWERGRID,2024-09-27,2024,0,Sideways,1,0.6295,BUY,0,0,0.749,SELL,1,10,"ATR_14,Volume_MA,SMA_20,Rolling_Volatility,SMA_10,EMA_12,MACD_Hist,MACD,MFI,SMA_50",ATR_14
POWERGRID,2024-09-30,2024,0,Sideways,1,0.675,BUY,0,0,0.75,SELL,1,10,"ATR_14,Volume_MA,SMA_20,Rolling_Volatility,SMA_10,EMA_12,MACD_Hist,MACD,MFI,SMA_50",ATR_14
POWERGRID,2024-10-01,2024,0,Sideways,1,0.7491,BUY,0,0,0.7555,SELL,1,10,"ATR_14,Volume_MA,SMA_20,Rolling_Volatility,SMA_10,EMA_12,MACD_Hist,MACD,MFI,SMA_50",ATR_14
POWERGRID,2024-10-03,2024,0,Sideways,1,0.8372,BUY,0,0,0.7551,SELL,1,10,"ATR_14,Volume_MA,SMA_20,Rolling_Volatility,SMA_10,EMA_12,MACD_Hist,MACD,MFI,SMA_50",ATR_14
POWERGRID,2024-10-04,2024,0,Sideways,1,0.8317,BUY,0,0,0.755,SELL,1,10,"ATR_14,Volume_MA,SMA_20,Rolling_Volatility,SMA_10,EMA_12,MACD_Hist,MACD,MFI,SMA_50",ATR_14
POWERGRID,2024-10-07,2024,0,Sideways,1,0.8206,BUY,0,0,0.7649,SELL,1,10,"ATR_14,Volume_MA,SMA_20,Rolling_Volatility,SMA_10,EMA_12,MACD_Hist,MACD,MFI,SMA_50",ATR_14
POWERGRID,2024-10-08,2024,0,Sideways,1,0.8056,BUY,0,0,0.7733,SELL,1,10,"ATR_14,Volume_MA,SMA_20,Rolling_Volatility,SMA_10,EMA_12,MACD_Hist,MACD,MFI,SMA_50",ATR_14
POWERGRID,2024-10-09,2024,0,Sideways,1,0.7998,BUY,0,0,0.7858,SELL,1,10,"ATR_14,Volume_MA,SMA_20,Rolling_Volatility,SMA_10,EMA_12,MACD_Hist,MACD,MFI,SMA_50",ATR_14
POWERGRID,2024-10-10,2024,0,Sideways,1,0.7922,BUY,0,0,0.795,SELL,1,10,"ATR_14,Volume_MA,SMA_20,Rolling_Volatility,SMA_10,EMA_12,MACD_Hist,MACD,MFI,SMA_50",ATR_14
POWERGRID,2024-10-11,2024,0,Sideways,1,0.718,BUY,0,0,0.8799,SELL,1,10,"ATR_14,Volume_MA,SMA_20,Rolling_Volatility,SMA_10,EMA_12,MACD_Hist,MACD,MFI,SMA_50",ATR_14
POWERGRID,2024-10-14,2024,0,Sideways,1,0.6018,BUY,0,0,0.8872,SELL,1,10,"ATR_14,Volume_MA,SMA_20,Rolling_Volatility,SMA_10,EMA_12,MACD_Hist,MACD,MFI,SMA_50",ATR_14
POWERGRID,2024-10-15,2024,0,Sideways,1,0.5512,BUY,0,0,0.8897,SELL,1,10,"ATR_14,Volume_MA,SMA_20,Rolling_Volatility,SMA_10,EMA_12,MACD_Hist,MACD,MFI,SMA_50",ATR_14
POWERGRID,2024-10-16,2024,0,Sideways,1,0.6096,BUY,0,0,0.8174,SELL,1,10,"ATR_14,Volume_MA,SMA_20,Rolling_Volatility,SMA_10,EMA_12,MACD_Hist,MACD,MFI,SMA_50",ATR_14
POWERGRID,2024-10-17,2024,0,Sideways,1,0.5183,NO TRADE,0,0,0.828,SELL,1,10,"ATR_14,Volume_MA,SMA_20,Rolling_Volatility,SMA_10,EMA_12,MACD_Hist,MACD,MFI,SMA_50",ATR_14
POWERGRID,2024-10-18,2024,0,Sideways,0,0.6064,SELL,1,0,0.8813,SELL,1,10,"ATR_14,Volume_MA,SMA_20,Rolling_Volatility,SMA_10,EMA_12,MACD_Hist,MACD,MFI,SMA_50",ATR_14
POWERGRID,2024-10-21,2024,0,Sideways,0,0.6201,SELL,1,0,0.8926,SELL,1,10,"ATR_14,Volume_MA,SMA_20,Rolling_Volatility,SMA_10,EMA_12,MACD_Hist,MACD,MFI,SMA_50",ATR_14
POWERGRID,2024-10-22,2024,1,Sideways,1,0.5295,NO TRADE,1,0,0.5388,NO TRADE,0,10,"MACD_Hist,SMA_20,MACD,SMA_10,EMA_12,BB_Width,OBV,Price_Change,MFI,ADX",MACD_Hist
POWERGRID,2024-10-23,2024,1,Sideways,1,0.5732,BUY,1,0,0.5256,NO TRADE,0,10,"MACD_Hist,SMA_20,MACD,SMA_10,EMA_12,BB_Width,OBV,Price_Change,MFI,ADX",MACD_Hist
POWERGRID,2024-10-24,2024,1,Sideways,0,0.5282,NO TRADE,0,1,0.561,BUY,1,10,"MACD_Hist,SMA_20,MACD,SMA_10,EMA_12,BB_Width,OBV,Price_Change,MFI,ADX",MACD_Hist
POWERGRID,2024-10-25,2024,1,Sideways,1,0.7111,BUY,1,1,0.6617,BUY,1,10,"MACD_Hist,SMA_20,MACD,SMA_10,EMA_12,BB_Width,OBV,Price_Change,MFI,ADX",MACD_Hist
POWERGRID,2024-10-28,2024,1,Sideways,1,0.6934,BUY,1,1,0.6261,BUY,1,10,"MACD_Hist,SMA_20,MACD,SMA_10,EMA_12,BB_Width,OBV,Price_Change,MFI,ADX",MACD_Hist
POWERGRID,2024-10-29,2024,1,Sideways,1,0.7104,BUY,1,1,0.6797,BUY,1,10,"MACD_Hist,SMA_20,MACD,SMA_10,EMA_12,BB_Width,OBV,Price_Change,MFI,ADX",MACD_Hist
POWERGRID,2024-10-30,2024,1,Sideways,1,0.7228,BUY,1,1,0.8288,BUY,1,10,"MACD_Hist,SMA_20,MACD,SMA_10,EMA_12,BB_Width,OBV,Price_Change,MFI,ADX",MACD_Hist
POWERGRID,2024-10-31,2024,1,Sideways,1,0.7322,BUY,1,1,0.8507,BUY,1,10,"MACD_Hist,SMA_20,MACD,SMA_10,EMA_12,BB_Width,OBV,Price_Change,MFI,ADX",MACD_Hist
POWERGRID,2024-11-01,2024,1,Sideways,1,0.8072,BUY,1,1,0.8941,BUY,1,10,"MACD_Hist,SMA_20,MACD,SMA_10,EMA_12,BB_Width,OBV,Price_Change,MFI,ADX",MACD_Hist
POWERGRID,2024-11-04,2024,1,Sideways,1,0.845,BUY,1,1,0.9121,BUY,1,10,"MACD_Hist,SMA_20,MACD,SMA_10,EMA_12,BB_Width,OBV,Price_Change,MFI,ADX",MACD_Hist
POWERGRID,2024-11-05,2024,1,Sideways,1,0.8676,BUY,1,1,0.9221,BUY,1,10,"MACD_Hist,SMA_20,MACD,SMA_10,EMA_12,BB_Width,OBV,Price_Change,MFI,ADX",MACD_Hist
POWERGRID,2024-11-06,2024,1,Sideways,1,0.8856,BUY,1,1,0.9309,BUY,1,10,"MACD_Hist,SMA_20,MACD,SMA_10,EMA_12,BB_Width,OBV,Price_Change,MFI,ADX",MACD_Hist
POWERGRID,2024-11-07,2024,1,Sideways,1,0.9219,BUY,1,1,0.939,BUY,1,10,"MACD_Hist,SMA_20,MACD,SMA_10,EMA_12,BB_Width,OBV,Price_Change,MFI,ADX",MACD_Hist
POWERGRID,2024-11-08,2024,1,Sideways,1,0.9382,BUY,1,1,0.9447,BUY,1,10,"MACD_Hist,SMA_20,MACD,SMA_10,EMA_12,BB_Width,OBV,Price_Change,MFI,ADX",MACD_Hist
POWERGRID,2024-11-11,2024,1,Sideways,1,0.8279,BUY,1,1,0.942,BUY,1,10,"MACD_Hist,SMA_20,MACD,SMA_10,EMA_12,BB_Width,OBV,Price_Change,MFI,ADX",MACD_Hist
POWERGRID,2024-11-12,2024,1,Sideways,1,0.9514,BUY,1,1,0.9328,BUY,1,10,"MACD_Hist,SMA_20,MACD,SMA_10,EMA_12,BB_Width,OBV,Price_Change,MFI,ADX",MACD_Hist
POWERGRID,2024-11-13,2024,1,Sideways,1,0.9482,BUY,1,1,0.9443,BUY,1,10,"MACD_Hist,SMA_20,MACD,SMA_10,EMA_12,BB_Width,OBV,Price_Change,MFI,ADX",MACD_Hist
POWERGRID,2024-11-14,2024,1,Sideways,1,0.9071,BUY,1,1,0.9491,BUY,1,10,"MACD_Hist,SMA_20,MACD,SMA_10,EMA_12,BB_Width,OBV,Price_Change,MFI,ADX",MACD_Hist
POWERGRID,2024-11-18,2024,1,Sideways,1,0.8851,BUY,1,1,0.9513,BUY,1,10,"MACD_Hist,SMA_20,MACD,SMA_10,EMA_12,BB_Width,OBV,Price_Change,MFI,ADX",MACD_Hist
POWERGRID,2024-11-19,2024,1,Sideways,1,0.9274,BUY,1,1,0.9619,BUY,1,10,"MACD_Hist,SMA_20,MACD,SMA_10,EMA_12,BB_Width,OBV,Price_Change,MFI,ADX",MACD_Hist
POWERGRID,2024-11-21,2024,0,Sideways,1,0.925,BUY,0,1,0.9339,BUY,0,10,"MACD_Hist,SMA_20,MACD,SMA_10,EMA_12,BB_Width,OBV,Price_Change,MFI,ADX",MACD_Hist
POWERGRID,2024-11-22,2024,0,Sideways,0,0.5523,SELL,1,1,0.7135,BUY,0,10,"MACD_Hist,SMA_20,MACD,SMA_10,EMA_12,BB_Width,OBV,Price_Change,MFI,ADX",MACD_Hist
POWERGRID,2024-11-25,2024,0,Sideways,0,0.6446,SELL,1,1,0.7115,BUY,0,10,"MACD_Hist,SMA_20,MACD,SMA_10,EMA_12,BB_Width,OBV,Price_Change,MFI,ADX",MACD_Hist
POWERGRID,2024-11-26,2024,0,Sideways,0,0.6556,SELL,1,1,0.6988,BUY,0,10,"MACD_Hist,SMA_20,MACD,SMA_10,EMA_12,BB_Width,OBV,Price_Change,MFI,ADX",MACD_Hist
POWERGRID,2024-11-27,2024,0,Sideways,0,0.6639,SELL,1,1,0.6837,BUY,0,10,"MACD_Hist,SMA_20,MACD,SMA_10,EMA_12,BB_Width,OBV,Price_Change,MFI,ADX",MACD_Hist
POWERGRID,2024-11-28,2024,0,Sideways,0,0.6835,SELL,1,1,0.6737,BUY,0,10,"MACD_Hist,SMA_20,MACD,SMA_10,EMA_12,BB_Width,OBV,Price_Change,MFI,ADX",MACD_Hist
POWERGRID,2024-11-29,2024,0,Sideways,0,0.5374,NO TRADE,1,1,0.6651,BUY,0,10,"MACD_Hist,SMA_20,MACD,SMA_10,EMA_12,BB_Width,OBV,Price_Change,MFI,ADX",MACD_Hist
POWERGRID,2024-12-02,2024,0,Sideways,0,0.5917,SELL,1,1,0.6576,BUY,0,10,"MACD_Hist,SMA_20,MACD,SMA_10,EMA_12,BB_Width,OBV,Price_Change,MFI,ADX",MACD_Hist
KOTAKBANK,2022-01-03,2022,1,Sideways,1,0.8481,BUY,1,1,0.7149,BUY,1,10,"BB_Upper,MACD_Signal,MACD_Hist,SMA_50,BB_Width,SMA_20,ROC,ADX,OBV,Rolling_Median_Return",BB_Upper
KOTAKBANK,2022-01-04,2022,1,Sideways,1,0.8553,BUY,1,1,0.5766,BUY,1,10,"BB_Upper,MACD,Volume_MA,Rolling_Volatility,MACD_Signal,BB_Width,Williams_R,Rolling_Median_Return,ADX,EMA_26",BB_Upper
KOTAKBANK,2022-01-05,2022,0,Sideways,1,0.7146,BUY,0,1,0.6002,BUY,0,10,"BB_Upper,MACD,Volume_MA,Rolling_Volatility,MACD_Signal,BB_Width,Williams_R,Rolling_Median_Return,ADX,EMA_26",BB_Upper
KOTAKBANK,2022-01-06,2022,0,Sideways,1,0.7636,BUY,0,1,0.5922,BUY,0,10,"BB_Upper,MACD,Volume_MA,Rolling_Volatility,MACD_Signal,BB_Width,Williams_R,Rolling_Median_Return,ADX,EMA_26",BB_Upper
KOTAKBANK,2022-01-07,2022,0,Sideways,1,0.5165,NO TRADE,0,1,0.571,BUY,0,10,"BB_Upper,MACD,Volume_MA,Rolling_Volatility,MACD_Signal,BB_Width,Williams_R,Rolling_Median_Return,ADX,EMA_26",BB_Upper
KOTAKBANK,2022-01-10,2022,0,Sideways,1,0.5139,NO TRADE,0,1,0.5803,BUY,0,10,"BB_Upper,MACD,Volume_MA,Rolling_Volatility,MACD_Signal,BB_Width,Williams_R,Rolling_Median_Return,ADX,EMA_26",BB_Upper
KOTAKBANK,2022-01-11,2022,0,Sideways,1,0.5075,NO TRADE,0,1,0.5311,NO TRADE,0,10,"BB_Upper,MACD,Volume_MA,Rolling_Volatility,MACD_Signal,BB_Width,Williams_R,Rolling_Median_Return,ADX,EMA_26",BB_Upper
KOTAKBANK,2022-01-12,2022,0,Sideways,0,0.5011,NO TRADE,1,1,0.5128,NO TRADE,0,10,"BB_Upper,MACD,Volume_MA,Rolling_Volatility,MACD_Signal,BB_Width,Williams_R,Rolling_Median_Return,ADX,EMA_26",BB_Upper
KOTAKBANK,2022-01-13,2022,0,Sideways,0,0.5086,NO TRADE,1,1,0.5889,BUY,0,10,"BB_Upper,MACD,Volume_MA,Rolling_Volatility,MACD_Signal,BB_Width,Williams_R,Rolling_Median_Return,ADX,EMA_26",BB_Upper
KOTAKBANK,2022-01-14,2022,0,Sideways,0,0.5861,SELL,1,1,0.5348,NO TRADE,0,10,"BB_Upper,MACD,Volume_MA,Rolling_Volatility,MACD_Signal,BB_Width,Williams_R,Rolling_Median_Return,ADX,EMA_26",BB_Upper
KOTAKBANK,2022-01-17,2022,0,Sideways,0,0.6038,SELL,1,1,0.5313,NO TRADE,0,10,"BB_Upper,MACD,Volume_MA,Rolling_Volatility,MACD_Signal,BB_Width,Williams_R,Rolling_Median_Return,ADX,EMA_26",BB_Upper
KOTAKBANK,2022-01-18,2022,0,Sideways,0,0.5343,NO TRADE,1,1,0.5222,NO TRADE,0,10,"BB_Upper,MACD,Volume_MA,Rolling_Volatility,MACD_Signal,BB_Width,Williams_R,Rolling_Median_Return,ADX,EMA_26",BB_Upper
KOTAKBANK,2022-01-19,2022,0,Sideways,0,0.531,NO TRADE,1,1,0.64,BUY,0,10,"BB_Upper,MACD,Volume_MA,Rolling_Volatility,MACD_Signal,BB_Width,Williams_R,Rolling_Median_Return,ADX,EMA_26",BB_Upper
KOTAKBANK,2022-01-20,2022,0,Sideways,0,0.6088,SELL,1,1,0.6453,BUY,0,10,"BB_Upper,MACD,Volume_MA,Rolling_Volatility,MACD_Signal,BB_Width,Williams_R,Rolling_Median_Return,ADX,EMA_26",BB_Upper
KOTAKBANK,2022-01-21,2022,0,Sideways,0,0.6547,SELL,1,1,0.6436,BUY,0,10,"BB_Upper,MACD,Volume_MA,Rolling_Volatility,MACD_Signal,BB_Width,Williams_R,Rolling_Median_Return,ADX,EMA_26",BB_Upper
KOTAKBANK,2022-01-24,2022,1,Sideways,1,0.5631,BUY,1,1,0.6361,BUY,1,10,"BB_Upper,MACD,Volume_MA,Rolling_Volatility,MACD_Signal,BB_Width,Williams_R,Rolling_Median_Return,ADX,EMA_26",BB_Upper
KOTAKBANK,2022-01-25,2022,1,Sideways,1,0.5362,NO TRADE,1,1,0.6391,BUY,1,10,"BB_Upper,MACD,Volume_MA,Rolling_Volatility,MACD_Signal,BB_Width,Williams_R,Rolling_Median_Return,ADX,EMA_26",BB_Upper
KOTAKBANK,2022-01-27,2022,0,Sideways,1,0.509,NO TRADE,0,1,0.6079,BUY,0,10,"BB_Upper,MACD,Volume_MA,Rolling_Volatility,MACD_Signal,BB_Width,Williams_R,Rolling_Median_Return,ADX,EMA_26",BB_Upper
KOTAKBANK,2022-01-28,2022,0,Sideways,0,0.6154,SELL,1,1,0.569,BUY,0,10,"BB_Upper,MACD,Volume_MA,Rolling_Volatility,MACD_Signal,BB_Width,Williams_R,Rolling_Median_Return,ADX,EMA_26",BB_Upper
KOTAKBANK,2022-01-31,2022,0,Sideways,1,0.506,NO TRADE,0,1,0.6483,BUY,0,10,"BB_Upper,MACD,Volume_MA,Rolling_Volatility,MACD_Signal,BB_Width,Williams_R,Rolling_Median_Return,ADX,EMA_26",BB_Upper
KOTAKBANK,2022-02-01,2022,0,Sideways,0,0.6474,SELL,1,1,0.591,BUY,0,10,"BB_Upper,MACD,Volume_MA,Rolling_Volatility,MACD_Signal,BB_Width,Williams_R,Rolling_Median_Return,ADX,EMA_26",BB_Upper
KOTAKBANK,2022-02-02,2022,0,Sideways,0,0.8231,SELL,1,1,0.5049,NO TRADE,0,10,"BB_Upper,MACD,Volume_MA,Rolling_Volatility,MACD_Signal,BB_Width,Williams_R,Rolling_Median_Return,ADX,EMA_26",BB_Upper
KOTAKBANK,2022-02-03,2022,0,Sideways,0,0.8024,SELL,1,1,0.5384,NO TRADE,0,10,"BB_Upper,MACD,Volume_MA,Rolling_Volatility,MACD_Signal,BB_Width,Williams_R,Rolling_Median_Return,ADX,EMA_26",BB_Upper
KOTAKBANK,2022-02-04,2022,0,Sideways,0,0.7841,SELL,1,1,0.5778,BUY,0,10,"BB_Upper,MACD,Volume_MA,Rolling_Volatility,MACD_Signal,BB_Width,Williams_R,Rolling_Median_Return,ADX,EMA_26",BB_Upper
KOTAKBANK,2022-02-07,2022,0,Sideways,1,0.5073,NO TRADE,0,1,0.6508,BUY,0,10,"BB_Upper,MACD,Volume_MA,Rolling_Volatility,MACD_Signal,BB_Width,Williams_R,Rolling_Median_Return,ADX,EMA_26",BB_Upper
KOTAKBANK,2022-02-08,2022,0,Sideways,1,0.5674,BUY,0,1,0.649,BUY,0,10,"BB_Upper,MACD,Volume_MA,Rolling_Volatility,MACD_Signal,BB_Width,Williams_R,Rolling_Median_Return,ADX,EMA_26",BB_Upper
KOTAKBANK,2022-02-09,2022,0,Sideways,0,0.5245,NO TRADE,1,1,0.6256,BUY,0,10,"BB_Upper,MACD,Volume_MA,Rolling_Volatility,MACD_Signal,BB_Width,Williams_R,Rolling_Median_Return,ADX,EMA_26",BB_Upper
KOTAKBANK,2022-02-10,2022,0,Sideways,0,0.729,SELL,1,1,0.5767,BUY,0,10,"BB_Upper,MACD,Volume_MA,Rolling_Volatility,MACD_Signal,BB_Width,Williams_R,Rolling_Median_Return,ADX,EMA_26",BB_Upper
KOTAKBANK,2022-02-11,2022,0,Sideways,1,0.5443,NO TRADE,0,1,0.6244,BUY,0,10,"BB_Upper,MACD,Volume_MA,Rolling_Volatility,MACD_Signal,BB_Width,Williams_R,Rolling_Median_Return,ADX,EMA_26",BB_Upper
KOTAKBANK,2022-02-14,2022,0,Sideways,1,0.6566,BUY,0,1,0.6512,BUY,0,10,"BB_Upper,MACD,Volume_MA,Rolling_Volatility,MACD_Signal,BB_Width,Williams_R,Rolling_Median_Return,ADX,EMA_26",BB_Upper
KOTAKBANK,2022-02-15,2022,0,Sideways,0,0.5698,SELL,1,1,0.5958,BUY,0,10,"BB_Upper,MACD,Volume_MA,Rolling_Volatility,MACD_Signal,BB_Width,Williams_R,Rolling_Median_Return,ADX,EMA_26",BB_Upper
KOTAKBANK,2022-02-16,2022,0,Sideways,0,0.5567,SELL,1,1,0.702,BUY,0,10,"MACD,BB_Upper,SMA_20,SMA_50,SMA_10,Volume_MA,OBV,Rolling_Volatility,EMA_12,Rolling_Std_10",MACD
KOTAKBANK,2022-02-17,2022,0,Sideways,1,0.6407,BUY,0,0,0.5357,NO TRADE,1,10,"MACD,BB_Upper,SMA_20,SMA_50,SMA_10,Volume_MA,OBV,Rolling_Volatility,EMA_12,Rolling_Std_10",MACD
KOTAKBANK,2022-02-18,2022,0,Sideways,0,0.5609,SELL,1,0,0.565,SELL,1,10,"MACD,BB_Upper,SMA_20,SMA_50,SMA_10,Volume_MA,OBV,Rolling_Volatility,EMA_12,Rolling_Std_10",MACD
KOTAKBANK,2022-02-21,2022,0,Sideways,0,0.7484,SELL,1,0,0.5631,SELL,1,10,"MACD,BB_Upper,SMA_20,SMA_50,SMA_10,Volume_MA,OBV,Rolling_Volatility,EMA_12,Rolling_Std_10",MACD
KOTAKBANK,2022-02-22,2022,0,Sideways,0,0.8194,SELL,1,0,0.5959,SELL,1,10,"MACD,BB_Upper,SMA_20,SMA_50,SMA_10,Volume_MA,OBV,Rolling_Volatility,EMA_12,Rolling_Std_10",MACD
KOTAKBANK,2022-02-23,2022,0,Sideways,0,0.8944,SELL,1,0,0.6339,SELL,1,10,"MACD,BB_Upper,SMA_20,SMA_50,SMA_10,Volume_MA,OBV,Rolling_Volatility,EMA_12,Rolling_Std_10",MACD
KOTAKBANK,2022-02-24,2022,0,Sideways,0,0.8451,SELL,1,0,0.6626,SELL,1,10,"MACD,BB_Upper,SMA_20,SMA_50,SMA_10,Volume_MA,OBV,Rolling_Volatility,EMA_12,Rolling_Std_10",MACD
KOTAKBANK,2022-02-25,2022,0,Sideways,0,0.9344,SELL,1,0,0.6781,SELL,1,10,"MACD,BB_Upper,SMA_20,SMA_50,SMA_10,Volume_MA,OBV,Rolling_Volatility,EMA_12,Rolling_Std_10",MACD
KOTAKBANK,2022-02-28,2022,0,Sideways,0,0.9128,SELL,1,0,0.6859,SELL,1,10,"MACD,BB_Upper,SMA_20,SMA_50,SMA_10,Volume_MA,OBV,Rolling_Volatility,EMA_12,Rolling_Std_10",MACD
KOTAKBANK,2022-03-02,2022,0,Sideways,0,0.8522,SELL,1,0,0.6946,SELL,1,10,"MACD,BB_Upper,SMA_20,SMA_50,SMA_10,Volume_MA,OBV,Rolling_Volatility,EMA_12,Rolling_Std_10",MACD
KOTAKBANK,2022-03-03,2022,0,Sideways,0,0.8047,SELL,1,0,0.7149,SELL,1,10,"MACD,BB_Upper,SMA_20,SMA_50,SMA_10,Volume_MA,OBV,Rolling_Volatility,EMA_12,Rolling_Std_10",MACD
KOTAKBANK,2022-03-04,2022,1,Sideways,0,0.7057,SELL,0,0,0.735,SELL,0,10,"MACD,BB_Upper,SMA_20,SMA_50,SMA_10,Volume_MA,OBV,Rolling_Volatility,EMA_12,Rolling_Std_10",MACD
KOTAKBANK,2022-03-07,2022,1,Sideways,1,0.6832,BUY,1,0,0.6234,SELL,0,10,"MACD,BB_Upper,SMA_20,SMA_50,SMA_10,Volume_MA,OBV,Rolling_Volatility,EMA_12,Rolling_Std_10",MACD
KOTAKBANK,2022-03-08,2022,1,Sideways,1,0.7015,BUY,1,1,0.5268,NO TRADE,1,10,"MACD,BB_Upper,SMA_20,SMA_50,SMA_10,Volume_MA,OBV,Rolling_Volatility,EMA_12,Rolling_Std_10",MACD
KOTAKBANK,2022-03-09,2022,1,Sideways,1,0.7336,BUY,1,1,0.647,BUY,1,10,"MACD,BB_Upper,SMA_20,SMA_50,SMA_10,Volume_MA,OBV,Rolling_Volatility,EMA_12,Rolling_Std_10",MACD
KOTAKBANK,2022-03-10,2022,1,Sideways,1,0.7799,BUY,1,1,0.663,BUY,1,10,"MACD,BB_Upper,SMA_20,SMA_50,SMA_10,Volume_MA,OBV,Rolling_Volatility,EMA_12,Rolling_Std_10",MACD
KOTAKBANK,2022-03-11,2022,1,Sideways,1,0.6333,BUY,1,1,0.6958,BUY,1,10,"MACD,BB_Upper,SMA_20,SMA_50,SMA_10,Volume_MA,OBV,Rolling_Volatility,EMA_12,Rolling_Std_10",MACD
KOTAKBANK,2022-03-14,2022,1,Sideways,1,0.6447,BUY,1,1,0.8115,BUY,1,10,"MACD,BB_Upper,SMA_20,SMA_50,SMA_10,Volume_MA,OBV,Rolling_Volatility,EMA_12,Rolling_Std_10",MACD
KOTAKBANK,2022-03-15,2022,1,Sideways,1,0.8369,BUY,1,1,0.8377,BUY,1,10,"MACD,BB_Upper,SMA_20,SMA_50,SMA_10,Volume_MA,OBV,Rolling_Volatility,EMA_12,Rolling_Std_10",MACD
KOTAKBANK,2022-03-16,2022,0,Sideways,1,0.6889,BUY,0,1,0.8394,BUY,0,10,"MACD,BB_Upper,SMA_20,SMA_50,SMA_10,Volume_MA,OBV,Rolling_Volatility,EMA_12,Rolling_Std_10",MACD
KOTAKBANK,2022-03-17,2022,0,Sideways,0,0.6827,SELL,1,1,0.7128,BUY,0,10,"MACD,BB_Upper,SMA_20,SMA_50,SMA_10,Volume_MA,OBV,Rolling_Volatility,EMA_12,Rolling_Std_10",MACD
KOTAKBANK,2022-03-21,2022,0,Sideways,0,0.7118,SELL,1,1,0.6997,BUY,0,10,"MACD,BB_Upper,SMA_20,SMA_50,SMA_10,Volume_MA,OBV,Rolling_Volatility,EMA_12,Rolling_Std_10",MACD
KOTAKBANK,2022-03-22,2022,0,Sideways,0,0.9208,SELL,1,1,0.5787,BUY,0,10,"MACD,BB_Upper,SMA_20,SMA_50,SMA_10,Volume_MA,OBV,Rolling_Volatility,EMA_12,Rolling_Std_10",MACD
KOTAKBANK,2022-03-23,2022,0,Sideways,0,0.9167,SELL,1,0,0.5265,NO TRADE,1,10,"MACD,BB_Upper,SMA_20,SMA_50,SMA_10,Volume_MA,OBV,Rolling_Volatility,EMA_12,Rolling_Std_10",MACD
KOTAKBANK,2022-03-24,2022,1,Sideways,0,0.507,NO TRADE,0,0,0.5465,NO TRADE,0,10,"MACD,BB_Upper,SMA_20,SMA_50,SMA_10,Volume_MA,OBV,Rolling_Volatility,EMA_12,Rolling_Std_10",MACD
KOTAKBANK,2022-03-25,2022,1,Sideways,1,0.5908,BUY,1,1,0.6035,BUY,1,10,"MACD,BB_Upper,SMA_20,SMA_50,SMA_10,Volume_MA,OBV,Rolling_Volatility,EMA_12,Rolling_Std_10",MACD
KOTAKBANK,2022-03-28,2022,1,Sideways,1,0.6734,BUY,1,1,0.6584,BUY,1,10,"MACD,BB_Upper,SMA_20,SMA_50,SMA_10,Volume_MA,OBV,Rolling_Volatility,EMA_12,Rolling_Std_10",MACD
KOTAKBANK,2022-03-29,2022,1,Sideways,1,0.6383,BUY,1,1,0.7091,BUY,1,10,"MACD,BB_Upper,SMA_20,SMA_50,SMA_10,Volume_MA,OBV,Rolling_Volatility,EMA_12,Rolling_Std_10",MACD
KOTAKBANK,2022-03-30,2022,1,Sideways,0,0.5854,SELL,0,1,0.7175,BUY,1,10,"MACD,BB_Upper,SMA_20,SMA_50,SMA_10,Volume_MA,OBV,Rolling_Volatility,EMA_12,Rolling_Std_10",MACD
KOTAKBANK,2022-03-31,2022,1,Sideways,1,0.6299,BUY,1,1,0.7216,BUY,1,10,"MACD,BB_Upper,SMA_20,SMA_50,SMA_10,Volume_MA,OBV,Rolling_Volatility,EMA_12,Rolling_Std_10",MACD
KOTAKBANK,2022-04-01,2022,0,Sideways,1,0.6021,BUY,0,1,0.6551,BUY,0,10,"SMA_10,Volume_MA,BB_Upper,SMA_20,CCI,EMA_12,Rolling_Median_Return,RSI_14,Rolling_Mean_Return,MACD",SMA_10
KOTAKBANK,2022-04-04,2022,0,Sideways,0,0.906,SELL,1,1,0.5413,NO TRADE,0,10,"SMA_10,Volume_MA,BB_Upper,SMA_20,CCI,EMA_12,Rolling_Median_Return,RSI_14,Rolling_Mean_Return,MACD",SMA_10
KOTAKBANK,2022-04-05,2022,0,Sideways,0,0.6808,SELL,1,1,0.5796,BUY,0,10,"SMA_10,Volume_MA,BB_Upper,SMA_20,CCI,EMA_12,Rolling_Median_Return,RSI_14,Rolling_Mean_Return,MACD",SMA_10
KOTAKBANK,2022-04-06,2022,0,Sideways,0,0.651,SELL,1,1,0.5103,NO TRADE,0,10,"SMA_10,Volume_MA,BB_Upper,SMA_20,CCI,EMA_12,Rolling_Median_Return,RSI_14,Rolling_Mean_Return,MACD",SMA_10
KOTAKBANK,2022-04-07,2022,1,Sideways,0,0.6171,SELL,0,0,0.5284,NO TRADE,0,10,"SMA_10,Volume_MA,BB_Upper,SMA_20,CCI,EMA_12,Rolling_Median_Return,RSI_14,Rolling_Mean_Return,MACD",SMA_10
KOTAKBANK,2022-04-08,2022,1,Sideways,1,0.548,NO TRADE,1,1,0.526,NO TRADE,1,10,"SMA_10,Volume_MA,BB_Upper,SMA_20,CCI,EMA_12,Rolling_Median_Return,RSI_14,Rolling_Mean_Return,MACD",SMA_10
KOTAKBANK,2022-04-11,2022,0,Sideways,1,0.6894,BUY,0,1,0.6658,BUY,0,10,"SMA_10,Volume_MA,BB_Upper,SMA_20,CCI,EMA_12,Rolling_Median_Return,RSI_14,Rolling_Mean_Return,MACD",SMA_10
KOTAKBANK,2022-04-12,2022,0,Sideways,0,0.7097,SELL,1,0,0.6086,SELL,1,10,"SMA_10,Volume_MA,BB_Upper,SMA_20,CCI,EMA_12,Rolling_Median_Return,RSI_14,Rolling_Mean_Return,MACD",SMA_10
KOTAKBANK,2022-04-13,2022,1,Sideways,0,0.6422,SELL,0,0,0.5704,SELL,0,10,"SMA_10,Volume_MA,BB_Upper,SMA_20,CCI,EMA_12,Rolling_Median_Return,RSI_14,Rolling_Mean_Return,MACD",SMA_10
KOTAKBANK,2022-04-18,2022,1,Sideways,1,0.7264,BUY,1,1,0.5082,NO TRADE,1,10,"SMA_10,Volume_MA,BB_Upper,SMA_20,CCI,EMA_12,Rolling_Median_Return,RSI_14,Rolling_Mean_Return,MACD",SMA_10
KOTAKBANK,2022-04-19,2022,1,Sideways,1,0.8268,BUY,1,1,0.7635,BUY,1,10,"SMA_10,Volume_MA,BB_Upper,SMA_20,CCI,EMA_12,Rolling_Median_Return,RSI_14,Rolling_Mean_Return,MACD",SMA_10
KOTAKBANK,2022-04-20,2022,1,Sideways,1,0.9087,BUY,1,1,0.8009,BUY,1,10,"SMA_10,Volume_MA,BB_Upper,SMA_20,CCI,EMA_12,Rolling_Median_Return,RSI_14,Rolling_Mean_Return,MACD",SMA_10
KOTAKBANK,2022-04-21,2022,1,Sideways,1,0.7562,BUY,1,1,0.7298,BUY,1,10,"SMA_10,Volume_MA,BB_Upper,SMA_20,CCI,EMA_12,Rolling_Median_Return,RSI_14,Rolling_Mean_Return,MACD",SMA_10
KOTAKBANK,2022-04-22,2022,1,Sideways,1,0.8138,BUY,1,1,0.7757,BUY,1,10,"SMA_10,Volume_MA,BB_Upper,SMA_20,CCI,EMA_12,Rolling_Median_Return,RSI_14,Rolling_Mean_Return,MACD",SMA_10
KOTAKBANK,2022-04-25,2022,1,Sideways,1,0.8015,BUY,1,1,0.7549,BUY,1,10,"SMA_10,Volume_MA,BB_Upper,SMA_20,CCI,EMA_12,Rolling_Median_Return,RSI_14,Rolling_Mean_Return,MACD",SMA_10
KOTAKBANK,2022-04-26,2022,1,Sideways,1,0.7411,BUY,1,1,0.7812,BUY,1,10,"SMA_10,Volume_MA,BB_Upper,SMA_20,CCI,EMA_12,Rolling_Median_Return,RSI_14,Rolling_Mean_Return,MACD",SMA_10
KOTAKBANK,2022-04-27,2022,1,Sideways,1,0.8477,BUY,1,1,0.8059,BUY,1,10,"SMA_10,Volume_MA,BB_Upper,SMA_20,CCI,EMA_12,Rolling_Median_Return,RSI_14,Rolling_Mean_Return,MACD",SMA_10
KOTAKBANK,2022-04-28,2022,1,Sideways,1,0.7713,BUY,1,1,0.6927,BUY,1,10,"SMA_10,Volume_MA,BB_Upper,SMA_20,CCI,EMA_12,Rolling_Median_Return,RSI_14,Rolling_Mean_Return,MACD",SMA_10
KOTAKBANK,2022-04-29,2022,1,Sideways,1,0.7119,BUY,1,1,0.5793,BUY,1,10,"SMA_10,Volume_MA,BB_Upper,SMA_20,CCI,EMA_12,Rolling_Median_Return,RSI_14,Rolling_Mean_Return,MACD",SMA_10
KOTAKBANK,2022-05-02,2022,1,Sideways,1,0.7543,BUY,1,1,0.6576,BUY,1,10,"SMA_10,Volume_MA,BB_Upper,SMA_20,CCI,EMA_12,Rolling_Median_Return,RSI_14,Rolling_Mean_Return,MACD",SMA_10
KOTAKBANK,2022-05-04,2022,1,Sideways,1,0.7578,BUY,1,1,0.6196,BUY,1,10,"SMA_10,Volume_MA,BB_Upper,SMA_20,CCI,EMA_12,Rolling_Median_Return,RSI_14,Rolling_Mean_Return,MACD",SMA_10
KOTAKBANK,2022-05-05,2022,1,Sideways,1,0.7235,BUY,1,1,0.6109,BUY,1,10,"SMA_10,Volume_MA,BB_Upper,SMA_20,CCI,EMA_12,Rolling_Median_Return,RSI_14,Rolling_Mean_Return,MACD",SMA_10
KOTAKBANK,2022-05-06,2022,1,Sideways,1,0.7817,BUY,1,1,0.8008,BUY,1,10,"SMA_10,Volume_MA,BB_Upper,SMA_20,CCI,EMA_12,Rolling_Median_Return,RSI_14,Rolling_Mean_Return,MACD",SMA_10
KOTAKBANK,2022-05-09,2022,1,Sideways,1,0.8854,BUY,1,1,0.8083,BUY,1,10,"SMA_10,Volume_MA,BB_Upper,SMA_20,CCI,EMA_12,Rolling_Median_Return,RSI_14,Rolling_Mean_Return,MACD",SMA_10
KOTAKBANK,2022-05-10,2022,1,Sideways,1,0.8597,BUY,1,1,0.8169,BUY,1,10,"SMA_10,Volume_MA,BB_Upper,SMA_20,CCI,EMA_12,Rolling_Median_Return,RSI_14,Rolling_Mean_Return,MACD",SMA_10
KOTAKBANK,2022-05-11,2022,1,Sideways,1,0.842,BUY,1,1,0.7707,BUY,1,10,"SMA_10,Volume_MA,BB_Upper,SMA_20,CCI,EMA_12,Rolling_Median_Return,RSI_14,Rolling_Mean_Return,MACD",SMA_10
KOTAKBANK,2022-05-12,2022,1,Sideways,1,0.7583,BUY,1,1,0.8542,BUY,1,10,"SMA_10,Volume_MA,BB_Upper,SMA_20,CCI,EMA_12,Rolling_Median_Return,RSI_14,Rolling_Mean_Return,MACD",SMA_10
KOTAKBANK,2022-05-13,2022,1,Sideways,1,0.8957,BUY,1,1,0.7389,BUY,1,10,"SMA_10,Volume_MA,BB_Upper,SMA_20,CCI,EMA_12,Rolling_Median_Return,RSI_14,Rolling_Mean_Return,MACD",SMA_10
KOTAKBANK,2022-05-16,2022,0,Sideways,1,0.8767,BUY,0,1,0.6663,BUY,0,10,"SMA_10,Volume_MA,BB_Upper,SMA_20,CCI,EMA_12,Rolling_Median_Return,RSI_14,Rolling_Mean_Return,MACD",SMA_10
KOTAKBANK,2022-05-17,2022,0,Sideways,1,0.7083,BUY,0,1,0.6171,BUY,0,10,"SMA_10,Volume_MA,BB_Upper,SMA_20,CCI,EMA_12,Rolling_Median_Return,RSI_14,Rolling_Mean_Return,MACD",SMA_10
KOTAKBANK,2022-05-18,2022,0,Sideways,1,0.5872,BUY,0,1,0.7204,BUY,0,10,"SMA_10,Rolling_Mean_Return,EMA_26,BB_Upper,Volume_MA,OBV,BB_Width,Rolling_Std_10,SMA_20,ADX",SMA_10
KOTAKBANK,2022-05-19,2022,0,Sideways,1,0.5917,BUY,0,0,0.5523,SELL,1,10,"SMA_10,Rolling_Mean_Return,EMA_26,BB_Upper,Volume_MA,OBV,BB_Width,Rolling_Std_10,SMA_20,ADX",SMA_10
KOTAKBANK,2022-05-20,2022,0,Sideways,0,0.627,SELL,1,0,0.5977,SELL,1,10,"SMA_10,Rolling_Mean_Return,EMA_26,BB_Upper,Volume_MA,OBV,BB_Width,Rolling_Std_10,SMA_20,ADX",SMA_10
KOTAKBANK,2022-05-23,2022,0,Sideways,0,0.6166,SELL,1,0,0.6501,SELL,1,10,"SMA_10,Rolling_Mean_Return,EMA_26,BB_Upper,Volume_MA,OBV,BB_Width,Rolling_Std_10,SMA_20,ADX",SMA_10
KOTAKBANK,2022-05-24,2022,0,Sideways,0,0.5462,NO TRADE,1,0,0.6308,SELL,1,10,"SMA_10,Rolling_Mean_Return,EMA_26,BB_Upper,Volume_MA,OBV,BB_Width,Rolling_Std_10,SMA_20,ADX",SMA_10
KOTAKBANK,2022-05-25,2022,0,Sideways,0,0.5092,NO TRADE,1,0,0.6024,SELL,1,10,"SMA_10,Rolling_Mean_Return,EMA_26,BB_Upper,Volume_MA,OBV,BB_Width,Rolling_Std_10,SMA_20,ADX",SMA_10
KOTAKBANK,2022-05-26,2022,0,Sideways,1,0.5176,NO TRADE,0,0,0.5471,NO TRADE,1,10,"SMA_10,Rolling_Mean_Return,EMA_26,BB_Upper,Volume_MA,OBV,BB_Width,Rolling_Std_10,SMA_20,ADX",SMA_10
KOTAKBANK,2022-05-27,2022,0,Sideways,1,0.5222,NO TRADE,0,0,0.6154,SELL,1,10,"SMA_10,Rolling_Mean_Return,EMA_26,BB_Upper,Volume_MA,OBV,BB_Width,Rolling_Std_10,SMA_20,ADX",SMA_10
KOTAKBANK,2022-05-30,2022,0,Sideways,0,0.52,NO TRADE,1,0,0.6724,SELL,1,10,"SMA_10,Rolling_Mean_Return,EMA_26,BB_Upper,Volume_MA,OBV,BB_Width,Rolling_Std_10,SMA_20,ADX",SMA_10
KOTAKBANK,2022-05-31,2022,0,Sideways,1,0.5881,BUY,0,0,0.6239,SELL,1,10,"SMA_10,Rolling_Mean_Return,EMA_26,BB_Upper,Volume_MA,OBV,BB_Width,Rolling_Std_10,SMA_20,ADX",SMA_10
KOTAKBANK,2022-06-01,2022,0,Sideways,0,0.5511,SELL,1,0,0.656,SELL,1,10,"SMA_10,Rolling_Mean_Return,EMA_26,BB_Upper,Volume_MA,OBV,BB_Width,Rolling_Std_10,SMA_20,ADX",SMA_10
KOTAKBANK,2022-06-02,2022,0,Sideways,0,0.544,NO TRADE,1,0,0.5959,SELL,1,10,"SMA_10,Rolling_Mean_Return,EMA_26,BB_Upper,Volume_MA,OBV,BB_Width,Rolling_Std_10,SMA_20,ADX",SMA_10
KOTAKBANK,2022-06-03,2022,0,Sideways,1,0.5544,BUY,0,0,0.5487,NO TRADE,1,10,"SMA_10,Rolling_Mean_Return,EMA_26,BB_Upper,Volume_MA,OBV,BB_Width,Rolling_Std_10,SMA_20,ADX",SMA_10
KOTAKBANK,2022-06-06,2022,0,Sideways,1,0.5512,BUY,0,0,0.5789,SELL,1,10,"SMA_10,Rolling_Mean_Return,EMA_26,BB_Upper,Volume_MA,OBV,BB_Width,Rolling_Std_10,SMA_20,ADX",SMA_10
KOTAKBANK,2022-06-07,2022,0,Sideways,1,0.6307,BUY,0,0,0.5677,SELL,1,10,"SMA_10,Rolling_Mean_Return,EMA_26,BB_Upper,Volume_MA,OBV,BB_Width,Rolling_Std_10,SMA_20,ADX",SMA_10
KOTAKBANK,2022-06-08,2022,0,Sideways,1,0.6572,BUY,0,0,0.5718,SELL,1,10,"SMA_10,Rolling_Mean_Return,EMA_26,BB_Upper,Volume_MA,OBV,BB_Width,Rolling_Std_10,SMA_20,ADX",SMA_10
KOTAKBANK,2022-06-09,2022,0,Sideways,1,0.627,BUY,0,0,0.6127,SELL,1,10,"SMA_10,Rolling_Mean_Return,EMA_26,BB_Upper,Volume_MA,OBV,BB_Width,Rolling_Std_10,SMA_20,ADX",SMA_10
KOTAKBANK,2022-06-10,2022,0,Sideways,1,0.7062,BUY,0,0,0.6757,SELL,1,10,"SMA_10,Rolling_Mean_Return,EMA_26,BB_Upper,Volume_MA,OBV,BB_Width,Rolling_Std_10,SMA_20,ADX",SMA_10
KOTAKBANK,2022-06-13,2022,1,Sideways,1,0.6409,BUY,1,0,0.7163,SELL,0,10,"SMA_10,Rolling_Mean_Return,EMA_26,BB_Upper,Volume_MA,OBV,BB_Width,Rolling_Std_10,SMA_20,ADX",SMA_10
KOTAKBANK,2022-06-14,2022,0,Sideways,1,0.7971,BUY,0,0,0.601,SELL,1,10,"SMA_10,Rolling_Mean_Return,EMA_26,BB_Upper,Volume_MA,OBV,BB_Width,Rolling_Std_10,SMA_20,ADX",SMA_10
KOTAKBANK,2022-06-15,2022,1,Sideways,1,0.7002,BUY,1,0,0.5234,NO TRADE,0,10,"SMA_10,Rolling_Mean_Return,EMA_26,BB_Upper,Volume_MA,OBV,BB_Width,Rolling_Std_10,SMA_20,ADX",SMA_10
KOTAKBANK,2022-06-16,2022,1,Sideways,1,0.8718,BUY,1,1,0.636,BUY,1,10,"SMA_10,Rolling_Mean_Return,EMA_26,BB_Upper,Volume_MA,OBV,BB_Width,Rolling_Std_10,SMA_20,ADX",SMA_10
KOTAKBANK,2022-06-17,2022,1,Sideways,1,0.9885,BUY,1,1,0.7513,BUY,1,10,"SMA_10,Rolling_Mean_Return,EMA_26,BB_Upper,Volume_MA,OBV,BB_Width,Rolling_Std_10,SMA_20,ADX",SMA_10
KOTAKBANK,2022-06-20,2022,1,Sideways,1,0.9901,BUY,1,1,0.7862,BUY,1,10,"SMA_10,Rolling_Mean_Return,EMA_26,BB_Upper,Volume_MA,OBV,BB_Width,Rolling_Std_10,SMA_20,ADX",SMA_10
KOTAKBANK,2022-06-21,2022,1,Sideways,1,0.9906,BUY,1,1,0.8068,BUY,1,10,"SMA_10,Rolling_Mean_Return,EMA_26,BB_Upper,Volume_MA,OBV,BB_Width,Rolling_Std_10,SMA_20,ADX",SMA_10
KOTAKBANK,2022-06-22,2022,1,Sideways,1,0.9911,BUY,1,1,0.8176,BUY,1,10,"SMA_10,Rolling_Mean_Return,EMA_26,BB_Upper,Volume_MA,OBV,BB_Width,Rolling_Std_10,SMA_20,ADX",SMA_10
KOTAKBANK,2022-06-23,2022,1,Sideways,1,0.9911,BUY,1,1,0.8247,BUY,1,10,"SMA_10,Rolling_Mean_Return,EMA_26,BB_Upper,Volume_MA,OBV,BB_Width,Rolling_Std_10,SMA_20,ADX",SMA_10
KOTAKBANK,2022-06-24,2022,1,Sideways,1,0.99,BUY,1,1,0.8431,BUY,1,10,"SMA_10,Rolling_Mean_Return,EMA_26,BB_Upper,Volume_MA,OBV,BB_Width,Rolling_Std_10,SMA_20,ADX",SMA_10
KOTAKBANK,2022-06-27,2022,1,Sideways,1,0.99,BUY,1,1,0.8747,BUY,1,10,"SMA_10,Rolling_Mean_Return,EMA_26,BB_Upper,Volume_MA,OBV,BB_Width,Rolling_Std_10,SMA_20,ADX",SMA_10
KOTAKBANK,2022-06-28,2022,1,Sideways,1,0.9915,BUY,1,1,0.8769,BUY,1,10,"SMA_10,Rolling_Mean_Return,EMA_26,BB_Upper,Volume_MA,OBV,BB_Width,Rolling_Std_10,SMA_20,ADX",SMA_10
KOTAKBANK,2022-06-29,2022,1,Sideways,1,0.9922,BUY,1,1,0.8295,BUY,1,10,"Rolling_Std_10,SMA_10,EMA_12,BB_Upper,Williams_R,RSI_14,Volume_MA,MACD,MACD_Signal,ATR_14",Rolling_Std_10
KOTAKBANK,2022-06-30,2022,1,Sideways,1,0.9908,BUY,1,1,0.9045,BUY,1,10,"Rolling_Std_10,SMA_10,EMA_12,BB_Upper,Williams_R,RSI_14,Volume_MA,MACD,MACD_Signal,ATR_14",Rolling_Std_10
KOTAKBANK,2022-07-01,2022,1,Sideways,1,0.9912,BUY,1,1,0.8975,BUY,1,10,"Rolling_Std_10,SMA_10,EMA_12,BB_Upper,Williams_R,RSI_14,Volume_MA,MACD,MACD_Signal,ATR_14",Rolling_Std_10
KOTAKBANK,2022-07-04,2022,1,Sideways,1,0.9912,BUY,1,1,0.9212,BUY,1,10,"Rolling_Std_10,SMA_10,EMA_12,BB_Upper,Williams_R,RSI_14,Volume_MA,MACD,MACD_Signal,ATR_14",Rolling_Std_10
KOTAKBANK,2022-07-05,2022,1,Sideways,1,0.9921,BUY,1,1,0.9361,BUY,1,10,"Rolling_Std_10,SMA_10,EMA_12,BB_Upper,Williams_R,RSI_14,Volume_MA,MACD,MACD_Signal,ATR_14",Rolling_Std_10
KOTAKBANK,2022-07-06,2022,1,Sideways,1,0.8462,BUY,1,1,0.8646,BUY,1,10,"Rolling_Std_10,SMA_10,EMA_12,BB_Upper,Williams_R,RSI_14,Volume_MA,MACD,MACD_Signal,ATR_14",Rolling_Std_10
KOTAKBANK,2022-07-07,2022,1,Sideways,1,0.7415,BUY,1,1,0.8682,BUY,1,10,"Rolling_Std_10,SMA_10,EMA_12,BB_Upper,Williams_R,RSI_14,Volume_MA,MACD,MACD_Signal,ATR_14",Rolling_Std_10
KOTAKBANK,2022-07-08,2022,1,Sideways,1,0.9068,BUY,1,1,0.9381,BUY,1,10,"Rolling_Std_10,SMA_10,EMA_12,BB_Upper,Williams_R,RSI_14,Volume_MA,MACD,MACD_Signal,ATR_14",Rolling_Std_10
KOTAKBANK,2022-07-11,2022,1,Sideways,1,0.9032,BUY,1,1,0.94,BUY,1,10,"Rolling_Std_10,SMA_10,EMA_12,BB_Upper,Williams_R,RSI_14,Volume_MA,MACD,MACD_Signal,ATR_14",Rolling_Std_10
KOTAKBANK,2022-07-12,2022,1,Sideways,1,0.9083,BUY,1,1,0.943,BUY,1,10,"Rolling_Std_10,SMA_10,EMA_12,BB_Upper,Williams_R,RSI_14,Volume_MA,MACD,MACD_Signal,ATR_14",Rolling_Std_10
KOTAKBANK,2022-07-13,2022,1,Sideways,1,0.8089,BUY,1,1,0.9461,BUY,1,10,"Rolling_Std_10,SMA_10,EMA_12,BB_Upper,Williams_R,RSI_14,Volume_MA,MACD,MACD_Signal,ATR_14",Rolling_Std_10
KOTAKBANK,2022-07-14,2022,1,Sideways,1,0.8529,BUY,1,1,0.9428,BUY,1,10,"Rolling_Std_10,SMA_10,EMA_12,BB_Upper,Williams_R,RSI_14,Volume_MA,MACD,MACD_Signal,ATR_14",Rolling_Std_10
KOTAKBANK,2022-07-15,2022,1,Sideways,1,0.8043,BUY,1,1,0.9396,BUY,1,10,"Rolling_Std_10,SMA_10,EMA_12,BB_Upper,Williams_R,RSI_14,Volume_MA,MACD,MACD_Signal,ATR_14",Rolling_Std_10
KOTAKBANK,2022-07-18,2022,0,Sideways,1,0.6708,BUY,0,1,0.9271,BUY,0,10,"Rolling_Std_10,SMA_10,EMA_12,BB_Upper,Williams_R,RSI_14,Volume_MA,MACD,MACD_Signal,ATR_14",Rolling_Std_10
KOTAKBANK,2022-07-19,2022,1,Sideways,1,0.6109,BUY,1,1,0.5446,NO TRADE,1,10,"Rolling_Std_10,SMA_10,EMA_12,BB_Upper,Williams_R,RSI_14,Volume_MA,MACD,MACD_Signal,ATR_14",Rolling_Std_10
KOTAKBANK,2022-07-20,2022,1,Sideways,1,0.7409,BUY,1,1,0.6412,BUY,1,10,"Rolling_Std_10,SMA_10,EMA_12,BB_Upper,Williams_R,RSI_14,Volume_MA,MACD,MACD_Signal,ATR_14",Rolling_Std_10
KOTAKBANK,2022-07-21,2022,1,Sideways,1,0.891,BUY,1,1,0.7315,BUY,1,10,"Rolling_Std_10,SMA_10,EMA_12,BB_Upper,Williams_R,RSI_14,Volume_MA,MACD,MACD_Signal,ATR_14",Rolling_Std_10
KOTAKBANK,2022-07-22,2022,1,Sideways,1,0.6598,BUY,1,1,0.7065,BUY,1,10,"Rolling_Std_10,SMA_10,EMA_12,BB_Upper,Williams_R,RSI_14,Volume_MA,MACD,MACD_Signal,ATR_14",Rolling_Std_10
KOTAKBANK,2022-07-25,2022,1,Sideways,1,0.8614,BUY,1,1,0.6683,BUY,1,10,"Rolling_Std_10,SMA_10,EMA_12,BB_Upper,Williams_R,RSI_14,Volume_MA,MACD,MACD_Signal,ATR_14",Rolling_Std_10
KOTAKBANK,2022-07-26,2022,1,Sideways,1,0.8961,BUY,1,1,0.7562,BUY,1,10,"Rolling_Std_10,SMA_10,EMA_12,BB_Upper,Williams_R,RSI_14,Volume_MA,MACD,MACD_Signal,ATR_14",Rolling_Std_10
KOTAKBANK,2022-07-27,2022,1,Sideways,1,0.9148,BUY,1,1,0.77,BUY,1,10,"Rolling_Std_10,SMA_10,EMA_12,BB_Upper,Williams_R,RSI_14,Volume_MA,MACD,MACD_Signal,ATR_14",Rolling_Std_10
KOTAKBANK,2022-07-28,2022,1,Sideways,0,0.5608,SELL,0,1,0.6742,BUY,1,10,"Rolling_Std_10,SMA_10,EMA_12,BB_Upper,Williams_R,RSI_14,Volume_MA,MACD,MACD_Signal,ATR_14",Rolling_Std_10
KOTAKBANK,2022-07-29,2022,1,Sideways,1,0.8465,BUY,1,1,0.6388,BUY,1,10,"Rolling_Std_10,SMA_10,EMA_12,BB_Upper,Williams_R,RSI_14,Volume_MA,MACD,MACD_Signal,ATR_14",Rolling_Std_10
KOTAKBANK,2022-08-01,2022,1,Sideways,1,0.6232,BUY,1,1,0.5237,NO TRADE,1,10,"Rolling_Std_10,SMA_10,EMA_12,BB_Upper,Williams_R,RSI_14,Volume_MA,MACD,MACD_Signal,ATR_14",Rolling_Std_10
KOTAKBANK,2022-08-02,2022,1,Sideways,1,0.6458,BUY,1,1,0.5215,NO TRADE,1,10,"Rolling_Std_10,SMA_10,EMA_12,BB_Upper,Williams_R,RSI_14,Volume_MA,MACD,MACD_Signal,ATR_14",Rolling_Std_10
KOTAKBANK,2022-08-03,2022,1,Sideways,1,0.797,BUY,1,1,0.6129,BUY,1,10,"Rolling_Std_10,SMA_10,EMA_12,BB_Upper,Williams_R,RSI_14,Volume_MA,MACD,MACD_Signal,ATR_14",Rolling_Std_10
KOTAKBANK,2022-08-04,2022,1,Sideways,1,0.8241,BUY,1,1,0.6042,BUY,1,10,"Rolling_Std_10,SMA_10,EMA_12,BB_Upper,Williams_R,RSI_14,Volume_MA,MACD,MACD_Signal,ATR_14",Rolling_Std_10
KOTAKBANK,2022-08-05,2022,1,Sideways,1,0.8762,BUY,1,1,0.6423,BUY,1,10,"Rolling_Std_10,SMA_10,EMA_12,BB_Upper,Williams_R,RSI_14,Volume_MA,MACD,MACD_Signal,ATR_14",Rolling_Std_10
KOTAKBANK,2022-08-08,2022,1,Sideways,1,0.8378,BUY,1,1,0.6827,BUY,1,10,"Rolling_Std_10,SMA_10,EMA_12,BB_Upper,Williams_R,RSI_14,Volume_MA,MACD,MACD_Signal,ATR_14",Rolling_Std_10
KOTAKBANK,2022-08-10,2022,1,Sideways,1,0.9011,BUY,1,1,0.5983,BUY,1,10,"Rolling_Std_10,SMA_10,EMA_12,BB_Upper,Williams_R,RSI_14,Volume_MA,MACD,MACD_Signal,ATR_14",Rolling_Std_10
KOTAKBANK,2022-08-11,2022,1,Sideways,1,0.7156,BUY,1,1,0.5111,NO TRADE,1,10,"EMA_12,ATR_14,Rolling_Std_10,Williams_R,Volume_MA,RSI_14,ROC,BB_Upper,MACD,Rolling_Median_Return",EMA_12
KOTAKBANK,2022-08-12,2022,1,Sideways,1,0.9347,BUY,1,1,0.5959,BUY,1,10,"EMA_12,ATR_14,Rolling_Std_10,Williams_R,Volume_MA,RSI_14,ROC,BB_Upper,MACD,Rolling_Median_Return",EMA_12
KOTAKBANK,2022-08-16,2022,1,Sideways,1,0.9188,BUY,1,1,0.6546,BUY,1,10,"EMA_12,ATR_14,Rolling_Std_10,Williams_R,Volume_MA,RSI_14,ROC,BB_Upper,MACD,Rolling_Median_Return",EMA_12
KOTAKBANK,2022-08-17,2022,1,Sideways,1,0.9417,BUY,1,1,0.669,BUY,1,10,"EMA_12,ATR_14,Rolling_Std_10,Williams_R,Volume_MA,RSI_14,ROC,BB_Upper,MACD,Rolling_Median_Return",EMA_12
KOTAKBANK,2022-08-18,2022,1,Sideways,1,0.5789,BUY,1,1,0.6868,BUY,1,10,"EMA_12,ATR_14,Rolling_Std_10,Williams_R,Volume_MA,RSI_14,ROC,BB_Upper,MACD,Rolling_Median_Return",EMA_12
KOTAKBANK,2022-08-19,2022,1,Sideways,1,0.8977,BUY,1,1,0.7134,BUY,1,10,"EMA_12,ATR_14,Rolling_Std_10,Williams_R,Volume_MA,RSI_14,ROC,BB_Upper,MACD,Rolling_Median_Return",EMA_12
KOTAKBANK,2022-08-22,2022,1,Sideways,1,0.9261,BUY,1,1,0.602,BUY,1,10,"EMA_12,ATR_14,Rolling_Std_10,Williams_R,Volume_MA,RSI_14,ROC,BB_Upper,MACD,Rolling_Median_Return",EMA_12
KOTAKBANK,2022-08-23,2022,1,Sideways,1,0.9073,BUY,1,1,0.6297,BUY,1,10,"EMA_12,ATR_14,Rolling_Std_10,Williams_R,Volume_MA,RSI_14,ROC,BB_Upper,MACD,Rolling_Median_Return",EMA_12
KOTAKBANK,2022-08-24,2022,1,Sideways,1,0.9453,BUY,1,1,0.6629,BUY,1,10,"EMA_12,ATR_14,Rolling_Std_10,Williams_R,Volume_MA,RSI_14,ROC,BB_Upper,MACD,Rolling_Median_Return",EMA_12
KOTAKBANK,2022-08-25,2022,0,Sideways,1,0.8858,BUY,0,1,0.6694,BUY,0,10,"EMA_12,ATR_14,Rolling_Std_10,Williams_R,Volume_MA,RSI_14,ROC,BB_Upper,MACD,Rolling_Median_Return",EMA_12
KOTAKBANK,2022-08-26,2022,0,Sideways,1,0.7414,BUY,0,1,0.7306,BUY,0,10,"EMA_12,ATR_14,Rolling_Std_10,Williams_R,Volume_MA,RSI_14,ROC,BB_Upper,MACD,Rolling_Median_Return",EMA_12
KOTAKBANK,2022-08-29,2022,0,Sideways,1,0.8081,BUY,0,1,0.6312,BUY,0,10,"EMA_12,ATR_14,Rolling_Std_10,Williams_R,Volume_MA,RSI_14,ROC,BB_Upper,MACD,Rolling_Median_Return",EMA_12
KOTAKBANK,2022-08-30,2022,0,Sideways,0,0.5644,SELL,1,1,0.6649,BUY,0,10,"EMA_12,ATR_14,Rolling_Std_10,Williams_R,Volume_MA,RSI_14,ROC,BB_Upper,MACD,Rolling_Median_Return",EMA_12
KOTAKBANK,2022-09-01,2022,0,Sideways,1,0.6378,BUY,0,1,0.5793,BUY,0,10,"EMA_12,ATR_14,Rolling_Std_10,Williams_R,Volume_MA,RSI_14,ROC,BB_Upper,MACD,Rolling_Median_Return",EMA_12
KOTAKBANK,2022-09-02,2022,0,Sideways,1,0.6937,BUY,0,1,0.594,BUY,0,10,"EMA_12,ATR_14,Rolling_Std_10,Williams_R,Volume_MA,RSI_14,ROC,BB_Upper,MACD,Rolling_Median_Return",EMA_12
KOTAKBANK,2022-09-05,2022,0,Sideways,1,0.6217,BUY,0,1,0.5689,BUY,0,10,"EMA_12,ATR_14,Rolling_Std_10,Williams_R,Volume_MA,RSI_14,ROC,BB_Upper,MACD,Rolling_Median_Return",EMA_12
KOTAKBANK,2022-09-06,2022,0,Sideways,1,0.5457,NO TRADE,0,1,0.5471,NO TRADE,0,10,"EMA_12,ATR_14,Rolling_Std_10,Williams_R,Volume_MA,RSI_14,ROC,BB_Upper,MACD,Rolling_Median_Return",EMA_12
KOTAKBANK,2022-09-07,2022,0,Sideways,1,0.5322,NO TRADE,0,0,0.5325,NO TRADE,1,10,"EMA_12,ATR_14,Rolling_Std_10,Williams_R,Volume_MA,RSI_14,ROC,BB_Upper,MACD,Rolling_Median_Return",EMA_12
KOTAKBANK,2022-09-08,2022,0,Sideways,0,0.527,NO TRADE,1,0,0.5455,NO TRADE,1,10,"EMA_12,ATR_14,Rolling_Std_10,Williams_R,Volume_MA,RSI_14,ROC,BB_Upper,MACD,Rolling_Median_Return",EMA_12
KOTAKBANK,2022-09-09,2022,0,Sideways,0,0.5286,NO TRADE,1,0,0.5721,SELL,1,10,"EMA_12,ATR_14,Rolling_Std_10,Williams_R,Volume_MA,RSI_14,ROC,BB_Upper,MACD,Rolling_Median_Return",EMA_12
KOTAKBANK,2022-09-12,2022,0,Sideways,1,0.5529,BUY,0,0,0.5588,SELL,1,10,"EMA_12,ATR_14,Rolling_Std_10,Williams_R,Volume_MA,RSI_14,ROC,BB_Upper,MACD,Rolling_Median_Return",EMA_12
KOTAKBANK,2022-09-13,2022,0,Sideways,0,0.5511,SELL,1,0,0.5259,NO TRADE,1,10,"EMA_12,ATR_14,Rolling_Std_10,Williams_R,Volume_MA,RSI_14,ROC,BB_Upper,MACD,Rolling_Median_Return",EMA_12
KOTAKBANK,2022-09-14,2022,0,Sideways,0,0.6133,SELL,1,0,0.5275,NO TRADE,1,10,"EMA_12,ATR_14,Rolling_Std_10,Williams_R,Volume_MA,RSI_14,ROC,BB_Upper,MACD,Rolling_Median_Return",EMA_12
KOTAKBANK,2022-09-15,2022,0,Sideways,1,0.5119,NO TRADE,0,0,0.5285,NO TRADE,1,10,"EMA_12,ATR_14,Rolling_Std_10,Williams_R,Volume_MA,RSI_14,ROC,BB_Upper,MACD,Rolling_Median_Return",EMA_12
KOTAKBANK,2022-09-16,2022,0,Sideways,1,0.5183,NO TRADE,0,0,0.5035,NO TRADE,1,10,"EMA_12,ATR_14,Rolling_Std_10,Williams_R,Volume_MA,RSI_14,ROC,BB_Upper,MACD,Rolling_Median_Return",EMA_12
KOTAKBANK,2022-09-19,2022,0,Sideways,1,0.55,NO TRADE,0,1,0.5934,BUY,0,10,"EMA_12,ATR_14,Rolling_Std_10,Williams_R,Volume_MA,RSI_14,ROC,BB_Upper,MACD,Rolling_Median_Return",EMA_12
KOTAKBANK,2022-09-20,2022,0,Sideways,0,0.5761,SELL,1,0,0.5394,NO TRADE,1,10,"EMA_12,ATR_14,Rolling_Std_10,Williams_R,Volume_MA,RSI_14,ROC,BB_Upper,MACD,Rolling_Median_Return",EMA_12
KOTAKBANK,2022-09-21,2022,0,Sideways,0,0.5733,SELL,1,1,0.5652,BUY,0,10,"EMA_12,ATR_14,Rolling_Std_10,Williams_R,Volume_MA,RSI_14,ROC,BB_Upper,MACD,Rolling_Median_Return",EMA_12
KOTAKBANK,2022-09-22,2022,1,Sideways,0,0.5568,SELL,0,1,0.7159,BUY,1,10,"EMA_12,ATR_14,Rolling_Std_10,Williams_R,Volume_MA,RSI_14,ROC,BB_Upper,MACD,Rolling_Median_Return",EMA_12
KOTAKBANK,2022-09-23,2022,1,Sideways,1,0.5895,BUY,1,1,0.7425,BUY,1,10,"EMA_12,ATR_14,Rolling_Std_10,Williams_R,Volume_MA,RSI_14,ROC,BB_Upper,MACD,Rolling_Median_Return",EMA_12
KOTAKBANK,2022-09-26,2022,1,Sideways,1,0.5822,BUY,1,1,0.7275,BUY,1,10,"Rolling_Mean_Return,EMA_12,ATR_14,MACD,EMA_26,Rolling_Median_Return,Volume_MA,RSI_14,Rolling_Std_10,BB_Upper",Rolling_Mean_Return
KOTAKBANK,2022-09-27,2022,1,Sideways,1,0.7334,BUY,1,1,0.7799,BUY,1,10,"Rolling_Mean_Return,EMA_12,ATR_14,MACD,EMA_26,Rolling_Median_Return,Volume_MA,RSI_14,Rolling_Std_10,BB_Upper",Rolling_Mean_Return
KOTAKBANK,2022-09-28,2022,1,Sideways,1,0.9311,BUY,1,1,0.7998,BUY,1,10,"Rolling_Mean_Return,EMA_12,ATR_14,MACD,EMA_26,Rolling_Median_Return,Volume_MA,RSI_14,Rolling_Std_10,BB_Upper",Rolling_Mean_Return
KOTAKBANK,2022-09-29,2022,1,Sideways,1,0.9935,BUY,1,1,0.8338,BUY,1,10,"Rolling_Mean_Return,EMA_12,ATR_14,MACD,EMA_26,Rolling_Median_Return,Volume_MA,RSI_14,Rolling_Std_10,BB_Upper",Rolling_Mean_Return
KOTAKBANK,2022-09-30,2022,1,Sideways,1,0.9742,BUY,1,1,0.7565,BUY,1,10,"Rolling_Mean_Return,EMA_12,ATR_14,MACD,EMA_26,Rolling_Median_Return,Volume_MA,RSI_14,Rolling_Std_10,BB_Upper",Rolling_Mean_Return
KOTAKBANK,2022-10-03,2022,1,Sideways,1,0.9938,BUY,1,1,0.8136,BUY,1,10,"Rolling_Mean_Return,EMA_12,ATR_14,MACD,EMA_26,Rolling_Median_Return,Volume_MA,RSI_14,Rolling_Std_10,BB_Upper",Rolling_Mean_Return
KOTAKBANK,2022-10-04,2022,1,Sideways,1,0.9867,BUY,1,1,0.7482,BUY,1,10,"Rolling_Mean_Return,EMA_12,ATR_14,MACD,EMA_26,Rolling_Median_Return,Volume_MA,RSI_14,Rolling_Std_10,BB_Upper",Rolling_Mean_Return
KOTAKBANK,2022-10-06,2022,1,Sideways,1,0.9911,BUY,1,1,0.7587,BUY,1,10,"Rolling_Mean_Return,EMA_12,ATR_14,MACD,EMA_26,Rolling_Median_Return,Volume_MA,RSI_14,Rolling_Std_10,BB_Upper",Rolling_Mean_Return
KOTAKBANK,2022-10-07,2022,1,Sideways,1,0.9853,BUY,1,1,0.7618,BUY,1,10,"Rolling_Mean_Return,EMA_12,ATR_14,MACD,EMA_26,Rolling_Median_Return,Volume_MA,RSI_14,Rolling_Std_10,BB_Upper",Rolling_Mean_Return
KOTAKBANK,2022-10-10,2022,1,Sideways,1,0.9901,BUY,1,1,0.7831,BUY,1,10,"Rolling_Mean_Return,EMA_12,ATR_14,MACD,EMA_26,Rolling_Median_Return,Volume_MA,RSI_14,Rolling_Std_10,BB_Upper",Rolling_Mean_Return
KOTAKBANK,2022-10-11,2022,1,Sideways,1,0.992,BUY,1,1,0.8066,BUY,1,10,"Rolling_Mean_Return,EMA_12,ATR_14,MACD,EMA_26,Rolling_Median_Return,Volume_MA,RSI_14,Rolling_Std_10,BB_Upper",Rolling_Mean_Return
KOTAKBANK,2022-10-12,2022,1,Sideways,1,0.9785,BUY,1,1,0.8125,BUY,1,10,"Rolling_Mean_Return,EMA_12,ATR_14,MACD,EMA_26,Rolling_Median_Return,Volume_MA,RSI_14,Rolling_Std_10,BB_Upper",Rolling_Mean_Return
KOTAKBANK,2022-10-13,2022,1,Sideways,1,0.9853,BUY,1,1,0.8096,BUY,1,10,"Rolling_Mean_Return,EMA_12,ATR_14,MACD,EMA_26,Rolling_Median_Return,Volume_MA,RSI_14,Rolling_Std_10,BB_Upper",Rolling_Mean_Return
KOTAKBANK,2022-10-14,2022,1,Sideways,1,0.9278,BUY,1,1,0.7979,BUY,1,10,"Rolling_Mean_Return,EMA_12,ATR_14,MACD,EMA_26,Rolling_Median_Return,Volume_MA,RSI_14,Rolling_Std_10,BB_Upper",Rolling_Mean_Return
KOTAKBANK,2022-10-17,2022,1,Sideways,1,0.9067,BUY,1,1,0.6685,BUY,1,10,"Rolling_Mean_Return,EMA_12,ATR_14,MACD,EMA_26,Rolling_Median_Return,Volume_MA,RSI_14,Rolling_Std_10,BB_Upper",Rolling_Mean_Return
KOTAKBANK,2022-10-18,2022,1,Sideways,1,0.8653,BUY,1,1,0.7615,BUY,1,10,"Rolling_Mean_Return,EMA_12,ATR_14,MACD,EMA_26,Rolling_Median_Return,Volume_MA,RSI_14,Rolling_Std_10,BB_Upper",Rolling_Mean_Return
KOTAKBANK,2022-10-19,2022,1,Sideways,1,0.8512,BUY,1,1,0.7285,BUY,1,10,"Rolling_Mean_Return,EMA_12,ATR_14,MACD,EMA_26,Rolling_Median_Return,Volume_MA,RSI_14,Rolling_Std_10,BB_Upper",Rolling_Mean_Return
KOTAKBANK,2022-10-20,2022,1,Sideways,1,0.8444,BUY,1,1,0.7439,BUY,1,10,"Rolling_Mean_Return,EMA_12,ATR_14,MACD,EMA_26,Rolling_Median_Return,Volume_MA,RSI_14,Rolling_Std_10,BB_Upper",Rolling_Mean_Return
KOTAKBANK,2022-10-21,2022,1,Sideways,1,0.8097,BUY,1,1,0.6421,BUY,1,10,"Rolling_Mean_Return,EMA_12,ATR_14,MACD,EMA_26,Rolling_Median_Return,Volume_MA,RSI_14,Rolling_Std_10,BB_Upper",Rolling_Mean_Return
KOTAKBANK,2022-10-24,2022,1,Sideways,1,0.8527,BUY,1,1,0.6423,BUY,1,10,"Rolling_Mean_Return,EMA_12,ATR_14,MACD,EMA_26,Rolling_Median_Return,Volume_MA,RSI_14,Rolling_Std_10,BB_Upper",Rolling_Mean_Return
KOTAKBANK,2022-10-25,2022,1,Sideways,1,0.7903,BUY,1,1,0.7845,BUY,1,10,"Rolling_Mean_Return,EMA_12,ATR_14,MACD,EMA_26,Rolling_Median_Return,Volume_MA,RSI_14,Rolling_Std_10,BB_Upper",Rolling_Mean_Return
KOTAKBANK,2022-10-27,2022,1,Sideways,1,0.8682,BUY,1,1,0.7591,BUY,1,10,"Rolling_Mean_Return,EMA_12,ATR_14,MACD,EMA_26,Rolling_Median_Return,Volume_MA,RSI_14,Rolling_Std_10,BB_Upper",Rolling_Mean_Return
KOTAKBANK,2022-10-28,2022,1,Sideways,1,0.8239,BUY,1,1,0.7375,BUY,1,10,"Rolling_Mean_Return,EMA_12,ATR_14,MACD,EMA_26,Rolling_Median_Return,Volume_MA,RSI_14,Rolling_Std_10,BB_Upper",Rolling_Mean_Return
KOTAKBANK,2022-10-31,2022,1,Sideways,1,0.8203,BUY,1,1,0.7328,BUY,1,10,"Rolling_Mean_Return,EMA_12,ATR_14,MACD,EMA_26,Rolling_Median_Return,Volume_MA,RSI_14,Rolling_Std_10,BB_Upper",Rolling_Mean_Return
KOTAKBANK,2022-11-01,2022,1,Sideways,1,0.8374,BUY,1,1,0.7265,BUY,1,10,"Rolling_Mean_Return,EMA_12,ATR_14,MACD,EMA_26,Rolling_Median_Return,Volume_MA,RSI_14,Rolling_Std_10,BB_Upper",Rolling_Mean_Return
KOTAKBANK,2022-11-02,2022,1,Sideways,1,0.7786,BUY,1,1,0.7307,BUY,1,10,"Rolling_Mean_Return,EMA_12,ATR_14,MACD,EMA_26,Rolling_Median_Return,Volume_MA,RSI_14,Rolling_Std_10,BB_Upper",Rolling_Mean_Return
KOTAKBANK,2022-11-03,2022,1,Sideways,1,0.7974,BUY,1,1,0.7364,BUY,1,10,"Rolling_Mean_Return,EMA_12,ATR_14,MACD,EMA_26,Rolling_Median_Return,Volume_MA,RSI_14,Rolling_Std_10,BB_Upper",Rolling_Mean_Return
KOTAKBANK,2022-11-04,2022,1,Sideways,1,0.8042,BUY,1,1,0.7407,BUY,1,10,"Rolling_Mean_Return,EMA_12,ATR_14,MACD,EMA_26,Rolling_Median_Return,Volume_MA,RSI_14,Rolling_Std_10,BB_Upper",Rolling_Mean_Return
KOTAKBANK,2022-11-07,2022,1,Sideways,1,0.8501,BUY,1,1,0.7688,BUY,1,10,"Rolling_Mean_Return,EMA_12,ATR_14,MACD,EMA_26,Rolling_Median_Return,Volume_MA,RSI_14,Rolling_Std_10,BB_Upper",Rolling_Mean_Return
KOTAKBANK,2022-11-09,2022,1,Sideways,1,0.8276,BUY,1,1,0.7574,BUY,1,10,"Rolling_Mean_Return,EMA_12,ATR_14,MACD,EMA_26,Rolling_Median_Return,Volume_MA,RSI_14,Rolling_Std_10,BB_Upper",Rolling_Mean_Return
KOTAKBANK,2022-11-10,2022,0,Sideways,1,0.7861,BUY,0,1,0.7267,BUY,0,10,"EMA_12,ATR_14,Rolling_Median_Return,MACD,Rolling_Volatility,RSI_14,MACD_Hist,ADX,Stochastic,Rolling_Std_10",EMA_12
KOTAKBANK,2022-11-11,2022,0,Sideways,1,0.7026,BUY,0,1,0.744,BUY,0,10,"EMA_12,ATR_14,Rolling_Median_Return,MACD,Rolling_Volatility,RSI_14,MACD_Hist,ADX,Stochastic,Rolling_Std_10",EMA_12
KOTAKBANK,2022-11-14,2022,0,Sideways,1,0.6929,BUY,0,1,0.786,BUY,0,10,"EMA_12,ATR_14,Rolling_Median_Return,MACD,Rolling_Volatility,RSI_14,MACD_Hist,ADX,Stochastic,Rolling_Std_10",EMA_12
KOTAKBANK,2022-11-15,2022,0,Sideways,1,0.5792,BUY,0,1,0.6382,BUY,0,10,"EMA_12,ATR_14,Rolling_Median_Return,MACD,Rolling_Volatility,RSI_14,MACD_Hist,ADX,Stochastic,Rolling_Std_10",EMA_12
KOTAKBANK,2022-11-16,2022,0,Sideways,0,0.5301,NO TRADE,1,1,0.8687,BUY,0,10,"EMA_12,ATR_14,Rolling_Median_Return,MACD,Rolling_Volatility,RSI_14,MACD_Hist,ADX,Stochastic,Rolling_Std_10",EMA_12
KOTAKBANK,2022-11-17,2022,0,Sideways,0,0.5328,NO TRADE,1,1,0.6055,BUY,0,10,"EMA_12,ATR_14,Rolling_Median_Return,MACD,Rolling_Volatility,RSI_14,MACD_Hist,ADX,Stochastic,Rolling_Std_10",EMA_12
KOTAKBANK,2022-11-18,2022,0,Sideways,0,0.5803,SELL,1,1,0.5925,BUY,0,10,"EMA_12,ATR_14,Rolling_Median_Return,MACD,Rolling_Volatility,RSI_14,MACD_Hist,ADX,Stochastic,Rolling_Std_10",EMA_12
KOTAKBANK,2022-11-21,2022,0,Sideways,0,0.5634,SELL,1,1,0.5001,NO TRADE,0,10,"EMA_12,ATR_14,Rolling_Median_Return,MACD,Rolling_Volatility,RSI_14,MACD_Hist,ADX,Stochastic,Rolling_Std_10",EMA_12
KOTAKBANK,2022-11-22,2022,0,Sideways,0,0.5632,SELL,1,1,0.5084,NO TRADE,0,10,"EMA_12,ATR_14,Rolling_Median_Return,MACD,Rolling_Volatility,RSI_14,MACD_Hist,ADX,Stochastic,Rolling_Std_10",EMA_12
KOTAKBANK,2022-11-23,2022,0,Sideways,0,0.5369,NO TRADE,1,0,0.5124,NO TRADE,1,10,"EMA_12,ATR_14,Rolling_Median_Return,MACD,Rolling_Volatility,RSI_14,MACD_Hist,ADX,Stochastic,Rolling_Std_10",EMA_12
KOTAKBANK,2022-11-24,2022,0,Sideways,0,0.5784,SELL,1,0,0.5312,NO TRADE,1,10,"EMA_12,ATR_14,Rolling_Median_Return,MACD,Rolling_Volatility,RSI_14,MACD_Hist,ADX,Stochastic,Rolling_Std_10",EMA_12
KOTAKBANK,2022-11-25,2022,0,Sideways,0,0.5946,SELL,1,0,0.5078,NO TRADE,1,10,"EMA_12,ATR_14,Rolling_Median_Return,MACD,Rolling_Volatility,RSI_14,MACD_Hist,ADX,Stochastic,Rolling_Std_10",EMA_12
KOTAKBANK,2022-11-28,2022,0,Sideways,0,0.6059,SELL,1,1,0.5267,NO TRADE,0,10,"EMA_12,ATR_14,Rolling_Median_Return,MACD,Rolling_Volatility,RSI_14,MACD_Hist,ADX,Stochastic,Rolling_Std_10",EMA_12
KOTAKBANK,2022-11-29,2022,0,Sideways,0,0.642,SELL,1,1,0.5414,NO TRADE,0,10,"EMA_12,ATR_14,Rolling_Median_Return,MACD,Rolling_Volatility,RSI_14,MACD_Hist,ADX,Stochastic,Rolling_Std_10",EMA_12
KOTAKBANK,2022-11-30,2022,0,Sideways,0,0.7396,SELL,1,0,0.5744,SELL,1,10,"EMA_12,ATR_14,Rolling_Median_Return,MACD,Rolling_Volatility,RSI_14,MACD_Hist,ADX,Stochastic,Rolling_Std_10",EMA_12
KOTAKBANK,2022-12-01,2022,0,Sideways,0,0.7631,SELL,1,0,0.5684,SELL,1,10,"EMA_12,ATR_14,Rolling_Median_Return,MACD,Rolling_Volatility,RSI_14,MACD_Hist,ADX,Stochastic,Rolling_Std_10",EMA_12
KOTAKBANK,2022-12-02,2022,0,Sideways,0,0.8142,SELL,1,0,0.5798,SELL,1,10,"EMA_12,ATR_14,Rolling_Median_Return,MACD,Rolling_Volatility,RSI_14,MACD_Hist,ADX,Stochastic,Rolling_Std_10",EMA_12
KOTAKBANK,2022-12-05,2022,0,Sideways,0,0.8586,SELL,1,0,0.5311,NO TRADE,1,10,"EMA_12,ATR_14,Rolling_Median_Return,MACD,Rolling_Volatility,RSI_14,MACD_Hist,ADX,Stochastic,Rolling_Std_10",EMA_12
KOTAKBANK,2022-12-06,2022,0,Sideways,0,0.883,SELL,1,0,0.563,SELL,1,10,"EMA_12,ATR_14,Rolling_Median_Return,MACD,Rolling_Volatility,RSI_14,MACD_Hist,ADX,Stochastic,Rolling_Std_10",EMA_12
KOTAKBANK,2022-12-07,2022,0,Sideways,0,0.8592,SELL,1,1,0.5541,BUY,0,10,"EMA_12,ATR_14,Rolling_Median_Return,MACD,Rolling_Volatility,RSI_14,MACD_Hist,ADX,Stochastic,Rolling_Std_10",EMA_12
KOTAKBANK,2022-12-08,2022,0,Sideways,0,0.6856,SELL,1,1,0.5512,BUY,0,10,"EMA_12,ATR_14,Rolling_Median_Return,MACD,Rolling_Volatility,RSI_14,MACD_Hist,ADX,Stochastic,Rolling_Std_10",EMA_12
KOTAKBANK,2022-12-09,2022,0,Sideways,0,0.6991,SELL,1,1,0.5592,BUY,0,10,"EMA_12,ATR_14,Rolling_Median_Return,MACD,Rolling_Volatility,RSI_14,MACD_Hist,ADX,Stochastic,Rolling_Std_10",EMA_12
KOTAKBANK,2022-12-12,2022,0,Sideways,1,0.6847,BUY,0,1,0.6277,BUY,0,10,"EMA_12,ATR_14,Rolling_Median_Return,MACD,Rolling_Volatility,RSI_14,MACD_Hist,ADX,Stochastic,Rolling_Std_10",EMA_12
KOTAKBANK,2022-12-13,2022,0,Sideways,1,0.6192,BUY,0,1,0.6754,BUY,0,10,"EMA_12,ATR_14,Rolling_Median_Return,MACD,Rolling_Volatility,RSI_14,MACD_Hist,ADX,Stochastic,Rolling_Std_10",EMA_12
KOTAKBANK,2022-12-14,2022,0,Sideways,0,0.5245,NO TRADE,1,1,0.5733,BUY,0,10,"EMA_12,ATR_14,Rolling_Median_Return,MACD,Rolling_Volatility,RSI_14,MACD_Hist,ADX,Stochastic,Rolling_Std_10",EMA_12
KOTAKBANK,2022-12-15,2022,0,Sideways,1,0.5536,BUY,0,1,0.5672,BUY,0,10,"EMA_12,ATR_14,Rolling_Median_Return,MACD,Rolling_Volatility,RSI_14,MACD_Hist,ADX,Stochastic,Rolling_Std_10",EMA_12
KOTAKBANK,2022-12-16,2022,0,Sideways,1,0.7038,BUY,0,1,0.5761,BUY,0,10,"EMA_12,ATR_14,Rolling_Median_Return,MACD,Rolling_Volatility,RSI_14,MACD_Hist,ADX,Stochastic,Rolling_Std_10",EMA_12
KOTAKBANK,2022-12-19,2022,0,Sideways,1,0.5637,BUY,0,1,0.5721,BUY,0,10,"EMA_12,ATR_14,Rolling_Median_Return,MACD,Rolling_Volatility,RSI_14,MACD_Hist,ADX,Stochastic,Rolling_Std_10",EMA_12
KOTAKBANK,2022-12-20,2022,0,Sideways,1,0.6032,BUY,0,1,0.5686,BUY,0,10,"EMA_12,ATR_14,Rolling_Median_Return,MACD,Rolling_Volatility,RSI_14,MACD_Hist,ADX,Stochastic,Rolling_Std_10",EMA_12
KOTAKBANK,2022-12-21,2022,0,Sideways,1,0.7649,BUY,0,1,0.5887,BUY,0,10,"EMA_12,ATR_14,Rolling_Median_Return,MACD,Rolling_Volatility,RSI_14,MACD_Hist,ADX,Stochastic,Rolling_Std_10",EMA_12
KOTAKBANK,2022-12-22,2022,0,Sideways,1,0.6917,BUY,0,1,0.6808,BUY,0,10,"EMA_12,SMA_10,Rolling_Median_Return,Volume_MA,MACD_Signal,Rolling_Volatility,ROC,MACD,Return_5d,SMA_50",EMA_12
KOTAKBANK,2022-12-23,2022,0,Sideways,1,0.7996,BUY,0,1,0.6729,BUY,0,10,"EMA_12,SMA_10,Rolling_Median_Return,Volume_MA,MACD_Signal,Rolling_Volatility,ROC,MACD,Return_5d,SMA_50",EMA_12
KOTAKBANK,2022-12-26,2022,0,Sideways,1,0.7858,BUY,0,1,0.8425,BUY,0,10,"EMA_12,SMA_10,Rolling_Median_Return,Volume_MA,MACD_Signal,Rolling_Volatility,ROC,MACD,Return_5d,SMA_50",EMA_12
KOTAKBANK,2022-12-27,2022,0,Sideways,1,0.7627,BUY,0,1,0.5281,NO TRADE,0,10,"EMA_12,SMA_10,Rolling_Median_Return,Volume_MA,MACD_Signal,Rolling_Volatility,ROC,MACD,Return_5d,SMA_50",EMA_12
KOTAKBANK,2022-12-28,2022,0,Sideways,1,0.6839,BUY,0,1,0.7658,BUY,0,10,"EMA_12,SMA_10,Rolling_Median_Return,Volume_MA,MACD_Signal,Rolling_Volatility,ROC,MACD,Return_5d,SMA_50",EMA_12
KOTAKBANK,2022-12-29,2022,0,Sideways,1,0.6385,BUY,0,1,0.5237,NO TRADE,0,10,"EMA_12,SMA_10,Rolling_Median_Return,Volume_MA,MACD_Signal,Rolling_Volatility,ROC,MACD,Return_5d,SMA_50",EMA_12
KOTAKBANK,2022-12-30,2022,0,Sideways,1,0.5071,NO TRADE,0,1,0.8649,BUY,0,10,"EMA_12,SMA_10,Rolling_Median_Return,Volume_MA,MACD_Signal,Rolling_Volatility,ROC,MACD,Return_5d,SMA_50",EMA_12
KOTAKBANK,2023-01-02,2023,0,Sideways,0,0.6561,SELL,1,1,0.5102,NO TRADE,0,10,"EMA_12,SMA_10,Rolling_Median_Return,Volume_MA,MACD_Signal,Rolling_Volatility,ROC,MACD,Return_5d,SMA_50",EMA_12
KOTAKBANK,2023-01-03,2023,0,Sideways,0,0.8125,SELL,1,1,0.6201,BUY,0,10,"EMA_12,SMA_10,Rolling_Median_Return,Volume_MA,MACD_Signal,Rolling_Volatility,ROC,MACD,Return_5d,SMA_50",EMA_12
KOTAKBANK,2023-01-04,2023,0,Sideways,0,0.9515,SELL,1,1,0.717,BUY,0,10,"EMA_12,SMA_10,Rolling_Median_Return,Volume_MA,MACD_Signal,Rolling_Volatility,ROC,MACD,Return_5d,SMA_50",EMA_12
KOTAKBANK,2023-01-05,2023,0,Sideways,0,0.9469,SELL,1,0,0.5463,NO TRADE,1,10,"EMA_12,SMA_10,Rolling_Median_Return,Volume_MA,MACD_Signal,Rolling_Volatility,ROC,MACD,Return_5d,SMA_50",EMA_12
KOTAKBANK,2023-01-06,2023,0,Sideways,0,0.8512,SELL,1,0,0.5083,NO TRADE,1,10,"EMA_12,SMA_10,Rolling_Median_Return,Volume_MA,MACD_Signal,Rolling_Volatility,ROC,MACD,Return_5d,SMA_50",EMA_12
KOTAKBANK,2023-01-09,2023,0,Sideways,0,0.9067,SELL,1,0,0.5124,NO TRADE,1,10,"EMA_12,SMA_10,Rolling_Median_Return,Volume_MA,MACD_Signal,Rolling_Volatility,ROC,MACD,Return_5d,SMA_50",EMA_12
KOTAKBANK,2023-01-10,2023,0,Sideways,0,0.87,SELL,1,0,0.5143,NO TRADE,1,10,"EMA_12,SMA_10,Rolling_Median_Return,Volume_MA,MACD_Signal,Rolling_Volatility,ROC,MACD,Return_5d,SMA_50",EMA_12
KOTAKBANK,2023-01-11,2023,0,Sideways,0,0.8682,SELL,1,0,0.5683,SELL,1,10,"EMA_12,SMA_10,Rolling_Median_Return,Volume_MA,MACD_Signal,Rolling_Volatility,ROC,MACD,Return_5d,SMA_50",EMA_12
KOTAKBANK,2023-01-12,2023,0,Sideways,0,0.749,SELL,1,1,0.5185,NO TRADE,0,10,"EMA_12,SMA_10,Rolling_Median_Return,Volume_MA,MACD_Signal,Rolling_Volatility,ROC,MACD,Return_5d,SMA_50",EMA_12
KOTAKBANK,2023-01-13,2023,0,Sideways,0,0.6987,SELL,1,1,0.5045,NO TRADE,0,10,"EMA_12,SMA_10,Rolling_Median_Return,Volume_MA,MACD_Signal,Rolling_Volatility,ROC,MACD,Return_5d,SMA_50",EMA_12
KOTAKBANK,2023-01-16,2023,0,Sideways,0,0.7128,SELL,1,1,0.509,NO TRADE,0,10,"EMA_12,SMA_10,Rolling_Median_Return,Volume_MA,MACD_Signal,Rolling_Volatility,ROC,MACD,Return_5d,SMA_50",EMA_12
KOTAKBANK,2023-01-17,2023,0,Sideways,0,0.7513,SELL,1,1,0.5121,NO TRADE,0,10,"EMA_12,SMA_10,Rolling_Median_Return,Volume_MA,MACD_Signal,Rolling_Volatility,ROC,MACD,Return_5d,SMA_50",EMA_12
KOTAKBANK,2023-01-18,2023,0,Sideways,0,0.7871,SELL,1,0,0.501,NO TRADE,1,10,"EMA_12,SMA_10,Rolling_Median_Return,Volume_MA,MACD_Signal,Rolling_Volatility,ROC,MACD,Return_5d,SMA_50",EMA_12
KOTAKBANK,2023-01-19,2023,0,Sideways,0,0.7523,SELL,1,0,0.5009,NO TRADE,1,10,"EMA_12,SMA_10,Rolling_Median_Return,Volume_MA,MACD_Signal,Rolling_Volatility,ROC,MACD,Return_5d,SMA_50",EMA_12
KOTAKBANK,2023-01-20,2023,0,Sideways,0,0.7831,SELL,1,0,0.5288,NO TRADE,1,10,"EMA_12,SMA_10,Rolling_Median_Return,Volume_MA,MACD_Signal,Rolling_Volatility,ROC,MACD,Return_5d,SMA_50",EMA_12
KOTAKBANK,2023-01-23,2023,0,Sideways,0,0.816,SELL,1,0,0.5618,SELL,1,10,"EMA_12,SMA_10,Rolling_Median_Return,Volume_MA,MACD_Signal,Rolling_Volatility,ROC,MACD,Return_5d,SMA_50",EMA_12
KOTAKBANK,2023-01-24,2023,0,Sideways,0,0.8178,SELL,1,0,0.5157,NO TRADE,1,10,"EMA_12,SMA_10,Rolling_Median_Return,Volume_MA,MACD_Signal,Rolling_Volatility,ROC,MACD,Return_5d,SMA_50",EMA_12
KOTAKBANK,2023-01-25,2023,0,Sideways,0,0.7911,SELL,1,1,0.5849,BUY,0,10,"EMA_12,SMA_10,Rolling_Median_Return,Volume_MA,MACD_Signal,Rolling_Volatility,ROC,MACD,Return_5d,SMA_50",EMA_12
KOTAKBANK,2023-01-27,2023,0,Sideways,0,0.7643,SELL,1,1,0.6487,BUY,0,10,"EMA_12,SMA_10,Rolling_Median_Return,Volume_MA,MACD_Signal,Rolling_Volatility,ROC,MACD,Return_5d,SMA_50",EMA_12
KOTAKBANK,2023-01-30,2023,0,Sideways,0,0.739,SELL,1,1,0.5122,NO TRADE,0,10,"EMA_12,SMA_10,Rolling_Median_Return,Volume_MA,MACD_Signal,Rolling_Volatility,ROC,MACD,Return_5d,SMA_50",EMA_12
KOTAKBANK,2023-01-31,2023,0,Sideways,0,0.6101,SELL,1,1,0.5449,NO TRADE,0,10,"EMA_12,SMA_10,Rolling_Median_Return,Volume_MA,MACD_Signal,Rolling_Volatility,ROC,MACD,Return_5d,SMA_50",EMA_12
KOTAKBANK,2023-02-01,2023,1,Sideways,0,0.6947,SELL,0,0,0.5844,SELL,0,10,"EMA_12,SMA_10,Rolling_Median_Return,Volume_MA,MACD_Signal,Rolling_Volatility,ROC,MACD,Return_5d,SMA_50",EMA_12
KOTAKBANK,2023-02-02,2023,0,Sideways,0,0.5038,NO TRADE,1,1,0.5915,BUY,0,10,"EMA_12,SMA_10,Rolling_Median_Return,Volume_MA,MACD_Signal,Rolling_Volatility,ROC,MACD,Return_5d,SMA_50",EMA_12
KOTAKBANK,2023-02-03,2023,0,Sideways,1,0.5312,NO TRADE,0,1,0.5691,BUY,0,10,"BB_Upper,MACD_Signal,EMA_26,Volume_MA,Rolling_Median_Return,SMA_50,ATR_14,EMA_12,RSI_14,ADX",BB_Upper
KOTAKBANK,2023-02-06,2023,1,Sideways,0,0.5897,SELL,0,1,0.5944,BUY,1,10,"BB_Upper,MACD_Signal,EMA_26,Volume_MA,Rolling_Median_Return,SMA_50,ATR_14,EMA_12,RSI_14,ADX",BB_Upper
KOTAKBANK,2023-02-07,2023,0,Sideways,1,0.5214,NO TRADE,0,1,0.721,BUY,0,10,"BB_Upper,MACD_Signal,EMA_26,Volume_MA,Rolling_Median_Return,SMA_50,ATR_14,EMA_12,RSI_14,ADX",BB_Upper
KOTAKBANK,2023-02-08,2023,0,Sideways,1,0.5271,NO TRADE,0,1,0.563,BUY,0,10,"BB_Upper,MACD_Signal,EMA_26,Volume_MA,Rolling_Median_Return,SMA_50,ATR_14,EMA_12,RSI_14,ADX",BB_Upper
KOTAKBANK,2023-02-09,2023,0,Sideways,0,0.5372,NO TRADE,1,0,0.5811,SELL,1,10,"BB_Upper,MACD_Signal,EMA_26,Volume_MA,Rolling_Median_Return,SMA_50,ATR_14,EMA_12,RSI_14,ADX",BB_Upper
KOTAKBANK,2023-02-10,2023,0,Sideways,0,0.6311,SELL,1,0,0.728,SELL,1,10,"BB_Upper,MACD_Signal,EMA_26,Volume_MA,Rolling_Median_Return,SMA_50,ATR_14,EMA_12,RSI_14,ADX",BB_Upper
KOTAKBANK,2023-02-13,2023,0,Sideways,0,0.6674,SELL,1,0,0.7958,SELL,1,10,"BB_Upper,MACD_Signal,EMA_26,Volume_MA,Rolling_Median_Return,SMA_50,ATR_14,EMA_12,RSI_14,ADX",BB_Upper
KOTAKBANK,2023-02-14,2023,0,Sideways,0,0.7051,SELL,1,0,0.8104,SELL,1,10,"BB_Upper,MACD_Signal,EMA_26,Volume_MA,Rolling_Median_Return,SMA_50,ATR_14,EMA_12,RSI_14,ADX",BB_Upper
KOTAKBANK,2023-02-15,2023,0,Sideways,0,0.6414,SELL,1,0,0.8348,SELL,1,10,"BB_Upper,MACD_Signal,EMA_26,Volume_MA,Rolling_Median_Return,SMA_50,ATR_14,EMA_12,RSI_14,ADX",BB_Upper
KOTAKBANK,2023-02-16,2023,0,Sideways,0,0.6757,SELL,1,0,0.8472,SELL,1,10,"BB_Upper,MACD_Signal,EMA_26,Volume_MA,Rolling_Median_Return,SMA_50,ATR_14,EMA_12,RSI_14,ADX",BB_Upper
KOTAKBANK,2023-02-17,2023,0,Sideways,0,0.8482,SELL,1,0,0.8354,SELL,1,10,"BB_Upper,MACD_Signal,EMA_26,Volume_MA,Rolling_Median_Return,SMA_50,ATR_14,EMA_12,RSI_14,ADX",BB_Upper
KOTAKBANK,2023-02-20,2023,0,Sideways,0,0.978,SELL,1,0,0.8241,SELL,1,10,"BB_Upper,MACD_Signal,EMA_26,Volume_MA,Rolling_Median_Return,SMA_50,ATR_14,EMA_12,RSI_14,ADX",BB_Upper
KOTAKBANK,2023-02-21,2023,0,Sideways,0,0.9698,SELL,1,0,0.8389,SELL,1,10,"BB_Upper,MACD_Signal,EMA_26,Volume_MA,Rolling_Median_Return,SMA_50,ATR_14,EMA_12,RSI_14,ADX",BB_Upper
KOTAKBANK,2023-02-22,2023,0,Sideways,0,0.8032,SELL,1,0,0.8454,SELL,1,10,"BB_Upper,MACD_Signal,EMA_26,Volume_MA,Rolling_Median_Return,SMA_50,ATR_14,EMA_12,RSI_14,ADX",BB_Upper
KOTAKBANK,2023-02-23,2023,0,Sideways,0,0.8331,SELL,1,0,0.8573,SELL,1,10,"BB_Upper,MACD_Signal,EMA_26,Volume_MA,Rolling_Median_Return,SMA_50,ATR_14,EMA_12,RSI_14,ADX",BB_Upper
KOTAKBANK,2023-02-24,2023,1,Sideways,0,0.8351,SELL,0,0,0.8659,SELL,0,10,"BB_Upper,MACD_Signal,EMA_26,Volume_MA,Rolling_Median_Return,SMA_50,ATR_14,EMA_12,RSI_14,ADX",BB_Upper
KOTAKBANK,2023-02-27,2023,0,Sideways,0,0.7113,SELL,1,0,0.5829,SELL,1,10,"BB_Upper,MACD_Signal,EMA_26,Volume_MA,Rolling_Median_Return,SMA_50,ATR_14,EMA_12,RSI_14,ADX",BB_Upper
KOTAKBANK,2023-02-28,2023,0,Sideways,0,0.6761,SELL,1,0,0.6142,SELL,1,10,"BB_Upper,MACD_Signal,EMA_26,Volume_MA,Rolling_Median_Return,SMA_50,ATR_14,EMA_12,RSI_14,ADX",BB_Upper
KOTAKBANK,2023-03-01,2023,0,Sideways,0,0.624,SELL,1,0,0.732,SELL,1,10,"BB_Upper,MACD_Signal,EMA_26,Volume_MA,Rolling_Median_Return,SMA_50,ATR_14,EMA_12,RSI_14,ADX",BB_Upper
KOTAKBANK,2023-03-02,2023,1,Sideways,0,0.7646,SELL,0,0,0.7366,SELL,0,10,"BB_Upper,MACD_Signal,EMA_26,Volume_MA,Rolling_Median_Return,SMA_50,ATR_14,EMA_12,RSI_14,ADX",BB_Upper
KOTAKBANK,2023-03-03,2023,1,Sideways,0,0.7294,SELL,0,0,0.7087,SELL,0,10,"BB_Upper,MACD_Signal,EMA_26,Volume_MA,Rolling_Median_Return,SMA_50,ATR_14,EMA_12,RSI_14,ADX",BB_Upper
KOTAKBANK,2023-03-06,2023,1,Sideways,0,0.6608,SELL,0,0,0.6797,SELL,0,10,"BB_Upper,MACD_Signal,EMA_26,Volume_MA,Rolling_Median_Return,SMA_50,ATR_14,EMA_12,RSI_14,ADX",BB_Upper
KOTAKBANK,2023-03-08,2023,1,Sideways,0,0.8566,SELL,0,0,0.5468,NO TRADE,0,10,"BB_Upper,MACD_Signal,EMA_26,Volume_MA,Rolling_Median_Return,SMA_50,ATR_14,EMA_12,RSI_14,ADX",BB_Upper
KOTAKBANK,2023-03-09,2023,1,Sideways,0,0.907,SELL,0,0,0.6016,SELL,0,10,"BB_Upper,MACD_Signal,EMA_26,Volume_MA,Rolling_Median_Return,SMA_50,ATR_14,EMA_12,RSI_14,ADX",BB_Upper
KOTAKBANK,2023-03-10,2023,1,Sideways,0,0.7538,SELL,0,0,0.5698,SELL,0,10,"BB_Upper,MACD_Signal,EMA_26,Volume_MA,Rolling_Median_Return,SMA_50,ATR_14,EMA_12,RSI_14,ADX",BB_Upper
KOTAKBANK,2023-03-13,2023,1,Sideways,0,0.6729,SELL,0,1,0.5279,NO TRADE,1,10,"BB_Upper,MACD_Signal,EMA_26,Volume_MA,Rolling_Median_Return,SMA_50,ATR_14,EMA_12,RSI_14,ADX",BB_Upper
KOTAKBANK,2023-03-14,2023,1,Sideways,0,0.5678,SELL,0,1,0.5856,BUY,1,10,"BB_Upper,MACD_Signal,EMA_26,Volume_MA,Rolling_Median_Return,SMA_50,ATR_14,EMA_12,RSI_14,ADX",BB_Upper
KOTAKBANK,2023-03-15,2023,1,Sideways,1,0.5687,BUY,1,1,0.7679,BUY,1,10,"BB_Upper,MACD_Signal,EMA_26,Volume_MA,Rolling_Median_Return,SMA_50,ATR_14,EMA_12,RSI_14,ADX",BB_Upper
KOTAKBANK,2023-03-16,2023,1,Sideways,1,0.7145,BUY,1,1,0.8098,BUY,1,10,"BB_Upper,MACD_Signal,EMA_26,Volume_MA,Rolling_Median_Return,SMA_50,ATR_14,EMA_12,RSI_14,ADX",BB_Upper
KOTAKBANK,2023-03-17,2023,1,Sideways,1,0.7766,BUY,1,1,0.8117,BUY,1,10,"BB_Upper,MACD_Signal,EMA_26,Volume_MA,Rolling_Median_Return,SMA_50,ATR_14,EMA_12,RSI_14,ADX",BB_Upper
KOTAKBANK,2023-03-20,2023,1,Sideways,1,0.7716,BUY,1,1,0.9376,BUY,1,10,"BB_Upper,Rolling_Volatility,SMA_50,ATR_14,Volume_MA,Rolling_Median_Return,BB_Width,RSI_14,SMA_10,MACD",BB_Upper
KOTAKBANK,2023-03-21,2023,1,Sideways,1,0.7985,BUY,1,1,0.9399,BUY,1,10,"BB_Upper,Rolling_Volatility,SMA_50,ATR_14,Volume_MA,Rolling_Median_Return,BB_Width,RSI_14,SMA_10,MACD",BB_Upper
KOTAKBANK,2023-03-22,2023,1,Sideways,1,0.8074,BUY,1,1,0.9405,BUY,1,10,"BB_Upper,Rolling_Volatility,SMA_50,ATR_14,Volume_MA,Rolling_Median_Return,BB_Width,RSI_14,SMA_10,MACD",BB_Upper
KOTAKBANK,2023-03-23,2023,1,Sideways,1,0.8157,BUY,1,1,0.9414,BUY,1,10,"BB_Upper,Rolling_Volatility,SMA_50,ATR_14,Volume_MA,Rolling_Median_Return,BB_Width,RSI_14,SMA_10,MACD",BB_Upper
KOTAKBANK,2023-03-24,2023,1,Sideways,1,0.8942,BUY,1,1,0.9417,BUY,1,10,"BB_Upper,Rolling_Volatility,SMA_50,ATR_14,Volume_MA,Rolling_Median_Return,BB_Width,RSI_14,SMA_10,MACD",BB_Upper
KOTAKBANK,2023-03-27,2023,1,Sideways,1,0.8765,BUY,1,1,0.9419,BUY,1,10,"BB_Upper,Rolling_Volatility,SMA_50,ATR_14,Volume_MA,Rolling_Median_Return,BB_Width,RSI_14,SMA_10,MACD",BB_Upper
KOTAKBANK,2023-03-28,2023,1,Sideways,1,0.8829,BUY,1,1,0.9425,BUY,1,10,"BB_Upper,Rolling_Volatility,SMA_50,ATR_14,Volume_MA,Rolling_Median_Return,BB_Width,RSI_14,SMA_10,MACD",BB_Upper
KOTAKBANK,2023-03-29,2023,1,Sideways,1,0.8322,BUY,1,1,0.9346,BUY,1,10,"BB_Upper,Rolling_Volatility,SMA_50,ATR_14,Volume_MA,Rolling_Median_Return,BB_Width,RSI_14,SMA_10,MACD",BB_Upper
KOTAKBANK,2023-03-31,2023,1,Sideways,1,0.8758,BUY,1,1,0.9377,BUY,1,10,"BB_Upper,Rolling_Volatility,SMA_50,ATR_14,Volume_MA,Rolling_Median_Return,BB_Width,RSI_14,SMA_10,MACD",BB_Upper
KOTAKBANK,2023-04-03,2023,1,Sideways,1,0.8044,BUY,1,1,0.938,BUY,1,10,"BB_Upper,Rolling_Volatility,SMA_50,ATR_14,Volume_MA,Rolling_Median_Return,BB_Width,RSI_14,SMA_10,MACD",BB_Upper
KOTAKBANK,2023-04-05,2023,1,Sideways,1,0.915,BUY,1,1,0.9374,BUY,1,10,"BB_Upper,Rolling_Volatility,SMA_50,ATR_14,Volume_MA,Rolling_Median_Return,BB_Width,RSI_14,SMA_10,MACD",BB_Upper
KOTAKBANK,2023-04-06,2023,1,Sideways,1,0.9351,BUY,1,1,0.9366,BUY,1,10,"BB_Upper,Rolling_Volatility,SMA_50,ATR_14,Volume_MA,Rolling_Median_Return,BB_Width,RSI_14,SMA_10,MACD",BB_Upper
KOTAKBANK,2023-04-10,2023,1,Sideways,1,0.9465,BUY,1,1,0.8561,BUY,1,10,"BB_Upper,Rolling_Volatility,SMA_50,ATR_14,Volume_MA,Rolling_Median_Return,BB_Width,RSI_14,SMA_10,MACD",BB_Upper
KOTAKBANK,2023-04-11,2023,1,Sideways,1,0.8046,BUY,1,1,0.6798,BUY,1,10,"BB_Upper,Rolling_Volatility,SMA_50,ATR_14,Volume_MA,Rolling_Median_Return,BB_Width,RSI_14,SMA_10,MACD",BB_Upper
KOTAKBANK,2023-04-12,2023,1,Sideways,1,0.9931,BUY,1,1,0.7381,BUY,1,10,"BB_Upper,Rolling_Volatility,SMA_50,ATR_14,Volume_MA,Rolling_Median_Return,BB_Width,RSI_14,SMA_10,MACD",BB_Upper
KOTAKBANK,2023-04-13,2023,1,Sideways,1,0.9922,BUY,1,1,0.7336,BUY,1,10,"BB_Upper,Rolling_Volatility,SMA_50,ATR_14,Volume_MA,Rolling_Median_Return,BB_Width,RSI_14,SMA_10,MACD",BB_Upper
KOTAKBANK,2023-04-17,2023,1,Sideways,1,0.891,BUY,1,1,0.7355,BUY,1,10,"BB_Upper,Rolling_Volatility,SMA_50,ATR_14,Volume_MA,Rolling_Median_Return,BB_Width,RSI_14,SMA_10,MACD",BB_Upper
KOTAKBANK,2023-04-18,2023,1,Sideways,1,0.9947,BUY,1,1,0.718,BUY,1,10,"BB_Upper,Rolling_Volatility,SMA_50,ATR_14,Volume_MA,Rolling_Median_Return,BB_Width,RSI_14,SMA_10,MACD",BB_Upper
KOTAKBANK,2023-04-19,2023,1,Sideways,1,0.9768,BUY,1,1,0.705,BUY,1,10,"BB_Upper,Rolling_Volatility,SMA_50,ATR_14,Volume_MA,Rolling_Median_Return,BB_Width,RSI_14,SMA_10,MACD",BB_Upper
KOTAKBANK,2023-04-20,2023,1,Sideways,1,0.8773,BUY,1,1,0.6775,BUY,1,10,"BB_Upper,Rolling_Volatility,SMA_50,ATR_14,Volume_MA,Rolling_Median_Return,BB_Width,RSI_14,SMA_10,MACD",BB_Upper
KOTAKBANK,2023-04-21,2023,1,Sideways,1,0.8859,BUY,1,1,0.6762,BUY,1,10,"BB_Upper,Rolling_Volatility,SMA_50,ATR_14,Volume_MA,Rolling_Median_Return,BB_Width,RSI_14,SMA_10,MACD",BB_Upper
KOTAKBANK,2023-04-24,2023,1,Sideways,1,0.8952,BUY,1,1,0.6828,BUY,1,10,"BB_Upper,Rolling_Volatility,SMA_50,ATR_14,Volume_MA,Rolling_Median_Return,BB_Width,RSI_14,SMA_10,MACD",BB_Upper
KOTAKBANK,2023-04-25,2023,1,Sideways,1,0.8985,BUY,1,1,0.6881,BUY,1,10,"BB_Upper,Rolling_Volatility,SMA_50,ATR_14,Volume_MA,Rolling_Median_Return,BB_Width,RSI_14,SMA_10,MACD",BB_Upper
KOTAKBANK,2023-04-26,2023,1,Sideways,1,0.8426,BUY,1,1,0.6754,BUY,1,10,"BB_Upper,Rolling_Volatility,SMA_50,ATR_14,Volume_MA,Rolling_Median_Return,BB_Width,RSI_14,SMA_10,MACD",BB_Upper
KOTAKBANK,2023-04-27,2023,1,Sideways,1,0.8718,BUY,1,1,0.7082,BUY,1,10,"BB_Upper,Rolling_Volatility,SMA_50,ATR_14,Volume_MA,Rolling_Median_Return,BB_Width,RSI_14,SMA_10,MACD",BB_Upper
KOTAKBANK,2023-04-28,2023,1,Sideways,1,0.8949,BUY,1,1,0.7321,BUY,1,10,"BB_Upper,Rolling_Volatility,SMA_50,ATR_14,Volume_MA,Rolling_Median_Return,BB_Width,RSI_14,SMA_10,MACD",BB_Upper
KOTAKBANK,2023-05-02,2023,1,Sideways,1,0.8413,BUY,1,1,0.7485,BUY,1,10,"BB_Upper,Rolling_Volatility,SMA_50,ATR_14,Volume_MA,Rolling_Median_Return,BB_Width,RSI_14,SMA_10,MACD",BB_Upper
KOTAKBANK,2023-05-03,2023,1,Sideways,1,0.7657,BUY,1,1,0.767,BUY,1,10,"BB_Upper,Rolling_Volatility,SMA_50,ATR_14,Volume_MA,Rolling_Median_Return,BB_Width,RSI_14,SMA_10,MACD",BB_Upper
KOTAKBANK,2023-05-04,2023,0,Sideways,1,0.8084,BUY,0,1,0.7693,BUY,0,10,"BB_Upper,Rolling_Volatility,SMA_50,ATR_14,Volume_MA,Rolling_Median_Return,BB_Width,RSI_14,SMA_10,MACD",BB_Upper
KOTAKBANK,2023-05-05,2023,1,Sideways,1,0.7339,BUY,1,1,0.5637,BUY,1,10,"BB_Upper,Rolling_Volatility,SMA_50,ATR_14,Volume_MA,Rolling_Median_Return,BB_Width,RSI_14,SMA_10,MACD",BB_Upper
KOTAKBANK,2023-05-08,2023,0,Sideways,1,0.7352,BUY,0,1,0.6873,BUY,0,10,"BB_Upper,ATR_14,Volume_MA,OBV,SMA_50,High_Low_Pct,BB_Width,MFI,Rolling_Median_Return,Daily_Return",BB_Upper
KOTAKBANK,2023-05-09,2023,1,Sideways,1,0.6633,BUY,1,1,0.5798,BUY,1,10,"BB_Upper,ATR_14,Volume_MA,OBV,SMA_50,High_Low_Pct,BB_Width,MFI,Rolling_Median_Return,Daily_Return",BB_Upper
KOTAKBANK,2023-05-10,2023,0,Sideways,1,0.7128,BUY,0,1,0.7346,BUY,0,10,"BB_Upper,ATR_14,Volume_MA,OBV,SMA_50,High_Low_Pct,BB_Width,MFI,Rolling_Median_Return,Daily_Return",BB_Upper
KOTAKBANK,2023-05-11,2023,0,Sideways,1,0.5054,NO TRADE,0,1,0.574,BUY,0,10,"BB_Upper,ATR_14,Volume_MA,OBV,SMA_50,High_Low_Pct,BB_Width,MFI,Rolling_Median_Return,Daily_Return",BB_Upper
KOTAKBANK,2023-05-12,2023,0,Sideways,0,0.6579,SELL,1,0,0.5169,NO TRADE,1,10,"BB_Upper,ATR_14,Volume_MA,OBV,SMA_50,High_Low_Pct,BB_Width,MFI,Rolling_Median_Return,Daily_Return",BB_Upper
KOTAKBANK,2023-05-15,2023,0,Sideways,0,0.7826,SELL,1,0,0.5607,SELL,1,10,"BB_Upper,ATR_14,Volume_MA,OBV,SMA_50,High_Low_Pct,BB_Width,MFI,Rolling_Median_Return,Daily_Return",BB_Upper
KOTAKBANK,2023-05-16,2023,0,Sideways,0,0.8172,SELL,1,0,0.6231,SELL,1,10,"BB_Upper,ATR_14,Volume_MA,OBV,SMA_50,High_Low_Pct,BB_Width,MFI,Rolling_Median_Return,Daily_Return",BB_Upper
KOTAKBANK,2023-05-17,2023,0,Sideways,0,0.7846,SELL,1,0,0.5209,NO TRADE,1,10,"BB_Upper,ATR_14,Volume_MA,OBV,SMA_50,High_Low_Pct,BB_Width,MFI,Rolling_Median_Return,Daily_Return",BB_Upper
KOTAKBANK,2023-05-18,2023,0,Sideways,0,0.8593,SELL,1,0,0.6216,SELL,1,10,"BB_Upper,ATR_14,Volume_MA,OBV,SMA_50,High_Low_Pct,BB_Width,MFI,Rolling_Median_Return,Daily_Return",BB_Upper
KOTAKBANK,2023-05-19,2023,0,Sideways,0,0.8526,SELL,1,0,0.6267,SELL,1,10,"BB_Upper,ATR_14,Volume_MA,OBV,SMA_50,High_Low_Pct,BB_Width,MFI,Rolling_Median_Return,Daily_Return",BB_Upper
KOTAKBANK,2023-05-22,2023,0,Sideways,0,0.8764,SELL,1,0,0.5513,SELL,1,10,"BB_Upper,ATR_14,Volume_MA,OBV,SMA_50,High_Low_Pct,BB_Width,MFI,Rolling_Median_Return,Daily_Return",BB_Upper
KOTAKBANK,2023-05-23,2023,0,Sideways,0,0.8988,SELL,1,0,0.542,NO TRADE,1,10,"BB_Upper,ATR_14,Volume_MA,OBV,SMA_50,High_Low_Pct,BB_Width,MFI,Rolling_Median_Return,Daily_Return",BB_Upper
KOTAKBANK,2023-05-24,2023,0,Sideways,0,0.8686,SELL,1,0,0.6053,SELL,1,10,"BB_Upper,ATR_14,Volume_MA,OBV,SMA_50,High_Low_Pct,BB_Width,MFI,Rolling_Median_Return,Daily_Return",BB_Upper
KOTAKBANK,2023-05-25,2023,0,Sideways,0,0.7585,SELL,1,0,0.5793,SELL,1,10,"BB_Upper,ATR_14,Volume_MA,OBV,SMA_50,High_Low_Pct,BB_Width,MFI,Rolling_Median_Return,Daily_Return",BB_Upper
KOTAKBANK,2023-05-26,2023,0,Sideways,0,0.8678,SELL,1,0,0.5925,SELL,1,10,"BB_Upper,ATR_14,Volume_MA,OBV,SMA_50,High_Low_Pct,BB_Width,MFI,Rolling_Median_Return,Daily_Return",BB_Upper
KOTAKBANK,2023-05-29,2023,0,Sideways,0,0.8275,SELL,1,0,0.6834,SELL,1,10,"BB_Upper,ATR_14,Volume_MA,OBV,SMA_50,High_Low_Pct,BB_Width,MFI,Rolling_Median_Return,Daily_Return",BB_Upper
KOTAKBANK,2023-05-30,2023,0,Sideways,0,0.8344,SELL,1,0,0.5373,NO TRADE,1,10,"BB_Upper,ATR_14,Volume_MA,OBV,SMA_50,High_Low_Pct,BB_Width,MFI,Rolling_Median_Return,Daily_Return",BB_Upper
KOTAKBANK,2023-05-31,2023,0,Sideways,0,0.5087,NO TRADE,1,0,0.5486,NO TRADE,1,10,"BB_Upper,ATR_14,Volume_MA,OBV,SMA_50,High_Low_Pct,BB_Width,MFI,Rolling_Median_Return,Daily_Return",BB_Upper
KOTAKBANK,2023-06-01,2023,0,Sideways,0,0.684,SELL,1,1,0.5441,NO TRADE,0,10,"BB_Upper,ATR_14,Volume_MA,OBV,SMA_50,High_Low_Pct,BB_Width,MFI,Rolling_Median_Return,Daily_Return",BB_Upper
KOTAKBANK,2023-06-02,2023,0,Sideways,0,0.6688,SELL,1,0,0.609,SELL,1,10,"BB_Upper,ATR_14,Volume_MA,OBV,SMA_50,High_Low_Pct,BB_Width,MFI,Rolling_Median_Return,Daily_Return",BB_Upper
KOTAKBANK,2023-06-05,2023,0,Sideways,0,0.7817,SELL,1,0,0.6352,SELL,1,10,"BB_Upper,ATR_14,Volume_MA,OBV,SMA_50,High_Low_Pct,BB_Width,MFI,Rolling_Median_Return,Daily_Return",BB_Upper
KOTAKBANK,2023-06-06,2023,0,Sideways,0,0.8662,SELL,1,0,0.6538,SELL,1,10,"BB_Upper,ATR_14,Volume_MA,OBV,SMA_50,High_Low_Pct,BB_Width,MFI,Rolling_Median_Return,Daily_Return",BB_Upper
KOTAKBANK,2023-06-07,2023,0,Sideways,0,0.8771,SELL,1,0,0.6548,SELL,1,10,"BB_Upper,ATR_14,Volume_MA,OBV,SMA_50,High_Low_Pct,BB_Width,MFI,Rolling_Median_Return,Daily_Return",BB_Upper
KOTAKBANK,2023-06-08,2023,0,Sideways,0,0.815,SELL,1,0,0.5933,SELL,1,10,"BB_Upper,ATR_14,Volume_MA,OBV,SMA_50,High_Low_Pct,BB_Width,MFI,Rolling_Median_Return,Daily_Return",BB_Upper
KOTAKBANK,2023-06-09,2023,0,Sideways,0,0.6235,SELL,1,1,0.5077,NO TRADE,0,10,"BB_Upper,ATR_14,Volume_MA,OBV,SMA_50,High_Low_Pct,BB_Width,MFI,Rolling_Median_Return,Daily_Return",BB_Upper
KOTAKBANK,2023-06-12,2023,0,Sideways,0,0.7351,SELL,1,0,0.5235,NO TRADE,1,10,"BB_Upper,ATR_14,Volume_MA,OBV,SMA_50,High_Low_Pct,BB_Width,MFI,Rolling_Median_Return,Daily_Return",BB_Upper
KOTAKBANK,2023-06-13,2023,1,Sideways,0,0.6378,SELL,0,1,0.5002,NO TRADE,1,10,"BB_Upper,ATR_14,Volume_MA,OBV,SMA_50,High_Low_Pct,BB_Width,MFI,Rolling_Median_Return,Daily_Return",BB_Upper
KOTAKBANK,2023-06-14,2023,1,Sideways,0,0.5055,NO TRADE,0,1,0.6077,BUY,1,10,"BB_Upper,ATR_14,Volume_MA,OBV,SMA_50,High_Low_Pct,BB_Width,MFI,Rolling_Median_Return,Daily_Return",BB_Upper
KOTAKBANK,2023-06-15,2023,1,Sideways,1,0.627,BUY,1,1,0.6152,BUY,1,10,"BB_Upper,ATR_14,Volume_MA,OBV,SMA_50,High_Low_Pct,BB_Width,MFI,Rolling_Median_Return,Daily_Return",BB_Upper
KOTAKBANK,2023-06-16,2023,1,Sideways,1,0.7663,BUY,1,1,0.6169,BUY,1,10,"BB_Upper,ATR_14,Volume_MA,OBV,SMA_50,High_Low_Pct,BB_Width,MFI,Rolling_Median_Return,Daily_Return",BB_Upper
KOTAKBANK,2023-06-19,2023,1,Sideways,1,0.851,BUY,1,1,0.5891,BUY,1,10,"BB_Width,BB_Upper,SMA_50,SMA_10,MACD_Signal,ATR_14,Rolling_Volatility,OBV,SMA_20,Williams_R",BB_Width
KOTAKBANK,2023-06-20,2023,1,Sideways,1,0.848,BUY,1,1,0.6094,BUY,1,10,"BB_Width,BB_Upper,SMA_50,SMA_10,MACD_Signal,ATR_14,Rolling_Volatility,OBV,SMA_20,Williams_R",BB_Width
KOTAKBANK,2023-06-21,2023,1,Sideways,1,0.8476,BUY,1,1,0.669,BUY,1,10,"BB_Width,BB_Upper,SMA_50,SMA_10,MACD_Signal,ATR_14,Rolling_Volatility,OBV,SMA_20,Williams_R",BB_Width
KOTAKBANK,2023-06-22,2023,1,Sideways,1,0.8866,BUY,1,1,0.649,BUY,1,10,"BB_Width,BB_Upper,SMA_50,SMA_10,MACD_Signal,ATR_14,Rolling_Volatility,OBV,SMA_20,Williams_R",BB_Width
KOTAKBANK,2023-06-23,2023,1,Sideways,1,0.9144,BUY,1,1,0.6757,BUY,1,10,"BB_Width,BB_Upper,SMA_50,SMA_10,MACD_Signal,ATR_14,Rolling_Volatility,OBV,SMA_20,Williams_R",BB_Width
KOTAKBANK,2023-06-26,2023,1,Sideways,1,0.9166,BUY,1,1,0.6906,BUY,1,10,"BB_Width,BB_Upper,SMA_50,SMA_10,MACD_Signal,ATR_14,Rolling_Volatility,OBV,SMA_20,Williams_R",BB_Width
KOTAKBANK,2023-06-27,2023,1,Sideways,1,0.8996,BUY,1,1,0.6718,BUY,1,10,"BB_Width,BB_Upper,SMA_50,SMA_10,MACD_Signal,ATR_14,Rolling_Volatility,OBV,SMA_20,Williams_R",BB_Width
KOTAKBANK,2023-06-28,2023,1,Sideways,1,0.7892,BUY,1,1,0.6614,BUY,1,10,"BB_Width,BB_Upper,SMA_50,SMA_10,MACD_Signal,ATR_14,Rolling_Volatility,OBV,SMA_20,Williams_R",BB_Width
KOTAKBANK,2023-06-30,2023,1,Sideways,1,0.6427,BUY,1,1,0.5593,BUY,1,10,"BB_Width,BB_Upper,SMA_50,SMA_10,MACD_Signal,ATR_14,Rolling_Volatility,OBV,SMA_20,Williams_R",BB_Width
KOTAKBANK,2023-07-03,2023,1,Sideways,1,0.5581,BUY,1,1,0.5894,BUY,1,10,"BB_Width,BB_Upper,SMA_50,SMA_10,MACD_Signal,ATR_14,Rolling_Volatility,OBV,SMA_20,Williams_R",BB_Width
KOTAKBANK,2023-07-04,2023,0,Sideways,1,0.5399,NO TRADE,0,1,0.5777,BUY,0,10,"BB_Width,BB_Upper,SMA_50,SMA_10,MACD_Signal,ATR_14,Rolling_Volatility,OBV,SMA_20,Williams_R",BB_Width
KOTAKBANK,2023-07-05,2023,0,Sideways,0,0.6371,SELL,1,1,0.5305,NO TRADE,0,10,"BB_Width,BB_Upper,SMA_50,SMA_10,MACD_Signal,ATR_14,Rolling_Volatility,OBV,SMA_20,Williams_R",BB_Width
KOTAKBANK,2023-07-06,2023,0,Sideways,0,0.6597,SELL,1,0,0.6064,SELL,1,10,"BB_Width,BB_Upper,SMA_50,SMA_10,MACD_Signal,ATR_14,Rolling_Volatility,OBV,SMA_20,Williams_R",BB_Width
KOTAKBANK,2023-07-07,2023,0,Sideways,0,0.5844,SELL,1,0,0.545,NO TRADE,1,10,"BB_Width,BB_Upper,SMA_50,SMA_10,MACD_Signal,ATR_14,Rolling_Volatility,OBV,SMA_20,Williams_R",BB_Width
KOTAKBANK,2023-07-10,2023,0,Sideways,0,0.6337,SELL,1,0,0.7483,SELL,1,10,"BB_Width,BB_Upper,SMA_50,SMA_10,MACD_Signal,ATR_14,Rolling_Volatility,OBV,SMA_20,Williams_R",BB_Width
KOTAKBANK,2023-07-11,2023,0,Sideways,0,0.5639,SELL,1,0,0.7469,SELL,1,10,"BB_Width,BB_Upper,SMA_50,SMA_10,MACD_Signal,ATR_14,Rolling_Volatility,OBV,SMA_20,Williams_R",BB_Width
KOTAKBANK,2023-07-12,2023,0,Sideways,0,0.5355,NO TRADE,1,0,0.7608,SELL,1,10,"BB_Width,BB_Upper,SMA_50,SMA_10,MACD_Signal,ATR_14,Rolling_Volatility,OBV,SMA_20,Williams_R",BB_Width
KOTAKBANK,2023-07-13,2023,0,Sideways,0,0.6136,SELL,1,0,0.7521,SELL,1,10,"BB_Width,BB_Upper,SMA_50,SMA_10,MACD_Signal,ATR_14,Rolling_Volatility,OBV,SMA_20,Williams_R",BB_Width
KOTAKBANK,2023-07-14,2023,0,Sideways,0,0.7085,SELL,1,0,0.7698,SELL,1,10,"BB_Width,BB_Upper,SMA_50,SMA_10,MACD_Signal,ATR_14,Rolling_Volatility,OBV,SMA_20,Williams_R",BB_Width
KOTAKBANK,2023-07-17,2023,0,Sideways,0,0.7187,SELL,1,0,0.7755,SELL,1,10,"BB_Width,BB_Upper,SMA_50,SMA_10,MACD_Signal,ATR_14,Rolling_Volatility,OBV,SMA_20,Williams_R",BB_Width
KOTAKBANK,2023-07-18,2023,0,Sideways,0,0.7246,SELL,1,0,0.8064,SELL,1,10,"BB_Width,BB_Upper,SMA_50,SMA_10,MACD_Signal,ATR_14,Rolling_Volatility,OBV,SMA_20,Williams_R",BB_Width
KOTAKBANK,2023-07-19,2023,0,Sideways,0,0.7374,SELL,1,0,0.7999,SELL,1,10,"BB_Width,BB_Upper,SMA_50,SMA_10,MACD_Signal,ATR_14,Rolling_Volatility,OBV,SMA_20,Williams_R",BB_Width
KOTAKBANK,2023-07-20,2023,0,Sideways,0,0.6253,SELL,1,0,0.7253,SELL,1,10,"BB_Width,BB_Upper,SMA_50,SMA_10,MACD_Signal,ATR_14,Rolling_Volatility,OBV,SMA_20,Williams_R",BB_Width
KOTAKBANK,2023-07-21,2023,0,Sideways,1,0.7121,BUY,0,0,0.6563,SELL,1,10,"BB_Width,BB_Upper,SMA_50,SMA_10,MACD_Signal,ATR_14,Rolling_Volatility,OBV,SMA_20,Williams_R",BB_Width
KOTAKBANK,2023-07-24,2023,0,Sideways,1,0.5625,BUY,0,0,0.5638,SELL,1,10,"BB_Width,BB_Upper,SMA_50,SMA_10,MACD_Signal,ATR_14,Rolling_Volatility,OBV,SMA_20,Williams_R",BB_Width
KOTAKBANK,2023-07-25,2023,0,Sideways,0,0.6526,SELL,1,0,0.5935,SELL,1,10,"BB_Width,BB_Upper,SMA_50,SMA_10,MACD_Signal,ATR_14,Rolling_Volatility,OBV,SMA_20,Williams_R",BB_Width
KOTAKBANK,2023-07-26,2023,0,Sideways,0,0.6848,SELL,1,0,0.6185,SELL,1,10,"BB_Width,BB_Upper,SMA_50,SMA_10,MACD_Signal,ATR_14,Rolling_Volatility,OBV,SMA_20,Williams_R",BB_Width
KOTAKBANK,2023-07-27,2023,0,Sideways,0,0.6462,SELL,1,0,0.7518,SELL,1,10,"BB_Width,BB_Upper,SMA_50,SMA_10,MACD_Signal,ATR_14,Rolling_Volatility,OBV,SMA_20,Williams_R",BB_Width
KOTAKBANK,2023-07-28,2023,0,Sideways,0,0.6686,SELL,1,0,0.763,SELL,1,10,"BB_Width,BB_Upper,SMA_50,SMA_10,MACD_Signal,ATR_14,Rolling_Volatility,OBV,SMA_20,Williams_R",BB_Width
KOTAKBANK,2023-07-31,2023,0,Sideways,0,0.6097,SELL,1,0,0.78,SELL,1,10,"BB_Width,BB_Upper,SMA_50,SMA_10,MACD_Signal,ATR_14,Rolling_Volatility,OBV,SMA_20,Williams_R",BB_Width
KOTAKBANK,2023-08-01,2023,0,Sideways,0,0.6013,SELL,1,0,0.6697,SELL,1,10,"BB_Width,BB_Upper,SMA_50,SMA_10,CCI,Rolling_Volatility,MACD_Signal,Volume_MA,MACD_Hist,Rolling_Mean_Return",BB_Width
KOTAKBANK,2023-08-02,2023,0,Sideways,1,0.5604,BUY,0,0,0.6433,SELL,1,10,"BB_Width,BB_Upper,SMA_50,SMA_10,CCI,Rolling_Volatility,MACD_Signal,Volume_MA,MACD_Hist,Rolling_Mean_Return",BB_Width
KOTAKBANK,2023-08-03,2023,0,Sideways,1,0.7613,BUY,0,0,0.6822,SELL,1,10,"BB_Width,BB_Upper,SMA_50,SMA_10,CCI,Rolling_Volatility,MACD_Signal,Volume_MA,MACD_Hist,Rolling_Mean_Return",BB_Width
KOTAKBANK,2023-08-04,2023,0,Sideways,1,0.7903,BUY,0,0,0.7611,SELL,1,10,"BB_Width,BB_Upper,SMA_50,SMA_10,CCI,Rolling_Volatility,MACD_Signal,Volume_MA,MACD_Hist,Rolling_Mean_Return",BB_Width
KOTAKBANK,2023-08-07,2023,0,Sideways,1,0.6753,BUY,0,0,0.775,SELL,1,10,"BB_Width,BB_Upper,SMA_50,SMA_10,CCI,Rolling_Volatility,MACD_Signal,Volume_MA,MACD_Hist,Rolling_Mean_Return",BB_Width
KOTAKBANK,2023-08-08,2023,0,Sideways,1,0.6511,BUY,0,0,0.7769,SELL,1,10,"BB_Width,BB_Upper,SMA_50,SMA_10,CCI,Rolling_Volatility,MACD_Signal,Volume_MA,MACD_Hist,Rolling_Mean_Return",BB_Width
KOTAKBANK,2023-08-09,2023,0,Sideways,1,0.6504,BUY,0,0,0.7212,SELL,1,10,"BB_Width,BB_Upper,SMA_50,SMA_10,CCI,Rolling_Volatility,MACD_Signal,Volume_MA,MACD_Hist,Rolling_Mean_Return",BB_Width
KOTAKBANK,2023-08-10,2023,0,Sideways,1,0.7686,BUY,0,0,0.5322,NO TRADE,1,10,"BB_Width,BB_Upper,SMA_50,SMA_10,CCI,Rolling_Volatility,MACD_Signal,Volume_MA,MACD_Hist,Rolling_Mean_Return",BB_Width
KOTAKBANK,2023-08-11,2023,1,Sideways,1,0.7778,BUY,1,1,0.5126,NO TRADE,1,10,"BB_Width,BB_Upper,SMA_50,SMA_10,CCI,Rolling_Volatility,MACD_Signal,Volume_MA,MACD_Hist,Rolling_Mean_Return",BB_Width
KOTAKBANK,2023-08-14,2023,1,Sideways,1,0.8513,BUY,1,1,0.5626,BUY,1,10,"BB_Width,BB_Upper,SMA_50,SMA_10,CCI,Rolling_Volatility,MACD_Signal,Volume_MA,MACD_Hist,Rolling_Mean_Return",BB_Width
KOTAKBANK,2023-08-16,2023,1,Sideways,1,0.761,BUY,1,1,0.6267,BUY,1,10,"BB_Width,BB_Upper,SMA_50,SMA_10,CCI,Rolling_Volatility,MACD_Signal,Volume_MA,MACD_Hist,Rolling_Mean_Return",BB_Width
KOTAKBANK,2023-08-17,2023,1,Sideways,1,0.9113,BUY,1,1,0.8202,BUY,1,10,"BB_Width,BB_Upper,SMA_50,SMA_10,CCI,Rolling_Volatility,MACD_Signal,Volume_MA,MACD_Hist,Rolling_Mean_Return",BB_Width
KOTAKBANK,2023-08-18,2023,1,Sideways,1,0.8218,BUY,1,1,0.8419,BUY,1,10,"BB_Width,BB_Upper,SMA_50,SMA_10,CCI,Rolling_Volatility,MACD_Signal,Volume_MA,MACD_Hist,Rolling_Mean_Return",BB_Width
KOTAKBANK,2023-08-21,2023,1,Sideways,1,0.7862,BUY,1,1,0.8657,BUY,1,10,"BB_Width,BB_Upper,SMA_50,SMA_10,CCI,Rolling_Volatility,MACD_Signal,Volume_MA,MACD_Hist,Rolling_Mean_Return",BB_Width
KOTAKBANK,2023-08-22,2023,1,Sideways,1,0.7578,BUY,1,1,0.8848,BUY,1,10,"BB_Width,BB_Upper,SMA_50,SMA_10,CCI,Rolling_Volatility,MACD_Signal,Volume_MA,MACD_Hist,Rolling_Mean_Return",BB_Width
KOTAKBANK,2023-08-23,2023,0,Sideways,1,0.7628,BUY,0,1,0.8971,BUY,0,10,"BB_Width,BB_Upper,SMA_50,SMA_10,CCI,Rolling_Volatility,MACD_Signal,Volume_MA,MACD_Hist,Rolling_Mean_Return",BB_Width
KOTAKBANK,2023-08-24,2023,0,Sideways,1,0.7038,BUY,0,1,0.8271,BUY,0,10,"BB_Width,BB_Upper,SMA_50,SMA_10,CCI,Rolling_Volatility,MACD_Signal,Volume_MA,MACD_Hist,Rolling_Mean_Return",BB_Width
KOTAKBANK,2023-08-25,2023,1,Sideways,1,0.5009,NO TRADE,1,1,0.7525,BUY,1,10,"BB_Width,BB_Upper,SMA_50,SMA_10,CCI,Rolling_Volatility,MACD_Signal,Volume_MA,MACD_Hist,Rolling_Mean_Return",BB_Width
KOTAKBANK,2023-08-28,2023,0,Sideways,1,0.5866,BUY,0,1,0.5654,BUY,0,10,"BB_Width,BB_Upper,SMA_50,SMA_10,CCI,Rolling_Volatility,MACD_Signal,Volume_MA,MACD_Hist,Rolling_Mean_Return",BB_Width
KOTAKBANK,2023-08-29,2023,0,Sideways,0,0.6149,SELL,1,0,0.5822,SELL,1,10,"BB_Width,BB_Upper,SMA_50,SMA_10,CCI,Rolling_Volatility,MACD_Signal,Volume_MA,MACD_Hist,Rolling_Mean_Return",BB_Width
KOTAKBANK,2023-08-30,2023,0,Sideways,0,0.7004,SELL,1,0,0.6136,SELL,1,10,"BB_Width,BB_Upper,SMA_50,SMA_10,CCI,Rolling_Volatility,MACD_Signal,Volume_MA,MACD_Hist,Rolling_Mean_Return",BB_Width
KOTAKBANK,2023-08-31,2023,0,Sideways,0,0.7865,SELL,1,0,0.6181,SELL,1,10,"BB_Width,BB_Upper,SMA_50,SMA_10,CCI,Rolling_Volatility,MACD_Signal,Volume_MA,MACD_Hist,Rolling_Mean_Return",BB_Width
KOTAKBANK,2023-09-01,2023,0,Sideways,0,0.8216,SELL,1,0,0.6348,SELL,1,10,"BB_Width,BB_Upper,SMA_50,SMA_10,CCI,Rolling_Volatility,MACD_Signal,Volume_MA,MACD_Hist,Rolling_Mean_Return",BB_Width
KOTAKBANK,2023-09-04,2023,0,Sideways,0,0.8349,SELL,1,0,0.7047,SELL,1,10,"BB_Width,BB_Upper,SMA_50,SMA_10,CCI,Rolling_Volatility,MACD_Signal,Volume_MA,MACD_Hist,Rolling_Mean_Return",BB_Width
KOTAKBANK,2023-09-05,2023,0,Sideways,0,0.949,SELL,1,0,0.6873,SELL,1,10,"BB_Width,BB_Upper,SMA_50,SMA_10,CCI,Rolling_Volatility,MACD_Signal,Volume_MA,MACD_Hist,Rolling_Mean_Return",BB_Width
KOTAKBANK,2023-09-06,2023,0,Sideways,0,0.972,SELL,1,0,0.6563,SELL,1,10,"BB_Width,BB_Upper,SMA_50,SMA_10,CCI,Rolling_Volatility,MACD_Signal,Volume_MA,MACD_Hist,Rolling_Mean_Return",BB_Width
KOTAKBANK,2023-09-07,2023,0,Sideways,0,0.9127,SELL,1,0,0.6902,SELL,1,10,"BB_Width,BB_Upper,SMA_50,SMA_10,CCI,Rolling_Volatility,MACD_Signal,Volume_MA,MACD_Hist,Rolling_Mean_Return",BB_Width
KOTAKBANK,2023-09-08,2023,0,Sideways,0,0.9234,SELL,1,0,0.6657,SELL,1,10,"BB_Width,BB_Upper,SMA_50,SMA_10,CCI,Rolling_Volatility,MACD_Signal,Volume_MA,MACD_Hist,Rolling_Mean_Return",BB_Width
KOTAKBANK,2023-09-11,2023,0,Sideways,0,0.836,SELL,1,0,0.6708,SELL,1,10,"BB_Width,BB_Upper,SMA_50,SMA_10,CCI,Rolling_Volatility,MACD_Signal,Volume_MA,MACD_Hist,Rolling_Mean_Return",BB_Width
KOTAKBANK,2023-09-12,2023,0,Sideways,0,0.8023,SELL,1,0,0.6526,SELL,1,10,"BB_Width,BB_Upper,SMA_50,SMA_10,CCI,Rolling_Volatility,MACD_Signal,Volume_MA,MACD_Hist,Rolling_Mean_Return",BB_Width
KOTAKBANK,2023-09-13,2023,0,Sideways,0,0.7415,SELL,1,1,0.6019,BUY,0,10,"BB_Width,BB_Upper,Rolling_Volatility,SMA_10,MACD_Signal,ROC,MACD,EMA_26,ATR_14,OBV",BB_Width
KOTAKBANK,2023-09-14,2023,0,Sideways,0,0.6291,SELL,1,1,0.5892,BUY,0,10,"BB_Width,BB_Upper,Rolling_Volatility,SMA_10,MACD_Signal,ROC,MACD,EMA_26,ATR_14,OBV",BB_Width
KOTAKBANK,2023-09-15,2023,0,Sideways,0,0.6616,SELL,1,1,0.6372,BUY,0,10,"BB_Width,BB_Upper,Rolling_Volatility,SMA_10,MACD_Signal,ROC,MACD,EMA_26,ATR_14,OBV",BB_Width
KOTAKBANK,2023-09-18,2023,0,Sideways,0,0.6652,SELL,1,1,0.5963,BUY,0,10,"BB_Width,BB_Upper,Rolling_Volatility,SMA_10,MACD_Signal,ROC,MACD,EMA_26,ATR_14,OBV",BB_Width
KOTAKBANK,2023-09-20,2023,0,Sideways,0,0.7117,SELL,1,0,0.5886,SELL,1,10,"BB_Width,BB_Upper,Rolling_Volatility,SMA_10,MACD_Signal,ROC,MACD,EMA_26,ATR_14,OBV",BB_Width
KOTAKBANK,2023-09-21,2023,1,Sideways,0,0.7179,SELL,0,0,0.6319,SELL,0,10,"BB_Width,BB_Upper,Rolling_Volatility,SMA_10,MACD_Signal,ROC,MACD,EMA_26,ATR_14,OBV",BB_Width
KOTAKBANK,2023-09-22,2023,0,Sideways,0,0.5525,SELL,1,1,0.6204,BUY,0,10,"BB_Width,BB_Upper,Rolling_Volatility,SMA_10,MACD_Signal,ROC,MACD,EMA_26,ATR_14,OBV",BB_Width
KOTAKBANK,2023-09-25,2023,0,Sideways,0,0.6168,SELL,1,0,0.6606,SELL,1,10,"BB_Width,BB_Upper,Rolling_Volatility,SMA_10,MACD_Signal,ROC,MACD,EMA_26,ATR_14,OBV",BB_Width
KOTAKBANK,2023-09-26,2023,0,Sideways,0,0.5282,NO TRADE,1,0,0.5495,NO TRADE,1,10,"BB_Width,BB_Upper,Rolling_Volatility,SMA_10,MACD_Signal,ROC,MACD,EMA_26,ATR_14,OBV",BB_Width
KOTAKBANK,2023-09-27,2023,0,Sideways,0,0.6294,SELL,1,0,0.554,SELL,1,10,"BB_Width,BB_Upper,Rolling_Volatility,SMA_10,MACD_Signal,ROC,MACD,EMA_26,ATR_14,OBV",BB_Width
KOTAKBANK,2023-09-28,2023,0,Sideways,1,0.6976,BUY,0,0,0.7198,SELL,1,10,"BB_Width,BB_Upper,Rolling_Volatility,SMA_10,MACD_Signal,ROC,MACD,EMA_26,ATR_14,OBV",BB_Width
KOTAKBANK,2023-09-29,2023,1,Sideways,1,0.641,BUY,1,0,0.6935,SELL,0,10,"BB_Width,BB_Upper,Rolling_Volatility,SMA_10,MACD_Signal,ROC,MACD,EMA_26,ATR_14,OBV",BB_Width
KOTAKBANK,2023-10-03,2023,0,Sideways,1,0.6014,BUY,0,1,0.6409,BUY,0,10,"BB_Width,BB_Upper,Rolling_Volatility,SMA_10,MACD_Signal,ROC,MACD,EMA_26,ATR_14,OBV",BB_Width
KOTAKBANK,2023-10-04,2023,1,Sideways,1,0.7398,BUY,1,1,0.5172,NO TRADE,1,10,"BB_Width,BB_Upper,Rolling_Volatility,SMA_10,MACD_Signal,ROC,MACD,EMA_26,ATR_14,OBV",BB_Width
KOTAKBANK,2023-10-05,2023,0,Sideways,1,0.6245,BUY,0,1,0.6972,BUY,0,10,"BB_Width,BB_Upper,Rolling_Volatility,SMA_10,MACD_Signal,ROC,MACD,EMA_26,ATR_14,OBV",BB_Width
KOTAKBANK,2023-10-06,2023,0,Sideways,0,0.7286,SELL,1,0,0.5305,NO TRADE,1,10,"BB_Width,BB_Upper,Rolling_Volatility,SMA_10,MACD_Signal,ROC,MACD,EMA_26,ATR_14,OBV",BB_Width
KOTAKBANK,2023-10-09,2023,1,Sideways,0,0.5611,SELL,0,0,0.5545,SELL,0,10,"BB_Width,BB_Upper,Rolling_Volatility,SMA_10,MACD_Signal,ROC,MACD,EMA_26,ATR_14,OBV",BB_Width
KOTAKBANK,2023-10-10,2023,0,Sideways,0,0.567,SELL,1,1,0.5332,NO TRADE,0,10,"BB_Width,BB_Upper,Rolling_Volatility,SMA_10,MACD_Signal,ROC,MACD,EMA_26,ATR_14,OBV",BB_Width
KOTAKBANK,2023-10-11,2023,0,Sideways,0,0.6434,SELL,1,0,0.7549,SELL,1,10,"BB_Width,BB_Upper,Rolling_Volatility,SMA_10,MACD_Signal,ROC,MACD,EMA_26,ATR_14,OBV",BB_Width
KOTAKBANK,2023-10-12,2023,0,Sideways,0,0.5678,SELL,1,0,0.7576,SELL,1,10,"BB_Width,BB_Upper,Rolling_Volatility,SMA_10,MACD_Signal,ROC,MACD,EMA_26,ATR_14,OBV",BB_Width
KOTAKBANK,2023-10-13,2023,0,Sideways,0,0.5893,SELL,1,0,0.8273,SELL,1,10,"BB_Width,BB_Upper,Rolling_Volatility,SMA_10,MACD_Signal,ROC,MACD,EMA_26,ATR_14,OBV",BB_Width
KOTAKBANK,2023-10-16,2023,1,Sideways,0,0.6147,SELL,0,0,0.8187,SELL,0,10,"BB_Width,BB_Upper,Rolling_Volatility,SMA_10,MACD_Signal,ROC,MACD,EMA_26,ATR_14,OBV",BB_Width
KOTAKBANK,2023-10-17,2023,1,Sideways,0,0.6099,SELL,0,0,0.6668,SELL,0,10,"BB_Width,BB_Upper,Rolling_Volatility,SMA_10,MACD_Signal,ROC,MACD,EMA_26,ATR_14,OBV",BB_Width
KOTAKBANK,2023-10-18,2023,1,Sideways,1,0.5837,BUY,1,0,0.5248,NO TRADE,0,10,"BB_Width,BB_Upper,Rolling_Volatility,SMA_10,MACD_Signal,ROC,MACD,EMA_26,ATR_14,OBV",BB_Width
KOTAKBANK,2023-10-19,2023,1,Sideways,1,0.7064,BUY,1,0,0.5481,NO TRADE,0,10,"BB_Width,BB_Upper,Rolling_Volatility,SMA_10,MACD_Signal,ROC,MACD,EMA_26,ATR_14,OBV",BB_Width
KOTAKBANK,2023-10-20,2023,0,Sideways,1,0.5776,BUY,0,1,0.529,NO TRADE,0,10,"BB_Width,BB_Upper,Rolling_Volatility,SMA_10,MACD_Signal,ROC,MACD,EMA_26,ATR_14,OBV",BB_Width
KOTAKBANK,2023-10-23,2023,1,Sideways,0,0.6081,SELL,0,0,0.5012,NO TRADE,0,10,"BB_Width,BB_Upper,Rolling_Volatility,SMA_10,MACD_Signal,ROC,MACD,EMA_26,ATR_14,OBV",BB_Width
KOTAKBANK,2023-10-25,2023,1,Sideways,1,0.6899,BUY,1,0,0.5458,NO TRADE,0,10,"BB_Width,BB_Upper,Rolling_Volatility,SMA_10,MACD_Signal,ROC,MACD,EMA_26,ATR_14,OBV",BB_Width
KOTAKBANK,2023-10-26,2023,1,Sideways,1,0.8398,BUY,1,1,0.5063,NO TRADE,1,10,"BB_Width,BB_Upper,Rolling_Volatility,SMA_10,MACD_Signal,ROC,MACD,EMA_26,ATR_14,OBV",BB_Width
KOTAKBANK,2023-10-27,2023,1,Sideways,1,0.8482,BUY,1,1,0.5334,NO TRADE,1,10,"BB_Width,BB_Upper,Rolling_Volatility,SMA_10,MACD_Signal,ROC,MACD,EMA_26,ATR_14,OBV",BB_Width
KOTAKBANK,2023-10-30,2023,1,Sideways,1,0.9227,BUY,1,1,0.7051,BUY,1,10,"BB_Width,SMA_50,MACD_Hist,SMA_10,Rolling_Volatility,BB_Upper,OBV,SMA_20,Rolling_Mean_Return,CCI",BB_Width
KOTAKBANK,2023-10-31,2023,1,Sideways,1,0.8548,BUY,1,1,0.6827,BUY,1,10,"BB_Width,SMA_50,MACD_Hist,SMA_10,Rolling_Volatility,BB_Upper,OBV,SMA_20,Rolling_Mean_Return,CCI",BB_Width
KOTAKBANK,2023-11-01,2023,1,Sideways,1,0.9368,BUY,1,1,0.7158,BUY,1,10,"BB_Width,SMA_50,MACD_Hist,SMA_10,Rolling_Volatility,BB_Upper,OBV,SMA_20,Rolling_Mean_Return,CCI",BB_Width
KOTAKBANK,2023-11-02,2023,1,Sideways,1,0.871,BUY,1,1,0.7399,BUY,1,10,"BB_Width,SMA_50,MACD_Hist,SMA_10,Rolling_Volatility,BB_Upper,OBV,SMA_20,Rolling_Mean_Return,CCI",BB_Width
KOTAKBANK,2023-11-03,2023,1,Sideways,1,0.843,BUY,1,1,0.6683,BUY,1,10,"BB_Width,SMA_50,MACD_Hist,SMA_10,Rolling_Volatility,BB_Upper,OBV,SMA_20,Rolling_Mean_Return,CCI",BB_Width
KOTAKBANK,2023-11-06,2023,1,Sideways,1,0.8929,BUY,1,1,0.8419,BUY,1,10,"BB_Width,SMA_50,MACD_Hist,SMA_10,Rolling_Volatility,BB_Upper,OBV,SMA_20,Rolling_Mean_Return,CCI",BB_Width
KOTAKBANK,2023-11-07,2023,1,Sideways,1,0.8372,BUY,1,1,0.795,BUY,1,10,"BB_Width,SMA_50,MACD_Hist,SMA_10,Rolling_Volatility,BB_Upper,OBV,SMA_20,Rolling_Mean_Return,CCI",BB_Width
KOTAKBANK,2023-11-08,2023,1,Sideways,1,0.8226,BUY,1,1,0.8185,BUY,1,10,"BB_Width,SMA_50,MACD_Hist,SMA_10,Rolling_Volatility,BB_Upper,OBV,SMA_20,Rolling_Mean_Return,CCI",BB_Width
KOTAKBANK,2023-11-09,2023,1,Sideways,1,0.8391,BUY,1,1,0.8496,BUY,1,10,"BB_Width,SMA_50,MACD_Hist,SMA_10,Rolling_Volatility,BB_Upper,OBV,SMA_20,Rolling_Mean_Return,CCI",BB_Width
KOTAKBANK,2023-11-10,2023,1,Sideways,1,0.8383,BUY,1,1,0.8666,BUY,1,10,"BB_Width,SMA_50,MACD_Hist,SMA_10,Rolling_Volatility,BB_Upper,OBV,SMA_20,Rolling_Mean_Return,CCI",BB_Width
KOTAKBANK,2023-11-13,2023,1,Sideways,1,0.8442,BUY,1,1,0.8718,BUY,1,10,"BB_Width,SMA_50,MACD_Hist,SMA_10,Rolling_Volatility,BB_Upper,OBV,SMA_20,Rolling_Mean_Return,CCI",BB_Width
KOTAKBANK,2023-11-15,2023,1,Sideways,1,0.8754,BUY,1,1,0.9108,BUY,1,10,"BB_Width,SMA_50,MACD_Hist,SMA_10,Rolling_Volatility,BB_Upper,OBV,SMA_20,Rolling_Mean_Return,CCI",BB_Width
KOTAKBANK,2023-11-16,2023,1,Sideways,1,0.8002,BUY,1,1,0.8901,BUY,1,10,"BB_Width,SMA_50,MACD_Hist,SMA_10,Rolling_Volatility,BB_Upper,OBV,SMA_20,Rolling_Mean_Return,CCI",BB_Width
KOTAKBANK,2023-11-17,2023,1,Sideways,1,0.8182,BUY,1,1,0.764,BUY,1,10,"BB_Width,SMA_50,MACD_Hist,SMA_10,Rolling_Volatility,BB_Upper,OBV,SMA_20,Rolling_Mean_Return,CCI",BB_Width
KOTAKBANK,2023-11-20,2023,1,Sideways,1,0.7919,BUY,1,1,0.7775,BUY,1,10,"BB_Width,SMA_50,MACD_Hist,SMA_10,Rolling_Volatility,BB_Upper,OBV,SMA_20,Rolling_Mean_Return,CCI",BB_Width
KOTAKBANK,2023-11-21,2023,1,Sideways,1,0.8306,BUY,1,1,0.8662,BUY,1,10,"BB_Width,SMA_50,MACD_Hist,SMA_10,Rolling_Volatility,BB_Upper,OBV,SMA_20,Rolling_Mean_Return,CCI",BB_Width
KOTAKBANK,2023-11-22,2023,1,Sideways,1,0.7949,BUY,1,1,0.8011,BUY,1,10,"BB_Width,SMA_50,MACD_Hist,SMA_10,Rolling_Volatility,BB_Upper,OBV,SMA_20,Rolling_Mean_Return,CCI",BB_Width
KOTAKBANK,2023-11-23,2023,1,Sideways,1,0.7508,BUY,1,1,0.8289,BUY,1,10,"BB_Width,SMA_50,MACD_Hist,SMA_10,Rolling_Volatility,BB_Upper,OBV,SMA_20,Rolling_Mean_Return,CCI",BB_Width
KOTAKBANK,2023-11-24,2023,1,Sideways,1,0.7063,BUY,1,1,0.8287,BUY,1,10,"BB_Width,SMA_50,MACD_Hist,SMA_10,Rolling_Volatility,BB_Upper,OBV,SMA_20,Rolling_Mean_Return,CCI",BB_Width
KOTAKBANK,2023-11-28,2023,1,Sideways,1,0.7175,BUY,1,1,0.8447,BUY,1,10,"BB_Width,SMA_50,MACD_Hist,SMA_10,Rolling_Volatility,BB_Upper,OBV,SMA_20,Rolling_Mean_Return,CCI",BB_Width
KOTAKBANK,2023-11-29,2023,1,Sideways,1,0.7163,BUY,1,1,0.8426,BUY,1,10,"BB_Width,SMA_50,MACD_Hist,SMA_10,Rolling_Volatility,BB_Upper,OBV,SMA_20,Rolling_Mean_Return,CCI",BB_Width
KOTAKBANK,2023-11-30,2023,1,Sideways,1,0.6911,BUY,1,1,0.8641,BUY,1,10,"BB_Width,SMA_50,MACD_Hist,SMA_10,Rolling_Volatility,BB_Upper,OBV,SMA_20,Rolling_Mean_Return,CCI",BB_Width
KOTAKBANK,2023-12-01,2023,1,Sideways,1,0.7241,BUY,1,1,0.8552,BUY,1,10,"BB_Width,SMA_50,MACD_Hist,SMA_10,Rolling_Volatility,BB_Upper,OBV,SMA_20,Rolling_Mean_Return,CCI",BB_Width
KOTAKBANK,2023-12-04,2023,1,Sideways,1,0.5962,BUY,1,1,0.9341,BUY,1,10,"BB_Width,SMA_50,MACD_Hist,SMA_10,Rolling_Volatility,BB_Upper,OBV,SMA_20,Rolling_Mean_Return,CCI",BB_Width
KOTAKBANK,2023-12-05,2023,1,Sideways,1,0.901,BUY,1,1,0.932,BUY,1,10,"BB_Width,SMA_50,MACD_Hist,SMA_10,Rolling_Volatility,BB_Upper,OBV,SMA_20,Rolling_Mean_Return,CCI",BB_Width
KOTAKBANK,2023-12-06,2023,1,Sideways,1,0.9089,BUY,1,1,0.9097,BUY,1,10,"BB_Width,SMA_50,MACD_Hist,SMA_10,Rolling_Volatility,BB_Upper,OBV,SMA_20,Rolling_Mean_Return,CCI",BB_Width
KOTAKBANK,2023-12-07,2023,1,Sideways,1,0.9126,BUY,1,1,0.7723,BUY,1,10,"BB_Width,SMA_50,MACD_Hist,SMA_10,Rolling_Volatility,BB_Upper,OBV,SMA_20,Rolling_Mean_Return,CCI",BB_Width
KOTAKBANK,2023-12-08,2023,0,Sideways,1,0.982,BUY,0,1,0.6707,BUY,0,10,"BB_Width,SMA_50,MACD_Hist,SMA_10,Rolling_Volatility,BB_Upper,OBV,SMA_20,Rolling_Mean_Return,CCI",BB_Width
KOTAKBANK,2023-12-11,2023,0,Sideways,1,0.6829,BUY,0,1,0.5943,BUY,0,10,"BB_Width,SMA_50,MACD_Hist,SMA_10,Rolling_Volatility,BB_Upper,OBV,SMA_20,Rolling_Mean_Return,CCI",BB_Width
KOTAKBANK,2023-12-12,2023,0,Sideways,1,0.643,BUY,0,1,0.5334,NO TRADE,0,10,"BB_Width,SMA_50,MACD_Hist,SMA_10,Rolling_Volatility,BB_Upper,OBV,SMA_20,Rolling_Mean_Return,CCI",BB_Width
KOTAKBANK,2023-12-13,2023,0,Sideways,1,0.6168,BUY,0,1,0.5244,NO TRADE,0,10,"SMA_50,Rolling_Mean_Return,BB_Width,MACD_Signal,Volume_MA,BB_Upper,Stochastic,Rolling_Volatility,ADX,MACD_Hist",SMA_50
KOTAKBANK,2023-12-14,2023,0,Sideways,1,0.612,BUY,0,0,0.5278,NO TRADE,1,10,"SMA_50,Rolling_Mean_Return,BB_Width,MACD_Signal,Volume_MA,BB_Upper,Stochastic,Rolling_Volatility,ADX,MACD_Hist",SMA_50
KOTAKBANK,2023-12-15,2023,1,Sideways,1,0.6091,BUY,1,0,0.5478,NO TRADE,0,10,"SMA_50,Rolling_Mean_Return,BB_Width,MACD_Signal,Volume_MA,BB_Upper,Stochastic,Rolling_Volatility,ADX,MACD_Hist",SMA_50
KOTAKBANK,2023-12-18,2023,1,Sideways,1,0.5664,BUY,1,1,0.7362,BUY,1,10,"SMA_50,Rolling_Mean_Return,BB_Width,MACD_Signal,Volume_MA,BB_Upper,Stochastic,Rolling_Volatility,ADX,MACD_Hist",SMA_50
KOTAKBANK,2023-12-19,2023,0,Sideways,1,0.5752,BUY,0,1,0.7776,BUY,0,10,"SMA_50,Rolling_Mean_Return,BB_Width,MACD_Signal,Volume_MA,BB_Upper,Stochastic,Rolling_Volatility,ADX,MACD_Hist",SMA_50
KOTAKBANK,2023-12-20,2023,0,Sideways,1,0.5866,BUY,0,0,0.6999,SELL,1,10,"SMA_50,Rolling_Mean_Return,BB_Width,MACD_Signal,Volume_MA,BB_Upper,Stochastic,Rolling_Volatility,ADX,MACD_Hist",SMA_50
KOTAKBANK,2023-12-21,2023,0,Sideways,0,0.5982,SELL,1,0,0.724,SELL,1,10,"SMA_50,Rolling_Mean_Return,BB_Width,MACD_Signal,Volume_MA,BB_Upper,Stochastic,Rolling_Volatility,ADX,MACD_Hist",SMA_50
KOTAKBANK,2023-12-22,2023,0,Sideways,0,0.6435,SELL,1,0,0.7525,SELL,1,10,"SMA_50,Rolling_Mean_Return,BB_Width,MACD_Signal,Volume_MA,BB_Upper,Stochastic,Rolling_Volatility,ADX,MACD_Hist",SMA_50
KOTAKBANK,2023-12-26,2023,0,Sideways,0,0.5907,SELL,1,0,0.7403,SELL,1,10,"SMA_50,Rolling_Mean_Return,BB_Width,MACD_Signal,Volume_MA,BB_Upper,Stochastic,Rolling_Volatility,ADX,MACD_Hist",SMA_50
KOTAKBANK,2023-12-27,2023,0,Sideways,1,0.5144,NO TRADE,0,0,0.5621,SELL,1,10,"SMA_50,Rolling_Mean_Return,BB_Width,MACD_Signal,Volume_MA,BB_Upper,Stochastic,Rolling_Volatility,ADX,MACD_Hist",SMA_50
KOTAKBANK,2023-12-28,2023,0,Sideways,1,0.6051,BUY,0,0,0.7721,SELL,1,10,"SMA_50,Rolling_Mean_Return,BB_Width,MACD_Signal,Volume_MA,BB_Upper,Stochastic,Rolling_Volatility,ADX,MACD_Hist",SMA_50
KOTAKBANK,2023-12-29,2023,0,Sideways,1,0.5036,NO TRADE,0,0,0.6666,SELL,1,10,"SMA_50,Rolling_Mean_Return,BB_Width,MACD_Signal,Volume_MA,BB_Upper,Stochastic,Rolling_Volatility,ADX,MACD_Hist",SMA_50
KOTAKBANK,2024-01-01,2024,0,Sideways,0,0.5356,NO TRADE,1,0,0.6565,SELL,1,10,"SMA_50,Rolling_Mean_Return,BB_Width,MACD_Signal,Volume_MA,BB_Upper,Stochastic,Rolling_Volatility,ADX,MACD_Hist",SMA_50
KOTAKBANK,2024-01-02,2024,0,Sideways,0,0.6725,SELL,1,0,0.777,SELL,1,10,"SMA_50,Rolling_Mean_Return,BB_Width,MACD_Signal,Volume_MA,BB_Upper,Stochastic,Rolling_Volatility,ADX,MACD_Hist",SMA_50
KOTAKBANK,2024-01-03,2024,0,Sideways,0,0.5275,NO TRADE,1,0,0.8037,SELL,1,10,"SMA_50,Rolling_Mean_Return,BB_Width,MACD_Signal,Volume_MA,BB_Upper,Stochastic,Rolling_Volatility,ADX,MACD_Hist",SMA_50
KOTAKBANK,2024-01-04,2024,0,Sideways,0,0.6489,SELL,1,0,0.8566,SELL,1,10,"SMA_50,Rolling_Mean_Return,BB_Width,MACD_Signal,Volume_MA,BB_Upper,Stochastic,Rolling_Volatility,ADX,MACD_Hist",SMA_50
KOTAKBANK,2024-01-05,2024,0,Sideways,0,0.6674,SELL,1,0,0.8577,SELL,1,10,"SMA_50,Rolling_Mean_Return,BB_Width,MACD_Signal,Volume_MA,BB_Upper,Stochastic,Rolling_Volatility,ADX,MACD_Hist",SMA_50
KOTAKBANK,2024-01-08,2024,0,Sideways,0,0.6288,SELL,1,0,0.621,SELL,1,10,"SMA_50,Rolling_Mean_Return,BB_Width,MACD_Signal,Volume_MA,BB_Upper,Stochastic,Rolling_Volatility,ADX,MACD_Hist",SMA_50
KOTAKBANK,2024-01-09,2024,0,Sideways,0,0.591,SELL,1,0,0.6619,SELL,1,10,"SMA_50,Rolling_Mean_Return,BB_Width,MACD_Signal,Volume_MA,BB_Upper,Stochastic,Rolling_Volatility,ADX,MACD_Hist",SMA_50
KOTAKBANK,2024-01-10,2024,0,Sideways,0,0.5344,NO TRADE,1,0,0.6455,SELL,1,10,"SMA_50,Rolling_Mean_Return,BB_Width,MACD_Signal,Volume_MA,BB_Upper,Stochastic,Rolling_Volatility,ADX,MACD_Hist",SMA_50
KOTAKBANK,2024-01-11,2024,0,Sideways,0,0.512,NO TRADE,1,0,0.7489,SELL,1,10,"SMA_50,Rolling_Mean_Return,BB_Width,MACD_Signal,Volume_MA,BB_Upper,Stochastic,Rolling_Volatility,ADX,MACD_Hist",SMA_50
KOTAKBANK,2024-01-12,2024,0,Sideways,0,0.5739,SELL,1,0,0.7265,SELL,1,10,"SMA_50,Rolling_Mean_Return,BB_Width,MACD_Signal,Volume_MA,BB_Upper,Stochastic,Rolling_Volatility,ADX,MACD_Hist",SMA_50
KOTAKBANK,2024-01-15,2024,0,Sideways,0,0.6177,SELL,1,0,0.6622,SELL,1,10,"SMA_50,Rolling_Mean_Return,BB_Width,MACD_Signal,Volume_MA,BB_Upper,Stochastic,Rolling_Volatility,ADX,MACD_Hist",SMA_50
KOTAKBANK,2024-01-16,2024,0,Sideways,0,0.6693,SELL,1,0,0.7584,SELL,1,10,"SMA_50,Rolling_Mean_Return,BB_Width,MACD_Signal,Volume_MA,BB_Upper,Stochastic,Rolling_Volatility,ADX,MACD_Hist",SMA_50
KOTAKBANK,2024-01-17,2024,0,Sideways,0,0.5779,SELL,1,0,0.7677,SELL,1,10,"SMA_50,Rolling_Mean_Return,BB_Width,MACD_Signal,Volume_MA,BB_Upper,Stochastic,Rolling_Volatility,ADX,MACD_Hist",SMA_50
KOTAKBANK,2024-01-18,2024,0,Sideways,0,0.5331,NO TRADE,1,0,0.7651,SELL,1,10,"SMA_50,Rolling_Mean_Return,BB_Width,MACD_Signal,Volume_MA,BB_Upper,Stochastic,Rolling_Volatility,ADX,MACD_Hist",SMA_50
KOTAKBANK,2024-01-19,2024,0,Sideways,1,0.5769,BUY,0,0,0.7716,SELL,1,10,"SMA_50,Rolling_Mean_Return,BB_Width,MACD_Signal,Volume_MA,BB_Upper,Stochastic,Rolling_Volatility,ADX,MACD_Hist",SMA_50
KOTAKBANK,2024-01-23,2024,0,Sideways,1,0.6464,BUY,0,0,0.7815,SELL,1,10,"SMA_50,Rolling_Mean_Return,BB_Width,MACD_Signal,Volume_MA,BB_Upper,Stochastic,Rolling_Volatility,ADX,MACD_Hist",SMA_50
KOTAKBANK,2024-01-24,2024,0,Sideways,1,0.6334,BUY,0,0,0.7865,SELL,1,10,"SMA_50,Rolling_Mean_Return,BB_Width,MACD_Signal,Volume_MA,BB_Upper,Stochastic,Rolling_Volatility,ADX,MACD_Hist",SMA_50
KOTAKBANK,2024-01-25,2024,0,Sideways,1,0.6404,BUY,0,0,0.7866,SELL,1,10,"SMA_50,Rolling_Mean_Return,BB_Width,MACD_Signal,Volume_MA,BB_Upper,Stochastic,Rolling_Volatility,ADX,MACD_Hist",SMA_50
KOTAKBANK,2024-01-29,2024,0,Sideways,1,0.5898,BUY,0,0,0.7482,SELL,1,10,"SMA_50,EMA_26,Rolling_Median_Return,BB_Width,ADX,RSI_14,MFI,OBV,MACD,BB_Upper",SMA_50
KOTAKBANK,2024-01-30,2024,0,Sideways,1,0.5992,BUY,0,0,0.7505,SELL,1,10,"SMA_50,EMA_26,Rolling_Median_Return,BB_Width,ADX,RSI_14,MFI,OBV,MACD,BB_Upper",SMA_50
KOTAKBANK,2024-01-31,2024,0,Sideways,1,0.5074,NO TRADE,0,0,0.7003,SELL,1,10,"SMA_50,EMA_26,Rolling_Median_Return,BB_Width,ADX,RSI_14,MFI,OBV,MACD,BB_Upper",SMA_50
KOTAKBANK,2024-02-01,2024,0,Sideways,0,0.5357,NO TRADE,1,0,0.8083,SELL,1,10,"SMA_50,EMA_26,Rolling_Median_Return,BB_Width,ADX,RSI_14,MFI,OBV,MACD,BB_Upper",SMA_50
KOTAKBANK,2024-02-02,2024,0,Sideways,1,0.5317,NO TRADE,0,0,0.8083,SELL,1,10,"SMA_50,EMA_26,Rolling_Median_Return,BB_Width,ADX,RSI_14,MFI,OBV,MACD,BB_Upper",SMA_50
KOTAKBANK,2024-02-05,2024,0,Sideways,0,0.5031,NO TRADE,1,0,0.8007,SELL,1,10,"SMA_50,EMA_26,Rolling_Median_Return,BB_Width,ADX,RSI_14,MFI,OBV,MACD,BB_Upper",SMA_50
KOTAKBANK,2024-02-06,2024,0,Sideways,0,0.6379,SELL,1,0,0.7859,SELL,1,10,"SMA_50,EMA_26,Rolling_Median_Return,BB_Width,ADX,RSI_14,MFI,OBV,MACD,BB_Upper",SMA_50
KOTAKBANK,2024-02-07,2024,0,Sideways,0,0.589,SELL,1,0,0.7903,SELL,1,10,"SMA_50,EMA_26,Rolling_Median_Return,BB_Width,ADX,RSI_14,MFI,OBV,MACD,BB_Upper",SMA_50
KOTAKBANK,2024-02-08,2024,1,Sideways,0,0.6365,SELL,0,0,0.7454,SELL,0,10,"SMA_50,EMA_26,Rolling_Median_Return,BB_Width,ADX,RSI_14,MFI,OBV,MACD,BB_Upper",SMA_50
KOTAKBANK,2024-02-09,2024,0,Sideways,0,0.5927,SELL,1,0,0.6093,SELL,1,10,"SMA_50,EMA_26,Rolling_Median_Return,BB_Width,ADX,RSI_14,MFI,OBV,MACD,BB_Upper",SMA_50
KOTAKBANK,2024-02-12,2024,1,Sideways,1,0.612,BUY,1,0,0.6336,SELL,0,10,"SMA_50,EMA_26,Rolling_Median_Return,BB_Width,ADX,RSI_14,MFI,OBV,MACD,BB_Upper",SMA_50
KOTAKBANK,2024-02-13,2024,0,Sideways,1,0.5781,BUY,0,0,0.6657,SELL,1,10,"SMA_50,EMA_26,Rolling_Median_Return,BB_Width,ADX,RSI_14,MFI,OBV,MACD,BB_Upper",SMA_50
KOTAKBANK,2024-02-14,2024,0,Sideways,0,0.6415,SELL,1,0,0.6832,SELL,1,10,"SMA_50,EMA_26,Rolling_Median_Return,BB_Width,ADX,RSI_14,MFI,OBV,MACD,BB_Upper",SMA_50
KOTAKBANK,2024-02-15,2024,0,Sideways,0,0.6331,SELL,1,0,0.6826,SELL,1,10,"SMA_50,EMA_26,Rolling_Median_Return,BB_Width,ADX,RSI_14,MFI,OBV,MACD,BB_Upper",SMA_50
KOTAKBANK,2024-02-16,2024,1,Sideways,0,0.6372,SELL,0,0,0.6916,SELL,0,10,"SMA_50,EMA_26,Rolling_Median_Return,BB_Width,ADX,RSI_14,MFI,OBV,MACD,BB_Upper",SMA_50
KOTAKBANK,2024-02-19,2024,1,Sideways,1,0.7782,BUY,1,0,0.5766,SELL,0,10,"SMA_50,EMA_26,Rolling_Median_Return,BB_Width,ADX,RSI_14,MFI,OBV,MACD,BB_Upper",SMA_50
KOTAKBANK,2024-02-20,2024,1,Sideways,1,0.6549,BUY,1,0,0.5585,SELL,0,10,"SMA_50,EMA_26,Rolling_Median_Return,BB_Width,ADX,RSI_14,MFI,OBV,MACD,BB_Upper",SMA_50
KOTAKBANK,2024-02-21,2024,1,Sideways,1,0.9536,BUY,1,1,0.5494,NO TRADE,1,10,"SMA_50,EMA_26,Rolling_Median_Return,BB_Width,ADX,RSI_14,MFI,OBV,MACD,BB_Upper",SMA_50
KOTAKBANK,2024-02-22,2024,1,Sideways,1,0.8703,BUY,1,1,0.5706,BUY,1,10,"SMA_50,EMA_26,Rolling_Median_Return,BB_Width,ADX,RSI_14,MFI,OBV,MACD,BB_Upper",SMA_50
KOTAKBANK,2024-02-23,2024,1,Sideways,1,0.8664,BUY,1,1,0.5911,BUY,1,10,"SMA_50,EMA_26,Rolling_Median_Return,BB_Width,ADX,RSI_14,MFI,OBV,MACD,BB_Upper",SMA_50
KOTAKBANK,2024-02-26,2024,1,Sideways,1,0.862,BUY,1,1,0.612,BUY,1,10,"SMA_50,EMA_26,Rolling_Median_Return,BB_Width,ADX,RSI_14,MFI,OBV,MACD,BB_Upper",SMA_50
KOTAKBANK,2024-02-27,2024,1,Sideways,1,0.8459,BUY,1,1,0.6292,BUY,1,10,"SMA_50,EMA_26,Rolling_Median_Return,BB_Width,ADX,RSI_14,MFI,OBV,MACD,BB_Upper",SMA_50
KOTAKBANK,2024-02-28,2024,1,Sideways,1,0.9757,BUY,1,1,0.6517,BUY,1,10,"SMA_50,EMA_26,Rolling_Median_Return,BB_Width,ADX,RSI_14,MFI,OBV,MACD,BB_Upper",SMA_50
KOTAKBANK,2024-02-29,2024,1,Sideways,1,0.967,BUY,1,1,0.6576,BUY,1,10,"SMA_50,EMA_26,Rolling_Median_Return,BB_Width,ADX,RSI_14,MFI,OBV,MACD,BB_Upper",SMA_50
KOTAKBANK,2024-03-01,2024,1,Sideways,1,0.8779,BUY,1,1,0.6274,BUY,1,10,"SMA_50,EMA_26,Rolling_Median_Return,BB_Width,ADX,RSI_14,MFI,OBV,MACD,BB_Upper",SMA_50
KOTAKBANK,2024-03-04,2024,1,Sideways,1,0.9737,BUY,1,1,0.639,BUY,1,10,"SMA_50,EMA_26,Rolling_Median_Return,BB_Width,ADX,RSI_14,MFI,OBV,MACD,BB_Upper",SMA_50
KOTAKBANK,2024-03-05,2024,1,Sideways,1,0.8988,BUY,1,1,0.6603,BUY,1,10,"SMA_50,EMA_26,Rolling_Median_Return,BB_Width,ADX,RSI_14,MFI,OBV,MACD,BB_Upper",SMA_50
KOTAKBANK,2024-03-06,2024,1,Sideways,1,0.8514,BUY,1,1,0.6281,BUY,1,10,"SMA_50,EMA_26,Rolling_Median_Return,BB_Width,ADX,RSI_14,MFI,OBV,MACD,BB_Upper",SMA_50
KOTAKBANK,2024-03-07,2024,1,Sideways,1,0.9607,BUY,1,1,0.6363,BUY,1,10,"SMA_50,EMA_26,Rolling_Median_Return,BB_Width,ADX,RSI_14,MFI,OBV,MACD,BB_Upper",SMA_50
KOTAKBANK,2024-03-11,2024,1,Sideways,1,0.9957,BUY,1,1,0.6526,BUY,1,10,"SMA_50,EMA_26,Rolling_Median_Return,BB_Width,ADX,RSI_14,MFI,OBV,MACD,BB_Upper",SMA_50
KOTAKBANK,2024-03-12,2024,1,Sideways,1,0.9981,BUY,1,1,0.5708,BUY,1,10,"BB_Upper,EMA_26,SMA_20,BB_Width,Rolling_Mean_Return,MACD,OBV,SMA_50,Return_5d,Rolling_Volatility",BB_Upper
KOTAKBANK,2024-03-13,2024,1,Sideways,1,0.9986,BUY,1,1,0.5672,BUY,1,10,"BB_Upper,EMA_26,SMA_20,BB_Width,Rolling_Mean_Return,MACD,OBV,SMA_50,Return_5d,Rolling_Volatility",BB_Upper
KOTAKBANK,2024-03-14,2024,1,Sideways,1,0.9962,BUY,1,1,0.6098,BUY,1,10,"BB_Upper,EMA_26,SMA_20,BB_Width,Rolling_Mean_Return,MACD,OBV,SMA_50,Return_5d,Rolling_Volatility",BB_Upper
KOTAKBANK,2024-03-15,2024,1,Sideways,1,0.9813,BUY,1,1,0.6624,BUY,1,10,"BB_Upper,EMA_26,SMA_20,BB_Width,Rolling_Mean_Return,MACD,OBV,SMA_50,Return_5d,Rolling_Volatility",BB_Upper
KOTAKBANK,2024-03-18,2024,1,Sideways,1,0.9951,BUY,1,1,0.6272,BUY,1,10,"BB_Upper,EMA_26,SMA_20,BB_Width,Rolling_Mean_Return,MACD,OBV,SMA_50,Return_5d,Rolling_Volatility",BB_Upper
KOTAKBANK,2024-03-19,2024,1,Sideways,1,0.997,BUY,1,1,0.5886,BUY,1,10,"BB_Upper,EMA_26,SMA_20,BB_Width,Rolling_Mean_Return,MACD,OBV,SMA_50,Return_5d,Rolling_Volatility",BB_Upper
KOTAKBANK,2024-03-20,2024,1,Sideways,1,0.994,BUY,1,1,0.633,BUY,1,10,"BB_Upper,EMA_26,SMA_20,BB_Width,Rolling_Mean_Return,MACD,OBV,SMA_50,Return_5d,Rolling_Volatility",BB_Upper
KOTAKBANK,2024-03-21,2024,1,Sideways,1,0.99,BUY,1,1,0.6436,BUY,1,10,"BB_Upper,EMA_26,SMA_20,BB_Width,Rolling_Mean_Return,MACD,OBV,SMA_50,Return_5d,Rolling_Volatility",BB_Upper
KOTAKBANK,2024-03-22,2024,0,Sideways,1,0.9934,BUY,0,1,0.6624,BUY,0,10,"BB_Upper,EMA_26,SMA_20,BB_Width,Rolling_Mean_Return,MACD,OBV,SMA_50,Return_5d,Rolling_Volatility",BB_Upper
KOTAKBANK,2024-03-26,2024,0,Sideways,1,0.7979,BUY,0,1,0.6676,BUY,0,10,"BB_Upper,EMA_26,SMA_20,BB_Width,Rolling_Mean_Return,MACD,OBV,SMA_50,Return_5d,Rolling_Volatility",BB_Upper
KOTAKBANK,2024-03-27,2024,0,Sideways,1,0.928,BUY,0,1,0.6619,BUY,0,10,"BB_Upper,EMA_26,SMA_20,BB_Width,Rolling_Mean_Return,MACD,OBV,SMA_50,Return_5d,Rolling_Volatility",BB_Upper
KOTAKBANK,2024-03-28,2024,0,Sideways,1,0.7037,BUY,0,1,0.5507,BUY,0,10,"BB_Upper,EMA_26,SMA_20,BB_Width,Rolling_Mean_Return,MACD,OBV,SMA_50,Return_5d,Rolling_Volatility",BB_Upper
KOTAKBANK,2024-04-01,2024,0,Sideways,1,0.6959,BUY,0,1,0.5345,NO TRADE,0,10,"BB_Upper,EMA_26,SMA_20,BB_Width,Rolling_Mean_Return,MACD,OBV,SMA_50,Return_5d,Rolling_Volatility",BB_Upper
KOTAKBANK,2024-04-02,2024,0,Sideways,1,0.7997,BUY,0,0,0.5413,NO TRADE,1,10,"BB_Upper,EMA_26,SMA_20,BB_Width,Rolling_Mean_Return,MACD,OBV,SMA_50,Return_5d,Rolling_Volatility",BB_Upper
KOTAKBANK,2024-04-03,2024,0,Sideways,1,0.6456,BUY,0,0,0.5702,SELL,1,10,"BB_Upper,EMA_26,SMA_20,BB_Width,Rolling_Mean_Return,MACD,OBV,SMA_50,Return_5d,Rolling_Volatility",BB_Upper
KOTAKBANK,2024-04-04,2024,0,Sideways,1,0.6271,BUY,0,0,0.616,SELL,1,10,"BB_Upper,EMA_26,SMA_20,BB_Width,Rolling_Mean_Return,MACD,OBV,SMA_50,Return_5d,Rolling_Volatility",BB_Upper
KOTAKBANK,2024-04-05,2024,0,Sideways,1,0.6259,BUY,0,0,0.6019,SELL,1,10,"BB_Upper,EMA_26,SMA_20,BB_Width,Rolling_Mean_Return,MACD,OBV,SMA_50,Return_5d,Rolling_Volatility",BB_Upper
KOTAKBANK,2024-04-08,2024,0,Sideways,1,0.6123,BUY,0,0,0.6404,SELL,1,10,"BB_Upper,EMA_26,SMA_20,BB_Width,Rolling_Mean_Return,MACD,OBV,SMA_50,Return_5d,Rolling_Volatility",BB_Upper
KOTAKBANK,2024-04-09,2024,0,Sideways,1,0.5614,BUY,0,0,0.6517,SELL,1,10,"BB_Upper,EMA_26,SMA_20,BB_Width,Rolling_Mean_Return,MACD,OBV,SMA_50,Return_5d,Rolling_Volatility",BB_Upper
KOTAKBANK,2024-04-10,2024,0,Sideways,0,0.6128,SELL,1,0,0.5771,SELL,1,10,"BB_Upper,EMA_26,SMA_20,BB_Width,Rolling_Mean_Return,MACD,OBV,SMA_50,Return_5d,Rolling_Volatility",BB_Upper
KOTAKBANK,2024-04-12,2024,0,Sideways,0,0.5236,NO TRADE,1,0,0.6345,SELL,1,10,"BB_Upper,EMA_26,SMA_20,BB_Width,Rolling_Mean_Return,MACD,OBV,SMA_50,Return_5d,Rolling_Volatility",BB_Upper
KOTAKBANK,2024-04-15,2024,0,Sideways,0,0.5773,SELL,1,0,0.6327,SELL,1,10,"BB_Upper,EMA_26,SMA_20,BB_Width,Rolling_Mean_Return,MACD,OBV,SMA_50,Return_5d,Rolling_Volatility",BB_Upper
KOTAKBANK,2024-04-16,2024,0,Sideways,0,0.6266,SELL,1,0,0.6426,SELL,1,10,"BB_Upper,EMA_26,SMA_20,BB_Width,Rolling_Mean_Return,MACD,OBV,SMA_50,Return_5d,Rolling_Volatility",BB_Upper
KOTAKBANK,2024-04-18,2024,0,Sideways,0,0.6403,SELL,1,0,0.616,SELL,1,10,"BB_Upper,EMA_26,SMA_20,BB_Width,Rolling_Mean_Return,MACD,OBV,SMA_50,Return_5d,Rolling_Volatility",BB_Upper
KOTAKBANK,2024-04-19,2024,0,Sideways,0,0.7493,SELL,1,0,0.6092,SELL,1,10,"BB_Upper,EMA_26,SMA_20,BB_Width,Rolling_Mean_Return,MACD,OBV,SMA_50,Return_5d,Rolling_Volatility",BB_Upper
KOTAKBANK,2024-04-22,2024,0,Sideways,0,0.7578,SELL,1,0,0.6177,SELL,1,10,"BB_Upper,EMA_26,SMA_20,BB_Width,Rolling_Mean_Return,MACD,OBV,SMA_50,Return_5d,Rolling_Volatility",BB_Upper
KOTAKBANK,2024-04-23,2024,0,Sideways,0,0.7296,SELL,1,0,0.6635,SELL,1,10,"BB_Upper,EMA_26,SMA_20,BB_Width,Rolling_Mean_Return,MACD,OBV,SMA_50,Return_5d,Rolling_Volatility",BB_Upper
KOTAKBANK,2024-04-24,2024,0,Sideways,0,0.9028,SELL,1,0,0.6363,SELL,1,10,"BB_Upper,EMA_26,SMA_20,BB_Width,Rolling_Mean_Return,MACD,OBV,SMA_50,Return_5d,Rolling_Volatility",BB_Upper
KOTAKBANK,2024-04-25,2024,1,Sideways,1,0.6268,BUY,1,0,0.5185,NO TRADE,0,10,"BB_Upper,EMA_26,SMA_20,BB_Width,Rolling_Mean_Return,MACD,OBV,SMA_50,Return_5d,Rolling_Volatility",BB_Upper
KOTAKBANK,2024-04-26,2024,1,Sideways,1,0.9164,BUY,1,1,0.6907,BUY,1,10,"BB_Upper,EMA_26,SMA_20,BB_Width,Rolling_Mean_Return,MACD,OBV,SMA_50,Return_5d,Rolling_Volatility",BB_Upper
KOTAKBANK,2024-04-29,2024,1,Sideways,1,0.9722,BUY,1,1,0.7827,BUY,1,10,"BB_Upper,SMA_10,BB_Width,EMA_12,MACD,MFI,Return_5d,OBV,MACD_Signal,Rolling_Volatility",BB_Upper
KOTAKBANK,2024-04-30,2024,1,Sideways,1,0.9703,BUY,1,1,0.8214,BUY,1,10,"BB_Upper,SMA_10,BB_Width,EMA_12,MACD,MFI,Return_5d,OBV,MACD_Signal,Rolling_Volatility",BB_Upper
KOTAKBANK,2024-05-02,2024,1,Sideways,1,0.9418,BUY,1,1,0.8171,BUY,1,10,"BB_Upper,SMA_10,BB_Width,EMA_12,MACD,MFI,Return_5d,OBV,MACD_Signal,Rolling_Volatility",BB_Upper
KOTAKBANK,2024-05-03,2024,1,Sideways,1,0.9687,BUY,1,1,0.861,BUY,1,10,"BB_Upper,SMA_10,BB_Width,EMA_12,MACD,MFI,Return_5d,OBV,MACD_Signal,Rolling_Volatility",BB_Upper
KOTAKBANK,2024-05-06,2024,1,Sideways,1,0.9632,BUY,1,1,0.7185,BUY,1,10,"BB_Upper,SMA_10,BB_Width,EMA_12,MACD,MFI,Return_5d,OBV,MACD_Signal,Rolling_Volatility",BB_Upper
KOTAKBANK,2024-05-07,2024,1,Sideways,1,0.9699,BUY,1,1,0.7208,BUY,1,10,"BB_Upper,SMA_10,BB_Width,EMA_12,MACD,MFI,Return_5d,OBV,MACD_Signal,Rolling_Volatility",BB_Upper
KOTAKBANK,2024-05-08,2024,1,Sideways,1,0.9699,BUY,1,1,0.7117,BUY,1,10,"BB_Upper,SMA_10,BB_Width,EMA_12,MACD,MFI,Return_5d,OBV,MACD_Signal,Rolling_Volatility",BB_Upper
KOTAKBANK,2024-05-09,2024,1,Sideways,1,0.9699,BUY,1,1,0.7538,BUY,1,10,"BB_Upper,SMA_10,BB_Width,EMA_12,MACD,MFI,Return_5d,OBV,MACD_Signal,Rolling_Volatility",BB_Upper
KOTAKBANK,2024-05-10,2024,1,Sideways,1,0.97,BUY,1,1,0.7863,BUY,1,10,"BB_Upper,SMA_10,BB_Width,EMA_12,MACD,MFI,Return_5d,OBV,MACD_Signal,Rolling_Volatility",BB_Upper
KOTAKBANK,2024-05-13,2024,1,Sideways,1,0.97,BUY,1,1,0.7986,BUY,1,10,"BB_Upper,SMA_10,BB_Width,EMA_12,MACD,MFI,Return_5d,OBV,MACD_Signal,Rolling_Volatility",BB_Upper
KOTAKBANK,2024-05-14,2024,1,Sideways,1,0.9701,BUY,1,1,0.8001,BUY,1,10,"BB_Upper,SMA_10,BB_Width,EMA_12,MACD,MFI,Return_5d,OBV,MACD_Signal,Rolling_Volatility",BB_Upper
KOTAKBANK,2024-05-15,2024,1,Sideways,1,0.9702,BUY,1,1,0.8124,BUY,1,10,"BB_Upper,SMA_10,BB_Width,EMA_12,MACD,MFI,Return_5d,OBV,MACD_Signal,Rolling_Volatility",BB_Upper
KOTAKBANK,2024-05-16,2024,1,Sideways,1,0.971,BUY,1,1,0.809,BUY,1,10,"BB_Upper,SMA_10,BB_Width,EMA_12,MACD,MFI,Return_5d,OBV,MACD_Signal,Rolling_Volatility",BB_Upper
KOTAKBANK,2024-05-17,2024,1,Sideways,1,0.9752,BUY,1,1,0.797,BUY,1,10,"BB_Upper,SMA_10,BB_Width,EMA_12,MACD,MFI,Return_5d,OBV,MACD_Signal,Rolling_Volatility",BB_Upper
KOTAKBANK,2024-05-21,2024,1,Sideways,1,0.9707,BUY,1,1,0.8218,BUY,1,10,"BB_Upper,SMA_10,BB_Width,EMA_12,MACD,MFI,Return_5d,OBV,MACD_Signal,Rolling_Volatility",BB_Upper
KOTAKBANK,2024-05-22,2024,1,Sideways,1,0.9709,BUY,1,1,0.8326,BUY,1,10,"BB_Upper,SMA_10,BB_Width,EMA_12,MACD,MFI,Return_5d,OBV,MACD_Signal,Rolling_Volatility",BB_Upper
KOTAKBANK,2024-05-23,2024,1,Sideways,1,0.9711,BUY,1,1,0.8053,BUY,1,10,"BB_Upper,SMA_10,BB_Width,EMA_12,MACD,MFI,Return_5d,OBV,MACD_Signal,Rolling_Volatility",BB_Upper
KOTAKBANK,2024-05-24,2024,1,Sideways,1,0.8185,BUY,1,1,0.7881,BUY,1,10,"BB_Upper,SMA_10,BB_Width,EMA_12,MACD,MFI,Return_5d,OBV,MACD_Signal,Rolling_Volatility",BB_Upper
KOTAKBANK,2024-05-27,2024,1,Sideways,1,0.9755,BUY,1,1,0.796,BUY,1,10,"BB_Upper,SMA_10,BB_Width,EMA_12,MACD,MFI,Return_5d,OBV,MACD_Signal,Rolling_Volatility",BB_Upper
KOTAKBANK,2024-05-28,2024,1,Sideways,1,0.9723,BUY,1,1,0.8084,BUY,1,10,"BB_Upper,SMA_10,BB_Width,EMA_12,MACD,MFI,Return_5d,OBV,MACD_Signal,Rolling_Volatility",BB_Upper
KOTAKBANK,2024-05-29,2024,1,Sideways,1,0.9724,BUY,1,1,0.831,BUY,1,10,"BB_Upper,SMA_10,BB_Width,EMA_12,MACD,MFI,Return_5d,OBV,MACD_Signal,Rolling_Volatility",BB_Upper
KOTAKBANK,2024-05-30,2024,1,Sideways,1,0.9725,BUY,1,1,0.9149,BUY,1,10,"BB_Upper,SMA_10,BB_Width,EMA_12,MACD,MFI,Return_5d,OBV,MACD_Signal,Rolling_Volatility",BB_Upper
KOTAKBANK,2024-05-31,2024,1,Sideways,1,0.9923,BUY,1,1,0.918,BUY,1,10,"BB_Upper,SMA_10,BB_Width,EMA_12,MACD,MFI,Return_5d,OBV,MACD_Signal,Rolling_Volatility",BB_Upper
KOTAKBANK,2024-06-03,2024,1,Sideways,1,0.9089,BUY,1,1,0.8307,BUY,1,10,"BB_Upper,SMA_10,BB_Width,EMA_12,MACD,MFI,Return_5d,OBV,MACD_Signal,Rolling_Volatility",BB_Upper
KOTAKBANK,2024-06-04,2024,1,Sideways,1,0.9353,BUY,1,1,0.9236,BUY,1,10,"BB_Upper,SMA_10,BB_Width,EMA_12,MACD,MFI,Return_5d,OBV,MACD_Signal,Rolling_Volatility",BB_Upper
KOTAKBANK,2024-06-05,2024,1,Sideways,1,1.0,BUY,1,1,0.8722,BUY,1,10,"BB_Upper,SMA_10,BB_Width,EMA_12,MACD,MFI,Return_5d,OBV,MACD_Signal,Rolling_Volatility",BB_Upper
KOTAKBANK,2024-06-06,2024,1,Sideways,1,1.0,BUY,1,1,0.8746,BUY,1,10,"BB_Upper,SMA_10,BB_Width,EMA_12,MACD,MFI,Return_5d,OBV,MACD_Signal,Rolling_Volatility",BB_Upper
KOTAKBANK,2024-06-07,2024,1,Sideways,1,0.9997,BUY,1,1,0.8479,BUY,1,10,"BB_Upper,SMA_10,BB_Width,EMA_12,MACD,MFI,Return_5d,OBV,MACD_Signal,Rolling_Volatility",BB_Upper
KOTAKBANK,2024-06-10,2024,1,Sideways,1,1.0,BUY,1,1,0.8362,BUY,1,10,"BB_Upper,SMA_10,BB_Width,EMA_12,MACD,MFI,Return_5d,OBV,MACD_Signal,Rolling_Volatility",BB_Upper
KOTAKBANK,2024-06-11,2024,1,Sideways,1,1.0,BUY,1,1,0.8321,BUY,1,10,"BB_Upper,SMA_10,BB_Width,EMA_12,MACD,MFI,Return_5d,OBV,MACD_Signal,Rolling_Volatility",BB_Upper
KOTAKBANK,2024-06-12,2024,1,Sideways,1,0.9862,BUY,1,1,0.7265,BUY,1,10,"SMA_10,EMA_12,BB_Width,EMA_26,Volume_MA,RSI_14,MFI,MACD_Signal,OBV,MACD",SMA_10
KOTAKBANK,2024-06-13,2024,1,Sideways,1,0.9901,BUY,1,1,0.8346,BUY,1,10,"SMA_10,EMA_12,BB_Width,EMA_26,Volume_MA,RSI_14,MFI,MACD_Signal,OBV,MACD",SMA_10
KOTAKBANK,2024-06-14,2024,1,Sideways,1,0.9885,BUY,1,1,0.7955,BUY,1,10,"SMA_10,EMA_12,BB_Width,EMA_26,Volume_MA,RSI_14,MFI,MACD_Signal,OBV,MACD",SMA_10
KOTAKBANK,2024-06-18,2024,1,Sideways,1,0.9801,BUY,1,1,0.8593,BUY,1,10,"SMA_10,EMA_12,BB_Width,EMA_26,Volume_MA,RSI_14,MFI,MACD_Signal,OBV,MACD",SMA_10
KOTAKBANK,2024-06-19,2024,1,Sideways,1,0.9927,BUY,1,1,0.9232,BUY,1,10,"SMA_10,EMA_12,BB_Width,EMA_26,Volume_MA,RSI_14,MFI,MACD_Signal,OBV,MACD",SMA_10
KOTAKBANK,2024-06-20,2024,1,Sideways,1,0.8995,BUY,1,1,0.8884,BUY,1,10,"SMA_10,EMA_12,BB_Width,EMA_26,Volume_MA,RSI_14,MFI,MACD_Signal,OBV,MACD",SMA_10
KOTAKBANK,2024-06-21,2024,0,Sideways,1,0.9,BUY,0,1,0.7909,BUY,0,10,"SMA_10,EMA_12,BB_Width,EMA_26,Volume_MA,RSI_14,MFI,MACD_Signal,OBV,MACD",SMA_10
KOTAKBANK,2024-06-24,2024,0,Sideways,1,0.7494,BUY,0,1,0.6388,BUY,0,10,"SMA_10,EMA_12,BB_Width,EMA_26,Volume_MA,RSI_14,MFI,MACD_Signal,OBV,MACD",SMA_10
KOTAKBANK,2024-06-25,2024,0,Sideways,0,0.6218,SELL,1,1,0.7094,BUY,0,10,"SMA_10,EMA_12,BB_Width,EMA_26,Volume_MA,RSI_14,MFI,MACD_Signal,OBV,MACD",SMA_10
KOTAKBANK,2024-06-26,2024,0,Sideways,0,0.5488,NO TRADE,1,0,0.5597,SELL,1,10,"SMA_10,EMA_12,BB_Width,EMA_26,Volume_MA,RSI_14,MFI,MACD_Signal,OBV,MACD",SMA_10
KOTAKBANK,2024-06-27,2024,0,Sideways,1,0.5489,NO TRADE,0,0,0.5063,NO TRADE,1,10,"SMA_10,EMA_12,BB_Width,EMA_26,Volume_MA,RSI_14,MFI,MACD_Signal,OBV,MACD",SMA_10
KOTAKBANK,2024-06-28,2024,0,Sideways,0,0.5323,NO TRADE,1,0,0.6188,SELL,1,10,"SMA_10,EMA_12,BB_Width,EMA_26,Volume_MA,RSI_14,MFI,MACD_Signal,OBV,MACD",SMA_10
KOTAKBANK,2024-07-01,2024,0,Sideways,0,0.6802,SELL,1,0,0.7069,SELL,1,10,"SMA_10,EMA_12,BB_Width,EMA_26,Volume_MA,RSI_14,MFI,MACD_Signal,OBV,MACD",SMA_10
KOTAKBANK,2024-07-02,2024,1,Sideways,0,0.5151,NO TRADE,0,0,0.6476,SELL,0,10,"SMA_10,EMA_12,BB_Width,EMA_26,Volume_MA,RSI_14,MFI,MACD_Signal,OBV,MACD",SMA_10
KOTAKBANK,2024-07-03,2024,0,Sideways,0,0.6529,SELL,1,0,0.514,NO TRADE,1,10,"SMA_10,EMA_12,BB_Width,EMA_26,Volume_MA,RSI_14,MFI,MACD_Signal,OBV,MACD",SMA_10
KOTAKBANK,2024-07-04,2024,0,Sideways,0,0.912,SELL,1,0,0.6185,SELL,1,10,"SMA_10,EMA_12,BB_Width,EMA_26,Volume_MA,RSI_14,MFI,MACD_Signal,OBV,MACD",SMA_10
KOTAKBANK,2024-07-05,2024,0,Sideways,0,0.8004,SELL,1,0,0.7839,SELL,1,10,"SMA_10,EMA_12,BB_Width,EMA_26,Volume_MA,RSI_14,MFI,MACD_Signal,OBV,MACD",SMA_10
KOTAKBANK,2024-07-08,2024,0,Sideways,0,0.8183,SELL,1,0,0.8493,SELL,1,10,"SMA_10,EMA_12,BB_Width,EMA_26,Volume_MA,RSI_14,MFI,MACD_Signal,OBV,MACD",SMA_10
KOTAKBANK,2024-07-09,2024,0,Sideways,0,0.7261,SELL,1,0,0.8766,SELL,1,10,"SMA_10,EMA_12,BB_Width,EMA_26,Volume_MA,RSI_14,MFI,MACD_Signal,OBV,MACD",SMA_10
KOTAKBANK,2024-07-10,2024,0,Sideways,0,0.9051,SELL,1,0,0.8736,SELL,1,10,"SMA_10,EMA_12,BB_Width,EMA_26,Volume_MA,RSI_14,MFI,MACD_Signal,OBV,MACD",SMA_10
KOTAKBANK,2024-07-11,2024,0,Sideways,0,0.9573,SELL,1,0,0.9002,SELL,1,10,"SMA_10,EMA_12,BB_Width,EMA_26,Volume_MA,RSI_14,MFI,MACD_Signal,OBV,MACD",SMA_10
KOTAKBANK,2024-07-12,2024,0,Sideways,0,0.9574,SELL,1,0,0.8817,SELL,1,10,"SMA_10,EMA_12,BB_Width,EMA_26,Volume_MA,RSI_14,MFI,MACD_Signal,OBV,MACD",SMA_10
KOTAKBANK,2024-07-15,2024,0,Sideways,0,0.9577,SELL,1,0,0.883,SELL,1,10,"SMA_10,EMA_12,BB_Width,EMA_26,Volume_MA,RSI_14,MFI,MACD_Signal,OBV,MACD",SMA_10
KOTAKBANK,2024-07-16,2024,0,Sideways,0,0.9572,SELL,1,0,0.7511,SELL,1,10,"SMA_10,EMA_12,BB_Width,EMA_26,Volume_MA,RSI_14,MFI,MACD_Signal,OBV,MACD",SMA_10
KOTAKBANK,2024-07-18,2024,0,Sideways,0,0.958,SELL,1,0,0.8718,SELL,1,10,"SMA_10,EMA_12,BB_Width,EMA_26,Volume_MA,RSI_14,MFI,MACD_Signal,OBV,MACD",SMA_10
KOTAKBANK,2024-07-19,2024,0,Sideways,0,0.9582,SELL,1,0,0.8943,SELL,1,10,"SMA_10,EMA_12,BB_Width,EMA_26,Volume_MA,RSI_14,MFI,MACD_Signal,OBV,MACD",SMA_10
KOTAKBANK,2024-07-22,2024,1,Sideways,1,0.5317,NO TRADE,1,0,0.6496,SELL,0,10,"SMA_10,EMA_12,BB_Width,EMA_26,Volume_MA,RSI_14,MFI,MACD_Signal,OBV,MACD",SMA_10
KOTAKBANK,2024-07-23,2024,1,Sideways,0,0.8313,SELL,0,0,0.5912,SELL,0,10,"SMA_10,EMA_12,BB_Width,EMA_26,Volume_MA,RSI_14,MFI,MACD_Signal,OBV,MACD",SMA_10
KOTAKBANK,2024-07-24,2024,1,Sideways,0,0.5245,NO TRADE,0,0,0.5103,NO TRADE,0,10,"SMA_10,EMA_12,BB_Width,EMA_26,Volume_MA,RSI_14,MFI,MACD_Signal,OBV,MACD",SMA_10
KOTAKBANK,2024-07-25,2024,1,Sideways,0,0.615,SELL,0,1,0.5235,NO TRADE,1,10,"SMA_10,EMA_12,BB_Width,EMA_26,Volume_MA,RSI_14,MFI,MACD_Signal,OBV,MACD",SMA_10
KOTAKBANK,2024-07-26,2024,0,Sideways,1,0.5434,NO TRADE,0,0,0.5673,SELL,1,10,"SMA_10,EMA_12,RSI_14,Volume_MA,Rolling_Volatility,MACD,ATR_14,BB_Width,Price_Change,OBV",SMA_10
KOTAKBANK,2024-07-29,2024,1,Sideways,0,0.8034,SELL,0,0,0.6986,SELL,0,10,"SMA_10,EMA_12,RSI_14,Volume_MA,Rolling_Volatility,MACD,ATR_14,BB_Width,Price_Change,OBV",SMA_10
KOTAKBANK,2024-07-30,2024,1,Sideways,0,0.507,NO TRADE,0,1,0.5628,BUY,1,10,"SMA_10,EMA_12,RSI_14,Volume_MA,Rolling_Volatility,MACD,ATR_14,BB_Width,Price_Change,OBV",SMA_10
KOTAKBANK,2024-07-31,2024,0,Sideways,0,0.7936,SELL,1,0,0.5651,SELL,1,10,"SMA_10,EMA_12,RSI_14,Volume_MA,Rolling_Volatility,MACD,ATR_14,BB_Width,Price_Change,OBV",SMA_10
KOTAKBANK,2024-08-01,2024,0,Sideways,0,0.6169,SELL,1,0,0.5251,NO TRADE,1,10,"SMA_10,EMA_12,RSI_14,Volume_MA,Rolling_Volatility,MACD,ATR_14,BB_Width,Price_Change,OBV",SMA_10
KOTAKBANK,2024-08-02,2024,0,Sideways,0,0.9646,SELL,1,0,0.6293,SELL,1,10,"SMA_10,EMA_12,RSI_14,Volume_MA,Rolling_Volatility,MACD,ATR_14,BB_Width,Price_Change,OBV",SMA_10
KOTAKBANK,2024-08-05,2024,1,Sideways,0,0.9069,SELL,0,0,0.5065,NO TRADE,0,10,"SMA_10,EMA_12,RSI_14,Volume_MA,Rolling_Volatility,MACD,ATR_14,BB_Width,Price_Change,OBV",SMA_10
KOTAKBANK,2024-08-06,2024,1,Sideways,0,0.6627,SELL,0,1,0.5742,BUY,1,10,"SMA_10,EMA_12,RSI_14,Volume_MA,Rolling_Volatility,MACD,ATR_14,BB_Width,Price_Change,OBV",SMA_10
KOTAKBANK,2024-08-07,2024,1,Sideways,0,0.7082,SELL,0,1,0.5951,BUY,1,10,"SMA_10,EMA_12,RSI_14,Volume_MA,Rolling_Volatility,MACD,ATR_14,BB_Width,Price_Change,OBV",SMA_10
KOTAKBANK,2024-08-08,2024,0,Sideways,0,0.6407,SELL,1,1,0.6221,BUY,0,10,"SMA_10,EMA_12,RSI_14,Volume_MA,Rolling_Volatility,MACD,ATR_14,BB_Width,Price_Change,OBV",SMA_10
KOTAKBANK,2024-08-09,2024,1,Sideways,0,0.5353,NO TRADE,0,1,0.6112,BUY,1,10,"SMA_10,EMA_12,RSI_14,Volume_MA,Rolling_Volatility,MACD,ATR_14,BB_Width,Price_Change,OBV",SMA_10
KOTAKBANK,2024-08-12,2024,1,Sideways,0,0.6973,SELL,0,1,0.5639,BUY,1,10,"SMA_10,EMA_12,RSI_14,Volume_MA,Rolling_Volatility,MACD,ATR_14,BB_Width,Price_Change,OBV",SMA_10
KOTAKBANK,2024-08-13,2024,1,Sideways,1,0.7007,BUY,1,1,0.5915,BUY,1,10,"SMA_10,EMA_12,RSI_14,Volume_MA,Rolling_Volatility,MACD,ATR_14,BB_Width,Price_Change,OBV",SMA_10
KOTAKBANK,2024-08-14,2024,1,Sideways,1,0.8595,BUY,1,1,0.5869,BUY,1,10,"SMA_10,EMA_12,RSI_14,Volume_MA,Rolling_Volatility,MACD,ATR_14,BB_Width,Price_Change,OBV",SMA_10
KOTAKBANK,2024-08-16,2024,1,Sideways,1,0.671,BUY,1,1,0.6098,BUY,1,10,"SMA_10,EMA_12,RSI_14,Volume_MA,Rolling_Volatility,MACD,ATR_14,BB_Width,Price_Change,OBV",SMA_10
KOTAKBANK,2024-08-19,2024,1,Sideways,1,0.7757,BUY,1,1,0.6989,BUY,1,10,"SMA_10,EMA_12,RSI_14,Volume_MA,Rolling_Volatility,MACD,ATR_14,BB_Width,Price_Change,OBV",SMA_10
KOTAKBANK,2024-08-20,2024,1,Sideways,0,0.5942,SELL,0,0,0.5321,NO TRADE,0,10,"SMA_10,EMA_12,RSI_14,Volume_MA,Rolling_Volatility,MACD,ATR_14,BB_Width,Price_Change,OBV",SMA_10
KOTAKBANK,2024-08-21,2024,1,Sideways,0,0.6777,SELL,0,1,0.5289,NO TRADE,1,10,"SMA_10,EMA_12,RSI_14,Volume_MA,Rolling_Volatility,MACD,ATR_14,BB_Width,Price_Change,OBV",SMA_10
KOTAKBANK,2024-08-22,2024,1,Sideways,0,0.7345,SELL,0,0,0.6451,SELL,0,10,"SMA_10,EMA_12,RSI_14,Volume_MA,Rolling_Volatility,MACD,ATR_14,BB_Width,Price_Change,OBV",SMA_10
KOTAKBANK,2024-08-23,2024,1,Sideways,0,0.6708,SELL,0,0,0.5004,NO TRADE,0,10,"SMA_10,EMA_12,RSI_14,Volume_MA,Rolling_Volatility,MACD,ATR_14,BB_Width,Price_Change,OBV",SMA_10
KOTAKBANK,2024-08-26,2024,1,Sideways,0,0.6712,SELL,0,1,0.5264,NO TRADE,1,10,"SMA_10,EMA_12,RSI_14,Volume_MA,Rolling_Volatility,MACD,ATR_14,BB_Width,Price_Change,OBV",SMA_10
KOTAKBANK,2024-08-27,2024,1,Sideways,0,0.5613,SELL,0,1,0.5203,NO TRADE,1,10,"SMA_10,EMA_12,RSI_14,Volume_MA,Rolling_Volatility,MACD,ATR_14,BB_Width,Price_Change,OBV",SMA_10
KOTAKBANK,2024-08-28,2024,1,Sideways,0,0.5194,NO TRADE,0,1,0.5802,BUY,1,10,"SMA_10,EMA_12,RSI_14,Volume_MA,Rolling_Volatility,MACD,ATR_14,BB_Width,Price_Change,OBV",SMA_10
KOTAKBANK,2024-08-29,2024,1,Sideways,1,0.603,BUY,1,1,0.6878,BUY,1,10,"SMA_10,EMA_12,RSI_14,Volume_MA,Rolling_Volatility,MACD,ATR_14,BB_Width,Price_Change,OBV",SMA_10
KOTAKBANK,2024-08-30,2024,1,Sideways,1,0.6171,BUY,1,1,0.6991,BUY,1,10,"SMA_10,EMA_12,RSI_14,Volume_MA,Rolling_Volatility,MACD,ATR_14,BB_Width,Price_Change,OBV",SMA_10
KOTAKBANK,2024-09-02,2024,1,Sideways,1,0.6591,BUY,1,1,0.7256,BUY,1,10,"SMA_10,EMA_12,RSI_14,Volume_MA,Rolling_Volatility,MACD,ATR_14,BB_Width,Price_Change,OBV",SMA_10
KOTAKBANK,2024-09-03,2024,1,Sideways,1,0.8171,BUY,1,1,0.7212,BUY,1,10,"SMA_10,EMA_12,RSI_14,Volume_MA,Rolling_Volatility,MACD,ATR_14,BB_Width,Price_Change,OBV",SMA_10
KOTAKBANK,2024-09-04,2024,1,Sideways,1,0.8588,BUY,1,1,0.733,BUY,1,10,"SMA_10,EMA_12,RSI_14,Volume_MA,Rolling_Volatility,MACD,ATR_14,BB_Width,Price_Change,OBV",SMA_10
KOTAKBANK,2024-09-05,2024,1,Sideways,1,0.8185,BUY,1,1,0.7571,BUY,1,10,"SMA_10,EMA_12,RSI_14,Volume_MA,Rolling_Volatility,MACD,ATR_14,BB_Width,Price_Change,OBV",SMA_10
KOTAKBANK,2024-09-06,2024,1,Sideways,1,0.9336,BUY,1,1,0.779,BUY,1,10,"SMA_10,EMA_12,RSI_14,Volume_MA,Rolling_Volatility,MACD,ATR_14,BB_Width,Price_Change,OBV",SMA_10
KOTAKBANK,2024-09-09,2024,1,Sideways,1,0.8445,BUY,1,1,0.7768,BUY,1,10,"OBV,EMA_12,SMA_10,EMA_26,MACD,Rolling_Mean_Return,SMA_20,RSI_14,BB_Width,Volume_MA",OBV
KOTAKBANK,2024-09-10,2024,1,Sideways,1,0.8529,BUY,1,1,0.7867,BUY,1,10,"OBV,EMA_12,SMA_10,EMA_26,MACD,Rolling_Mean_Return,SMA_20,RSI_14,BB_Width,Volume_MA",OBV
KOTAKBANK,2024-09-11,2024,1,Sideways,1,0.8097,BUY,1,1,0.6681,BUY,1,10,"OBV,EMA_12,SMA_10,EMA_26,MACD,Rolling_Mean_Return,SMA_20,RSI_14,BB_Width,Volume_MA",OBV
KOTAKBANK,2024-09-12,2024,1,Sideways,1,0.6039,BUY,1,1,0.5265,NO TRADE,1,10,"OBV,EMA_12,SMA_10,EMA_26,MACD,Rolling_Mean_Return,SMA_20,RSI_14,BB_Width,Volume_MA",OBV
KOTAKBANK,2024-09-13,2024,1,Sideways,1,0.6061,BUY,1,1,0.7317,BUY,1,10,"OBV,EMA_12,SMA_10,EMA_26,MACD,Rolling_Mean_Return,SMA_20,RSI_14,BB_Width,Volume_MA",OBV
KOTAKBANK,2024-09-16,2024,1,Sideways,0,0.5012,NO TRADE,0,1,0.6574,BUY,1,10,"OBV,EMA_12,SMA_10,EMA_26,MACD,Rolling_Mean_Return,SMA_20,RSI_14,BB_Width,Volume_MA",OBV
KOTAKBANK,2024-09-17,2024,1,Sideways,0,0.575,SELL,0,1,0.571,BUY,1,10,"OBV,EMA_12,SMA_10,EMA_26,MACD,Rolling_Mean_Return,SMA_20,RSI_14,BB_Width,Volume_MA",OBV
KOTAKBANK,2024-09-18,2024,1,Sideways,0,0.5482,NO TRADE,0,1,0.6298,BUY,1,10,"OBV,EMA_12,SMA_10,EMA_26,MACD,Rolling_Mean_Return,SMA_20,RSI_14,BB_Width,Volume_MA",OBV
KOTAKBANK,2024-09-19,2024,0,Sideways,0,0.5115,NO TRADE,1,0,0.5996,SELL,1,10,"OBV,EMA_12,SMA_10,EMA_26,MACD,Rolling_Mean_Return,SMA_20,RSI_14,BB_Width,Volume_MA",OBV
KOTAKBANK,2024-09-20,2024,0,Sideways,0,0.5187,NO TRADE,1,0,0.6033,SELL,1,10,"OBV,EMA_12,SMA_10,EMA_26,MACD,Rolling_Mean_Return,SMA_20,RSI_14,BB_Width,Volume_MA",OBV
KOTAKBANK,2024-09-23,2024,0,Sideways,0,0.5784,SELL,1,0,0.6533,SELL,1,10,"OBV,EMA_12,SMA_10,EMA_26,MACD,Rolling_Mean_Return,SMA_20,RSI_14,BB_Width,Volume_MA",OBV
KOTAKBANK,2024-09-24,2024,0,Sideways,1,0.5859,BUY,0,0,0.7638,SELL,1,10,"OBV,EMA_12,SMA_10,EMA_26,MACD,Rolling_Mean_Return,SMA_20,RSI_14,BB_Width,Volume_MA",OBV
KOTAKBANK,2024-09-25,2024,0,Sideways,0,0.6035,SELL,1,0,0.8346,SELL,1,10,"OBV,EMA_12,SMA_10,EMA_26,MACD,Rolling_Mean_Return,SMA_20,RSI_14,BB_Width,Volume_MA",OBV
KOTAKBANK,2024-09-26,2024,0,Sideways,0,0.6158,SELL,1,0,0.799,SELL,1,10,"OBV,EMA_12,SMA_10,EMA_26,MACD,Rolling_Mean_Return,SMA_20,RSI_14,BB_Width,Volume_MA",OBV
KOTAKBANK,2024-09-27,2024,0,Sideways,0,0.6537,SELL,1,0,0.8071,SELL,1,10,"OBV,EMA_12,SMA_10,EMA_26,MACD,Rolling_Mean_Return,SMA_20,RSI_14,BB_Width,Volume_MA",OBV
KOTAKBANK,2024-09-30,2024,0,Sideways,0,0.6376,SELL,1,0,0.8087,SELL,1,10,"OBV,EMA_12,SMA_10,EMA_26,MACD,Rolling_Mean_Return,SMA_20,RSI_14,BB_Width,Volume_MA",OBV
KOTAKBANK,2024-10-01,2024,0,Sideways,0,0.7356,SELL,1,0,0.921,SELL,1,10,"OBV,EMA_12,SMA_10,EMA_26,MACD,Rolling_Mean_Return,SMA_20,RSI_14,BB_Width,Volume_MA",OBV
KOTAKBANK,2024-10-03,2024,0,Sideways,0,0.5621,SELL,1,0,0.6262,SELL,1,10,"OBV,EMA_12,SMA_10,EMA_26,MACD,Rolling_Mean_Return,SMA_20,RSI_14,BB_Width,Volume_MA",OBV
KOTAKBANK,2024-10-04,2024,0,Sideways,0,0.7086,SELL,1,0,0.6489,SELL,1,10,"OBV,EMA_12,SMA_10,EMA_26,MACD,Rolling_Mean_Return,SMA_20,RSI_14,BB_Width,Volume_MA",OBV
KOTAKBANK,2024-10-07,2024,0,Sideways,0,0.7553,SELL,1,0,0.5985,SELL,1,10,"OBV,EMA_12,SMA_10,EMA_26,MACD,Rolling_Mean_Return,SMA_20,RSI_14,BB_Width,Volume_MA",OBV
KOTAKBANK,2024-10-08,2024,0,Sideways,0,0.8636,SELL,1,0,0.6542,SELL,1,10,"OBV,EMA_12,SMA_10,EMA_26,MACD,Rolling_Mean_Return,SMA_20,RSI_14,BB_Width,Volume_MA",OBV
KOTAKBANK,2024-10-09,2024,0,Sideways,0,0.8527,SELL,1,0,0.6893,SELL,1,10,"OBV,EMA_12,SMA_10,EMA_26,MACD,Rolling_Mean_Return,SMA_20,RSI_14,BB_Width,Volume_MA",OBV
KOTAKBANK,2024-10-10,2024,0,Sideways,0,0.6148,SELL,1,0,0.7619,SELL,1,10,"OBV,EMA_12,SMA_10,EMA_26,MACD,Rolling_Mean_Return,SMA_20,RSI_14,BB_Width,Volume_MA",OBV
KOTAKBANK,2024-10-11,2024,0,Sideways,0,0.9825,SELL,1,0,0.7813,SELL,1,10,"OBV,EMA_12,SMA_10,EMA_26,MACD,Rolling_Mean_Return,SMA_20,RSI_14,BB_Width,Volume_MA",OBV
KOTAKBANK,2024-10-14,2024,0,Sideways,0,0.9844,SELL,1,0,0.7403,SELL,1,10,"OBV,EMA_12,SMA_10,EMA_26,MACD,Rolling_Mean_Return,SMA_20,RSI_14,BB_Width,Volume_MA",OBV
KOTAKBANK,2024-10-15,2024,0,Sideways,0,0.9849,SELL,1,0,0.8454,SELL,1,10,"OBV,EMA_12,SMA_10,EMA_26,MACD,Rolling_Mean_Return,SMA_20,RSI_14,BB_Width,Volume_MA",OBV
KOTAKBANK,2024-10-16,2024,0,Sideways,0,0.9851,SELL,1,0,0.8482,SELL,1,10,"OBV,EMA_12,SMA_10,EMA_26,MACD,Rolling_Mean_Return,SMA_20,RSI_14,BB_Width,Volume_MA",OBV
KOTAKBANK,2024-10-17,2024,0,Sideways,0,0.9855,SELL,1,0,0.8421,SELL,1,10,"OBV,EMA_12,SMA_10,EMA_26,MACD,Rolling_Mean_Return,SMA_20,RSI_14,BB_Width,Volume_MA",OBV
KOTAKBANK,2024-10-18,2024,0,Sideways,0,0.9858,SELL,1,0,0.7847,SELL,1,10,"OBV,EMA_12,SMA_10,EMA_26,MACD,Rolling_Mean_Return,SMA_20,RSI_14,BB_Width,Volume_MA",OBV
KOTAKBANK,2024-10-21,2024,0,Sideways,1,0.69,BUY,0,0,0.6747,SELL,1,10,"OBV,EMA_12,SMA_10,EMA_26,MACD,Rolling_Mean_Return,SMA_20,RSI_14,BB_Width,Volume_MA",OBV
KOTAKBANK,2024-10-22,2024,0,Sideways,1,0.6486,BUY,0,0,0.6334,SELL,1,10,"MACD_Hist,EMA_12,SMA_50,OBV,EMA_26,SMA_20,SMA_10,Rolling_Median_Return,Williams_R,BB_Width",MACD_Hist
KOTAKBANK,2024-10-23,2024,0,Sideways,1,0.5673,BUY,0,0,0.8351,SELL,1,10,"MACD_Hist,EMA_12,SMA_50,OBV,EMA_26,SMA_20,SMA_10,Rolling_Median_Return,Williams_R,BB_Width",MACD_Hist
KOTAKBANK,2024-10-24,2024,1,Sideways,1,0.6685,BUY,1,0,0.757,SELL,0,10,"MACD_Hist,EMA_12,SMA_50,OBV,EMA_26,SMA_20,SMA_10,Rolling_Median_Return,Williams_R,BB_Width",MACD_Hist
KOTAKBANK,2024-10-25,2024,1,Sideways,1,0.7401,BUY,1,1,0.5906,BUY,1,10,"MACD_Hist,EMA_12,SMA_50,OBV,EMA_26,SMA_20,SMA_10,Rolling_Median_Return,Williams_R,BB_Width",MACD_Hist
KOTAKBANK,2024-10-28,2024,1,Sideways,1,0.6422,BUY,1,1,0.569,BUY,1,10,"MACD_Hist,EMA_12,SMA_50,OBV,EMA_26,SMA_20,SMA_10,Rolling_Median_Return,Williams_R,BB_Width",MACD_Hist
KOTAKBANK,2024-10-29,2024,0,Sideways,1,0.8111,BUY,0,1,0.7839,BUY,0,10,"MACD_Hist,EMA_12,SMA_50,OBV,EMA_26,SMA_20,SMA_10,Rolling_Median_Return,Williams_R,BB_Width",MACD_Hist
KOTAKBANK,2024-10-30,2024,1,Sideways,1,0.6442,BUY,1,1,0.615,BUY,1,10,"MACD_Hist,EMA_12,SMA_50,OBV,EMA_26,SMA_20,SMA_10,Rolling_Median_Return,Williams_R,BB_Width",MACD_Hist
KOTAKBANK,2024-10-31,2024,1,Sideways,1,0.8234,BUY,1,1,0.8697,BUY,1,10,"MACD_Hist,EMA_12,SMA_50,OBV,EMA_26,SMA_20,SMA_10,Rolling_Median_Return,Williams_R,BB_Width",MACD_Hist
KOTAKBANK,2024-11-01,2024,1,Sideways,1,0.9263,BUY,1,1,0.8456,BUY,1,10,"MACD_Hist,EMA_12,SMA_50,OBV,EMA_26,SMA_20,SMA_10,Rolling_Median_Return,Williams_R,BB_Width",MACD_Hist
KOTAKBANK,2024-11-04,2024,1,Sideways,1,0.8966,BUY,1,1,0.8914,BUY,1,10,"MACD_Hist,EMA_12,SMA_50,OBV,EMA_26,SMA_20,SMA_10,Rolling_Median_Return,Williams_R,BB_Width",MACD_Hist
KOTAKBANK,2024-11-05,2024,1,Sideways,1,0.7674,BUY,1,1,0.9742,BUY,1,10,"MACD_Hist,EMA_12,SMA_50,OBV,EMA_26,SMA_20,SMA_10,Rolling_Median_Return,Williams_R,BB_Width",MACD_Hist
KOTAKBANK,2024-11-06,2024,1,Sideways,1,0.9189,BUY,1,1,0.9852,BUY,1,10,"MACD_Hist,EMA_12,SMA_50,OBV,EMA_26,SMA_20,SMA_10,Rolling_Median_Return,Williams_R,BB_Width",MACD_Hist
KOTAKBANK,2024-11-07,2024,1,Sideways,1,0.9321,BUY,1,1,0.9868,BUY,1,10,"MACD_Hist,EMA_12,SMA_50,OBV,EMA_26,SMA_20,SMA_10,Rolling_Median_Return,Williams_R,BB_Width",MACD_Hist
KOTAKBANK,2024-11-08,2024,1,Sideways,1,0.914,BUY,1,1,0.9891,BUY,1,10,"MACD_Hist,EMA_12,SMA_50,OBV,EMA_26,SMA_20,SMA_10,Rolling_Median_Return,Williams_R,BB_Width",MACD_Hist
KOTAKBANK,2024-11-11,2024,1,Sideways,1,0.9172,BUY,1,1,0.9913,BUY,1,10,"MACD_Hist,EMA_12,SMA_50,OBV,EMA_26,SMA_20,SMA_10,Rolling_Median_Return,Williams_R,BB_Width",MACD_Hist
KOTAKBANK,2024-11-12,2024,1,Sideways,1,0.9669,BUY,1,1,0.99,BUY,1,10,"MACD_Hist,EMA_12,SMA_50,OBV,EMA_26,SMA_20,SMA_10,Rolling_Median_Return,Williams_R,BB_Width",MACD_Hist
KOTAKBANK,2024-11-13,2024,1,Sideways,1,0.9155,BUY,1,1,0.996,BUY,1,10,"MACD_Hist,EMA_12,SMA_50,OBV,EMA_26,SMA_20,SMA_10,Rolling_Median_Return,Williams_R,BB_Width",MACD_Hist
KOTAKBANK,2024-11-14,2024,1,Sideways,1,0.9117,BUY,1,1,0.9955,BUY,1,10,"MACD_Hist,EMA_12,SMA_50,OBV,EMA_26,SMA_20,SMA_10,Rolling_Median_Return,Williams_R,BB_Width",MACD_Hist
KOTAKBANK,2024-11-18,2024,1,Sideways,1,0.9124,BUY,1,1,0.9953,BUY,1,10,"MACD_Hist,EMA_12,SMA_50,OBV,EMA_26,SMA_20,SMA_10,Rolling_Median_Return,Williams_R,BB_Width",MACD_Hist
KOTAKBANK,2024-11-19,2024,1,Sideways,1,0.9149,BUY,1,1,0.9026,BUY,1,10,"MACD_Hist,EMA_12,SMA_50,OBV,EMA_26,SMA_20,SMA_10,Rolling_Median_Return,Williams_R,BB_Width",MACD_Hist
KOTAKBANK,2024-11-21,2024,1,Sideways,1,0.8136,BUY,1,1,0.9117,BUY,1,10,"MACD_Hist,EMA_12,SMA_50,OBV,EMA_26,SMA_20,SMA_10,Rolling_Median_Return,Williams_R,BB_Width",MACD_Hist
KOTAKBANK,2024-11-22,2024,0,Sideways,1,0.8945,BUY,0,1,0.9026,BUY,0,10,"MACD_Hist,EMA_12,SMA_50,OBV,EMA_26,SMA_20,SMA_10,Rolling_Median_Return,Williams_R,BB_Width",MACD_Hist
KOTAKBANK,2024-11-25,2024,0,Sideways,1,0.72,BUY,0,1,0.7937,BUY,0,10,"MACD_Hist,EMA_12,SMA_50,OBV,EMA_26,SMA_20,SMA_10,Rolling_Median_Return,Williams_R,BB_Width",MACD_Hist
KOTAKBANK,2024-11-26,2024,0,Sideways,1,0.7332,BUY,0,1,0.793,BUY,0,10,"MACD_Hist,EMA_12,SMA_50,OBV,EMA_26,SMA_20,SMA_10,Rolling_Median_Return,Williams_R,BB_Width",MACD_Hist
KOTAKBANK,2024-11-27,2024,0,Sideways,0,0.5901,SELL,1,1,0.6949,BUY,0,10,"MACD_Hist,EMA_12,SMA_50,OBV,EMA_26,SMA_20,SMA_10,Rolling_Median_Return,Williams_R,BB_Width",MACD_Hist
KOTAKBANK,2024-11-28,2024,1,Sideways,0,0.5999,SELL,0,1,0.6755,BUY,1,10,"MACD_Hist,EMA_12,SMA_50,OBV,EMA_26,SMA_20,SMA_10,Rolling_Median_Return,Williams_R,BB_Width",MACD_Hist
KOTAKBANK,2024-11-29,2024,0,Sideways,0,0.5628,SELL,1,1,0.9727,BUY,0,10,"MACD_Hist,EMA_12,SMA_50,OBV,EMA_26,SMA_20,SMA_10,Rolling_Median_Return,Williams_R,BB_Width",MACD_Hist
KOTAKBANK,2024-12-02,2024,1,Sideways,0,0.5879,SELL,0,1,0.6935,BUY,1,10,"MACD_Hist,EMA_12,SMA_50,OBV,EMA_26,SMA_20,SMA_10,Rolling_Median_Return,Williams_R,BB_Width",MACD_Hist
INFY,2022-01-03,2022,0,Sideways,1,0.5753,BUY,0,0,0.5497,NO TRADE,1,10,"MACD,SMA_10,EMA_26,ATR_14,Open_Close_Pct,ADX,MACD_Hist,EMA_12,OBV,Volume_MA",MACD
INFY,2022-01-04,2022,0,Sideways,1,0.5872,BUY,0,1,0.5684,BUY,0,10,"MACD,ATR_14,MACD_Hist,Open_Close_Pct,CCI,ADX,SMA_10,Volume_MA,BB_Upper,Rolling_Mean_Return",MACD
INFY,2022-01-05,2022,0,Sideways,1,0.6827,BUY,0,1,0.5643,BUY,0,10,"MACD,ATR_14,MACD_Hist,Open_Close_Pct,CCI,ADX,SMA_10,Volume_MA,BB_Upper,Rolling_Mean_Return",MACD
INFY,2022-01-06,2022,0,Sideways,1,0.7116,BUY,0,1,0.638,BUY,0,10,"MACD,ATR_14,MACD_Hist,Open_Close_Pct,CCI,ADX,SMA_10,Volume_MA,BB_Upper,Rolling_Mean_Return",MACD
INFY,2022-01-07,2022,0,Sideways,1,0.7188,BUY,0,0,0.5827,SELL,1,10,"MACD,ATR_14,MACD_Hist,Open_Close_Pct,CCI,ADX,SMA_10,Volume_MA,BB_Upper,Rolling_Mean_Return",MACD
INFY,2022-01-10,2022,0,Sideways,1,0.7631,BUY,0,0,0.5443,NO TRADE,1,10,"MACD,ATR_14,MACD_Hist,Open_Close_Pct,CCI,ADX,SMA_10,Volume_MA,BB_Upper,Rolling_Mean_Return",MACD
INFY,2022-01-11,2022,0,Sideways,1,0.787,BUY,0,0,0.5174,NO TRADE,1,10,"MACD,ATR_14,MACD_Hist,Open_Close_Pct,CCI,ADX,SMA_10,Volume_MA,BB_Upper,Rolling_Mean_Return",MACD
INFY,2022-01-12,2022,0,Sideways,1,0.7719,BUY,0,1,0.6641,BUY,0,10,"MACD,ATR_14,MACD_Hist,Open_Close_Pct,CCI,ADX,SMA_10,Volume_MA,BB_Upper,Rolling_Mean_Return",MACD
INFY,2022-01-13,2022,0,Sideways,1,0.7426,BUY,0,1,0.6515,BUY,0,10,"MACD,ATR_14,MACD_Hist,Open_Close_Pct,CCI,ADX,SMA_10,Volume_MA,BB_Upper,Rolling_Mean_Return",MACD
INFY,2022-01-14,2022,0,Sideways,1,0.5623,BUY,0,0,0.6057,SELL,1,10,"MACD,ATR_14,MACD_Hist,Open_Close_Pct,CCI,ADX,SMA_10,Volume_MA,BB_Upper,Rolling_Mean_Return",MACD
INFY,2022-01-17,2022,0,Sideways,1,0.6198,BUY,0,0,0.6362,SELL,1,10,"MACD,ATR_14,MACD_Hist,Open_Close_Pct,CCI,ADX,SMA_10,Volume_MA,BB_Upper,Rolling_Mean_Return",MACD
INFY,2022-01-18,2022,0,Sideways,1,0.5567,BUY,0,0,0.6296,SELL,1,10,"MACD,ATR_14,MACD_Hist,Open_Close_Pct,CCI,ADX,SMA_10,Volume_MA,BB_Upper,Rolling_Mean_Return",MACD
INFY,2022-01-19,2022,0,Sideways,1,0.5506,BUY,0,0,0.5216,NO TRADE,1,10,"MACD,ATR_14,MACD_Hist,Open_Close_Pct,CCI,ADX,SMA_10,Volume_MA,BB_Upper,Rolling_Mean_Return",MACD
INFY,2022-01-20,2022,0,Sideways,1,0.6621,BUY,0,1,0.6854,BUY,0,10,"MACD,ATR_14,MACD_Hist,Open_Close_Pct,CCI,ADX,SMA_10,Volume_MA,BB_Upper,Rolling_Mean_Return",MACD
INFY,2022-01-21,2022,0,Sideways,1,0.7322,BUY,0,1,0.7085,BUY,0,10,"MACD,ATR_14,MACD_Hist,Open_Close_Pct,CCI,ADX,SMA_10,Volume_MA,BB_Upper,Rolling_Mean_Return",MACD
INFY,2022-01-24,2022,0,Sideways,1,0.5755,BUY,0,1,0.7116,BUY,0,10,"MACD,ATR_14,MACD_Hist,Open_Close_Pct,CCI,ADX,SMA_10,Volume_MA,BB_Upper,Rolling_Mean_Return",MACD
INFY,2022-01-25,2022,1,Sideways,1,0.6686,BUY,1,1,0.6771,BUY,1,10,"MACD,ATR_14,MACD_Hist,Open_Close_Pct,CCI,ADX,SMA_10,Volume_MA,BB_Upper,Rolling_Mean_Return",MACD
INFY,2022-01-27,2022,0,Sideways,1,0.7647,BUY,0,1,0.918,BUY,0,10,"MACD,ATR_14,MACD_Hist,Open_Close_Pct,CCI,ADX,SMA_10,Volume_MA,BB_Upper,Rolling_Mean_Return",MACD
INFY,2022-01-28,2022,1,Sideways,1,0.5546,BUY,1,1,0.7351,BUY,1,10,"MACD,ATR_14,MACD_Hist,Open_Close_Pct,CCI,ADX,SMA_10,Volume_MA,BB_Upper,Rolling_Mean_Return",MACD
INFY,2022-01-31,2022,0,Sideways,1,0.608,BUY,0,1,0.9298,BUY,0,10,"MACD,ATR_14,MACD_Hist,Open_Close_Pct,CCI,ADX,SMA_10,Volume_MA,BB_Upper,Rolling_Mean_Return",MACD
INFY,2022-02-01,2022,0,Sideways,0,0.6078,SELL,1,1,0.7558,BUY,0,10,"MACD,ATR_14,MACD_Hist,Open_Close_Pct,CCI,ADX,SMA_10,Volume_MA,BB_Upper,Rolling_Mean_Return",MACD
INFY,2022-02-02,2022,0,Sideways,0,0.6291,SELL,1,1,0.7579,BUY,0,10,"MACD,ATR_14,MACD_Hist,Open_Close_Pct,CCI,ADX,SMA_10,Volume_MA,BB_Upper,Rolling_Mean_Return",MACD
INFY,2022-02-03,2022,0,Sideways,0,0.6554,SELL,1,1,0.6609,BUY,0,10,"MACD,ATR_14,MACD_Hist,Open_Close_Pct,CCI,ADX,SMA_10,Volume_MA,BB_Upper,Rolling_Mean_Return",MACD
INFY,2022-02-04,2022,0,Sideways,0,0.644,SELL,1,1,0.5738,BUY,0,10,"MACD,ATR_14,MACD_Hist,Open_Close_Pct,CCI,ADX,SMA_10,Volume_MA,BB_Upper,Rolling_Mean_Return",MACD
INFY,2022-02-07,2022,1,Sideways,0,0.7313,SELL,0,1,0.5087,NO TRADE,1,10,"MACD,ATR_14,MACD_Hist,Open_Close_Pct,CCI,ADX,SMA_10,Volume_MA,BB_Upper,Rolling_Mean_Return",MACD
INFY,2022-02-08,2022,1,Sideways,0,0.622,SELL,0,1,0.7803,BUY,1,10,"MACD,ATR_14,MACD_Hist,Open_Close_Pct,CCI,ADX,SMA_10,Volume_MA,BB_Upper,Rolling_Mean_Return",MACD
INFY,2022-02-09,2022,1,Sideways,1,0.5069,NO TRADE,1,1,0.8688,BUY,1,10,"MACD,ATR_14,MACD_Hist,Open_Close_Pct,CCI,ADX,SMA_10,Volume_MA,BB_Upper,Rolling_Mean_Return",MACD
INFY,2022-02-10,2022,1,Sideways,1,0.5197,NO TRADE,1,1,0.8774,BUY,1,10,"MACD,ATR_14,MACD_Hist,Open_Close_Pct,CCI,ADX,SMA_10,Volume_MA,BB_Upper,Rolling_Mean_Return",MACD
INFY,2022-02-11,2022,1,Sideways,0,0.5228,NO TRADE,0,1,0.7795,BUY,1,10,"MACD,ATR_14,MACD_Hist,Open_Close_Pct,CCI,ADX,SMA_10,Volume_MA,BB_Upper,Rolling_Mean_Return",MACD
INFY,2022-02-14,2022,1,Sideways,1,0.5097,NO TRADE,1,1,0.8972,BUY,1,10,"MACD,ATR_14,MACD_Hist,Open_Close_Pct,CCI,ADX,SMA_10,Volume_MA,BB_Upper,Rolling_Mean_Return",MACD
INFY,2022-02-15,2022,1,Sideways,1,0.5073,NO TRADE,1,1,0.8826,BUY,1,10,"MACD,ATR_14,MACD_Hist,Open_Close_Pct,CCI,ADX,SMA_10,Volume_MA,BB_Upper,Rolling_Mean_Return",MACD
INFY,2022-02-16,2022,1,Sideways,1,0.5971,BUY,1,1,0.7114,BUY,1,10,"MACD,ATR_14,CCI,Rolling_Std_10,EMA_26,OBV,EMA_12,Rolling_Volatility,SMA_20,SMA_50",MACD
INFY,2022-02-17,2022,1,Sideways,1,0.6624,BUY,1,1,0.8673,BUY,1,10,"MACD,ATR_14,CCI,Rolling_Std_10,EMA_26,OBV,EMA_12,Rolling_Volatility,SMA_20,SMA_50",MACD
INFY,2022-02-18,2022,1,Sideways,1,0.7367,BUY,1,1,0.9074,BUY,1,10,"MACD,ATR_14,CCI,Rolling_Std_10,EMA_26,OBV,EMA_12,Rolling_Volatility,SMA_20,SMA_50",MACD
INFY,2022-02-21,2022,1,Sideways,1,0.7457,BUY,1,1,0.8911,BUY,1,10,"MACD,ATR_14,CCI,Rolling_Std_10,EMA_26,OBV,EMA_12,Rolling_Volatility,SMA_20,SMA_50",MACD
INFY,2022-02-22,2022,1,Sideways,1,0.7729,BUY,1,1,0.9077,BUY,1,10,"MACD,ATR_14,CCI,Rolling_Std_10,EMA_26,OBV,EMA_12,Rolling_Volatility,SMA_20,SMA_50",MACD
INFY,2022-02-23,2022,1,Sideways,1,0.8061,BUY,1,1,0.9248,BUY,1,10,"MACD,ATR_14,CCI,Rolling_Std_10,EMA_26,OBV,EMA_12,Rolling_Volatility,SMA_20,SMA_50",MACD
INFY,2022-02-24,2022,1,Sideways,1,0.6593,BUY,1,1,0.9358,BUY,1,10,"MACD,ATR_14,CCI,Rolling_Std_10,EMA_26,OBV,EMA_12,Rolling_Volatility,SMA_20,SMA_50",MACD
INFY,2022-02-25,2022,1,Sideways,1,0.8785,BUY,1,1,0.946,BUY,1,10,"MACD,ATR_14,CCI,Rolling_Std_10,EMA_26,OBV,EMA_12,Rolling_Volatility,SMA_20,SMA_50",MACD
INFY,2022-02-28,2022,1,Sideways,1,0.7746,BUY,1,1,0.9045,BUY,1,10,"MACD,ATR_14,CCI,Rolling_Std_10,EMA_26,OBV,EMA_12,Rolling_Volatility,SMA_20,SMA_50",MACD
INFY,2022-03-02,2022,1,Sideways,1,0.8916,BUY,1,1,0.9342,BUY,1,10,"MACD,ATR_14,CCI,Rolling_Std_10,EMA_26,OBV,EMA_12,Rolling_Volatility,SMA_20,SMA_50",MACD
INFY,2022-03-03,2022,1,Sideways,1,0.8895,BUY,1,1,0.9532,BUY,1,10,"MACD,ATR_14,CCI,Rolling_Std_10,EMA_26,OBV,EMA_12,Rolling_Volatility,SMA_20,SMA_50",MACD
INFY,2022-03-04,2022,1,Sideways,1,0.8346,BUY,1,1,0.9634,BUY,1,10,"MACD,ATR_14,CCI,Rolling_Std_10,EMA_26,OBV,EMA_12,Rolling_Volatility,SMA_20,SMA_50",MACD
INFY,2022-03-07,2022,1,Sideways,1,0.8298,BUY,1,1,0.9687,BUY,1,10,"MACD,ATR_14,CCI,Rolling_Std_10,EMA_26,OBV,EMA_12,Rolling_Volatility,SMA_20,SMA_50",MACD
INFY,2022-03-08,2022,1,Sideways,1,0.7765,BUY,1,1,0.9664,BUY,1,10,"MACD,ATR_14,CCI,Rolling_Std_10,EMA_26,OBV,EMA_12,Rolling_Volatility,SMA_20,SMA_50",MACD
INFY,2022-03-09,2022,0,Sideways,1,0.7074,BUY,0,1,0.9695,BUY,0,10,"MACD,ATR_14,CCI,Rolling_Std_10,EMA_26,OBV,EMA_12,Rolling_Volatility,SMA_20,SMA_50",MACD
INFY,2022-03-10,2022,0,Sideways,1,0.6306,BUY,0,1,0.7755,BUY,0,10,"MACD,ATR_14,CCI,Rolling_Std_10,EMA_26,OBV,EMA_12,Rolling_Volatility,SMA_20,SMA_50",MACD
INFY,2022-03-11,2022,0,Sideways,1,0.5593,BUY,0,1,0.5844,BUY,0,10,"MACD,ATR_14,CCI,Rolling_Std_10,EMA_26,OBV,EMA_12,Rolling_Volatility,SMA_20,SMA_50",MACD
INFY,2022-03-14,2022,0,Sideways,0,0.6714,SELL,1,1,0.5705,BUY,0,10,"MACD,ATR_14,CCI,Rolling_Std_10,EMA_26,OBV,EMA_12,Rolling_Volatility,SMA_20,SMA_50",MACD
INFY,2022-03-15,2022,0,Sideways,0,0.7444,SELL,1,0,0.5506,SELL,1,10,"MACD,ATR_14,CCI,Rolling_Std_10,EMA_26,OBV,EMA_12,Rolling_Volatility,SMA_20,SMA_50",MACD
INFY,2022-03-16,2022,0,Sideways,0,0.8497,SELL,1,0,0.6092,SELL,1,10,"MACD,ATR_14,CCI,Rolling_Std_10,EMA_26,OBV,EMA_12,Rolling_Volatility,SMA_20,SMA_50",MACD
INFY,2022-03-17,2022,0,Sideways,0,0.7585,SELL,1,0,0.5214,NO TRADE,1,10,"MACD,ATR_14,CCI,Rolling_Std_10,EMA_26,OBV,EMA_12,Rolling_Volatility,SMA_20,SMA_50",MACD
INFY,2022-03-21,2022,0,Sideways,0,0.7357,SELL,1,0,0.5581,SELL,1,10,"MACD,ATR_14,CCI,Rolling_Std_10,EMA_26,OBV,EMA_12,Rolling_Volatility,SMA_20,SMA_50",MACD
INFY,2022-03-22,2022,0,Sideways,0,0.74,SELL,1,0,0.6375,SELL,1,10,"MACD,ATR_14,CCI,Rolling_Std_10,EMA_26,OBV,EMA_12,Rolling_Volatility,SMA_20,SMA_50",MACD
INFY,2022-03-23,2022,0,Sideways,0,0.751,SELL,1,0,0.618,SELL,1,10,"MACD,ATR_14,CCI,Rolling_Std_10,EMA_26,OBV,EMA_12,Rolling_Volatility,SMA_20,SMA_50",MACD
INFY,2022-03-24,2022,0,Sideways,0,0.7568,SELL,1,0,0.6873,SELL,1,10,"MACD,ATR_14,CCI,Rolling_Std_10,EMA_26,OBV,EMA_12,Rolling_Volatility,SMA_20,SMA_50",MACD
INFY,2022-03-25,2022,0,Sideways,0,0.6238,SELL,1,0,0.8122,SELL,1,10,"MACD,ATR_14,CCI,Rolling_Std_10,EMA_26,OBV,EMA_12,Rolling_Volatility,SMA_20,SMA_50",MACD
INFY,2022-03-28,2022,0,Sideways,0,0.5879,SELL,1,0,0.7027,SELL,1,10,"MACD,ATR_14,CCI,Rolling_Std_10,EMA_26,OBV,EMA_12,Rolling_Volatility,SMA_20,SMA_50",MACD
INFY,2022-03-29,2022,0,Sideways,0,0.6712,SELL,1,0,0.7204,SELL,1,10,"MACD,ATR_14,CCI,Rolling_Std_10,EMA_26,OBV,EMA_12,Rolling_Volatility,SMA_20,SMA_50",MACD
INFY,2022-03-30,2022,0,Sideways,0,0.6554,SELL,1,0,0.85,SELL,1,10,"MACD,ATR_14,CCI,Rolling_Std_10,EMA_26,OBV,EMA_12,Rolling_Volatility,SMA_20,SMA_50",MACD
INFY,2022-03-31,2022,0,Sideways,0,0.5375,NO TRADE,1,0,0.879,SELL,1,10,"MACD,ATR_14,CCI,Rolling_Std_10,EMA_26,OBV,EMA_12,Rolling_Volatility,SMA_20,SMA_50",MACD
INFY,2022-04-01,2022,0,Sideways,0,0.5129,NO TRADE,1,0,0.8195,SELL,1,10,"EMA_12,SMA_50,MACD,ATR_14,OBV,CCI,SMA_10,Return_5d,MACD_Hist,RSI_14",EMA_12
INFY,2022-04-04,2022,0,Sideways,1,0.5407,NO TRADE,0,0,0.8159,SELL,1,10,"EMA_12,SMA_50,MACD,ATR_14,OBV,CCI,SMA_10,Return_5d,MACD_Hist,RSI_14",EMA_12
INFY,2022-04-05,2022,0,Sideways,1,0.5612,BUY,0,0,0.6261,SELL,1,10,"EMA_12,SMA_50,MACD,ATR_14,OBV,CCI,SMA_10,Return_5d,MACD_Hist,RSI_14",EMA_12
INFY,2022-04-06,2022,0,Sideways,1,0.5015,NO TRADE,0,0,0.9176,SELL,1,10,"EMA_12,SMA_50,MACD,ATR_14,OBV,CCI,SMA_10,Return_5d,MACD_Hist,RSI_14",EMA_12
INFY,2022-04-07,2022,0,Sideways,0,0.5412,NO TRADE,1,0,0.9338,SELL,1,10,"EMA_12,SMA_50,MACD,ATR_14,OBV,CCI,SMA_10,Return_5d,MACD_Hist,RSI_14",EMA_12
INFY,2022-04-08,2022,0,Sideways,0,0.6369,SELL,1,0,0.9475,SELL,1,10,"EMA_12,SMA_50,MACD,ATR_14,OBV,CCI,SMA_10,Return_5d,MACD_Hist,RSI_14",EMA_12
INFY,2022-04-11,2022,0,Sideways,0,0.8101,SELL,1,0,0.9334,SELL,1,10,"EMA_12,SMA_50,MACD,ATR_14,OBV,CCI,SMA_10,Return_5d,MACD_Hist,RSI_14",EMA_12
INFY,2022-04-12,2022,0,Sideways,0,0.6433,SELL,1,0,0.9385,SELL,1,10,"EMA_12,SMA_50,MACD,ATR_14,OBV,CCI,SMA_10,Return_5d,MACD_Hist,RSI_14",EMA_12
INFY,2022-04-13,2022,0,Sideways,0,0.6525,SELL,1,0,0.9047,SELL,1,10,"EMA_12,SMA_50,MACD,ATR_14,OBV,CCI,SMA_10,Return_5d,MACD_Hist,RSI_14",EMA_12
INFY,2022-04-18,2022,0,Sideways,0,0.6351,SELL,1,0,0.8553,SELL,1,10,"EMA_12,SMA_50,MACD,ATR_14,OBV,CCI,SMA_10,Return_5d,MACD_Hist,RSI_14",EMA_12
INFY,2022-04-19,2022,0,Sideways,0,0.637,SELL,1,0,0.8505,SELL,1,10,"EMA_12,SMA_50,MACD,ATR_14,OBV,CCI,SMA_10,Return_5d,MACD_Hist,RSI_14",EMA_12
INFY,2022-04-20,2022,0,Sideways,0,0.6898,SELL,1,0,0.8328,SELL,1,10,"EMA_12,SMA_50,MACD,ATR_14,OBV,CCI,SMA_10,Return_5d,MACD_Hist,RSI_14",EMA_12
INFY,2022-04-21,2022,0,Sideways,0,0.7195,SELL,1,0,0.8186,SELL,1,10,"EMA_12,SMA_50,MACD,ATR_14,OBV,CCI,SMA_10,Return_5d,MACD_Hist,RSI_14",EMA_12
INFY,2022-04-22,2022,0,Sideways,0,0.7178,SELL,1,0,0.8988,SELL,1,10,"EMA_12,SMA_50,MACD,ATR_14,OBV,CCI,SMA_10,Return_5d,MACD_Hist,RSI_14",EMA_12
INFY,2022-04-25,2022,0,Sideways,0,0.739,SELL,1,0,0.8712,SELL,1,10,"EMA_12,SMA_50,MACD,ATR_14,OBV,CCI,SMA_10,Return_5d,MACD_Hist,RSI_14",EMA_12
INFY,2022-04-26,2022,0,Sideways,0,0.7611,SELL,1,0,0.839,SELL,1,10,"EMA_12,SMA_50,MACD,ATR_14,OBV,CCI,SMA_10,Return_5d,MACD_Hist,RSI_14",EMA_12
INFY,2022-04-27,2022,0,Sideways,0,0.7569,SELL,1,0,0.8451,SELL,1,10,"EMA_12,SMA_50,MACD,ATR_14,OBV,CCI,SMA_10,Return_5d,MACD_Hist,RSI_14",EMA_12
INFY,2022-04-28,2022,0,Sideways,0,0.7763,SELL,1,0,0.8789,SELL,1,10,"EMA_12,SMA_50,MACD,ATR_14,OBV,CCI,SMA_10,Return_5d,MACD_Hist,RSI_14",EMA_12
INFY,2022-04-29,2022,0,Sideways,0,0.7981,SELL,1,0,0.9337,SELL,1,10,"EMA_12,SMA_50,MACD,ATR_14,OBV,CCI,SMA_10,Return_5d,MACD_Hist,RSI_14",EMA_12
INFY,2022-05-02,2022,0,Sideways,0,0.8284,SELL,1,0,0.9652,SELL,1,10,"EMA_12,SMA_50,MACD,ATR_14,OBV,CCI,SMA_10,Return_5d,MACD_Hist,RSI_14",EMA_12
INFY,2022-05-04,2022,0,Sideways,0,0.806,SELL,1,0,0.9712,SELL,1,10,"EMA_12,SMA_50,MACD,ATR_14,OBV,CCI,SMA_10,Return_5d,MACD_Hist,RSI_14",EMA_12
INFY,2022-05-05,2022,0,Sideways,0,0.7984,SELL,1,0,0.8074,SELL,1,10,"EMA_12,SMA_50,MACD,ATR_14,OBV,CCI,SMA_10,Return_5d,MACD_Hist,RSI_14",EMA_12
INFY,2022-05-06,2022,0,Sideways,0,0.7581,SELL,1,0,0.9676,SELL,1,10,"EMA_12,SMA_50,MACD,ATR_14,OBV,CCI,SMA_10,Return_5d,MACD_Hist,RSI_14",EMA_12
INFY,2022-05-09,2022,0,Sideways,0,0.8851,SELL,1,0,0.9691,SELL,1,10,"EMA_12,SMA_50,MACD,ATR_14,OBV,CCI,SMA_10,Return_5d,MACD_Hist,RSI_14",EMA_12
INFY,2022-05-10,2022,0,Sideways,0,0.8665,SELL,1,0,0.9702,SELL,1,10,"EMA_12,SMA_50,MACD,ATR_14,OBV,CCI,SMA_10,Return_5d,MACD_Hist,RSI_14",EMA_12
INFY,2022-05-11,2022,0,Sideways,0,0.869,SELL,1,0,0.9717,SELL,1,10,"EMA_12,SMA_50,MACD,ATR_14,OBV,CCI,SMA_10,Return_5d,MACD_Hist,RSI_14",EMA_12
INFY,2022-05-12,2022,1,Sideways,0,0.8919,SELL,0,0,0.9726,SELL,0,10,"EMA_12,SMA_50,MACD,ATR_14,OBV,CCI,SMA_10,Return_5d,MACD_Hist,RSI_14",EMA_12
INFY,2022-05-13,2022,0,Sideways,0,0.71,SELL,1,0,0.9687,SELL,1,10,"EMA_12,SMA_50,MACD,ATR_14,OBV,CCI,SMA_10,Return_5d,MACD_Hist,RSI_14",EMA_12
INFY,2022-05-16,2022,0,Sideways,0,0.7194,SELL,1,0,0.9699,SELL,1,10,"EMA_12,SMA_50,MACD,ATR_14,OBV,CCI,SMA_10,Return_5d,MACD_Hist,RSI_14",EMA_12
INFY,2022-05-17,2022,0,Sideways,0,0.8249,SELL,1,0,0.9709,SELL,1,10,"EMA_12,SMA_50,MACD,ATR_14,OBV,CCI,SMA_10,Return_5d,MACD_Hist,RSI_14",EMA_12
INFY,2022-05-18,2022,0,Sideways,0,0.8314,SELL,1,0,0.6939,SELL,1,10,"OBV,EMA_12,ADX,Stochastic,SMA_50,Volume_MA,MACD,BB_Upper,MACD_Signal,Rolling_Volatility",OBV
INFY,2022-05-19,2022,0,Sideways,0,0.6803,SELL,1,0,0.7211,SELL,1,10,"OBV,EMA_12,ADX,Stochastic,SMA_50,Volume_MA,MACD,BB_Upper,MACD_Signal,Rolling_Volatility",OBV
INFY,2022-05-20,2022,0,Sideways,0,0.8304,SELL,1,0,0.8328,SELL,1,10,"OBV,EMA_12,ADX,Stochastic,SMA_50,Volume_MA,MACD,BB_Upper,MACD_Signal,Rolling_Volatility",OBV
INFY,2022-05-23,2022,0,Sideways,0,0.833,SELL,1,0,0.85,SELL,1,10,"OBV,EMA_12,ADX,Stochastic,SMA_50,Volume_MA,MACD,BB_Upper,MACD_Signal,Rolling_Volatility",OBV
INFY,2022-05-24,2022,1,Sideways,0,0.9052,SELL,0,0,0.8735,SELL,0,10,"OBV,EMA_12,ADX,Stochastic,SMA_50,Volume_MA,MACD,BB_Upper,MACD_Signal,Rolling_Volatility",OBV
INFY,2022-05-25,2022,1,Sideways,0,0.9172,SELL,0,0,0.7146,SELL,0,10,"OBV,EMA_12,ADX,Stochastic,SMA_50,Volume_MA,MACD,BB_Upper,MACD_Signal,Rolling_Volatility",OBV
INFY,2022-05-26,2022,1,Sideways,0,0.9161,SELL,0,0,0.5006,NO TRADE,0,10,"OBV,EMA_12,ADX,Stochastic,SMA_50,Volume_MA,MACD,BB_Upper,MACD_Signal,Rolling_Volatility",OBV
INFY,2022-05-27,2022,0,Sideways,0,0.8705,SELL,1,0,0.5278,NO TRADE,1,10,"OBV,EMA_12,ADX,Stochastic,SMA_50,Volume_MA,MACD,BB_Upper,MACD_Signal,Rolling_Volatility",OBV
INFY,2022-05-30,2022,0,Sideways,0,0.7306,SELL,1,0,0.5841,SELL,1,10,"OBV,EMA_12,ADX,Stochastic,SMA_50,Volume_MA,MACD,BB_Upper,MACD_Signal,Rolling_Volatility",OBV
INFY,2022-05-31,2022,0,Sideways,0,0.8612,SELL,1,0,0.6059,SELL,1,10,"OBV,EMA_12,ADX,Stochastic,SMA_50,Volume_MA,MACD,BB_Upper,MACD_Signal,Rolling_Volatility",OBV
INFY,2022-06-01,2022,0,Sideways,0,0.8599,SELL,1,0,0.7018,SELL,1,10,"OBV,EMA_12,ADX,Stochastic,SMA_50,Volume_MA,MACD,BB_Upper,MACD_Signal,Rolling_Volatility",OBV
INFY,2022-06-02,2022,0,Sideways,0,0.8697,SELL,1,0,0.7225,SELL,1,10,"OBV,EMA_12,ADX,Stochastic,SMA_50,Volume_MA,MACD,BB_Upper,MACD_Signal,Rolling_Volatility",OBV
INFY,2022-06-03,2022,0,Sideways,0,0.9118,SELL,1,0,0.7644,SELL,1,10,"OBV,EMA_12,ADX,Stochastic,SMA_50,Volume_MA,MACD,BB_Upper,MACD_Signal,Rolling_Volatility",OBV
INFY,2022-06-06,2022,0,Sideways,0,0.8406,SELL,1,0,0.7919,SELL,1,10,"OBV,EMA_12,ADX,Stochastic,SMA_50,Volume_MA,MACD,BB_Upper,MACD_Signal,Rolling_Volatility",OBV
INFY,2022-06-07,2022,0,Sideways,0,0.8552,SELL,1,0,0.8008,SELL,1,10,"OBV,EMA_12,ADX,Stochastic,SMA_50,Volume_MA,MACD,BB_Upper,MACD_Signal,Rolling_Volatility",OBV
INFY,2022-06-08,2022,0,Sideways,0,0.8732,SELL,1,0,0.8169,SELL,1,10,"OBV,EMA_12,ADX,Stochastic,SMA_50,Volume_MA,MACD,BB_Upper,MACD_Signal,Rolling_Volatility",OBV
INFY,2022-06-09,2022,0,Sideways,0,0.8856,SELL,1,0,0.827,SELL,1,10,"OBV,EMA_12,ADX,Stochastic,SMA_50,Volume_MA,MACD,BB_Upper,MACD_Signal,Rolling_Volatility",OBV
INFY,2022-06-10,2022,1,Sideways,0,0.8891,SELL,0,0,0.8314,SELL,0,10,"OBV,EMA_12,ADX,Stochastic,SMA_50,Volume_MA,MACD,BB_Upper,MACD_Signal,Rolling_Volatility",OBV
INFY,2022-06-13,2022,1,Sideways,0,0.878,SELL,0,0,0.7611,SELL,0,10,"OBV,EMA_12,ADX,Stochastic,SMA_50,Volume_MA,MACD,BB_Upper,MACD_Signal,Rolling_Volatility",OBV
INFY,2022-06-14,2022,0,Sideways,0,0.8162,SELL,1,0,0.6089,SELL,1,10,"OBV,EMA_12,ADX,Stochastic,SMA_50,Volume_MA,MACD,BB_Upper,MACD_Signal,Rolling_Volatility",OBV
INFY,2022-06-15,2022,1,Sideways,0,0.8336,SELL,0,0,0.6475,SELL,0,10,"OBV,EMA_12,ADX,Stochastic,SMA_50,Volume_MA,MACD,BB_Upper,MACD_Signal,Rolling_Volatility",OBV
INFY,2022-06-16,2022,1,Sideways,0,0.8546,SELL,0,0,0.6545,SELL,0,10,"OBV,EMA_12,ADX,Stochastic,SMA_50,Volume_MA,MACD,BB_Upper,MACD_Signal,Rolling_Volatility",OBV
INFY,2022-06-17,2022,1,Sideways,0,0.8968,SELL,0,0,0.6083,SELL,0,10,"OBV,EMA_12,ADX,Stochastic,SMA_50,Volume_MA,MACD,BB_Upper,MACD_Signal,Rolling_Volatility",OBV
INFY,2022-06-20,2022,1,Sideways,0,0.7549,SELL,0,0,0.5676,SELL,0,10,"OBV,EMA_12,ADX,Stochastic,SMA_50,Volume_MA,MACD,BB_Upper,MACD_Signal,Rolling_Volatility",OBV
INFY,2022-06-21,2022,1,Sideways,0,0.7455,SELL,0,1,0.5109,NO TRADE,1,10,"OBV,EMA_12,ADX,Stochastic,SMA_50,Volume_MA,MACD,BB_Upper,MACD_Signal,Rolling_Volatility",OBV
INFY,2022-06-22,2022,1,Sideways,0,0.7667,SELL,0,1,0.5686,BUY,1,10,"OBV,EMA_12,ADX,Stochastic,SMA_50,Volume_MA,MACD,BB_Upper,MACD_Signal,Rolling_Volatility",OBV
INFY,2022-06-23,2022,1,Sideways,0,0.7768,SELL,0,1,0.6132,BUY,1,10,"OBV,EMA_12,ADX,Stochastic,SMA_50,Volume_MA,MACD,BB_Upper,MACD_Signal,Rolling_Volatility",OBV
INFY,2022-06-24,2022,1,Sideways,0,0.689,SELL,0,1,0.6705,BUY,1,10,"OBV,EMA_12,ADX,Stochastic,SMA_50,Volume_MA,MACD,BB_Upper,MACD_Signal,Rolling_Volatility",OBV
INFY,2022-06-27,2022,1,Sideways,0,0.8017,SELL,0,1,0.7224,BUY,1,10,"OBV,EMA_12,ADX,Stochastic,SMA_50,Volume_MA,MACD,BB_Upper,MACD_Signal,Rolling_Volatility",OBV
INFY,2022-06-28,2022,0,Sideways,0,0.7566,SELL,1,1,0.7658,BUY,0,10,"OBV,EMA_12,ADX,Stochastic,SMA_50,Volume_MA,MACD,BB_Upper,MACD_Signal,Rolling_Volatility",OBV
INFY,2022-06-29,2022,1,Sideways,0,0.8419,SELL,0,1,0.5027,NO TRADE,1,10,"EMA_12,ADX,OBV,Volume_MA,Rolling_Mean_Return,Stochastic,SMA_50,MACD_Hist,SMA_20,SMA_10",EMA_12
INFY,2022-06-30,2022,1,Sideways,0,0.8116,SELL,0,0,0.5251,NO TRADE,0,10,"EMA_12,ADX,OBV,Volume_MA,Rolling_Mean_Return,Stochastic,SMA_50,MACD_Hist,SMA_20,SMA_10",EMA_12
INFY,2022-07-01,2022,1,Sideways,0,0.8319,SELL,0,1,0.541,NO TRADE,1,10,"EMA_12,ADX,OBV,Volume_MA,Rolling_Mean_Return,Stochastic,SMA_50,MACD_Hist,SMA_20,SMA_10",EMA_12
INFY,2022-07-04,2022,1,Sideways,0,0.6558,SELL,0,1,0.6611,BUY,1,10,"EMA_12,ADX,OBV,Volume_MA,Rolling_Mean_Return,Stochastic,SMA_50,MACD_Hist,SMA_20,SMA_10",EMA_12
INFY,2022-07-05,2022,1,Sideways,0,0.6312,SELL,0,1,0.7987,BUY,1,10,"EMA_12,ADX,OBV,Volume_MA,Rolling_Mean_Return,Stochastic,SMA_50,MACD_Hist,SMA_20,SMA_10",EMA_12
INFY,2022-07-06,2022,1,Sideways,0,0.5599,SELL,0,1,0.8295,BUY,1,10,"EMA_12,ADX,OBV,Volume_MA,Rolling_Mean_Return,Stochastic,SMA_50,MACD_Hist,SMA_20,SMA_10",EMA_12
INFY,2022-07-07,2022,1,Sideways,1,0.7489,BUY,1,1,0.8449,BUY,1,10,"EMA_12,ADX,OBV,Volume_MA,Rolling_Mean_Return,Stochastic,SMA_50,MACD_Hist,SMA_20,SMA_10",EMA_12
INFY,2022-07-08,2022,1,Sideways,1,0.702,BUY,1,1,0.8584,BUY,1,10,"EMA_12,ADX,OBV,Volume_MA,Rolling_Mean_Return,Stochastic,SMA_50,MACD_Hist,SMA_20,SMA_10",EMA_12
INFY,2022-07-11,2022,1,Sideways,1,0.7196,BUY,1,1,0.8701,BUY,1,10,"EMA_12,ADX,OBV,Volume_MA,Rolling_Mean_Return,Stochastic,SMA_50,MACD_Hist,SMA_20,SMA_10",EMA_12
INFY,2022-07-12,2022,1,Sideways,1,0.7277,BUY,1,1,0.8807,BUY,1,10,"EMA_12,ADX,OBV,Volume_MA,Rolling_Mean_Return,Stochastic,SMA_50,MACD_Hist,SMA_20,SMA_10",EMA_12
INFY,2022-07-13,2022,1,Sideways,1,0.8817,BUY,1,1,0.8885,BUY,1,10,"EMA_12,ADX,OBV,Volume_MA,Rolling_Mean_Return,Stochastic,SMA_50,MACD_Hist,SMA_20,SMA_10",EMA_12
INFY,2022-07-14,2022,1,Sideways,1,0.8234,BUY,1,1,0.8958,BUY,1,10,"EMA_12,ADX,OBV,Volume_MA,Rolling_Mean_Return,Stochastic,SMA_50,MACD_Hist,SMA_20,SMA_10",EMA_12
INFY,2022-07-15,2022,1,Sideways,1,0.8672,BUY,1,1,0.9015,BUY,1,10,"EMA_12,ADX,OBV,Volume_MA,Rolling_Mean_Return,Stochastic,SMA_50,MACD_Hist,SMA_20,SMA_10",EMA_12
INFY,2022-07-18,2022,1,Sideways,1,0.6482,BUY,1,1,0.9062,BUY,1,10,"EMA_12,ADX,OBV,Volume_MA,Rolling_Mean_Return,Stochastic,SMA_50,MACD_Hist,SMA_20,SMA_10",EMA_12
INFY,2022-07-19,2022,1,Sideways,1,0.8793,BUY,1,1,0.9129,BUY,1,10,"EMA_12,ADX,OBV,Volume_MA,Rolling_Mean_Return,Stochastic,SMA_50,MACD_Hist,SMA_20,SMA_10",EMA_12
INFY,2022-07-20,2022,1,Sideways,1,0.8143,BUY,1,1,0.9172,BUY,1,10,"EMA_12,ADX,OBV,Volume_MA,Rolling_Mean_Return,Stochastic,SMA_50,MACD_Hist,SMA_20,SMA_10",EMA_12
INFY,2022-07-21,2022,1,Sideways,1,0.8048,BUY,1,1,0.9214,BUY,1,10,"EMA_12,ADX,OBV,Volume_MA,Rolling_Mean_Return,Stochastic,SMA_50,MACD_Hist,SMA_20,SMA_10",EMA_12
INFY,2022-07-22,2022,1,Sideways,1,0.8125,BUY,1,1,0.9275,BUY,1,10,"EMA_12,ADX,OBV,Volume_MA,Rolling_Mean_Return,Stochastic,SMA_50,MACD_Hist,SMA_20,SMA_10",EMA_12
INFY,2022-07-25,2022,1,Sideways,1,0.9395,BUY,1,1,0.9327,BUY,1,10,"EMA_12,ADX,OBV,Volume_MA,Rolling_Mean_Return,Stochastic,SMA_50,MACD_Hist,SMA_20,SMA_10",EMA_12
INFY,2022-07-26,2022,1,Sideways,1,0.7239,BUY,1,1,0.9375,BUY,1,10,"EMA_12,ADX,OBV,Volume_MA,Rolling_Mean_Return,Stochastic,SMA_50,MACD_Hist,SMA_20,SMA_10",EMA_12
INFY,2022-07-27,2022,1,Sideways,1,0.9187,BUY,1,1,0.9387,BUY,1,10,"EMA_12,ADX,OBV,Volume_MA,Rolling_Mean_Return,Stochastic,SMA_50,MACD_Hist,SMA_20,SMA_10",EMA_12
INFY,2022-07-28,2022,0,Sideways,1,0.8303,BUY,0,1,0.9402,BUY,0,10,"EMA_12,ADX,OBV,Volume_MA,Rolling_Mean_Return,Stochastic,SMA_50,MACD_Hist,SMA_20,SMA_10",EMA_12
INFY,2022-07-29,2022,0,Sideways,1,0.606,BUY,0,1,0.9262,BUY,0,10,"EMA_12,ADX,OBV,Volume_MA,Rolling_Mean_Return,Stochastic,SMA_50,MACD_Hist,SMA_20,SMA_10",EMA_12
INFY,2022-08-01,2022,0,Sideways,1,0.7405,BUY,0,1,0.8918,BUY,0,10,"EMA_12,ADX,OBV,Volume_MA,Rolling_Mean_Return,Stochastic,SMA_50,MACD_Hist,SMA_20,SMA_10",EMA_12
INFY,2022-08-02,2022,0,Sideways,1,0.5615,BUY,0,1,0.8168,BUY,0,10,"EMA_12,ADX,OBV,Volume_MA,Rolling_Mean_Return,Stochastic,SMA_50,MACD_Hist,SMA_20,SMA_10",EMA_12
INFY,2022-08-03,2022,0,Sideways,0,0.573,SELL,1,1,0.6138,BUY,0,10,"EMA_12,ADX,OBV,Volume_MA,Rolling_Mean_Return,Stochastic,SMA_50,MACD_Hist,SMA_20,SMA_10",EMA_12
INFY,2022-08-04,2022,0,Sideways,0,0.7309,SELL,1,0,0.5081,NO TRADE,1,10,"EMA_12,ADX,OBV,Volume_MA,Rolling_Mean_Return,Stochastic,SMA_50,MACD_Hist,SMA_20,SMA_10",EMA_12
INFY,2022-08-05,2022,0,Sideways,0,0.6907,SELL,1,0,0.5351,NO TRADE,1,10,"EMA_12,ADX,OBV,Volume_MA,Rolling_Mean_Return,Stochastic,SMA_50,MACD_Hist,SMA_20,SMA_10",EMA_12
INFY,2022-08-08,2022,0,Sideways,0,0.8657,SELL,1,0,0.603,SELL,1,10,"EMA_12,ADX,OBV,Volume_MA,Rolling_Mean_Return,Stochastic,SMA_50,MACD_Hist,SMA_20,SMA_10",EMA_12
INFY,2022-08-10,2022,0,Sideways,0,0.7466,SELL,1,0,0.6632,SELL,1,10,"EMA_12,ADX,OBV,Volume_MA,Rolling_Mean_Return,Stochastic,SMA_50,MACD_Hist,SMA_20,SMA_10",EMA_12
INFY,2022-08-11,2022,0,Sideways,0,0.8766,SELL,1,0,0.5416,NO TRADE,1,10,"EMA_12,RSI_14,ADX,MACD,MACD_Signal,Volume_MA,Rolling_Mean_Return,SMA_20,Stochastic,SMA_50",EMA_12
INFY,2022-08-12,2022,0,Sideways,0,0.7031,SELL,1,0,0.5297,NO TRADE,1,10,"EMA_12,RSI_14,ADX,MACD,MACD_Signal,Volume_MA,Rolling_Mean_Return,SMA_20,Stochastic,SMA_50",EMA_12
INFY,2022-08-16,2022,0,Sideways,0,0.557,SELL,1,0,0.5421,NO TRADE,1,10,"EMA_12,RSI_14,ADX,MACD,MACD_Signal,Volume_MA,Rolling_Mean_Return,SMA_20,Stochastic,SMA_50",EMA_12
INFY,2022-08-17,2022,0,Sideways,1,0.5342,NO TRADE,0,0,0.555,SELL,1,10,"EMA_12,RSI_14,ADX,MACD,MACD_Signal,Volume_MA,Rolling_Mean_Return,SMA_20,Stochastic,SMA_50",EMA_12
INFY,2022-08-18,2022,0,Sideways,0,0.6299,SELL,1,0,0.5157,NO TRADE,1,10,"EMA_12,RSI_14,ADX,MACD,MACD_Signal,Volume_MA,Rolling_Mean_Return,SMA_20,Stochastic,SMA_50",EMA_12
INFY,2022-08-19,2022,0,Sideways,0,0.5948,SELL,1,0,0.559,SELL,1,10,"EMA_12,RSI_14,ADX,MACD,MACD_Signal,Volume_MA,Rolling_Mean_Return,SMA_20,Stochastic,SMA_50",EMA_12
INFY,2022-08-22,2022,0,Sideways,0,0.5798,SELL,1,0,0.5719,SELL,1,10,"EMA_12,RSI_14,ADX,MACD,MACD_Signal,Volume_MA,Rolling_Mean_Return,SMA_20,Stochastic,SMA_50",EMA_12
INFY,2022-08-23,2022,0,Sideways,0,0.6493,SELL,1,0,0.5024,NO TRADE,1,10,"EMA_12,RSI_14,ADX,MACD,MACD_Signal,Volume_MA,Rolling_Mean_Return,SMA_20,Stochastic,SMA_50",EMA_12
INFY,2022-08-24,2022,0,Sideways,0,0.5778,SELL,1,0,0.5039,NO TRADE,1,10,"EMA_12,RSI_14,ADX,MACD,MACD_Signal,Volume_MA,Rolling_Mean_Return,SMA_20,Stochastic,SMA_50",EMA_12
INFY,2022-08-25,2022,0,Sideways,0,0.599,SELL,1,0,0.5336,NO TRADE,1,10,"EMA_12,RSI_14,ADX,MACD,MACD_Signal,Volume_MA,Rolling_Mean_Return,SMA_20,Stochastic,SMA_50",EMA_12
INFY,2022-08-26,2022,0,Sideways,0,0.6247,SELL,1,0,0.5588,SELL,1,10,"EMA_12,RSI_14,ADX,MACD,MACD_Signal,Volume_MA,Rolling_Mean_Return,SMA_20,Stochastic,SMA_50",EMA_12
INFY,2022-08-29,2022,0,Sideways,0,0.6902,SELL,1,0,0.5073,NO TRADE,1,10,"EMA_12,RSI_14,ADX,MACD,MACD_Signal,Volume_MA,Rolling_Mean_Return,SMA_20,Stochastic,SMA_50",EMA_12
INFY,2022-08-30,2022,0,Sideways,0,0.6046,SELL,1,0,0.5519,SELL,1,10,"EMA_12,RSI_14,ADX,MACD,MACD_Signal,Volume_MA,Rolling_Mean_Return,SMA_20,Stochastic,SMA_50",EMA_12
INFY,2022-09-01,2022,0,Sideways,0,0.7137,SELL,1,0,0.5068,NO TRADE,1,10,"EMA_12,RSI_14,ADX,MACD,MACD_Signal,Volume_MA,Rolling_Mean_Return,SMA_20,Stochastic,SMA_50",EMA_12
INFY,2022-09-02,2022,0,Sideways,0,0.7637,SELL,1,1,0.5714,BUY,0,10,"EMA_12,RSI_14,ADX,MACD,MACD_Signal,Volume_MA,Rolling_Mean_Return,SMA_20,Stochastic,SMA_50",EMA_12
INFY,2022-09-05,2022,0,Sideways,0,0.7454,SELL,1,1,0.57,BUY,0,10,"EMA_12,RSI_14,ADX,MACD,MACD_Signal,Volume_MA,Rolling_Mean_Return,SMA_20,Stochastic,SMA_50",EMA_12
INFY,2022-09-06,2022,0,Sideways,0,0.7605,SELL,1,1,0.5524,BUY,0,10,"EMA_12,RSI_14,ADX,MACD,MACD_Signal,Volume_MA,Rolling_Mean_Return,SMA_20,Stochastic,SMA_50",EMA_12
INFY,2022-09-07,2022,0,Sideways,0,0.7863,SELL,1,1,0.5157,NO TRADE,0,10,"EMA_12,RSI_14,ADX,MACD,MACD_Signal,Volume_MA,Rolling_Mean_Return,SMA_20,Stochastic,SMA_50",EMA_12
INFY,2022-09-08,2022,0,Sideways,0,0.7835,SELL,1,0,0.5614,SELL,1,10,"EMA_12,RSI_14,ADX,MACD,MACD_Signal,Volume_MA,Rolling_Mean_Return,SMA_20,Stochastic,SMA_50",EMA_12
INFY,2022-09-09,2022,0,Sideways,0,0.6165,SELL,1,0,0.5592,SELL,1,10,"EMA_12,RSI_14,ADX,MACD,MACD_Signal,Volume_MA,Rolling_Mean_Return,SMA_20,Stochastic,SMA_50",EMA_12
INFY,2022-09-12,2022,0,Sideways,0,0.6364,SELL,1,0,0.5458,NO TRADE,1,10,"EMA_12,RSI_14,ADX,MACD,MACD_Signal,Volume_MA,Rolling_Mean_Return,SMA_20,Stochastic,SMA_50",EMA_12
INFY,2022-09-13,2022,0,Sideways,0,0.6873,SELL,1,0,0.5357,NO TRADE,1,10,"EMA_12,RSI_14,ADX,MACD,MACD_Signal,Volume_MA,Rolling_Mean_Return,SMA_20,Stochastic,SMA_50",EMA_12
INFY,2022-09-14,2022,0,Sideways,0,0.5658,SELL,1,0,0.5404,NO TRADE,1,10,"EMA_12,RSI_14,ADX,MACD,MACD_Signal,Volume_MA,Rolling_Mean_Return,SMA_20,Stochastic,SMA_50",EMA_12
INFY,2022-09-15,2022,1,Sideways,0,0.6563,SELL,0,0,0.5966,SELL,0,10,"EMA_12,RSI_14,ADX,MACD,MACD_Signal,Volume_MA,Rolling_Mean_Return,SMA_20,Stochastic,SMA_50",EMA_12
INFY,2022-09-16,2022,1,Sideways,0,0.664,SELL,0,0,0.6598,SELL,0,10,"EMA_12,RSI_14,ADX,MACD,MACD_Signal,Volume_MA,Rolling_Mean_Return,SMA_20,Stochastic,SMA_50",EMA_12
INFY,2022-09-19,2022,1,Sideways,0,0.7346,SELL,0,0,0.6431,SELL,0,10,"EMA_12,RSI_14,ADX,MACD,MACD_Signal,Volume_MA,Rolling_Mean_Return,SMA_20,Stochastic,SMA_50",EMA_12
INFY,2022-09-20,2022,1,Sideways,0,0.7112,SELL,0,0,0.6061,SELL,0,10,"EMA_12,RSI_14,ADX,MACD,MACD_Signal,Volume_MA,Rolling_Mean_Return,SMA_20,Stochastic,SMA_50",EMA_12
INFY,2022-09-21,2022,1,Sideways,0,0.7396,SELL,0,1,0.5639,BUY,1,10,"EMA_12,RSI_14,ADX,MACD,MACD_Signal,Volume_MA,Rolling_Mean_Return,SMA_20,Stochastic,SMA_50",EMA_12
INFY,2022-09-22,2022,1,Sideways,0,0.5878,SELL,0,1,0.5878,BUY,1,10,"EMA_12,RSI_14,ADX,MACD,MACD_Signal,Volume_MA,Rolling_Mean_Return,SMA_20,Stochastic,SMA_50",EMA_12
INFY,2022-09-23,2022,1,Sideways,0,0.5704,SELL,0,1,0.6601,BUY,1,10,"EMA_12,RSI_14,ADX,MACD,MACD_Signal,Volume_MA,Rolling_Mean_Return,SMA_20,Stochastic,SMA_50",EMA_12
INFY,2022-09-26,2022,1,Sideways,0,0.5549,SELL,0,1,0.6077,BUY,1,10,"BB_Width,OBV,MACD_Hist,Rolling_Median_Return,Volume_MA,ADX,ROC,SMA_50,EMA_12,CCI",BB_Width
INFY,2022-09-27,2022,1,Sideways,1,0.5422,NO TRADE,1,1,0.7209,BUY,1,10,"BB_Width,OBV,MACD_Hist,Rolling_Median_Return,Volume_MA,ADX,ROC,SMA_50,EMA_12,CCI",BB_Width
INFY,2022-09-28,2022,1,Sideways,1,0.526,NO TRADE,1,1,0.6158,BUY,1,10,"BB_Width,OBV,MACD_Hist,Rolling_Median_Return,Volume_MA,ADX,ROC,SMA_50,EMA_12,CCI",BB_Width
INFY,2022-09-29,2022,1,Sideways,1,0.542,NO TRADE,1,1,0.7123,BUY,1,10,"BB_Width,OBV,MACD_Hist,Rolling_Median_Return,Volume_MA,ADX,ROC,SMA_50,EMA_12,CCI",BB_Width
INFY,2022-09-30,2022,1,Sideways,1,0.7203,BUY,1,1,0.6323,BUY,1,10,"BB_Width,OBV,MACD_Hist,Rolling_Median_Return,Volume_MA,ADX,ROC,SMA_50,EMA_12,CCI",BB_Width
INFY,2022-10-03,2022,1,Sideways,1,0.6787,BUY,1,1,0.6263,BUY,1,10,"BB_Width,OBV,MACD_Hist,Rolling_Median_Return,Volume_MA,ADX,ROC,SMA_50,EMA_12,CCI",BB_Width
INFY,2022-10-04,2022,1,Sideways,1,0.7452,BUY,1,1,0.6308,BUY,1,10,"BB_Width,OBV,MACD_Hist,Rolling_Median_Return,Volume_MA,ADX,ROC,SMA_50,EMA_12,CCI",BB_Width
INFY,2022-10-06,2022,1,Sideways,1,0.6503,BUY,1,1,0.5976,BUY,1,10,"BB_Width,OBV,MACD_Hist,Rolling_Median_Return,Volume_MA,ADX,ROC,SMA_50,EMA_12,CCI",BB_Width
INFY,2022-10-07,2022,1,Sideways,1,0.6533,BUY,1,1,0.6949,BUY,1,10,"BB_Width,OBV,MACD_Hist,Rolling_Median_Return,Volume_MA,ADX,ROC,SMA_50,EMA_12,CCI",BB_Width
INFY,2022-10-10,2022,1,Sideways,1,0.5625,BUY,1,1,0.5957,BUY,1,10,"BB_Width,OBV,MACD_Hist,Rolling_Median_Return,Volume_MA,ADX,ROC,SMA_50,EMA_12,CCI",BB_Width
INFY,2022-10-11,2022,1,Sideways,0,0.5805,SELL,0,1,0.7598,BUY,1,10,"BB_Width,OBV,MACD_Hist,Rolling_Median_Return,Volume_MA,ADX,ROC,SMA_50,EMA_12,CCI",BB_Width
INFY,2022-10-12,2022,1,Sideways,1,0.5352,NO TRADE,1,1,0.8249,BUY,1,10,"BB_Width,OBV,MACD_Hist,Rolling_Median_Return,Volume_MA,ADX,ROC,SMA_50,EMA_12,CCI",BB_Width
INFY,2022-10-13,2022,1,Sideways,1,0.6823,BUY,1,1,0.8333,BUY,1,10,"BB_Width,OBV,MACD_Hist,Rolling_Median_Return,Volume_MA,ADX,ROC,SMA_50,EMA_12,CCI",BB_Width
INFY,2022-10-14,2022,1,Sideways,1,0.634,BUY,1,1,0.8276,BUY,1,10,"BB_Width,OBV,MACD_Hist,Rolling_Median_Return,Volume_MA,ADX,ROC,SMA_50,EMA_12,CCI",BB_Width
INFY,2022-10-17,2022,1,Sideways,1,0.6546,BUY,1,1,0.7307,BUY,1,10,"BB_Width,OBV,MACD_Hist,Rolling_Median_Return,Volume_MA,ADX,ROC,SMA_50,EMA_12,CCI",BB_Width
INFY,2022-10-18,2022,1,Sideways,1,0.5344,NO TRADE,1,1,0.7109,BUY,1,10,"BB_Width,OBV,MACD_Hist,Rolling_Median_Return,Volume_MA,ADX,ROC,SMA_50,EMA_12,CCI",BB_Width
INFY,2022-10-19,2022,1,Sideways,1,0.6805,BUY,1,1,0.755,BUY,1,10,"BB_Width,OBV,MACD_Hist,Rolling_Median_Return,Volume_MA,ADX,ROC,SMA_50,EMA_12,CCI",BB_Width
INFY,2022-10-20,2022,1,Sideways,1,0.7207,BUY,1,1,0.7488,BUY,1,10,"BB_Width,OBV,MACD_Hist,Rolling_Median_Return,Volume_MA,ADX,ROC,SMA_50,EMA_12,CCI",BB_Width
INFY,2022-10-21,2022,1,Sideways,1,0.7956,BUY,1,1,0.7617,BUY,1,10,"BB_Width,OBV,MACD_Hist,Rolling_Median_Return,Volume_MA,ADX,ROC,SMA_50,EMA_12,CCI",BB_Width
INFY,2022-10-24,2022,1,Sideways,1,0.8227,BUY,1,1,0.7515,BUY,1,10,"BB_Width,OBV,MACD_Hist,Rolling_Median_Return,Volume_MA,ADX,ROC,SMA_50,EMA_12,CCI",BB_Width
INFY,2022-10-25,2022,1,Sideways,1,0.8072,BUY,1,1,0.7411,BUY,1,10,"BB_Width,OBV,MACD_Hist,Rolling_Median_Return,Volume_MA,ADX,ROC,SMA_50,EMA_12,CCI",BB_Width
INFY,2022-10-27,2022,1,Sideways,1,0.7576,BUY,1,1,0.6859,BUY,1,10,"BB_Width,OBV,MACD_Hist,Rolling_Median_Return,Volume_MA,ADX,ROC,SMA_50,EMA_12,CCI",BB_Width
INFY,2022-10-28,2022,1,Sideways,1,0.7883,BUY,1,1,0.7063,BUY,1,10,"BB_Width,OBV,MACD_Hist,Rolling_Median_Return,Volume_MA,ADX,ROC,SMA_50,EMA_12,CCI",BB_Width
INFY,2022-10-31,2022,1,Sideways,1,0.7579,BUY,1,1,0.6736,BUY,1,10,"BB_Width,OBV,MACD_Hist,Rolling_Median_Return,Volume_MA,ADX,ROC,SMA_50,EMA_12,CCI",BB_Width
INFY,2022-11-01,2022,1,Sideways,1,0.708,BUY,1,1,0.7173,BUY,1,10,"BB_Width,OBV,MACD_Hist,Rolling_Median_Return,Volume_MA,ADX,ROC,SMA_50,EMA_12,CCI",BB_Width
INFY,2022-11-02,2022,1,Sideways,1,0.8607,BUY,1,1,0.7671,BUY,1,10,"BB_Width,OBV,MACD_Hist,Rolling_Median_Return,Volume_MA,ADX,ROC,SMA_50,EMA_12,CCI",BB_Width
INFY,2022-11-03,2022,1,Sideways,1,0.8468,BUY,1,1,0.799,BUY,1,10,"BB_Width,OBV,MACD_Hist,Rolling_Median_Return,Volume_MA,ADX,ROC,SMA_50,EMA_12,CCI",BB_Width
INFY,2022-11-04,2022,1,Sideways,1,0.8472,BUY,1,1,0.8175,BUY,1,10,"BB_Width,OBV,MACD_Hist,Rolling_Median_Return,Volume_MA,ADX,ROC,SMA_50,EMA_12,CCI",BB_Width
INFY,2022-11-07,2022,1,Sideways,1,0.8451,BUY,1,1,0.8204,BUY,1,10,"BB_Width,OBV,MACD_Hist,Rolling_Median_Return,Volume_MA,ADX,ROC,SMA_50,EMA_12,CCI",BB_Width
INFY,2022-11-09,2022,1,Sideways,1,0.8554,BUY,1,1,0.7339,BUY,1,10,"BB_Width,OBV,MACD_Hist,Rolling_Median_Return,Volume_MA,ADX,ROC,SMA_50,EMA_12,CCI",BB_Width
INFY,2022-11-10,2022,1,Sideways,1,0.8772,BUY,1,1,0.713,BUY,1,10,"EMA_26,BB_Width,ADX,MACD_Hist,EMA_12,SMA_50,BB_Upper,Rolling_Std_10,SMA_10,RSI_14",EMA_26
INFY,2022-11-11,2022,0,Sideways,1,0.7889,BUY,0,1,0.6365,BUY,0,10,"EMA_26,BB_Width,ADX,MACD_Hist,EMA_12,SMA_50,BB_Upper,Rolling_Std_10,SMA_10,RSI_14",EMA_26
INFY,2022-11-14,2022,0,Sideways,1,0.8045,BUY,0,0,0.5868,SELL,1,10,"EMA_26,BB_Width,ADX,MACD_Hist,EMA_12,SMA_50,BB_Upper,Rolling_Std_10,SMA_10,RSI_14",EMA_26
INFY,2022-11-15,2022,0,Sideways,1,0.7968,BUY,0,0,0.612,SELL,1,10,"EMA_26,BB_Width,ADX,MACD_Hist,EMA_12,SMA_50,BB_Upper,Rolling_Std_10,SMA_10,RSI_14",EMA_26
INFY,2022-11-16,2022,0,Sideways,1,0.7847,BUY,0,0,0.6237,SELL,1,10,"EMA_26,BB_Width,ADX,MACD_Hist,EMA_12,SMA_50,BB_Upper,Rolling_Std_10,SMA_10,RSI_14",EMA_26
INFY,2022-11-17,2022,0,Sideways,1,0.7197,BUY,0,0,0.7411,SELL,1,10,"EMA_26,BB_Width,ADX,MACD_Hist,EMA_12,SMA_50,BB_Upper,Rolling_Std_10,SMA_10,RSI_14",EMA_26
INFY,2022-11-18,2022,0,Sideways,1,0.5186,NO TRADE,0,0,0.6854,SELL,1,10,"EMA_26,BB_Width,ADX,MACD_Hist,EMA_12,SMA_50,BB_Upper,Rolling_Std_10,SMA_10,RSI_14",EMA_26
INFY,2022-11-21,2022,0,Sideways,0,0.5376,NO TRADE,1,1,0.5101,NO TRADE,0,10,"EMA_26,BB_Width,ADX,MACD_Hist,EMA_12,SMA_50,BB_Upper,Rolling_Std_10,SMA_10,RSI_14",EMA_26
INFY,2022-11-22,2022,0,Sideways,0,0.6533,SELL,1,0,0.628,SELL,1,10,"EMA_26,BB_Width,ADX,MACD_Hist,EMA_12,SMA_50,BB_Upper,Rolling_Std_10,SMA_10,RSI_14",EMA_26
INFY,2022-11-23,2022,0,Sideways,0,0.6571,SELL,1,0,0.7181,SELL,1,10,"EMA_26,BB_Width,ADX,MACD_Hist,EMA_12,SMA_50,BB_Upper,Rolling_Std_10,SMA_10,RSI_14",EMA_26
INFY,2022-11-24,2022,0,Sideways,0,0.7591,SELL,1,0,0.7711,SELL,1,10,"EMA_26,BB_Width,ADX,MACD_Hist,EMA_12,SMA_50,BB_Upper,Rolling_Std_10,SMA_10,RSI_14",EMA_26
INFY,2022-11-25,2022,0,Sideways,0,0.7022,SELL,1,0,0.8484,SELL,1,10,"EMA_26,BB_Width,ADX,MACD_Hist,EMA_12,SMA_50,BB_Upper,Rolling_Std_10,SMA_10,RSI_14",EMA_26
INFY,2022-11-28,2022,0,Sideways,0,0.6993,SELL,1,0,0.7909,SELL,1,10,"EMA_26,BB_Width,ADX,MACD_Hist,EMA_12,SMA_50,BB_Upper,Rolling_Std_10,SMA_10,RSI_14",EMA_26
INFY,2022-11-29,2022,0,Sideways,0,0.7067,SELL,1,0,0.8616,SELL,1,10,"EMA_26,BB_Width,ADX,MACD_Hist,EMA_12,SMA_50,BB_Upper,Rolling_Std_10,SMA_10,RSI_14",EMA_26
INFY,2022-11-30,2022,0,Sideways,0,0.6574,SELL,1,0,0.8883,SELL,1,10,"EMA_26,BB_Width,ADX,MACD_Hist,EMA_12,SMA_50,BB_Upper,Rolling_Std_10,SMA_10,RSI_14",EMA_26
INFY,2022-12-01,2022,0,Sideways,0,0.7637,SELL,1,0,0.8564,SELL,1,10,"EMA_26,BB_Width,ADX,MACD_Hist,EMA_12,SMA_50,BB_Upper,Rolling_Std_10,SMA_10,RSI_14",EMA_26
INFY,2022-12-02,2022,0,Sideways,0,0.7471,SELL,1,0,0.7983,SELL,1,10,"EMA_26,BB_Width,ADX,MACD_Hist,EMA_12,SMA_50,BB_Upper,Rolling_Std_10,SMA_10,RSI_14",EMA_26
INFY,2022-12-05,2022,0,Sideways,0,0.6615,SELL,1,0,0.8788,SELL,1,10,"EMA_26,BB_Width,ADX,MACD_Hist,EMA_12,SMA_50,BB_Upper,Rolling_Std_10,SMA_10,RSI_14",EMA_26
INFY,2022-12-06,2022,0,Sideways,0,0.7237,SELL,1,0,0.8201,SELL,1,10,"EMA_26,BB_Width,ADX,MACD_Hist,EMA_12,SMA_50,BB_Upper,Rolling_Std_10,SMA_10,RSI_14",EMA_26
INFY,2022-12-07,2022,0,Sideways,0,0.6854,SELL,1,0,0.8429,SELL,1,10,"EMA_26,BB_Width,ADX,MACD_Hist,EMA_12,SMA_50,BB_Upper,Rolling_Std_10,SMA_10,RSI_14",EMA_26
INFY,2022-12-08,2022,0,Sideways,0,0.692,SELL,1,0,0.8541,SELL,1,10,"EMA_26,BB_Width,ADX,MACD_Hist,EMA_12,SMA_50,BB_Upper,Rolling_Std_10,SMA_10,RSI_14",EMA_26
INFY,2022-12-09,2022,0,Sideways,0,0.6682,SELL,1,0,0.7486,SELL,1,10,"EMA_26,BB_Width,ADX,MACD_Hist,EMA_12,SMA_50,BB_Upper,Rolling_Std_10,SMA_10,RSI_14",EMA_26
INFY,2022-12-12,2022,0,Sideways,0,0.62,SELL,1,0,0.7529,SELL,1,10,"EMA_26,BB_Width,ADX,MACD_Hist,EMA_12,SMA_50,BB_Upper,Rolling_Std_10,SMA_10,RSI_14",EMA_26
INFY,2022-12-13,2022,0,Sideways,0,0.6426,SELL,1,0,0.8818,SELL,1,10,"EMA_26,BB_Width,ADX,MACD_Hist,EMA_12,SMA_50,BB_Upper,Rolling_Std_10,SMA_10,RSI_14",EMA_26
INFY,2022-12-14,2022,0,Sideways,0,0.6316,SELL,1,0,0.8874,SELL,1,10,"EMA_26,BB_Width,ADX,MACD_Hist,EMA_12,SMA_50,BB_Upper,Rolling_Std_10,SMA_10,RSI_14",EMA_26
INFY,2022-12-15,2022,0,Sideways,0,0.7378,SELL,1,0,0.86,SELL,1,10,"EMA_26,BB_Width,ADX,MACD_Hist,EMA_12,SMA_50,BB_Upper,Rolling_Std_10,SMA_10,RSI_14",EMA_26
INFY,2022-12-16,2022,0,Sideways,0,0.7437,SELL,1,0,0.7936,SELL,1,10,"EMA_26,BB_Width,ADX,MACD_Hist,EMA_12,SMA_50,BB_Upper,Rolling_Std_10,SMA_10,RSI_14",EMA_26
INFY,2022-12-19,2022,1,Sideways,0,0.7904,SELL,0,0,0.666,SELL,0,10,"EMA_26,BB_Width,ADX,MACD_Hist,EMA_12,SMA_50,BB_Upper,Rolling_Std_10,SMA_10,RSI_14",EMA_26
INFY,2022-12-20,2022,1,Sideways,0,0.6257,SELL,0,1,0.5056,NO TRADE,1,10,"EMA_26,BB_Width,ADX,MACD_Hist,EMA_12,SMA_50,BB_Upper,Rolling_Std_10,SMA_10,RSI_14",EMA_26
INFY,2022-12-21,2022,1,Sideways,0,0.6955,SELL,0,1,0.6548,BUY,1,10,"EMA_26,BB_Width,ADX,MACD_Hist,EMA_12,SMA_50,BB_Upper,Rolling_Std_10,SMA_10,RSI_14",EMA_26
INFY,2022-12-22,2022,1,Sideways,0,0.5757,SELL,0,1,0.5999,BUY,1,10,"EMA_26,SMA_20,SMA_50,MACD_Hist,Volume_MA,ADX,MFI,EMA_12,MACD,SMA_10",EMA_26
INFY,2022-12-23,2022,1,Sideways,1,0.5548,BUY,1,1,0.6047,BUY,1,10,"EMA_26,SMA_20,SMA_50,MACD_Hist,Volume_MA,ADX,MFI,EMA_12,MACD,SMA_10",EMA_26
INFY,2022-12-26,2022,1,Sideways,1,0.5504,BUY,1,1,0.6979,BUY,1,10,"EMA_26,SMA_20,SMA_50,MACD_Hist,Volume_MA,ADX,MFI,EMA_12,MACD,SMA_10",EMA_26
INFY,2022-12-27,2022,1,Sideways,1,0.6738,BUY,1,1,0.7577,BUY,1,10,"EMA_26,SMA_20,SMA_50,MACD_Hist,Volume_MA,ADX,MFI,EMA_12,MACD,SMA_10",EMA_26
INFY,2022-12-28,2022,1,Sideways,1,0.7524,BUY,1,1,0.9606,BUY,1,10,"EMA_26,SMA_20,SMA_50,MACD_Hist,Volume_MA,ADX,MFI,EMA_12,MACD,SMA_10",EMA_26
INFY,2022-12-29,2022,1,Sideways,1,0.8886,BUY,1,1,0.9649,BUY,1,10,"EMA_26,SMA_20,SMA_50,MACD_Hist,Volume_MA,ADX,MFI,EMA_12,MACD,SMA_10",EMA_26
INFY,2022-12-30,2022,1,Sideways,1,0.8977,BUY,1,1,0.9659,BUY,1,10,"EMA_26,SMA_20,SMA_50,MACD_Hist,Volume_MA,ADX,MFI,EMA_12,MACD,SMA_10",EMA_26
INFY,2023-01-02,2023,1,Sideways,1,0.9232,BUY,1,1,0.9973,BUY,1,10,"EMA_26,SMA_20,SMA_50,MACD_Hist,Volume_MA,ADX,MFI,EMA_12,MACD,SMA_10",EMA_26
INFY,2023-01-03,2023,1,Sideways,1,0.843,BUY,1,1,0.9954,BUY,1,10,"EMA_26,SMA_20,SMA_50,MACD_Hist,Volume_MA,ADX,MFI,EMA_12,MACD,SMA_10",EMA_26
INFY,2023-01-04,2023,1,Sideways,1,0.8624,BUY,1,1,0.9986,BUY,1,10,"EMA_26,SMA_20,SMA_50,MACD_Hist,Volume_MA,ADX,MFI,EMA_12,MACD,SMA_10",EMA_26
INFY,2023-01-05,2023,1,Sideways,1,0.9428,BUY,1,1,0.9781,BUY,1,10,"EMA_26,SMA_20,SMA_50,MACD_Hist,Volume_MA,ADX,MFI,EMA_12,MACD,SMA_10",EMA_26
INFY,2023-01-06,2023,1,Sideways,1,0.9389,BUY,1,1,0.8523,BUY,1,10,"EMA_26,SMA_20,SMA_50,MACD_Hist,Volume_MA,ADX,MFI,EMA_12,MACD,SMA_10",EMA_26
INFY,2023-01-09,2023,1,Sideways,1,0.892,BUY,1,1,0.849,BUY,1,10,"EMA_26,SMA_20,SMA_50,MACD_Hist,Volume_MA,ADX,MFI,EMA_12,MACD,SMA_10",EMA_26
INFY,2023-01-10,2023,1,Sideways,1,0.9143,BUY,1,1,0.8668,BUY,1,10,"EMA_26,SMA_20,SMA_50,MACD_Hist,Volume_MA,ADX,MFI,EMA_12,MACD,SMA_10",EMA_26
INFY,2023-01-11,2023,1,Sideways,1,0.9178,BUY,1,1,0.8636,BUY,1,10,"EMA_26,SMA_20,SMA_50,MACD_Hist,Volume_MA,ADX,MFI,EMA_12,MACD,SMA_10",EMA_26
INFY,2023-01-12,2023,1,Sideways,1,0.8155,BUY,1,1,0.9722,BUY,1,10,"EMA_26,SMA_20,SMA_50,MACD_Hist,Volume_MA,ADX,MFI,EMA_12,MACD,SMA_10",EMA_26
INFY,2023-01-13,2023,1,Sideways,1,0.8698,BUY,1,1,0.9692,BUY,1,10,"EMA_26,SMA_20,SMA_50,MACD_Hist,Volume_MA,ADX,MFI,EMA_12,MACD,SMA_10",EMA_26
INFY,2023-01-16,2023,1,Sideways,1,0.8318,BUY,1,1,0.99,BUY,1,10,"EMA_26,SMA_20,SMA_50,MACD_Hist,Volume_MA,ADX,MFI,EMA_12,MACD,SMA_10",EMA_26
INFY,2023-01-17,2023,1,Sideways,1,0.801,BUY,1,1,0.9513,BUY,1,10,"EMA_26,SMA_20,SMA_50,MACD_Hist,Volume_MA,ADX,MFI,EMA_12,MACD,SMA_10",EMA_26
INFY,2023-01-18,2023,1,Sideways,1,0.7788,BUY,1,1,0.9146,BUY,1,10,"EMA_26,SMA_20,SMA_50,MACD_Hist,Volume_MA,ADX,MFI,EMA_12,MACD,SMA_10",EMA_26
INFY,2023-01-19,2023,1,Sideways,1,0.7943,BUY,1,1,0.9204,BUY,1,10,"EMA_26,SMA_20,SMA_50,MACD_Hist,Volume_MA,ADX,MFI,EMA_12,MACD,SMA_10",EMA_26
INFY,2023-01-20,2023,1,Sideways,1,0.8562,BUY,1,1,0.952,BUY,1,10,"EMA_26,SMA_20,SMA_50,MACD_Hist,Volume_MA,ADX,MFI,EMA_12,MACD,SMA_10",EMA_26
INFY,2023-01-23,2023,1,Sideways,1,0.8586,BUY,1,1,0.9549,BUY,1,10,"EMA_26,SMA_20,SMA_50,MACD_Hist,Volume_MA,ADX,MFI,EMA_12,MACD,SMA_10",EMA_26
INFY,2023-01-24,2023,1,Sideways,1,0.7879,BUY,1,1,0.9608,BUY,1,10,"EMA_26,SMA_20,SMA_50,MACD_Hist,Volume_MA,ADX,MFI,EMA_12,MACD,SMA_10",EMA_26
INFY,2023-01-25,2023,1,Sideways,1,0.8762,BUY,1,1,0.9638,BUY,1,10,"EMA_26,SMA_20,SMA_50,MACD_Hist,Volume_MA,ADX,MFI,EMA_12,MACD,SMA_10",EMA_26
INFY,2023-01-27,2023,1,Sideways,1,0.8642,BUY,1,1,0.9857,BUY,1,10,"EMA_26,SMA_20,SMA_50,MACD_Hist,Volume_MA,ADX,MFI,EMA_12,MACD,SMA_10",EMA_26
INFY,2023-01-30,2023,0,Sideways,1,0.8595,BUY,0,1,0.9882,BUY,0,10,"EMA_26,SMA_20,SMA_50,MACD_Hist,Volume_MA,ADX,MFI,EMA_12,MACD,SMA_10",EMA_26
INFY,2023-01-31,2023,0,Sideways,1,0.7988,BUY,0,1,0.9377,BUY,0,10,"EMA_26,SMA_20,SMA_50,MACD_Hist,Volume_MA,ADX,MFI,EMA_12,MACD,SMA_10",EMA_26
INFY,2023-02-01,2023,0,Sideways,1,0.9007,BUY,0,1,0.8996,BUY,0,10,"EMA_26,SMA_20,SMA_50,MACD_Hist,Volume_MA,ADX,MFI,EMA_12,MACD,SMA_10",EMA_26
INFY,2023-02-02,2023,0,Sideways,1,0.9197,BUY,0,1,0.8892,BUY,0,10,"EMA_26,SMA_20,SMA_50,MACD_Hist,Volume_MA,ADX,MFI,EMA_12,MACD,SMA_10",EMA_26
INFY,2023-02-03,2023,0,Sideways,1,0.7738,BUY,0,1,0.8121,BUY,0,10,"EMA_26,MACD_Hist,Rolling_Median_Return,Rolling_Volatility,Volume_MA,SMA_50,MACD,BB_Width,SMA_10,SMA_20",EMA_26
INFY,2023-02-06,2023,0,Sideways,1,0.6222,BUY,0,1,0.6724,BUY,0,10,"EMA_26,MACD_Hist,Rolling_Median_Return,Rolling_Volatility,Volume_MA,SMA_50,MACD,BB_Width,SMA_10,SMA_20",EMA_26
INFY,2023-02-07,2023,0,Sideways,1,0.6425,BUY,0,1,0.5375,NO TRADE,0,10,"EMA_26,MACD_Hist,Rolling_Median_Return,Rolling_Volatility,Volume_MA,SMA_50,MACD,BB_Width,SMA_10,SMA_20",EMA_26
INFY,2023-02-08,2023,0,Sideways,1,0.5773,BUY,0,0,0.6153,SELL,1,10,"EMA_26,MACD_Hist,Rolling_Median_Return,Rolling_Volatility,Volume_MA,SMA_50,MACD,BB_Width,SMA_10,SMA_20",EMA_26
INFY,2023-02-09,2023,0,Sideways,1,0.5302,NO TRADE,0,0,0.5512,SELL,1,10,"EMA_26,MACD_Hist,Rolling_Median_Return,Rolling_Volatility,Volume_MA,SMA_50,MACD,BB_Width,SMA_10,SMA_20",EMA_26
INFY,2023-02-10,2023,0,Sideways,0,0.5106,NO TRADE,1,0,0.6584,SELL,1,10,"EMA_26,MACD_Hist,Rolling_Median_Return,Rolling_Volatility,Volume_MA,SMA_50,MACD,BB_Width,SMA_10,SMA_20",EMA_26
INFY,2023-02-13,2023,0,Sideways,0,0.5391,NO TRADE,1,0,0.6575,SELL,1,10,"EMA_26,MACD_Hist,Rolling_Median_Return,Rolling_Volatility,Volume_MA,SMA_50,MACD,BB_Width,SMA_10,SMA_20",EMA_26
INFY,2023-02-14,2023,0,Sideways,0,0.5458,NO TRADE,1,0,0.813,SELL,1,10,"EMA_26,MACD_Hist,Rolling_Median_Return,Rolling_Volatility,Volume_MA,SMA_50,MACD,BB_Width,SMA_10,SMA_20",EMA_26
INFY,2023-02-15,2023,0,Sideways,0,0.525,NO TRADE,1,0,0.8561,SELL,1,10,"EMA_26,MACD_Hist,Rolling_Median_Return,Rolling_Volatility,Volume_MA,SMA_50,MACD,BB_Width,SMA_10,SMA_20",EMA_26
INFY,2023-02-16,2023,0,Sideways,0,0.5203,NO TRADE,1,0,0.8847,SELL,1,10,"EMA_26,MACD_Hist,Rolling_Median_Return,Rolling_Volatility,Volume_MA,SMA_50,MACD,BB_Width,SMA_10,SMA_20",EMA_26
INFY,2023-02-17,2023,0,Sideways,0,0.5623,SELL,1,0,0.8956,SELL,1,10,"EMA_26,MACD_Hist,Rolling_Median_Return,Rolling_Volatility,Volume_MA,SMA_50,MACD,BB_Width,SMA_10,SMA_20",EMA_26
INFY,2023-02-20,2023,0,Sideways,0,0.5252,NO TRADE,1,0,0.8856,SELL,1,10,"EMA_26,MACD_Hist,Rolling_Median_Return,Rolling_Volatility,Volume_MA,SMA_50,MACD,BB_Width,SMA_10,SMA_20",EMA_26
INFY,2023-02-21,2023,0,Sideways,1,0.56,BUY,0,0,0.8162,SELL,1,10,"EMA_26,MACD_Hist,Rolling_Median_Return,Rolling_Volatility,Volume_MA,SMA_50,MACD,BB_Width,SMA_10,SMA_20",EMA_26
INFY,2023-02-22,2023,0,Sideways,1,0.5279,NO TRADE,0,0,0.8107,SELL,1,10,"EMA_26,MACD_Hist,Rolling_Median_Return,Rolling_Volatility,Volume_MA,SMA_50,MACD,BB_Width,SMA_10,SMA_20",EMA_26
INFY,2023-02-23,2023,0,Sideways,0,0.5594,SELL,1,0,0.8232,SELL,1,10,"EMA_26,MACD_Hist,Rolling_Median_Return,Rolling_Volatility,Volume_MA,SMA_50,MACD,BB_Width,SMA_10,SMA_20",EMA_26
INFY,2023-02-24,2023,0,Sideways,0,0.6324,SELL,1,0,0.8434,SELL,1,10,"EMA_26,MACD_Hist,Rolling_Median_Return,Rolling_Volatility,Volume_MA,SMA_50,MACD,BB_Width,SMA_10,SMA_20",EMA_26
INFY,2023-02-27,2023,0,Sideways,0,0.6558,SELL,1,0,0.7218,SELL,1,10,"EMA_26,MACD_Hist,Rolling_Median_Return,Rolling_Volatility,Volume_MA,SMA_50,MACD,BB_Width,SMA_10,SMA_20",EMA_26
INFY,2023-02-28,2023,0,Sideways,0,0.6022,SELL,1,0,0.635,SELL,1,10,"EMA_26,MACD_Hist,Rolling_Median_Return,Rolling_Volatility,Volume_MA,SMA_50,MACD,BB_Width,SMA_10,SMA_20",EMA_26
INFY,2023-03-01,2023,0,Sideways,0,0.5284,NO TRADE,1,0,0.5268,NO TRADE,1,10,"EMA_26,MACD_Hist,Rolling_Median_Return,Rolling_Volatility,Volume_MA,SMA_50,MACD,BB_Width,SMA_10,SMA_20",EMA_26
INFY,2023-03-02,2023,0,Sideways,0,0.6546,SELL,1,1,0.604,BUY,0,10,"EMA_26,MACD_Hist,Rolling_Median_Return,Rolling_Volatility,Volume_MA,SMA_50,MACD,BB_Width,SMA_10,SMA_20",EMA_26
INFY,2023-03-03,2023,0,Sideways,0,0.5759,SELL,1,1,0.5354,NO TRADE,0,10,"EMA_26,MACD_Hist,Rolling_Median_Return,Rolling_Volatility,Volume_MA,SMA_50,MACD,BB_Width,SMA_10,SMA_20",EMA_26
INFY,2023-03-06,2023,0,Sideways,1,0.5009,NO TRADE,0,1,0.5308,NO TRADE,0,10,"EMA_26,MACD_Hist,Rolling_Median_Return,Rolling_Volatility,Volume_MA,SMA_50,MACD,BB_Width,SMA_10,SMA_20",EMA_26
INFY,2023-03-08,2023,0,Sideways,0,0.6256,SELL,1,1,0.5179,NO TRADE,0,10,"EMA_26,MACD_Hist,Rolling_Median_Return,Rolling_Volatility,Volume_MA,SMA_50,MACD,BB_Width,SMA_10,SMA_20",EMA_26
INFY,2023-03-09,2023,0,Sideways,0,0.6481,SELL,1,0,0.5099,NO TRADE,1,10,"EMA_26,MACD_Hist,Rolling_Median_Return,Rolling_Volatility,Volume_MA,SMA_50,MACD,BB_Width,SMA_10,SMA_20",EMA_26
INFY,2023-03-10,2023,0,Sideways,0,0.5179,NO TRADE,1,0,0.5543,SELL,1,10,"EMA_26,MACD_Hist,Rolling_Median_Return,Rolling_Volatility,Volume_MA,SMA_50,MACD,BB_Width,SMA_10,SMA_20",EMA_26
INFY,2023-03-13,2023,0,Sideways,0,0.5473,NO TRADE,1,0,0.6581,SELL,1,10,"EMA_26,MACD_Hist,Rolling_Median_Return,Rolling_Volatility,Volume_MA,SMA_50,MACD,BB_Width,SMA_10,SMA_20",EMA_26
INFY,2023-03-14,2023,0,Sideways,1,0.6267,BUY,0,0,0.7327,SELL,1,10,"EMA_26,MACD_Hist,Rolling_Median_Return,Rolling_Volatility,Volume_MA,SMA_50,MACD,BB_Width,SMA_10,SMA_20",EMA_26
INFY,2023-03-15,2023,0,Sideways,0,0.5216,NO TRADE,1,0,0.7461,SELL,1,10,"EMA_26,MACD_Hist,Rolling_Median_Return,Rolling_Volatility,Volume_MA,SMA_50,MACD,BB_Width,SMA_10,SMA_20",EMA_26
INFY,2023-03-16,2023,0,Sideways,0,0.5765,SELL,1,0,0.7722,SELL,1,10,"EMA_26,MACD_Hist,Rolling_Median_Return,Rolling_Volatility,Volume_MA,SMA_50,MACD,BB_Width,SMA_10,SMA_20",EMA_26
INFY,2023-03-17,2023,0,Sideways,0,0.5755,SELL,1,0,0.816,SELL,1,10,"EMA_26,MACD_Hist,Rolling_Median_Return,Rolling_Volatility,Volume_MA,SMA_50,MACD,BB_Width,SMA_10,SMA_20",EMA_26
INFY,2023-03-20,2023,0,Sideways,0,0.6984,SELL,1,1,0.6632,BUY,0,10,"EMA_26,EMA_12,SMA_10,SMA_20,SMA_50,Rolling_Volatility,Volume_MA,BB_Upper,Rolling_Std_10,ATR_14",EMA_26
INFY,2023-03-21,2023,0,Sideways,0,0.6801,SELL,1,0,0.755,SELL,1,10,"EMA_26,EMA_12,SMA_10,SMA_20,SMA_50,Rolling_Volatility,Volume_MA,BB_Upper,Rolling_Std_10,ATR_14",EMA_26
INFY,2023-03-22,2023,0,Sideways,0,0.7022,SELL,1,0,0.7823,SELL,1,10,"EMA_26,EMA_12,SMA_10,SMA_20,SMA_50,Rolling_Volatility,Volume_MA,BB_Upper,Rolling_Std_10,ATR_14",EMA_26
INFY,2023-03-23,2023,0,Sideways,0,0.7873,SELL,1,0,0.8412,SELL,1,10,"EMA_26,EMA_12,SMA_10,SMA_20,SMA_50,Rolling_Volatility,Volume_MA,BB_Upper,Rolling_Std_10,ATR_14",EMA_26
INFY,2023-03-24,2023,0,Sideways,0,0.6956,SELL,1,0,0.8579,SELL,1,10,"EMA_26,EMA_12,SMA_10,SMA_20,SMA_50,Rolling_Volatility,Volume_MA,BB_Upper,Rolling_Std_10,ATR_14",EMA_26
INFY,2023-03-27,2023,0,Sideways,0,0.5371,NO TRADE,1,0,0.8834,SELL,1,10,"EMA_26,EMA_12,SMA_10,SMA_20,SMA_50,Rolling_Volatility,Volume_MA,BB_Upper,Rolling_Std_10,ATR_14",EMA_26
INFY,2023-03-28,2023,0,Sideways,0,0.5988,SELL,1,0,0.899,SELL,1,10,"EMA_26,EMA_12,SMA_10,SMA_20,SMA_50,Rolling_Volatility,Volume_MA,BB_Upper,Rolling_Std_10,ATR_14",EMA_26
INFY,2023-03-29,2023,0,Sideways,0,0.5626,SELL,1,0,0.9128,SELL,1,10,"EMA_26,EMA_12,SMA_10,SMA_20,SMA_50,Rolling_Volatility,Volume_MA,BB_Upper,Rolling_Std_10,ATR_14",EMA_26
INFY,2023-03-31,2023,0,Sideways,0,0.6756,SELL,1,0,0.9267,SELL,1,10,"EMA_26,EMA_12,SMA_10,SMA_20,SMA_50,Rolling_Volatility,Volume_MA,BB_Upper,Rolling_Std_10,ATR_14",EMA_26
INFY,2023-04-03,2023,0,Sideways,0,0.6889,SELL,1,0,0.9367,SELL,1,10,"EMA_26,EMA_12,SMA_10,SMA_20,SMA_50,Rolling_Volatility,Volume_MA,BB_Upper,Rolling_Std_10,ATR_14",EMA_26
INFY,2023-04-05,2023,0,Sideways,0,0.654,SELL,1,0,0.941,SELL,1,10,"EMA_26,EMA_12,SMA_10,SMA_20,SMA_50,Rolling_Volatility,Volume_MA,BB_Upper,Rolling_Std_10,ATR_14",EMA_26
INFY,2023-04-06,2023,0,Sideways,0,0.655,SELL,1,0,0.943,SELL,1,10,"EMA_26,EMA_12,SMA_10,SMA_20,SMA_50,Rolling_Volatility,Volume_MA,BB_Upper,Rolling_Std_10,ATR_14",EMA_26
INFY,2023-04-10,2023,0,Sideways,0,0.667,SELL,1,0,0.9481,SELL,1,10,"EMA_26,EMA_12,SMA_10,SMA_20,SMA_50,Rolling_Volatility,Volume_MA,BB_Upper,Rolling_Std_10,ATR_14",EMA_26
INFY,2023-04-11,2023,0,Sideways,0,0.6549,SELL,1,0,0.9494,SELL,1,10,"EMA_26,EMA_12,SMA_10,SMA_20,SMA_50,Rolling_Volatility,Volume_MA,BB_Upper,Rolling_Std_10,ATR_14",EMA_26
INFY,2023-04-12,2023,0,Sideways,0,0.6273,SELL,1,0,0.9554,SELL,1,10,"EMA_26,EMA_12,SMA_10,SMA_20,SMA_50,Rolling_Volatility,Volume_MA,BB_Upper,Rolling_Std_10,ATR_14",EMA_26
INFY,2023-04-13,2023,0,Sideways,0,0.6128,SELL,1,0,0.9602,SELL,1,10,"EMA_26,EMA_12,SMA_10,SMA_20,SMA_50,Rolling_Volatility,Volume_MA,BB_Upper,Rolling_Std_10,ATR_14",EMA_26
INFY,2023-04-17,2023,1,Sideways,0,0.5156,NO TRADE,0,0,0.8394,SELL,0,10,"EMA_26,EMA_12,SMA_10,SMA_20,SMA_50,Rolling_Volatility,Volume_MA,BB_Upper,Rolling_Std_10,ATR_14",EMA_26
INFY,2023-04-18,2023,0,Sideways,0,0.5846,SELL,1,0,0.758,SELL,1,10,"EMA_26,EMA_12,SMA_10,SMA_20,SMA_50,Rolling_Volatility,Volume_MA,BB_Upper,Rolling_Std_10,ATR_14",EMA_26
INFY,2023-04-19,2023,1,Sideways,0,0.5072,NO TRADE,0,0,0.8179,SELL,0,10,"EMA_26,EMA_12,SMA_10,SMA_20,SMA_50,Rolling_Volatility,Volume_MA,BB_Upper,Rolling_Std_10,ATR_14",EMA_26
INFY,2023-04-20,2023,1,Sideways,1,0.5192,NO TRADE,1,0,0.7802,SELL,0,10,"EMA_26,EMA_12,SMA_10,SMA_20,SMA_50,Rolling_Volatility,Volume_MA,BB_Upper,Rolling_Std_10,ATR_14",EMA_26
INFY,2023-04-21,2023,1,Sideways,1,0.6719,BUY,1,0,0.7095,SELL,0,10,"EMA_26,EMA_12,SMA_10,SMA_20,SMA_50,Rolling_Volatility,Volume_MA,BB_Upper,Rolling_Std_10,ATR_14",EMA_26
INFY,2023-04-24,2023,1,Sideways,1,0.6551,BUY,1,1,0.5424,NO TRADE,1,10,"EMA_26,EMA_12,SMA_10,SMA_20,SMA_50,Rolling_Volatility,Volume_MA,BB_Upper,Rolling_Std_10,ATR_14",EMA_26
INFY,2023-04-25,2023,1,Sideways,1,0.6714,BUY,1,1,0.6075,BUY,1,10,"EMA_26,EMA_12,SMA_10,SMA_20,SMA_50,Rolling_Volatility,Volume_MA,BB_Upper,Rolling_Std_10,ATR_14",EMA_26
INFY,2023-04-26,2023,1,Sideways,1,0.6823,BUY,1,1,0.715,BUY,1,10,"EMA_26,EMA_12,SMA_10,SMA_20,SMA_50,Rolling_Volatility,Volume_MA,BB_Upper,Rolling_Std_10,ATR_14",EMA_26
INFY,2023-04-27,2023,1,Sideways,1,0.6921,BUY,1,1,0.7925,BUY,1,10,"EMA_26,EMA_12,SMA_10,SMA_20,SMA_50,Rolling_Volatility,Volume_MA,BB_Upper,Rolling_Std_10,ATR_14",EMA_26
INFY,2023-04-28,2023,1,Sideways,1,0.6935,BUY,1,1,0.8487,BUY,1,10,"EMA_26,EMA_12,SMA_10,SMA_20,SMA_50,Rolling_Volatility,Volume_MA,BB_Upper,Rolling_Std_10,ATR_14",EMA_26
INFY,2023-05-02,2023,1,Sideways,1,0.6638,BUY,1,1,0.8771,BUY,1,10,"EMA_26,EMA_12,SMA_10,SMA_20,SMA_50,Rolling_Volatility,Volume_MA,BB_Upper,Rolling_Std_10,ATR_14",EMA_26
INFY,2023-05-03,2023,1,Sideways,1,0.6621,BUY,1,1,0.8877,BUY,1,10,"EMA_26,EMA_12,SMA_10,SMA_20,SMA_50,Rolling_Volatility,Volume_MA,BB_Upper,Rolling_Std_10,ATR_14",EMA_26
INFY,2023-05-04,2023,1,Sideways,1,0.6272,BUY,1,1,0.8952,BUY,1,10,"EMA_26,EMA_12,SMA_10,SMA_20,SMA_50,Rolling_Volatility,Volume_MA,BB_Upper,Rolling_Std_10,ATR_14",EMA_26
INFY,2023-05-05,2023,1,Sideways,1,0.6575,BUY,1,1,0.9008,BUY,1,10,"EMA_26,EMA_12,SMA_10,SMA_20,SMA_50,Rolling_Volatility,Volume_MA,BB_Upper,Rolling_Std_10,ATR_14",EMA_26
INFY,2023-05-08,2023,1,Sideways,1,0.7001,BUY,1,1,0.6493,BUY,1,10,"EMA_26,Rolling_Volatility,SMA_10,Volume_MA,SMA_50,SMA_20,MACD,MACD_Hist,ADX,Stochastic",EMA_26
INFY,2023-05-09,2023,1,Sideways,1,0.7126,BUY,1,1,0.8735,BUY,1,10,"EMA_26,Rolling_Volatility,SMA_10,Volume_MA,SMA_50,SMA_20,MACD,MACD_Hist,ADX,Stochastic",EMA_26
INFY,2023-05-10,2023,1,Sideways,1,0.7223,BUY,1,1,0.998,BUY,1,10,"EMA_26,Rolling_Volatility,SMA_10,Volume_MA,SMA_50,SMA_20,MACD,MACD_Hist,ADX,Stochastic",EMA_26
INFY,2023-05-11,2023,1,Sideways,1,0.734,BUY,1,1,0.9985,BUY,1,10,"EMA_26,Rolling_Volatility,SMA_10,Volume_MA,SMA_50,SMA_20,MACD,MACD_Hist,ADX,Stochastic",EMA_26
INFY,2023-05-12,2023,1,Sideways,1,0.5583,BUY,1,1,0.9989,BUY,1,10,"EMA_26,Rolling_Volatility,SMA_10,Volume_MA,SMA_50,SMA_20,MACD,MACD_Hist,ADX,Stochastic",EMA_26
INFY,2023-05-15,2023,1,Sideways,1,0.639,BUY,1,1,0.999,BUY,1,10,"EMA_26,Rolling_Volatility,SMA_10,Volume_MA,SMA_50,SMA_20,MACD,MACD_Hist,ADX,Stochastic",EMA_26
INFY,2023-05-16,2023,1,Sideways,1,0.6296,BUY,1,1,0.888,BUY,1,10,"EMA_26,Rolling_Volatility,SMA_10,Volume_MA,SMA_50,SMA_20,MACD,MACD_Hist,ADX,Stochastic",EMA_26
INFY,2023-05-17,2023,1,Sideways,1,0.8511,BUY,1,1,0.8879,BUY,1,10,"EMA_26,Rolling_Volatility,SMA_10,Volume_MA,SMA_50,SMA_20,MACD,MACD_Hist,ADX,Stochastic",EMA_26
INFY,2023-05-18,2023,1,Sideways,1,0.86,BUY,1,1,0.9005,BUY,1,10,"EMA_26,Rolling_Volatility,SMA_10,Volume_MA,SMA_50,SMA_20,MACD,MACD_Hist,ADX,Stochastic",EMA_26
INFY,2023-05-19,2023,1,Sideways,1,0.9481,BUY,1,1,0.9774,BUY,1,10,"EMA_26,Rolling_Volatility,SMA_10,Volume_MA,SMA_50,SMA_20,MACD,MACD_Hist,ADX,Stochastic",EMA_26
INFY,2023-05-22,2023,1,Sideways,1,0.9481,BUY,1,1,0.9736,BUY,1,10,"EMA_26,Rolling_Volatility,SMA_10,Volume_MA,SMA_50,SMA_20,MACD,MACD_Hist,ADX,Stochastic",EMA_26
INFY,2023-05-23,2023,1,Sideways,1,0.8348,BUY,1,1,0.9366,BUY,1,10,"EMA_26,Rolling_Volatility,SMA_10,Volume_MA,SMA_50,SMA_20,MACD,MACD_Hist,ADX,Stochastic",EMA_26
INFY,2023-05-24,2023,1,Sideways,1,0.9471,BUY,1,1,0.9064,BUY,1,10,"EMA_26,Rolling_Volatility,SMA_10,Volume_MA,SMA_50,SMA_20,MACD,MACD_Hist,ADX,Stochastic",EMA_26
INFY,2023-05-25,2023,0,Sideways,1,0.8345,BUY,0,1,0.9067,BUY,0,10,"EMA_26,Rolling_Volatility,SMA_10,Volume_MA,SMA_50,SMA_20,MACD,MACD_Hist,ADX,Stochastic",EMA_26
INFY,2023-05-26,2023,0,Sideways,1,0.8326,BUY,0,1,0.7394,BUY,0,10,"EMA_26,Rolling_Volatility,SMA_10,Volume_MA,SMA_50,SMA_20,MACD,MACD_Hist,ADX,Stochastic",EMA_26
INFY,2023-05-29,2023,0,Sideways,1,0.715,BUY,0,1,0.6404,BUY,0,10,"EMA_26,Rolling_Volatility,SMA_10,Volume_MA,SMA_50,SMA_20,MACD,MACD_Hist,ADX,Stochastic",EMA_26
INFY,2023-05-30,2023,0,Sideways,1,0.6037,BUY,0,1,0.5807,BUY,0,10,"EMA_26,Rolling_Volatility,SMA_10,Volume_MA,SMA_50,SMA_20,MACD,MACD_Hist,ADX,Stochastic",EMA_26
INFY,2023-05-31,2023,0,Sideways,1,0.632,BUY,0,1,0.5454,NO TRADE,0,10,"EMA_26,Rolling_Volatility,SMA_10,Volume_MA,SMA_50,SMA_20,MACD,MACD_Hist,ADX,Stochastic",EMA_26
INFY,2023-06-01,2023,1,Sideways,1,0.5805,BUY,1,0,0.5094,NO TRADE,0,10,"EMA_26,Rolling_Volatility,SMA_10,Volume_MA,SMA_50,SMA_20,MACD,MACD_Hist,ADX,Stochastic",EMA_26
INFY,2023-06-02,2023,1,Sideways,1,0.6993,BUY,1,1,0.5719,BUY,1,10,"EMA_26,Rolling_Volatility,SMA_10,Volume_MA,SMA_50,SMA_20,MACD,MACD_Hist,ADX,Stochastic",EMA_26
INFY,2023-06-05,2023,1,Sideways,1,0.7098,BUY,1,1,0.6595,BUY,1,10,"EMA_26,Rolling_Volatility,SMA_10,Volume_MA,SMA_50,SMA_20,MACD,MACD_Hist,ADX,Stochastic",EMA_26
INFY,2023-06-06,2023,1,Sideways,1,0.8002,BUY,1,1,0.8582,BUY,1,10,"EMA_26,Rolling_Volatility,SMA_10,Volume_MA,SMA_50,SMA_20,MACD,MACD_Hist,ADX,Stochastic",EMA_26
INFY,2023-06-07,2023,1,Sideways,1,0.9173,BUY,1,1,0.8652,BUY,1,10,"EMA_26,Rolling_Volatility,SMA_10,Volume_MA,SMA_50,SMA_20,MACD,MACD_Hist,ADX,Stochastic",EMA_26
INFY,2023-06-08,2023,1,Sideways,1,0.9328,BUY,1,1,0.8733,BUY,1,10,"EMA_26,Rolling_Volatility,SMA_10,Volume_MA,SMA_50,SMA_20,MACD,MACD_Hist,ADX,Stochastic",EMA_26
INFY,2023-06-09,2023,1,Sideways,1,0.8053,BUY,1,1,0.8791,BUY,1,10,"EMA_26,Rolling_Volatility,SMA_10,Volume_MA,SMA_50,SMA_20,MACD,MACD_Hist,ADX,Stochastic",EMA_26
INFY,2023-06-12,2023,1,Sideways,1,0.9341,BUY,1,1,0.7875,BUY,1,10,"EMA_26,Rolling_Volatility,SMA_10,Volume_MA,SMA_50,SMA_20,MACD,MACD_Hist,ADX,Stochastic",EMA_26
INFY,2023-06-13,2023,1,Sideways,1,0.8426,BUY,1,1,0.8015,BUY,1,10,"EMA_26,Rolling_Volatility,SMA_10,Volume_MA,SMA_50,SMA_20,MACD,MACD_Hist,ADX,Stochastic",EMA_26
INFY,2023-06-14,2023,1,Sideways,1,0.9501,BUY,1,1,0.7915,BUY,1,10,"EMA_26,Rolling_Volatility,SMA_10,Volume_MA,SMA_50,SMA_20,MACD,MACD_Hist,ADX,Stochastic",EMA_26
INFY,2023-06-15,2023,1,Sideways,1,0.9498,BUY,1,1,0.7875,BUY,1,10,"EMA_26,Rolling_Volatility,SMA_10,Volume_MA,SMA_50,SMA_20,MACD,MACD_Hist,ADX,Stochastic",EMA_26
INFY,2023-06-16,2023,1,Sideways,1,0.8511,BUY,1,1,0.8968,BUY,1,10,"EMA_26,Rolling_Volatility,SMA_10,Volume_MA,SMA_50,SMA_20,MACD,MACD_Hist,ADX,Stochastic",EMA_26
INFY,2023-06-19,2023,1,Sideways,1,0.7749,BUY,1,1,0.7043,BUY,1,10,"SMA_20,Volume_MA,SMA_10,OBV,SMA_50,Rolling_Volatility,MFI,MACD_Signal,EMA_26,CCI",SMA_20
INFY,2023-06-20,2023,1,Sideways,1,0.8647,BUY,1,1,0.7926,BUY,1,10,"SMA_20,Volume_MA,SMA_10,OBV,SMA_50,Rolling_Volatility,MFI,MACD_Signal,EMA_26,CCI",SMA_20
INFY,2023-06-21,2023,1,Sideways,1,0.8661,BUY,1,1,0.8247,BUY,1,10,"SMA_20,Volume_MA,SMA_10,OBV,SMA_50,Rolling_Volatility,MFI,MACD_Signal,EMA_26,CCI",SMA_20
INFY,2023-06-22,2023,1,Sideways,1,0.8664,BUY,1,1,0.8575,BUY,1,10,"SMA_20,Volume_MA,SMA_10,OBV,SMA_50,Rolling_Volatility,MFI,MACD_Signal,EMA_26,CCI",SMA_20
INFY,2023-06-23,2023,1,Sideways,1,0.8659,BUY,1,1,0.8801,BUY,1,10,"SMA_20,Volume_MA,SMA_10,OBV,SMA_50,Rolling_Volatility,MFI,MACD_Signal,EMA_26,CCI",SMA_20
INFY,2023-06-26,2023,1,Sideways,1,0.8707,BUY,1,1,0.8919,BUY,1,10,"SMA_20,Volume_MA,SMA_10,OBV,SMA_50,Rolling_Volatility,MFI,MACD_Signal,EMA_26,CCI",SMA_20
INFY,2023-06-27,2023,1,Sideways,1,0.8713,BUY,1,1,0.8973,BUY,1,10,"SMA_20,Volume_MA,SMA_10,OBV,SMA_50,Rolling_Volatility,MFI,MACD_Signal,EMA_26,CCI",SMA_20
INFY,2023-06-28,2023,1,Sideways,1,0.8717,BUY,1,1,0.8826,BUY,1,10,"SMA_20,Volume_MA,SMA_10,OBV,SMA_50,Rolling_Volatility,MFI,MACD_Signal,EMA_26,CCI",SMA_20
INFY,2023-06-30,2023,1,Sideways,1,0.807,BUY,1,1,0.8933,BUY,1,10,"SMA_20,Volume_MA,SMA_10,OBV,SMA_50,Rolling_Volatility,MFI,MACD_Signal,EMA_26,CCI",SMA_20
INFY,2023-07-03,2023,1,Sideways,1,0.7338,BUY,1,1,0.8926,BUY,1,10,"SMA_20,Volume_MA,SMA_10,OBV,SMA_50,Rolling_Volatility,MFI,MACD_Signal,EMA_26,CCI",SMA_20
INFY,2023-07-04,2023,1,Sideways,1,0.6392,BUY,1,1,0.8919,BUY,1,10,"SMA_20,Volume_MA,SMA_10,OBV,SMA_50,Rolling_Volatility,MFI,MACD_Signal,EMA_26,CCI",SMA_20
INFY,2023-07-05,2023,1,Sideways,1,0.6736,BUY,1,1,0.8327,BUY,1,10,"SMA_20,Volume_MA,SMA_10,OBV,SMA_50,Rolling_Volatility,MFI,MACD_Signal,EMA_26,CCI",SMA_20
INFY,2023-07-06,2023,1,Sideways,1,0.722,BUY,1,1,0.8727,BUY,1,10,"SMA_20,Volume_MA,SMA_10,OBV,SMA_50,Rolling_Volatility,MFI,MACD_Signal,EMA_26,CCI",SMA_20
INFY,2023-07-07,2023,1,Sideways,1,0.7543,BUY,1,1,0.8769,BUY,1,10,"SMA_20,Volume_MA,SMA_10,OBV,SMA_50,Rolling_Volatility,MFI,MACD_Signal,EMA_26,CCI",SMA_20
INFY,2023-07-10,2023,1,Sideways,1,0.8207,BUY,1,1,0.8803,BUY,1,10,"SMA_20,Volume_MA,SMA_10,OBV,SMA_50,Rolling_Volatility,MFI,MACD_Signal,EMA_26,CCI",SMA_20
INFY,2023-07-11,2023,1,Sideways,1,0.8222,BUY,1,1,0.8748,BUY,1,10,"SMA_20,Volume_MA,SMA_10,OBV,SMA_50,Rolling_Volatility,MFI,MACD_Signal,EMA_26,CCI",SMA_20
INFY,2023-07-12,2023,1,Sideways,1,0.7675,BUY,1,1,0.8843,BUY,1,10,"SMA_20,Volume_MA,SMA_10,OBV,SMA_50,Rolling_Volatility,MFI,MACD_Signal,EMA_26,CCI",SMA_20
INFY,2023-07-13,2023,1,Sideways,1,0.7934,BUY,1,1,0.898,BUY,1,10,"SMA_20,Volume_MA,SMA_10,OBV,SMA_50,Rolling_Volatility,MFI,MACD_Signal,EMA_26,CCI",SMA_20
INFY,2023-07-14,2023,0,Sideways,1,0.7912,BUY,0,1,0.8922,BUY,0,10,"SMA_20,Volume_MA,SMA_10,OBV,SMA_50,Rolling_Volatility,MFI,MACD_Signal,EMA_26,CCI",SMA_20
INFY,2023-07-17,2023,0,Sideways,1,0.5327,NO TRADE,0,1,0.7751,BUY,0,10,"SMA_20,Volume_MA,SMA_10,OBV,SMA_50,Rolling_Volatility,MFI,MACD_Signal,EMA_26,CCI",SMA_20
INFY,2023-07-18,2023,0,Sideways,1,0.6399,BUY,0,1,0.7932,BUY,0,10,"SMA_20,Volume_MA,SMA_10,OBV,SMA_50,Rolling_Volatility,MFI,MACD_Signal,EMA_26,CCI",SMA_20
INFY,2023-07-19,2023,0,Sideways,1,0.5723,BUY,0,1,0.5258,NO TRADE,0,10,"SMA_20,Volume_MA,SMA_10,OBV,SMA_50,Rolling_Volatility,MFI,MACD_Signal,EMA_26,CCI",SMA_20
INFY,2023-07-20,2023,0,Sideways,0,0.6866,SELL,1,1,0.561,BUY,0,10,"SMA_20,Volume_MA,SMA_10,OBV,SMA_50,Rolling_Volatility,MFI,MACD_Signal,EMA_26,CCI",SMA_20
INFY,2023-07-21,2023,1,Sideways,1,0.5249,NO TRADE,1,1,0.7026,BUY,1,10,"SMA_20,Volume_MA,SMA_10,OBV,SMA_50,Rolling_Volatility,MFI,MACD_Signal,EMA_26,CCI",SMA_20
INFY,2023-07-24,2023,1,Sideways,1,0.6998,BUY,1,1,0.8222,BUY,1,10,"SMA_20,Volume_MA,SMA_10,OBV,SMA_50,Rolling_Volatility,MFI,MACD_Signal,EMA_26,CCI",SMA_20
INFY,2023-07-25,2023,1,Sideways,1,0.7066,BUY,1,1,0.8316,BUY,1,10,"SMA_20,Volume_MA,SMA_10,OBV,SMA_50,Rolling_Volatility,MFI,MACD_Signal,EMA_26,CCI",SMA_20
INFY,2023-07-26,2023,1,Sideways,1,0.7422,BUY,1,1,0.8377,BUY,1,10,"SMA_20,Volume_MA,SMA_10,OBV,SMA_50,Rolling_Volatility,MFI,MACD_Signal,EMA_26,CCI",SMA_20
INFY,2023-07-27,2023,1,Sideways,1,0.7788,BUY,1,1,0.8394,BUY,1,10,"SMA_20,Volume_MA,SMA_10,OBV,SMA_50,Rolling_Volatility,MFI,MACD_Signal,EMA_26,CCI",SMA_20
INFY,2023-07-28,2023,1,Sideways,1,0.8036,BUY,1,1,0.8509,BUY,1,10,"SMA_20,Volume_MA,SMA_10,OBV,SMA_50,Rolling_Volatility,MFI,MACD_Signal,EMA_26,CCI",SMA_20
INFY,2023-07-31,2023,1,Sideways,1,0.8598,BUY,1,1,0.8624,BUY,1,10,"SMA_20,Volume_MA,SMA_10,OBV,SMA_50,Rolling_Volatility,MFI,MACD_Signal,EMA_26,CCI",SMA_20
INFY,2023-08-01,2023,1,Sideways,1,0.8633,BUY,1,1,0.9382,BUY,1,10,"Volume_MA,SMA_10,SMA_50,SMA_20,OBV,Return_5d,Rolling_Median_Return,ATR_14,MACD_Signal,BB_Upper",Volume_MA
INFY,2023-08-02,2023,1,Sideways,1,0.8684,BUY,1,1,0.9442,BUY,1,10,"Volume_MA,SMA_10,SMA_50,SMA_20,OBV,Return_5d,Rolling_Median_Return,ATR_14,MACD_Signal,BB_Upper",Volume_MA
INFY,2023-08-03,2023,1,Sideways,1,0.807,BUY,1,1,0.9472,BUY,1,10,"Volume_MA,SMA_10,SMA_50,SMA_20,OBV,Return_5d,Rolling_Median_Return,ATR_14,MACD_Signal,BB_Upper",Volume_MA
INFY,2023-08-04,2023,1,Sideways,1,0.8831,BUY,1,1,0.947,BUY,1,10,"Volume_MA,SMA_10,SMA_50,SMA_20,OBV,Return_5d,Rolling_Median_Return,ATR_14,MACD_Signal,BB_Upper",Volume_MA
INFY,2023-08-07,2023,1,Sideways,1,0.839,BUY,1,1,0.9459,BUY,1,10,"Volume_MA,SMA_10,SMA_50,SMA_20,OBV,Return_5d,Rolling_Median_Return,ATR_14,MACD_Signal,BB_Upper",Volume_MA
INFY,2023-08-08,2023,1,Sideways,1,0.8401,BUY,1,1,0.9457,BUY,1,10,"Volume_MA,SMA_10,SMA_50,SMA_20,OBV,Return_5d,Rolling_Median_Return,ATR_14,MACD_Signal,BB_Upper",Volume_MA
INFY,2023-08-09,2023,1,Sideways,1,0.935,BUY,1,1,0.9443,BUY,1,10,"Volume_MA,SMA_10,SMA_50,SMA_20,OBV,Return_5d,Rolling_Median_Return,ATR_14,MACD_Signal,BB_Upper",Volume_MA
INFY,2023-08-10,2023,1,Sideways,1,0.9365,BUY,1,1,0.9447,BUY,1,10,"Volume_MA,SMA_10,SMA_50,SMA_20,OBV,Return_5d,Rolling_Median_Return,ATR_14,MACD_Signal,BB_Upper",Volume_MA
INFY,2023-08-11,2023,1,Sideways,1,0.9371,BUY,1,1,0.9453,BUY,1,10,"Volume_MA,SMA_10,SMA_50,SMA_20,OBV,Return_5d,Rolling_Median_Return,ATR_14,MACD_Signal,BB_Upper",Volume_MA
INFY,2023-08-14,2023,1,Sideways,1,0.9376,BUY,1,1,0.9435,BUY,1,10,"Volume_MA,SMA_10,SMA_50,SMA_20,OBV,Return_5d,Rolling_Median_Return,ATR_14,MACD_Signal,BB_Upper",Volume_MA
INFY,2023-08-16,2023,1,Sideways,1,0.9195,BUY,1,1,0.9382,BUY,1,10,"Volume_MA,SMA_10,SMA_50,SMA_20,OBV,Return_5d,Rolling_Median_Return,ATR_14,MACD_Signal,BB_Upper",Volume_MA
INFY,2023-08-17,2023,1,Sideways,1,0.8205,BUY,1,1,0.9323,BUY,1,10,"Volume_MA,SMA_10,SMA_50,SMA_20,OBV,Return_5d,Rolling_Median_Return,ATR_14,MACD_Signal,BB_Upper",Volume_MA
INFY,2023-08-18,2023,1,Sideways,1,0.9291,BUY,1,1,0.9309,BUY,1,10,"Volume_MA,SMA_10,SMA_50,SMA_20,OBV,Return_5d,Rolling_Median_Return,ATR_14,MACD_Signal,BB_Upper",Volume_MA
INFY,2023-08-21,2023,1,Sideways,1,0.7911,BUY,1,1,0.8499,BUY,1,10,"Volume_MA,SMA_10,SMA_50,SMA_20,OBV,Return_5d,Rolling_Median_Return,ATR_14,MACD_Signal,BB_Upper",Volume_MA
INFY,2023-08-22,2023,1,Sideways,1,0.8339,BUY,1,1,0.8444,BUY,1,10,"Volume_MA,SMA_10,SMA_50,SMA_20,OBV,Return_5d,Rolling_Median_Return,ATR_14,MACD_Signal,BB_Upper",Volume_MA
INFY,2023-08-23,2023,1,Sideways,1,0.7589,BUY,1,1,0.8407,BUY,1,10,"Volume_MA,SMA_10,SMA_50,SMA_20,OBV,Return_5d,Rolling_Median_Return,ATR_14,MACD_Signal,BB_Upper",Volume_MA
INFY,2023-08-24,2023,1,Sideways,1,0.7631,BUY,1,1,0.839,BUY,1,10,"Volume_MA,SMA_10,SMA_50,SMA_20,OBV,Return_5d,Rolling_Median_Return,ATR_14,MACD_Signal,BB_Upper",Volume_MA
INFY,2023-08-25,2023,1,Sideways,1,0.7642,BUY,1,1,0.8375,BUY,1,10,"Volume_MA,SMA_10,SMA_50,SMA_20,OBV,Return_5d,Rolling_Median_Return,ATR_14,MACD_Signal,BB_Upper",Volume_MA
INFY,2023-08-28,2023,1,Sideways,1,0.7633,BUY,1,1,0.839,BUY,1,10,"Volume_MA,SMA_10,SMA_50,SMA_20,OBV,Return_5d,Rolling_Median_Return,ATR_14,MACD_Signal,BB_Upper",Volume_MA
INFY,2023-08-29,2023,1,Sideways,1,0.9672,BUY,1,1,0.8424,BUY,1,10,"Volume_MA,SMA_10,SMA_50,SMA_20,OBV,Return_5d,Rolling_Median_Return,ATR_14,MACD_Signal,BB_Upper",Volume_MA
INFY,2023-08-30,2023,1,Sideways,1,0.9674,BUY,1,1,0.8468,BUY,1,10,"Volume_MA,SMA_10,SMA_50,SMA_20,OBV,Return_5d,Rolling_Median_Return,ATR_14,MACD_Signal,BB_Upper",Volume_MA
INFY,2023-08-31,2023,0,Sideways,1,0.7705,BUY,0,1,0.8377,BUY,0,10,"Volume_MA,SMA_10,SMA_50,SMA_20,OBV,Return_5d,Rolling_Median_Return,ATR_14,MACD_Signal,BB_Upper",Volume_MA
INFY,2023-09-01,2023,0,Sideways,1,0.6026,BUY,0,1,0.7091,BUY,0,10,"Volume_MA,SMA_10,SMA_50,SMA_20,OBV,Return_5d,Rolling_Median_Return,ATR_14,MACD_Signal,BB_Upper",Volume_MA
INFY,2023-09-04,2023,0,Sideways,1,0.7085,BUY,0,1,0.6783,BUY,0,10,"Volume_MA,SMA_10,SMA_50,SMA_20,OBV,Return_5d,Rolling_Median_Return,ATR_14,MACD_Signal,BB_Upper",Volume_MA
INFY,2023-09-05,2023,0,Sideways,0,0.5694,SELL,1,1,0.6529,BUY,0,10,"Volume_MA,SMA_10,SMA_50,SMA_20,OBV,Return_5d,Rolling_Median_Return,ATR_14,MACD_Signal,BB_Upper",Volume_MA
INFY,2023-09-06,2023,1,Sideways,1,0.5873,BUY,1,1,0.5046,NO TRADE,1,10,"Volume_MA,SMA_10,SMA_50,SMA_20,OBV,Return_5d,Rolling_Median_Return,ATR_14,MACD_Signal,BB_Upper",Volume_MA
INFY,2023-09-07,2023,1,Sideways,1,0.6573,BUY,1,1,0.6648,BUY,1,10,"Volume_MA,SMA_10,SMA_50,SMA_20,OBV,Return_5d,Rolling_Median_Return,ATR_14,MACD_Signal,BB_Upper",Volume_MA
INFY,2023-09-08,2023,1,Sideways,1,0.7217,BUY,1,1,0.6463,BUY,1,10,"Volume_MA,SMA_10,SMA_50,SMA_20,OBV,Return_5d,Rolling_Median_Return,ATR_14,MACD_Signal,BB_Upper",Volume_MA
INFY,2023-09-11,2023,1,Sideways,1,0.7383,BUY,1,1,0.668,BUY,1,10,"Volume_MA,SMA_10,SMA_50,SMA_20,OBV,Return_5d,Rolling_Median_Return,ATR_14,MACD_Signal,BB_Upper",Volume_MA
INFY,2023-09-12,2023,0,Sideways,1,0.6256,BUY,0,1,0.6877,BUY,0,10,"Volume_MA,SMA_10,SMA_50,SMA_20,OBV,Return_5d,Rolling_Median_Return,ATR_14,MACD_Signal,BB_Upper",Volume_MA
INFY,2023-09-13,2023,0,Sideways,1,0.7255,BUY,0,1,0.5874,BUY,0,10,"Rolling_Mean_Return,Rolling_Median_Return,SMA_10,BB_Upper,SMA_50,Return_5d,Volume_MA,MFI,RSI_14,OBV",Rolling_Mean_Return
INFY,2023-09-14,2023,0,Sideways,0,0.6131,SELL,1,1,0.5173,NO TRADE,0,10,"Rolling_Mean_Return,Rolling_Median_Return,SMA_10,BB_Upper,SMA_50,Return_5d,Volume_MA,MFI,RSI_14,OBV",Rolling_Mean_Return
INFY,2023-09-15,2023,0,Sideways,0,0.6927,SELL,1,1,0.5356,NO TRADE,0,10,"Rolling_Mean_Return,Rolling_Median_Return,SMA_10,BB_Upper,SMA_50,Return_5d,Volume_MA,MFI,RSI_14,OBV",Rolling_Mean_Return
INFY,2023-09-18,2023,0,Sideways,0,0.6266,SELL,1,0,0.5032,NO TRADE,1,10,"Rolling_Mean_Return,Rolling_Median_Return,SMA_10,BB_Upper,SMA_50,Return_5d,Volume_MA,MFI,RSI_14,OBV",Rolling_Mean_Return
INFY,2023-09-20,2023,0,Sideways,0,0.6204,SELL,1,1,0.5159,NO TRADE,0,10,"Rolling_Mean_Return,Rolling_Median_Return,SMA_10,BB_Upper,SMA_50,Return_5d,Volume_MA,MFI,RSI_14,OBV",Rolling_Mean_Return
INFY,2023-09-21,2023,0,Sideways,0,0.7588,SELL,1,0,0.6866,SELL,1,10,"Rolling_Mean_Return,Rolling_Median_Return,SMA_10,BB_Upper,SMA_50,Return_5d,Volume_MA,MFI,RSI_14,OBV",Rolling_Mean_Return
INFY,2023-09-22,2023,0,Sideways,0,0.8004,SELL,1,0,0.6552,SELL,1,10,"Rolling_Mean_Return,Rolling_Median_Return,SMA_10,BB_Upper,SMA_50,Return_5d,Volume_MA,MFI,RSI_14,OBV",Rolling_Mean_Return
INFY,2023-09-25,2023,0,Sideways,1,0.5165,NO TRADE,0,0,0.5455,NO TRADE,1,10,"Rolling_Mean_Return,Rolling_Median_Return,SMA_10,BB_Upper,SMA_50,Return_5d,Volume_MA,MFI,RSI_14,OBV",Rolling_Mean_Return
INFY,2023-09-26,2023,0,Sideways,0,0.6788,SELL,1,0,0.6085,SELL,1,10,"Rolling_Mean_Return,Rolling_Median_Return,SMA_10,BB_Upper,SMA_50,Return_5d,Volume_MA,MFI,RSI_14,OBV",Rolling_Mean_Return
INFY,2023-09-27,2023,0,Sideways,0,0.7617,SELL,1,0,0.523,NO TRADE,1,10,"Rolling_Mean_Return,Rolling_Median_Return,SMA_10,BB_Upper,SMA_50,Return_5d,Volume_MA,MFI,RSI_14,OBV",Rolling_Mean_Return
INFY,2023-09-28,2023,0,Sideways,0,0.9064,SELL,1,0,0.528,NO TRADE,1,10,"Rolling_Mean_Return,Rolling_Median_Return,SMA_10,BB_Upper,SMA_50,Return_5d,Volume_MA,MFI,RSI_14,OBV",Rolling_Mean_Return
INFY,2023-09-29,2023,0,Sideways,0,0.9255,SELL,1,0,0.567,SELL,1,10,"Rolling_Mean_Return,Rolling_Median_Return,SMA_10,BB_Upper,SMA_50,Return_5d,Volume_MA,MFI,RSI_14,OBV",Rolling_Mean_Return
INFY,2023-10-03,2023,0,Sideways,0,0.9209,SELL,1,0,0.5745,SELL,1,10,"Rolling_Mean_Return,Rolling_Median_Return,SMA_10,BB_Upper,SMA_50,Return_5d,Volume_MA,MFI,RSI_14,OBV",Rolling_Mean_Return
INFY,2023-10-04,2023,0,Sideways,0,0.9341,SELL,1,0,0.5803,SELL,1,10,"Rolling_Mean_Return,Rolling_Median_Return,SMA_10,BB_Upper,SMA_50,Return_5d,Volume_MA,MFI,RSI_14,OBV",Rolling_Mean_Return
INFY,2023-10-05,2023,0,Sideways,0,0.7998,SELL,1,0,0.709,SELL,1,10,"Rolling_Mean_Return,Rolling_Median_Return,SMA_10,BB_Upper,SMA_50,Return_5d,Volume_MA,MFI,RSI_14,OBV",Rolling_Mean_Return
INFY,2023-10-06,2023,0,Sideways,0,0.708,SELL,1,0,0.7157,SELL,1,10,"Rolling_Mean_Return,Rolling_Median_Return,SMA_10,BB_Upper,SMA_50,Return_5d,Volume_MA,MFI,RSI_14,OBV",Rolling_Mean_Return
INFY,2023-10-09,2023,0,Sideways,0,0.7064,SELL,1,0,0.7186,SELL,1,10,"Rolling_Mean_Return,Rolling_Median_Return,SMA_10,BB_Upper,SMA_50,Return_5d,Volume_MA,MFI,RSI_14,OBV",Rolling_Mean_Return
INFY,2023-10-10,2023,0,Sideways,0,0.6821,SELL,1,0,0.7337,SELL,1,10,"Rolling_Mean_Return,Rolling_Median_Return,SMA_10,BB_Upper,SMA_50,Return_5d,Volume_MA,MFI,RSI_14,OBV",Rolling_Mean_Return
INFY,2023-10-11,2023,0,Sideways,0,0.6646,SELL,1,0,0.748,SELL,1,10,"Rolling_Mean_Return,Rolling_Median_Return,SMA_10,BB_Upper,SMA_50,Return_5d,Volume_MA,MFI,RSI_14,OBV",Rolling_Mean_Return
INFY,2023-10-12,2023,0,Sideways,0,0.548,NO TRADE,1,0,0.7512,SELL,1,10,"Rolling_Mean_Return,Rolling_Median_Return,SMA_10,BB_Upper,SMA_50,Return_5d,Volume_MA,MFI,RSI_14,OBV",Rolling_Mean_Return
INFY,2023-10-13,2023,0,Sideways,0,0.5046,NO TRADE,1,0,0.5042,NO TRADE,1,10,"Rolling_Mean_Return,Rolling_Median_Return,SMA_10,BB_Upper,SMA_50,Return_5d,Volume_MA,MFI,RSI_14,OBV",Rolling_Mean_Return
INFY,2023-10-16,2023,0,Sideways,0,0.6192,SELL,1,0,0.6531,SELL,1,10,"Rolling_Mean_Return,Rolling_Median_Return,SMA_10,BB_Upper,SMA_50,Return_5d,Volume_MA,MFI,RSI_14,OBV",Rolling_Mean_Return
INFY,2023-10-17,2023,1,Sideways,0,0.7238,SELL,0,0,0.6868,SELL,0,10,"Rolling_Mean_Return,Rolling_Median_Return,SMA_10,BB_Upper,SMA_50,Return_5d,Volume_MA,MFI,RSI_14,OBV",Rolling_Mean_Return
INFY,2023-10-18,2023,1,Sideways,0,0.6545,SELL,0,0,0.5731,SELL,0,10,"Rolling_Mean_Return,Rolling_Median_Return,SMA_10,BB_Upper,SMA_50,Return_5d,Volume_MA,MFI,RSI_14,OBV",Rolling_Mean_Return
INFY,2023-10-19,2023,1,Sideways,0,0.8825,SELL,0,0,0.7694,SELL,0,10,"Rolling_Mean_Return,Rolling_Median_Return,SMA_10,BB_Upper,SMA_50,Return_5d,Volume_MA,MFI,RSI_14,OBV",Rolling_Mean_Return
INFY,2023-10-20,2023,1,Sideways,0,0.8648,SELL,0,0,0.7106,SELL,0,10,"Rolling_Mean_Return,Rolling_Median_Return,SMA_10,BB_Upper,SMA_50,Return_5d,Volume_MA,MFI,RSI_14,OBV",Rolling_Mean_Return
INFY,2023-10-23,2023,1,Sideways,0,0.7549,SELL,0,0,0.6174,SELL,0,10,"Rolling_Mean_Return,Rolling_Median_Return,SMA_10,BB_Upper,SMA_50,Return_5d,Volume_MA,MFI,RSI_14,OBV",Rolling_Mean_Return
INFY,2023-10-25,2023,1,Sideways,0,0.6419,SELL,0,1,0.5071,NO TRADE,1,10,"Rolling_Mean_Return,Rolling_Median_Return,SMA_10,BB_Upper,SMA_50,Return_5d,Volume_MA,MFI,RSI_14,OBV",Rolling_Mean_Return
INFY,2023-10-26,2023,1,Sideways,1,0.5883,BUY,1,1,0.6099,BUY,1,10,"Rolling_Mean_Return,Rolling_Median_Return,SMA_10,BB_Upper,SMA_50,Return_5d,Volume_MA,MFI,RSI_14,OBV",Rolling_Mean_Return
INFY,2023-10-27,2023,1,Sideways,1,0.6471,BUY,1,1,0.7786,BUY,1,10,"Rolling_Mean_Return,Rolling_Median_Return,SMA_10,BB_Upper,SMA_50,Return_5d,Volume_MA,MFI,RSI_14,OBV",Rolling_Mean_Return
INFY,2023-10-30,2023,1,Sideways,1,0.6989,BUY,1,1,0.5345,NO TRADE,1,10,"EMA_26,Volume_MA,OBV,SMA_50,SMA_20,MACD_Signal,EMA_12,ADX,BB_Width,SMA_10",EMA_26
INFY,2023-10-31,2023,1,Sideways,1,0.6885,BUY,1,1,0.5582,BUY,1,10,"EMA_26,Volume_MA,OBV,SMA_50,SMA_20,MACD_Signal,EMA_12,ADX,BB_Width,SMA_10",EMA_26
INFY,2023-11-01,2023,1,Sideways,1,0.5727,BUY,1,1,0.5391,NO TRADE,1,10,"EMA_26,Volume_MA,OBV,SMA_50,SMA_20,MACD_Signal,EMA_12,ADX,BB_Width,SMA_10",EMA_26
INFY,2023-11-02,2023,1,Sideways,1,0.7238,BUY,1,1,0.6616,BUY,1,10,"EMA_26,Volume_MA,OBV,SMA_50,SMA_20,MACD_Signal,EMA_12,ADX,BB_Width,SMA_10",EMA_26
INFY,2023-11-03,2023,1,Sideways,1,0.7557,BUY,1,1,0.6679,BUY,1,10,"EMA_26,Volume_MA,OBV,SMA_50,SMA_20,MACD_Signal,EMA_12,ADX,BB_Width,SMA_10",EMA_26
INFY,2023-11-06,2023,1,Sideways,1,0.7162,BUY,1,1,0.6842,BUY,1,10,"EMA_26,Volume_MA,OBV,SMA_50,SMA_20,MACD_Signal,EMA_12,ADX,BB_Width,SMA_10",EMA_26
INFY,2023-11-07,2023,1,Sideways,1,0.719,BUY,1,1,0.6959,BUY,1,10,"EMA_26,Volume_MA,OBV,SMA_50,SMA_20,MACD_Signal,EMA_12,ADX,BB_Width,SMA_10",EMA_26
INFY,2023-11-08,2023,1,Sideways,1,0.8167,BUY,1,1,0.7422,BUY,1,10,"EMA_26,Volume_MA,OBV,SMA_50,SMA_20,MACD_Signal,EMA_12,ADX,BB_Width,SMA_10",EMA_26
INFY,2023-11-09,2023,1,Sideways,1,0.8445,BUY,1,1,0.7645,BUY,1,10,"EMA_26,Volume_MA,OBV,SMA_50,SMA_20,MACD_Signal,EMA_12,ADX,BB_Width,SMA_10",EMA_26
INFY,2023-11-10,2023,1,Sideways,1,0.8415,BUY,1,1,0.7767,BUY,1,10,"EMA_26,Volume_MA,OBV,SMA_50,SMA_20,MACD_Signal,EMA_12,ADX,BB_Width,SMA_10",EMA_26
INFY,2023-11-13,2023,1,Sideways,1,0.8883,BUY,1,1,0.7943,BUY,1,10,"EMA_26,Volume_MA,OBV,SMA_50,SMA_20,MACD_Signal,EMA_12,ADX,BB_Width,SMA_10",EMA_26
INFY,2023-11-15,2023,1,Sideways,1,0.7717,BUY,1,1,0.7791,BUY,1,10,"EMA_26,Volume_MA,OBV,SMA_50,SMA_20,MACD_Signal,EMA_12,ADX,BB_Width,SMA_10",EMA_26
INFY,2023-11-16,2023,1,Sideways,1,0.6671,BUY,1,1,0.7536,BUY,1,10,"EMA_26,Volume_MA,OBV,SMA_50,SMA_20,MACD_Signal,EMA_12,ADX,BB_Width,SMA_10",EMA_26
INFY,2023-11-17,2023,1,Sideways,1,0.6403,BUY,1,1,0.72,BUY,1,10,"EMA_26,Volume_MA,OBV,SMA_50,SMA_20,MACD_Signal,EMA_12,ADX,BB_Width,SMA_10",EMA_26
INFY,2023-11-20,2023,1,Sideways,1,0.7088,BUY,1,1,0.7255,BUY,1,10,"EMA_26,Volume_MA,OBV,SMA_50,SMA_20,MACD_Signal,EMA_12,ADX,BB_Width,SMA_10",EMA_26
INFY,2023-11-21,2023,1,Sideways,1,0.7517,BUY,1,1,0.7407,BUY,1,10,"EMA_26,Volume_MA,OBV,SMA_50,SMA_20,MACD_Signal,EMA_12,ADX,BB_Width,SMA_10",EMA_26
INFY,2023-11-22,2023,1,Sideways,1,0.6329,BUY,1,1,0.7573,BUY,1,10,"EMA_26,Volume_MA,OBV,SMA_50,SMA_20,MACD_Signal,EMA_12,ADX,BB_Width,SMA_10",EMA_26
INFY,2023-11-23,2023,1,Sideways,1,0.6481,BUY,1,1,0.7793,BUY,1,10,"EMA_26,Volume_MA,OBV,SMA_50,SMA_20,MACD_Signal,EMA_12,ADX,BB_Width,SMA_10",EMA_26
INFY,2023-11-24,2023,1,Sideways,1,0.7578,BUY,1,1,0.8061,BUY,1,10,"EMA_26,Volume_MA,OBV,SMA_50,SMA_20,MACD_Signal,EMA_12,ADX,BB_Width,SMA_10",EMA_26
INFY,2023-11-28,2023,1,Sideways,1,0.777,BUY,1,1,0.8174,BUY,1,10,"EMA_26,Volume_MA,OBV,SMA_50,SMA_20,MACD_Signal,EMA_12,ADX,BB_Width,SMA_10",EMA_26
INFY,2023-11-29,2023,1,Sideways,1,0.7286,BUY,1,1,0.8211,BUY,1,10,"EMA_26,Volume_MA,OBV,SMA_50,SMA_20,MACD_Signal,EMA_12,ADX,BB_Width,SMA_10",EMA_26
INFY,2023-11-30,2023,1,Sideways,1,0.7081,BUY,1,1,0.8166,BUY,1,10,"EMA_26,Volume_MA,OBV,SMA_50,SMA_20,MACD_Signal,EMA_12,ADX,BB_Width,SMA_10",EMA_26
INFY,2023-12-01,2023,1,Sideways,1,0.6528,BUY,1,1,0.821,BUY,1,10,"EMA_26,Volume_MA,OBV,SMA_50,SMA_20,MACD_Signal,EMA_12,ADX,BB_Width,SMA_10",EMA_26
INFY,2023-12-04,2023,1,Sideways,1,0.6369,BUY,1,1,0.8237,BUY,1,10,"EMA_26,Volume_MA,OBV,SMA_50,SMA_20,MACD_Signal,EMA_12,ADX,BB_Width,SMA_10",EMA_26
INFY,2023-12-05,2023,1,Sideways,1,0.8826,BUY,1,1,0.828,BUY,1,10,"EMA_26,Volume_MA,OBV,SMA_50,SMA_20,MACD_Signal,EMA_12,ADX,BB_Width,SMA_10",EMA_26
INFY,2023-12-06,2023,1,Sideways,1,0.9857,BUY,1,1,0.8259,BUY,1,10,"EMA_26,Volume_MA,OBV,SMA_50,SMA_20,MACD_Signal,EMA_12,ADX,BB_Width,SMA_10",EMA_26
INFY,2023-12-07,2023,1,Sideways,1,0.9958,BUY,1,1,0.8322,BUY,1,10,"EMA_26,Volume_MA,OBV,SMA_50,SMA_20,MACD_Signal,EMA_12,ADX,BB_Width,SMA_10",EMA_26
INFY,2023-12-08,2023,1,Sideways,1,0.9129,BUY,1,1,0.8187,BUY,1,10,"EMA_26,Volume_MA,OBV,SMA_50,SMA_20,MACD_Signal,EMA_12,ADX,BB_Width,SMA_10",EMA_26
INFY,2023-12-11,2023,1,Sideways,1,0.6014,BUY,1,1,0.786,BUY,1,10,"EMA_26,Volume_MA,OBV,SMA_50,SMA_20,MACD_Signal,EMA_12,ADX,BB_Width,SMA_10",EMA_26
INFY,2023-12-12,2023,1,Sideways,1,0.5521,BUY,1,1,0.7895,BUY,1,10,"EMA_26,Volume_MA,OBV,SMA_50,SMA_20,MACD_Signal,EMA_12,ADX,BB_Width,SMA_10",EMA_26
INFY,2023-12-13,2023,1,Sideways,1,0.6486,BUY,1,1,0.5835,BUY,1,10,"OBV,SMA_10,SMA_50,Rolling_Median_Return,SMA_20,BB_Upper,Volume_Ratio,MACD_Signal,EMA_26,RSI_14",OBV
INFY,2023-12-14,2023,1,Sideways,1,0.6219,BUY,1,1,0.5798,BUY,1,10,"OBV,SMA_10,SMA_50,Rolling_Median_Return,SMA_20,BB_Upper,Volume_Ratio,MACD_Signal,EMA_26,RSI_14",OBV
INFY,2023-12-15,2023,1,Sideways,1,0.6303,BUY,1,0,0.6171,SELL,0,10,"OBV,SMA_10,SMA_50,Rolling_Median_Return,SMA_20,BB_Upper,Volume_Ratio,MACD_Signal,EMA_26,RSI_14",OBV
INFY,2023-12-18,2023,1,Sideways,1,0.7374,BUY,1,0,0.5873,SELL,0,10,"OBV,SMA_10,SMA_50,Rolling_Median_Return,SMA_20,BB_Upper,Volume_Ratio,MACD_Signal,EMA_26,RSI_14",OBV
INFY,2023-12-19,2023,1,Sideways,1,0.7749,BUY,1,1,0.5162,NO TRADE,1,10,"OBV,SMA_10,SMA_50,Rolling_Median_Return,SMA_20,BB_Upper,Volume_Ratio,MACD_Signal,EMA_26,RSI_14",OBV
INFY,2023-12-20,2023,1,Sideways,1,0.8171,BUY,1,1,0.7016,BUY,1,10,"OBV,SMA_10,SMA_50,Rolling_Median_Return,SMA_20,BB_Upper,Volume_Ratio,MACD_Signal,EMA_26,RSI_14",OBV
INFY,2023-12-21,2023,1,Sideways,1,0.8183,BUY,1,1,0.7451,BUY,1,10,"OBV,SMA_10,SMA_50,Rolling_Median_Return,SMA_20,BB_Upper,Volume_Ratio,MACD_Signal,EMA_26,RSI_14",OBV
INFY,2023-12-22,2023,1,Sideways,1,0.7907,BUY,1,1,0.6459,BUY,1,10,"OBV,SMA_10,SMA_50,Rolling_Median_Return,SMA_20,BB_Upper,Volume_Ratio,MACD_Signal,EMA_26,RSI_14",OBV
INFY,2023-12-26,2023,1,Sideways,1,0.7976,BUY,1,1,0.7786,BUY,1,10,"OBV,SMA_10,SMA_50,Rolling_Median_Return,SMA_20,BB_Upper,Volume_Ratio,MACD_Signal,EMA_26,RSI_14",OBV
INFY,2023-12-27,2023,1,Sideways,1,0.8088,BUY,1,1,0.6217,BUY,1,10,"OBV,SMA_10,SMA_50,Rolling_Median_Return,SMA_20,BB_Upper,Volume_Ratio,MACD_Signal,EMA_26,RSI_14",OBV
INFY,2023-12-28,2023,1,Sideways,1,0.8139,BUY,1,1,0.7151,BUY,1,10,"OBV,SMA_10,SMA_50,Rolling_Median_Return,SMA_20,BB_Upper,Volume_Ratio,MACD_Signal,EMA_26,RSI_14",OBV
INFY,2023-12-29,2023,1,Sideways,1,0.8526,BUY,1,1,0.8051,BUY,1,10,"OBV,SMA_10,SMA_50,Rolling_Median_Return,SMA_20,BB_Upper,Volume_Ratio,MACD_Signal,EMA_26,RSI_14",OBV
INFY,2024-01-01,2024,1,Sideways,1,0.7571,BUY,1,1,0.8504,BUY,1,10,"OBV,SMA_10,SMA_50,Rolling_Median_Return,SMA_20,BB_Upper,Volume_Ratio,MACD_Signal,EMA_26,RSI_14",OBV
INFY,2024-01-02,2024,1,Sideways,1,0.8298,BUY,1,1,0.8481,BUY,1,10,"OBV,SMA_10,SMA_50,Rolling_Median_Return,SMA_20,BB_Upper,Volume_Ratio,MACD_Signal,EMA_26,RSI_14",OBV
INFY,2024-01-03,2024,1,Sideways,1,0.7851,BUY,1,1,0.7604,BUY,1,10,"OBV,SMA_10,SMA_50,Rolling_Median_Return,SMA_20,BB_Upper,Volume_Ratio,MACD_Signal,EMA_26,RSI_14",OBV
INFY,2024-01-04,2024,1,Sideways,1,0.8697,BUY,1,1,0.8474,BUY,1,10,"OBV,SMA_10,SMA_50,Rolling_Median_Return,SMA_20,BB_Upper,Volume_Ratio,MACD_Signal,EMA_26,RSI_14",OBV
INFY,2024-01-05,2024,1,Sideways,1,0.8908,BUY,1,1,0.8453,BUY,1,10,"OBV,SMA_10,SMA_50,Rolling_Median_Return,SMA_20,BB_Upper,Volume_Ratio,MACD_Signal,EMA_26,RSI_14",OBV
INFY,2024-01-08,2024,1,Sideways,1,0.8707,BUY,1,1,0.8492,BUY,1,10,"OBV,SMA_10,SMA_50,Rolling_Median_Return,SMA_20,BB_Upper,Volume_Ratio,MACD_Signal,EMA_26,RSI_14",OBV
INFY,2024-01-09,2024,1,Sideways,1,0.9008,BUY,1,1,0.8493,BUY,1,10,"OBV,SMA_10,SMA_50,Rolling_Median_Return,SMA_20,BB_Upper,Volume_Ratio,MACD_Signal,EMA_26,RSI_14",OBV
INFY,2024-01-10,2024,1,Sideways,1,0.8874,BUY,1,1,0.8499,BUY,1,10,"OBV,SMA_10,SMA_50,Rolling_Median_Return,SMA_20,BB_Upper,Volume_Ratio,MACD_Signal,EMA_26,RSI_14",OBV
INFY,2024-01-11,2024,1,Sideways,1,0.8595,BUY,1,1,0.7705,BUY,1,10,"OBV,SMA_10,SMA_50,Rolling_Median_Return,SMA_20,BB_Upper,Volume_Ratio,MACD_Signal,EMA_26,RSI_14",OBV
INFY,2024-01-12,2024,1,Sideways,1,0.823,BUY,1,1,0.679,BUY,1,10,"OBV,SMA_10,SMA_50,Rolling_Median_Return,SMA_20,BB_Upper,Volume_Ratio,MACD_Signal,EMA_26,RSI_14",OBV
INFY,2024-01-15,2024,1,Sideways,1,0.8426,BUY,1,1,0.7723,BUY,1,10,"OBV,SMA_10,SMA_50,Rolling_Median_Return,SMA_20,BB_Upper,Volume_Ratio,MACD_Signal,EMA_26,RSI_14",OBV
INFY,2024-01-16,2024,1,Sideways,1,0.8567,BUY,1,1,0.8586,BUY,1,10,"OBV,SMA_10,SMA_50,Rolling_Median_Return,SMA_20,BB_Upper,Volume_Ratio,MACD_Signal,EMA_26,RSI_14",OBV
INFY,2024-01-17,2024,1,Sideways,1,0.8149,BUY,1,1,0.8191,BUY,1,10,"OBV,SMA_10,SMA_50,Rolling_Median_Return,SMA_20,BB_Upper,Volume_Ratio,MACD_Signal,EMA_26,RSI_14",OBV
INFY,2024-01-18,2024,1,Sideways,1,0.8305,BUY,1,1,0.7994,BUY,1,10,"OBV,SMA_10,SMA_50,Rolling_Median_Return,SMA_20,BB_Upper,Volume_Ratio,MACD_Signal,EMA_26,RSI_14",OBV
INFY,2024-01-19,2024,1,Sideways,1,0.8325,BUY,1,1,0.6866,BUY,1,10,"OBV,SMA_10,SMA_50,Rolling_Median_Return,SMA_20,BB_Upper,Volume_Ratio,MACD_Signal,EMA_26,RSI_14",OBV
INFY,2024-01-23,2024,1,Sideways,1,0.7847,BUY,1,1,0.7634,BUY,1,10,"OBV,SMA_10,SMA_50,Rolling_Median_Return,SMA_20,BB_Upper,Volume_Ratio,MACD_Signal,EMA_26,RSI_14",OBV
INFY,2024-01-24,2024,1,Sideways,1,0.6898,BUY,1,1,0.6421,BUY,1,10,"OBV,SMA_10,SMA_50,Rolling_Median_Return,SMA_20,BB_Upper,Volume_Ratio,MACD_Signal,EMA_26,RSI_14",OBV
INFY,2024-01-25,2024,1,Sideways,1,0.7829,BUY,1,1,0.645,BUY,1,10,"OBV,SMA_10,SMA_50,Rolling_Median_Return,SMA_20,BB_Upper,Volume_Ratio,MACD_Signal,EMA_26,RSI_14",OBV
INFY,2024-01-29,2024,1,Sideways,1,0.7843,BUY,1,0,0.6313,SELL,0,10,"OBV,SMA_10,SMA_50,MFI,High_Low_Pct,SMA_20,BB_Upper,MACD_Signal,MACD_Hist,BB_Width",OBV
INFY,2024-01-30,2024,1,Sideways,1,0.7804,BUY,1,1,0.5263,NO TRADE,1,10,"OBV,SMA_10,SMA_50,MFI,High_Low_Pct,SMA_20,BB_Upper,MACD_Signal,MACD_Hist,BB_Width",OBV
INFY,2024-01-31,2024,1,Sideways,1,0.7953,BUY,1,1,0.568,BUY,1,10,"OBV,SMA_10,SMA_50,MFI,High_Low_Pct,SMA_20,BB_Upper,MACD_Signal,MACD_Hist,BB_Width",OBV
INFY,2024-02-01,2024,1,Sideways,1,0.7885,BUY,1,1,0.5965,BUY,1,10,"OBV,SMA_10,SMA_50,MFI,High_Low_Pct,SMA_20,BB_Upper,MACD_Signal,MACD_Hist,BB_Width",OBV
INFY,2024-02-02,2024,0,Sideways,1,0.7952,BUY,0,0,0.5022,NO TRADE,1,10,"OBV,SMA_10,SMA_50,MFI,High_Low_Pct,SMA_20,BB_Upper,MACD_Signal,MACD_Hist,BB_Width",OBV
INFY,2024-02-05,2024,0,Sideways,1,0.578,BUY,0,1,0.5009,NO TRADE,0,10,"OBV,SMA_10,SMA_50,MFI,High_Low_Pct,SMA_20,BB_Upper,MACD_Signal,MACD_Hist,BB_Width",OBV
INFY,2024-02-06,2024,0,Sideways,1,0.5093,NO TRADE,0,1,0.6026,BUY,0,10,"OBV,SMA_10,SMA_50,MFI,High_Low_Pct,SMA_20,BB_Upper,MACD_Signal,MACD_Hist,BB_Width",OBV
INFY,2024-02-07,2024,0,Sideways,1,0.5654,BUY,0,0,0.6198,SELL,1,10,"OBV,SMA_10,SMA_50,MFI,High_Low_Pct,SMA_20,BB_Upper,MACD_Signal,MACD_Hist,BB_Width",OBV
INFY,2024-02-08,2024,0,Sideways,0,0.5863,SELL,1,0,0.6965,SELL,1,10,"OBV,SMA_10,SMA_50,MFI,High_Low_Pct,SMA_20,BB_Upper,MACD_Signal,MACD_Hist,BB_Width",OBV
INFY,2024-02-09,2024,0,Sideways,0,0.7373,SELL,1,0,0.7343,SELL,1,10,"OBV,SMA_10,SMA_50,MFI,High_Low_Pct,SMA_20,BB_Upper,MACD_Signal,MACD_Hist,BB_Width",OBV
INFY,2024-02-12,2024,0,Sideways,0,0.8002,SELL,1,0,0.834,SELL,1,10,"OBV,SMA_10,SMA_50,MFI,High_Low_Pct,SMA_20,BB_Upper,MACD_Signal,MACD_Hist,BB_Width",OBV
INFY,2024-02-13,2024,0,Sideways,0,0.6873,SELL,1,0,0.7971,SELL,1,10,"OBV,SMA_10,SMA_50,MFI,High_Low_Pct,SMA_20,BB_Upper,MACD_Signal,MACD_Hist,BB_Width",OBV
INFY,2024-02-14,2024,0,Sideways,0,0.7873,SELL,1,0,0.7392,SELL,1,10,"OBV,SMA_10,SMA_50,MFI,High_Low_Pct,SMA_20,BB_Upper,MACD_Signal,MACD_Hist,BB_Width",OBV
INFY,2024-02-15,2024,0,Sideways,0,0.7794,SELL,1,0,0.7874,SELL,1,10,"OBV,SMA_10,SMA_50,MFI,High_Low_Pct,SMA_20,BB_Upper,MACD_Signal,MACD_Hist,BB_Width",OBV
INFY,2024-02-16,2024,0,Sideways,0,0.7778,SELL,1,0,0.8329,SELL,1,10,"OBV,SMA_10,SMA_50,MFI,High_Low_Pct,SMA_20,BB_Upper,MACD_Signal,MACD_Hist,BB_Width",OBV
INFY,2024-02-19,2024,0,Sideways,0,0.7823,SELL,1,0,0.8411,SELL,1,10,"OBV,SMA_10,SMA_50,MFI,High_Low_Pct,SMA_20,BB_Upper,MACD_Signal,MACD_Hist,BB_Width",OBV
INFY,2024-02-20,2024,0,Sideways,0,0.799,SELL,1,0,0.841,SELL,1,10,"OBV,SMA_10,SMA_50,MFI,High_Low_Pct,SMA_20,BB_Upper,MACD_Signal,MACD_Hist,BB_Width",OBV
INFY,2024-02-21,2024,0,Sideways,0,0.8267,SELL,1,0,0.8376,SELL,1,10,"OBV,SMA_10,SMA_50,MFI,High_Low_Pct,SMA_20,BB_Upper,MACD_Signal,MACD_Hist,BB_Width",OBV
INFY,2024-02-22,2024,0,Sideways,0,0.6981,SELL,1,0,0.8361,SELL,1,10,"OBV,SMA_10,SMA_50,MFI,High_Low_Pct,SMA_20,BB_Upper,MACD_Signal,MACD_Hist,BB_Width",OBV
INFY,2024-02-23,2024,0,Sideways,0,0.7899,SELL,1,0,0.8452,SELL,1,10,"OBV,SMA_10,SMA_50,MFI,High_Low_Pct,SMA_20,BB_Upper,MACD_Signal,MACD_Hist,BB_Width",OBV
INFY,2024-02-26,2024,0,Sideways,0,0.6973,SELL,1,0,0.8403,SELL,1,10,"OBV,SMA_10,SMA_50,MFI,High_Low_Pct,SMA_20,BB_Upper,MACD_Signal,MACD_Hist,BB_Width",OBV
INFY,2024-02-27,2024,0,Sideways,0,0.7817,SELL,1,0,0.8424,SELL,1,10,"OBV,SMA_10,SMA_50,MFI,High_Low_Pct,SMA_20,BB_Upper,MACD_Signal,MACD_Hist,BB_Width",OBV
INFY,2024-02-28,2024,0,Sideways,0,0.7412,SELL,1,0,0.8527,SELL,1,10,"OBV,SMA_10,SMA_50,MFI,High_Low_Pct,SMA_20,BB_Upper,MACD_Signal,MACD_Hist,BB_Width",OBV
INFY,2024-02-29,2024,0,Sideways,0,0.6526,SELL,1,0,0.8525,SELL,1,10,"OBV,SMA_10,SMA_50,MFI,High_Low_Pct,SMA_20,BB_Upper,MACD_Signal,MACD_Hist,BB_Width",OBV
INFY,2024-03-01,2024,0,Sideways,0,0.7244,SELL,1,0,0.8464,SELL,1,10,"OBV,SMA_10,SMA_50,MFI,High_Low_Pct,SMA_20,BB_Upper,MACD_Signal,MACD_Hist,BB_Width",OBV
INFY,2024-03-04,2024,0,Sideways,0,0.7421,SELL,1,0,0.8748,SELL,1,10,"OBV,SMA_10,SMA_50,MFI,High_Low_Pct,SMA_20,BB_Upper,MACD_Signal,MACD_Hist,BB_Width",OBV
INFY,2024-03-05,2024,0,Sideways,0,0.6589,SELL,1,0,0.8625,SELL,1,10,"OBV,SMA_10,SMA_50,MFI,High_Low_Pct,SMA_20,BB_Upper,MACD_Signal,MACD_Hist,BB_Width",OBV
INFY,2024-03-06,2024,0,Sideways,0,0.6941,SELL,1,0,0.8936,SELL,1,10,"OBV,SMA_10,SMA_50,MFI,High_Low_Pct,SMA_20,BB_Upper,MACD_Signal,MACD_Hist,BB_Width",OBV
INFY,2024-03-07,2024,0,Sideways,0,0.7118,SELL,1,0,0.881,SELL,1,10,"OBV,SMA_10,SMA_50,MFI,High_Low_Pct,SMA_20,BB_Upper,MACD_Signal,MACD_Hist,BB_Width",OBV
INFY,2024-03-11,2024,0,Sideways,0,0.8776,SELL,1,0,0.8611,SELL,1,10,"OBV,SMA_10,SMA_50,MFI,High_Low_Pct,SMA_20,BB_Upper,MACD_Signal,MACD_Hist,BB_Width",OBV
INFY,2024-03-12,2024,0,Sideways,0,0.7149,SELL,1,0,0.7914,SELL,1,10,"SMA_20,OBV,SMA_10,Rolling_Volatility,BB_Upper,Williams_R,Rolling_Std_10,High_Low_Pct,MACD_Signal,Rolling_Median_Return",SMA_20
INFY,2024-03-13,2024,0,Sideways,0,0.6838,SELL,1,0,0.7827,SELL,1,10,"SMA_20,OBV,SMA_10,Rolling_Volatility,BB_Upper,Williams_R,Rolling_Std_10,High_Low_Pct,MACD_Signal,Rolling_Median_Return",SMA_20
INFY,2024-03-14,2024,0,Sideways,0,0.6232,SELL,1,0,0.7721,SELL,1,10,"SMA_20,OBV,SMA_10,Rolling_Volatility,BB_Upper,Williams_R,Rolling_Std_10,High_Low_Pct,MACD_Signal,Rolling_Median_Return",SMA_20
INFY,2024-03-15,2024,0,Sideways,0,0.6537,SELL,1,0,0.7553,SELL,1,10,"SMA_20,OBV,SMA_10,Rolling_Volatility,BB_Upper,Williams_R,Rolling_Std_10,High_Low_Pct,MACD_Signal,Rolling_Median_Return",SMA_20
INFY,2024-03-18,2024,0,Sideways,0,0.7118,SELL,1,0,0.715,SELL,1,10,"SMA_20,OBV,SMA_10,Rolling_Volatility,BB_Upper,Williams_R,Rolling_Std_10,High_Low_Pct,MACD_Signal,Rolling_Median_Return",SMA_20
INFY,2024-03-19,2024,0,Sideways,0,0.7047,SELL,1,0,0.6059,SELL,1,10,"SMA_20,OBV,SMA_10,Rolling_Volatility,BB_Upper,Williams_R,Rolling_Std_10,High_Low_Pct,MACD_Signal,Rolling_Median_Return",SMA_20
INFY,2024-03-20,2024,0,Sideways,0,0.6003,SELL,1,0,0.5609,SELL,1,10,"SMA_20,OBV,SMA_10,Rolling_Volatility,BB_Upper,Williams_R,Rolling_Std_10,High_Low_Pct,MACD_Signal,Rolling_Median_Return",SMA_20
INFY,2024-03-21,2024,0,Sideways,0,0.7208,SELL,1,0,0.5208,NO TRADE,1,10,"SMA_20,OBV,SMA_10,Rolling_Volatility,BB_Upper,Williams_R,Rolling_Std_10,High_Low_Pct,MACD_Signal,Rolling_Median_Return",SMA_20
INFY,2024-03-22,2024,0,Sideways,0,0.7812,SELL,1,1,0.5177,NO TRADE,0,10,"SMA_20,OBV,SMA_10,Rolling_Volatility,BB_Upper,Williams_R,Rolling_Std_10,High_Low_Pct,MACD_Signal,Rolling_Median_Return",SMA_20
INFY,2024-03-26,2024,0,Sideways,0,0.6858,SELL,1,1,0.5349,NO TRADE,0,10,"SMA_20,OBV,SMA_10,Rolling_Volatility,BB_Upper,Williams_R,Rolling_Std_10,High_Low_Pct,MACD_Signal,Rolling_Median_Return",SMA_20
INFY,2024-03-27,2024,0,Sideways,0,0.6591,SELL,1,1,0.514,NO TRADE,0,10,"SMA_20,OBV,SMA_10,Rolling_Volatility,BB_Upper,Williams_R,Rolling_Std_10,High_Low_Pct,MACD_Signal,Rolling_Median_Return",SMA_20
INFY,2024-03-28,2024,0,Sideways,0,0.6778,SELL,1,1,0.5234,NO TRADE,0,10,"SMA_20,OBV,SMA_10,Rolling_Volatility,BB_Upper,Williams_R,Rolling_Std_10,High_Low_Pct,MACD_Signal,Rolling_Median_Return",SMA_20
INFY,2024-04-01,2024,0,Sideways,0,0.7619,SELL,1,0,0.5297,NO TRADE,1,10,"SMA_20,OBV,SMA_10,Rolling_Volatility,BB_Upper,Williams_R,Rolling_Std_10,High_Low_Pct,MACD_Signal,Rolling_Median_Return",SMA_20
INFY,2024-04-02,2024,0,Sideways,0,0.727,SELL,1,0,0.5088,NO TRADE,1,10,"SMA_20,OBV,SMA_10,Rolling_Volatility,BB_Upper,Williams_R,Rolling_Std_10,High_Low_Pct,MACD_Signal,Rolling_Median_Return",SMA_20
INFY,2024-04-03,2024,0,Sideways,0,0.7473,SELL,1,0,0.5229,NO TRADE,1,10,"SMA_20,OBV,SMA_10,Rolling_Volatility,BB_Upper,Williams_R,Rolling_Std_10,High_Low_Pct,MACD_Signal,Rolling_Median_Return",SMA_20
INFY,2024-04-04,2024,0,Sideways,0,0.7383,SELL,1,0,0.5604,SELL,1,10,"SMA_20,OBV,SMA_10,Rolling_Volatility,BB_Upper,Williams_R,Rolling_Std_10,High_Low_Pct,MACD_Signal,Rolling_Median_Return",SMA_20
INFY,2024-04-05,2024,0,Sideways,0,0.7417,SELL,1,0,0.5606,SELL,1,10,"SMA_20,OBV,SMA_10,Rolling_Volatility,BB_Upper,Williams_R,Rolling_Std_10,High_Low_Pct,MACD_Signal,Rolling_Median_Return",SMA_20
INFY,2024-04-08,2024,0,Sideways,0,0.8315,SELL,1,0,0.5466,NO TRADE,1,10,"SMA_20,OBV,SMA_10,Rolling_Volatility,BB_Upper,Williams_R,Rolling_Std_10,High_Low_Pct,MACD_Signal,Rolling_Median_Return",SMA_20
INFY,2024-04-09,2024,0,Sideways,0,0.7341,SELL,1,0,0.5212,NO TRADE,1,10,"SMA_20,OBV,SMA_10,Rolling_Volatility,BB_Upper,Williams_R,Rolling_Std_10,High_Low_Pct,MACD_Signal,Rolling_Median_Return",SMA_20
INFY,2024-04-10,2024,0,Sideways,0,0.6774,SELL,1,1,0.5028,NO TRADE,0,10,"SMA_20,OBV,SMA_10,Rolling_Volatility,BB_Upper,Williams_R,Rolling_Std_10,High_Low_Pct,MACD_Signal,Rolling_Median_Return",SMA_20
INFY,2024-04-12,2024,0,Sideways,0,0.6923,SELL,1,1,0.5036,NO TRADE,0,10,"SMA_20,OBV,SMA_10,Rolling_Volatility,BB_Upper,Williams_R,Rolling_Std_10,High_Low_Pct,MACD_Signal,Rolling_Median_Return",SMA_20
INFY,2024-04-15,2024,0,Sideways,0,0.6807,SELL,1,1,0.5008,NO TRADE,0,10,"SMA_20,OBV,SMA_10,Rolling_Volatility,BB_Upper,Williams_R,Rolling_Std_10,High_Low_Pct,MACD_Signal,Rolling_Median_Return",SMA_20
INFY,2024-04-16,2024,1,Sideways,0,0.5515,SELL,0,0,0.5193,NO TRADE,0,10,"SMA_20,OBV,SMA_10,Rolling_Volatility,BB_Upper,Williams_R,Rolling_Std_10,High_Low_Pct,MACD_Signal,Rolling_Median_Return",SMA_20
INFY,2024-04-18,2024,1,Sideways,1,0.5552,BUY,1,0,0.5061,NO TRADE,0,10,"SMA_20,OBV,SMA_10,Rolling_Volatility,BB_Upper,Williams_R,Rolling_Std_10,High_Low_Pct,MACD_Signal,Rolling_Median_Return",SMA_20
INFY,2024-04-19,2024,1,Sideways,1,0.5915,BUY,1,1,0.5042,NO TRADE,1,10,"SMA_20,OBV,SMA_10,Rolling_Volatility,BB_Upper,Williams_R,Rolling_Std_10,High_Low_Pct,MACD_Signal,Rolling_Median_Return",SMA_20
INFY,2024-04-22,2024,1,Sideways,1,0.592,BUY,1,1,0.5318,NO TRADE,1,10,"SMA_20,OBV,SMA_10,Rolling_Volatility,BB_Upper,Williams_R,Rolling_Std_10,High_Low_Pct,MACD_Signal,Rolling_Median_Return",SMA_20
INFY,2024-04-23,2024,1,Sideways,1,0.754,BUY,1,1,0.6016,BUY,1,10,"SMA_20,OBV,SMA_10,Rolling_Volatility,BB_Upper,Williams_R,Rolling_Std_10,High_Low_Pct,MACD_Signal,Rolling_Median_Return",SMA_20
INFY,2024-04-24,2024,1,Sideways,1,0.766,BUY,1,1,0.6524,BUY,1,10,"SMA_20,OBV,SMA_10,Rolling_Volatility,BB_Upper,Williams_R,Rolling_Std_10,High_Low_Pct,MACD_Signal,Rolling_Median_Return",SMA_20
INFY,2024-04-25,2024,1,Sideways,1,0.7854,BUY,1,1,0.7049,BUY,1,10,"SMA_20,OBV,SMA_10,Rolling_Volatility,BB_Upper,Williams_R,Rolling_Std_10,High_Low_Pct,MACD_Signal,Rolling_Median_Return",SMA_20
INFY,2024-04-26,2024,1,Sideways,1,0.7403,BUY,1,1,0.7331,BUY,1,10,"SMA_20,OBV,SMA_10,Rolling_Volatility,BB_Upper,Williams_R,Rolling_Std_10,High_Low_Pct,MACD_Signal,Rolling_Median_Return",SMA_20
INFY,2024-04-29,2024,1,Sideways,1,0.8419,BUY,1,1,0.7559,BUY,1,10,"EMA_26,SMA_50,EMA_12,OBV,SMA_10,MACD,BB_Upper,MACD_Signal,Volume_MA,Rolling_Volatility",EMA_26
INFY,2024-04-30,2024,1,Sideways,1,0.8456,BUY,1,1,0.8261,BUY,1,10,"EMA_26,SMA_50,EMA_12,OBV,SMA_10,MACD,BB_Upper,MACD_Signal,Volume_MA,Rolling_Volatility",EMA_26
INFY,2024-05-02,2024,1,Sideways,1,0.8636,BUY,1,1,0.8414,BUY,1,10,"EMA_26,SMA_50,EMA_12,OBV,SMA_10,MACD,BB_Upper,MACD_Signal,Volume_MA,Rolling_Volatility",EMA_26
INFY,2024-05-03,2024,1,Sideways,1,0.8703,BUY,1,1,0.8701,BUY,1,10,"EMA_26,SMA_50,EMA_12,OBV,SMA_10,MACD,BB_Upper,MACD_Signal,Volume_MA,Rolling_Volatility",EMA_26
INFY,2024-05-06,2024,0,Sideways,1,0.9607,BUY,0,1,0.9445,BUY,0,10,"EMA_26,SMA_50,EMA_12,OBV,SMA_10,MACD,BB_Upper,MACD_Signal,Volume_MA,Rolling_Volatility",EMA_26
INFY,2024-05-07,2024,1,Sideways,1,0.9638,BUY,1,1,0.9297,BUY,1,10,"EMA_26,SMA_50,EMA_12,OBV,SMA_10,MACD,BB_Upper,MACD_Signal,Volume_MA,Rolling_Volatility",EMA_26
INFY,2024-05-08,2024,1,Sideways,1,0.8574,BUY,1,1,0.939,BUY,1,10,"EMA_26,SMA_50,EMA_12,OBV,SMA_10,MACD,BB_Upper,MACD_Signal,Volume_MA,Rolling_Volatility",EMA_26
INFY,2024-05-09,2024,1,Sideways,1,0.9652,BUY,1,1,0.9421,BUY,1,10,"EMA_26,SMA_50,EMA_12,OBV,SMA_10,MACD,BB_Upper,MACD_Signal,Volume_MA,Rolling_Volatility",EMA_26
INFY,2024-05-10,2024,1,Sideways,1,0.9654,BUY,1,1,0.9478,BUY,1,10,"EMA_26,SMA_50,EMA_12,OBV,SMA_10,MACD,BB_Upper,MACD_Signal,Volume_MA,Rolling_Volatility",EMA_26
INFY,2024-05-13,2024,1,Sideways,1,0.966,BUY,1,1,0.9519,BUY,1,10,"EMA_26,SMA_50,EMA_12,OBV,SMA_10,MACD,BB_Upper,MACD_Signal,Volume_MA,Rolling_Volatility",EMA_26
INFY,2024-05-14,2024,1,Sideways,1,0.9052,BUY,1,1,0.9508,BUY,1,10,"EMA_26,SMA_50,EMA_12,OBV,SMA_10,MACD,BB_Upper,MACD_Signal,Volume_MA,Rolling_Volatility",EMA_26
INFY,2024-05-15,2024,1,Sideways,1,0.9071,BUY,1,1,0.9498,BUY,1,10,"EMA_26,SMA_50,EMA_12,OBV,SMA_10,MACD,BB_Upper,MACD_Signal,Volume_MA,Rolling_Volatility",EMA_26
INFY,2024-05-16,2024,1,Sideways,1,0.857,BUY,1,1,0.9465,BUY,1,10,"EMA_26,SMA_50,EMA_12,OBV,SMA_10,MACD,BB_Upper,MACD_Signal,Volume_MA,Rolling_Volatility",EMA_26
INFY,2024-05-17,2024,1,Sideways,1,0.8577,BUY,1,1,0.932,BUY,1,10,"EMA_26,SMA_50,EMA_12,OBV,SMA_10,MACD,BB_Upper,MACD_Signal,Volume_MA,Rolling_Volatility",EMA_26
INFY,2024-05-21,2024,1,Sideways,1,0.8582,BUY,1,1,0.9153,BUY,1,10,"EMA_26,SMA_50,EMA_12,OBV,SMA_10,MACD,BB_Upper,MACD_Signal,Volume_MA,Rolling_Volatility",EMA_26
INFY,2024-05-22,2024,1,Sideways,1,0.857,BUY,1,1,0.9219,BUY,1,10,"EMA_26,SMA_50,EMA_12,OBV,SMA_10,MACD,BB_Upper,MACD_Signal,Volume_MA,Rolling_Volatility",EMA_26
INFY,2024-05-23,2024,1,Sideways,1,0.8047,BUY,1,1,0.9332,BUY,1,10,"EMA_26,SMA_50,EMA_12,OBV,SMA_10,MACD,BB_Upper,MACD_Signal,Volume_MA,Rolling_Volatility",EMA_26
INFY,2024-05-24,2024,1,Sideways,1,0.7778,BUY,1,1,0.9386,BUY,1,10,"EMA_26,SMA_50,EMA_12,OBV,SMA_10,MACD,BB_Upper,MACD_Signal,Volume_MA,Rolling_Volatility",EMA_26
INFY,2024-05-27,2024,1,Sideways,1,0.7774,BUY,1,1,0.9389,BUY,1,10,"EMA_26,SMA_50,EMA_12,OBV,SMA_10,MACD,BB_Upper,MACD_Signal,Volume_MA,Rolling_Volatility",EMA_26
INFY,2024-05-28,2024,1,Sideways,1,0.6613,BUY,1,1,0.9399,BUY,1,10,"EMA_26,SMA_50,EMA_12,OBV,SMA_10,MACD,BB_Upper,MACD_Signal,Volume_MA,Rolling_Volatility",EMA_26
INFY,2024-05-29,2024,1,Sideways,1,0.6985,BUY,1,1,0.9425,BUY,1,10,"EMA_26,SMA_50,EMA_12,OBV,SMA_10,MACD,BB_Upper,MACD_Signal,Volume_MA,Rolling_Volatility",EMA_26
INFY,2024-05-30,2024,1,Sideways,1,0.6082,BUY,1,1,0.9428,BUY,1,10,"EMA_26,SMA_50,EMA_12,OBV,SMA_10,MACD,BB_Upper,MACD_Signal,Volume_MA,Rolling_Volatility",EMA_26
INFY,2024-05-31,2024,1,Sideways,1,0.8187,BUY,1,1,0.9622,BUY,1,10,"EMA_26,SMA_50,EMA_12,OBV,SMA_10,MACD,BB_Upper,MACD_Signal,Volume_MA,Rolling_Volatility",EMA_26
INFY,2024-06-03,2024,1,Sideways,1,0.8929,BUY,1,1,0.9641,BUY,1,10,"EMA_26,SMA_50,EMA_12,OBV,SMA_10,MACD,BB_Upper,MACD_Signal,Volume_MA,Rolling_Volatility",EMA_26
INFY,2024-06-04,2024,1,Sideways,1,0.9073,BUY,1,1,0.9677,BUY,1,10,"EMA_26,SMA_50,EMA_12,OBV,SMA_10,MACD,BB_Upper,MACD_Signal,Volume_MA,Rolling_Volatility",EMA_26
INFY,2024-06-05,2024,1,Sideways,1,0.8773,BUY,1,1,0.9703,BUY,1,10,"EMA_26,SMA_50,EMA_12,OBV,SMA_10,MACD,BB_Upper,MACD_Signal,Volume_MA,Rolling_Volatility",EMA_26
INFY,2024-06-06,2024,1,Sideways,1,0.9381,BUY,1,1,0.9699,BUY,1,10,"EMA_26,SMA_50,EMA_12,OBV,SMA_10,MACD,BB_Upper,MACD_Signal,Volume_MA,Rolling_Volatility",EMA_26
INFY,2024-06-07,2024,1,Sideways,1,0.8695,BUY,1,1,0.9556,BUY,1,10,"EMA_26,SMA_50,EMA_12,OBV,SMA_10,MACD,BB_Upper,MACD_Signal,Volume_MA,Rolling_Volatility",EMA_26
INFY,2024-06-10,2024,1,Sideways,1,0.9569,BUY,1,1,0.9468,BUY,1,10,"EMA_26,SMA_50,EMA_12,OBV,SMA_10,MACD,BB_Upper,MACD_Signal,Volume_MA,Rolling_Volatility",EMA_26
INFY,2024-06-11,2024,1,Sideways,1,0.9571,BUY,1,1,0.9408,BUY,1,10,"EMA_26,SMA_50,EMA_12,OBV,SMA_10,MACD,BB_Upper,MACD_Signal,Volume_MA,Rolling_Volatility",EMA_26
INFY,2024-06-12,2024,1,Sideways,1,0.9572,BUY,1,1,0.9134,BUY,1,10,"EMA_12,BB_Upper,SMA_50,OBV,MACD,SMA_10,EMA_26,SMA_20,Rolling_Volatility,RSI_14",EMA_12
INFY,2024-06-13,2024,1,Sideways,1,0.9571,BUY,1,1,0.9064,BUY,1,10,"EMA_12,BB_Upper,SMA_50,OBV,MACD,SMA_10,EMA_26,SMA_20,Rolling_Volatility,RSI_14",EMA_12
INFY,2024-06-14,2024,1,Sideways,1,0.9572,BUY,1,1,0.8999,BUY,1,10,"EMA_12,BB_Upper,SMA_50,OBV,MACD,SMA_10,EMA_26,SMA_20,Rolling_Volatility,RSI_14",EMA_12
INFY,2024-06-18,2024,1,Sideways,1,0.9555,BUY,1,1,0.8965,BUY,1,10,"EMA_12,BB_Upper,SMA_50,OBV,MACD,SMA_10,EMA_26,SMA_20,Rolling_Volatility,RSI_14",EMA_12
INFY,2024-06-19,2024,1,Sideways,1,0.8467,BUY,1,1,0.7378,BUY,1,10,"EMA_12,BB_Upper,SMA_50,OBV,MACD,SMA_10,EMA_26,SMA_20,Rolling_Volatility,RSI_14",EMA_12
INFY,2024-06-20,2024,1,Sideways,1,0.9048,BUY,1,1,0.8261,BUY,1,10,"EMA_12,BB_Upper,SMA_50,OBV,MACD,SMA_10,EMA_26,SMA_20,Rolling_Volatility,RSI_14",EMA_12
INFY,2024-06-21,2024,1,Sideways,1,0.901,BUY,1,1,0.8132,BUY,1,10,"EMA_12,BB_Upper,SMA_50,OBV,MACD,SMA_10,EMA_26,SMA_20,Rolling_Volatility,RSI_14",EMA_12
INFY,2024-06-24,2024,1,Sideways,1,0.9166,BUY,1,1,0.7865,BUY,1,10,"EMA_12,BB_Upper,SMA_50,OBV,MACD,SMA_10,EMA_26,SMA_20,Rolling_Volatility,RSI_14",EMA_12
INFY,2024-06-25,2024,1,Sideways,1,0.9499,BUY,1,1,0.872,BUY,1,10,"EMA_12,BB_Upper,SMA_50,OBV,MACD,SMA_10,EMA_26,SMA_20,Rolling_Volatility,RSI_14",EMA_12
INFY,2024-06-26,2024,1,Sideways,1,0.8147,BUY,1,1,0.8706,BUY,1,10,"EMA_12,BB_Upper,SMA_50,OBV,MACD,SMA_10,EMA_26,SMA_20,Rolling_Volatility,RSI_14",EMA_12
INFY,2024-06-27,2024,1,Sideways,1,0.6422,BUY,1,1,0.8363,BUY,1,10,"EMA_12,BB_Upper,SMA_50,OBV,MACD,SMA_10,EMA_26,SMA_20,Rolling_Volatility,RSI_14",EMA_12
INFY,2024-06-28,2024,1,Sideways,1,0.8016,BUY,1,1,0.7878,BUY,1,10,"EMA_12,BB_Upper,SMA_50,OBV,MACD,SMA_10,EMA_26,SMA_20,Rolling_Volatility,RSI_14",EMA_12
INFY,2024-07-01,2024,1,Sideways,1,0.7273,BUY,1,1,0.6921,BUY,1,10,"EMA_12,BB_Upper,SMA_50,OBV,MACD,SMA_10,EMA_26,SMA_20,Rolling_Volatility,RSI_14",EMA_12
INFY,2024-07-02,2024,1,Sideways,1,0.7296,BUY,1,1,0.5779,BUY,1,10,"EMA_12,BB_Upper,SMA_50,OBV,MACD,SMA_10,EMA_26,SMA_20,Rolling_Volatility,RSI_14",EMA_12
INFY,2024-07-03,2024,1,Sideways,1,0.7768,BUY,1,1,0.7461,BUY,1,10,"EMA_12,BB_Upper,SMA_50,OBV,MACD,SMA_10,EMA_26,SMA_20,Rolling_Volatility,RSI_14",EMA_12
INFY,2024-07-04,2024,1,Sideways,1,0.7985,BUY,1,1,0.7729,BUY,1,10,"EMA_12,BB_Upper,SMA_50,OBV,MACD,SMA_10,EMA_26,SMA_20,Rolling_Volatility,RSI_14",EMA_12
INFY,2024-07-05,2024,1,Sideways,1,0.793,BUY,1,1,0.77,BUY,1,10,"EMA_12,BB_Upper,SMA_50,OBV,MACD,SMA_10,EMA_26,SMA_20,Rolling_Volatility,RSI_14",EMA_12
INFY,2024-07-08,2024,1,Sideways,1,0.6529,BUY,1,1,0.7673,BUY,1,10,"EMA_12,BB_Upper,SMA_50,OBV,MACD,SMA_10,EMA_26,SMA_20,Rolling_Volatility,RSI_14",EMA_12
INFY,2024-07-09,2024,1,Sideways,1,0.7589,BUY,1,1,0.7613,BUY,1,10,"EMA_12,BB_Upper,SMA_50,OBV,MACD,SMA_10,EMA_26,SMA_20,Rolling_Volatility,RSI_14",EMA_12
INFY,2024-07-10,2024,1,Sideways,1,0.7517,BUY,1,1,0.7469,BUY,1,10,"EMA_12,BB_Upper,SMA_50,OBV,MACD,SMA_10,EMA_26,SMA_20,Rolling_Volatility,RSI_14",EMA_12
INFY,2024-07-11,2024,1,Sideways,1,0.7589,BUY,1,1,0.7433,BUY,1,10,"EMA_12,BB_Upper,SMA_50,OBV,MACD,SMA_10,EMA_26,SMA_20,Rolling_Volatility,RSI_14",EMA_12
INFY,2024-07-12,2024,1,Sideways,1,0.8134,BUY,1,1,0.7325,BUY,1,10,"EMA_12,BB_Upper,SMA_50,OBV,MACD,SMA_10,EMA_26,SMA_20,Rolling_Volatility,RSI_14",EMA_12
INFY,2024-07-15,2024,1,Sideways,1,0.7014,BUY,1,1,0.7607,BUY,1,10,"EMA_12,BB_Upper,SMA_50,OBV,MACD,SMA_10,EMA_26,SMA_20,Rolling_Volatility,RSI_14",EMA_12
INFY,2024-07-16,2024,1,Sideways,1,0.6267,BUY,1,1,0.7336,BUY,1,10,"EMA_12,BB_Upper,SMA_50,OBV,MACD,SMA_10,EMA_26,SMA_20,Rolling_Volatility,RSI_14",EMA_12
INFY,2024-07-18,2024,1,Sideways,1,0.6044,BUY,1,1,0.6842,BUY,1,10,"EMA_12,BB_Upper,SMA_50,OBV,MACD,SMA_10,EMA_26,SMA_20,Rolling_Volatility,RSI_14",EMA_12
INFY,2024-07-19,2024,1,Sideways,1,0.7288,BUY,1,1,0.617,BUY,1,10,"EMA_12,BB_Upper,SMA_50,OBV,MACD,SMA_10,EMA_26,SMA_20,Rolling_Volatility,RSI_14",EMA_12
INFY,2024-07-22,2024,1,Sideways,1,0.7074,BUY,1,1,0.5948,BUY,1,10,"EMA_12,BB_Upper,SMA_50,OBV,MACD,SMA_10,EMA_26,SMA_20,Rolling_Volatility,RSI_14",EMA_12
INFY,2024-07-23,2024,1,Sideways,1,0.6449,BUY,1,1,0.5888,BUY,1,10,"EMA_12,BB_Upper,SMA_50,OBV,MACD,SMA_10,EMA_26,SMA_20,Rolling_Volatility,RSI_14",EMA_12
INFY,2024-07-24,2024,1,Sideways,1,0.7384,BUY,1,1,0.5866,BUY,1,10,"EMA_12,BB_Upper,SMA_50,OBV,MACD,SMA_10,EMA_26,SMA_20,Rolling_Volatility,RSI_14",EMA_12
INFY,2024-07-25,2024,1,Sideways,1,0.6395,BUY,1,1,0.5835,BUY,1,10,"EMA_12,BB_Upper,SMA_50,OBV,MACD,SMA_10,EMA_26,SMA_20,Rolling_Volatility,RSI_14",EMA_12
INFY,2024-07-26,2024,0,Sideways,1,0.8205,BUY,0,0,0.537,NO TRADE,1,10,"OBV,SMA_50,EMA_26,Volume_MA,SMA_20,MACD_Signal,SMA_10,BB_Upper,EMA_12,Stochastic",OBV
INFY,2024-07-29,2024,1,Sideways,1,0.7181,BUY,1,0,0.6039,SELL,0,10,"OBV,SMA_50,EMA_26,Volume_MA,SMA_20,MACD_Signal,SMA_10,BB_Upper,EMA_12,Stochastic",OBV
INFY,2024-07-30,2024,1,Sideways,1,0.7943,BUY,1,0,0.595,SELL,0,10,"OBV,SMA_50,EMA_26,Volume_MA,SMA_20,MACD_Signal,SMA_10,BB_Upper,EMA_12,Stochastic",OBV
INFY,2024-07-31,2024,1,Sideways,1,0.7913,BUY,1,0,0.6435,SELL,0,10,"OBV,SMA_50,EMA_26,Volume_MA,SMA_20,MACD_Signal,SMA_10,BB_Upper,EMA_12,Stochastic",OBV
INFY,2024-08-01,2024,1,Sideways,1,0.7599,BUY,1,0,0.5475,NO TRADE,0,10,"OBV,SMA_50,EMA_26,Volume_MA,SMA_20,MACD_Signal,SMA_10,BB_Upper,EMA_12,Stochastic",OBV
INFY,2024-08-02,2024,1,Sideways,1,0.5869,BUY,1,0,0.5411,NO TRADE,0,10,"OBV,SMA_50,EMA_26,Volume_MA,SMA_20,MACD_Signal,SMA_10,BB_Upper,EMA_12,Stochastic",OBV
INFY,2024-08-05,2024,1,Sideways,0,0.6015,SELL,0,0,0.5345,NO TRADE,0,10,"OBV,SMA_50,EMA_26,Volume_MA,SMA_20,MACD_Signal,SMA_10,BB_Upper,EMA_12,Stochastic",OBV
INFY,2024-08-06,2024,1,Sideways,0,0.5215,NO TRADE,0,0,0.5252,NO TRADE,0,10,"OBV,SMA_50,EMA_26,Volume_MA,SMA_20,MACD_Signal,SMA_10,BB_Upper,EMA_12,Stochastic",OBV
INFY,2024-08-07,2024,1,Sideways,1,0.5371,NO TRADE,1,0,0.5126,NO TRADE,0,10,"OBV,SMA_50,EMA_26,Volume_MA,SMA_20,MACD_Signal,SMA_10,BB_Upper,EMA_12,Stochastic",OBV
INFY,2024-08-08,2024,1,Sideways,0,0.5043,NO TRADE,0,0,0.5068,NO TRADE,0,10,"OBV,SMA_50,EMA_26,Volume_MA,SMA_20,MACD_Signal,SMA_10,BB_Upper,EMA_12,Stochastic",OBV
INFY,2024-08-09,2024,1,Sideways,0,0.6935,SELL,0,0,0.5024,NO TRADE,0,10,"OBV,SMA_50,EMA_26,Volume_MA,SMA_20,MACD_Signal,SMA_10,BB_Upper,EMA_12,Stochastic",OBV
INFY,2024-08-12,2024,1,Sideways,1,0.53,NO TRADE,1,0,0.5158,NO TRADE,0,10,"OBV,SMA_50,EMA_26,Volume_MA,SMA_20,MACD_Signal,SMA_10,BB_Upper,EMA_12,Stochastic",OBV
INFY,2024-08-13,2024,1,Sideways,1,0.5249,NO TRADE,1,1,0.5015,NO TRADE,1,10,"OBV,SMA_50,EMA_26,Volume_MA,SMA_20,MACD_Signal,SMA_10,BB_Upper,EMA_12,Stochastic",OBV
INFY,2024-08-14,2024,1,Sideways,0,0.5201,NO TRADE,0,1,0.5269,NO TRADE,1,10,"OBV,SMA_50,EMA_26,Volume_MA,SMA_20,MACD_Signal,SMA_10,BB_Upper,EMA_12,Stochastic",OBV
INFY,2024-08-16,2024,1,Sideways,1,0.5273,NO TRADE,1,1,0.5582,BUY,1,10,"OBV,SMA_50,EMA_26,Volume_MA,SMA_20,MACD_Signal,SMA_10,BB_Upper,EMA_12,Stochastic",OBV
INFY,2024-08-19,2024,1,Sideways,1,0.6093,BUY,1,1,0.5412,NO TRADE,1,10,"OBV,SMA_50,EMA_26,Volume_MA,SMA_20,MACD_Signal,SMA_10,BB_Upper,EMA_12,Stochastic",OBV
INFY,2024-08-20,2024,1,Sideways,1,0.5422,NO TRADE,1,0,0.5434,NO TRADE,0,10,"OBV,SMA_50,EMA_26,Volume_MA,SMA_20,MACD_Signal,SMA_10,BB_Upper,EMA_12,Stochastic",OBV
INFY,2024-08-21,2024,1,Sideways,1,0.6685,BUY,1,1,0.5294,NO TRADE,1,10,"OBV,SMA_50,EMA_26,Volume_MA,SMA_20,MACD_Signal,SMA_10,BB_Upper,EMA_12,Stochastic",OBV
INFY,2024-08-22,2024,1,Sideways,1,0.6339,BUY,1,1,0.5711,BUY,1,10,"OBV,SMA_50,EMA_26,Volume_MA,SMA_20,MACD_Signal,SMA_10,BB_Upper,EMA_12,Stochastic",OBV
INFY,2024-08-23,2024,1,Sideways,1,0.6268,BUY,1,1,0.6182,BUY,1,10,"OBV,SMA_50,EMA_26,Volume_MA,SMA_20,MACD_Signal,SMA_10,BB_Upper,EMA_12,Stochastic",OBV
INFY,2024-08-26,2024,1,Sideways,1,0.6755,BUY,1,1,0.6606,BUY,1,10,"OBV,SMA_50,EMA_26,Volume_MA,SMA_20,MACD_Signal,SMA_10,BB_Upper,EMA_12,Stochastic",OBV
INFY,2024-08-27,2024,0,Sideways,1,0.6935,BUY,0,1,0.6911,BUY,0,10,"OBV,SMA_50,EMA_26,Volume_MA,SMA_20,MACD_Signal,SMA_10,BB_Upper,EMA_12,Stochastic",OBV
INFY,2024-08-28,2024,0,Sideways,1,0.6735,BUY,0,1,0.5739,BUY,0,10,"OBV,SMA_50,EMA_26,Volume_MA,SMA_20,MACD_Signal,SMA_10,BB_Upper,EMA_12,Stochastic",OBV
INFY,2024-08-29,2024,0,Sideways,1,0.7156,BUY,0,0,0.5955,SELL,1,10,"OBV,SMA_50,EMA_26,Volume_MA,SMA_20,MACD_Signal,SMA_10,BB_Upper,EMA_12,Stochastic",OBV
INFY,2024-08-30,2024,0,Sideways,1,0.5851,BUY,0,0,0.7085,SELL,1,10,"OBV,SMA_50,EMA_26,Volume_MA,SMA_20,MACD_Signal,SMA_10,BB_Upper,EMA_12,Stochastic",OBV
INFY,2024-09-02,2024,0,Sideways,1,0.5315,NO TRADE,0,0,0.7428,SELL,1,10,"OBV,SMA_50,EMA_26,Volume_MA,SMA_20,MACD_Signal,SMA_10,BB_Upper,EMA_12,Stochastic",OBV
INFY,2024-09-03,2024,0,Sideways,0,0.5433,NO TRADE,1,0,0.8135,SELL,1,10,"OBV,SMA_50,EMA_26,Volume_MA,SMA_20,MACD_Signal,SMA_10,BB_Upper,EMA_12,Stochastic",OBV
INFY,2024-09-04,2024,0,Sideways,0,0.6685,SELL,1,0,0.7503,SELL,1,10,"OBV,SMA_50,EMA_26,Volume_MA,SMA_20,MACD_Signal,SMA_10,BB_Upper,EMA_12,Stochastic",OBV
INFY,2024-09-05,2024,0,Sideways,0,0.6761,SELL,1,0,0.8467,SELL,1,10,"OBV,SMA_50,EMA_26,Volume_MA,SMA_20,MACD_Signal,SMA_10,BB_Upper,EMA_12,Stochastic",OBV
INFY,2024-09-06,2024,1,Sideways,0,0.8025,SELL,0,0,0.8505,SELL,0,10,"OBV,SMA_50,EMA_26,Volume_MA,SMA_20,MACD_Signal,SMA_10,BB_Upper,EMA_12,Stochastic",OBV
INFY,2024-09-09,2024,1,Sideways,0,0.6136,SELL,0,0,0.8038,SELL,0,10,"MACD_Signal,BB_Upper,Rolling_Median_Return,SMA_50,OBV,Rolling_Volatility,ATR_14,Volume_MA,SMA_10,EMA_26",MACD_Signal
INFY,2024-09-10,2024,1,Sideways,0,0.6652,SELL,0,0,0.7111,SELL,0,10,"MACD_Signal,BB_Upper,Rolling_Median_Return,SMA_50,OBV,Rolling_Volatility,ATR_14,Volume_MA,SMA_10,EMA_26",MACD_Signal
INFY,2024-09-11,2024,1,Sideways,0,0.8557,SELL,0,0,0.7034,SELL,0,10,"MACD_Signal,BB_Upper,Rolling_Median_Return,SMA_50,OBV,Rolling_Volatility,ATR_14,Volume_MA,SMA_10,EMA_26",MACD_Signal
INFY,2024-09-12,2024,0,Sideways,0,0.7565,SELL,1,0,0.648,SELL,1,10,"MACD_Signal,BB_Upper,Rolling_Median_Return,SMA_50,OBV,Rolling_Volatility,ATR_14,Volume_MA,SMA_10,EMA_26",MACD_Signal
INFY,2024-09-13,2024,1,Sideways,0,0.9223,SELL,0,0,0.8247,SELL,0,10,"MACD_Signal,BB_Upper,Rolling_Median_Return,SMA_50,OBV,Rolling_Volatility,ATR_14,Volume_MA,SMA_10,EMA_26",MACD_Signal
INFY,2024-09-16,2024,1,Sideways,0,0.8514,SELL,0,0,0.7831,SELL,0,10,"MACD_Signal,BB_Upper,Rolling_Median_Return,SMA_50,OBV,Rolling_Volatility,ATR_14,Volume_MA,SMA_10,EMA_26",MACD_Signal
INFY,2024-09-17,2024,0,Sideways,0,0.528,NO TRADE,1,0,0.7084,SELL,1,10,"MACD_Signal,BB_Upper,Rolling_Median_Return,SMA_50,OBV,Rolling_Volatility,ATR_14,Volume_MA,SMA_10,EMA_26",MACD_Signal
INFY,2024-09-18,2024,1,Sideways,0,0.6043,SELL,0,0,0.7504,SELL,0,10,"MACD_Signal,BB_Upper,Rolling_Median_Return,SMA_50,OBV,Rolling_Volatility,ATR_14,Volume_MA,SMA_10,EMA_26",MACD_Signal
INFY,2024-09-19,2024,0,Sideways,0,0.5055,NO TRADE,1,0,0.7479,SELL,1,10,"MACD_Signal,BB_Upper,Rolling_Median_Return,SMA_50,OBV,Rolling_Volatility,ATR_14,Volume_MA,SMA_10,EMA_26",MACD_Signal
INFY,2024-09-20,2024,0,Sideways,0,0.6691,SELL,1,0,0.8092,SELL,1,10,"MACD_Signal,BB_Upper,Rolling_Median_Return,SMA_50,OBV,Rolling_Volatility,ATR_14,Volume_MA,SMA_10,EMA_26",MACD_Signal
INFY,2024-09-23,2024,0,Sideways,0,0.8864,SELL,1,0,0.8216,SELL,1,10,"MACD_Signal,BB_Upper,Rolling_Median_Return,SMA_50,OBV,Rolling_Volatility,ATR_14,Volume_MA,SMA_10,EMA_26",MACD_Signal
INFY,2024-09-24,2024,0,Sideways,0,0.8229,SELL,1,0,0.8269,SELL,1,10,"MACD_Signal,BB_Upper,Rolling_Median_Return,SMA_50,OBV,Rolling_Volatility,ATR_14,Volume_MA,SMA_10,EMA_26",MACD_Signal
INFY,2024-09-25,2024,0,Sideways,0,0.8889,SELL,1,0,0.8327,SELL,1,10,"MACD_Signal,BB_Upper,Rolling_Median_Return,SMA_50,OBV,Rolling_Volatility,ATR_14,Volume_MA,SMA_10,EMA_26",MACD_Signal
INFY,2024-09-26,2024,0,Sideways,0,0.8098,SELL,1,0,0.8357,SELL,1,10,"MACD_Signal,BB_Upper,Rolling_Median_Return,SMA_50,OBV,Rolling_Volatility,ATR_14,Volume_MA,SMA_10,EMA_26",MACD_Signal
INFY,2024-09-27,2024,0,Sideways,0,0.7389,SELL,1,0,0.8395,SELL,1,10,"MACD_Signal,BB_Upper,Rolling_Median_Return,SMA_50,OBV,Rolling_Volatility,ATR_14,Volume_MA,SMA_10,EMA_26",MACD_Signal
INFY,2024-09-30,2024,0,Sideways,0,0.8457,SELL,1,0,0.8423,SELL,1,10,"MACD_Signal,BB_Upper,Rolling_Median_Return,SMA_50,OBV,Rolling_Volatility,ATR_14,Volume_MA,SMA_10,EMA_26",MACD_Signal
INFY,2024-10-01,2024,0,Sideways,0,0.7904,SELL,1,0,0.8451,SELL,1,10,"MACD_Signal,BB_Upper,Rolling_Median_Return,SMA_50,OBV,Rolling_Volatility,ATR_14,Volume_MA,SMA_10,EMA_26",MACD_Signal
INFY,2024-10-03,2024,0,Sideways,0,0.7983,SELL,1,0,0.8461,SELL,1,10,"MACD_Signal,BB_Upper,Rolling_Median_Return,SMA_50,OBV,Rolling_Volatility,ATR_14,Volume_MA,SMA_10,EMA_26",MACD_Signal
INFY,2024-10-04,2024,0,Sideways,0,0.8042,SELL,1,0,0.8442,SELL,1,10,"MACD_Signal,BB_Upper,Rolling_Median_Return,SMA_50,OBV,Rolling_Volatility,ATR_14,Volume_MA,SMA_10,EMA_26",MACD_Signal
INFY,2024-10-07,2024,0,Sideways,0,0.7589,SELL,1,0,0.8481,SELL,1,10,"MACD_Signal,BB_Upper,Rolling_Median_Return,SMA_50,OBV,Rolling_Volatility,ATR_14,Volume_MA,SMA_10,EMA_26",MACD_Signal
INFY,2024-10-08,2024,0,Sideways,0,0.768,SELL,1,0,0.8506,SELL,1,10,"MACD_Signal,BB_Upper,Rolling_Median_Return,SMA_50,OBV,Rolling_Volatility,ATR_14,Volume_MA,SMA_10,EMA_26",MACD_Signal
INFY,2024-10-09,2024,0,Sideways,0,0.7136,SELL,1,0,0.8549,SELL,1,10,"MACD_Signal,BB_Upper,Rolling_Median_Return,SMA_50,OBV,Rolling_Volatility,ATR_14,Volume_MA,SMA_10,EMA_26",MACD_Signal
INFY,2024-10-10,2024,0,Sideways,0,0.7451,SELL,1,0,0.8581,SELL,1,10,"MACD_Signal,BB_Upper,Rolling_Median_Return,SMA_50,OBV,Rolling_Volatility,ATR_14,Volume_MA,SMA_10,EMA_26",MACD_Signal
INFY,2024-10-11,2024,0,Sideways,0,0.7408,SELL,1,0,0.8625,SELL,1,10,"MACD_Signal,BB_Upper,Rolling_Median_Return,SMA_50,OBV,Rolling_Volatility,ATR_14,Volume_MA,SMA_10,EMA_26",MACD_Signal
INFY,2024-10-14,2024,0,Sideways,0,0.702,SELL,1,0,0.885,SELL,1,10,"MACD_Signal,BB_Upper,Rolling_Median_Return,SMA_50,OBV,Rolling_Volatility,ATR_14,Volume_MA,SMA_10,EMA_26",MACD_Signal
INFY,2024-10-15,2024,0,Sideways,0,0.7897,SELL,1,0,0.8792,SELL,1,10,"MACD_Signal,BB_Upper,Rolling_Median_Return,SMA_50,OBV,Rolling_Volatility,ATR_14,Volume_MA,SMA_10,EMA_26",MACD_Signal
INFY,2024-10-16,2024,0,Sideways,0,0.8158,SELL,1,0,0.882,SELL,1,10,"MACD_Signal,BB_Upper,Rolling_Median_Return,SMA_50,OBV,Rolling_Volatility,ATR_14,Volume_MA,SMA_10,EMA_26",MACD_Signal
INFY,2024-10-17,2024,0,Sideways,0,0.7973,SELL,1,0,0.88,SELL,1,10,"MACD_Signal,BB_Upper,Rolling_Median_Return,SMA_50,OBV,Rolling_Volatility,ATR_14,Volume_MA,SMA_10,EMA_26",MACD_Signal
INFY,2024-10-18,2024,0,Sideways,0,0.6802,SELL,1,0,0.8732,SELL,1,10,"MACD_Signal,BB_Upper,Rolling_Median_Return,SMA_50,OBV,Rolling_Volatility,ATR_14,Volume_MA,SMA_10,EMA_26",MACD_Signal
INFY,2024-10-21,2024,0,Sideways,0,0.787,SELL,1,0,0.8986,SELL,1,10,"MACD_Signal,BB_Upper,Rolling_Median_Return,SMA_50,OBV,Rolling_Volatility,ATR_14,Volume_MA,SMA_10,EMA_26",MACD_Signal
INFY,2024-10-22,2024,1,Sideways,0,0.8299,SELL,0,0,0.6035,SELL,0,10,"Volume_MA,SMA_50,Rolling_Mean_Return,MACD,MFI,MACD_Hist,ADX,MACD_Signal,OBV,CCI",Volume_MA
INFY,2024-10-23,2024,1,Sideways,0,0.6406,SELL,0,1,0.5445,NO TRADE,1,10,"Volume_MA,SMA_50,Rolling_Mean_Return,MACD,MFI,MACD_Hist,ADX,MACD_Signal,OBV,CCI",Volume_MA
INFY,2024-10-24,2024,1,Sideways,0,0.6017,SELL,0,0,0.5859,SELL,0,10,"Volume_MA,SMA_50,Rolling_Mean_Return,MACD,MFI,MACD_Hist,ADX,MACD_Signal,OBV,CCI",Volume_MA
INFY,2024-10-25,2024,1,Sideways,0,0.5987,SELL,0,0,0.5685,SELL,0,10,"Volume_MA,SMA_50,Rolling_Mean_Return,MACD,MFI,MACD_Hist,ADX,MACD_Signal,OBV,CCI",Volume_MA
INFY,2024-10-28,2024,1,Sideways,0,0.5888,SELL,0,0,0.6452,SELL,0,10,"Volume_MA,SMA_50,Rolling_Mean_Return,MACD,MFI,MACD_Hist,ADX,MACD_Signal,OBV,CCI",Volume_MA
INFY,2024-10-29,2024,1,Sideways,0,0.5027,NO TRADE,0,1,0.5127,NO TRADE,1,10,"Volume_MA,SMA_50,Rolling_Mean_Return,MACD,MFI,MACD_Hist,ADX,MACD_Signal,OBV,CCI",Volume_MA
INFY,2024-10-30,2024,1,Sideways,1,0.5668,BUY,1,1,0.5628,BUY,1,10,"Volume_MA,SMA_50,Rolling_Mean_Return,MACD,MFI,MACD_Hist,ADX,MACD_Signal,OBV,CCI",Volume_MA
INFY,2024-10-31,2024,1,Sideways,1,0.5125,NO TRADE,1,1,0.603,BUY,1,10,"Volume_MA,SMA_50,Rolling_Mean_Return,MACD,MFI,MACD_Hist,ADX,MACD_Signal,OBV,CCI",Volume_MA
INFY,2024-11-01,2024,1,Sideways,0,0.5088,NO TRADE,0,1,0.5929,BUY,1,10,"Volume_MA,SMA_50,Rolling_Mean_Return,MACD,MFI,MACD_Hist,ADX,MACD_Signal,OBV,CCI",Volume_MA
INFY,2024-11-04,2024,1,Sideways,0,0.5801,SELL,0,1,0.5595,BUY,1,10,"Volume_MA,SMA_50,Rolling_Mean_Return,MACD,MFI,MACD_Hist,ADX,MACD_Signal,OBV,CCI",Volume_MA
INFY,2024-11-05,2024,1,Sideways,0,0.6686,SELL,0,1,0.6132,BUY,1,10,"Volume_MA,SMA_50,Rolling_Mean_Return,MACD,MFI,MACD_Hist,ADX,MACD_Signal,OBV,CCI",Volume_MA
INFY,2024-11-06,2024,1,Sideways,1,0.5978,BUY,1,1,0.7107,BUY,1,10,"Volume_MA,SMA_50,Rolling_Mean_Return,MACD,MFI,MACD_Hist,ADX,MACD_Signal,OBV,CCI",Volume_MA
INFY,2024-11-07,2024,1,Sideways,1,0.5835,BUY,1,1,0.6998,BUY,1,10,"Volume_MA,SMA_50,Rolling_Mean_Return,MACD,MFI,MACD_Hist,ADX,MACD_Signal,OBV,CCI",Volume_MA
INFY,2024-11-08,2024,1,Sideways,1,0.6457,BUY,1,1,0.6969,BUY,1,10,"Volume_MA,SMA_50,Rolling_Mean_Return,MACD,MFI,MACD_Hist,ADX,MACD_Signal,OBV,CCI",Volume_MA
INFY,2024-11-11,2024,1,Sideways,1,0.6663,BUY,1,1,0.6917,BUY,1,10,"Volume_MA,SMA_50,Rolling_Mean_Return,MACD,MFI,MACD_Hist,ADX,MACD_Signal,OBV,CCI",Volume_MA
INFY,2024-11-12,2024,1,Sideways,1,0.6723,BUY,1,1,0.6918,BUY,1,10,"Volume_MA,SMA_50,Rolling_Mean_Return,MACD,MFI,MACD_Hist,ADX,MACD_Signal,OBV,CCI",Volume_MA
INFY,2024-11-13,2024,1,Sideways,1,0.6689,BUY,1,1,0.694,BUY,1,10,"Volume_MA,SMA_50,Rolling_Mean_Return,MACD,MFI,MACD_Hist,ADX,MACD_Signal,OBV,CCI",Volume_MA
INFY,2024-11-14,2024,1,Sideways,1,0.7284,BUY,1,1,0.586,BUY,1,10,"Volume_MA,SMA_50,Rolling_Mean_Return,MACD,MFI,MACD_Hist,ADX,MACD_Signal,OBV,CCI",Volume_MA
INFY,2024-11-18,2024,1,Sideways,1,0.7299,BUY,1,1,0.6559,BUY,1,10,"Volume_MA,SMA_50,Rolling_Mean_Return,MACD,MFI,MACD_Hist,ADX,MACD_Signal,OBV,CCI",Volume_MA
INFY,2024-11-19,2024,1,Sideways,1,0.7429,BUY,1,1,0.6791,BUY,1,10,"Volume_MA,SMA_50,Rolling_Mean_Return,MACD,MFI,MACD_Hist,ADX,MACD_Signal,OBV,CCI",Volume_MA
INFY,2024-11-21,2024,1,Sideways,1,0.7545,BUY,1,1,0.6778,BUY,1,10,"Volume_MA,SMA_50,Rolling_Mean_Return,MACD,MFI,MACD_Hist,ADX,MACD_Signal,OBV,CCI",Volume_MA
INFY,2024-11-22,2024,1,Sideways,1,0.7998,BUY,1,1,0.6476,BUY,1,10,"Volume_MA,SMA_50,Rolling_Mean_Return,MACD,MFI,MACD_Hist,ADX,MACD_Signal,OBV,CCI",Volume_MA
INFY,2024-11-25,2024,1,Sideways,1,0.77,BUY,1,1,0.6018,BUY,1,10,"Volume_MA,SMA_50,Rolling_Mean_Return,MACD,MFI,MACD_Hist,ADX,MACD_Signal,OBV,CCI",Volume_MA
INFY,2024-11-26,2024,0,Sideways,1,0.7847,BUY,0,1,0.6393,BUY,0,10,"Volume_MA,SMA_50,Rolling_Mean_Return,MACD,MFI,MACD_Hist,ADX,MACD_Signal,OBV,CCI",Volume_MA
INFY,2024-11-27,2024,0,Sideways,1,0.6677,BUY,0,1,0.5764,BUY,0,10,"Volume_MA,SMA_50,Rolling_Mean_Return,MACD,MFI,MACD_Hist,ADX,MACD_Signal,OBV,CCI",Volume_MA
INFY,2024-11-28,2024,1,Sideways,1,0.7931,BUY,1,1,0.5133,NO TRADE,1,10,"Volume_MA,SMA_50,Rolling_Mean_Return,MACD,MFI,MACD_Hist,ADX,MACD_Signal,OBV,CCI",Volume_MA
INFY,2024-11-29,2024,1,Sideways,1,0.7364,BUY,1,1,0.6455,BUY,1,10,"Volume_MA,SMA_50,Rolling_Mean_Return,MACD,MFI,MACD_Hist,ADX,MACD_Signal,OBV,CCI",Volume_MA
INFY,2024-12-02,2024,1,Sideways,1,0.6233,BUY,1,1,0.6691,BUY,1,10,"Volume_MA,SMA_50,Rolling_Mean_Return,MACD,MFI,MACD_Hist,ADX,MACD_Signal,OBV,CCI",Volume_MA
HINDUNILVR,2022-01-03,2022,0,Sideways,1,0.5895,BUY,0,1,0.5776,BUY,0,10,"OBV,SMA_20,BB_Upper,ATR_14,Return_5d,MACD_Signal,SMA_50,Volume_MA,ADX,Williams_R",OBV
HINDUNILVR,2022-01-04,2022,0,Sideways,1,0.6379,BUY,0,1,0.5702,BUY,0,10,"OBV,MACD_Signal,Volume_MA,ROC,Stochastic,ADX,EMA_26,ATR_14,Rolling_Std_10,MACD_Hist",OBV
HINDUNILVR,2022-01-05,2022,0,Sideways,1,0.5035,NO TRADE,0,1,0.5134,NO TRADE,0,10,"OBV,MACD_Signal,Volume_MA,ROC,Stochastic,ADX,EMA_26,ATR_14,Rolling_Std_10,MACD_Hist",OBV
HINDUNILVR,2022-01-06,2022,0,Sideways,0,0.5612,SELL,1,1,0.5759,BUY,0,10,"OBV,MACD_Signal,Volume_MA,ROC,Stochastic,ADX,EMA_26,ATR_14,Rolling_Std_10,MACD_Hist",OBV
HINDUNILVR,2022-01-07,2022,0,Sideways,0,0.5874,SELL,1,0,0.5198,NO TRADE,1,10,"OBV,MACD_Signal,Volume_MA,ROC,Stochastic,ADX,EMA_26,ATR_14,Rolling_Std_10,MACD_Hist",OBV
HINDUNILVR,2022-01-10,2022,0,Sideways,0,0.5939,SELL,1,0,0.5349,NO TRADE,1,10,"OBV,MACD_Signal,Volume_MA,ROC,Stochastic,ADX,EMA_26,ATR_14,Rolling_Std_10,MACD_Hist",OBV
HINDUNILVR,2022-01-11,2022,0,Sideways,0,0.7476,SELL,1,0,0.5657,SELL,1,10,"OBV,MACD_Signal,Volume_MA,ROC,Stochastic,ADX,EMA_26,ATR_14,Rolling_Std_10,MACD_Hist",OBV
HINDUNILVR,2022-01-12,2022,0,Sideways,0,0.7837,SELL,1,0,0.5922,SELL,1,10,"OBV,MACD_Signal,Volume_MA,ROC,Stochastic,ADX,EMA_26,ATR_14,Rolling_Std_10,MACD_Hist",OBV
HINDUNILVR,2022-01-13,2022,0,Sideways,0,0.8528,SELL,1,0,0.6246,SELL,1,10,"OBV,MACD_Signal,Volume_MA,ROC,Stochastic,ADX,EMA_26,ATR_14,Rolling_Std_10,MACD_Hist",OBV
HINDUNILVR,2022-01-14,2022,0,Sideways,0,0.6465,SELL,1,0,0.55,NO TRADE,1,10,"OBV,MACD_Signal,Volume_MA,ROC,Stochastic,ADX,EMA_26,ATR_14,Rolling_Std_10,MACD_Hist",OBV
HINDUNILVR,2022-01-17,2022,0,Sideways,0,0.7521,SELL,1,0,0.5106,NO TRADE,1,10,"OBV,MACD_Signal,Volume_MA,ROC,Stochastic,ADX,EMA_26,ATR_14,Rolling_Std_10,MACD_Hist",OBV
HINDUNILVR,2022-01-18,2022,0,Sideways,0,0.6547,SELL,1,0,0.6078,SELL,1,10,"OBV,MACD_Signal,Volume_MA,ROC,Stochastic,ADX,EMA_26,ATR_14,Rolling_Std_10,MACD_Hist",OBV
HINDUNILVR,2022-01-19,2022,0,Sideways,0,0.5365,NO TRADE,1,0,0.5623,SELL,1,10,"OBV,MACD_Signal,Volume_MA,ROC,Stochastic,ADX,EMA_26,ATR_14,Rolling_Std_10,MACD_Hist",OBV
HINDUNILVR,2022-01-20,2022,1,Sideways,1,0.612,BUY,1,1,0.5561,BUY,1,10,"OBV,MACD_Signal,Volume_MA,ROC,Stochastic,ADX,EMA_26,ATR_14,Rolling_Std_10,MACD_Hist",OBV
HINDUNILVR,2022-01-21,2022,0,Sideways,1,0.8138,BUY,0,1,0.6427,BUY,0,10,"OBV,MACD_Signal,Volume_MA,ROC,Stochastic,ADX,EMA_26,ATR_14,Rolling_Std_10,MACD_Hist",OBV
HINDUNILVR,2022-01-24,2022,0,Sideways,0,0.5397,NO TRADE,1,1,0.6372,BUY,0,10,"OBV,MACD_Signal,Volume_MA,ROC,Stochastic,ADX,EMA_26,ATR_14,Rolling_Std_10,MACD_Hist",OBV
HINDUNILVR,2022-01-25,2022,0,Sideways,0,0.6749,SELL,1,1,0.6035,BUY,0,10,"OBV,MACD_Signal,Volume_MA,ROC,Stochastic,ADX,EMA_26,ATR_14,Rolling_Std_10,MACD_Hist",OBV
HINDUNILVR,2022-01-27,2022,0,Sideways,0,0.7995,SELL,1,1,0.6051,BUY,0,10,"OBV,MACD_Signal,Volume_MA,ROC,Stochastic,ADX,EMA_26,ATR_14,Rolling_Std_10,MACD_Hist",OBV
HINDUNILVR,2022-01-28,2022,0,Sideways,0,0.8572,SELL,1,1,0.6062,BUY,0,10,"OBV,MACD_Signal,Volume_MA,ROC,Stochastic,ADX,EMA_26,ATR_14,Rolling_Std_10,MACD_Hist",OBV
HINDUNILVR,2022-01-31,2022,0,Sideways,0,0.8616,SELL,1,1,0.597,BUY,0,10,"OBV,MACD_Signal,Volume_MA,ROC,Stochastic,ADX,EMA_26,ATR_14,Rolling_Std_10,MACD_Hist",OBV
HINDUNILVR,2022-02-01,2022,0,Sideways,0,0.8567,SELL,1,1,0.5872,BUY,0,10,"OBV,MACD_Signal,Volume_MA,ROC,Stochastic,ADX,EMA_26,ATR_14,Rolling_Std_10,MACD_Hist",OBV
HINDUNILVR,2022-02-02,2022,0,Sideways,0,0.8629,SELL,1,1,0.5808,BUY,0,10,"OBV,MACD_Signal,Volume_MA,ROC,Stochastic,ADX,EMA_26,ATR_14,Rolling_Std_10,MACD_Hist",OBV
HINDUNILVR,2022-02-03,2022,0,Sideways,0,0.8716,SELL,1,1,0.5566,BUY,0,10,"OBV,MACD_Signal,Volume_MA,ROC,Stochastic,ADX,EMA_26,ATR_14,Rolling_Std_10,MACD_Hist",OBV
HINDUNILVR,2022-02-04,2022,0,Sideways,0,0.8896,SELL,1,1,0.5131,NO TRADE,0,10,"OBV,MACD_Signal,Volume_MA,ROC,Stochastic,ADX,EMA_26,ATR_14,Rolling_Std_10,MACD_Hist",OBV
HINDUNILVR,2022-02-07,2022,0,Sideways,0,0.8304,SELL,1,0,0.5389,NO TRADE,1,10,"OBV,MACD_Signal,Volume_MA,ROC,Stochastic,ADX,EMA_26,ATR_14,Rolling_Std_10,MACD_Hist",OBV
HINDUNILVR,2022-02-08,2022,0,Sideways,0,0.9325,SELL,1,0,0.5538,SELL,1,10,"OBV,MACD_Signal,Volume_MA,ROC,Stochastic,ADX,EMA_26,ATR_14,Rolling_Std_10,MACD_Hist",OBV
HINDUNILVR,2022-02-09,2022,0,Sideways,0,0.9497,SELL,1,0,0.6087,SELL,1,10,"OBV,MACD_Signal,Volume_MA,ROC,Stochastic,ADX,EMA_26,ATR_14,Rolling_Std_10,MACD_Hist",OBV
HINDUNILVR,2022-02-10,2022,0,Sideways,0,0.9649,SELL,1,0,0.6225,SELL,1,10,"OBV,MACD_Signal,Volume_MA,ROC,Stochastic,ADX,EMA_26,ATR_14,Rolling_Std_10,MACD_Hist",OBV
HINDUNILVR,2022-02-11,2022,0,Sideways,0,0.9742,SELL,1,0,0.615,SELL,1,10,"OBV,MACD_Signal,Volume_MA,ROC,Stochastic,ADX,EMA_26,ATR_14,Rolling_Std_10,MACD_Hist",OBV
HINDUNILVR,2022-02-14,2022,0,Sideways,0,0.9836,SELL,1,0,0.6207,SELL,1,10,"OBV,MACD_Signal,Volume_MA,ROC,Stochastic,ADX,EMA_26,ATR_14,Rolling_Std_10,MACD_Hist",OBV
HINDUNILVR,2022-02-15,2022,0,Sideways,0,0.9137,SELL,1,0,0.5758,SELL,1,10,"OBV,MACD_Signal,Volume_MA,ROC,Stochastic,ADX,EMA_26,ATR_14,Rolling_Std_10,MACD_Hist",OBV
HINDUNILVR,2022-02-16,2022,0,Sideways,0,0.9888,SELL,1,0,0.6673,SELL,1,10,"OBV,ROC,Volume_MA,MACD_Signal,ADX,SMA_50,Rolling_Volatility,Return_5d,BB_Upper,Rolling_Std_10",OBV
HINDUNILVR,2022-02-17,2022,0,Sideways,0,0.9827,SELL,1,0,0.6896,SELL,1,10,"OBV,ROC,Volume_MA,MACD_Signal,ADX,SMA_50,Rolling_Volatility,Return_5d,BB_Upper,Rolling_Std_10",OBV
HINDUNILVR,2022-02-18,2022,0,Sideways,0,0.9849,SELL,1,0,0.6879,SELL,1,10,"OBV,ROC,Volume_MA,MACD_Signal,ADX,SMA_50,Rolling_Volatility,Return_5d,BB_Upper,Rolling_Std_10",OBV
HINDUNILVR,2022-02-21,2022,0,Sideways,0,0.9873,SELL,1,0,0.7147,SELL,1,10,"OBV,ROC,Volume_MA,MACD_Signal,ADX,SMA_50,Rolling_Volatility,Return_5d,BB_Upper,Rolling_Std_10",OBV
HINDUNILVR,2022-02-22,2022,0,Sideways,0,0.9228,SELL,1,0,0.7127,SELL,1,10,"OBV,ROC,Volume_MA,MACD_Signal,ADX,SMA_50,Rolling_Volatility,Return_5d,BB_Upper,Rolling_Std_10",OBV
HINDUNILVR,2022-02-23,2022,0,Sideways,0,0.9358,SELL,1,0,0.7026,SELL,1,10,"OBV,ROC,Volume_MA,MACD_Signal,ADX,SMA_50,Rolling_Volatility,Return_5d,BB_Upper,Rolling_Std_10",OBV
HINDUNILVR,2022-02-24,2022,0,Sideways,0,0.8523,SELL,1,0,0.6288,SELL,1,10,"OBV,ROC,Volume_MA,MACD_Signal,ADX,SMA_50,Rolling_Volatility,Return_5d,BB_Upper,Rolling_Std_10",OBV
HINDUNILVR,2022-02-25,2022,0,Sideways,0,0.9982,SELL,1,0,0.6368,SELL,1,10,"OBV,ROC,Volume_MA,MACD_Signal,ADX,SMA_50,Rolling_Volatility,Return_5d,BB_Upper,Rolling_Std_10",OBV
HINDUNILVR,2022-02-28,2022,0,Sideways,0,0.9991,SELL,1,0,0.6622,SELL,1,10,"OBV,ROC,Volume_MA,MACD_Signal,ADX,SMA_50,Rolling_Volatility,Return_5d,BB_Upper,Rolling_Std_10",OBV
HINDUNILVR,2022-03-02,2022,0,Sideways,0,0.9998,SELL,1,0,0.7413,SELL,1,10,"OBV,ROC,Volume_MA,MACD_Signal,ADX,SMA_50,Rolling_Volatility,Return_5d,BB_Upper,Rolling_Std_10",OBV
HINDUNILVR,2022-03-03,2022,0,Sideways,0,0.9978,SELL,1,0,0.7279,SELL,1,10,"OBV,ROC,Volume_MA,MACD_Signal,ADX,SMA_50,Rolling_Volatility,Return_5d,BB_Upper,Rolling_Std_10",OBV
HINDUNILVR,2022-03-04,2022,1,Sideways,0,0.7214,SELL,0,0,0.75,SELL,0,10,"OBV,ROC,Volume_MA,MACD_Signal,ADX,SMA_50,Rolling_Volatility,Return_5d,BB_Upper,Rolling_Std_10",OBV
HINDUNILVR,2022-03-07,2022,1,Sideways,0,0.6978,SELL,0,0,0.568,SELL,0,10,"OBV,ROC,Volume_MA,MACD_Signal,ADX,SMA_50,Rolling_Volatility,Return_5d,BB_Upper,Rolling_Std_10",OBV
HINDUNILVR,2022-03-08,2022,1,Sideways,0,0.6974,SELL,0,1,0.5574,BUY,1,10,"OBV,ROC,Volume_MA,MACD_Signal,ADX,SMA_50,Rolling_Volatility,Return_5d,BB_Upper,Rolling_Std_10",OBV
HINDUNILVR,2022-03-09,2022,1,Sideways,0,0.6999,SELL,0,1,0.6131,BUY,1,10,"OBV,ROC,Volume_MA,MACD_Signal,ADX,SMA_50,Rolling_Volatility,Return_5d,BB_Upper,Rolling_Std_10",OBV
HINDUNILVR,2022-03-10,2022,1,Sideways,1,0.5815,BUY,1,1,0.617,BUY,1,10,"OBV,ROC,Volume_MA,MACD_Signal,ADX,SMA_50,Rolling_Volatility,Return_5d,BB_Upper,Rolling_Std_10",OBV
HINDUNILVR,2022-03-11,2022,1,Sideways,0,0.5036,NO TRADE,0,1,0.7308,BUY,1,10,"OBV,ROC,Volume_MA,MACD_Signal,ADX,SMA_50,Rolling_Volatility,Return_5d,BB_Upper,Rolling_Std_10",OBV
HINDUNILVR,2022-03-14,2022,1,Sideways,1,0.5262,NO TRADE,1,1,0.7436,BUY,1,10,"OBV,ROC,Volume_MA,MACD_Signal,ADX,SMA_50,Rolling_Volatility,Return_5d,BB_Upper,Rolling_Std_10",OBV
HINDUNILVR,2022-03-15,2022,1,Sideways,1,0.5863,BUY,1,1,0.7621,BUY,1,10,"OBV,ROC,Volume_MA,MACD_Signal,ADX,SMA_50,Rolling_Volatility,Return_5d,BB_Upper,Rolling_Std_10",OBV
HINDUNILVR,2022-03-16,2022,1,Sideways,1,0.6052,BUY,1,1,0.8029,BUY,1,10,"OBV,ROC,Volume_MA,MACD_Signal,ADX,SMA_50,Rolling_Volatility,Return_5d,BB_Upper,Rolling_Std_10",OBV
HINDUNILVR,2022-03-17,2022,1,Sideways,1,0.5088,NO TRADE,1,1,0.8023,BUY,1,10,"OBV,ROC,Volume_MA,MACD_Signal,ADX,SMA_50,Rolling_Volatility,Return_5d,BB_Upper,Rolling_Std_10",OBV
HINDUNILVR,2022-03-21,2022,1,Sideways,1,0.633,BUY,1,1,0.8143,BUY,1,10,"OBV,ROC,Volume_MA,MACD_Signal,ADX,SMA_50,Rolling_Volatility,Return_5d,BB_Upper,Rolling_Std_10",OBV
HINDUNILVR,2022-03-22,2022,1,Sideways,1,0.7501,BUY,1,1,0.8285,BUY,1,10,"OBV,ROC,Volume_MA,MACD_Signal,ADX,SMA_50,Rolling_Volatility,Return_5d,BB_Upper,Rolling_Std_10",OBV
HINDUNILVR,2022-03-23,2022,1,Sideways,1,0.625,BUY,1,1,0.865,BUY,1,10,"OBV,ROC,Volume_MA,MACD_Signal,ADX,SMA_50,Rolling_Volatility,Return_5d,BB_Upper,Rolling_Std_10",OBV
HINDUNILVR,2022-03-24,2022,1,Sideways,1,0.5561,BUY,1,1,0.8612,BUY,1,10,"OBV,ROC,Volume_MA,MACD_Signal,ADX,SMA_50,Rolling_Volatility,Return_5d,BB_Upper,Rolling_Std_10",OBV
HINDUNILVR,2022-03-25,2022,1,Sideways,1,0.5919,BUY,1,1,0.5792,BUY,1,10,"OBV,ROC,Volume_MA,MACD_Signal,ADX,SMA_50,Rolling_Volatility,Return_5d,BB_Upper,Rolling_Std_10",OBV
HINDUNILVR,2022-03-28,2022,1,Sideways,1,0.6061,BUY,1,1,0.6614,BUY,1,10,"OBV,ROC,Volume_MA,MACD_Signal,ADX,SMA_50,Rolling_Volatility,Return_5d,BB_Upper,Rolling_Std_10",OBV
HINDUNILVR,2022-03-29,2022,1,Sideways,1,0.6447,BUY,1,1,0.675,BUY,1,10,"OBV,ROC,Volume_MA,MACD_Signal,ADX,SMA_50,Rolling_Volatility,Return_5d,BB_Upper,Rolling_Std_10",OBV
HINDUNILVR,2022-03-30,2022,1,Sideways,1,0.7183,BUY,1,1,0.7094,BUY,1,10,"OBV,ROC,Volume_MA,MACD_Signal,ADX,SMA_50,Rolling_Volatility,Return_5d,BB_Upper,Rolling_Std_10",OBV
HINDUNILVR,2022-03-31,2022,1,Sideways,1,0.7733,BUY,1,1,0.6705,BUY,1,10,"OBV,ROC,Volume_MA,MACD_Signal,ADX,SMA_50,Rolling_Volatility,Return_5d,BB_Upper,Rolling_Std_10",OBV
HINDUNILVR,2022-04-01,2022,1,Sideways,1,0.7946,BUY,1,0,0.5289,NO TRADE,0,10,"OBV,ROC,MACD_Hist,MACD_Signal,MACD,Rolling_Std_10,SMA_50,ADX,SMA_20,Volume_MA",OBV
HINDUNILVR,2022-04-04,2022,1,Sideways,1,0.8106,BUY,1,1,0.6445,BUY,1,10,"OBV,ROC,MACD_Hist,MACD_Signal,MACD,Rolling_Std_10,SMA_50,ADX,SMA_20,Volume_MA",OBV
HINDUNILVR,2022-04-05,2022,1,Sideways,1,0.8844,BUY,1,1,0.7208,BUY,1,10,"OBV,ROC,MACD_Hist,MACD_Signal,MACD,Rolling_Std_10,SMA_50,ADX,SMA_20,Volume_MA",OBV
HINDUNILVR,2022-04-06,2022,0,Sideways,1,0.9237,BUY,0,1,0.7449,BUY,0,10,"OBV,ROC,MACD_Hist,MACD_Signal,MACD,Rolling_Std_10,SMA_50,ADX,SMA_20,Volume_MA",OBV
HINDUNILVR,2022-04-07,2022,1,Sideways,1,0.796,BUY,1,1,0.5527,BUY,1,10,"OBV,ROC,MACD_Hist,MACD_Signal,MACD,Rolling_Std_10,SMA_50,ADX,SMA_20,Volume_MA",OBV
HINDUNILVR,2022-04-08,2022,0,Sideways,1,0.8273,BUY,0,0,0.525,NO TRADE,1,10,"OBV,ROC,MACD_Hist,MACD_Signal,MACD,Rolling_Std_10,SMA_50,ADX,SMA_20,Volume_MA",OBV
HINDUNILVR,2022-04-11,2022,0,Sideways,1,0.7122,BUY,0,0,0.6634,SELL,1,10,"OBV,ROC,MACD_Hist,MACD_Signal,MACD,Rolling_Std_10,SMA_50,ADX,SMA_20,Volume_MA",OBV
HINDUNILVR,2022-04-12,2022,1,Sideways,1,0.7032,BUY,1,0,0.5323,NO TRADE,0,10,"OBV,ROC,MACD_Hist,MACD_Signal,MACD,Rolling_Std_10,SMA_50,ADX,SMA_20,Volume_MA",OBV
HINDUNILVR,2022-04-13,2022,1,Sideways,1,0.7293,BUY,1,1,0.5807,BUY,1,10,"OBV,ROC,MACD_Hist,MACD_Signal,MACD,Rolling_Std_10,SMA_50,ADX,SMA_20,Volume_MA",OBV
HINDUNILVR,2022-04-18,2022,1,Sideways,1,0.8017,BUY,1,1,0.6357,BUY,1,10,"OBV,ROC,MACD_Hist,MACD_Signal,MACD,Rolling_Std_10,SMA_50,ADX,SMA_20,Volume_MA",OBV
HINDUNILVR,2022-04-19,2022,1,Sideways,1,0.8163,BUY,1,1,0.7978,BUY,1,10,"OBV,ROC,MACD_Hist,MACD_Signal,MACD,Rolling_Std_10,SMA_50,ADX,SMA_20,Volume_MA",OBV
HINDUNILVR,2022-04-20,2022,1,Sideways,1,0.9181,BUY,1,1,0.8356,BUY,1,10,"OBV,ROC,MACD_Hist,MACD_Signal,MACD,Rolling_Std_10,SMA_50,ADX,SMA_20,Volume_MA",OBV
HINDUNILVR,2022-04-21,2022,1,Sideways,1,0.9618,BUY,1,1,0.8407,BUY,1,10,"OBV,ROC,MACD_Hist,MACD_Signal,MACD,Rolling_Std_10,SMA_50,ADX,SMA_20,Volume_MA",OBV
HINDUNILVR,2022-04-22,2022,1,Sideways,1,0.9703,BUY,1,1,0.9066,BUY,1,10,"OBV,ROC,MACD_Hist,MACD_Signal,MACD,Rolling_Std_10,SMA_50,ADX,SMA_20,Volume_MA",OBV
HINDUNILVR,2022-04-25,2022,1,Sideways,1,0.9909,BUY,1,1,0.9183,BUY,1,10,"OBV,ROC,MACD_Hist,MACD_Signal,MACD,Rolling_Std_10,SMA_50,ADX,SMA_20,Volume_MA",OBV
HINDUNILVR,2022-04-26,2022,1,Sideways,1,0.9926,BUY,1,1,0.9307,BUY,1,10,"OBV,ROC,MACD_Hist,MACD_Signal,MACD,Rolling_Std_10,SMA_50,ADX,SMA_20,Volume_MA",OBV
HINDUNILVR,2022-04-27,2022,1,Sideways,1,0.995,BUY,1,1,0.9386,BUY,1,10,"OBV,ROC,MACD_Hist,MACD_Signal,MACD,Rolling_Std_10,SMA_50,ADX,SMA_20,Volume_MA",OBV
HINDUNILVR,2022-04-28,2022,1,Sideways,1,0.9999,BUY,1,1,0.9264,BUY,1,10,"OBV,ROC,MACD_Hist,MACD_Signal,MACD,Rolling_Std_10,SMA_50,ADX,SMA_20,Volume_MA",OBV
HINDUNILVR,2022-04-29,2022,1,Sideways,1,0.9979,BUY,1,1,0.9366,BUY,1,10,"OBV,ROC,MACD_Hist,MACD_Signal,MACD,Rolling_Std_10,SMA_50,ADX,SMA_20,Volume_MA",OBV
HINDUNILVR,2022-05-02,2022,1,Sideways,1,0.9983,BUY,1,1,0.9388,BUY,1,10,"OBV,ROC,MACD_Hist,MACD_Signal,MACD,Rolling_Std_10,SMA_50,ADX,SMA_20,Volume_MA",OBV
HINDUNILVR,2022-05-04,2022,1,Sideways,1,0.8123,BUY,1,1,0.9441,BUY,1,10,"OBV,ROC,MACD_Hist,MACD_Signal,MACD,Rolling_Std_10,SMA_50,ADX,SMA_20,Volume_MA",OBV
HINDUNILVR,2022-05-05,2022,1,Sideways,1,0.9984,BUY,1,1,0.9453,BUY,1,10,"OBV,ROC,MACD_Hist,MACD_Signal,MACD,Rolling_Std_10,SMA_50,ADX,SMA_20,Volume_MA",OBV
HINDUNILVR,2022-05-06,2022,1,Sideways,1,0.999,BUY,1,1,0.9511,BUY,1,10,"OBV,ROC,MACD_Hist,MACD_Signal,MACD,Rolling_Std_10,SMA_50,ADX,SMA_20,Volume_MA",OBV
HINDUNILVR,2022-05-09,2022,1,Sideways,1,0.9994,BUY,1,1,0.9489,BUY,1,10,"OBV,ROC,MACD_Hist,MACD_Signal,MACD,Rolling_Std_10,SMA_50,ADX,SMA_20,Volume_MA",OBV
HINDUNILVR,2022-05-10,2022,1,Sideways,1,0.9991,BUY,1,1,0.9597,BUY,1,10,"OBV,ROC,MACD_Hist,MACD_Signal,MACD,Rolling_Std_10,SMA_50,ADX,SMA_20,Volume_MA",OBV
HINDUNILVR,2022-05-11,2022,1,Sideways,1,0.9991,BUY,1,1,0.9618,BUY,1,10,"OBV,ROC,MACD_Hist,MACD_Signal,MACD,Rolling_Std_10,SMA_50,ADX,SMA_20,Volume_MA",OBV
HINDUNILVR,2022-05-12,2022,1,Sideways,1,0.9992,BUY,1,1,0.9615,BUY,1,10,"OBV,ROC,MACD_Hist,MACD_Signal,MACD,Rolling_Std_10,SMA_50,ADX,SMA_20,Volume_MA",OBV
HINDUNILVR,2022-05-13,2022,1,Sideways,1,0.9997,BUY,1,1,0.9082,BUY,1,10,"OBV,ROC,MACD_Hist,MACD_Signal,MACD,Rolling_Std_10,SMA_50,ADX,SMA_20,Volume_MA",OBV
HINDUNILVR,2022-05-16,2022,0,Sideways,1,0.9997,BUY,0,1,0.9373,BUY,0,10,"OBV,ROC,MACD_Hist,MACD_Signal,MACD,Rolling_Std_10,SMA_50,ADX,SMA_20,Volume_MA",OBV
HINDUNILVR,2022-05-17,2022,0,Sideways,1,0.9204,BUY,0,1,0.926,BUY,0,10,"OBV,ROC,MACD_Hist,MACD_Signal,MACD,Rolling_Std_10,SMA_50,ADX,SMA_20,Volume_MA",OBV
HINDUNILVR,2022-05-18,2022,0,Sideways,1,0.9632,BUY,0,1,0.6215,BUY,0,10,"OBV,MACD_Hist,ROC,ADX,MACD_Signal,BB_Upper,EMA_26,SMA_50,ATR_14,Rolling_Std_10",OBV
HINDUNILVR,2022-05-19,2022,0,Sideways,1,0.7622,BUY,0,0,0.511,NO TRADE,1,10,"OBV,MACD_Hist,ROC,ADX,MACD_Signal,BB_Upper,EMA_26,SMA_50,ATR_14,Rolling_Std_10",OBV
HINDUNILVR,2022-05-20,2022,0,Sideways,1,0.7689,BUY,0,0,0.5165,NO TRADE,1,10,"OBV,MACD_Hist,ROC,ADX,MACD_Signal,BB_Upper,EMA_26,SMA_50,ATR_14,Rolling_Std_10",OBV
HINDUNILVR,2022-05-23,2022,0,Sideways,1,0.8312,BUY,0,0,0.5818,SELL,1,10,"OBV,MACD_Hist,ROC,ADX,MACD_Signal,BB_Upper,EMA_26,SMA_50,ATR_14,Rolling_Std_10",OBV
HINDUNILVR,2022-05-24,2022,0,Sideways,1,0.7411,BUY,0,0,0.5111,NO TRADE,1,10,"OBV,MACD_Hist,ROC,ADX,MACD_Signal,BB_Upper,EMA_26,SMA_50,ATR_14,Rolling_Std_10",OBV
HINDUNILVR,2022-05-25,2022,0,Sideways,0,0.5153,NO TRADE,1,0,0.5639,SELL,1,10,"OBV,MACD_Hist,ROC,ADX,MACD_Signal,BB_Upper,EMA_26,SMA_50,ATR_14,Rolling_Std_10",OBV
HINDUNILVR,2022-05-26,2022,0,Sideways,0,0.5361,NO TRADE,1,0,0.5869,SELL,1,10,"OBV,MACD_Hist,ROC,ADX,MACD_Signal,BB_Upper,EMA_26,SMA_50,ATR_14,Rolling_Std_10",OBV
HINDUNILVR,2022-05-27,2022,0,Sideways,1,0.5801,BUY,0,0,0.6655,SELL,1,10,"OBV,MACD_Hist,ROC,ADX,MACD_Signal,BB_Upper,EMA_26,SMA_50,ATR_14,Rolling_Std_10",OBV
HINDUNILVR,2022-05-30,2022,0,Sideways,0,0.5908,SELL,1,0,0.6051,SELL,1,10,"OBV,MACD_Hist,ROC,ADX,MACD_Signal,BB_Upper,EMA_26,SMA_50,ATR_14,Rolling_Std_10",OBV
HINDUNILVR,2022-05-31,2022,0,Sideways,0,0.5529,SELL,1,0,0.6219,SELL,1,10,"OBV,MACD_Hist,ROC,ADX,MACD_Signal,BB_Upper,EMA_26,SMA_50,ATR_14,Rolling_Std_10",OBV
HINDUNILVR,2022-06-01,2022,0,Sideways,1,0.6615,BUY,0,0,0.6729,SELL,1,10,"OBV,MACD_Hist,ROC,ADX,MACD_Signal,BB_Upper,EMA_26,SMA_50,ATR_14,Rolling_Std_10",OBV
HINDUNILVR,2022-06-02,2022,0,Sideways,0,0.6011,SELL,1,0,0.7134,SELL,1,10,"OBV,MACD_Hist,ROC,ADX,MACD_Signal,BB_Upper,EMA_26,SMA_50,ATR_14,Rolling_Std_10",OBV
HINDUNILVR,2022-06-03,2022,1,Sideways,0,0.641,SELL,0,0,0.8007,SELL,0,10,"OBV,MACD_Hist,ROC,ADX,MACD_Signal,BB_Upper,EMA_26,SMA_50,ATR_14,Rolling_Std_10",OBV
HINDUNILVR,2022-06-06,2022,1,Sideways,0,0.5274,NO TRADE,0,0,0.7784,SELL,0,10,"OBV,MACD_Hist,ROC,ADX,MACD_Signal,BB_Upper,EMA_26,SMA_50,ATR_14,Rolling_Std_10",OBV
HINDUNILVR,2022-06-07,2022,1,Sideways,1,0.6044,BUY,1,0,0.7809,SELL,0,10,"OBV,MACD_Hist,ROC,ADX,MACD_Signal,BB_Upper,EMA_26,SMA_50,ATR_14,Rolling_Std_10",OBV
HINDUNILVR,2022-06-08,2022,1,Sideways,1,0.5693,BUY,1,0,0.8148,SELL,0,10,"OBV,MACD_Hist,ROC,ADX,MACD_Signal,BB_Upper,EMA_26,SMA_50,ATR_14,Rolling_Std_10",OBV
HINDUNILVR,2022-06-09,2022,1,Sideways,1,0.6015,BUY,1,0,0.7841,SELL,0,10,"OBV,MACD_Hist,ROC,ADX,MACD_Signal,BB_Upper,EMA_26,SMA_50,ATR_14,Rolling_Std_10",OBV
HINDUNILVR,2022-06-10,2022,1,Sideways,1,0.5657,BUY,1,0,0.6468,SELL,0,10,"OBV,MACD_Hist,ROC,ADX,MACD_Signal,BB_Upper,EMA_26,SMA_50,ATR_14,Rolling_Std_10",OBV
HINDUNILVR,2022-06-13,2022,1,Sideways,1,0.6563,BUY,1,0,0.505,NO TRADE,0,10,"OBV,MACD_Hist,ROC,ADX,MACD_Signal,BB_Upper,EMA_26,SMA_50,ATR_14,Rolling_Std_10",OBV
HINDUNILVR,2022-06-14,2022,1,Sideways,1,0.8694,BUY,1,0,0.5447,NO TRADE,0,10,"OBV,MACD_Hist,ROC,ADX,MACD_Signal,BB_Upper,EMA_26,SMA_50,ATR_14,Rolling_Std_10",OBV
HINDUNILVR,2022-06-15,2022,1,Sideways,1,0.82,BUY,1,1,0.5839,BUY,1,10,"OBV,MACD_Hist,ROC,ADX,MACD_Signal,BB_Upper,EMA_26,SMA_50,ATR_14,Rolling_Std_10",OBV
HINDUNILVR,2022-06-16,2022,1,Sideways,1,0.8603,BUY,1,1,0.6814,BUY,1,10,"OBV,MACD_Hist,ROC,ADX,MACD_Signal,BB_Upper,EMA_26,SMA_50,ATR_14,Rolling_Std_10",OBV
HINDUNILVR,2022-06-17,2022,1,Sideways,1,0.9829,BUY,1,1,0.7373,BUY,1,10,"OBV,MACD_Hist,ROC,ADX,MACD_Signal,BB_Upper,EMA_26,SMA_50,ATR_14,Rolling_Std_10",OBV
HINDUNILVR,2022-06-20,2022,1,Sideways,1,0.9963,BUY,1,1,0.6626,BUY,1,10,"OBV,MACD_Hist,ROC,ADX,MACD_Signal,BB_Upper,EMA_26,SMA_50,ATR_14,Rolling_Std_10",OBV
HINDUNILVR,2022-06-21,2022,1,Sideways,1,0.823,BUY,1,1,0.6326,BUY,1,10,"OBV,MACD_Hist,ROC,ADX,MACD_Signal,BB_Upper,EMA_26,SMA_50,ATR_14,Rolling_Std_10",OBV
HINDUNILVR,2022-06-22,2022,1,Sideways,1,0.7714,BUY,1,1,0.6492,BUY,1,10,"OBV,MACD_Hist,ROC,ADX,MACD_Signal,BB_Upper,EMA_26,SMA_50,ATR_14,Rolling_Std_10",OBV
HINDUNILVR,2022-06-23,2022,1,Sideways,1,0.8423,BUY,1,1,0.6522,BUY,1,10,"OBV,MACD_Hist,ROC,ADX,MACD_Signal,BB_Upper,EMA_26,SMA_50,ATR_14,Rolling_Std_10",OBV
HINDUNILVR,2022-06-24,2022,1,Sideways,1,0.7106,BUY,1,1,0.6078,BUY,1,10,"OBV,MACD_Hist,ROC,ADX,MACD_Signal,BB_Upper,EMA_26,SMA_50,ATR_14,Rolling_Std_10",OBV
HINDUNILVR,2022-06-27,2022,1,Sideways,1,0.5199,NO TRADE,1,1,0.545,NO TRADE,1,10,"OBV,MACD_Hist,ROC,ADX,MACD_Signal,BB_Upper,EMA_26,SMA_50,ATR_14,Rolling_Std_10",OBV
HINDUNILVR,2022-06-28,2022,1,Sideways,1,0.5139,NO TRADE,1,1,0.607,BUY,1,10,"OBV,MACD_Hist,ROC,ADX,MACD_Signal,BB_Upper,EMA_26,SMA_50,ATR_14,Rolling_Std_10",OBV
HINDUNILVR,2022-06-29,2022,1,Sideways,1,0.7714,BUY,1,1,0.5302,NO TRADE,1,10,"OBV,ADX,MACD_Signal,SMA_10,MACD,ROC,MACD_Hist,Return_5d,Volume_MA,BB_Upper",OBV
HINDUNILVR,2022-06-30,2022,1,Sideways,1,0.6498,BUY,1,1,0.6353,BUY,1,10,"OBV,ADX,MACD_Signal,SMA_10,MACD,ROC,MACD_Hist,Return_5d,Volume_MA,BB_Upper",OBV
HINDUNILVR,2022-07-01,2022,1,Sideways,1,0.7216,BUY,1,1,0.588,BUY,1,10,"OBV,ADX,MACD_Signal,SMA_10,MACD,ROC,MACD_Hist,Return_5d,Volume_MA,BB_Upper",OBV
HINDUNILVR,2022-07-04,2022,1,Sideways,1,0.8186,BUY,1,1,0.7256,BUY,1,10,"OBV,ADX,MACD_Signal,SMA_10,MACD,ROC,MACD_Hist,Return_5d,Volume_MA,BB_Upper",OBV
HINDUNILVR,2022-07-05,2022,1,Sideways,1,0.6207,BUY,1,1,0.644,BUY,1,10,"OBV,ADX,MACD_Signal,SMA_10,MACD,ROC,MACD_Hist,Return_5d,Volume_MA,BB_Upper",OBV
HINDUNILVR,2022-07-06,2022,1,Sideways,1,0.7353,BUY,1,1,0.5851,BUY,1,10,"OBV,ADX,MACD_Signal,SMA_10,MACD,ROC,MACD_Hist,Return_5d,Volume_MA,BB_Upper",OBV
HINDUNILVR,2022-07-07,2022,1,Sideways,1,0.9732,BUY,1,1,0.5337,NO TRADE,1,10,"OBV,ADX,MACD_Signal,SMA_10,MACD,ROC,MACD_Hist,Return_5d,Volume_MA,BB_Upper",OBV
HINDUNILVR,2022-07-08,2022,1,Sideways,1,0.9621,BUY,1,1,0.5539,BUY,1,10,"OBV,ADX,MACD_Signal,SMA_10,MACD,ROC,MACD_Hist,Return_5d,Volume_MA,BB_Upper",OBV
HINDUNILVR,2022-07-11,2022,1,Sideways,1,0.8617,BUY,1,0,0.5034,NO TRADE,0,10,"OBV,ADX,MACD_Signal,SMA_10,MACD,ROC,MACD_Hist,Return_5d,Volume_MA,BB_Upper",OBV
HINDUNILVR,2022-07-12,2022,1,Sideways,1,0.8609,BUY,1,1,0.506,NO TRADE,1,10,"OBV,ADX,MACD_Signal,SMA_10,MACD,ROC,MACD_Hist,Return_5d,Volume_MA,BB_Upper",OBV
HINDUNILVR,2022-07-13,2022,1,Sideways,1,0.8231,BUY,1,1,0.5012,NO TRADE,1,10,"OBV,ADX,MACD_Signal,SMA_10,MACD,ROC,MACD_Hist,Return_5d,Volume_MA,BB_Upper",OBV
HINDUNILVR,2022-07-14,2022,1,Sideways,1,0.8835,BUY,1,1,0.5261,NO TRADE,1,10,"OBV,ADX,MACD_Signal,SMA_10,MACD,ROC,MACD_Hist,Return_5d,Volume_MA,BB_Upper",OBV
HINDUNILVR,2022-07-15,2022,1,Sideways,1,0.7993,BUY,1,0,0.5689,SELL,0,10,"OBV,ADX,MACD_Signal,SMA_10,MACD,ROC,MACD_Hist,Return_5d,Volume_MA,BB_Upper",OBV
HINDUNILVR,2022-07-18,2022,1,Sideways,1,0.677,BUY,1,0,0.573,SELL,0,10,"OBV,ADX,MACD_Signal,SMA_10,MACD,ROC,MACD_Hist,Return_5d,Volume_MA,BB_Upper",OBV
HINDUNILVR,2022-07-19,2022,1,Sideways,1,0.7993,BUY,1,0,0.5441,NO TRADE,0,10,"OBV,ADX,MACD_Signal,SMA_10,MACD,ROC,MACD_Hist,Return_5d,Volume_MA,BB_Upper",OBV
HINDUNILVR,2022-07-20,2022,1,Sideways,1,0.7208,BUY,1,0,0.6359,SELL,0,10,"OBV,ADX,MACD_Signal,SMA_10,MACD,ROC,MACD_Hist,Return_5d,Volume_MA,BB_Upper",OBV
HINDUNILVR,2022-07-21,2022,1,Sideways,1,0.6119,BUY,1,0,0.549,NO TRADE,0,10,"OBV,ADX,MACD_Signal,SMA_10,MACD,ROC,MACD_Hist,Return_5d,Volume_MA,BB_Upper",OBV
HINDUNILVR,2022-07-22,2022,0,Sideways,1,0.5799,BUY,0,0,0.5112,NO TRADE,1,10,"OBV,ADX,MACD_Signal,SMA_10,MACD,ROC,MACD_Hist,Return_5d,Volume_MA,BB_Upper",OBV
HINDUNILVR,2022-07-25,2022,0,Sideways,1,0.543,NO TRADE,0,0,0.6574,SELL,1,10,"OBV,ADX,MACD_Signal,SMA_10,MACD,ROC,MACD_Hist,Return_5d,Volume_MA,BB_Upper",OBV
HINDUNILVR,2022-07-26,2022,1,Sideways,0,0.6622,SELL,0,0,0.7381,SELL,0,10,"OBV,ADX,MACD_Signal,SMA_10,MACD,ROC,MACD_Hist,Return_5d,Volume_MA,BB_Upper",OBV
HINDUNILVR,2022-07-27,2022,0,Sideways,1,0.5341,NO TRADE,0,0,0.6539,SELL,1,10,"OBV,ADX,MACD_Signal,SMA_10,MACD,ROC,MACD_Hist,Return_5d,Volume_MA,BB_Upper",OBV
HINDUNILVR,2022-07-28,2022,0,Sideways,0,0.8605,SELL,1,0,0.6796,SELL,1,10,"OBV,ADX,MACD_Signal,SMA_10,MACD,ROC,MACD_Hist,Return_5d,Volume_MA,BB_Upper",OBV
HINDUNILVR,2022-07-29,2022,1,Sideways,0,0.9035,SELL,0,0,0.8019,SELL,0,10,"OBV,ADX,MACD_Signal,SMA_10,MACD,ROC,MACD_Hist,Return_5d,Volume_MA,BB_Upper",OBV
HINDUNILVR,2022-08-01,2022,1,Sideways,0,0.8288,SELL,0,0,0.7223,SELL,0,10,"OBV,ADX,MACD_Signal,SMA_10,MACD,ROC,MACD_Hist,Return_5d,Volume_MA,BB_Upper",OBV
HINDUNILVR,2022-08-02,2022,0,Sideways,0,0.8383,SELL,1,0,0.6673,SELL,1,10,"OBV,ADX,MACD_Signal,SMA_10,MACD,ROC,MACD_Hist,Return_5d,Volume_MA,BB_Upper",OBV
HINDUNILVR,2022-08-03,2022,0,Sideways,0,0.9483,SELL,1,0,0.7883,SELL,1,10,"OBV,ADX,MACD_Signal,SMA_10,MACD,ROC,MACD_Hist,Return_5d,Volume_MA,BB_Upper",OBV
HINDUNILVR,2022-08-04,2022,0,Sideways,0,0.9742,SELL,1,0,0.7947,SELL,1,10,"OBV,ADX,MACD_Signal,SMA_10,MACD,ROC,MACD_Hist,Return_5d,Volume_MA,BB_Upper",OBV
HINDUNILVR,2022-08-05,2022,0,Sideways,0,0.9801,SELL,1,0,0.802,SELL,1,10,"OBV,ADX,MACD_Signal,SMA_10,MACD,ROC,MACD_Hist,Return_5d,Volume_MA,BB_Upper",OBV
HINDUNILVR,2022-08-08,2022,0,Sideways,0,0.9853,SELL,1,0,0.8093,SELL,1,10,"OBV,ADX,MACD_Signal,SMA_10,MACD,ROC,MACD_Hist,Return_5d,Volume_MA,BB_Upper",OBV
HINDUNILVR,2022-08-10,2022,0,Sideways,0,0.9848,SELL,1,0,0.8542,SELL,1,10,"OBV,ADX,MACD_Signal,SMA_10,MACD,ROC,MACD_Hist,Return_5d,Volume_MA,BB_Upper",OBV
HINDUNILVR,2022-08-11,2022,0,Sideways,0,0.9883,SELL,1,0,0.8691,SELL,1,10,"BB_Upper,OBV,ROC,SMA_10,Return_5d,Rolling_Median_Return,EMA_26,Volume_MA,ADX,MACD_Signal",BB_Upper
HINDUNILVR,2022-08-12,2022,0,Sideways,0,0.9906,SELL,1,0,0.8452,SELL,1,10,"BB_Upper,OBV,ROC,SMA_10,Return_5d,Rolling_Median_Return,EMA_26,Volume_MA,ADX,MACD_Signal",BB_Upper
HINDUNILVR,2022-08-16,2022,0,Sideways,0,0.9833,SELL,1,0,0.8046,SELL,1,10,"BB_Upper,OBV,ROC,SMA_10,Return_5d,Rolling_Median_Return,EMA_26,Volume_MA,ADX,MACD_Signal",BB_Upper
HINDUNILVR,2022-08-17,2022,0,Sideways,0,0.9878,SELL,1,0,0.8082,SELL,1,10,"BB_Upper,OBV,ROC,SMA_10,Return_5d,Rolling_Median_Return,EMA_26,Volume_MA,ADX,MACD_Signal",BB_Upper
HINDUNILVR,2022-08-18,2022,0,Sideways,0,0.9871,SELL,1,0,0.8112,SELL,1,10,"BB_Upper,OBV,ROC,SMA_10,Return_5d,Rolling_Median_Return,EMA_26,Volume_MA,ADX,MACD_Signal",BB_Upper
HINDUNILVR,2022-08-19,2022,0,Sideways,0,0.9893,SELL,1,0,0.8807,SELL,1,10,"BB_Upper,OBV,ROC,SMA_10,Return_5d,Rolling_Median_Return,EMA_26,Volume_MA,ADX,MACD_Signal",BB_Upper
HINDUNILVR,2022-08-22,2022,0,Sideways,0,0.9937,SELL,1,0,0.8355,SELL,1,10,"BB_Upper,OBV,ROC,SMA_10,Return_5d,Rolling_Median_Return,EMA_26,Volume_MA,ADX,MACD_Signal",BB_Upper
HINDUNILVR,2022-08-23,2022,1,Sideways,0,0.9888,SELL,0,0,0.7213,SELL,0,10,"BB_Upper,OBV,ROC,SMA_10,Return_5d,Rolling_Median_Return,EMA_26,Volume_MA,ADX,MACD_Signal",BB_Upper
HINDUNILVR,2022-08-24,2022,1,Sideways,0,0.9416,SELL,0,0,0.5561,SELL,0,10,"BB_Upper,OBV,ROC,SMA_10,Return_5d,Rolling_Median_Return,EMA_26,Volume_MA,ADX,MACD_Signal",BB_Upper
HINDUNILVR,2022-08-25,2022,1,Sideways,0,0.9672,SELL,0,0,0.687,SELL,0,10,"BB_Upper,OBV,ROC,SMA_10,Return_5d,Rolling_Median_Return,EMA_26,Volume_MA,ADX,MACD_Signal",BB_Upper
HINDUNILVR,2022-08-26,2022,1,Sideways,0,0.8411,SELL,0,0,0.5239,NO TRADE,0,10,"BB_Upper,OBV,ROC,SMA_10,Return_5d,Rolling_Median_Return,EMA_26,Volume_MA,ADX,MACD_Signal",BB_Upper
HINDUNILVR,2022-08-29,2022,1,Sideways,0,0.8939,SELL,0,1,0.5952,BUY,1,10,"BB_Upper,OBV,ROC,SMA_10,Return_5d,Rolling_Median_Return,EMA_26,Volume_MA,ADX,MACD_Signal",BB_Upper
HINDUNILVR,2022-08-30,2022,1,Sideways,0,0.7831,SELL,0,1,0.6135,BUY,1,10,"BB_Upper,OBV,ROC,SMA_10,Return_5d,Rolling_Median_Return,EMA_26,Volume_MA,ADX,MACD_Signal",BB_Upper
HINDUNILVR,2022-09-01,2022,1,Sideways,0,0.6802,SELL,0,1,0.6384,BUY,1,10,"BB_Upper,OBV,ROC,SMA_10,Return_5d,Rolling_Median_Return,EMA_26,Volume_MA,ADX,MACD_Signal",BB_Upper
HINDUNILVR,2022-09-02,2022,1,Sideways,0,0.5704,SELL,0,1,0.663,BUY,1,10,"BB_Upper,OBV,ROC,SMA_10,Return_5d,Rolling_Median_Return,EMA_26,Volume_MA,ADX,MACD_Signal",BB_Upper
HINDUNILVR,2022-09-05,2022,1,Sideways,0,0.5703,SELL,0,1,0.6366,BUY,1,10,"BB_Upper,OBV,ROC,SMA_10,Return_5d,Rolling_Median_Return,EMA_26,Volume_MA,ADX,MACD_Signal",BB_Upper
HINDUNILVR,2022-09-06,2022,1,Sideways,1,0.5467,NO TRADE,1,1,0.6521,BUY,1,10,"BB_Upper,OBV,ROC,SMA_10,Return_5d,Rolling_Median_Return,EMA_26,Volume_MA,ADX,MACD_Signal",BB_Upper
HINDUNILVR,2022-09-07,2022,1,Sideways,0,0.5373,NO TRADE,0,1,0.7594,BUY,1,10,"BB_Upper,OBV,ROC,SMA_10,Return_5d,Rolling_Median_Return,EMA_26,Volume_MA,ADX,MACD_Signal",BB_Upper
HINDUNILVR,2022-09-08,2022,1,Sideways,0,0.5049,NO TRADE,0,1,0.7739,BUY,1,10,"BB_Upper,OBV,ROC,SMA_10,Return_5d,Rolling_Median_Return,EMA_26,Volume_MA,ADX,MACD_Signal",BB_Upper
HINDUNILVR,2022-09-09,2022,1,Sideways,0,0.5158,NO TRADE,0,1,0.7738,BUY,1,10,"BB_Upper,OBV,ROC,SMA_10,Return_5d,Rolling_Median_Return,EMA_26,Volume_MA,ADX,MACD_Signal",BB_Upper
HINDUNILVR,2022-09-12,2022,0,Sideways,0,0.5292,NO TRADE,1,1,0.7798,BUY,0,10,"BB_Upper,OBV,ROC,SMA_10,Return_5d,Rolling_Median_Return,EMA_26,Volume_MA,ADX,MACD_Signal",BB_Upper
HINDUNILVR,2022-09-13,2022,1,Sideways,0,0.5702,SELL,0,1,0.6316,BUY,1,10,"BB_Upper,OBV,ROC,SMA_10,Return_5d,Rolling_Median_Return,EMA_26,Volume_MA,ADX,MACD_Signal",BB_Upper
HINDUNILVR,2022-09-14,2022,0,Sideways,0,0.523,NO TRADE,1,1,0.7762,BUY,0,10,"BB_Upper,OBV,ROC,SMA_10,Return_5d,Rolling_Median_Return,EMA_26,Volume_MA,ADX,MACD_Signal",BB_Upper
HINDUNILVR,2022-09-15,2022,1,Sideways,0,0.534,NO TRADE,0,1,0.6851,BUY,1,10,"BB_Upper,OBV,ROC,SMA_10,Return_5d,Rolling_Median_Return,EMA_26,Volume_MA,ADX,MACD_Signal",BB_Upper
HINDUNILVR,2022-09-16,2022,1,Sideways,1,0.5353,NO TRADE,1,1,0.635,BUY,1,10,"BB_Upper,OBV,ROC,SMA_10,Return_5d,Rolling_Median_Return,EMA_26,Volume_MA,ADX,MACD_Signal",BB_Upper
HINDUNILVR,2022-09-19,2022,1,Sideways,1,0.5967,BUY,1,1,0.6574,BUY,1,10,"BB_Upper,OBV,ROC,SMA_10,Return_5d,Rolling_Median_Return,EMA_26,Volume_MA,ADX,MACD_Signal",BB_Upper
HINDUNILVR,2022-09-20,2022,0,Sideways,0,0.5861,SELL,1,1,0.733,BUY,0,10,"BB_Upper,OBV,ROC,SMA_10,Return_5d,Rolling_Median_Return,EMA_26,Volume_MA,ADX,MACD_Signal",BB_Upper
HINDUNILVR,2022-09-21,2022,0,Sideways,0,0.6206,SELL,1,1,0.6458,BUY,0,10,"BB_Upper,OBV,ROC,SMA_10,Return_5d,Rolling_Median_Return,EMA_26,Volume_MA,ADX,MACD_Signal",BB_Upper
HINDUNILVR,2022-09-22,2022,0,Sideways,1,0.5565,BUY,0,0,0.5021,NO TRADE,1,10,"BB_Upper,OBV,ROC,SMA_10,Return_5d,Rolling_Median_Return,EMA_26,Volume_MA,ADX,MACD_Signal",BB_Upper
HINDUNILVR,2022-09-23,2022,0,Sideways,0,0.6121,SELL,1,0,0.548,NO TRADE,1,10,"BB_Upper,OBV,ROC,SMA_10,Return_5d,Rolling_Median_Return,EMA_26,Volume_MA,ADX,MACD_Signal",BB_Upper
HINDUNILVR,2022-09-26,2022,0,Sideways,0,0.6068,SELL,1,1,0.6676,BUY,0,10,"OBV,SMA_20,EMA_26,MACD_Hist,MACD_Signal,Rolling_Median_Return,SMA_50,ATR_14,EMA_12,MACD",OBV
HINDUNILVR,2022-09-27,2022,0,Sideways,0,0.7542,SELL,1,0,0.619,SELL,1,10,"OBV,SMA_20,EMA_26,MACD_Hist,MACD_Signal,Rolling_Median_Return,SMA_50,ATR_14,EMA_12,MACD",OBV
HINDUNILVR,2022-09-28,2022,0,Sideways,0,0.771,SELL,1,0,0.6451,SELL,1,10,"OBV,SMA_20,EMA_26,MACD_Hist,MACD_Signal,Rolling_Median_Return,SMA_50,ATR_14,EMA_12,MACD",OBV
HINDUNILVR,2022-09-29,2022,0,Sideways,0,0.7707,SELL,1,0,0.5787,SELL,1,10,"OBV,SMA_20,EMA_26,MACD_Hist,MACD_Signal,Rolling_Median_Return,SMA_50,ATR_14,EMA_12,MACD",OBV
HINDUNILVR,2022-09-30,2022,0,Sideways,0,0.7656,SELL,1,0,0.6191,SELL,1,10,"OBV,SMA_20,EMA_26,MACD_Hist,MACD_Signal,Rolling_Median_Return,SMA_50,ATR_14,EMA_12,MACD",OBV
HINDUNILVR,2022-10-03,2022,0,Sideways,1,0.5944,BUY,0,0,0.595,SELL,1,10,"OBV,SMA_20,EMA_26,MACD_Hist,MACD_Signal,Rolling_Median_Return,SMA_50,ATR_14,EMA_12,MACD",OBV
HINDUNILVR,2022-10-04,2022,0,Sideways,0,0.794,SELL,1,0,0.7534,SELL,1,10,"OBV,SMA_20,EMA_26,MACD_Hist,MACD_Signal,Rolling_Median_Return,SMA_50,ATR_14,EMA_12,MACD",OBV
HINDUNILVR,2022-10-06,2022,0,Sideways,0,0.6429,SELL,1,0,0.6612,SELL,1,10,"OBV,SMA_20,EMA_26,MACD_Hist,MACD_Signal,Rolling_Median_Return,SMA_50,ATR_14,EMA_12,MACD",OBV
HINDUNILVR,2022-10-07,2022,0,Sideways,0,0.5959,SELL,1,0,0.7353,SELL,1,10,"OBV,SMA_20,EMA_26,MACD_Hist,MACD_Signal,Rolling_Median_Return,SMA_50,ATR_14,EMA_12,MACD",OBV
HINDUNILVR,2022-10-10,2022,0,Sideways,0,0.6591,SELL,1,0,0.7125,SELL,1,10,"OBV,SMA_20,EMA_26,MACD_Hist,MACD_Signal,Rolling_Median_Return,SMA_50,ATR_14,EMA_12,MACD",OBV
HINDUNILVR,2022-10-11,2022,0,Sideways,0,0.646,SELL,1,0,0.6371,SELL,1,10,"OBV,SMA_20,EMA_26,MACD_Hist,MACD_Signal,Rolling_Median_Return,SMA_50,ATR_14,EMA_12,MACD",OBV
HINDUNILVR,2022-10-12,2022,0,Sideways,0,0.7363,SELL,1,0,0.6462,SELL,1,10,"OBV,SMA_20,EMA_26,MACD_Hist,MACD_Signal,Rolling_Median_Return,SMA_50,ATR_14,EMA_12,MACD",OBV
HINDUNILVR,2022-10-13,2022,0,Sideways,0,0.7368,SELL,1,0,0.6728,SELL,1,10,"OBV,SMA_20,EMA_26,MACD_Hist,MACD_Signal,Rolling_Median_Return,SMA_50,ATR_14,EMA_12,MACD",OBV
HINDUNILVR,2022-10-14,2022,0,Sideways,0,0.7581,SELL,1,0,0.7105,SELL,1,10,"OBV,SMA_20,EMA_26,MACD_Hist,MACD_Signal,Rolling_Median_Return,SMA_50,ATR_14,EMA_12,MACD",OBV
HINDUNILVR,2022-10-17,2022,0,Sideways,0,0.753,SELL,1,0,0.7211,SELL,1,10,"OBV,SMA_20,EMA_26,MACD_Hist,MACD_Signal,Rolling_Median_Return,SMA_50,ATR_14,EMA_12,MACD",OBV
HINDUNILVR,2022-10-18,2022,0,Sideways,0,0.819,SELL,1,0,0.738,SELL,1,10,"OBV,SMA_20,EMA_26,MACD_Hist,MACD_Signal,Rolling_Median_Return,SMA_50,ATR_14,EMA_12,MACD",OBV
HINDUNILVR,2022-10-19,2022,0,Sideways,0,0.7733,SELL,1,0,0.7484,SELL,1,10,"OBV,SMA_20,EMA_26,MACD_Hist,MACD_Signal,Rolling_Median_Return,SMA_50,ATR_14,EMA_12,MACD",OBV
HINDUNILVR,2022-10-20,2022,0,Sideways,0,0.8115,SELL,1,0,0.7632,SELL,1,10,"OBV,SMA_20,EMA_26,MACD_Hist,MACD_Signal,Rolling_Median_Return,SMA_50,ATR_14,EMA_12,MACD",OBV
HINDUNILVR,2022-10-21,2022,0,Sideways,0,0.7393,SELL,1,0,0.7891,SELL,1,10,"OBV,SMA_20,EMA_26,MACD_Hist,MACD_Signal,Rolling_Median_Return,SMA_50,ATR_14,EMA_12,MACD",OBV
HINDUNILVR,2022-10-24,2022,0,Sideways,0,0.6686,SELL,1,0,0.784,SELL,1,10,"OBV,SMA_20,EMA_26,MACD_Hist,MACD_Signal,Rolling_Median_Return,SMA_50,ATR_14,EMA_12,MACD",OBV
HINDUNILVR,2022-10-25,2022,1,Sideways,0,0.5688,SELL,0,0,0.7522,SELL,0,10,"OBV,SMA_20,EMA_26,MACD_Hist,MACD_Signal,Rolling_Median_Return,SMA_50,ATR_14,EMA_12,MACD",OBV
HINDUNILVR,2022-10-27,2022,1,Sideways,0,0.5987,SELL,0,0,0.6657,SELL,0,10,"OBV,SMA_20,EMA_26,MACD_Hist,MACD_Signal,Rolling_Median_Return,SMA_50,ATR_14,EMA_12,MACD",OBV
HINDUNILVR,2022-10-28,2022,1,Sideways,0,0.5525,SELL,0,0,0.6112,SELL,0,10,"OBV,SMA_20,EMA_26,MACD_Hist,MACD_Signal,Rolling_Median_Return,SMA_50,ATR_14,EMA_12,MACD",OBV
HINDUNILVR,2022-10-31,2022,1,Sideways,0,0.54,NO TRADE,0,1,0.5057,NO TRADE,1,10,"OBV,SMA_20,EMA_26,MACD_Hist,MACD_Signal,Rolling_Median_Return,SMA_50,ATR_14,EMA_12,MACD",OBV
HINDUNILVR,2022-11-01,2022,1,Sideways,0,0.5565,SELL,0,1,0.579,BUY,1,10,"OBV,SMA_20,EMA_26,MACD_Hist,MACD_Signal,Rolling_Median_Return,SMA_50,ATR_14,EMA_12,MACD",OBV
HINDUNILVR,2022-11-02,2022,1,Sideways,1,0.5283,NO TRADE,1,1,0.6539,BUY,1,10,"OBV,SMA_20,EMA_26,MACD_Hist,MACD_Signal,Rolling_Median_Return,SMA_50,ATR_14,EMA_12,MACD",OBV
HINDUNILVR,2022-11-03,2022,1,Sideways,1,0.5025,NO TRADE,1,1,0.6602,BUY,1,10,"OBV,SMA_20,EMA_26,MACD_Hist,MACD_Signal,Rolling_Median_Return,SMA_50,ATR_14,EMA_12,MACD",OBV
HINDUNILVR,2022-11-04,2022,1,Sideways,1,0.5408,NO TRADE,1,1,0.7246,BUY,1,10,"OBV,SMA_20,EMA_26,MACD_Hist,MACD_Signal,Rolling_Median_Return,SMA_50,ATR_14,EMA_12,MACD",OBV
HINDUNILVR,2022-11-07,2022,1,Sideways,1,0.5296,NO TRADE,1,1,0.7678,BUY,1,10,"OBV,SMA_20,EMA_26,MACD_Hist,MACD_Signal,Rolling_Median_Return,SMA_50,ATR_14,EMA_12,MACD",OBV
HINDUNILVR,2022-11-09,2022,1,Sideways,1,0.5363,NO TRADE,1,1,0.7829,BUY,1,10,"OBV,SMA_20,EMA_26,MACD_Hist,MACD_Signal,Rolling_Median_Return,SMA_50,ATR_14,EMA_12,MACD",OBV
HINDUNILVR,2022-11-10,2022,1,Sideways,1,0.5036,NO TRADE,1,1,0.8182,BUY,1,10,"EMA_26,Rolling_Volatility,OBV,SMA_50,SMA_20,EMA_12,MACD_Hist,ATR_14,Rolling_Median_Return,SMA_10",EMA_26
HINDUNILVR,2022-11-11,2022,1,Sideways,1,0.5616,BUY,1,1,0.8172,BUY,1,10,"EMA_26,Rolling_Volatility,OBV,SMA_50,SMA_20,EMA_12,MACD_Hist,ATR_14,Rolling_Median_Return,SMA_10",EMA_26
HINDUNILVR,2022-11-14,2022,1,Sideways,1,0.6442,BUY,1,1,0.6239,BUY,1,10,"EMA_26,Rolling_Volatility,OBV,SMA_50,SMA_20,EMA_12,MACD_Hist,ATR_14,Rolling_Median_Return,SMA_10",EMA_26
HINDUNILVR,2022-11-15,2022,1,Sideways,1,0.5976,BUY,1,1,0.8629,BUY,1,10,"EMA_26,Rolling_Volatility,OBV,SMA_50,SMA_20,EMA_12,MACD_Hist,ATR_14,Rolling_Median_Return,SMA_10",EMA_26
HINDUNILVR,2022-11-16,2022,1,Sideways,1,0.606,BUY,1,1,0.8761,BUY,1,10,"EMA_26,Rolling_Volatility,OBV,SMA_50,SMA_20,EMA_12,MACD_Hist,ATR_14,Rolling_Median_Return,SMA_10",EMA_26
HINDUNILVR,2022-11-17,2022,1,Sideways,1,0.6186,BUY,1,1,0.8725,BUY,1,10,"EMA_26,Rolling_Volatility,OBV,SMA_50,SMA_20,EMA_12,MACD_Hist,ATR_14,Rolling_Median_Return,SMA_10",EMA_26
HINDUNILVR,2022-11-18,2022,1,Sideways,1,0.6183,BUY,1,1,0.8846,BUY,1,10,"EMA_26,Rolling_Volatility,OBV,SMA_50,SMA_20,EMA_12,MACD_Hist,ATR_14,Rolling_Median_Return,SMA_10",EMA_26
HINDUNILVR,2022-11-21,2022,1,Sideways,1,0.604,BUY,1,1,0.9032,BUY,1,10,"EMA_26,Rolling_Volatility,OBV,SMA_50,SMA_20,EMA_12,MACD_Hist,ATR_14,Rolling_Median_Return,SMA_10",EMA_26
HINDUNILVR,2022-11-22,2022,1,Sideways,1,0.5859,BUY,1,1,0.8295,BUY,1,10,"EMA_26,Rolling_Volatility,OBV,SMA_50,SMA_20,EMA_12,MACD_Hist,ATR_14,Rolling_Median_Return,SMA_10",EMA_26
HINDUNILVR,2022-11-23,2022,1,Sideways,1,0.5994,BUY,1,1,0.8269,BUY,1,10,"EMA_26,Rolling_Volatility,OBV,SMA_50,SMA_20,EMA_12,MACD_Hist,ATR_14,Rolling_Median_Return,SMA_10",EMA_26
HINDUNILVR,2022-11-24,2022,1,Sideways,0,0.5112,NO TRADE,0,1,0.8329,BUY,1,10,"EMA_26,Rolling_Volatility,OBV,SMA_50,SMA_20,EMA_12,MACD_Hist,ATR_14,Rolling_Median_Return,SMA_10",EMA_26
HINDUNILVR,2022-11-25,2022,1,Sideways,1,0.6026,BUY,1,1,0.8341,BUY,1,10,"EMA_26,Rolling_Volatility,OBV,SMA_50,SMA_20,EMA_12,MACD_Hist,ATR_14,Rolling_Median_Return,SMA_10",EMA_26
HINDUNILVR,2022-11-28,2022,1,Sideways,1,0.6266,BUY,1,1,0.8404,BUY,1,10,"EMA_26,Rolling_Volatility,OBV,SMA_50,SMA_20,EMA_12,MACD_Hist,ATR_14,Rolling_Median_Return,SMA_10",EMA_26
HINDUNILVR,2022-11-29,2022,0,Sideways,1,0.7564,BUY,0,1,0.9043,BUY,0,10,"EMA_26,Rolling_Volatility,OBV,SMA_50,SMA_20,EMA_12,MACD_Hist,ATR_14,Rolling_Median_Return,SMA_10",EMA_26
HINDUNILVR,2022-11-30,2022,0,Sideways,1,0.681,BUY,0,1,0.7713,BUY,0,10,"EMA_26,Rolling_Volatility,OBV,SMA_50,SMA_20,EMA_12,MACD_Hist,ATR_14,Rolling_Median_Return,SMA_10",EMA_26
HINDUNILVR,2022-12-01,2022,0,Sideways,0,0.6066,SELL,1,1,0.5777,BUY,0,10,"EMA_26,Rolling_Volatility,OBV,SMA_50,SMA_20,EMA_12,MACD_Hist,ATR_14,Rolling_Median_Return,SMA_10",EMA_26
HINDUNILVR,2022-12-02,2022,0,Sideways,0,0.5092,NO TRADE,1,0,0.559,SELL,1,10,"EMA_26,Rolling_Volatility,OBV,SMA_50,SMA_20,EMA_12,MACD_Hist,ATR_14,Rolling_Median_Return,SMA_10",EMA_26
HINDUNILVR,2022-12-05,2022,0,Sideways,0,0.5375,NO TRADE,1,0,0.6443,SELL,1,10,"EMA_26,Rolling_Volatility,OBV,SMA_50,SMA_20,EMA_12,MACD_Hist,ATR_14,Rolling_Median_Return,SMA_10",EMA_26
HINDUNILVR,2022-12-06,2022,0,Sideways,0,0.5699,SELL,1,0,0.6745,SELL,1,10,"EMA_26,Rolling_Volatility,OBV,SMA_50,SMA_20,EMA_12,MACD_Hist,ATR_14,Rolling_Median_Return,SMA_10",EMA_26
HINDUNILVR,2022-12-07,2022,0,Sideways,0,0.6027,SELL,1,0,0.7047,SELL,1,10,"EMA_26,Rolling_Volatility,OBV,SMA_50,SMA_20,EMA_12,MACD_Hist,ATR_14,Rolling_Median_Return,SMA_10",EMA_26
HINDUNILVR,2022-12-08,2022,0,Sideways,0,0.687,SELL,1,0,0.7212,SELL,1,10,"EMA_26,Rolling_Volatility,OBV,SMA_50,SMA_20,EMA_12,MACD_Hist,ATR_14,Rolling_Median_Return,SMA_10",EMA_26
HINDUNILVR,2022-12-09,2022,0,Sideways,0,0.6966,SELL,1,0,0.7452,SELL,1,10,"EMA_26,Rolling_Volatility,OBV,SMA_50,SMA_20,EMA_12,MACD_Hist,ATR_14,Rolling_Median_Return,SMA_10",EMA_26
HINDUNILVR,2022-12-12,2022,0,Sideways,0,0.7433,SELL,1,0,0.6848,SELL,1,10,"EMA_26,Rolling_Volatility,OBV,SMA_50,SMA_20,EMA_12,MACD_Hist,ATR_14,Rolling_Median_Return,SMA_10",EMA_26
HINDUNILVR,2022-12-13,2022,0,Sideways,0,0.8131,SELL,1,0,0.7098,SELL,1,10,"EMA_26,Rolling_Volatility,OBV,SMA_50,SMA_20,EMA_12,MACD_Hist,ATR_14,Rolling_Median_Return,SMA_10",EMA_26
HINDUNILVR,2022-12-14,2022,0,Sideways,0,0.8084,SELL,1,0,0.7504,SELL,1,10,"EMA_26,Rolling_Volatility,OBV,SMA_50,SMA_20,EMA_12,MACD_Hist,ATR_14,Rolling_Median_Return,SMA_10",EMA_26
HINDUNILVR,2022-12-15,2022,0,Sideways,0,0.7706,SELL,1,0,0.7593,SELL,1,10,"EMA_26,Rolling_Volatility,OBV,SMA_50,SMA_20,EMA_12,MACD_Hist,ATR_14,Rolling_Median_Return,SMA_10",EMA_26
HINDUNILVR,2022-12-16,2022,0,Sideways,0,0.7809,SELL,1,0,0.7774,SELL,1,10,"EMA_26,Rolling_Volatility,OBV,SMA_50,SMA_20,EMA_12,MACD_Hist,ATR_14,Rolling_Median_Return,SMA_10",EMA_26
HINDUNILVR,2022-12-19,2022,0,Sideways,0,0.7856,SELL,1,0,0.7335,SELL,1,10,"EMA_26,Rolling_Volatility,OBV,SMA_50,SMA_20,EMA_12,MACD_Hist,ATR_14,Rolling_Median_Return,SMA_10",EMA_26
HINDUNILVR,2022-12-20,2022,0,Sideways,0,0.7721,SELL,1,0,0.7262,SELL,1,10,"EMA_26,Rolling_Volatility,OBV,SMA_50,SMA_20,EMA_12,MACD_Hist,ATR_14,Rolling_Median_Return,SMA_10",EMA_26
HINDUNILVR,2022-12-21,2022,1,Sideways,0,0.8791,SELL,0,0,0.7683,SELL,0,10,"EMA_26,Rolling_Volatility,OBV,SMA_50,SMA_20,EMA_12,MACD_Hist,ATR_14,Rolling_Median_Return,SMA_10",EMA_26
HINDUNILVR,2022-12-22,2022,1,Sideways,0,0.6619,SELL,0,0,0.7443,SELL,0,10,"EMA_26,OBV,SMA_50,SMA_20,Rolling_Median_Return,RSI_14,MACD,BB_Width,Stochastic,BB_Upper",EMA_26
HINDUNILVR,2022-12-23,2022,0,Sideways,0,0.5406,NO TRADE,1,0,0.6326,SELL,1,10,"EMA_26,OBV,SMA_50,SMA_20,Rolling_Median_Return,RSI_14,MACD,BB_Width,Stochastic,BB_Upper",EMA_26
HINDUNILVR,2022-12-26,2022,0,Sideways,0,0.5561,SELL,1,0,0.7222,SELL,1,10,"EMA_26,OBV,SMA_50,SMA_20,Rolling_Median_Return,RSI_14,MACD,BB_Width,Stochastic,BB_Upper",EMA_26
HINDUNILVR,2022-12-27,2022,1,Sideways,0,0.7291,SELL,0,0,0.7229,SELL,0,10,"EMA_26,OBV,SMA_50,SMA_20,Rolling_Median_Return,RSI_14,MACD,BB_Width,Stochastic,BB_Upper",EMA_26
HINDUNILVR,2022-12-28,2022,1,Sideways,0,0.5507,SELL,0,0,0.6707,SELL,0,10,"EMA_26,OBV,SMA_50,SMA_20,Rolling_Median_Return,RSI_14,MACD,BB_Width,Stochastic,BB_Upper",EMA_26
HINDUNILVR,2022-12-29,2022,1,Sideways,1,0.6857,BUY,1,0,0.5277,NO TRADE,0,10,"EMA_26,OBV,SMA_50,SMA_20,Rolling_Median_Return,RSI_14,MACD,BB_Width,Stochastic,BB_Upper",EMA_26
HINDUNILVR,2022-12-30,2022,1,Sideways,1,0.7161,BUY,1,1,0.5332,NO TRADE,1,10,"EMA_26,OBV,SMA_50,SMA_20,Rolling_Median_Return,RSI_14,MACD,BB_Width,Stochastic,BB_Upper",EMA_26
HINDUNILVR,2023-01-02,2023,1,Sideways,1,0.7682,BUY,1,1,0.5606,BUY,1,10,"EMA_26,OBV,SMA_50,SMA_20,Rolling_Median_Return,RSI_14,MACD,BB_Width,Stochastic,BB_Upper",EMA_26
HINDUNILVR,2023-01-03,2023,1,Sideways,1,0.8198,BUY,1,1,0.6059,BUY,1,10,"EMA_26,OBV,SMA_50,SMA_20,Rolling_Median_Return,RSI_14,MACD,BB_Width,Stochastic,BB_Upper",EMA_26
HINDUNILVR,2023-01-04,2023,1,Sideways,1,0.902,BUY,1,1,0.6029,BUY,1,10,"EMA_26,OBV,SMA_50,SMA_20,Rolling_Median_Return,RSI_14,MACD,BB_Width,Stochastic,BB_Upper",EMA_26
HINDUNILVR,2023-01-05,2023,1,Sideways,1,0.725,BUY,1,1,0.6338,BUY,1,10,"EMA_26,OBV,SMA_50,SMA_20,Rolling_Median_Return,RSI_14,MACD,BB_Width,Stochastic,BB_Upper",EMA_26
HINDUNILVR,2023-01-06,2023,1,Sideways,1,0.7994,BUY,1,1,0.5895,BUY,1,10,"EMA_26,OBV,SMA_50,SMA_20,Rolling_Median_Return,RSI_14,MACD,BB_Width,Stochastic,BB_Upper",EMA_26
HINDUNILVR,2023-01-09,2023,0,Sideways,1,0.7238,BUY,0,1,0.6501,BUY,0,10,"EMA_26,OBV,SMA_50,SMA_20,Rolling_Median_Return,RSI_14,MACD,BB_Width,Stochastic,BB_Upper",EMA_26
HINDUNILVR,2023-01-10,2023,0,Sideways,1,0.5124,NO TRADE,0,1,0.5807,BUY,0,10,"EMA_26,OBV,SMA_50,SMA_20,Rolling_Median_Return,RSI_14,MACD,BB_Width,Stochastic,BB_Upper",EMA_26
HINDUNILVR,2023-01-11,2023,0,Sideways,1,0.5831,BUY,0,1,0.5566,BUY,0,10,"EMA_26,OBV,SMA_50,SMA_20,Rolling_Median_Return,RSI_14,MACD,BB_Width,Stochastic,BB_Upper",EMA_26
HINDUNILVR,2023-01-12,2023,0,Sideways,1,0.5726,BUY,0,1,0.5224,NO TRADE,0,10,"EMA_26,OBV,SMA_50,SMA_20,Rolling_Median_Return,RSI_14,MACD,BB_Width,Stochastic,BB_Upper",EMA_26
HINDUNILVR,2023-01-13,2023,0,Sideways,0,0.6187,SELL,1,0,0.5251,NO TRADE,1,10,"EMA_26,OBV,SMA_50,SMA_20,Rolling_Median_Return,RSI_14,MACD,BB_Width,Stochastic,BB_Upper",EMA_26
HINDUNILVR,2023-01-16,2023,0,Sideways,1,0.5271,NO TRADE,0,0,0.5297,NO TRADE,1,10,"EMA_26,OBV,SMA_50,SMA_20,Rolling_Median_Return,RSI_14,MACD,BB_Width,Stochastic,BB_Upper",EMA_26
HINDUNILVR,2023-01-17,2023,0,Sideways,0,0.8529,SELL,1,0,0.5699,SELL,1,10,"EMA_26,OBV,SMA_50,SMA_20,Rolling_Median_Return,RSI_14,MACD,BB_Width,Stochastic,BB_Upper",EMA_26
HINDUNILVR,2023-01-18,2023,0,Sideways,0,0.8166,SELL,1,0,0.6162,SELL,1,10,"EMA_26,OBV,SMA_50,SMA_20,Rolling_Median_Return,RSI_14,MACD,BB_Width,Stochastic,BB_Upper",EMA_26
HINDUNILVR,2023-01-19,2023,0,Sideways,0,0.7015,SELL,1,0,0.5954,SELL,1,10,"EMA_26,OBV,SMA_50,SMA_20,Rolling_Median_Return,RSI_14,MACD,BB_Width,Stochastic,BB_Upper",EMA_26
HINDUNILVR,2023-01-20,2023,0,Sideways,1,0.7103,BUY,0,0,0.5875,SELL,1,10,"EMA_26,OBV,SMA_50,SMA_20,Rolling_Median_Return,RSI_14,MACD,BB_Width,Stochastic,BB_Upper",EMA_26
HINDUNILVR,2023-01-23,2023,0,Sideways,0,0.7323,SELL,1,0,0.5854,SELL,1,10,"EMA_26,OBV,SMA_50,SMA_20,Rolling_Median_Return,RSI_14,MACD,BB_Width,Stochastic,BB_Upper",EMA_26
HINDUNILVR,2023-01-24,2023,0,Sideways,0,0.6986,SELL,1,0,0.5303,NO TRADE,1,10,"EMA_26,OBV,SMA_50,SMA_20,Rolling_Median_Return,RSI_14,MACD,BB_Width,Stochastic,BB_Upper",EMA_26
HINDUNILVR,2023-01-25,2023,0,Sideways,0,0.8772,SELL,1,0,0.5535,SELL,1,10,"EMA_26,OBV,SMA_50,SMA_20,Rolling_Median_Return,RSI_14,MACD,BB_Width,Stochastic,BB_Upper",EMA_26
HINDUNILVR,2023-01-27,2023,0,Sideways,0,0.8727,SELL,1,0,0.5453,NO TRADE,1,10,"EMA_26,OBV,SMA_50,SMA_20,Rolling_Median_Return,RSI_14,MACD,BB_Width,Stochastic,BB_Upper",EMA_26
HINDUNILVR,2023-01-30,2023,0,Sideways,0,0.6077,SELL,1,0,0.5505,SELL,1,10,"EMA_26,OBV,SMA_50,SMA_20,Rolling_Median_Return,RSI_14,MACD,BB_Width,Stochastic,BB_Upper",EMA_26
HINDUNILVR,2023-01-31,2023,0,Sideways,0,0.7026,SELL,1,0,0.6255,SELL,1,10,"EMA_26,OBV,SMA_50,SMA_20,Rolling_Median_Return,RSI_14,MACD,BB_Width,Stochastic,BB_Upper",EMA_26
HINDUNILVR,2023-02-01,2023,0,Sideways,0,0.6342,SELL,1,0,0.6304,SELL,1,10,"EMA_26,OBV,SMA_50,SMA_20,Rolling_Median_Return,RSI_14,MACD,BB_Width,Stochastic,BB_Upper",EMA_26
HINDUNILVR,2023-02-02,2023,0,Sideways,0,0.7298,SELL,1,0,0.6391,SELL,1,10,"EMA_26,OBV,SMA_50,SMA_20,Rolling_Median_Return,RSI_14,MACD,BB_Width,Stochastic,BB_Upper",EMA_26
HINDUNILVR,2023-02-03,2023,0,Sideways,0,0.89,SELL,1,0,0.602,SELL,1,10,"EMA_12,EMA_26,SMA_50,OBV,MACD_Hist,MACD_Signal,Volume_MA,Rolling_Median_Return,SMA_20,BB_Upper",EMA_12
HINDUNILVR,2023-02-06,2023,0,Sideways,0,0.8595,SELL,1,0,0.7339,SELL,1,10,"EMA_12,EMA_26,SMA_50,OBV,MACD_Hist,MACD_Signal,Volume_MA,Rolling_Median_Return,SMA_20,BB_Upper",EMA_12
HINDUNILVR,2023-02-07,2023,0,Sideways,0,0.8152,SELL,1,0,0.7466,SELL,1,10,"EMA_12,EMA_26,SMA_50,OBV,MACD_Hist,MACD_Signal,Volume_MA,Rolling_Median_Return,SMA_20,BB_Upper",EMA_12
HINDUNILVR,2023-02-08,2023,0,Sideways,0,0.7203,SELL,1,0,0.6935,SELL,1,10,"EMA_12,EMA_26,SMA_50,OBV,MACD_Hist,MACD_Signal,Volume_MA,Rolling_Median_Return,SMA_20,BB_Upper",EMA_12
HINDUNILVR,2023-02-09,2023,0,Sideways,0,0.7638,SELL,1,0,0.689,SELL,1,10,"EMA_12,EMA_26,SMA_50,OBV,MACD_Hist,MACD_Signal,Volume_MA,Rolling_Median_Return,SMA_20,BB_Upper",EMA_12
HINDUNILVR,2023-02-10,2023,0,Sideways,0,0.7793,SELL,1,0,0.6722,SELL,1,10,"EMA_12,EMA_26,SMA_50,OBV,MACD_Hist,MACD_Signal,Volume_MA,Rolling_Median_Return,SMA_20,BB_Upper",EMA_12
HINDUNILVR,2023-02-13,2023,0,Sideways,0,0.8167,SELL,1,0,0.6557,SELL,1,10,"EMA_12,EMA_26,SMA_50,OBV,MACD_Hist,MACD_Signal,Volume_MA,Rolling_Median_Return,SMA_20,BB_Upper",EMA_12
HINDUNILVR,2023-02-14,2023,0,Sideways,0,0.8985,SELL,1,0,0.6922,SELL,1,10,"EMA_12,EMA_26,SMA_50,OBV,MACD_Hist,MACD_Signal,Volume_MA,Rolling_Median_Return,SMA_20,BB_Upper",EMA_12
HINDUNILVR,2023-02-15,2023,0,Sideways,0,0.6016,SELL,1,0,0.6792,SELL,1,10,"EMA_12,EMA_26,SMA_50,OBV,MACD_Hist,MACD_Signal,Volume_MA,Rolling_Median_Return,SMA_20,BB_Upper",EMA_12
HINDUNILVR,2023-02-16,2023,0,Sideways,1,0.5278,NO TRADE,0,0,0.6559,SELL,1,10,"EMA_12,EMA_26,SMA_50,OBV,MACD_Hist,MACD_Signal,Volume_MA,Rolling_Median_Return,SMA_20,BB_Upper",EMA_12
HINDUNILVR,2023-02-17,2023,0,Sideways,1,0.6026,BUY,0,0,0.6112,SELL,1,10,"EMA_12,EMA_26,SMA_50,OBV,MACD_Hist,MACD_Signal,Volume_MA,Rolling_Median_Return,SMA_20,BB_Upper",EMA_12
HINDUNILVR,2023-02-20,2023,0,Sideways,1,0.6008,BUY,0,0,0.5955,SELL,1,10,"EMA_12,EMA_26,SMA_50,OBV,MACD_Hist,MACD_Signal,Volume_MA,Rolling_Median_Return,SMA_20,BB_Upper",EMA_12
HINDUNILVR,2023-02-21,2023,0,Sideways,1,0.6116,BUY,0,0,0.5598,SELL,1,10,"EMA_12,EMA_26,SMA_50,OBV,MACD_Hist,MACD_Signal,Volume_MA,Rolling_Median_Return,SMA_20,BB_Upper",EMA_12
HINDUNILVR,2023-02-22,2023,0,Sideways,1,0.6259,BUY,0,0,0.5617,SELL,1,10,"EMA_12,EMA_26,SMA_50,OBV,MACD_Hist,MACD_Signal,Volume_MA,Rolling_Median_Return,SMA_20,BB_Upper",EMA_12
HINDUNILVR,2023-02-23,2023,0,Sideways,0,0.5133,NO TRADE,1,0,0.6408,SELL,1,10,"EMA_12,EMA_26,SMA_50,OBV,MACD_Hist,MACD_Signal,Volume_MA,Rolling_Median_Return,SMA_20,BB_Upper",EMA_12
HINDUNILVR,2023-02-24,2023,1,Sideways,0,0.5939,SELL,0,0,0.6483,SELL,0,10,"EMA_12,EMA_26,SMA_50,OBV,MACD_Hist,MACD_Signal,Volume_MA,Rolling_Median_Return,SMA_20,BB_Upper",EMA_12
HINDUNILVR,2023-02-27,2023,1,Sideways,1,0.7896,BUY,1,1,0.6514,BUY,1,10,"EMA_12,EMA_26,SMA_50,OBV,MACD_Hist,MACD_Signal,Volume_MA,Rolling_Median_Return,SMA_20,BB_Upper",EMA_12
HINDUNILVR,2023-02-28,2023,1,Sideways,1,0.5513,BUY,1,1,0.6951,BUY,1,10,"EMA_12,EMA_26,SMA_50,OBV,MACD_Hist,MACD_Signal,Volume_MA,Rolling_Median_Return,SMA_20,BB_Upper",EMA_12
HINDUNILVR,2023-03-01,2023,1,Sideways,1,0.6378,BUY,1,1,0.872,BUY,1,10,"EMA_12,EMA_26,SMA_50,OBV,MACD_Hist,MACD_Signal,Volume_MA,Rolling_Median_Return,SMA_20,BB_Upper",EMA_12
HINDUNILVR,2023-03-02,2023,1,Sideways,1,0.8188,BUY,1,1,0.8664,BUY,1,10,"EMA_12,EMA_26,SMA_50,OBV,MACD_Hist,MACD_Signal,Volume_MA,Rolling_Median_Return,SMA_20,BB_Upper",EMA_12
HINDUNILVR,2023-03-03,2023,1,Sideways,1,0.8159,BUY,1,1,0.8753,BUY,1,10,"EMA_12,EMA_26,SMA_50,OBV,MACD_Hist,MACD_Signal,Volume_MA,Rolling_Median_Return,SMA_20,BB_Upper",EMA_12
HINDUNILVR,2023-03-06,2023,1,Sideways,1,0.6051,BUY,1,1,0.8677,BUY,1,10,"EMA_12,EMA_26,SMA_50,OBV,MACD_Hist,MACD_Signal,Volume_MA,Rolling_Median_Return,SMA_20,BB_Upper",EMA_12
HINDUNILVR,2023-03-08,2023,1,Sideways,1,0.7536,BUY,1,1,0.8515,BUY,1,10,"EMA_12,EMA_26,SMA_50,OBV,MACD_Hist,MACD_Signal,Volume_MA,Rolling_Median_Return,SMA_20,BB_Upper",EMA_12
HINDUNILVR,2023-03-09,2023,1,Sideways,1,0.7771,BUY,1,1,0.8793,BUY,1,10,"EMA_12,EMA_26,SMA_50,OBV,MACD_Hist,MACD_Signal,Volume_MA,Rolling_Median_Return,SMA_20,BB_Upper",EMA_12
HINDUNILVR,2023-03-10,2023,1,Sideways,1,0.9164,BUY,1,1,0.8918,BUY,1,10,"EMA_12,EMA_26,SMA_50,OBV,MACD_Hist,MACD_Signal,Volume_MA,Rolling_Median_Return,SMA_20,BB_Upper",EMA_12
HINDUNILVR,2023-03-13,2023,1,Sideways,1,0.8347,BUY,1,1,0.9012,BUY,1,10,"EMA_12,EMA_26,SMA_50,OBV,MACD_Hist,MACD_Signal,Volume_MA,Rolling_Median_Return,SMA_20,BB_Upper",EMA_12
HINDUNILVR,2023-03-14,2023,1,Sideways,1,0.9339,BUY,1,1,0.916,BUY,1,10,"EMA_12,EMA_26,SMA_50,OBV,MACD_Hist,MACD_Signal,Volume_MA,Rolling_Median_Return,SMA_20,BB_Upper",EMA_12
HINDUNILVR,2023-03-15,2023,1,Sideways,1,0.8836,BUY,1,1,0.9219,BUY,1,10,"EMA_12,EMA_26,SMA_50,OBV,MACD_Hist,MACD_Signal,Volume_MA,Rolling_Median_Return,SMA_20,BB_Upper",EMA_12
HINDUNILVR,2023-03-16,2023,1,Sideways,1,0.817,BUY,1,1,0.9246,BUY,1,10,"EMA_12,EMA_26,SMA_50,OBV,MACD_Hist,MACD_Signal,Volume_MA,Rolling_Median_Return,SMA_20,BB_Upper",EMA_12
HINDUNILVR,2023-03-17,2023,1,Sideways,1,0.7325,BUY,1,1,0.9264,BUY,1,10,"EMA_12,EMA_26,SMA_50,OBV,MACD_Hist,MACD_Signal,Volume_MA,Rolling_Median_Return,SMA_20,BB_Upper",EMA_12
HINDUNILVR,2023-03-20,2023,0,Sideways,1,0.6595,BUY,0,1,0.7541,BUY,0,10,"EMA_12,SMA_10,Volume_MA,MACD_Signal,RSI_14,EMA_26,SMA_20,Williams_R,Stochastic,Rolling_Mean_Return",EMA_12
HINDUNILVR,2023-03-21,2023,1,Sideways,0,0.6204,SELL,0,1,0.6561,BUY,1,10,"EMA_12,SMA_10,Volume_MA,MACD_Signal,RSI_14,EMA_26,SMA_20,Williams_R,Stochastic,Rolling_Mean_Return",EMA_12
HINDUNILVR,2023-03-22,2023,1,Sideways,0,0.5457,NO TRADE,0,1,0.7142,BUY,1,10,"EMA_12,SMA_10,Volume_MA,MACD_Signal,RSI_14,EMA_26,SMA_20,Williams_R,Stochastic,Rolling_Mean_Return",EMA_12
HINDUNILVR,2023-03-23,2023,1,Sideways,0,0.5387,NO TRADE,0,1,0.7785,BUY,1,10,"EMA_12,SMA_10,Volume_MA,MACD_Signal,RSI_14,EMA_26,SMA_20,Williams_R,Stochastic,Rolling_Mean_Return",EMA_12
HINDUNILVR,2023-03-24,2023,0,Sideways,1,0.544,NO TRADE,0,1,0.8027,BUY,0,10,"EMA_12,SMA_10,Volume_MA,MACD_Signal,RSI_14,EMA_26,SMA_20,Williams_R,Stochastic,Rolling_Mean_Return",EMA_12
HINDUNILVR,2023-03-27,2023,0,Sideways,0,0.7156,SELL,1,1,0.7533,BUY,0,10,"EMA_12,SMA_10,Volume_MA,MACD_Signal,RSI_14,EMA_26,SMA_20,Williams_R,Stochastic,Rolling_Mean_Return",EMA_12
HINDUNILVR,2023-03-28,2023,0,Sideways,0,0.7262,SELL,1,1,0.5239,NO TRADE,0,10,"EMA_12,SMA_10,Volume_MA,MACD_Signal,RSI_14,EMA_26,SMA_20,Williams_R,Stochastic,Rolling_Mean_Return",EMA_12
HINDUNILVR,2023-03-29,2023,0,Sideways,0,0.8081,SELL,1,0,0.5399,NO TRADE,1,10,"EMA_12,SMA_10,Volume_MA,MACD_Signal,RSI_14,EMA_26,SMA_20,Williams_R,Stochastic,Rolling_Mean_Return",EMA_12
HINDUNILVR,2023-03-31,2023,0,Sideways,0,0.8616,SELL,1,0,0.6018,SELL,1,10,"EMA_12,SMA_10,Volume_MA,MACD_Signal,RSI_14,EMA_26,SMA_20,Williams_R,Stochastic,Rolling_Mean_Return",EMA_12
HINDUNILVR,2023-04-03,2023,0,Sideways,0,0.8701,SELL,1,0,0.6153,SELL,1,10,"EMA_12,SMA_10,Volume_MA,MACD_Signal,RSI_14,EMA_26,SMA_20,Williams_R,Stochastic,Rolling_Mean_Return",EMA_12
HINDUNILVR,2023-04-05,2023,0,Sideways,0,0.8182,SELL,1,0,0.6326,SELL,1,10,"EMA_12,SMA_10,Volume_MA,MACD_Signal,RSI_14,EMA_26,SMA_20,Williams_R,Stochastic,Rolling_Mean_Return",EMA_12
HINDUNILVR,2023-04-06,2023,0,Sideways,0,0.9599,SELL,1,0,0.6379,SELL,1,10,"EMA_12,SMA_10,Volume_MA,MACD_Signal,RSI_14,EMA_26,SMA_20,Williams_R,Stochastic,Rolling_Mean_Return",EMA_12
HINDUNILVR,2023-04-10,2023,0,Sideways,0,0.8632,SELL,1,0,0.6287,SELL,1,10,"EMA_12,SMA_10,Volume_MA,MACD_Signal,RSI_14,EMA_26,SMA_20,Williams_R,Stochastic,Rolling_Mean_Return",EMA_12
HINDUNILVR,2023-04-11,2023,1,Sideways,0,0.9709,SELL,0,0,0.6244,SELL,0,10,"EMA_12,SMA_10,Volume_MA,MACD_Signal,RSI_14,EMA_26,SMA_20,Williams_R,Stochastic,Rolling_Mean_Return",EMA_12
HINDUNILVR,2023-04-12,2023,1,Sideways,0,0.8282,SELL,0,1,0.5518,BUY,1,10,"EMA_12,SMA_10,Volume_MA,MACD_Signal,RSI_14,EMA_26,SMA_20,Williams_R,Stochastic,Rolling_Mean_Return",EMA_12
HINDUNILVR,2023-04-13,2023,1,Sideways,0,0.8017,SELL,0,1,0.6254,BUY,1,10,"EMA_12,SMA_10,Volume_MA,MACD_Signal,RSI_14,EMA_26,SMA_20,Williams_R,Stochastic,Rolling_Mean_Return",EMA_12
HINDUNILVR,2023-04-17,2023,1,Sideways,0,0.7973,SELL,0,1,0.639,BUY,1,10,"EMA_12,SMA_10,Volume_MA,MACD_Signal,RSI_14,EMA_26,SMA_20,Williams_R,Stochastic,Rolling_Mean_Return",EMA_12
HINDUNILVR,2023-04-18,2023,1,Sideways,0,0.7004,SELL,0,1,0.6743,BUY,1,10,"EMA_12,SMA_10,Volume_MA,MACD_Signal,RSI_14,EMA_26,SMA_20,Williams_R,Stochastic,Rolling_Mean_Return",EMA_12
HINDUNILVR,2023-04-19,2023,1,Sideways,0,0.6093,SELL,0,1,0.7071,BUY,1,10,"EMA_12,SMA_10,Volume_MA,MACD_Signal,RSI_14,EMA_26,SMA_20,Williams_R,Stochastic,Rolling_Mean_Return",EMA_12
HINDUNILVR,2023-04-20,2023,1,Sideways,0,0.5693,SELL,0,1,0.6817,BUY,1,10,"EMA_12,SMA_10,Volume_MA,MACD_Signal,RSI_14,EMA_26,SMA_20,Williams_R,Stochastic,Rolling_Mean_Return",EMA_12
HINDUNILVR,2023-04-21,2023,1,Sideways,1,0.5255,NO TRADE,1,1,0.7014,BUY,1,10,"EMA_12,SMA_10,Volume_MA,MACD_Signal,RSI_14,EMA_26,SMA_20,Williams_R,Stochastic,Rolling_Mean_Return",EMA_12
HINDUNILVR,2023-04-24,2023,1,Sideways,0,0.5539,SELL,0,1,0.6911,BUY,1,10,"EMA_12,SMA_10,Volume_MA,MACD_Signal,RSI_14,EMA_26,SMA_20,Williams_R,Stochastic,Rolling_Mean_Return",EMA_12
HINDUNILVR,2023-04-25,2023,1,Sideways,1,0.6962,BUY,1,1,0.6827,BUY,1,10,"EMA_12,SMA_10,Volume_MA,MACD_Signal,RSI_14,EMA_26,SMA_20,Williams_R,Stochastic,Rolling_Mean_Return",EMA_12
HINDUNILVR,2023-04-26,2023,1,Sideways,1,0.6416,BUY,1,1,0.7599,BUY,1,10,"EMA_12,SMA_10,Volume_MA,MACD_Signal,RSI_14,EMA_26,SMA_20,Williams_R,Stochastic,Rolling_Mean_Return",EMA_12
HINDUNILVR,2023-04-27,2023,1,Sideways,1,0.6213,BUY,1,1,0.7324,BUY,1,10,"EMA_12,SMA_10,Volume_MA,MACD_Signal,RSI_14,EMA_26,SMA_20,Williams_R,Stochastic,Rolling_Mean_Return",EMA_12
HINDUNILVR,2023-04-28,2023,1,Sideways,1,0.6996,BUY,1,1,0.6642,BUY,1,10,"EMA_12,SMA_10,Volume_MA,MACD_Signal,RSI_14,EMA_26,SMA_20,Williams_R,Stochastic,Rolling_Mean_Return",EMA_12
HINDUNILVR,2023-05-02,2023,1,Sideways,1,0.8049,BUY,1,1,0.6651,BUY,1,10,"EMA_12,SMA_10,Volume_MA,MACD_Signal,RSI_14,EMA_26,SMA_20,Williams_R,Stochastic,Rolling_Mean_Return",EMA_12
HINDUNILVR,2023-05-03,2023,1,Sideways,1,0.7576,BUY,1,1,0.6503,BUY,1,10,"EMA_12,SMA_10,Volume_MA,MACD_Signal,RSI_14,EMA_26,SMA_20,Williams_R,Stochastic,Rolling_Mean_Return",EMA_12
HINDUNILVR,2023-05-04,2023,1,Sideways,1,0.7049,BUY,1,1,0.7454,BUY,1,10,"EMA_12,SMA_10,Volume_MA,MACD_Signal,RSI_14,EMA_26,SMA_20,Williams_R,Stochastic,Rolling_Mean_Return",EMA_12
HINDUNILVR,2023-05-05,2023,1,Sideways,1,0.6952,BUY,1,1,0.6676,BUY,1,10,"EMA_12,SMA_10,Volume_MA,MACD_Signal,RSI_14,EMA_26,SMA_20,Williams_R,Stochastic,Rolling_Mean_Return",EMA_12
HINDUNILVR,2023-05-08,2023,1,Sideways,1,0.7072,BUY,1,1,0.5949,BUY,1,10,"SMA_10,RSI_14,MACD_Signal,EMA_12,SMA_50,Rolling_Mean_Return,Stochastic,Rolling_Std_10,Williams_R,MFI",SMA_10
HINDUNILVR,2023-05-09,2023,1,Sideways,1,0.6995,BUY,1,1,0.6006,BUY,1,10,"SMA_10,RSI_14,MACD_Signal,EMA_12,SMA_50,Rolling_Mean_Return,Stochastic,Rolling_Std_10,Williams_R,MFI",SMA_10
HINDUNILVR,2023-05-10,2023,1,Sideways,0,0.5747,SELL,0,0,0.5325,NO TRADE,0,10,"SMA_10,RSI_14,MACD_Signal,EMA_12,SMA_50,Rolling_Mean_Return,Stochastic,Rolling_Std_10,Williams_R,MFI",SMA_10
HINDUNILVR,2023-05-11,2023,1,Sideways,0,0.7948,SELL,0,1,0.5266,NO TRADE,1,10,"SMA_10,RSI_14,MACD_Signal,EMA_12,SMA_50,Rolling_Mean_Return,Stochastic,Rolling_Std_10,Williams_R,MFI",SMA_10
HINDUNILVR,2023-05-12,2023,1,Sideways,0,0.7732,SELL,0,1,0.5236,NO TRADE,1,10,"SMA_10,RSI_14,MACD_Signal,EMA_12,SMA_50,Rolling_Mean_Return,Stochastic,Rolling_Std_10,Williams_R,MFI",SMA_10
HINDUNILVR,2023-05-15,2023,0,Sideways,0,0.6024,SELL,1,1,0.5123,NO TRADE,0,10,"SMA_10,RSI_14,MACD_Signal,EMA_12,SMA_50,Rolling_Mean_Return,Stochastic,Rolling_Std_10,Williams_R,MFI",SMA_10
HINDUNILVR,2023-05-16,2023,0,Sideways,0,0.7032,SELL,1,0,0.6215,SELL,1,10,"SMA_10,RSI_14,MACD_Signal,EMA_12,SMA_50,Rolling_Mean_Return,Stochastic,Rolling_Std_10,Williams_R,MFI",SMA_10
HINDUNILVR,2023-05-17,2023,1,Sideways,0,0.8007,SELL,0,0,0.6097,SELL,0,10,"SMA_10,RSI_14,MACD_Signal,EMA_12,SMA_50,Rolling_Mean_Return,Stochastic,Rolling_Std_10,Williams_R,MFI",SMA_10
HINDUNILVR,2023-05-18,2023,1,Sideways,0,0.6181,SELL,0,1,0.6667,BUY,1,10,"SMA_10,RSI_14,MACD_Signal,EMA_12,SMA_50,Rolling_Mean_Return,Stochastic,Rolling_Std_10,Williams_R,MFI",SMA_10
HINDUNILVR,2023-05-19,2023,1,Sideways,0,0.5165,NO TRADE,0,1,0.6195,BUY,1,10,"SMA_10,RSI_14,MACD_Signal,EMA_12,SMA_50,Rolling_Mean_Return,Stochastic,Rolling_Std_10,Williams_R,MFI",SMA_10
HINDUNILVR,2023-05-22,2023,1,Sideways,0,0.5417,NO TRADE,0,1,0.6802,BUY,1,10,"SMA_10,RSI_14,MACD_Signal,EMA_12,SMA_50,Rolling_Mean_Return,Stochastic,Rolling_Std_10,Williams_R,MFI",SMA_10
HINDUNILVR,2023-05-23,2023,1,Sideways,1,0.5283,NO TRADE,1,1,0.7355,BUY,1,10,"SMA_10,RSI_14,MACD_Signal,EMA_12,SMA_50,Rolling_Mean_Return,Stochastic,Rolling_Std_10,Williams_R,MFI",SMA_10
HINDUNILVR,2023-05-24,2023,1,Sideways,1,0.5338,NO TRADE,1,1,0.6825,BUY,1,10,"SMA_10,RSI_14,MACD_Signal,EMA_12,SMA_50,Rolling_Mean_Return,Stochastic,Rolling_Std_10,Williams_R,MFI",SMA_10
HINDUNILVR,2023-05-25,2023,1,Sideways,1,0.5566,BUY,1,0,0.5242,NO TRADE,0,10,"SMA_10,RSI_14,MACD_Signal,EMA_12,SMA_50,Rolling_Mean_Return,Stochastic,Rolling_Std_10,Williams_R,MFI",SMA_10
HINDUNILVR,2023-05-26,2023,1,Sideways,1,0.5795,BUY,1,1,0.6748,BUY,1,10,"SMA_10,RSI_14,MACD_Signal,EMA_12,SMA_50,Rolling_Mean_Return,Stochastic,Rolling_Std_10,Williams_R,MFI",SMA_10
HINDUNILVR,2023-05-29,2023,1,Sideways,1,0.5569,BUY,1,1,0.6336,BUY,1,10,"SMA_10,RSI_14,MACD_Signal,EMA_12,SMA_50,Rolling_Mean_Return,Stochastic,Rolling_Std_10,Williams_R,MFI",SMA_10
HINDUNILVR,2023-05-30,2023,1,Sideways,1,0.5606,BUY,1,1,0.56,BUY,1,10,"SMA_10,RSI_14,MACD_Signal,EMA_12,SMA_50,Rolling_Mean_Return,Stochastic,Rolling_Std_10,Williams_R,MFI",SMA_10
HINDUNILVR,2023-05-31,2023,1,Sideways,1,0.5273,NO TRADE,1,1,0.6193,BUY,1,10,"SMA_10,RSI_14,MACD_Signal,EMA_12,SMA_50,Rolling_Mean_Return,Stochastic,Rolling_Std_10,Williams_R,MFI",SMA_10
HINDUNILVR,2023-06-01,2023,1,Sideways,0,0.5154,NO TRADE,0,0,0.5559,SELL,0,10,"SMA_10,RSI_14,MACD_Signal,EMA_12,SMA_50,Rolling_Mean_Return,Stochastic,Rolling_Std_10,Williams_R,MFI",SMA_10
HINDUNILVR,2023-06-02,2023,1,Sideways,1,0.525,NO TRADE,1,1,0.5108,NO TRADE,1,10,"SMA_10,RSI_14,MACD_Signal,EMA_12,SMA_50,Rolling_Mean_Return,Stochastic,Rolling_Std_10,Williams_R,MFI",SMA_10
HINDUNILVR,2023-06-05,2023,1,Sideways,1,0.5322,NO TRADE,1,1,0.5333,NO TRADE,1,10,"SMA_10,RSI_14,MACD_Signal,EMA_12,SMA_50,Rolling_Mean_Return,Stochastic,Rolling_Std_10,Williams_R,MFI",SMA_10
HINDUNILVR,2023-06-06,2023,1,Sideways,1,0.5264,NO TRADE,1,1,0.541,NO TRADE,1,10,"SMA_10,RSI_14,MACD_Signal,EMA_12,SMA_50,Rolling_Mean_Return,Stochastic,Rolling_Std_10,Williams_R,MFI",SMA_10
HINDUNILVR,2023-06-07,2023,1,Sideways,1,0.5268,NO TRADE,1,1,0.5188,NO TRADE,1,10,"SMA_10,RSI_14,MACD_Signal,EMA_12,SMA_50,Rolling_Mean_Return,Stochastic,Rolling_Std_10,Williams_R,MFI",SMA_10
HINDUNILVR,2023-06-08,2023,1,Sideways,1,0.5443,NO TRADE,1,1,0.7204,BUY,1,10,"SMA_10,RSI_14,MACD_Signal,EMA_12,SMA_50,Rolling_Mean_Return,Stochastic,Rolling_Std_10,Williams_R,MFI",SMA_10
HINDUNILVR,2023-06-09,2023,1,Sideways,1,0.6358,BUY,1,1,0.6773,BUY,1,10,"SMA_10,RSI_14,MACD_Signal,EMA_12,SMA_50,Rolling_Mean_Return,Stochastic,Rolling_Std_10,Williams_R,MFI",SMA_10
HINDUNILVR,2023-06-12,2023,1,Sideways,1,0.5999,BUY,1,1,0.636,BUY,1,10,"SMA_10,RSI_14,MACD_Signal,EMA_12,SMA_50,Rolling_Mean_Return,Stochastic,Rolling_Std_10,Williams_R,MFI",SMA_10
HINDUNILVR,2023-06-13,2023,1,Sideways,0,0.5086,NO TRADE,0,1,0.6794,BUY,1,10,"SMA_10,RSI_14,MACD_Signal,EMA_12,SMA_50,Rolling_Mean_Return,Stochastic,Rolling_Std_10,Williams_R,MFI",SMA_10
HINDUNILVR,2023-06-14,2023,0,Sideways,1,0.6236,BUY,0,1,0.7374,BUY,0,10,"SMA_10,RSI_14,MACD_Signal,EMA_12,SMA_50,Rolling_Mean_Return,Stochastic,Rolling_Std_10,Williams_R,MFI",SMA_10
HINDUNILVR,2023-06-15,2023,1,Sideways,1,0.5113,NO TRADE,1,1,0.6406,BUY,1,10,"SMA_10,RSI_14,MACD_Signal,EMA_12,SMA_50,Rolling_Mean_Return,Stochastic,Rolling_Std_10,Williams_R,MFI",SMA_10
HINDUNILVR,2023-06-16,2023,0,Sideways,1,0.5462,NO TRADE,0,1,0.729,BUY,0,10,"SMA_10,RSI_14,MACD_Signal,EMA_12,SMA_50,Rolling_Mean_Return,Stochastic,Rolling_Std_10,Williams_R,MFI",SMA_10
HINDUNILVR,2023-06-19,2023,0,Sideways,1,0.5341,NO TRADE,0,0,0.5507,SELL,1,10,"OBV,SMA_50,SMA_10,EMA_12,Volume_MA,Williams_R,ATR_14,MFI,BB_Width,BB_Upper",OBV
HINDUNILVR,2023-06-20,2023,0,Sideways,0,0.781,SELL,1,0,0.5722,SELL,1,10,"OBV,SMA_50,SMA_10,EMA_12,Volume_MA,Williams_R,ATR_14,MFI,BB_Width,BB_Upper",OBV
HINDUNILVR,2023-06-21,2023,1,Sideways,0,0.8167,SELL,0,0,0.5544,SELL,0,10,"OBV,SMA_50,SMA_10,EMA_12,Volume_MA,Williams_R,ATR_14,MFI,BB_Width,BB_Upper",OBV
HINDUNILVR,2023-06-22,2023,0,Sideways,1,0.6147,BUY,0,1,0.6108,BUY,0,10,"OBV,SMA_50,SMA_10,EMA_12,Volume_MA,Williams_R,ATR_14,MFI,BB_Width,BB_Upper",OBV
HINDUNILVR,2023-06-23,2023,0,Sideways,0,0.5974,SELL,1,0,0.5425,NO TRADE,1,10,"OBV,SMA_50,SMA_10,EMA_12,Volume_MA,Williams_R,ATR_14,MFI,BB_Width,BB_Upper",OBV
HINDUNILVR,2023-06-26,2023,0,Sideways,0,0.7527,SELL,1,0,0.5514,SELL,1,10,"OBV,SMA_50,SMA_10,EMA_12,Volume_MA,Williams_R,ATR_14,MFI,BB_Width,BB_Upper",OBV
HINDUNILVR,2023-06-27,2023,0,Sideways,0,0.7422,SELL,1,0,0.5049,NO TRADE,1,10,"OBV,SMA_50,SMA_10,EMA_12,Volume_MA,Williams_R,ATR_14,MFI,BB_Width,BB_Upper",OBV
HINDUNILVR,2023-06-28,2023,0,Sideways,0,0.7212,SELL,1,0,0.5736,SELL,1,10,"OBV,SMA_50,SMA_10,EMA_12,Volume_MA,Williams_R,ATR_14,MFI,BB_Width,BB_Upper",OBV
HINDUNILVR,2023-06-30,2023,0,Sideways,0,0.8609,SELL,1,0,0.6121,SELL,1,10,"OBV,SMA_50,SMA_10,EMA_12,Volume_MA,Williams_R,ATR_14,MFI,BB_Width,BB_Upper",OBV
HINDUNILVR,2023-07-03,2023,0,Sideways,0,0.9097,SELL,1,0,0.7246,SELL,1,10,"OBV,SMA_50,SMA_10,EMA_12,Volume_MA,Williams_R,ATR_14,MFI,BB_Width,BB_Upper",OBV
HINDUNILVR,2023-07-04,2023,0,Sideways,0,0.9124,SELL,1,0,0.606,SELL,1,10,"OBV,SMA_50,SMA_10,EMA_12,Volume_MA,Williams_R,ATR_14,MFI,BB_Width,BB_Upper",OBV
HINDUNILVR,2023-07-05,2023,0,Sideways,0,0.7516,SELL,1,0,0.6007,SELL,1,10,"OBV,SMA_50,SMA_10,EMA_12,Volume_MA,Williams_R,ATR_14,MFI,BB_Width,BB_Upper",OBV
HINDUNILVR,2023-07-06,2023,0,Sideways,0,0.7415,SELL,1,0,0.6265,SELL,1,10,"OBV,SMA_50,SMA_10,EMA_12,Volume_MA,Williams_R,ATR_14,MFI,BB_Width,BB_Upper",OBV
HINDUNILVR,2023-07-07,2023,0,Sideways,0,0.6596,SELL,1,0,0.5615,SELL,1,10,"OBV,SMA_50,SMA_10,EMA_12,Volume_MA,Williams_R,ATR_14,MFI,BB_Width,BB_Upper",OBV
HINDUNILVR,2023-07-10,2023,0,Sideways,0,0.7665,SELL,1,0,0.6176,SELL,1,10,"OBV,SMA_50,SMA_10,EMA_12,Volume_MA,Williams_R,ATR_14,MFI,BB_Width,BB_Upper",OBV
HINDUNILVR,2023-07-11,2023,0,Sideways,0,0.7936,SELL,1,0,0.5383,NO TRADE,1,10,"OBV,SMA_50,SMA_10,EMA_12,Volume_MA,Williams_R,ATR_14,MFI,BB_Width,BB_Upper",OBV
HINDUNILVR,2023-07-12,2023,0,Sideways,0,0.82,SELL,1,0,0.6059,SELL,1,10,"OBV,SMA_50,SMA_10,EMA_12,Volume_MA,Williams_R,ATR_14,MFI,BB_Width,BB_Upper",OBV
HINDUNILVR,2023-07-13,2023,0,Sideways,0,0.8839,SELL,1,0,0.6509,SELL,1,10,"OBV,SMA_50,SMA_10,EMA_12,Volume_MA,Williams_R,ATR_14,MFI,BB_Width,BB_Upper",OBV
HINDUNILVR,2023-07-14,2023,0,Sideways,0,0.9363,SELL,1,0,0.7135,SELL,1,10,"OBV,SMA_50,SMA_10,EMA_12,Volume_MA,Williams_R,ATR_14,MFI,BB_Width,BB_Upper",OBV
HINDUNILVR,2023-07-17,2023,0,Sideways,0,0.9296,SELL,1,0,0.751,SELL,1,10,"OBV,SMA_50,SMA_10,EMA_12,Volume_MA,Williams_R,ATR_14,MFI,BB_Width,BB_Upper",OBV
HINDUNILVR,2023-07-18,2023,0,Sideways,0,0.9322,SELL,1,0,0.78,SELL,1,10,"OBV,SMA_50,SMA_10,EMA_12,Volume_MA,Williams_R,ATR_14,MFI,BB_Width,BB_Upper",OBV
HINDUNILVR,2023-07-19,2023,0,Sideways,0,0.9021,SELL,1,0,0.7335,SELL,1,10,"OBV,SMA_50,SMA_10,EMA_12,Volume_MA,Williams_R,ATR_14,MFI,BB_Width,BB_Upper",OBV
HINDUNILVR,2023-07-20,2023,0,Sideways,0,0.9538,SELL,1,0,0.7043,SELL,1,10,"OBV,SMA_50,SMA_10,EMA_12,Volume_MA,Williams_R,ATR_14,MFI,BB_Width,BB_Upper",OBV
HINDUNILVR,2023-07-21,2023,0,Sideways,0,0.825,SELL,1,1,0.5293,NO TRADE,0,10,"OBV,SMA_50,SMA_10,EMA_12,Volume_MA,Williams_R,ATR_14,MFI,BB_Width,BB_Upper",OBV
HINDUNILVR,2023-07-24,2023,0,Sideways,0,0.976,SELL,1,1,0.5447,NO TRADE,0,10,"OBV,SMA_50,SMA_10,EMA_12,Volume_MA,Williams_R,ATR_14,MFI,BB_Width,BB_Upper",OBV
HINDUNILVR,2023-07-25,2023,1,Sideways,0,0.959,SELL,0,1,0.5608,BUY,1,10,"OBV,SMA_50,SMA_10,EMA_12,Volume_MA,Williams_R,ATR_14,MFI,BB_Width,BB_Upper",OBV
HINDUNILVR,2023-07-26,2023,0,Sideways,0,0.8445,SELL,1,1,0.6218,BUY,0,10,"OBV,SMA_50,SMA_10,EMA_12,Volume_MA,Williams_R,ATR_14,MFI,BB_Width,BB_Upper",OBV
HINDUNILVR,2023-07-27,2023,0,Sideways,0,0.9114,SELL,1,1,0.6225,BUY,0,10,"OBV,SMA_50,SMA_10,EMA_12,Volume_MA,Williams_R,ATR_14,MFI,BB_Width,BB_Upper",OBV
HINDUNILVR,2023-07-28,2023,0,Sideways,0,0.936,SELL,1,1,0.6181,BUY,0,10,"OBV,SMA_50,SMA_10,EMA_12,Volume_MA,Williams_R,ATR_14,MFI,BB_Width,BB_Upper",OBV
HINDUNILVR,2023-07-31,2023,0,Sideways,0,0.8679,SELL,1,1,0.5451,NO TRADE,0,10,"OBV,SMA_50,SMA_10,EMA_12,Volume_MA,Williams_R,ATR_14,MFI,BB_Width,BB_Upper",OBV
HINDUNILVR,2023-08-01,2023,0,Sideways,0,0.8078,SELL,1,1,0.5079,NO TRADE,0,10,"SMA_50,OBV,RSI_14,MACD_Signal,ATR_14,ROC,Return_5d,Rolling_Median_Return,Williams_R,BB_Width",SMA_50
HINDUNILVR,2023-08-02,2023,0,Sideways,0,0.7483,SELL,1,1,0.5071,NO TRADE,0,10,"SMA_50,OBV,RSI_14,MACD_Signal,ATR_14,ROC,Return_5d,Rolling_Median_Return,Williams_R,BB_Width",SMA_50
HINDUNILVR,2023-08-03,2023,0,Sideways,0,0.7962,SELL,1,0,0.6434,SELL,1,10,"SMA_50,OBV,RSI_14,MACD_Signal,ATR_14,ROC,Return_5d,Rolling_Median_Return,Williams_R,BB_Width",SMA_50
HINDUNILVR,2023-08-04,2023,0,Sideways,0,0.6889,SELL,1,1,0.5621,BUY,0,10,"SMA_50,OBV,RSI_14,MACD_Signal,ATR_14,ROC,Return_5d,Rolling_Median_Return,Williams_R,BB_Width",SMA_50
HINDUNILVR,2023-08-07,2023,0,Sideways,0,0.6742,SELL,1,1,0.5839,BUY,0,10,"SMA_50,OBV,RSI_14,MACD_Signal,ATR_14,ROC,Return_5d,Rolling_Median_Return,Williams_R,BB_Width",SMA_50
HINDUNILVR,2023-08-08,2023,0,Sideways,0,0.6221,SELL,1,1,0.507,NO TRADE,0,10,"SMA_50,OBV,RSI_14,MACD_Signal,ATR_14,ROC,Return_5d,Rolling_Median_Return,Williams_R,BB_Width",SMA_50
HINDUNILVR,2023-08-09,2023,0,Sideways,1,0.5189,NO TRADE,0,0,0.5013,NO TRADE,1,10,"SMA_50,OBV,RSI_14,MACD_Signal,ATR_14,ROC,Return_5d,Rolling_Median_Return,Williams_R,BB_Width",SMA_50
HINDUNILVR,2023-08-10,2023,0,Sideways,0,0.738,SELL,1,0,0.5068,NO TRADE,1,10,"SMA_50,OBV,RSI_14,MACD_Signal,ATR_14,ROC,Return_5d,Rolling_Median_Return,Williams_R,BB_Width",SMA_50
HINDUNILVR,2023-08-11,2023,1,Sideways,0,0.671,SELL,0,0,0.5059,NO TRADE,0,10,"SMA_50,OBV,RSI_14,MACD_Signal,ATR_14,ROC,Return_5d,Rolling_Median_Return,Williams_R,BB_Width",SMA_50
HINDUNILVR,2023-08-14,2023,0,Sideways,1,0.6536,BUY,0,1,0.6337,BUY,0,10,"SMA_50,OBV,RSI_14,MACD_Signal,ATR_14,ROC,Return_5d,Rolling_Median_Return,Williams_R,BB_Width",SMA_50
HINDUNILVR,2023-08-16,2023,0,Sideways,1,0.6453,BUY,0,1,0.5409,NO TRADE,0,10,"SMA_50,OBV,RSI_14,MACD_Signal,ATR_14,ROC,Return_5d,Rolling_Median_Return,Williams_R,BB_Width",SMA_50
HINDUNILVR,2023-08-17,2023,0,Sideways,1,0.5483,NO TRADE,0,1,0.5325,NO TRADE,0,10,"SMA_50,OBV,RSI_14,MACD_Signal,ATR_14,ROC,Return_5d,Rolling_Median_Return,Williams_R,BB_Width",SMA_50
HINDUNILVR,2023-08-18,2023,0,Sideways,0,0.5562,SELL,1,0,0.5613,SELL,1,10,"SMA_50,OBV,RSI_14,MACD_Signal,ATR_14,ROC,Return_5d,Rolling_Median_Return,Williams_R,BB_Width",SMA_50
HINDUNILVR,2023-08-21,2023,0,Sideways,0,0.6119,SELL,1,0,0.6172,SELL,1,10,"SMA_50,OBV,RSI_14,MACD_Signal,ATR_14,ROC,Return_5d,Rolling_Median_Return,Williams_R,BB_Width",SMA_50
HINDUNILVR,2023-08-22,2023,0,Sideways,0,0.6382,SELL,1,0,0.6135,SELL,1,10,"SMA_50,OBV,RSI_14,MACD_Signal,ATR_14,ROC,Return_5d,Rolling_Median_Return,Williams_R,BB_Width",SMA_50
HINDUNILVR,2023-08-23,2023,0,Sideways,0,0.8549,SELL,1,0,0.6598,SELL,1,10,"SMA_50,OBV,RSI_14,MACD_Signal,ATR_14,ROC,Return_5d,Rolling_Median_Return,Williams_R,BB_Width",SMA_50
HINDUNILVR,2023-08-24,2023,0,Sideways,0,0.894,SELL,1,0,0.6975,SELL,1,10,"SMA_50,OBV,RSI_14,MACD_Signal,ATR_14,ROC,Return_5d,Rolling_Median_Return,Williams_R,BB_Width",SMA_50
HINDUNILVR,2023-08-25,2023,0,Sideways,0,0.8117,SELL,1,0,0.7344,SELL,1,10,"SMA_50,OBV,RSI_14,MACD_Signal,ATR_14,ROC,Return_5d,Rolling_Median_Return,Williams_R,BB_Width",SMA_50
HINDUNILVR,2023-08-28,2023,0,Sideways,0,0.9156,SELL,1,0,0.7631,SELL,1,10,"SMA_50,OBV,RSI_14,MACD_Signal,ATR_14,ROC,Return_5d,Rolling_Median_Return,Williams_R,BB_Width",SMA_50
HINDUNILVR,2023-08-29,2023,0,Sideways,0,0.7387,SELL,1,0,0.656,SELL,1,10,"SMA_50,OBV,RSI_14,MACD_Signal,ATR_14,ROC,Return_5d,Rolling_Median_Return,Williams_R,BB_Width",SMA_50
HINDUNILVR,2023-08-30,2023,0,Sideways,0,0.7937,SELL,1,0,0.6534,SELL,1,10,"SMA_50,OBV,RSI_14,MACD_Signal,ATR_14,ROC,Return_5d,Rolling_Median_Return,Williams_R,BB_Width",SMA_50
HINDUNILVR,2023-08-31,2023,0,Sideways,1,0.6477,BUY,0,0,0.6049,SELL,1,10,"SMA_50,OBV,RSI_14,MACD_Signal,ATR_14,ROC,Return_5d,Rolling_Median_Return,Williams_R,BB_Width",SMA_50
HINDUNILVR,2023-09-01,2023,0,Sideways,0,0.5343,NO TRADE,1,0,0.6273,SELL,1,10,"SMA_50,OBV,RSI_14,MACD_Signal,ATR_14,ROC,Return_5d,Rolling_Median_Return,Williams_R,BB_Width",SMA_50
HINDUNILVR,2023-09-04,2023,1,Sideways,1,0.5136,NO TRADE,1,0,0.6387,SELL,0,10,"SMA_50,OBV,RSI_14,MACD_Signal,ATR_14,ROC,Return_5d,Rolling_Median_Return,Williams_R,BB_Width",SMA_50
HINDUNILVR,2023-09-05,2023,1,Sideways,1,0.6249,BUY,1,0,0.587,SELL,0,10,"SMA_50,OBV,RSI_14,MACD_Signal,ATR_14,ROC,Return_5d,Rolling_Median_Return,Williams_R,BB_Width",SMA_50
HINDUNILVR,2023-09-06,2023,0,Sideways,1,0.7061,BUY,0,1,0.5132,NO TRADE,0,10,"SMA_50,OBV,RSI_14,MACD_Signal,ATR_14,ROC,Return_5d,Rolling_Median_Return,Williams_R,BB_Width",SMA_50
HINDUNILVR,2023-09-07,2023,1,Sideways,0,0.5884,SELL,0,0,0.5287,NO TRADE,0,10,"SMA_50,OBV,RSI_14,MACD_Signal,ATR_14,ROC,Return_5d,Rolling_Median_Return,Williams_R,BB_Width",SMA_50
HINDUNILVR,2023-09-08,2023,1,Sideways,1,0.6265,BUY,1,1,0.5445,NO TRADE,1,10,"SMA_50,OBV,RSI_14,MACD_Signal,ATR_14,ROC,Return_5d,Rolling_Median_Return,Williams_R,BB_Width",SMA_50
HINDUNILVR,2023-09-11,2023,1,Sideways,1,0.6497,BUY,1,0,0.5039,NO TRADE,0,10,"SMA_50,OBV,RSI_14,MACD_Signal,ATR_14,ROC,Return_5d,Rolling_Median_Return,Williams_R,BB_Width",SMA_50
HINDUNILVR,2023-09-12,2023,1,Sideways,1,0.5135,NO TRADE,1,1,0.565,BUY,1,10,"SMA_50,OBV,RSI_14,MACD_Signal,ATR_14,ROC,Return_5d,Rolling_Median_Return,Williams_R,BB_Width",SMA_50
HINDUNILVR,2023-09-13,2023,1,Sideways,1,0.7999,BUY,1,1,0.8009,BUY,1,10,"SMA_50,MACD_Signal,OBV,EMA_12,SMA_10,SMA_20,Return_5d,ATR_14,Rolling_Volatility,ROC",SMA_50
HINDUNILVR,2023-09-14,2023,1,Sideways,1,0.772,BUY,1,1,0.8082,BUY,1,10,"SMA_50,MACD_Signal,OBV,EMA_12,SMA_10,SMA_20,Return_5d,ATR_14,Rolling_Volatility,ROC",SMA_50
HINDUNILVR,2023-09-15,2023,1,Sideways,1,0.9211,BUY,1,1,0.8372,BUY,1,10,"SMA_50,MACD_Signal,OBV,EMA_12,SMA_10,SMA_20,Return_5d,ATR_14,Rolling_Volatility,ROC",SMA_50
HINDUNILVR,2023-09-18,2023,1,Sideways,1,0.9054,BUY,1,1,0.841,BUY,1,10,"SMA_50,MACD_Signal,OBV,EMA_12,SMA_10,SMA_20,Return_5d,ATR_14,Rolling_Volatility,ROC",SMA_50
HINDUNILVR,2023-09-20,2023,1,Sideways,1,0.947,BUY,1,1,0.8486,BUY,1,10,"SMA_50,MACD_Signal,OBV,EMA_12,SMA_10,SMA_20,Return_5d,ATR_14,Rolling_Volatility,ROC",SMA_50
HINDUNILVR,2023-09-21,2023,1,Sideways,1,0.9451,BUY,1,1,0.8399,BUY,1,10,"SMA_50,MACD_Signal,OBV,EMA_12,SMA_10,SMA_20,Return_5d,ATR_14,Rolling_Volatility,ROC",SMA_50
HINDUNILVR,2023-09-22,2023,1,Sideways,1,0.9408,BUY,1,1,0.8357,BUY,1,10,"SMA_50,MACD_Signal,OBV,EMA_12,SMA_10,SMA_20,Return_5d,ATR_14,Rolling_Volatility,ROC",SMA_50
HINDUNILVR,2023-09-25,2023,1,Sideways,1,0.9438,BUY,1,1,0.8364,BUY,1,10,"SMA_50,MACD_Signal,OBV,EMA_12,SMA_10,SMA_20,Return_5d,ATR_14,Rolling_Volatility,ROC",SMA_50
HINDUNILVR,2023-09-26,2023,0,Sideways,1,0.9598,BUY,0,1,0.8436,BUY,0,10,"SMA_50,MACD_Signal,OBV,EMA_12,SMA_10,SMA_20,Return_5d,ATR_14,Rolling_Volatility,ROC",SMA_50
HINDUNILVR,2023-09-27,2023,0,Sideways,1,0.9308,BUY,0,1,0.6744,BUY,0,10,"SMA_50,MACD_Signal,OBV,EMA_12,SMA_10,SMA_20,Return_5d,ATR_14,Rolling_Volatility,ROC",SMA_50
HINDUNILVR,2023-09-28,2023,1,Sideways,1,0.8481,BUY,1,1,0.7624,BUY,1,10,"SMA_50,MACD_Signal,OBV,EMA_12,SMA_10,SMA_20,Return_5d,ATR_14,Rolling_Volatility,ROC",SMA_50
HINDUNILVR,2023-09-29,2023,1,Sideways,1,0.6886,BUY,1,1,0.814,BUY,1,10,"SMA_50,MACD_Signal,OBV,EMA_12,SMA_10,SMA_20,Return_5d,ATR_14,Rolling_Volatility,ROC",SMA_50
HINDUNILVR,2023-10-03,2023,1,Sideways,1,0.7788,BUY,1,1,0.7513,BUY,1,10,"SMA_50,MACD_Signal,OBV,EMA_12,SMA_10,SMA_20,Return_5d,ATR_14,Rolling_Volatility,ROC",SMA_50
HINDUNILVR,2023-10-04,2023,0,Sideways,1,0.6745,BUY,0,1,0.6129,BUY,0,10,"SMA_50,MACD_Signal,OBV,EMA_12,SMA_10,SMA_20,Return_5d,ATR_14,Rolling_Volatility,ROC",SMA_50
HINDUNILVR,2023-10-05,2023,1,Sideways,0,0.8561,SELL,0,0,0.576,SELL,0,10,"SMA_50,MACD_Signal,OBV,EMA_12,SMA_10,SMA_20,Return_5d,ATR_14,Rolling_Volatility,ROC",SMA_50
HINDUNILVR,2023-10-06,2023,1,Sideways,1,0.5803,BUY,1,1,0.5133,NO TRADE,1,10,"SMA_50,MACD_Signal,OBV,EMA_12,SMA_10,SMA_20,Return_5d,ATR_14,Rolling_Volatility,ROC",SMA_50
HINDUNILVR,2023-10-09,2023,1,Sideways,1,0.5812,BUY,1,1,0.6019,BUY,1,10,"SMA_50,MACD_Signal,OBV,EMA_12,SMA_10,SMA_20,Return_5d,ATR_14,Rolling_Volatility,ROC",SMA_50
HINDUNILVR,2023-10-10,2023,1,Sideways,1,0.688,BUY,1,1,0.6965,BUY,1,10,"SMA_50,MACD_Signal,OBV,EMA_12,SMA_10,SMA_20,Return_5d,ATR_14,Rolling_Volatility,ROC",SMA_50
HINDUNILVR,2023-10-11,2023,0,Sideways,1,0.6439,BUY,0,1,0.654,BUY,0,10,"SMA_50,MACD_Signal,OBV,EMA_12,SMA_10,SMA_20,Return_5d,ATR_14,Rolling_Volatility,ROC",SMA_50
HINDUNILVR,2023-10-12,2023,0,Sideways,1,0.6129,BUY,0,1,0.6007,BUY,0,10,"SMA_50,MACD_Signal,OBV,EMA_12,SMA_10,SMA_20,Return_5d,ATR_14,Rolling_Volatility,ROC",SMA_50
HINDUNILVR,2023-10-13,2023,0,Sideways,0,0.7143,SELL,1,0,0.5204,NO TRADE,1,10,"SMA_50,MACD_Signal,OBV,EMA_12,SMA_10,SMA_20,Return_5d,ATR_14,Rolling_Volatility,ROC",SMA_50
HINDUNILVR,2023-10-16,2023,0,Sideways,0,0.7461,SELL,1,0,0.5335,NO TRADE,1,10,"SMA_50,MACD_Signal,OBV,EMA_12,SMA_10,SMA_20,Return_5d,ATR_14,Rolling_Volatility,ROC",SMA_50
HINDUNILVR,2023-10-17,2023,0,Sideways,0,0.7576,SELL,1,0,0.5314,NO TRADE,1,10,"SMA_50,MACD_Signal,OBV,EMA_12,SMA_10,SMA_20,Return_5d,ATR_14,Rolling_Volatility,ROC",SMA_50
HINDUNILVR,2023-10-18,2023,0,Sideways,0,0.744,SELL,1,0,0.505,NO TRADE,1,10,"SMA_50,MACD_Signal,OBV,EMA_12,SMA_10,SMA_20,Return_5d,ATR_14,Rolling_Volatility,ROC",SMA_50
HINDUNILVR,2023-10-19,2023,0,Sideways,0,0.8498,SELL,1,1,0.505,NO TRADE,0,10,"SMA_50,MACD_Signal,OBV,EMA_12,SMA_10,SMA_20,Return_5d,ATR_14,Rolling_Volatility,ROC",SMA_50
HINDUNILVR,2023-10-20,2023,1,Sideways,1,0.6202,BUY,1,1,0.6311,BUY,1,10,"SMA_50,MACD_Signal,OBV,EMA_12,SMA_10,SMA_20,Return_5d,ATR_14,Rolling_Volatility,ROC",SMA_50
HINDUNILVR,2023-10-23,2023,1,Sideways,1,0.7229,BUY,1,1,0.708,BUY,1,10,"SMA_50,MACD_Signal,OBV,EMA_12,SMA_10,SMA_20,Return_5d,ATR_14,Rolling_Volatility,ROC",SMA_50
HINDUNILVR,2023-10-25,2023,1,Sideways,1,0.8808,BUY,1,1,0.7424,BUY,1,10,"SMA_50,MACD_Signal,OBV,EMA_12,SMA_10,SMA_20,Return_5d,ATR_14,Rolling_Volatility,ROC",SMA_50
HINDUNILVR,2023-10-26,2023,1,Sideways,1,0.9743,BUY,1,1,0.771,BUY,1,10,"SMA_50,MACD_Signal,OBV,EMA_12,SMA_10,SMA_20,Return_5d,ATR_14,Rolling_Volatility,ROC",SMA_50
HINDUNILVR,2023-10-27,2023,1,Sideways,1,0.9554,BUY,1,1,0.779,BUY,1,10,"SMA_50,MACD_Signal,OBV,EMA_12,SMA_10,SMA_20,Return_5d,ATR_14,Rolling_Volatility,ROC",SMA_50
HINDUNILVR,2023-10-30,2023,1,Sideways,1,0.9663,BUY,1,1,0.6803,BUY,1,10,"EMA_12,MACD_Signal,SMA_50,Rolling_Mean_Return,BB_Upper,OBV,SMA_20,RSI_14,MACD_Hist,ROC",EMA_12
HINDUNILVR,2023-10-31,2023,1,Sideways,1,0.9589,BUY,1,1,0.6526,BUY,1,10,"EMA_12,MACD_Signal,SMA_50,Rolling_Mean_Return,BB_Upper,OBV,SMA_20,RSI_14,MACD_Hist,ROC",EMA_12
HINDUNILVR,2023-11-01,2023,1,Sideways,1,0.9857,BUY,1,1,0.7362,BUY,1,10,"EMA_12,MACD_Signal,SMA_50,Rolling_Mean_Return,BB_Upper,OBV,SMA_20,RSI_14,MACD_Hist,ROC",EMA_12
HINDUNILVR,2023-11-02,2023,1,Sideways,1,0.9128,BUY,1,1,0.6465,BUY,1,10,"EMA_12,MACD_Signal,SMA_50,Rolling_Mean_Return,BB_Upper,OBV,SMA_20,RSI_14,MACD_Hist,ROC",EMA_12
HINDUNILVR,2023-11-03,2023,1,Sideways,1,0.7524,BUY,1,1,0.6505,BUY,1,10,"EMA_12,MACD_Signal,SMA_50,Rolling_Mean_Return,BB_Upper,OBV,SMA_20,RSI_14,MACD_Hist,ROC",EMA_12
HINDUNILVR,2023-11-06,2023,1,Sideways,1,0.9086,BUY,1,1,0.7953,BUY,1,10,"EMA_12,MACD_Signal,SMA_50,Rolling_Mean_Return,BB_Upper,OBV,SMA_20,RSI_14,MACD_Hist,ROC",EMA_12
HINDUNILVR,2023-11-07,2023,1,Sideways,1,0.9183,BUY,1,1,0.8183,BUY,1,10,"EMA_12,MACD_Signal,SMA_50,Rolling_Mean_Return,BB_Upper,OBV,SMA_20,RSI_14,MACD_Hist,ROC",EMA_12
HINDUNILVR,2023-11-08,2023,1,Sideways,1,0.6812,BUY,1,1,0.8028,BUY,1,10,"EMA_12,MACD_Signal,SMA_50,Rolling_Mean_Return,BB_Upper,OBV,SMA_20,RSI_14,MACD_Hist,ROC",EMA_12
HINDUNILVR,2023-11-09,2023,1,Sideways,1,0.9733,BUY,1,1,0.8372,BUY,1,10,"EMA_12,MACD_Signal,SMA_50,Rolling_Mean_Return,BB_Upper,OBV,SMA_20,RSI_14,MACD_Hist,ROC",EMA_12
HINDUNILVR,2023-11-10,2023,1,Sideways,1,0.8336,BUY,1,1,0.8436,BUY,1,10,"EMA_12,MACD_Signal,SMA_50,Rolling_Mean_Return,BB_Upper,OBV,SMA_20,RSI_14,MACD_Hist,ROC",EMA_12
HINDUNILVR,2023-11-13,2023,1,Sideways,1,0.8671,BUY,1,1,0.8562,BUY,1,10,"EMA_12,MACD_Signal,SMA_50,Rolling_Mean_Return,BB_Upper,OBV,SMA_20,RSI_14,MACD_Hist,ROC",EMA_12
HINDUNILVR,2023-11-15,2023,1,Sideways,1,0.8563,BUY,1,1,0.8517,BUY,1,10,"EMA_12,MACD_Signal,SMA_50,Rolling_Mean_Return,BB_Upper,OBV,SMA_20,RSI_14,MACD_Hist,ROC",EMA_12
HINDUNILVR,2023-11-16,2023,1,Sideways,1,0.7473,BUY,1,1,0.8288,BUY,1,10,"EMA_12,MACD_Signal,SMA_50,Rolling_Mean_Return,BB_Upper,OBV,SMA_20,RSI_14,MACD_Hist,ROC",EMA_12
HINDUNILVR,2023-11-17,2023,1,Sideways,1,0.5824,BUY,1,1,0.7259,BUY,1,10,"EMA_12,MACD_Signal,SMA_50,Rolling_Mean_Return,BB_Upper,OBV,SMA_20,RSI_14,MACD_Hist,ROC",EMA_12
HINDUNILVR,2023-11-20,2023,1,Sideways,1,0.8718,BUY,1,1,0.7694,BUY,1,10,"EMA_12,MACD_Signal,SMA_50,Rolling_Mean_Return,BB_Upper,OBV,SMA_20,RSI_14,MACD_Hist,ROC",EMA_12
HINDUNILVR,2023-11-21,2023,1,Sideways,1,0.7485,BUY,1,1,0.7578,BUY,1,10,"EMA_12,MACD_Signal,SMA_50,Rolling_Mean_Return,BB_Upper,OBV,SMA_20,RSI_14,MACD_Hist,ROC",EMA_12
HINDUNILVR,2023-11-22,2023,1,Sideways,1,0.7165,BUY,1,1,0.6889,BUY,1,10,"EMA_12,MACD_Signal,SMA_50,Rolling_Mean_Return,BB_Upper,OBV,SMA_20,RSI_14,MACD_Hist,ROC",EMA_12
HINDUNILVR,2023-11-23,2023,1,Sideways,1,0.6194,BUY,1,1,0.7227,BUY,1,10,"EMA_12,MACD_Signal,SMA_50,Rolling_Mean_Return,BB_Upper,OBV,SMA_20,RSI_14,MACD_Hist,ROC",EMA_12
HINDUNILVR,2023-11-24,2023,1,Sideways,1,0.8016,BUY,1,1,0.7153,BUY,1,10,"EMA_12,MACD_Signal,SMA_50,Rolling_Mean_Return,BB_Upper,OBV,SMA_20,RSI_14,MACD_Hist,ROC",EMA_12
HINDUNILVR,2023-11-28,2023,1,Sideways,1,0.7629,BUY,1,1,0.7068,BUY,1,10,"EMA_12,MACD_Signal,SMA_50,Rolling_Mean_Return,BB_Upper,OBV,SMA_20,RSI_14,MACD_Hist,ROC",EMA_12
HINDUNILVR,2023-11-29,2023,1,Sideways,1,0.7452,BUY,1,1,0.7365,BUY,1,10,"EMA_12,MACD_Signal,SMA_50,Rolling_Mean_Return,BB_Upper,OBV,SMA_20,RSI_14,MACD_Hist,ROC",EMA_12
HINDUNILVR,2023-11-30,2023,1,Sideways,1,0.7517,BUY,1,1,0.6233,BUY,1,10,"EMA_12,MACD_Signal,SMA_50,Rolling_Mean_Return,BB_Upper,OBV,SMA_20,RSI_14,MACD_Hist,ROC",EMA_12
HINDUNILVR,2023-12-01,2023,1,Sideways,0,0.6274,SELL,0,1,0.5127,NO TRADE,1,10,"EMA_12,MACD_Signal,SMA_50,Rolling_Mean_Return,BB_Upper,OBV,SMA_20,RSI_14,MACD_Hist,ROC",EMA_12
HINDUNILVR,2023-12-04,2023,1,Sideways,1,0.5474,NO TRADE,1,1,0.5692,BUY,1,10,"EMA_12,MACD_Signal,SMA_50,Rolling_Mean_Return,BB_Upper,OBV,SMA_20,RSI_14,MACD_Hist,ROC",EMA_12
HINDUNILVR,2023-12-05,2023,1,Sideways,1,0.6856,BUY,1,1,0.6589,BUY,1,10,"EMA_12,MACD_Signal,SMA_50,Rolling_Mean_Return,BB_Upper,OBV,SMA_20,RSI_14,MACD_Hist,ROC",EMA_12
HINDUNILVR,2023-12-06,2023,1,Sideways,1,0.559,BUY,1,1,0.6562,BUY,1,10,"EMA_12,MACD_Signal,SMA_50,Rolling_Mean_Return,BB_Upper,OBV,SMA_20,RSI_14,MACD_Hist,ROC",EMA_12
HINDUNILVR,2023-12-07,2023,1,Sideways,1,0.924,BUY,1,1,0.7325,BUY,1,10,"EMA_12,MACD_Signal,SMA_50,Rolling_Mean_Return,BB_Upper,OBV,SMA_20,RSI_14,MACD_Hist,ROC",EMA_12
HINDUNILVR,2023-12-08,2023,1,Sideways,1,0.8943,BUY,1,1,0.7398,BUY,1,10,"EMA_12,MACD_Signal,SMA_50,Rolling_Mean_Return,BB_Upper,OBV,SMA_20,RSI_14,MACD_Hist,ROC",EMA_12
HINDUNILVR,2023-12-11,2023,1,Sideways,1,0.9461,BUY,1,1,0.7714,BUY,1,10,"EMA_12,MACD_Signal,SMA_50,Rolling_Mean_Return,BB_Upper,OBV,SMA_20,RSI_14,MACD_Hist,ROC",EMA_12
HINDUNILVR,2023-12-12,2023,1,Sideways,1,0.9506,BUY,1,1,0.7788,BUY,1,10,"EMA_12,MACD_Signal,SMA_50,Rolling_Mean_Return,BB_Upper,OBV,SMA_20,RSI_14,MACD_Hist,ROC",EMA_12
HINDUNILVR,2023-12-13,2023,1,Sideways,1,0.9565,BUY,1,1,0.7958,BUY,1,10,"SMA_50,EMA_26,MACD_Signal,SMA_20,OBV,ATR_14,SMA_10,Williams_R,ROC,ADX",SMA_50
HINDUNILVR,2023-12-14,2023,1,Sideways,1,0.9528,BUY,1,1,0.7704,BUY,1,10,"SMA_50,EMA_26,MACD_Signal,SMA_20,OBV,ATR_14,SMA_10,Williams_R,ROC,ADX",SMA_50
HINDUNILVR,2023-12-15,2023,1,Sideways,1,0.9422,BUY,1,1,0.7605,BUY,1,10,"SMA_50,EMA_26,MACD_Signal,SMA_20,OBV,ATR_14,SMA_10,Williams_R,ROC,ADX",SMA_50
HINDUNILVR,2023-12-18,2023,1,Sideways,1,0.8083,BUY,1,1,0.7316,BUY,1,10,"SMA_50,EMA_26,MACD_Signal,SMA_20,OBV,ATR_14,SMA_10,Williams_R,ROC,ADX",SMA_50
HINDUNILVR,2023-12-19,2023,1,Sideways,1,0.7275,BUY,1,1,0.7753,BUY,1,10,"SMA_50,EMA_26,MACD_Signal,SMA_20,OBV,ATR_14,SMA_10,Williams_R,ROC,ADX",SMA_50
HINDUNILVR,2023-12-20,2023,0,Sideways,1,0.8606,BUY,0,1,0.8069,BUY,0,10,"SMA_50,EMA_26,MACD_Signal,SMA_20,OBV,ATR_14,SMA_10,Williams_R,ROC,ADX",SMA_50
HINDUNILVR,2023-12-21,2023,1,Sideways,1,0.8141,BUY,1,1,0.764,BUY,1,10,"SMA_50,EMA_26,MACD_Signal,SMA_20,OBV,ATR_14,SMA_10,Williams_R,ROC,ADX",SMA_50
HINDUNILVR,2023-12-22,2023,0,Sideways,1,0.8576,BUY,0,1,0.7224,BUY,0,10,"SMA_50,EMA_26,MACD_Signal,SMA_20,OBV,ATR_14,SMA_10,Williams_R,ROC,ADX",SMA_50
HINDUNILVR,2023-12-26,2023,0,Sideways,1,0.6583,BUY,0,1,0.6787,BUY,0,10,"SMA_50,EMA_26,MACD_Signal,SMA_20,OBV,ATR_14,SMA_10,Williams_R,ROC,ADX",SMA_50
HINDUNILVR,2023-12-27,2023,0,Sideways,0,0.5576,SELL,1,0,0.5814,SELL,1,10,"SMA_50,EMA_26,MACD_Signal,SMA_20,OBV,ATR_14,SMA_10,Williams_R,ROC,ADX",SMA_50
HINDUNILVR,2023-12-28,2023,0,Sideways,0,0.6641,SELL,1,0,0.6768,SELL,1,10,"SMA_50,EMA_26,MACD_Signal,SMA_20,OBV,ATR_14,SMA_10,Williams_R,ROC,ADX",SMA_50
HINDUNILVR,2023-12-29,2023,0,Sideways,0,0.6514,SELL,1,0,0.7558,SELL,1,10,"SMA_50,EMA_26,MACD_Signal,SMA_20,OBV,ATR_14,SMA_10,Williams_R,ROC,ADX",SMA_50
HINDUNILVR,2024-01-01,2024,0,Sideways,0,0.5799,SELL,1,0,0.7942,SELL,1,10,"SMA_50,EMA_26,MACD_Signal,SMA_20,OBV,ATR_14,SMA_10,Williams_R,ROC,ADX",SMA_50
HINDUNILVR,2024-01-02,2024,0,Sideways,0,0.6215,SELL,1,0,0.8028,SELL,1,10,"SMA_50,EMA_26,MACD_Signal,SMA_20,OBV,ATR_14,SMA_10,Williams_R,ROC,ADX",SMA_50
HINDUNILVR,2024-01-03,2024,0,Sideways,0,0.7681,SELL,1,0,0.797,SELL,1,10,"SMA_50,EMA_26,MACD_Signal,SMA_20,OBV,ATR_14,SMA_10,Williams_R,ROC,ADX",SMA_50
HINDUNILVR,2024-01-04,2024,0,Sideways,0,0.6104,SELL,1,0,0.7609,SELL,1,10,"SMA_50,EMA_26,MACD_Signal,SMA_20,OBV,ATR_14,SMA_10,Williams_R,ROC,ADX",SMA_50
HINDUNILVR,2024-01-05,2024,0,Sideways,0,0.7238,SELL,1,0,0.7636,SELL,1,10,"SMA_50,EMA_26,MACD_Signal,SMA_20,OBV,ATR_14,SMA_10,Williams_R,ROC,ADX",SMA_50
HINDUNILVR,2024-01-08,2024,0,Sideways,1,0.6558,BUY,0,0,0.6882,SELL,1,10,"SMA_50,EMA_26,MACD_Signal,SMA_20,OBV,ATR_14,SMA_10,Williams_R,ROC,ADX",SMA_50
HINDUNILVR,2024-01-09,2024,0,Sideways,0,0.6113,SELL,1,0,0.6337,SELL,1,10,"SMA_50,EMA_26,MACD_Signal,SMA_20,OBV,ATR_14,SMA_10,Williams_R,ROC,ADX",SMA_50
HINDUNILVR,2024-01-10,2024,0,Sideways,0,0.559,SELL,1,0,0.5999,SELL,1,10,"SMA_50,EMA_26,MACD_Signal,SMA_20,OBV,ATR_14,SMA_10,Williams_R,ROC,ADX",SMA_50
HINDUNILVR,2024-01-11,2024,0,Sideways,0,0.501,NO TRADE,1,0,0.6019,SELL,1,10,"SMA_50,EMA_26,MACD_Signal,SMA_20,OBV,ATR_14,SMA_10,Williams_R,ROC,ADX",SMA_50
HINDUNILVR,2024-01-12,2024,0,Sideways,0,0.514,NO TRADE,1,0,0.6576,SELL,1,10,"SMA_50,EMA_26,MACD_Signal,SMA_20,OBV,ATR_14,SMA_10,Williams_R,ROC,ADX",SMA_50
HINDUNILVR,2024-01-15,2024,0,Sideways,0,0.5194,NO TRADE,1,0,0.6626,SELL,1,10,"SMA_50,EMA_26,MACD_Signal,SMA_20,OBV,ATR_14,SMA_10,Williams_R,ROC,ADX",SMA_50
HINDUNILVR,2024-01-16,2024,0,Sideways,1,0.5128,NO TRADE,0,0,0.6089,SELL,1,10,"SMA_50,EMA_26,MACD_Signal,SMA_20,OBV,ATR_14,SMA_10,Williams_R,ROC,ADX",SMA_50
HINDUNILVR,2024-01-17,2024,0,Sideways,1,0.5864,BUY,0,1,0.5096,NO TRADE,0,10,"SMA_50,EMA_26,MACD_Signal,SMA_20,OBV,ATR_14,SMA_10,Williams_R,ROC,ADX",SMA_50
HINDUNILVR,2024-01-18,2024,0,Sideways,1,0.6138,BUY,0,0,0.5386,NO TRADE,1,10,"SMA_50,EMA_26,MACD_Signal,SMA_20,OBV,ATR_14,SMA_10,Williams_R,ROC,ADX",SMA_50
HINDUNILVR,2024-01-19,2024,0,Sideways,1,0.5091,NO TRADE,0,1,0.5058,NO TRADE,0,10,"SMA_50,EMA_26,MACD_Signal,SMA_20,OBV,ATR_14,SMA_10,Williams_R,ROC,ADX",SMA_50
HINDUNILVR,2024-01-23,2024,1,Sideways,0,0.8294,SELL,0,0,0.789,SELL,0,10,"SMA_50,EMA_26,MACD_Signal,SMA_20,OBV,ATR_14,SMA_10,Williams_R,ROC,ADX",SMA_50
HINDUNILVR,2024-01-24,2024,0,Sideways,1,0.7696,BUY,0,0,0.5337,NO TRADE,1,10,"SMA_50,EMA_26,MACD_Signal,SMA_20,OBV,ATR_14,SMA_10,Williams_R,ROC,ADX",SMA_50
HINDUNILVR,2024-01-25,2024,0,Sideways,0,0.6801,SELL,1,0,0.7059,SELL,1,10,"SMA_50,EMA_26,MACD_Signal,SMA_20,OBV,ATR_14,SMA_10,Williams_R,ROC,ADX",SMA_50
HINDUNILVR,2024-01-29,2024,0,Sideways,0,0.7075,SELL,1,0,0.5209,NO TRADE,1,10,"SMA_20,BB_Upper,EMA_26,MACD_Signal,MACD_Hist,SMA_10,SMA_50,MACD,RSI_14,Williams_R",SMA_20
HINDUNILVR,2024-01-30,2024,0,Sideways,0,0.8384,SELL,1,0,0.5151,NO TRADE,1,10,"SMA_20,BB_Upper,EMA_26,MACD_Signal,MACD_Hist,SMA_10,SMA_50,MACD,RSI_14,Williams_R",SMA_20
HINDUNILVR,2024-01-31,2024,0,Sideways,0,0.8502,SELL,1,1,0.5114,NO TRADE,0,10,"SMA_20,BB_Upper,EMA_26,MACD_Signal,MACD_Hist,SMA_10,SMA_50,MACD,RSI_14,Williams_R",SMA_20
HINDUNILVR,2024-02-01,2024,0,Sideways,0,0.7588,SELL,1,1,0.6259,BUY,0,10,"SMA_20,BB_Upper,EMA_26,MACD_Signal,MACD_Hist,SMA_10,SMA_50,MACD,RSI_14,Williams_R",SMA_20
HINDUNILVR,2024-02-02,2024,0,Sideways,0,0.7863,SELL,1,1,0.6229,BUY,0,10,"SMA_20,BB_Upper,EMA_26,MACD_Signal,MACD_Hist,SMA_10,SMA_50,MACD,RSI_14,Williams_R",SMA_20
HINDUNILVR,2024-02-05,2024,1,Sideways,0,0.7867,SELL,0,1,0.6005,BUY,1,10,"SMA_20,BB_Upper,EMA_26,MACD_Signal,MACD_Hist,SMA_10,SMA_50,MACD,RSI_14,Williams_R",SMA_20
HINDUNILVR,2024-02-06,2024,0,Sideways,0,0.7896,SELL,1,1,0.7218,BUY,0,10,"SMA_20,BB_Upper,EMA_26,MACD_Signal,MACD_Hist,SMA_10,SMA_50,MACD,RSI_14,Williams_R",SMA_20
HINDUNILVR,2024-02-07,2024,0,Sideways,0,0.7773,SELL,1,1,0.6827,BUY,0,10,"SMA_20,BB_Upper,EMA_26,MACD_Signal,MACD_Hist,SMA_10,SMA_50,MACD,RSI_14,Williams_R",SMA_20
HINDUNILVR,2024-02-08,2024,1,Sideways,0,0.7876,SELL,0,1,0.6055,BUY,1,10,"SMA_20,BB_Upper,EMA_26,MACD_Signal,MACD_Hist,SMA_10,SMA_50,MACD,RSI_14,Williams_R",SMA_20
HINDUNILVR,2024-02-09,2024,0,Sideways,0,0.8438,SELL,1,1,0.7685,BUY,0,10,"SMA_20,BB_Upper,EMA_26,MACD_Signal,MACD_Hist,SMA_10,SMA_50,MACD,RSI_14,Williams_R",SMA_20
HINDUNILVR,2024-02-12,2024,0,Sideways,0,0.8384,SELL,1,1,0.7154,BUY,0,10,"SMA_20,BB_Upper,EMA_26,MACD_Signal,MACD_Hist,SMA_10,SMA_50,MACD,RSI_14,Williams_R",SMA_20
HINDUNILVR,2024-02-13,2024,0,Sideways,0,0.894,SELL,1,1,0.5887,BUY,0,10,"SMA_20,BB_Upper,EMA_26,MACD_Signal,MACD_Hist,SMA_10,SMA_50,MACD,RSI_14,Williams_R",SMA_20
HINDUNILVR,2024-02-14,2024,0,Sideways,0,0.7989,SELL,1,0,0.5281,NO TRADE,1,10,"SMA_20,BB_Upper,EMA_26,MACD_Signal,MACD_Hist,SMA_10,SMA_50,MACD,RSI_14,Williams_R",SMA_20
HINDUNILVR,2024-02-15,2024,0,Sideways,0,0.7895,SELL,1,0,0.6338,SELL,1,10,"SMA_20,BB_Upper,EMA_26,MACD_Signal,MACD_Hist,SMA_10,SMA_50,MACD,RSI_14,Williams_R",SMA_20
HINDUNILVR,2024-02-16,2024,0,Sideways,0,0.7993,SELL,1,0,0.6647,SELL,1,10,"SMA_20,BB_Upper,EMA_26,MACD_Signal,MACD_Hist,SMA_10,SMA_50,MACD,RSI_14,Williams_R",SMA_20
HINDUNILVR,2024-02-19,2024,0,Sideways,0,0.8019,SELL,1,0,0.6896,SELL,1,10,"SMA_20,BB_Upper,EMA_26,MACD_Signal,MACD_Hist,SMA_10,SMA_50,MACD,RSI_14,Williams_R",SMA_20
HINDUNILVR,2024-02-20,2024,0,Sideways,0,0.8241,SELL,1,0,0.7037,SELL,1,10,"SMA_20,BB_Upper,EMA_26,MACD_Signal,MACD_Hist,SMA_10,SMA_50,MACD,RSI_14,Williams_R",SMA_20
HINDUNILVR,2024-02-21,2024,0,Sideways,0,0.8338,SELL,1,0,0.7177,SELL,1,10,"SMA_20,BB_Upper,EMA_26,MACD_Signal,MACD_Hist,SMA_10,SMA_50,MACD,RSI_14,Williams_R",SMA_20
HINDUNILVR,2024-02-22,2024,0,Sideways,0,0.8032,SELL,1,0,0.732,SELL,1,10,"SMA_20,BB_Upper,EMA_26,MACD_Signal,MACD_Hist,SMA_10,SMA_50,MACD,RSI_14,Williams_R",SMA_20
HINDUNILVR,2024-02-23,2024,0,Sideways,0,0.8189,SELL,1,0,0.7445,SELL,1,10,"SMA_20,BB_Upper,EMA_26,MACD_Signal,MACD_Hist,SMA_10,SMA_50,MACD,RSI_14,Williams_R",SMA_20
HINDUNILVR,2024-02-26,2024,0,Sideways,0,0.8104,SELL,1,0,0.7498,SELL,1,10,"SMA_20,BB_Upper,EMA_26,MACD_Signal,MACD_Hist,SMA_10,SMA_50,MACD,RSI_14,Williams_R",SMA_20
HINDUNILVR,2024-02-27,2024,0,Sideways,0,0.6186,SELL,1,0,0.7499,SELL,1,10,"SMA_20,BB_Upper,EMA_26,MACD_Signal,MACD_Hist,SMA_10,SMA_50,MACD,RSI_14,Williams_R",SMA_20
HINDUNILVR,2024-02-28,2024,0,Sideways,0,0.6099,SELL,1,0,0.7575,SELL,1,10,"SMA_20,BB_Upper,EMA_26,MACD_Signal,MACD_Hist,SMA_10,SMA_50,MACD,RSI_14,Williams_R",SMA_20
HINDUNILVR,2024-02-29,2024,0,Sideways,0,0.6565,SELL,1,0,0.759,SELL,1,10,"SMA_20,BB_Upper,EMA_26,MACD_Signal,MACD_Hist,SMA_10,SMA_50,MACD,RSI_14,Williams_R",SMA_20
HINDUNILVR,2024-03-01,2024,0,Sideways,0,0.75,SELL,1,0,0.7694,SELL,1,10,"SMA_20,BB_Upper,EMA_26,MACD_Signal,MACD_Hist,SMA_10,SMA_50,MACD,RSI_14,Williams_R",SMA_20
HINDUNILVR,2024-03-04,2024,0,Sideways,0,0.8607,SELL,1,0,0.7937,SELL,1,10,"SMA_20,BB_Upper,EMA_26,MACD_Signal,MACD_Hist,SMA_10,SMA_50,MACD,RSI_14,Williams_R",SMA_20
HINDUNILVR,2024-03-05,2024,0,Sideways,0,0.8085,SELL,1,0,0.7996,SELL,1,10,"SMA_20,BB_Upper,EMA_26,MACD_Signal,MACD_Hist,SMA_10,SMA_50,MACD,RSI_14,Williams_R",SMA_20
HINDUNILVR,2024-03-06,2024,0,Sideways,0,0.9033,SELL,1,0,0.6942,SELL,1,10,"SMA_20,BB_Upper,EMA_26,MACD_Signal,MACD_Hist,SMA_10,SMA_50,MACD,RSI_14,Williams_R",SMA_20
HINDUNILVR,2024-03-07,2024,0,Sideways,0,0.9,SELL,1,0,0.8132,SELL,1,10,"SMA_20,BB_Upper,EMA_26,MACD_Signal,MACD_Hist,SMA_10,SMA_50,MACD,RSI_14,Williams_R",SMA_20
HINDUNILVR,2024-03-11,2024,0,Sideways,0,0.7939,SELL,1,0,0.8118,SELL,1,10,"SMA_20,BB_Upper,EMA_26,MACD_Signal,MACD_Hist,SMA_10,SMA_50,MACD,RSI_14,Williams_R",SMA_20
HINDUNILVR,2024-03-12,2024,0,Sideways,0,0.8277,SELL,1,0,0.7837,SELL,1,10,"SMA_20,MACD_Hist,Rolling_Volatility,MACD_Signal,BB_Upper,SMA_50,EMA_26,Volume_MA,Rolling_Mean_Return,Williams_R",SMA_20
HINDUNILVR,2024-03-13,2024,0,Sideways,0,0.6434,SELL,1,0,0.7853,SELL,1,10,"SMA_20,MACD_Hist,Rolling_Volatility,MACD_Signal,BB_Upper,SMA_50,EMA_26,Volume_MA,Rolling_Mean_Return,Williams_R",SMA_20
HINDUNILVR,2024-03-14,2024,0,Sideways,0,0.8315,SELL,1,0,0.8301,SELL,1,10,"SMA_20,MACD_Hist,Rolling_Volatility,MACD_Signal,BB_Upper,SMA_50,EMA_26,Volume_MA,Rolling_Mean_Return,Williams_R",SMA_20
HINDUNILVR,2024-03-15,2024,0,Sideways,0,0.8298,SELL,1,0,0.8311,SELL,1,10,"SMA_20,MACD_Hist,Rolling_Volatility,MACD_Signal,BB_Upper,SMA_50,EMA_26,Volume_MA,Rolling_Mean_Return,Williams_R",SMA_20
HINDUNILVR,2024-03-18,2024,0,Sideways,0,0.8346,SELL,1,0,0.77,SELL,1,10,"SMA_20,MACD_Hist,Rolling_Volatility,MACD_Signal,BB_Upper,SMA_50,EMA_26,Volume_MA,Rolling_Mean_Return,Williams_R",SMA_20
HINDUNILVR,2024-03-19,2024,0,Sideways,0,0.837,SELL,1,0,0.8473,SELL,1,10,"SMA_20,MACD_Hist,Rolling_Volatility,MACD_Signal,BB_Upper,SMA_50,EMA_26,Volume_MA,Rolling_Mean_Return,Williams_R",SMA_20
HINDUNILVR,2024-03-20,2024,1,Sideways,0,0.8384,SELL,0,0,0.7859,SELL,0,10,"SMA_20,MACD_Hist,Rolling_Volatility,MACD_Signal,BB_Upper,SMA_50,EMA_26,Volume_MA,Rolling_Mean_Return,Williams_R",SMA_20
HINDUNILVR,2024-03-21,2024,1,Sideways,0,0.733,SELL,0,0,0.5902,SELL,0,10,"SMA_20,MACD_Hist,Rolling_Volatility,MACD_Signal,BB_Upper,SMA_50,EMA_26,Volume_MA,Rolling_Mean_Return,Williams_R",SMA_20
HINDUNILVR,2024-03-22,2024,0,Sideways,0,0.8181,SELL,1,0,0.6934,SELL,1,10,"SMA_20,MACD_Hist,Rolling_Volatility,MACD_Signal,BB_Upper,SMA_50,EMA_26,Volume_MA,Rolling_Mean_Return,Williams_R",SMA_20
HINDUNILVR,2024-03-26,2024,0,Sideways,0,0.8272,SELL,1,0,0.8456,SELL,1,10,"SMA_20,MACD_Hist,Rolling_Volatility,MACD_Signal,BB_Upper,SMA_50,EMA_26,Volume_MA,Rolling_Mean_Return,Williams_R",SMA_20
HINDUNILVR,2024-03-27,2024,0,Sideways,0,0.8293,SELL,1,0,0.8831,SELL,1,10,"SMA_20,MACD_Hist,Rolling_Volatility,MACD_Signal,BB_Upper,SMA_50,EMA_26,Volume_MA,Rolling_Mean_Return,Williams_R",SMA_20
HINDUNILVR,2024-03-28,2024,0,Sideways,0,0.881,SELL,1,0,0.9089,SELL,1,10,"SMA_20,MACD_Hist,Rolling_Volatility,MACD_Signal,BB_Upper,SMA_50,EMA_26,Volume_MA,Rolling_Mean_Return,Williams_R",SMA_20
HINDUNILVR,2024-04-01,2024,0,Sideways,0,0.9352,SELL,1,0,0.9211,SELL,1,10,"SMA_20,MACD_Hist,Rolling_Volatility,MACD_Signal,BB_Upper,SMA_50,EMA_26,Volume_MA,Rolling_Mean_Return,Williams_R",SMA_20
HINDUNILVR,2024-04-02,2024,0,Sideways,0,0.9364,SELL,1,0,0.9364,SELL,1,10,"SMA_20,MACD_Hist,Rolling_Volatility,MACD_Signal,BB_Upper,SMA_50,EMA_26,Volume_MA,Rolling_Mean_Return,Williams_R",SMA_20
HINDUNILVR,2024-04-03,2024,0,Sideways,0,0.9372,SELL,1,0,0.945,SELL,1,10,"SMA_20,MACD_Hist,Rolling_Volatility,MACD_Signal,BB_Upper,SMA_50,EMA_26,Volume_MA,Rolling_Mean_Return,Williams_R",SMA_20
HINDUNILVR,2024-04-04,2024,1,Sideways,0,0.9384,SELL,0,0,0.9518,SELL,0,10,"SMA_20,MACD_Hist,Rolling_Volatility,MACD_Signal,BB_Upper,SMA_50,EMA_26,Volume_MA,Rolling_Mean_Return,Williams_R",SMA_20
HINDUNILVR,2024-04-05,2024,1,Sideways,0,0.9285,SELL,0,0,0.8894,SELL,0,10,"SMA_20,MACD_Hist,Rolling_Volatility,MACD_Signal,BB_Upper,SMA_50,EMA_26,Volume_MA,Rolling_Mean_Return,Williams_R",SMA_20
HINDUNILVR,2024-04-08,2024,1,Sideways,0,0.7423,SELL,0,0,0.698,SELL,0,10,"SMA_20,MACD_Hist,Rolling_Volatility,MACD_Signal,BB_Upper,SMA_50,EMA_26,Volume_MA,Rolling_Mean_Return,Williams_R",SMA_20
HINDUNILVR,2024-04-09,2024,1,Sideways,0,0.7331,SELL,0,0,0.5419,NO TRADE,0,10,"SMA_20,MACD_Hist,Rolling_Volatility,MACD_Signal,BB_Upper,SMA_50,EMA_26,Volume_MA,Rolling_Mean_Return,Williams_R",SMA_20
HINDUNILVR,2024-04-10,2024,1,Sideways,0,0.656,SELL,0,1,0.5258,NO TRADE,1,10,"SMA_20,MACD_Hist,Rolling_Volatility,MACD_Signal,BB_Upper,SMA_50,EMA_26,Volume_MA,Rolling_Mean_Return,Williams_R",SMA_20
HINDUNILVR,2024-04-12,2024,1,Sideways,0,0.6553,SELL,0,1,0.5666,BUY,1,10,"SMA_20,MACD_Hist,Rolling_Volatility,MACD_Signal,BB_Upper,SMA_50,EMA_26,Volume_MA,Rolling_Mean_Return,Williams_R",SMA_20
HINDUNILVR,2024-04-15,2024,1,Sideways,1,0.56,BUY,1,0,0.5077,NO TRADE,0,10,"SMA_20,MACD_Hist,Rolling_Volatility,MACD_Signal,BB_Upper,SMA_50,EMA_26,Volume_MA,Rolling_Mean_Return,Williams_R",SMA_20
HINDUNILVR,2024-04-16,2024,1,Sideways,0,0.5148,NO TRADE,0,1,0.6654,BUY,1,10,"SMA_20,MACD_Hist,Rolling_Volatility,MACD_Signal,BB_Upper,SMA_50,EMA_26,Volume_MA,Rolling_Mean_Return,Williams_R",SMA_20
HINDUNILVR,2024-04-18,2024,1,Sideways,1,0.7336,BUY,1,1,0.7359,BUY,1,10,"SMA_20,MACD_Hist,Rolling_Volatility,MACD_Signal,BB_Upper,SMA_50,EMA_26,Volume_MA,Rolling_Mean_Return,Williams_R",SMA_20
HINDUNILVR,2024-04-19,2024,1,Sideways,1,0.8431,BUY,1,1,0.7919,BUY,1,10,"SMA_20,MACD_Hist,Rolling_Volatility,MACD_Signal,BB_Upper,SMA_50,EMA_26,Volume_MA,Rolling_Mean_Return,Williams_R",SMA_20
HINDUNILVR,2024-04-22,2024,1,Sideways,1,0.78,BUY,1,1,0.7755,BUY,1,10,"SMA_20,MACD_Hist,Rolling_Volatility,MACD_Signal,BB_Upper,SMA_50,EMA_26,Volume_MA,Rolling_Mean_Return,Williams_R",SMA_20
HINDUNILVR,2024-04-23,2024,1,Sideways,1,0.7904,BUY,1,1,0.7844,BUY,1,10,"SMA_20,MACD_Hist,Rolling_Volatility,MACD_Signal,BB_Upper,SMA_50,EMA_26,Volume_MA,Rolling_Mean_Return,Williams_R",SMA_20
HINDUNILVR,2024-04-24,2024,1,Sideways,1,0.9158,BUY,1,1,0.7702,BUY,1,10,"SMA_20,MACD_Hist,Rolling_Volatility,MACD_Signal,BB_Upper,SMA_50,EMA_26,Volume_MA,Rolling_Mean_Return,Williams_R",SMA_20
HINDUNILVR,2024-04-25,2024,1,Sideways,1,0.8886,BUY,1,1,0.7738,BUY,1,10,"SMA_20,MACD_Hist,Rolling_Volatility,MACD_Signal,BB_Upper,SMA_50,EMA_26,Volume_MA,Rolling_Mean_Return,Williams_R",SMA_20
HINDUNILVR,2024-04-26,2024,1,Sideways,1,0.9665,BUY,1,1,0.7633,BUY,1,10,"SMA_20,MACD_Hist,Rolling_Volatility,MACD_Signal,BB_Upper,SMA_50,EMA_26,Volume_MA,Rolling_Mean_Return,Williams_R",SMA_20
HINDUNILVR,2024-04-29,2024,1,Sideways,1,0.9876,BUY,1,0,0.564,SELL,0,10,"SMA_20,SMA_50,SMA_10,MACD_Hist,RSI_14,EMA_26,ATR_14,MACD_Signal,BB_Upper,BB_Width",SMA_20
HINDUNILVR,2024-04-30,2024,1,Sideways,1,0.9955,BUY,1,1,0.5644,BUY,1,10,"SMA_20,SMA_50,SMA_10,MACD_Hist,RSI_14,EMA_26,ATR_14,MACD_Signal,BB_Upper,BB_Width",SMA_20
HINDUNILVR,2024-05-02,2024,1,Sideways,1,0.9972,BUY,1,1,0.6187,BUY,1,10,"SMA_20,SMA_50,SMA_10,MACD_Hist,RSI_14,EMA_26,ATR_14,MACD_Signal,BB_Upper,BB_Width",SMA_20
HINDUNILVR,2024-05-03,2024,1,Sideways,1,0.906,BUY,1,1,0.6802,BUY,1,10,"SMA_20,SMA_50,SMA_10,MACD_Hist,RSI_14,EMA_26,ATR_14,MACD_Signal,BB_Upper,BB_Width",SMA_20
HINDUNILVR,2024-05-06,2024,1,Sideways,1,0.9839,BUY,1,1,0.7245,BUY,1,10,"SMA_20,SMA_50,SMA_10,MACD_Hist,RSI_14,EMA_26,ATR_14,MACD_Signal,BB_Upper,BB_Width",SMA_20
HINDUNILVR,2024-05-07,2024,1,Sideways,1,0.735,BUY,1,1,0.5245,NO TRADE,1,10,"SMA_20,SMA_50,SMA_10,MACD_Hist,RSI_14,EMA_26,ATR_14,MACD_Signal,BB_Upper,BB_Width",SMA_20
HINDUNILVR,2024-05-08,2024,1,Sideways,1,0.924,BUY,1,1,0.5258,NO TRADE,1,10,"SMA_20,SMA_50,SMA_10,MACD_Hist,RSI_14,EMA_26,ATR_14,MACD_Signal,BB_Upper,BB_Width",SMA_20
HINDUNILVR,2024-05-09,2024,1,Sideways,1,0.8498,BUY,1,1,0.6752,BUY,1,10,"SMA_20,SMA_50,SMA_10,MACD_Hist,RSI_14,EMA_26,ATR_14,MACD_Signal,BB_Upper,BB_Width",SMA_20
HINDUNILVR,2024-05-10,2024,1,Sideways,1,0.8967,BUY,1,1,0.6221,BUY,1,10,"SMA_20,SMA_50,SMA_10,MACD_Hist,RSI_14,EMA_26,ATR_14,MACD_Signal,BB_Upper,BB_Width",SMA_20
HINDUNILVR,2024-05-13,2024,1,Sideways,1,0.9337,BUY,1,1,0.7737,BUY,1,10,"SMA_20,SMA_50,SMA_10,MACD_Hist,RSI_14,EMA_26,ATR_14,MACD_Signal,BB_Upper,BB_Width",SMA_20
HINDUNILVR,2024-05-14,2024,1,Sideways,1,0.9393,BUY,1,1,0.8526,BUY,1,10,"SMA_20,SMA_50,SMA_10,MACD_Hist,RSI_14,EMA_26,ATR_14,MACD_Signal,BB_Upper,BB_Width",SMA_20
HINDUNILVR,2024-05-15,2024,1,Sideways,1,0.9428,BUY,1,1,0.9047,BUY,1,10,"SMA_20,SMA_50,SMA_10,MACD_Hist,RSI_14,EMA_26,ATR_14,MACD_Signal,BB_Upper,BB_Width",SMA_20
HINDUNILVR,2024-05-16,2024,1,Sideways,1,0.9481,BUY,1,1,0.9167,BUY,1,10,"SMA_20,SMA_50,SMA_10,MACD_Hist,RSI_14,EMA_26,ATR_14,MACD_Signal,BB_Upper,BB_Width",SMA_20
HINDUNILVR,2024-05-17,2024,1,Sideways,1,0.9363,BUY,1,1,0.9243,BUY,1,10,"SMA_20,SMA_50,SMA_10,MACD_Hist,RSI_14,EMA_26,ATR_14,MACD_Signal,BB_Upper,BB_Width",SMA_20
HINDUNILVR,2024-05-21,2024,1,Sideways,1,0.9141,BUY,1,1,0.9287,BUY,1,10,"SMA_20,SMA_50,SMA_10,MACD_Hist,RSI_14,EMA_26,ATR_14,MACD_Signal,BB_Upper,BB_Width",SMA_20
HINDUNILVR,2024-05-22,2024,1,Sideways,1,0.9445,BUY,1,1,0.93,BUY,1,10,"SMA_20,SMA_50,SMA_10,MACD_Hist,RSI_14,EMA_26,ATR_14,MACD_Signal,BB_Upper,BB_Width",SMA_20
HINDUNILVR,2024-05-23,2024,1,Sideways,1,0.959,BUY,1,1,0.9322,BUY,1,10,"SMA_20,SMA_50,SMA_10,MACD_Hist,RSI_14,EMA_26,ATR_14,MACD_Signal,BB_Upper,BB_Width",SMA_20
HINDUNILVR,2024-05-24,2024,1,Sideways,1,0.9679,BUY,1,1,0.934,BUY,1,10,"SMA_20,SMA_50,SMA_10,MACD_Hist,RSI_14,EMA_26,ATR_14,MACD_Signal,BB_Upper,BB_Width",SMA_20
HINDUNILVR,2024-05-27,2024,1,Sideways,1,0.8961,BUY,1,1,0.9342,BUY,1,10,"SMA_20,SMA_50,SMA_10,MACD_Hist,RSI_14,EMA_26,ATR_14,MACD_Signal,BB_Upper,BB_Width",SMA_20
HINDUNILVR,2024-05-28,2024,1,Sideways,1,0.9677,BUY,1,1,0.9326,BUY,1,10,"SMA_20,SMA_50,SMA_10,MACD_Hist,RSI_14,EMA_26,ATR_14,MACD_Signal,BB_Upper,BB_Width",SMA_20
HINDUNILVR,2024-05-29,2024,1,Sideways,1,0.908,BUY,1,1,0.9292,BUY,1,10,"SMA_20,SMA_50,SMA_10,MACD_Hist,RSI_14,EMA_26,ATR_14,MACD_Signal,BB_Upper,BB_Width",SMA_20
HINDUNILVR,2024-05-30,2024,1,Sideways,1,0.948,BUY,1,1,0.9215,BUY,1,10,"SMA_20,SMA_50,SMA_10,MACD_Hist,RSI_14,EMA_26,ATR_14,MACD_Signal,BB_Upper,BB_Width",SMA_20
HINDUNILVR,2024-05-31,2024,1,Sideways,1,0.8958,BUY,1,1,0.9045,BUY,1,10,"SMA_20,SMA_50,SMA_10,MACD_Hist,RSI_14,EMA_26,ATR_14,MACD_Signal,BB_Upper,BB_Width",SMA_20
HINDUNILVR,2024-06-03,2024,1,Sideways,1,0.9956,BUY,1,1,0.8709,BUY,1,10,"SMA_20,SMA_50,SMA_10,MACD_Hist,RSI_14,EMA_26,ATR_14,MACD_Signal,BB_Upper,BB_Width",SMA_20
HINDUNILVR,2024-06-04,2024,1,Sideways,1,0.8943,BUY,1,1,0.8867,BUY,1,10,"SMA_20,SMA_50,SMA_10,MACD_Hist,RSI_14,EMA_26,ATR_14,MACD_Signal,BB_Upper,BB_Width",SMA_20
HINDUNILVR,2024-06-05,2024,0,Sideways,1,0.7973,BUY,0,1,0.9181,BUY,0,10,"SMA_20,SMA_50,SMA_10,MACD_Hist,RSI_14,EMA_26,ATR_14,MACD_Signal,BB_Upper,BB_Width",SMA_20
HINDUNILVR,2024-06-06,2024,1,Sideways,1,0.5095,NO TRADE,1,1,0.7835,BUY,1,10,"SMA_20,SMA_50,SMA_10,MACD_Hist,RSI_14,EMA_26,ATR_14,MACD_Signal,BB_Upper,BB_Width",SMA_20
HINDUNILVR,2024-06-07,2024,1,Sideways,1,0.5595,BUY,1,1,0.8167,BUY,1,10,"SMA_20,SMA_50,SMA_10,MACD_Hist,RSI_14,EMA_26,ATR_14,MACD_Signal,BB_Upper,BB_Width",SMA_20
HINDUNILVR,2024-06-10,2024,1,Sideways,1,0.7981,BUY,1,1,0.9246,BUY,1,10,"SMA_20,SMA_50,SMA_10,MACD_Hist,RSI_14,EMA_26,ATR_14,MACD_Signal,BB_Upper,BB_Width",SMA_20
HINDUNILVR,2024-06-11,2024,1,Sideways,1,0.8857,BUY,1,1,0.9345,BUY,1,10,"SMA_20,SMA_50,SMA_10,MACD_Hist,RSI_14,EMA_26,ATR_14,MACD_Signal,BB_Upper,BB_Width",SMA_20
HINDUNILVR,2024-06-12,2024,1,Sideways,1,0.8733,BUY,1,1,0.9276,BUY,1,10,"EMA_26,SMA_20,SMA_50,MACD_Hist,MACD,OBV,Volume_MA,ATR_14,BB_Upper,RSI_14",EMA_26
HINDUNILVR,2024-06-13,2024,1,Sideways,1,0.8956,BUY,1,1,0.9276,BUY,1,10,"EMA_26,SMA_20,SMA_50,MACD_Hist,MACD,OBV,Volume_MA,ATR_14,BB_Upper,RSI_14",EMA_26
HINDUNILVR,2024-06-14,2024,1,Sideways,1,0.8006,BUY,1,1,0.9264,BUY,1,10,"EMA_26,SMA_20,SMA_50,MACD_Hist,MACD,OBV,Volume_MA,ATR_14,BB_Upper,RSI_14",EMA_26
HINDUNILVR,2024-06-18,2024,1,Sideways,1,0.8928,BUY,1,1,0.9257,BUY,1,10,"EMA_26,SMA_20,SMA_50,MACD_Hist,MACD,OBV,Volume_MA,ATR_14,BB_Upper,RSI_14",EMA_26
HINDUNILVR,2024-06-19,2024,1,Sideways,1,0.9032,BUY,1,1,0.9257,BUY,1,10,"EMA_26,SMA_20,SMA_50,MACD_Hist,MACD,OBV,Volume_MA,ATR_14,BB_Upper,RSI_14",EMA_26
HINDUNILVR,2024-06-20,2024,1,Sideways,1,0.8975,BUY,1,1,0.9267,BUY,1,10,"EMA_26,SMA_20,SMA_50,MACD_Hist,MACD,OBV,Volume_MA,ATR_14,BB_Upper,RSI_14",EMA_26
HINDUNILVR,2024-06-21,2024,1,Sideways,1,0.8374,BUY,1,1,0.9293,BUY,1,10,"EMA_26,SMA_20,SMA_50,MACD_Hist,MACD,OBV,Volume_MA,ATR_14,BB_Upper,RSI_14",EMA_26
HINDUNILVR,2024-06-24,2024,1,Sideways,1,0.8932,BUY,1,1,0.9304,BUY,1,10,"EMA_26,SMA_20,SMA_50,MACD_Hist,MACD,OBV,Volume_MA,ATR_14,BB_Upper,RSI_14",EMA_26
HINDUNILVR,2024-06-25,2024,1,Sideways,1,0.9052,BUY,1,1,0.9324,BUY,1,10,"EMA_26,SMA_20,SMA_50,MACD_Hist,MACD,OBV,Volume_MA,ATR_14,BB_Upper,RSI_14",EMA_26
HINDUNILVR,2024-06-26,2024,1,Sideways,1,0.8665,BUY,1,1,0.9345,BUY,1,10,"EMA_26,SMA_20,SMA_50,MACD_Hist,MACD,OBV,Volume_MA,ATR_14,BB_Upper,RSI_14",EMA_26
HINDUNILVR,2024-06-27,2024,1,Sideways,1,0.8098,BUY,1,1,0.9339,BUY,1,10,"EMA_26,SMA_20,SMA_50,MACD_Hist,MACD,OBV,Volume_MA,ATR_14,BB_Upper,RSI_14",EMA_26
HINDUNILVR,2024-06-28,2024,1,Sideways,1,0.9058,BUY,1,1,0.9591,BUY,1,10,"EMA_26,SMA_20,SMA_50,MACD_Hist,MACD,OBV,Volume_MA,ATR_14,BB_Upper,RSI_14",EMA_26
HINDUNILVR,2024-07-01,2024,1,Sideways,1,0.9071,BUY,1,1,0.949,BUY,1,10,"EMA_26,SMA_20,SMA_50,MACD_Hist,MACD,OBV,Volume_MA,ATR_14,BB_Upper,RSI_14",EMA_26
HINDUNILVR,2024-07-02,2024,1,Sideways,1,0.8769,BUY,1,1,0.9392,BUY,1,10,"EMA_26,SMA_20,SMA_50,MACD_Hist,MACD,OBV,Volume_MA,ATR_14,BB_Upper,RSI_14",EMA_26
HINDUNILVR,2024-07-03,2024,1,Sideways,1,0.7461,BUY,1,1,0.9331,BUY,1,10,"EMA_26,SMA_20,SMA_50,MACD_Hist,MACD,OBV,Volume_MA,ATR_14,BB_Upper,RSI_14",EMA_26
HINDUNILVR,2024-07-04,2024,1,Sideways,1,0.7661,BUY,1,1,0.8386,BUY,1,10,"EMA_26,SMA_20,SMA_50,MACD_Hist,MACD,OBV,Volume_MA,ATR_14,BB_Upper,RSI_14",EMA_26
HINDUNILVR,2024-07-05,2024,1,Sideways,1,0.7555,BUY,1,1,0.8411,BUY,1,10,"EMA_26,SMA_20,SMA_50,MACD_Hist,MACD,OBV,Volume_MA,ATR_14,BB_Upper,RSI_14",EMA_26
HINDUNILVR,2024-07-08,2024,1,Sideways,1,0.8177,BUY,1,1,0.838,BUY,1,10,"EMA_26,SMA_20,SMA_50,MACD_Hist,MACD,OBV,Volume_MA,ATR_14,BB_Upper,RSI_14",EMA_26
HINDUNILVR,2024-07-09,2024,1,Sideways,1,0.7166,BUY,1,1,0.836,BUY,1,10,"EMA_26,SMA_20,SMA_50,MACD_Hist,MACD,OBV,Volume_MA,ATR_14,BB_Upper,RSI_14",EMA_26
HINDUNILVR,2024-07-10,2024,1,Sideways,1,0.6354,BUY,1,1,0.8334,BUY,1,10,"EMA_26,SMA_20,SMA_50,MACD_Hist,MACD,OBV,Volume_MA,ATR_14,BB_Upper,RSI_14",EMA_26
HINDUNILVR,2024-07-11,2024,1,Sideways,1,0.7371,BUY,1,1,0.8152,BUY,1,10,"EMA_26,SMA_20,SMA_50,MACD_Hist,MACD,OBV,Volume_MA,ATR_14,BB_Upper,RSI_14",EMA_26
HINDUNILVR,2024-07-12,2024,1,Sideways,1,0.7407,BUY,1,1,0.8123,BUY,1,10,"EMA_26,SMA_20,SMA_50,MACD_Hist,MACD,OBV,Volume_MA,ATR_14,BB_Upper,RSI_14",EMA_26
HINDUNILVR,2024-07-15,2024,1,Sideways,1,0.7542,BUY,1,1,0.8121,BUY,1,10,"EMA_26,SMA_20,SMA_50,MACD_Hist,MACD,OBV,Volume_MA,ATR_14,BB_Upper,RSI_14",EMA_26
HINDUNILVR,2024-07-16,2024,1,Sideways,1,0.9328,BUY,1,1,0.8113,BUY,1,10,"EMA_26,SMA_20,SMA_50,MACD_Hist,MACD,OBV,Volume_MA,ATR_14,BB_Upper,RSI_14",EMA_26
HINDUNILVR,2024-07-18,2024,1,Sideways,1,0.8476,BUY,1,1,0.7886,BUY,1,10,"EMA_26,SMA_20,SMA_50,MACD_Hist,MACD,OBV,Volume_MA,ATR_14,BB_Upper,RSI_14",EMA_26
HINDUNILVR,2024-07-19,2024,1,Sideways,1,0.8088,BUY,1,1,0.7899,BUY,1,10,"EMA_26,SMA_20,SMA_50,MACD_Hist,MACD,OBV,Volume_MA,ATR_14,BB_Upper,RSI_14",EMA_26
HINDUNILVR,2024-07-22,2024,1,Sideways,1,0.7883,BUY,1,1,0.7923,BUY,1,10,"EMA_26,SMA_20,SMA_50,MACD_Hist,MACD,OBV,Volume_MA,ATR_14,BB_Upper,RSI_14",EMA_26
HINDUNILVR,2024-07-23,2024,1,Sideways,1,0.8302,BUY,1,1,0.7929,BUY,1,10,"EMA_26,SMA_20,SMA_50,MACD_Hist,MACD,OBV,Volume_MA,ATR_14,BB_Upper,RSI_14",EMA_26
HINDUNILVR,2024-07-24,2024,1,Sideways,1,0.9246,BUY,1,1,0.796,BUY,1,10,"EMA_26,SMA_20,SMA_50,MACD_Hist,MACD,OBV,Volume_MA,ATR_14,BB_Upper,RSI_14",EMA_26
HINDUNILVR,2024-07-25,2024,1,Sideways,1,0.9137,BUY,1,1,0.7886,BUY,1,10,"EMA_26,SMA_20,SMA_50,MACD_Hist,MACD,OBV,Volume_MA,ATR_14,BB_Upper,RSI_14",EMA_26
HINDUNILVR,2024-07-26,2024,1,Sideways,1,0.8721,BUY,1,1,0.6969,BUY,1,10,"SMA_50,MACD,ATR_14,SMA_20,Volume_MA,BB_Upper,OBV,EMA_26,SMA_10,BB_Width",SMA_50
HINDUNILVR,2024-07-29,2024,1,Sideways,1,0.862,BUY,1,1,0.7112,BUY,1,10,"SMA_50,MACD,ATR_14,SMA_20,Volume_MA,BB_Upper,OBV,EMA_26,SMA_10,BB_Width",SMA_50
HINDUNILVR,2024-07-30,2024,1,Sideways,1,0.8812,BUY,1,1,0.7643,BUY,1,10,"SMA_50,MACD,ATR_14,SMA_20,Volume_MA,BB_Upper,OBV,EMA_26,SMA_10,BB_Width",SMA_50
HINDUNILVR,2024-07-31,2024,1,Sideways,1,0.822,BUY,1,1,0.7687,BUY,1,10,"SMA_50,MACD,ATR_14,SMA_20,Volume_MA,BB_Upper,OBV,EMA_26,SMA_10,BB_Width",SMA_50
HINDUNILVR,2024-08-01,2024,1,Sideways,1,0.8339,BUY,1,1,0.7481,BUY,1,10,"SMA_50,MACD,ATR_14,SMA_20,Volume_MA,BB_Upper,OBV,EMA_26,SMA_10,BB_Width",SMA_50
HINDUNILVR,2024-08-02,2024,1,Sideways,1,0.754,BUY,1,1,0.722,BUY,1,10,"SMA_50,MACD,ATR_14,SMA_20,Volume_MA,BB_Upper,OBV,EMA_26,SMA_10,BB_Width",SMA_50
HINDUNILVR,2024-08-05,2024,1,Sideways,1,0.8394,BUY,1,1,0.7124,BUY,1,10,"SMA_50,MACD,ATR_14,SMA_20,Volume_MA,BB_Upper,OBV,EMA_26,SMA_10,BB_Width",SMA_50
HINDUNILVR,2024-08-06,2024,1,Sideways,1,0.835,BUY,1,1,0.7053,BUY,1,10,"SMA_50,MACD,ATR_14,SMA_20,Volume_MA,BB_Upper,OBV,EMA_26,SMA_10,BB_Width",SMA_50
HINDUNILVR,2024-08-07,2024,1,Sideways,1,0.7315,BUY,1,1,0.69,BUY,1,10,"SMA_50,MACD,ATR_14,SMA_20,Volume_MA,BB_Upper,OBV,EMA_26,SMA_10,BB_Width",SMA_50
HINDUNILVR,2024-08-08,2024,1,Sideways,1,0.8017,BUY,1,1,0.6732,BUY,1,10,"SMA_50,MACD,ATR_14,SMA_20,Volume_MA,BB_Upper,OBV,EMA_26,SMA_10,BB_Width",SMA_50
HINDUNILVR,2024-08-09,2024,1,Sideways,1,0.7672,BUY,1,1,0.6573,BUY,1,10,"SMA_50,MACD,ATR_14,SMA_20,Volume_MA,BB_Upper,OBV,EMA_26,SMA_10,BB_Width",SMA_50
HINDUNILVR,2024-08-12,2024,1,Sideways,1,0.7141,BUY,1,1,0.6464,BUY,1,10,"SMA_50,MACD,ATR_14,SMA_20,Volume_MA,BB_Upper,OBV,EMA_26,SMA_10,BB_Width",SMA_50
HINDUNILVR,2024-08-13,2024,1,Sideways,1,0.7187,BUY,1,1,0.628,BUY,1,10,"SMA_50,MACD,ATR_14,SMA_20,Volume_MA,BB_Upper,OBV,EMA_26,SMA_10,BB_Width",SMA_50
HINDUNILVR,2024-08-14,2024,1,Sideways,1,0.7149,BUY,1,1,0.6399,BUY,1,10,"SMA_50,MACD,ATR_14,SMA_20,Volume_MA,BB_Upper,OBV,EMA_26,SMA_10,BB_Width",SMA_50
HINDUNILVR,2024-08-16,2024,1,Sideways,1,0.6857,BUY,1,1,0.5853,BUY,1,10,"SMA_50,MACD,ATR_14,SMA_20,Volume_MA,BB_Upper,OBV,EMA_26,SMA_10,BB_Width",SMA_50
HINDUNILVR,2024-08-19,2024,1,Sideways,1,0.6912,BUY,1,1,0.5684,BUY,1,10,"SMA_50,MACD,ATR_14,SMA_20,Volume_MA,BB_Upper,OBV,EMA_26,SMA_10,BB_Width",SMA_50
HINDUNILVR,2024-08-20,2024,1,Sideways,1,0.6949,BUY,1,1,0.5555,BUY,1,10,"SMA_50,MACD,ATR_14,SMA_20,Volume_MA,BB_Upper,OBV,EMA_26,SMA_10,BB_Width",SMA_50
HINDUNILVR,2024-08-21,2024,1,Sideways,1,0.7044,BUY,1,1,0.5653,BUY,1,10,"SMA_50,MACD,ATR_14,SMA_20,Volume_MA,BB_Upper,OBV,EMA_26,SMA_10,BB_Width",SMA_50
HINDUNILVR,2024-08-22,2024,1,Sideways,1,0.6815,BUY,1,1,0.5631,BUY,1,10,"SMA_50,MACD,ATR_14,SMA_20,Volume_MA,BB_Upper,OBV,EMA_26,SMA_10,BB_Width",SMA_50
HINDUNILVR,2024-08-23,2024,1,Sideways,1,0.6744,BUY,1,1,0.5735,BUY,1,10,"SMA_50,MACD,ATR_14,SMA_20,Volume_MA,BB_Upper,OBV,EMA_26,SMA_10,BB_Width",SMA_50
HINDUNILVR,2024-08-26,2024,1,Sideways,1,0.6648,BUY,1,1,0.5708,BUY,1,10,"SMA_50,MACD,ATR_14,SMA_20,Volume_MA,BB_Upper,OBV,EMA_26,SMA_10,BB_Width",SMA_50
HINDUNILVR,2024-08-27,2024,1,Sideways,1,0.6843,BUY,1,1,0.5927,BUY,1,10,"SMA_50,MACD,ATR_14,SMA_20,Volume_MA,BB_Upper,OBV,EMA_26,SMA_10,BB_Width",SMA_50
HINDUNILVR,2024-08-28,2024,1,Sideways,1,0.719,BUY,1,1,0.5953,BUY,1,10,"SMA_50,MACD,ATR_14,SMA_20,Volume_MA,BB_Upper,OBV,EMA_26,SMA_10,BB_Width",SMA_50
HINDUNILVR,2024-08-29,2024,1,Sideways,1,0.7372,BUY,1,1,0.6181,BUY,1,10,"SMA_50,MACD,ATR_14,SMA_20,Volume_MA,BB_Upper,OBV,EMA_26,SMA_10,BB_Width",SMA_50
HINDUNILVR,2024-08-30,2024,1,Sideways,1,0.8015,BUY,1,1,0.6309,BUY,1,10,"SMA_50,MACD,ATR_14,SMA_20,Volume_MA,BB_Upper,OBV,EMA_26,SMA_10,BB_Width",SMA_50
HINDUNILVR,2024-09-02,2024,1,Sideways,1,0.7585,BUY,1,1,0.6296,BUY,1,10,"SMA_50,MACD,ATR_14,SMA_20,Volume_MA,BB_Upper,OBV,EMA_26,SMA_10,BB_Width",SMA_50
HINDUNILVR,2024-09-03,2024,1,Sideways,1,0.7365,BUY,1,1,0.6464,BUY,1,10,"SMA_50,MACD,ATR_14,SMA_20,Volume_MA,BB_Upper,OBV,EMA_26,SMA_10,BB_Width",SMA_50
HINDUNILVR,2024-09-04,2024,1,Sideways,1,0.5463,NO TRADE,1,1,0.6732,BUY,1,10,"SMA_50,MACD,ATR_14,SMA_20,Volume_MA,BB_Upper,OBV,EMA_26,SMA_10,BB_Width",SMA_50
HINDUNILVR,2024-09-05,2024,1,Sideways,1,0.7139,BUY,1,1,0.6651,BUY,1,10,"SMA_50,MACD,ATR_14,SMA_20,Volume_MA,BB_Upper,OBV,EMA_26,SMA_10,BB_Width",SMA_50
HINDUNILVR,2024-09-06,2024,0,Sideways,1,0.6149,BUY,0,1,0.6632,BUY,0,10,"SMA_50,MACD,ATR_14,SMA_20,Volume_MA,BB_Upper,OBV,EMA_26,SMA_10,BB_Width",SMA_50
HINDUNILVR,2024-09-09,2024,0,Sideways,1,0.5859,BUY,0,1,0.7305,BUY,0,10,"EMA_26,Volume_MA,SMA_50,BB_Upper,MACD_Hist,SMA_20,SMA_10,ATR_14,MACD,OBV",EMA_26
HINDUNILVR,2024-09-10,2024,0,Sideways,0,0.5626,SELL,1,1,0.5295,NO TRADE,0,10,"EMA_26,Volume_MA,SMA_50,BB_Upper,MACD_Hist,SMA_20,SMA_10,ATR_14,MACD,OBV",EMA_26
HINDUNILVR,2024-09-11,2024,0,Sideways,0,0.5752,SELL,1,0,0.5018,NO TRADE,1,10,"EMA_26,Volume_MA,SMA_50,BB_Upper,MACD_Hist,SMA_20,SMA_10,ATR_14,MACD,OBV",EMA_26
HINDUNILVR,2024-09-12,2024,0,Sideways,0,0.671,SELL,1,1,0.5935,BUY,0,10,"EMA_26,Volume_MA,SMA_50,BB_Upper,MACD_Hist,SMA_20,SMA_10,ATR_14,MACD,OBV",EMA_26
HINDUNILVR,2024-09-13,2024,0,Sideways,0,0.6651,SELL,1,0,0.5547,SELL,1,10,"EMA_26,Volume_MA,SMA_50,BB_Upper,MACD_Hist,SMA_20,SMA_10,ATR_14,MACD,OBV",EMA_26
HINDUNILVR,2024-09-16,2024,0,Sideways,0,0.6118,SELL,1,0,0.5815,SELL,1,10,"EMA_26,Volume_MA,SMA_50,BB_Upper,MACD_Hist,SMA_20,SMA_10,ATR_14,MACD,OBV",EMA_26
HINDUNILVR,2024-09-17,2024,0,Sideways,0,0.6263,SELL,1,0,0.5914,SELL,1,10,"EMA_26,Volume_MA,SMA_50,BB_Upper,MACD_Hist,SMA_20,SMA_10,ATR_14,MACD,OBV",EMA_26
HINDUNILVR,2024-09-18,2024,0,Sideways,0,0.5956,SELL,1,0,0.6084,SELL,1,10,"EMA_26,Volume_MA,SMA_50,BB_Upper,MACD_Hist,SMA_20,SMA_10,ATR_14,MACD,OBV",EMA_26
HINDUNILVR,2024-09-19,2024,0,Sideways,0,0.7302,SELL,1,0,0.6212,SELL,1,10,"EMA_26,Volume_MA,SMA_50,BB_Upper,MACD_Hist,SMA_20,SMA_10,ATR_14,MACD,OBV",EMA_26
HINDUNILVR,2024-09-20,2024,0,Sideways,0,0.7913,SELL,1,0,0.5557,SELL,1,10,"EMA_26,Volume_MA,SMA_50,BB_Upper,MACD_Hist,SMA_20,SMA_10,ATR_14,MACD,OBV",EMA_26
HINDUNILVR,2024-09-23,2024,0,Sideways,0,0.889,SELL,1,0,0.64,SELL,1,10,"EMA_26,Volume_MA,SMA_50,BB_Upper,MACD_Hist,SMA_20,SMA_10,ATR_14,MACD,OBV",EMA_26
HINDUNILVR,2024-09-24,2024,0,Sideways,0,0.8198,SELL,1,0,0.5654,SELL,1,10,"EMA_26,Volume_MA,SMA_50,BB_Upper,MACD_Hist,SMA_20,SMA_10,ATR_14,MACD,OBV",EMA_26
HINDUNILVR,2024-09-25,2024,0,Sideways,0,0.8768,SELL,1,0,0.6873,SELL,1,10,"EMA_26,Volume_MA,SMA_50,BB_Upper,MACD_Hist,SMA_20,SMA_10,ATR_14,MACD,OBV",EMA_26
HINDUNILVR,2024-09-26,2024,0,Sideways,0,0.8851,SELL,1,0,0.7278,SELL,1,10,"EMA_26,Volume_MA,SMA_50,BB_Upper,MACD_Hist,SMA_20,SMA_10,ATR_14,MACD,OBV",EMA_26
HINDUNILVR,2024-09-27,2024,0,Sideways,0,0.8052,SELL,1,0,0.7622,SELL,1,10,"EMA_26,Volume_MA,SMA_50,BB_Upper,MACD_Hist,SMA_20,SMA_10,ATR_14,MACD,OBV",EMA_26
HINDUNILVR,2024-09-30,2024,0,Sideways,0,0.8051,SELL,1,0,0.7765,SELL,1,10,"EMA_26,Volume_MA,SMA_50,BB_Upper,MACD_Hist,SMA_20,SMA_10,ATR_14,MACD,OBV",EMA_26
HINDUNILVR,2024-10-01,2024,0,Sideways,0,0.8182,SELL,1,0,0.8001,SELL,1,10,"EMA_26,Volume_MA,SMA_50,BB_Upper,MACD_Hist,SMA_20,SMA_10,ATR_14,MACD,OBV",EMA_26
HINDUNILVR,2024-10-03,2024,0,Sideways,0,0.7617,SELL,1,0,0.8167,SELL,1,10,"EMA_26,Volume_MA,SMA_50,BB_Upper,MACD_Hist,SMA_20,SMA_10,ATR_14,MACD,OBV",EMA_26
HINDUNILVR,2024-10-04,2024,0,Sideways,0,0.8371,SELL,1,0,0.8249,SELL,1,10,"EMA_26,Volume_MA,SMA_50,BB_Upper,MACD_Hist,SMA_20,SMA_10,ATR_14,MACD,OBV",EMA_26
HINDUNILVR,2024-10-07,2024,0,Sideways,0,0.813,SELL,1,0,0.8377,SELL,1,10,"EMA_26,Volume_MA,SMA_50,BB_Upper,MACD_Hist,SMA_20,SMA_10,ATR_14,MACD,OBV",EMA_26
HINDUNILVR,2024-10-08,2024,0,Sideways,0,0.5196,NO TRADE,1,0,0.7384,SELL,1,10,"EMA_26,Volume_MA,SMA_50,BB_Upper,MACD_Hist,SMA_20,SMA_10,ATR_14,MACD,OBV",EMA_26
HINDUNILVR,2024-10-09,2024,0,Sideways,0,0.7949,SELL,1,0,0.6958,SELL,1,10,"EMA_26,Volume_MA,SMA_50,BB_Upper,MACD_Hist,SMA_20,SMA_10,ATR_14,MACD,OBV",EMA_26
HINDUNILVR,2024-10-10,2024,0,Sideways,0,0.905,SELL,1,0,0.6572,SELL,1,10,"EMA_26,Volume_MA,SMA_50,BB_Upper,MACD_Hist,SMA_20,SMA_10,ATR_14,MACD,OBV",EMA_26
HINDUNILVR,2024-10-11,2024,0,Sideways,0,0.9046,SELL,1,0,0.6723,SELL,1,10,"EMA_26,Volume_MA,SMA_50,BB_Upper,MACD_Hist,SMA_20,SMA_10,ATR_14,MACD,OBV",EMA_26
HINDUNILVR,2024-10-14,2024,0,Sideways,0,0.8168,SELL,1,0,0.7679,SELL,1,10,"EMA_26,Volume_MA,SMA_50,BB_Upper,MACD_Hist,SMA_20,SMA_10,ATR_14,MACD,OBV",EMA_26
HINDUNILVR,2024-10-15,2024,0,Sideways,0,0.9106,SELL,1,0,0.7832,SELL,1,10,"EMA_26,Volume_MA,SMA_50,BB_Upper,MACD_Hist,SMA_20,SMA_10,ATR_14,MACD,OBV",EMA_26
HINDUNILVR,2024-10-16,2024,0,Sideways,0,0.9107,SELL,1,0,0.7914,SELL,1,10,"EMA_26,Volume_MA,SMA_50,BB_Upper,MACD_Hist,SMA_20,SMA_10,ATR_14,MACD,OBV",EMA_26
HINDUNILVR,2024-10-17,2024,0,Sideways,0,0.9083,SELL,1,0,0.5763,SELL,1,10,"EMA_26,Volume_MA,SMA_50,BB_Upper,MACD_Hist,SMA_20,SMA_10,ATR_14,MACD,OBV",EMA_26
HINDUNILVR,2024-10-18,2024,0,Sideways,0,0.9093,SELL,1,0,0.585,SELL,1,10,"EMA_26,Volume_MA,SMA_50,BB_Upper,MACD_Hist,SMA_20,SMA_10,ATR_14,MACD,OBV",EMA_26
HINDUNILVR,2024-10-21,2024,0,Sideways,0,0.9093,SELL,1,0,0.572,SELL,1,10,"EMA_26,Volume_MA,SMA_50,BB_Upper,MACD_Hist,SMA_20,SMA_10,ATR_14,MACD,OBV",EMA_26
HINDUNILVR,2024-10-22,2024,0,Sideways,0,0.9103,SELL,1,0,0.553,SELL,1,10,"Volume_MA,MACD,BB_Width,SMA_20,SMA_50,MACD_Hist,EMA_12,MACD_Signal,Rolling_Volatility,ADX",Volume_MA
HINDUNILVR,2024-10-23,2024,0,Sideways,0,0.8081,SELL,1,0,0.641,SELL,1,10,"Volume_MA,MACD,BB_Width,SMA_20,SMA_50,MACD_Hist,EMA_12,MACD_Signal,Rolling_Volatility,ADX",Volume_MA
HINDUNILVR,2024-10-24,2024,0,Sideways,0,0.7913,SELL,1,0,0.5027,NO TRADE,1,10,"Volume_MA,MACD,BB_Width,SMA_20,SMA_50,MACD_Hist,EMA_12,MACD_Signal,Rolling_Volatility,ADX",Volume_MA
HINDUNILVR,2024-10-25,2024,0,Sideways,0,0.9034,SELL,1,0,0.6106,SELL,1,10,"Volume_MA,MACD,BB_Width,SMA_20,SMA_50,MACD_Hist,EMA_12,MACD_Signal,Rolling_Volatility,ADX",Volume_MA
HINDUNILVR,2024-10-28,2024,0,Sideways,0,0.8825,SELL,1,0,0.6982,SELL,1,10,"Volume_MA,MACD,BB_Width,SMA_20,SMA_50,MACD_Hist,EMA_12,MACD_Signal,Rolling_Volatility,ADX",Volume_MA
HINDUNILVR,2024-10-29,2024,0,Sideways,0,0.8973,SELL,1,0,0.5957,SELL,1,10,"Volume_MA,MACD,BB_Width,SMA_20,SMA_50,MACD_Hist,EMA_12,MACD_Signal,Rolling_Volatility,ADX",Volume_MA
HINDUNILVR,2024-10-30,2024,0,Sideways,0,0.942,SELL,1,0,0.7536,SELL,1,10,"Volume_MA,MACD,BB_Width,SMA_20,SMA_50,MACD_Hist,EMA_12,MACD_Signal,Rolling_Volatility,ADX",Volume_MA
HINDUNILVR,2024-10-31,2024,0,Sideways,0,0.9392,SELL,1,0,0.8189,SELL,1,10,"Volume_MA,MACD,BB_Width,SMA_20,SMA_50,MACD_Hist,EMA_12,MACD_Signal,Rolling_Volatility,ADX",Volume_MA
HINDUNILVR,2024-11-01,2024,0,Sideways,0,0.9424,SELL,1,0,0.7202,SELL,1,10,"Volume_MA,MACD,BB_Width,SMA_20,SMA_50,MACD_Hist,EMA_12,MACD_Signal,Rolling_Volatility,ADX",Volume_MA
HINDUNILVR,2024-11-04,2024,0,Sideways,0,0.9458,SELL,1,0,0.751,SELL,1,10,"Volume_MA,MACD,BB_Width,SMA_20,SMA_50,MACD_Hist,EMA_12,MACD_Signal,Rolling_Volatility,ADX",Volume_MA
HINDUNILVR,2024-11-05,2024,1,Sideways,0,0.9477,SELL,0,0,0.7435,SELL,0,10,"Volume_MA,MACD,BB_Width,SMA_20,SMA_50,MACD_Hist,EMA_12,MACD_Signal,Rolling_Volatility,ADX",Volume_MA
HINDUNILVR,2024-11-06,2024,0,Sideways,0,0.712,SELL,1,0,0.6244,SELL,1,10,"Volume_MA,MACD,BB_Width,SMA_20,SMA_50,MACD_Hist,EMA_12,MACD_Signal,Rolling_Volatility,ADX",Volume_MA
HINDUNILVR,2024-11-07,2024,0,Sideways,0,0.7074,SELL,1,0,0.7658,SELL,1,10,"Volume_MA,MACD,BB_Width,SMA_20,SMA_50,MACD_Hist,EMA_12,MACD_Signal,Rolling_Volatility,ADX",Volume_MA
HINDUNILVR,2024-11-08,2024,0,Sideways,0,0.7833,SELL,1,0,0.7272,SELL,1,10,"Volume_MA,MACD,BB_Width,SMA_20,SMA_50,MACD_Hist,EMA_12,MACD_Signal,Rolling_Volatility,ADX",Volume_MA
HINDUNILVR,2024-11-11,2024,0,Sideways,0,0.9118,SELL,1,0,0.7139,SELL,1,10,"Volume_MA,MACD,BB_Width,SMA_20,SMA_50,MACD_Hist,EMA_12,MACD_Signal,Rolling_Volatility,ADX",Volume_MA
HINDUNILVR,2024-11-12,2024,0,Sideways,0,0.8834,SELL,1,0,0.6368,SELL,1,10,"Volume_MA,MACD,BB_Width,SMA_20,SMA_50,MACD_Hist,EMA_12,MACD_Signal,Rolling_Volatility,ADX",Volume_MA
HINDUNILVR,2024-11-13,2024,0,Sideways,0,0.8837,SELL,1,0,0.6313,SELL,1,10,"Volume_MA,MACD,BB_Width,SMA_20,SMA_50,MACD_Hist,EMA_12,MACD_Signal,Rolling_Volatility,ADX",Volume_MA
HINDUNILVR,2024-11-14,2024,0,Sideways,0,0.8425,SELL,1,0,0.6232,SELL,1,10,"Volume_MA,MACD,BB_Width,SMA_20,SMA_50,MACD_Hist,EMA_12,MACD_Signal,Rolling_Volatility,ADX",Volume_MA
HINDUNILVR,2024-11-18,2024,0,Sideways,0,0.9568,SELL,1,0,0.6211,SELL,1,10,"Volume_MA,MACD,BB_Width,SMA_20,SMA_50,MACD_Hist,EMA_12,MACD_Signal,Rolling_Volatility,ADX",Volume_MA
HINDUNILVR,2024-11-19,2024,0,Sideways,0,0.9654,SELL,1,0,0.7024,SELL,1,10,"Volume_MA,MACD,BB_Width,SMA_20,SMA_50,MACD_Hist,EMA_12,MACD_Signal,Rolling_Volatility,ADX",Volume_MA
HINDUNILVR,2024-11-21,2024,0,Sideways,0,0.7591,SELL,1,0,0.7552,SELL,1,10,"Volume_MA,MACD,BB_Width,SMA_20,SMA_50,MACD_Hist,EMA_12,MACD_Signal,Rolling_Volatility,ADX",Volume_MA
HINDUNILVR,2024-11-22,2024,0,Sideways,0,0.7949,SELL,1,0,0.755,SELL,1,10,"Volume_MA,MACD,BB_Width,SMA_20,SMA_50,MACD_Hist,EMA_12,MACD_Signal,Rolling_Volatility,ADX",Volume_MA
HINDUNILVR,2024-11-25,2024,0,Sideways,0,0.7783,SELL,1,0,0.722,SELL,1,10,"Volume_MA,MACD,BB_Width,SMA_20,SMA_50,MACD_Hist,EMA_12,MACD_Signal,Rolling_Volatility,ADX",Volume_MA
HINDUNILVR,2024-11-26,2024,0,Sideways,0,0.8313,SELL,1,0,0.6669,SELL,1,10,"Volume_MA,MACD,BB_Width,SMA_20,SMA_50,MACD_Hist,EMA_12,MACD_Signal,Rolling_Volatility,ADX",Volume_MA
HINDUNILVR,2024-11-27,2024,0,Sideways,0,0.7975,SELL,1,0,0.7469,SELL,1,10,"Volume_MA,MACD,BB_Width,SMA_20,SMA_50,MACD_Hist,EMA_12,MACD_Signal,Rolling_Volatility,ADX",Volume_MA
HINDUNILVR,2024-11-28,2024,0,Sideways,0,0.7765,SELL,1,0,0.8277,SELL,1,10,"Volume_MA,MACD,BB_Width,SMA_20,SMA_50,MACD_Hist,EMA_12,MACD_Signal,Rolling_Volatility,ADX",Volume_MA
HINDUNILVR,2024-11-29,2024,0,Sideways,0,0.7335,SELL,1,0,0.7488,SELL,1,10,"Volume_MA,MACD,BB_Width,SMA_20,SMA_50,MACD_Hist,EMA_12,MACD_Signal,Rolling_Volatility,ADX",Volume_MA
HINDUNILVR,2024-12-02,2024,0,Sideways,0,0.7658,SELL,1,0,0.7762,SELL,1,10,"Volume_MA,MACD,BB_Width,SMA_20,SMA_50,MACD_Hist,EMA_12,MACD_Signal,Rolling_Volatility,ADX",Volume_MA
ICICIBANK,2022-01-03,2022,1,Sideways,1,0.935,BUY,1,1,0.7339,BUY,1,10,"EMA_12,SMA_10,ATR_14,EMA_26,OBV,Rolling_Volatility,SMA_20,Rolling_Std_10,CCI,MACD_Signal",EMA_12
ICICIBANK,2022-01-04,2022,1,Sideways,1,0.8753,BUY,1,1,0.7589,BUY,1,10,"Rolling_Volatility,MACD_Hist,Rolling_Std_10,ATR_14,OBV,RSI_14,SMA_20,BB_Width,ROC,EMA_12",Rolling_Volatility
ICICIBANK,2022-01-05,2022,1,Sideways,1,0.9372,BUY,1,1,0.707,BUY,1,10,"Rolling_Volatility,MACD_Hist,Rolling_Std_10,ATR_14,OBV,RSI_14,SMA_20,BB_Width,ROC,EMA_12",Rolling_Volatility
ICICIBANK,2022-01-06,2022,1,Sideways,1,0.9386,BUY,1,1,0.7227,BUY,1,10,"Rolling_Volatility,MACD_Hist,Rolling_Std_10,ATR_14,OBV,RSI_14,SMA_20,BB_Width,ROC,EMA_12",Rolling_Volatility
ICICIBANK,2022-01-07,2022,0,Sideways,1,0.9365,BUY,0,1,0.7638,BUY,0,10,"Rolling_Volatility,MACD_Hist,Rolling_Std_10,ATR_14,OBV,RSI_14,SMA_20,BB_Width,ROC,EMA_12",Rolling_Volatility
ICICIBANK,2022-01-10,2022,0,Sideways,1,0.6507,BUY,0,1,0.6877,BUY,0,10,"Rolling_Volatility,MACD_Hist,Rolling_Std_10,ATR_14,OBV,RSI_14,SMA_20,BB_Width,ROC,EMA_12",Rolling_Volatility
ICICIBANK,2022-01-11,2022,0,Sideways,0,0.5082,NO TRADE,1,1,0.6656,BUY,0,10,"Rolling_Volatility,MACD_Hist,Rolling_Std_10,ATR_14,OBV,RSI_14,SMA_20,BB_Width,ROC,EMA_12",Rolling_Volatility
ICICIBANK,2022-01-12,2022,0,Sideways,0,0.7371,SELL,1,1,0.5898,BUY,0,10,"Rolling_Volatility,MACD_Hist,Rolling_Std_10,ATR_14,OBV,RSI_14,SMA_20,BB_Width,ROC,EMA_12",Rolling_Volatility
ICICIBANK,2022-01-13,2022,0,Sideways,0,0.8961,SELL,1,1,0.568,BUY,0,10,"Rolling_Volatility,MACD_Hist,Rolling_Std_10,ATR_14,OBV,RSI_14,SMA_20,BB_Width,ROC,EMA_12",Rolling_Volatility
ICICIBANK,2022-01-14,2022,0,Sideways,0,0.9258,SELL,1,0,0.5339,NO TRADE,1,10,"Rolling_Volatility,MACD_Hist,Rolling_Std_10,ATR_14,OBV,RSI_14,SMA_20,BB_Width,ROC,EMA_12",Rolling_Volatility
ICICIBANK,2022-01-17,2022,0,Sideways,0,0.8949,SELL,1,0,0.644,SELL,1,10,"Rolling_Volatility,MACD_Hist,Rolling_Std_10,ATR_14,OBV,RSI_14,SMA_20,BB_Width,ROC,EMA_12",Rolling_Volatility
ICICIBANK,2022-01-18,2022,0,Sideways,0,0.9035,SELL,1,0,0.7146,SELL,1,10,"Rolling_Volatility,MACD_Hist,Rolling_Std_10,ATR_14,OBV,RSI_14,SMA_20,BB_Width,ROC,EMA_12",Rolling_Volatility
ICICIBANK,2022-01-19,2022,0,Sideways,0,0.8727,SELL,1,0,0.6176,SELL,1,10,"Rolling_Volatility,MACD_Hist,Rolling_Std_10,ATR_14,OBV,RSI_14,SMA_20,BB_Width,ROC,EMA_12",Rolling_Volatility
ICICIBANK,2022-01-20,2022,0,Sideways,0,0.8053,SELL,1,0,0.6987,SELL,1,10,"Rolling_Volatility,MACD_Hist,Rolling_Std_10,ATR_14,OBV,RSI_14,SMA_20,BB_Width,ROC,EMA_12",Rolling_Volatility
ICICIBANK,2022-01-21,2022,0,Sideways,0,0.606,SELL,1,0,0.6885,SELL,1,10,"Rolling_Volatility,MACD_Hist,Rolling_Std_10,ATR_14,OBV,RSI_14,SMA_20,BB_Width,ROC,EMA_12",Rolling_Volatility
ICICIBANK,2022-01-24,2022,0,Sideways,0,0.7958,SELL,1,0,0.6908,SELL,1,10,"Rolling_Volatility,MACD_Hist,Rolling_Std_10,ATR_14,OBV,RSI_14,SMA_20,BB_Width,ROC,EMA_12",Rolling_Volatility
ICICIBANK,2022-01-25,2022,0,Sideways,0,0.5222,NO TRADE,1,0,0.7943,SELL,1,10,"Rolling_Volatility,MACD_Hist,Rolling_Std_10,ATR_14,OBV,RSI_14,SMA_20,BB_Width,ROC,EMA_12",Rolling_Volatility
ICICIBANK,2022-01-27,2022,0,Sideways,0,0.5325,NO TRADE,1,0,0.788,SELL,1,10,"Rolling_Volatility,MACD_Hist,Rolling_Std_10,ATR_14,OBV,RSI_14,SMA_20,BB_Width,ROC,EMA_12",Rolling_Volatility
ICICIBANK,2022-01-28,2022,0,Sideways,0,0.516,NO TRADE,1,0,0.6999,SELL,1,10,"Rolling_Volatility,MACD_Hist,Rolling_Std_10,ATR_14,OBV,RSI_14,SMA_20,BB_Width,ROC,EMA_12",Rolling_Volatility
ICICIBANK,2022-01-31,2022,0,Sideways,1,0.6806,BUY,0,0,0.6775,SELL,1,10,"Rolling_Volatility,MACD_Hist,Rolling_Std_10,ATR_14,OBV,RSI_14,SMA_20,BB_Width,ROC,EMA_12",Rolling_Volatility
ICICIBANK,2022-02-01,2022,0,Sideways,1,0.5693,BUY,0,0,0.6805,SELL,1,10,"Rolling_Volatility,MACD_Hist,Rolling_Std_10,ATR_14,OBV,RSI_14,SMA_20,BB_Width,ROC,EMA_12",Rolling_Volatility
ICICIBANK,2022-02-02,2022,0,Sideways,1,0.6836,BUY,0,0,0.7344,SELL,1,10,"Rolling_Volatility,MACD_Hist,Rolling_Std_10,ATR_14,OBV,RSI_14,SMA_20,BB_Width,ROC,EMA_12",Rolling_Volatility
ICICIBANK,2022-02-03,2022,0,Sideways,1,0.6956,BUY,0,0,0.7334,SELL,1,10,"Rolling_Volatility,MACD_Hist,Rolling_Std_10,ATR_14,OBV,RSI_14,SMA_20,BB_Width,ROC,EMA_12",Rolling_Volatility
ICICIBANK,2022-02-04,2022,0,Sideways,1,0.7057,BUY,0,0,0.7865,SELL,1,10,"Rolling_Volatility,MACD_Hist,Rolling_Std_10,ATR_14,OBV,RSI_14,SMA_20,BB_Width,ROC,EMA_12",Rolling_Volatility
ICICIBANK,2022-02-07,2022,0,Sideways,1,0.7304,BUY,0,0,0.6876,SELL,1,10,"Rolling_Volatility,MACD_Hist,Rolling_Std_10,ATR_14,OBV,RSI_14,SMA_20,BB_Width,ROC,EMA_12",Rolling_Volatility
ICICIBANK,2022-02-08,2022,0,Sideways,1,0.7654,BUY,0,0,0.6906,SELL,1,10,"Rolling_Volatility,MACD_Hist,Rolling_Std_10,ATR_14,OBV,RSI_14,SMA_20,BB_Width,ROC,EMA_12",Rolling_Volatility
ICICIBANK,2022-02-09,2022,0,Sideways,1,0.8033,BUY,0,0,0.6816,SELL,1,10,"Rolling_Volatility,MACD_Hist,Rolling_Std_10,ATR_14,OBV,RSI_14,SMA_20,BB_Width,ROC,EMA_12",Rolling_Volatility
ICICIBANK,2022-02-10,2022,0,Sideways,1,0.8116,BUY,0,0,0.6776,SELL,1,10,"Rolling_Volatility,MACD_Hist,Rolling_Std_10,ATR_14,OBV,RSI_14,SMA_20,BB_Width,ROC,EMA_12",Rolling_Volatility
ICICIBANK,2022-02-11,2022,0,Sideways,1,0.7705,BUY,0,0,0.724,SELL,1,10,"Rolling_Volatility,MACD_Hist,Rolling_Std_10,ATR_14,OBV,RSI_14,SMA_20,BB_Width,ROC,EMA_12",Rolling_Volatility
ICICIBANK,2022-02-14,2022,0,Sideways,1,0.5198,NO TRADE,0,0,0.5219,NO TRADE,1,10,"Rolling_Volatility,MACD_Hist,Rolling_Std_10,ATR_14,OBV,RSI_14,SMA_20,BB_Width,ROC,EMA_12",Rolling_Volatility
ICICIBANK,2022-02-15,2022,0,Sideways,1,0.6394,BUY,0,0,0.5644,SELL,1,10,"Rolling_Volatility,MACD_Hist,Rolling_Std_10,ATR_14,OBV,RSI_14,SMA_20,BB_Width,ROC,EMA_12",Rolling_Volatility
ICICIBANK,2022-02-16,2022,0,Sideways,1,0.756,BUY,0,0,0.5576,SELL,1,10,"MACD_Hist,ATR_14,SMA_10,MACD,Rolling_Std_10,BB_Width,Stochastic,MACD_Signal,SMA_20,OBV",MACD_Hist
ICICIBANK,2022-02-17,2022,0,Sideways,1,0.5262,NO TRADE,0,0,0.6622,SELL,1,10,"MACD_Hist,ATR_14,SMA_10,MACD,Rolling_Std_10,BB_Width,Stochastic,MACD_Signal,SMA_20,OBV",MACD_Hist
ICICIBANK,2022-02-18,2022,0,Sideways,1,0.5988,BUY,0,0,0.643,SELL,1,10,"MACD_Hist,ATR_14,SMA_10,MACD,Rolling_Std_10,BB_Width,Stochastic,MACD_Signal,SMA_20,OBV",MACD_Hist
ICICIBANK,2022-02-21,2022,0,Sideways,1,0.654,BUY,0,0,0.6381,SELL,1,10,"MACD_Hist,ATR_14,SMA_10,MACD,Rolling_Std_10,BB_Width,Stochastic,MACD_Signal,SMA_20,OBV",MACD_Hist
ICICIBANK,2022-02-22,2022,0,Sideways,1,0.5983,BUY,0,0,0.6259,SELL,1,10,"MACD_Hist,ATR_14,SMA_10,MACD,Rolling_Std_10,BB_Width,Stochastic,MACD_Signal,SMA_20,OBV",MACD_Hist
ICICIBANK,2022-02-23,2022,0,Sideways,1,0.55,NO TRADE,0,0,0.5482,NO TRADE,1,10,"MACD_Hist,ATR_14,SMA_10,MACD,Rolling_Std_10,BB_Width,Stochastic,MACD_Signal,SMA_20,OBV",MACD_Hist
ICICIBANK,2022-02-24,2022,1,Sideways,0,0.7967,SELL,0,0,0.7027,SELL,0,10,"MACD_Hist,ATR_14,SMA_10,MACD,Rolling_Std_10,BB_Width,Stochastic,MACD_Signal,SMA_20,OBV",MACD_Hist
ICICIBANK,2022-02-25,2022,0,Sideways,0,0.5331,NO TRADE,1,1,0.507,NO TRADE,0,10,"MACD_Hist,ATR_14,SMA_10,MACD,Rolling_Std_10,BB_Width,Stochastic,MACD_Signal,SMA_20,OBV",MACD_Hist
ICICIBANK,2022-02-28,2022,0,Sideways,0,0.5343,NO TRADE,1,0,0.6332,SELL,1,10,"MACD_Hist,ATR_14,SMA_10,MACD,Rolling_Std_10,BB_Width,Stochastic,MACD_Signal,SMA_20,OBV",MACD_Hist
ICICIBANK,2022-03-02,2022,1,Sideways,0,0.5963,SELL,0,0,0.6137,SELL,0,10,"MACD_Hist,ATR_14,SMA_10,MACD,Rolling_Std_10,BB_Width,Stochastic,MACD_Signal,SMA_20,OBV",MACD_Hist
ICICIBANK,2022-03-03,2022,1,Sideways,0,0.723,SELL,0,0,0.5897,SELL,0,10,"MACD_Hist,ATR_14,SMA_10,MACD,Rolling_Std_10,BB_Width,Stochastic,MACD_Signal,SMA_20,OBV",MACD_Hist
ICICIBANK,2022-03-04,2022,1,Sideways,0,0.6824,SELL,0,1,0.5611,BUY,1,10,"MACD_Hist,ATR_14,SMA_10,MACD,Rolling_Std_10,BB_Width,Stochastic,MACD_Signal,SMA_20,OBV",MACD_Hist
ICICIBANK,2022-03-07,2022,1,Sideways,0,0.7169,SELL,0,1,0.564,BUY,1,10,"MACD_Hist,ATR_14,SMA_10,MACD,Rolling_Std_10,BB_Width,Stochastic,MACD_Signal,SMA_20,OBV",MACD_Hist
ICICIBANK,2022-03-08,2022,1,Sideways,0,0.5387,NO TRADE,0,1,0.6579,BUY,1,10,"MACD_Hist,ATR_14,SMA_10,MACD,Rolling_Std_10,BB_Width,Stochastic,MACD_Signal,SMA_20,OBV",MACD_Hist
ICICIBANK,2022-03-09,2022,1,Sideways,1,0.5897,BUY,1,1,0.7061,BUY,1,10,"MACD_Hist,ATR_14,SMA_10,MACD,Rolling_Std_10,BB_Width,Stochastic,MACD_Signal,SMA_20,OBV",MACD_Hist
ICICIBANK,2022-03-10,2022,1,Sideways,1,0.7086,BUY,1,1,0.7478,BUY,1,10,"MACD_Hist,ATR_14,SMA_10,MACD,Rolling_Std_10,BB_Width,Stochastic,MACD_Signal,SMA_20,OBV",MACD_Hist
ICICIBANK,2022-03-11,2022,1,Sideways,1,0.9592,BUY,1,1,0.7927,BUY,1,10,"MACD_Hist,ATR_14,SMA_10,MACD,Rolling_Std_10,BB_Width,Stochastic,MACD_Signal,SMA_20,OBV",MACD_Hist
ICICIBANK,2022-03-14,2022,1,Sideways,1,0.9651,BUY,1,1,0.8502,BUY,1,10,"MACD_Hist,ATR_14,SMA_10,MACD,Rolling_Std_10,BB_Width,Stochastic,MACD_Signal,SMA_20,OBV",MACD_Hist
ICICIBANK,2022-03-15,2022,1,Sideways,1,0.9747,BUY,1,1,0.7892,BUY,1,10,"MACD_Hist,ATR_14,SMA_10,MACD,Rolling_Std_10,BB_Width,Stochastic,MACD_Signal,SMA_20,OBV",MACD_Hist
ICICIBANK,2022-03-16,2022,1,Sideways,1,0.8746,BUY,1,1,0.8734,BUY,1,10,"MACD_Hist,ATR_14,SMA_10,MACD,Rolling_Std_10,BB_Width,Stochastic,MACD_Signal,SMA_20,OBV",MACD_Hist
ICICIBANK,2022-03-17,2022,1,Sideways,1,0.9392,BUY,1,1,0.8668,BUY,1,10,"MACD_Hist,ATR_14,SMA_10,MACD,Rolling_Std_10,BB_Width,Stochastic,MACD_Signal,SMA_20,OBV",MACD_Hist
ICICIBANK,2022-03-21,2022,1,Sideways,1,0.9539,BUY,1,1,0.8631,BUY,1,10,"MACD_Hist,ATR_14,SMA_10,MACD,Rolling_Std_10,BB_Width,Stochastic,MACD_Signal,SMA_20,OBV",MACD_Hist
ICICIBANK,2022-03-22,2022,1,Sideways,1,0.9574,BUY,1,1,0.8586,BUY,1,10,"MACD_Hist,ATR_14,SMA_10,MACD,Rolling_Std_10,BB_Width,Stochastic,MACD_Signal,SMA_20,OBV",MACD_Hist
ICICIBANK,2022-03-23,2022,1,Sideways,1,0.958,BUY,1,1,0.7255,BUY,1,10,"MACD_Hist,ATR_14,SMA_10,MACD,Rolling_Std_10,BB_Width,Stochastic,MACD_Signal,SMA_20,OBV",MACD_Hist
ICICIBANK,2022-03-24,2022,1,Sideways,1,0.9586,BUY,1,1,0.7384,BUY,1,10,"MACD_Hist,ATR_14,SMA_10,MACD,Rolling_Std_10,BB_Width,Stochastic,MACD_Signal,SMA_20,OBV",MACD_Hist
ICICIBANK,2022-03-25,2022,1,Sideways,1,0.9587,BUY,1,1,0.855,BUY,1,10,"MACD_Hist,ATR_14,SMA_10,MACD,Rolling_Std_10,BB_Width,Stochastic,MACD_Signal,SMA_20,OBV",MACD_Hist
ICICIBANK,2022-03-28,2022,1,Sideways,1,0.9591,BUY,1,1,0.8736,BUY,1,10,"MACD_Hist,ATR_14,SMA_10,MACD,Rolling_Std_10,BB_Width,Stochastic,MACD_Signal,SMA_20,OBV",MACD_Hist
ICICIBANK,2022-03-29,2022,1,Sideways,1,0.9596,BUY,1,1,0.8849,BUY,1,10,"MACD_Hist,ATR_14,SMA_10,MACD,Rolling_Std_10,BB_Width,Stochastic,MACD_Signal,SMA_20,OBV",MACD_Hist
ICICIBANK,2022-03-30,2022,1,Sideways,1,0.9599,BUY,1,1,0.8055,BUY,1,10,"MACD_Hist,ATR_14,SMA_10,MACD,Rolling_Std_10,BB_Width,Stochastic,MACD_Signal,SMA_20,OBV",MACD_Hist
ICICIBANK,2022-03-31,2022,1,Sideways,1,0.9605,BUY,1,1,0.8778,BUY,1,10,"MACD_Hist,ATR_14,SMA_10,MACD,Rolling_Std_10,BB_Width,Stochastic,MACD_Signal,SMA_20,OBV",MACD_Hist
ICICIBANK,2022-04-01,2022,0,Sideways,1,0.9564,BUY,0,1,0.5891,BUY,0,10,"SMA_10,EMA_12,MACD,Rolling_Median_Return,BB_Width,SMA_50,SMA_20,Volume_MA,ATR_14,Rolling_Volatility",SMA_10
ICICIBANK,2022-04-04,2022,0,Sideways,1,0.9501,BUY,0,0,0.5596,SELL,1,10,"SMA_10,EMA_12,MACD,Rolling_Median_Return,BB_Width,SMA_50,SMA_20,Volume_MA,ATR_14,Rolling_Volatility",SMA_10
ICICIBANK,2022-04-05,2022,0,Sideways,1,0.922,BUY,0,0,0.5164,NO TRADE,1,10,"SMA_10,EMA_12,MACD,Rolling_Median_Return,BB_Width,SMA_50,SMA_20,Volume_MA,ATR_14,Rolling_Volatility",SMA_10
ICICIBANK,2022-04-06,2022,0,Sideways,1,0.7686,BUY,0,0,0.7436,SELL,1,10,"SMA_10,EMA_12,MACD,Rolling_Median_Return,BB_Width,SMA_50,SMA_20,Volume_MA,ATR_14,Rolling_Volatility",SMA_10
ICICIBANK,2022-04-07,2022,0,Sideways,1,0.6338,BUY,0,0,0.7007,SELL,1,10,"SMA_10,EMA_12,MACD,Rolling_Median_Return,BB_Width,SMA_50,SMA_20,Volume_MA,ATR_14,Rolling_Volatility",SMA_10
ICICIBANK,2022-04-08,2022,0,Sideways,1,0.5318,NO TRADE,0,0,0.7775,SELL,1,10,"SMA_10,EMA_12,MACD,Rolling_Median_Return,BB_Width,SMA_50,SMA_20,Volume_MA,ATR_14,Rolling_Volatility",SMA_10
ICICIBANK,2022-04-11,2022,0,Sideways,0,0.5222,NO TRADE,1,0,0.7809,SELL,1,10,"SMA_10,EMA_12,MACD,Rolling_Median_Return,BB_Width,SMA_50,SMA_20,Volume_MA,ATR_14,Rolling_Volatility",SMA_10
ICICIBANK,2022-04-12,2022,0,Sideways,0,0.5958,SELL,1,0,0.8099,SELL,1,10,"SMA_10,EMA_12,MACD,Rolling_Median_Return,BB_Width,SMA_50,SMA_20,Volume_MA,ATR_14,Rolling_Volatility",SMA_10
ICICIBANK,2022-04-13,2022,0,Sideways,0,0.6456,SELL,1,0,0.8617,SELL,1,10,"SMA_10,EMA_12,MACD,Rolling_Median_Return,BB_Width,SMA_50,SMA_20,Volume_MA,ATR_14,Rolling_Volatility",SMA_10
ICICIBANK,2022-04-18,2022,0,Sideways,0,0.6598,SELL,1,0,0.8823,SELL,1,10,"SMA_10,EMA_12,MACD,Rolling_Median_Return,BB_Width,SMA_50,SMA_20,Volume_MA,ATR_14,Rolling_Volatility",SMA_10
ICICIBANK,2022-04-19,2022,0,Sideways,0,0.6414,SELL,1,0,0.8966,SELL,1,10,"SMA_10,EMA_12,MACD,Rolling_Median_Return,BB_Width,SMA_50,SMA_20,Volume_MA,ATR_14,Rolling_Volatility",SMA_10
ICICIBANK,2022-04-20,2022,0,Sideways,0,0.5538,SELL,1,0,0.9013,SELL,1,10,"SMA_10,EMA_12,MACD,Rolling_Median_Return,BB_Width,SMA_50,SMA_20,Volume_MA,ATR_14,Rolling_Volatility",SMA_10
ICICIBANK,2022-04-21,2022,0,Sideways,0,0.5972,SELL,1,0,0.9052,SELL,1,10,"SMA_10,EMA_12,MACD,Rolling_Median_Return,BB_Width,SMA_50,SMA_20,Volume_MA,ATR_14,Rolling_Volatility",SMA_10
ICICIBANK,2022-04-22,2022,0,Sideways,1,0.6673,BUY,0,0,0.8948,SELL,1,10,"SMA_10,EMA_12,MACD,Rolling_Median_Return,BB_Width,SMA_50,SMA_20,Volume_MA,ATR_14,Rolling_Volatility",SMA_10
ICICIBANK,2022-04-25,2022,0,Sideways,1,0.5749,BUY,0,0,0.9181,SELL,1,10,"SMA_10,EMA_12,MACD,Rolling_Median_Return,BB_Width,SMA_50,SMA_20,Volume_MA,ATR_14,Rolling_Volatility",SMA_10
ICICIBANK,2022-04-26,2022,0,Sideways,1,0.7376,BUY,0,0,0.9283,SELL,1,10,"SMA_10,EMA_12,MACD,Rolling_Median_Return,BB_Width,SMA_50,SMA_20,Volume_MA,ATR_14,Rolling_Volatility",SMA_10
ICICIBANK,2022-04-27,2022,0,Sideways,1,0.6947,BUY,0,0,0.9076,SELL,1,10,"SMA_10,EMA_12,MACD,Rolling_Median_Return,BB_Width,SMA_50,SMA_20,Volume_MA,ATR_14,Rolling_Volatility",SMA_10
ICICIBANK,2022-04-28,2022,0,Sideways,1,0.6929,BUY,0,0,0.9055,SELL,1,10,"SMA_10,EMA_12,MACD,Rolling_Median_Return,BB_Width,SMA_50,SMA_20,Volume_MA,ATR_14,Rolling_Volatility",SMA_10
ICICIBANK,2022-04-29,2022,1,Sideways,1,0.6697,BUY,1,0,0.9209,SELL,0,10,"SMA_10,EMA_12,MACD,Rolling_Median_Return,BB_Width,SMA_50,SMA_20,Volume_MA,ATR_14,Rolling_Volatility",SMA_10
ICICIBANK,2022-05-02,2022,1,Sideways,1,0.6892,BUY,1,0,0.8381,SELL,0,10,"SMA_10,EMA_12,MACD,Rolling_Median_Return,BB_Width,SMA_50,SMA_20,Volume_MA,ATR_14,Rolling_Volatility",SMA_10
ICICIBANK,2022-05-04,2022,1,Sideways,1,0.6612,BUY,1,0,0.717,SELL,0,10,"SMA_10,EMA_12,MACD,Rolling_Median_Return,BB_Width,SMA_50,SMA_20,Volume_MA,ATR_14,Rolling_Volatility",SMA_10
ICICIBANK,2022-05-05,2022,1,Sideways,1,0.7061,BUY,1,0,0.6255,SELL,0,10,"SMA_10,EMA_12,MACD,Rolling_Median_Return,BB_Width,SMA_50,SMA_20,Volume_MA,ATR_14,Rolling_Volatility",SMA_10
ICICIBANK,2022-05-06,2022,1,Sideways,1,0.7537,BUY,1,0,0.5868,SELL,0,10,"SMA_10,EMA_12,MACD,Rolling_Median_Return,BB_Width,SMA_50,SMA_20,Volume_MA,ATR_14,Rolling_Volatility",SMA_10
ICICIBANK,2022-05-09,2022,1,Sideways,1,0.7522,BUY,1,0,0.538,NO TRADE,0,10,"SMA_10,EMA_12,MACD,Rolling_Median_Return,BB_Width,SMA_50,SMA_20,Volume_MA,ATR_14,Rolling_Volatility",SMA_10
ICICIBANK,2022-05-10,2022,1,Sideways,1,0.7564,BUY,1,0,0.5007,NO TRADE,0,10,"SMA_10,EMA_12,MACD,Rolling_Median_Return,BB_Width,SMA_50,SMA_20,Volume_MA,ATR_14,Rolling_Volatility",SMA_10
ICICIBANK,2022-05-11,2022,1,Sideways,1,0.7629,BUY,1,1,0.503,NO TRADE,1,10,"SMA_10,EMA_12,MACD,Rolling_Median_Return,BB_Width,SMA_50,SMA_20,Volume_MA,ATR_14,Rolling_Volatility",SMA_10
ICICIBANK,2022-05-12,2022,1,Sideways,1,0.8513,BUY,1,1,0.6053,BUY,1,10,"SMA_10,EMA_12,MACD,Rolling_Median_Return,BB_Width,SMA_50,SMA_20,Volume_MA,ATR_14,Rolling_Volatility",SMA_10
ICICIBANK,2022-05-13,2022,1,Sideways,1,0.8439,BUY,1,1,0.5524,BUY,1,10,"SMA_10,EMA_12,MACD,Rolling_Median_Return,BB_Width,SMA_50,SMA_20,Volume_MA,ATR_14,Rolling_Volatility",SMA_10
ICICIBANK,2022-05-16,2022,1,Sideways,1,0.8964,BUY,1,1,0.636,BUY,1,10,"SMA_10,EMA_12,MACD,Rolling_Median_Return,BB_Width,SMA_50,SMA_20,Volume_MA,ATR_14,Rolling_Volatility",SMA_10
ICICIBANK,2022-05-17,2022,0,Sideways,1,0.8622,BUY,0,0,0.5105,NO TRADE,1,10,"SMA_10,EMA_12,MACD,Rolling_Median_Return,BB_Width,SMA_50,SMA_20,Volume_MA,ATR_14,Rolling_Volatility",SMA_10
ICICIBANK,2022-05-18,2022,0,Sideways,1,0.8673,BUY,0,0,0.5115,NO TRADE,1,10,"EMA_12,SMA_10,Stochastic,RSI_14,Rolling_Median_Return,MACD,MACD_Signal,Volume_MA,Rolling_Volatility,SMA_20",EMA_12
ICICIBANK,2022-05-19,2022,0,Sideways,1,0.8722,BUY,0,0,0.5358,NO TRADE,1,10,"EMA_12,SMA_10,Stochastic,RSI_14,Rolling_Median_Return,MACD,MACD_Signal,Volume_MA,Rolling_Volatility,SMA_20",EMA_12
ICICIBANK,2022-05-20,2022,0,Sideways,1,0.7906,BUY,0,0,0.5099,NO TRADE,1,10,"EMA_12,SMA_10,Stochastic,RSI_14,Rolling_Median_Return,MACD,MACD_Signal,Volume_MA,Rolling_Volatility,SMA_20",EMA_12
ICICIBANK,2022-05-23,2022,0,Sideways,1,0.665,BUY,0,0,0.5201,NO TRADE,1,10,"EMA_12,SMA_10,Stochastic,RSI_14,Rolling_Median_Return,MACD,MACD_Signal,Volume_MA,Rolling_Volatility,SMA_20",EMA_12
ICICIBANK,2022-05-24,2022,0,Sideways,1,0.6374,BUY,0,0,0.5337,NO TRADE,1,10,"EMA_12,SMA_10,Stochastic,RSI_14,Rolling_Median_Return,MACD,MACD_Signal,Volume_MA,Rolling_Volatility,SMA_20",EMA_12
ICICIBANK,2022-05-25,2022,0,Sideways,1,0.6003,BUY,0,0,0.5814,SELL,1,10,"EMA_12,SMA_10,Stochastic,RSI_14,Rolling_Median_Return,MACD,MACD_Signal,Volume_MA,Rolling_Volatility,SMA_20",EMA_12
ICICIBANK,2022-05-26,2022,0,Sideways,0,0.6688,SELL,1,0,0.6734,SELL,1,10,"EMA_12,SMA_10,Stochastic,RSI_14,Rolling_Median_Return,MACD,MACD_Signal,Volume_MA,Rolling_Volatility,SMA_20",EMA_12
ICICIBANK,2022-05-27,2022,0,Sideways,0,0.7784,SELL,1,0,0.6682,SELL,1,10,"EMA_12,SMA_10,Stochastic,RSI_14,Rolling_Median_Return,MACD,MACD_Signal,Volume_MA,Rolling_Volatility,SMA_20",EMA_12
ICICIBANK,2022-05-30,2022,0,Sideways,0,0.8593,SELL,1,0,0.7432,SELL,1,10,"EMA_12,SMA_10,Stochastic,RSI_14,Rolling_Median_Return,MACD,MACD_Signal,Volume_MA,Rolling_Volatility,SMA_20",EMA_12
ICICIBANK,2022-05-31,2022,0,Sideways,0,0.9318,SELL,1,0,0.7747,SELL,1,10,"EMA_12,SMA_10,Stochastic,RSI_14,Rolling_Median_Return,MACD,MACD_Signal,Volume_MA,Rolling_Volatility,SMA_20",EMA_12
ICICIBANK,2022-06-01,2022,0,Sideways,0,0.9645,SELL,1,0,0.7572,SELL,1,10,"EMA_12,SMA_10,Stochastic,RSI_14,Rolling_Median_Return,MACD,MACD_Signal,Volume_MA,Rolling_Volatility,SMA_20",EMA_12
ICICIBANK,2022-06-02,2022,0,Sideways,0,0.9815,SELL,1,0,0.7715,SELL,1,10,"EMA_12,SMA_10,Stochastic,RSI_14,Rolling_Median_Return,MACD,MACD_Signal,Volume_MA,Rolling_Volatility,SMA_20",EMA_12
ICICIBANK,2022-06-03,2022,0,Sideways,0,0.9636,SELL,1,0,0.7646,SELL,1,10,"EMA_12,SMA_10,Stochastic,RSI_14,Rolling_Median_Return,MACD,MACD_Signal,Volume_MA,Rolling_Volatility,SMA_20",EMA_12
ICICIBANK,2022-06-06,2022,0,Sideways,0,0.9687,SELL,1,0,0.7469,SELL,1,10,"EMA_12,SMA_10,Stochastic,RSI_14,Rolling_Median_Return,MACD,MACD_Signal,Volume_MA,Rolling_Volatility,SMA_20",EMA_12
ICICIBANK,2022-06-07,2022,0,Sideways,0,0.8778,SELL,1,0,0.6723,SELL,1,10,"EMA_12,SMA_10,Stochastic,RSI_14,Rolling_Median_Return,MACD,MACD_Signal,Volume_MA,Rolling_Volatility,SMA_20",EMA_12
ICICIBANK,2022-06-08,2022,0,Sideways,0,0.7774,SELL,1,0,0.6677,SELL,1,10,"EMA_12,SMA_10,Stochastic,RSI_14,Rolling_Median_Return,MACD,MACD_Signal,Volume_MA,Rolling_Volatility,SMA_20",EMA_12
ICICIBANK,2022-06-09,2022,1,Sideways,0,0.7622,SELL,0,0,0.6014,SELL,0,10,"EMA_12,SMA_10,Stochastic,RSI_14,Rolling_Median_Return,MACD,MACD_Signal,Volume_MA,Rolling_Volatility,SMA_20",EMA_12
ICICIBANK,2022-06-10,2022,1,Sideways,1,0.5676,BUY,1,0,0.5022,NO TRADE,0,10,"EMA_12,SMA_10,Stochastic,RSI_14,Rolling_Median_Return,MACD,MACD_Signal,Volume_MA,Rolling_Volatility,SMA_20",EMA_12
ICICIBANK,2022-06-13,2022,1,Sideways,1,0.7697,BUY,1,0,0.741,SELL,0,10,"EMA_12,SMA_10,Stochastic,RSI_14,Rolling_Median_Return,MACD,MACD_Signal,Volume_MA,Rolling_Volatility,SMA_20",EMA_12
ICICIBANK,2022-06-14,2022,1,Sideways,1,0.7988,BUY,1,0,0.564,SELL,0,10,"EMA_12,SMA_10,Stochastic,RSI_14,Rolling_Median_Return,MACD,MACD_Signal,Volume_MA,Rolling_Volatility,SMA_20",EMA_12
ICICIBANK,2022-06-15,2022,1,Sideways,1,0.8179,BUY,1,0,0.5047,NO TRADE,0,10,"EMA_12,SMA_10,Stochastic,RSI_14,Rolling_Median_Return,MACD,MACD_Signal,Volume_MA,Rolling_Volatility,SMA_20",EMA_12
ICICIBANK,2022-06-16,2022,1,Sideways,1,0.8257,BUY,1,1,0.5418,NO TRADE,1,10,"EMA_12,SMA_10,Stochastic,RSI_14,Rolling_Median_Return,MACD,MACD_Signal,Volume_MA,Rolling_Volatility,SMA_20",EMA_12
ICICIBANK,2022-06-17,2022,1,Sideways,1,0.8214,BUY,1,1,0.5846,BUY,1,10,"EMA_12,SMA_10,Stochastic,RSI_14,Rolling_Median_Return,MACD,MACD_Signal,Volume_MA,Rolling_Volatility,SMA_20",EMA_12
ICICIBANK,2022-06-20,2022,1,Sideways,1,0.8781,BUY,1,1,0.6194,BUY,1,10,"EMA_12,SMA_10,Stochastic,RSI_14,Rolling_Median_Return,MACD,MACD_Signal,Volume_MA,Rolling_Volatility,SMA_20",EMA_12
ICICIBANK,2022-06-21,2022,1,Sideways,1,0.8422,BUY,1,1,0.6332,BUY,1,10,"EMA_12,SMA_10,Stochastic,RSI_14,Rolling_Median_Return,MACD,MACD_Signal,Volume_MA,Rolling_Volatility,SMA_20",EMA_12
ICICIBANK,2022-06-22,2022,1,Sideways,1,0.9041,BUY,1,1,0.662,BUY,1,10,"EMA_12,SMA_10,Stochastic,RSI_14,Rolling_Median_Return,MACD,MACD_Signal,Volume_MA,Rolling_Volatility,SMA_20",EMA_12
ICICIBANK,2022-06-23,2022,1,Sideways,1,0.8651,BUY,1,1,0.7202,BUY,1,10,"EMA_12,SMA_10,Stochastic,RSI_14,Rolling_Median_Return,MACD,MACD_Signal,Volume_MA,Rolling_Volatility,SMA_20",EMA_12
ICICIBANK,2022-06-24,2022,1,Sideways,1,0.7367,BUY,1,1,0.6463,BUY,1,10,"EMA_12,SMA_10,Stochastic,RSI_14,Rolling_Median_Return,MACD,MACD_Signal,Volume_MA,Rolling_Volatility,SMA_20",EMA_12
ICICIBANK,2022-06-27,2022,1,Sideways,0,0.506,NO TRADE,0,1,0.5745,BUY,1,10,"EMA_12,SMA_10,Stochastic,RSI_14,Rolling_Median_Return,MACD,MACD_Signal,Volume_MA,Rolling_Volatility,SMA_20",EMA_12
ICICIBANK,2022-06-28,2022,1,Sideways,1,0.6599,BUY,1,1,0.7591,BUY,1,10,"EMA_12,SMA_10,Stochastic,RSI_14,Rolling_Median_Return,MACD,MACD_Signal,Volume_MA,Rolling_Volatility,SMA_20",EMA_12
ICICIBANK,2022-06-29,2022,1,Sideways,1,0.7224,BUY,1,1,0.5981,BUY,1,10,"EMA_12,SMA_10,MACD_Signal,BB_Width,Williams_R,Stochastic,OBV,SMA_20,Rolling_Std_10,Rolling_Median_Return",EMA_12
ICICIBANK,2022-06-30,2022,1,Sideways,1,0.6992,BUY,1,1,0.6487,BUY,1,10,"EMA_12,SMA_10,MACD_Signal,BB_Width,Williams_R,Stochastic,OBV,SMA_20,Rolling_Std_10,Rolling_Median_Return",EMA_12
ICICIBANK,2022-07-01,2022,1,Sideways,1,0.7886,BUY,1,1,0.6522,BUY,1,10,"EMA_12,SMA_10,MACD_Signal,BB_Width,Williams_R,Stochastic,OBV,SMA_20,Rolling_Std_10,Rolling_Median_Return",EMA_12
ICICIBANK,2022-07-04,2022,1,Sideways,1,0.5837,BUY,1,1,0.6814,BUY,1,10,"EMA_12,SMA_10,MACD_Signal,BB_Width,Williams_R,Stochastic,OBV,SMA_20,Rolling_Std_10,Rolling_Median_Return",EMA_12
ICICIBANK,2022-07-05,2022,1,Sideways,1,0.6642,BUY,1,1,0.6995,BUY,1,10,"EMA_12,SMA_10,MACD_Signal,BB_Width,Williams_R,Stochastic,OBV,SMA_20,Rolling_Std_10,Rolling_Median_Return",EMA_12
ICICIBANK,2022-07-06,2022,1,Sideways,1,0.5207,NO TRADE,1,1,0.6453,BUY,1,10,"EMA_12,SMA_10,MACD_Signal,BB_Width,Williams_R,Stochastic,OBV,SMA_20,Rolling_Std_10,Rolling_Median_Return",EMA_12
ICICIBANK,2022-07-07,2022,1,Sideways,0,0.6542,SELL,0,1,0.6132,BUY,1,10,"EMA_12,SMA_10,MACD_Signal,BB_Width,Williams_R,Stochastic,OBV,SMA_20,Rolling_Std_10,Rolling_Median_Return",EMA_12
ICICIBANK,2022-07-08,2022,1,Sideways,0,0.7468,SELL,0,1,0.6016,BUY,1,10,"EMA_12,SMA_10,MACD_Signal,BB_Width,Williams_R,Stochastic,OBV,SMA_20,Rolling_Std_10,Rolling_Median_Return",EMA_12
ICICIBANK,2022-07-11,2022,1,Sideways,0,0.831,SELL,0,1,0.5669,BUY,1,10,"EMA_12,SMA_10,MACD_Signal,BB_Width,Williams_R,Stochastic,OBV,SMA_20,Rolling_Std_10,Rolling_Median_Return",EMA_12
ICICIBANK,2022-07-12,2022,1,Sideways,0,0.7118,SELL,0,1,0.6681,BUY,1,10,"EMA_12,SMA_10,MACD_Signal,BB_Width,Williams_R,Stochastic,OBV,SMA_20,Rolling_Std_10,Rolling_Median_Return",EMA_12
ICICIBANK,2022-07-13,2022,1,Sideways,0,0.6493,SELL,0,1,0.6775,BUY,1,10,"EMA_12,SMA_10,MACD_Signal,BB_Width,Williams_R,Stochastic,OBV,SMA_20,Rolling_Std_10,Rolling_Median_Return",EMA_12
ICICIBANK,2022-07-14,2022,1,Sideways,0,0.5703,SELL,0,1,0.6869,BUY,1,10,"EMA_12,SMA_10,MACD_Signal,BB_Width,Williams_R,Stochastic,OBV,SMA_20,Rolling_Std_10,Rolling_Median_Return",EMA_12
ICICIBANK,2022-07-15,2022,1,Sideways,1,0.5394,NO TRADE,1,1,0.6919,BUY,1,10,"EMA_12,SMA_10,MACD_Signal,BB_Width,Williams_R,Stochastic,OBV,SMA_20,Rolling_Std_10,Rolling_Median_Return",EMA_12
ICICIBANK,2022-07-18,2022,1,Sideways,0,0.5706,SELL,0,1,0.5548,BUY,1,10,"EMA_12,SMA_10,MACD_Signal,BB_Width,Williams_R,Stochastic,OBV,SMA_20,Rolling_Std_10,Rolling_Median_Return",EMA_12
ICICIBANK,2022-07-19,2022,1,Sideways,0,0.6901,SELL,0,1,0.5088,NO TRADE,1,10,"EMA_12,SMA_10,MACD_Signal,BB_Width,Williams_R,Stochastic,OBV,SMA_20,Rolling_Std_10,Rolling_Median_Return",EMA_12
ICICIBANK,2022-07-20,2022,1,Sideways,0,0.5489,NO TRADE,0,1,0.5121,NO TRADE,1,10,"EMA_12,SMA_10,MACD_Signal,BB_Width,Williams_R,Stochastic,OBV,SMA_20,Rolling_Std_10,Rolling_Median_Return",EMA_12
ICICIBANK,2022-07-21,2022,1,Sideways,1,0.5561,BUY,1,1,0.5054,NO TRADE,1,10,"EMA_12,SMA_10,MACD_Signal,BB_Width,Williams_R,Stochastic,OBV,SMA_20,Rolling_Std_10,Rolling_Median_Return",EMA_12
ICICIBANK,2022-07-22,2022,1,Sideways,1,0.5625,BUY,1,1,0.5896,BUY,1,10,"EMA_12,SMA_10,MACD_Signal,BB_Width,Williams_R,Stochastic,OBV,SMA_20,Rolling_Std_10,Rolling_Median_Return",EMA_12
ICICIBANK,2022-07-25,2022,1,Sideways,0,0.6083,SELL,0,1,0.6864,BUY,1,10,"EMA_12,SMA_10,MACD_Signal,BB_Width,Williams_R,Stochastic,OBV,SMA_20,Rolling_Std_10,Rolling_Median_Return",EMA_12
ICICIBANK,2022-07-26,2022,1,Sideways,1,0.5829,BUY,1,1,0.6921,BUY,1,10,"EMA_12,SMA_10,MACD_Signal,BB_Width,Williams_R,Stochastic,OBV,SMA_20,Rolling_Std_10,Rolling_Median_Return",EMA_12
ICICIBANK,2022-07-27,2022,1,Sideways,1,0.5853,BUY,1,1,0.6902,BUY,1,10,"EMA_12,SMA_10,MACD_Signal,BB_Width,Williams_R,Stochastic,OBV,SMA_20,Rolling_Std_10,Rolling_Median_Return",EMA_12
ICICIBANK,2022-07-28,2022,1,Sideways,1,0.6098,BUY,1,1,0.5975,BUY,1,10,"EMA_12,SMA_10,MACD_Signal,BB_Width,Williams_R,Stochastic,OBV,SMA_20,Rolling_Std_10,Rolling_Median_Return",EMA_12
ICICIBANK,2022-07-29,2022,1,Sideways,1,0.6516,BUY,1,1,0.6042,BUY,1,10,"EMA_12,SMA_10,MACD_Signal,BB_Width,Williams_R,Stochastic,OBV,SMA_20,Rolling_Std_10,Rolling_Median_Return",EMA_12
ICICIBANK,2022-08-01,2022,1,Sideways,1,0.7033,BUY,1,1,0.5901,BUY,1,10,"EMA_12,SMA_10,MACD_Signal,BB_Width,Williams_R,Stochastic,OBV,SMA_20,Rolling_Std_10,Rolling_Median_Return",EMA_12
ICICIBANK,2022-08-02,2022,1,Sideways,1,0.678,BUY,1,1,0.6404,BUY,1,10,"EMA_12,SMA_10,MACD_Signal,BB_Width,Williams_R,Stochastic,OBV,SMA_20,Rolling_Std_10,Rolling_Median_Return",EMA_12
ICICIBANK,2022-08-03,2022,1,Sideways,1,0.7093,BUY,1,1,0.5691,BUY,1,10,"EMA_12,SMA_10,MACD_Signal,BB_Width,Williams_R,Stochastic,OBV,SMA_20,Rolling_Std_10,Rolling_Median_Return",EMA_12
ICICIBANK,2022-08-04,2022,1,Sideways,1,0.7135,BUY,1,1,0.6431,BUY,1,10,"EMA_12,SMA_10,MACD_Signal,BB_Width,Williams_R,Stochastic,OBV,SMA_20,Rolling_Std_10,Rolling_Median_Return",EMA_12
ICICIBANK,2022-08-05,2022,1,Sideways,1,0.8151,BUY,1,1,0.591,BUY,1,10,"EMA_12,SMA_10,MACD_Signal,BB_Width,Williams_R,Stochastic,OBV,SMA_20,Rolling_Std_10,Rolling_Median_Return",EMA_12
ICICIBANK,2022-08-08,2022,1,Sideways,1,0.8508,BUY,1,1,0.7088,BUY,1,10,"EMA_12,SMA_10,MACD_Signal,BB_Width,Williams_R,Stochastic,OBV,SMA_20,Rolling_Std_10,Rolling_Median_Return",EMA_12
ICICIBANK,2022-08-10,2022,1,Sideways,1,0.783,BUY,1,1,0.6701,BUY,1,10,"EMA_12,SMA_10,MACD_Signal,BB_Width,Williams_R,Stochastic,OBV,SMA_20,Rolling_Std_10,Rolling_Median_Return",EMA_12
ICICIBANK,2022-08-11,2022,1,Sideways,1,0.8163,BUY,1,0,0.522,NO TRADE,0,10,"Stochastic,EMA_12,SMA_10,ATR_14,SMA_50,MACD,Rolling_Std_10,Rolling_Volatility,MACD_Signal,BB_Upper",Stochastic
ICICIBANK,2022-08-12,2022,1,Sideways,1,0.8456,BUY,1,1,0.6691,BUY,1,10,"Stochastic,EMA_12,SMA_10,ATR_14,SMA_50,MACD,Rolling_Std_10,Rolling_Volatility,MACD_Signal,BB_Upper",Stochastic
ICICIBANK,2022-08-16,2022,1,Sideways,1,0.8391,BUY,1,1,0.7297,BUY,1,10,"Stochastic,EMA_12,SMA_10,ATR_14,SMA_50,MACD,Rolling_Std_10,Rolling_Volatility,MACD_Signal,BB_Upper",Stochastic
ICICIBANK,2022-08-17,2022,1,Sideways,1,0.8364,BUY,1,1,0.6768,BUY,1,10,"Stochastic,EMA_12,SMA_10,ATR_14,SMA_50,MACD,Rolling_Std_10,Rolling_Volatility,MACD_Signal,BB_Upper",Stochastic
ICICIBANK,2022-08-18,2022,1,Sideways,1,0.8444,BUY,1,1,0.712,BUY,1,10,"Stochastic,EMA_12,SMA_10,ATR_14,SMA_50,MACD,Rolling_Std_10,Rolling_Volatility,MACD_Signal,BB_Upper",Stochastic
ICICIBANK,2022-08-19,2022,1,Sideways,1,0.8454,BUY,1,1,0.7627,BUY,1,10,"Stochastic,EMA_12,SMA_10,ATR_14,SMA_50,MACD,Rolling_Std_10,Rolling_Volatility,MACD_Signal,BB_Upper",Stochastic
ICICIBANK,2022-08-22,2022,1,Sideways,1,0.8476,BUY,1,1,0.7324,BUY,1,10,"Stochastic,EMA_12,SMA_10,ATR_14,SMA_50,MACD,Rolling_Std_10,Rolling_Volatility,MACD_Signal,BB_Upper",Stochastic
ICICIBANK,2022-08-23,2022,1,Sideways,1,0.8462,BUY,1,1,0.7495,BUY,1,10,"Stochastic,EMA_12,SMA_10,ATR_14,SMA_50,MACD,Rolling_Std_10,Rolling_Volatility,MACD_Signal,BB_Upper",Stochastic
ICICIBANK,2022-08-24,2022,1,Sideways,1,0.8588,BUY,1,1,0.7574,BUY,1,10,"Stochastic,EMA_12,SMA_10,ATR_14,SMA_50,MACD,Rolling_Std_10,Rolling_Volatility,MACD_Signal,BB_Upper",Stochastic
ICICIBANK,2022-08-25,2022,1,Sideways,1,0.8473,BUY,1,1,0.7665,BUY,1,10,"Stochastic,EMA_12,SMA_10,ATR_14,SMA_50,MACD,Rolling_Std_10,Rolling_Volatility,MACD_Signal,BB_Upper",Stochastic
ICICIBANK,2022-08-26,2022,0,Sideways,1,0.8402,BUY,0,1,0.7593,BUY,0,10,"Stochastic,EMA_12,SMA_10,ATR_14,SMA_50,MACD,Rolling_Std_10,Rolling_Volatility,MACD_Signal,BB_Upper",Stochastic
ICICIBANK,2022-08-29,2022,0,Sideways,1,0.6853,BUY,0,1,0.7094,BUY,0,10,"Stochastic,EMA_12,SMA_10,ATR_14,SMA_50,MACD,Rolling_Std_10,Rolling_Volatility,MACD_Signal,BB_Upper",Stochastic
ICICIBANK,2022-08-30,2022,0,Sideways,1,0.891,BUY,0,1,0.6061,BUY,0,10,"Stochastic,EMA_12,SMA_10,ATR_14,SMA_50,MACD,Rolling_Std_10,Rolling_Volatility,MACD_Signal,BB_Upper",Stochastic
ICICIBANK,2022-09-01,2022,0,Sideways,1,0.5467,NO TRADE,0,0,0.6378,SELL,1,10,"Stochastic,EMA_12,SMA_10,ATR_14,SMA_50,MACD,Rolling_Std_10,Rolling_Volatility,MACD_Signal,BB_Upper",Stochastic
ICICIBANK,2022-09-02,2022,0,Sideways,0,0.5781,SELL,1,0,0.644,SELL,1,10,"Stochastic,EMA_12,SMA_10,ATR_14,SMA_50,MACD,Rolling_Std_10,Rolling_Volatility,MACD_Signal,BB_Upper",Stochastic
ICICIBANK,2022-09-05,2022,0,Sideways,0,0.6282,SELL,1,0,0.648,SELL,1,10,"Stochastic,EMA_12,SMA_10,ATR_14,SMA_50,MACD,Rolling_Std_10,Rolling_Volatility,MACD_Signal,BB_Upper",Stochastic
ICICIBANK,2022-09-06,2022,0,Sideways,0,0.6452,SELL,1,0,0.6422,SELL,1,10,"Stochastic,EMA_12,SMA_10,ATR_14,SMA_50,MACD,Rolling_Std_10,Rolling_Volatility,MACD_Signal,BB_Upper",Stochastic
ICICIBANK,2022-09-07,2022,1,Sideways,0,0.6375,SELL,0,0,0.6382,SELL,0,10,"Stochastic,EMA_12,SMA_10,ATR_14,SMA_50,MACD,Rolling_Std_10,Rolling_Volatility,MACD_Signal,BB_Upper",Stochastic
ICICIBANK,2022-09-08,2022,0,Sideways,0,0.6315,SELL,1,0,0.5009,NO TRADE,1,10,"Stochastic,EMA_12,SMA_10,ATR_14,SMA_50,MACD,Rolling_Std_10,Rolling_Volatility,MACD_Signal,BB_Upper",Stochastic
ICICIBANK,2022-09-09,2022,0,Sideways,0,0.6324,SELL,1,0,0.5198,NO TRADE,1,10,"Stochastic,EMA_12,SMA_10,ATR_14,SMA_50,MACD,Rolling_Std_10,Rolling_Volatility,MACD_Signal,BB_Upper",Stochastic
ICICIBANK,2022-09-12,2022,0,Sideways,0,0.6142,SELL,1,0,0.5175,NO TRADE,1,10,"Stochastic,EMA_12,SMA_10,ATR_14,SMA_50,MACD,Rolling_Std_10,Rolling_Volatility,MACD_Signal,BB_Upper",Stochastic
ICICIBANK,2022-09-13,2022,0,Sideways,0,0.6291,SELL,1,0,0.512,NO TRADE,1,10,"Stochastic,EMA_12,SMA_10,ATR_14,SMA_50,MACD,Rolling_Std_10,Rolling_Volatility,MACD_Signal,BB_Upper",Stochastic
ICICIBANK,2022-09-14,2022,0,Sideways,0,0.6704,SELL,1,0,0.5478,NO TRADE,1,10,"Stochastic,EMA_12,SMA_10,ATR_14,SMA_50,MACD,Rolling_Std_10,Rolling_Volatility,MACD_Signal,BB_Upper",Stochastic
ICICIBANK,2022-09-15,2022,0,Sideways,0,0.7609,SELL,1,0,0.5665,SELL,1,10,"Stochastic,EMA_12,SMA_10,ATR_14,SMA_50,MACD,Rolling_Std_10,Rolling_Volatility,MACD_Signal,BB_Upper",Stochastic
ICICIBANK,2022-09-16,2022,0,Sideways,0,0.7634,SELL,1,0,0.5996,SELL,1,10,"Stochastic,EMA_12,SMA_10,ATR_14,SMA_50,MACD,Rolling_Std_10,Rolling_Volatility,MACD_Signal,BB_Upper",Stochastic
ICICIBANK,2022-09-19,2022,0,Sideways,0,0.6731,SELL,1,0,0.6468,SELL,1,10,"Stochastic,EMA_12,SMA_10,ATR_14,SMA_50,MACD,Rolling_Std_10,Rolling_Volatility,MACD_Signal,BB_Upper",Stochastic
ICICIBANK,2022-09-20,2022,0,Sideways,0,0.8752,SELL,1,0,0.6605,SELL,1,10,"Stochastic,EMA_12,SMA_10,ATR_14,SMA_50,MACD,Rolling_Std_10,Rolling_Volatility,MACD_Signal,BB_Upper",Stochastic
ICICIBANK,2022-09-21,2022,0,Sideways,0,0.8762,SELL,1,0,0.6636,SELL,1,10,"Stochastic,EMA_12,SMA_10,ATR_14,SMA_50,MACD,Rolling_Std_10,Rolling_Volatility,MACD_Signal,BB_Upper",Stochastic
ICICIBANK,2022-09-22,2022,1,Sideways,0,0.7954,SELL,0,0,0.6636,SELL,0,10,"Stochastic,EMA_12,SMA_10,ATR_14,SMA_50,MACD,Rolling_Std_10,Rolling_Volatility,MACD_Signal,BB_Upper",Stochastic
ICICIBANK,2022-09-23,2022,1,Sideways,0,0.7446,SELL,0,0,0.6762,SELL,0,10,"Stochastic,EMA_12,SMA_10,ATR_14,SMA_50,MACD,Rolling_Std_10,Rolling_Volatility,MACD_Signal,BB_Upper",Stochastic
ICICIBANK,2022-09-26,2022,1,Sideways,1,0.5819,BUY,1,1,0.5623,BUY,1,10,"EMA_12,MACD,ATR_14,Stochastic,SMA_10,SMA_50,SMA_20,EMA_26,Rolling_Std_10,Williams_R",EMA_12
ICICIBANK,2022-09-27,2022,1,Sideways,1,0.8179,BUY,1,1,0.6495,BUY,1,10,"EMA_12,MACD,ATR_14,Stochastic,SMA_10,SMA_50,SMA_20,EMA_26,Rolling_Std_10,Williams_R",EMA_12
ICICIBANK,2022-09-28,2022,1,Sideways,1,0.8572,BUY,1,1,0.6921,BUY,1,10,"EMA_12,MACD,ATR_14,Stochastic,SMA_10,SMA_50,SMA_20,EMA_26,Rolling_Std_10,Williams_R",EMA_12
ICICIBANK,2022-09-29,2022,1,Sideways,1,0.8482,BUY,1,1,0.7006,BUY,1,10,"EMA_12,MACD,ATR_14,Stochastic,SMA_10,SMA_50,SMA_20,EMA_26,Rolling_Std_10,Williams_R",EMA_12
ICICIBANK,2022-09-30,2022,1,Sideways,1,0.6767,BUY,1,1,0.5954,BUY,1,10,"EMA_12,MACD,ATR_14,Stochastic,SMA_10,SMA_50,SMA_20,EMA_26,Rolling_Std_10,Williams_R",EMA_12
ICICIBANK,2022-10-03,2022,1,Sideways,1,0.7448,BUY,1,1,0.7109,BUY,1,10,"EMA_12,MACD,ATR_14,Stochastic,SMA_10,SMA_50,SMA_20,EMA_26,Rolling_Std_10,Williams_R",EMA_12
ICICIBANK,2022-10-04,2022,1,Sideways,1,0.7349,BUY,1,1,0.711,BUY,1,10,"EMA_12,MACD,ATR_14,Stochastic,SMA_10,SMA_50,SMA_20,EMA_26,Rolling_Std_10,Williams_R",EMA_12
ICICIBANK,2022-10-06,2022,1,Sideways,1,0.7086,BUY,1,1,0.7117,BUY,1,10,"EMA_12,MACD,ATR_14,Stochastic,SMA_10,SMA_50,SMA_20,EMA_26,Rolling_Std_10,Williams_R",EMA_12
ICICIBANK,2022-10-07,2022,1,Sideways,1,0.7243,BUY,1,1,0.7316,BUY,1,10,"EMA_12,MACD,ATR_14,Stochastic,SMA_10,SMA_50,SMA_20,EMA_26,Rolling_Std_10,Williams_R",EMA_12
ICICIBANK,2022-10-10,2022,1,Sideways,1,0.6949,BUY,1,1,0.7361,BUY,1,10,"EMA_12,MACD,ATR_14,Stochastic,SMA_10,SMA_50,SMA_20,EMA_26,Rolling_Std_10,Williams_R",EMA_12
ICICIBANK,2022-10-11,2022,1,Sideways,1,0.7437,BUY,1,1,0.7417,BUY,1,10,"EMA_12,MACD,ATR_14,Stochastic,SMA_10,SMA_50,SMA_20,EMA_26,Rolling_Std_10,Williams_R",EMA_12
ICICIBANK,2022-10-12,2022,1,Sideways,1,0.8282,BUY,1,1,0.747,BUY,1,10,"EMA_12,MACD,ATR_14,Stochastic,SMA_10,SMA_50,SMA_20,EMA_26,Rolling_Std_10,Williams_R",EMA_12
ICICIBANK,2022-10-13,2022,1,Sideways,1,0.9063,BUY,1,1,0.7111,BUY,1,10,"EMA_12,MACD,ATR_14,Stochastic,SMA_10,SMA_50,SMA_20,EMA_26,Rolling_Std_10,Williams_R",EMA_12
ICICIBANK,2022-10-14,2022,1,Sideways,1,0.8181,BUY,1,1,0.6805,BUY,1,10,"EMA_12,MACD,ATR_14,Stochastic,SMA_10,SMA_50,SMA_20,EMA_26,Rolling_Std_10,Williams_R",EMA_12
ICICIBANK,2022-10-17,2022,1,Sideways,1,0.6375,BUY,1,1,0.6796,BUY,1,10,"EMA_12,MACD,ATR_14,Stochastic,SMA_10,SMA_50,SMA_20,EMA_26,Rolling_Std_10,Williams_R",EMA_12
ICICIBANK,2022-10-18,2022,1,Sideways,1,0.541,NO TRADE,1,1,0.6697,BUY,1,10,"EMA_12,MACD,ATR_14,Stochastic,SMA_10,SMA_50,SMA_20,EMA_26,Rolling_Std_10,Williams_R",EMA_12
ICICIBANK,2022-10-19,2022,1,Sideways,1,0.7304,BUY,1,1,0.6919,BUY,1,10,"EMA_12,MACD,ATR_14,Stochastic,SMA_10,SMA_50,SMA_20,EMA_26,Rolling_Std_10,Williams_R",EMA_12
ICICIBANK,2022-10-20,2022,1,Sideways,1,0.8192,BUY,1,1,0.7044,BUY,1,10,"EMA_12,MACD,ATR_14,Stochastic,SMA_10,SMA_50,SMA_20,EMA_26,Rolling_Std_10,Williams_R",EMA_12
ICICIBANK,2022-10-21,2022,1,Sideways,1,0.5979,BUY,1,1,0.6872,BUY,1,10,"EMA_12,MACD,ATR_14,Stochastic,SMA_10,SMA_50,SMA_20,EMA_26,Rolling_Std_10,Williams_R",EMA_12
ICICIBANK,2022-10-24,2022,1,Sideways,1,0.6502,BUY,1,1,0.5926,BUY,1,10,"EMA_12,MACD,ATR_14,Stochastic,SMA_10,SMA_50,SMA_20,EMA_26,Rolling_Std_10,Williams_R",EMA_12
ICICIBANK,2022-10-25,2022,1,Sideways,1,0.7141,BUY,1,1,0.6912,BUY,1,10,"EMA_12,MACD,ATR_14,Stochastic,SMA_10,SMA_50,SMA_20,EMA_26,Rolling_Std_10,Williams_R",EMA_12
ICICIBANK,2022-10-27,2022,1,Sideways,1,0.764,BUY,1,1,0.6855,BUY,1,10,"EMA_12,MACD,ATR_14,Stochastic,SMA_10,SMA_50,SMA_20,EMA_26,Rolling_Std_10,Williams_R",EMA_12
ICICIBANK,2022-10-28,2022,1,Sideways,1,0.809,BUY,1,1,0.6853,BUY,1,10,"EMA_12,MACD,ATR_14,Stochastic,SMA_10,SMA_50,SMA_20,EMA_26,Rolling_Std_10,Williams_R",EMA_12
ICICIBANK,2022-10-31,2022,1,Sideways,1,0.8538,BUY,1,1,0.7073,BUY,1,10,"EMA_12,MACD,ATR_14,Stochastic,SMA_10,SMA_50,SMA_20,EMA_26,Rolling_Std_10,Williams_R",EMA_12
ICICIBANK,2022-11-01,2022,1,Sideways,1,0.8848,BUY,1,1,0.7233,BUY,1,10,"EMA_12,MACD,ATR_14,Stochastic,SMA_10,SMA_50,SMA_20,EMA_26,Rolling_Std_10,Williams_R",EMA_12
ICICIBANK,2022-11-02,2022,1,Sideways,1,0.9109,BUY,1,1,0.7448,BUY,1,10,"EMA_12,MACD,ATR_14,Stochastic,SMA_10,SMA_50,SMA_20,EMA_26,Rolling_Std_10,Williams_R",EMA_12
ICICIBANK,2022-11-03,2022,1,Sideways,1,0.9028,BUY,1,1,0.806,BUY,1,10,"EMA_12,MACD,ATR_14,Stochastic,SMA_10,SMA_50,SMA_20,EMA_26,Rolling_Std_10,Williams_R",EMA_12
ICICIBANK,2022-11-04,2022,1,Sideways,1,0.8996,BUY,1,1,0.8143,BUY,1,10,"EMA_12,MACD,ATR_14,Stochastic,SMA_10,SMA_50,SMA_20,EMA_26,Rolling_Std_10,Williams_R",EMA_12
ICICIBANK,2022-11-07,2022,1,Sideways,1,0.8698,BUY,1,1,0.8176,BUY,1,10,"EMA_12,MACD,ATR_14,Stochastic,SMA_10,SMA_50,SMA_20,EMA_26,Rolling_Std_10,Williams_R",EMA_12
ICICIBANK,2022-11-09,2022,1,Sideways,1,0.9108,BUY,1,1,0.8224,BUY,1,10,"EMA_12,MACD,ATR_14,Stochastic,SMA_10,SMA_50,SMA_20,EMA_26,Rolling_Std_10,Williams_R",EMA_12
ICICIBANK,2022-11-10,2022,1,Sideways,1,0.815,BUY,1,1,0.6826,BUY,1,10,"Volume_Ratio,MACD,ATR_14,SMA_50,MFI,Volume_MA,ADX,OBV,SMA_10,Rolling_Std_10",Volume_Ratio
ICICIBANK,2022-11-11,2022,1,Sideways,1,0.716,BUY,1,1,0.7675,BUY,1,10,"Volume_Ratio,MACD,ATR_14,SMA_50,MFI,Volume_MA,ADX,OBV,SMA_10,Rolling_Std_10",Volume_Ratio
ICICIBANK,2022-11-14,2022,1,Sideways,1,0.8328,BUY,1,1,0.7738,BUY,1,10,"Volume_Ratio,MACD,ATR_14,SMA_50,MFI,Volume_MA,ADX,OBV,SMA_10,Rolling_Std_10",Volume_Ratio
ICICIBANK,2022-11-15,2022,1,Sideways,1,0.8012,BUY,1,1,0.7735,BUY,1,10,"Volume_Ratio,MACD,ATR_14,SMA_50,MFI,Volume_MA,ADX,OBV,SMA_10,Rolling_Std_10",Volume_Ratio
ICICIBANK,2022-11-16,2022,1,Sideways,1,0.8253,BUY,1,1,0.7782,BUY,1,10,"Volume_Ratio,MACD,ATR_14,SMA_50,MFI,Volume_MA,ADX,OBV,SMA_10,Rolling_Std_10",Volume_Ratio
ICICIBANK,2022-11-17,2022,0,Sideways,1,0.8472,BUY,0,1,0.7807,BUY,0,10,"Volume_Ratio,MACD,ATR_14,SMA_50,MFI,Volume_MA,ADX,OBV,SMA_10,Rolling_Std_10",Volume_Ratio
ICICIBANK,2022-11-18,2022,0,Sideways,0,0.5435,NO TRADE,1,1,0.6436,BUY,0,10,"Volume_Ratio,MACD,ATR_14,SMA_50,MFI,Volume_MA,ADX,OBV,SMA_10,Rolling_Std_10",Volume_Ratio
ICICIBANK,2022-11-21,2022,0,Sideways,0,0.6113,SELL,1,1,0.6804,BUY,0,10,"Volume_Ratio,MACD,ATR_14,SMA_50,MFI,Volume_MA,ADX,OBV,SMA_10,Rolling_Std_10",Volume_Ratio
ICICIBANK,2022-11-22,2022,0,Sideways,0,0.5168,NO TRADE,1,1,0.5801,BUY,0,10,"Volume_Ratio,MACD,ATR_14,SMA_50,MFI,Volume_MA,ADX,OBV,SMA_10,Rolling_Std_10",Volume_Ratio
ICICIBANK,2022-11-23,2022,0,Sideways,0,0.7103,SELL,1,1,0.5154,NO TRADE,0,10,"Volume_Ratio,MACD,ATR_14,SMA_50,MFI,Volume_MA,ADX,OBV,SMA_10,Rolling_Std_10",Volume_Ratio
ICICIBANK,2022-11-24,2022,0,Sideways,0,0.6675,SELL,1,1,0.6197,BUY,0,10,"Volume_Ratio,MACD,ATR_14,SMA_50,MFI,Volume_MA,ADX,OBV,SMA_10,Rolling_Std_10",Volume_Ratio
ICICIBANK,2022-11-25,2022,0,Sideways,0,0.7672,SELL,1,1,0.5896,BUY,0,10,"Volume_Ratio,MACD,ATR_14,SMA_50,MFI,Volume_MA,ADX,OBV,SMA_10,Rolling_Std_10",Volume_Ratio
ICICIBANK,2022-11-28,2022,0,Sideways,0,0.8253,SELL,1,1,0.5498,NO TRADE,0,10,"Volume_Ratio,MACD,ATR_14,SMA_50,MFI,Volume_MA,ADX,OBV,SMA_10,Rolling_Std_10",Volume_Ratio
ICICIBANK,2022-11-29,2022,0,Sideways,0,0.8347,SELL,1,1,0.5809,BUY,0,10,"Volume_Ratio,MACD,ATR_14,SMA_50,MFI,Volume_MA,ADX,OBV,SMA_10,Rolling_Std_10",Volume_Ratio
ICICIBANK,2022-11-30,2022,0,Sideways,0,0.7218,SELL,1,0,0.5644,SELL,1,10,"Volume_Ratio,MACD,ATR_14,SMA_50,MFI,Volume_MA,ADX,OBV,SMA_10,Rolling_Std_10",Volume_Ratio
ICICIBANK,2022-12-01,2022,0,Sideways,0,0.7144,SELL,1,0,0.5661,SELL,1,10,"Volume_Ratio,MACD,ATR_14,SMA_50,MFI,Volume_MA,ADX,OBV,SMA_10,Rolling_Std_10",Volume_Ratio
ICICIBANK,2022-12-02,2022,0,Sideways,0,0.806,SELL,1,0,0.5842,SELL,1,10,"Volume_Ratio,MACD,ATR_14,SMA_50,MFI,Volume_MA,ADX,OBV,SMA_10,Rolling_Std_10",Volume_Ratio
ICICIBANK,2022-12-05,2022,0,Sideways,0,0.7399,SELL,1,0,0.6191,SELL,1,10,"Volume_Ratio,MACD,ATR_14,SMA_50,MFI,Volume_MA,ADX,OBV,SMA_10,Rolling_Std_10",Volume_Ratio
ICICIBANK,2022-12-06,2022,0,Sideways,0,0.5901,SELL,1,0,0.6414,SELL,1,10,"Volume_Ratio,MACD,ATR_14,SMA_50,MFI,Volume_MA,ADX,OBV,SMA_10,Rolling_Std_10",Volume_Ratio
ICICIBANK,2022-12-07,2022,0,Sideways,0,0.621,SELL,1,0,0.6606,SELL,1,10,"Volume_Ratio,MACD,ATR_14,SMA_50,MFI,Volume_MA,ADX,OBV,SMA_10,Rolling_Std_10",Volume_Ratio
ICICIBANK,2022-12-08,2022,0,Sideways,0,0.7646,SELL,1,0,0.6797,SELL,1,10,"Volume_Ratio,MACD,ATR_14,SMA_50,MFI,Volume_MA,ADX,OBV,SMA_10,Rolling_Std_10",Volume_Ratio
ICICIBANK,2022-12-09,2022,0,Sideways,0,0.8022,SELL,1,0,0.6952,SELL,1,10,"Volume_Ratio,MACD,ATR_14,SMA_50,MFI,Volume_MA,ADX,OBV,SMA_10,Rolling_Std_10",Volume_Ratio
ICICIBANK,2022-12-12,2022,0,Sideways,0,0.8288,SELL,1,0,0.7158,SELL,1,10,"Volume_Ratio,MACD,ATR_14,SMA_50,MFI,Volume_MA,ADX,OBV,SMA_10,Rolling_Std_10",Volume_Ratio
ICICIBANK,2022-12-13,2022,0,Sideways,0,0.8457,SELL,1,0,0.7348,SELL,1,10,"Volume_Ratio,MACD,ATR_14,SMA_50,MFI,Volume_MA,ADX,OBV,SMA_10,Rolling_Std_10",Volume_Ratio
ICICIBANK,2022-12-14,2022,0,Sideways,0,0.7641,SELL,1,0,0.7332,SELL,1,10,"Volume_Ratio,MACD,ATR_14,SMA_50,MFI,Volume_MA,ADX,OBV,SMA_10,Rolling_Std_10",Volume_Ratio
ICICIBANK,2022-12-15,2022,0,Sideways,0,0.5459,NO TRADE,1,0,0.6158,SELL,1,10,"Volume_Ratio,MACD,ATR_14,SMA_50,MFI,Volume_MA,ADX,OBV,SMA_10,Rolling_Std_10",Volume_Ratio
ICICIBANK,2022-12-16,2022,0,Sideways,1,0.6101,BUY,0,0,0.7288,SELL,1,10,"Volume_Ratio,MACD,ATR_14,SMA_50,MFI,Volume_MA,ADX,OBV,SMA_10,Rolling_Std_10",Volume_Ratio
ICICIBANK,2022-12-19,2022,0,Sideways,1,0.5881,BUY,0,0,0.7406,SELL,1,10,"Volume_Ratio,MACD,ATR_14,SMA_50,MFI,Volume_MA,ADX,OBV,SMA_10,Rolling_Std_10",Volume_Ratio
ICICIBANK,2022-12-20,2022,0,Sideways,1,0.659,BUY,0,0,0.7331,SELL,1,10,"Volume_Ratio,MACD,ATR_14,SMA_50,MFI,Volume_MA,ADX,OBV,SMA_10,Rolling_Std_10",Volume_Ratio
ICICIBANK,2022-12-21,2022,0,Sideways,1,0.7846,BUY,0,0,0.68,SELL,1,10,"Volume_Ratio,MACD,ATR_14,SMA_50,MFI,Volume_MA,ADX,OBV,SMA_10,Rolling_Std_10",Volume_Ratio
ICICIBANK,2022-12-22,2022,0,Sideways,1,0.8053,BUY,0,0,0.5805,SELL,1,10,"CCI,SMA_20,BB_Width,Volume_MA,MACD,ADX,RSI_14,MACD_Signal,ATR_14,OBV",CCI
ICICIBANK,2022-12-23,2022,0,Sideways,1,0.8338,BUY,0,0,0.6525,SELL,1,10,"CCI,SMA_20,BB_Width,Volume_MA,MACD,ADX,RSI_14,MACD_Signal,ATR_14,OBV",CCI
ICICIBANK,2022-12-26,2022,0,Sideways,1,0.8006,BUY,0,0,0.6017,SELL,1,10,"CCI,SMA_20,BB_Width,Volume_MA,MACD,ADX,RSI_14,MACD_Signal,ATR_14,OBV",CCI
ICICIBANK,2022-12-27,2022,0,Sideways,1,0.7848,BUY,0,0,0.659,SELL,1,10,"CCI,SMA_20,BB_Width,Volume_MA,MACD,ADX,RSI_14,MACD_Signal,ATR_14,OBV",CCI
ICICIBANK,2022-12-28,2022,0,Sideways,1,0.7395,BUY,0,0,0.6298,SELL,1,10,"CCI,SMA_20,BB_Width,Volume_MA,MACD,ADX,RSI_14,MACD_Signal,ATR_14,OBV",CCI
ICICIBANK,2022-12-29,2022,0,Sideways,1,0.6308,BUY,0,0,0.6984,SELL,1,10,"CCI,SMA_20,BB_Width,Volume_MA,MACD,ADX,RSI_14,MACD_Signal,ATR_14,OBV",CCI
ICICIBANK,2022-12-30,2022,0,Sideways,1,0.7008,BUY,0,0,0.729,SELL,1,10,"CCI,SMA_20,BB_Width,Volume_MA,MACD,ADX,RSI_14,MACD_Signal,ATR_14,OBV",CCI
ICICIBANK,2023-01-02,2023,0,Sideways,1,0.588,BUY,0,0,0.7739,SELL,1,10,"CCI,SMA_20,BB_Width,Volume_MA,MACD,ADX,RSI_14,MACD_Signal,ATR_14,OBV",CCI
ICICIBANK,2023-01-03,2023,0,Sideways,0,0.5753,SELL,1,0,0.84,SELL,1,10,"CCI,SMA_20,BB_Width,Volume_MA,MACD,ADX,RSI_14,MACD_Signal,ATR_14,OBV",CCI
ICICIBANK,2023-01-04,2023,0,Sideways,0,0.6727,SELL,1,0,0.823,SELL,1,10,"CCI,SMA_20,BB_Width,Volume_MA,MACD,ADX,RSI_14,MACD_Signal,ATR_14,OBV",CCI
ICICIBANK,2023-01-05,2023,0,Sideways,1,0.5298,NO TRADE,0,0,0.7545,SELL,1,10,"CCI,SMA_20,BB_Width,Volume_MA,MACD,ADX,RSI_14,MACD_Signal,ATR_14,OBV",CCI
ICICIBANK,2023-01-06,2023,0,Sideways,1,0.7511,BUY,0,0,0.7807,SELL,1,10,"CCI,SMA_20,BB_Width,Volume_MA,MACD,ADX,RSI_14,MACD_Signal,ATR_14,OBV",CCI
ICICIBANK,2023-01-09,2023,0,Sideways,1,0.6974,BUY,0,0,0.756,SELL,1,10,"CCI,SMA_20,BB_Width,Volume_MA,MACD,ADX,RSI_14,MACD_Signal,ATR_14,OBV",CCI
ICICIBANK,2023-01-10,2023,0,Sideways,1,0.7497,BUY,0,0,0.7897,SELL,1,10,"CCI,SMA_20,BB_Width,Volume_MA,MACD,ADX,RSI_14,MACD_Signal,ATR_14,OBV",CCI
ICICIBANK,2023-01-11,2023,0,Sideways,1,0.7592,BUY,0,0,0.8207,SELL,1,10,"CCI,SMA_20,BB_Width,Volume_MA,MACD,ADX,RSI_14,MACD_Signal,ATR_14,OBV",CCI
ICICIBANK,2023-01-12,2023,0,Sideways,1,0.7826,BUY,0,0,0.8789,SELL,1,10,"CCI,SMA_20,BB_Width,Volume_MA,MACD,ADX,RSI_14,MACD_Signal,ATR_14,OBV",CCI
ICICIBANK,2023-01-13,2023,0,Sideways,1,0.693,BUY,0,0,0.8986,SELL,1,10,"CCI,SMA_20,BB_Width,Volume_MA,MACD,ADX,RSI_14,MACD_Signal,ATR_14,OBV",CCI
ICICIBANK,2023-01-16,2023,1,Sideways,1,0.7393,BUY,1,0,0.9049,SELL,0,10,"CCI,SMA_20,BB_Width,Volume_MA,MACD,ADX,RSI_14,MACD_Signal,ATR_14,OBV",CCI
ICICIBANK,2023-01-17,2023,1,Sideways,1,0.7542,BUY,1,0,0.8881,SELL,0,10,"CCI,SMA_20,BB_Width,Volume_MA,MACD,ADX,RSI_14,MACD_Signal,ATR_14,OBV",CCI
ICICIBANK,2023-01-18,2023,0,Sideways,1,0.8514,BUY,0,0,0.828,SELL,1,10,"CCI,SMA_20,BB_Width,Volume_MA,MACD,ADX,RSI_14,MACD_Signal,ATR_14,OBV",CCI
ICICIBANK,2023-01-19,2023,0,Sideways,1,0.7594,BUY,0,0,0.9212,SELL,1,10,"CCI,SMA_20,BB_Width,Volume_MA,MACD,ADX,RSI_14,MACD_Signal,ATR_14,OBV",CCI
ICICIBANK,2023-01-20,2023,0,Sideways,1,0.5176,NO TRADE,0,0,0.9222,SELL,1,10,"CCI,SMA_20,BB_Width,Volume_MA,MACD,ADX,RSI_14,MACD_Signal,ATR_14,OBV",CCI
ICICIBANK,2023-01-23,2023,0,Sideways,0,0.6202,SELL,1,0,0.924,SELL,1,10,"CCI,SMA_20,BB_Width,Volume_MA,MACD,ADX,RSI_14,MACD_Signal,ATR_14,OBV",CCI
ICICIBANK,2023-01-24,2023,0,Sideways,0,0.7844,SELL,1,0,0.8302,SELL,1,10,"CCI,SMA_20,BB_Width,Volume_MA,MACD,ADX,RSI_14,MACD_Signal,ATR_14,OBV",CCI
ICICIBANK,2023-01-25,2023,0,Sideways,0,0.8026,SELL,1,0,0.7742,SELL,1,10,"CCI,SMA_20,BB_Width,Volume_MA,MACD,ADX,RSI_14,MACD_Signal,ATR_14,OBV",CCI
ICICIBANK,2023-01-27,2023,1,Sideways,0,0.5149,NO TRADE,0,0,0.8742,SELL,0,10,"CCI,SMA_20,BB_Width,Volume_MA,MACD,ADX,RSI_14,MACD_Signal,ATR_14,OBV",CCI
ICICIBANK,2023-01-30,2023,1,Sideways,1,0.8407,BUY,1,1,0.5153,NO TRADE,1,10,"CCI,SMA_20,BB_Width,Volume_MA,MACD,ADX,RSI_14,MACD_Signal,ATR_14,OBV",CCI
ICICIBANK,2023-01-31,2023,1,Sideways,1,0.8986,BUY,1,1,0.864,BUY,1,10,"CCI,SMA_20,BB_Width,Volume_MA,MACD,ADX,RSI_14,MACD_Signal,ATR_14,OBV",CCI
ICICIBANK,2023-02-01,2023,1,Sideways,1,0.8065,BUY,1,1,0.7435,BUY,1,10,"CCI,SMA_20,BB_Width,Volume_MA,MACD,ADX,RSI_14,MACD_Signal,ATR_14,OBV",CCI
ICICIBANK,2023-02-02,2023,0,Sideways,1,0.8679,BUY,0,1,0.6525,BUY,0,10,"CCI,SMA_20,BB_Width,Volume_MA,MACD,ADX,RSI_14,MACD_Signal,ATR_14,OBV",CCI
ICICIBANK,2023-02-03,2023,1,Sideways,1,0.8051,BUY,1,1,0.7034,BUY,1,10,"EMA_26,BB_Width,Volume_MA,MACD_Hist,CCI,MACD,Stochastic,ATR_14,OBV,SMA_20",EMA_26
ICICIBANK,2023-02-06,2023,1,Sideways,1,0.8415,BUY,1,1,0.8239,BUY,1,10,"EMA_26,BB_Width,Volume_MA,MACD_Hist,CCI,MACD,Stochastic,ATR_14,OBV,SMA_20",EMA_26
ICICIBANK,2023-02-07,2023,1,Sideways,1,0.8074,BUY,1,1,0.7191,BUY,1,10,"EMA_26,BB_Width,Volume_MA,MACD_Hist,CCI,MACD,Stochastic,ATR_14,OBV,SMA_20",EMA_26
ICICIBANK,2023-02-08,2023,0,Sideways,1,0.7959,BUY,0,1,0.7325,BUY,0,10,"EMA_26,BB_Width,Volume_MA,MACD_Hist,CCI,MACD,Stochastic,ATR_14,OBV,SMA_20",EMA_26
ICICIBANK,2023-02-09,2023,0,Sideways,1,0.7463,BUY,0,1,0.6973,BUY,0,10,"EMA_26,BB_Width,Volume_MA,MACD_Hist,CCI,MACD,Stochastic,ATR_14,OBV,SMA_20",EMA_26
ICICIBANK,2023-02-10,2023,0,Sideways,1,0.7452,BUY,0,1,0.506,NO TRADE,0,10,"EMA_26,BB_Width,Volume_MA,MACD_Hist,CCI,MACD,Stochastic,ATR_14,OBV,SMA_20",EMA_26
ICICIBANK,2023-02-13,2023,0,Sideways,1,0.6755,BUY,0,0,0.5708,SELL,1,10,"EMA_26,BB_Width,Volume_MA,MACD_Hist,CCI,MACD,Stochastic,ATR_14,OBV,SMA_20",EMA_26
ICICIBANK,2023-02-14,2023,0,Sideways,1,0.6318,BUY,0,0,0.6961,SELL,1,10,"EMA_26,BB_Width,Volume_MA,MACD_Hist,CCI,MACD,Stochastic,ATR_14,OBV,SMA_20",EMA_26
ICICIBANK,2023-02-15,2023,0,Sideways,0,0.51,NO TRADE,1,0,0.5538,SELL,1,10,"EMA_26,BB_Width,Volume_MA,MACD_Hist,CCI,MACD,Stochastic,ATR_14,OBV,SMA_20",EMA_26
ICICIBANK,2023-02-16,2023,0,Sideways,0,0.6154,SELL,1,0,0.5947,SELL,1,10,"EMA_26,BB_Width,Volume_MA,MACD_Hist,CCI,MACD,Stochastic,ATR_14,OBV,SMA_20",EMA_26
ICICIBANK,2023-02-17,2023,0,Sideways,0,0.679,SELL,1,0,0.821,SELL,1,10,"EMA_26,BB_Width,Volume_MA,MACD_Hist,CCI,MACD,Stochastic,ATR_14,OBV,SMA_20",EMA_26
ICICIBANK,2023-02-20,2023,1,Sideways,0,0.7744,SELL,0,0,0.8577,SELL,0,10,"EMA_26,BB_Width,Volume_MA,MACD_Hist,CCI,MACD,Stochastic,ATR_14,OBV,SMA_20",EMA_26
ICICIBANK,2023-02-21,2023,1,Sideways,0,0.5457,NO TRADE,0,0,0.512,NO TRADE,0,10,"EMA_26,BB_Width,Volume_MA,MACD_Hist,CCI,MACD,Stochastic,ATR_14,OBV,SMA_20",EMA_26
ICICIBANK,2023-02-22,2023,1,Sideways,0,0.7004,SELL,0,1,0.6466,BUY,1,10,"EMA_26,BB_Width,Volume_MA,MACD_Hist,CCI,MACD,Stochastic,ATR_14,OBV,SMA_20",EMA_26
ICICIBANK,2023-02-23,2023,1,Sideways,1,0.6992,BUY,1,1,0.6638,BUY,1,10,"EMA_26,BB_Width,Volume_MA,MACD_Hist,CCI,MACD,Stochastic,ATR_14,OBV,SMA_20",EMA_26
ICICIBANK,2023-02-24,2023,1,Sideways,1,0.6854,BUY,1,1,0.7038,BUY,1,10,"EMA_26,BB_Width,Volume_MA,MACD_Hist,CCI,MACD,Stochastic,ATR_14,OBV,SMA_20",EMA_26
ICICIBANK,2023-02-27,2023,0,Sideways,1,0.6669,BUY,0,1,0.7243,BUY,0,10,"EMA_26,BB_Width,Volume_MA,MACD_Hist,CCI,MACD,Stochastic,ATR_14,OBV,SMA_20",EMA_26
ICICIBANK,2023-02-28,2023,0,Sideways,1,0.5281,NO TRADE,0,0,0.6615,SELL,1,10,"EMA_26,BB_Width,Volume_MA,MACD_Hist,CCI,MACD,Stochastic,ATR_14,OBV,SMA_20",EMA_26
ICICIBANK,2023-03-01,2023,1,Sideways,0,0.7111,SELL,0,0,0.8029,SELL,0,10,"EMA_26,BB_Width,Volume_MA,MACD_Hist,CCI,MACD,Stochastic,ATR_14,OBV,SMA_20",EMA_26
ICICIBANK,2023-03-02,2023,1,Sideways,1,0.6874,BUY,1,0,0.5766,SELL,0,10,"EMA_26,BB_Width,Volume_MA,MACD_Hist,CCI,MACD,Stochastic,ATR_14,OBV,SMA_20",EMA_26
ICICIBANK,2023-03-03,2023,1,Sideways,1,0.5723,BUY,1,0,0.5442,NO TRADE,0,10,"EMA_26,BB_Width,Volume_MA,MACD_Hist,CCI,MACD,Stochastic,ATR_14,OBV,SMA_20",EMA_26
ICICIBANK,2023-03-06,2023,1,Sideways,0,0.5842,SELL,0,1,0.6232,BUY,1,10,"EMA_26,BB_Width,Volume_MA,MACD_Hist,CCI,MACD,Stochastic,ATR_14,OBV,SMA_20",EMA_26
ICICIBANK,2023-03-08,2023,0,Sideways,1,0.6939,BUY,0,1,0.634,BUY,0,10,"EMA_26,BB_Width,Volume_MA,MACD_Hist,CCI,MACD,Stochastic,ATR_14,OBV,SMA_20",EMA_26
ICICIBANK,2023-03-09,2023,1,Sideways,1,0.6689,BUY,1,1,0.5117,NO TRADE,1,10,"EMA_26,BB_Width,Volume_MA,MACD_Hist,CCI,MACD,Stochastic,ATR_14,OBV,SMA_20",EMA_26
ICICIBANK,2023-03-10,2023,1,Sideways,1,0.8264,BUY,1,1,0.6541,BUY,1,10,"EMA_26,BB_Width,Volume_MA,MACD_Hist,CCI,MACD,Stochastic,ATR_14,OBV,SMA_20",EMA_26
ICICIBANK,2023-03-13,2023,1,Sideways,1,0.9405,BUY,1,1,0.7649,BUY,1,10,"EMA_26,BB_Width,Volume_MA,MACD_Hist,CCI,MACD,Stochastic,ATR_14,OBV,SMA_20",EMA_26
ICICIBANK,2023-03-14,2023,1,Sideways,1,0.9295,BUY,1,1,0.7992,BUY,1,10,"EMA_26,BB_Width,Volume_MA,MACD_Hist,CCI,MACD,Stochastic,ATR_14,OBV,SMA_20",EMA_26
ICICIBANK,2023-03-15,2023,1,Sideways,1,0.9285,BUY,1,1,0.8412,BUY,1,10,"EMA_26,BB_Width,Volume_MA,MACD_Hist,CCI,MACD,Stochastic,ATR_14,OBV,SMA_20",EMA_26
ICICIBANK,2023-03-16,2023,1,Sideways,1,0.9404,BUY,1,1,0.8609,BUY,1,10,"EMA_26,BB_Width,Volume_MA,MACD_Hist,CCI,MACD,Stochastic,ATR_14,OBV,SMA_20",EMA_26
ICICIBANK,2023-03-17,2023,1,Sideways,1,0.9076,BUY,1,1,0.8669,BUY,1,10,"EMA_26,BB_Width,Volume_MA,MACD_Hist,CCI,MACD,Stochastic,ATR_14,OBV,SMA_20",EMA_26
ICICIBANK,2023-03-20,2023,1,Sideways,1,0.9168,BUY,1,1,0.7542,BUY,1,10,"SMA_50,RSI_14,Stochastic,OBV,EMA_26,Volume_MA,CCI,BB_Upper,BB_Width,ATR_14",SMA_50
ICICIBANK,2023-03-21,2023,1,Sideways,1,0.9232,BUY,1,1,0.7558,BUY,1,10,"SMA_50,RSI_14,Stochastic,OBV,EMA_26,Volume_MA,CCI,BB_Upper,BB_Width,ATR_14",SMA_50
ICICIBANK,2023-03-22,2023,1,Sideways,1,0.9106,BUY,1,1,0.7416,BUY,1,10,"SMA_50,RSI_14,Stochastic,OBV,EMA_26,Volume_MA,CCI,BB_Upper,BB_Width,ATR_14",SMA_50
ICICIBANK,2023-03-23,2023,1,Sideways,1,0.8842,BUY,1,1,0.7839,BUY,1,10,"SMA_50,RSI_14,Stochastic,OBV,EMA_26,Volume_MA,CCI,BB_Upper,BB_Width,ATR_14",SMA_50
ICICIBANK,2023-03-24,2023,1,Sideways,1,0.8702,BUY,1,1,0.7898,BUY,1,10,"SMA_50,RSI_14,Stochastic,OBV,EMA_26,Volume_MA,CCI,BB_Upper,BB_Width,ATR_14",SMA_50
ICICIBANK,2023-03-27,2023,1,Sideways,1,0.8825,BUY,1,1,0.8045,BUY,1,10,"SMA_50,RSI_14,Stochastic,OBV,EMA_26,Volume_MA,CCI,BB_Upper,BB_Width,ATR_14",SMA_50
ICICIBANK,2023-03-28,2023,1,Sideways,1,0.8914,BUY,1,1,0.8137,BUY,1,10,"SMA_50,RSI_14,Stochastic,OBV,EMA_26,Volume_MA,CCI,BB_Upper,BB_Width,ATR_14",SMA_50
ICICIBANK,2023-03-29,2023,1,Sideways,1,0.8867,BUY,1,1,0.813,BUY,1,10,"SMA_50,RSI_14,Stochastic,OBV,EMA_26,Volume_MA,CCI,BB_Upper,BB_Width,ATR_14",SMA_50
ICICIBANK,2023-03-31,2023,1,Sideways,1,0.9435,BUY,1,1,0.8262,BUY,1,10,"SMA_50,RSI_14,Stochastic,OBV,EMA_26,Volume_MA,CCI,BB_Upper,BB_Width,ATR_14",SMA_50
ICICIBANK,2023-04-03,2023,1,Sideways,1,0.9386,BUY,1,1,0.8055,BUY,1,10,"SMA_50,RSI_14,Stochastic,OBV,EMA_26,Volume_MA,CCI,BB_Upper,BB_Width,ATR_14",SMA_50
ICICIBANK,2023-04-05,2023,1,Sideways,1,0.9269,BUY,1,1,0.7407,BUY,1,10,"SMA_50,RSI_14,Stochastic,OBV,EMA_26,Volume_MA,CCI,BB_Upper,BB_Width,ATR_14",SMA_50
ICICIBANK,2023-04-06,2023,1,Sideways,1,0.9371,BUY,1,1,0.7877,BUY,1,10,"SMA_50,RSI_14,Stochastic,OBV,EMA_26,Volume_MA,CCI,BB_Upper,BB_Width,ATR_14",SMA_50
ICICIBANK,2023-04-10,2023,1,Sideways,1,0.9517,BUY,1,1,0.7721,BUY,1,10,"SMA_50,RSI_14,Stochastic,OBV,EMA_26,Volume_MA,CCI,BB_Upper,BB_Width,ATR_14",SMA_50
ICICIBANK,2023-04-11,2023,1,Sideways,1,0.9438,BUY,1,1,0.8149,BUY,1,10,"SMA_50,RSI_14,Stochastic,OBV,EMA_26,Volume_MA,CCI,BB_Upper,BB_Width,ATR_14",SMA_50
ICICIBANK,2023-04-12,2023,1,Sideways,1,0.9193,BUY,1,1,0.7655,BUY,1,10,"SMA_50,RSI_14,Stochastic,OBV,EMA_26,Volume_MA,CCI,BB_Upper,BB_Width,ATR_14",SMA_50
ICICIBANK,2023-04-13,2023,1,Sideways,1,0.8557,BUY,1,1,0.8381,BUY,1,10,"SMA_50,RSI_14,Stochastic,OBV,EMA_26,Volume_MA,CCI,BB_Upper,BB_Width,ATR_14",SMA_50
ICICIBANK,2023-04-17,2023,1,Sideways,1,0.9372,BUY,1,1,0.8831,BUY,1,10,"SMA_50,RSI_14,Stochastic,OBV,EMA_26,Volume_MA,CCI,BB_Upper,BB_Width,ATR_14",SMA_50
ICICIBANK,2023-04-18,2023,1,Sideways,1,0.9297,BUY,1,1,0.9074,BUY,1,10,"SMA_50,RSI_14,Stochastic,OBV,EMA_26,Volume_MA,CCI,BB_Upper,BB_Width,ATR_14",SMA_50
ICICIBANK,2023-04-19,2023,1,Sideways,1,0.8929,BUY,1,1,0.8137,BUY,1,10,"SMA_50,RSI_14,Stochastic,OBV,EMA_26,Volume_MA,CCI,BB_Upper,BB_Width,ATR_14",SMA_50
ICICIBANK,2023-04-20,2023,1,Sideways,1,0.8935,BUY,1,1,0.837,BUY,1,10,"SMA_50,RSI_14,Stochastic,OBV,EMA_26,Volume_MA,CCI,BB_Upper,BB_Width,ATR_14",SMA_50
ICICIBANK,2023-04-21,2023,1,Sideways,1,0.8926,BUY,1,1,0.7049,BUY,1,10,"SMA_50,RSI_14,Stochastic,OBV,EMA_26,Volume_MA,CCI,BB_Upper,BB_Width,ATR_14",SMA_50
ICICIBANK,2023-04-24,2023,1,Sideways,1,0.8831,BUY,1,1,0.8561,BUY,1,10,"SMA_50,RSI_14,Stochastic,OBV,EMA_26,Volume_MA,CCI,BB_Upper,BB_Width,ATR_14",SMA_50
ICICIBANK,2023-04-25,2023,1,Sideways,1,0.91,BUY,1,1,0.8426,BUY,1,10,"SMA_50,RSI_14,Stochastic,OBV,EMA_26,Volume_MA,CCI,BB_Upper,BB_Width,ATR_14",SMA_50
ICICIBANK,2023-04-26,2023,1,Sideways,1,0.8856,BUY,1,1,0.8709,BUY,1,10,"SMA_50,RSI_14,Stochastic,OBV,EMA_26,Volume_MA,CCI,BB_Upper,BB_Width,ATR_14",SMA_50
ICICIBANK,2023-04-27,2023,1,Sideways,1,0.9306,BUY,1,1,0.8695,BUY,1,10,"SMA_50,RSI_14,Stochastic,OBV,EMA_26,Volume_MA,CCI,BB_Upper,BB_Width,ATR_14",SMA_50
ICICIBANK,2023-04-28,2023,1,Sideways,1,0.9291,BUY,1,1,0.864,BUY,1,10,"SMA_50,RSI_14,Stochastic,OBV,EMA_26,Volume_MA,CCI,BB_Upper,BB_Width,ATR_14",SMA_50
ICICIBANK,2023-05-02,2023,1,Sideways,1,0.9309,BUY,1,1,0.8681,BUY,1,10,"SMA_50,RSI_14,Stochastic,OBV,EMA_26,Volume_MA,CCI,BB_Upper,BB_Width,ATR_14",SMA_50
ICICIBANK,2023-05-03,2023,1,Sideways,1,0.9313,BUY,1,1,0.8685,BUY,1,10,"SMA_50,RSI_14,Stochastic,OBV,EMA_26,Volume_MA,CCI,BB_Upper,BB_Width,ATR_14",SMA_50
ICICIBANK,2023-05-04,2023,1,Sideways,1,0.9284,BUY,1,1,0.8728,BUY,1,10,"SMA_50,RSI_14,Stochastic,OBV,EMA_26,Volume_MA,CCI,BB_Upper,BB_Width,ATR_14",SMA_50
ICICIBANK,2023-05-05,2023,1,Sideways,1,0.939,BUY,1,1,0.9033,BUY,1,10,"SMA_50,RSI_14,Stochastic,OBV,EMA_26,Volume_MA,CCI,BB_Upper,BB_Width,ATR_14",SMA_50
ICICIBANK,2023-05-08,2023,1,Sideways,1,0.9555,BUY,1,1,0.5454,NO TRADE,1,10,"SMA_50,MACD,OBV,Rolling_Volatility,Volume_MA,MACD_Hist,ATR_14,BB_Upper,Rolling_Std_10,SMA_20",SMA_50
ICICIBANK,2023-05-09,2023,1,Sideways,1,0.9231,BUY,1,1,0.6416,BUY,1,10,"SMA_50,MACD,OBV,Rolling_Volatility,Volume_MA,MACD_Hist,ATR_14,BB_Upper,Rolling_Std_10,SMA_20",SMA_50
ICICIBANK,2023-05-10,2023,1,Sideways,1,0.9174,BUY,1,1,0.6744,BUY,1,10,"SMA_50,MACD,OBV,Rolling_Volatility,Volume_MA,MACD_Hist,ATR_14,BB_Upper,Rolling_Std_10,SMA_20",SMA_50
ICICIBANK,2023-05-11,2023,0,Sideways,1,0.918,BUY,0,1,0.7298,BUY,0,10,"SMA_50,MACD,OBV,Rolling_Volatility,Volume_MA,MACD_Hist,ATR_14,BB_Upper,Rolling_Std_10,SMA_20",SMA_50
ICICIBANK,2023-05-12,2023,0,Sideways,1,0.8961,BUY,0,1,0.6343,BUY,0,10,"SMA_50,MACD,OBV,Rolling_Volatility,Volume_MA,MACD_Hist,ATR_14,BB_Upper,Rolling_Std_10,SMA_20",SMA_50
ICICIBANK,2023-05-15,2023,0,Sideways,1,0.5759,BUY,0,1,0.6822,BUY,0,10,"SMA_50,MACD,OBV,Rolling_Volatility,Volume_MA,MACD_Hist,ATR_14,BB_Upper,Rolling_Std_10,SMA_20",SMA_50
ICICIBANK,2023-05-16,2023,0,Sideways,1,0.5279,NO TRADE,0,0,0.5325,NO TRADE,1,10,"SMA_50,MACD,OBV,Rolling_Volatility,Volume_MA,MACD_Hist,ATR_14,BB_Upper,Rolling_Std_10,SMA_20",SMA_50
ICICIBANK,2023-05-17,2023,1,Sideways,0,0.5029,NO TRADE,0,0,0.5005,NO TRADE,0,10,"SMA_50,MACD,OBV,Rolling_Volatility,Volume_MA,MACD_Hist,ATR_14,BB_Upper,Rolling_Std_10,SMA_20",SMA_50
ICICIBANK,2023-05-18,2023,0,Sideways,0,0.5109,NO TRADE,1,1,0.5622,BUY,0,10,"SMA_50,MACD,OBV,Rolling_Volatility,Volume_MA,MACD_Hist,ATR_14,BB_Upper,Rolling_Std_10,SMA_20",SMA_50
ICICIBANK,2023-05-19,2023,0,Sideways,0,0.5642,SELL,1,0,0.551,SELL,1,10,"SMA_50,MACD,OBV,Rolling_Volatility,Volume_MA,MACD_Hist,ATR_14,BB_Upper,Rolling_Std_10,SMA_20",SMA_50
ICICIBANK,2023-05-22,2023,0,Sideways,0,0.7471,SELL,1,0,0.549,NO TRADE,1,10,"SMA_50,MACD,OBV,Rolling_Volatility,Volume_MA,MACD_Hist,ATR_14,BB_Upper,Rolling_Std_10,SMA_20",SMA_50
ICICIBANK,2023-05-23,2023,0,Sideways,0,0.8962,SELL,1,0,0.5311,NO TRADE,1,10,"SMA_50,MACD,OBV,Rolling_Volatility,Volume_MA,MACD_Hist,ATR_14,BB_Upper,Rolling_Std_10,SMA_20",SMA_50
ICICIBANK,2023-05-24,2023,0,Sideways,0,0.9793,SELL,1,0,0.6519,SELL,1,10,"SMA_50,MACD,OBV,Rolling_Volatility,Volume_MA,MACD_Hist,ATR_14,BB_Upper,Rolling_Std_10,SMA_20",SMA_50
ICICIBANK,2023-05-25,2023,0,Sideways,0,0.9955,SELL,1,0,0.732,SELL,1,10,"SMA_50,MACD,OBV,Rolling_Volatility,Volume_MA,MACD_Hist,ATR_14,BB_Upper,Rolling_Std_10,SMA_20",SMA_50
ICICIBANK,2023-05-26,2023,0,Sideways,0,0.9992,SELL,1,0,0.6904,SELL,1,10,"SMA_50,MACD,OBV,Rolling_Volatility,Volume_MA,MACD_Hist,ATR_14,BB_Upper,Rolling_Std_10,SMA_20",SMA_50
ICICIBANK,2023-05-29,2023,0,Sideways,0,0.9996,SELL,1,0,0.6752,SELL,1,10,"SMA_50,MACD,OBV,Rolling_Volatility,Volume_MA,MACD_Hist,ATR_14,BB_Upper,Rolling_Std_10,SMA_20",SMA_50
ICICIBANK,2023-05-30,2023,0,Sideways,0,1.0,SELL,1,0,0.6894,SELL,1,10,"SMA_50,MACD,OBV,Rolling_Volatility,Volume_MA,MACD_Hist,ATR_14,BB_Upper,Rolling_Std_10,SMA_20",SMA_50
ICICIBANK,2023-05-31,2023,0,Sideways,0,1.0,SELL,1,0,0.672,SELL,1,10,"SMA_50,MACD,OBV,Rolling_Volatility,Volume_MA,MACD_Hist,ATR_14,BB_Upper,Rolling_Std_10,SMA_20",SMA_50
ICICIBANK,2023-06-01,2023,0,Sideways,0,0.8914,SELL,1,0,0.5409,NO TRADE,1,10,"SMA_50,MACD,OBV,Rolling_Volatility,Volume_MA,MACD_Hist,ATR_14,BB_Upper,Rolling_Std_10,SMA_20",SMA_50
ICICIBANK,2023-06-02,2023,1,Sideways,0,1.0,SELL,0,0,0.726,SELL,0,10,"SMA_50,MACD,OBV,Rolling_Volatility,Volume_MA,MACD_Hist,ATR_14,BB_Upper,Rolling_Std_10,SMA_20",SMA_50
ICICIBANK,2023-06-05,2023,0,Sideways,0,0.9115,SELL,1,0,0.7052,SELL,1,10,"SMA_50,MACD,OBV,Rolling_Volatility,Volume_MA,MACD_Hist,ATR_14,BB_Upper,Rolling_Std_10,SMA_20",SMA_50
ICICIBANK,2023-06-06,2023,1,Sideways,0,0.9582,SELL,0,0,0.7159,SELL,0,10,"SMA_50,MACD,OBV,Rolling_Volatility,Volume_MA,MACD_Hist,ATR_14,BB_Upper,Rolling_Std_10,SMA_20",SMA_50
ICICIBANK,2023-06-07,2023,1,Sideways,0,0.9565,SELL,0,0,0.6221,SELL,0,10,"SMA_50,MACD,OBV,Rolling_Volatility,Volume_MA,MACD_Hist,ATR_14,BB_Upper,Rolling_Std_10,SMA_20",SMA_50
ICICIBANK,2023-06-08,2023,1,Sideways,0,0.9551,SELL,0,1,0.5338,NO TRADE,1,10,"SMA_50,MACD,OBV,Rolling_Volatility,Volume_MA,MACD_Hist,ATR_14,BB_Upper,Rolling_Std_10,SMA_20",SMA_50
ICICIBANK,2023-06-09,2023,1,Sideways,0,0.909,SELL,0,1,0.5451,NO TRADE,1,10,"SMA_50,MACD,OBV,Rolling_Volatility,Volume_MA,MACD_Hist,ATR_14,BB_Upper,Rolling_Std_10,SMA_20",SMA_50
ICICIBANK,2023-06-12,2023,1,Sideways,0,0.8885,SELL,0,1,0.5819,BUY,1,10,"SMA_50,MACD,OBV,Rolling_Volatility,Volume_MA,MACD_Hist,ATR_14,BB_Upper,Rolling_Std_10,SMA_20",SMA_50
ICICIBANK,2023-06-13,2023,1,Sideways,0,0.8902,SELL,0,1,0.6191,BUY,1,10,"SMA_50,MACD,OBV,Rolling_Volatility,Volume_MA,MACD_Hist,ATR_14,BB_Upper,Rolling_Std_10,SMA_20",SMA_50
ICICIBANK,2023-06-14,2023,1,Sideways,0,0.8546,SELL,0,1,0.6411,BUY,1,10,"SMA_50,MACD,OBV,Rolling_Volatility,Volume_MA,MACD_Hist,ATR_14,BB_Upper,Rolling_Std_10,SMA_20",SMA_50
ICICIBANK,2023-06-15,2023,1,Sideways,1,0.5168,NO TRADE,1,1,0.6913,BUY,1,10,"SMA_50,MACD,OBV,Rolling_Volatility,Volume_MA,MACD_Hist,ATR_14,BB_Upper,Rolling_Std_10,SMA_20",SMA_50
ICICIBANK,2023-06-16,2023,1,Sideways,0,0.7346,SELL,0,1,0.7023,BUY,1,10,"SMA_50,MACD,OBV,Rolling_Volatility,Volume_MA,MACD_Hist,ATR_14,BB_Upper,Rolling_Std_10,SMA_20",SMA_50
ICICIBANK,2023-06-19,2023,1,Sideways,1,0.7264,BUY,1,1,0.701,BUY,1,10,"BB_Upper,EMA_26,SMA_50,OBV,BB_Width,ATR_14,SMA_20,MACD_Hist,CCI,MACD",BB_Upper
ICICIBANK,2023-06-20,2023,1,Sideways,1,0.7788,BUY,1,1,0.7232,BUY,1,10,"BB_Upper,EMA_26,SMA_50,OBV,BB_Width,ATR_14,SMA_20,MACD_Hist,CCI,MACD",BB_Upper
ICICIBANK,2023-06-21,2023,1,Sideways,1,0.7816,BUY,1,1,0.7397,BUY,1,10,"BB_Upper,EMA_26,SMA_50,OBV,BB_Width,ATR_14,SMA_20,MACD_Hist,CCI,MACD",BB_Upper
ICICIBANK,2023-06-22,2023,1,Sideways,1,0.7789,BUY,1,1,0.7406,BUY,1,10,"BB_Upper,EMA_26,SMA_50,OBV,BB_Width,ATR_14,SMA_20,MACD_Hist,CCI,MACD",BB_Upper
ICICIBANK,2023-06-23,2023,1,Sideways,1,0.7955,BUY,1,1,0.7607,BUY,1,10,"BB_Upper,EMA_26,SMA_50,OBV,BB_Width,ATR_14,SMA_20,MACD_Hist,CCI,MACD",BB_Upper
ICICIBANK,2023-06-26,2023,1,Sideways,1,0.5006,NO TRADE,1,1,0.7691,BUY,1,10,"BB_Upper,EMA_26,SMA_50,OBV,BB_Width,ATR_14,SMA_20,MACD_Hist,CCI,MACD",BB_Upper
ICICIBANK,2023-06-27,2023,1,Sideways,0,0.5105,NO TRADE,0,1,0.7778,BUY,1,10,"BB_Upper,EMA_26,SMA_50,OBV,BB_Width,ATR_14,SMA_20,MACD_Hist,CCI,MACD",BB_Upper
ICICIBANK,2023-06-28,2023,1,Sideways,1,0.5075,NO TRADE,1,1,0.779,BUY,1,10,"BB_Upper,EMA_26,SMA_50,OBV,BB_Width,ATR_14,SMA_20,MACD_Hist,CCI,MACD",BB_Upper
ICICIBANK,2023-06-30,2023,1,Sideways,0,0.6037,SELL,0,1,0.7976,BUY,1,10,"BB_Upper,EMA_26,SMA_50,OBV,BB_Width,ATR_14,SMA_20,MACD_Hist,CCI,MACD",BB_Upper
ICICIBANK,2023-07-03,2023,1,Sideways,0,0.6961,SELL,0,1,0.7988,BUY,1,10,"BB_Upper,EMA_26,SMA_50,OBV,BB_Width,ATR_14,SMA_20,MACD_Hist,CCI,MACD",BB_Upper
ICICIBANK,2023-07-04,2023,1,Sideways,0,0.6198,SELL,0,1,0.8024,BUY,1,10,"BB_Upper,EMA_26,SMA_50,OBV,BB_Width,ATR_14,SMA_20,MACD_Hist,CCI,MACD",BB_Upper
ICICIBANK,2023-07-05,2023,1,Sideways,1,0.528,NO TRADE,1,1,0.7879,BUY,1,10,"BB_Upper,EMA_26,SMA_50,OBV,BB_Width,ATR_14,SMA_20,MACD_Hist,CCI,MACD",BB_Upper
ICICIBANK,2023-07-06,2023,1,Sideways,0,0.5594,SELL,0,1,0.7707,BUY,1,10,"BB_Upper,EMA_26,SMA_50,OBV,BB_Width,ATR_14,SMA_20,MACD_Hist,CCI,MACD",BB_Upper
ICICIBANK,2023-07-07,2023,1,Sideways,0,0.5102,NO TRADE,0,1,0.7863,BUY,1,10,"BB_Upper,EMA_26,SMA_50,OBV,BB_Width,ATR_14,SMA_20,MACD_Hist,CCI,MACD",BB_Upper
ICICIBANK,2023-07-10,2023,1,Sideways,0,0.5488,NO TRADE,0,1,0.7866,BUY,1,10,"BB_Upper,EMA_26,SMA_50,OBV,BB_Width,ATR_14,SMA_20,MACD_Hist,CCI,MACD",BB_Upper
ICICIBANK,2023-07-11,2023,1,Sideways,0,0.5099,NO TRADE,0,1,0.8089,BUY,1,10,"BB_Upper,EMA_26,SMA_50,OBV,BB_Width,ATR_14,SMA_20,MACD_Hist,CCI,MACD",BB_Upper
ICICIBANK,2023-07-12,2023,1,Sideways,1,0.7324,BUY,1,1,0.8319,BUY,1,10,"BB_Upper,EMA_26,SMA_50,OBV,BB_Width,ATR_14,SMA_20,MACD_Hist,CCI,MACD",BB_Upper
ICICIBANK,2023-07-13,2023,1,Sideways,1,0.6924,BUY,1,1,0.8242,BUY,1,10,"BB_Upper,EMA_26,SMA_50,OBV,BB_Width,ATR_14,SMA_20,MACD_Hist,CCI,MACD",BB_Upper
ICICIBANK,2023-07-14,2023,1,Sideways,1,0.6155,BUY,1,1,0.8185,BUY,1,10,"BB_Upper,EMA_26,SMA_50,OBV,BB_Width,ATR_14,SMA_20,MACD_Hist,CCI,MACD",BB_Upper
ICICIBANK,2023-07-17,2023,0,Sideways,1,0.6233,BUY,0,1,0.7712,BUY,0,10,"BB_Upper,EMA_26,SMA_50,OBV,BB_Width,ATR_14,SMA_20,MACD_Hist,CCI,MACD",BB_Upper
ICICIBANK,2023-07-18,2023,0,Sideways,1,0.7464,BUY,0,1,0.5201,NO TRADE,0,10,"BB_Upper,EMA_26,SMA_50,OBV,BB_Width,ATR_14,SMA_20,MACD_Hist,CCI,MACD",BB_Upper
ICICIBANK,2023-07-19,2023,0,Sideways,1,0.606,BUY,0,1,0.5036,NO TRADE,0,10,"BB_Upper,EMA_26,SMA_50,OBV,BB_Width,ATR_14,SMA_20,MACD_Hist,CCI,MACD",BB_Upper
ICICIBANK,2023-07-20,2023,0,Sideways,1,0.7464,BUY,0,0,0.5441,NO TRADE,1,10,"BB_Upper,EMA_26,SMA_50,OBV,BB_Width,ATR_14,SMA_20,MACD_Hist,CCI,MACD",BB_Upper
ICICIBANK,2023-07-21,2023,0,Sideways,1,0.5935,BUY,0,0,0.5599,SELL,1,10,"BB_Upper,EMA_26,SMA_50,OBV,BB_Width,ATR_14,SMA_20,MACD_Hist,CCI,MACD",BB_Upper
ICICIBANK,2023-07-24,2023,0,Sideways,0,0.5669,SELL,1,0,0.7066,SELL,1,10,"BB_Upper,EMA_26,SMA_50,OBV,BB_Width,ATR_14,SMA_20,MACD_Hist,CCI,MACD",BB_Upper
ICICIBANK,2023-07-25,2023,0,Sideways,0,0.5429,NO TRADE,1,0,0.7456,SELL,1,10,"BB_Upper,EMA_26,SMA_50,OBV,BB_Width,ATR_14,SMA_20,MACD_Hist,CCI,MACD",BB_Upper
ICICIBANK,2023-07-26,2023,0,Sideways,0,0.5243,NO TRADE,1,0,0.7711,SELL,1,10,"BB_Upper,EMA_26,SMA_50,OBV,BB_Width,ATR_14,SMA_20,MACD_Hist,CCI,MACD",BB_Upper
ICICIBANK,2023-07-27,2023,0,Sideways,0,0.6347,SELL,1,0,0.7862,SELL,1,10,"BB_Upper,EMA_26,SMA_50,OBV,BB_Width,ATR_14,SMA_20,MACD_Hist,CCI,MACD",BB_Upper
ICICIBANK,2023-07-28,2023,0,Sideways,0,0.7108,SELL,1,0,0.8039,SELL,1,10,"BB_Upper,EMA_26,SMA_50,OBV,BB_Width,ATR_14,SMA_20,MACD_Hist,CCI,MACD",BB_Upper
ICICIBANK,2023-07-31,2023,0,Sideways,0,0.7831,SELL,1,0,0.8153,SELL,1,10,"BB_Upper,EMA_26,SMA_50,OBV,BB_Width,ATR_14,SMA_20,MACD_Hist,CCI,MACD",BB_Upper
ICICIBANK,2023-08-01,2023,0,Sideways,0,0.8017,SELL,1,0,0.7587,SELL,1,10,"BB_Upper,ATR_14,Volume_MA,EMA_26,MACD_Hist,SMA_20,Volume_Ratio,SMA_50,BB_Width,Rolling_Median_Return",BB_Upper
ICICIBANK,2023-08-02,2023,0,Sideways,0,0.7869,SELL,1,0,0.7693,SELL,1,10,"BB_Upper,ATR_14,Volume_MA,EMA_26,MACD_Hist,SMA_20,Volume_Ratio,SMA_50,BB_Width,Rolling_Median_Return",BB_Upper
ICICIBANK,2023-08-03,2023,1,Sideways,1,0.883,BUY,1,0,0.664,SELL,0,10,"BB_Upper,ATR_14,Volume_MA,EMA_26,MACD_Hist,SMA_20,Volume_Ratio,SMA_50,BB_Width,Rolling_Median_Return",BB_Upper
ICICIBANK,2023-08-04,2023,1,Sideways,1,0.8331,BUY,1,0,0.6242,SELL,0,10,"BB_Upper,ATR_14,Volume_MA,EMA_26,MACD_Hist,SMA_20,Volume_Ratio,SMA_50,BB_Width,Rolling_Median_Return",BB_Upper
ICICIBANK,2023-08-07,2023,1,Sideways,1,0.6146,BUY,1,0,0.5854,SELL,0,10,"BB_Upper,ATR_14,Volume_MA,EMA_26,MACD_Hist,SMA_20,Volume_Ratio,SMA_50,BB_Width,Rolling_Median_Return",BB_Upper
ICICIBANK,2023-08-08,2023,0,Sideways,0,0.5081,NO TRADE,1,0,0.5229,NO TRADE,1,10,"BB_Upper,ATR_14,Volume_MA,EMA_26,MACD_Hist,SMA_20,Volume_Ratio,SMA_50,BB_Width,Rolling_Median_Return",BB_Upper
ICICIBANK,2023-08-09,2023,0,Sideways,0,0.6183,SELL,1,0,0.5402,NO TRADE,1,10,"BB_Upper,ATR_14,Volume_MA,EMA_26,MACD_Hist,SMA_20,Volume_Ratio,SMA_50,BB_Width,Rolling_Median_Return",BB_Upper
ICICIBANK,2023-08-10,2023,1,Sideways,1,0.7302,BUY,1,0,0.5313,NO TRADE,0,10,"BB_Upper,ATR_14,Volume_MA,EMA_26,MACD_Hist,SMA_20,Volume_Ratio,SMA_50,BB_Width,Rolling_Median_Return",BB_Upper
ICICIBANK,2023-08-11,2023,1,Sideways,1,0.9425,BUY,1,1,0.5271,NO TRADE,1,10,"BB_Upper,ATR_14,Volume_MA,EMA_26,MACD_Hist,SMA_20,Volume_Ratio,SMA_50,BB_Width,Rolling_Median_Return",BB_Upper
ICICIBANK,2023-08-14,2023,1,Sideways,1,0.9171,BUY,1,1,0.5633,BUY,1,10,"BB_Upper,ATR_14,Volume_MA,EMA_26,MACD_Hist,SMA_20,Volume_Ratio,SMA_50,BB_Width,Rolling_Median_Return",BB_Upper
ICICIBANK,2023-08-16,2023,1,Sideways,1,0.9358,BUY,1,1,0.5827,BUY,1,10,"BB_Upper,ATR_14,Volume_MA,EMA_26,MACD_Hist,SMA_20,Volume_Ratio,SMA_50,BB_Width,Rolling_Median_Return",BB_Upper
ICICIBANK,2023-08-17,2023,1,Sideways,1,0.9586,BUY,1,1,0.6177,BUY,1,10,"BB_Upper,ATR_14,Volume_MA,EMA_26,MACD_Hist,SMA_20,Volume_Ratio,SMA_50,BB_Width,Rolling_Median_Return",BB_Upper
ICICIBANK,2023-08-18,2023,1,Sideways,1,0.8592,BUY,1,1,0.641,BUY,1,10,"BB_Upper,ATR_14,Volume_MA,EMA_26,MACD_Hist,SMA_20,Volume_Ratio,SMA_50,BB_Width,Rolling_Median_Return",BB_Upper
ICICIBANK,2023-08-21,2023,1,Sideways,1,0.8214,BUY,1,1,0.6844,BUY,1,10,"BB_Upper,ATR_14,Volume_MA,EMA_26,MACD_Hist,SMA_20,Volume_Ratio,SMA_50,BB_Width,Rolling_Median_Return",BB_Upper
ICICIBANK,2023-08-22,2023,1,Sideways,1,0.9414,BUY,1,1,0.7327,BUY,1,10,"BB_Upper,ATR_14,Volume_MA,EMA_26,MACD_Hist,SMA_20,Volume_Ratio,SMA_50,BB_Width,Rolling_Median_Return",BB_Upper
ICICIBANK,2023-08-23,2023,0,Sideways,1,0.8609,BUY,0,1,0.7303,BUY,0,10,"BB_Upper,ATR_14,Volume_MA,EMA_26,MACD_Hist,SMA_20,Volume_Ratio,SMA_50,BB_Width,Rolling_Median_Return",BB_Upper
ICICIBANK,2023-08-24,2023,0,Sideways,1,0.7265,BUY,0,1,0.7106,BUY,0,10,"BB_Upper,ATR_14,Volume_MA,EMA_26,MACD_Hist,SMA_20,Volume_Ratio,SMA_50,BB_Width,Rolling_Median_Return",BB_Upper
ICICIBANK,2023-08-25,2023,0,Sideways,0,0.5609,SELL,1,1,0.6856,BUY,0,10,"BB_Upper,ATR_14,Volume_MA,EMA_26,MACD_Hist,SMA_20,Volume_Ratio,SMA_50,BB_Width,Rolling_Median_Return",BB_Upper
ICICIBANK,2023-08-28,2023,0,Sideways,0,0.6105,SELL,1,1,0.7025,BUY,0,10,"BB_Upper,ATR_14,Volume_MA,EMA_26,MACD_Hist,SMA_20,Volume_Ratio,SMA_50,BB_Width,Rolling_Median_Return",BB_Upper
ICICIBANK,2023-08-29,2023,0,Sideways,0,0.5586,SELL,1,1,0.7123,BUY,0,10,"BB_Upper,ATR_14,Volume_MA,EMA_26,MACD_Hist,SMA_20,Volume_Ratio,SMA_50,BB_Width,Rolling_Median_Return",BB_Upper
ICICIBANK,2023-08-30,2023,0,Sideways,1,0.7776,BUY,0,1,0.6623,BUY,0,10,"BB_Upper,ATR_14,Volume_MA,EMA_26,MACD_Hist,SMA_20,Volume_Ratio,SMA_50,BB_Width,Rolling_Median_Return",BB_Upper
ICICIBANK,2023-08-31,2023,0,Sideways,1,0.732,BUY,0,1,0.6713,BUY,0,10,"BB_Upper,ATR_14,Volume_MA,EMA_26,MACD_Hist,SMA_20,Volume_Ratio,SMA_50,BB_Width,Rolling_Median_Return",BB_Upper
ICICIBANK,2023-09-01,2023,0,Sideways,0,0.6399,SELL,1,1,0.6009,BUY,0,10,"BB_Upper,ATR_14,Volume_MA,EMA_26,MACD_Hist,SMA_20,Volume_Ratio,SMA_50,BB_Width,Rolling_Median_Return",BB_Upper
ICICIBANK,2023-09-04,2023,0,Sideways,0,0.6468,SELL,1,1,0.5919,BUY,0,10,"BB_Upper,ATR_14,Volume_MA,EMA_26,MACD_Hist,SMA_20,Volume_Ratio,SMA_50,BB_Width,Rolling_Median_Return",BB_Upper
ICICIBANK,2023-09-05,2023,0,Sideways,0,0.6976,SELL,1,1,0.6132,BUY,0,10,"BB_Upper,ATR_14,Volume_MA,EMA_26,MACD_Hist,SMA_20,Volume_Ratio,SMA_50,BB_Width,Rolling_Median_Return",BB_Upper
ICICIBANK,2023-09-06,2023,0,Sideways,1,0.6946,BUY,0,1,0.5536,BUY,0,10,"BB_Upper,ATR_14,Volume_MA,EMA_26,MACD_Hist,SMA_20,Volume_Ratio,SMA_50,BB_Width,Rolling_Median_Return",BB_Upper
ICICIBANK,2023-09-07,2023,0,Sideways,0,0.695,SELL,1,1,0.5323,NO TRADE,0,10,"BB_Upper,ATR_14,Volume_MA,EMA_26,MACD_Hist,SMA_20,Volume_Ratio,SMA_50,BB_Width,Rolling_Median_Return",BB_Upper
ICICIBANK,2023-09-08,2023,0,Sideways,0,0.8278,SELL,1,1,0.5092,NO TRADE,0,10,"BB_Upper,ATR_14,Volume_MA,EMA_26,MACD_Hist,SMA_20,Volume_Ratio,SMA_50,BB_Width,Rolling_Median_Return",BB_Upper
ICICIBANK,2023-09-11,2023,0,Sideways,0,0.8684,SELL,1,0,0.5126,NO TRADE,1,10,"BB_Upper,ATR_14,Volume_MA,EMA_26,MACD_Hist,SMA_20,Volume_Ratio,SMA_50,BB_Width,Rolling_Median_Return",BB_Upper
ICICIBANK,2023-09-12,2023,0,Sideways,0,0.8342,SELL,1,0,0.5357,NO TRADE,1,10,"BB_Upper,ATR_14,Volume_MA,EMA_26,MACD_Hist,SMA_20,Volume_Ratio,SMA_50,BB_Width,Rolling_Median_Return",BB_Upper
ICICIBANK,2023-09-13,2023,0,Sideways,0,0.7934,SELL,1,1,0.5026,NO TRADE,0,10,"EMA_26,BB_Upper,ATR_14,SMA_20,Rolling_Median_Return,SMA_50,MACD_Hist,MACD,Volume_MA,SMA_10",EMA_26
ICICIBANK,2023-09-14,2023,0,Sideways,0,0.7553,SELL,1,0,0.5177,NO TRADE,1,10,"EMA_26,BB_Upper,ATR_14,SMA_20,Rolling_Median_Return,SMA_50,MACD_Hist,MACD,Volume_MA,SMA_10",EMA_26
ICICIBANK,2023-09-15,2023,0,Sideways,0,0.8237,SELL,1,0,0.5418,NO TRADE,1,10,"EMA_26,BB_Upper,ATR_14,SMA_20,Rolling_Median_Return,SMA_50,MACD_Hist,MACD,Volume_MA,SMA_10",EMA_26
ICICIBANK,2023-09-18,2023,0,Sideways,0,0.8107,SELL,1,0,0.5406,NO TRADE,1,10,"EMA_26,BB_Upper,ATR_14,SMA_20,Rolling_Median_Return,SMA_50,MACD_Hist,MACD,Volume_MA,SMA_10",EMA_26
ICICIBANK,2023-09-20,2023,0,Sideways,0,0.7772,SELL,1,0,0.5605,SELL,1,10,"EMA_26,BB_Upper,ATR_14,SMA_20,Rolling_Median_Return,SMA_50,MACD_Hist,MACD,Volume_MA,SMA_10",EMA_26
ICICIBANK,2023-09-21,2023,0,Sideways,1,0.8184,BUY,0,0,0.5516,SELL,1,10,"EMA_26,BB_Upper,ATR_14,SMA_20,Rolling_Median_Return,SMA_50,MACD_Hist,MACD,Volume_MA,SMA_10",EMA_26
ICICIBANK,2023-09-22,2023,0,Sideways,1,0.8241,BUY,0,0,0.5372,NO TRADE,1,10,"EMA_26,BB_Upper,ATR_14,SMA_20,Rolling_Median_Return,SMA_50,MACD_Hist,MACD,Volume_MA,SMA_10",EMA_26
ICICIBANK,2023-09-25,2023,0,Sideways,1,0.7908,BUY,0,0,0.5335,NO TRADE,1,10,"EMA_26,BB_Upper,ATR_14,SMA_20,Rolling_Median_Return,SMA_50,MACD_Hist,MACD,Volume_MA,SMA_10",EMA_26
ICICIBANK,2023-09-26,2023,0,Sideways,1,0.8359,BUY,0,0,0.5325,NO TRADE,1,10,"EMA_26,BB_Upper,ATR_14,SMA_20,Rolling_Median_Return,SMA_50,MACD_Hist,MACD,Volume_MA,SMA_10",EMA_26
ICICIBANK,2023-09-27,2023,0,Sideways,1,0.8529,BUY,0,0,0.5338,NO TRADE,1,10,"EMA_26,BB_Upper,ATR_14,SMA_20,Rolling_Median_Return,SMA_50,MACD_Hist,MACD,Volume_MA,SMA_10",EMA_26
ICICIBANK,2023-09-28,2023,0,Sideways,1,0.8576,BUY,0,0,0.5457,NO TRADE,1,10,"EMA_26,BB_Upper,ATR_14,SMA_20,Rolling_Median_Return,SMA_50,MACD_Hist,MACD,Volume_MA,SMA_10",EMA_26
ICICIBANK,2023-09-29,2023,0,Sideways,1,0.8092,BUY,0,0,0.57,SELL,1,10,"EMA_26,BB_Upper,ATR_14,SMA_20,Rolling_Median_Return,SMA_50,MACD_Hist,MACD,Volume_MA,SMA_10",EMA_26
ICICIBANK,2023-10-03,2023,0,Sideways,1,0.8551,BUY,0,0,0.5888,SELL,1,10,"EMA_26,BB_Upper,ATR_14,SMA_20,Rolling_Median_Return,SMA_50,MACD_Hist,MACD,Volume_MA,SMA_10",EMA_26
ICICIBANK,2023-10-04,2023,0,Sideways,1,0.8658,BUY,0,0,0.5918,SELL,1,10,"EMA_26,BB_Upper,ATR_14,SMA_20,Rolling_Median_Return,SMA_50,MACD_Hist,MACD,Volume_MA,SMA_10",EMA_26
ICICIBANK,2023-10-05,2023,0,Sideways,1,0.8475,BUY,0,0,0.5939,SELL,1,10,"EMA_26,BB_Upper,ATR_14,SMA_20,Rolling_Median_Return,SMA_50,MACD_Hist,MACD,Volume_MA,SMA_10",EMA_26
ICICIBANK,2023-10-06,2023,1,Sideways,1,0.7129,BUY,1,0,0.6008,SELL,0,10,"EMA_26,BB_Upper,ATR_14,SMA_20,Rolling_Median_Return,SMA_50,MACD_Hist,MACD,Volume_MA,SMA_10",EMA_26
ICICIBANK,2023-10-09,2023,1,Sideways,1,0.8422,BUY,1,0,0.6083,SELL,0,10,"EMA_26,BB_Upper,ATR_14,SMA_20,Rolling_Median_Return,SMA_50,MACD_Hist,MACD,Volume_MA,SMA_10",EMA_26
ICICIBANK,2023-10-10,2023,0,Sideways,1,0.6662,BUY,0,0,0.5001,NO TRADE,1,10,"EMA_26,BB_Upper,ATR_14,SMA_20,Rolling_Median_Return,SMA_50,MACD_Hist,MACD,Volume_MA,SMA_10",EMA_26
ICICIBANK,2023-10-11,2023,0,Sideways,1,0.5341,NO TRADE,0,0,0.5473,NO TRADE,1,10,"EMA_26,BB_Upper,ATR_14,SMA_20,Rolling_Median_Return,SMA_50,MACD_Hist,MACD,Volume_MA,SMA_10",EMA_26
ICICIBANK,2023-10-12,2023,0,Sideways,1,0.5033,NO TRADE,0,0,0.6441,SELL,1,10,"EMA_26,BB_Upper,ATR_14,SMA_20,Rolling_Median_Return,SMA_50,MACD_Hist,MACD,Volume_MA,SMA_10",EMA_26
ICICIBANK,2023-10-13,2023,0,Sideways,1,0.5037,NO TRADE,0,0,0.5481,NO TRADE,1,10,"EMA_26,BB_Upper,ATR_14,SMA_20,Rolling_Median_Return,SMA_50,MACD_Hist,MACD,Volume_MA,SMA_10",EMA_26
ICICIBANK,2023-10-16,2023,0,Sideways,1,0.5012,NO TRADE,0,0,0.6903,SELL,1,10,"EMA_26,BB_Upper,ATR_14,SMA_20,Rolling_Median_Return,SMA_50,MACD_Hist,MACD,Volume_MA,SMA_10",EMA_26
ICICIBANK,2023-10-17,2023,0,Sideways,0,0.5204,NO TRADE,1,0,0.7211,SELL,1,10,"EMA_26,BB_Upper,ATR_14,SMA_20,Rolling_Median_Return,SMA_50,MACD_Hist,MACD,Volume_MA,SMA_10",EMA_26
ICICIBANK,2023-10-18,2023,0,Sideways,1,0.508,NO TRADE,0,0,0.6993,SELL,1,10,"EMA_26,BB_Upper,ATR_14,SMA_20,Rolling_Median_Return,SMA_50,MACD_Hist,MACD,Volume_MA,SMA_10",EMA_26
ICICIBANK,2023-10-19,2023,0,Sideways,1,0.5387,NO TRADE,0,0,0.6539,SELL,1,10,"EMA_26,BB_Upper,ATR_14,SMA_20,Rolling_Median_Return,SMA_50,MACD_Hist,MACD,Volume_MA,SMA_10",EMA_26
ICICIBANK,2023-10-20,2023,0,Sideways,1,0.5533,BUY,0,0,0.7388,SELL,1,10,"EMA_26,BB_Upper,ATR_14,SMA_20,Rolling_Median_Return,SMA_50,MACD_Hist,MACD,Volume_MA,SMA_10",EMA_26
ICICIBANK,2023-10-23,2023,0,Sideways,1,0.5876,BUY,0,0,0.7812,SELL,1,10,"EMA_26,BB_Upper,ATR_14,SMA_20,Rolling_Median_Return,SMA_50,MACD_Hist,MACD,Volume_MA,SMA_10",EMA_26
ICICIBANK,2023-10-25,2023,1,Sideways,1,0.6507,BUY,1,0,0.7374,SELL,0,10,"EMA_26,BB_Upper,ATR_14,SMA_20,Rolling_Median_Return,SMA_50,MACD_Hist,MACD,Volume_MA,SMA_10",EMA_26
ICICIBANK,2023-10-26,2023,1,Sideways,1,0.9208,BUY,1,0,0.7959,SELL,0,10,"EMA_26,BB_Upper,ATR_14,SMA_20,Rolling_Median_Return,SMA_50,MACD_Hist,MACD,Volume_MA,SMA_10",EMA_26
ICICIBANK,2023-10-27,2023,1,Sideways,1,0.9388,BUY,1,0,0.6081,SELL,0,10,"EMA_26,BB_Upper,ATR_14,SMA_20,Rolling_Median_Return,SMA_50,MACD_Hist,MACD,Volume_MA,SMA_10",EMA_26
ICICIBANK,2023-10-30,2023,1,Sideways,1,0.8206,BUY,1,1,0.5427,NO TRADE,1,10,"EMA_26,ATR_14,MFI,SMA_50,MACD_Hist,RSI_14,CCI,Volume_MA,BB_Width,SMA_20",EMA_26
ICICIBANK,2023-10-31,2023,1,Sideways,1,0.9639,BUY,1,1,0.6823,BUY,1,10,"EMA_26,ATR_14,MFI,SMA_50,MACD_Hist,RSI_14,CCI,Volume_MA,BB_Width,SMA_20",EMA_26
ICICIBANK,2023-11-01,2023,1,Sideways,1,0.9591,BUY,1,1,0.7552,BUY,1,10,"EMA_26,ATR_14,MFI,SMA_50,MACD_Hist,RSI_14,CCI,Volume_MA,BB_Width,SMA_20",EMA_26
ICICIBANK,2023-11-02,2023,1,Sideways,1,0.9342,BUY,1,1,0.8077,BUY,1,10,"EMA_26,ATR_14,MFI,SMA_50,MACD_Hist,RSI_14,CCI,Volume_MA,BB_Width,SMA_20",EMA_26
ICICIBANK,2023-11-03,2023,1,Sideways,1,0.9044,BUY,1,1,0.6495,BUY,1,10,"EMA_26,ATR_14,MFI,SMA_50,MACD_Hist,RSI_14,CCI,Volume_MA,BB_Width,SMA_20",EMA_26
ICICIBANK,2023-11-06,2023,1,Sideways,1,0.8676,BUY,1,1,0.8839,BUY,1,10,"EMA_26,ATR_14,MFI,SMA_50,MACD_Hist,RSI_14,CCI,Volume_MA,BB_Width,SMA_20",EMA_26
ICICIBANK,2023-11-07,2023,1,Sideways,1,0.84,BUY,1,1,0.8314,BUY,1,10,"EMA_26,ATR_14,MFI,SMA_50,MACD_Hist,RSI_14,CCI,Volume_MA,BB_Width,SMA_20",EMA_26
ICICIBANK,2023-11-08,2023,1,Sideways,1,0.9562,BUY,1,1,0.8495,BUY,1,10,"EMA_26,ATR_14,MFI,SMA_50,MACD_Hist,RSI_14,CCI,Volume_MA,BB_Width,SMA_20",EMA_26
ICICIBANK,2023-11-09,2023,1,Sideways,1,0.903,BUY,1,1,0.8755,BUY,1,10,"EMA_26,ATR_14,MFI,SMA_50,MACD_Hist,RSI_14,CCI,Volume_MA,BB_Width,SMA_20",EMA_26
ICICIBANK,2023-11-10,2023,1,Sideways,1,0.9041,BUY,1,1,0.8965,BUY,1,10,"EMA_26,ATR_14,MFI,SMA_50,MACD_Hist,RSI_14,CCI,Volume_MA,BB_Width,SMA_20",EMA_26
ICICIBANK,2023-11-13,2023,1,Sideways,1,0.8583,BUY,1,1,0.8,BUY,1,10,"EMA_26,ATR_14,MFI,SMA_50,MACD_Hist,RSI_14,CCI,Volume_MA,BB_Width,SMA_20",EMA_26
ICICIBANK,2023-11-15,2023,1,Sideways,1,0.9273,BUY,1,1,0.9153,BUY,1,10,"EMA_26,ATR_14,MFI,SMA_50,MACD_Hist,RSI_14,CCI,Volume_MA,BB_Width,SMA_20",EMA_26
ICICIBANK,2023-11-16,2023,1,Sideways,1,0.9082,BUY,1,1,0.8047,BUY,1,10,"EMA_26,ATR_14,MFI,SMA_50,MACD_Hist,RSI_14,CCI,Volume_MA,BB_Width,SMA_20",EMA_26
ICICIBANK,2023-11-17,2023,1,Sideways,1,0.8495,BUY,1,1,0.8424,BUY,1,10,"EMA_26,ATR_14,MFI,SMA_50,MACD_Hist,RSI_14,CCI,Volume_MA,BB_Width,SMA_20",EMA_26
ICICIBANK,2023-11-20,2023,1,Sideways,1,0.9577,BUY,1,1,0.842,BUY,1,10,"EMA_26,ATR_14,MFI,SMA_50,MACD_Hist,RSI_14,CCI,Volume_MA,BB_Width,SMA_20",EMA_26
ICICIBANK,2023-11-21,2023,1,Sideways,1,0.9573,BUY,1,1,0.8563,BUY,1,10,"EMA_26,ATR_14,MFI,SMA_50,MACD_Hist,RSI_14,CCI,Volume_MA,BB_Width,SMA_20",EMA_26
ICICIBANK,2023-11-22,2023,1,Sideways,1,0.958,BUY,1,1,0.8751,BUY,1,10,"EMA_26,ATR_14,MFI,SMA_50,MACD_Hist,RSI_14,CCI,Volume_MA,BB_Width,SMA_20",EMA_26
ICICIBANK,2023-11-23,2023,1,Sideways,1,0.9573,BUY,1,1,0.8734,BUY,1,10,"EMA_26,ATR_14,MFI,SMA_50,MACD_Hist,RSI_14,CCI,Volume_MA,BB_Width,SMA_20",EMA_26
ICICIBANK,2023-11-24,2023,1,Sideways,1,0.9565,BUY,1,1,0.9113,BUY,1,10,"EMA_26,ATR_14,MFI,SMA_50,MACD_Hist,RSI_14,CCI,Volume_MA,BB_Width,SMA_20",EMA_26
ICICIBANK,2023-11-28,2023,1,Sideways,1,0.9581,BUY,1,1,0.911,BUY,1,10,"EMA_26,ATR_14,MFI,SMA_50,MACD_Hist,RSI_14,CCI,Volume_MA,BB_Width,SMA_20",EMA_26
ICICIBANK,2023-11-29,2023,1,Sideways,1,0.9546,BUY,1,1,0.9683,BUY,1,10,"EMA_26,ATR_14,MFI,SMA_50,MACD_Hist,RSI_14,CCI,Volume_MA,BB_Width,SMA_20",EMA_26
ICICIBANK,2023-11-30,2023,1,Sideways,1,0.9571,BUY,1,1,0.9609,BUY,1,10,"EMA_26,ATR_14,MFI,SMA_50,MACD_Hist,RSI_14,CCI,Volume_MA,BB_Width,SMA_20",EMA_26
ICICIBANK,2023-12-01,2023,1,Sideways,1,0.9536,BUY,1,1,0.8837,BUY,1,10,"EMA_26,ATR_14,MFI,SMA_50,MACD_Hist,RSI_14,CCI,Volume_MA,BB_Width,SMA_20",EMA_26
ICICIBANK,2023-12-04,2023,0,Sideways,1,0.8878,BUY,0,1,0.8895,BUY,0,10,"EMA_26,ATR_14,MFI,SMA_50,MACD_Hist,RSI_14,CCI,Volume_MA,BB_Width,SMA_20",EMA_26
ICICIBANK,2023-12-05,2023,0,Sideways,1,0.5728,BUY,0,0,0.5105,NO TRADE,1,10,"EMA_26,ATR_14,MFI,SMA_50,MACD_Hist,RSI_14,CCI,Volume_MA,BB_Width,SMA_20",EMA_26
ICICIBANK,2023-12-06,2023,0,Sideways,1,0.6785,BUY,0,0,0.5432,NO TRADE,1,10,"EMA_26,ATR_14,MFI,SMA_50,MACD_Hist,RSI_14,CCI,Volume_MA,BB_Width,SMA_20",EMA_26
ICICIBANK,2023-12-07,2023,0,Sideways,0,0.6373,SELL,1,0,0.582,SELL,1,10,"EMA_26,ATR_14,MFI,SMA_50,MACD_Hist,RSI_14,CCI,Volume_MA,BB_Width,SMA_20",EMA_26
ICICIBANK,2023-12-08,2023,0,Sideways,0,0.7666,SELL,1,0,0.6753,SELL,1,10,"EMA_26,ATR_14,MFI,SMA_50,MACD_Hist,RSI_14,CCI,Volume_MA,BB_Width,SMA_20",EMA_26
ICICIBANK,2023-12-11,2023,0,Sideways,0,0.8228,SELL,1,0,0.6817,SELL,1,10,"EMA_26,ATR_14,MFI,SMA_50,MACD_Hist,RSI_14,CCI,Volume_MA,BB_Width,SMA_20",EMA_26
ICICIBANK,2023-12-12,2023,0,Sideways,0,0.7252,SELL,1,0,0.705,SELL,1,10,"EMA_26,ATR_14,MFI,SMA_50,MACD_Hist,RSI_14,CCI,Volume_MA,BB_Width,SMA_20",EMA_26
ICICIBANK,2023-12-13,2023,0,Sideways,0,0.7746,SELL,1,0,0.6486,SELL,1,10,"MFI,SMA_50,MACD_Hist,SMA_20,OBV,ATR_14,SMA_10,EMA_12,Rolling_Volatility,EMA_26",MFI
ICICIBANK,2023-12-14,2023,0,Sideways,0,0.7492,SELL,1,0,0.8134,SELL,1,10,"MFI,SMA_50,MACD_Hist,SMA_20,OBV,ATR_14,SMA_10,EMA_12,Rolling_Volatility,EMA_26",MFI
ICICIBANK,2023-12-15,2023,0,Sideways,0,0.7102,SELL,1,0,0.8221,SELL,1,10,"MFI,SMA_50,MACD_Hist,SMA_20,OBV,ATR_14,SMA_10,EMA_12,Rolling_Volatility,EMA_26",MFI
ICICIBANK,2023-12-18,2023,0,Sideways,0,0.7656,SELL,1,0,0.8325,SELL,1,10,"MFI,SMA_50,MACD_Hist,SMA_20,OBV,ATR_14,SMA_10,EMA_12,Rolling_Volatility,EMA_26",MFI
ICICIBANK,2023-12-19,2023,0,Sideways,0,0.8162,SELL,1,0,0.8439,SELL,1,10,"MFI,SMA_50,MACD_Hist,SMA_20,OBV,ATR_14,SMA_10,EMA_12,Rolling_Volatility,EMA_26",MFI
ICICIBANK,2023-12-20,2023,0,Sideways,0,0.8212,SELL,1,0,0.8541,SELL,1,10,"MFI,SMA_50,MACD_Hist,SMA_20,OBV,ATR_14,SMA_10,EMA_12,Rolling_Volatility,EMA_26",MFI
ICICIBANK,2023-12-21,2023,0,Sideways,0,0.8223,SELL,1,0,0.8587,SELL,1,10,"MFI,SMA_50,MACD_Hist,SMA_20,OBV,ATR_14,SMA_10,EMA_12,Rolling_Volatility,EMA_26",MFI
ICICIBANK,2023-12-22,2023,1,Sideways,0,0.7899,SELL,0,0,0.8646,SELL,0,10,"MFI,SMA_50,MACD_Hist,SMA_20,OBV,ATR_14,SMA_10,EMA_12,Rolling_Volatility,EMA_26",MFI
ICICIBANK,2023-12-26,2023,1,Sideways,1,0.5205,NO TRADE,1,0,0.8519,SELL,0,10,"MFI,SMA_50,MACD_Hist,SMA_20,OBV,ATR_14,SMA_10,EMA_12,Rolling_Volatility,EMA_26",MFI
ICICIBANK,2023-12-27,2023,1,Sideways,0,0.5685,SELL,0,0,0.8076,SELL,0,10,"MFI,SMA_50,MACD_Hist,SMA_20,OBV,ATR_14,SMA_10,EMA_12,Rolling_Volatility,EMA_26",MFI
ICICIBANK,2023-12-28,2023,1,Sideways,0,0.5496,NO TRADE,0,0,0.8029,SELL,0,10,"MFI,SMA_50,MACD_Hist,SMA_20,OBV,ATR_14,SMA_10,EMA_12,Rolling_Volatility,EMA_26",MFI
ICICIBANK,2023-12-29,2023,1,Sideways,1,0.6853,BUY,1,0,0.5832,SELL,0,10,"MFI,SMA_50,MACD_Hist,SMA_20,OBV,ATR_14,SMA_10,EMA_12,Rolling_Volatility,EMA_26",MFI
ICICIBANK,2024-01-01,2024,1,Sideways,1,0.7794,BUY,1,1,0.5105,NO TRADE,1,10,"MFI,SMA_50,MACD_Hist,SMA_20,OBV,ATR_14,SMA_10,EMA_12,Rolling_Volatility,EMA_26",MFI
ICICIBANK,2024-01-02,2024,1,Sideways,1,0.7582,BUY,1,1,0.5837,BUY,1,10,"MFI,SMA_50,MACD_Hist,SMA_20,OBV,ATR_14,SMA_10,EMA_12,Rolling_Volatility,EMA_26",MFI
ICICIBANK,2024-01-03,2024,1,Sideways,1,0.9772,BUY,1,1,0.6014,BUY,1,10,"MFI,SMA_50,MACD_Hist,SMA_20,OBV,ATR_14,SMA_10,EMA_12,Rolling_Volatility,EMA_26",MFI
ICICIBANK,2024-01-04,2024,1,Sideways,1,0.9775,BUY,1,1,0.6382,BUY,1,10,"MFI,SMA_50,MACD_Hist,SMA_20,OBV,ATR_14,SMA_10,EMA_12,Rolling_Volatility,EMA_26",MFI
ICICIBANK,2024-01-05,2024,1,Sideways,1,0.913,BUY,1,1,0.6327,BUY,1,10,"MFI,SMA_50,MACD_Hist,SMA_20,OBV,ATR_14,SMA_10,EMA_12,Rolling_Volatility,EMA_26",MFI
ICICIBANK,2024-01-08,2024,1,Sideways,1,0.9151,BUY,1,1,0.6507,BUY,1,10,"MFI,SMA_50,MACD_Hist,SMA_20,OBV,ATR_14,SMA_10,EMA_12,Rolling_Volatility,EMA_26",MFI
ICICIBANK,2024-01-09,2024,1,Sideways,1,0.9486,BUY,1,1,0.6378,BUY,1,10,"MFI,SMA_50,MACD_Hist,SMA_20,OBV,ATR_14,SMA_10,EMA_12,Rolling_Volatility,EMA_26",MFI
ICICIBANK,2024-01-10,2024,1,Sideways,1,0.8077,BUY,1,1,0.5444,NO TRADE,1,10,"MFI,SMA_50,MACD_Hist,SMA_20,OBV,ATR_14,SMA_10,EMA_12,Rolling_Volatility,EMA_26",MFI
ICICIBANK,2024-01-11,2024,1,Sideways,1,0.9282,BUY,1,1,0.609,BUY,1,10,"MFI,SMA_50,MACD_Hist,SMA_20,OBV,ATR_14,SMA_10,EMA_12,Rolling_Volatility,EMA_26",MFI
ICICIBANK,2024-01-12,2024,1,Sideways,1,0.521,NO TRADE,1,1,0.5173,NO TRADE,1,10,"MFI,SMA_50,MACD_Hist,SMA_20,OBV,ATR_14,SMA_10,EMA_12,Rolling_Volatility,EMA_26",MFI
ICICIBANK,2024-01-15,2024,1,Sideways,0,0.5052,NO TRADE,0,1,0.5183,NO TRADE,1,10,"MFI,SMA_50,MACD_Hist,SMA_20,OBV,ATR_14,SMA_10,EMA_12,Rolling_Volatility,EMA_26",MFI
ICICIBANK,2024-01-16,2024,1,Sideways,0,0.5486,NO TRADE,0,1,0.6072,BUY,1,10,"MFI,SMA_50,MACD_Hist,SMA_20,OBV,ATR_14,SMA_10,EMA_12,Rolling_Volatility,EMA_26",MFI
ICICIBANK,2024-01-17,2024,1,Sideways,1,0.7546,BUY,1,1,0.6085,BUY,1,10,"MFI,SMA_50,MACD_Hist,SMA_20,OBV,ATR_14,SMA_10,EMA_12,Rolling_Volatility,EMA_26",MFI
ICICIBANK,2024-01-18,2024,1,Sideways,1,0.8821,BUY,1,1,0.6175,BUY,1,10,"MFI,SMA_50,MACD_Hist,SMA_20,OBV,ATR_14,SMA_10,EMA_12,Rolling_Volatility,EMA_26",MFI
ICICIBANK,2024-01-19,2024,1,Sideways,1,0.5802,BUY,1,1,0.6442,BUY,1,10,"MFI,SMA_50,MACD_Hist,SMA_20,OBV,ATR_14,SMA_10,EMA_12,Rolling_Volatility,EMA_26",MFI
ICICIBANK,2024-01-23,2024,1,Sideways,1,0.5459,NO TRADE,1,1,0.6689,BUY,1,10,"MFI,SMA_50,MACD_Hist,SMA_20,OBV,ATR_14,SMA_10,EMA_12,Rolling_Volatility,EMA_26",MFI
ICICIBANK,2024-01-24,2024,1,Sideways,1,0.7546,BUY,1,1,0.6982,BUY,1,10,"MFI,SMA_50,MACD_Hist,SMA_20,OBV,ATR_14,SMA_10,EMA_12,Rolling_Volatility,EMA_26",MFI
ICICIBANK,2024-01-25,2024,1,Sideways,1,0.8145,BUY,1,1,0.7498,BUY,1,10,"MFI,SMA_50,MACD_Hist,SMA_20,OBV,ATR_14,SMA_10,EMA_12,Rolling_Volatility,EMA_26",MFI
ICICIBANK,2024-01-29,2024,1,Sideways,1,0.8253,BUY,1,1,0.7212,BUY,1,10,"OBV,Rolling_Mean_Return,BB_Upper,SMA_10,MACD_Hist,ATR_14,SMA_20,Rolling_Volatility,ROC,RSI_14",OBV
ICICIBANK,2024-01-30,2024,1,Sideways,1,0.8434,BUY,1,1,0.7353,BUY,1,10,"OBV,Rolling_Mean_Return,BB_Upper,SMA_10,MACD_Hist,ATR_14,SMA_20,Rolling_Volatility,ROC,RSI_14",OBV
ICICIBANK,2024-01-31,2024,1,Sideways,1,0.8629,BUY,1,1,0.7539,BUY,1,10,"OBV,Rolling_Mean_Return,BB_Upper,SMA_10,MACD_Hist,ATR_14,SMA_20,Rolling_Volatility,ROC,RSI_14",OBV
ICICIBANK,2024-02-01,2024,1,Sideways,1,0.8643,BUY,1,1,0.7633,BUY,1,10,"OBV,Rolling_Mean_Return,BB_Upper,SMA_10,MACD_Hist,ATR_14,SMA_20,Rolling_Volatility,ROC,RSI_14",OBV
ICICIBANK,2024-02-02,2024,1,Sideways,1,0.8644,BUY,1,1,0.7664,BUY,1,10,"OBV,Rolling_Mean_Return,BB_Upper,SMA_10,MACD_Hist,ATR_14,SMA_20,Rolling_Volatility,ROC,RSI_14",OBV
ICICIBANK,2024-02-05,2024,1,Sideways,1,0.8656,BUY,1,1,0.7627,BUY,1,10,"OBV,Rolling_Mean_Return,BB_Upper,SMA_10,MACD_Hist,ATR_14,SMA_20,Rolling_Volatility,ROC,RSI_14",OBV
ICICIBANK,2024-02-06,2024,1,Sideways,1,0.8767,BUY,1,1,0.7645,BUY,1,10,"OBV,Rolling_Mean_Return,BB_Upper,SMA_10,MACD_Hist,ATR_14,SMA_20,Rolling_Volatility,ROC,RSI_14",OBV
ICICIBANK,2024-02-07,2024,1,Sideways,1,0.8426,BUY,1,1,0.7674,BUY,1,10,"OBV,Rolling_Mean_Return,BB_Upper,SMA_10,MACD_Hist,ATR_14,SMA_20,Rolling_Volatility,ROC,RSI_14",OBV
ICICIBANK,2024-02-08,2024,1,Sideways,1,0.8144,BUY,1,1,0.7126,BUY,1,10,"OBV,Rolling_Mean_Return,BB_Upper,SMA_10,MACD_Hist,ATR_14,SMA_20,Rolling_Volatility,ROC,RSI_14",OBV
ICICIBANK,2024-02-09,2024,1,Sideways,1,0.8153,BUY,1,1,0.7153,BUY,1,10,"OBV,Rolling_Mean_Return,BB_Upper,SMA_10,MACD_Hist,ATR_14,SMA_20,Rolling_Volatility,ROC,RSI_14",OBV
ICICIBANK,2024-02-12,2024,1,Sideways,1,0.8148,BUY,1,1,0.7459,BUY,1,10,"OBV,Rolling_Mean_Return,BB_Upper,SMA_10,MACD_Hist,ATR_14,SMA_20,Rolling_Volatility,ROC,RSI_14",OBV
ICICIBANK,2024-02-13,2024,1,Sideways,1,0.7541,BUY,1,1,0.7507,BUY,1,10,"OBV,Rolling_Mean_Return,BB_Upper,SMA_10,MACD_Hist,ATR_14,SMA_20,Rolling_Volatility,ROC,RSI_14",OBV
ICICIBANK,2024-02-14,2024,1,Sideways,1,0.7255,BUY,1,1,0.8086,BUY,1,10,"OBV,Rolling_Mean_Return,BB_Upper,SMA_10,MACD_Hist,ATR_14,SMA_20,Rolling_Volatility,ROC,RSI_14",OBV
ICICIBANK,2024-02-15,2024,1,Sideways,1,0.7157,BUY,1,1,0.8215,BUY,1,10,"OBV,Rolling_Mean_Return,BB_Upper,SMA_10,MACD_Hist,ATR_14,SMA_20,Rolling_Volatility,ROC,RSI_14",OBV
ICICIBANK,2024-02-16,2024,1,Sideways,1,0.717,BUY,1,1,0.8282,BUY,1,10,"OBV,Rolling_Mean_Return,BB_Upper,SMA_10,MACD_Hist,ATR_14,SMA_20,Rolling_Volatility,ROC,RSI_14",OBV
ICICIBANK,2024-02-19,2024,1,Sideways,1,0.7202,BUY,1,1,0.8123,BUY,1,10,"OBV,Rolling_Mean_Return,BB_Upper,SMA_10,MACD_Hist,ATR_14,SMA_20,Rolling_Volatility,ROC,RSI_14",OBV
ICICIBANK,2024-02-20,2024,1,Sideways,1,0.8246,BUY,1,1,0.8116,BUY,1,10,"OBV,Rolling_Mean_Return,BB_Upper,SMA_10,MACD_Hist,ATR_14,SMA_20,Rolling_Volatility,ROC,RSI_14",OBV
ICICIBANK,2024-02-21,2024,1,Sideways,1,0.8778,BUY,1,1,0.8069,BUY,1,10,"OBV,Rolling_Mean_Return,BB_Upper,SMA_10,MACD_Hist,ATR_14,SMA_20,Rolling_Volatility,ROC,RSI_14",OBV
ICICIBANK,2024-02-22,2024,1,Sideways,1,0.8245,BUY,1,1,0.789,BUY,1,10,"OBV,Rolling_Mean_Return,BB_Upper,SMA_10,MACD_Hist,ATR_14,SMA_20,Rolling_Volatility,ROC,RSI_14",OBV
ICICIBANK,2024-02-23,2024,1,Sideways,1,0.8182,BUY,1,1,0.8347,BUY,1,10,"OBV,Rolling_Mean_Return,BB_Upper,SMA_10,MACD_Hist,ATR_14,SMA_20,Rolling_Volatility,ROC,RSI_14",OBV
ICICIBANK,2024-02-26,2024,1,Sideways,1,0.7628,BUY,1,1,0.8554,BUY,1,10,"OBV,Rolling_Mean_Return,BB_Upper,SMA_10,MACD_Hist,ATR_14,SMA_20,Rolling_Volatility,ROC,RSI_14",OBV
ICICIBANK,2024-02-27,2024,1,Sideways,1,0.7747,BUY,1,1,0.8491,BUY,1,10,"OBV,Rolling_Mean_Return,BB_Upper,SMA_10,MACD_Hist,ATR_14,SMA_20,Rolling_Volatility,ROC,RSI_14",OBV
ICICIBANK,2024-02-28,2024,1,Sideways,1,0.872,BUY,1,1,0.8537,BUY,1,10,"OBV,Rolling_Mean_Return,BB_Upper,SMA_10,MACD_Hist,ATR_14,SMA_20,Rolling_Volatility,ROC,RSI_14",OBV
ICICIBANK,2024-02-29,2024,1,Sideways,1,0.824,BUY,1,1,0.8549,BUY,1,10,"OBV,Rolling_Mean_Return,BB_Upper,SMA_10,MACD_Hist,ATR_14,SMA_20,Rolling_Volatility,ROC,RSI_14",OBV
ICICIBANK,2024-03-01,2024,0,Sideways,1,0.8856,BUY,0,1,0.8481,BUY,0,10,"OBV,Rolling_Mean_Return,BB_Upper,SMA_10,MACD_Hist,ATR_14,SMA_20,Rolling_Volatility,ROC,RSI_14",OBV
ICICIBANK,2024-03-04,2024,0,Sideways,1,0.6591,BUY,0,1,0.6998,BUY,0,10,"OBV,Rolling_Mean_Return,BB_Upper,SMA_10,MACD_Hist,ATR_14,SMA_20,Rolling_Volatility,ROC,RSI_14",OBV
ICICIBANK,2024-03-05,2024,0,Sideways,1,0.6963,BUY,0,1,0.6354,BUY,0,10,"OBV,Rolling_Mean_Return,BB_Upper,SMA_10,MACD_Hist,ATR_14,SMA_20,Rolling_Volatility,ROC,RSI_14",OBV
ICICIBANK,2024-03-06,2024,0,Sideways,0,0.6233,SELL,1,0,0.5025,NO TRADE,1,10,"OBV,Rolling_Mean_Return,BB_Upper,SMA_10,MACD_Hist,ATR_14,SMA_20,Rolling_Volatility,ROC,RSI_14",OBV
ICICIBANK,2024-03-07,2024,1,Sideways,0,0.793,SELL,0,1,0.5346,NO TRADE,1,10,"OBV,Rolling_Mean_Return,BB_Upper,SMA_10,MACD_Hist,ATR_14,SMA_20,Rolling_Volatility,ROC,RSI_14",OBV
ICICIBANK,2024-03-11,2024,1,Sideways,1,0.5129,NO TRADE,1,1,0.7826,BUY,1,10,"OBV,Rolling_Mean_Return,BB_Upper,SMA_10,MACD_Hist,ATR_14,SMA_20,Rolling_Volatility,ROC,RSI_14",OBV
ICICIBANK,2024-03-12,2024,1,Sideways,1,0.7602,BUY,1,1,0.7747,BUY,1,10,"BB_Upper,OBV,SMA_20,EMA_12,SMA_10,MACD_Hist,ATR_14,RSI_14,MFI,SMA_50",BB_Upper
ICICIBANK,2024-03-13,2024,0,Sideways,1,0.7789,BUY,0,1,0.7657,BUY,0,10,"BB_Upper,OBV,SMA_20,EMA_12,SMA_10,MACD_Hist,ATR_14,RSI_14,MFI,SMA_50",BB_Upper
ICICIBANK,2024-03-14,2024,0,Sideways,1,0.6366,BUY,0,1,0.7378,BUY,0,10,"BB_Upper,OBV,SMA_20,EMA_12,SMA_10,MACD_Hist,ATR_14,RSI_14,MFI,SMA_50",BB_Upper
ICICIBANK,2024-03-15,2024,0,Sideways,1,0.8116,BUY,0,1,0.7057,BUY,0,10,"BB_Upper,OBV,SMA_20,EMA_12,SMA_10,MACD_Hist,ATR_14,RSI_14,MFI,SMA_50",BB_Upper
ICICIBANK,2024-03-18,2024,0,Sideways,1,0.5858,BUY,0,1,0.5579,BUY,0,10,"BB_Upper,OBV,SMA_20,EMA_12,SMA_10,MACD_Hist,ATR_14,RSI_14,MFI,SMA_50",BB_Upper
ICICIBANK,2024-03-19,2024,1,Sideways,0,0.5818,SELL,0,0,0.5226,NO TRADE,0,10,"BB_Upper,OBV,SMA_20,EMA_12,SMA_10,MACD_Hist,ATR_14,RSI_14,MFI,SMA_50",BB_Upper
ICICIBANK,2024-03-20,2024,1,Sideways,1,0.6294,BUY,1,1,0.6258,BUY,1,10,"BB_Upper,OBV,SMA_20,EMA_12,SMA_10,MACD_Hist,ATR_14,RSI_14,MFI,SMA_50",BB_Upper
ICICIBANK,2024-03-21,2024,1,Sideways,1,0.6442,BUY,1,1,0.6344,BUY,1,10,"BB_Upper,OBV,SMA_20,EMA_12,SMA_10,MACD_Hist,ATR_14,RSI_14,MFI,SMA_50",BB_Upper
ICICIBANK,2024-03-22,2024,1,Sideways,1,0.6445,BUY,1,1,0.6597,BUY,1,10,"BB_Upper,OBV,SMA_20,EMA_12,SMA_10,MACD_Hist,ATR_14,RSI_14,MFI,SMA_50",BB_Upper
ICICIBANK,2024-03-26,2024,1,Sideways,1,0.6539,BUY,1,1,0.7395,BUY,1,10,"BB_Upper,OBV,SMA_20,EMA_12,SMA_10,MACD_Hist,ATR_14,RSI_14,MFI,SMA_50",BB_Upper
ICICIBANK,2024-03-27,2024,1,Sideways,0,0.5177,NO TRADE,0,1,0.751,BUY,1,10,"BB_Upper,OBV,SMA_20,EMA_12,SMA_10,MACD_Hist,ATR_14,RSI_14,MFI,SMA_50",BB_Upper
ICICIBANK,2024-03-28,2024,1,Sideways,1,0.633,BUY,1,1,0.7372,BUY,1,10,"BB_Upper,OBV,SMA_20,EMA_12,SMA_10,MACD_Hist,ATR_14,RSI_14,MFI,SMA_50",BB_Upper
ICICIBANK,2024-04-01,2024,1,Sideways,0,0.5879,SELL,0,1,0.6619,BUY,1,10,"BB_Upper,OBV,SMA_20,EMA_12,SMA_10,MACD_Hist,ATR_14,RSI_14,MFI,SMA_50",BB_Upper
ICICIBANK,2024-04-02,2024,1,Sideways,1,0.6262,BUY,1,1,0.7169,BUY,1,10,"BB_Upper,OBV,SMA_20,EMA_12,SMA_10,MACD_Hist,ATR_14,RSI_14,MFI,SMA_50",BB_Upper
ICICIBANK,2024-04-03,2024,1,Sideways,1,0.6265,BUY,1,1,0.7194,BUY,1,10,"BB_Upper,OBV,SMA_20,EMA_12,SMA_10,MACD_Hist,ATR_14,RSI_14,MFI,SMA_50",BB_Upper
ICICIBANK,2024-04-04,2024,1,Sideways,1,0.6734,BUY,1,1,0.756,BUY,1,10,"BB_Upper,OBV,SMA_20,EMA_12,SMA_10,MACD_Hist,ATR_14,RSI_14,MFI,SMA_50",BB_Upper
ICICIBANK,2024-04-05,2024,1,Sideways,1,0.65,BUY,1,1,0.7675,BUY,1,10,"BB_Upper,OBV,SMA_20,EMA_12,SMA_10,MACD_Hist,ATR_14,RSI_14,MFI,SMA_50",BB_Upper
ICICIBANK,2024-04-08,2024,1,Sideways,1,0.5466,NO TRADE,1,1,0.7582,BUY,1,10,"BB_Upper,OBV,SMA_20,EMA_12,SMA_10,MACD_Hist,ATR_14,RSI_14,MFI,SMA_50",BB_Upper
ICICIBANK,2024-04-09,2024,1,Sideways,1,0.6137,BUY,1,1,0.6828,BUY,1,10,"BB_Upper,OBV,SMA_20,EMA_12,SMA_10,MACD_Hist,ATR_14,RSI_14,MFI,SMA_50",BB_Upper
ICICIBANK,2024-04-10,2024,1,Sideways,1,0.5717,BUY,1,1,0.6402,BUY,1,10,"BB_Upper,OBV,SMA_20,EMA_12,SMA_10,MACD_Hist,ATR_14,RSI_14,MFI,SMA_50",BB_Upper
ICICIBANK,2024-04-12,2024,1,Sideways,1,0.6108,BUY,1,1,0.736,BUY,1,10,"BB_Upper,OBV,SMA_20,EMA_12,SMA_10,MACD_Hist,ATR_14,RSI_14,MFI,SMA_50",BB_Upper
ICICIBANK,2024-04-15,2024,1,Sideways,1,0.8149,BUY,1,1,0.7497,BUY,1,10,"BB_Upper,OBV,SMA_20,EMA_12,SMA_10,MACD_Hist,ATR_14,RSI_14,MFI,SMA_50",BB_Upper
ICICIBANK,2024-04-16,2024,1,Sideways,1,0.8484,BUY,1,1,0.7796,BUY,1,10,"BB_Upper,OBV,SMA_20,EMA_12,SMA_10,MACD_Hist,ATR_14,RSI_14,MFI,SMA_50",BB_Upper
ICICIBANK,2024-04-18,2024,1,Sideways,1,0.8859,BUY,1,1,0.799,BUY,1,10,"BB_Upper,OBV,SMA_20,EMA_12,SMA_10,MACD_Hist,ATR_14,RSI_14,MFI,SMA_50",BB_Upper
ICICIBANK,2024-04-19,2024,1,Sideways,1,0.9067,BUY,1,1,0.8551,BUY,1,10,"BB_Upper,OBV,SMA_20,EMA_12,SMA_10,MACD_Hist,ATR_14,RSI_14,MFI,SMA_50",BB_Upper
ICICIBANK,2024-04-22,2024,1,Sideways,1,0.8949,BUY,1,1,0.8572,BUY,1,10,"BB_Upper,OBV,SMA_20,EMA_12,SMA_10,MACD_Hist,ATR_14,RSI_14,MFI,SMA_50",BB_Upper
ICICIBANK,2024-04-23,2024,1,Sideways,1,0.9087,BUY,1,1,0.8562,BUY,1,10,"BB_Upper,OBV,SMA_20,EMA_12,SMA_10,MACD_Hist,ATR_14,RSI_14,MFI,SMA_50",BB_Upper
ICICIBANK,2024-04-24,2024,1,Sideways,1,0.8186,BUY,1,1,0.833,BUY,1,10,"BB_Upper,OBV,SMA_20,EMA_12,SMA_10,MACD_Hist,ATR_14,RSI_14,MFI,SMA_50",BB_Upper
ICICIBANK,2024-04-25,2024,1,Sideways,1,0.863,BUY,1,1,0.8034,BUY,1,10,"BB_Upper,OBV,SMA_20,EMA_12,SMA_10,MACD_Hist,ATR_14,RSI_14,MFI,SMA_50",BB_Upper
ICICIBANK,2024-04-26,2024,1,Sideways,1,0.8636,BUY,1,1,0.6722,BUY,1,10,"BB_Upper,OBV,SMA_20,EMA_12,SMA_10,MACD_Hist,ATR_14,RSI_14,MFI,SMA_50",BB_Upper
ICICIBANK,2024-04-29,2024,0,Sideways,1,0.7248,BUY,0,1,0.7817,BUY,0,10,"BB_Upper,OBV,MACD,SMA_20,ATR_14,SMA_10,EMA_12,MACD_Signal,MFI,SMA_50",BB_Upper
ICICIBANK,2024-04-30,2024,0,Sideways,0,0.608,SELL,1,1,0.6389,BUY,0,10,"BB_Upper,OBV,MACD,SMA_20,ATR_14,SMA_10,EMA_12,MACD_Signal,MFI,SMA_50",BB_Upper
ICICIBANK,2024-05-02,2024,0,Sideways,0,0.7123,SELL,1,1,0.5661,BUY,0,10,"BB_Upper,OBV,MACD,SMA_20,ATR_14,SMA_10,EMA_12,MACD_Signal,MFI,SMA_50",BB_Upper
ICICIBANK,2024-05-03,2024,1,Sideways,0,0.8411,SELL,0,0,0.5215,NO TRADE,0,10,"BB_Upper,OBV,MACD,SMA_20,ATR_14,SMA_10,EMA_12,MACD_Signal,MFI,SMA_50",BB_Upper
ICICIBANK,2024-05-06,2024,0,Sideways,0,0.7418,SELL,1,0,0.5029,NO TRADE,1,10,"BB_Upper,OBV,MACD,SMA_20,ATR_14,SMA_10,EMA_12,MACD_Signal,MFI,SMA_50",BB_Upper
ICICIBANK,2024-05-07,2024,0,Sideways,0,0.7253,SELL,1,1,0.5326,NO TRADE,0,10,"BB_Upper,OBV,MACD,SMA_20,ATR_14,SMA_10,EMA_12,MACD_Signal,MFI,SMA_50",BB_Upper
ICICIBANK,2024-05-08,2024,0,Sideways,0,0.7172,SELL,1,1,0.6338,BUY,0,10,"BB_Upper,OBV,MACD,SMA_20,ATR_14,SMA_10,EMA_12,MACD_Signal,MFI,SMA_50",BB_Upper
ICICIBANK,2024-05-09,2024,1,Sideways,0,0.6156,SELL,0,1,0.5234,NO TRADE,1,10,"BB_Upper,OBV,MACD,SMA_20,ATR_14,SMA_10,EMA_12,MACD_Signal,MFI,SMA_50",BB_Upper
ICICIBANK,2024-05-10,2024,1,Sideways,1,0.6508,BUY,1,1,0.6335,BUY,1,10,"BB_Upper,OBV,MACD,SMA_20,ATR_14,SMA_10,EMA_12,MACD_Signal,MFI,SMA_50",BB_Upper
ICICIBANK,2024-05-13,2024,0,Sideways,1,0.5836,BUY,0,1,0.638,BUY,0,10,"BB_Upper,OBV,MACD,SMA_20,ATR_14,SMA_10,EMA_12,MACD_Signal,MFI,SMA_50",BB_Upper
ICICIBANK,2024-05-14,2024,0,Sideways,1,0.7982,BUY,0,1,0.6233,BUY,0,10,"BB_Upper,OBV,MACD,SMA_20,ATR_14,SMA_10,EMA_12,MACD_Signal,MFI,SMA_50",BB_Upper
ICICIBANK,2024-05-15,2024,0,Sideways,1,0.7672,BUY,0,1,0.5813,BUY,0,10,"BB_Upper,OBV,MACD,SMA_20,ATR_14,SMA_10,EMA_12,MACD_Signal,MFI,SMA_50",BB_Upper
ICICIBANK,2024-05-16,2024,0,Sideways,1,0.5346,NO TRADE,0,1,0.5676,BUY,0,10,"BB_Upper,OBV,MACD,SMA_20,ATR_14,SMA_10,EMA_12,MACD_Signal,MFI,SMA_50",BB_Upper
ICICIBANK,2024-05-17,2024,0,Sideways,1,0.6374,BUY,0,0,0.5537,SELL,1,10,"BB_Upper,OBV,MACD,SMA_20,ATR_14,SMA_10,EMA_12,MACD_Signal,MFI,SMA_50",BB_Upper
ICICIBANK,2024-05-21,2024,1,Sideways,1,0.7105,BUY,1,0,0.5356,NO TRADE,0,10,"BB_Upper,OBV,MACD,SMA_20,ATR_14,SMA_10,EMA_12,MACD_Signal,MFI,SMA_50",BB_Upper
ICICIBANK,2024-05-22,2024,1,Sideways,1,0.7882,BUY,1,1,0.6798,BUY,1,10,"BB_Upper,OBV,MACD,SMA_20,ATR_14,SMA_10,EMA_12,MACD_Signal,MFI,SMA_50",BB_Upper
ICICIBANK,2024-05-23,2024,1,Sideways,1,0.6148,BUY,1,1,0.7326,BUY,1,10,"BB_Upper,OBV,MACD,SMA_20,ATR_14,SMA_10,EMA_12,MACD_Signal,MFI,SMA_50",BB_Upper
ICICIBANK,2024-05-24,2024,1,Sideways,1,0.7909,BUY,1,1,0.7654,BUY,1,10,"BB_Upper,OBV,MACD,SMA_20,ATR_14,SMA_10,EMA_12,MACD_Signal,MFI,SMA_50",BB_Upper
ICICIBANK,2024-05-27,2024,1,Sideways,1,0.8462,BUY,1,1,0.7907,BUY,1,10,"BB_Upper,OBV,MACD,SMA_20,ATR_14,SMA_10,EMA_12,MACD_Signal,MFI,SMA_50",BB_Upper
ICICIBANK,2024-05-28,2024,1,Sideways,1,0.8421,BUY,1,1,0.8042,BUY,1,10,"BB_Upper,OBV,MACD,SMA_20,ATR_14,SMA_10,EMA_12,MACD_Signal,MFI,SMA_50",BB_Upper
ICICIBANK,2024-05-29,2024,1,Sideways,1,0.8658,BUY,1,1,0.8279,BUY,1,10,"BB_Upper,OBV,MACD,SMA_20,ATR_14,SMA_10,EMA_12,MACD_Signal,MFI,SMA_50",BB_Upper
ICICIBANK,2024-05-30,2024,1,Sideways,1,0.866,BUY,1,1,0.805,BUY,1,10,"BB_Upper,OBV,MACD,SMA_20,ATR_14,SMA_10,EMA_12,MACD_Signal,MFI,SMA_50",BB_Upper
ICICIBANK,2024-05-31,2024,1,Sideways,1,0.8304,BUY,1,1,0.7843,BUY,1,10,"BB_Upper,OBV,MACD,SMA_20,ATR_14,SMA_10,EMA_12,MACD_Signal,MFI,SMA_50",BB_Upper
ICICIBANK,2024-06-03,2024,1,Sideways,1,0.5914,BUY,1,1,0.7514,BUY,1,10,"BB_Upper,OBV,MACD,SMA_20,ATR_14,SMA_10,EMA_12,MACD_Signal,MFI,SMA_50",BB_Upper
ICICIBANK,2024-06-04,2024,1,Sideways,1,0.5345,NO TRADE,1,1,0.7626,BUY,1,10,"BB_Upper,OBV,MACD,SMA_20,ATR_14,SMA_10,EMA_12,MACD_Signal,MFI,SMA_50",BB_Upper
ICICIBANK,2024-06-05,2024,1,Sideways,1,0.8746,BUY,1,1,0.8875,BUY,1,10,"BB_Upper,OBV,MACD,SMA_20,ATR_14,SMA_10,EMA_12,MACD_Signal,MFI,SMA_50",BB_Upper
ICICIBANK,2024-06-06,2024,1,Sideways,1,0.8427,BUY,1,1,0.8891,BUY,1,10,"BB_Upper,OBV,MACD,SMA_20,ATR_14,SMA_10,EMA_12,MACD_Signal,MFI,SMA_50",BB_Upper
ICICIBANK,2024-06-07,2024,1,Sideways,1,0.8201,BUY,1,1,0.887,BUY,1,10,"BB_Upper,OBV,MACD,SMA_20,ATR_14,SMA_10,EMA_12,MACD_Signal,MFI,SMA_50",BB_Upper
ICICIBANK,2024-06-10,2024,1,Sideways,1,0.9573,BUY,1,1,0.8779,BUY,1,10,"BB_Upper,OBV,MACD,SMA_20,ATR_14,SMA_10,EMA_12,MACD_Signal,MFI,SMA_50",BB_Upper
ICICIBANK,2024-06-11,2024,1,Sideways,1,0.8523,BUY,1,1,0.8771,BUY,1,10,"BB_Upper,OBV,MACD,SMA_20,ATR_14,SMA_10,EMA_12,MACD_Signal,MFI,SMA_50",BB_Upper
ICICIBANK,2024-06-12,2024,1,Sideways,1,0.9415,BUY,1,1,0.797,BUY,1,10,"EMA_12,BB_Width,SMA_20,SMA_10,RSI_14,MACD,SMA_50,ATR_14,Return_5d,OBV",EMA_12
ICICIBANK,2024-06-13,2024,1,Sideways,1,0.9593,BUY,1,1,0.9041,BUY,1,10,"EMA_12,BB_Width,SMA_20,SMA_10,RSI_14,MACD,SMA_50,ATR_14,Return_5d,OBV",EMA_12
ICICIBANK,2024-06-14,2024,1,Sideways,1,0.8991,BUY,1,1,0.9035,BUY,1,10,"EMA_12,BB_Width,SMA_20,SMA_10,RSI_14,MACD,SMA_50,ATR_14,Return_5d,OBV",EMA_12
ICICIBANK,2024-06-18,2024,1,Sideways,1,0.8639,BUY,1,1,0.9162,BUY,1,10,"EMA_12,BB_Width,SMA_20,SMA_10,RSI_14,MACD,SMA_50,ATR_14,Return_5d,OBV",EMA_12
ICICIBANK,2024-06-19,2024,1,Sideways,1,0.8892,BUY,1,1,0.9397,BUY,1,10,"EMA_12,BB_Width,SMA_20,SMA_10,RSI_14,MACD,SMA_50,ATR_14,Return_5d,OBV",EMA_12
ICICIBANK,2024-06-20,2024,1,Sideways,1,0.8751,BUY,1,1,0.9381,BUY,1,10,"EMA_12,BB_Width,SMA_20,SMA_10,RSI_14,MACD,SMA_50,ATR_14,Return_5d,OBV",EMA_12
ICICIBANK,2024-06-21,2024,1,Sideways,1,0.8023,BUY,1,1,0.9346,BUY,1,10,"EMA_12,BB_Width,SMA_20,SMA_10,RSI_14,MACD,SMA_50,ATR_14,Return_5d,OBV",EMA_12
ICICIBANK,2024-06-24,2024,1,Sideways,1,0.7475,BUY,1,1,0.9237,BUY,1,10,"EMA_12,BB_Width,SMA_20,SMA_10,RSI_14,MACD,SMA_50,ATR_14,Return_5d,OBV",EMA_12
ICICIBANK,2024-06-25,2024,1,Sideways,1,0.702,BUY,1,1,0.7189,BUY,1,10,"EMA_12,BB_Width,SMA_20,SMA_10,RSI_14,MACD,SMA_50,ATR_14,Return_5d,OBV",EMA_12
ICICIBANK,2024-06-26,2024,0,Sideways,1,0.5323,NO TRADE,0,1,0.707,BUY,0,10,"EMA_12,BB_Width,SMA_20,SMA_10,RSI_14,MACD,SMA_50,ATR_14,Return_5d,OBV",EMA_12
ICICIBANK,2024-06-27,2024,0,Sideways,0,0.9164,SELL,1,0,0.5912,SELL,1,10,"EMA_12,BB_Width,SMA_20,SMA_10,RSI_14,MACD,SMA_50,ATR_14,Return_5d,OBV",EMA_12
ICICIBANK,2024-06-28,2024,1,Sideways,0,0.7231,SELL,0,0,0.5775,SELL,0,10,"EMA_12,BB_Width,SMA_20,SMA_10,RSI_14,MACD,SMA_50,ATR_14,Return_5d,OBV",EMA_12
ICICIBANK,2024-07-01,2024,0,Sideways,0,0.6296,SELL,1,0,0.5657,SELL,1,10,"EMA_12,BB_Width,SMA_20,SMA_10,RSI_14,MACD,SMA_50,ATR_14,Return_5d,OBV",EMA_12
ICICIBANK,2024-07-02,2024,1,Sideways,0,0.584,SELL,0,0,0.556,SELL,0,10,"EMA_12,BB_Width,SMA_20,SMA_10,RSI_14,MACD,SMA_50,ATR_14,Return_5d,OBV",EMA_12
ICICIBANK,2024-07-03,2024,1,Sideways,0,0.5739,SELL,0,0,0.5114,NO TRADE,0,10,"EMA_12,BB_Width,SMA_20,SMA_10,RSI_14,MACD,SMA_50,ATR_14,Return_5d,OBV",EMA_12
ICICIBANK,2024-07-04,2024,0,Sideways,1,0.5906,BUY,0,1,0.5461,NO TRADE,0,10,"EMA_12,BB_Width,SMA_20,SMA_10,RSI_14,MACD,SMA_50,ATR_14,Return_5d,OBV",EMA_12
ICICIBANK,2024-07-05,2024,0,Sideways,0,0.8292,SELL,1,0,0.7037,SELL,1,10,"EMA_12,BB_Width,SMA_20,SMA_10,RSI_14,MACD,SMA_50,ATR_14,Return_5d,OBV",EMA_12
ICICIBANK,2024-07-08,2024,0,Sideways,0,0.7856,SELL,1,0,0.7497,SELL,1,10,"EMA_12,BB_Width,SMA_20,SMA_10,RSI_14,MACD,SMA_50,ATR_14,Return_5d,OBV",EMA_12
ICICIBANK,2024-07-09,2024,0,Sideways,0,0.93,SELL,1,0,0.7787,SELL,1,10,"EMA_12,BB_Width,SMA_20,SMA_10,RSI_14,MACD,SMA_50,ATR_14,Return_5d,OBV",EMA_12
ICICIBANK,2024-07-10,2024,0,Sideways,0,0.9326,SELL,1,0,0.7822,SELL,1,10,"EMA_12,BB_Width,SMA_20,SMA_10,RSI_14,MACD,SMA_50,ATR_14,Return_5d,OBV",EMA_12
ICICIBANK,2024-07-11,2024,0,Sideways,0,0.9337,SELL,1,0,0.7811,SELL,1,10,"EMA_12,BB_Width,SMA_20,SMA_10,RSI_14,MACD,SMA_50,ATR_14,Return_5d,OBV",EMA_12
ICICIBANK,2024-07-12,2024,0,Sideways,0,0.9351,SELL,1,0,0.7772,SELL,1,10,"EMA_12,BB_Width,SMA_20,SMA_10,RSI_14,MACD,SMA_50,ATR_14,Return_5d,OBV",EMA_12
ICICIBANK,2024-07-15,2024,0,Sideways,0,0.936,SELL,1,0,0.8688,SELL,1,10,"EMA_12,BB_Width,SMA_20,SMA_10,RSI_14,MACD,SMA_50,ATR_14,Return_5d,OBV",EMA_12
ICICIBANK,2024-07-16,2024,0,Sideways,0,0.9996,SELL,1,0,0.7759,SELL,1,10,"EMA_12,BB_Width,SMA_20,SMA_10,RSI_14,MACD,SMA_50,ATR_14,Return_5d,OBV",EMA_12
ICICIBANK,2024-07-18,2024,0,Sideways,0,0.9998,SELL,1,0,0.8133,SELL,1,10,"EMA_12,BB_Width,SMA_20,SMA_10,RSI_14,MACD,SMA_50,ATR_14,Return_5d,OBV",EMA_12
ICICIBANK,2024-07-19,2024,0,Sideways,0,0.9997,SELL,1,0,0.8392,SELL,1,10,"EMA_12,BB_Width,SMA_20,SMA_10,RSI_14,MACD,SMA_50,ATR_14,Return_5d,OBV",EMA_12
ICICIBANK,2024-07-22,2024,0,Sideways,0,0.6981,SELL,1,0,0.8505,SELL,1,10,"EMA_12,BB_Width,SMA_20,SMA_10,RSI_14,MACD,SMA_50,ATR_14,Return_5d,OBV",EMA_12
ICICIBANK,2024-07-23,2024,0,Sideways,0,0.5654,SELL,1,0,0.8407,SELL,1,10,"EMA_12,BB_Width,SMA_20,SMA_10,RSI_14,MACD,SMA_50,ATR_14,Return_5d,OBV",EMA_12
ICICIBANK,2024-07-24,2024,0,Sideways,1,0.5482,NO TRADE,0,0,0.8195,SELL,1,10,"EMA_12,BB_Width,SMA_20,SMA_10,RSI_14,MACD,SMA_50,ATR_14,Return_5d,OBV",EMA_12
ICICIBANK,2024-07-25,2024,1,Sideways,1,0.661,BUY,1,0,0.523,NO TRADE,0,10,"EMA_12,BB_Width,SMA_20,SMA_10,RSI_14,MACD,SMA_50,ATR_14,Return_5d,OBV",EMA_12
ICICIBANK,2024-07-26,2024,1,Sideways,0,0.56,SELL,0,1,0.6567,BUY,1,10,"SMA_10,RSI_14,MACD_Signal,SMA_20,EMA_12,MACD,SMA_50,BB_Width,ADX,MFI",SMA_10
ICICIBANK,2024-07-29,2024,1,Sideways,0,0.5654,SELL,0,1,0.6658,BUY,1,10,"SMA_10,RSI_14,MACD_Signal,SMA_20,EMA_12,MACD,SMA_50,BB_Width,ADX,MFI",SMA_10
ICICIBANK,2024-07-30,2024,1,Sideways,1,0.6815,BUY,1,1,0.7994,BUY,1,10,"SMA_10,RSI_14,MACD_Signal,SMA_20,EMA_12,MACD,SMA_50,BB_Width,ADX,MFI",SMA_10
ICICIBANK,2024-07-31,2024,1,Sideways,1,0.6705,BUY,1,1,0.7289,BUY,1,10,"SMA_10,RSI_14,MACD_Signal,SMA_20,EMA_12,MACD,SMA_50,BB_Width,ADX,MFI",SMA_10
ICICIBANK,2024-08-01,2024,1,Sideways,1,0.7335,BUY,1,1,0.7203,BUY,1,10,"SMA_10,RSI_14,MACD_Signal,SMA_20,EMA_12,MACD,SMA_50,BB_Width,ADX,MFI",SMA_10
ICICIBANK,2024-08-02,2024,1,Sideways,1,0.8861,BUY,1,1,0.9125,BUY,1,10,"SMA_10,RSI_14,MACD_Signal,SMA_20,EMA_12,MACD,SMA_50,BB_Width,ADX,MFI",SMA_10
ICICIBANK,2024-08-05,2024,1,Sideways,1,0.8395,BUY,1,1,0.8899,BUY,1,10,"SMA_10,RSI_14,MACD_Signal,SMA_20,EMA_12,MACD,SMA_50,BB_Width,ADX,MFI",SMA_10
ICICIBANK,2024-08-06,2024,1,Sideways,1,0.8297,BUY,1,1,0.7858,BUY,1,10,"SMA_10,RSI_14,MACD_Signal,SMA_20,EMA_12,MACD,SMA_50,BB_Width,ADX,MFI",SMA_10
ICICIBANK,2024-08-07,2024,1,Sideways,1,0.711,BUY,1,1,0.9199,BUY,1,10,"SMA_10,RSI_14,MACD_Signal,SMA_20,EMA_12,MACD,SMA_50,BB_Width,ADX,MFI",SMA_10
ICICIBANK,2024-08-08,2024,1,Sideways,1,0.7458,BUY,1,1,0.8827,BUY,1,10,"SMA_10,RSI_14,MACD_Signal,SMA_20,EMA_12,MACD,SMA_50,BB_Width,ADX,MFI",SMA_10
ICICIBANK,2024-08-09,2024,1,Sideways,1,0.8238,BUY,1,1,0.9144,BUY,1,10,"SMA_10,RSI_14,MACD_Signal,SMA_20,EMA_12,MACD,SMA_50,BB_Width,ADX,MFI",SMA_10
ICICIBANK,2024-08-12,2024,1,Sideways,1,0.807,BUY,1,1,0.9133,BUY,1,10,"SMA_10,RSI_14,MACD_Signal,SMA_20,EMA_12,MACD,SMA_50,BB_Width,ADX,MFI",SMA_10
ICICIBANK,2024-08-13,2024,1,Sideways,1,0.856,BUY,1,1,0.9137,BUY,1,10,"SMA_10,RSI_14,MACD_Signal,SMA_20,EMA_12,MACD,SMA_50,BB_Width,ADX,MFI",SMA_10
ICICIBANK,2024-08-14,2024,1,Sideways,1,0.8602,BUY,1,1,0.9309,BUY,1,10,"SMA_10,RSI_14,MACD_Signal,SMA_20,EMA_12,MACD,SMA_50,BB_Width,ADX,MFI",SMA_10
ICICIBANK,2024-08-16,2024,1,Sideways,1,0.8623,BUY,1,1,0.945,BUY,1,10,"SMA_10,RSI_14,MACD_Signal,SMA_20,EMA_12,MACD,SMA_50,BB_Width,ADX,MFI",SMA_10
ICICIBANK,2024-08-19,2024,1,Sideways,1,0.913,BUY,1,1,0.9237,BUY,1,10,"SMA_10,RSI_14,MACD_Signal,SMA_20,EMA_12,MACD,SMA_50,BB_Width,ADX,MFI",SMA_10
ICICIBANK,2024-08-20,2024,1,Sideways,1,0.845,BUY,1,1,0.8986,BUY,1,10,"SMA_10,RSI_14,MACD_Signal,SMA_20,EMA_12,MACD,SMA_50,BB_Width,ADX,MFI",SMA_10
ICICIBANK,2024-08-21,2024,1,Sideways,1,0.8876,BUY,1,1,0.8701,BUY,1,10,"SMA_10,RSI_14,MACD_Signal,SMA_20,EMA_12,MACD,SMA_50,BB_Width,ADX,MFI",SMA_10
ICICIBANK,2024-08-22,2024,1,Sideways,1,0.7649,BUY,1,1,0.8366,BUY,1,10,"SMA_10,RSI_14,MACD_Signal,SMA_20,EMA_12,MACD,SMA_50,BB_Width,ADX,MFI",SMA_10
ICICIBANK,2024-08-23,2024,1,Sideways,1,0.662,BUY,1,1,0.8859,BUY,1,10,"SMA_10,RSI_14,MACD_Signal,SMA_20,EMA_12,MACD,SMA_50,BB_Width,ADX,MFI",SMA_10
ICICIBANK,2024-08-26,2024,1,Sideways,1,0.6725,BUY,1,1,0.8711,BUY,1,10,"SMA_10,RSI_14,MACD_Signal,SMA_20,EMA_12,MACD,SMA_50,BB_Width,ADX,MFI",SMA_10
ICICIBANK,2024-08-27,2024,1,Sideways,1,0.5059,NO TRADE,1,1,0.8047,BUY,1,10,"SMA_10,RSI_14,MACD_Signal,SMA_20,EMA_12,MACD,SMA_50,BB_Width,ADX,MFI",SMA_10
ICICIBANK,2024-08-28,2024,1,Sideways,1,0.5499,NO TRADE,1,1,0.7986,BUY,1,10,"SMA_10,RSI_14,MACD_Signal,SMA_20,EMA_12,MACD,SMA_50,BB_Width,ADX,MFI",SMA_10
ICICIBANK,2024-08-29,2024,1,Sideways,0,0.5227,NO TRADE,0,1,0.7364,BUY,1,10,"SMA_10,RSI_14,MACD_Signal,SMA_20,EMA_12,MACD,SMA_50,BB_Width,ADX,MFI",SMA_10
ICICIBANK,2024-08-30,2024,1,Sideways,0,0.5063,NO TRADE,0,1,0.683,BUY,1,10,"SMA_10,RSI_14,MACD_Signal,SMA_20,EMA_12,MACD,SMA_50,BB_Width,ADX,MFI",SMA_10
ICICIBANK,2024-09-02,2024,1,Sideways,0,0.582,SELL,0,1,0.6544,BUY,1,10,"SMA_10,RSI_14,MACD_Signal,SMA_20,EMA_12,MACD,SMA_50,BB_Width,ADX,MFI",SMA_10
ICICIBANK,2024-09-03,2024,1,Sideways,0,0.6349,SELL,0,1,0.549,NO TRADE,1,10,"SMA_10,RSI_14,MACD_Signal,SMA_20,EMA_12,MACD,SMA_50,BB_Width,ADX,MFI",SMA_10
ICICIBANK,2024-09-04,2024,1,Sideways,0,0.6235,SELL,0,1,0.6307,BUY,1,10,"SMA_10,RSI_14,MACD_Signal,SMA_20,EMA_12,MACD,SMA_50,BB_Width,ADX,MFI",SMA_10
ICICIBANK,2024-09-05,2024,1,Sideways,0,0.5419,NO TRADE,0,1,0.6209,BUY,1,10,"SMA_10,RSI_14,MACD_Signal,SMA_20,EMA_12,MACD,SMA_50,BB_Width,ADX,MFI",SMA_10
ICICIBANK,2024-09-06,2024,1,Sideways,1,0.774,BUY,1,1,0.7106,BUY,1,10,"SMA_10,RSI_14,MACD_Signal,SMA_20,EMA_12,MACD,SMA_50,BB_Width,ADX,MFI",SMA_10
ICICIBANK,2024-09-09,2024,1,Sideways,1,0.7484,BUY,1,1,0.7655,BUY,1,10,"EMA_12,MACD,SMA_10,SMA_20,MACD_Signal,OBV,RSI_14,SMA_50,ADX,BB_Width",EMA_12
ICICIBANK,2024-09-10,2024,1,Sideways,1,0.588,BUY,1,1,0.7361,BUY,1,10,"EMA_12,MACD,SMA_10,SMA_20,MACD_Signal,OBV,RSI_14,SMA_50,ADX,BB_Width",EMA_12
ICICIBANK,2024-09-11,2024,1,Sideways,1,0.6345,BUY,1,1,0.7829,BUY,1,10,"EMA_12,MACD,SMA_10,SMA_20,MACD_Signal,OBV,RSI_14,SMA_50,ADX,BB_Width",EMA_12
ICICIBANK,2024-09-12,2024,0,Sideways,1,0.7328,BUY,0,1,0.676,BUY,0,10,"EMA_12,MACD,SMA_10,SMA_20,MACD_Signal,OBV,RSI_14,SMA_50,ADX,BB_Width",EMA_12
ICICIBANK,2024-09-13,2024,0,Sideways,1,0.5055,NO TRADE,0,1,0.6428,BUY,0,10,"EMA_12,MACD,SMA_10,SMA_20,MACD_Signal,OBV,RSI_14,SMA_50,ADX,BB_Width",EMA_12
ICICIBANK,2024-09-16,2024,0,Sideways,0,0.6109,SELL,1,1,0.6869,BUY,0,10,"EMA_12,MACD,SMA_10,SMA_20,MACD_Signal,OBV,RSI_14,SMA_50,ADX,BB_Width",EMA_12
ICICIBANK,2024-09-17,2024,0,Sideways,0,0.7917,SELL,1,0,0.6114,SELL,1,10,"EMA_12,MACD,SMA_10,SMA_20,MACD_Signal,OBV,RSI_14,SMA_50,ADX,BB_Width",EMA_12
ICICIBANK,2024-09-18,2024,0,Sideways,0,0.8536,SELL,1,0,0.6655,SELL,1,10,"EMA_12,MACD,SMA_10,SMA_20,MACD_Signal,OBV,RSI_14,SMA_50,ADX,BB_Width",EMA_12
ICICIBANK,2024-09-19,2024,0,Sideways,0,0.9945,SELL,1,0,0.7832,SELL,1,10,"EMA_12,MACD,SMA_10,SMA_20,MACD_Signal,OBV,RSI_14,SMA_50,ADX,BB_Width",EMA_12
ICICIBANK,2024-09-20,2024,0,Sideways,0,0.593,SELL,1,0,0.7852,SELL,1,10,"EMA_12,MACD,SMA_10,SMA_20,MACD_Signal,OBV,RSI_14,SMA_50,ADX,BB_Width",EMA_12
ICICIBANK,2024-09-23,2024,0,Sideways,0,0.9829,SELL,1,0,0.9102,SELL,1,10,"EMA_12,MACD,SMA_10,SMA_20,MACD_Signal,OBV,RSI_14,SMA_50,ADX,BB_Width",EMA_12
ICICIBANK,2024-09-24,2024,0,Sideways,0,0.9862,SELL,1,0,0.9177,SELL,1,10,"EMA_12,MACD,SMA_10,SMA_20,MACD_Signal,OBV,RSI_14,SMA_50,ADX,BB_Width",EMA_12
ICICIBANK,2024-09-25,2024,0,Sideways,0,0.9876,SELL,1,0,0.9782,SELL,1,10,"EMA_12,MACD,SMA_10,SMA_20,MACD_Signal,OBV,RSI_14,SMA_50,ADX,BB_Width",EMA_12
ICICIBANK,2024-09-26,2024,0,Sideways,0,0.9885,SELL,1,0,0.9846,SELL,1,10,"EMA_12,MACD,SMA_10,SMA_20,MACD_Signal,OBV,RSI_14,SMA_50,ADX,BB_Width",EMA_12
ICICIBANK,2024-09-27,2024,0,Sideways,0,0.9882,SELL,1,0,0.9623,SELL,1,10,"EMA_12,MACD,SMA_10,SMA_20,MACD_Signal,OBV,RSI_14,SMA_50,ADX,BB_Width",EMA_12
ICICIBANK,2024-09-30,2024,1,Sideways,0,0.8811,SELL,0,0,0.9728,SELL,0,10,"EMA_12,MACD,SMA_10,SMA_20,MACD_Signal,OBV,RSI_14,SMA_50,ADX,BB_Width",EMA_12
ICICIBANK,2024-10-01,2024,1,Sideways,0,0.6823,SELL,0,0,0.8442,SELL,0,10,"EMA_12,MACD,SMA_10,SMA_20,MACD_Signal,OBV,RSI_14,SMA_50,ADX,BB_Width",EMA_12
ICICIBANK,2024-10-03,2024,1,Sideways,1,0.7283,BUY,1,0,0.6428,SELL,0,10,"EMA_12,MACD,SMA_10,SMA_20,MACD_Signal,OBV,RSI_14,SMA_50,ADX,BB_Width",EMA_12
ICICIBANK,2024-10-04,2024,1,Sideways,1,0.8406,BUY,1,0,0.5354,NO TRADE,0,10,"EMA_12,MACD,SMA_10,SMA_20,MACD_Signal,OBV,RSI_14,SMA_50,ADX,BB_Width",EMA_12
ICICIBANK,2024-10-07,2024,1,Sideways,1,0.9172,BUY,1,1,0.5781,BUY,1,10,"EMA_12,MACD,SMA_10,SMA_20,MACD_Signal,OBV,RSI_14,SMA_50,ADX,BB_Width",EMA_12
ICICIBANK,2024-10-08,2024,1,Sideways,1,0.9372,BUY,1,1,0.6416,BUY,1,10,"EMA_12,MACD,SMA_10,SMA_20,MACD_Signal,OBV,RSI_14,SMA_50,ADX,BB_Width",EMA_12
ICICIBANK,2024-10-09,2024,1,Sideways,1,0.9647,BUY,1,1,0.7594,BUY,1,10,"EMA_12,MACD,SMA_10,SMA_20,MACD_Signal,OBV,RSI_14,SMA_50,ADX,BB_Width",EMA_12
ICICIBANK,2024-10-10,2024,1,Sideways,1,0.9581,BUY,1,1,0.8193,BUY,1,10,"EMA_12,MACD,SMA_10,SMA_20,MACD_Signal,OBV,RSI_14,SMA_50,ADX,BB_Width",EMA_12
ICICIBANK,2024-10-11,2024,1,Sideways,1,0.8923,BUY,1,1,0.9238,BUY,1,10,"EMA_12,MACD,SMA_10,SMA_20,MACD_Signal,OBV,RSI_14,SMA_50,ADX,BB_Width",EMA_12
ICICIBANK,2024-10-14,2024,1,Sideways,1,0.8944,BUY,1,1,0.9111,BUY,1,10,"EMA_12,MACD,SMA_10,SMA_20,MACD_Signal,OBV,RSI_14,SMA_50,ADX,BB_Width",EMA_12
ICICIBANK,2024-10-15,2024,1,Sideways,1,0.8984,BUY,1,1,0.7965,BUY,1,10,"EMA_12,MACD,SMA_10,SMA_20,MACD_Signal,OBV,RSI_14,SMA_50,ADX,BB_Width",EMA_12
ICICIBANK,2024-10-16,2024,1,Sideways,1,0.9393,BUY,1,1,0.9353,BUY,1,10,"EMA_12,MACD,SMA_10,SMA_20,MACD_Signal,OBV,RSI_14,SMA_50,ADX,BB_Width",EMA_12
ICICIBANK,2024-10-17,2024,1,Sideways,1,0.9653,BUY,1,1,0.9683,BUY,1,10,"EMA_12,MACD,SMA_10,SMA_20,MACD_Signal,OBV,RSI_14,SMA_50,ADX,BB_Width",EMA_12
ICICIBANK,2024-10-18,2024,0,Sideways,1,0.8906,BUY,0,1,0.9666,BUY,0,10,"EMA_12,MACD,SMA_10,SMA_20,MACD_Signal,OBV,RSI_14,SMA_50,ADX,BB_Width",EMA_12
ICICIBANK,2024-10-21,2024,0,Sideways,1,0.5677,BUY,0,1,0.9466,BUY,0,10,"EMA_12,MACD,SMA_10,SMA_20,MACD_Signal,OBV,RSI_14,SMA_50,ADX,BB_Width",EMA_12
ICICIBANK,2024-10-22,2024,0,Sideways,0,0.5141,NO TRADE,1,1,0.85,BUY,0,10,"MACD,EMA_12,BB_Width,Williams_R,SMA_50,RSI_14,SMA_10,CCI,Daily_Return,MACD_Hist",MACD
ICICIBANK,2024-10-23,2024,1,Sideways,1,0.7153,BUY,1,1,0.7442,BUY,1,10,"MACD,EMA_12,BB_Width,Williams_R,SMA_50,RSI_14,SMA_10,CCI,Daily_Return,MACD_Hist",MACD
ICICIBANK,2024-10-24,2024,1,Sideways,1,0.7087,BUY,1,1,0.7589,BUY,1,10,"MACD,EMA_12,BB_Width,Williams_R,SMA_50,RSI_14,SMA_10,CCI,Daily_Return,MACD_Hist",MACD
ICICIBANK,2024-10-25,2024,1,Sideways,1,0.8566,BUY,1,1,0.7568,BUY,1,10,"MACD,EMA_12,BB_Width,Williams_R,SMA_50,RSI_14,SMA_10,CCI,Daily_Return,MACD_Hist",MACD
ICICIBANK,2024-10-28,2024,1,Sideways,1,0.5352,NO TRADE,1,1,0.6985,BUY,1,10,"MACD,EMA_12,BB_Width,Williams_R,SMA_50,RSI_14,SMA_10,CCI,Daily_Return,MACD_Hist",MACD
ICICIBANK,2024-10-29,2024,0,Sideways,0,0.6275,SELL,1,1,0.6105,BUY,0,10,"MACD,EMA_12,BB_Width,Williams_R,SMA_50,RSI_14,SMA_10,CCI,Daily_Return,MACD_Hist",MACD
ICICIBANK,2024-10-30,2024,0,Sideways,0,0.5348,NO TRADE,1,1,0.5783,BUY,0,10,"MACD,EMA_12,BB_Width,Williams_R,SMA_50,RSI_14,SMA_10,CCI,Daily_Return,MACD_Hist",MACD
ICICIBANK,2024-10-31,2024,1,Sideways,1,0.5143,NO TRADE,1,1,0.6184,BUY,1,10,"MACD,EMA_12,BB_Width,Williams_R,SMA_50,RSI_14,SMA_10,CCI,Daily_Return,MACD_Hist",MACD
ICICIBANK,2024-11-01,2024,1,Sideways,1,0.6491,BUY,1,1,0.7658,BUY,1,10,"MACD,EMA_12,BB_Width,Williams_R,SMA_50,RSI_14,SMA_10,CCI,Daily_Return,MACD_Hist",MACD
ICICIBANK,2024-11-04,2024,1,Sideways,1,0.9066,BUY,1,1,0.7262,BUY,1,10,"MACD,EMA_12,BB_Width,Williams_R,SMA_50,RSI_14,SMA_10,CCI,Daily_Return,MACD_Hist",MACD
ICICIBANK,2024-11-05,2024,1,Sideways,1,0.7767,BUY,1,1,0.7376,BUY,1,10,"MACD,EMA_12,BB_Width,Williams_R,SMA_50,RSI_14,SMA_10,CCI,Daily_Return,MACD_Hist",MACD
ICICIBANK,2024-11-06,2024,1,Sideways,1,0.649,BUY,1,1,0.7036,BUY,1,10,"MACD,EMA_12,BB_Width,Williams_R,SMA_50,RSI_14,SMA_10,CCI,Daily_Return,MACD_Hist",MACD
ICICIBANK,2024-11-07,2024,1,Sideways,1,0.9437,BUY,1,1,0.7353,BUY,1,10,"MACD,EMA_12,BB_Width,Williams_R,SMA_50,RSI_14,SMA_10,CCI,Daily_Return,MACD_Hist",MACD
ICICIBANK,2024-11-08,2024,1,Sideways,1,0.8658,BUY,1,1,0.7623,BUY,1,10,"MACD,EMA_12,BB_Width,Williams_R,SMA_50,RSI_14,SMA_10,CCI,Daily_Return,MACD_Hist",MACD
ICICIBANK,2024-11-11,2024,1,Sideways,1,0.8558,BUY,1,1,0.7774,BUY,1,10,"MACD,EMA_12,BB_Width,Williams_R,SMA_50,RSI_14,SMA_10,CCI,Daily_Return,MACD_Hist",MACD
ICICIBANK,2024-11-12,2024,1,Sideways,1,0.8922,BUY,1,1,0.8366,BUY,1,10,"MACD,EMA_12,BB_Width,Williams_R,SMA_50,RSI_14,SMA_10,CCI,Daily_Return,MACD_Hist",MACD
ICICIBANK,2024-11-13,2024,1,Sideways,1,0.9671,BUY,1,1,0.8474,BUY,1,10,"MACD,EMA_12,BB_Width,Williams_R,SMA_50,RSI_14,SMA_10,CCI,Daily_Return,MACD_Hist",MACD
ICICIBANK,2024-11-14,2024,1,Sideways,1,0.9631,BUY,1,1,0.8532,BUY,1,10,"MACD,EMA_12,BB_Width,Williams_R,SMA_50,RSI_14,SMA_10,CCI,Daily_Return,MACD_Hist",MACD
ICICIBANK,2024-11-18,2024,1,Sideways,1,0.8591,BUY,1,1,0.8531,BUY,1,10,"MACD,EMA_12,BB_Width,Williams_R,SMA_50,RSI_14,SMA_10,CCI,Daily_Return,MACD_Hist",MACD
ICICIBANK,2024-11-19,2024,1,Sideways,1,0.9632,BUY,1,1,0.849,BUY,1,10,"MACD,EMA_12,BB_Width,Williams_R,SMA_50,RSI_14,SMA_10,CCI,Daily_Return,MACD_Hist",MACD
ICICIBANK,2024-11-21,2024,1,Sideways,1,0.9603,BUY,1,1,0.8554,BUY,1,10,"MACD,EMA_12,BB_Width,Williams_R,SMA_50,RSI_14,SMA_10,CCI,Daily_Return,MACD_Hist",MACD
ICICIBANK,2024-11-22,2024,1,Sideways,1,0.9269,BUY,1,1,0.887,BUY,1,10,"MACD,EMA_12,BB_Width,Williams_R,SMA_50,RSI_14,SMA_10,CCI,Daily_Return,MACD_Hist",MACD
ICICIBANK,2024-11-25,2024,0,Sideways,1,0.8292,BUY,0,1,0.8124,BUY,0,10,"MACD,EMA_12,BB_Width,Williams_R,SMA_50,RSI_14,SMA_10,CCI,Daily_Return,MACD_Hist",MACD
ICICIBANK,2024-11-26,2024,0,Sideways,1,0.5204,NO TRADE,0,1,0.7422,BUY,0,10,"MACD,EMA_12,BB_Width,Williams_R,SMA_50,RSI_14,SMA_10,CCI,Daily_Return,MACD_Hist",MACD
ICICIBANK,2024-11-27,2024,0,Sideways,1,0.5981,BUY,0,1,0.6819,BUY,0,10,"MACD,EMA_12,BB_Width,Williams_R,SMA_50,RSI_14,SMA_10,CCI,Daily_Return,MACD_Hist",MACD
ICICIBANK,2024-11-28,2024,1,Sideways,1,0.6733,BUY,1,1,0.8059,BUY,1,10,"MACD,EMA_12,BB_Width,Williams_R,SMA_50,RSI_14,SMA_10,CCI,Daily_Return,MACD_Hist",MACD
ICICIBANK,2024-11-29,2024,0,Sideways,0,0.6178,SELL,1,1,0.6953,BUY,0,10,"MACD,EMA_12,BB_Width,Williams_R,SMA_50,RSI_14,SMA_10,CCI,Daily_Return,MACD_Hist",MACD
ICICIBANK,2024-12-02,2024,0,Sideways,0,0.6604,SELL,1,1,0.686,BUY,0,10,"MACD,EMA_12,BB_Width,Williams_R,SMA_50,RSI_14,SMA_10,CCI,Daily_Return,MACD_Hist",MACD
TCS,2022-01-03,2022,0,Sideways,1,0.7513,BUY,0,1,0.7953,BUY,0,10,"MACD_Hist,ATR_14,SMA_10,OBV,RSI_14,SMA_50,MACD,BB_Upper,Volume_MA,SMA_20",MACD_Hist
TCS,2022-01-04,2022,0,Sideways,1,0.6627,BUY,0,1,0.5813,BUY,0,10,"MACD_Hist,MACD,ATR_14,Volume_MA,MACD_Signal,OBV,SMA_20,ROC,SMA_10,EMA_26",MACD_Hist
TCS,2022-01-05,2022,0,Sideways,1,0.6187,BUY,0,0,0.5192,NO TRADE,1,10,"MACD_Hist,MACD,ATR_14,Volume_MA,MACD_Signal,OBV,SMA_20,ROC,SMA_10,EMA_26",MACD_Hist
TCS,2022-01-06,2022,1,Sideways,1,0.5316,NO TRADE,1,1,0.5005,NO TRADE,1,10,"MACD_Hist,MACD,ATR_14,Volume_MA,MACD_Signal,OBV,SMA_20,ROC,SMA_10,EMA_26",MACD_Hist
TCS,2022-01-07,2022,0,Sideways,0,0.5718,SELL,1,1,0.5995,BUY,0,10,"MACD_Hist,MACD,ATR_14,Volume_MA,MACD_Signal,OBV,SMA_20,ROC,SMA_10,EMA_26",MACD_Hist
TCS,2022-01-10,2022,0,Sideways,0,0.6573,SELL,1,1,0.5362,NO TRADE,0,10,"MACD_Hist,MACD,ATR_14,Volume_MA,MACD_Signal,OBV,SMA_20,ROC,SMA_10,EMA_26",MACD_Hist
TCS,2022-01-11,2022,0,Sideways,0,0.6881,SELL,1,0,0.6037,SELL,1,10,"MACD_Hist,MACD,ATR_14,Volume_MA,MACD_Signal,OBV,SMA_20,ROC,SMA_10,EMA_26",MACD_Hist
TCS,2022-01-12,2022,0,Sideways,0,0.7053,SELL,1,0,0.5915,SELL,1,10,"MACD_Hist,MACD,ATR_14,Volume_MA,MACD_Signal,OBV,SMA_20,ROC,SMA_10,EMA_26",MACD_Hist
TCS,2022-01-13,2022,0,Sideways,0,0.7261,SELL,1,0,0.5359,NO TRADE,1,10,"MACD_Hist,MACD,ATR_14,Volume_MA,MACD_Signal,OBV,SMA_20,ROC,SMA_10,EMA_26",MACD_Hist
TCS,2022-01-14,2022,0,Sideways,0,0.8227,SELL,1,0,0.5929,SELL,1,10,"MACD_Hist,MACD,ATR_14,Volume_MA,MACD_Signal,OBV,SMA_20,ROC,SMA_10,EMA_26",MACD_Hist
TCS,2022-01-17,2022,0,Sideways,0,0.8313,SELL,1,0,0.6134,SELL,1,10,"MACD_Hist,MACD,ATR_14,Volume_MA,MACD_Signal,OBV,SMA_20,ROC,SMA_10,EMA_26",MACD_Hist
TCS,2022-01-18,2022,0,Sideways,0,0.8525,SELL,1,0,0.671,SELL,1,10,"MACD_Hist,MACD,ATR_14,Volume_MA,MACD_Signal,OBV,SMA_20,ROC,SMA_10,EMA_26",MACD_Hist
TCS,2022-01-19,2022,0,Sideways,0,0.8609,SELL,1,0,0.628,SELL,1,10,"MACD_Hist,MACD,ATR_14,Volume_MA,MACD_Signal,OBV,SMA_20,ROC,SMA_10,EMA_26",MACD_Hist
TCS,2022-01-20,2022,0,Sideways,0,0.8611,SELL,1,1,0.5095,NO TRADE,0,10,"MACD_Hist,MACD,ATR_14,Volume_MA,MACD_Signal,OBV,SMA_20,ROC,SMA_10,EMA_26",MACD_Hist
TCS,2022-01-21,2022,0,Sideways,0,0.7363,SELL,1,0,0.5021,NO TRADE,1,10,"MACD_Hist,MACD,ATR_14,Volume_MA,MACD_Signal,OBV,SMA_20,ROC,SMA_10,EMA_26",MACD_Hist
TCS,2022-01-24,2022,0,Sideways,0,0.7579,SELL,1,1,0.5434,NO TRADE,0,10,"MACD_Hist,MACD,ATR_14,Volume_MA,MACD_Signal,OBV,SMA_20,ROC,SMA_10,EMA_26",MACD_Hist
TCS,2022-01-25,2022,0,Sideways,0,0.5671,SELL,1,1,0.552,BUY,0,10,"MACD_Hist,MACD,ATR_14,Volume_MA,MACD_Signal,OBV,SMA_20,ROC,SMA_10,EMA_26",MACD_Hist
TCS,2022-01-27,2022,0,Sideways,0,0.6917,SELL,1,1,0.6679,BUY,0,10,"MACD_Hist,MACD,ATR_14,Volume_MA,MACD_Signal,OBV,SMA_20,ROC,SMA_10,EMA_26",MACD_Hist
TCS,2022-01-28,2022,0,Sideways,0,0.5744,SELL,1,0,0.5576,SELL,1,10,"MACD_Hist,MACD,ATR_14,Volume_MA,MACD_Signal,OBV,SMA_20,ROC,SMA_10,EMA_26",MACD_Hist
TCS,2022-01-31,2022,0,Sideways,1,0.5613,BUY,0,1,0.5026,NO TRADE,0,10,"MACD_Hist,MACD,ATR_14,Volume_MA,MACD_Signal,OBV,SMA_20,ROC,SMA_10,EMA_26",MACD_Hist
TCS,2022-02-01,2022,0,Sideways,1,0.5528,BUY,0,0,0.6087,SELL,1,10,"MACD_Hist,MACD,ATR_14,Volume_MA,MACD_Signal,OBV,SMA_20,ROC,SMA_10,EMA_26",MACD_Hist
TCS,2022-02-02,2022,0,Sideways,1,0.5593,BUY,0,1,0.5222,NO TRADE,0,10,"MACD_Hist,MACD,ATR_14,Volume_MA,MACD_Signal,OBV,SMA_20,ROC,SMA_10,EMA_26",MACD_Hist
TCS,2022-02-03,2022,0,Sideways,1,0.5562,BUY,0,0,0.5188,NO TRADE,1,10,"MACD_Hist,MACD,ATR_14,Volume_MA,MACD_Signal,OBV,SMA_20,ROC,SMA_10,EMA_26",MACD_Hist
TCS,2022-02-04,2022,0,Sideways,1,0.6873,BUY,0,0,0.5545,SELL,1,10,"MACD_Hist,MACD,ATR_14,Volume_MA,MACD_Signal,OBV,SMA_20,ROC,SMA_10,EMA_26",MACD_Hist
TCS,2022-02-07,2022,0,Sideways,1,0.6157,BUY,0,1,0.5412,NO TRADE,0,10,"MACD_Hist,MACD,ATR_14,Volume_MA,MACD_Signal,OBV,SMA_20,ROC,SMA_10,EMA_26",MACD_Hist
TCS,2022-02-08,2022,0,Sideways,1,0.7924,BUY,0,1,0.6374,BUY,0,10,"MACD_Hist,MACD,ATR_14,Volume_MA,MACD_Signal,OBV,SMA_20,ROC,SMA_10,EMA_26",MACD_Hist
TCS,2022-02-09,2022,0,Sideways,1,0.8473,BUY,0,1,0.6689,BUY,0,10,"MACD_Hist,MACD,ATR_14,Volume_MA,MACD_Signal,OBV,SMA_20,ROC,SMA_10,EMA_26",MACD_Hist
TCS,2022-02-10,2022,0,Sideways,1,0.9164,BUY,0,1,0.5618,BUY,0,10,"MACD_Hist,MACD,ATR_14,Volume_MA,MACD_Signal,OBV,SMA_20,ROC,SMA_10,EMA_26",MACD_Hist
TCS,2022-02-11,2022,0,Sideways,1,0.7303,BUY,0,1,0.6275,BUY,0,10,"MACD_Hist,MACD,ATR_14,Volume_MA,MACD_Signal,OBV,SMA_20,ROC,SMA_10,EMA_26",MACD_Hist
TCS,2022-02-14,2022,0,Sideways,1,0.8642,BUY,0,0,0.5446,NO TRADE,1,10,"MACD_Hist,MACD,ATR_14,Volume_MA,MACD_Signal,OBV,SMA_20,ROC,SMA_10,EMA_26",MACD_Hist
TCS,2022-02-15,2022,0,Sideways,1,0.6949,BUY,0,0,0.5783,SELL,1,10,"MACD_Hist,MACD,ATR_14,Volume_MA,MACD_Signal,OBV,SMA_20,ROC,SMA_10,EMA_26",MACD_Hist
TCS,2022-02-16,2022,0,Sideways,1,0.8094,BUY,0,1,0.6026,BUY,0,10,"EMA_26,SMA_20,MACD_Hist,EMA_12,MACD,RSI_14,SMA_50,MACD_Signal,SMA_10,ATR_14",EMA_26
TCS,2022-02-17,2022,0,Sideways,1,0.9078,BUY,0,1,0.5932,BUY,0,10,"EMA_26,SMA_20,MACD_Hist,EMA_12,MACD,RSI_14,SMA_50,MACD_Signal,SMA_10,ATR_14",EMA_26
TCS,2022-02-18,2022,0,Sideways,1,0.9217,BUY,0,0,0.6821,SELL,1,10,"EMA_26,SMA_20,MACD_Hist,EMA_12,MACD,RSI_14,SMA_50,MACD_Signal,SMA_10,ATR_14",EMA_26
TCS,2022-02-21,2022,0,Sideways,0,0.5002,NO TRADE,1,1,0.5501,BUY,0,10,"EMA_26,SMA_20,MACD_Hist,EMA_12,MACD,RSI_14,SMA_50,MACD_Signal,SMA_10,ATR_14",EMA_26
TCS,2022-02-22,2022,1,Sideways,0,0.7055,SELL,0,1,0.7404,BUY,1,10,"EMA_26,SMA_20,MACD_Hist,EMA_12,MACD,RSI_14,SMA_50,MACD_Signal,SMA_10,ATR_14",EMA_26
TCS,2022-02-23,2022,1,Sideways,1,0.5453,NO TRADE,1,1,0.9672,BUY,1,10,"EMA_26,SMA_20,MACD_Hist,EMA_12,MACD,RSI_14,SMA_50,MACD_Signal,SMA_10,ATR_14",EMA_26
TCS,2022-02-24,2022,1,Sideways,0,0.8697,SELL,0,1,0.8663,BUY,1,10,"EMA_26,SMA_20,MACD_Hist,EMA_12,MACD,RSI_14,SMA_50,MACD_Signal,SMA_10,ATR_14",EMA_26
TCS,2022-02-25,2022,1,Sideways,0,0.665,SELL,0,1,0.9746,BUY,1,10,"EMA_26,SMA_20,MACD_Hist,EMA_12,MACD,RSI_14,SMA_50,MACD_Signal,SMA_10,ATR_14",EMA_26
TCS,2022-02-28,2022,1,Sideways,1,0.6377,BUY,1,1,0.982,BUY,1,10,"EMA_26,SMA_20,MACD_Hist,EMA_12,MACD,RSI_14,SMA_50,MACD_Signal,SMA_10,ATR_14",EMA_26
TCS,2022-03-02,2022,1,Sideways,1,0.8059,BUY,1,1,0.9916,BUY,1,10,"EMA_26,SMA_20,MACD_Hist,EMA_12,MACD,RSI_14,SMA_50,MACD_Signal,SMA_10,ATR_14",EMA_26
TCS,2022-03-03,2022,1,Sideways,1,0.8244,BUY,1,1,0.996,BUY,1,10,"EMA_26,SMA_20,MACD_Hist,EMA_12,MACD,RSI_14,SMA_50,MACD_Signal,SMA_10,ATR_14",EMA_26
TCS,2022-03-04,2022,1,Sideways,1,0.904,BUY,1,1,0.9976,BUY,1,10,"EMA_26,SMA_20,MACD_Hist,EMA_12,MACD,RSI_14,SMA_50,MACD_Signal,SMA_10,ATR_14",EMA_26
TCS,2022-03-07,2022,1,Sideways,1,0.8946,BUY,1,1,0.9984,BUY,1,10,"EMA_26,SMA_20,MACD_Hist,EMA_12,MACD,RSI_14,SMA_50,MACD_Signal,SMA_10,ATR_14",EMA_26
TCS,2022-03-08,2022,1,Sideways,1,0.8377,BUY,1,1,0.8972,BUY,1,10,"EMA_26,SMA_20,MACD_Hist,EMA_12,MACD,RSI_14,SMA_50,MACD_Signal,SMA_10,ATR_14",EMA_26
TCS,2022-03-09,2022,1,Sideways,1,0.9294,BUY,1,1,0.9987,BUY,1,10,"EMA_26,SMA_20,MACD_Hist,EMA_12,MACD,RSI_14,SMA_50,MACD_Signal,SMA_10,ATR_14",EMA_26
TCS,2022-03-10,2022,1,Sideways,1,0.9272,BUY,1,1,0.9986,BUY,1,10,"EMA_26,SMA_20,MACD_Hist,EMA_12,MACD,RSI_14,SMA_50,MACD_Signal,SMA_10,ATR_14",EMA_26
TCS,2022-03-11,2022,1,Sideways,1,0.928,BUY,1,1,0.9984,BUY,1,10,"EMA_26,SMA_20,MACD_Hist,EMA_12,MACD,RSI_14,SMA_50,MACD_Signal,SMA_10,ATR_14",EMA_26
TCS,2022-03-14,2022,1,Sideways,1,0.858,BUY,1,1,0.9978,BUY,1,10,"EMA_26,SMA_20,MACD_Hist,EMA_12,MACD,RSI_14,SMA_50,MACD_Signal,SMA_10,ATR_14",EMA_26
TCS,2022-03-15,2022,1,Sideways,1,0.8554,BUY,1,1,0.9971,BUY,1,10,"EMA_26,SMA_20,MACD_Hist,EMA_12,MACD,RSI_14,SMA_50,MACD_Signal,SMA_10,ATR_14",EMA_26
TCS,2022-03-16,2022,0,Sideways,1,0.8614,BUY,0,1,0.9959,BUY,0,10,"EMA_26,SMA_20,MACD_Hist,EMA_12,MACD,RSI_14,SMA_50,MACD_Signal,SMA_10,ATR_14",EMA_26
TCS,2022-03-17,2022,0,Sideways,1,0.8317,BUY,0,1,0.9471,BUY,0,10,"EMA_26,SMA_20,MACD_Hist,EMA_12,MACD,RSI_14,SMA_50,MACD_Signal,SMA_10,ATR_14",EMA_26
TCS,2022-03-21,2022,0,Sideways,1,0.8186,BUY,0,1,0.7352,BUY,0,10,"EMA_26,SMA_20,MACD_Hist,EMA_12,MACD,RSI_14,SMA_50,MACD_Signal,SMA_10,ATR_14",EMA_26
TCS,2022-03-22,2022,0,Sideways,1,0.7377,BUY,0,0,0.56,SELL,1,10,"EMA_26,SMA_20,MACD_Hist,EMA_12,MACD,RSI_14,SMA_50,MACD_Signal,SMA_10,ATR_14",EMA_26
TCS,2022-03-23,2022,0,Sideways,1,0.6718,BUY,0,0,0.7262,SELL,1,10,"EMA_26,SMA_20,MACD_Hist,EMA_12,MACD,RSI_14,SMA_50,MACD_Signal,SMA_10,ATR_14",EMA_26
TCS,2022-03-24,2022,0,Sideways,1,0.6978,BUY,0,0,0.6713,SELL,1,10,"EMA_26,SMA_20,MACD_Hist,EMA_12,MACD,RSI_14,SMA_50,MACD_Signal,SMA_10,ATR_14",EMA_26
TCS,2022-03-25,2022,0,Sideways,1,0.5986,BUY,0,0,0.6879,SELL,1,10,"EMA_26,SMA_20,MACD_Hist,EMA_12,MACD,RSI_14,SMA_50,MACD_Signal,SMA_10,ATR_14",EMA_26
TCS,2022-03-28,2022,0,Sideways,1,0.6962,BUY,0,0,0.8097,SELL,1,10,"EMA_26,SMA_20,MACD_Hist,EMA_12,MACD,RSI_14,SMA_50,MACD_Signal,SMA_10,ATR_14",EMA_26
TCS,2022-03-29,2022,0,Sideways,1,0.7978,BUY,0,0,0.7347,SELL,1,10,"EMA_26,SMA_20,MACD_Hist,EMA_12,MACD,RSI_14,SMA_50,MACD_Signal,SMA_10,ATR_14",EMA_26
TCS,2022-03-30,2022,0,Sideways,1,0.7265,BUY,0,0,0.84,SELL,1,10,"EMA_26,SMA_20,MACD_Hist,EMA_12,MACD,RSI_14,SMA_50,MACD_Signal,SMA_10,ATR_14",EMA_26
TCS,2022-03-31,2022,0,Sideways,1,0.6554,BUY,0,0,0.8694,SELL,1,10,"EMA_26,SMA_20,MACD_Hist,EMA_12,MACD,RSI_14,SMA_50,MACD_Signal,SMA_10,ATR_14",EMA_26
TCS,2022-04-01,2022,0,Sideways,1,0.5149,NO TRADE,0,0,0.9147,SELL,1,10,"EMA_12,MACD,SMA_10,SMA_50,MACD_Hist,ATR_14,Return_5d,CCI,EMA_26,RSI_14",EMA_12
TCS,2022-04-04,2022,0,Sideways,1,0.5046,NO TRADE,0,0,0.9177,SELL,1,10,"EMA_12,MACD,SMA_10,SMA_50,MACD_Hist,ATR_14,Return_5d,CCI,EMA_26,RSI_14",EMA_12
TCS,2022-04-05,2022,0,Sideways,1,0.5209,NO TRADE,0,0,0.8523,SELL,1,10,"EMA_12,MACD,SMA_10,SMA_50,MACD_Hist,ATR_14,Return_5d,CCI,EMA_26,RSI_14",EMA_12
TCS,2022-04-06,2022,0,Sideways,1,0.6016,BUY,0,0,0.8309,SELL,1,10,"EMA_12,MACD,SMA_10,SMA_50,MACD_Hist,ATR_14,Return_5d,CCI,EMA_26,RSI_14",EMA_12
TCS,2022-04-07,2022,0,Sideways,1,0.7178,BUY,0,0,0.7094,SELL,1,10,"EMA_12,MACD,SMA_10,SMA_50,MACD_Hist,ATR_14,Return_5d,CCI,EMA_26,RSI_14",EMA_12
TCS,2022-04-08,2022,0,Sideways,1,0.7545,BUY,0,0,0.8161,SELL,1,10,"EMA_12,MACD,SMA_10,SMA_50,MACD_Hist,ATR_14,Return_5d,CCI,EMA_26,RSI_14",EMA_12
TCS,2022-04-11,2022,0,Sideways,1,0.7554,BUY,0,0,0.8883,SELL,1,10,"EMA_12,MACD,SMA_10,SMA_50,MACD_Hist,ATR_14,Return_5d,CCI,EMA_26,RSI_14",EMA_12
TCS,2022-04-12,2022,0,Sideways,1,0.7699,BUY,0,0,0.8959,SELL,1,10,"EMA_12,MACD,SMA_10,SMA_50,MACD_Hist,ATR_14,Return_5d,CCI,EMA_26,RSI_14",EMA_12
TCS,2022-04-13,2022,0,Sideways,1,0.6917,BUY,0,0,0.847,SELL,1,10,"EMA_12,MACD,SMA_10,SMA_50,MACD_Hist,ATR_14,Return_5d,CCI,EMA_26,RSI_14",EMA_12
TCS,2022-04-18,2022,0,Sideways,0,0.5796,SELL,1,0,0.5721,SELL,1,10,"EMA_12,MACD,SMA_10,SMA_50,MACD_Hist,ATR_14,Return_5d,CCI,EMA_26,RSI_14",EMA_12
TCS,2022-04-19,2022,0,Sideways,0,0.6137,SELL,1,0,0.5806,SELL,1,10,"EMA_12,MACD,SMA_10,SMA_50,MACD_Hist,ATR_14,Return_5d,CCI,EMA_26,RSI_14",EMA_12
TCS,2022-04-20,2022,0,Sideways,0,0.6839,SELL,1,0,0.8323,SELL,1,10,"EMA_12,MACD,SMA_10,SMA_50,MACD_Hist,ATR_14,Return_5d,CCI,EMA_26,RSI_14",EMA_12
TCS,2022-04-21,2022,0,Sideways,0,0.6557,SELL,1,0,0.8646,SELL,1,10,"EMA_12,MACD,SMA_10,SMA_50,MACD_Hist,ATR_14,Return_5d,CCI,EMA_26,RSI_14",EMA_12
TCS,2022-04-22,2022,0,Sideways,0,0.6445,SELL,1,0,0.8719,SELL,1,10,"EMA_12,MACD,SMA_10,SMA_50,MACD_Hist,ATR_14,Return_5d,CCI,EMA_26,RSI_14",EMA_12
TCS,2022-04-25,2022,0,Sideways,0,0.5463,NO TRADE,1,0,0.8694,SELL,1,10,"EMA_12,MACD,SMA_10,SMA_50,MACD_Hist,ATR_14,Return_5d,CCI,EMA_26,RSI_14",EMA_12
TCS,2022-04-26,2022,0,Sideways,0,0.565,SELL,1,0,0.867,SELL,1,10,"EMA_12,MACD,SMA_10,SMA_50,MACD_Hist,ATR_14,Return_5d,CCI,EMA_26,RSI_14",EMA_12
TCS,2022-04-27,2022,0,Sideways,0,0.553,SELL,1,0,0.8857,SELL,1,10,"EMA_12,MACD,SMA_10,SMA_50,MACD_Hist,ATR_14,Return_5d,CCI,EMA_26,RSI_14",EMA_12
TCS,2022-04-28,2022,0,Sideways,0,0.5523,SELL,1,0,0.8873,SELL,1,10,"EMA_12,MACD,SMA_10,SMA_50,MACD_Hist,ATR_14,Return_5d,CCI,EMA_26,RSI_14",EMA_12
TCS,2022-04-29,2022,0,Sideways,0,0.5854,SELL,1,0,0.8828,SELL,1,10,"EMA_12,MACD,SMA_10,SMA_50,MACD_Hist,ATR_14,Return_5d,CCI,EMA_26,RSI_14",EMA_12
TCS,2022-05-02,2022,0,Sideways,0,0.5475,NO TRADE,1,0,0.8771,SELL,1,10,"EMA_12,MACD,SMA_10,SMA_50,MACD_Hist,ATR_14,Return_5d,CCI,EMA_26,RSI_14",EMA_12
TCS,2022-05-04,2022,0,Sideways,0,0.5842,SELL,1,0,0.7975,SELL,1,10,"EMA_12,MACD,SMA_10,SMA_50,MACD_Hist,ATR_14,Return_5d,CCI,EMA_26,RSI_14",EMA_12
TCS,2022-05-05,2022,0,Sideways,0,0.5204,NO TRADE,1,0,0.8799,SELL,1,10,"EMA_12,MACD,SMA_10,SMA_50,MACD_Hist,ATR_14,Return_5d,CCI,EMA_26,RSI_14",EMA_12
TCS,2022-05-06,2022,1,Sideways,0,0.6234,SELL,0,0,0.7992,SELL,0,10,"EMA_12,MACD,SMA_10,SMA_50,MACD_Hist,ATR_14,Return_5d,CCI,EMA_26,RSI_14",EMA_12
TCS,2022-05-09,2022,1,Sideways,1,0.6046,BUY,1,0,0.562,SELL,0,10,"EMA_12,MACD,SMA_10,SMA_50,MACD_Hist,ATR_14,Return_5d,CCI,EMA_26,RSI_14",EMA_12
TCS,2022-05-10,2022,0,Sideways,1,0.6644,BUY,0,1,0.7314,BUY,0,10,"EMA_12,MACD,SMA_10,SMA_50,MACD_Hist,ATR_14,Return_5d,CCI,EMA_26,RSI_14",EMA_12
TCS,2022-05-11,2022,1,Sideways,0,0.6118,SELL,0,0,0.6773,SELL,0,10,"EMA_12,MACD,SMA_10,SMA_50,MACD_Hist,ATR_14,Return_5d,CCI,EMA_26,RSI_14",EMA_12
TCS,2022-05-12,2022,1,Sideways,1,0.5231,NO TRADE,1,1,0.8227,BUY,1,10,"EMA_12,MACD,SMA_10,SMA_50,MACD_Hist,ATR_14,Return_5d,CCI,EMA_26,RSI_14",EMA_12
TCS,2022-05-13,2022,0,Sideways,0,0.5398,NO TRADE,1,1,0.8691,BUY,0,10,"EMA_12,MACD,SMA_10,SMA_50,MACD_Hist,ATR_14,Return_5d,CCI,EMA_26,RSI_14",EMA_12
TCS,2022-05-16,2022,0,Sideways,0,0.5652,SELL,1,1,0.8197,BUY,0,10,"EMA_12,MACD,SMA_10,SMA_50,MACD_Hist,ATR_14,Return_5d,CCI,EMA_26,RSI_14",EMA_12
TCS,2022-05-17,2022,0,Sideways,0,0.6393,SELL,1,1,0.5559,BUY,0,10,"EMA_12,MACD,SMA_10,SMA_50,MACD_Hist,ATR_14,Return_5d,CCI,EMA_26,RSI_14",EMA_12
TCS,2022-05-18,2022,0,Sideways,0,0.687,SELL,1,0,0.5506,SELL,1,10,"EMA_12,EMA_26,BB_Upper,Volume_MA,BB_Width,MACD,CCI,ADX,SMA_50,SMA_10",EMA_12
TCS,2022-05-19,2022,0,Sideways,0,0.9285,SELL,1,1,0.5156,NO TRADE,0,10,"EMA_12,EMA_26,BB_Upper,Volume_MA,BB_Width,MACD,CCI,ADX,SMA_50,SMA_10",EMA_12
TCS,2022-05-20,2022,0,Sideways,0,0.701,SELL,1,0,0.6137,SELL,1,10,"EMA_12,EMA_26,BB_Upper,Volume_MA,BB_Width,MACD,CCI,ADX,SMA_50,SMA_10",EMA_12
TCS,2022-05-23,2022,0,Sideways,0,0.7108,SELL,1,0,0.6468,SELL,1,10,"EMA_12,EMA_26,BB_Upper,Volume_MA,BB_Width,MACD,CCI,ADX,SMA_50,SMA_10",EMA_12
TCS,2022-05-24,2022,0,Sideways,0,0.7313,SELL,1,0,0.6825,SELL,1,10,"EMA_12,EMA_26,BB_Upper,Volume_MA,BB_Width,MACD,CCI,ADX,SMA_50,SMA_10",EMA_12
TCS,2022-05-25,2022,1,Sideways,0,0.8334,SELL,0,0,0.693,SELL,0,10,"EMA_12,EMA_26,BB_Upper,Volume_MA,BB_Width,MACD,CCI,ADX,SMA_50,SMA_10",EMA_12
TCS,2022-05-26,2022,1,Sideways,1,0.5663,BUY,1,1,0.5293,NO TRADE,1,10,"EMA_12,EMA_26,BB_Upper,Volume_MA,BB_Width,MACD,CCI,ADX,SMA_50,SMA_10",EMA_12
TCS,2022-05-27,2022,1,Sideways,1,0.5084,NO TRADE,1,1,0.6377,BUY,1,10,"EMA_12,EMA_26,BB_Upper,Volume_MA,BB_Width,MACD,CCI,ADX,SMA_50,SMA_10",EMA_12
TCS,2022-05-30,2022,0,Sideways,1,0.5311,NO TRADE,0,1,0.7652,BUY,0,10,"EMA_12,EMA_26,BB_Upper,Volume_MA,BB_Width,MACD,CCI,ADX,SMA_50,SMA_10",EMA_12
TCS,2022-05-31,2022,0,Sideways,0,0.749,SELL,1,1,0.5884,BUY,0,10,"EMA_12,EMA_26,BB_Upper,Volume_MA,BB_Width,MACD,CCI,ADX,SMA_50,SMA_10",EMA_12
TCS,2022-06-01,2022,0,Sideways,0,0.7634,SELL,1,0,0.5817,SELL,1,10,"EMA_12,EMA_26,BB_Upper,Volume_MA,BB_Width,MACD,CCI,ADX,SMA_50,SMA_10",EMA_12
TCS,2022-06-02,2022,0,Sideways,0,0.7682,SELL,1,0,0.6825,SELL,1,10,"EMA_12,EMA_26,BB_Upper,Volume_MA,BB_Width,MACD,CCI,ADX,SMA_50,SMA_10",EMA_12
TCS,2022-06-03,2022,0,Sideways,0,0.7982,SELL,1,0,0.6336,SELL,1,10,"EMA_12,EMA_26,BB_Upper,Volume_MA,BB_Width,MACD,CCI,ADX,SMA_50,SMA_10",EMA_12
TCS,2022-06-06,2022,0,Sideways,0,0.7908,SELL,1,0,0.6501,SELL,1,10,"EMA_12,EMA_26,BB_Upper,Volume_MA,BB_Width,MACD,CCI,ADX,SMA_50,SMA_10",EMA_12
TCS,2022-06-07,2022,0,Sideways,0,0.8246,SELL,1,0,0.7821,SELL,1,10,"EMA_12,EMA_26,BB_Upper,Volume_MA,BB_Width,MACD,CCI,ADX,SMA_50,SMA_10",EMA_12
TCS,2022-06-08,2022,0,Sideways,0,0.8268,SELL,1,0,0.8106,SELL,1,10,"EMA_12,EMA_26,BB_Upper,Volume_MA,BB_Width,MACD,CCI,ADX,SMA_50,SMA_10",EMA_12
TCS,2022-06-09,2022,0,Sideways,0,0.8308,SELL,1,0,0.7359,SELL,1,10,"EMA_12,EMA_26,BB_Upper,Volume_MA,BB_Width,MACD,CCI,ADX,SMA_50,SMA_10",EMA_12
TCS,2022-06-10,2022,0,Sideways,0,0.8295,SELL,1,0,0.8089,SELL,1,10,"EMA_12,EMA_26,BB_Upper,Volume_MA,BB_Width,MACD,CCI,ADX,SMA_50,SMA_10",EMA_12
TCS,2022-06-13,2022,0,Sideways,0,0.73,SELL,1,0,0.7411,SELL,1,10,"EMA_12,EMA_26,BB_Upper,Volume_MA,BB_Width,MACD,CCI,ADX,SMA_50,SMA_10",EMA_12
TCS,2022-06-14,2022,0,Sideways,0,0.8127,SELL,1,0,0.7483,SELL,1,10,"EMA_12,EMA_26,BB_Upper,Volume_MA,BB_Width,MACD,CCI,ADX,SMA_50,SMA_10",EMA_12
TCS,2022-06-15,2022,0,Sideways,0,0.8379,SELL,1,0,0.7572,SELL,1,10,"EMA_12,EMA_26,BB_Upper,Volume_MA,BB_Width,MACD,CCI,ADX,SMA_50,SMA_10",EMA_12
TCS,2022-06-16,2022,0,Sideways,0,0.8393,SELL,1,0,0.7066,SELL,1,10,"EMA_12,EMA_26,BB_Upper,Volume_MA,BB_Width,MACD,CCI,ADX,SMA_50,SMA_10",EMA_12
TCS,2022-06-17,2022,0,Sideways,0,0.8261,SELL,1,0,0.7637,SELL,1,10,"EMA_12,EMA_26,BB_Upper,Volume_MA,BB_Width,MACD,CCI,ADX,SMA_50,SMA_10",EMA_12
TCS,2022-06-20,2022,0,Sideways,0,0.8131,SELL,1,0,0.759,SELL,1,10,"EMA_12,EMA_26,BB_Upper,Volume_MA,BB_Width,MACD,CCI,ADX,SMA_50,SMA_10",EMA_12
TCS,2022-06-21,2022,0,Sideways,0,0.8384,SELL,1,0,0.8188,SELL,1,10,"EMA_12,EMA_26,BB_Upper,Volume_MA,BB_Width,MACD,CCI,ADX,SMA_50,SMA_10",EMA_12
TCS,2022-06-22,2022,0,Sideways,0,0.8181,SELL,1,0,0.8432,SELL,1,10,"EMA_12,EMA_26,BB_Upper,Volume_MA,BB_Width,MACD,CCI,ADX,SMA_50,SMA_10",EMA_12
TCS,2022-06-23,2022,0,Sideways,0,0.8542,SELL,1,0,0.8559,SELL,1,10,"EMA_12,EMA_26,BB_Upper,Volume_MA,BB_Width,MACD,CCI,ADX,SMA_50,SMA_10",EMA_12
TCS,2022-06-24,2022,0,Sideways,0,0.9045,SELL,1,0,0.8563,SELL,1,10,"EMA_12,EMA_26,BB_Upper,Volume_MA,BB_Width,MACD,CCI,ADX,SMA_50,SMA_10",EMA_12
TCS,2022-06-27,2022,0,Sideways,0,0.9046,SELL,1,0,0.8428,SELL,1,10,"EMA_12,EMA_26,BB_Upper,Volume_MA,BB_Width,MACD,CCI,ADX,SMA_50,SMA_10",EMA_12
TCS,2022-06-28,2022,0,Sideways,0,0.9054,SELL,1,0,0.8011,SELL,1,10,"EMA_12,EMA_26,BB_Upper,Volume_MA,BB_Width,MACD,CCI,ADX,SMA_50,SMA_10",EMA_12
TCS,2022-06-29,2022,0,Sideways,0,0.8384,SELL,1,0,0.8625,SELL,1,10,"EMA_12,ATR_14,Volume_MA,Rolling_Std_10,SMA_20,BB_Upper,EMA_26,SMA_50,MACD,SMA_10",EMA_12
TCS,2022-06-30,2022,1,Sideways,0,0.8397,SELL,0,0,0.8636,SELL,0,10,"EMA_12,ATR_14,Volume_MA,Rolling_Std_10,SMA_20,BB_Upper,EMA_26,SMA_50,MACD,SMA_10",EMA_12
TCS,2022-07-01,2022,0,Sideways,0,0.8028,SELL,1,0,0.8075,SELL,1,10,"EMA_12,ATR_14,Volume_MA,Rolling_Std_10,SMA_20,BB_Upper,EMA_26,SMA_50,MACD,SMA_10",EMA_12
TCS,2022-07-04,2022,1,Sideways,0,0.9351,SELL,0,0,0.7365,SELL,0,10,"EMA_12,ATR_14,Volume_MA,Rolling_Std_10,SMA_20,BB_Upper,EMA_26,SMA_50,MACD,SMA_10",EMA_12
TCS,2022-07-05,2022,1,Sideways,0,0.8296,SELL,0,0,0.5418,NO TRADE,0,10,"EMA_12,ATR_14,Volume_MA,Rolling_Std_10,SMA_20,BB_Upper,EMA_26,SMA_50,MACD,SMA_10",EMA_12
TCS,2022-07-06,2022,1,Sideways,0,0.8146,SELL,0,1,0.595,BUY,1,10,"EMA_12,ATR_14,Volume_MA,Rolling_Std_10,SMA_20,BB_Upper,EMA_26,SMA_50,MACD,SMA_10",EMA_12
TCS,2022-07-07,2022,1,Sideways,0,0.7201,SELL,0,1,0.6112,BUY,1,10,"EMA_12,ATR_14,Volume_MA,Rolling_Std_10,SMA_20,BB_Upper,EMA_26,SMA_50,MACD,SMA_10",EMA_12
TCS,2022-07-08,2022,1,Sideways,1,0.6984,BUY,1,1,0.6362,BUY,1,10,"EMA_12,ATR_14,Volume_MA,Rolling_Std_10,SMA_20,BB_Upper,EMA_26,SMA_50,MACD,SMA_10",EMA_12
TCS,2022-07-11,2022,1,Sideways,0,0.6234,SELL,0,1,0.5229,NO TRADE,1,10,"EMA_12,ATR_14,Volume_MA,Rolling_Std_10,SMA_20,BB_Upper,EMA_26,SMA_50,MACD,SMA_10",EMA_12
TCS,2022-07-12,2022,1,Sideways,1,0.6044,BUY,1,1,0.5966,BUY,1,10,"EMA_12,ATR_14,Volume_MA,Rolling_Std_10,SMA_20,BB_Upper,EMA_26,SMA_50,MACD,SMA_10",EMA_12
TCS,2022-07-13,2022,1,Sideways,1,0.572,BUY,1,1,0.6557,BUY,1,10,"EMA_12,ATR_14,Volume_MA,Rolling_Std_10,SMA_20,BB_Upper,EMA_26,SMA_50,MACD,SMA_10",EMA_12
TCS,2022-07-14,2022,1,Sideways,1,0.5898,BUY,1,1,0.7545,BUY,1,10,"EMA_12,ATR_14,Volume_MA,Rolling_Std_10,SMA_20,BB_Upper,EMA_26,SMA_50,MACD,SMA_10",EMA_12
TCS,2022-07-15,2022,1,Sideways,1,0.6792,BUY,1,1,0.814,BUY,1,10,"EMA_12,ATR_14,Volume_MA,Rolling_Std_10,SMA_20,BB_Upper,EMA_26,SMA_50,MACD,SMA_10",EMA_12
TCS,2022-07-18,2022,1,Sideways,1,0.6082,BUY,1,1,0.8287,BUY,1,10,"EMA_12,ATR_14,Volume_MA,Rolling_Std_10,SMA_20,BB_Upper,EMA_26,SMA_50,MACD,SMA_10",EMA_12
TCS,2022-07-19,2022,1,Sideways,1,0.6464,BUY,1,1,0.842,BUY,1,10,"EMA_12,ATR_14,Volume_MA,Rolling_Std_10,SMA_20,BB_Upper,EMA_26,SMA_50,MACD,SMA_10",EMA_12
TCS,2022-07-20,2022,1,Sideways,1,0.6247,BUY,1,1,0.8398,BUY,1,10,"EMA_12,ATR_14,Volume_MA,Rolling_Std_10,SMA_20,BB_Upper,EMA_26,SMA_50,MACD,SMA_10",EMA_12
TCS,2022-07-21,2022,1,Sideways,1,0.6567,BUY,1,1,0.8986,BUY,1,10,"EMA_12,ATR_14,Volume_MA,Rolling_Std_10,SMA_20,BB_Upper,EMA_26,SMA_50,MACD,SMA_10",EMA_12
TCS,2022-07-22,2022,1,Sideways,1,0.6588,BUY,1,1,0.9034,BUY,1,10,"EMA_12,ATR_14,Volume_MA,Rolling_Std_10,SMA_20,BB_Upper,EMA_26,SMA_50,MACD,SMA_10",EMA_12
TCS,2022-07-25,2022,1,Sideways,1,0.7775,BUY,1,1,0.912,BUY,1,10,"EMA_12,ATR_14,Volume_MA,Rolling_Std_10,SMA_20,BB_Upper,EMA_26,SMA_50,MACD,SMA_10",EMA_12
TCS,2022-07-26,2022,1,Sideways,1,0.7691,BUY,1,1,0.9256,BUY,1,10,"EMA_12,ATR_14,Volume_MA,Rolling_Std_10,SMA_20,BB_Upper,EMA_26,SMA_50,MACD,SMA_10",EMA_12
TCS,2022-07-27,2022,1,Sideways,1,0.7499,BUY,1,1,0.9301,BUY,1,10,"EMA_12,ATR_14,Volume_MA,Rolling_Std_10,SMA_20,BB_Upper,EMA_26,SMA_50,MACD,SMA_10",EMA_12
TCS,2022-07-28,2022,0,Sideways,1,0.7425,BUY,0,1,0.9289,BUY,0,10,"EMA_12,ATR_14,Volume_MA,Rolling_Std_10,SMA_20,BB_Upper,EMA_26,SMA_50,MACD,SMA_10",EMA_12
TCS,2022-07-29,2022,0,Sideways,1,0.6807,BUY,0,1,0.8885,BUY,0,10,"EMA_12,ATR_14,Volume_MA,Rolling_Std_10,SMA_20,BB_Upper,EMA_26,SMA_50,MACD,SMA_10",EMA_12
TCS,2022-08-01,2022,0,Sideways,1,0.5907,BUY,0,1,0.7965,BUY,0,10,"EMA_12,ATR_14,Volume_MA,Rolling_Std_10,SMA_20,BB_Upper,EMA_26,SMA_50,MACD,SMA_10",EMA_12
TCS,2022-08-02,2022,0,Sideways,0,0.6818,SELL,1,1,0.5638,BUY,0,10,"EMA_12,ATR_14,Volume_MA,Rolling_Std_10,SMA_20,BB_Upper,EMA_26,SMA_50,MACD,SMA_10",EMA_12
TCS,2022-08-03,2022,0,Sideways,0,0.8111,SELL,1,1,0.5131,NO TRADE,0,10,"EMA_12,ATR_14,Volume_MA,Rolling_Std_10,SMA_20,BB_Upper,EMA_26,SMA_50,MACD,SMA_10",EMA_12
TCS,2022-08-04,2022,0,Sideways,0,0.8164,SELL,1,0,0.5541,SELL,1,10,"EMA_12,ATR_14,Volume_MA,Rolling_Std_10,SMA_20,BB_Upper,EMA_26,SMA_50,MACD,SMA_10",EMA_12
TCS,2022-08-05,2022,0,Sideways,0,0.7271,SELL,1,0,0.6411,SELL,1,10,"EMA_12,ATR_14,Volume_MA,Rolling_Std_10,SMA_20,BB_Upper,EMA_26,SMA_50,MACD,SMA_10",EMA_12
TCS,2022-08-08,2022,0,Sideways,0,0.7614,SELL,1,0,0.6878,SELL,1,10,"EMA_12,ATR_14,Volume_MA,Rolling_Std_10,SMA_20,BB_Upper,EMA_26,SMA_50,MACD,SMA_10",EMA_12
TCS,2022-08-10,2022,0,Sideways,0,0.7233,SELL,1,0,0.7165,SELL,1,10,"EMA_12,ATR_14,Volume_MA,Rolling_Std_10,SMA_20,BB_Upper,EMA_26,SMA_50,MACD,SMA_10",EMA_12
TCS,2022-08-11,2022,0,Sideways,0,0.7332,SELL,1,0,0.5629,SELL,1,10,"EMA_12,SMA_10,EMA_26,Rolling_Volatility,MACD_Signal,BB_Upper,Volume_MA,SMA_20,MACD_Hist,SMA_50",EMA_12
TCS,2022-08-12,2022,0,Sideways,0,0.82,SELL,1,0,0.5914,SELL,1,10,"EMA_12,SMA_10,EMA_26,Rolling_Volatility,MACD_Signal,BB_Upper,Volume_MA,SMA_20,MACD_Hist,SMA_50",EMA_12
TCS,2022-08-16,2022,0,Sideways,0,0.8276,SELL,1,0,0.6485,SELL,1,10,"EMA_12,SMA_10,EMA_26,Rolling_Volatility,MACD_Signal,BB_Upper,Volume_MA,SMA_20,MACD_Hist,SMA_50",EMA_12
TCS,2022-08-17,2022,0,Sideways,0,0.8396,SELL,1,0,0.6269,SELL,1,10,"EMA_12,SMA_10,EMA_26,Rolling_Volatility,MACD_Signal,BB_Upper,Volume_MA,SMA_20,MACD_Hist,SMA_50",EMA_12
TCS,2022-08-18,2022,0,Sideways,0,0.8511,SELL,1,0,0.6974,SELL,1,10,"EMA_12,SMA_10,EMA_26,Rolling_Volatility,MACD_Signal,BB_Upper,Volume_MA,SMA_20,MACD_Hist,SMA_50",EMA_12
TCS,2022-08-19,2022,0,Sideways,0,0.865,SELL,1,0,0.6533,SELL,1,10,"EMA_12,SMA_10,EMA_26,Rolling_Volatility,MACD_Signal,BB_Upper,Volume_MA,SMA_20,MACD_Hist,SMA_50",EMA_12
TCS,2022-08-22,2022,0,Sideways,0,0.8034,SELL,1,0,0.7082,SELL,1,10,"EMA_12,SMA_10,EMA_26,Rolling_Volatility,MACD_Signal,BB_Upper,Volume_MA,SMA_20,MACD_Hist,SMA_50",EMA_12
TCS,2022-08-23,2022,0,Sideways,0,0.87,SELL,1,0,0.7096,SELL,1,10,"EMA_12,SMA_10,EMA_26,Rolling_Volatility,MACD_Signal,BB_Upper,Volume_MA,SMA_20,MACD_Hist,SMA_50",EMA_12
TCS,2022-08-24,2022,0,Sideways,0,0.867,SELL,1,0,0.6978,SELL,1,10,"EMA_12,SMA_10,EMA_26,Rolling_Volatility,MACD_Signal,BB_Upper,Volume_MA,SMA_20,MACD_Hist,SMA_50",EMA_12
TCS,2022-08-25,2022,0,Sideways,0,0.7636,SELL,1,0,0.6931,SELL,1,10,"EMA_12,SMA_10,EMA_26,Rolling_Volatility,MACD_Signal,BB_Upper,Volume_MA,SMA_20,MACD_Hist,SMA_50",EMA_12
TCS,2022-08-26,2022,0,Sideways,0,0.7358,SELL,1,0,0.6734,SELL,1,10,"EMA_12,SMA_10,EMA_26,Rolling_Volatility,MACD_Signal,BB_Upper,Volume_MA,SMA_20,MACD_Hist,SMA_50",EMA_12
TCS,2022-08-29,2022,0,Sideways,0,0.8201,SELL,1,0,0.661,SELL,1,10,"EMA_12,SMA_10,EMA_26,Rolling_Volatility,MACD_Signal,BB_Upper,Volume_MA,SMA_20,MACD_Hist,SMA_50",EMA_12
TCS,2022-08-30,2022,0,Sideways,0,0.8664,SELL,1,0,0.6733,SELL,1,10,"EMA_12,SMA_10,EMA_26,Rolling_Volatility,MACD_Signal,BB_Upper,Volume_MA,SMA_20,MACD_Hist,SMA_50",EMA_12
TCS,2022-09-01,2022,0,Sideways,0,0.7671,SELL,1,0,0.6388,SELL,1,10,"EMA_12,SMA_10,EMA_26,Rolling_Volatility,MACD_Signal,BB_Upper,Volume_MA,SMA_20,MACD_Hist,SMA_50",EMA_12
TCS,2022-09-02,2022,0,Sideways,0,0.8021,SELL,1,0,0.6784,SELL,1,10,"EMA_12,SMA_10,EMA_26,Rolling_Volatility,MACD_Signal,BB_Upper,Volume_MA,SMA_20,MACD_Hist,SMA_50",EMA_12
TCS,2022-09-05,2022,0,Sideways,0,0.799,SELL,1,0,0.7673,SELL,1,10,"EMA_12,SMA_10,EMA_26,Rolling_Volatility,MACD_Signal,BB_Upper,Volume_MA,SMA_20,MACD_Hist,SMA_50",EMA_12
TCS,2022-09-06,2022,0,Sideways,0,0.6988,SELL,1,0,0.7795,SELL,1,10,"EMA_12,SMA_10,EMA_26,Rolling_Volatility,MACD_Signal,BB_Upper,Volume_MA,SMA_20,MACD_Hist,SMA_50",EMA_12
TCS,2022-09-07,2022,0,Sideways,0,0.6931,SELL,1,0,0.7789,SELL,1,10,"EMA_12,SMA_10,EMA_26,Rolling_Volatility,MACD_Signal,BB_Upper,Volume_MA,SMA_20,MACD_Hist,SMA_50",EMA_12
TCS,2022-09-08,2022,0,Sideways,0,0.8006,SELL,1,0,0.8056,SELL,1,10,"EMA_12,SMA_10,EMA_26,Rolling_Volatility,MACD_Signal,BB_Upper,Volume_MA,SMA_20,MACD_Hist,SMA_50",EMA_12
TCS,2022-09-09,2022,0,Sideways,0,0.7752,SELL,1,0,0.8087,SELL,1,10,"EMA_12,SMA_10,EMA_26,Rolling_Volatility,MACD_Signal,BB_Upper,Volume_MA,SMA_20,MACD_Hist,SMA_50",EMA_12
TCS,2022-09-12,2022,0,Sideways,0,0.7899,SELL,1,0,0.8426,SELL,1,10,"EMA_12,SMA_10,EMA_26,Rolling_Volatility,MACD_Signal,BB_Upper,Volume_MA,SMA_20,MACD_Hist,SMA_50",EMA_12
TCS,2022-09-13,2022,0,Sideways,0,0.7819,SELL,1,0,0.8236,SELL,1,10,"EMA_12,SMA_10,EMA_26,Rolling_Volatility,MACD_Signal,BB_Upper,Volume_MA,SMA_20,MACD_Hist,SMA_50",EMA_12
TCS,2022-09-14,2022,0,Sideways,0,0.545,NO TRADE,1,0,0.6951,SELL,1,10,"EMA_12,SMA_10,EMA_26,Rolling_Volatility,MACD_Signal,BB_Upper,Volume_MA,SMA_20,MACD_Hist,SMA_50",EMA_12
TCS,2022-09-15,2022,0,Sideways,0,0.6635,SELL,1,0,0.7436,SELL,1,10,"EMA_12,SMA_10,EMA_26,Rolling_Volatility,MACD_Signal,BB_Upper,Volume_MA,SMA_20,MACD_Hist,SMA_50",EMA_12
TCS,2022-09-16,2022,1,Sideways,1,0.5762,BUY,1,0,0.6295,SELL,0,10,"EMA_12,SMA_10,EMA_26,Rolling_Volatility,MACD_Signal,BB_Upper,Volume_MA,SMA_20,MACD_Hist,SMA_50",EMA_12
TCS,2022-09-19,2022,1,Sideways,1,0.5565,BUY,1,1,0.5313,NO TRADE,1,10,"EMA_12,SMA_10,EMA_26,Rolling_Volatility,MACD_Signal,BB_Upper,Volume_MA,SMA_20,MACD_Hist,SMA_50",EMA_12
TCS,2022-09-20,2022,1,Sideways,1,0.5018,NO TRADE,1,1,0.6015,BUY,1,10,"EMA_12,SMA_10,EMA_26,Rolling_Volatility,MACD_Signal,BB_Upper,Volume_MA,SMA_20,MACD_Hist,SMA_50",EMA_12
TCS,2022-09-21,2022,1,Sideways,1,0.6157,BUY,1,1,0.7362,BUY,1,10,"EMA_12,SMA_10,EMA_26,Rolling_Volatility,MACD_Signal,BB_Upper,Volume_MA,SMA_20,MACD_Hist,SMA_50",EMA_12
TCS,2022-09-22,2022,1,Sideways,1,0.6284,BUY,1,1,0.7647,BUY,1,10,"EMA_12,SMA_10,EMA_26,Rolling_Volatility,MACD_Signal,BB_Upper,Volume_MA,SMA_20,MACD_Hist,SMA_50",EMA_12
TCS,2022-09-23,2022,1,Sideways,1,0.6425,BUY,1,1,0.7877,BUY,1,10,"EMA_12,SMA_10,EMA_26,Rolling_Volatility,MACD_Signal,BB_Upper,Volume_MA,SMA_20,MACD_Hist,SMA_50",EMA_12
TCS,2022-09-26,2022,1,Sideways,1,0.7326,BUY,1,1,0.6791,BUY,1,10,"EMA_12,SMA_10,BB_Width,Volume_MA,RSI_14,Volume_Ratio,MACD,SMA_20,MACD_Hist,EMA_26",EMA_12
TCS,2022-09-27,2022,1,Sideways,1,0.7399,BUY,1,1,0.7682,BUY,1,10,"EMA_12,SMA_10,BB_Width,Volume_MA,RSI_14,Volume_Ratio,MACD,SMA_20,MACD_Hist,EMA_26",EMA_12
TCS,2022-09-28,2022,1,Sideways,1,0.7416,BUY,1,1,0.8228,BUY,1,10,"EMA_12,SMA_10,BB_Width,Volume_MA,RSI_14,Volume_Ratio,MACD,SMA_20,MACD_Hist,EMA_26",EMA_12
TCS,2022-09-29,2022,1,Sideways,1,0.7762,BUY,1,1,0.8099,BUY,1,10,"EMA_12,SMA_10,BB_Width,Volume_MA,RSI_14,Volume_Ratio,MACD,SMA_20,MACD_Hist,EMA_26",EMA_12
TCS,2022-09-30,2022,1,Sideways,1,0.7488,BUY,1,1,0.8541,BUY,1,10,"EMA_12,SMA_10,BB_Width,Volume_MA,RSI_14,Volume_Ratio,MACD,SMA_20,MACD_Hist,EMA_26",EMA_12
TCS,2022-10-03,2022,1,Sideways,1,0.8775,BUY,1,1,0.8553,BUY,1,10,"EMA_12,SMA_10,BB_Width,Volume_MA,RSI_14,Volume_Ratio,MACD,SMA_20,MACD_Hist,EMA_26",EMA_12
TCS,2022-10-04,2022,1,Sideways,1,0.8691,BUY,1,1,0.805,BUY,1,10,"EMA_12,SMA_10,BB_Width,Volume_MA,RSI_14,Volume_Ratio,MACD,SMA_20,MACD_Hist,EMA_26",EMA_12
TCS,2022-10-06,2022,1,Sideways,1,0.8774,BUY,1,1,0.8182,BUY,1,10,"EMA_12,SMA_10,BB_Width,Volume_MA,RSI_14,Volume_Ratio,MACD,SMA_20,MACD_Hist,EMA_26",EMA_12
TCS,2022-10-07,2022,1,Sideways,1,0.8788,BUY,1,1,0.815,BUY,1,10,"EMA_12,SMA_10,BB_Width,Volume_MA,RSI_14,Volume_Ratio,MACD,SMA_20,MACD_Hist,EMA_26",EMA_12
TCS,2022-10-10,2022,1,Sideways,1,0.8414,BUY,1,1,0.788,BUY,1,10,"EMA_12,SMA_10,BB_Width,Volume_MA,RSI_14,Volume_Ratio,MACD,SMA_20,MACD_Hist,EMA_26",EMA_12
TCS,2022-10-11,2022,1,Sideways,1,0.879,BUY,1,1,0.8442,BUY,1,10,"EMA_12,SMA_10,BB_Width,Volume_MA,RSI_14,Volume_Ratio,MACD,SMA_20,MACD_Hist,EMA_26",EMA_12
TCS,2022-10-12,2022,1,Sideways,1,0.7199,BUY,1,1,0.759,BUY,1,10,"EMA_12,SMA_10,BB_Width,Volume_MA,RSI_14,Volume_Ratio,MACD,SMA_20,MACD_Hist,EMA_26",EMA_12
TCS,2022-10-13,2022,1,Sideways,1,0.7383,BUY,1,1,0.8274,BUY,1,10,"EMA_12,SMA_10,BB_Width,Volume_MA,RSI_14,Volume_Ratio,MACD,SMA_20,MACD_Hist,EMA_26",EMA_12
TCS,2022-10-14,2022,1,Sideways,1,0.7486,BUY,1,1,0.7455,BUY,1,10,"EMA_12,SMA_10,BB_Width,Volume_MA,RSI_14,Volume_Ratio,MACD,SMA_20,MACD_Hist,EMA_26",EMA_12
TCS,2022-10-17,2022,1,Sideways,1,0.7945,BUY,1,1,0.8765,BUY,1,10,"EMA_12,SMA_10,BB_Width,Volume_MA,RSI_14,Volume_Ratio,MACD,SMA_20,MACD_Hist,EMA_26",EMA_12
TCS,2022-10-18,2022,1,Sideways,1,0.7939,BUY,1,1,0.6705,BUY,1,10,"EMA_12,SMA_10,BB_Width,Volume_MA,RSI_14,Volume_Ratio,MACD,SMA_20,MACD_Hist,EMA_26",EMA_12
TCS,2022-10-19,2022,1,Sideways,1,0.826,BUY,1,1,0.929,BUY,1,10,"EMA_12,SMA_10,BB_Width,Volume_MA,RSI_14,Volume_Ratio,MACD,SMA_20,MACD_Hist,EMA_26",EMA_12
TCS,2022-10-20,2022,1,Sideways,1,0.8152,BUY,1,1,0.9227,BUY,1,10,"EMA_12,SMA_10,BB_Width,Volume_MA,RSI_14,Volume_Ratio,MACD,SMA_20,MACD_Hist,EMA_26",EMA_12
TCS,2022-10-21,2022,1,Sideways,1,0.8355,BUY,1,1,0.9097,BUY,1,10,"EMA_12,SMA_10,BB_Width,Volume_MA,RSI_14,Volume_Ratio,MACD,SMA_20,MACD_Hist,EMA_26",EMA_12
TCS,2022-10-24,2022,1,Sideways,1,0.8516,BUY,1,1,0.8355,BUY,1,10,"EMA_12,SMA_10,BB_Width,Volume_MA,RSI_14,Volume_Ratio,MACD,SMA_20,MACD_Hist,EMA_26",EMA_12
TCS,2022-10-25,2022,1,Sideways,1,0.8806,BUY,1,1,0.8359,BUY,1,10,"EMA_12,SMA_10,BB_Width,Volume_MA,RSI_14,Volume_Ratio,MACD,SMA_20,MACD_Hist,EMA_26",EMA_12
TCS,2022-10-27,2022,1,Sideways,1,0.9051,BUY,1,1,0.8615,BUY,1,10,"EMA_12,SMA_10,BB_Width,Volume_MA,RSI_14,Volume_Ratio,MACD,SMA_20,MACD_Hist,EMA_26",EMA_12
TCS,2022-10-28,2022,1,Sideways,1,0.9272,BUY,1,1,0.8499,BUY,1,10,"EMA_12,SMA_10,BB_Width,Volume_MA,RSI_14,Volume_Ratio,MACD,SMA_20,MACD_Hist,EMA_26",EMA_12
TCS,2022-10-31,2022,1,Sideways,1,0.9267,BUY,1,1,0.8717,BUY,1,10,"EMA_12,SMA_10,BB_Width,Volume_MA,RSI_14,Volume_Ratio,MACD,SMA_20,MACD_Hist,EMA_26",EMA_12
TCS,2022-11-01,2022,1,Sideways,1,0.8013,BUY,1,1,0.8679,BUY,1,10,"EMA_12,SMA_10,BB_Width,Volume_MA,RSI_14,Volume_Ratio,MACD,SMA_20,MACD_Hist,EMA_26",EMA_12
TCS,2022-11-02,2022,1,Sideways,1,0.7421,BUY,1,1,0.8546,BUY,1,10,"EMA_12,SMA_10,BB_Width,Volume_MA,RSI_14,Volume_Ratio,MACD,SMA_20,MACD_Hist,EMA_26",EMA_12
TCS,2022-11-03,2022,1,Sideways,1,0.8313,BUY,1,1,0.8503,BUY,1,10,"EMA_12,SMA_10,BB_Width,Volume_MA,RSI_14,Volume_Ratio,MACD,SMA_20,MACD_Hist,EMA_26",EMA_12
TCS,2022-11-04,2022,1,Sideways,1,0.7609,BUY,1,1,0.8557,BUY,1,10,"EMA_12,SMA_10,BB_Width,Volume_MA,RSI_14,Volume_Ratio,MACD,SMA_20,MACD_Hist,EMA_26",EMA_12
TCS,2022-11-07,2022,1,Sideways,1,0.7525,BUY,1,1,0.8512,BUY,1,10,"EMA_12,SMA_10,BB_Width,Volume_MA,RSI_14,Volume_Ratio,MACD,SMA_20,MACD_Hist,EMA_26",EMA_12
TCS,2022-11-09,2022,1,Sideways,1,0.7543,BUY,1,1,0.8369,BUY,1,10,"EMA_12,SMA_10,BB_Width,Volume_MA,RSI_14,Volume_Ratio,MACD,SMA_20,MACD_Hist,EMA_26",EMA_12
TCS,2022-11-10,2022,1,Sideways,1,0.8287,BUY,1,1,0.8121,BUY,1,10,"EMA_26,EMA_12,MACD,SMA_10,BB_Width,Daily_Return,Volume_MA,Rolling_Volatility,SMA_20,Rolling_Std_10",EMA_26
TCS,2022-11-11,2022,0,Sideways,1,0.6843,BUY,0,1,0.8038,BUY,0,10,"EMA_26,EMA_12,MACD,SMA_10,BB_Width,Daily_Return,Volume_MA,Rolling_Volatility,SMA_20,Rolling_Std_10",EMA_26
TCS,2022-11-14,2022,0,Sideways,1,0.6193,BUY,0,1,0.6951,BUY,0,10,"EMA_26,EMA_12,MACD,SMA_10,BB_Width,Daily_Return,Volume_MA,Rolling_Volatility,SMA_20,Rolling_Std_10",EMA_26
TCS,2022-11-15,2022,0,Sideways,0,0.6007,SELL,1,1,0.551,BUY,0,10,"EMA_26,EMA_12,MACD,SMA_10,BB_Width,Daily_Return,Volume_MA,Rolling_Volatility,SMA_20,Rolling_Std_10",EMA_26
TCS,2022-11-16,2022,1,Sideways,0,0.8491,SELL,0,0,0.6038,SELL,0,10,"EMA_26,EMA_12,MACD,SMA_10,BB_Width,Daily_Return,Volume_MA,Rolling_Volatility,SMA_20,Rolling_Std_10",EMA_26
TCS,2022-11-17,2022,0,Sideways,0,0.6918,SELL,1,0,0.5481,NO TRADE,1,10,"EMA_26,EMA_12,MACD,SMA_10,BB_Width,Daily_Return,Volume_MA,Rolling_Volatility,SMA_20,Rolling_Std_10",EMA_26
TCS,2022-11-18,2022,0,Sideways,0,0.7435,SELL,1,0,0.6767,SELL,1,10,"EMA_26,EMA_12,MACD,SMA_10,BB_Width,Daily_Return,Volume_MA,Rolling_Volatility,SMA_20,Rolling_Std_10",EMA_26
TCS,2022-11-21,2022,0,Sideways,0,0.7346,SELL,1,0,0.691,SELL,1,10,"EMA_26,EMA_12,MACD,SMA_10,BB_Width,Daily_Return,Volume_MA,Rolling_Volatility,SMA_20,Rolling_Std_10",EMA_26
TCS,2022-11-22,2022,0,Sideways,0,0.8859,SELL,1,0,0.7064,SELL,1,10,"EMA_26,EMA_12,MACD,SMA_10,BB_Width,Daily_Return,Volume_MA,Rolling_Volatility,SMA_20,Rolling_Std_10",EMA_26
TCS,2022-11-23,2022,0,Sideways,0,0.7633,SELL,1,0,0.72,SELL,1,10,"EMA_26,EMA_12,MACD,SMA_10,BB_Width,Daily_Return,Volume_MA,Rolling_Volatility,SMA_20,Rolling_Std_10",EMA_26
TCS,2022-11-24,2022,0,Sideways,0,0.9501,SELL,1,0,0.7594,SELL,1,10,"EMA_26,EMA_12,MACD,SMA_10,BB_Width,Daily_Return,Volume_MA,Rolling_Volatility,SMA_20,Rolling_Std_10",EMA_26
TCS,2022-11-25,2022,0,Sideways,0,0.9108,SELL,1,0,0.7783,SELL,1,10,"EMA_26,EMA_12,MACD,SMA_10,BB_Width,Daily_Return,Volume_MA,Rolling_Volatility,SMA_20,Rolling_Std_10",EMA_26
TCS,2022-11-28,2022,0,Sideways,0,0.9232,SELL,1,0,0.7917,SELL,1,10,"EMA_26,EMA_12,MACD,SMA_10,BB_Width,Daily_Return,Volume_MA,Rolling_Volatility,SMA_20,Rolling_Std_10",EMA_26
TCS,2022-11-29,2022,0,Sideways,0,0.7779,SELL,1,0,0.8026,SELL,1,10,"EMA_26,EMA_12,MACD,SMA_10,BB_Width,Daily_Return,Volume_MA,Rolling_Volatility,SMA_20,Rolling_Std_10",EMA_26
TCS,2022-11-30,2022,0,Sideways,0,0.9069,SELL,1,0,0.7986,SELL,1,10,"EMA_26,EMA_12,MACD,SMA_10,BB_Width,Daily_Return,Volume_MA,Rolling_Volatility,SMA_20,Rolling_Std_10",EMA_26
TCS,2022-12-01,2022,0,Sideways,0,0.9613,SELL,1,0,0.8278,SELL,1,10,"EMA_26,EMA_12,MACD,SMA_10,BB_Width,Daily_Return,Volume_MA,Rolling_Volatility,SMA_20,Rolling_Std_10",EMA_26
TCS,2022-12-02,2022,0,Sideways,0,0.9688,SELL,1,0,0.8315,SELL,1,10,"EMA_26,EMA_12,MACD,SMA_10,BB_Width,Daily_Return,Volume_MA,Rolling_Volatility,SMA_20,Rolling_Std_10",EMA_26
TCS,2022-12-05,2022,0,Sideways,0,0.968,SELL,1,0,0.8388,SELL,1,10,"EMA_26,EMA_12,MACD,SMA_10,BB_Width,Daily_Return,Volume_MA,Rolling_Volatility,SMA_20,Rolling_Std_10",EMA_26
TCS,2022-12-06,2022,0,Sideways,0,0.8521,SELL,1,0,0.8459,SELL,1,10,"EMA_26,EMA_12,MACD,SMA_10,BB_Width,Daily_Return,Volume_MA,Rolling_Volatility,SMA_20,Rolling_Std_10",EMA_26
TCS,2022-12-07,2022,0,Sideways,0,0.842,SELL,1,0,0.845,SELL,1,10,"EMA_26,EMA_12,MACD,SMA_10,BB_Width,Daily_Return,Volume_MA,Rolling_Volatility,SMA_20,Rolling_Std_10",EMA_26
TCS,2022-12-08,2022,0,Sideways,0,0.8563,SELL,1,0,0.8472,SELL,1,10,"EMA_26,EMA_12,MACD,SMA_10,BB_Width,Daily_Return,Volume_MA,Rolling_Volatility,SMA_20,Rolling_Std_10",EMA_26
TCS,2022-12-09,2022,0,Sideways,0,0.7878,SELL,1,0,0.8155,SELL,1,10,"EMA_26,EMA_12,MACD,SMA_10,BB_Width,Daily_Return,Volume_MA,Rolling_Volatility,SMA_20,Rolling_Std_10",EMA_26
TCS,2022-12-12,2022,1,Sideways,0,0.78,SELL,0,0,0.8059,SELL,0,10,"EMA_26,EMA_12,MACD,SMA_10,BB_Width,Daily_Return,Volume_MA,Rolling_Volatility,SMA_20,Rolling_Std_10",EMA_26
TCS,2022-12-13,2022,0,Sideways,0,0.8037,SELL,1,0,0.7956,SELL,1,10,"EMA_26,EMA_12,MACD,SMA_10,BB_Width,Daily_Return,Volume_MA,Rolling_Volatility,SMA_20,Rolling_Std_10",EMA_26
TCS,2022-12-14,2022,0,Sideways,0,0.8469,SELL,1,0,0.8033,SELL,1,10,"EMA_26,EMA_12,MACD,SMA_10,BB_Width,Daily_Return,Volume_MA,Rolling_Volatility,SMA_20,Rolling_Std_10",EMA_26
TCS,2022-12-15,2022,1,Sideways,0,0.782,SELL,0,0,0.8043,SELL,0,10,"EMA_26,EMA_12,MACD,SMA_10,BB_Width,Daily_Return,Volume_MA,Rolling_Volatility,SMA_20,Rolling_Std_10",EMA_26
TCS,2022-12-16,2022,1,Sideways,0,0.7375,SELL,0,0,0.7565,SELL,0,10,"EMA_26,EMA_12,MACD,SMA_10,BB_Width,Daily_Return,Volume_MA,Rolling_Volatility,SMA_20,Rolling_Std_10",EMA_26
TCS,2022-12-19,2022,1,Sideways,0,0.6913,SELL,0,0,0.7,SELL,0,10,"EMA_26,EMA_12,MACD,SMA_10,BB_Width,Daily_Return,Volume_MA,Rolling_Volatility,SMA_20,Rolling_Std_10",EMA_26
TCS,2022-12-20,2022,1,Sideways,0,0.7108,SELL,0,0,0.6569,SELL,0,10,"EMA_26,EMA_12,MACD,SMA_10,BB_Width,Daily_Return,Volume_MA,Rolling_Volatility,SMA_20,Rolling_Std_10",EMA_26
TCS,2022-12-21,2022,1,Sideways,0,0.6589,SELL,0,0,0.6099,SELL,0,10,"EMA_26,EMA_12,MACD,SMA_10,BB_Width,Daily_Return,Volume_MA,Rolling_Volatility,SMA_20,Rolling_Std_10",EMA_26
TCS,2022-12-22,2022,1,Sideways,0,0.6277,SELL,0,0,0.6174,SELL,0,10,"EMA_26,EMA_12,RSI_14,MACD,CCI,SMA_20,Volume_MA,SMA_50,Rolling_Std_10,ROC",EMA_26
TCS,2022-12-23,2022,1,Sideways,0,0.5678,SELL,0,0,0.6077,SELL,0,10,"EMA_26,EMA_12,RSI_14,MACD,CCI,SMA_20,Volume_MA,SMA_50,Rolling_Std_10,ROC",EMA_26
TCS,2022-12-26,2022,1,Sideways,0,0.5871,SELL,0,0,0.6021,SELL,0,10,"EMA_26,EMA_12,RSI_14,MACD,CCI,SMA_20,Volume_MA,SMA_50,Rolling_Std_10,ROC",EMA_26
TCS,2022-12-27,2022,1,Sideways,1,0.6333,BUY,1,0,0.511,NO TRADE,0,10,"EMA_26,EMA_12,RSI_14,MACD,CCI,SMA_20,Volume_MA,SMA_50,Rolling_Std_10,ROC",EMA_26
TCS,2022-12-28,2022,1,Sideways,1,0.6949,BUY,1,1,0.5493,NO TRADE,1,10,"EMA_26,EMA_12,RSI_14,MACD,CCI,SMA_20,Volume_MA,SMA_50,Rolling_Std_10,ROC",EMA_26
TCS,2022-12-29,2022,1,Sideways,1,0.6521,BUY,1,1,0.6086,BUY,1,10,"EMA_26,EMA_12,RSI_14,MACD,CCI,SMA_20,Volume_MA,SMA_50,Rolling_Std_10,ROC",EMA_26
TCS,2022-12-30,2022,1,Sideways,1,0.7197,BUY,1,1,0.6313,BUY,1,10,"EMA_26,EMA_12,RSI_14,MACD,CCI,SMA_20,Volume_MA,SMA_50,Rolling_Std_10,ROC",EMA_26
TCS,2023-01-02,2023,1,Sideways,1,0.8129,BUY,1,1,0.6705,BUY,1,10,"EMA_26,EMA_12,RSI_14,MACD,CCI,SMA_20,Volume_MA,SMA_50,Rolling_Std_10,ROC",EMA_26
TCS,2023-01-03,2023,1,Sideways,1,0.8637,BUY,1,1,0.8309,BUY,1,10,"EMA_26,EMA_12,RSI_14,MACD,CCI,SMA_20,Volume_MA,SMA_50,Rolling_Std_10,ROC",EMA_26
TCS,2023-01-04,2023,1,Sideways,1,0.8725,BUY,1,1,0.8381,BUY,1,10,"EMA_26,EMA_12,RSI_14,MACD,CCI,SMA_20,Volume_MA,SMA_50,Rolling_Std_10,ROC",EMA_26
TCS,2023-01-05,2023,1,Sideways,1,0.785,BUY,1,1,0.7999,BUY,1,10,"EMA_26,EMA_12,RSI_14,MACD,CCI,SMA_20,Volume_MA,SMA_50,Rolling_Std_10,ROC",EMA_26
TCS,2023-01-06,2023,1,Sideways,1,0.8356,BUY,1,1,0.6664,BUY,1,10,"EMA_26,EMA_12,RSI_14,MACD,CCI,SMA_20,Volume_MA,SMA_50,Rolling_Std_10,ROC",EMA_26
TCS,2023-01-09,2023,1,Sideways,1,0.8416,BUY,1,1,0.8678,BUY,1,10,"EMA_26,EMA_12,RSI_14,MACD,CCI,SMA_20,Volume_MA,SMA_50,Rolling_Std_10,ROC",EMA_26
TCS,2023-01-10,2023,1,Sideways,1,0.8943,BUY,1,1,0.712,BUY,1,10,"EMA_26,EMA_12,RSI_14,MACD,CCI,SMA_20,Volume_MA,SMA_50,Rolling_Std_10,ROC",EMA_26
TCS,2023-01-11,2023,1,Sideways,1,0.8519,BUY,1,1,0.8745,BUY,1,10,"EMA_26,EMA_12,RSI_14,MACD,CCI,SMA_20,Volume_MA,SMA_50,Rolling_Std_10,ROC",EMA_26
TCS,2023-01-12,2023,1,Sideways,1,0.733,BUY,1,1,0.8696,BUY,1,10,"EMA_26,EMA_12,RSI_14,MACD,CCI,SMA_20,Volume_MA,SMA_50,Rolling_Std_10,ROC",EMA_26
TCS,2023-01-13,2023,1,Sideways,1,0.6872,BUY,1,1,0.8396,BUY,1,10,"EMA_26,EMA_12,RSI_14,MACD,CCI,SMA_20,Volume_MA,SMA_50,Rolling_Std_10,ROC",EMA_26
TCS,2023-01-16,2023,1,Sideways,1,0.5729,BUY,1,1,0.7725,BUY,1,10,"EMA_26,EMA_12,RSI_14,MACD,CCI,SMA_20,Volume_MA,SMA_50,Rolling_Std_10,ROC",EMA_26
TCS,2023-01-17,2023,1,Sideways,0,0.5615,SELL,0,1,0.6318,BUY,1,10,"EMA_26,EMA_12,RSI_14,MACD,CCI,SMA_20,Volume_MA,SMA_50,Rolling_Std_10,ROC",EMA_26
TCS,2023-01-18,2023,1,Sideways,0,0.5772,SELL,0,1,0.6277,BUY,1,10,"EMA_26,EMA_12,RSI_14,MACD,CCI,SMA_20,Volume_MA,SMA_50,Rolling_Std_10,ROC",EMA_26
TCS,2023-01-19,2023,1,Sideways,0,0.6092,SELL,0,1,0.5078,NO TRADE,1,10,"EMA_26,EMA_12,RSI_14,MACD,CCI,SMA_20,Volume_MA,SMA_50,Rolling_Std_10,ROC",EMA_26
TCS,2023-01-20,2023,1,Sideways,0,0.6307,SELL,0,0,0.5092,NO TRADE,0,10,"EMA_26,EMA_12,RSI_14,MACD,CCI,SMA_20,Volume_MA,SMA_50,Rolling_Std_10,ROC",EMA_26
TCS,2023-01-23,2023,1,Sideways,0,0.6407,SELL,0,1,0.5507,BUY,1,10,"EMA_26,EMA_12,RSI_14,MACD,CCI,SMA_20,Volume_MA,SMA_50,Rolling_Std_10,ROC",EMA_26
TCS,2023-01-24,2023,0,Sideways,0,0.6853,SELL,1,1,0.5219,NO TRADE,0,10,"EMA_26,EMA_12,RSI_14,MACD,CCI,SMA_20,Volume_MA,SMA_50,Rolling_Std_10,ROC",EMA_26
TCS,2023-01-25,2023,0,Sideways,0,0.8478,SELL,1,0,0.6155,SELL,1,10,"EMA_26,EMA_12,RSI_14,MACD,CCI,SMA_20,Volume_MA,SMA_50,Rolling_Std_10,ROC",EMA_26
TCS,2023-01-27,2023,0,Sideways,0,0.5878,SELL,1,0,0.5387,NO TRADE,1,10,"EMA_26,EMA_12,RSI_14,MACD,CCI,SMA_20,Volume_MA,SMA_50,Rolling_Std_10,ROC",EMA_26
TCS,2023-01-30,2023,0,Sideways,0,0.882,SELL,1,0,0.723,SELL,1,10,"EMA_26,EMA_12,RSI_14,MACD,CCI,SMA_20,Volume_MA,SMA_50,Rolling_Std_10,ROC",EMA_26
TCS,2023-01-31,2023,0,Sideways,0,0.6557,SELL,1,0,0.5752,SELL,1,10,"EMA_26,EMA_12,RSI_14,MACD,CCI,SMA_20,Volume_MA,SMA_50,Rolling_Std_10,ROC",EMA_26
TCS,2023-02-01,2023,0,Sideways,0,0.6904,SELL,1,0,0.811,SELL,1,10,"EMA_26,EMA_12,RSI_14,MACD,CCI,SMA_20,Volume_MA,SMA_50,Rolling_Std_10,ROC",EMA_26
TCS,2023-02-02,2023,0,Sideways,0,0.7064,SELL,1,0,0.844,SELL,1,10,"EMA_26,EMA_12,RSI_14,MACD,CCI,SMA_20,Volume_MA,SMA_50,Rolling_Std_10,ROC",EMA_26
TCS,2023-02-03,2023,0,Sideways,0,0.7311,SELL,1,0,0.8381,SELL,1,10,"EMA_26,OBV,Volume_MA,SMA_50,EMA_12,SMA_10,MACD,ATR_14,BB_Width,MACD_Hist",EMA_26
TCS,2023-02-06,2023,0,Sideways,0,0.8805,SELL,1,0,0.9306,SELL,1,10,"EMA_26,OBV,Volume_MA,SMA_50,EMA_12,SMA_10,MACD,ATR_14,BB_Width,MACD_Hist",EMA_26
TCS,2023-02-07,2023,0,Sideways,0,0.8899,SELL,1,0,0.7354,SELL,1,10,"EMA_26,OBV,Volume_MA,SMA_50,EMA_12,SMA_10,MACD,ATR_14,BB_Width,MACD_Hist",EMA_26
TCS,2023-02-08,2023,0,Sideways,0,0.9705,SELL,1,0,0.9351,SELL,1,10,"EMA_26,OBV,Volume_MA,SMA_50,EMA_12,SMA_10,MACD,ATR_14,BB_Width,MACD_Hist",EMA_26
TCS,2023-02-09,2023,0,Sideways,0,0.8611,SELL,1,0,0.938,SELL,1,10,"EMA_26,OBV,Volume_MA,SMA_50,EMA_12,SMA_10,MACD,ATR_14,BB_Width,MACD_Hist",EMA_26
TCS,2023-02-10,2023,0,Sideways,0,0.8176,SELL,1,0,0.9392,SELL,1,10,"EMA_26,OBV,Volume_MA,SMA_50,EMA_12,SMA_10,MACD,ATR_14,BB_Width,MACD_Hist",EMA_26
TCS,2023-02-13,2023,0,Sideways,0,0.83,SELL,1,0,0.9381,SELL,1,10,"EMA_26,OBV,Volume_MA,SMA_50,EMA_12,SMA_10,MACD,ATR_14,BB_Width,MACD_Hist",EMA_26
TCS,2023-02-14,2023,0,Sideways,0,0.9251,SELL,1,0,0.9375,SELL,1,10,"EMA_26,OBV,Volume_MA,SMA_50,EMA_12,SMA_10,MACD,ATR_14,BB_Width,MACD_Hist",EMA_26
TCS,2023-02-15,2023,0,Sideways,0,0.9431,SELL,1,0,0.9378,SELL,1,10,"EMA_26,OBV,Volume_MA,SMA_50,EMA_12,SMA_10,MACD,ATR_14,BB_Width,MACD_Hist",EMA_26
TCS,2023-02-16,2023,0,Sideways,0,0.836,SELL,1,0,0.9394,SELL,1,10,"EMA_26,OBV,Volume_MA,SMA_50,EMA_12,SMA_10,MACD,ATR_14,BB_Width,MACD_Hist",EMA_26
TCS,2023-02-17,2023,0,Sideways,0,0.9499,SELL,1,0,0.9376,SELL,1,10,"EMA_26,OBV,Volume_MA,SMA_50,EMA_12,SMA_10,MACD,ATR_14,BB_Width,MACD_Hist",EMA_26
TCS,2023-02-20,2023,0,Sideways,0,0.7818,SELL,1,0,0.9351,SELL,1,10,"EMA_26,OBV,Volume_MA,SMA_50,EMA_12,SMA_10,MACD,ATR_14,BB_Width,MACD_Hist",EMA_26
TCS,2023-02-21,2023,0,Sideways,0,0.8361,SELL,1,0,0.9306,SELL,1,10,"EMA_26,OBV,Volume_MA,SMA_50,EMA_12,SMA_10,MACD,ATR_14,BB_Width,MACD_Hist",EMA_26
TCS,2023-02-22,2023,0,Sideways,0,0.7968,SELL,1,0,0.9236,SELL,1,10,"EMA_26,OBV,Volume_MA,SMA_50,EMA_12,SMA_10,MACD,ATR_14,BB_Width,MACD_Hist",EMA_26
TCS,2023-02-23,2023,0,Sideways,0,0.8046,SELL,1,0,0.9188,SELL,1,10,"EMA_26,OBV,Volume_MA,SMA_50,EMA_12,SMA_10,MACD,ATR_14,BB_Width,MACD_Hist",EMA_26
TCS,2023-02-24,2023,0,Sideways,0,0.8064,SELL,1,0,0.9141,SELL,1,10,"EMA_26,OBV,Volume_MA,SMA_50,EMA_12,SMA_10,MACD,ATR_14,BB_Width,MACD_Hist",EMA_26
TCS,2023-02-27,2023,0,Sideways,0,0.7909,SELL,1,0,0.9071,SELL,1,10,"EMA_26,OBV,Volume_MA,SMA_50,EMA_12,SMA_10,MACD,ATR_14,BB_Width,MACD_Hist",EMA_26
TCS,2023-02-28,2023,0,Sideways,0,0.7125,SELL,1,0,0.8885,SELL,1,10,"EMA_26,OBV,Volume_MA,SMA_50,EMA_12,SMA_10,MACD,ATR_14,BB_Width,MACD_Hist",EMA_26
TCS,2023-03-01,2023,0,Sideways,0,0.851,SELL,1,0,0.8892,SELL,1,10,"EMA_26,OBV,Volume_MA,SMA_50,EMA_12,SMA_10,MACD,ATR_14,BB_Width,MACD_Hist",EMA_26
TCS,2023-03-02,2023,0,Sideways,0,0.7737,SELL,1,0,0.8802,SELL,1,10,"EMA_26,OBV,Volume_MA,SMA_50,EMA_12,SMA_10,MACD,ATR_14,BB_Width,MACD_Hist",EMA_26
TCS,2023-03-03,2023,0,Sideways,0,0.7444,SELL,1,0,0.8612,SELL,1,10,"EMA_26,OBV,Volume_MA,SMA_50,EMA_12,SMA_10,MACD,ATR_14,BB_Width,MACD_Hist",EMA_26
TCS,2023-03-06,2023,0,Sideways,0,0.8191,SELL,1,0,0.8628,SELL,1,10,"EMA_26,OBV,Volume_MA,SMA_50,EMA_12,SMA_10,MACD,ATR_14,BB_Width,MACD_Hist",EMA_26
TCS,2023-03-08,2023,0,Sideways,0,0.7953,SELL,1,0,0.9375,SELL,1,10,"EMA_26,OBV,Volume_MA,SMA_50,EMA_12,SMA_10,MACD,ATR_14,BB_Width,MACD_Hist",EMA_26
TCS,2023-03-09,2023,0,Sideways,0,0.7761,SELL,1,0,0.8354,SELL,1,10,"EMA_26,OBV,Volume_MA,SMA_50,EMA_12,SMA_10,MACD,ATR_14,BB_Width,MACD_Hist",EMA_26
TCS,2023-03-10,2023,0,Sideways,0,0.662,SELL,1,0,0.8358,SELL,1,10,"EMA_26,OBV,Volume_MA,SMA_50,EMA_12,SMA_10,MACD,ATR_14,BB_Width,MACD_Hist",EMA_26
TCS,2023-03-13,2023,0,Sideways,0,0.6471,SELL,1,0,0.8936,SELL,1,10,"EMA_26,OBV,Volume_MA,SMA_50,EMA_12,SMA_10,MACD,ATR_14,BB_Width,MACD_Hist",EMA_26
TCS,2023-03-14,2023,0,Sideways,0,0.6422,SELL,1,0,0.8048,SELL,1,10,"EMA_26,OBV,Volume_MA,SMA_50,EMA_12,SMA_10,MACD,ATR_14,BB_Width,MACD_Hist",EMA_26
TCS,2023-03-15,2023,0,Sideways,0,0.6402,SELL,1,0,0.8032,SELL,1,10,"EMA_26,OBV,Volume_MA,SMA_50,EMA_12,SMA_10,MACD,ATR_14,BB_Width,MACD_Hist",EMA_26
TCS,2023-03-16,2023,0,Sideways,0,0.5319,NO TRADE,1,0,0.818,SELL,1,10,"EMA_26,OBV,Volume_MA,SMA_50,EMA_12,SMA_10,MACD,ATR_14,BB_Width,MACD_Hist",EMA_26
TCS,2023-03-17,2023,0,Sideways,0,0.6909,SELL,1,0,0.7028,SELL,1,10,"EMA_26,OBV,Volume_MA,SMA_50,EMA_12,SMA_10,MACD,ATR_14,BB_Width,MACD_Hist",EMA_26
TCS,2023-03-20,2023,1,Sideways,1,0.5028,NO TRADE,1,0,0.7381,SELL,0,10,"EMA_12,SMA_10,SMA_50,MACD_Hist,MACD,EMA_26,BB_Width,ATR_14,Rolling_Median_Return,OBV",EMA_12
TCS,2023-03-21,2023,1,Sideways,1,0.6884,BUY,1,1,0.6772,BUY,1,10,"EMA_12,SMA_10,SMA_50,MACD_Hist,MACD,EMA_26,BB_Width,ATR_14,Rolling_Median_Return,OBV",EMA_12
TCS,2023-03-22,2023,1,Sideways,1,0.786,BUY,1,0,0.5899,SELL,0,10,"EMA_12,SMA_10,SMA_50,MACD_Hist,MACD,EMA_26,BB_Width,ATR_14,Rolling_Median_Return,OBV",EMA_12
TCS,2023-03-23,2023,1,Sideways,1,0.8058,BUY,1,1,0.7124,BUY,1,10,"EMA_12,SMA_10,SMA_50,MACD_Hist,MACD,EMA_26,BB_Width,ATR_14,Rolling_Median_Return,OBV",EMA_12
TCS,2023-03-24,2023,1,Sideways,1,0.9119,BUY,1,1,0.8714,BUY,1,10,"EMA_12,SMA_10,SMA_50,MACD_Hist,MACD,EMA_26,BB_Width,ATR_14,Rolling_Median_Return,OBV",EMA_12
TCS,2023-03-27,2023,1,Sideways,1,0.9501,BUY,1,1,0.8905,BUY,1,10,"EMA_12,SMA_10,SMA_50,MACD_Hist,MACD,EMA_26,BB_Width,ATR_14,Rolling_Median_Return,OBV",EMA_12
TCS,2023-03-28,2023,1,Sideways,1,0.968,BUY,1,1,0.8987,BUY,1,10,"EMA_12,SMA_10,SMA_50,MACD_Hist,MACD,EMA_26,BB_Width,ATR_14,Rolling_Median_Return,OBV",EMA_12
TCS,2023-03-29,2023,1,Sideways,1,0.9685,BUY,1,1,0.9144,BUY,1,10,"EMA_12,SMA_10,SMA_50,MACD_Hist,MACD,EMA_26,BB_Width,ATR_14,Rolling_Median_Return,OBV",EMA_12
TCS,2023-03-31,2023,1,Sideways,1,0.9681,BUY,1,1,0.9324,BUY,1,10,"EMA_12,SMA_10,SMA_50,MACD_Hist,MACD,EMA_26,BB_Width,ATR_14,Rolling_Median_Return,OBV",EMA_12
TCS,2023-04-03,2023,1,Sideways,1,0.9586,BUY,1,1,0.9387,BUY,1,10,"EMA_12,SMA_10,SMA_50,MACD_Hist,MACD,EMA_26,BB_Width,ATR_14,Rolling_Median_Return,OBV",EMA_12
TCS,2023-04-05,2023,1,Sideways,1,0.9598,BUY,1,1,0.9401,BUY,1,10,"EMA_12,SMA_10,SMA_50,MACD_Hist,MACD,EMA_26,BB_Width,ATR_14,Rolling_Median_Return,OBV",EMA_12
TCS,2023-04-06,2023,1,Sideways,1,0.9558,BUY,1,1,0.9354,BUY,1,10,"EMA_12,SMA_10,SMA_50,MACD_Hist,MACD,EMA_26,BB_Width,ATR_14,Rolling_Median_Return,OBV",EMA_12
TCS,2023-04-10,2023,1,Sideways,1,0.948,BUY,1,1,0.9244,BUY,1,10,"EMA_12,SMA_10,SMA_50,MACD_Hist,MACD,EMA_26,BB_Width,ATR_14,Rolling_Median_Return,OBV",EMA_12
TCS,2023-04-11,2023,1,Sideways,1,0.9383,BUY,1,1,0.9132,BUY,1,10,"EMA_12,SMA_10,SMA_50,MACD_Hist,MACD,EMA_26,BB_Width,ATR_14,Rolling_Median_Return,OBV",EMA_12
TCS,2023-04-12,2023,1,Sideways,1,0.892,BUY,1,1,0.9008,BUY,1,10,"EMA_12,SMA_10,SMA_50,MACD_Hist,MACD,EMA_26,BB_Width,ATR_14,Rolling_Median_Return,OBV",EMA_12
TCS,2023-04-13,2023,1,Sideways,1,0.9137,BUY,1,1,0.9398,BUY,1,10,"EMA_12,SMA_10,SMA_50,MACD_Hist,MACD,EMA_26,BB_Width,ATR_14,Rolling_Median_Return,OBV",EMA_12
TCS,2023-04-17,2023,1,Sideways,1,0.9736,BUY,1,1,0.929,BUY,1,10,"EMA_12,SMA_10,SMA_50,MACD_Hist,MACD,EMA_26,BB_Width,ATR_14,Rolling_Median_Return,OBV",EMA_12
TCS,2023-04-18,2023,1,Sideways,1,0.9738,BUY,1,1,0.9293,BUY,1,10,"EMA_12,SMA_10,SMA_50,MACD_Hist,MACD,EMA_26,BB_Width,ATR_14,Rolling_Median_Return,OBV",EMA_12
TCS,2023-04-19,2023,1,Sideways,1,0.974,BUY,1,1,0.9234,BUY,1,10,"EMA_12,SMA_10,SMA_50,MACD_Hist,MACD,EMA_26,BB_Width,ATR_14,Rolling_Median_Return,OBV",EMA_12
TCS,2023-04-20,2023,1,Sideways,1,0.9742,BUY,1,1,0.914,BUY,1,10,"EMA_12,SMA_10,SMA_50,MACD_Hist,MACD,EMA_26,BB_Width,ATR_14,Rolling_Median_Return,OBV",EMA_12
TCS,2023-04-21,2023,1,Sideways,1,0.9744,BUY,1,1,0.907,BUY,1,10,"EMA_12,SMA_10,SMA_50,MACD_Hist,MACD,EMA_26,BB_Width,ATR_14,Rolling_Median_Return,OBV",EMA_12
TCS,2023-04-24,2023,1,Sideways,1,0.9746,BUY,1,1,0.9066,BUY,1,10,"EMA_12,SMA_10,SMA_50,MACD_Hist,MACD,EMA_26,BB_Width,ATR_14,Rolling_Median_Return,OBV",EMA_12
TCS,2023-04-25,2023,1,Sideways,1,0.9747,BUY,1,1,0.9021,BUY,1,10,"EMA_12,SMA_10,SMA_50,MACD_Hist,MACD,EMA_26,BB_Width,ATR_14,Rolling_Median_Return,OBV",EMA_12
TCS,2023-04-26,2023,1,Sideways,1,0.9748,BUY,1,1,0.9161,BUY,1,10,"EMA_12,SMA_10,SMA_50,MACD_Hist,MACD,EMA_26,BB_Width,ATR_14,Rolling_Median_Return,OBV",EMA_12
TCS,2023-04-27,2023,1,Sideways,1,0.9748,BUY,1,1,0.928,BUY,1,10,"EMA_12,SMA_10,SMA_50,MACD_Hist,MACD,EMA_26,BB_Width,ATR_14,Rolling_Median_Return,OBV",EMA_12
TCS,2023-04-28,2023,1,Sideways,1,0.966,BUY,1,1,0.9259,BUY,1,10,"EMA_12,SMA_10,SMA_50,MACD_Hist,MACD,EMA_26,BB_Width,ATR_14,Rolling_Median_Return,OBV",EMA_12
TCS,2023-05-02,2023,1,Sideways,1,0.9662,BUY,1,1,0.9299,BUY,1,10,"EMA_12,SMA_10,SMA_50,MACD_Hist,MACD,EMA_26,BB_Width,ATR_14,Rolling_Median_Return,OBV",EMA_12
TCS,2023-05-03,2023,1,Sideways,1,0.9665,BUY,1,1,0.9265,BUY,1,10,"EMA_12,SMA_10,SMA_50,MACD_Hist,MACD,EMA_26,BB_Width,ATR_14,Rolling_Median_Return,OBV",EMA_12
TCS,2023-05-04,2023,1,Sideways,1,0.9667,BUY,1,1,0.9223,BUY,1,10,"EMA_12,SMA_10,SMA_50,MACD_Hist,MACD,EMA_26,BB_Width,ATR_14,Rolling_Median_Return,OBV",EMA_12
TCS,2023-05-05,2023,1,Sideways,1,0.9753,BUY,1,1,0.9226,BUY,1,10,"EMA_12,SMA_10,SMA_50,MACD_Hist,MACD,EMA_26,BB_Width,ATR_14,Rolling_Median_Return,OBV",EMA_12
TCS,2023-05-08,2023,1,Sideways,1,0.9688,BUY,1,1,0.7579,BUY,1,10,"OBV,SMA_10,ROC,EMA_26,EMA_12,SMA_50,BB_Width,MACD,RSI_14,MACD_Signal",OBV
TCS,2023-05-09,2023,0,Sideways,1,0.9022,BUY,0,1,0.7342,BUY,0,10,"OBV,SMA_10,ROC,EMA_26,EMA_12,SMA_50,BB_Width,MACD,RSI_14,MACD_Signal",OBV
TCS,2023-05-10,2023,0,Sideways,1,0.834,BUY,0,1,0.533,NO TRADE,0,10,"OBV,SMA_10,ROC,EMA_26,EMA_12,SMA_50,BB_Width,MACD,RSI_14,MACD_Signal",OBV
TCS,2023-05-11,2023,0,Sideways,1,0.8622,BUY,0,1,0.5508,BUY,0,10,"OBV,SMA_10,ROC,EMA_26,EMA_12,SMA_50,BB_Width,MACD,RSI_14,MACD_Signal",OBV
TCS,2023-05-12,2023,0,Sideways,1,0.7462,BUY,0,1,0.638,BUY,0,10,"OBV,SMA_10,ROC,EMA_26,EMA_12,SMA_50,BB_Width,MACD,RSI_14,MACD_Signal",OBV
TCS,2023-05-15,2023,0,Sideways,1,0.6502,BUY,0,1,0.7363,BUY,0,10,"OBV,SMA_10,ROC,EMA_26,EMA_12,SMA_50,BB_Width,MACD,RSI_14,MACD_Signal",OBV
TCS,2023-05-16,2023,0,Sideways,1,0.6278,BUY,0,1,0.5924,BUY,0,10,"OBV,SMA_10,ROC,EMA_26,EMA_12,SMA_50,BB_Width,MACD,RSI_14,MACD_Signal",OBV
TCS,2023-05-17,2023,1,Sideways,1,0.662,BUY,1,1,0.5385,NO TRADE,1,10,"OBV,SMA_10,ROC,EMA_26,EMA_12,SMA_50,BB_Width,MACD,RSI_14,MACD_Signal",OBV
TCS,2023-05-18,2023,1,Sideways,1,0.6697,BUY,1,1,0.6819,BUY,1,10,"OBV,SMA_10,ROC,EMA_26,EMA_12,SMA_50,BB_Width,MACD,RSI_14,MACD_Signal",OBV
TCS,2023-05-19,2023,0,Sideways,1,0.795,BUY,0,1,0.8162,BUY,0,10,"OBV,SMA_10,ROC,EMA_26,EMA_12,SMA_50,BB_Width,MACD,RSI_14,MACD_Signal",OBV
TCS,2023-05-22,2023,0,Sideways,1,0.7347,BUY,0,1,0.7051,BUY,0,10,"OBV,SMA_10,ROC,EMA_26,EMA_12,SMA_50,BB_Width,MACD,RSI_14,MACD_Signal",OBV
TCS,2023-05-23,2023,0,Sideways,1,0.6036,BUY,0,0,0.5776,SELL,1,10,"OBV,SMA_10,ROC,EMA_26,EMA_12,SMA_50,BB_Width,MACD,RSI_14,MACD_Signal",OBV
TCS,2023-05-24,2023,0,Sideways,1,0.5368,NO TRADE,0,0,0.6091,SELL,1,10,"OBV,SMA_10,ROC,EMA_26,EMA_12,SMA_50,BB_Width,MACD,RSI_14,MACD_Signal",OBV
TCS,2023-05-25,2023,0,Sideways,1,0.5396,NO TRADE,0,0,0.6079,SELL,1,10,"OBV,SMA_10,ROC,EMA_26,EMA_12,SMA_50,BB_Width,MACD,RSI_14,MACD_Signal",OBV
TCS,2023-05-26,2023,0,Sideways,0,0.5884,SELL,1,0,0.5774,SELL,1,10,"OBV,SMA_10,ROC,EMA_26,EMA_12,SMA_50,BB_Width,MACD,RSI_14,MACD_Signal",OBV
TCS,2023-05-29,2023,0,Sideways,0,0.6577,SELL,1,0,0.7042,SELL,1,10,"OBV,SMA_10,ROC,EMA_26,EMA_12,SMA_50,BB_Width,MACD,RSI_14,MACD_Signal",OBV
TCS,2023-05-30,2023,0,Sideways,0,0.5526,SELL,1,0,0.7358,SELL,1,10,"OBV,SMA_10,ROC,EMA_26,EMA_12,SMA_50,BB_Width,MACD,RSI_14,MACD_Signal",OBV
TCS,2023-05-31,2023,0,Sideways,0,0.6241,SELL,1,0,0.7812,SELL,1,10,"OBV,SMA_10,ROC,EMA_26,EMA_12,SMA_50,BB_Width,MACD,RSI_14,MACD_Signal",OBV
TCS,2023-06-01,2023,1,Sideways,0,0.5551,SELL,0,0,0.7751,SELL,0,10,"OBV,SMA_10,ROC,EMA_26,EMA_12,SMA_50,BB_Width,MACD,RSI_14,MACD_Signal",OBV
TCS,2023-06-02,2023,0,Sideways,0,0.5417,NO TRADE,1,0,0.5687,SELL,1,10,"OBV,SMA_10,ROC,EMA_26,EMA_12,SMA_50,BB_Width,MACD,RSI_14,MACD_Signal",OBV
TCS,2023-06-05,2023,1,Sideways,0,0.5138,NO TRADE,0,0,0.6457,SELL,0,10,"OBV,SMA_10,ROC,EMA_26,EMA_12,SMA_50,BB_Width,MACD,RSI_14,MACD_Signal",OBV
TCS,2023-06-06,2023,1,Sideways,1,0.5318,NO TRADE,1,1,0.5007,NO TRADE,1,10,"OBV,SMA_10,ROC,EMA_26,EMA_12,SMA_50,BB_Width,MACD,RSI_14,MACD_Signal",OBV
TCS,2023-06-07,2023,1,Sideways,1,0.5406,NO TRADE,1,1,0.645,BUY,1,10,"OBV,SMA_10,ROC,EMA_26,EMA_12,SMA_50,BB_Width,MACD,RSI_14,MACD_Signal",OBV
TCS,2023-06-08,2023,1,Sideways,1,0.6894,BUY,1,1,0.688,BUY,1,10,"OBV,SMA_10,ROC,EMA_26,EMA_12,SMA_50,BB_Width,MACD,RSI_14,MACD_Signal",OBV
TCS,2023-06-09,2023,1,Sideways,1,0.6916,BUY,1,1,0.7188,BUY,1,10,"OBV,SMA_10,ROC,EMA_26,EMA_12,SMA_50,BB_Width,MACD,RSI_14,MACD_Signal",OBV
TCS,2023-06-12,2023,1,Sideways,1,0.7042,BUY,1,1,0.824,BUY,1,10,"OBV,SMA_10,ROC,EMA_26,EMA_12,SMA_50,BB_Width,MACD,RSI_14,MACD_Signal",OBV
TCS,2023-06-13,2023,1,Sideways,1,0.7065,BUY,1,1,0.8398,BUY,1,10,"OBV,SMA_10,ROC,EMA_26,EMA_12,SMA_50,BB_Width,MACD,RSI_14,MACD_Signal",OBV
TCS,2023-06-14,2023,1,Sideways,1,0.7593,BUY,1,1,0.8511,BUY,1,10,"OBV,SMA_10,ROC,EMA_26,EMA_12,SMA_50,BB_Width,MACD,RSI_14,MACD_Signal",OBV
TCS,2023-06-15,2023,1,Sideways,1,0.7753,BUY,1,1,0.8633,BUY,1,10,"OBV,SMA_10,ROC,EMA_26,EMA_12,SMA_50,BB_Width,MACD,RSI_14,MACD_Signal",OBV
TCS,2023-06-16,2023,1,Sideways,1,0.804,BUY,1,1,0.8182,BUY,1,10,"OBV,SMA_10,ROC,EMA_26,EMA_12,SMA_50,BB_Width,MACD,RSI_14,MACD_Signal",OBV
TCS,2023-06-19,2023,1,Sideways,1,0.8613,BUY,1,1,0.8082,BUY,1,10,"MACD_Hist,OBV,SMA_10,RSI_14,EMA_26,BB_Width,CCI,EMA_12,MACD_Signal,SMA_50",MACD_Hist
TCS,2023-06-20,2023,1,Sideways,1,0.7939,BUY,1,1,0.9097,BUY,1,10,"MACD_Hist,OBV,SMA_10,RSI_14,EMA_26,BB_Width,CCI,EMA_12,MACD_Signal,SMA_50",MACD_Hist
TCS,2023-06-21,2023,1,Sideways,1,0.8207,BUY,1,1,0.9143,BUY,1,10,"MACD_Hist,OBV,SMA_10,RSI_14,EMA_26,BB_Width,CCI,EMA_12,MACD_Signal,SMA_50",MACD_Hist
TCS,2023-06-22,2023,1,Sideways,1,0.8521,BUY,1,1,0.9109,BUY,1,10,"MACD_Hist,OBV,SMA_10,RSI_14,EMA_26,BB_Width,CCI,EMA_12,MACD_Signal,SMA_50",MACD_Hist
TCS,2023-06-23,2023,1,Sideways,1,0.9438,BUY,1,1,0.9283,BUY,1,10,"MACD_Hist,OBV,SMA_10,RSI_14,EMA_26,BB_Width,CCI,EMA_12,MACD_Signal,SMA_50",MACD_Hist
TCS,2023-06-26,2023,1,Sideways,1,0.9425,BUY,1,1,0.9304,BUY,1,10,"MACD_Hist,OBV,SMA_10,RSI_14,EMA_26,BB_Width,CCI,EMA_12,MACD_Signal,SMA_50",MACD_Hist
TCS,2023-06-27,2023,1,Sideways,1,0.9432,BUY,1,1,0.9387,BUY,1,10,"MACD_Hist,OBV,SMA_10,RSI_14,EMA_26,BB_Width,CCI,EMA_12,MACD_Signal,SMA_50",MACD_Hist
TCS,2023-06-28,2023,1,Sideways,1,0.9438,BUY,1,1,0.9412,BUY,1,10,"MACD_Hist,OBV,SMA_10,RSI_14,EMA_26,BB_Width,CCI,EMA_12,MACD_Signal,SMA_50",MACD_Hist
TCS,2023-06-30,2023,1,Sideways,1,0.8802,BUY,1,1,0.8648,BUY,1,10,"MACD_Hist,OBV,SMA_10,RSI_14,EMA_26,BB_Width,CCI,EMA_12,MACD_Signal,SMA_50",MACD_Hist
TCS,2023-07-03,2023,1,Sideways,1,0.8683,BUY,1,1,0.849,BUY,1,10,"MACD_Hist,OBV,SMA_10,RSI_14,EMA_26,BB_Width,CCI,EMA_12,MACD_Signal,SMA_50",MACD_Hist
TCS,2023-07-04,2023,1,Sideways,1,0.7544,BUY,1,1,0.8077,BUY,1,10,"MACD_Hist,OBV,SMA_10,RSI_14,EMA_26,BB_Width,CCI,EMA_12,MACD_Signal,SMA_50",MACD_Hist
TCS,2023-07-05,2023,1,Sideways,1,0.7573,BUY,1,1,0.7123,BUY,1,10,"MACD_Hist,OBV,SMA_10,RSI_14,EMA_26,BB_Width,CCI,EMA_12,MACD_Signal,SMA_50",MACD_Hist
TCS,2023-07-06,2023,1,Sideways,1,0.7005,BUY,1,1,0.6951,BUY,1,10,"MACD_Hist,OBV,SMA_10,RSI_14,EMA_26,BB_Width,CCI,EMA_12,MACD_Signal,SMA_50",MACD_Hist
TCS,2023-07-07,2023,1,Sideways,1,0.7473,BUY,1,1,0.7144,BUY,1,10,"MACD_Hist,OBV,SMA_10,RSI_14,EMA_26,BB_Width,CCI,EMA_12,MACD_Signal,SMA_50",MACD_Hist
TCS,2023-07-10,2023,1,Sideways,1,0.7666,BUY,1,1,0.6328,BUY,1,10,"MACD_Hist,OBV,SMA_10,RSI_14,EMA_26,BB_Width,CCI,EMA_12,MACD_Signal,SMA_50",MACD_Hist
TCS,2023-07-11,2023,1,Sideways,1,0.7214,BUY,1,1,0.72,BUY,1,10,"MACD_Hist,OBV,SMA_10,RSI_14,EMA_26,BB_Width,CCI,EMA_12,MACD_Signal,SMA_50",MACD_Hist
TCS,2023-07-12,2023,1,Sideways,1,0.7442,BUY,1,1,0.8418,BUY,1,10,"MACD_Hist,OBV,SMA_10,RSI_14,EMA_26,BB_Width,CCI,EMA_12,MACD_Signal,SMA_50",MACD_Hist
TCS,2023-07-13,2023,1,Sideways,1,0.8047,BUY,1,1,0.7127,BUY,1,10,"MACD_Hist,OBV,SMA_10,RSI_14,EMA_26,BB_Width,CCI,EMA_12,MACD_Signal,SMA_50",MACD_Hist
TCS,2023-07-14,2023,0,Sideways,1,0.7739,BUY,0,0,0.5022,NO TRADE,1,10,"MACD_Hist,OBV,SMA_10,RSI_14,EMA_26,BB_Width,CCI,EMA_12,MACD_Signal,SMA_50",MACD_Hist
TCS,2023-07-17,2023,0,Sideways,0,0.5193,NO TRADE,1,0,0.6887,SELL,1,10,"MACD_Hist,OBV,SMA_10,RSI_14,EMA_26,BB_Width,CCI,EMA_12,MACD_Signal,SMA_50",MACD_Hist
TCS,2023-07-18,2023,0,Sideways,0,0.5817,SELL,1,0,0.7332,SELL,1,10,"MACD_Hist,OBV,SMA_10,RSI_14,EMA_26,BB_Width,CCI,EMA_12,MACD_Signal,SMA_50",MACD_Hist
TCS,2023-07-19,2023,0,Sideways,0,0.6905,SELL,1,0,0.7383,SELL,1,10,"MACD_Hist,OBV,SMA_10,RSI_14,EMA_26,BB_Width,CCI,EMA_12,MACD_Signal,SMA_50",MACD_Hist
TCS,2023-07-20,2023,0,Sideways,0,0.8299,SELL,1,0,0.744,SELL,1,10,"MACD_Hist,OBV,SMA_10,RSI_14,EMA_26,BB_Width,CCI,EMA_12,MACD_Signal,SMA_50",MACD_Hist
TCS,2023-07-21,2023,1,Sideways,0,0.8036,SELL,0,0,0.5171,NO TRADE,0,10,"MACD_Hist,OBV,SMA_10,RSI_14,EMA_26,BB_Width,CCI,EMA_12,MACD_Signal,SMA_50",MACD_Hist
TCS,2023-07-24,2023,0,Sideways,0,0.6091,SELL,1,0,0.6132,SELL,1,10,"MACD_Hist,OBV,SMA_10,RSI_14,EMA_26,BB_Width,CCI,EMA_12,MACD_Signal,SMA_50",MACD_Hist
TCS,2023-07-25,2023,0,Sideways,0,0.6301,SELL,1,0,0.6147,SELL,1,10,"MACD_Hist,OBV,SMA_10,RSI_14,EMA_26,BB_Width,CCI,EMA_12,MACD_Signal,SMA_50",MACD_Hist
TCS,2023-07-26,2023,0,Sideways,0,0.7384,SELL,1,1,0.5251,NO TRADE,0,10,"MACD_Hist,OBV,SMA_10,RSI_14,EMA_26,BB_Width,CCI,EMA_12,MACD_Signal,SMA_50",MACD_Hist
TCS,2023-07-27,2023,0,Sideways,0,0.812,SELL,1,0,0.7141,SELL,1,10,"MACD_Hist,OBV,SMA_10,RSI_14,EMA_26,BB_Width,CCI,EMA_12,MACD_Signal,SMA_50",MACD_Hist
TCS,2023-07-28,2023,1,Sideways,0,0.7958,SELL,0,1,0.575,BUY,1,10,"MACD_Hist,OBV,SMA_10,RSI_14,EMA_26,BB_Width,CCI,EMA_12,MACD_Signal,SMA_50",MACD_Hist
TCS,2023-07-31,2023,0,Sideways,0,0.8154,SELL,1,0,0.7134,SELL,1,10,"MACD_Hist,OBV,SMA_10,RSI_14,EMA_26,BB_Width,CCI,EMA_12,MACD_Signal,SMA_50",MACD_Hist
TCS,2023-08-01,2023,0,Sideways,0,0.8227,SELL,1,0,0.5012,NO TRADE,1,10,"MACD_Hist,EMA_26,RSI_14,MACD_Signal,OBV,MFI,SMA_20,BB_Width,MACD,Rolling_Volatility",MACD_Hist
TCS,2023-08-02,2023,0,Sideways,0,0.8159,SELL,1,0,0.6461,SELL,1,10,"MACD_Hist,EMA_26,RSI_14,MACD_Signal,OBV,MFI,SMA_20,BB_Width,MACD,Rolling_Volatility",MACD_Hist
TCS,2023-08-03,2023,0,Sideways,0,0.7486,SELL,1,0,0.5449,NO TRADE,1,10,"MACD_Hist,EMA_26,RSI_14,MACD_Signal,OBV,MFI,SMA_20,BB_Width,MACD,Rolling_Volatility",MACD_Hist
TCS,2023-08-04,2023,0,Sideways,0,0.7667,SELL,1,0,0.7516,SELL,1,10,"MACD_Hist,EMA_26,RSI_14,MACD_Signal,OBV,MFI,SMA_20,BB_Width,MACD,Rolling_Volatility",MACD_Hist
TCS,2023-08-07,2023,0,Sideways,0,0.759,SELL,1,0,0.7756,SELL,1,10,"MACD_Hist,EMA_26,RSI_14,MACD_Signal,OBV,MFI,SMA_20,BB_Width,MACD,Rolling_Volatility",MACD_Hist
TCS,2023-08-08,2023,0,Sideways,0,0.8368,SELL,1,0,0.7875,SELL,1,10,"MACD_Hist,EMA_26,RSI_14,MACD_Signal,OBV,MFI,SMA_20,BB_Width,MACD,Rolling_Volatility",MACD_Hist
TCS,2023-08-09,2023,0,Sideways,0,0.8414,SELL,1,0,0.8108,SELL,1,10,"MACD_Hist,EMA_26,RSI_14,MACD_Signal,OBV,MFI,SMA_20,BB_Width,MACD,Rolling_Volatility",MACD_Hist
TCS,2023-08-10,2023,0,Sideways,0,0.8494,SELL,1,0,0.7045,SELL,1,10,"MACD_Hist,EMA_26,RSI_14,MACD_Signal,OBV,MFI,SMA_20,BB_Width,MACD,Rolling_Volatility",MACD_Hist
TCS,2023-08-11,2023,1,Sideways,0,0.8313,SELL,0,0,0.7516,SELL,0,10,"MACD_Hist,EMA_26,RSI_14,MACD_Signal,OBV,MFI,SMA_20,BB_Width,MACD,Rolling_Volatility",MACD_Hist
TCS,2023-08-14,2023,1,Sideways,0,0.6526,SELL,0,0,0.6471,SELL,0,10,"MACD_Hist,EMA_26,RSI_14,MACD_Signal,OBV,MFI,SMA_20,BB_Width,MACD,Rolling_Volatility",MACD_Hist
TCS,2023-08-16,2023,1,Sideways,0,0.6186,SELL,0,0,0.6518,SELL,0,10,"MACD_Hist,EMA_26,RSI_14,MACD_Signal,OBV,MFI,SMA_20,BB_Width,MACD,Rolling_Volatility",MACD_Hist
TCS,2023-08-17,2023,1,Sideways,0,0.6427,SELL,0,1,0.5336,NO TRADE,1,10,"MACD_Hist,EMA_26,RSI_14,MACD_Signal,OBV,MFI,SMA_20,BB_Width,MACD,Rolling_Volatility",MACD_Hist
TCS,2023-08-18,2023,1,Sideways,1,0.5964,BUY,1,1,0.5938,BUY,1,10,"MACD_Hist,EMA_26,RSI_14,MACD_Signal,OBV,MFI,SMA_20,BB_Width,MACD,Rolling_Volatility",MACD_Hist
TCS,2023-08-21,2023,1,Sideways,1,0.6731,BUY,1,1,0.6376,BUY,1,10,"MACD_Hist,EMA_26,RSI_14,MACD_Signal,OBV,MFI,SMA_20,BB_Width,MACD,Rolling_Volatility",MACD_Hist
TCS,2023-08-22,2023,1,Sideways,1,0.6322,BUY,1,1,0.608,BUY,1,10,"MACD_Hist,EMA_26,RSI_14,MACD_Signal,OBV,MFI,SMA_20,BB_Width,MACD,Rolling_Volatility",MACD_Hist
TCS,2023-08-23,2023,1,Sideways,1,0.6521,BUY,1,1,0.6766,BUY,1,10,"MACD_Hist,EMA_26,RSI_14,MACD_Signal,OBV,MFI,SMA_20,BB_Width,MACD,Rolling_Volatility",MACD_Hist
TCS,2023-08-24,2023,1,Sideways,1,0.6124,BUY,1,1,0.643,BUY,1,10,"MACD_Hist,EMA_26,RSI_14,MACD_Signal,OBV,MFI,SMA_20,BB_Width,MACD,Rolling_Volatility",MACD_Hist
TCS,2023-08-25,2023,1,Sideways,1,0.7025,BUY,1,1,0.71,BUY,1,10,"MACD_Hist,EMA_26,RSI_14,MACD_Signal,OBV,MFI,SMA_20,BB_Width,MACD,Rolling_Volatility",MACD_Hist
TCS,2023-08-28,2023,1,Sideways,1,0.7503,BUY,1,1,0.7118,BUY,1,10,"MACD_Hist,EMA_26,RSI_14,MACD_Signal,OBV,MFI,SMA_20,BB_Width,MACD,Rolling_Volatility",MACD_Hist
TCS,2023-08-29,2023,1,Sideways,1,0.7858,BUY,1,1,0.7172,BUY,1,10,"MACD_Hist,EMA_26,RSI_14,MACD_Signal,OBV,MFI,SMA_20,BB_Width,MACD,Rolling_Volatility",MACD_Hist
TCS,2023-08-30,2023,1,Sideways,1,0.7903,BUY,1,1,0.7811,BUY,1,10,"MACD_Hist,EMA_26,RSI_14,MACD_Signal,OBV,MFI,SMA_20,BB_Width,MACD,Rolling_Volatility",MACD_Hist
TCS,2023-08-31,2023,1,Sideways,1,0.697,BUY,1,1,0.7474,BUY,1,10,"MACD_Hist,EMA_26,RSI_14,MACD_Signal,OBV,MFI,SMA_20,BB_Width,MACD,Rolling_Volatility",MACD_Hist
TCS,2023-09-01,2023,1,Sideways,1,0.825,BUY,1,1,0.7459,BUY,1,10,"MACD_Hist,EMA_26,RSI_14,MACD_Signal,OBV,MFI,SMA_20,BB_Width,MACD,Rolling_Volatility",MACD_Hist
TCS,2023-09-04,2023,1,Sideways,1,0.7998,BUY,1,1,0.6859,BUY,1,10,"MACD_Hist,EMA_26,RSI_14,MACD_Signal,OBV,MFI,SMA_20,BB_Width,MACD,Rolling_Volatility",MACD_Hist
TCS,2023-09-05,2023,1,Sideways,1,0.9181,BUY,1,1,0.7128,BUY,1,10,"MACD_Hist,EMA_26,RSI_14,MACD_Signal,OBV,MFI,SMA_20,BB_Width,MACD,Rolling_Volatility",MACD_Hist
TCS,2023-09-06,2023,1,Sideways,1,0.9514,BUY,1,1,0.7213,BUY,1,10,"MACD_Hist,EMA_26,RSI_14,MACD_Signal,OBV,MFI,SMA_20,BB_Width,MACD,Rolling_Volatility",MACD_Hist
TCS,2023-09-07,2023,1,Sideways,1,0.8619,BUY,1,1,0.6659,BUY,1,10,"MACD_Hist,EMA_26,RSI_14,MACD_Signal,OBV,MFI,SMA_20,BB_Width,MACD,Rolling_Volatility",MACD_Hist
TCS,2023-09-08,2023,1,Sideways,1,0.8374,BUY,1,1,0.8088,BUY,1,10,"MACD_Hist,EMA_26,RSI_14,MACD_Signal,OBV,MFI,SMA_20,BB_Width,MACD,Rolling_Volatility",MACD_Hist
TCS,2023-09-11,2023,1,Sideways,1,0.7523,BUY,1,1,0.7805,BUY,1,10,"MACD_Hist,EMA_26,RSI_14,MACD_Signal,OBV,MFI,SMA_20,BB_Width,MACD,Rolling_Volatility",MACD_Hist
TCS,2023-09-12,2023,0,Sideways,0,0.5511,SELL,1,1,0.6171,BUY,0,10,"MACD_Hist,EMA_26,RSI_14,MACD_Signal,OBV,MFI,SMA_20,BB_Width,MACD,Rolling_Volatility",MACD_Hist
TCS,2023-09-13,2023,1,Sideways,0,0.7483,SELL,0,0,0.6243,SELL,0,10,"MACD,SMA_10,MACD_Hist,Rolling_Std_10,Volume_MA,BB_Width,OBV,BB_Upper,RSI_14,EMA_12",MACD
TCS,2023-09-14,2023,0,Sideways,0,0.5686,SELL,1,0,0.5347,NO TRADE,1,10,"MACD,SMA_10,MACD_Hist,Rolling_Std_10,Volume_MA,BB_Width,OBV,BB_Upper,RSI_14,EMA_12",MACD
TCS,2023-09-15,2023,0,Sideways,0,0.6856,SELL,1,0,0.7122,SELL,1,10,"MACD,SMA_10,MACD_Hist,Rolling_Std_10,Volume_MA,BB_Width,OBV,BB_Upper,RSI_14,EMA_12",MACD
TCS,2023-09-18,2023,0,Sideways,0,0.6913,SELL,1,0,0.7539,SELL,1,10,"MACD,SMA_10,MACD_Hist,Rolling_Std_10,Volume_MA,BB_Width,OBV,BB_Upper,RSI_14,EMA_12",MACD
TCS,2023-09-20,2023,0,Sideways,0,0.6996,SELL,1,0,0.7903,SELL,1,10,"MACD,SMA_10,MACD_Hist,Rolling_Std_10,Volume_MA,BB_Width,OBV,BB_Upper,RSI_14,EMA_12",MACD
TCS,2023-09-21,2023,0,Sideways,0,0.8095,SELL,1,0,0.7403,SELL,1,10,"MACD,SMA_10,MACD_Hist,Rolling_Std_10,Volume_MA,BB_Width,OBV,BB_Upper,RSI_14,EMA_12",MACD
TCS,2023-09-22,2023,0,Sideways,0,0.8221,SELL,1,0,0.7954,SELL,1,10,"MACD,SMA_10,MACD_Hist,Rolling_Std_10,Volume_MA,BB_Width,OBV,BB_Upper,RSI_14,EMA_12",MACD
TCS,2023-09-25,2023,0,Sideways,0,0.8408,SELL,1,0,0.7764,SELL,1,10,"MACD,SMA_10,MACD_Hist,Rolling_Std_10,Volume_MA,BB_Width,OBV,BB_Upper,RSI_14,EMA_12",MACD
TCS,2023-09-26,2023,0,Sideways,0,0.8394,SELL,1,0,0.7876,SELL,1,10,"MACD,SMA_10,MACD_Hist,Rolling_Std_10,Volume_MA,BB_Width,OBV,BB_Upper,RSI_14,EMA_12",MACD
TCS,2023-09-27,2023,0,Sideways,0,0.7395,SELL,1,0,0.7869,SELL,1,10,"MACD,SMA_10,MACD_Hist,Rolling_Std_10,Volume_MA,BB_Width,OBV,BB_Upper,RSI_14,EMA_12",MACD
TCS,2023-09-28,2023,0,Sideways,0,0.8009,SELL,1,0,0.6331,SELL,1,10,"MACD,SMA_10,MACD_Hist,Rolling_Std_10,Volume_MA,BB_Width,OBV,BB_Upper,RSI_14,EMA_12",MACD
TCS,2023-09-29,2023,0,Sideways,0,0.7258,SELL,1,0,0.5822,SELL,1,10,"MACD,SMA_10,MACD_Hist,Rolling_Std_10,Volume_MA,BB_Width,OBV,BB_Upper,RSI_14,EMA_12",MACD
TCS,2023-10-03,2023,0,Sideways,0,0.6988,SELL,1,0,0.6182,SELL,1,10,"MACD,SMA_10,MACD_Hist,Rolling_Std_10,Volume_MA,BB_Width,OBV,BB_Upper,RSI_14,EMA_12",MACD
TCS,2023-10-04,2023,0,Sideways,0,0.7249,SELL,1,0,0.7315,SELL,1,10,"MACD,SMA_10,MACD_Hist,Rolling_Std_10,Volume_MA,BB_Width,OBV,BB_Upper,RSI_14,EMA_12",MACD
TCS,2023-10-05,2023,0,Sideways,0,0.8682,SELL,1,0,0.7569,SELL,1,10,"MACD,SMA_10,MACD_Hist,Rolling_Std_10,Volume_MA,BB_Width,OBV,BB_Upper,RSI_14,EMA_12",MACD
TCS,2023-10-06,2023,0,Sideways,0,0.8811,SELL,1,0,0.7819,SELL,1,10,"MACD,SMA_10,MACD_Hist,Rolling_Std_10,Volume_MA,BB_Width,OBV,BB_Upper,RSI_14,EMA_12",MACD
TCS,2023-10-09,2023,0,Sideways,0,0.8986,SELL,1,0,0.799,SELL,1,10,"MACD,SMA_10,MACD_Hist,Rolling_Std_10,Volume_MA,BB_Width,OBV,BB_Upper,RSI_14,EMA_12",MACD
TCS,2023-10-10,2023,0,Sideways,0,0.9005,SELL,1,0,0.7942,SELL,1,10,"MACD,SMA_10,MACD_Hist,Rolling_Std_10,Volume_MA,BB_Width,OBV,BB_Upper,RSI_14,EMA_12",MACD
TCS,2023-10-11,2023,0,Sideways,0,0.8904,SELL,1,0,0.7759,SELL,1,10,"MACD,SMA_10,MACD_Hist,Rolling_Std_10,Volume_MA,BB_Width,OBV,BB_Upper,RSI_14,EMA_12",MACD
TCS,2023-10-12,2023,0,Sideways,0,0.8415,SELL,1,0,0.604,SELL,1,10,"MACD,SMA_10,MACD_Hist,Rolling_Std_10,Volume_MA,BB_Width,OBV,BB_Upper,RSI_14,EMA_12",MACD
TCS,2023-10-13,2023,0,Sideways,0,0.9216,SELL,1,0,0.6495,SELL,1,10,"MACD,SMA_10,MACD_Hist,Rolling_Std_10,Volume_MA,BB_Width,OBV,BB_Upper,RSI_14,EMA_12",MACD
TCS,2023-10-16,2023,0,Sideways,0,0.9035,SELL,1,0,0.5692,SELL,1,10,"MACD,SMA_10,MACD_Hist,Rolling_Std_10,Volume_MA,BB_Width,OBV,BB_Upper,RSI_14,EMA_12",MACD
TCS,2023-10-17,2023,0,Sideways,0,0.8539,SELL,1,0,0.5083,NO TRADE,1,10,"MACD,SMA_10,MACD_Hist,Rolling_Std_10,Volume_MA,BB_Width,OBV,BB_Upper,RSI_14,EMA_12",MACD
TCS,2023-10-18,2023,1,Sideways,0,0.8449,SELL,0,1,0.503,NO TRADE,1,10,"MACD,SMA_10,MACD_Hist,Rolling_Std_10,Volume_MA,BB_Width,OBV,BB_Upper,RSI_14,EMA_12",MACD
TCS,2023-10-19,2023,1,Sideways,0,0.5447,NO TRADE,0,1,0.5737,BUY,1,10,"MACD,SMA_10,MACD_Hist,Rolling_Std_10,Volume_MA,BB_Width,OBV,BB_Upper,RSI_14,EMA_12",MACD
TCS,2023-10-20,2023,1,Sideways,1,0.5659,BUY,1,1,0.6333,BUY,1,10,"MACD,SMA_10,MACD_Hist,Rolling_Std_10,Volume_MA,BB_Width,OBV,BB_Upper,RSI_14,EMA_12",MACD
TCS,2023-10-23,2023,1,Sideways,0,0.5372,NO TRADE,0,1,0.7326,BUY,1,10,"MACD,SMA_10,MACD_Hist,Rolling_Std_10,Volume_MA,BB_Width,OBV,BB_Upper,RSI_14,EMA_12",MACD
TCS,2023-10-25,2023,1,Sideways,1,0.6979,BUY,1,1,0.7404,BUY,1,10,"MACD,SMA_10,MACD_Hist,Rolling_Std_10,Volume_MA,BB_Width,OBV,BB_Upper,RSI_14,EMA_12",MACD
TCS,2023-10-26,2023,1,Sideways,1,0.7272,BUY,1,1,0.5833,BUY,1,10,"MACD,SMA_10,MACD_Hist,Rolling_Std_10,Volume_MA,BB_Width,OBV,BB_Upper,RSI_14,EMA_12",MACD
TCS,2023-10-27,2023,1,Sideways,1,0.5969,BUY,1,1,0.8473,BUY,1,10,"MACD,SMA_10,MACD_Hist,Rolling_Std_10,Volume_MA,BB_Width,OBV,BB_Upper,RSI_14,EMA_12",MACD
TCS,2023-10-30,2023,1,Sideways,1,0.6724,BUY,1,1,0.7215,BUY,1,10,"MACD_Hist,MACD,EMA_26,SMA_10,OBV,Return_5d,Rolling_Median_Return,SMA_20,BB_Upper,ADX",MACD_Hist
TCS,2023-10-31,2023,1,Sideways,1,0.7097,BUY,1,1,0.8207,BUY,1,10,"MACD_Hist,MACD,EMA_26,SMA_10,OBV,Return_5d,Rolling_Median_Return,SMA_20,BB_Upper,ADX",MACD_Hist
TCS,2023-11-01,2023,1,Sideways,1,0.808,BUY,1,1,0.7384,BUY,1,10,"MACD_Hist,MACD,EMA_26,SMA_10,OBV,Return_5d,Rolling_Median_Return,SMA_20,BB_Upper,ADX",MACD_Hist
TCS,2023-11-02,2023,1,Sideways,1,0.8096,BUY,1,1,0.8485,BUY,1,10,"MACD_Hist,MACD,EMA_26,SMA_10,OBV,Return_5d,Rolling_Median_Return,SMA_20,BB_Upper,ADX",MACD_Hist
TCS,2023-11-03,2023,1,Sideways,1,0.82,BUY,1,1,0.8625,BUY,1,10,"MACD_Hist,MACD,EMA_26,SMA_10,OBV,Return_5d,Rolling_Median_Return,SMA_20,BB_Upper,ADX",MACD_Hist
TCS,2023-11-06,2023,1,Sideways,1,0.8214,BUY,1,1,0.8735,BUY,1,10,"MACD_Hist,MACD,EMA_26,SMA_10,OBV,Return_5d,Rolling_Median_Return,SMA_20,BB_Upper,ADX",MACD_Hist
TCS,2023-11-07,2023,1,Sideways,1,0.7994,BUY,1,1,0.8827,BUY,1,10,"MACD_Hist,MACD,EMA_26,SMA_10,OBV,Return_5d,Rolling_Median_Return,SMA_20,BB_Upper,ADX",MACD_Hist
TCS,2023-11-08,2023,1,Sideways,1,0.8104,BUY,1,1,0.8895,BUY,1,10,"MACD_Hist,MACD,EMA_26,SMA_10,OBV,Return_5d,Rolling_Median_Return,SMA_20,BB_Upper,ADX",MACD_Hist
TCS,2023-11-09,2023,1,Sideways,1,0.8218,BUY,1,1,0.8935,BUY,1,10,"MACD_Hist,MACD,EMA_26,SMA_10,OBV,Return_5d,Rolling_Median_Return,SMA_20,BB_Upper,ADX",MACD_Hist
TCS,2023-11-10,2023,1,Sideways,1,0.8306,BUY,1,1,0.8974,BUY,1,10,"MACD_Hist,MACD,EMA_26,SMA_10,OBV,Return_5d,Rolling_Median_Return,SMA_20,BB_Upper,ADX",MACD_Hist
TCS,2023-11-13,2023,1,Sideways,1,0.9011,BUY,1,1,0.8981,BUY,1,10,"MACD_Hist,MACD,EMA_26,SMA_10,OBV,Return_5d,Rolling_Median_Return,SMA_20,BB_Upper,ADX",MACD_Hist
TCS,2023-11-15,2023,1,Sideways,1,0.8907,BUY,1,1,0.903,BUY,1,10,"MACD_Hist,MACD,EMA_26,SMA_10,OBV,Return_5d,Rolling_Median_Return,SMA_20,BB_Upper,ADX",MACD_Hist
TCS,2023-11-16,2023,1,Sideways,1,0.7972,BUY,1,1,0.8855,BUY,1,10,"MACD_Hist,MACD,EMA_26,SMA_10,OBV,Return_5d,Rolling_Median_Return,SMA_20,BB_Upper,ADX",MACD_Hist
TCS,2023-11-17,2023,1,Sideways,1,0.6728,BUY,1,1,0.8434,BUY,1,10,"MACD_Hist,MACD,EMA_26,SMA_10,OBV,Return_5d,Rolling_Median_Return,SMA_20,BB_Upper,ADX",MACD_Hist
TCS,2023-11-20,2023,1,Sideways,1,0.7149,BUY,1,1,0.8562,BUY,1,10,"MACD_Hist,MACD,EMA_26,SMA_10,OBV,Return_5d,Rolling_Median_Return,SMA_20,BB_Upper,ADX",MACD_Hist
TCS,2023-11-21,2023,1,Sideways,1,0.6694,BUY,1,1,0.8541,BUY,1,10,"MACD_Hist,MACD,EMA_26,SMA_10,OBV,Return_5d,Rolling_Median_Return,SMA_20,BB_Upper,ADX",MACD_Hist
TCS,2023-11-22,2023,1,Sideways,1,0.5654,BUY,1,1,0.8309,BUY,1,10,"MACD_Hist,MACD,EMA_26,SMA_10,OBV,Return_5d,Rolling_Median_Return,SMA_20,BB_Upper,ADX",MACD_Hist
TCS,2023-11-23,2023,1,Sideways,1,0.5652,BUY,1,1,0.8454,BUY,1,10,"MACD_Hist,MACD,EMA_26,SMA_10,OBV,Return_5d,Rolling_Median_Return,SMA_20,BB_Upper,ADX",MACD_Hist
TCS,2023-11-24,2023,1,Sideways,1,0.7118,BUY,1,1,0.8501,BUY,1,10,"MACD_Hist,MACD,EMA_26,SMA_10,OBV,Return_5d,Rolling_Median_Return,SMA_20,BB_Upper,ADX",MACD_Hist
TCS,2023-11-28,2023,1,Sideways,1,0.7015,BUY,1,1,0.7732,BUY,1,10,"MACD_Hist,MACD,EMA_26,SMA_10,OBV,Return_5d,Rolling_Median_Return,SMA_20,BB_Upper,ADX",MACD_Hist
TCS,2023-11-29,2023,1,Sideways,1,0.5955,BUY,1,1,0.7854,BUY,1,10,"MACD_Hist,MACD,EMA_26,SMA_10,OBV,Return_5d,Rolling_Median_Return,SMA_20,BB_Upper,ADX",MACD_Hist
TCS,2023-11-30,2023,1,Sideways,1,0.5867,BUY,1,1,0.783,BUY,1,10,"MACD_Hist,MACD,EMA_26,SMA_10,OBV,Return_5d,Rolling_Median_Return,SMA_20,BB_Upper,ADX",MACD_Hist
TCS,2023-12-01,2023,1,Sideways,1,0.543,NO TRADE,1,1,0.7951,BUY,1,10,"MACD_Hist,MACD,EMA_26,SMA_10,OBV,Return_5d,Rolling_Median_Return,SMA_20,BB_Upper,ADX",MACD_Hist
TCS,2023-12-04,2023,1,Sideways,1,0.6714,BUY,1,1,0.8303,BUY,1,10,"MACD_Hist,MACD,EMA_26,SMA_10,OBV,Return_5d,Rolling_Median_Return,SMA_20,BB_Upper,ADX",MACD_Hist
TCS,2023-12-05,2023,1,Sideways,1,0.6581,BUY,1,1,0.7934,BUY,1,10,"MACD_Hist,MACD,EMA_26,SMA_10,OBV,Return_5d,Rolling_Median_Return,SMA_20,BB_Upper,ADX",MACD_Hist
TCS,2023-12-06,2023,1,Sideways,1,0.5714,BUY,1,1,0.7825,BUY,1,10,"MACD_Hist,MACD,EMA_26,SMA_10,OBV,Return_5d,Rolling_Median_Return,SMA_20,BB_Upper,ADX",MACD_Hist
TCS,2023-12-07,2023,1,Sideways,1,0.5312,NO TRADE,1,1,0.768,BUY,1,10,"MACD_Hist,MACD,EMA_26,SMA_10,OBV,Return_5d,Rolling_Median_Return,SMA_20,BB_Upper,ADX",MACD_Hist
TCS,2023-12-08,2023,1,Sideways,0,0.7205,SELL,0,1,0.7368,BUY,1,10,"MACD_Hist,MACD,EMA_26,SMA_10,OBV,Return_5d,Rolling_Median_Return,SMA_20,BB_Upper,ADX",MACD_Hist
TCS,2023-12-11,2023,1,Sideways,0,0.8645,SELL,0,1,0.6109,BUY,1,10,"MACD_Hist,MACD,EMA_26,SMA_10,OBV,Return_5d,Rolling_Median_Return,SMA_20,BB_Upper,ADX",MACD_Hist
TCS,2023-12-12,2023,1,Sideways,0,0.8779,SELL,0,1,0.5652,BUY,1,10,"MACD_Hist,MACD,EMA_26,SMA_10,OBV,Return_5d,Rolling_Median_Return,SMA_20,BB_Upper,ADX",MACD_Hist
TCS,2023-12-13,2023,1,Sideways,0,0.8275,SELL,0,0,0.6888,SELL,0,10,"MACD_Hist,MACD,ADX,BB_Width,OBV,Return_5d,MFI,SMA_10,Rolling_Std_10,SMA_50",MACD_Hist
TCS,2023-12-14,2023,1,Sideways,0,0.8017,SELL,0,0,0.7022,SELL,0,10,"MACD_Hist,MACD,ADX,BB_Width,OBV,Return_5d,MFI,SMA_10,Rolling_Std_10,SMA_50",MACD_Hist
TCS,2023-12-15,2023,1,Sideways,0,0.7048,SELL,0,0,0.6577,SELL,0,10,"MACD_Hist,MACD,ADX,BB_Width,OBV,Return_5d,MFI,SMA_10,Rolling_Std_10,SMA_50",MACD_Hist
TCS,2023-12-18,2023,1,Sideways,0,0.8311,SELL,0,1,0.5026,NO TRADE,1,10,"MACD_Hist,MACD,ADX,BB_Width,OBV,Return_5d,MFI,SMA_10,Rolling_Std_10,SMA_50",MACD_Hist
TCS,2023-12-19,2023,1,Sideways,0,0.8288,SELL,0,1,0.6825,BUY,1,10,"MACD_Hist,MACD,ADX,BB_Width,OBV,Return_5d,MFI,SMA_10,Rolling_Std_10,SMA_50",MACD_Hist
TCS,2023-12-20,2023,1,Sideways,0,0.8034,SELL,0,1,0.7163,BUY,1,10,"MACD_Hist,MACD,ADX,BB_Width,OBV,Return_5d,MFI,SMA_10,Rolling_Std_10,SMA_50",MACD_Hist
TCS,2023-12-21,2023,1,Sideways,0,0.7966,SELL,0,1,0.7406,BUY,1,10,"MACD_Hist,MACD,ADX,BB_Width,OBV,Return_5d,MFI,SMA_10,Rolling_Std_10,SMA_50",MACD_Hist
TCS,2023-12-22,2023,1,Sideways,0,0.7565,SELL,0,1,0.7527,BUY,1,10,"MACD_Hist,MACD,ADX,BB_Width,OBV,Return_5d,MFI,SMA_10,Rolling_Std_10,SMA_50",MACD_Hist
TCS,2023-12-26,2023,1,Sideways,0,0.7653,SELL,0,1,0.6892,BUY,1,10,"MACD_Hist,MACD,ADX,BB_Width,OBV,Return_5d,MFI,SMA_10,Rolling_Std_10,SMA_50",MACD_Hist
TCS,2023-12-27,2023,1,Sideways,0,0.7358,SELL,0,1,0.7124,BUY,1,10,"MACD_Hist,MACD,ADX,BB_Width,OBV,Return_5d,MFI,SMA_10,Rolling_Std_10,SMA_50",MACD_Hist
TCS,2023-12-28,2023,1,Sideways,0,0.7139,SELL,0,1,0.734,BUY,1,10,"MACD_Hist,MACD,ADX,BB_Width,OBV,Return_5d,MFI,SMA_10,Rolling_Std_10,SMA_50",MACD_Hist
TCS,2023-12-29,2023,1,Sideways,0,0.6812,SELL,0,1,0.7696,BUY,1,10,"MACD_Hist,MACD,ADX,BB_Width,OBV,Return_5d,MFI,SMA_10,Rolling_Std_10,SMA_50",MACD_Hist
TCS,2024-01-01,2024,1,Sideways,0,0.7367,SELL,0,1,0.7685,BUY,1,10,"MACD_Hist,MACD,ADX,BB_Width,OBV,Return_5d,MFI,SMA_10,Rolling_Std_10,SMA_50",MACD_Hist
TCS,2024-01-02,2024,1,Sideways,0,0.7314,SELL,0,1,0.7666,BUY,1,10,"MACD_Hist,MACD,ADX,BB_Width,OBV,Return_5d,MFI,SMA_10,Rolling_Std_10,SMA_50",MACD_Hist
TCS,2024-01-03,2024,1,Sideways,0,0.7363,SELL,0,1,0.7034,BUY,1,10,"MACD_Hist,MACD,ADX,BB_Width,OBV,Return_5d,MFI,SMA_10,Rolling_Std_10,SMA_50",MACD_Hist
TCS,2024-01-04,2024,1,Sideways,0,0.7386,SELL,0,1,0.7565,BUY,1,10,"MACD_Hist,MACD,ADX,BB_Width,OBV,Return_5d,MFI,SMA_10,Rolling_Std_10,SMA_50",MACD_Hist
TCS,2024-01-05,2024,1,Sideways,0,0.6781,SELL,0,1,0.6612,BUY,1,10,"MACD_Hist,MACD,ADX,BB_Width,OBV,Return_5d,MFI,SMA_10,Rolling_Std_10,SMA_50",MACD_Hist
TCS,2024-01-08,2024,1,Sideways,0,0.5443,NO TRADE,0,1,0.6711,BUY,1,10,"MACD_Hist,MACD,ADX,BB_Width,OBV,Return_5d,MFI,SMA_10,Rolling_Std_10,SMA_50",MACD_Hist
TCS,2024-01-09,2024,1,Sideways,0,0.5081,NO TRADE,0,1,0.6843,BUY,1,10,"MACD_Hist,MACD,ADX,BB_Width,OBV,Return_5d,MFI,SMA_10,Rolling_Std_10,SMA_50",MACD_Hist
TCS,2024-01-10,2024,1,Sideways,0,0.5183,NO TRADE,0,1,0.705,BUY,1,10,"MACD_Hist,MACD,ADX,BB_Width,OBV,Return_5d,MFI,SMA_10,Rolling_Std_10,SMA_50",MACD_Hist
TCS,2024-01-11,2024,1,Sideways,0,0.6125,SELL,0,1,0.7103,BUY,1,10,"MACD_Hist,MACD,ADX,BB_Width,OBV,Return_5d,MFI,SMA_10,Rolling_Std_10,SMA_50",MACD_Hist
TCS,2024-01-12,2024,1,Sideways,0,0.6121,SELL,0,1,0.7025,BUY,1,10,"MACD_Hist,MACD,ADX,BB_Width,OBV,Return_5d,MFI,SMA_10,Rolling_Std_10,SMA_50",MACD_Hist
TCS,2024-01-15,2024,1,Sideways,0,0.5716,SELL,0,1,0.6974,BUY,1,10,"MACD_Hist,MACD,ADX,BB_Width,OBV,Return_5d,MFI,SMA_10,Rolling_Std_10,SMA_50",MACD_Hist
TCS,2024-01-16,2024,1,Sideways,0,0.5324,NO TRADE,0,1,0.7029,BUY,1,10,"MACD_Hist,MACD,ADX,BB_Width,OBV,Return_5d,MFI,SMA_10,Rolling_Std_10,SMA_50",MACD_Hist
TCS,2024-01-17,2024,1,Sideways,0,0.5139,NO TRADE,0,1,0.7057,BUY,1,10,"MACD_Hist,MACD,ADX,BB_Width,OBV,Return_5d,MFI,SMA_10,Rolling_Std_10,SMA_50",MACD_Hist
TCS,2024-01-18,2024,1,Sideways,0,0.5088,NO TRADE,0,1,0.7095,BUY,1,10,"MACD_Hist,MACD,ADX,BB_Width,OBV,Return_5d,MFI,SMA_10,Rolling_Std_10,SMA_50",MACD_Hist
TCS,2024-01-19,2024,1,Sideways,1,0.5734,BUY,1,1,0.7099,BUY,1,10,"MACD_Hist,MACD,ADX,BB_Width,OBV,Return_5d,MFI,SMA_10,Rolling_Std_10,SMA_50",MACD_Hist
TCS,2024-01-23,2024,1,Sideways,1,0.584,BUY,1,1,0.7207,BUY,1,10,"MACD_Hist,MACD,ADX,BB_Width,OBV,Return_5d,MFI,SMA_10,Rolling_Std_10,SMA_50",MACD_Hist
TCS,2024-01-24,2024,1,Sideways,1,0.5788,BUY,1,1,0.733,BUY,1,10,"MACD_Hist,MACD,ADX,BB_Width,OBV,Return_5d,MFI,SMA_10,Rolling_Std_10,SMA_50",MACD_Hist
TCS,2024-01-25,2024,1,Sideways,1,0.6125,BUY,1,1,0.7506,BUY,1,10,"MACD_Hist,MACD,ADX,BB_Width,OBV,Return_5d,MFI,SMA_10,Rolling_Std_10,SMA_50",MACD_Hist
TCS,2024-01-29,2024,1,Sideways,1,0.5718,BUY,1,1,0.8237,BUY,1,10,"SMA_50,OBV,SMA_10,BB_Width,MACD_Hist,ATR_14,Return_5d,BB_Upper,ADX,MACD",SMA_50
TCS,2024-01-30,2024,1,Sideways,0,0.5439,NO TRADE,0,1,0.8302,BUY,1,10,"SMA_50,OBV,SMA_10,BB_Width,MACD_Hist,ATR_14,Return_5d,BB_Upper,ADX,MACD",SMA_50
TCS,2024-01-31,2024,1,Sideways,0,0.5073,NO TRADE,0,1,0.8119,BUY,1,10,"SMA_50,OBV,SMA_10,BB_Width,MACD_Hist,ATR_14,Return_5d,BB_Upper,ADX,MACD",SMA_50
TCS,2024-02-01,2024,1,Sideways,1,0.5352,NO TRADE,1,1,0.8659,BUY,1,10,"SMA_50,OBV,SMA_10,BB_Width,MACD_Hist,ATR_14,Return_5d,BB_Upper,ADX,MACD",SMA_50
TCS,2024-02-02,2024,1,Sideways,1,0.6186,BUY,1,1,0.8163,BUY,1,10,"SMA_50,OBV,SMA_10,BB_Width,MACD_Hist,ATR_14,Return_5d,BB_Upper,ADX,MACD",SMA_50
TCS,2024-02-05,2024,1,Sideways,1,0.5773,BUY,1,1,0.8517,BUY,1,10,"SMA_50,OBV,SMA_10,BB_Width,MACD_Hist,ATR_14,Return_5d,BB_Upper,ADX,MACD",SMA_50
TCS,2024-02-06,2024,0,Sideways,0,0.5266,NO TRADE,1,1,0.8124,BUY,0,10,"SMA_50,OBV,SMA_10,BB_Width,MACD_Hist,ATR_14,Return_5d,BB_Upper,ADX,MACD",SMA_50
TCS,2024-02-07,2024,0,Sideways,0,0.7073,SELL,1,1,0.7628,BUY,0,10,"SMA_50,OBV,SMA_10,BB_Width,MACD_Hist,ATR_14,Return_5d,BB_Upper,ADX,MACD",SMA_50
TCS,2024-02-08,2024,0,Sideways,1,0.6366,BUY,0,1,0.7943,BUY,0,10,"SMA_50,OBV,SMA_10,BB_Width,MACD_Hist,ATR_14,Return_5d,BB_Upper,ADX,MACD",SMA_50
TCS,2024-02-09,2024,0,Sideways,0,0.6575,SELL,1,0,0.5612,SELL,1,10,"SMA_50,OBV,SMA_10,BB_Width,MACD_Hist,ATR_14,Return_5d,BB_Upper,ADX,MACD",SMA_50
TCS,2024-02-12,2024,1,Sideways,0,0.5764,SELL,0,1,0.7377,BUY,1,10,"SMA_50,OBV,SMA_10,BB_Width,MACD_Hist,ATR_14,Return_5d,BB_Upper,ADX,MACD",SMA_50
TCS,2024-02-13,2024,0,Sideways,1,0.583,BUY,0,1,0.7786,BUY,0,10,"SMA_50,OBV,SMA_10,BB_Width,MACD_Hist,ATR_14,Return_5d,BB_Upper,ADX,MACD",SMA_50
TCS,2024-02-14,2024,1,Sideways,0,0.7081,SELL,0,1,0.5413,NO TRADE,1,10,"SMA_50,OBV,SMA_10,BB_Width,MACD_Hist,ATR_14,Return_5d,BB_Upper,ADX,MACD",SMA_50
TCS,2024-02-15,2024,1,Sideways,0,0.5378,NO TRADE,0,1,0.7149,BUY,1,10,"SMA_50,OBV,SMA_10,BB_Width,MACD_Hist,ATR_14,Return_5d,BB_Upper,ADX,MACD",SMA_50
TCS,2024-02-16,2024,1,Sideways,1,0.6006,BUY,1,1,0.8686,BUY,1,10,"SMA_50,OBV,SMA_10,BB_Width,MACD_Hist,ATR_14,Return_5d,BB_Upper,ADX,MACD",SMA_50
TCS,2024-02-19,2024,0,Sideways,1,0.5905,BUY,0,1,0.8827,BUY,0,10,"SMA_50,OBV,SMA_10,BB_Width,MACD_Hist,ATR_14,Return_5d,BB_Upper,ADX,MACD",SMA_50
TCS,2024-02-20,2024,0,Sideways,0,0.5498,NO TRADE,1,1,0.6132,BUY,0,10,"SMA_50,OBV,SMA_10,BB_Width,MACD_Hist,ATR_14,Return_5d,BB_Upper,ADX,MACD",SMA_50
TCS,2024-02-21,2024,0,Sideways,0,0.5564,SELL,1,1,0.6249,BUY,0,10,"SMA_50,OBV,SMA_10,BB_Width,MACD_Hist,ATR_14,Return_5d,BB_Upper,ADX,MACD",SMA_50
TCS,2024-02-22,2024,0,Sideways,0,0.5282,NO TRADE,1,1,0.5028,NO TRADE,0,10,"SMA_50,OBV,SMA_10,BB_Width,MACD_Hist,ATR_14,Return_5d,BB_Upper,ADX,MACD",SMA_50
TCS,2024-02-23,2024,0,Sideways,0,0.6518,SELL,1,0,0.5416,NO TRADE,1,10,"SMA_50,OBV,SMA_10,BB_Width,MACD_Hist,ATR_14,Return_5d,BB_Upper,ADX,MACD",SMA_50
TCS,2024-02-26,2024,0,Sideways,0,0.7655,SELL,1,0,0.599,SELL,1,10,"SMA_50,OBV,SMA_10,BB_Width,MACD_Hist,ATR_14,Return_5d,BB_Upper,ADX,MACD",SMA_50
TCS,2024-02-27,2024,0,Sideways,0,0.7609,SELL,1,0,0.6417,SELL,1,10,"SMA_50,OBV,SMA_10,BB_Width,MACD_Hist,ATR_14,Return_5d,BB_Upper,ADX,MACD",SMA_50
TCS,2024-02-28,2024,0,Sideways,0,0.868,SELL,1,0,0.7442,SELL,1,10,"SMA_50,OBV,SMA_10,BB_Width,MACD_Hist,ATR_14,Return_5d,BB_Upper,ADX,MACD",SMA_50
TCS,2024-02-29,2024,0,Sideways,0,0.8563,SELL,1,0,0.7286,SELL,1,10,"SMA_50,OBV,SMA_10,BB_Width,MACD_Hist,ATR_14,Return_5d,BB_Upper,ADX,MACD",SMA_50
TCS,2024-03-01,2024,0,Sideways,0,0.7701,SELL,1,0,0.7128,SELL,1,10,"SMA_50,OBV,SMA_10,BB_Width,MACD_Hist,ATR_14,Return_5d,BB_Upper,ADX,MACD",SMA_50
TCS,2024-03-04,2024,0,Sideways,0,0.84,SELL,1,0,0.5957,SELL,1,10,"SMA_50,OBV,SMA_10,BB_Width,MACD_Hist,ATR_14,Return_5d,BB_Upper,ADX,MACD",SMA_50
TCS,2024-03-05,2024,0,Sideways,0,0.8462,SELL,1,0,0.65,SELL,1,10,"SMA_50,OBV,SMA_10,BB_Width,MACD_Hist,ATR_14,Return_5d,BB_Upper,ADX,MACD",SMA_50
TCS,2024-03-06,2024,0,Sideways,0,0.9363,SELL,1,0,0.7149,SELL,1,10,"SMA_50,OBV,SMA_10,BB_Width,MACD_Hist,ATR_14,Return_5d,BB_Upper,ADX,MACD",SMA_50
TCS,2024-03-07,2024,0,Sideways,0,0.9253,SELL,1,0,0.7245,SELL,1,10,"SMA_50,OBV,SMA_10,BB_Width,MACD_Hist,ATR_14,Return_5d,BB_Upper,ADX,MACD",SMA_50
TCS,2024-03-11,2024,0,Sideways,0,0.9241,SELL,1,0,0.7128,SELL,1,10,"SMA_50,OBV,SMA_10,BB_Width,MACD_Hist,ATR_14,Return_5d,BB_Upper,ADX,MACD",SMA_50
TCS,2024-03-12,2024,0,Sideways,0,0.8383,SELL,1,0,0.6159,SELL,1,10,"SMA_10,SMA_20,OBV,MACD,BB_Width,SMA_50,MACD_Hist,ROC,Rolling_Median_Return,BB_Upper",SMA_10
TCS,2024-03-13,2024,0,Sideways,0,0.771,SELL,1,0,0.8452,SELL,1,10,"SMA_10,SMA_20,OBV,MACD,BB_Width,SMA_50,MACD_Hist,ROC,Rolling_Median_Return,BB_Upper",SMA_10
TCS,2024-03-14,2024,0,Sideways,0,0.9819,SELL,1,0,0.8535,SELL,1,10,"SMA_10,SMA_20,OBV,MACD,BB_Width,SMA_50,MACD_Hist,ROC,Rolling_Median_Return,BB_Upper",SMA_10
TCS,2024-03-15,2024,0,Sideways,0,0.9788,SELL,1,0,0.8673,SELL,1,10,"SMA_10,SMA_20,OBV,MACD,BB_Width,SMA_50,MACD_Hist,ROC,Rolling_Median_Return,BB_Upper",SMA_10
TCS,2024-03-18,2024,0,Sideways,0,0.9808,SELL,1,0,0.867,SELL,1,10,"SMA_10,SMA_20,OBV,MACD,BB_Width,SMA_50,MACD_Hist,ROC,Rolling_Median_Return,BB_Upper",SMA_10
TCS,2024-03-19,2024,0,Sideways,0,0.8939,SELL,1,0,0.7372,SELL,1,10,"SMA_10,SMA_20,OBV,MACD,BB_Width,SMA_50,MACD_Hist,ROC,Rolling_Median_Return,BB_Upper",SMA_10
TCS,2024-03-20,2024,0,Sideways,0,0.9292,SELL,1,0,0.8487,SELL,1,10,"SMA_10,SMA_20,OBV,MACD,BB_Width,SMA_50,MACD_Hist,ROC,Rolling_Median_Return,BB_Upper",SMA_10
TCS,2024-03-21,2024,0,Sideways,0,0.8738,SELL,1,0,0.8264,SELL,1,10,"SMA_10,SMA_20,OBV,MACD,BB_Width,SMA_50,MACD_Hist,ROC,Rolling_Median_Return,BB_Upper",SMA_10
TCS,2024-03-22,2024,0,Sideways,0,0.9094,SELL,1,0,0.6343,SELL,1,10,"SMA_10,SMA_20,OBV,MACD,BB_Width,SMA_50,MACD_Hist,ROC,Rolling_Median_Return,BB_Upper",SMA_10
TCS,2024-03-26,2024,0,Sideways,0,1.0,SELL,1,0,0.7067,SELL,1,10,"SMA_10,SMA_20,OBV,MACD,BB_Width,SMA_50,MACD_Hist,ROC,Rolling_Median_Return,BB_Upper",SMA_10
TCS,2024-03-27,2024,1,Sideways,0,0.8249,SELL,0,0,0.6118,SELL,0,10,"SMA_10,SMA_20,OBV,MACD,BB_Width,SMA_50,MACD_Hist,ROC,Rolling_Median_Return,BB_Upper",SMA_10
TCS,2024-03-28,2024,0,Sideways,0,0.628,SELL,1,0,0.5034,NO TRADE,1,10,"SMA_10,SMA_20,OBV,MACD,BB_Width,SMA_50,MACD_Hist,ROC,Rolling_Median_Return,BB_Upper",SMA_10
TCS,2024-04-01,2024,0,Sideways,0,0.805,SELL,1,0,0.631,SELL,1,10,"SMA_10,SMA_20,OBV,MACD,BB_Width,SMA_50,MACD_Hist,ROC,Rolling_Median_Return,BB_Upper",SMA_10
TCS,2024-04-02,2024,0,Sideways,0,0.7998,SELL,1,0,0.6289,SELL,1,10,"SMA_10,SMA_20,OBV,MACD,BB_Width,SMA_50,MACD_Hist,ROC,Rolling_Median_Return,BB_Upper",SMA_10
TCS,2024-04-03,2024,0,Sideways,0,0.802,SELL,1,0,0.7147,SELL,1,10,"SMA_10,SMA_20,OBV,MACD,BB_Width,SMA_50,MACD_Hist,ROC,Rolling_Median_Return,BB_Upper",SMA_10
TCS,2024-04-04,2024,0,Sideways,0,0.9047,SELL,1,0,0.7237,SELL,1,10,"SMA_10,SMA_20,OBV,MACD,BB_Width,SMA_50,MACD_Hist,ROC,Rolling_Median_Return,BB_Upper",SMA_10
TCS,2024-04-05,2024,0,Sideways,0,0.8996,SELL,1,0,0.742,SELL,1,10,"SMA_10,SMA_20,OBV,MACD,BB_Width,SMA_50,MACD_Hist,ROC,Rolling_Median_Return,BB_Upper",SMA_10
TCS,2024-04-08,2024,0,Sideways,0,0.9068,SELL,1,0,0.749,SELL,1,10,"SMA_10,SMA_20,OBV,MACD,BB_Width,SMA_50,MACD_Hist,ROC,Rolling_Median_Return,BB_Upper",SMA_10
TCS,2024-04-09,2024,0,Sideways,0,0.8704,SELL,1,0,0.7568,SELL,1,10,"SMA_10,SMA_20,OBV,MACD,BB_Width,SMA_50,MACD_Hist,ROC,Rolling_Median_Return,BB_Upper",SMA_10
TCS,2024-04-10,2024,0,Sideways,0,0.8236,SELL,1,0,0.7494,SELL,1,10,"SMA_10,SMA_20,OBV,MACD,BB_Width,SMA_50,MACD_Hist,ROC,Rolling_Median_Return,BB_Upper",SMA_10
TCS,2024-04-12,2024,0,Sideways,0,0.8848,SELL,1,0,0.7297,SELL,1,10,"SMA_10,SMA_20,OBV,MACD,BB_Width,SMA_50,MACD_Hist,ROC,Rolling_Median_Return,BB_Upper",SMA_10
TCS,2024-04-15,2024,0,Sideways,0,0.8887,SELL,1,0,0.7918,SELL,1,10,"SMA_10,SMA_20,OBV,MACD,BB_Width,SMA_50,MACD_Hist,ROC,Rolling_Median_Return,BB_Upper",SMA_10
TCS,2024-04-16,2024,1,Sideways,0,0.8948,SELL,0,0,0.7911,SELL,0,10,"SMA_10,SMA_20,OBV,MACD,BB_Width,SMA_50,MACD_Hist,ROC,Rolling_Median_Return,BB_Upper",SMA_10
TCS,2024-04-18,2024,0,Sideways,0,0.8053,SELL,1,0,0.8688,SELL,1,10,"SMA_10,SMA_20,OBV,MACD,BB_Width,SMA_50,MACD_Hist,ROC,Rolling_Median_Return,BB_Upper",SMA_10
TCS,2024-04-19,2024,1,Sideways,0,0.8133,SELL,0,0,0.808,SELL,0,10,"SMA_10,SMA_20,OBV,MACD,BB_Width,SMA_50,MACD_Hist,ROC,Rolling_Median_Return,BB_Upper",SMA_10
TCS,2024-04-22,2024,0,Sideways,0,0.8087,SELL,1,0,0.6414,SELL,1,10,"SMA_10,SMA_20,OBV,MACD,BB_Width,SMA_50,MACD_Hist,ROC,Rolling_Median_Return,BB_Upper",SMA_10
TCS,2024-04-23,2024,1,Sideways,0,0.8471,SELL,0,0,0.8144,SELL,0,10,"SMA_10,SMA_20,OBV,MACD,BB_Width,SMA_50,MACD_Hist,ROC,Rolling_Median_Return,BB_Upper",SMA_10
TCS,2024-04-24,2024,1,Sideways,0,0.5539,SELL,0,0,0.6783,SELL,0,10,"SMA_10,SMA_20,OBV,MACD,BB_Width,SMA_50,MACD_Hist,ROC,Rolling_Median_Return,BB_Upper",SMA_10
TCS,2024-04-25,2024,1,Sideways,0,0.6699,SELL,0,0,0.577,SELL,0,10,"SMA_10,SMA_20,OBV,MACD,BB_Width,SMA_50,MACD_Hist,ROC,Rolling_Median_Return,BB_Upper",SMA_10
TCS,2024-04-26,2024,1,Sideways,1,0.6234,BUY,1,1,0.6099,BUY,1,10,"SMA_10,SMA_20,OBV,MACD,BB_Width,SMA_50,MACD_Hist,ROC,Rolling_Median_Return,BB_Upper",SMA_10
TCS,2024-04-29,2024,0,Sideways,1,0.6621,BUY,0,0,0.5055,NO TRADE,1,10,"EMA_26,SMA_20,SMA_50,EMA_12,BB_Width,OBV,Rolling_Volatility,MACD,ATR_14,SMA_10",EMA_26
TCS,2024-04-30,2024,0,Sideways,1,0.6961,BUY,0,0,0.7821,SELL,1,10,"EMA_26,SMA_20,SMA_50,EMA_12,BB_Width,OBV,Rolling_Volatility,MACD,ATR_14,SMA_10",EMA_26
TCS,2024-05-02,2024,0,Sideways,0,0.6703,SELL,1,0,0.826,SELL,1,10,"EMA_26,SMA_20,SMA_50,EMA_12,BB_Width,OBV,Rolling_Volatility,MACD,ATR_14,SMA_10",EMA_26
TCS,2024-05-03,2024,0,Sideways,0,0.5059,NO TRADE,1,0,0.8419,SELL,1,10,"EMA_26,SMA_20,SMA_50,EMA_12,BB_Width,OBV,Rolling_Volatility,MACD,ATR_14,SMA_10",EMA_26
TCS,2024-05-06,2024,0,Sideways,0,0.7472,SELL,1,0,0.8797,SELL,1,10,"EMA_26,SMA_20,SMA_50,EMA_12,BB_Width,OBV,Rolling_Volatility,MACD,ATR_14,SMA_10",EMA_26
TCS,2024-05-07,2024,0,Sideways,0,0.7131,SELL,1,0,0.8991,SELL,1,10,"EMA_26,SMA_20,SMA_50,EMA_12,BB_Width,OBV,Rolling_Volatility,MACD,ATR_14,SMA_10",EMA_26
TCS,2024-05-08,2024,0,Sideways,0,0.5407,NO TRADE,1,0,0.8676,SELL,1,10,"EMA_26,SMA_20,SMA_50,EMA_12,BB_Width,OBV,Rolling_Volatility,MACD,ATR_14,SMA_10",EMA_26
TCS,2024-05-09,2024,0,Sideways,0,0.576,SELL,1,0,0.8608,SELL,1,10,"EMA_26,SMA_20,SMA_50,EMA_12,BB_Width,OBV,Rolling_Volatility,MACD,ATR_14,SMA_10",EMA_26
TCS,2024-05-10,2024,0,Sideways,0,0.6728,SELL,1,0,0.8704,SELL,1,10,"EMA_26,SMA_20,SMA_50,EMA_12,BB_Width,OBV,Rolling_Volatility,MACD,ATR_14,SMA_10",EMA_26
TCS,2024-05-13,2024,0,Sideways,0,0.68,SELL,1,0,0.8817,SELL,1,10,"EMA_26,SMA_20,SMA_50,EMA_12,BB_Width,OBV,Rolling_Volatility,MACD,ATR_14,SMA_10",EMA_26
TCS,2024-05-14,2024,0,Sideways,0,0.6338,SELL,1,0,0.8665,SELL,1,10,"EMA_26,SMA_20,SMA_50,EMA_12,BB_Width,OBV,Rolling_Volatility,MACD,ATR_14,SMA_10",EMA_26
TCS,2024-05-15,2024,1,Sideways,0,0.616,SELL,0,0,0.8584,SELL,0,10,"EMA_26,SMA_20,SMA_50,EMA_12,BB_Width,OBV,Rolling_Volatility,MACD,ATR_14,SMA_10",EMA_26
TCS,2024-05-16,2024,0,Sideways,0,0.6053,SELL,1,0,0.8238,SELL,1,10,"EMA_26,SMA_20,SMA_50,EMA_12,BB_Width,OBV,Rolling_Volatility,MACD,ATR_14,SMA_10",EMA_26
TCS,2024-05-17,2024,0,Sideways,0,0.6806,SELL,1,0,0.8473,SELL,1,10,"EMA_26,SMA_20,SMA_50,EMA_12,BB_Width,OBV,Rolling_Volatility,MACD,ATR_14,SMA_10",EMA_26
TCS,2024-05-21,2024,0,Sideways,1,0.604,BUY,0,0,0.8314,SELL,1,10,"EMA_26,SMA_20,SMA_50,EMA_12,BB_Width,OBV,Rolling_Volatility,MACD,ATR_14,SMA_10",EMA_26
TCS,2024-05-22,2024,0,Sideways,1,0.5402,NO TRADE,0,0,0.8125,SELL,1,10,"EMA_26,SMA_20,SMA_50,EMA_12,BB_Width,OBV,Rolling_Volatility,MACD,ATR_14,SMA_10",EMA_26
TCS,2024-05-23,2024,0,Sideways,0,0.6531,SELL,1,0,0.8435,SELL,1,10,"EMA_26,SMA_20,SMA_50,EMA_12,BB_Width,OBV,Rolling_Volatility,MACD,ATR_14,SMA_10",EMA_26
TCS,2024-05-24,2024,0,Sideways,0,0.5461,NO TRADE,1,0,0.8635,SELL,1,10,"EMA_26,SMA_20,SMA_50,EMA_12,BB_Width,OBV,Rolling_Volatility,MACD,ATR_14,SMA_10",EMA_26
TCS,2024-05-27,2024,0,Sideways,0,0.6007,SELL,1,0,0.89,SELL,1,10,"EMA_26,SMA_20,SMA_50,EMA_12,BB_Width,OBV,Rolling_Volatility,MACD,ATR_14,SMA_10",EMA_26
TCS,2024-05-28,2024,1,Sideways,0,0.5322,NO TRADE,0,0,0.8959,SELL,0,10,"EMA_26,SMA_20,SMA_50,EMA_12,BB_Width,OBV,Rolling_Volatility,MACD,ATR_14,SMA_10",EMA_26
TCS,2024-05-29,2024,1,Sideways,1,0.7234,BUY,1,0,0.7714,SELL,0,10,"EMA_26,SMA_20,SMA_50,EMA_12,BB_Width,OBV,Rolling_Volatility,MACD,ATR_14,SMA_10",EMA_26
TCS,2024-05-30,2024,1,Sideways,1,0.6954,BUY,1,0,0.6802,SELL,0,10,"EMA_26,SMA_20,SMA_50,EMA_12,BB_Width,OBV,Rolling_Volatility,MACD,ATR_14,SMA_10",EMA_26
TCS,2024-05-31,2024,1,Sideways,0,0.509,NO TRADE,0,0,0.6489,SELL,0,10,"EMA_26,SMA_20,SMA_50,EMA_12,BB_Width,OBV,Rolling_Volatility,MACD,ATR_14,SMA_10",EMA_26
TCS,2024-06-03,2024,1,Sideways,1,0.8109,BUY,1,0,0.5678,SELL,0,10,"EMA_26,SMA_20,SMA_50,EMA_12,BB_Width,OBV,Rolling_Volatility,MACD,ATR_14,SMA_10",EMA_26
TCS,2024-06-04,2024,1,Sideways,1,0.6146,BUY,1,0,0.513,NO TRADE,0,10,"EMA_26,SMA_20,SMA_50,EMA_12,BB_Width,OBV,Rolling_Volatility,MACD,ATR_14,SMA_10",EMA_26
TCS,2024-06-05,2024,1,Sideways,1,0.6063,BUY,1,1,0.5266,NO TRADE,1,10,"EMA_26,SMA_20,SMA_50,EMA_12,BB_Width,OBV,Rolling_Volatility,MACD,ATR_14,SMA_10",EMA_26
TCS,2024-06-06,2024,1,Sideways,0,0.5365,NO TRADE,0,1,0.5468,NO TRADE,1,10,"EMA_26,SMA_20,SMA_50,EMA_12,BB_Width,OBV,Rolling_Volatility,MACD,ATR_14,SMA_10",EMA_26
TCS,2024-06-07,2024,1,Sideways,1,0.5529,BUY,1,1,0.5645,BUY,1,10,"EMA_26,SMA_20,SMA_50,EMA_12,BB_Width,OBV,Rolling_Volatility,MACD,ATR_14,SMA_10",EMA_26
TCS,2024-06-10,2024,1,Sideways,1,0.6908,BUY,1,1,0.6142,BUY,1,10,"EMA_26,SMA_20,SMA_50,EMA_12,BB_Width,OBV,Rolling_Volatility,MACD,ATR_14,SMA_10",EMA_26
TCS,2024-06-11,2024,1,Sideways,1,0.6526,BUY,1,1,0.6547,BUY,1,10,"EMA_26,SMA_20,SMA_50,EMA_12,BB_Width,OBV,Rolling_Volatility,MACD,ATR_14,SMA_10",EMA_26
TCS,2024-06-12,2024,1,Sideways,1,0.6714,BUY,1,1,0.7053,BUY,1,10,"EMA_12,EMA_26,MACD,SMA_50,ATR_14,ADX,SMA_10,SMA_20,OBV,Rolling_Median_Return",EMA_12
TCS,2024-06-13,2024,1,Sideways,1,0.6239,BUY,1,1,0.716,BUY,1,10,"EMA_12,EMA_26,MACD,SMA_50,ATR_14,ADX,SMA_10,SMA_20,OBV,Rolling_Median_Return",EMA_12
TCS,2024-06-14,2024,1,Sideways,1,0.6498,BUY,1,1,0.7629,BUY,1,10,"EMA_12,EMA_26,MACD,SMA_50,ATR_14,ADX,SMA_10,SMA_20,OBV,Rolling_Median_Return",EMA_12
TCS,2024-06-18,2024,1,Sideways,1,0.695,BUY,1,1,0.7967,BUY,1,10,"EMA_12,EMA_26,MACD,SMA_50,ATR_14,ADX,SMA_10,SMA_20,OBV,Rolling_Median_Return",EMA_12
TCS,2024-06-19,2024,1,Sideways,1,0.8064,BUY,1,1,0.823,BUY,1,10,"EMA_12,EMA_26,MACD,SMA_50,ATR_14,ADX,SMA_10,SMA_20,OBV,Rolling_Median_Return",EMA_12
TCS,2024-06-20,2024,1,Sideways,1,0.8455,BUY,1,1,0.8481,BUY,1,10,"EMA_12,EMA_26,MACD,SMA_50,ATR_14,ADX,SMA_10,SMA_20,OBV,Rolling_Median_Return",EMA_12
TCS,2024-06-21,2024,1,Sideways,1,0.6712,BUY,1,1,0.8517,BUY,1,10,"EMA_12,EMA_26,MACD,SMA_50,ATR_14,ADX,SMA_10,SMA_20,OBV,Rolling_Median_Return",EMA_12
TCS,2024-06-24,2024,1,Sideways,1,0.6803,BUY,1,1,0.8618,BUY,1,10,"EMA_12,EMA_26,MACD,SMA_50,ATR_14,ADX,SMA_10,SMA_20,OBV,Rolling_Median_Return",EMA_12
TCS,2024-06-25,2024,1,Sideways,1,0.8376,BUY,1,1,0.8692,BUY,1,10,"EMA_12,EMA_26,MACD,SMA_50,ATR_14,ADX,SMA_10,SMA_20,OBV,Rolling_Median_Return",EMA_12
TCS,2024-06-26,2024,1,Sideways,1,0.9099,BUY,1,1,0.8784,BUY,1,10,"EMA_12,EMA_26,MACD,SMA_50,ATR_14,ADX,SMA_10,SMA_20,OBV,Rolling_Median_Return",EMA_12
TCS,2024-06-27,2024,1,Sideways,1,0.6608,BUY,1,1,0.8627,BUY,1,10,"EMA_12,EMA_26,MACD,SMA_50,ATR_14,ADX,SMA_10,SMA_20,OBV,Rolling_Median_Return",EMA_12
TCS,2024-06-28,2024,1,Sideways,1,0.7831,BUY,1,1,0.8744,BUY,1,10,"EMA_12,EMA_26,MACD,SMA_50,ATR_14,ADX,SMA_10,SMA_20,OBV,Rolling_Median_Return",EMA_12
TCS,2024-07-01,2024,1,Sideways,1,0.5674,BUY,1,1,0.8512,BUY,1,10,"EMA_12,EMA_26,MACD,SMA_50,ATR_14,ADX,SMA_10,SMA_20,OBV,Rolling_Median_Return",EMA_12
TCS,2024-07-02,2024,1,Sideways,1,0.6272,BUY,1,1,0.861,BUY,1,10,"EMA_12,EMA_26,MACD,SMA_50,ATR_14,ADX,SMA_10,SMA_20,OBV,Rolling_Median_Return",EMA_12
TCS,2024-07-03,2024,1,Sideways,1,0.5948,BUY,1,1,0.8662,BUY,1,10,"EMA_12,EMA_26,MACD,SMA_50,ATR_14,ADX,SMA_10,SMA_20,OBV,Rolling_Median_Return",EMA_12
TCS,2024-07-04,2024,1,Sideways,1,0.5918,BUY,1,1,0.8616,BUY,1,10,"EMA_12,EMA_26,MACD,SMA_50,ATR_14,ADX,SMA_10,SMA_20,OBV,Rolling_Median_Return",EMA_12
TCS,2024-07-05,2024,1,Sideways,1,0.6049,BUY,1,1,0.8743,BUY,1,10,"EMA_12,EMA_26,MACD,SMA_50,ATR_14,ADX,SMA_10,SMA_20,OBV,Rolling_Median_Return",EMA_12
TCS,2024-07-08,2024,1,Sideways,1,0.5109,NO TRADE,1,1,0.8777,BUY,1,10,"EMA_12,EMA_26,MACD,SMA_50,ATR_14,ADX,SMA_10,SMA_20,OBV,Rolling_Median_Return",EMA_12
TCS,2024-07-09,2024,1,Sideways,1,0.5916,BUY,1,1,0.8758,BUY,1,10,"EMA_12,EMA_26,MACD,SMA_50,ATR_14,ADX,SMA_10,SMA_20,OBV,Rolling_Median_Return",EMA_12
TCS,2024-07-10,2024,1,Sideways,0,0.5105,NO TRADE,0,1,0.8785,BUY,1,10,"EMA_12,EMA_26,MACD,SMA_50,ATR_14,ADX,SMA_10,SMA_20,OBV,Rolling_Median_Return",EMA_12
TCS,2024-07-11,2024,1,Sideways,1,0.6162,BUY,1,1,0.8784,BUY,1,10,"EMA_12,EMA_26,MACD,SMA_50,ATR_14,ADX,SMA_10,SMA_20,OBV,Rolling_Median_Return",EMA_12
TCS,2024-07-12,2024,1,Sideways,0,0.6726,SELL,0,1,0.5924,BUY,1,10,"EMA_12,EMA_26,MACD,SMA_50,ATR_14,ADX,SMA_10,SMA_20,OBV,Rolling_Median_Return",EMA_12
TCS,2024-07-15,2024,1,Sideways,1,0.5475,NO TRADE,1,1,0.5803,BUY,1,10,"EMA_12,EMA_26,MACD,SMA_50,ATR_14,ADX,SMA_10,SMA_20,OBV,Rolling_Median_Return",EMA_12
TCS,2024-07-16,2024,1,Sideways,1,0.5384,NO TRADE,1,1,0.5724,BUY,1,10,"EMA_12,EMA_26,MACD,SMA_50,ATR_14,ADX,SMA_10,SMA_20,OBV,Rolling_Median_Return",EMA_12
TCS,2024-07-18,2024,1,Sideways,1,0.5518,BUY,1,0,0.5577,SELL,0,10,"EMA_12,EMA_26,MACD,SMA_50,ATR_14,ADX,SMA_10,SMA_20,OBV,Rolling_Median_Return",EMA_12
TCS,2024-07-19,2024,1,Sideways,0,0.51,NO TRADE,0,0,0.5592,SELL,0,10,"EMA_12,EMA_26,MACD,SMA_50,ATR_14,ADX,SMA_10,SMA_20,OBV,Rolling_Median_Return",EMA_12
TCS,2024-07-22,2024,1,Sideways,1,0.6166,BUY,1,0,0.5436,NO TRADE,0,10,"EMA_12,EMA_26,MACD,SMA_50,ATR_14,ADX,SMA_10,SMA_20,OBV,Rolling_Median_Return",EMA_12
TCS,2024-07-23,2024,1,Sideways,1,0.6884,BUY,1,0,0.5433,NO TRADE,0,10,"EMA_12,EMA_26,MACD,SMA_50,ATR_14,ADX,SMA_10,SMA_20,OBV,Rolling_Median_Return",EMA_12
TCS,2024-07-24,2024,1,Sideways,1,0.6939,BUY,1,1,0.5315,NO TRADE,1,10,"EMA_12,EMA_26,MACD,SMA_50,ATR_14,ADX,SMA_10,SMA_20,OBV,Rolling_Median_Return",EMA_12
TCS,2024-07-25,2024,1,Sideways,1,0.6805,BUY,1,1,0.5625,BUY,1,10,"EMA_12,EMA_26,MACD,SMA_50,ATR_14,ADX,SMA_10,SMA_20,OBV,Rolling_Median_Return",EMA_12
TCS,2024-07-26,2024,1,Sideways,1,0.6917,BUY,1,1,0.6273,BUY,1,10,"BB_Upper,ADX,BB_Width,MACD,SMA_50,EMA_12,OBV,ATR_14,Rolling_Volatility,SMA_20",BB_Upper
TCS,2024-07-29,2024,1,Sideways,1,0.5628,BUY,1,1,0.6522,BUY,1,10,"BB_Upper,ADX,BB_Width,MACD,SMA_50,EMA_12,OBV,ATR_14,Rolling_Volatility,SMA_20",BB_Upper
TCS,2024-07-30,2024,1,Sideways,0,0.5236,NO TRADE,0,1,0.6678,BUY,1,10,"BB_Upper,ADX,BB_Width,MACD,SMA_50,EMA_12,OBV,ATR_14,Rolling_Volatility,SMA_20",BB_Upper
TCS,2024-07-31,2024,1,Sideways,1,0.5082,NO TRADE,1,1,0.6745,BUY,1,10,"BB_Upper,ADX,BB_Width,MACD,SMA_50,EMA_12,OBV,ATR_14,Rolling_Volatility,SMA_20",BB_Upper
TCS,2024-08-01,2024,1,Sideways,0,0.6164,SELL,0,1,0.6816,BUY,1,10,"BB_Upper,ADX,BB_Width,MACD,SMA_50,EMA_12,OBV,ATR_14,Rolling_Volatility,SMA_20",BB_Upper
TCS,2024-08-02,2024,1,Sideways,0,0.8419,SELL,0,1,0.6636,BUY,1,10,"BB_Upper,ADX,BB_Width,MACD,SMA_50,EMA_12,OBV,ATR_14,Rolling_Volatility,SMA_20",BB_Upper
TCS,2024-08-05,2024,1,Sideways,0,0.9724,SELL,0,1,0.6497,BUY,1,10,"BB_Upper,ADX,BB_Width,MACD,SMA_50,EMA_12,OBV,ATR_14,Rolling_Volatility,SMA_20",BB_Upper
TCS,2024-08-06,2024,1,Sideways,0,0.97,SELL,0,1,0.6308,BUY,1,10,"BB_Upper,ADX,BB_Width,MACD,SMA_50,EMA_12,OBV,ATR_14,Rolling_Volatility,SMA_20",BB_Upper
TCS,2024-08-07,2024,1,Sideways,0,0.8647,SELL,0,1,0.5421,NO TRADE,1,10,"BB_Upper,ADX,BB_Width,MACD,SMA_50,EMA_12,OBV,ATR_14,Rolling_Volatility,SMA_20",BB_Upper
TCS,2024-08-08,2024,1,Sideways,0,0.9383,SELL,0,1,0.5419,NO TRADE,1,10,"BB_Upper,ADX,BB_Width,MACD,SMA_50,EMA_12,OBV,ATR_14,Rolling_Volatility,SMA_20",BB_Upper
TCS,2024-08-09,2024,1,Sideways,0,0.9785,SELL,0,1,0.578,BUY,1,10,"BB_Upper,ADX,BB_Width,MACD,SMA_50,EMA_12,OBV,ATR_14,Rolling_Volatility,SMA_20",BB_Upper
TCS,2024-08-12,2024,1,Sideways,0,0.8413,SELL,0,1,0.5841,BUY,1,10,"BB_Upper,ADX,BB_Width,MACD,SMA_50,EMA_12,OBV,ATR_14,Rolling_Volatility,SMA_20",BB_Upper
TCS,2024-08-13,2024,1,Sideways,0,0.7192,SELL,0,1,0.5895,BUY,1,10,"BB_Upper,ADX,BB_Width,MACD,SMA_50,EMA_12,OBV,ATR_14,Rolling_Volatility,SMA_20",BB_Upper
TCS,2024-08-14,2024,1,Sideways,0,0.9149,SELL,0,1,0.5969,BUY,1,10,"BB_Upper,ADX,BB_Width,MACD,SMA_50,EMA_12,OBV,ATR_14,Rolling_Volatility,SMA_20",BB_Upper
TCS,2024-08-16,2024,1,Sideways,0,0.8876,SELL,0,1,0.5991,BUY,1,10,"BB_Upper,ADX,BB_Width,MACD,SMA_50,EMA_12,OBV,ATR_14,Rolling_Volatility,SMA_20",BB_Upper
TCS,2024-08-19,2024,1,Sideways,0,0.7917,SELL,0,1,0.5964,BUY,1,10,"BB_Upper,ADX,BB_Width,MACD,SMA_50,EMA_12,OBV,ATR_14,Rolling_Volatility,SMA_20",BB_Upper
TCS,2024-08-20,2024,0,Sideways,0,0.6005,SELL,1,1,0.5858,BUY,0,10,"BB_Upper,ADX,BB_Width,MACD,SMA_50,EMA_12,OBV,ATR_14,Rolling_Volatility,SMA_20",BB_Upper
TCS,2024-08-21,2024,0,Sideways,0,0.6296,SELL,1,1,0.5484,NO TRADE,0,10,"BB_Upper,ADX,BB_Width,MACD,SMA_50,EMA_12,OBV,ATR_14,Rolling_Volatility,SMA_20",BB_Upper
TCS,2024-08-22,2024,0,Sideways,1,0.5022,NO TRADE,0,0,0.5214,NO TRADE,1,10,"BB_Upper,ADX,BB_Width,MACD,SMA_50,EMA_12,OBV,ATR_14,Rolling_Volatility,SMA_20",BB_Upper
TCS,2024-08-23,2024,0,Sideways,0,0.5867,SELL,1,0,0.5967,SELL,1,10,"BB_Upper,ADX,BB_Width,MACD,SMA_50,EMA_12,OBV,ATR_14,Rolling_Volatility,SMA_20",BB_Upper
TCS,2024-08-26,2024,0,Sideways,0,0.8403,SELL,1,0,0.807,SELL,1,10,"BB_Upper,ADX,BB_Width,MACD,SMA_50,EMA_12,OBV,ATR_14,Rolling_Volatility,SMA_20",BB_Upper
TCS,2024-08-27,2024,0,Sideways,0,0.7407,SELL,1,0,0.8036,SELL,1,10,"BB_Upper,ADX,BB_Width,MACD,SMA_50,EMA_12,OBV,ATR_14,Rolling_Volatility,SMA_20",BB_Upper
TCS,2024-08-28,2024,0,Sideways,0,0.7444,SELL,1,0,0.8125,SELL,1,10,"BB_Upper,ADX,BB_Width,MACD,SMA_50,EMA_12,OBV,ATR_14,Rolling_Volatility,SMA_20",BB_Upper
TCS,2024-08-29,2024,0,Sideways,0,0.7106,SELL,1,0,0.8277,SELL,1,10,"BB_Upper,ADX,BB_Width,MACD,SMA_50,EMA_12,OBV,ATR_14,Rolling_Volatility,SMA_20",BB_Upper
TCS,2024-08-30,2024,0,Sideways,0,0.7275,SELL,1,0,0.7588,SELL,1,10,"BB_Upper,ADX,BB_Width,MACD,SMA_50,EMA_12,OBV,ATR_14,Rolling_Volatility,SMA_20",BB_Upper
TCS,2024-09-02,2024,0,Sideways,0,0.856,SELL,1,0,0.7534,SELL,1,10,"BB_Upper,ADX,BB_Width,MACD,SMA_50,EMA_12,OBV,ATR_14,Rolling_Volatility,SMA_20",BB_Upper
TCS,2024-09-03,2024,0,Sideways,0,0.8747,SELL,1,0,0.7166,SELL,1,10,"BB_Upper,ADX,BB_Width,MACD,SMA_50,EMA_12,OBV,ATR_14,Rolling_Volatility,SMA_20",BB_Upper
TCS,2024-09-04,2024,0,Sideways,0,0.9389,SELL,1,0,0.7983,SELL,1,10,"BB_Upper,ADX,BB_Width,MACD,SMA_50,EMA_12,OBV,ATR_14,Rolling_Volatility,SMA_20",BB_Upper
TCS,2024-09-05,2024,0,Sideways,0,0.845,SELL,1,0,0.7101,SELL,1,10,"BB_Upper,ADX,BB_Width,MACD,SMA_50,EMA_12,OBV,ATR_14,Rolling_Volatility,SMA_20",BB_Upper
TCS,2024-09-06,2024,0,Sideways,0,0.9173,SELL,1,0,0.7162,SELL,1,10,"BB_Upper,ADX,BB_Width,MACD,SMA_50,EMA_12,OBV,ATR_14,Rolling_Volatility,SMA_20",BB_Upper
TCS,2024-09-09,2024,0,Sideways,0,0.9696,SELL,1,0,0.5767,SELL,1,10,"BB_Upper,MACD,Rolling_Volatility,OBV,ATR_14,EMA_26,RSI_14,MFI,SMA_50,Rolling_Std_10",BB_Upper
TCS,2024-09-10,2024,0,Sideways,0,0.932,SELL,1,0,0.6601,SELL,1,10,"BB_Upper,MACD,Rolling_Volatility,OBV,ATR_14,EMA_26,RSI_14,MFI,SMA_50,Rolling_Std_10",BB_Upper
TCS,2024-09-11,2024,0,Sideways,0,0.9493,SELL,1,0,0.6749,SELL,1,10,"BB_Upper,MACD,Rolling_Volatility,OBV,ATR_14,EMA_26,RSI_14,MFI,SMA_50,Rolling_Std_10",BB_Upper
TCS,2024-09-12,2024,0,Sideways,0,0.8219,SELL,1,0,0.6572,SELL,1,10,"BB_Upper,MACD,Rolling_Volatility,OBV,ATR_14,EMA_26,RSI_14,MFI,SMA_50,Rolling_Std_10",BB_Upper
TCS,2024-09-13,2024,0,Sideways,0,0.8532,SELL,1,0,0.7732,SELL,1,10,"BB_Upper,MACD,Rolling_Volatility,OBV,ATR_14,EMA_26,RSI_14,MFI,SMA_50,Rolling_Std_10",BB_Upper
TCS,2024-09-16,2024,0,Sideways,0,0.871,SELL,1,0,0.7544,SELL,1,10,"BB_Upper,MACD,Rolling_Volatility,OBV,ATR_14,EMA_26,RSI_14,MFI,SMA_50,Rolling_Std_10",BB_Upper
TCS,2024-09-17,2024,0,Sideways,0,0.9181,SELL,1,0,0.7531,SELL,1,10,"BB_Upper,MACD,Rolling_Volatility,OBV,ATR_14,EMA_26,RSI_14,MFI,SMA_50,Rolling_Std_10",BB_Upper
TCS,2024-09-18,2024,0,Sideways,0,0.9986,SELL,1,1,0.5019,NO TRADE,0,10,"BB_Upper,MACD,Rolling_Volatility,OBV,ATR_14,EMA_26,RSI_14,MFI,SMA_50,Rolling_Std_10",BB_Upper
TCS,2024-09-19,2024,0,Sideways,0,0.9203,SELL,1,0,0.5819,SELL,1,10,"BB_Upper,MACD,Rolling_Volatility,OBV,ATR_14,EMA_26,RSI_14,MFI,SMA_50,Rolling_Std_10",BB_Upper
TCS,2024-09-20,2024,0,Sideways,0,1.0,SELL,1,0,0.6812,SELL,1,10,"BB_Upper,MACD,Rolling_Volatility,OBV,ATR_14,EMA_26,RSI_14,MFI,SMA_50,Rolling_Std_10",BB_Upper
TCS,2024-09-23,2024,0,Sideways,0,1.0,SELL,1,0,0.699,SELL,1,10,"BB_Upper,MACD,Rolling_Volatility,OBV,ATR_14,EMA_26,RSI_14,MFI,SMA_50,Rolling_Std_10",BB_Upper
TCS,2024-09-24,2024,0,Sideways,0,0.8939,SELL,1,0,0.7039,SELL,1,10,"BB_Upper,MACD,Rolling_Volatility,OBV,ATR_14,EMA_26,RSI_14,MFI,SMA_50,Rolling_Std_10",BB_Upper
TCS,2024-09-25,2024,0,Sideways,0,1.0,SELL,1,0,0.9267,SELL,1,10,"BB_Upper,MACD,Rolling_Volatility,OBV,ATR_14,EMA_26,RSI_14,MFI,SMA_50,Rolling_Std_10",BB_Upper
TCS,2024-09-26,2024,0,Sideways,0,0.9017,SELL,1,0,0.8526,SELL,1,10,"BB_Upper,MACD,Rolling_Volatility,OBV,ATR_14,EMA_26,RSI_14,MFI,SMA_50,Rolling_Std_10",BB_Upper
TCS,2024-09-27,2024,0,Sideways,0,0.9943,SELL,1,0,0.95,SELL,1,10,"BB_Upper,MACD,Rolling_Volatility,OBV,ATR_14,EMA_26,RSI_14,MFI,SMA_50,Rolling_Std_10",BB_Upper
TCS,2024-09-30,2024,0,Sideways,0,1.0,SELL,1,0,0.9395,SELL,1,10,"BB_Upper,MACD,Rolling_Volatility,OBV,ATR_14,EMA_26,RSI_14,MFI,SMA_50,Rolling_Std_10",BB_Upper
TCS,2024-10-01,2024,0,Sideways,0,1.0,SELL,1,0,0.8513,SELL,1,10,"BB_Upper,MACD,Rolling_Volatility,OBV,ATR_14,EMA_26,RSI_14,MFI,SMA_50,Rolling_Std_10",BB_Upper
TCS,2024-10-03,2024,0,Sideways,0,0.8876,SELL,1,0,0.8385,SELL,1,10,"BB_Upper,MACD,Rolling_Volatility,OBV,ATR_14,EMA_26,RSI_14,MFI,SMA_50,Rolling_Std_10",BB_Upper
TCS,2024-10-04,2024,0,Sideways,0,1.0,SELL,1,0,0.8492,SELL,1,10,"BB_Upper,MACD,Rolling_Volatility,OBV,ATR_14,EMA_26,RSI_14,MFI,SMA_50,Rolling_Std_10",BB_Upper
TCS,2024-10-07,2024,0,Sideways,0,0.9821,SELL,1,0,0.9256,SELL,1,10,"BB_Upper,MACD,Rolling_Volatility,OBV,ATR_14,EMA_26,RSI_14,MFI,SMA_50,Rolling_Std_10",BB_Upper
TCS,2024-10-08,2024,0,Sideways,0,0.896,SELL,1,0,0.9275,SELL,1,10,"BB_Upper,MACD,Rolling_Volatility,OBV,ATR_14,EMA_26,RSI_14,MFI,SMA_50,Rolling_Std_10",BB_Upper
TCS,2024-10-09,2024,0,Sideways,0,0.9143,SELL,1,0,0.9068,SELL,1,10,"BB_Upper,MACD,Rolling_Volatility,OBV,ATR_14,EMA_26,RSI_14,MFI,SMA_50,Rolling_Std_10",BB_Upper
TCS,2024-10-10,2024,0,Sideways,0,0.9159,SELL,1,0,0.9219,SELL,1,10,"BB_Upper,MACD,Rolling_Volatility,OBV,ATR_14,EMA_26,RSI_14,MFI,SMA_50,Rolling_Std_10",BB_Upper
TCS,2024-10-11,2024,1,Sideways,0,0.9172,SELL,0,0,0.9216,SELL,0,10,"BB_Upper,MACD,Rolling_Volatility,OBV,ATR_14,EMA_26,RSI_14,MFI,SMA_50,Rolling_Std_10",BB_Upper
TCS,2024-10-14,2024,1,Sideways,0,0.7171,SELL,0,0,0.695,SELL,0,10,"BB_Upper,MACD,Rolling_Volatility,OBV,ATR_14,EMA_26,RSI_14,MFI,SMA_50,Rolling_Std_10",BB_Upper
TCS,2024-10-15,2024,1,Sideways,0,0.6021,SELL,0,0,0.5474,NO TRADE,0,10,"BB_Upper,MACD,Rolling_Volatility,OBV,ATR_14,EMA_26,RSI_14,MFI,SMA_50,Rolling_Std_10",BB_Upper
TCS,2024-10-16,2024,1,Sideways,0,0.6816,SELL,0,0,0.5205,NO TRADE,0,10,"BB_Upper,MACD,Rolling_Volatility,OBV,ATR_14,EMA_26,RSI_14,MFI,SMA_50,Rolling_Std_10",BB_Upper
TCS,2024-10-17,2024,1,Sideways,0,0.7718,SELL,0,1,0.705,BUY,1,10,"BB_Upper,MACD,Rolling_Volatility,OBV,ATR_14,EMA_26,RSI_14,MFI,SMA_50,Rolling_Std_10",BB_Upper
TCS,2024-10-18,2024,0,Sideways,0,0.6128,SELL,1,1,0.7244,BUY,0,10,"BB_Upper,MACD,Rolling_Volatility,OBV,ATR_14,EMA_26,RSI_14,MFI,SMA_50,Rolling_Std_10",BB_Upper
TCS,2024-10-21,2024,0,Sideways,0,0.631,SELL,1,1,0.7151,BUY,0,10,"BB_Upper,MACD,Rolling_Volatility,OBV,ATR_14,EMA_26,RSI_14,MFI,SMA_50,Rolling_Std_10",BB_Upper
TCS,2024-10-22,2024,1,Sideways,0,0.6413,SELL,0,1,0.5901,BUY,1,10,"BB_Upper,EMA_12,Rolling_Volatility,SMA_20,OBV,BB_Width,EMA_26,Volume_MA,MACD,ADX",BB_Upper
TCS,2024-10-23,2024,1,Sideways,0,0.6231,SELL,0,1,0.6662,BUY,1,10,"BB_Upper,EMA_12,Rolling_Volatility,SMA_20,OBV,BB_Width,EMA_26,Volume_MA,MACD,ADX",BB_Upper
TCS,2024-10-24,2024,1,Sideways,1,0.5538,BUY,1,1,0.7643,BUY,1,10,"BB_Upper,EMA_12,Rolling_Volatility,SMA_20,OBV,BB_Width,EMA_26,Volume_MA,MACD,ADX",BB_Upper
TCS,2024-10-25,2024,1,Sideways,1,0.7227,BUY,1,1,0.6431,BUY,1,10,"BB_Upper,EMA_12,Rolling_Volatility,SMA_20,OBV,BB_Width,EMA_26,Volume_MA,MACD,ADX",BB_Upper
TCS,2024-10-28,2024,1,Sideways,1,0.7384,BUY,1,1,0.7018,BUY,1,10,"BB_Upper,EMA_12,Rolling_Volatility,SMA_20,OBV,BB_Width,EMA_26,Volume_MA,MACD,ADX",BB_Upper
TCS,2024-10-29,2024,1,Sideways,1,0.9202,BUY,1,1,0.7557,BUY,1,10,"BB_Upper,EMA_12,Rolling_Volatility,SMA_20,OBV,BB_Width,EMA_26,Volume_MA,MACD,ADX",BB_Upper
TCS,2024-10-30,2024,1,Sideways,1,0.9546,BUY,1,1,0.7861,BUY,1,10,"BB_Upper,EMA_12,Rolling_Volatility,SMA_20,OBV,BB_Width,EMA_26,Volume_MA,MACD,ADX",BB_Upper
TCS,2024-10-31,2024,1,Sideways,1,0.7866,BUY,1,1,0.8189,BUY,1,10,"BB_Upper,EMA_12,Rolling_Volatility,SMA_20,OBV,BB_Width,EMA_26,Volume_MA,MACD,ADX",BB_Upper
TCS,2024-11-01,2024,1,Sideways,1,0.9731,BUY,1,1,0.7796,BUY,1,10,"BB_Upper,EMA_12,Rolling_Volatility,SMA_20,OBV,BB_Width,EMA_26,Volume_MA,MACD,ADX",BB_Upper
TCS,2024-11-04,2024,1,Sideways,1,0.9552,BUY,1,1,0.7328,BUY,1,10,"BB_Upper,EMA_12,Rolling_Volatility,SMA_20,OBV,BB_Width,EMA_26,Volume_MA,MACD,ADX",BB_Upper
TCS,2024-11-05,2024,1,Sideways,1,0.9648,BUY,1,1,0.8203,BUY,1,10,"BB_Upper,EMA_12,Rolling_Volatility,SMA_20,OBV,BB_Width,EMA_26,Volume_MA,MACD,ADX",BB_Upper
TCS,2024-11-06,2024,1,Sideways,1,0.9006,BUY,1,1,0.8634,BUY,1,10,"BB_Upper,EMA_12,Rolling_Volatility,SMA_20,OBV,BB_Width,EMA_26,Volume_MA,MACD,ADX",BB_Upper
TCS,2024-11-07,2024,1,Sideways,1,0.8986,BUY,1,1,0.8674,BUY,1,10,"BB_Upper,EMA_12,Rolling_Volatility,SMA_20,OBV,BB_Width,EMA_26,Volume_MA,MACD,ADX",BB_Upper
TCS,2024-11-08,2024,1,Sideways,1,0.885,BUY,1,1,0.8743,BUY,1,10,"BB_Upper,EMA_12,Rolling_Volatility,SMA_20,OBV,BB_Width,EMA_26,Volume_MA,MACD,ADX",BB_Upper
TCS,2024-11-11,2024,1,Sideways,1,0.8101,BUY,1,1,0.8674,BUY,1,10,"BB_Upper,EMA_12,Rolling_Volatility,SMA_20,OBV,BB_Width,EMA_26,Volume_MA,MACD,ADX",BB_Upper
TCS,2024-11-12,2024,1,Sideways,1,0.881,BUY,1,1,0.8616,BUY,1,10,"BB_Upper,EMA_12,Rolling_Volatility,SMA_20,OBV,BB_Width,EMA_26,Volume_MA,MACD,ADX",BB_Upper
TCS,2024-11-13,2024,1,Sideways,1,0.8737,BUY,1,1,0.8511,BUY,1,10,"BB_Upper,EMA_12,Rolling_Volatility,SMA_20,OBV,BB_Width,EMA_26,Volume_MA,MACD,ADX",BB_Upper
TCS,2024-11-14,2024,1,Sideways,1,0.8757,BUY,1,1,0.8478,BUY,1,10,"BB_Upper,EMA_12,Rolling_Volatility,SMA_20,OBV,BB_Width,EMA_26,Volume_MA,MACD,ADX",BB_Upper
TCS,2024-11-18,2024,1,Sideways,1,0.7928,BUY,1,1,0.8778,BUY,1,10,"BB_Upper,EMA_12,Rolling_Volatility,SMA_20,OBV,BB_Width,EMA_26,Volume_MA,MACD,ADX",BB_Upper
TCS,2024-11-19,2024,1,Sideways,1,0.8465,BUY,1,1,0.8806,BUY,1,10,"BB_Upper,EMA_12,Rolling_Volatility,SMA_20,OBV,BB_Width,EMA_26,Volume_MA,MACD,ADX",BB_Upper
TCS,2024-11-21,2024,1,Sideways,1,0.8934,BUY,1,1,0.8828,BUY,1,10,"BB_Upper,EMA_12,Rolling_Volatility,SMA_20,OBV,BB_Width,EMA_26,Volume_MA,MACD,ADX",BB_Upper
TCS,2024-11-22,2024,0,Sideways,1,0.8449,BUY,0,1,0.8776,BUY,0,10,"BB_Upper,EMA_12,Rolling_Volatility,SMA_20,OBV,BB_Width,EMA_26,Volume_MA,MACD,ADX",BB_Upper
TCS,2024-11-25,2024,0,Sideways,1,0.6338,BUY,0,1,0.827,BUY,0,10,"BB_Upper,EMA_12,Rolling_Volatility,SMA_20,OBV,BB_Width,EMA_26,Volume_MA,MACD,ADX",BB_Upper
TCS,2024-11-26,2024,0,Sideways,1,0.719,BUY,0,1,0.829,BUY,0,10,"BB_Upper,EMA_12,Rolling_Volatility,SMA_20,OBV,BB_Width,EMA_26,Volume_MA,MACD,ADX",BB_Upper
TCS,2024-11-27,2024,0,Sideways,1,0.5072,NO TRADE,0,1,0.5934,BUY,0,10,"BB_Upper,EMA_12,Rolling_Volatility,SMA_20,OBV,BB_Width,EMA_26,Volume_MA,MACD,ADX",BB_Upper
TCS,2024-11-28,2024,0,Sideways,1,0.5651,BUY,0,1,0.6815,BUY,0,10,"BB_Upper,EMA_12,Rolling_Volatility,SMA_20,OBV,BB_Width,EMA_26,Volume_MA,MACD,ADX",BB_Upper
TCS,2024-11-29,2024,0,Sideways,0,0.6182,SELL,1,1,0.6427,BUY,0,10,"BB_Upper,EMA_12,Rolling_Volatility,SMA_20,OBV,BB_Width,EMA_26,Volume_MA,MACD,ADX",BB_Upper
TCS,2024-12-02,2024,0,Sideways,1,0.5738,BUY,0,1,0.6313,BUY,0,10,"BB_Upper,EMA_12,Rolling_Volatility,SMA_20,OBV,BB_Width,EMA_26,Volume_MA,MACD,ADX",BB_Upper
RELIANCE,2022-01-03,2022,0,Sideways,1,0.7802,BUY,0,1,0.6775,BUY,0,10,"EMA_12,ATR_14,Volume_MA,EMA_26,MACD_Hist,OBV,SMA_10,Daily_Return,SMA_50,Williams_R",EMA_12
RELIANCE,2022-01-04,2022,0,Sideways,1,0.727,BUY,0,1,0.7105,BUY,0,10,"ATR_14,EMA_12,SMA_20,MACD_Hist,Volume_MA,MACD,EMA_26,OBV,SMA_50,SMA_10",ATR_14
RELIANCE,2022-01-05,2022,0,Sideways,1,0.7352,BUY,0,0,0.5958,SELL,1,10,"ATR_14,EMA_12,SMA_20,MACD_Hist,Volume_MA,MACD,EMA_26,OBV,SMA_50,SMA_10",ATR_14
RELIANCE,2022-01-06,2022,0,Sideways,1,0.7165,BUY,0,0,0.7564,SELL,1,10,"ATR_14,EMA_12,SMA_20,MACD_Hist,Volume_MA,MACD,EMA_26,OBV,SMA_50,SMA_10",ATR_14
RELIANCE,2022-01-07,2022,0,Sideways,1,0.7205,BUY,0,0,0.7703,SELL,1,10,"ATR_14,EMA_12,SMA_20,MACD_Hist,Volume_MA,MACD,EMA_26,OBV,SMA_50,SMA_10",ATR_14
RELIANCE,2022-01-10,2022,0,Sideways,1,0.7183,BUY,0,0,0.7763,SELL,1,10,"ATR_14,EMA_12,SMA_20,MACD_Hist,Volume_MA,MACD,EMA_26,OBV,SMA_50,SMA_10",ATR_14
RELIANCE,2022-01-11,2022,0,Sideways,1,0.7111,BUY,0,0,0.7821,SELL,1,10,"ATR_14,EMA_12,SMA_20,MACD_Hist,Volume_MA,MACD,EMA_26,OBV,SMA_50,SMA_10",ATR_14
RELIANCE,2022-01-12,2022,0,Sideways,1,0.5905,BUY,0,0,0.6003,SELL,1,10,"ATR_14,EMA_12,SMA_20,MACD_Hist,Volume_MA,MACD,EMA_26,OBV,SMA_50,SMA_10",ATR_14
RELIANCE,2022-01-13,2022,0,Sideways,1,0.6037,BUY,0,0,0.6275,SELL,1,10,"ATR_14,EMA_12,SMA_20,MACD_Hist,Volume_MA,MACD,EMA_26,OBV,SMA_50,SMA_10",ATR_14
RELIANCE,2022-01-14,2022,0,Sideways,1,0.652,BUY,0,0,0.6612,SELL,1,10,"ATR_14,EMA_12,SMA_20,MACD_Hist,Volume_MA,MACD,EMA_26,OBV,SMA_50,SMA_10",ATR_14
RELIANCE,2022-01-17,2022,0,Sideways,1,0.6646,BUY,0,0,0.7816,SELL,1,10,"ATR_14,EMA_12,SMA_20,MACD_Hist,Volume_MA,MACD,EMA_26,OBV,SMA_50,SMA_10",ATR_14
RELIANCE,2022-01-18,2022,0,Sideways,1,0.6059,BUY,0,0,0.8554,SELL,1,10,"ATR_14,EMA_12,SMA_20,MACD_Hist,Volume_MA,MACD,EMA_26,OBV,SMA_50,SMA_10",ATR_14
RELIANCE,2022-01-19,2022,0,Sideways,1,0.652,BUY,0,0,0.8904,SELL,1,10,"ATR_14,EMA_12,SMA_20,MACD_Hist,Volume_MA,MACD,EMA_26,OBV,SMA_50,SMA_10",ATR_14
RELIANCE,2022-01-20,2022,0,Sideways,1,0.5516,BUY,0,0,0.8982,SELL,1,10,"ATR_14,EMA_12,SMA_20,MACD_Hist,Volume_MA,MACD,EMA_26,OBV,SMA_50,SMA_10",ATR_14
RELIANCE,2022-01-21,2022,0,Sideways,0,0.5027,NO TRADE,1,0,0.9014,SELL,1,10,"ATR_14,EMA_12,SMA_20,MACD_Hist,Volume_MA,MACD,EMA_26,OBV,SMA_50,SMA_10",ATR_14
RELIANCE,2022-01-24,2022,1,Sideways,0,0.8564,SELL,0,0,0.8973,SELL,0,10,"ATR_14,EMA_12,SMA_20,MACD_Hist,Volume_MA,MACD,EMA_26,OBV,SMA_50,SMA_10",ATR_14
RELIANCE,2022-01-25,2022,1,Sideways,0,0.5552,SELL,0,0,0.6613,SELL,0,10,"ATR_14,EMA_12,SMA_20,MACD_Hist,Volume_MA,MACD,EMA_26,OBV,SMA_50,SMA_10",ATR_14
RELIANCE,2022-01-27,2022,0,Sideways,1,0.5037,NO TRADE,0,0,0.5189,NO TRADE,1,10,"ATR_14,EMA_12,SMA_20,MACD_Hist,Volume_MA,MACD,EMA_26,OBV,SMA_50,SMA_10",ATR_14
RELIANCE,2022-01-28,2022,0,Sideways,0,0.5677,SELL,1,0,0.6488,SELL,1,10,"ATR_14,EMA_12,SMA_20,MACD_Hist,Volume_MA,MACD,EMA_26,OBV,SMA_50,SMA_10",ATR_14
RELIANCE,2022-01-31,2022,0,Sideways,0,0.5478,NO TRADE,1,0,0.7148,SELL,1,10,"ATR_14,EMA_12,SMA_20,MACD_Hist,Volume_MA,MACD,EMA_26,OBV,SMA_50,SMA_10",ATR_14
RELIANCE,2022-02-01,2022,1,Sideways,0,0.5211,NO TRADE,0,0,0.7177,SELL,0,10,"ATR_14,EMA_12,SMA_20,MACD_Hist,Volume_MA,MACD,EMA_26,OBV,SMA_50,SMA_10",ATR_14
RELIANCE,2022-02-02,2022,0,Sideways,1,0.671,BUY,0,1,0.5736,BUY,0,10,"ATR_14,EMA_12,SMA_20,MACD_Hist,Volume_MA,MACD,EMA_26,OBV,SMA_50,SMA_10",ATR_14
RELIANCE,2022-02-03,2022,0,Sideways,1,0.5623,BUY,0,1,0.5148,NO TRADE,0,10,"ATR_14,EMA_12,SMA_20,MACD_Hist,Volume_MA,MACD,EMA_26,OBV,SMA_50,SMA_10",ATR_14
RELIANCE,2022-02-04,2022,0,Sideways,1,0.5367,NO TRADE,0,0,0.6325,SELL,1,10,"ATR_14,EMA_12,SMA_20,MACD_Hist,Volume_MA,MACD,EMA_26,OBV,SMA_50,SMA_10",ATR_14
RELIANCE,2022-02-07,2022,0,Sideways,0,0.5643,SELL,1,0,0.7355,SELL,1,10,"ATR_14,EMA_12,SMA_20,MACD_Hist,Volume_MA,MACD,EMA_26,OBV,SMA_50,SMA_10",ATR_14
RELIANCE,2022-02-08,2022,0,Sideways,1,0.6093,BUY,0,0,0.753,SELL,1,10,"ATR_14,EMA_12,SMA_20,MACD_Hist,Volume_MA,MACD,EMA_26,OBV,SMA_50,SMA_10",ATR_14
RELIANCE,2022-02-09,2022,1,Sideways,1,0.5902,BUY,1,0,0.7663,SELL,0,10,"ATR_14,EMA_12,SMA_20,MACD_Hist,Volume_MA,MACD,EMA_26,OBV,SMA_50,SMA_10",ATR_14
RELIANCE,2022-02-10,2022,1,Sideways,1,0.7671,BUY,1,0,0.5271,NO TRADE,0,10,"ATR_14,EMA_12,SMA_20,MACD_Hist,Volume_MA,MACD,EMA_26,OBV,SMA_50,SMA_10",ATR_14
RELIANCE,2022-02-11,2022,1,Sideways,1,0.8183,BUY,1,1,0.7075,BUY,1,10,"ATR_14,EMA_12,SMA_20,MACD_Hist,Volume_MA,MACD,EMA_26,OBV,SMA_50,SMA_10",ATR_14
RELIANCE,2022-02-14,2022,1,Sideways,1,0.9411,BUY,1,1,0.6348,BUY,1,10,"ATR_14,EMA_12,SMA_20,MACD_Hist,Volume_MA,MACD,EMA_26,OBV,SMA_50,SMA_10",ATR_14
RELIANCE,2022-02-15,2022,0,Sideways,1,0.6703,BUY,0,1,0.747,BUY,0,10,"ATR_14,EMA_12,SMA_20,MACD_Hist,Volume_MA,MACD,EMA_26,OBV,SMA_50,SMA_10",ATR_14
RELIANCE,2022-02-16,2022,1,Sideways,1,0.717,BUY,1,0,0.5008,NO TRADE,0,10,"ATR_14,MACD_Hist,Volume_MA,SMA_20,EMA_12,RSI_14,MFI,OBV,Rolling_Volatility,SMA_10",ATR_14
RELIANCE,2022-02-17,2022,1,Sideways,1,0.7306,BUY,1,1,0.7328,BUY,1,10,"ATR_14,MACD_Hist,Volume_MA,SMA_20,EMA_12,RSI_14,MFI,OBV,Rolling_Volatility,SMA_10",ATR_14
RELIANCE,2022-02-18,2022,1,Sideways,1,0.7738,BUY,1,1,0.6883,BUY,1,10,"ATR_14,MACD_Hist,Volume_MA,SMA_20,EMA_12,RSI_14,MFI,OBV,Rolling_Volatility,SMA_10",ATR_14
RELIANCE,2022-02-21,2022,1,Sideways,1,0.8507,BUY,1,1,0.8334,BUY,1,10,"ATR_14,MACD_Hist,Volume_MA,SMA_20,EMA_12,RSI_14,MFI,OBV,Rolling_Volatility,SMA_10",ATR_14
RELIANCE,2022-02-22,2022,1,Sideways,1,0.8589,BUY,1,1,0.7372,BUY,1,10,"ATR_14,MACD_Hist,Volume_MA,SMA_20,EMA_12,RSI_14,MFI,OBV,Rolling_Volatility,SMA_10",ATR_14
RELIANCE,2022-02-23,2022,1,Sideways,1,0.8611,BUY,1,1,0.7734,BUY,1,10,"ATR_14,MACD_Hist,Volume_MA,SMA_20,EMA_12,RSI_14,MFI,OBV,Rolling_Volatility,SMA_10",ATR_14
RELIANCE,2022-02-24,2022,1,Sideways,0,0.5805,SELL,0,1,0.7646,BUY,1,10,"ATR_14,MACD_Hist,Volume_MA,SMA_20,EMA_12,RSI_14,MFI,OBV,Rolling_Volatility,SMA_10",ATR_14
RELIANCE,2022-02-25,2022,1,Sideways,1,0.9025,BUY,1,1,0.8922,BUY,1,10,"ATR_14,MACD_Hist,Volume_MA,SMA_20,EMA_12,RSI_14,MFI,OBV,Rolling_Volatility,SMA_10",ATR_14
RELIANCE,2022-02-28,2022,1,Sideways,1,0.655,BUY,1,1,0.7548,BUY,1,10,"ATR_14,MACD_Hist,Volume_MA,SMA_20,EMA_12,RSI_14,MFI,OBV,Rolling_Volatility,SMA_10",ATR_14
RELIANCE,2022-03-02,2022,1,Sideways,1,0.8141,BUY,1,1,0.8253,BUY,1,10,"ATR_14,MACD_Hist,Volume_MA,SMA_20,EMA_12,RSI_14,MFI,OBV,Rolling_Volatility,SMA_10",ATR_14
RELIANCE,2022-03-03,2022,1,Sideways,1,0.8373,BUY,1,1,0.882,BUY,1,10,"ATR_14,MACD_Hist,Volume_MA,SMA_20,EMA_12,RSI_14,MFI,OBV,Rolling_Volatility,SMA_10",ATR_14
RELIANCE,2022-03-04,2022,1,Sideways,1,0.9615,BUY,1,1,0.901,BUY,1,10,"ATR_14,MACD_Hist,Volume_MA,SMA_20,EMA_12,RSI_14,MFI,OBV,Rolling_Volatility,SMA_10",ATR_14
RELIANCE,2022-03-07,2022,1,Sideways,1,0.9381,BUY,1,1,0.7843,BUY,1,10,"ATR_14,MACD_Hist,Volume_MA,SMA_20,EMA_12,RSI_14,MFI,OBV,Rolling_Volatility,SMA_10",ATR_14
RELIANCE,2022-03-08,2022,1,Sideways,1,0.953,BUY,1,1,0.7093,BUY,1,10,"ATR_14,MACD_Hist,Volume_MA,SMA_20,EMA_12,RSI_14,MFI,OBV,Rolling_Volatility,SMA_10",ATR_14
RELIANCE,2022-03-09,2022,1,Sideways,1,0.8555,BUY,1,1,0.6787,BUY,1,10,"ATR_14,MACD_Hist,Volume_MA,SMA_20,EMA_12,RSI_14,MFI,OBV,Rolling_Volatility,SMA_10",ATR_14
RELIANCE,2022-03-10,2022,1,Sideways,1,0.8825,BUY,1,1,0.7943,BUY,1,10,"ATR_14,MACD_Hist,Volume_MA,SMA_20,EMA_12,RSI_14,MFI,OBV,Rolling_Volatility,SMA_10",ATR_14
RELIANCE,2022-03-11,2022,1,Sideways,1,0.8828,BUY,1,1,0.8616,BUY,1,10,"ATR_14,MACD_Hist,Volume_MA,SMA_20,EMA_12,RSI_14,MFI,OBV,Rolling_Volatility,SMA_10",ATR_14
RELIANCE,2022-03-14,2022,1,Sideways,1,0.8827,BUY,1,1,0.8444,BUY,1,10,"ATR_14,MACD_Hist,Volume_MA,SMA_20,EMA_12,RSI_14,MFI,OBV,Rolling_Volatility,SMA_10",ATR_14
RELIANCE,2022-03-15,2022,1,Sideways,1,0.8836,BUY,1,1,0.8888,BUY,1,10,"ATR_14,MACD_Hist,Volume_MA,SMA_20,EMA_12,RSI_14,MFI,OBV,Rolling_Volatility,SMA_10",ATR_14
RELIANCE,2022-03-16,2022,1,Sideways,1,0.884,BUY,1,1,0.8915,BUY,1,10,"ATR_14,MACD_Hist,Volume_MA,SMA_20,EMA_12,RSI_14,MFI,OBV,Rolling_Volatility,SMA_10",ATR_14
RELIANCE,2022-03-17,2022,1,Sideways,1,0.8843,BUY,1,1,0.7541,BUY,1,10,"ATR_14,MACD_Hist,Volume_MA,SMA_20,EMA_12,RSI_14,MFI,OBV,Rolling_Volatility,SMA_10",ATR_14
RELIANCE,2022-03-21,2022,1,Sideways,1,0.8844,BUY,1,1,0.866,BUY,1,10,"ATR_14,MACD_Hist,Volume_MA,SMA_20,EMA_12,RSI_14,MFI,OBV,Rolling_Volatility,SMA_10",ATR_14
RELIANCE,2022-03-22,2022,1,Sideways,1,0.7979,BUY,1,1,0.8172,BUY,1,10,"ATR_14,MACD_Hist,Volume_MA,SMA_20,EMA_12,RSI_14,MFI,OBV,Rolling_Volatility,SMA_10",ATR_14
RELIANCE,2022-03-23,2022,1,Sideways,1,0.79,BUY,1,1,0.7836,BUY,1,10,"ATR_14,MACD_Hist,Volume_MA,SMA_20,EMA_12,RSI_14,MFI,OBV,Rolling_Volatility,SMA_10",ATR_14
RELIANCE,2022-03-24,2022,1,Sideways,1,0.7909,BUY,1,1,0.7235,BUY,1,10,"ATR_14,MACD_Hist,Volume_MA,SMA_20,EMA_12,RSI_14,MFI,OBV,Rolling_Volatility,SMA_10",ATR_14
RELIANCE,2022-03-25,2022,1,Sideways,1,0.69,BUY,1,1,0.6322,BUY,1,10,"ATR_14,MACD_Hist,Volume_MA,SMA_20,EMA_12,RSI_14,MFI,OBV,Rolling_Volatility,SMA_10",ATR_14
RELIANCE,2022-03-28,2022,1,Sideways,1,0.7862,BUY,1,1,0.5049,NO TRADE,1,10,"ATR_14,MACD_Hist,Volume_MA,SMA_20,EMA_12,RSI_14,MFI,OBV,Rolling_Volatility,SMA_10",ATR_14
RELIANCE,2022-03-29,2022,1,Sideways,1,0.8451,BUY,1,0,0.5454,NO TRADE,0,10,"ATR_14,MACD_Hist,Volume_MA,SMA_20,EMA_12,RSI_14,MFI,OBV,Rolling_Volatility,SMA_10",ATR_14
RELIANCE,2022-03-30,2022,1,Sideways,1,0.8765,BUY,1,1,0.5298,NO TRADE,1,10,"ATR_14,MACD_Hist,Volume_MA,SMA_20,EMA_12,RSI_14,MFI,OBV,Rolling_Volatility,SMA_10",ATR_14
RELIANCE,2022-03-31,2022,1,Sideways,1,0.8857,BUY,1,1,0.6149,BUY,1,10,"ATR_14,MACD_Hist,Volume_MA,SMA_20,EMA_12,RSI_14,MFI,OBV,Rolling_Volatility,SMA_10",ATR_14
RELIANCE,2022-04-01,2022,1,Sideways,1,0.8877,BUY,1,1,0.5819,BUY,1,10,"SMA_20,ATR_14,Volume_MA,ADX,Rolling_Volatility,SMA_50,BB_Upper,EMA_26,MACD,SMA_10",SMA_20
RELIANCE,2022-04-04,2022,0,Sideways,1,0.8901,BUY,0,1,0.712,BUY,0,10,"SMA_20,ATR_14,Volume_MA,ADX,Rolling_Volatility,SMA_50,BB_Upper,EMA_26,MACD,SMA_10",SMA_20
RELIANCE,2022-04-05,2022,0,Sideways,1,0.8592,BUY,0,1,0.6461,BUY,0,10,"SMA_20,ATR_14,Volume_MA,ADX,Rolling_Volatility,SMA_50,BB_Upper,EMA_26,MACD,SMA_10",SMA_20
RELIANCE,2022-04-06,2022,0,Sideways,1,0.7612,BUY,0,1,0.5882,BUY,0,10,"SMA_20,ATR_14,Volume_MA,ADX,Rolling_Volatility,SMA_50,BB_Upper,EMA_26,MACD,SMA_10",SMA_20
RELIANCE,2022-04-07,2022,0,Sideways,1,0.6614,BUY,0,1,0.5371,NO TRADE,0,10,"SMA_20,ATR_14,Volume_MA,ADX,Rolling_Volatility,SMA_50,BB_Upper,EMA_26,MACD,SMA_10",SMA_20
RELIANCE,2022-04-08,2022,0,Sideways,1,0.6366,BUY,0,0,0.5572,SELL,1,10,"SMA_20,ATR_14,Volume_MA,ADX,Rolling_Volatility,SMA_50,BB_Upper,EMA_26,MACD,SMA_10",SMA_20
RELIANCE,2022-04-11,2022,0,Sideways,1,0.7137,BUY,0,0,0.5713,SELL,1,10,"SMA_20,ATR_14,Volume_MA,ADX,Rolling_Volatility,SMA_50,BB_Upper,EMA_26,MACD,SMA_10",SMA_20
RELIANCE,2022-04-12,2022,0,Sideways,1,0.5151,NO TRADE,0,0,0.514,NO TRADE,1,10,"SMA_20,ATR_14,Volume_MA,ADX,Rolling_Volatility,SMA_50,BB_Upper,EMA_26,MACD,SMA_10",SMA_20
RELIANCE,2022-04-13,2022,0,Sideways,0,0.643,SELL,1,0,0.509,NO TRADE,1,10,"SMA_20,ATR_14,Volume_MA,ADX,Rolling_Volatility,SMA_50,BB_Upper,EMA_26,MACD,SMA_10",SMA_20
RELIANCE,2022-04-18,2022,0,Sideways,0,0.7042,SELL,1,0,0.5986,SELL,1,10,"SMA_20,ATR_14,Volume_MA,ADX,Rolling_Volatility,SMA_50,BB_Upper,EMA_26,MACD,SMA_10",SMA_20
RELIANCE,2022-04-19,2022,0,Sideways,0,0.6181,SELL,1,0,0.6607,SELL,1,10,"SMA_20,ATR_14,Volume_MA,ADX,Rolling_Volatility,SMA_50,BB_Upper,EMA_26,MACD,SMA_10",SMA_20
RELIANCE,2022-04-20,2022,0,Sideways,0,0.7164,SELL,1,1,0.5293,NO TRADE,0,10,"SMA_20,ATR_14,Volume_MA,ADX,Rolling_Volatility,SMA_50,BB_Upper,EMA_26,MACD,SMA_10",SMA_20
RELIANCE,2022-04-21,2022,0,Sideways,0,0.5913,SELL,1,1,0.5189,NO TRADE,0,10,"SMA_20,ATR_14,Volume_MA,ADX,Rolling_Volatility,SMA_50,BB_Upper,EMA_26,MACD,SMA_10",SMA_20
RELIANCE,2022-04-22,2022,0,Sideways,0,0.615,SELL,1,1,0.5004,NO TRADE,0,10,"SMA_20,ATR_14,Volume_MA,ADX,Rolling_Volatility,SMA_50,BB_Upper,EMA_26,MACD,SMA_10",SMA_20
RELIANCE,2022-04-25,2022,0,Sideways,0,0.7801,SELL,1,0,0.5832,SELL,1,10,"SMA_20,ATR_14,Volume_MA,ADX,Rolling_Volatility,SMA_50,BB_Upper,EMA_26,MACD,SMA_10",SMA_20
RELIANCE,2022-04-26,2022,0,Sideways,0,0.7137,SELL,1,0,0.5711,SELL,1,10,"SMA_20,ATR_14,Volume_MA,ADX,Rolling_Volatility,SMA_50,BB_Upper,EMA_26,MACD,SMA_10",SMA_20
RELIANCE,2022-04-27,2022,0,Sideways,0,0.7242,SELL,1,0,0.6108,SELL,1,10,"SMA_20,ATR_14,Volume_MA,ADX,Rolling_Volatility,SMA_50,BB_Upper,EMA_26,MACD,SMA_10",SMA_20
RELIANCE,2022-04-28,2022,0,Sideways,0,0.7478,SELL,1,0,0.5436,NO TRADE,1,10,"SMA_20,ATR_14,Volume_MA,ADX,Rolling_Volatility,SMA_50,BB_Upper,EMA_26,MACD,SMA_10",SMA_20
RELIANCE,2022-04-29,2022,0,Sideways,0,0.7722,SELL,1,0,0.6078,SELL,1,10,"SMA_20,ATR_14,Volume_MA,ADX,Rolling_Volatility,SMA_50,BB_Upper,EMA_26,MACD,SMA_10",SMA_20
RELIANCE,2022-05-02,2022,0,Sideways,0,0.7854,SELL,1,0,0.666,SELL,1,10,"SMA_20,ATR_14,Volume_MA,ADX,Rolling_Volatility,SMA_50,BB_Upper,EMA_26,MACD,SMA_10",SMA_20
RELIANCE,2022-05-04,2022,0,Sideways,0,0.8983,SELL,1,0,0.7245,SELL,1,10,"SMA_20,ATR_14,Volume_MA,ADX,Rolling_Volatility,SMA_50,BB_Upper,EMA_26,MACD,SMA_10",SMA_20
RELIANCE,2022-05-05,2022,1,Sideways,0,0.8699,SELL,0,0,0.7399,SELL,0,10,"SMA_20,ATR_14,Volume_MA,ADX,Rolling_Volatility,SMA_50,BB_Upper,EMA_26,MACD,SMA_10",SMA_20
RELIANCE,2022-05-06,2022,1,Sideways,0,0.86,SELL,0,0,0.5572,SELL,0,10,"SMA_20,ATR_14,Volume_MA,ADX,Rolling_Volatility,SMA_50,BB_Upper,EMA_26,MACD,SMA_10",SMA_20
RELIANCE,2022-05-09,2022,1,Sideways,0,0.7204,SELL,0,1,0.5344,NO TRADE,1,10,"SMA_20,ATR_14,Volume_MA,ADX,Rolling_Volatility,SMA_50,BB_Upper,EMA_26,MACD,SMA_10",SMA_20
RELIANCE,2022-05-10,2022,1,Sideways,0,0.6869,SELL,0,1,0.619,BUY,1,10,"SMA_20,ATR_14,Volume_MA,ADX,Rolling_Volatility,SMA_50,BB_Upper,EMA_26,MACD,SMA_10",SMA_20
RELIANCE,2022-05-11,2022,1,Sideways,0,0.5818,SELL,0,1,0.7753,BUY,1,10,"SMA_20,ATR_14,Volume_MA,ADX,Rolling_Volatility,SMA_50,BB_Upper,EMA_26,MACD,SMA_10",SMA_20
RELIANCE,2022-05-12,2022,1,Sideways,1,0.6888,BUY,1,1,0.6316,BUY,1,10,"SMA_20,ATR_14,Volume_MA,ADX,Rolling_Volatility,SMA_50,BB_Upper,EMA_26,MACD,SMA_10",SMA_20
RELIANCE,2022-05-13,2022,1,Sideways,1,0.7803,BUY,1,1,0.8553,BUY,1,10,"SMA_20,ATR_14,Volume_MA,ADX,Rolling_Volatility,SMA_50,BB_Upper,EMA_26,MACD,SMA_10",SMA_20
RELIANCE,2022-05-16,2022,1,Sideways,1,0.8607,BUY,1,1,0.8279,BUY,1,10,"SMA_20,ATR_14,Volume_MA,ADX,Rolling_Volatility,SMA_50,BB_Upper,EMA_26,MACD,SMA_10",SMA_20
RELIANCE,2022-05-17,2022,1,Sideways,1,0.9575,BUY,1,1,0.8727,BUY,1,10,"SMA_20,ATR_14,Volume_MA,ADX,Rolling_Volatility,SMA_50,BB_Upper,EMA_26,MACD,SMA_10",SMA_20
RELIANCE,2022-05-18,2022,1,Sideways,1,0.9403,BUY,1,1,0.7256,BUY,1,10,"SMA_20,Volume_MA,ATR_14,Rolling_Volatility,SMA_50,ADX,EMA_26,EMA_12,BB_Upper,OBV",SMA_20
RELIANCE,2022-05-19,2022,1,Sideways,1,0.9628,BUY,1,1,0.8584,BUY,1,10,"SMA_20,Volume_MA,ATR_14,Rolling_Volatility,SMA_50,ADX,EMA_26,EMA_12,BB_Upper,OBV",SMA_20
RELIANCE,2022-05-20,2022,0,Sideways,1,0.9118,BUY,0,1,0.7322,BUY,0,10,"SMA_20,Volume_MA,ATR_14,Rolling_Volatility,SMA_50,ADX,EMA_26,EMA_12,BB_Upper,OBV",SMA_20
RELIANCE,2022-05-23,2022,0,Sideways,1,0.9403,BUY,0,1,0.6282,BUY,0,10,"SMA_20,Volume_MA,ATR_14,Rolling_Volatility,SMA_50,ADX,EMA_26,EMA_12,BB_Upper,OBV",SMA_20
RELIANCE,2022-05-24,2022,0,Sideways,1,0.8187,BUY,0,1,0.5704,BUY,0,10,"SMA_20,Volume_MA,ATR_14,Rolling_Volatility,SMA_50,ADX,EMA_26,EMA_12,BB_Upper,OBV",SMA_20
RELIANCE,2022-05-25,2022,0,Sideways,1,0.7386,BUY,0,0,0.6266,SELL,1,10,"SMA_20,Volume_MA,ATR_14,Rolling_Volatility,SMA_50,ADX,EMA_26,EMA_12,BB_Upper,OBV",SMA_20
RELIANCE,2022-05-26,2022,0,Sideways,1,0.721,BUY,0,0,0.7338,SELL,1,10,"SMA_20,Volume_MA,ATR_14,Rolling_Volatility,SMA_50,ADX,EMA_26,EMA_12,BB_Upper,OBV",SMA_20
RELIANCE,2022-05-27,2022,0,Sideways,1,0.7344,BUY,0,0,0.6445,SELL,1,10,"SMA_20,Volume_MA,ATR_14,Rolling_Volatility,SMA_50,ADX,EMA_26,EMA_12,BB_Upper,OBV",SMA_20
RELIANCE,2022-05-30,2022,0,Sideways,1,0.6354,BUY,0,0,0.7453,SELL,1,10,"SMA_20,Volume_MA,ATR_14,Rolling_Volatility,SMA_50,ADX,EMA_26,EMA_12,BB_Upper,OBV",SMA_20
RELIANCE,2022-05-31,2022,0,Sideways,0,0.8036,SELL,1,0,0.5646,SELL,1,10,"SMA_20,Volume_MA,ATR_14,Rolling_Volatility,SMA_50,ADX,EMA_26,EMA_12,BB_Upper,OBV",SMA_20
RELIANCE,2022-06-01,2022,0,Sideways,1,0.5969,BUY,0,0,0.8158,SELL,1,10,"SMA_20,Volume_MA,ATR_14,Rolling_Volatility,SMA_50,ADX,EMA_26,EMA_12,BB_Upper,OBV",SMA_20
RELIANCE,2022-06-02,2022,0,Sideways,1,0.5202,NO TRADE,0,0,0.8615,SELL,1,10,"SMA_20,Volume_MA,ATR_14,Rolling_Volatility,SMA_50,ADX,EMA_26,EMA_12,BB_Upper,OBV",SMA_20
RELIANCE,2022-06-03,2022,0,Sideways,1,0.5257,NO TRADE,0,0,0.8672,SELL,1,10,"SMA_20,Volume_MA,ATR_14,Rolling_Volatility,SMA_50,ADX,EMA_26,EMA_12,BB_Upper,OBV",SMA_20
RELIANCE,2022-06-06,2022,0,Sideways,0,0.5801,SELL,1,0,0.85,SELL,1,10,"SMA_20,Volume_MA,ATR_14,Rolling_Volatility,SMA_50,ADX,EMA_26,EMA_12,BB_Upper,OBV",SMA_20
RELIANCE,2022-06-07,2022,0,Sideways,0,0.6637,SELL,1,0,0.7646,SELL,1,10,"SMA_20,Volume_MA,ATR_14,Rolling_Volatility,SMA_50,ADX,EMA_26,EMA_12,BB_Upper,OBV",SMA_20
RELIANCE,2022-06-08,2022,0,Sideways,0,0.751,SELL,1,0,0.7708,SELL,1,10,"SMA_20,Volume_MA,ATR_14,Rolling_Volatility,SMA_50,ADX,EMA_26,EMA_12,BB_Upper,OBV",SMA_20
RELIANCE,2022-06-09,2022,0,Sideways,0,0.6847,SELL,1,0,0.7771,SELL,1,10,"SMA_20,Volume_MA,ATR_14,Rolling_Volatility,SMA_50,ADX,EMA_26,EMA_12,BB_Upper,OBV",SMA_20
RELIANCE,2022-06-10,2022,0,Sideways,0,0.8248,SELL,1,0,0.8271,SELL,1,10,"SMA_20,Volume_MA,ATR_14,Rolling_Volatility,SMA_50,ADX,EMA_26,EMA_12,BB_Upper,OBV",SMA_20
RELIANCE,2022-06-13,2022,0,Sideways,0,0.8544,SELL,1,0,0.8575,SELL,1,10,"SMA_20,Volume_MA,ATR_14,Rolling_Volatility,SMA_50,ADX,EMA_26,EMA_12,BB_Upper,OBV",SMA_20
RELIANCE,2022-06-14,2022,0,Sideways,0,0.8322,SELL,1,0,0.8628,SELL,1,10,"SMA_20,Volume_MA,ATR_14,Rolling_Volatility,SMA_50,ADX,EMA_26,EMA_12,BB_Upper,OBV",SMA_20
RELIANCE,2022-06-15,2022,0,Sideways,0,0.7591,SELL,1,0,0.8499,SELL,1,10,"SMA_20,Volume_MA,ATR_14,Rolling_Volatility,SMA_50,ADX,EMA_26,EMA_12,BB_Upper,OBV",SMA_20
RELIANCE,2022-06-16,2022,0,Sideways,0,0.7231,SELL,1,0,0.8635,SELL,1,10,"SMA_20,Volume_MA,ATR_14,Rolling_Volatility,SMA_50,ADX,EMA_26,EMA_12,BB_Upper,OBV",SMA_20
RELIANCE,2022-06-17,2022,0,Sideways,0,0.8888,SELL,1,0,0.8802,SELL,1,10,"SMA_20,Volume_MA,ATR_14,Rolling_Volatility,SMA_50,ADX,EMA_26,EMA_12,BB_Upper,OBV",SMA_20
RELIANCE,2022-06-20,2022,0,Sideways,0,0.7989,SELL,1,0,0.8811,SELL,1,10,"SMA_20,Volume_MA,ATR_14,Rolling_Volatility,SMA_50,ADX,EMA_26,EMA_12,BB_Upper,OBV",SMA_20
RELIANCE,2022-06-21,2022,0,Sideways,0,0.8257,SELL,1,0,0.8789,SELL,1,10,"SMA_20,Volume_MA,ATR_14,Rolling_Volatility,SMA_50,ADX,EMA_26,EMA_12,BB_Upper,OBV",SMA_20
RELIANCE,2022-06-22,2022,0,Sideways,0,0.8175,SELL,1,0,0.7637,SELL,1,10,"SMA_20,Volume_MA,ATR_14,Rolling_Volatility,SMA_50,ADX,EMA_26,EMA_12,BB_Upper,OBV",SMA_20
RELIANCE,2022-06-23,2022,1,Sideways,0,0.7104,SELL,0,0,0.7812,SELL,0,10,"SMA_20,Volume_MA,ATR_14,Rolling_Volatility,SMA_50,ADX,EMA_26,EMA_12,BB_Upper,OBV",SMA_20
RELIANCE,2022-06-24,2022,1,Sideways,0,0.6076,SELL,0,0,0.6451,SELL,0,10,"SMA_20,Volume_MA,ATR_14,Rolling_Volatility,SMA_50,ADX,EMA_26,EMA_12,BB_Upper,OBV",SMA_20
RELIANCE,2022-06-27,2022,0,Sideways,0,0.517,NO TRADE,1,0,0.5309,NO TRADE,1,10,"SMA_20,Volume_MA,ATR_14,Rolling_Volatility,SMA_50,ADX,EMA_26,EMA_12,BB_Upper,OBV",SMA_20
RELIANCE,2022-06-28,2022,0,Sideways,0,0.5185,NO TRADE,1,0,0.6142,SELL,1,10,"SMA_20,Volume_MA,ATR_14,Rolling_Volatility,SMA_50,ADX,EMA_26,EMA_12,BB_Upper,OBV",SMA_20
RELIANCE,2022-06-29,2022,0,Sideways,0,0.6165,SELL,1,0,0.5919,SELL,1,10,"SMA_20,Rolling_Mean_Return,BB_Upper,ROC,SMA_50,MACD_Signal,ATR_14,CCI,EMA_26,RSI_14",SMA_20
RELIANCE,2022-06-30,2022,0,Sideways,0,0.5063,NO TRADE,1,0,0.6686,SELL,1,10,"SMA_20,Rolling_Mean_Return,BB_Upper,ROC,SMA_50,MACD_Signal,ATR_14,CCI,EMA_26,RSI_14",SMA_20
RELIANCE,2022-07-01,2022,1,Sideways,0,0.6962,SELL,0,0,0.5742,SELL,0,10,"SMA_20,Rolling_Mean_Return,BB_Upper,ROC,SMA_50,MACD_Signal,ATR_14,CCI,EMA_26,RSI_14",SMA_20
RELIANCE,2022-07-04,2022,1,Sideways,1,0.728,BUY,1,1,0.5725,BUY,1,10,"SMA_20,Rolling_Mean_Return,BB_Upper,ROC,SMA_50,MACD_Signal,ATR_14,CCI,EMA_26,RSI_14",SMA_20
RELIANCE,2022-07-05,2022,1,Sideways,1,0.8629,BUY,1,1,0.6762,BUY,1,10,"SMA_20,Rolling_Mean_Return,BB_Upper,ROC,SMA_50,MACD_Signal,ATR_14,CCI,EMA_26,RSI_14",SMA_20
RELIANCE,2022-07-06,2022,1,Sideways,1,0.8767,BUY,1,1,0.7606,BUY,1,10,"SMA_20,Rolling_Mean_Return,BB_Upper,ROC,SMA_50,MACD_Signal,ATR_14,CCI,EMA_26,RSI_14",SMA_20
RELIANCE,2022-07-07,2022,1,Sideways,1,0.8739,BUY,1,1,0.6705,BUY,1,10,"SMA_20,Rolling_Mean_Return,BB_Upper,ROC,SMA_50,MACD_Signal,ATR_14,CCI,EMA_26,RSI_14",SMA_20
RELIANCE,2022-07-08,2022,1,Sideways,1,0.8159,BUY,1,1,0.7108,BUY,1,10,"SMA_20,Rolling_Mean_Return,BB_Upper,ROC,SMA_50,MACD_Signal,ATR_14,CCI,EMA_26,RSI_14",SMA_20
RELIANCE,2022-07-11,2022,1,Sideways,1,0.8295,BUY,1,1,0.7148,BUY,1,10,"SMA_20,Rolling_Mean_Return,BB_Upper,ROC,SMA_50,MACD_Signal,ATR_14,CCI,EMA_26,RSI_14",SMA_20
RELIANCE,2022-07-12,2022,1,Sideways,1,0.8464,BUY,1,1,0.7439,BUY,1,10,"SMA_20,Rolling_Mean_Return,BB_Upper,ROC,SMA_50,MACD_Signal,ATR_14,CCI,EMA_26,RSI_14",SMA_20
RELIANCE,2022-07-13,2022,1,Sideways,1,0.95,BUY,1,1,0.7622,BUY,1,10,"SMA_20,Rolling_Mean_Return,BB_Upper,ROC,SMA_50,MACD_Signal,ATR_14,CCI,EMA_26,RSI_14",SMA_20
RELIANCE,2022-07-14,2022,1,Sideways,1,0.9552,BUY,1,1,0.7711,BUY,1,10,"SMA_20,Rolling_Mean_Return,BB_Upper,ROC,SMA_50,MACD_Signal,ATR_14,CCI,EMA_26,RSI_14",SMA_20
RELIANCE,2022-07-15,2022,1,Sideways,1,0.8793,BUY,1,1,0.751,BUY,1,10,"SMA_20,Rolling_Mean_Return,BB_Upper,ROC,SMA_50,MACD_Signal,ATR_14,CCI,EMA_26,RSI_14",SMA_20
RELIANCE,2022-07-18,2022,1,Sideways,1,0.8048,BUY,1,1,0.7462,BUY,1,10,"SMA_20,Rolling_Mean_Return,BB_Upper,ROC,SMA_50,MACD_Signal,ATR_14,CCI,EMA_26,RSI_14",SMA_20
RELIANCE,2022-07-19,2022,1,Sideways,1,0.7923,BUY,1,1,0.7178,BUY,1,10,"SMA_20,Rolling_Mean_Return,BB_Upper,ROC,SMA_50,MACD_Signal,ATR_14,CCI,EMA_26,RSI_14",SMA_20
RELIANCE,2022-07-20,2022,1,Sideways,1,0.7199,BUY,1,1,0.7121,BUY,1,10,"SMA_20,Rolling_Mean_Return,BB_Upper,ROC,SMA_50,MACD_Signal,ATR_14,CCI,EMA_26,RSI_14",SMA_20
RELIANCE,2022-07-21,2022,1,Sideways,1,0.8391,BUY,1,1,0.7421,BUY,1,10,"SMA_20,Rolling_Mean_Return,BB_Upper,ROC,SMA_50,MACD_Signal,ATR_14,CCI,EMA_26,RSI_14",SMA_20
RELIANCE,2022-07-22,2022,1,Sideways,1,0.8991,BUY,1,1,0.6998,BUY,1,10,"SMA_20,Rolling_Mean_Return,BB_Upper,ROC,SMA_50,MACD_Signal,ATR_14,CCI,EMA_26,RSI_14",SMA_20
RELIANCE,2022-07-25,2022,1,Sideways,1,0.847,BUY,1,1,0.7769,BUY,1,10,"SMA_20,Rolling_Mean_Return,BB_Upper,ROC,SMA_50,MACD_Signal,ATR_14,CCI,EMA_26,RSI_14",SMA_20
RELIANCE,2022-07-26,2022,1,Sideways,1,0.8486,BUY,1,1,0.7745,BUY,1,10,"SMA_20,Rolling_Mean_Return,BB_Upper,ROC,SMA_50,MACD_Signal,ATR_14,CCI,EMA_26,RSI_14",SMA_20
RELIANCE,2022-07-27,2022,1,Sideways,1,0.8495,BUY,1,1,0.735,BUY,1,10,"SMA_20,Rolling_Mean_Return,BB_Upper,ROC,SMA_50,MACD_Signal,ATR_14,CCI,EMA_26,RSI_14",SMA_20
RELIANCE,2022-07-28,2022,1,Sideways,1,0.8019,BUY,1,1,0.7949,BUY,1,10,"SMA_20,Rolling_Mean_Return,BB_Upper,ROC,SMA_50,MACD_Signal,ATR_14,CCI,EMA_26,RSI_14",SMA_20
RELIANCE,2022-07-29,2022,1,Sideways,1,0.7715,BUY,1,1,0.8176,BUY,1,10,"SMA_20,Rolling_Mean_Return,BB_Upper,ROC,SMA_50,MACD_Signal,ATR_14,CCI,EMA_26,RSI_14",SMA_20
RELIANCE,2022-08-01,2022,0,Sideways,1,0.8651,BUY,0,1,0.8793,BUY,0,10,"SMA_20,Rolling_Mean_Return,BB_Upper,ROC,SMA_50,MACD_Signal,ATR_14,CCI,EMA_26,RSI_14",SMA_20
RELIANCE,2022-08-02,2022,0,Sideways,1,0.766,BUY,0,1,0.7888,BUY,0,10,"SMA_20,Rolling_Mean_Return,BB_Upper,ROC,SMA_50,MACD_Signal,ATR_14,CCI,EMA_26,RSI_14",SMA_20
RELIANCE,2022-08-03,2022,0,Sideways,1,0.7516,BUY,0,1,0.7777,BUY,0,10,"SMA_20,Rolling_Mean_Return,BB_Upper,ROC,SMA_50,MACD_Signal,ATR_14,CCI,EMA_26,RSI_14",SMA_20
RELIANCE,2022-08-04,2022,1,Sideways,1,0.6792,BUY,1,1,0.7563,BUY,1,10,"SMA_20,Rolling_Mean_Return,BB_Upper,ROC,SMA_50,MACD_Signal,ATR_14,CCI,EMA_26,RSI_14",SMA_20
RELIANCE,2022-08-05,2022,1,Sideways,1,0.7846,BUY,1,1,0.7656,BUY,1,10,"SMA_20,Rolling_Mean_Return,BB_Upper,ROC,SMA_50,MACD_Signal,ATR_14,CCI,EMA_26,RSI_14",SMA_20
RELIANCE,2022-08-08,2022,1,Sideways,1,0.8432,BUY,1,1,0.8577,BUY,1,10,"SMA_20,Rolling_Mean_Return,BB_Upper,ROC,SMA_50,MACD_Signal,ATR_14,CCI,EMA_26,RSI_14",SMA_20
RELIANCE,2022-08-10,2022,0,Sideways,1,0.8506,BUY,0,1,0.8263,BUY,0,10,"SMA_20,Rolling_Mean_Return,BB_Upper,ROC,SMA_50,MACD_Signal,ATR_14,CCI,EMA_26,RSI_14",SMA_20
RELIANCE,2022-08-11,2022,1,Sideways,1,0.7613,BUY,1,1,0.719,BUY,1,10,"MACD_Hist,EMA_26,EMA_12,BB_Upper,RSI_14,OBV,SMA_20,Rolling_Volatility,Volume_MA,SMA_10",MACD_Hist
RELIANCE,2022-08-12,2022,0,Sideways,1,0.7316,BUY,0,1,0.7557,BUY,0,10,"MACD_Hist,EMA_26,EMA_12,BB_Upper,RSI_14,OBV,SMA_20,Rolling_Volatility,Volume_MA,SMA_10",MACD_Hist
RELIANCE,2022-08-16,2022,0,Sideways,1,0.7092,BUY,0,1,0.7153,BUY,0,10,"MACD_Hist,EMA_26,EMA_12,BB_Upper,RSI_14,OBV,SMA_20,Rolling_Volatility,Volume_MA,SMA_10",MACD_Hist
RELIANCE,2022-08-17,2022,0,Sideways,1,0.6561,BUY,0,1,0.6739,BUY,0,10,"MACD_Hist,EMA_26,EMA_12,BB_Upper,RSI_14,OBV,SMA_20,Rolling_Volatility,Volume_MA,SMA_10",MACD_Hist
RELIANCE,2022-08-18,2022,0,Sideways,1,0.6377,BUY,0,1,0.6237,BUY,0,10,"MACD_Hist,EMA_26,EMA_12,BB_Upper,RSI_14,OBV,SMA_20,Rolling_Volatility,Volume_MA,SMA_10",MACD_Hist
RELIANCE,2022-08-19,2022,0,Sideways,1,0.7569,BUY,0,0,0.5242,NO TRADE,1,10,"MACD_Hist,EMA_26,EMA_12,BB_Upper,RSI_14,OBV,SMA_20,Rolling_Volatility,Volume_MA,SMA_10",MACD_Hist
RELIANCE,2022-08-22,2022,0,Sideways,1,0.7635,BUY,0,0,0.5516,SELL,1,10,"MACD_Hist,EMA_26,EMA_12,BB_Upper,RSI_14,OBV,SMA_20,Rolling_Volatility,Volume_MA,SMA_10",MACD_Hist
RELIANCE,2022-08-23,2022,0,Sideways,1,0.6949,BUY,0,0,0.5853,SELL,1,10,"MACD_Hist,EMA_26,EMA_12,BB_Upper,RSI_14,OBV,SMA_20,Rolling_Volatility,Volume_MA,SMA_10",MACD_Hist
RELIANCE,2022-08-24,2022,0,Sideways,1,0.7087,BUY,0,0,0.5022,NO TRADE,1,10,"MACD_Hist,EMA_26,EMA_12,BB_Upper,RSI_14,OBV,SMA_20,Rolling_Volatility,Volume_MA,SMA_10",MACD_Hist
RELIANCE,2022-08-25,2022,0,Sideways,1,0.5895,BUY,0,0,0.5234,NO TRADE,1,10,"MACD_Hist,EMA_26,EMA_12,BB_Upper,RSI_14,OBV,SMA_20,Rolling_Volatility,Volume_MA,SMA_10",MACD_Hist
RELIANCE,2022-08-26,2022,0,Sideways,1,0.5941,BUY,0,0,0.5224,NO TRADE,1,10,"MACD_Hist,EMA_26,EMA_12,BB_Upper,RSI_14,OBV,SMA_20,Rolling_Volatility,Volume_MA,SMA_10",MACD_Hist
RELIANCE,2022-08-29,2022,0,Sideways,1,0.686,BUY,0,0,0.5086,NO TRADE,1,10,"MACD_Hist,EMA_26,EMA_12,BB_Upper,RSI_14,OBV,SMA_20,Rolling_Volatility,Volume_MA,SMA_10",MACD_Hist
RELIANCE,2022-08-30,2022,0,Sideways,1,0.6874,BUY,0,0,0.6414,SELL,1,10,"MACD_Hist,EMA_26,EMA_12,BB_Upper,RSI_14,OBV,SMA_20,Rolling_Volatility,Volume_MA,SMA_10",MACD_Hist
RELIANCE,2022-09-01,2022,0,Sideways,1,0.6813,BUY,0,0,0.6011,SELL,1,10,"MACD_Hist,EMA_26,EMA_12,BB_Upper,RSI_14,OBV,SMA_20,Rolling_Volatility,Volume_MA,SMA_10",MACD_Hist
RELIANCE,2022-09-02,2022,0,Sideways,1,0.5857,BUY,0,0,0.5883,SELL,1,10,"MACD_Hist,EMA_26,EMA_12,BB_Upper,RSI_14,OBV,SMA_20,Rolling_Volatility,Volume_MA,SMA_10",MACD_Hist
RELIANCE,2022-09-05,2022,0,Sideways,1,0.5684,BUY,0,0,0.5924,SELL,1,10,"MACD_Hist,EMA_26,EMA_12,BB_Upper,RSI_14,OBV,SMA_20,Rolling_Volatility,Volume_MA,SMA_10",MACD_Hist
RELIANCE,2022-09-06,2022,0,Sideways,1,0.5942,BUY,0,0,0.5935,SELL,1,10,"MACD_Hist,EMA_26,EMA_12,BB_Upper,RSI_14,OBV,SMA_20,Rolling_Volatility,Volume_MA,SMA_10",MACD_Hist
RELIANCE,2022-09-07,2022,0,Sideways,1,0.6236,BUY,0,0,0.5819,SELL,1,10,"MACD_Hist,EMA_26,EMA_12,BB_Upper,RSI_14,OBV,SMA_20,Rolling_Volatility,Volume_MA,SMA_10",MACD_Hist
RELIANCE,2022-09-08,2022,0,Sideways,1,0.6334,BUY,0,0,0.5779,SELL,1,10,"MACD_Hist,EMA_26,EMA_12,BB_Upper,RSI_14,OBV,SMA_20,Rolling_Volatility,Volume_MA,SMA_10",MACD_Hist
RELIANCE,2022-09-09,2022,0,Sideways,1,0.6227,BUY,0,0,0.5656,SELL,1,10,"MACD_Hist,EMA_26,EMA_12,BB_Upper,RSI_14,OBV,SMA_20,Rolling_Volatility,Volume_MA,SMA_10",MACD_Hist
RELIANCE,2022-09-12,2022,0,Sideways,1,0.6117,BUY,0,0,0.5788,SELL,1,10,"MACD_Hist,EMA_26,EMA_12,BB_Upper,RSI_14,OBV,SMA_20,Rolling_Volatility,Volume_MA,SMA_10",MACD_Hist
RELIANCE,2022-09-13,2022,0,Sideways,1,0.6153,BUY,0,0,0.5915,SELL,1,10,"MACD_Hist,EMA_26,EMA_12,BB_Upper,RSI_14,OBV,SMA_20,Rolling_Volatility,Volume_MA,SMA_10",MACD_Hist
RELIANCE,2022-09-14,2022,0,Sideways,1,0.61,BUY,0,1,0.5271,NO TRADE,0,10,"MACD_Hist,EMA_26,EMA_12,BB_Upper,RSI_14,OBV,SMA_20,Rolling_Volatility,Volume_MA,SMA_10",MACD_Hist
RELIANCE,2022-09-15,2022,0,Sideways,1,0.5799,BUY,0,0,0.54,NO TRADE,1,10,"MACD_Hist,EMA_26,EMA_12,BB_Upper,RSI_14,OBV,SMA_20,Rolling_Volatility,Volume_MA,SMA_10",MACD_Hist
RELIANCE,2022-09-16,2022,0,Sideways,1,0.6555,BUY,0,1,0.5824,BUY,0,10,"MACD_Hist,EMA_26,EMA_12,BB_Upper,RSI_14,OBV,SMA_20,Rolling_Volatility,Volume_MA,SMA_10",MACD_Hist
RELIANCE,2022-09-19,2022,0,Sideways,1,0.5269,NO TRADE,0,0,0.5253,NO TRADE,1,10,"MACD_Hist,EMA_26,EMA_12,BB_Upper,RSI_14,OBV,SMA_20,Rolling_Volatility,Volume_MA,SMA_10",MACD_Hist
RELIANCE,2022-09-20,2022,0,Sideways,1,0.5278,NO TRADE,0,0,0.5465,NO TRADE,1,10,"MACD_Hist,EMA_26,EMA_12,BB_Upper,RSI_14,OBV,SMA_20,Rolling_Volatility,Volume_MA,SMA_10",MACD_Hist
RELIANCE,2022-09-21,2022,0,Sideways,1,0.5431,NO TRADE,0,0,0.5899,SELL,1,10,"MACD_Hist,EMA_26,EMA_12,BB_Upper,RSI_14,OBV,SMA_20,Rolling_Volatility,Volume_MA,SMA_10",MACD_Hist
RELIANCE,2022-09-22,2022,0,Sideways,1,0.5532,BUY,0,0,0.5994,SELL,1,10,"MACD_Hist,EMA_26,EMA_12,BB_Upper,RSI_14,OBV,SMA_20,Rolling_Volatility,Volume_MA,SMA_10",MACD_Hist
RELIANCE,2022-09-23,2022,1,Sideways,1,0.547,NO TRADE,1,1,0.5058,NO TRADE,1,10,"MACD_Hist,EMA_26,EMA_12,BB_Upper,RSI_14,OBV,SMA_20,Rolling_Volatility,Volume_MA,SMA_10",MACD_Hist
RELIANCE,2022-09-26,2022,1,Sideways,1,0.647,BUY,1,1,0.5612,BUY,1,10,"EMA_12,Rolling_Median_Return,Rolling_Volatility,EMA_26,ROC,OBV,RSI_14,Volume_MA,Return_5d,SMA_10",EMA_12
RELIANCE,2022-09-27,2022,1,Sideways,1,0.74,BUY,1,1,0.6269,BUY,1,10,"EMA_12,Rolling_Median_Return,Rolling_Volatility,EMA_26,ROC,OBV,RSI_14,Volume_MA,Return_5d,SMA_10",EMA_12
RELIANCE,2022-09-28,2022,1,Sideways,1,0.7453,BUY,1,1,0.626,BUY,1,10,"EMA_12,Rolling_Median_Return,Rolling_Volatility,EMA_26,ROC,OBV,RSI_14,Volume_MA,Return_5d,SMA_10",EMA_12
RELIANCE,2022-09-29,2022,1,Sideways,1,0.7448,BUY,1,1,0.665,BUY,1,10,"EMA_12,Rolling_Median_Return,Rolling_Volatility,EMA_26,ROC,OBV,RSI_14,Volume_MA,Return_5d,SMA_10",EMA_12
RELIANCE,2022-09-30,2022,1,Sideways,1,0.743,BUY,1,1,0.6287,BUY,1,10,"EMA_12,Rolling_Median_Return,Rolling_Volatility,EMA_26,ROC,OBV,RSI_14,Volume_MA,Return_5d,SMA_10",EMA_12
RELIANCE,2022-10-03,2022,1,Sideways,1,0.745,BUY,1,1,0.6672,BUY,1,10,"EMA_12,Rolling_Median_Return,Rolling_Volatility,EMA_26,ROC,OBV,RSI_14,Volume_MA,Return_5d,SMA_10",EMA_12
RELIANCE,2022-10-04,2022,1,Sideways,1,0.7452,BUY,1,1,0.5586,BUY,1,10,"EMA_12,Rolling_Median_Return,Rolling_Volatility,EMA_26,ROC,OBV,RSI_14,Volume_MA,Return_5d,SMA_10",EMA_12
RELIANCE,2022-10-06,2022,1,Sideways,1,0.7462,BUY,1,1,0.6629,BUY,1,10,"EMA_12,Rolling_Median_Return,Rolling_Volatility,EMA_26,ROC,OBV,RSI_14,Volume_MA,Return_5d,SMA_10",EMA_12
RELIANCE,2022-10-07,2022,1,Sideways,1,0.7323,BUY,1,1,0.5774,BUY,1,10,"EMA_12,Rolling_Median_Return,Rolling_Volatility,EMA_26,ROC,OBV,RSI_14,Volume_MA,Return_5d,SMA_10",EMA_12
RELIANCE,2022-10-10,2022,1,Sideways,1,0.7352,BUY,1,1,0.6127,BUY,1,10,"EMA_12,Rolling_Median_Return,Rolling_Volatility,EMA_26,ROC,OBV,RSI_14,Volume_MA,Return_5d,SMA_10",EMA_12
RELIANCE,2022-10-11,2022,1,Sideways,1,0.7398,BUY,1,1,0.6591,BUY,1,10,"EMA_12,Rolling_Median_Return,Rolling_Volatility,EMA_26,ROC,OBV,RSI_14,Volume_MA,Return_5d,SMA_10",EMA_12
RELIANCE,2022-10-12,2022,1,Sideways,1,0.7308,BUY,1,1,0.6683,BUY,1,10,"EMA_12,Rolling_Median_Return,Rolling_Volatility,EMA_26,ROC,OBV,RSI_14,Volume_MA,Return_5d,SMA_10",EMA_12
RELIANCE,2022-10-13,2022,1,Sideways,1,0.723,BUY,1,1,0.6272,BUY,1,10,"EMA_12,Rolling_Median_Return,Rolling_Volatility,EMA_26,ROC,OBV,RSI_14,Volume_MA,Return_5d,SMA_10",EMA_12
RELIANCE,2022-10-14,2022,1,Sideways,1,0.6795,BUY,1,1,0.6568,BUY,1,10,"EMA_12,Rolling_Median_Return,Rolling_Volatility,EMA_26,ROC,OBV,RSI_14,Volume_MA,Return_5d,SMA_10",EMA_12
RELIANCE,2022-10-17,2022,1,Sideways,1,0.7536,BUY,1,1,0.6554,BUY,1,10,"EMA_12,Rolling_Median_Return,Rolling_Volatility,EMA_26,ROC,OBV,RSI_14,Volume_MA,Return_5d,SMA_10",EMA_12
RELIANCE,2022-10-18,2022,1,Sideways,1,0.7113,BUY,1,1,0.6658,BUY,1,10,"EMA_12,Rolling_Median_Return,Rolling_Volatility,EMA_26,ROC,OBV,RSI_14,Volume_MA,Return_5d,SMA_10",EMA_12
RELIANCE,2022-10-19,2022,1,Sideways,1,0.7224,BUY,1,1,0.6799,BUY,1,10,"EMA_12,Rolling_Median_Return,Rolling_Volatility,EMA_26,ROC,OBV,RSI_14,Volume_MA,Return_5d,SMA_10",EMA_12
RELIANCE,2022-10-20,2022,1,Sideways,1,0.6936,BUY,1,1,0.691,BUY,1,10,"EMA_12,Rolling_Median_Return,Rolling_Volatility,EMA_26,ROC,OBV,RSI_14,Volume_MA,Return_5d,SMA_10",EMA_12
RELIANCE,2022-10-21,2022,1,Sideways,1,0.7659,BUY,1,1,0.6985,BUY,1,10,"EMA_12,Rolling_Median_Return,Rolling_Volatility,EMA_26,ROC,OBV,RSI_14,Volume_MA,Return_5d,SMA_10",EMA_12
RELIANCE,2022-10-24,2022,1,Sideways,1,0.7615,BUY,1,1,0.6984,BUY,1,10,"EMA_12,Rolling_Median_Return,Rolling_Volatility,EMA_26,ROC,OBV,RSI_14,Volume_MA,Return_5d,SMA_10",EMA_12
RELIANCE,2022-10-25,2022,1,Sideways,1,0.785,BUY,1,1,0.7025,BUY,1,10,"EMA_12,Rolling_Median_Return,Rolling_Volatility,EMA_26,ROC,OBV,RSI_14,Volume_MA,Return_5d,SMA_10",EMA_12
RELIANCE,2022-10-27,2022,1,Sideways,1,0.7639,BUY,1,1,0.707,BUY,1,10,"EMA_12,Rolling_Median_Return,Rolling_Volatility,EMA_26,ROC,OBV,RSI_14,Volume_MA,Return_5d,SMA_10",EMA_12
RELIANCE,2022-10-28,2022,1,Sideways,1,0.8547,BUY,1,1,0.7127,BUY,1,10,"EMA_12,Rolling_Median_Return,Rolling_Volatility,EMA_26,ROC,OBV,RSI_14,Volume_MA,Return_5d,SMA_10",EMA_12
RELIANCE,2022-10-31,2022,1,Sideways,1,0.763,BUY,1,1,0.7324,BUY,1,10,"EMA_12,Rolling_Median_Return,Rolling_Volatility,EMA_26,ROC,OBV,RSI_14,Volume_MA,Return_5d,SMA_10",EMA_12
RELIANCE,2022-11-01,2022,1,Sideways,1,0.8292,BUY,1,1,0.7217,BUY,1,10,"EMA_12,Rolling_Median_Return,Rolling_Volatility,EMA_26,ROC,OBV,RSI_14,Volume_MA,Return_5d,SMA_10",EMA_12
RELIANCE,2022-11-02,2022,1,Sideways,1,0.8318,BUY,1,1,0.7248,BUY,1,10,"EMA_12,Rolling_Median_Return,Rolling_Volatility,EMA_26,ROC,OBV,RSI_14,Volume_MA,Return_5d,SMA_10",EMA_12
RELIANCE,2022-11-03,2022,1,Sideways,1,0.8314,BUY,1,1,0.7309,BUY,1,10,"EMA_12,Rolling_Median_Return,Rolling_Volatility,EMA_26,ROC,OBV,RSI_14,Volume_MA,Return_5d,SMA_10",EMA_12
RELIANCE,2022-11-04,2022,1,Sideways,1,0.828,BUY,1,1,0.7386,BUY,1,10,"EMA_12,Rolling_Median_Return,Rolling_Volatility,EMA_26,ROC,OBV,RSI_14,Volume_MA,Return_5d,SMA_10",EMA_12
RELIANCE,2022-11-07,2022,1,Sideways,1,0.8286,BUY,1,1,0.747,BUY,1,10,"EMA_12,Rolling_Median_Return,Rolling_Volatility,EMA_26,ROC,OBV,RSI_14,Volume_MA,Return_5d,SMA_10",EMA_12
RELIANCE,2022-11-09,2022,1,Sideways,1,0.8233,BUY,1,1,0.7498,BUY,1,10,"EMA_12,Rolling_Median_Return,Rolling_Volatility,EMA_26,ROC,OBV,RSI_14,Volume_MA,Return_5d,SMA_10",EMA_12
RELIANCE,2022-11-10,2022,1,Sideways,1,0.801,BUY,1,1,0.8225,BUY,1,10,"EMA_12,EMA_26,OBV,BB_Upper,ROC,SMA_50,ATR_14,MACD_Signal,RSI_14,Return_5d",EMA_12
RELIANCE,2022-11-11,2022,0,Sideways,1,0.8105,BUY,0,1,0.8661,BUY,0,10,"EMA_12,EMA_26,OBV,BB_Upper,ROC,SMA_50,ATR_14,MACD_Signal,RSI_14,Return_5d",EMA_12
RELIANCE,2022-11-14,2022,0,Sideways,1,0.663,BUY,0,1,0.8473,BUY,0,10,"EMA_12,EMA_26,OBV,BB_Upper,ROC,SMA_50,ATR_14,MACD_Signal,RSI_14,Return_5d",EMA_12
RELIANCE,2022-11-15,2022,1,Sideways,1,0.731,BUY,1,1,0.6237,BUY,1,10,"EMA_12,EMA_26,OBV,BB_Upper,ROC,SMA_50,ATR_14,MACD_Signal,RSI_14,Return_5d",EMA_12
RELIANCE,2022-11-16,2022,1,Sideways,1,0.7415,BUY,1,1,0.8248,BUY,1,10,"EMA_12,EMA_26,OBV,BB_Upper,ROC,SMA_50,ATR_14,MACD_Signal,RSI_14,Return_5d",EMA_12
RELIANCE,2022-11-17,2022,0,Sideways,1,0.7594,BUY,0,1,0.8453,BUY,0,10,"EMA_12,EMA_26,OBV,BB_Upper,ROC,SMA_50,ATR_14,MACD_Signal,RSI_14,Return_5d",EMA_12
RELIANCE,2022-11-18,2022,0,Sideways,1,0.6025,BUY,0,1,0.5178,NO TRADE,0,10,"EMA_12,EMA_26,OBV,BB_Upper,ROC,SMA_50,ATR_14,MACD_Signal,RSI_14,Return_5d",EMA_12
RELIANCE,2022-11-21,2022,1,Sideways,1,0.5965,BUY,1,1,0.5326,NO TRADE,1,10,"EMA_12,EMA_26,OBV,BB_Upper,ROC,SMA_50,ATR_14,MACD_Signal,RSI_14,Return_5d",EMA_12
RELIANCE,2022-11-22,2022,1,Sideways,1,0.7448,BUY,1,1,0.7648,BUY,1,10,"EMA_12,EMA_26,OBV,BB_Upper,ROC,SMA_50,ATR_14,MACD_Signal,RSI_14,Return_5d",EMA_12
RELIANCE,2022-11-23,2022,1,Sideways,1,0.7606,BUY,1,1,0.817,BUY,1,10,"EMA_12,EMA_26,OBV,BB_Upper,ROC,SMA_50,ATR_14,MACD_Signal,RSI_14,Return_5d",EMA_12
RELIANCE,2022-11-24,2022,0,Sideways,1,0.7614,BUY,0,1,0.8097,BUY,0,10,"EMA_12,EMA_26,OBV,BB_Upper,ROC,SMA_50,ATR_14,MACD_Signal,RSI_14,Return_5d",EMA_12
RELIANCE,2022-11-25,2022,0,Sideways,1,0.5997,BUY,0,1,0.5212,NO TRADE,0,10,"EMA_12,EMA_26,OBV,BB_Upper,ROC,SMA_50,ATR_14,MACD_Signal,RSI_14,Return_5d",EMA_12
RELIANCE,2022-11-28,2022,0,Sideways,1,0.7581,BUY,0,1,0.5324,NO TRADE,0,10,"EMA_12,EMA_26,OBV,BB_Upper,ROC,SMA_50,ATR_14,MACD_Signal,RSI_14,Return_5d",EMA_12
RELIANCE,2022-11-29,2022,0,Sideways,1,0.5425,NO TRADE,0,0,0.5009,NO TRADE,1,10,"EMA_12,EMA_26,OBV,BB_Upper,ROC,SMA_50,ATR_14,MACD_Signal,RSI_14,Return_5d",EMA_12
RELIANCE,2022-11-30,2022,0,Sideways,0,0.5618,SELL,1,0,0.5994,SELL,1,10,"EMA_12,EMA_26,OBV,BB_Upper,ROC,SMA_50,ATR_14,MACD_Signal,RSI_14,Return_5d",EMA_12
RELIANCE,2022-12-01,2022,0,Sideways,0,0.5198,NO TRADE,1,0,0.6296,SELL,1,10,"EMA_12,EMA_26,OBV,BB_Upper,ROC,SMA_50,ATR_14,MACD_Signal,RSI_14,Return_5d",EMA_12
RELIANCE,2022-12-02,2022,0,Sideways,0,0.61,SELL,1,0,0.651,SELL,1,10,"EMA_12,EMA_26,OBV,BB_Upper,ROC,SMA_50,ATR_14,MACD_Signal,RSI_14,Return_5d",EMA_12
RELIANCE,2022-12-05,2022,0,Sideways,0,0.6127,SELL,1,0,0.6404,SELL,1,10,"EMA_12,EMA_26,OBV,BB_Upper,ROC,SMA_50,ATR_14,MACD_Signal,RSI_14,Return_5d",EMA_12
RELIANCE,2022-12-06,2022,0,Sideways,0,0.619,SELL,1,0,0.6538,SELL,1,10,"EMA_12,EMA_26,OBV,BB_Upper,ROC,SMA_50,ATR_14,MACD_Signal,RSI_14,Return_5d",EMA_12
RELIANCE,2022-12-07,2022,0,Sideways,0,0.6376,SELL,1,0,0.6362,SELL,1,10,"EMA_12,EMA_26,OBV,BB_Upper,ROC,SMA_50,ATR_14,MACD_Signal,RSI_14,Return_5d",EMA_12
RELIANCE,2022-12-08,2022,0,Sideways,0,0.6371,SELL,1,0,0.5838,SELL,1,10,"EMA_12,EMA_26,OBV,BB_Upper,ROC,SMA_50,ATR_14,MACD_Signal,RSI_14,Return_5d",EMA_12
RELIANCE,2022-12-09,2022,0,Sideways,0,0.6009,SELL,1,0,0.6089,SELL,1,10,"EMA_12,EMA_26,OBV,BB_Upper,ROC,SMA_50,ATR_14,MACD_Signal,RSI_14,Return_5d",EMA_12
RELIANCE,2022-12-12,2022,0,Sideways,0,0.5767,SELL,1,0,0.6129,SELL,1,10,"EMA_12,EMA_26,OBV,BB_Upper,ROC,SMA_50,ATR_14,MACD_Signal,RSI_14,Return_5d",EMA_12
RELIANCE,2022-12-13,2022,0,Sideways,0,0.5672,SELL,1,0,0.6312,SELL,1,10,"EMA_12,EMA_26,OBV,BB_Upper,ROC,SMA_50,ATR_14,MACD_Signal,RSI_14,Return_5d",EMA_12
RELIANCE,2022-12-14,2022,0,Sideways,0,0.5504,SELL,1,0,0.628,SELL,1,10,"EMA_12,EMA_26,OBV,BB_Upper,ROC,SMA_50,ATR_14,MACD_Signal,RSI_14,Return_5d",EMA_12
RELIANCE,2022-12-15,2022,0,Sideways,1,0.5243,NO TRADE,0,0,0.6059,SELL,1,10,"EMA_12,EMA_26,OBV,BB_Upper,ROC,SMA_50,ATR_14,MACD_Signal,RSI_14,Return_5d",EMA_12
RELIANCE,2022-12-16,2022,0,Sideways,0,0.6306,SELL,1,0,0.5713,SELL,1,10,"EMA_12,EMA_26,OBV,BB_Upper,ROC,SMA_50,ATR_14,MACD_Signal,RSI_14,Return_5d",EMA_12
RELIANCE,2022-12-19,2022,0,Sideways,0,0.6231,SELL,1,0,0.6163,SELL,1,10,"EMA_12,EMA_26,OBV,BB_Upper,ROC,SMA_50,ATR_14,MACD_Signal,RSI_14,Return_5d",EMA_12
RELIANCE,2022-12-20,2022,0,Sideways,0,0.6283,SELL,1,0,0.6341,SELL,1,10,"EMA_12,EMA_26,OBV,BB_Upper,ROC,SMA_50,ATR_14,MACD_Signal,RSI_14,Return_5d",EMA_12
RELIANCE,2022-12-21,2022,0,Sideways,0,0.6191,SELL,1,0,0.6155,SELL,1,10,"EMA_12,EMA_26,OBV,BB_Upper,ROC,SMA_50,ATR_14,MACD_Signal,RSI_14,Return_5d",EMA_12
RELIANCE,2022-12-22,2022,0,Sideways,0,0.6204,SELL,1,0,0.6257,SELL,1,10,"EMA_12,OBV,MACD_Signal,Return_5d,BB_Upper,Volume_MA,SMA_50,EMA_26,RSI_14,ATR_14",EMA_12
RELIANCE,2022-12-23,2022,0,Sideways,0,0.5452,NO TRADE,1,0,0.5136,NO TRADE,1,10,"EMA_12,OBV,MACD_Signal,Return_5d,BB_Upper,Volume_MA,SMA_50,EMA_26,RSI_14,ATR_14",EMA_12
RELIANCE,2022-12-26,2022,0,Sideways,0,0.608,SELL,1,0,0.5335,NO TRADE,1,10,"EMA_12,OBV,MACD_Signal,Return_5d,BB_Upper,Volume_MA,SMA_50,EMA_26,RSI_14,ATR_14",EMA_12
RELIANCE,2022-12-27,2022,0,Sideways,0,0.6046,SELL,1,0,0.6492,SELL,1,10,"EMA_12,OBV,MACD_Signal,Return_5d,BB_Upper,Volume_MA,SMA_50,EMA_26,RSI_14,ATR_14",EMA_12
RELIANCE,2022-12-28,2022,0,Sideways,0,0.6011,SELL,1,0,0.7286,SELL,1,10,"EMA_12,OBV,MACD_Signal,Return_5d,BB_Upper,Volume_MA,SMA_50,EMA_26,RSI_14,ATR_14",EMA_12
RELIANCE,2022-12-29,2022,0,Sideways,0,0.5974,SELL,1,0,0.7729,SELL,1,10,"EMA_12,OBV,MACD_Signal,Return_5d,BB_Upper,Volume_MA,SMA_50,EMA_26,RSI_14,ATR_14",EMA_12
RELIANCE,2022-12-30,2022,0,Sideways,0,0.5902,SELL,1,0,0.7832,SELL,1,10,"EMA_12,OBV,MACD_Signal,Return_5d,BB_Upper,Volume_MA,SMA_50,EMA_26,RSI_14,ATR_14",EMA_12
RELIANCE,2023-01-02,2023,0,Sideways,1,0.541,NO TRADE,0,0,0.7929,SELL,1,10,"EMA_12,OBV,MACD_Signal,Return_5d,BB_Upper,Volume_MA,SMA_50,EMA_26,RSI_14,ATR_14",EMA_12
RELIANCE,2023-01-03,2023,0,Sideways,0,0.5547,SELL,1,0,0.7943,SELL,1,10,"EMA_12,OBV,MACD_Signal,Return_5d,BB_Upper,Volume_MA,SMA_50,EMA_26,RSI_14,ATR_14",EMA_12
RELIANCE,2023-01-04,2023,0,Sideways,0,0.5053,NO TRADE,1,0,0.7894,SELL,1,10,"EMA_12,OBV,MACD_Signal,Return_5d,BB_Upper,Volume_MA,SMA_50,EMA_26,RSI_14,ATR_14",EMA_12
RELIANCE,2023-01-05,2023,0,Sideways,0,0.5604,SELL,1,0,0.7436,SELL,1,10,"EMA_12,OBV,MACD_Signal,Return_5d,BB_Upper,Volume_MA,SMA_50,EMA_26,RSI_14,ATR_14",EMA_12
RELIANCE,2023-01-06,2023,0,Sideways,0,0.56,SELL,1,0,0.8028,SELL,1,10,"EMA_12,OBV,MACD_Signal,Return_5d,BB_Upper,Volume_MA,SMA_50,EMA_26,RSI_14,ATR_14",EMA_12
RELIANCE,2023-01-09,2023,0,Sideways,1,0.5292,NO TRADE,0,0,0.8029,SELL,1,10,"EMA_12,OBV,MACD_Signal,Return_5d,BB_Upper,Volume_MA,SMA_50,EMA_26,RSI_14,ATR_14",EMA_12
RELIANCE,2023-01-10,2023,0,Sideways,1,0.5183,NO TRADE,0,0,0.8074,SELL,1,10,"EMA_12,OBV,MACD_Signal,Return_5d,BB_Upper,Volume_MA,SMA_50,EMA_26,RSI_14,ATR_14",EMA_12
RELIANCE,2023-01-11,2023,0,Sideways,0,0.5707,SELL,1,0,0.8065,SELL,1,10,"EMA_12,OBV,MACD_Signal,Return_5d,BB_Upper,Volume_MA,SMA_50,EMA_26,RSI_14,ATR_14",EMA_12
RELIANCE,2023-01-12,2023,0,Sideways,0,0.5774,SELL,1,0,0.7464,SELL,1,10,"EMA_12,OBV,MACD_Signal,Return_5d,BB_Upper,Volume_MA,SMA_50,EMA_26,RSI_14,ATR_14",EMA_12
RELIANCE,2023-01-13,2023,0,Sideways,0,0.6013,SELL,1,0,0.6998,SELL,1,10,"EMA_12,OBV,MACD_Signal,Return_5d,BB_Upper,Volume_MA,SMA_50,EMA_26,RSI_14,ATR_14",EMA_12
RELIANCE,2023-01-16,2023,0,Sideways,0,0.5014,NO TRADE,1,0,0.707,SELL,1,10,"EMA_12,OBV,MACD_Signal,Return_5d,BB_Upper,Volume_MA,SMA_50,EMA_26,RSI_14,ATR_14",EMA_12
RELIANCE,2023-01-17,2023,0,Sideways,1,0.5505,BUY,0,0,0.7982,SELL,1,10,"EMA_12,OBV,MACD_Signal,Return_5d,BB_Upper,Volume_MA,SMA_50,EMA_26,RSI_14,ATR_14",EMA_12
RELIANCE,2023-01-18,2023,0,Sideways,1,0.5531,BUY,0,0,0.794,SELL,1,10,"EMA_12,OBV,MACD_Signal,Return_5d,BB_Upper,Volume_MA,SMA_50,EMA_26,RSI_14,ATR_14",EMA_12
RELIANCE,2023-01-19,2023,0,Sideways,0,0.6216,SELL,1,0,0.7908,SELL,1,10,"EMA_12,OBV,MACD_Signal,Return_5d,BB_Upper,Volume_MA,SMA_50,EMA_26,RSI_14,ATR_14",EMA_12
RELIANCE,2023-01-20,2023,0,Sideways,0,0.5352,NO TRADE,1,0,0.7892,SELL,1,10,"EMA_12,OBV,MACD_Signal,Return_5d,BB_Upper,Volume_MA,SMA_50,EMA_26,RSI_14,ATR_14",EMA_12
RELIANCE,2023-01-23,2023,1,Sideways,0,0.5353,NO TRADE,0,0,0.8023,SELL,0,10,"EMA_12,OBV,MACD_Signal,Return_5d,BB_Upper,Volume_MA,SMA_50,EMA_26,RSI_14,ATR_14",EMA_12
RELIANCE,2023-01-24,2023,0,Sideways,1,0.6512,BUY,0,0,0.5035,NO TRADE,1,10,"EMA_12,OBV,MACD_Signal,Return_5d,BB_Upper,Volume_MA,SMA_50,EMA_26,RSI_14,ATR_14",EMA_12
RELIANCE,2023-01-25,2023,0,Sideways,1,0.6875,BUY,0,0,0.6708,SELL,1,10,"EMA_12,OBV,MACD_Signal,Return_5d,BB_Upper,Volume_MA,SMA_50,EMA_26,RSI_14,ATR_14",EMA_12
RELIANCE,2023-01-27,2023,1,Sideways,1,0.5843,BUY,1,0,0.7559,SELL,0,10,"EMA_12,OBV,MACD_Signal,Return_5d,BB_Upper,Volume_MA,SMA_50,EMA_26,RSI_14,ATR_14",EMA_12
RELIANCE,2023-01-30,2023,1,Sideways,1,0.6005,BUY,1,1,0.667,BUY,1,10,"EMA_12,OBV,MACD_Signal,Return_5d,BB_Upper,Volume_MA,SMA_50,EMA_26,RSI_14,ATR_14",EMA_12
RELIANCE,2023-01-31,2023,0,Sideways,1,0.7431,BUY,0,1,0.7217,BUY,0,10,"EMA_12,OBV,MACD_Signal,Return_5d,BB_Upper,Volume_MA,SMA_50,EMA_26,RSI_14,ATR_14",EMA_12
RELIANCE,2023-02-01,2023,1,Sideways,1,0.6605,BUY,1,1,0.7166,BUY,1,10,"EMA_12,OBV,MACD_Signal,Return_5d,BB_Upper,Volume_MA,SMA_50,EMA_26,RSI_14,ATR_14",EMA_12
RELIANCE,2023-02-02,2023,0,Sideways,1,0.8096,BUY,0,1,0.7485,BUY,0,10,"EMA_12,OBV,MACD_Signal,Return_5d,BB_Upper,Volume_MA,SMA_50,EMA_26,RSI_14,ATR_14",EMA_12
RELIANCE,2023-02-03,2023,1,Sideways,1,0.6651,BUY,1,1,0.6943,BUY,1,10,"EMA_12,EMA_26,MACD_Signal,SMA_20,ROC,BB_Upper,ATR_14,Volume_MA,Rolling_Volatility,MFI",EMA_12
RELIANCE,2023-02-06,2023,1,Sideways,1,0.8617,BUY,1,1,0.7022,BUY,1,10,"EMA_12,EMA_26,MACD_Signal,SMA_20,ROC,BB_Upper,ATR_14,Volume_MA,Rolling_Volatility,MFI",EMA_12
RELIANCE,2023-02-07,2023,1,Sideways,1,0.9075,BUY,1,1,0.8175,BUY,1,10,"EMA_12,EMA_26,MACD_Signal,SMA_20,ROC,BB_Upper,ATR_14,Volume_MA,Rolling_Volatility,MFI",EMA_12
RELIANCE,2023-02-08,2023,1,Sideways,1,0.908,BUY,1,1,0.8096,BUY,1,10,"EMA_12,EMA_26,MACD_Signal,SMA_20,ROC,BB_Upper,ATR_14,Volume_MA,Rolling_Volatility,MFI",EMA_12
RELIANCE,2023-02-09,2023,0,Sideways,1,0.9102,BUY,0,1,0.8141,BUY,0,10,"EMA_12,EMA_26,MACD_Signal,SMA_20,ROC,BB_Upper,ATR_14,Volume_MA,Rolling_Volatility,MFI",EMA_12
RELIANCE,2023-02-10,2023,0,Sideways,1,0.8922,BUY,0,1,0.65,BUY,0,10,"EMA_12,EMA_26,MACD_Signal,SMA_20,ROC,BB_Upper,ATR_14,Volume_MA,Rolling_Volatility,MFI",EMA_12
RELIANCE,2023-02-13,2023,0,Sideways,1,0.6127,BUY,0,1,0.5743,BUY,0,10,"EMA_12,EMA_26,MACD_Signal,SMA_20,ROC,BB_Upper,ATR_14,Volume_MA,Rolling_Volatility,MFI",EMA_12
RELIANCE,2023-02-14,2023,0,Sideways,1,0.6326,BUY,0,1,0.5257,NO TRADE,0,10,"EMA_12,EMA_26,MACD_Signal,SMA_20,ROC,BB_Upper,ATR_14,Volume_MA,Rolling_Volatility,MFI",EMA_12
RELIANCE,2023-02-15,2023,0,Sideways,1,0.5561,BUY,0,0,0.5211,NO TRADE,1,10,"EMA_12,EMA_26,MACD_Signal,SMA_20,ROC,BB_Upper,ATR_14,Volume_MA,Rolling_Volatility,MFI",EMA_12
RELIANCE,2023-02-16,2023,0,Sideways,0,0.5372,NO TRADE,1,0,0.5383,NO TRADE,1,10,"EMA_12,EMA_26,MACD_Signal,SMA_20,ROC,BB_Upper,ATR_14,Volume_MA,Rolling_Volatility,MFI",EMA_12
RELIANCE,2023-02-17,2023,0,Sideways,0,0.553,SELL,1,0,0.5516,SELL,1,10,"EMA_12,EMA_26,MACD_Signal,SMA_20,ROC,BB_Upper,ATR_14,Volume_MA,Rolling_Volatility,MFI",EMA_12
RELIANCE,2023-02-20,2023,0,Sideways,0,0.6877,SELL,1,0,0.5586,SELL,1,10,"EMA_12,EMA_26,MACD_Signal,SMA_20,ROC,BB_Upper,ATR_14,Volume_MA,Rolling_Volatility,MFI",EMA_12
RELIANCE,2023-02-21,2023,0,Sideways,0,0.7195,SELL,1,0,0.575,SELL,1,10,"EMA_12,EMA_26,MACD_Signal,SMA_20,ROC,BB_Upper,ATR_14,Volume_MA,Rolling_Volatility,MFI",EMA_12
RELIANCE,2023-02-22,2023,0,Sideways,0,0.6649,SELL,1,0,0.5755,SELL,1,10,"EMA_12,EMA_26,MACD_Signal,SMA_20,ROC,BB_Upper,ATR_14,Volume_MA,Rolling_Volatility,MFI",EMA_12
RELIANCE,2023-02-23,2023,0,Sideways,0,0.8354,SELL,1,0,0.5894,SELL,1,10,"EMA_12,EMA_26,MACD_Signal,SMA_20,ROC,BB_Upper,ATR_14,Volume_MA,Rolling_Volatility,MFI",EMA_12
RELIANCE,2023-02-24,2023,0,Sideways,0,0.7976,SELL,1,0,0.6126,SELL,1,10,"EMA_12,EMA_26,MACD_Signal,SMA_20,ROC,BB_Upper,ATR_14,Volume_MA,Rolling_Volatility,MFI",EMA_12
RELIANCE,2023-02-27,2023,0,Sideways,0,0.8712,SELL,1,0,0.6486,SELL,1,10,"EMA_12,EMA_26,MACD_Signal,SMA_20,ROC,BB_Upper,ATR_14,Volume_MA,Rolling_Volatility,MFI",EMA_12
RELIANCE,2023-02-28,2023,0,Sideways,0,0.8041,SELL,1,0,0.6363,SELL,1,10,"EMA_12,EMA_26,MACD_Signal,SMA_20,ROC,BB_Upper,ATR_14,Volume_MA,Rolling_Volatility,MFI",EMA_12
RELIANCE,2023-03-01,2023,0,Sideways,0,0.8742,SELL,1,0,0.6848,SELL,1,10,"EMA_12,EMA_26,MACD_Signal,SMA_20,ROC,BB_Upper,ATR_14,Volume_MA,Rolling_Volatility,MFI",EMA_12
RELIANCE,2023-03-02,2023,1,Sideways,0,0.8842,SELL,0,0,0.7135,SELL,0,10,"EMA_12,EMA_26,MACD_Signal,SMA_20,ROC,BB_Upper,ATR_14,Volume_MA,Rolling_Volatility,MFI",EMA_12
RELIANCE,2023-03-03,2023,0,Sideways,0,0.6687,SELL,1,0,0.6231,SELL,1,10,"EMA_12,EMA_26,MACD_Signal,SMA_20,ROC,BB_Upper,ATR_14,Volume_MA,Rolling_Volatility,MFI",EMA_12
RELIANCE,2023-03-06,2023,0,Sideways,0,0.8632,SELL,1,0,0.6496,SELL,1,10,"EMA_12,EMA_26,MACD_Signal,SMA_20,ROC,BB_Upper,ATR_14,Volume_MA,Rolling_Volatility,MFI",EMA_12
RELIANCE,2023-03-08,2023,0,Sideways,0,0.8308,SELL,1,0,0.6673,SELL,1,10,"EMA_12,EMA_26,MACD_Signal,SMA_20,ROC,BB_Upper,ATR_14,Volume_MA,Rolling_Volatility,MFI",EMA_12
RELIANCE,2023-03-09,2023,0,Sideways,0,0.8603,SELL,1,0,0.6556,SELL,1,10,"EMA_12,EMA_26,MACD_Signal,SMA_20,ROC,BB_Upper,ATR_14,Volume_MA,Rolling_Volatility,MFI",EMA_12
RELIANCE,2023-03-10,2023,1,Sideways,0,0.9342,SELL,0,0,0.6476,SELL,0,10,"EMA_12,EMA_26,MACD_Signal,SMA_20,ROC,BB_Upper,ATR_14,Volume_MA,Rolling_Volatility,MFI",EMA_12
RELIANCE,2023-03-13,2023,1,Sideways,0,0.8161,SELL,0,0,0.5114,NO TRADE,0,10,"EMA_12,EMA_26,MACD_Signal,SMA_20,ROC,BB_Upper,ATR_14,Volume_MA,Rolling_Volatility,MFI",EMA_12
RELIANCE,2023-03-14,2023,1,Sideways,0,0.6137,SELL,0,1,0.5343,NO TRADE,1,10,"EMA_12,EMA_26,MACD_Signal,SMA_20,ROC,BB_Upper,ATR_14,Volume_MA,Rolling_Volatility,MFI",EMA_12
RELIANCE,2023-03-15,2023,1,Sideways,1,0.512,NO TRADE,1,1,0.5755,BUY,1,10,"EMA_12,EMA_26,MACD_Signal,SMA_20,ROC,BB_Upper,ATR_14,Volume_MA,Rolling_Volatility,MFI",EMA_12
RELIANCE,2023-03-16,2023,1,Sideways,0,0.5119,NO TRADE,0,1,0.5723,BUY,1,10,"EMA_12,EMA_26,MACD_Signal,SMA_20,ROC,BB_Upper,ATR_14,Volume_MA,Rolling_Volatility,MFI",EMA_12
RELIANCE,2023-03-17,2023,1,Sideways,0,0.5076,NO TRADE,0,1,0.5952,BUY,1,10,"EMA_12,EMA_26,MACD_Signal,SMA_20,ROC,BB_Upper,ATR_14,Volume_MA,Rolling_Volatility,MFI",EMA_12
RELIANCE,2023-03-20,2023,1,Sideways,1,0.6329,BUY,1,1,0.6191,BUY,1,10,"EMA_12,ATR_14,BB_Upper,MACD_Signal,Rolling_Median_Return,EMA_26,Stochastic,Williams_R,SMA_10,Return_5d",EMA_12
RELIANCE,2023-03-21,2023,1,Sideways,1,0.7447,BUY,1,1,0.8102,BUY,1,10,"EMA_12,ATR_14,BB_Upper,MACD_Signal,Rolling_Median_Return,EMA_26,Stochastic,Williams_R,SMA_10,Return_5d",EMA_12
RELIANCE,2023-03-22,2023,1,Sideways,1,0.6643,BUY,1,1,0.7489,BUY,1,10,"EMA_12,ATR_14,BB_Upper,MACD_Signal,Rolling_Median_Return,EMA_26,Stochastic,Williams_R,SMA_10,Return_5d",EMA_12
RELIANCE,2023-03-23,2023,1,Sideways,1,0.6847,BUY,1,1,0.7817,BUY,1,10,"EMA_12,ATR_14,BB_Upper,MACD_Signal,Rolling_Median_Return,EMA_26,Stochastic,Williams_R,SMA_10,Return_5d",EMA_12
RELIANCE,2023-03-24,2023,1,Sideways,1,0.8535,BUY,1,1,0.844,BUY,1,10,"EMA_12,ATR_14,BB_Upper,MACD_Signal,Rolling_Median_Return,EMA_26,Stochastic,Williams_R,SMA_10,Return_5d",EMA_12
RELIANCE,2023-03-27,2023,1,Sideways,1,0.8416,BUY,1,1,0.8844,BUY,1,10,"EMA_12,ATR_14,BB_Upper,MACD_Signal,Rolling_Median_Return,EMA_26,Stochastic,Williams_R,SMA_10,Return_5d",EMA_12
RELIANCE,2023-03-28,2023,1,Sideways,1,0.83,BUY,1,1,0.8133,BUY,1,10,"EMA_12,ATR_14,BB_Upper,MACD_Signal,Rolling_Median_Return,EMA_26,Stochastic,Williams_R,SMA_10,Return_5d",EMA_12
RELIANCE,2023-03-29,2023,1,Sideways,1,0.812,BUY,1,1,0.8169,BUY,1,10,"EMA_12,ATR_14,BB_Upper,MACD_Signal,Rolling_Median_Return,EMA_26,Stochastic,Williams_R,SMA_10,Return_5d",EMA_12
RELIANCE,2023-03-31,2023,1,Sideways,1,0.7799,BUY,1,1,0.6964,BUY,1,10,"EMA_12,ATR_14,BB_Upper,MACD_Signal,Rolling_Median_Return,EMA_26,Stochastic,Williams_R,SMA_10,Return_5d",EMA_12
RELIANCE,2023-04-03,2023,1,Sideways,1,0.7968,BUY,1,1,0.7082,BUY,1,10,"EMA_12,ATR_14,BB_Upper,MACD_Signal,Rolling_Median_Return,EMA_26,Stochastic,Williams_R,SMA_10,Return_5d",EMA_12
RELIANCE,2023-04-05,2023,1,Sideways,1,0.9005,BUY,1,1,0.753,BUY,1,10,"EMA_12,ATR_14,BB_Upper,MACD_Signal,Rolling_Median_Return,EMA_26,Stochastic,Williams_R,SMA_10,Return_5d",EMA_12
RELIANCE,2023-04-06,2023,1,Sideways,1,0.9198,BUY,1,1,0.7683,BUY,1,10,"EMA_12,ATR_14,BB_Upper,MACD_Signal,Rolling_Median_Return,EMA_26,Stochastic,Williams_R,SMA_10,Return_5d",EMA_12
RELIANCE,2023-04-10,2023,1,Sideways,1,0.9227,BUY,1,1,0.814,BUY,1,10,"EMA_12,ATR_14,BB_Upper,MACD_Signal,Rolling_Median_Return,EMA_26,Stochastic,Williams_R,SMA_10,Return_5d",EMA_12
RELIANCE,2023-04-11,2023,1,Sideways,1,0.9363,BUY,1,1,0.7773,BUY,1,10,"EMA_12,ATR_14,BB_Upper,MACD_Signal,Rolling_Median_Return,EMA_26,Stochastic,Williams_R,SMA_10,Return_5d",EMA_12
RELIANCE,2023-04-12,2023,1,Sideways,1,0.9442,BUY,1,1,0.79,BUY,1,10,"EMA_12,ATR_14,BB_Upper,MACD_Signal,Rolling_Median_Return,EMA_26,Stochastic,Williams_R,SMA_10,Return_5d",EMA_12
RELIANCE,2023-04-13,2023,1,Sideways,1,0.9338,BUY,1,1,0.7791,BUY,1,10,"EMA_12,ATR_14,BB_Upper,MACD_Signal,Rolling_Median_Return,EMA_26,Stochastic,Williams_R,SMA_10,Return_5d",EMA_12
RELIANCE,2023-04-17,2023,1,Sideways,1,0.9643,BUY,1,1,0.8377,BUY,1,10,"EMA_12,ATR_14,BB_Upper,MACD_Signal,Rolling_Median_Return,EMA_26,Stochastic,Williams_R,SMA_10,Return_5d",EMA_12
RELIANCE,2023-04-18,2023,1,Sideways,1,0.9261,BUY,1,1,0.8471,BUY,1,10,"EMA_12,ATR_14,BB_Upper,MACD_Signal,Rolling_Median_Return,EMA_26,Stochastic,Williams_R,SMA_10,Return_5d",EMA_12
RELIANCE,2023-04-19,2023,1,Sideways,1,0.8919,BUY,1,1,0.842,BUY,1,10,"EMA_12,ATR_14,BB_Upper,MACD_Signal,Rolling_Median_Return,EMA_26,Stochastic,Williams_R,SMA_10,Return_5d",EMA_12
RELIANCE,2023-04-20,2023,1,Sideways,1,0.8817,BUY,1,1,0.8342,BUY,1,10,"EMA_12,ATR_14,BB_Upper,MACD_Signal,Rolling_Median_Return,EMA_26,Stochastic,Williams_R,SMA_10,Return_5d",EMA_12
RELIANCE,2023-04-21,2023,1,Sideways,1,0.876,BUY,1,1,0.8467,BUY,1,10,"EMA_12,ATR_14,BB_Upper,MACD_Signal,Rolling_Median_Return,EMA_26,Stochastic,Williams_R,SMA_10,Return_5d",EMA_12
RELIANCE,2023-04-24,2023,1,Sideways,1,0.7888,BUY,1,1,0.8682,BUY,1,10,"EMA_12,ATR_14,BB_Upper,MACD_Signal,Rolling_Median_Return,EMA_26,Stochastic,Williams_R,SMA_10,Return_5d",EMA_12
RELIANCE,2023-04-25,2023,1,Sideways,1,0.8767,BUY,1,1,0.8876,BUY,1,10,"EMA_12,ATR_14,BB_Upper,MACD_Signal,Rolling_Median_Return,EMA_26,Stochastic,Williams_R,SMA_10,Return_5d",EMA_12
RELIANCE,2023-04-26,2023,1,Sideways,1,0.8777,BUY,1,1,0.9046,BUY,1,10,"EMA_12,ATR_14,BB_Upper,MACD_Signal,Rolling_Median_Return,EMA_26,Stochastic,Williams_R,SMA_10,Return_5d",EMA_12
RELIANCE,2023-04-27,2023,1,Sideways,1,0.8795,BUY,1,1,0.9219,BUY,1,10,"EMA_12,ATR_14,BB_Upper,MACD_Signal,Rolling_Median_Return,EMA_26,Stochastic,Williams_R,SMA_10,Return_5d",EMA_12
RELIANCE,2023-04-28,2023,1,Sideways,1,0.897,BUY,1,1,0.9398,BUY,1,10,"EMA_12,ATR_14,BB_Upper,MACD_Signal,Rolling_Median_Return,EMA_26,Stochastic,Williams_R,SMA_10,Return_5d",EMA_12
RELIANCE,2023-05-02,2023,1,Sideways,1,0.8725,BUY,1,1,0.9426,BUY,1,10,"EMA_12,ATR_14,BB_Upper,MACD_Signal,Rolling_Median_Return,EMA_26,Stochastic,Williams_R,SMA_10,Return_5d",EMA_12
RELIANCE,2023-05-03,2023,1,Sideways,1,0.8824,BUY,1,1,0.9424,BUY,1,10,"EMA_12,ATR_14,BB_Upper,MACD_Signal,Rolling_Median_Return,EMA_26,Stochastic,Williams_R,SMA_10,Return_5d",EMA_12
RELIANCE,2023-05-04,2023,1,Sideways,1,0.9502,BUY,1,1,0.947,BUY,1,10,"EMA_12,ATR_14,BB_Upper,MACD_Signal,Rolling_Median_Return,EMA_26,Stochastic,Williams_R,SMA_10,Return_5d",EMA_12
RELIANCE,2023-05-05,2023,1,Sideways,1,0.9414,BUY,1,1,0.9479,BUY,1,10,"EMA_12,ATR_14,BB_Upper,MACD_Signal,Rolling_Median_Return,EMA_26,Stochastic,Williams_R,SMA_10,Return_5d",EMA_12
RELIANCE,2023-05-08,2023,1,Sideways,1,0.9554,BUY,1,0,0.5089,NO TRADE,0,10,"EMA_12,EMA_26,BB_Upper,MACD_Signal,BB_Width,Rolling_Volatility,Rolling_Median_Return,ROC,Rolling_Mean_Return,SMA_50",EMA_12
RELIANCE,2023-05-09,2023,0,Sideways,1,0.9538,BUY,0,1,0.8918,BUY,0,10,"EMA_12,EMA_26,BB_Upper,MACD_Signal,BB_Width,Rolling_Volatility,Rolling_Median_Return,ROC,Rolling_Mean_Return,SMA_50",EMA_12
RELIANCE,2023-05-10,2023,1,Sideways,1,0.8715,BUY,1,1,0.7815,BUY,1,10,"EMA_12,EMA_26,BB_Upper,MACD_Signal,BB_Width,Rolling_Volatility,Rolling_Median_Return,ROC,Rolling_Mean_Return,SMA_50",EMA_12
RELIANCE,2023-05-11,2023,1,Sideways,1,0.8292,BUY,1,1,0.868,BUY,1,10,"EMA_12,EMA_26,BB_Upper,MACD_Signal,BB_Width,Rolling_Volatility,Rolling_Median_Return,ROC,Rolling_Mean_Return,SMA_50",EMA_12
RELIANCE,2023-05-12,2023,0,Sideways,1,0.8712,BUY,0,1,0.8673,BUY,0,10,"EMA_12,EMA_26,BB_Upper,MACD_Signal,BB_Width,Rolling_Volatility,Rolling_Median_Return,ROC,Rolling_Mean_Return,SMA_50",EMA_12
RELIANCE,2023-05-15,2023,0,Sideways,1,0.5848,BUY,0,1,0.8062,BUY,0,10,"EMA_12,EMA_26,BB_Upper,MACD_Signal,BB_Width,Rolling_Volatility,Rolling_Median_Return,ROC,Rolling_Mean_Return,SMA_50",EMA_12
RELIANCE,2023-05-16,2023,1,Sideways,0,0.5173,NO TRADE,0,1,0.7192,BUY,1,10,"EMA_12,EMA_26,BB_Upper,MACD_Signal,BB_Width,Rolling_Volatility,Rolling_Median_Return,ROC,Rolling_Mean_Return,SMA_50",EMA_12
RELIANCE,2023-05-17,2023,1,Sideways,1,0.5279,NO TRADE,1,1,0.7208,BUY,1,10,"EMA_12,EMA_26,BB_Upper,MACD_Signal,BB_Width,Rolling_Volatility,Rolling_Median_Return,ROC,Rolling_Mean_Return,SMA_50",EMA_12
RELIANCE,2023-05-18,2023,1,Sideways,1,0.703,BUY,1,1,0.7353,BUY,1,10,"EMA_12,EMA_26,BB_Upper,MACD_Signal,BB_Width,Rolling_Volatility,Rolling_Median_Return,ROC,Rolling_Mean_Return,SMA_50",EMA_12
RELIANCE,2023-05-19,2023,1,Sideways,1,0.724,BUY,1,1,0.74,BUY,1,10,"EMA_12,EMA_26,BB_Upper,MACD_Signal,BB_Width,Rolling_Volatility,Rolling_Median_Return,ROC,Rolling_Mean_Return,SMA_50",EMA_12
RELIANCE,2023-05-22,2023,1,Sideways,1,0.7382,BUY,1,1,0.7528,BUY,1,10,"EMA_12,EMA_26,BB_Upper,MACD_Signal,BB_Width,Rolling_Volatility,Rolling_Median_Return,ROC,Rolling_Mean_Return,SMA_50",EMA_12
RELIANCE,2023-05-23,2023,1,Sideways,1,0.7494,BUY,1,1,0.6886,BUY,1,10,"EMA_12,EMA_26,BB_Upper,MACD_Signal,BB_Width,Rolling_Volatility,Rolling_Median_Return,ROC,Rolling_Mean_Return,SMA_50",EMA_12
RELIANCE,2023-05-24,2023,1,Sideways,1,0.6865,BUY,1,1,0.7315,BUY,1,10,"EMA_12,EMA_26,BB_Upper,MACD_Signal,BB_Width,Rolling_Volatility,Rolling_Median_Return,ROC,Rolling_Mean_Return,SMA_50",EMA_12
RELIANCE,2023-05-25,2023,1,Sideways,1,0.7059,BUY,1,1,0.8505,BUY,1,10,"EMA_12,EMA_26,BB_Upper,MACD_Signal,BB_Width,Rolling_Volatility,Rolling_Median_Return,ROC,Rolling_Mean_Return,SMA_50",EMA_12
RELIANCE,2023-05-26,2023,1,Sideways,1,0.7939,BUY,1,1,0.7439,BUY,1,10,"EMA_12,EMA_26,BB_Upper,MACD_Signal,BB_Width,Rolling_Volatility,Rolling_Median_Return,ROC,Rolling_Mean_Return,SMA_50",EMA_12
RELIANCE,2023-05-29,2023,0,Sideways,1,0.7571,BUY,0,1,0.7532,BUY,0,10,"EMA_12,EMA_26,BB_Upper,MACD_Signal,BB_Width,Rolling_Volatility,Rolling_Median_Return,ROC,Rolling_Mean_Return,SMA_50",EMA_12
RELIANCE,2023-05-30,2023,0,Sideways,1,0.7431,BUY,0,1,0.7125,BUY,0,10,"EMA_12,EMA_26,BB_Upper,MACD_Signal,BB_Width,Rolling_Volatility,Rolling_Median_Return,ROC,Rolling_Mean_Return,SMA_50",EMA_12
RELIANCE,2023-05-31,2023,1,Sideways,0,0.529,NO TRADE,0,1,0.6778,BUY,1,10,"EMA_12,EMA_26,BB_Upper,MACD_Signal,BB_Width,Rolling_Volatility,Rolling_Median_Return,ROC,Rolling_Mean_Return,SMA_50",EMA_12
RELIANCE,2023-06-01,2023,1,Sideways,1,0.6574,BUY,1,1,0.7279,BUY,1,10,"EMA_12,EMA_26,BB_Upper,MACD_Signal,BB_Width,Rolling_Volatility,Rolling_Median_Return,ROC,Rolling_Mean_Return,SMA_50",EMA_12
RELIANCE,2023-06-02,2023,1,Sideways,1,0.7114,BUY,1,1,0.8101,BUY,1,10,"EMA_12,EMA_26,BB_Upper,MACD_Signal,BB_Width,Rolling_Volatility,Rolling_Median_Return,ROC,Rolling_Mean_Return,SMA_50",EMA_12
RELIANCE,2023-06-05,2023,1,Sideways,1,0.7379,BUY,1,1,0.8142,BUY,1,10,"EMA_12,EMA_26,BB_Upper,MACD_Signal,BB_Width,Rolling_Volatility,Rolling_Median_Return,ROC,Rolling_Mean_Return,SMA_50",EMA_12
RELIANCE,2023-06-06,2023,1,Sideways,1,0.7526,BUY,1,1,0.8189,BUY,1,10,"EMA_12,EMA_26,BB_Upper,MACD_Signal,BB_Width,Rolling_Volatility,Rolling_Median_Return,ROC,Rolling_Mean_Return,SMA_50",EMA_12
RELIANCE,2023-06-07,2023,1,Sideways,1,0.7516,BUY,1,1,0.8148,BUY,1,10,"EMA_12,EMA_26,BB_Upper,MACD_Signal,BB_Width,Rolling_Volatility,Rolling_Median_Return,ROC,Rolling_Mean_Return,SMA_50",EMA_12
RELIANCE,2023-06-08,2023,1,Sideways,1,0.7662,BUY,1,1,0.8144,BUY,1,10,"EMA_12,EMA_26,BB_Upper,MACD_Signal,BB_Width,Rolling_Volatility,Rolling_Median_Return,ROC,Rolling_Mean_Return,SMA_50",EMA_12
RELIANCE,2023-06-09,2023,1,Sideways,1,0.7775,BUY,1,1,0.8186,BUY,1,10,"EMA_12,EMA_26,BB_Upper,MACD_Signal,BB_Width,Rolling_Volatility,Rolling_Median_Return,ROC,Rolling_Mean_Return,SMA_50",EMA_12
RELIANCE,2023-06-12,2023,1,Sideways,1,0.7802,BUY,1,1,0.8214,BUY,1,10,"EMA_12,EMA_26,BB_Upper,MACD_Signal,BB_Width,Rolling_Volatility,Rolling_Median_Return,ROC,Rolling_Mean_Return,SMA_50",EMA_12
RELIANCE,2023-06-13,2023,1,Sideways,1,0.7833,BUY,1,1,0.8162,BUY,1,10,"EMA_12,EMA_26,BB_Upper,MACD_Signal,BB_Width,Rolling_Volatility,Rolling_Median_Return,ROC,Rolling_Mean_Return,SMA_50",EMA_12
RELIANCE,2023-06-14,2023,1,Sideways,1,0.7841,BUY,1,1,0.8028,BUY,1,10,"EMA_12,EMA_26,BB_Upper,MACD_Signal,BB_Width,Rolling_Volatility,Rolling_Median_Return,ROC,Rolling_Mean_Return,SMA_50",EMA_12
RELIANCE,2023-06-15,2023,1,Sideways,1,0.7826,BUY,1,1,0.808,BUY,1,10,"EMA_12,EMA_26,BB_Upper,MACD_Signal,BB_Width,Rolling_Volatility,Rolling_Median_Return,ROC,Rolling_Mean_Return,SMA_50",EMA_12
RELIANCE,2023-06-16,2023,1,Sideways,1,0.7831,BUY,1,1,0.7989,BUY,1,10,"EMA_12,EMA_26,BB_Upper,MACD_Signal,BB_Width,Rolling_Volatility,Rolling_Median_Return,ROC,Rolling_Mean_Return,SMA_50",EMA_12
RELIANCE,2023-06-19,2023,1,Sideways,1,0.7798,BUY,1,1,0.7398,BUY,1,10,"EMA_12,EMA_26,BB_Upper,SMA_10,ADX,ATR_14,BB_Width,SMA_20,MACD_Hist,SMA_50",EMA_12
RELIANCE,2023-06-20,2023,1,Sideways,1,0.7814,BUY,1,1,0.9282,BUY,1,10,"EMA_12,EMA_26,BB_Upper,SMA_10,ADX,ATR_14,BB_Width,SMA_20,MACD_Hist,SMA_50",EMA_12
RELIANCE,2023-06-21,2023,1,Sideways,1,0.783,BUY,1,1,0.9027,BUY,1,10,"EMA_12,EMA_26,BB_Upper,SMA_10,ADX,ATR_14,BB_Width,SMA_20,MACD_Hist,SMA_50",EMA_12
RELIANCE,2023-06-22,2023,1,Sideways,1,0.7498,BUY,1,1,0.9385,BUY,1,10,"EMA_12,EMA_26,BB_Upper,SMA_10,ADX,ATR_14,BB_Width,SMA_20,MACD_Hist,SMA_50",EMA_12
RELIANCE,2023-06-23,2023,1,Sideways,1,0.6953,BUY,1,1,0.9421,BUY,1,10,"EMA_12,EMA_26,BB_Upper,SMA_10,ADX,ATR_14,BB_Width,SMA_20,MACD_Hist,SMA_50",EMA_12
RELIANCE,2023-06-26,2023,1,Sideways,1,0.7531,BUY,1,1,0.9468,BUY,1,10,"EMA_12,EMA_26,BB_Upper,SMA_10,ADX,ATR_14,BB_Width,SMA_20,MACD_Hist,SMA_50",EMA_12
RELIANCE,2023-06-27,2023,1,Sideways,1,0.755,BUY,1,1,0.9511,BUY,1,10,"EMA_12,EMA_26,BB_Upper,SMA_10,ADX,ATR_14,BB_Width,SMA_20,MACD_Hist,SMA_50",EMA_12
RELIANCE,2023-06-28,2023,1,Sideways,1,0.7559,BUY,1,1,0.9541,BUY,1,10,"EMA_12,EMA_26,BB_Upper,SMA_10,ADX,ATR_14,BB_Width,SMA_20,MACD_Hist,SMA_50",EMA_12
RELIANCE,2023-06-30,2023,1,Sideways,1,0.7575,BUY,1,1,0.956,BUY,1,10,"EMA_12,EMA_26,BB_Upper,SMA_10,ADX,ATR_14,BB_Width,SMA_20,MACD_Hist,SMA_50",EMA_12
RELIANCE,2023-07-03,2023,1,Sideways,1,0.783,BUY,1,1,0.9563,BUY,1,10,"EMA_12,EMA_26,BB_Upper,SMA_10,ADX,ATR_14,BB_Width,SMA_20,MACD_Hist,SMA_50",EMA_12
RELIANCE,2023-07-04,2023,1,Sideways,1,0.7483,BUY,1,1,0.9554,BUY,1,10,"EMA_12,EMA_26,BB_Upper,SMA_10,ADX,ATR_14,BB_Width,SMA_20,MACD_Hist,SMA_50",EMA_12
RELIANCE,2023-07-05,2023,1,Sideways,1,0.8315,BUY,1,1,0.9557,BUY,1,10,"EMA_12,EMA_26,BB_Upper,SMA_10,ADX,ATR_14,BB_Width,SMA_20,MACD_Hist,SMA_50",EMA_12
RELIANCE,2023-07-06,2023,1,Sideways,1,0.7931,BUY,1,1,0.9464,BUY,1,10,"EMA_12,EMA_26,BB_Upper,SMA_10,ADX,ATR_14,BB_Width,SMA_20,MACD_Hist,SMA_50",EMA_12
RELIANCE,2023-07-07,2023,1,Sideways,1,0.8998,BUY,1,1,0.8757,BUY,1,10,"EMA_12,EMA_26,BB_Upper,SMA_10,ADX,ATR_14,BB_Width,SMA_20,MACD_Hist,SMA_50",EMA_12
RELIANCE,2023-07-10,2023,0,Sideways,1,0.5923,BUY,0,1,0.7269,BUY,0,10,"EMA_12,EMA_26,BB_Upper,SMA_10,ADX,ATR_14,BB_Width,SMA_20,MACD_Hist,SMA_50",EMA_12
RELIANCE,2023-07-11,2023,0,Sideways,1,0.6946,BUY,0,1,0.5769,BUY,0,10,"EMA_12,EMA_26,BB_Upper,SMA_10,ADX,ATR_14,BB_Width,SMA_20,MACD_Hist,SMA_50",EMA_12
RELIANCE,2023-07-12,2023,0,Sideways,1,0.5522,BUY,0,1,0.5671,BUY,0,10,"EMA_12,EMA_26,BB_Upper,SMA_10,ADX,ATR_14,BB_Width,SMA_20,MACD_Hist,SMA_50",EMA_12
RELIANCE,2023-07-13,2023,1,Sideways,0,0.7481,SELL,0,0,0.606,SELL,0,10,"EMA_12,EMA_26,BB_Upper,SMA_10,ADX,ATR_14,BB_Width,SMA_20,MACD_Hist,SMA_50",EMA_12
RELIANCE,2023-07-14,2023,1,Sideways,1,0.5147,NO TRADE,1,0,0.5175,NO TRADE,0,10,"EMA_12,EMA_26,BB_Upper,SMA_10,ADX,ATR_14,BB_Width,SMA_20,MACD_Hist,SMA_50",EMA_12
RELIANCE,2023-07-17,2023,0,Sideways,1,0.5473,NO TRADE,0,1,0.5893,BUY,0,10,"EMA_12,EMA_26,BB_Upper,SMA_10,ADX,ATR_14,BB_Width,SMA_20,MACD_Hist,SMA_50",EMA_12
RELIANCE,2023-07-18,2023,0,Sideways,0,0.7405,SELL,1,0,0.5817,SELL,1,10,"EMA_12,EMA_26,BB_Upper,SMA_10,ADX,ATR_14,BB_Width,SMA_20,MACD_Hist,SMA_50",EMA_12
RELIANCE,2023-07-19,2023,0,Sideways,0,0.8196,SELL,1,0,0.687,SELL,1,10,"EMA_12,EMA_26,BB_Upper,SMA_10,ADX,ATR_14,BB_Width,SMA_20,MACD_Hist,SMA_50",EMA_12
RELIANCE,2023-07-20,2023,0,Sideways,0,0.8788,SELL,1,0,0.7681,SELL,1,10,"EMA_12,EMA_26,BB_Upper,SMA_10,ADX,ATR_14,BB_Width,SMA_20,MACD_Hist,SMA_50",EMA_12
RELIANCE,2023-07-21,2023,0,Sideways,0,0.7742,SELL,1,0,0.6921,SELL,1,10,"EMA_12,EMA_26,BB_Upper,SMA_10,ADX,ATR_14,BB_Width,SMA_20,MACD_Hist,SMA_50",EMA_12
RELIANCE,2023-07-24,2023,1,Sideways,0,0.8507,SELL,0,0,0.6987,SELL,0,10,"EMA_12,EMA_26,BB_Upper,SMA_10,ADX,ATR_14,BB_Width,SMA_20,MACD_Hist,SMA_50",EMA_12
RELIANCE,2023-07-25,2023,1,Sideways,0,0.7565,SELL,0,0,0.5708,SELL,0,10,"EMA_12,EMA_26,BB_Upper,SMA_10,ADX,ATR_14,BB_Width,SMA_20,MACD_Hist,SMA_50",EMA_12
RELIANCE,2023-07-26,2023,0,Sideways,0,0.7537,SELL,1,0,0.5488,NO TRADE,1,10,"EMA_12,EMA_26,BB_Upper,SMA_10,ADX,ATR_14,BB_Width,SMA_20,MACD_Hist,SMA_50",EMA_12
RELIANCE,2023-07-27,2023,0,Sideways,0,0.8451,SELL,1,0,0.6665,SELL,1,10,"EMA_12,EMA_26,BB_Upper,SMA_10,ADX,ATR_14,BB_Width,SMA_20,MACD_Hist,SMA_50",EMA_12
RELIANCE,2023-07-28,2023,0,Sideways,0,0.9104,SELL,1,0,0.6673,SELL,1,10,"EMA_12,EMA_26,BB_Upper,SMA_10,ADX,ATR_14,BB_Width,SMA_20,MACD_Hist,SMA_50",EMA_12
RELIANCE,2023-07-31,2023,0,Sideways,0,0.91,SELL,1,0,0.6464,SELL,1,10,"EMA_12,EMA_26,BB_Upper,SMA_10,ADX,ATR_14,BB_Width,SMA_20,MACD_Hist,SMA_50",EMA_12
RELIANCE,2023-08-01,2023,0,Sideways,0,0.8548,SELL,1,0,0.6696,SELL,1,10,"EMA_26,Rolling_Median_Return,ADX,EMA_12,MACD_Signal,BB_Width,SMA_50,BB_Upper,MACD,MFI",EMA_26
RELIANCE,2023-08-02,2023,0,Sideways,0,0.8553,SELL,1,0,0.6806,SELL,1,10,"EMA_26,Rolling_Median_Return,ADX,EMA_12,MACD_Signal,BB_Width,SMA_50,BB_Upper,MACD,MFI",EMA_26
RELIANCE,2023-08-03,2023,0,Sideways,0,0.8541,SELL,1,0,0.7317,SELL,1,10,"EMA_26,Rolling_Median_Return,ADX,EMA_12,MACD_Signal,BB_Width,SMA_50,BB_Upper,MACD,MFI",EMA_26
RELIANCE,2023-08-04,2023,0,Sideways,0,0.8666,SELL,1,0,0.7422,SELL,1,10,"EMA_26,Rolling_Median_Return,ADX,EMA_12,MACD_Signal,BB_Width,SMA_50,BB_Upper,MACD,MFI",EMA_26
RELIANCE,2023-08-07,2023,0,Sideways,0,0.8893,SELL,1,0,0.767,SELL,1,10,"EMA_26,Rolling_Median_Return,ADX,EMA_12,MACD_Signal,BB_Width,SMA_50,BB_Upper,MACD,MFI",EMA_26
RELIANCE,2023-08-08,2023,0,Sideways,0,0.9009,SELL,1,0,0.7709,SELL,1,10,"EMA_26,Rolling_Median_Return,ADX,EMA_12,MACD_Signal,BB_Width,SMA_50,BB_Upper,MACD,MFI",EMA_26
RELIANCE,2023-08-09,2023,0,Sideways,0,0.8838,SELL,1,0,0.7761,SELL,1,10,"EMA_26,Rolling_Median_Return,ADX,EMA_12,MACD_Signal,BB_Width,SMA_50,BB_Upper,MACD,MFI",EMA_26
RELIANCE,2023-08-10,2023,0,Sideways,0,0.8257,SELL,1,0,0.7807,SELL,1,10,"EMA_26,Rolling_Median_Return,ADX,EMA_12,MACD_Signal,BB_Width,SMA_50,BB_Upper,MACD,MFI",EMA_26
RELIANCE,2023-08-11,2023,0,Sideways,0,0.8273,SELL,1,0,0.7889,SELL,1,10,"EMA_26,Rolling_Median_Return,ADX,EMA_12,MACD_Signal,BB_Width,SMA_50,BB_Upper,MACD,MFI",EMA_26
RELIANCE,2023-08-14,2023,0,Sideways,0,0.8469,SELL,1,0,0.7988,SELL,1,10,"EMA_26,Rolling_Median_Return,ADX,EMA_12,MACD_Signal,BB_Width,SMA_50,BB_Upper,MACD,MFI",EMA_26
RELIANCE,2023-08-16,2023,0,Sideways,0,0.8076,SELL,1,0,0.8055,SELL,1,10,"EMA_26,Rolling_Median_Return,ADX,EMA_12,MACD_Signal,BB_Width,SMA_50,BB_Upper,MACD,MFI",EMA_26
RELIANCE,2023-08-17,2023,0,Sideways,0,0.8193,SELL,1,0,0.8113,SELL,1,10,"EMA_26,Rolling_Median_Return,ADX,EMA_12,MACD_Signal,BB_Width,SMA_50,BB_Upper,MACD,MFI",EMA_26
RELIANCE,2023-08-18,2023,0,Sideways,0,0.7643,SELL,1,0,0.817,SELL,1,10,"EMA_26,Rolling_Median_Return,ADX,EMA_12,MACD_Signal,BB_Width,SMA_50,BB_Upper,MACD,MFI",EMA_26
RELIANCE,2023-08-21,2023,0,Sideways,0,0.7579,SELL,1,0,0.8146,SELL,1,10,"EMA_26,Rolling_Median_Return,ADX,EMA_12,MACD_Signal,BB_Width,SMA_50,BB_Upper,MACD,MFI",EMA_26
RELIANCE,2023-08-22,2023,0,Sideways,0,0.7551,SELL,1,0,0.8033,SELL,1,10,"EMA_26,Rolling_Median_Return,ADX,EMA_12,MACD_Signal,BB_Width,SMA_50,BB_Upper,MACD,MFI",EMA_26
RELIANCE,2023-08-23,2023,0,Sideways,0,0.753,SELL,1,0,0.8001,SELL,1,10,"EMA_26,Rolling_Median_Return,ADX,EMA_12,MACD_Signal,BB_Width,SMA_50,BB_Upper,MACD,MFI",EMA_26
RELIANCE,2023-08-24,2023,0,Sideways,0,0.9173,SELL,1,0,0.7823,SELL,1,10,"EMA_26,Rolling_Median_Return,ADX,EMA_12,MACD_Signal,BB_Width,SMA_50,BB_Upper,MACD,MFI",EMA_26
RELIANCE,2023-08-25,2023,0,Sideways,0,0.9309,SELL,1,0,0.7786,SELL,1,10,"EMA_26,Rolling_Median_Return,ADX,EMA_12,MACD_Signal,BB_Width,SMA_50,BB_Upper,MACD,MFI",EMA_26
RELIANCE,2023-08-28,2023,0,Sideways,0,0.9268,SELL,1,0,0.7742,SELL,1,10,"EMA_26,Rolling_Median_Return,ADX,EMA_12,MACD_Signal,BB_Width,SMA_50,BB_Upper,MACD,MFI",EMA_26
RELIANCE,2023-08-29,2023,0,Sideways,0,0.9032,SELL,1,0,0.7792,SELL,1,10,"EMA_26,Rolling_Median_Return,ADX,EMA_12,MACD_Signal,BB_Width,SMA_50,BB_Upper,MACD,MFI",EMA_26
RELIANCE,2023-08-30,2023,0,Sideways,0,0.7945,SELL,1,0,0.7888,SELL,1,10,"EMA_26,Rolling_Median_Return,ADX,EMA_12,MACD_Signal,BB_Width,SMA_50,BB_Upper,MACD,MFI",EMA_26
RELIANCE,2023-08-31,2023,0,Sideways,0,0.7961,SELL,1,0,0.7915,SELL,1,10,"EMA_26,Rolling_Median_Return,ADX,EMA_12,MACD_Signal,BB_Width,SMA_50,BB_Upper,MACD,MFI",EMA_26
RELIANCE,2023-09-01,2023,0,Sideways,0,0.7876,SELL,1,0,0.8051,SELL,1,10,"EMA_26,Rolling_Median_Return,ADX,EMA_12,MACD_Signal,BB_Width,SMA_50,BB_Upper,MACD,MFI",EMA_26
RELIANCE,2023-09-04,2023,0,Sideways,0,0.7699,SELL,1,0,0.7859,SELL,1,10,"EMA_26,Rolling_Median_Return,ADX,EMA_12,MACD_Signal,BB_Width,SMA_50,BB_Upper,MACD,MFI",EMA_26
RELIANCE,2023-09-05,2023,0,Sideways,0,0.7701,SELL,1,0,0.7835,SELL,1,10,"EMA_26,Rolling_Median_Return,ADX,EMA_12,MACD_Signal,BB_Width,SMA_50,BB_Upper,MACD,MFI",EMA_26
RELIANCE,2023-09-06,2023,0,Sideways,0,0.7625,SELL,1,0,0.782,SELL,1,10,"EMA_26,Rolling_Median_Return,ADX,EMA_12,MACD_Signal,BB_Width,SMA_50,BB_Upper,MACD,MFI",EMA_26
RELIANCE,2023-09-07,2023,0,Sideways,0,0.75,SELL,1,0,0.7713,SELL,1,10,"EMA_26,Rolling_Median_Return,ADX,EMA_12,MACD_Signal,BB_Width,SMA_50,BB_Upper,MACD,MFI",EMA_26
RELIANCE,2023-09-08,2023,0,Sideways,0,0.6831,SELL,1,0,0.7627,SELL,1,10,"EMA_26,Rolling_Median_Return,ADX,EMA_12,MACD_Signal,BB_Width,SMA_50,BB_Upper,MACD,MFI",EMA_26
RELIANCE,2023-09-11,2023,0,Sideways,0,0.6283,SELL,1,0,0.7579,SELL,1,10,"EMA_26,Rolling_Median_Return,ADX,EMA_12,MACD_Signal,BB_Width,SMA_50,BB_Upper,MACD,MFI",EMA_26
RELIANCE,2023-09-12,2023,0,Sideways,0,0.7728,SELL,1,0,0.7571,SELL,1,10,"EMA_26,Rolling_Median_Return,ADX,EMA_12,MACD_Signal,BB_Width,SMA_50,BB_Upper,MACD,MFI",EMA_26
RELIANCE,2023-09-13,2023,0,Sideways,0,0.7349,SELL,1,0,0.7288,SELL,1,10,"EMA_26,BB_Upper,EMA_12,MFI,SMA_50,Volume_MA,MACD_Signal,MACD,ADX,BB_Width",EMA_26
RELIANCE,2023-09-14,2023,0,Sideways,0,0.679,SELL,1,0,0.7312,SELL,1,10,"EMA_26,BB_Upper,EMA_12,MFI,SMA_50,Volume_MA,MACD_Signal,MACD,ADX,BB_Width",EMA_26
RELIANCE,2023-09-15,2023,0,Sideways,0,0.7186,SELL,1,0,0.7391,SELL,1,10,"EMA_26,BB_Upper,EMA_12,MFI,SMA_50,Volume_MA,MACD_Signal,MACD,ADX,BB_Width",EMA_26
RELIANCE,2023-09-18,2023,0,Sideways,0,0.8333,SELL,1,0,0.7415,SELL,1,10,"EMA_26,BB_Upper,EMA_12,MFI,SMA_50,Volume_MA,MACD_Signal,MACD,ADX,BB_Width",EMA_26
RELIANCE,2023-09-20,2023,0,Sideways,0,0.845,SELL,1,0,0.6431,SELL,1,10,"EMA_26,BB_Upper,EMA_12,MFI,SMA_50,Volume_MA,MACD_Signal,MACD,ADX,BB_Width",EMA_26
RELIANCE,2023-09-21,2023,0,Sideways,0,0.8834,SELL,1,0,0.7417,SELL,1,10,"EMA_26,BB_Upper,EMA_12,MFI,SMA_50,Volume_MA,MACD_Signal,MACD,ADX,BB_Width",EMA_26
RELIANCE,2023-09-22,2023,0,Sideways,0,0.8155,SELL,1,0,0.7252,SELL,1,10,"EMA_26,BB_Upper,EMA_12,MFI,SMA_50,Volume_MA,MACD_Signal,MACD,ADX,BB_Width",EMA_26
RELIANCE,2023-09-25,2023,0,Sideways,0,0.7864,SELL,1,0,0.6956,SELL,1,10,"EMA_26,BB_Upper,EMA_12,MFI,SMA_50,Volume_MA,MACD_Signal,MACD,ADX,BB_Width",EMA_26
RELIANCE,2023-09-26,2023,0,Sideways,0,0.7637,SELL,1,0,0.6732,SELL,1,10,"EMA_26,BB_Upper,EMA_12,MFI,SMA_50,Volume_MA,MACD_Signal,MACD,ADX,BB_Width",EMA_26
RELIANCE,2023-09-27,2023,0,Sideways,0,0.7305,SELL,1,0,0.6532,SELL,1,10,"EMA_26,BB_Upper,EMA_12,MFI,SMA_50,Volume_MA,MACD_Signal,MACD,ADX,BB_Width",EMA_26
RELIANCE,2023-09-28,2023,0,Sideways,0,0.7643,SELL,1,0,0.6386,SELL,1,10,"EMA_26,BB_Upper,EMA_12,MFI,SMA_50,Volume_MA,MACD_Signal,MACD,ADX,BB_Width",EMA_26
RELIANCE,2023-09-29,2023,0,Sideways,0,0.7143,SELL,1,0,0.6107,SELL,1,10,"EMA_26,BB_Upper,EMA_12,MFI,SMA_50,Volume_MA,MACD_Signal,MACD,ADX,BB_Width",EMA_26
RELIANCE,2023-10-03,2023,0,Sideways,0,0.6329,SELL,1,0,0.5716,SELL,1,10,"EMA_26,BB_Upper,EMA_12,MFI,SMA_50,Volume_MA,MACD_Signal,MACD,ADX,BB_Width",EMA_26
RELIANCE,2023-10-04,2023,1,Sideways,0,0.6691,SELL,0,0,0.5537,SELL,0,10,"EMA_26,BB_Upper,EMA_12,MFI,SMA_50,Volume_MA,MACD_Signal,MACD,ADX,BB_Width",EMA_26
RELIANCE,2023-10-05,2023,1,Sideways,0,0.5742,SELL,0,1,0.5117,NO TRADE,1,10,"EMA_26,BB_Upper,EMA_12,MFI,SMA_50,Volume_MA,MACD_Signal,MACD,ADX,BB_Width",EMA_26
RELIANCE,2023-10-06,2023,1,Sideways,0,0.5179,NO TRADE,0,1,0.6581,BUY,1,10,"EMA_26,BB_Upper,EMA_12,MFI,SMA_50,Volume_MA,MACD_Signal,MACD,ADX,BB_Width",EMA_26
RELIANCE,2023-10-09,2023,1,Sideways,1,0.621,BUY,1,1,0.5257,NO TRADE,1,10,"EMA_26,BB_Upper,EMA_12,MFI,SMA_50,Volume_MA,MACD_Signal,MACD,ADX,BB_Width",EMA_26
RELIANCE,2023-10-10,2023,1,Sideways,1,0.6388,BUY,1,1,0.6023,BUY,1,10,"EMA_26,BB_Upper,EMA_12,MFI,SMA_50,Volume_MA,MACD_Signal,MACD,ADX,BB_Width",EMA_26
RELIANCE,2023-10-11,2023,0,Sideways,1,0.6976,BUY,0,1,0.8099,BUY,0,10,"EMA_26,BB_Upper,EMA_12,MFI,SMA_50,Volume_MA,MACD_Signal,MACD,ADX,BB_Width",EMA_26
RELIANCE,2023-10-12,2023,0,Sideways,1,0.5537,BUY,0,1,0.6908,BUY,0,10,"EMA_26,BB_Upper,EMA_12,MFI,SMA_50,Volume_MA,MACD_Signal,MACD,ADX,BB_Width",EMA_26
RELIANCE,2023-10-13,2023,0,Sideways,1,0.5609,BUY,0,1,0.6333,BUY,0,10,"EMA_26,BB_Upper,EMA_12,MFI,SMA_50,Volume_MA,MACD_Signal,MACD,ADX,BB_Width",EMA_26
RELIANCE,2023-10-16,2023,1,Sideways,1,0.5773,BUY,1,1,0.5885,BUY,1,10,"EMA_26,BB_Upper,EMA_12,MFI,SMA_50,Volume_MA,MACD_Signal,MACD,ADX,BB_Width",EMA_26
RELIANCE,2023-10-17,2023,1,Sideways,1,0.7668,BUY,1,1,0.734,BUY,1,10,"EMA_26,BB_Upper,EMA_12,MFI,SMA_50,Volume_MA,MACD_Signal,MACD,ADX,BB_Width",EMA_26
RELIANCE,2023-10-18,2023,1,Sideways,1,0.7414,BUY,1,1,0.8065,BUY,1,10,"EMA_26,BB_Upper,EMA_12,MFI,SMA_50,Volume_MA,MACD_Signal,MACD,ADX,BB_Width",EMA_26
RELIANCE,2023-10-19,2023,1,Sideways,1,0.7771,BUY,1,1,0.7522,BUY,1,10,"EMA_26,BB_Upper,EMA_12,MFI,SMA_50,Volume_MA,MACD_Signal,MACD,ADX,BB_Width",EMA_26
RELIANCE,2023-10-20,2023,1,Sideways,1,0.7631,BUY,1,1,0.8477,BUY,1,10,"EMA_26,BB_Upper,EMA_12,MFI,SMA_50,Volume_MA,MACD_Signal,MACD,ADX,BB_Width",EMA_26
RELIANCE,2023-10-23,2023,1,Sideways,1,0.8005,BUY,1,1,0.8535,BUY,1,10,"EMA_26,BB_Upper,EMA_12,MFI,SMA_50,Volume_MA,MACD_Signal,MACD,ADX,BB_Width",EMA_26
RELIANCE,2023-10-25,2023,1,Sideways,1,0.7138,BUY,1,1,0.8762,BUY,1,10,"EMA_26,BB_Upper,EMA_12,MFI,SMA_50,Volume_MA,MACD_Signal,MACD,ADX,BB_Width",EMA_26
RELIANCE,2023-10-26,2023,1,Sideways,1,0.7339,BUY,1,1,0.888,BUY,1,10,"EMA_26,BB_Upper,EMA_12,MFI,SMA_50,Volume_MA,MACD_Signal,MACD,ADX,BB_Width",EMA_26
RELIANCE,2023-10-27,2023,1,Sideways,1,0.7345,BUY,1,1,0.9019,BUY,1,10,"EMA_26,BB_Upper,EMA_12,MFI,SMA_50,Volume_MA,MACD_Signal,MACD,ADX,BB_Width",EMA_26
RELIANCE,2023-10-30,2023,1,Sideways,1,0.7508,BUY,1,1,0.9697,BUY,1,10,"EMA_12,SMA_20,BB_Upper,MACD,Rolling_Volatility,ATR_14,BB_Width,SMA_10,Rolling_Std_10,SMA_50",EMA_12
RELIANCE,2023-10-31,2023,1,Sideways,1,0.701,BUY,1,1,0.9682,BUY,1,10,"EMA_12,SMA_20,BB_Upper,MACD,Rolling_Volatility,ATR_14,BB_Width,SMA_10,Rolling_Std_10,SMA_50",EMA_12
RELIANCE,2023-11-01,2023,1,Sideways,1,0.8122,BUY,1,1,0.9782,BUY,1,10,"EMA_12,SMA_20,BB_Upper,MACD,Rolling_Volatility,ATR_14,BB_Width,SMA_10,Rolling_Std_10,SMA_50",EMA_12
RELIANCE,2023-11-02,2023,1,Sideways,1,0.9499,BUY,1,1,0.9696,BUY,1,10,"EMA_12,SMA_20,BB_Upper,MACD,Rolling_Volatility,ATR_14,BB_Width,SMA_10,Rolling_Std_10,SMA_50",EMA_12
RELIANCE,2023-11-03,2023,1,Sideways,1,0.8603,BUY,1,1,0.9034,BUY,1,10,"EMA_12,SMA_20,BB_Upper,MACD,Rolling_Volatility,ATR_14,BB_Width,SMA_10,Rolling_Std_10,SMA_50",EMA_12
RELIANCE,2023-11-06,2023,1,Sideways,1,0.862,BUY,1,1,0.9745,BUY,1,10,"EMA_12,SMA_20,BB_Upper,MACD,Rolling_Volatility,ATR_14,BB_Width,SMA_10,Rolling_Std_10,SMA_50",EMA_12
RELIANCE,2023-11-07,2023,1,Sideways,1,0.9513,BUY,1,1,0.9757,BUY,1,10,"EMA_12,SMA_20,BB_Upper,MACD,Rolling_Volatility,ATR_14,BB_Width,SMA_10,Rolling_Std_10,SMA_50",EMA_12
RELIANCE,2023-11-08,2023,1,Sideways,1,0.9552,BUY,1,1,0.9759,BUY,1,10,"EMA_12,SMA_20,BB_Upper,MACD,Rolling_Volatility,ATR_14,BB_Width,SMA_10,Rolling_Std_10,SMA_50",EMA_12
RELIANCE,2023-11-09,2023,1,Sideways,1,0.9506,BUY,1,1,0.9767,BUY,1,10,"EMA_12,SMA_20,BB_Upper,MACD,Rolling_Volatility,ATR_14,BB_Width,SMA_10,Rolling_Std_10,SMA_50",EMA_12
RELIANCE,2023-11-10,2023,1,Sideways,1,0.9568,BUY,1,1,0.9771,BUY,1,10,"EMA_12,SMA_20,BB_Upper,MACD,Rolling_Volatility,ATR_14,BB_Width,SMA_10,Rolling_Std_10,SMA_50",EMA_12
RELIANCE,2023-11-13,2023,1,Sideways,1,0.9566,BUY,1,1,0.9777,BUY,1,10,"EMA_12,SMA_20,BB_Upper,MACD,Rolling_Volatility,ATR_14,BB_Width,SMA_10,Rolling_Std_10,SMA_50",EMA_12
RELIANCE,2023-11-15,2023,1,Sideways,1,0.9641,BUY,1,1,0.9757,BUY,1,10,"EMA_12,SMA_20,BB_Upper,MACD,Rolling_Volatility,ATR_14,BB_Width,SMA_10,Rolling_Std_10,SMA_50",EMA_12
RELIANCE,2023-11-16,2023,1,Sideways,1,0.9647,BUY,1,1,0.9759,BUY,1,10,"EMA_12,SMA_20,BB_Upper,MACD,Rolling_Volatility,ATR_14,BB_Width,SMA_10,Rolling_Std_10,SMA_50",EMA_12
RELIANCE,2023-11-17,2023,1,Sideways,1,0.9653,BUY,1,1,0.9773,BUY,1,10,"EMA_12,SMA_20,BB_Upper,MACD,Rolling_Volatility,ATR_14,BB_Width,SMA_10,Rolling_Std_10,SMA_50",EMA_12
RELIANCE,2023-11-20,2023,1,Sideways,1,0.9657,BUY,1,1,0.9778,BUY,1,10,"EMA_12,SMA_20,BB_Upper,MACD,Rolling_Volatility,ATR_14,BB_Width,SMA_10,Rolling_Std_10,SMA_50",EMA_12
RELIANCE,2023-11-21,2023,1,Sideways,1,0.9661,BUY,1,1,0.9773,BUY,1,10,"EMA_12,SMA_20,BB_Upper,MACD,Rolling_Volatility,ATR_14,BB_Width,SMA_10,Rolling_Std_10,SMA_50",EMA_12
RELIANCE,2023-11-22,2023,1,Sideways,1,0.9665,BUY,1,1,0.9796,BUY,1,10,"EMA_12,SMA_20,BB_Upper,MACD,Rolling_Volatility,ATR_14,BB_Width,SMA_10,Rolling_Std_10,SMA_50",EMA_12
RELIANCE,2023-11-23,2023,1,Sideways,1,0.9671,BUY,1,1,0.9801,BUY,1,10,"EMA_12,SMA_20,BB_Upper,MACD,Rolling_Volatility,ATR_14,BB_Width,SMA_10,Rolling_Std_10,SMA_50",EMA_12
RELIANCE,2023-11-24,2023,1,Sideways,1,0.9677,BUY,1,1,0.9826,BUY,1,10,"EMA_12,SMA_20,BB_Upper,MACD,Rolling_Volatility,ATR_14,BB_Width,SMA_10,Rolling_Std_10,SMA_50",EMA_12
RELIANCE,2023-11-28,2023,1,Sideways,1,0.9675,BUY,1,1,0.9844,BUY,1,10,"EMA_12,SMA_20,BB_Upper,MACD,Rolling_Volatility,ATR_14,BB_Width,SMA_10,Rolling_Std_10,SMA_50",EMA_12
RELIANCE,2023-11-29,2023,1,Sideways,1,0.9213,BUY,1,1,0.9878,BUY,1,10,"EMA_12,SMA_20,BB_Upper,MACD,Rolling_Volatility,ATR_14,BB_Width,SMA_10,Rolling_Std_10,SMA_50",EMA_12
RELIANCE,2023-11-30,2023,1,Sideways,1,0.8371,BUY,1,1,0.9883,BUY,1,10,"EMA_12,SMA_20,BB_Upper,MACD,Rolling_Volatility,ATR_14,BB_Width,SMA_10,Rolling_Std_10,SMA_50",EMA_12
RELIANCE,2023-12-01,2023,1,Sideways,1,0.9223,BUY,1,1,0.9884,BUY,1,10,"EMA_12,SMA_20,BB_Upper,MACD,Rolling_Volatility,ATR_14,BB_Width,SMA_10,Rolling_Std_10,SMA_50",EMA_12
RELIANCE,2023-12-04,2023,1,Sideways,1,0.9225,BUY,1,1,0.9882,BUY,1,10,"EMA_12,SMA_20,BB_Upper,MACD,Rolling_Volatility,ATR_14,BB_Width,SMA_10,Rolling_Std_10,SMA_50",EMA_12
RELIANCE,2023-12-05,2023,1,Sideways,1,0.9231,BUY,1,1,0.9878,BUY,1,10,"EMA_12,SMA_20,BB_Upper,MACD,Rolling_Volatility,ATR_14,BB_Width,SMA_10,Rolling_Std_10,SMA_50",EMA_12
RELIANCE,2023-12-06,2023,1,Sideways,1,0.9227,BUY,1,1,0.9875,BUY,1,10,"EMA_12,SMA_20,BB_Upper,MACD,Rolling_Volatility,ATR_14,BB_Width,SMA_10,Rolling_Std_10,SMA_50",EMA_12
RELIANCE,2023-12-07,2023,1,Sideways,1,0.9234,BUY,1,1,0.9881,BUY,1,10,"EMA_12,SMA_20,BB_Upper,MACD,Rolling_Volatility,ATR_14,BB_Width,SMA_10,Rolling_Std_10,SMA_50",EMA_12
RELIANCE,2023-12-08,2023,1,Sideways,1,0.9217,BUY,1,1,0.988,BUY,1,10,"EMA_12,SMA_20,BB_Upper,MACD,Rolling_Volatility,ATR_14,BB_Width,SMA_10,Rolling_Std_10,SMA_50",EMA_12
RELIANCE,2023-12-11,2023,1,Sideways,1,0.9228,BUY,1,1,0.9899,BUY,1,10,"EMA_12,SMA_20,BB_Upper,MACD,Rolling_Volatility,ATR_14,BB_Width,SMA_10,Rolling_Std_10,SMA_50",EMA_12
RELIANCE,2023-12-12,2023,1,Sideways,1,0.9197,BUY,1,1,0.9867,BUY,1,10,"EMA_12,SMA_20,BB_Upper,MACD,Rolling_Volatility,ATR_14,BB_Width,SMA_10,Rolling_Std_10,SMA_50",EMA_12
RELIANCE,2023-12-13,2023,1,Sideways,1,0.9181,BUY,1,1,0.9583,BUY,1,10,"SMA_20,ATR_14,BB_Upper,SMA_50,EMA_26,MFI,SMA_10,ROC,OBV,MACD",SMA_20
RELIANCE,2023-12-14,2023,1,Sideways,1,0.9187,BUY,1,1,0.9724,BUY,1,10,"SMA_20,ATR_14,BB_Upper,SMA_50,EMA_26,MFI,SMA_10,ROC,OBV,MACD",SMA_20
RELIANCE,2023-12-15,2023,1,Sideways,1,0.9182,BUY,1,1,0.9706,BUY,1,10,"SMA_20,ATR_14,BB_Upper,SMA_50,EMA_26,MFI,SMA_10,ROC,OBV,MACD",SMA_20
RELIANCE,2023-12-18,2023,1,Sideways,1,0.8912,BUY,1,1,0.9664,BUY,1,10,"SMA_20,ATR_14,BB_Upper,SMA_50,EMA_26,MFI,SMA_10,ROC,OBV,MACD",SMA_20
RELIANCE,2023-12-19,2023,1,Sideways,1,0.8815,BUY,1,1,0.9566,BUY,1,10,"SMA_20,ATR_14,BB_Upper,SMA_50,EMA_26,MFI,SMA_10,ROC,OBV,MACD",SMA_20
RELIANCE,2023-12-20,2023,1,Sideways,1,0.8512,BUY,1,1,0.9438,BUY,1,10,"SMA_20,ATR_14,BB_Upper,SMA_50,EMA_26,MFI,SMA_10,ROC,OBV,MACD",SMA_20
RELIANCE,2023-12-21,2023,1,Sideways,1,0.83,BUY,1,1,0.9115,BUY,1,10,"SMA_20,ATR_14,BB_Upper,SMA_50,EMA_26,MFI,SMA_10,ROC,OBV,MACD",SMA_20
RELIANCE,2023-12-22,2023,1,Sideways,1,0.8123,BUY,1,1,0.8987,BUY,1,10,"SMA_20,ATR_14,BB_Upper,SMA_50,EMA_26,MFI,SMA_10,ROC,OBV,MACD",SMA_20
RELIANCE,2023-12-26,2023,1,Sideways,1,0.8395,BUY,1,1,0.8889,BUY,1,10,"SMA_20,ATR_14,BB_Upper,SMA_50,EMA_26,MFI,SMA_10,ROC,OBV,MACD",SMA_20
RELIANCE,2023-12-27,2023,1,Sideways,1,0.7414,BUY,1,1,0.8006,BUY,1,10,"SMA_20,ATR_14,BB_Upper,SMA_50,EMA_26,MFI,SMA_10,ROC,OBV,MACD",SMA_20
RELIANCE,2023-12-28,2023,1,Sideways,1,0.7222,BUY,1,1,0.878,BUY,1,10,"SMA_20,ATR_14,BB_Upper,SMA_50,EMA_26,MFI,SMA_10,ROC,OBV,MACD",SMA_20
RELIANCE,2023-12-29,2023,1,Sideways,1,0.686,BUY,1,1,0.875,BUY,1,10,"SMA_20,ATR_14,BB_Upper,SMA_50,EMA_26,MFI,SMA_10,ROC,OBV,MACD",SMA_20
RELIANCE,2024-01-01,2024,1,Sideways,0,0.5335,NO TRADE,0,1,0.8726,BUY,1,10,"SMA_20,ATR_14,BB_Upper,SMA_50,EMA_26,MFI,SMA_10,ROC,OBV,MACD",SMA_20
RELIANCE,2024-01-02,2024,1,Sideways,0,0.5164,NO TRADE,0,1,0.8685,BUY,1,10,"SMA_20,ATR_14,BB_Upper,SMA_50,EMA_26,MFI,SMA_10,ROC,OBV,MACD",SMA_20
RELIANCE,2024-01-03,2024,1,Sideways,0,0.5042,NO TRADE,0,1,0.8515,BUY,1,10,"SMA_20,ATR_14,BB_Upper,SMA_50,EMA_26,MFI,SMA_10,ROC,OBV,MACD",SMA_20
RELIANCE,2024-01-04,2024,1,Sideways,1,0.5723,BUY,1,1,0.856,BUY,1,10,"SMA_20,ATR_14,BB_Upper,SMA_50,EMA_26,MFI,SMA_10,ROC,OBV,MACD",SMA_20
RELIANCE,2024-01-05,2024,1,Sideways,1,0.5747,BUY,1,1,0.8666,BUY,1,10,"SMA_20,ATR_14,BB_Upper,SMA_50,EMA_26,MFI,SMA_10,ROC,OBV,MACD",SMA_20
RELIANCE,2024-01-08,2024,1,Sideways,0,0.5405,NO TRADE,0,1,0.8397,BUY,1,10,"SMA_20,ATR_14,BB_Upper,SMA_50,EMA_26,MFI,SMA_10,ROC,OBV,MACD",SMA_20
RELIANCE,2024-01-09,2024,1,Sideways,0,0.5545,SELL,0,1,0.8512,BUY,1,10,"SMA_20,ATR_14,BB_Upper,SMA_50,EMA_26,MFI,SMA_10,ROC,OBV,MACD",SMA_20
RELIANCE,2024-01-10,2024,1,Sideways,0,0.6217,SELL,0,1,0.6518,BUY,1,10,"SMA_20,ATR_14,BB_Upper,SMA_50,EMA_26,MFI,SMA_10,ROC,OBV,MACD",SMA_20
RELIANCE,2024-01-11,2024,1,Sideways,0,0.6258,SELL,0,1,0.5435,NO TRADE,1,10,"SMA_20,ATR_14,BB_Upper,SMA_50,EMA_26,MFI,SMA_10,ROC,OBV,MACD",SMA_20
RELIANCE,2024-01-12,2024,1,Sideways,0,0.5172,NO TRADE,0,1,0.6132,BUY,1,10,"SMA_20,ATR_14,BB_Upper,SMA_50,EMA_26,MFI,SMA_10,ROC,OBV,MACD",SMA_20
RELIANCE,2024-01-15,2024,1,Sideways,0,0.5379,NO TRADE,0,1,0.5976,BUY,1,10,"SMA_20,ATR_14,BB_Upper,SMA_50,EMA_26,MFI,SMA_10,ROC,OBV,MACD",SMA_20
RELIANCE,2024-01-16,2024,1,Sideways,0,0.5294,NO TRADE,0,1,0.8595,BUY,1,10,"SMA_20,ATR_14,BB_Upper,SMA_50,EMA_26,MFI,SMA_10,ROC,OBV,MACD",SMA_20
RELIANCE,2024-01-17,2024,1,Sideways,0,0.5093,NO TRADE,0,1,0.7345,BUY,1,10,"SMA_20,ATR_14,BB_Upper,SMA_50,EMA_26,MFI,SMA_10,ROC,OBV,MACD",SMA_20
RELIANCE,2024-01-18,2024,1,Sideways,0,0.502,NO TRADE,0,1,0.8295,BUY,1,10,"SMA_20,ATR_14,BB_Upper,SMA_50,EMA_26,MFI,SMA_10,ROC,OBV,MACD",SMA_20
RELIANCE,2024-01-19,2024,1,Sideways,0,0.5002,NO TRADE,0,1,0.8562,BUY,1,10,"SMA_20,ATR_14,BB_Upper,SMA_50,EMA_26,MFI,SMA_10,ROC,OBV,MACD",SMA_20
RELIANCE,2024-01-23,2024,1,Sideways,0,0.6582,SELL,0,1,0.6407,BUY,1,10,"SMA_20,ATR_14,BB_Upper,SMA_50,EMA_26,MFI,SMA_10,ROC,OBV,MACD",SMA_20
RELIANCE,2024-01-24,2024,1,Sideways,0,0.5929,SELL,0,1,0.7893,BUY,1,10,"SMA_20,ATR_14,BB_Upper,SMA_50,EMA_26,MFI,SMA_10,ROC,OBV,MACD",SMA_20
RELIANCE,2024-01-25,2024,1,Sideways,0,0.5541,SELL,0,1,0.8627,BUY,1,10,"SMA_20,ATR_14,BB_Upper,SMA_50,EMA_26,MFI,SMA_10,ROC,OBV,MACD",SMA_20
RELIANCE,2024-01-29,2024,1,Sideways,0,0.5742,SELL,0,1,0.6688,BUY,1,10,"Volume_MA,SMA_50,EMA_26,ATR_14,OBV,SMA_10,BB_Upper,Rolling_Volatility,MACD,ADX",Volume_MA
RELIANCE,2024-01-30,2024,1,Sideways,1,0.5268,NO TRADE,1,1,0.7606,BUY,1,10,"Volume_MA,SMA_50,EMA_26,ATR_14,OBV,SMA_10,BB_Upper,Rolling_Volatility,MACD,ADX",Volume_MA
RELIANCE,2024-01-31,2024,1,Sideways,1,0.5759,BUY,1,1,0.6903,BUY,1,10,"Volume_MA,SMA_50,EMA_26,ATR_14,OBV,SMA_10,BB_Upper,Rolling_Volatility,MACD,ADX",Volume_MA
RELIANCE,2024-02-01,2024,1,Sideways,1,0.5978,BUY,1,1,0.8663,BUY,1,10,"Volume_MA,SMA_50,EMA_26,ATR_14,OBV,SMA_10,BB_Upper,Rolling_Volatility,MACD,ADX",Volume_MA
RELIANCE,2024-02-02,2024,1,Sideways,1,0.561,BUY,1,1,0.7564,BUY,1,10,"Volume_MA,SMA_50,EMA_26,ATR_14,OBV,SMA_10,BB_Upper,Rolling_Volatility,MACD,ADX",Volume_MA
RELIANCE,2024-02-05,2024,1,Sideways,1,0.5862,BUY,1,1,0.8598,BUY,1,10,"Volume_MA,SMA_50,EMA_26,ATR_14,OBV,SMA_10,BB_Upper,Rolling_Volatility,MACD,ADX",Volume_MA
RELIANCE,2024-02-06,2024,1,Sideways,1,0.6166,BUY,1,1,0.852,BUY,1,10,"Volume_MA,SMA_50,EMA_26,ATR_14,OBV,SMA_10,BB_Upper,Rolling_Volatility,MACD,ADX",Volume_MA
RELIANCE,2024-02-07,2024,1,Sideways,1,0.6096,BUY,1,1,0.783,BUY,1,10,"Volume_MA,SMA_50,EMA_26,ATR_14,OBV,SMA_10,BB_Upper,Rolling_Volatility,MACD,ADX",Volume_MA
RELIANCE,2024-02-08,2024,1,Sideways,1,0.6162,BUY,1,1,0.6433,BUY,1,10,"Volume_MA,SMA_50,EMA_26,ATR_14,OBV,SMA_10,BB_Upper,Rolling_Volatility,MACD,ADX",Volume_MA
RELIANCE,2024-02-09,2024,1,Sideways,1,0.625,BUY,1,1,0.6537,BUY,1,10,"Volume_MA,SMA_50,EMA_26,ATR_14,OBV,SMA_10,BB_Upper,Rolling_Volatility,MACD,ADX",Volume_MA
RELIANCE,2024-02-12,2024,1,Sideways,1,0.5465,NO TRADE,1,1,0.8374,BUY,1,10,"Volume_MA,SMA_50,EMA_26,ATR_14,OBV,SMA_10,BB_Upper,Rolling_Volatility,MACD,ADX",Volume_MA
RELIANCE,2024-02-13,2024,0,Sideways,1,0.6085,BUY,0,1,0.8835,BUY,0,10,"Volume_MA,SMA_50,EMA_26,ATR_14,OBV,SMA_10,BB_Upper,Rolling_Volatility,MACD,ADX",Volume_MA
RELIANCE,2024-02-14,2024,0,Sideways,1,0.5715,BUY,0,1,0.7721,BUY,0,10,"Volume_MA,SMA_50,EMA_26,ATR_14,OBV,SMA_10,BB_Upper,Rolling_Volatility,MACD,ADX",Volume_MA
RELIANCE,2024-02-15,2024,0,Sideways,1,0.7784,BUY,0,1,0.6389,BUY,0,10,"Volume_MA,SMA_50,EMA_26,ATR_14,OBV,SMA_10,BB_Upper,Rolling_Volatility,MACD,ADX",Volume_MA
RELIANCE,2024-02-16,2024,0,Sideways,1,0.6215,BUY,0,1,0.5799,BUY,0,10,"Volume_MA,SMA_50,EMA_26,ATR_14,OBV,SMA_10,BB_Upper,Rolling_Volatility,MACD,ADX",Volume_MA
RELIANCE,2024-02-19,2024,0,Sideways,0,0.5833,SELL,1,0,0.6902,SELL,1,10,"Volume_MA,SMA_50,EMA_26,ATR_14,OBV,SMA_10,BB_Upper,Rolling_Volatility,MACD,ADX",Volume_MA
RELIANCE,2024-02-20,2024,0,Sideways,0,0.6106,SELL,1,0,0.7057,SELL,1,10,"Volume_MA,SMA_50,EMA_26,ATR_14,OBV,SMA_10,BB_Upper,Rolling_Volatility,MACD,ADX",Volume_MA
RELIANCE,2024-02-21,2024,0,Sideways,0,0.5713,SELL,1,0,0.5177,NO TRADE,1,10,"Volume_MA,SMA_50,EMA_26,ATR_14,OBV,SMA_10,BB_Upper,Rolling_Volatility,MACD,ADX",Volume_MA
RELIANCE,2024-02-22,2024,0,Sideways,0,0.8021,SELL,1,0,0.8989,SELL,1,10,"Volume_MA,SMA_50,EMA_26,ATR_14,OBV,SMA_10,BB_Upper,Rolling_Volatility,MACD,ADX",Volume_MA
RELIANCE,2024-02-23,2024,0,Sideways,0,0.8843,SELL,1,0,0.9246,SELL,1,10,"Volume_MA,SMA_50,EMA_26,ATR_14,OBV,SMA_10,BB_Upper,Rolling_Volatility,MACD,ADX",Volume_MA
RELIANCE,2024-02-26,2024,1,Sideways,0,0.7955,SELL,0,0,0.9301,SELL,0,10,"Volume_MA,SMA_50,EMA_26,ATR_14,OBV,SMA_10,BB_Upper,Rolling_Volatility,MACD,ADX",Volume_MA
RELIANCE,2024-02-27,2024,1,Sideways,0,0.7155,SELL,0,0,0.6419,SELL,0,10,"Volume_MA,SMA_50,EMA_26,ATR_14,OBV,SMA_10,BB_Upper,Rolling_Volatility,MACD,ADX",Volume_MA
RELIANCE,2024-02-28,2024,1,Sideways,0,0.5737,SELL,0,0,0.5126,NO TRADE,0,10,"Volume_MA,SMA_50,EMA_26,ATR_14,OBV,SMA_10,BB_Upper,Rolling_Volatility,MACD,ADX",Volume_MA
RELIANCE,2024-02-29,2024,1,Sideways,0,0.6013,SELL,0,0,0.5026,NO TRADE,0,10,"Volume_MA,SMA_50,EMA_26,ATR_14,OBV,SMA_10,BB_Upper,Rolling_Volatility,MACD,ADX",Volume_MA
RELIANCE,2024-03-01,2024,0,Sideways,1,0.6168,BUY,0,1,0.6038,BUY,0,10,"Volume_MA,SMA_50,EMA_26,ATR_14,OBV,SMA_10,BB_Upper,Rolling_Volatility,MACD,ADX",Volume_MA
RELIANCE,2024-03-04,2024,0,Sideways,0,0.7602,SELL,1,0,0.6899,SELL,1,10,"Volume_MA,SMA_50,EMA_26,ATR_14,OBV,SMA_10,BB_Upper,Rolling_Volatility,MACD,ADX",Volume_MA
RELIANCE,2024-03-05,2024,0,Sideways,0,0.8616,SELL,1,0,0.8558,SELL,1,10,"Volume_MA,SMA_50,EMA_26,ATR_14,OBV,SMA_10,BB_Upper,Rolling_Volatility,MACD,ADX",Volume_MA
RELIANCE,2024-03-06,2024,0,Sideways,0,0.8711,SELL,1,0,0.7782,SELL,1,10,"Volume_MA,SMA_50,EMA_26,ATR_14,OBV,SMA_10,BB_Upper,Rolling_Volatility,MACD,ADX",Volume_MA
RELIANCE,2024-03-07,2024,0,Sideways,0,0.7338,SELL,1,0,0.8041,SELL,1,10,"Volume_MA,SMA_50,EMA_26,ATR_14,OBV,SMA_10,BB_Upper,Rolling_Volatility,MACD,ADX",Volume_MA
RELIANCE,2024-03-11,2024,1,Sideways,0,0.8122,SELL,0,0,0.8323,SELL,0,10,"Volume_MA,SMA_50,EMA_26,ATR_14,OBV,SMA_10,BB_Upper,Rolling_Volatility,MACD,ADX",Volume_MA
RELIANCE,2024-03-12,2024,0,Sideways,0,0.7255,SELL,1,0,0.6211,SELL,1,10,"EMA_26,MACD_Signal,OBV,SMA_20,RSI_14,EMA_12,SMA_10,BB_Upper,MACD,Volume_MA",EMA_26
RELIANCE,2024-03-13,2024,1,Sideways,1,0.734,BUY,1,0,0.7232,SELL,0,10,"EMA_26,MACD_Signal,OBV,SMA_20,RSI_14,EMA_12,SMA_10,BB_Upper,MACD,Volume_MA",EMA_26
RELIANCE,2024-03-14,2024,1,Sideways,1,0.5236,NO TRADE,1,0,0.6239,SELL,0,10,"EMA_26,MACD_Signal,OBV,SMA_20,RSI_14,EMA_12,SMA_10,BB_Upper,MACD,Volume_MA",EMA_26
RELIANCE,2024-03-15,2024,1,Sideways,1,0.588,BUY,1,0,0.6817,SELL,0,10,"EMA_26,MACD_Signal,OBV,SMA_20,RSI_14,EMA_12,SMA_10,BB_Upper,MACD,Volume_MA",EMA_26
RELIANCE,2024-03-18,2024,1,Sideways,1,0.569,BUY,1,1,0.7518,BUY,1,10,"EMA_26,MACD_Signal,OBV,SMA_20,RSI_14,EMA_12,SMA_10,BB_Upper,MACD,Volume_MA",EMA_26
RELIANCE,2024-03-19,2024,1,Sideways,1,0.5796,BUY,1,1,0.7835,BUY,1,10,"EMA_26,MACD_Signal,OBV,SMA_20,RSI_14,EMA_12,SMA_10,BB_Upper,MACD,Volume_MA",EMA_26
RELIANCE,2024-03-20,2024,1,Sideways,1,0.5534,BUY,1,1,0.8065,BUY,1,10,"EMA_26,MACD_Signal,OBV,SMA_20,RSI_14,EMA_12,SMA_10,BB_Upper,MACD,Volume_MA",EMA_26
RELIANCE,2024-03-21,2024,0,Sideways,1,0.511,NO TRADE,0,1,0.7552,BUY,0,10,"EMA_26,MACD_Signal,OBV,SMA_20,RSI_14,EMA_12,SMA_10,BB_Upper,MACD,Volume_MA",EMA_26
RELIANCE,2024-03-22,2024,1,Sideways,0,0.7309,SELL,0,0,0.654,SELL,0,10,"EMA_26,MACD_Signal,OBV,SMA_20,RSI_14,EMA_12,SMA_10,BB_Upper,MACD,Volume_MA",EMA_26
RELIANCE,2024-03-26,2024,1,Sideways,0,0.5441,NO TRADE,0,1,0.5826,BUY,1,10,"EMA_26,MACD_Signal,OBV,SMA_20,RSI_14,EMA_12,SMA_10,BB_Upper,MACD,Volume_MA",EMA_26
RELIANCE,2024-03-27,2024,0,Sideways,0,0.5629,SELL,1,1,0.6044,BUY,0,10,"EMA_26,MACD_Signal,OBV,SMA_20,RSI_14,EMA_12,SMA_10,BB_Upper,MACD,Volume_MA",EMA_26
RELIANCE,2024-03-28,2024,0,Sideways,0,0.6983,SELL,1,0,0.7009,SELL,1,10,"EMA_26,MACD_Signal,OBV,SMA_20,RSI_14,EMA_12,SMA_10,BB_Upper,MACD,Volume_MA",EMA_26
RELIANCE,2024-04-01,2024,0,Sideways,0,0.8905,SELL,1,0,0.7285,SELL,1,10,"EMA_26,MACD_Signal,OBV,SMA_20,RSI_14,EMA_12,SMA_10,BB_Upper,MACD,Volume_MA",EMA_26
RELIANCE,2024-04-02,2024,0,Sideways,0,0.8844,SELL,1,0,0.7495,SELL,1,10,"EMA_26,MACD_Signal,OBV,SMA_20,RSI_14,EMA_12,SMA_10,BB_Upper,MACD,Volume_MA",EMA_26
RELIANCE,2024-04-03,2024,0,Sideways,0,0.9007,SELL,1,0,0.6506,SELL,1,10,"EMA_26,MACD_Signal,OBV,SMA_20,RSI_14,EMA_12,SMA_10,BB_Upper,MACD,Volume_MA",EMA_26
RELIANCE,2024-04-04,2024,0,Sideways,0,0.8061,SELL,1,0,0.6939,SELL,1,10,"EMA_26,MACD_Signal,OBV,SMA_20,RSI_14,EMA_12,SMA_10,BB_Upper,MACD,Volume_MA",EMA_26
RELIANCE,2024-04-05,2024,0,Sideways,0,0.875,SELL,1,0,0.6913,SELL,1,10,"EMA_26,MACD_Signal,OBV,SMA_20,RSI_14,EMA_12,SMA_10,BB_Upper,MACD,Volume_MA",EMA_26
RELIANCE,2024-04-08,2024,0,Sideways,0,0.8835,SELL,1,0,0.795,SELL,1,10,"EMA_26,MACD_Signal,OBV,SMA_20,RSI_14,EMA_12,SMA_10,BB_Upper,MACD,Volume_MA",EMA_26
RELIANCE,2024-04-09,2024,0,Sideways,0,0.8852,SELL,1,0,0.774,SELL,1,10,"EMA_26,MACD_Signal,OBV,SMA_20,RSI_14,EMA_12,SMA_10,BB_Upper,MACD,Volume_MA",EMA_26
RELIANCE,2024-04-10,2024,0,Sideways,0,0.8817,SELL,1,0,0.8239,SELL,1,10,"EMA_26,MACD_Signal,OBV,SMA_20,RSI_14,EMA_12,SMA_10,BB_Upper,MACD,Volume_MA",EMA_26
RELIANCE,2024-04-12,2024,0,Sideways,0,0.9183,SELL,1,0,0.8321,SELL,1,10,"EMA_26,MACD_Signal,OBV,SMA_20,RSI_14,EMA_12,SMA_10,BB_Upper,MACD,Volume_MA",EMA_26
RELIANCE,2024-04-15,2024,0,Sideways,0,0.8529,SELL,1,0,0.8222,SELL,1,10,"EMA_26,MACD_Signal,OBV,SMA_20,RSI_14,EMA_12,SMA_10,BB_Upper,MACD,Volume_MA",EMA_26
RELIANCE,2024-04-16,2024,0,Sideways,0,0.9253,SELL,1,0,0.831,SELL,1,10,"EMA_26,MACD_Signal,OBV,SMA_20,RSI_14,EMA_12,SMA_10,BB_Upper,MACD,Volume_MA",EMA_26
RELIANCE,2024-04-18,2024,0,Sideways,0,0.9311,SELL,1,0,0.8068,SELL,1,10,"EMA_26,MACD_Signal,OBV,SMA_20,RSI_14,EMA_12,SMA_10,BB_Upper,MACD,Volume_MA",EMA_26
RELIANCE,2024-04-19,2024,0,Sideways,0,0.9295,SELL,1,0,0.8538,SELL,1,10,"EMA_26,MACD_Signal,OBV,SMA_20,RSI_14,EMA_12,SMA_10,BB_Upper,MACD,Volume_MA",EMA_26
RELIANCE,2024-04-22,2024,0,Sideways,0,0.9269,SELL,1,0,0.8675,SELL,1,10,"EMA_26,MACD_Signal,OBV,SMA_20,RSI_14,EMA_12,SMA_10,BB_Upper,MACD,Volume_MA",EMA_26
RELIANCE,2024-04-23,2024,1,Sideways,0,0.9344,SELL,0,0,0.8798,SELL,0,10,"EMA_26,MACD_Signal,OBV,SMA_20,RSI_14,EMA_12,SMA_10,BB_Upper,MACD,Volume_MA",EMA_26
RELIANCE,2024-04-24,2024,1,Sideways,0,0.7496,SELL,0,0,0.6284,SELL,0,10,"EMA_26,MACD_Signal,OBV,SMA_20,RSI_14,EMA_12,SMA_10,BB_Upper,MACD,Volume_MA",EMA_26
RELIANCE,2024-04-25,2024,1,Sideways,0,0.6925,SELL,0,0,0.7466,SELL,0,10,"EMA_26,MACD_Signal,OBV,SMA_20,RSI_14,EMA_12,SMA_10,BB_Upper,MACD,Volume_MA",EMA_26
RELIANCE,2024-04-26,2024,1,Sideways,1,0.5337,NO TRADE,1,1,0.5671,BUY,1,10,"EMA_26,MACD_Signal,OBV,SMA_20,RSI_14,EMA_12,SMA_10,BB_Upper,MACD,Volume_MA",EMA_26
RELIANCE,2024-04-29,2024,0,Sideways,0,0.6787,SELL,1,1,0.633,BUY,0,10,"EMA_26,ATR_14,Volume_MA,RSI_14,MACD_Signal,EMA_12,SMA_20,SMA_50,SMA_10,MACD_Hist",EMA_26
RELIANCE,2024-04-30,2024,0,Sideways,0,0.8662,SELL,1,0,0.796,SELL,1,10,"EMA_26,ATR_14,Volume_MA,RSI_14,MACD_Signal,EMA_12,SMA_20,SMA_50,SMA_10,MACD_Hist",EMA_26
RELIANCE,2024-05-02,2024,0,Sideways,0,0.931,SELL,1,0,0.8525,SELL,1,10,"EMA_26,ATR_14,Volume_MA,RSI_14,MACD_Signal,EMA_12,SMA_20,SMA_50,SMA_10,MACD_Hist",EMA_26
RELIANCE,2024-05-03,2024,1,Sideways,1,0.6227,BUY,1,1,0.6225,BUY,1,10,"EMA_26,ATR_14,Volume_MA,RSI_14,MACD_Signal,EMA_12,SMA_20,SMA_50,SMA_10,MACD_Hist",EMA_26
RELIANCE,2024-05-06,2024,0,Sideways,1,0.5273,NO TRADE,0,1,0.756,BUY,0,10,"EMA_26,ATR_14,Volume_MA,RSI_14,MACD_Signal,EMA_12,SMA_20,SMA_50,SMA_10,MACD_Hist",EMA_26
RELIANCE,2024-05-07,2024,1,Sideways,0,0.5647,SELL,0,0,0.5943,SELL,0,10,"EMA_26,ATR_14,Volume_MA,RSI_14,MACD_Signal,EMA_12,SMA_20,SMA_50,SMA_10,MACD_Hist",EMA_26
RELIANCE,2024-05-08,2024,1,Sideways,1,0.5729,BUY,1,1,0.6262,BUY,1,10,"EMA_26,ATR_14,Volume_MA,RSI_14,MACD_Signal,EMA_12,SMA_20,SMA_50,SMA_10,MACD_Hist",EMA_26
RELIANCE,2024-05-09,2024,1,Sideways,1,0.7173,BUY,1,1,0.7909,BUY,1,10,"EMA_26,ATR_14,Volume_MA,RSI_14,MACD_Signal,EMA_12,SMA_20,SMA_50,SMA_10,MACD_Hist",EMA_26
RELIANCE,2024-05-10,2024,1,Sideways,1,0.557,BUY,1,1,0.8911,BUY,1,10,"EMA_26,ATR_14,Volume_MA,RSI_14,MACD_Signal,EMA_12,SMA_20,SMA_50,SMA_10,MACD_Hist",EMA_26
RELIANCE,2024-05-13,2024,1,Sideways,1,0.5557,BUY,1,1,0.9106,BUY,1,10,"EMA_26,ATR_14,Volume_MA,RSI_14,MACD_Signal,EMA_12,SMA_20,SMA_50,SMA_10,MACD_Hist",EMA_26
RELIANCE,2024-05-14,2024,1,Sideways,1,0.5745,BUY,1,1,0.8684,BUY,1,10,"EMA_26,ATR_14,Volume_MA,RSI_14,MACD_Signal,EMA_12,SMA_20,SMA_50,SMA_10,MACD_Hist",EMA_26
RELIANCE,2024-05-15,2024,1,Sideways,1,0.5761,BUY,1,1,0.8768,BUY,1,10,"EMA_26,ATR_14,Volume_MA,RSI_14,MACD_Signal,EMA_12,SMA_20,SMA_50,SMA_10,MACD_Hist",EMA_26
RELIANCE,2024-05-16,2024,1,Sideways,1,0.6439,BUY,1,1,0.8887,BUY,1,10,"EMA_26,ATR_14,Volume_MA,RSI_14,MACD_Signal,EMA_12,SMA_20,SMA_50,SMA_10,MACD_Hist",EMA_26
RELIANCE,2024-05-17,2024,1,Sideways,1,0.5855,BUY,1,1,0.8804,BUY,1,10,"EMA_26,ATR_14,Volume_MA,RSI_14,MACD_Signal,EMA_12,SMA_20,SMA_50,SMA_10,MACD_Hist",EMA_26
RELIANCE,2024-05-21,2024,1,Sideways,1,0.6103,BUY,1,1,0.8826,BUY,1,10,"EMA_26,ATR_14,Volume_MA,RSI_14,MACD_Signal,EMA_12,SMA_20,SMA_50,SMA_10,MACD_Hist",EMA_26
RELIANCE,2024-05-22,2024,1,Sideways,1,0.7067,BUY,1,1,0.7721,BUY,1,10,"EMA_26,ATR_14,Volume_MA,RSI_14,MACD_Signal,EMA_12,SMA_20,SMA_50,SMA_10,MACD_Hist",EMA_26
RELIANCE,2024-05-23,2024,0,Sideways,1,0.7386,BUY,0,1,0.8443,BUY,0,10,"EMA_26,ATR_14,Volume_MA,RSI_14,MACD_Signal,EMA_12,SMA_20,SMA_50,SMA_10,MACD_Hist",EMA_26
RELIANCE,2024-05-24,2024,0,Sideways,0,0.5539,SELL,1,1,0.6384,BUY,0,10,"EMA_26,ATR_14,Volume_MA,RSI_14,MACD_Signal,EMA_12,SMA_20,SMA_50,SMA_10,MACD_Hist",EMA_26
RELIANCE,2024-05-27,2024,0,Sideways,0,0.733,SELL,1,1,0.51,NO TRADE,0,10,"EMA_26,ATR_14,Volume_MA,RSI_14,MACD_Signal,EMA_12,SMA_20,SMA_50,SMA_10,MACD_Hist",EMA_26
RELIANCE,2024-05-28,2024,1,Sideways,0,0.8033,SELL,0,1,0.5333,NO TRADE,1,10,"EMA_26,ATR_14,Volume_MA,RSI_14,MACD_Signal,EMA_12,SMA_20,SMA_50,SMA_10,MACD_Hist",EMA_26
RELIANCE,2024-05-29,2024,1,Sideways,0,0.6961,SELL,0,1,0.6391,BUY,1,10,"EMA_26,ATR_14,Volume_MA,RSI_14,MACD_Signal,EMA_12,SMA_20,SMA_50,SMA_10,MACD_Hist",EMA_26
RELIANCE,2024-05-30,2024,1,Sideways,1,0.6079,BUY,1,1,0.771,BUY,1,10,"EMA_26,ATR_14,Volume_MA,RSI_14,MACD_Signal,EMA_12,SMA_20,SMA_50,SMA_10,MACD_Hist",EMA_26
RELIANCE,2024-05-31,2024,1,Sideways,0,0.5134,NO TRADE,0,1,0.7826,BUY,1,10,"EMA_26,ATR_14,Volume_MA,RSI_14,MACD_Signal,EMA_12,SMA_20,SMA_50,SMA_10,MACD_Hist",EMA_26
RELIANCE,2024-06-03,2024,1,Sideways,0,0.551,SELL,0,1,0.5416,NO TRADE,1,10,"EMA_26,ATR_14,Volume_MA,RSI_14,MACD_Signal,EMA_12,SMA_20,SMA_50,SMA_10,MACD_Hist",EMA_26
RELIANCE,2024-06-04,2024,1,Sideways,1,0.9492,BUY,1,1,0.8531,BUY,1,10,"EMA_26,ATR_14,Volume_MA,RSI_14,MACD_Signal,EMA_12,SMA_20,SMA_50,SMA_10,MACD_Hist",EMA_26
RELIANCE,2024-06-05,2024,1,Sideways,1,0.8608,BUY,1,1,0.9635,BUY,1,10,"EMA_26,ATR_14,Volume_MA,RSI_14,MACD_Signal,EMA_12,SMA_20,SMA_50,SMA_10,MACD_Hist",EMA_26
RELIANCE,2024-06-06,2024,1,Sideways,1,0.7079,BUY,1,1,0.9651,BUY,1,10,"EMA_26,ATR_14,Volume_MA,RSI_14,MACD_Signal,EMA_12,SMA_20,SMA_50,SMA_10,MACD_Hist",EMA_26
RELIANCE,2024-06-07,2024,1,Sideways,1,0.8497,BUY,1,1,0.9646,BUY,1,10,"EMA_26,ATR_14,Volume_MA,RSI_14,MACD_Signal,EMA_12,SMA_20,SMA_50,SMA_10,MACD_Hist",EMA_26
RELIANCE,2024-06-10,2024,1,Sideways,1,0.8242,BUY,1,1,0.9644,BUY,1,10,"EMA_26,ATR_14,Volume_MA,RSI_14,MACD_Signal,EMA_12,SMA_20,SMA_50,SMA_10,MACD_Hist",EMA_26
RELIANCE,2024-06-11,2024,1,Sideways,1,0.8329,BUY,1,1,0.9649,BUY,1,10,"EMA_26,ATR_14,Volume_MA,RSI_14,MACD_Signal,EMA_12,SMA_20,SMA_50,SMA_10,MACD_Hist",EMA_26
RELIANCE,2024-06-12,2024,1,Sideways,1,0.8773,BUY,1,1,0.9376,BUY,1,10,"Volume_MA,EMA_12,EMA_26,ATR_14,SMA_20,SMA_10,CCI,OBV,Williams_R,MACD_Signal",Volume_MA
RELIANCE,2024-06-13,2024,1,Sideways,1,0.8808,BUY,1,1,0.937,BUY,1,10,"Volume_MA,EMA_12,EMA_26,ATR_14,SMA_20,SMA_10,CCI,OBV,Williams_R,MACD_Signal",Volume_MA
RELIANCE,2024-06-14,2024,1,Sideways,1,0.8947,BUY,1,1,0.936,BUY,1,10,"Volume_MA,EMA_12,EMA_26,ATR_14,SMA_20,SMA_10,CCI,OBV,Williams_R,MACD_Signal",Volume_MA
RELIANCE,2024-06-18,2024,1,Sideways,1,0.8807,BUY,1,1,0.9341,BUY,1,10,"Volume_MA,EMA_12,EMA_26,ATR_14,SMA_20,SMA_10,CCI,OBV,Williams_R,MACD_Signal",Volume_MA
RELIANCE,2024-06-19,2024,1,Sideways,1,0.819,BUY,1,1,0.9326,BUY,1,10,"Volume_MA,EMA_12,EMA_26,ATR_14,SMA_20,SMA_10,CCI,OBV,Williams_R,MACD_Signal",Volume_MA
RELIANCE,2024-06-20,2024,1,Sideways,1,0.7788,BUY,1,1,0.934,BUY,1,10,"Volume_MA,EMA_12,EMA_26,ATR_14,SMA_20,SMA_10,CCI,OBV,Williams_R,MACD_Signal",Volume_MA
RELIANCE,2024-06-21,2024,1,Sideways,1,0.7789,BUY,1,1,0.9335,BUY,1,10,"Volume_MA,EMA_12,EMA_26,ATR_14,SMA_20,SMA_10,CCI,OBV,Williams_R,MACD_Signal",Volume_MA
RELIANCE,2024-06-24,2024,1,Sideways,1,0.676,BUY,1,1,0.9285,BUY,1,10,"Volume_MA,EMA_12,EMA_26,ATR_14,SMA_20,SMA_10,CCI,OBV,Williams_R,MACD_Signal",Volume_MA
RELIANCE,2024-06-25,2024,1,Sideways,1,0.7327,BUY,1,1,0.9207,BUY,1,10,"Volume_MA,EMA_12,EMA_26,ATR_14,SMA_20,SMA_10,CCI,OBV,Williams_R,MACD_Signal",Volume_MA
RELIANCE,2024-06-26,2024,0,Sideways,1,0.8838,BUY,0,1,0.9377,BUY,0,10,"Volume_MA,EMA_12,EMA_26,ATR_14,SMA_20,SMA_10,CCI,OBV,Williams_R,MACD_Signal",Volume_MA
RELIANCE,2024-06-27,2024,0,Sideways,1,0.7266,BUY,0,1,0.8804,BUY,0,10,"Volume_MA,EMA_12,EMA_26,ATR_14,SMA_20,SMA_10,CCI,OBV,Williams_R,MACD_Signal",Volume_MA
RELIANCE,2024-06-28,2024,0,Sideways,1,0.6828,BUY,0,1,0.7299,BUY,0,10,"Volume_MA,EMA_12,EMA_26,ATR_14,SMA_20,SMA_10,CCI,OBV,Williams_R,MACD_Signal",Volume_MA
RELIANCE,2024-07-01,2024,0,Sideways,0,0.5732,SELL,1,0,0.658,SELL,1,10,"Volume_MA,EMA_12,EMA_26,ATR_14,SMA_20,SMA_10,CCI,OBV,Williams_R,MACD_Signal",Volume_MA
RELIANCE,2024-07-02,2024,0,Sideways,0,0.7411,SELL,1,0,0.7731,SELL,1,10,"Volume_MA,EMA_12,EMA_26,ATR_14,SMA_20,SMA_10,CCI,OBV,Williams_R,MACD_Signal",Volume_MA
RELIANCE,2024-07-03,2024,0,Sideways,0,0.8639,SELL,1,0,0.7639,SELL,1,10,"Volume_MA,EMA_12,EMA_26,ATR_14,SMA_20,SMA_10,CCI,OBV,Williams_R,MACD_Signal",Volume_MA
RELIANCE,2024-07-04,2024,0,Sideways,0,0.8987,SELL,1,0,0.8132,SELL,1,10,"Volume_MA,EMA_12,EMA_26,ATR_14,SMA_20,SMA_10,CCI,OBV,Williams_R,MACD_Signal",Volume_MA
RELIANCE,2024-07-05,2024,0,Sideways,0,0.6959,SELL,1,0,0.8775,SELL,1,10,"Volume_MA,EMA_12,EMA_26,ATR_14,SMA_20,SMA_10,CCI,OBV,Williams_R,MACD_Signal",Volume_MA
RELIANCE,2024-07-08,2024,0,Sideways,0,0.8547,SELL,1,0,0.8923,SELL,1,10,"Volume_MA,EMA_12,EMA_26,ATR_14,SMA_20,SMA_10,CCI,OBV,Williams_R,MACD_Signal",Volume_MA
RELIANCE,2024-07-09,2024,0,Sideways,0,0.9078,SELL,1,0,0.8918,SELL,1,10,"Volume_MA,EMA_12,EMA_26,ATR_14,SMA_20,SMA_10,CCI,OBV,Williams_R,MACD_Signal",Volume_MA
RELIANCE,2024-07-10,2024,0,Sideways,0,0.8101,SELL,1,0,0.8841,SELL,1,10,"Volume_MA,EMA_12,EMA_26,ATR_14,SMA_20,SMA_10,CCI,OBV,Williams_R,MACD_Signal",Volume_MA
RELIANCE,2024-07-11,2024,0,Sideways,0,0.9109,SELL,1,0,0.8727,SELL,1,10,"Volume_MA,EMA_12,EMA_26,ATR_14,SMA_20,SMA_10,CCI,OBV,Williams_R,MACD_Signal",Volume_MA
RELIANCE,2024-07-12,2024,0,Sideways,0,0.9289,SELL,1,0,0.8873,SELL,1,10,"Volume_MA,EMA_12,EMA_26,ATR_14,SMA_20,SMA_10,CCI,OBV,Williams_R,MACD_Signal",Volume_MA
RELIANCE,2024-07-15,2024,0,Sideways,0,0.9304,SELL,1,0,0.8971,SELL,1,10,"Volume_MA,EMA_12,EMA_26,ATR_14,SMA_20,SMA_10,CCI,OBV,Williams_R,MACD_Signal",Volume_MA
RELIANCE,2024-07-16,2024,0,Sideways,0,0.9332,SELL,1,0,0.8906,SELL,1,10,"Volume_MA,EMA_12,EMA_26,ATR_14,SMA_20,SMA_10,CCI,OBV,Williams_R,MACD_Signal",Volume_MA
RELIANCE,2024-07-18,2024,0,Sideways,0,0.9523,SELL,1,0,0.8997,SELL,1,10,"Volume_MA,EMA_12,EMA_26,ATR_14,SMA_20,SMA_10,CCI,OBV,Williams_R,MACD_Signal",Volume_MA
RELIANCE,2024-07-19,2024,0,Sideways,0,0.8713,SELL,1,0,0.8641,SELL,1,10,"Volume_MA,EMA_12,EMA_26,ATR_14,SMA_20,SMA_10,CCI,OBV,Williams_R,MACD_Signal",Volume_MA
RELIANCE,2024-07-22,2024,1,Sideways,1,0.687,BUY,1,0,0.7503,SELL,0,10,"Volume_MA,EMA_12,EMA_26,ATR_14,SMA_20,SMA_10,CCI,OBV,Williams_R,MACD_Signal",Volume_MA
RELIANCE,2024-07-23,2024,1,Sideways,1,0.6472,BUY,1,0,0.6147,SELL,0,10,"Volume_MA,EMA_12,EMA_26,ATR_14,SMA_20,SMA_10,CCI,OBV,Williams_R,MACD_Signal",Volume_MA
RELIANCE,2024-07-24,2024,1,Sideways,1,0.6819,BUY,1,0,0.5791,SELL,0,10,"Volume_MA,EMA_12,EMA_26,ATR_14,SMA_20,SMA_10,CCI,OBV,Williams_R,MACD_Signal",Volume_MA
RELIANCE,2024-07-25,2024,1,Sideways,1,0.6198,BUY,1,1,0.5211,NO TRADE,1,10,"Volume_MA,EMA_12,EMA_26,ATR_14,SMA_20,SMA_10,CCI,OBV,Williams_R,MACD_Signal",Volume_MA
RELIANCE,2024-07-26,2024,1,Sideways,1,0.6398,BUY,1,0,0.5542,SELL,0,10,"Volume_MA,Rolling_Std_10,EMA_12,EMA_26,OBV,Rolling_Volatility,BB_Upper,MACD,RSI_14,Williams_R",Volume_MA
RELIANCE,2024-07-29,2024,0,Sideways,0,0.5689,SELL,1,0,0.6011,SELL,1,10,"Volume_MA,Rolling_Std_10,EMA_12,EMA_26,OBV,Rolling_Volatility,BB_Upper,MACD,RSI_14,Williams_R",Volume_MA
RELIANCE,2024-07-30,2024,0,Sideways,0,0.5744,SELL,1,0,0.5348,NO TRADE,1,10,"Volume_MA,Rolling_Std_10,EMA_12,EMA_26,OBV,Rolling_Volatility,BB_Upper,MACD,RSI_14,Williams_R",Volume_MA
RELIANCE,2024-07-31,2024,1,Sideways,0,0.6792,SELL,0,1,0.5855,BUY,1,10,"Volume_MA,Rolling_Std_10,EMA_12,EMA_26,OBV,Rolling_Volatility,BB_Upper,MACD,RSI_14,Williams_R",Volume_MA
RELIANCE,2024-08-01,2024,0,Sideways,0,0.5138,NO TRADE,1,1,0.5439,NO TRADE,0,10,"Volume_MA,Rolling_Std_10,EMA_12,EMA_26,OBV,Rolling_Volatility,BB_Upper,MACD,RSI_14,Williams_R",Volume_MA
RELIANCE,2024-08-02,2024,1,Sideways,0,0.5703,SELL,0,1,0.55,NO TRADE,1,10,"Volume_MA,Rolling_Std_10,EMA_12,EMA_26,OBV,Rolling_Volatility,BB_Upper,MACD,RSI_14,Williams_R",Volume_MA
RELIANCE,2024-08-05,2024,1,Sideways,1,0.9202,BUY,1,1,0.6726,BUY,1,10,"Volume_MA,Rolling_Std_10,EMA_12,EMA_26,OBV,Rolling_Volatility,BB_Upper,MACD,RSI_14,Williams_R",Volume_MA
RELIANCE,2024-08-06,2024,1,Sideways,1,0.5639,BUY,1,1,0.7593,BUY,1,10,"Volume_MA,Rolling_Std_10,EMA_12,EMA_26,OBV,Rolling_Volatility,BB_Upper,MACD,RSI_14,Williams_R",Volume_MA
RELIANCE,2024-08-07,2024,1,Sideways,1,0.58,BUY,1,1,0.7756,BUY,1,10,"Volume_MA,Rolling_Std_10,EMA_12,EMA_26,OBV,Rolling_Volatility,BB_Upper,MACD,RSI_14,Williams_R",Volume_MA
RELIANCE,2024-08-08,2024,1,Sideways,1,0.5592,BUY,1,1,0.8227,BUY,1,10,"Volume_MA,Rolling_Std_10,EMA_12,EMA_26,OBV,Rolling_Volatility,BB_Upper,MACD,RSI_14,Williams_R",Volume_MA
RELIANCE,2024-08-09,2024,0,Sideways,1,0.7051,BUY,0,1,0.8244,BUY,0,10,"Volume_MA,Rolling_Std_10,EMA_12,EMA_26,OBV,Rolling_Volatility,BB_Upper,MACD,RSI_14,Williams_R",Volume_MA
RELIANCE,2024-08-12,2024,1,Sideways,1,0.6868,BUY,1,1,0.8291,BUY,1,10,"Volume_MA,Rolling_Std_10,EMA_12,EMA_26,OBV,Rolling_Volatility,BB_Upper,MACD,RSI_14,Williams_R",Volume_MA
RELIANCE,2024-08-13,2024,0,Sideways,1,0.6509,BUY,0,1,0.8432,BUY,0,10,"Volume_MA,Rolling_Std_10,EMA_12,EMA_26,OBV,Rolling_Volatility,BB_Upper,MACD,RSI_14,Williams_R",Volume_MA
RELIANCE,2024-08-14,2024,1,Sideways,1,0.5848,BUY,1,1,0.8385,BUY,1,10,"Volume_MA,Rolling_Std_10,EMA_12,EMA_26,OBV,Rolling_Volatility,BB_Upper,MACD,RSI_14,Williams_R",Volume_MA
RELIANCE,2024-08-16,2024,0,Sideways,1,0.6121,BUY,0,1,0.8165,BUY,0,10,"Volume_MA,Rolling_Std_10,EMA_12,EMA_26,OBV,Rolling_Volatility,BB_Upper,MACD,RSI_14,Williams_R",Volume_MA
RELIANCE,2024-08-19,2024,0,Sideways,1,0.5975,BUY,0,1,0.7502,BUY,0,10,"Volume_MA,Rolling_Std_10,EMA_12,EMA_26,OBV,Rolling_Volatility,BB_Upper,MACD,RSI_14,Williams_R",Volume_MA
RELIANCE,2024-08-20,2024,0,Sideways,0,0.6707,SELL,1,1,0.6623,BUY,0,10,"Volume_MA,Rolling_Std_10,EMA_12,EMA_26,OBV,Rolling_Volatility,BB_Upper,MACD,RSI_14,Williams_R",Volume_MA
RELIANCE,2024-08-21,2024,0,Sideways,0,0.7815,SELL,1,1,0.566,BUY,0,10,"Volume_MA,Rolling_Std_10,EMA_12,EMA_26,OBV,Rolling_Volatility,BB_Upper,MACD,RSI_14,Williams_R",Volume_MA
RELIANCE,2024-08-22,2024,0,Sideways,0,0.7883,SELL,1,1,0.5822,BUY,0,10,"Volume_MA,Rolling_Std_10,EMA_12,EMA_26,OBV,Rolling_Volatility,BB_Upper,MACD,RSI_14,Williams_R",Volume_MA
RELIANCE,2024-08-23,2024,0,Sideways,0,0.8401,SELL,1,1,0.5115,NO TRADE,0,10,"Volume_MA,Rolling_Std_10,EMA_12,EMA_26,OBV,Rolling_Volatility,BB_Upper,MACD,RSI_14,Williams_R",Volume_MA
RELIANCE,2024-08-26,2024,0,Sideways,0,0.8615,SELL,1,0,0.5852,SELL,1,10,"Volume_MA,Rolling_Std_10,EMA_12,EMA_26,OBV,Rolling_Volatility,BB_Upper,MACD,RSI_14,Williams_R",Volume_MA
RELIANCE,2024-08-27,2024,0,Sideways,0,0.7883,SELL,1,0,0.5456,NO TRADE,1,10,"Volume_MA,Rolling_Std_10,EMA_12,EMA_26,OBV,Rolling_Volatility,BB_Upper,MACD,RSI_14,Williams_R",Volume_MA
RELIANCE,2024-08-28,2024,0,Sideways,0,0.8153,SELL,1,0,0.5129,NO TRADE,1,10,"Volume_MA,Rolling_Std_10,EMA_12,EMA_26,OBV,Rolling_Volatility,BB_Upper,MACD,RSI_14,Williams_R",Volume_MA
RELIANCE,2024-08-29,2024,0,Sideways,0,0.6467,SELL,1,0,0.6031,SELL,1,10,"Volume_MA,Rolling_Std_10,EMA_12,EMA_26,OBV,Rolling_Volatility,BB_Upper,MACD,RSI_14,Williams_R",Volume_MA
RELIANCE,2024-08-30,2024,1,Sideways,0,0.7731,SELL,0,1,0.5525,BUY,1,10,"Volume_MA,Rolling_Std_10,EMA_12,EMA_26,OBV,Rolling_Volatility,BB_Upper,MACD,RSI_14,Williams_R",Volume_MA
RELIANCE,2024-09-02,2024,0,Sideways,0,0.854,SELL,1,1,0.5043,NO TRADE,0,10,"Volume_MA,Rolling_Std_10,EMA_12,EMA_26,OBV,Rolling_Volatility,BB_Upper,MACD,RSI_14,Williams_R",Volume_MA
RELIANCE,2024-09-03,2024,0,Sideways,0,0.7442,SELL,1,1,0.5869,BUY,0,10,"Volume_MA,Rolling_Std_10,EMA_12,EMA_26,OBV,Rolling_Volatility,BB_Upper,MACD,RSI_14,Williams_R",Volume_MA
RELIANCE,2024-09-04,2024,0,Sideways,0,0.7639,SELL,1,0,0.5169,NO TRADE,1,10,"Volume_MA,Rolling_Std_10,EMA_12,EMA_26,OBV,Rolling_Volatility,BB_Upper,MACD,RSI_14,Williams_R",Volume_MA
RELIANCE,2024-09-05,2024,0,Sideways,1,0.6045,BUY,0,1,0.6355,BUY,0,10,"Volume_MA,Rolling_Std_10,EMA_12,EMA_26,OBV,Rolling_Volatility,BB_Upper,MACD,RSI_14,Williams_R",Volume_MA
RELIANCE,2024-09-06,2024,0,Sideways,1,0.6809,BUY,0,1,0.7436,BUY,0,10,"Volume_MA,Rolling_Std_10,EMA_12,EMA_26,OBV,Rolling_Volatility,BB_Upper,MACD,RSI_14,Williams_R",Volume_MA
RELIANCE,2024-09-09,2024,0,Sideways,1,0.5805,BUY,0,1,0.7268,BUY,0,10,"SMA_50,EMA_26,Williams_R,Rolling_Std_10,RSI_14,ATR_14,Rolling_Volatility,EMA_12,Volume_MA,SMA_20",SMA_50
RELIANCE,2024-09-10,2024,0,Sideways,1,0.5741,BUY,0,1,0.6538,BUY,0,10,"SMA_50,EMA_26,Williams_R,Rolling_Std_10,RSI_14,ATR_14,Rolling_Volatility,EMA_12,Volume_MA,SMA_20",SMA_50
RELIANCE,2024-09-11,2024,0,Sideways,1,0.6507,BUY,0,1,0.6312,BUY,0,10,"SMA_50,EMA_26,Williams_R,Rolling_Std_10,RSI_14,ATR_14,Rolling_Volatility,EMA_12,Volume_MA,SMA_20",SMA_50
RELIANCE,2024-09-12,2024,0,Sideways,1,0.7382,BUY,0,0,0.5859,SELL,1,10,"SMA_50,EMA_26,Williams_R,Rolling_Std_10,RSI_14,ATR_14,Rolling_Volatility,EMA_12,Volume_MA,SMA_20",SMA_50
RELIANCE,2024-09-13,2024,0,Sideways,1,0.5229,NO TRADE,0,0,0.5713,SELL,1,10,"SMA_50,EMA_26,Williams_R,Rolling_Std_10,RSI_14,ATR_14,Rolling_Volatility,EMA_12,Volume_MA,SMA_20",SMA_50
RELIANCE,2024-09-16,2024,0,Sideways,0,0.5475,NO TRADE,1,0,0.5519,SELL,1,10,"SMA_50,EMA_26,Williams_R,Rolling_Std_10,RSI_14,ATR_14,Rolling_Volatility,EMA_12,Volume_MA,SMA_20",SMA_50
RELIANCE,2024-09-17,2024,0,Sideways,1,0.5048,NO TRADE,0,0,0.5456,NO TRADE,1,10,"SMA_50,EMA_26,Williams_R,Rolling_Std_10,RSI_14,ATR_14,Rolling_Volatility,EMA_12,Volume_MA,SMA_20",SMA_50
RELIANCE,2024-09-18,2024,0,Sideways,0,0.5607,SELL,1,0,0.5431,NO TRADE,1,10,"SMA_50,EMA_26,Williams_R,Rolling_Std_10,RSI_14,ATR_14,Rolling_Volatility,EMA_12,Volume_MA,SMA_20",SMA_50
RELIANCE,2024-09-19,2024,0,Sideways,0,0.542,NO TRADE,1,0,0.618,SELL,1,10,"SMA_50,EMA_26,Williams_R,Rolling_Std_10,RSI_14,ATR_14,Rolling_Volatility,EMA_12,Volume_MA,SMA_20",SMA_50
RELIANCE,2024-09-20,2024,0,Sideways,0,0.6022,SELL,1,0,0.7446,SELL,1,10,"SMA_50,EMA_26,Williams_R,Rolling_Std_10,RSI_14,ATR_14,Rolling_Volatility,EMA_12,Volume_MA,SMA_20",SMA_50
RELIANCE,2024-09-23,2024,0,Sideways,0,0.6808,SELL,1,0,0.7639,SELL,1,10,"SMA_50,EMA_26,Williams_R,Rolling_Std_10,RSI_14,ATR_14,Rolling_Volatility,EMA_12,Volume_MA,SMA_20",SMA_50
RELIANCE,2024-09-24,2024,0,Sideways,0,0.6945,SELL,1,0,0.7983,SELL,1,10,"SMA_50,EMA_26,Williams_R,Rolling_Std_10,RSI_14,ATR_14,Rolling_Volatility,EMA_12,Volume_MA,SMA_20",SMA_50
RELIANCE,2024-09-25,2024,0,Sideways,0,0.7053,SELL,1,0,0.8099,SELL,1,10,"SMA_50,EMA_26,Williams_R,Rolling_Std_10,RSI_14,ATR_14,Rolling_Volatility,EMA_12,Volume_MA,SMA_20",SMA_50
RELIANCE,2024-09-26,2024,0,Sideways,0,0.6817,SELL,1,0,0.6515,SELL,1,10,"SMA_50,EMA_26,Williams_R,Rolling_Std_10,RSI_14,ATR_14,Rolling_Volatility,EMA_12,Volume_MA,SMA_20",SMA_50
RELIANCE,2024-09-27,2024,0,Sideways,0,0.7088,SELL,1,0,0.7044,SELL,1,10,"SMA_50,EMA_26,Williams_R,Rolling_Std_10,RSI_14,ATR_14,Rolling_Volatility,EMA_12,Volume_MA,SMA_20",SMA_50
RELIANCE,2024-09-30,2024,0,Sideways,1,0.6842,BUY,0,0,0.678,SELL,1,10,"SMA_50,EMA_26,Williams_R,Rolling_Std_10,RSI_14,ATR_14,Rolling_Volatility,EMA_12,Volume_MA,SMA_20",SMA_50
RELIANCE,2024-10-01,2024,0,Sideways,0,0.82,SELL,1,0,0.6908,SELL,1,10,"SMA_50,EMA_26,Williams_R,Rolling_Std_10,RSI_14,ATR_14,Rolling_Volatility,EMA_12,Volume_MA,SMA_20",SMA_50
RELIANCE,2024-10-03,2024,0,Sideways,1,0.7942,BUY,0,0,0.689,SELL,1,10,"SMA_50,EMA_26,Williams_R,Rolling_Std_10,RSI_14,ATR_14,Rolling_Volatility,EMA_12,Volume_MA,SMA_20",SMA_50
RELIANCE,2024-10-04,2024,0,Sideways,0,0.5054,NO TRADE,1,0,0.7313,SELL,1,10,"SMA_50,EMA_26,Williams_R,Rolling_Std_10,RSI_14,ATR_14,Rolling_Volatility,EMA_12,Volume_MA,SMA_20",SMA_50
RELIANCE,2024-10-07,2024,0,Sideways,0,0.5688,SELL,1,0,0.7889,SELL,1,10,"SMA_50,EMA_26,Williams_R,Rolling_Std_10,RSI_14,ATR_14,Rolling_Volatility,EMA_12,Volume_MA,SMA_20",SMA_50
RELIANCE,2024-10-08,2024,0,Sideways,1,0.5783,BUY,0,0,0.8814,SELL,1,10,"SMA_50,EMA_26,Williams_R,Rolling_Std_10,RSI_14,ATR_14,Rolling_Volatility,EMA_12,Volume_MA,SMA_20",SMA_50
RELIANCE,2024-10-09,2024,0,Sideways,1,0.5753,BUY,0,0,0.8081,SELL,1,10,"SMA_50,EMA_26,Williams_R,Rolling_Std_10,RSI_14,ATR_14,Rolling_Volatility,EMA_12,Volume_MA,SMA_20",SMA_50
RELIANCE,2024-10-10,2024,0,Sideways,1,0.5128,NO TRADE,0,0,0.8087,SELL,1,10,"SMA_50,EMA_26,Williams_R,Rolling_Std_10,RSI_14,ATR_14,Rolling_Volatility,EMA_12,Volume_MA,SMA_20",SMA_50
RELIANCE,2024-10-11,2024,0,Sideways,1,0.5056,NO TRADE,0,0,0.9006,SELL,1,10,"SMA_50,EMA_26,Williams_R,Rolling_Std_10,RSI_14,ATR_14,Rolling_Volatility,EMA_12,Volume_MA,SMA_20",SMA_50
RELIANCE,2024-10-14,2024,0,Sideways,0,0.6723,SELL,1,0,0.851,SELL,1,10,"SMA_50,EMA_26,Williams_R,Rolling_Std_10,RSI_14,ATR_14,Rolling_Volatility,EMA_12,Volume_MA,SMA_20",SMA_50
RELIANCE,2024-10-15,2024,0,Sideways,0,0.6705,SELL,1,0,0.8566,SELL,1,10,"SMA_50,EMA_26,Williams_R,Rolling_Std_10,RSI_14,ATR_14,Rolling_Volatility,EMA_12,Volume_MA,SMA_20",SMA_50
RELIANCE,2024-10-16,2024,0,Sideways,0,0.6766,SELL,1,0,0.8963,SELL,1,10,"SMA_50,EMA_26,Williams_R,Rolling_Std_10,RSI_14,ATR_14,Rolling_Volatility,EMA_12,Volume_MA,SMA_20",SMA_50
RELIANCE,2024-10-17,2024,0,Sideways,0,0.6839,SELL,1,0,0.8941,SELL,1,10,"SMA_50,EMA_26,Williams_R,Rolling_Std_10,RSI_14,ATR_14,Rolling_Volatility,EMA_12,Volume_MA,SMA_20",SMA_50
RELIANCE,2024-10-18,2024,0,Sideways,0,0.6963,SELL,1,0,0.9195,SELL,1,10,"SMA_50,EMA_26,Williams_R,Rolling_Std_10,RSI_14,ATR_14,Rolling_Volatility,EMA_12,Volume_MA,SMA_20",SMA_50
RELIANCE,2024-10-21,2024,0,Sideways,0,0.6998,SELL,1,0,0.8343,SELL,1,10,"SMA_50,EMA_26,Williams_R,Rolling_Std_10,RSI_14,ATR_14,Rolling_Volatility,EMA_12,Volume_MA,SMA_20",SMA_50
RELIANCE,2024-10-22,2024,0,Sideways,0,0.7003,SELL,1,0,0.6592,SELL,1,10,"EMA_26,SMA_20,EMA_12,BB_Upper,MACD_Hist,OBV,MACD_Signal,ADX,RSI_14,Rolling_Std_10",EMA_26
RELIANCE,2024-10-23,2024,0,Sideways,0,0.73,SELL,1,0,0.7402,SELL,1,10,"EMA_26,SMA_20,EMA_12,BB_Upper,MACD_Hist,OBV,MACD_Signal,ADX,RSI_14,Rolling_Std_10",EMA_26
RELIANCE,2024-10-24,2024,0,Sideways,0,0.6452,SELL,1,0,0.6695,SELL,1,10,"EMA_26,SMA_20,EMA_12,BB_Upper,MACD_Hist,OBV,MACD_Signal,ADX,RSI_14,Rolling_Std_10",EMA_26
RELIANCE,2024-10-25,2024,0,Sideways,0,0.6669,SELL,1,0,0.7876,SELL,1,10,"EMA_26,SMA_20,EMA_12,BB_Upper,MACD_Hist,OBV,MACD_Signal,ADX,RSI_14,Rolling_Std_10",EMA_26
RELIANCE,2024-10-28,2024,0,Sideways,0,0.708,SELL,1,0,0.7942,SELL,1,10,"EMA_26,SMA_20,EMA_12,BB_Upper,MACD_Hist,OBV,MACD_Signal,ADX,RSI_14,Rolling_Std_10",EMA_26
RELIANCE,2024-10-29,2024,0,Sideways,0,0.7159,SELL,1,0,0.762,SELL,1,10,"EMA_26,SMA_20,EMA_12,BB_Upper,MACD_Hist,OBV,MACD_Signal,ADX,RSI_14,Rolling_Std_10",EMA_26
RELIANCE,2024-10-30,2024,0,Sideways,0,0.7225,SELL,1,0,0.7056,SELL,1,10,"EMA_26,SMA_20,EMA_12,BB_Upper,MACD_Hist,OBV,MACD_Signal,ADX,RSI_14,Rolling_Std_10",EMA_26
RELIANCE,2024-10-31,2024,0,Sideways,0,0.7329,SELL,1,0,0.8566,SELL,1,10,"EMA_26,SMA_20,EMA_12,BB_Upper,MACD_Hist,OBV,MACD_Signal,ADX,RSI_14,Rolling_Std_10",EMA_26
RELIANCE,2024-11-01,2024,0,Sideways,0,0.7338,SELL,1,0,0.8809,SELL,1,10,"EMA_26,SMA_20,EMA_12,BB_Upper,MACD_Hist,OBV,MACD_Signal,ADX,RSI_14,Rolling_Std_10",EMA_26
RELIANCE,2024-11-04,2024,1,Sideways,1,0.5001,NO TRADE,1,0,0.7962,SELL,0,10,"EMA_26,SMA_20,EMA_12,BB_Upper,MACD_Hist,OBV,MACD_Signal,ADX,RSI_14,Rolling_Std_10",EMA_26
RELIANCE,2024-11-05,2024,1,Sideways,0,0.7378,SELL,0,0,0.8135,SELL,0,10,"EMA_26,SMA_20,EMA_12,BB_Upper,MACD_Hist,OBV,MACD_Signal,ADX,RSI_14,Rolling_Std_10",EMA_26
RELIANCE,2024-11-06,2024,0,Sideways,0,0.7655,SELL,1,0,0.828,SELL,1,10,"EMA_26,SMA_20,EMA_12,BB_Upper,MACD_Hist,OBV,MACD_Signal,ADX,RSI_14,Rolling_Std_10",EMA_26
RELIANCE,2024-11-07,2024,0,Sideways,0,0.7706,SELL,1,0,0.837,SELL,1,10,"EMA_26,SMA_20,EMA_12,BB_Upper,MACD_Hist,OBV,MACD_Signal,ADX,RSI_14,Rolling_Std_10",EMA_26
RELIANCE,2024-11-08,2024,1,Sideways,0,0.7886,SELL,0,0,0.8099,SELL,0,10,"EMA_26,SMA_20,EMA_12,BB_Upper,MACD_Hist,OBV,MACD_Signal,ADX,RSI_14,Rolling_Std_10",EMA_26
RELIANCE,2024-11-11,2024,1,Sideways,0,0.7274,SELL,0,0,0.7966,SELL,0,10,"EMA_26,SMA_20,EMA_12,BB_Upper,MACD_Hist,OBV,MACD_Signal,ADX,RSI_14,Rolling_Std_10",EMA_26
RELIANCE,2024-11-12,2024,0,Sideways,0,0.5883,SELL,1,0,0.6777,SELL,1,10,"EMA_26,SMA_20,EMA_12,BB_Upper,MACD_Hist,OBV,MACD_Signal,ADX,RSI_14,Rolling_Std_10",EMA_26
RELIANCE,2024-11-13,2024,1,Sideways,0,0.5267,NO TRADE,0,0,0.6694,SELL,0,10,"EMA_26,SMA_20,EMA_12,BB_Upper,MACD_Hist,OBV,MACD_Signal,ADX,RSI_14,Rolling_Std_10",EMA_26
RELIANCE,2024-11-14,2024,1,Sideways,1,0.6119,BUY,1,0,0.6228,SELL,0,10,"EMA_26,SMA_20,EMA_12,BB_Upper,MACD_Hist,OBV,MACD_Signal,ADX,RSI_14,Rolling_Std_10",EMA_26
RELIANCE,2024-11-18,2024,0,Sideways,1,0.8615,BUY,0,0,0.5123,NO TRADE,1,10,"EMA_26,SMA_20,EMA_12,BB_Upper,MACD_Hist,OBV,MACD_Signal,ADX,RSI_14,Rolling_Std_10",EMA_26
RELIANCE,2024-11-19,2024,1,Sideways,1,0.7087,BUY,1,0,0.6143,SELL,0,10,"EMA_26,SMA_20,EMA_12,BB_Upper,MACD_Hist,OBV,MACD_Signal,ADX,RSI_14,Rolling_Std_10",EMA_26
RELIANCE,2024-11-21,2024,1,Sideways,1,0.7574,BUY,1,1,0.5925,BUY,1,10,"EMA_26,SMA_20,EMA_12,BB_Upper,MACD_Hist,OBV,MACD_Signal,ADX,RSI_14,Rolling_Std_10",EMA_26
RELIANCE,2024-11-22,2024,0,Sideways,1,0.8023,BUY,0,1,0.5521,BUY,0,10,"EMA_26,SMA_20,EMA_12,BB_Upper,MACD_Hist,OBV,MACD_Signal,ADX,RSI_14,Rolling_Std_10",EMA_26
RELIANCE,2024-11-25,2024,0,Sideways,1,0.7617,BUY,0,0,0.5646,SELL,1,10,"EMA_26,SMA_20,EMA_12,BB_Upper,MACD_Hist,OBV,MACD_Signal,ADX,RSI_14,Rolling_Std_10",EMA_26
RELIANCE,2024-11-26,2024,0,Sideways,1,0.6369,BUY,0,0,0.6898,SELL,1,10,"EMA_26,SMA_20,EMA_12,BB_Upper,MACD_Hist,OBV,MACD_Signal,ADX,RSI_14,Rolling_Std_10",EMA_26
RELIANCE,2024-11-27,2024,0,Sideways,0,0.5372,NO TRADE,1,0,0.7806,SELL,1,10,"EMA_26,SMA_20,EMA_12,BB_Upper,MACD_Hist,OBV,MACD_Signal,ADX,RSI_14,Rolling_Std_10",EMA_26
RELIANCE,2024-11-28,2024,0,Sideways,0,0.5141,NO TRADE,1,0,0.8247,SELL,1,10,"EMA_26,SMA_20,EMA_12,BB_Upper,MACD_Hist,OBV,MACD_Signal,ADX,RSI_14,Rolling_Std_10",EMA_26
RELIANCE,2024-11-29,2024,0,Sideways,0,0.5809,SELL,1,0,0.8382,SELL,1,10,"EMA_26,SMA_20,EMA_12,BB_Upper,MACD_Hist,OBV,MACD_Signal,ADX,RSI_14,Rolling_Std_10",EMA_26
RELIANCE,2024-12-02,2024,0,Sideways,0,0.5086,NO TRADE,1,0,0.8456,SELL,1,10,"EMA_26,SMA_20,EMA_12,BB_Upper,MACD_Hist,OBV,MACD_Signal,ADX,RSI_14,Rolling_Std_10",EMA_26
HDFCBANK,2022-01-03,2022,0,Sideways,1,0.7504,BUY,0,1,0.9048,BUY,0,10,"ATR_14,SMA_20,SMA_10,EMA_12,SMA_50,RSI_14,MACD_Hist,BB_Width,Price_Change,EMA_26",ATR_14
HDFCBANK,2022-01-04,2022,1,Sideways,1,0.849,BUY,1,1,0.6506,BUY,1,10,"SMA_20,ATR_14,EMA_12,EMA_26,BB_Width,Williams_R,SMA_50,BB_Upper,OBV,ADX",SMA_20
HDFCBANK,2022-01-05,2022,0,Sideways,1,0.827,BUY,0,1,0.7917,BUY,0,10,"SMA_20,ATR_14,EMA_12,EMA_26,BB_Width,Williams_R,SMA_50,BB_Upper,OBV,ADX",SMA_20
HDFCBANK,2022-01-06,2022,0,Sideways,1,0.8249,BUY,0,1,0.7517,BUY,0,10,"SMA_20,ATR_14,EMA_12,EMA_26,BB_Width,Williams_R,SMA_50,BB_Upper,OBV,ADX",SMA_20
HDFCBANK,2022-01-07,2022,0,Sideways,1,0.7383,BUY,0,1,0.7205,BUY,0,10,"SMA_20,ATR_14,EMA_12,EMA_26,BB_Width,Williams_R,SMA_50,BB_Upper,OBV,ADX",SMA_20
HDFCBANK,2022-01-10,2022,0,Sideways,1,0.6239,BUY,0,1,0.6917,BUY,0,10,"SMA_20,ATR_14,EMA_12,EMA_26,BB_Width,Williams_R,SMA_50,BB_Upper,OBV,ADX",SMA_20
HDFCBANK,2022-01-11,2022,0,Sideways,1,0.5134,NO TRADE,0,1,0.6616,BUY,0,10,"SMA_20,ATR_14,EMA_12,EMA_26,BB_Width,Williams_R,SMA_50,BB_Upper,OBV,ADX",SMA_20
HDFCBANK,2022-01-12,2022,0,Sideways,0,0.5921,SELL,1,1,0.5911,BUY,0,10,"SMA_20,ATR_14,EMA_12,EMA_26,BB_Width,Williams_R,SMA_50,BB_Upper,OBV,ADX",SMA_20
HDFCBANK,2022-01-13,2022,0,Sideways,0,0.5951,SELL,1,0,0.5125,NO TRADE,1,10,"SMA_20,ATR_14,EMA_12,EMA_26,BB_Width,Williams_R,SMA_50,BB_Upper,OBV,ADX",SMA_20
HDFCBANK,2022-01-14,2022,0,Sideways,0,0.5637,SELL,1,0,0.5776,SELL,1,10,"SMA_20,ATR_14,EMA_12,EMA_26,BB_Width,Williams_R,SMA_50,BB_Upper,OBV,ADX",SMA_20
HDFCBANK,2022-01-17,2022,0,Sideways,0,0.6125,SELL,1,0,0.6426,SELL,1,10,"SMA_20,ATR_14,EMA_12,EMA_26,BB_Width,Williams_R,SMA_50,BB_Upper,OBV,ADX",SMA_20
HDFCBANK,2022-01-18,2022,0,Sideways,0,0.5266,NO TRADE,1,0,0.6527,SELL,1,10,"SMA_20,ATR_14,EMA_12,EMA_26,BB_Width,Williams_R,SMA_50,BB_Upper,OBV,ADX",SMA_20
HDFCBANK,2022-01-19,2022,0,Sideways,1,0.5045,NO TRADE,0,0,0.6252,SELL,1,10,"SMA_20,ATR_14,EMA_12,EMA_26,BB_Width,Williams_R,SMA_50,BB_Upper,OBV,ADX",SMA_20
HDFCBANK,2022-01-20,2022,1,Sideways,1,0.6001,BUY,1,0,0.5752,SELL,0,10,"SMA_20,ATR_14,EMA_12,EMA_26,BB_Width,Williams_R,SMA_50,BB_Upper,OBV,ADX",SMA_20
HDFCBANK,2022-01-21,2022,1,Sideways,1,0.6171,BUY,1,0,0.5048,NO TRADE,0,10,"SMA_20,ATR_14,EMA_12,EMA_26,BB_Width,Williams_R,SMA_50,BB_Upper,OBV,ADX",SMA_20
HDFCBANK,2022-01-24,2022,1,Sideways,1,0.7145,BUY,1,1,0.5493,NO TRADE,1,10,"SMA_20,ATR_14,EMA_12,EMA_26,BB_Width,Williams_R,SMA_50,BB_Upper,OBV,ADX",SMA_20
HDFCBANK,2022-01-25,2022,1,Sideways,1,0.7397,BUY,1,1,0.5472,NO TRADE,1,10,"SMA_20,ATR_14,EMA_12,EMA_26,BB_Width,Williams_R,SMA_50,BB_Upper,OBV,ADX",SMA_20
HDFCBANK,2022-01-27,2022,0,Sideways,1,0.7474,BUY,0,1,0.615,BUY,0,10,"SMA_20,ATR_14,EMA_12,EMA_26,BB_Width,Williams_R,SMA_50,BB_Upper,OBV,ADX",SMA_20
HDFCBANK,2022-01-28,2022,0,Sideways,1,0.6431,BUY,0,1,0.5293,NO TRADE,0,10,"SMA_20,ATR_14,EMA_12,EMA_26,BB_Width,Williams_R,SMA_50,BB_Upper,OBV,ADX",SMA_20
HDFCBANK,2022-01-31,2022,0,Sideways,1,0.6235,BUY,0,0,0.5392,NO TRADE,1,10,"SMA_20,ATR_14,EMA_12,EMA_26,BB_Width,Williams_R,SMA_50,BB_Upper,OBV,ADX",SMA_20
HDFCBANK,2022-02-01,2022,0,Sideways,1,0.6456,BUY,0,0,0.5843,SELL,1,10,"SMA_20,ATR_14,EMA_12,EMA_26,BB_Width,Williams_R,SMA_50,BB_Upper,OBV,ADX",SMA_20
HDFCBANK,2022-02-02,2022,0,Sideways,1,0.5223,NO TRADE,0,0,0.5894,SELL,1,10,"SMA_20,ATR_14,EMA_12,EMA_26,BB_Width,Williams_R,SMA_50,BB_Upper,OBV,ADX",SMA_20
HDFCBANK,2022-02-03,2022,0,Sideways,1,0.5613,BUY,0,0,0.6266,SELL,1,10,"SMA_20,ATR_14,EMA_12,EMA_26,BB_Width,Williams_R,SMA_50,BB_Upper,OBV,ADX",SMA_20
HDFCBANK,2022-02-04,2022,0,Sideways,0,0.5411,NO TRADE,1,0,0.617,SELL,1,10,"SMA_20,ATR_14,EMA_12,EMA_26,BB_Width,Williams_R,SMA_50,BB_Upper,OBV,ADX",SMA_20
HDFCBANK,2022-02-07,2022,0,Sideways,1,0.5302,NO TRADE,0,0,0.7397,SELL,1,10,"SMA_20,ATR_14,EMA_12,EMA_26,BB_Width,Williams_R,SMA_50,BB_Upper,OBV,ADX",SMA_20
HDFCBANK,2022-02-08,2022,0,Sideways,0,0.566,SELL,1,0,0.79,SELL,1,10,"SMA_20,ATR_14,EMA_12,EMA_26,BB_Width,Williams_R,SMA_50,BB_Upper,OBV,ADX",SMA_20
HDFCBANK,2022-02-09,2022,0,Sideways,0,0.604,SELL,1,0,0.8091,SELL,1,10,"SMA_20,ATR_14,EMA_12,EMA_26,BB_Width,Williams_R,SMA_50,BB_Upper,OBV,ADX",SMA_20
HDFCBANK,2022-02-10,2022,0,Sideways,0,0.6755,SELL,1,0,0.8169,SELL,1,10,"SMA_20,ATR_14,EMA_12,EMA_26,BB_Width,Williams_R,SMA_50,BB_Upper,OBV,ADX",SMA_20
HDFCBANK,2022-02-11,2022,0,Sideways,0,0.619,SELL,1,0,0.8127,SELL,1,10,"SMA_20,ATR_14,EMA_12,EMA_26,BB_Width,Williams_R,SMA_50,BB_Upper,OBV,ADX",SMA_20
HDFCBANK,2022-02-14,2022,0,Sideways,0,0.5942,SELL,1,0,0.8478,SELL,1,10,"SMA_20,ATR_14,EMA_12,EMA_26,BB_Width,Williams_R,SMA_50,BB_Upper,OBV,ADX",SMA_20
HDFCBANK,2022-02-15,2022,0,Sideways,0,0.6165,SELL,1,0,0.8539,SELL,1,10,"SMA_20,ATR_14,EMA_12,EMA_26,BB_Width,Williams_R,SMA_50,BB_Upper,OBV,ADX",SMA_20
HDFCBANK,2022-02-16,2022,0,Sideways,0,0.6572,SELL,1,1,0.5579,BUY,0,10,"SMA_20,ATR_14,EMA_12,CCI,EMA_26,Williams_R,Rolling_Volatility,Rolling_Median_Return,Volume_MA,SMA_10",SMA_20
HDFCBANK,2022-02-17,2022,0,Sideways,0,0.6852,SELL,1,0,0.6186,SELL,1,10,"SMA_20,ATR_14,EMA_12,CCI,EMA_26,Williams_R,Rolling_Volatility,Rolling_Median_Return,Volume_MA,SMA_10",SMA_20
HDFCBANK,2022-02-18,2022,0,Sideways,0,0.6747,SELL,1,0,0.6252,SELL,1,10,"SMA_20,ATR_14,EMA_12,CCI,EMA_26,Williams_R,Rolling_Volatility,Rolling_Median_Return,Volume_MA,SMA_10",SMA_20
HDFCBANK,2022-02-21,2022,0,Sideways,0,0.8105,SELL,1,0,0.7839,SELL,1,10,"SMA_20,ATR_14,EMA_12,CCI,EMA_26,Williams_R,Rolling_Volatility,Rolling_Median_Return,Volume_MA,SMA_10",SMA_20
HDFCBANK,2022-02-22,2022,0,Sideways,0,0.7905,SELL,1,0,0.6818,SELL,1,10,"SMA_20,ATR_14,EMA_12,CCI,EMA_26,Williams_R,Rolling_Volatility,Rolling_Median_Return,Volume_MA,SMA_10",SMA_20
HDFCBANK,2022-02-23,2022,0,Sideways,0,0.7502,SELL,1,0,0.7886,SELL,1,10,"SMA_20,ATR_14,EMA_12,CCI,EMA_26,Williams_R,Rolling_Volatility,Rolling_Median_Return,Volume_MA,SMA_10",SMA_20
HDFCBANK,2022-02-24,2022,1,Sideways,0,0.6345,SELL,0,0,0.5215,NO TRADE,0,10,"SMA_20,ATR_14,EMA_12,CCI,EMA_26,Williams_R,Rolling_Volatility,Rolling_Median_Return,Volume_MA,SMA_10",SMA_20
HDFCBANK,2022-02-25,2022,0,Sideways,0,0.5758,SELL,1,1,0.6039,BUY,0,10,"SMA_20,ATR_14,EMA_12,CCI,EMA_26,Williams_R,Rolling_Volatility,Rolling_Median_Return,Volume_MA,SMA_10",SMA_20
HDFCBANK,2022-02-28,2022,1,Sideways,0,0.6279,SELL,0,1,0.5215,NO TRADE,1,10,"SMA_20,ATR_14,EMA_12,CCI,EMA_26,Williams_R,Rolling_Volatility,Rolling_Median_Return,Volume_MA,SMA_10",SMA_20
HDFCBANK,2022-03-02,2022,1,Sideways,0,0.6303,SELL,0,0,0.5732,SELL,0,10,"SMA_20,ATR_14,EMA_12,CCI,EMA_26,Williams_R,Rolling_Volatility,Rolling_Median_Return,Volume_MA,SMA_10",SMA_20
HDFCBANK,2022-03-03,2022,1,Sideways,0,0.5918,SELL,0,1,0.7424,BUY,1,10,"SMA_20,ATR_14,EMA_12,CCI,EMA_26,Williams_R,Rolling_Volatility,Rolling_Median_Return,Volume_MA,SMA_10",SMA_20
HDFCBANK,2022-03-04,2022,1,Sideways,1,0.5115,NO TRADE,1,1,0.7875,BUY,1,10,"SMA_20,ATR_14,EMA_12,CCI,EMA_26,Williams_R,Rolling_Volatility,Rolling_Median_Return,Volume_MA,SMA_10",SMA_20
HDFCBANK,2022-03-07,2022,1,Sideways,1,0.5621,BUY,1,1,0.8148,BUY,1,10,"SMA_20,ATR_14,EMA_12,CCI,EMA_26,Williams_R,Rolling_Volatility,Rolling_Median_Return,Volume_MA,SMA_10",SMA_20
HDFCBANK,2022-03-08,2022,1,Sideways,1,0.6252,BUY,1,1,0.8236,BUY,1,10,"SMA_20,ATR_14,EMA_12,CCI,EMA_26,Williams_R,Rolling_Volatility,Rolling_Median_Return,Volume_MA,SMA_10",SMA_20
HDFCBANK,2022-03-09,2022,1,Sideways,1,0.6632,BUY,1,1,0.8438,BUY,1,10,"SMA_20,ATR_14,EMA_12,CCI,EMA_26,Williams_R,Rolling_Volatility,Rolling_Median_Return,Volume_MA,SMA_10",SMA_20
HDFCBANK,2022-03-10,2022,1,Sideways,1,0.5473,NO TRADE,1,1,0.8406,BUY,1,10,"SMA_20,ATR_14,EMA_12,CCI,EMA_26,Williams_R,Rolling_Volatility,Rolling_Median_Return,Volume_MA,SMA_10",SMA_20
HDFCBANK,2022-03-11,2022,1,Sideways,1,0.528,NO TRADE,1,1,0.8478,BUY,1,10,"SMA_20,ATR_14,EMA_12,CCI,EMA_26,Williams_R,Rolling_Volatility,Rolling_Median_Return,Volume_MA,SMA_10",SMA_20
HDFCBANK,2022-03-14,2022,1,Sideways,1,0.6052,BUY,1,1,0.8486,BUY,1,10,"SMA_20,ATR_14,EMA_12,CCI,EMA_26,Williams_R,Rolling_Volatility,Rolling_Median_Return,Volume_MA,SMA_10",SMA_20
HDFCBANK,2022-03-15,2022,1,Sideways,1,0.5492,NO TRADE,1,1,0.8443,BUY,1,10,"SMA_20,ATR_14,EMA_12,CCI,EMA_26,Williams_R,Rolling_Volatility,Rolling_Median_Return,Volume_MA,SMA_10",SMA_20
HDFCBANK,2022-03-16,2022,0,Sideways,1,0.5445,NO TRADE,0,1,0.8412,BUY,0,10,"SMA_20,ATR_14,EMA_12,CCI,EMA_26,Williams_R,Rolling_Volatility,Rolling_Median_Return,Volume_MA,SMA_10",SMA_20
HDFCBANK,2022-03-17,2022,0,Sideways,0,0.5122,NO TRADE,1,1,0.9044,BUY,0,10,"SMA_20,ATR_14,EMA_12,CCI,EMA_26,Williams_R,Rolling_Volatility,Rolling_Median_Return,Volume_MA,SMA_10",SMA_20
HDFCBANK,2022-03-21,2022,0,Sideways,0,0.5555,SELL,1,1,0.7957,BUY,0,10,"SMA_20,ATR_14,EMA_12,CCI,EMA_26,Williams_R,Rolling_Volatility,Rolling_Median_Return,Volume_MA,SMA_10",SMA_20
HDFCBANK,2022-03-22,2022,0,Sideways,0,0.6329,SELL,1,1,0.6387,BUY,0,10,"SMA_20,ATR_14,EMA_12,CCI,EMA_26,Williams_R,Rolling_Volatility,Rolling_Median_Return,Volume_MA,SMA_10",SMA_20
HDFCBANK,2022-03-23,2022,0,Sideways,0,0.7759,SELL,1,1,0.6032,BUY,0,10,"SMA_20,ATR_14,EMA_12,CCI,EMA_26,Williams_R,Rolling_Volatility,Rolling_Median_Return,Volume_MA,SMA_10",SMA_20
HDFCBANK,2022-03-24,2022,0,Sideways,0,0.6645,SELL,1,1,0.577,BUY,0,10,"SMA_20,ATR_14,EMA_12,CCI,EMA_26,Williams_R,Rolling_Volatility,Rolling_Median_Return,Volume_MA,SMA_10",SMA_20
HDFCBANK,2022-03-25,2022,0,Sideways,0,0.7839,SELL,1,1,0.5032,NO TRADE,0,10,"SMA_20,ATR_14,EMA_12,CCI,EMA_26,Williams_R,Rolling_Volatility,Rolling_Median_Return,Volume_MA,SMA_10",SMA_20
HDFCBANK,2022-03-28,2022,0,Sideways,0,0.8233,SELL,1,0,0.6664,SELL,1,10,"SMA_20,ATR_14,EMA_12,CCI,EMA_26,Williams_R,Rolling_Volatility,Rolling_Median_Return,Volume_MA,SMA_10",SMA_20
HDFCBANK,2022-03-29,2022,0,Sideways,0,0.8474,SELL,1,0,0.7613,SELL,1,10,"SMA_20,ATR_14,EMA_12,CCI,EMA_26,Williams_R,Rolling_Volatility,Rolling_Median_Return,Volume_MA,SMA_10",SMA_20
HDFCBANK,2022-03-30,2022,0,Sideways,0,0.8533,SELL,1,0,0.8355,SELL,1,10,"SMA_20,ATR_14,EMA_12,CCI,EMA_26,Williams_R,Rolling_Volatility,Rolling_Median_Return,Volume_MA,SMA_10",SMA_20
HDFCBANK,2022-03-31,2022,0,Sideways,0,0.8528,SELL,1,0,0.8577,SELL,1,10,"SMA_20,ATR_14,EMA_12,CCI,EMA_26,Williams_R,Rolling_Volatility,Rolling_Median_Return,Volume_MA,SMA_10",SMA_20
HDFCBANK,2022-04-01,2022,0,Sideways,0,0.866,SELL,1,0,0.8451,SELL,1,10,"EMA_26,SMA_20,EMA_12,SMA_10,Rolling_Median_Return,ATR_14,MACD_Signal,Rolling_Mean_Return,CCI,Rolling_Volatility",EMA_26
HDFCBANK,2022-04-04,2022,0,Sideways,0,0.5902,SELL,1,1,0.5943,BUY,0,10,"EMA_26,SMA_20,EMA_12,SMA_10,Rolling_Median_Return,ATR_14,MACD_Signal,Rolling_Mean_Return,CCI,Rolling_Volatility",EMA_26
HDFCBANK,2022-04-05,2022,0,Sideways,0,0.6725,SELL,1,1,0.5215,NO TRADE,0,10,"EMA_26,SMA_20,EMA_12,SMA_10,Rolling_Median_Return,ATR_14,MACD_Signal,Rolling_Mean_Return,CCI,Rolling_Volatility",EMA_26
HDFCBANK,2022-04-06,2022,0,Sideways,0,0.867,SELL,1,1,0.5155,NO TRADE,0,10,"EMA_26,SMA_20,EMA_12,SMA_10,Rolling_Median_Return,ATR_14,MACD_Signal,Rolling_Mean_Return,CCI,Rolling_Volatility",EMA_26
HDFCBANK,2022-04-07,2022,0,Sideways,0,0.8682,SELL,1,0,0.5068,NO TRADE,1,10,"EMA_26,SMA_20,EMA_12,SMA_10,Rolling_Median_Return,ATR_14,MACD_Signal,Rolling_Mean_Return,CCI,Rolling_Volatility",EMA_26
HDFCBANK,2022-04-08,2022,0,Sideways,0,0.8744,SELL,1,0,0.5107,NO TRADE,1,10,"EMA_26,SMA_20,EMA_12,SMA_10,Rolling_Median_Return,ATR_14,MACD_Signal,Rolling_Mean_Return,CCI,Rolling_Volatility",EMA_26
HDFCBANK,2022-04-11,2022,0,Sideways,0,0.7629,SELL,1,1,0.5591,BUY,0,10,"EMA_26,SMA_20,EMA_12,SMA_10,Rolling_Median_Return,ATR_14,MACD_Signal,Rolling_Mean_Return,CCI,Rolling_Volatility",EMA_26
HDFCBANK,2022-04-12,2022,0,Sideways,0,0.8598,SELL,1,1,0.5511,BUY,0,10,"EMA_26,SMA_20,EMA_12,SMA_10,Rolling_Median_Return,ATR_14,MACD_Signal,Rolling_Mean_Return,CCI,Rolling_Volatility",EMA_26
HDFCBANK,2022-04-13,2022,0,Sideways,0,0.8574,SELL,1,1,0.5461,NO TRADE,0,10,"EMA_26,SMA_20,EMA_12,SMA_10,Rolling_Median_Return,ATR_14,MACD_Signal,Rolling_Mean_Return,CCI,Rolling_Volatility",EMA_26
HDFCBANK,2022-04-18,2022,0,Sideways,0,0.8565,SELL,1,1,0.5474,NO TRADE,0,10,"EMA_26,SMA_20,EMA_12,SMA_10,Rolling_Median_Return,ATR_14,MACD_Signal,Rolling_Mean_Return,CCI,Rolling_Volatility",EMA_26
HDFCBANK,2022-04-19,2022,0,Sideways,0,0.7766,SELL,1,1,0.5456,NO TRADE,0,10,"EMA_26,SMA_20,EMA_12,SMA_10,Rolling_Median_Return,ATR_14,MACD_Signal,Rolling_Mean_Return,CCI,Rolling_Volatility",EMA_26
HDFCBANK,2022-04-20,2022,0,Sideways,0,0.6495,SELL,1,1,0.5796,BUY,0,10,"EMA_26,SMA_20,EMA_12,SMA_10,Rolling_Median_Return,ATR_14,MACD_Signal,Rolling_Mean_Return,CCI,Rolling_Volatility",EMA_26
HDFCBANK,2022-04-21,2022,0,Sideways,0,0.6603,SELL,1,1,0.578,BUY,0,10,"EMA_26,SMA_20,EMA_12,SMA_10,Rolling_Median_Return,ATR_14,MACD_Signal,Rolling_Mean_Return,CCI,Rolling_Volatility",EMA_26
HDFCBANK,2022-04-22,2022,0,Sideways,0,0.5564,SELL,1,0,0.5584,SELL,1,10,"EMA_26,SMA_20,EMA_12,SMA_10,Rolling_Median_Return,ATR_14,MACD_Signal,Rolling_Mean_Return,CCI,Rolling_Volatility",EMA_26
HDFCBANK,2022-04-25,2022,0,Sideways,0,0.5582,SELL,1,0,0.5813,SELL,1,10,"EMA_26,SMA_20,EMA_12,SMA_10,Rolling_Median_Return,ATR_14,MACD_Signal,Rolling_Mean_Return,CCI,Rolling_Volatility",EMA_26
HDFCBANK,2022-04-26,2022,0,Sideways,0,0.6177,SELL,1,0,0.607,SELL,1,10,"EMA_26,SMA_20,EMA_12,SMA_10,Rolling_Median_Return,ATR_14,MACD_Signal,Rolling_Mean_Return,CCI,Rolling_Volatility",EMA_26
HDFCBANK,2022-04-27,2022,1,Sideways,0,0.716,SELL,0,0,0.6654,SELL,0,10,"EMA_26,SMA_20,EMA_12,SMA_10,Rolling_Median_Return,ATR_14,MACD_Signal,Rolling_Mean_Return,CCI,Rolling_Volatility",EMA_26
HDFCBANK,2022-04-28,2022,1,Sideways,0,0.5445,NO TRADE,0,0,0.6007,SELL,0,10,"EMA_26,SMA_20,EMA_12,SMA_10,Rolling_Median_Return,ATR_14,MACD_Signal,Rolling_Mean_Return,CCI,Rolling_Volatility",EMA_26
HDFCBANK,2022-04-29,2022,1,Sideways,0,0.5202,NO TRADE,0,0,0.5445,NO TRADE,0,10,"EMA_26,SMA_20,EMA_12,SMA_10,Rolling_Median_Return,ATR_14,MACD_Signal,Rolling_Mean_Return,CCI,Rolling_Volatility",EMA_26
HDFCBANK,2022-05-02,2022,1,Sideways,1,0.5481,NO TRADE,1,0,0.5099,NO TRADE,0,10,"EMA_26,SMA_20,EMA_12,SMA_10,Rolling_Median_Return,ATR_14,MACD_Signal,Rolling_Mean_Return,CCI,Rolling_Volatility",EMA_26
HDFCBANK,2022-05-04,2022,1,Sideways,1,0.6516,BUY,1,1,0.5837,BUY,1,10,"EMA_26,SMA_20,EMA_12,SMA_10,Rolling_Median_Return,ATR_14,MACD_Signal,Rolling_Mean_Return,CCI,Rolling_Volatility",EMA_26
HDFCBANK,2022-05-05,2022,1,Sideways,1,0.7464,BUY,1,0,0.6055,SELL,0,10,"EMA_26,SMA_20,EMA_12,SMA_10,Rolling_Median_Return,ATR_14,MACD_Signal,Rolling_Mean_Return,CCI,Rolling_Volatility",EMA_26
HDFCBANK,2022-05-06,2022,1,Sideways,1,0.7676,BUY,1,0,0.5391,NO TRADE,0,10,"EMA_26,SMA_20,EMA_12,SMA_10,Rolling_Median_Return,ATR_14,MACD_Signal,Rolling_Mean_Return,CCI,Rolling_Volatility",EMA_26
HDFCBANK,2022-05-09,2022,1,Sideways,1,0.7718,BUY,1,1,0.618,BUY,1,10,"EMA_26,SMA_20,EMA_12,SMA_10,Rolling_Median_Return,ATR_14,MACD_Signal,Rolling_Mean_Return,CCI,Rolling_Volatility",EMA_26
HDFCBANK,2022-05-10,2022,1,Sideways,1,0.7724,BUY,1,1,0.711,BUY,1,10,"EMA_26,SMA_20,EMA_12,SMA_10,Rolling_Median_Return,ATR_14,MACD_Signal,Rolling_Mean_Return,CCI,Rolling_Volatility",EMA_26
HDFCBANK,2022-05-11,2022,1,Sideways,1,0.6931,BUY,1,1,0.7499,BUY,1,10,"EMA_26,SMA_20,EMA_12,SMA_10,Rolling_Median_Return,ATR_14,MACD_Signal,Rolling_Mean_Return,CCI,Rolling_Volatility",EMA_26
HDFCBANK,2022-05-12,2022,1,Sideways,1,0.7095,BUY,1,1,0.7667,BUY,1,10,"EMA_26,SMA_20,EMA_12,SMA_10,Rolling_Median_Return,ATR_14,MACD_Signal,Rolling_Mean_Return,CCI,Rolling_Volatility",EMA_26
HDFCBANK,2022-05-13,2022,1,Sideways,1,0.7926,BUY,1,1,0.7789,BUY,1,10,"EMA_26,SMA_20,EMA_12,SMA_10,Rolling_Median_Return,ATR_14,MACD_Signal,Rolling_Mean_Return,CCI,Rolling_Volatility",EMA_26
HDFCBANK,2022-05-16,2022,1,Sideways,1,0.7991,BUY,1,1,0.7869,BUY,1,10,"EMA_26,SMA_20,EMA_12,SMA_10,Rolling_Median_Return,ATR_14,MACD_Signal,Rolling_Mean_Return,CCI,Rolling_Volatility",EMA_26
HDFCBANK,2022-05-17,2022,0,Sideways,1,0.825,BUY,0,1,0.7994,BUY,0,10,"EMA_26,SMA_20,EMA_12,SMA_10,Rolling_Median_Return,ATR_14,MACD_Signal,Rolling_Mean_Return,CCI,Rolling_Volatility",EMA_26
HDFCBANK,2022-05-18,2022,0,Sideways,1,0.7365,BUY,0,1,0.606,BUY,0,10,"EMA_12,EMA_26,ATR_14,SMA_50,Rolling_Volatility,Stochastic,Rolling_Median_Return,SMA_10,Rolling_Mean_Return,SMA_20",EMA_12
HDFCBANK,2022-05-19,2022,0,Sideways,1,0.6215,BUY,0,1,0.5684,BUY,0,10,"EMA_12,EMA_26,ATR_14,SMA_50,Rolling_Volatility,Stochastic,Rolling_Median_Return,SMA_10,Rolling_Mean_Return,SMA_20",EMA_12
HDFCBANK,2022-05-20,2022,0,Sideways,0,0.5245,NO TRADE,1,0,0.543,NO TRADE,1,10,"EMA_12,EMA_26,ATR_14,SMA_50,Rolling_Volatility,Stochastic,Rolling_Median_Return,SMA_10,Rolling_Mean_Return,SMA_20",EMA_12
HDFCBANK,2022-05-23,2022,1,Sideways,1,0.5807,BUY,1,0,0.5826,SELL,0,10,"EMA_12,EMA_26,ATR_14,SMA_50,Rolling_Volatility,Stochastic,Rolling_Median_Return,SMA_10,Rolling_Mean_Return,SMA_20",EMA_12
HDFCBANK,2022-05-24,2022,1,Sideways,1,0.589,BUY,1,1,0.5726,BUY,1,10,"EMA_12,EMA_26,ATR_14,SMA_50,Rolling_Volatility,Stochastic,Rolling_Median_Return,SMA_10,Rolling_Mean_Return,SMA_20",EMA_12
HDFCBANK,2022-05-25,2022,1,Sideways,0,0.5041,NO TRADE,0,1,0.6044,BUY,1,10,"EMA_12,EMA_26,ATR_14,SMA_50,Rolling_Volatility,Stochastic,Rolling_Median_Return,SMA_10,Rolling_Mean_Return,SMA_20",EMA_12
HDFCBANK,2022-05-26,2022,0,Sideways,0,0.558,SELL,1,1,0.7165,BUY,0,10,"EMA_12,EMA_26,ATR_14,SMA_50,Rolling_Volatility,Stochastic,Rolling_Median_Return,SMA_10,Rolling_Mean_Return,SMA_20",EMA_12
HDFCBANK,2022-05-27,2022,0,Sideways,0,0.8106,SELL,1,1,0.5438,NO TRADE,0,10,"EMA_12,EMA_26,ATR_14,SMA_50,Rolling_Volatility,Stochastic,Rolling_Median_Return,SMA_10,Rolling_Mean_Return,SMA_20",EMA_12
HDFCBANK,2022-05-30,2022,0,Sideways,0,0.7898,SELL,1,1,0.5077,NO TRADE,0,10,"EMA_12,EMA_26,ATR_14,SMA_50,Rolling_Volatility,Stochastic,Rolling_Median_Return,SMA_10,Rolling_Mean_Return,SMA_20",EMA_12
HDFCBANK,2022-05-31,2022,0,Sideways,0,0.8054,SELL,1,0,0.5277,NO TRADE,1,10,"EMA_12,EMA_26,ATR_14,SMA_50,Rolling_Volatility,Stochastic,Rolling_Median_Return,SMA_10,Rolling_Mean_Return,SMA_20",EMA_12
HDFCBANK,2022-06-01,2022,0,Sideways,0,0.7912,SELL,1,0,0.5703,SELL,1,10,"EMA_12,EMA_26,ATR_14,SMA_50,Rolling_Volatility,Stochastic,Rolling_Median_Return,SMA_10,Rolling_Mean_Return,SMA_20",EMA_12
HDFCBANK,2022-06-02,2022,0,Sideways,0,0.7927,SELL,1,0,0.6182,SELL,1,10,"EMA_12,EMA_26,ATR_14,SMA_50,Rolling_Volatility,Stochastic,Rolling_Median_Return,SMA_10,Rolling_Mean_Return,SMA_20",EMA_12
HDFCBANK,2022-06-03,2022,0,Sideways,0,0.7918,SELL,1,0,0.6747,SELL,1,10,"EMA_12,EMA_26,ATR_14,SMA_50,Rolling_Volatility,Stochastic,Rolling_Median_Return,SMA_10,Rolling_Mean_Return,SMA_20",EMA_12
HDFCBANK,2022-06-06,2022,0,Sideways,0,0.7976,SELL,1,0,0.7139,SELL,1,10,"EMA_12,EMA_26,ATR_14,SMA_50,Rolling_Volatility,Stochastic,Rolling_Median_Return,SMA_10,Rolling_Mean_Return,SMA_20",EMA_12
HDFCBANK,2022-06-07,2022,0,Sideways,0,0.8479,SELL,1,0,0.7564,SELL,1,10,"EMA_12,EMA_26,ATR_14,SMA_50,Rolling_Volatility,Stochastic,Rolling_Median_Return,SMA_10,Rolling_Mean_Return,SMA_20",EMA_12
HDFCBANK,2022-06-08,2022,1,Sideways,0,0.757,SELL,0,0,0.7922,SELL,0,10,"EMA_12,EMA_26,ATR_14,SMA_50,Rolling_Volatility,Stochastic,Rolling_Median_Return,SMA_10,Rolling_Mean_Return,SMA_20",EMA_12
HDFCBANK,2022-06-09,2022,1,Sideways,0,0.7147,SELL,0,0,0.6088,SELL,0,10,"EMA_12,EMA_26,ATR_14,SMA_50,Rolling_Volatility,Stochastic,Rolling_Median_Return,SMA_10,Rolling_Mean_Return,SMA_20",EMA_12
HDFCBANK,2022-06-10,2022,1,Sideways,1,0.5297,NO TRADE,1,0,0.5294,NO TRADE,0,10,"EMA_12,EMA_26,ATR_14,SMA_50,Rolling_Volatility,Stochastic,Rolling_Median_Return,SMA_10,Rolling_Mean_Return,SMA_20",EMA_12
HDFCBANK,2022-06-13,2022,1,Sideways,0,0.5097,NO TRADE,0,1,0.5527,BUY,1,10,"EMA_12,EMA_26,ATR_14,SMA_50,Rolling_Volatility,Stochastic,Rolling_Median_Return,SMA_10,Rolling_Mean_Return,SMA_20",EMA_12
HDFCBANK,2022-06-14,2022,1,Sideways,1,0.6911,BUY,1,1,0.5934,BUY,1,10,"EMA_12,EMA_26,ATR_14,SMA_50,Rolling_Volatility,Stochastic,Rolling_Median_Return,SMA_10,Rolling_Mean_Return,SMA_20",EMA_12
HDFCBANK,2022-06-15,2022,1,Sideways,1,0.7678,BUY,1,1,0.6392,BUY,1,10,"EMA_12,EMA_26,ATR_14,SMA_50,Rolling_Volatility,Stochastic,Rolling_Median_Return,SMA_10,Rolling_Mean_Return,SMA_20",EMA_12
HDFCBANK,2022-06-16,2022,1,Sideways,1,0.8593,BUY,1,1,0.68,BUY,1,10,"EMA_12,EMA_26,ATR_14,SMA_50,Rolling_Volatility,Stochastic,Rolling_Median_Return,SMA_10,Rolling_Mean_Return,SMA_20",EMA_12
HDFCBANK,2022-06-17,2022,1,Sideways,1,0.8411,BUY,1,1,0.7077,BUY,1,10,"EMA_12,EMA_26,ATR_14,SMA_50,Rolling_Volatility,Stochastic,Rolling_Median_Return,SMA_10,Rolling_Mean_Return,SMA_20",EMA_12
HDFCBANK,2022-06-20,2022,1,Sideways,1,0.7763,BUY,1,1,0.735,BUY,1,10,"EMA_12,EMA_26,ATR_14,SMA_50,Rolling_Volatility,Stochastic,Rolling_Median_Return,SMA_10,Rolling_Mean_Return,SMA_20",EMA_12
HDFCBANK,2022-06-21,2022,1,Sideways,1,0.7387,BUY,1,1,0.7611,BUY,1,10,"EMA_12,EMA_26,ATR_14,SMA_50,Rolling_Volatility,Stochastic,Rolling_Median_Return,SMA_10,Rolling_Mean_Return,SMA_20",EMA_12
HDFCBANK,2022-06-22,2022,1,Sideways,1,0.7528,BUY,1,1,0.7825,BUY,1,10,"EMA_12,EMA_26,ATR_14,SMA_50,Rolling_Volatility,Stochastic,Rolling_Median_Return,SMA_10,Rolling_Mean_Return,SMA_20",EMA_12
HDFCBANK,2022-06-23,2022,1,Sideways,1,0.8414,BUY,1,1,0.803,BUY,1,10,"EMA_12,EMA_26,ATR_14,SMA_50,Rolling_Volatility,Stochastic,Rolling_Median_Return,SMA_10,Rolling_Mean_Return,SMA_20",EMA_12
HDFCBANK,2022-06-24,2022,1,Sideways,1,0.6464,BUY,1,1,0.8246,BUY,1,10,"EMA_12,EMA_26,ATR_14,SMA_50,Rolling_Volatility,Stochastic,Rolling_Median_Return,SMA_10,Rolling_Mean_Return,SMA_20",EMA_12
HDFCBANK,2022-06-27,2022,1,Sideways,1,0.6357,BUY,1,1,0.8369,BUY,1,10,"EMA_12,EMA_26,ATR_14,SMA_50,Rolling_Volatility,Stochastic,Rolling_Median_Return,SMA_10,Rolling_Mean_Return,SMA_20",EMA_12
HDFCBANK,2022-06-28,2022,1,Sideways,1,0.6691,BUY,1,1,0.8482,BUY,1,10,"EMA_12,EMA_26,ATR_14,SMA_50,Rolling_Volatility,Stochastic,Rolling_Median_Return,SMA_10,Rolling_Mean_Return,SMA_20",EMA_12
HDFCBANK,2022-06-29,2022,1,Sideways,1,0.7833,BUY,1,1,0.7105,BUY,1,10,"MACD,EMA_26,Rolling_Mean_Return,ATR_14,Stochastic,EMA_12,Rolling_Volatility,BB_Upper,ADX,SMA_50",MACD
HDFCBANK,2022-06-30,2022,1,Sideways,1,0.6603,BUY,1,1,0.8534,BUY,1,10,"MACD,EMA_26,Rolling_Mean_Return,ATR_14,Stochastic,EMA_12,Rolling_Volatility,BB_Upper,ADX,SMA_50",MACD
HDFCBANK,2022-07-01,2022,1,Sideways,1,0.7873,BUY,1,1,0.8608,BUY,1,10,"MACD,EMA_26,Rolling_Mean_Return,ATR_14,Stochastic,EMA_12,Rolling_Volatility,BB_Upper,ADX,SMA_50",MACD
HDFCBANK,2022-07-04,2022,1,Sideways,1,0.8262,BUY,1,1,0.8684,BUY,1,10,"MACD,EMA_26,Rolling_Mean_Return,ATR_14,Stochastic,EMA_12,Rolling_Volatility,BB_Upper,ADX,SMA_50",MACD
HDFCBANK,2022-07-05,2022,1,Sideways,1,0.8387,BUY,1,1,0.8724,BUY,1,10,"MACD,EMA_26,Rolling_Mean_Return,ATR_14,Stochastic,EMA_12,Rolling_Volatility,BB_Upper,ADX,SMA_50",MACD
HDFCBANK,2022-07-06,2022,1,Sideways,1,0.7171,BUY,1,1,0.875,BUY,1,10,"MACD,EMA_26,Rolling_Mean_Return,ATR_14,Stochastic,EMA_12,Rolling_Volatility,BB_Upper,ADX,SMA_50",MACD
HDFCBANK,2022-07-07,2022,1,Sideways,1,0.6848,BUY,1,1,0.876,BUY,1,10,"MACD,EMA_26,Rolling_Mean_Return,ATR_14,Stochastic,EMA_12,Rolling_Volatility,BB_Upper,ADX,SMA_50",MACD
HDFCBANK,2022-07-08,2022,1,Sideways,1,0.7364,BUY,1,1,0.8801,BUY,1,10,"MACD,EMA_26,Rolling_Mean_Return,ATR_14,Stochastic,EMA_12,Rolling_Volatility,BB_Upper,ADX,SMA_50",MACD
HDFCBANK,2022-07-11,2022,1,Sideways,1,0.7218,BUY,1,1,0.8829,BUY,1,10,"MACD,EMA_26,Rolling_Mean_Return,ATR_14,Stochastic,EMA_12,Rolling_Volatility,BB_Upper,ADX,SMA_50",MACD
HDFCBANK,2022-07-12,2022,1,Sideways,1,0.762,BUY,1,1,0.8867,BUY,1,10,"MACD,EMA_26,Rolling_Mean_Return,ATR_14,Stochastic,EMA_12,Rolling_Volatility,BB_Upper,ADX,SMA_50",MACD
HDFCBANK,2022-07-13,2022,1,Sideways,1,0.8373,BUY,1,1,0.8858,BUY,1,10,"MACD,EMA_26,Rolling_Mean_Return,ATR_14,Stochastic,EMA_12,Rolling_Volatility,BB_Upper,ADX,SMA_50",MACD
HDFCBANK,2022-07-14,2022,1,Sideways,1,0.9035,BUY,1,1,0.8914,BUY,1,10,"MACD,EMA_26,Rolling_Mean_Return,ATR_14,Stochastic,EMA_12,Rolling_Volatility,BB_Upper,ADX,SMA_50",MACD
HDFCBANK,2022-07-15,2022,1,Sideways,1,0.9084,BUY,1,1,0.8948,BUY,1,10,"MACD,EMA_26,Rolling_Mean_Return,ATR_14,Stochastic,EMA_12,Rolling_Volatility,BB_Upper,ADX,SMA_50",MACD
HDFCBANK,2022-07-18,2022,1,Sideways,1,0.9168,BUY,1,1,0.8994,BUY,1,10,"MACD,EMA_26,Rolling_Mean_Return,ATR_14,Stochastic,EMA_12,Rolling_Volatility,BB_Upper,ADX,SMA_50",MACD
HDFCBANK,2022-07-19,2022,1,Sideways,1,0.9179,BUY,1,1,0.9032,BUY,1,10,"MACD,EMA_26,Rolling_Mean_Return,ATR_14,Stochastic,EMA_12,Rolling_Volatility,BB_Upper,ADX,SMA_50",MACD
HDFCBANK,2022-07-20,2022,1,Sideways,1,0.9172,BUY,1,1,0.9053,BUY,1,10,"MACD,EMA_26,Rolling_Mean_Return,ATR_14,Stochastic,EMA_12,Rolling_Volatility,BB_Upper,ADX,SMA_50",MACD
HDFCBANK,2022-07-21,2022,1,Sideways,1,0.9219,BUY,1,1,0.9091,BUY,1,10,"MACD,EMA_26,Rolling_Mean_Return,ATR_14,Stochastic,EMA_12,Rolling_Volatility,BB_Upper,ADX,SMA_50",MACD
HDFCBANK,2022-07-22,2022,1,Sideways,1,0.8327,BUY,1,1,0.9064,BUY,1,10,"MACD,EMA_26,Rolling_Mean_Return,ATR_14,Stochastic,EMA_12,Rolling_Volatility,BB_Upper,ADX,SMA_50",MACD
HDFCBANK,2022-07-25,2022,1,Sideways,1,0.8269,BUY,1,1,0.9074,BUY,1,10,"MACD,EMA_26,Rolling_Mean_Return,ATR_14,Stochastic,EMA_12,Rolling_Volatility,BB_Upper,ADX,SMA_50",MACD
HDFCBANK,2022-07-26,2022,1,Sideways,1,0.827,BUY,1,1,0.91,BUY,1,10,"MACD,EMA_26,Rolling_Mean_Return,ATR_14,Stochastic,EMA_12,Rolling_Volatility,BB_Upper,ADX,SMA_50",MACD
HDFCBANK,2022-07-27,2022,1,Sideways,1,0.8063,BUY,1,1,0.9103,BUY,1,10,"MACD,EMA_26,Rolling_Mean_Return,ATR_14,Stochastic,EMA_12,Rolling_Volatility,BB_Upper,ADX,SMA_50",MACD
HDFCBANK,2022-07-28,2022,1,Sideways,1,0.7789,BUY,1,1,0.9107,BUY,1,10,"MACD,EMA_26,Rolling_Mean_Return,ATR_14,Stochastic,EMA_12,Rolling_Volatility,BB_Upper,ADX,SMA_50",MACD
HDFCBANK,2022-07-29,2022,1,Sideways,1,0.7635,BUY,1,1,0.9087,BUY,1,10,"MACD,EMA_26,Rolling_Mean_Return,ATR_14,Stochastic,EMA_12,Rolling_Volatility,BB_Upper,ADX,SMA_50",MACD
HDFCBANK,2022-08-01,2022,1,Sideways,1,0.5606,BUY,1,1,0.9068,BUY,1,10,"MACD,EMA_26,Rolling_Mean_Return,ATR_14,Stochastic,EMA_12,Rolling_Volatility,BB_Upper,ADX,SMA_50",MACD
HDFCBANK,2022-08-02,2022,1,Sideways,1,0.5646,BUY,1,1,0.9038,BUY,1,10,"MACD,EMA_26,Rolling_Mean_Return,ATR_14,Stochastic,EMA_12,Rolling_Volatility,BB_Upper,ADX,SMA_50",MACD
HDFCBANK,2022-08-03,2022,1,Sideways,1,0.5761,BUY,1,1,0.9039,BUY,1,10,"MACD,EMA_26,Rolling_Mean_Return,ATR_14,Stochastic,EMA_12,Rolling_Volatility,BB_Upper,ADX,SMA_50",MACD
HDFCBANK,2022-08-04,2022,1,Sideways,1,0.6383,BUY,1,1,0.8991,BUY,1,10,"MACD,EMA_26,Rolling_Mean_Return,ATR_14,Stochastic,EMA_12,Rolling_Volatility,BB_Upper,ADX,SMA_50",MACD
HDFCBANK,2022-08-05,2022,1,Sideways,1,0.7096,BUY,1,1,0.9022,BUY,1,10,"MACD,EMA_26,Rolling_Mean_Return,ATR_14,Stochastic,EMA_12,Rolling_Volatility,BB_Upper,ADX,SMA_50",MACD
HDFCBANK,2022-08-08,2022,1,Sideways,1,0.5073,NO TRADE,1,1,0.8897,BUY,1,10,"MACD,EMA_26,Rolling_Mean_Return,ATR_14,Stochastic,EMA_12,Rolling_Volatility,BB_Upper,ADX,SMA_50",MACD
HDFCBANK,2022-08-10,2022,1,Sideways,1,0.6929,BUY,1,1,0.8836,BUY,1,10,"MACD,EMA_26,Rolling_Mean_Return,ATR_14,Stochastic,EMA_12,Rolling_Volatility,BB_Upper,ADX,SMA_50",MACD
HDFCBANK,2022-08-11,2022,1,Sideways,1,0.6493,BUY,1,1,0.8165,BUY,1,10,"ATR_14,MACD,EMA_26,Stochastic,EMA_12,SMA_20,Rolling_Volatility,Volume_MA,Rolling_Std_10,SMA_50",ATR_14
HDFCBANK,2022-08-12,2022,1,Sideways,1,0.715,BUY,1,1,0.9152,BUY,1,10,"ATR_14,MACD,EMA_26,Stochastic,EMA_12,SMA_20,Rolling_Volatility,Volume_MA,Rolling_Std_10,SMA_50",ATR_14
HDFCBANK,2022-08-16,2022,1,Sideways,1,0.7014,BUY,1,1,0.914,BUY,1,10,"ATR_14,MACD,EMA_26,Stochastic,EMA_12,SMA_20,Rolling_Volatility,Volume_MA,Rolling_Std_10,SMA_50",ATR_14
HDFCBANK,2022-08-17,2022,1,Sideways,1,0.7429,BUY,1,1,0.9132,BUY,1,10,"ATR_14,MACD,EMA_26,Stochastic,EMA_12,SMA_20,Rolling_Volatility,Volume_MA,Rolling_Std_10,SMA_50",ATR_14
HDFCBANK,2022-08-18,2022,0,Sideways,1,0.7663,BUY,0,1,0.914,BUY,0,10,"ATR_14,MACD,EMA_26,Stochastic,EMA_12,SMA_20,Rolling_Volatility,Volume_MA,Rolling_Std_10,SMA_50",ATR_14
HDFCBANK,2022-08-19,2022,1,Sideways,1,0.7451,BUY,1,1,0.7871,BUY,1,10,"ATR_14,MACD,EMA_26,Stochastic,EMA_12,SMA_20,Rolling_Volatility,Volume_MA,Rolling_Std_10,SMA_50",ATR_14
HDFCBANK,2022-08-22,2022,1,Sideways,1,0.7909,BUY,1,1,0.895,BUY,1,10,"ATR_14,MACD,EMA_26,Stochastic,EMA_12,SMA_20,Rolling_Volatility,Volume_MA,Rolling_Std_10,SMA_50",ATR_14
HDFCBANK,2022-08-23,2022,1,Sideways,1,0.7906,BUY,1,1,0.8968,BUY,1,10,"ATR_14,MACD,EMA_26,Stochastic,EMA_12,SMA_20,Rolling_Volatility,Volume_MA,Rolling_Std_10,SMA_50",ATR_14
HDFCBANK,2022-08-24,2022,1,Sideways,1,0.7941,BUY,1,1,0.9,BUY,1,10,"ATR_14,MACD,EMA_26,Stochastic,EMA_12,SMA_20,Rolling_Volatility,Volume_MA,Rolling_Std_10,SMA_50",ATR_14
HDFCBANK,2022-08-25,2022,0,Sideways,1,0.7983,BUY,0,1,0.8987,BUY,0,10,"ATR_14,MACD,EMA_26,Stochastic,EMA_12,SMA_20,Rolling_Volatility,Volume_MA,Rolling_Std_10,SMA_50",ATR_14
HDFCBANK,2022-08-26,2022,0,Sideways,1,0.7882,BUY,0,1,0.7951,BUY,0,10,"ATR_14,MACD,EMA_26,Stochastic,EMA_12,SMA_20,Rolling_Volatility,Volume_MA,Rolling_Std_10,SMA_50",ATR_14
HDFCBANK,2022-08-29,2022,0,Sideways,1,0.7811,BUY,0,1,0.7762,BUY,0,10,"ATR_14,MACD,EMA_26,Stochastic,EMA_12,SMA_20,Rolling_Volatility,Volume_MA,Rolling_Std_10,SMA_50",ATR_14
HDFCBANK,2022-08-30,2022,0,Sideways,1,0.691,BUY,0,1,0.7266,BUY,0,10,"ATR_14,MACD,EMA_26,Stochastic,EMA_12,SMA_20,Rolling_Volatility,Volume_MA,Rolling_Std_10,SMA_50",ATR_14
HDFCBANK,2022-09-01,2022,0,Sideways,1,0.7641,BUY,0,1,0.6952,BUY,0,10,"ATR_14,MACD,EMA_26,Stochastic,EMA_12,SMA_20,Rolling_Volatility,Volume_MA,Rolling_Std_10,SMA_50",ATR_14
HDFCBANK,2022-09-02,2022,0,Sideways,1,0.6682,BUY,0,1,0.7932,BUY,0,10,"ATR_14,MACD,EMA_26,Stochastic,EMA_12,SMA_20,Rolling_Volatility,Volume_MA,Rolling_Std_10,SMA_50",ATR_14
HDFCBANK,2022-09-05,2022,0,Sideways,1,0.6489,BUY,0,1,0.6856,BUY,0,10,"ATR_14,MACD,EMA_26,Stochastic,EMA_12,SMA_20,Rolling_Volatility,Volume_MA,Rolling_Std_10,SMA_50",ATR_14
HDFCBANK,2022-09-06,2022,0,Sideways,1,0.6399,BUY,0,1,0.6753,BUY,0,10,"ATR_14,MACD,EMA_26,Stochastic,EMA_12,SMA_20,Rolling_Volatility,Volume_MA,Rolling_Std_10,SMA_50",ATR_14
HDFCBANK,2022-09-07,2022,0,Sideways,1,0.5819,BUY,0,1,0.6721,BUY,0,10,"ATR_14,MACD,EMA_26,Stochastic,EMA_12,SMA_20,Rolling_Volatility,Volume_MA,Rolling_Std_10,SMA_50",ATR_14
HDFCBANK,2022-09-08,2022,0,Sideways,1,0.5135,NO TRADE,0,1,0.6716,BUY,0,10,"ATR_14,MACD,EMA_26,Stochastic,EMA_12,SMA_20,Rolling_Volatility,Volume_MA,Rolling_Std_10,SMA_50",ATR_14
HDFCBANK,2022-09-09,2022,0,Sideways,0,0.5192,NO TRADE,1,1,0.6579,BUY,0,10,"ATR_14,MACD,EMA_26,Stochastic,EMA_12,SMA_20,Rolling_Volatility,Volume_MA,Rolling_Std_10,SMA_50",ATR_14
HDFCBANK,2022-09-12,2022,0,Sideways,1,0.537,NO TRADE,0,1,0.6511,BUY,0,10,"ATR_14,MACD,EMA_26,Stochastic,EMA_12,SMA_20,Rolling_Volatility,Volume_MA,Rolling_Std_10,SMA_50",ATR_14
HDFCBANK,2022-09-13,2022,0,Sideways,0,0.6712,SELL,1,1,0.6305,BUY,0,10,"ATR_14,MACD,EMA_26,Stochastic,EMA_12,SMA_20,Rolling_Volatility,Volume_MA,Rolling_Std_10,SMA_50",ATR_14
HDFCBANK,2022-09-14,2022,0,Sideways,0,0.6855,SELL,1,1,0.5901,BUY,0,10,"ATR_14,MACD,EMA_26,Stochastic,EMA_12,SMA_20,Rolling_Volatility,Volume_MA,Rolling_Std_10,SMA_50",ATR_14
HDFCBANK,2022-09-15,2022,0,Sideways,0,0.6434,SELL,1,1,0.5729,BUY,0,10,"ATR_14,MACD,EMA_26,Stochastic,EMA_12,SMA_20,Rolling_Volatility,Volume_MA,Rolling_Std_10,SMA_50",ATR_14
HDFCBANK,2022-09-16,2022,0,Sideways,0,0.6213,SELL,1,1,0.5399,NO TRADE,0,10,"ATR_14,MACD,EMA_26,Stochastic,EMA_12,SMA_20,Rolling_Volatility,Volume_MA,Rolling_Std_10,SMA_50",ATR_14
HDFCBANK,2022-09-19,2022,0,Sideways,0,0.6227,SELL,1,1,0.526,NO TRADE,0,10,"ATR_14,MACD,EMA_26,Stochastic,EMA_12,SMA_20,Rolling_Volatility,Volume_MA,Rolling_Std_10,SMA_50",ATR_14
HDFCBANK,2022-09-20,2022,0,Sideways,0,0.7024,SELL,1,1,0.5245,NO TRADE,0,10,"ATR_14,MACD,EMA_26,Stochastic,EMA_12,SMA_20,Rolling_Volatility,Volume_MA,Rolling_Std_10,SMA_50",ATR_14
HDFCBANK,2022-09-21,2022,0,Sideways,0,0.6811,SELL,1,1,0.5218,NO TRADE,0,10,"ATR_14,MACD,EMA_26,Stochastic,EMA_12,SMA_20,Rolling_Volatility,Volume_MA,Rolling_Std_10,SMA_50",ATR_14
HDFCBANK,2022-09-22,2022,0,Sideways,0,0.6203,SELL,1,0,0.5175,NO TRADE,1,10,"ATR_14,MACD,EMA_26,Stochastic,EMA_12,SMA_20,Rolling_Volatility,Volume_MA,Rolling_Std_10,SMA_50",ATR_14
HDFCBANK,2022-09-23,2022,1,Sideways,0,0.5831,SELL,0,0,0.5596,SELL,0,10,"ATR_14,MACD,EMA_26,Stochastic,EMA_12,SMA_20,Rolling_Volatility,Volume_MA,Rolling_Std_10,SMA_50",ATR_14
HDFCBANK,2022-09-26,2022,1,Sideways,1,0.6595,BUY,1,0,0.5511,SELL,0,10,"MACD_Hist,EMA_26,SMA_50,MACD,Daily_Return,EMA_12,SMA_20,CCI,Rolling_Volatility,RSI_14",MACD_Hist
HDFCBANK,2022-09-27,2022,1,Sideways,1,0.7248,BUY,1,0,0.5568,SELL,0,10,"MACD_Hist,EMA_26,SMA_50,MACD,Daily_Return,EMA_12,SMA_20,CCI,Rolling_Volatility,RSI_14",MACD_Hist
HDFCBANK,2022-09-28,2022,1,Sideways,1,0.8085,BUY,1,0,0.5756,SELL,0,10,"MACD_Hist,EMA_26,SMA_50,MACD,Daily_Return,EMA_12,SMA_20,CCI,Rolling_Volatility,RSI_14",MACD_Hist
HDFCBANK,2022-09-29,2022,1,Sideways,1,0.8185,BUY,1,1,0.5446,NO TRADE,1,10,"MACD_Hist,EMA_26,SMA_50,MACD,Daily_Return,EMA_12,SMA_20,CCI,Rolling_Volatility,RSI_14",MACD_Hist
HDFCBANK,2022-09-30,2022,1,Sideways,1,0.7427,BUY,1,1,0.5534,BUY,1,10,"MACD_Hist,EMA_26,SMA_50,MACD,Daily_Return,EMA_12,SMA_20,CCI,Rolling_Volatility,RSI_14",MACD_Hist
HDFCBANK,2022-10-03,2022,1,Sideways,1,0.7995,BUY,1,1,0.6374,BUY,1,10,"MACD_Hist,EMA_26,SMA_50,MACD,Daily_Return,EMA_12,SMA_20,CCI,Rolling_Volatility,RSI_14",MACD_Hist
HDFCBANK,2022-10-04,2022,1,Sideways,1,0.6946,BUY,1,1,0.5973,BUY,1,10,"MACD_Hist,EMA_26,SMA_50,MACD,Daily_Return,EMA_12,SMA_20,CCI,Rolling_Volatility,RSI_14",MACD_Hist
HDFCBANK,2022-10-06,2022,1,Sideways,1,0.8092,BUY,1,1,0.6256,BUY,1,10,"MACD_Hist,EMA_26,SMA_50,MACD,Daily_Return,EMA_12,SMA_20,CCI,Rolling_Volatility,RSI_14",MACD_Hist
HDFCBANK,2022-10-07,2022,1,Sideways,1,0.8053,BUY,1,1,0.6447,BUY,1,10,"MACD_Hist,EMA_26,SMA_50,MACD,Daily_Return,EMA_12,SMA_20,CCI,Rolling_Volatility,RSI_14",MACD_Hist
HDFCBANK,2022-10-10,2022,1,Sideways,1,0.8656,BUY,1,1,0.6594,BUY,1,10,"MACD_Hist,EMA_26,SMA_50,MACD,Daily_Return,EMA_12,SMA_20,CCI,Rolling_Volatility,RSI_14",MACD_Hist
HDFCBANK,2022-10-11,2022,1,Sideways,1,0.9257,BUY,1,1,0.6725,BUY,1,10,"MACD_Hist,EMA_26,SMA_50,MACD,Daily_Return,EMA_12,SMA_20,CCI,Rolling_Volatility,RSI_14",MACD_Hist
HDFCBANK,2022-10-12,2022,1,Sideways,1,0.941,BUY,1,1,0.6999,BUY,1,10,"MACD_Hist,EMA_26,SMA_50,MACD,Daily_Return,EMA_12,SMA_20,CCI,Rolling_Volatility,RSI_14",MACD_Hist
HDFCBANK,2022-10-13,2022,1,Sideways,1,0.949,BUY,1,1,0.7193,BUY,1,10,"MACD_Hist,EMA_26,SMA_50,MACD,Daily_Return,EMA_12,SMA_20,CCI,Rolling_Volatility,RSI_14",MACD_Hist
HDFCBANK,2022-10-14,2022,1,Sideways,1,0.6671,BUY,1,1,0.6783,BUY,1,10,"MACD_Hist,EMA_26,SMA_50,MACD,Daily_Return,EMA_12,SMA_20,CCI,Rolling_Volatility,RSI_14",MACD_Hist
HDFCBANK,2022-10-17,2022,1,Sideways,1,0.8575,BUY,1,1,0.6929,BUY,1,10,"MACD_Hist,EMA_26,SMA_50,MACD,Daily_Return,EMA_12,SMA_20,CCI,Rolling_Volatility,RSI_14",MACD_Hist
HDFCBANK,2022-10-18,2022,1,Sideways,1,0.8703,BUY,1,1,0.7037,BUY,1,10,"MACD_Hist,EMA_26,SMA_50,MACD,Daily_Return,EMA_12,SMA_20,CCI,Rolling_Volatility,RSI_14",MACD_Hist
HDFCBANK,2022-10-19,2022,1,Sideways,1,0.7634,BUY,1,1,0.6954,BUY,1,10,"MACD_Hist,EMA_26,SMA_50,MACD,Daily_Return,EMA_12,SMA_20,CCI,Rolling_Volatility,RSI_14",MACD_Hist
HDFCBANK,2022-10-20,2022,1,Sideways,1,0.7799,BUY,1,1,0.7294,BUY,1,10,"MACD_Hist,EMA_26,SMA_50,MACD,Daily_Return,EMA_12,SMA_20,CCI,Rolling_Volatility,RSI_14",MACD_Hist
HDFCBANK,2022-10-21,2022,1,Sideways,1,0.8124,BUY,1,1,0.7576,BUY,1,10,"MACD_Hist,EMA_26,SMA_50,MACD,Daily_Return,EMA_12,SMA_20,CCI,Rolling_Volatility,RSI_14",MACD_Hist
HDFCBANK,2022-10-24,2022,1,Sideways,1,0.6468,BUY,1,1,0.7708,BUY,1,10,"MACD_Hist,EMA_26,SMA_50,MACD,Daily_Return,EMA_12,SMA_20,CCI,Rolling_Volatility,RSI_14",MACD_Hist
HDFCBANK,2022-10-25,2022,1,Sideways,1,0.755,BUY,1,1,0.7852,BUY,1,10,"MACD_Hist,EMA_26,SMA_50,MACD,Daily_Return,EMA_12,SMA_20,CCI,Rolling_Volatility,RSI_14",MACD_Hist
HDFCBANK,2022-10-27,2022,1,Sideways,1,0.7872,BUY,1,1,0.7897,BUY,1,10,"MACD_Hist,EMA_26,SMA_50,MACD,Daily_Return,EMA_12,SMA_20,CCI,Rolling_Volatility,RSI_14",MACD_Hist
HDFCBANK,2022-10-28,2022,1,Sideways,1,0.7371,BUY,1,1,0.7973,BUY,1,10,"MACD_Hist,EMA_26,SMA_50,MACD,Daily_Return,EMA_12,SMA_20,CCI,Rolling_Volatility,RSI_14",MACD_Hist
HDFCBANK,2022-10-31,2022,1,Sideways,1,0.6505,BUY,1,1,0.7798,BUY,1,10,"MACD_Hist,EMA_26,SMA_50,MACD,Daily_Return,EMA_12,SMA_20,CCI,Rolling_Volatility,RSI_14",MACD_Hist
HDFCBANK,2022-11-01,2022,1,Sideways,1,0.672,BUY,1,1,0.7767,BUY,1,10,"MACD_Hist,EMA_26,SMA_50,MACD,Daily_Return,EMA_12,SMA_20,CCI,Rolling_Volatility,RSI_14",MACD_Hist
HDFCBANK,2022-11-02,2022,1,Sideways,1,0.7471,BUY,1,1,0.7759,BUY,1,10,"MACD_Hist,EMA_26,SMA_50,MACD,Daily_Return,EMA_12,SMA_20,CCI,Rolling_Volatility,RSI_14",MACD_Hist
HDFCBANK,2022-11-03,2022,1,Sideways,1,0.7819,BUY,1,1,0.7799,BUY,1,10,"MACD_Hist,EMA_26,SMA_50,MACD,Daily_Return,EMA_12,SMA_20,CCI,Rolling_Volatility,RSI_14",MACD_Hist
HDFCBANK,2022-11-04,2022,1,Sideways,1,0.8044,BUY,1,1,0.7773,BUY,1,10,"MACD_Hist,EMA_26,SMA_50,MACD,Daily_Return,EMA_12,SMA_20,CCI,Rolling_Volatility,RSI_14",MACD_Hist
HDFCBANK,2022-11-07,2022,1,Sideways,1,0.7786,BUY,1,1,0.7725,BUY,1,10,"MACD_Hist,EMA_26,SMA_50,MACD,Daily_Return,EMA_12,SMA_20,CCI,Rolling_Volatility,RSI_14",MACD_Hist
HDFCBANK,2022-11-09,2022,1,Sideways,1,0.7842,BUY,1,1,0.7707,BUY,1,10,"MACD_Hist,EMA_26,SMA_50,MACD,Daily_Return,EMA_12,SMA_20,CCI,Rolling_Volatility,RSI_14",MACD_Hist
HDFCBANK,2022-11-10,2022,1,Sideways,1,0.6424,BUY,1,0,0.5453,NO TRADE,0,10,"EMA_12,MACD,Volume_MA,SMA_50,ROC,OBV,SMA_20,Rolling_Mean_Return,MACD_Hist,BB_Upper",EMA_12
HDFCBANK,2022-11-11,2022,1,Sideways,0,0.7778,SELL,0,1,0.6267,BUY,1,10,"EMA_12,MACD,Volume_MA,SMA_50,ROC,OBV,SMA_20,Rolling_Mean_Return,MACD_Hist,BB_Upper",EMA_12
HDFCBANK,2022-11-14,2022,1,Sideways,0,0.535,NO TRADE,0,1,0.7556,BUY,1,10,"EMA_12,MACD,Volume_MA,SMA_50,ROC,OBV,SMA_20,Rolling_Mean_Return,MACD_Hist,BB_Upper",EMA_12
HDFCBANK,2022-11-15,2022,1,Sideways,1,0.5302,NO TRADE,1,1,0.7982,BUY,1,10,"EMA_12,MACD,Volume_MA,SMA_50,ROC,OBV,SMA_20,Rolling_Mean_Return,MACD_Hist,BB_Upper",EMA_12
HDFCBANK,2022-11-16,2022,1,Sideways,1,0.5345,NO TRADE,1,1,0.8133,BUY,1,10,"EMA_12,MACD,Volume_MA,SMA_50,ROC,OBV,SMA_20,Rolling_Mean_Return,MACD_Hist,BB_Upper",EMA_12
HDFCBANK,2022-11-17,2022,1,Sideways,1,0.567,BUY,1,1,0.8129,BUY,1,10,"EMA_12,MACD,Volume_MA,SMA_50,ROC,OBV,SMA_20,Rolling_Mean_Return,MACD_Hist,BB_Upper",EMA_12
HDFCBANK,2022-11-18,2022,1,Sideways,1,0.6746,BUY,1,1,0.8175,BUY,1,10,"EMA_12,MACD,Volume_MA,SMA_50,ROC,OBV,SMA_20,Rolling_Mean_Return,MACD_Hist,BB_Upper",EMA_12
HDFCBANK,2022-11-21,2022,1,Sideways,1,0.6154,BUY,1,1,0.8198,BUY,1,10,"EMA_12,MACD,Volume_MA,SMA_50,ROC,OBV,SMA_20,Rolling_Mean_Return,MACD_Hist,BB_Upper",EMA_12
HDFCBANK,2022-11-22,2022,1,Sideways,1,0.7203,BUY,1,1,0.8088,BUY,1,10,"EMA_12,MACD,Volume_MA,SMA_50,ROC,OBV,SMA_20,Rolling_Mean_Return,MACD_Hist,BB_Upper",EMA_12
HDFCBANK,2022-11-23,2022,1,Sideways,1,0.736,BUY,1,1,0.8206,BUY,1,10,"EMA_12,MACD,Volume_MA,SMA_50,ROC,OBV,SMA_20,Rolling_Mean_Return,MACD_Hist,BB_Upper",EMA_12
HDFCBANK,2022-11-24,2022,0,Sideways,1,0.7103,BUY,0,1,0.8307,BUY,0,10,"EMA_12,MACD,Volume_MA,SMA_50,ROC,OBV,SMA_20,Rolling_Mean_Return,MACD_Hist,BB_Upper",EMA_12
HDFCBANK,2022-11-25,2022,0,Sideways,1,0.5568,BUY,0,1,0.5354,NO TRADE,0,10,"EMA_12,MACD,Volume_MA,SMA_50,ROC,OBV,SMA_20,Rolling_Mean_Return,MACD_Hist,BB_Upper",EMA_12
HDFCBANK,2022-11-28,2022,1,Sideways,0,0.5294,NO TRADE,0,0,0.63,SELL,0,10,"EMA_12,MACD,Volume_MA,SMA_50,ROC,OBV,SMA_20,Rolling_Mean_Return,MACD_Hist,BB_Upper",EMA_12
HDFCBANK,2022-11-29,2022,1,Sideways,1,0.5974,BUY,1,0,0.5745,SELL,0,10,"EMA_12,MACD,Volume_MA,SMA_50,ROC,OBV,SMA_20,Rolling_Mean_Return,MACD_Hist,BB_Upper",EMA_12
HDFCBANK,2022-11-30,2022,1,Sideways,1,0.525,NO TRADE,1,0,0.5006,NO TRADE,0,10,"EMA_12,MACD,Volume_MA,SMA_50,ROC,OBV,SMA_20,Rolling_Mean_Return,MACD_Hist,BB_Upper",EMA_12
HDFCBANK,2022-12-01,2022,1,Sideways,1,0.6835,BUY,1,1,0.527,NO TRADE,1,10,"EMA_12,MACD,Volume_MA,SMA_50,ROC,OBV,SMA_20,Rolling_Mean_Return,MACD_Hist,BB_Upper",EMA_12
HDFCBANK,2022-12-02,2022,1,Sideways,1,0.7146,BUY,1,1,0.6048,BUY,1,10,"EMA_12,MACD,Volume_MA,SMA_50,ROC,OBV,SMA_20,Rolling_Mean_Return,MACD_Hist,BB_Upper",EMA_12
HDFCBANK,2022-12-05,2022,1,Sideways,1,0.6981,BUY,1,1,0.5746,BUY,1,10,"EMA_12,MACD,Volume_MA,SMA_50,ROC,OBV,SMA_20,Rolling_Mean_Return,MACD_Hist,BB_Upper",EMA_12
HDFCBANK,2022-12-06,2022,1,Sideways,1,0.696,BUY,1,1,0.6454,BUY,1,10,"EMA_12,MACD,Volume_MA,SMA_50,ROC,OBV,SMA_20,Rolling_Mean_Return,MACD_Hist,BB_Upper",EMA_12
HDFCBANK,2022-12-07,2022,0,Sideways,1,0.6994,BUY,0,1,0.5892,BUY,0,10,"EMA_12,MACD,Volume_MA,SMA_50,ROC,OBV,SMA_20,Rolling_Mean_Return,MACD_Hist,BB_Upper",EMA_12
HDFCBANK,2022-12-08,2022,0,Sideways,0,0.6046,SELL,1,1,0.5729,BUY,0,10,"EMA_12,MACD,Volume_MA,SMA_50,ROC,OBV,SMA_20,Rolling_Mean_Return,MACD_Hist,BB_Upper",EMA_12
HDFCBANK,2022-12-09,2022,0,Sideways,0,0.5172,NO TRADE,1,1,0.5179,NO TRADE,0,10,"EMA_12,MACD,Volume_MA,SMA_50,ROC,OBV,SMA_20,Rolling_Mean_Return,MACD_Hist,BB_Upper",EMA_12
HDFCBANK,2022-12-12,2022,0,Sideways,0,0.7494,SELL,1,0,0.5316,NO TRADE,1,10,"EMA_12,MACD,Volume_MA,SMA_50,ROC,OBV,SMA_20,Rolling_Mean_Return,MACD_Hist,BB_Upper",EMA_12
HDFCBANK,2022-12-13,2022,0,Sideways,0,0.7514,SELL,1,0,0.5399,NO TRADE,1,10,"EMA_12,MACD,Volume_MA,SMA_50,ROC,OBV,SMA_20,Rolling_Mean_Return,MACD_Hist,BB_Upper",EMA_12
HDFCBANK,2022-12-14,2022,0,Sideways,0,0.6872,SELL,1,0,0.5637,SELL,1,10,"EMA_12,MACD,Volume_MA,SMA_50,ROC,OBV,SMA_20,Rolling_Mean_Return,MACD_Hist,BB_Upper",EMA_12
HDFCBANK,2022-12-15,2022,0,Sideways,0,0.6713,SELL,1,0,0.5719,SELL,1,10,"EMA_12,MACD,Volume_MA,SMA_50,ROC,OBV,SMA_20,Rolling_Mean_Return,MACD_Hist,BB_Upper",EMA_12
HDFCBANK,2022-12-16,2022,0,Sideways,0,0.6862,SELL,1,0,0.6186,SELL,1,10,"EMA_12,MACD,Volume_MA,SMA_50,ROC,OBV,SMA_20,Rolling_Mean_Return,MACD_Hist,BB_Upper",EMA_12
HDFCBANK,2022-12-19,2022,0,Sideways,0,0.6886,SELL,1,0,0.6349,SELL,1,10,"EMA_12,MACD,Volume_MA,SMA_50,ROC,OBV,SMA_20,Rolling_Mean_Return,MACD_Hist,BB_Upper",EMA_12
HDFCBANK,2022-12-20,2022,0,Sideways,0,0.7203,SELL,1,0,0.6482,SELL,1,10,"EMA_12,MACD,Volume_MA,SMA_50,ROC,OBV,SMA_20,Rolling_Mean_Return,MACD_Hist,BB_Upper",EMA_12
HDFCBANK,2022-12-21,2022,1,Sideways,0,0.6977,SELL,0,0,0.599,SELL,0,10,"EMA_12,MACD,Volume_MA,SMA_50,ROC,OBV,SMA_20,Rolling_Mean_Return,MACD_Hist,BB_Upper",EMA_12
HDFCBANK,2022-12-22,2022,1,Sideways,0,0.6616,SELL,0,0,0.6184,SELL,0,10,"SMA_50,EMA_12,MACD,SMA_10,Rolling_Mean_Return,Volume_MA,Rolling_Median_Return,ADX,Williams_R,BB_Upper",SMA_50
HDFCBANK,2022-12-23,2022,1,Sideways,1,0.5691,BUY,1,0,0.6017,SELL,0,10,"SMA_50,EMA_12,MACD,SMA_10,Rolling_Mean_Return,Volume_MA,Rolling_Median_Return,ADX,Williams_R,BB_Upper",SMA_50
HDFCBANK,2022-12-26,2022,1,Sideways,0,0.6322,SELL,0,0,0.6786,SELL,0,10,"SMA_50,EMA_12,MACD,SMA_10,Rolling_Mean_Return,Volume_MA,Rolling_Median_Return,ADX,Williams_R,BB_Upper",SMA_50
HDFCBANK,2022-12-27,2022,1,Sideways,0,0.536,NO TRADE,0,0,0.5977,SELL,0,10,"SMA_50,EMA_12,MACD,SMA_10,Rolling_Mean_Return,Volume_MA,Rolling_Median_Return,ADX,Williams_R,BB_Upper",SMA_50
HDFCBANK,2022-12-28,2022,1,Sideways,0,0.569,SELL,0,0,0.5686,SELL,0,10,"SMA_50,EMA_12,MACD,SMA_10,Rolling_Mean_Return,Volume_MA,Rolling_Median_Return,ADX,Williams_R,BB_Upper",SMA_50
HDFCBANK,2022-12-29,2022,0,Sideways,0,0.5153,NO TRADE,1,0,0.6053,SELL,1,10,"SMA_50,EMA_12,MACD,SMA_10,Rolling_Mean_Return,Volume_MA,Rolling_Median_Return,ADX,Williams_R,BB_Upper",SMA_50
HDFCBANK,2022-12-30,2022,0,Sideways,1,0.5233,NO TRADE,0,0,0.6435,SELL,1,10,"SMA_50,EMA_12,MACD,SMA_10,Rolling_Mean_Return,Volume_MA,Rolling_Median_Return,ADX,Williams_R,BB_Upper",SMA_50
HDFCBANK,2023-01-02,2023,0,Sideways,0,0.6257,SELL,1,0,0.6327,SELL,1,10,"SMA_50,EMA_12,MACD,SMA_10,Rolling_Mean_Return,Volume_MA,Rolling_Median_Return,ADX,Williams_R,BB_Upper",SMA_50
HDFCBANK,2023-01-03,2023,0,Sideways,0,0.7989,SELL,1,0,0.6862,SELL,1,10,"SMA_50,EMA_12,MACD,SMA_10,Rolling_Mean_Return,Volume_MA,Rolling_Median_Return,ADX,Williams_R,BB_Upper",SMA_50
HDFCBANK,2023-01-04,2023,0,Sideways,0,0.6916,SELL,1,1,0.5463,NO TRADE,0,10,"SMA_50,EMA_12,MACD,SMA_10,Rolling_Mean_Return,Volume_MA,Rolling_Median_Return,ADX,Williams_R,BB_Upper",SMA_50
HDFCBANK,2023-01-05,2023,1,Sideways,0,0.6662,SELL,0,0,0.6625,SELL,0,10,"SMA_50,EMA_12,MACD,SMA_10,Rolling_Mean_Return,Volume_MA,Rolling_Median_Return,ADX,Williams_R,BB_Upper",SMA_50
HDFCBANK,2023-01-06,2023,1,Sideways,0,0.6367,SELL,0,1,0.5258,NO TRADE,1,10,"SMA_50,EMA_12,MACD,SMA_10,Rolling_Mean_Return,Volume_MA,Rolling_Median_Return,ADX,Williams_R,BB_Upper",SMA_50
HDFCBANK,2023-01-09,2023,1,Sideways,1,0.6177,BUY,1,1,0.6001,BUY,1,10,"SMA_50,EMA_12,MACD,SMA_10,Rolling_Mean_Return,Volume_MA,Rolling_Median_Return,ADX,Williams_R,BB_Upper",SMA_50
HDFCBANK,2023-01-10,2023,1,Sideways,1,0.8139,BUY,1,1,0.6135,BUY,1,10,"SMA_50,EMA_12,MACD,SMA_10,Rolling_Mean_Return,Volume_MA,Rolling_Median_Return,ADX,Williams_R,BB_Upper",SMA_50
HDFCBANK,2023-01-11,2023,1,Sideways,1,0.7596,BUY,1,1,0.62,BUY,1,10,"SMA_50,EMA_12,MACD,SMA_10,Rolling_Mean_Return,Volume_MA,Rolling_Median_Return,ADX,Williams_R,BB_Upper",SMA_50
HDFCBANK,2023-01-12,2023,1,Sideways,1,0.8314,BUY,1,1,0.6346,BUY,1,10,"SMA_50,EMA_12,MACD,SMA_10,Rolling_Mean_Return,Volume_MA,Rolling_Median_Return,ADX,Williams_R,BB_Upper",SMA_50
HDFCBANK,2023-01-13,2023,1,Sideways,1,0.8075,BUY,1,1,0.6579,BUY,1,10,"SMA_50,EMA_12,MACD,SMA_10,Rolling_Mean_Return,Volume_MA,Rolling_Median_Return,ADX,Williams_R,BB_Upper",SMA_50
HDFCBANK,2023-01-16,2023,1,Sideways,1,0.8538,BUY,1,1,0.6707,BUY,1,10,"SMA_50,EMA_12,MACD,SMA_10,Rolling_Mean_Return,Volume_MA,Rolling_Median_Return,ADX,Williams_R,BB_Upper",SMA_50
HDFCBANK,2023-01-17,2023,1,Sideways,1,0.781,BUY,1,1,0.6811,BUY,1,10,"SMA_50,EMA_12,MACD,SMA_10,Rolling_Mean_Return,Volume_MA,Rolling_Median_Return,ADX,Williams_R,BB_Upper",SMA_50
HDFCBANK,2023-01-18,2023,1,Sideways,1,0.5916,BUY,1,1,0.6855,BUY,1,10,"SMA_50,EMA_12,MACD,SMA_10,Rolling_Mean_Return,Volume_MA,Rolling_Median_Return,ADX,Williams_R,BB_Upper",SMA_50
HDFCBANK,2023-01-19,2023,1,Sideways,1,0.5833,BUY,1,1,0.6976,BUY,1,10,"SMA_50,EMA_12,MACD,SMA_10,Rolling_Mean_Return,Volume_MA,Rolling_Median_Return,ADX,Williams_R,BB_Upper",SMA_50
HDFCBANK,2023-01-20,2023,0,Sideways,1,0.7371,BUY,0,1,0.6941,BUY,0,10,"SMA_50,EMA_12,MACD,SMA_10,Rolling_Mean_Return,Volume_MA,Rolling_Median_Return,ADX,Williams_R,BB_Upper",SMA_50
HDFCBANK,2023-01-23,2023,0,Sideways,0,0.6114,SELL,1,0,0.5691,SELL,1,10,"SMA_50,EMA_12,MACD,SMA_10,Rolling_Mean_Return,Volume_MA,Rolling_Median_Return,ADX,Williams_R,BB_Upper",SMA_50
HDFCBANK,2023-01-24,2023,0,Sideways,0,0.6718,SELL,1,0,0.626,SELL,1,10,"SMA_50,EMA_12,MACD,SMA_10,Rolling_Mean_Return,Volume_MA,Rolling_Median_Return,ADX,Williams_R,BB_Upper",SMA_50
HDFCBANK,2023-01-25,2023,0,Sideways,0,0.5929,SELL,1,0,0.6431,SELL,1,10,"SMA_50,EMA_12,MACD,SMA_10,Rolling_Mean_Return,Volume_MA,Rolling_Median_Return,ADX,Williams_R,BB_Upper",SMA_50
HDFCBANK,2023-01-27,2023,0,Sideways,0,0.6705,SELL,1,0,0.6259,SELL,1,10,"SMA_50,EMA_12,MACD,SMA_10,Rolling_Mean_Return,Volume_MA,Rolling_Median_Return,ADX,Williams_R,BB_Upper",SMA_50
HDFCBANK,2023-01-30,2023,0,Sideways,0,0.6531,SELL,1,0,0.6076,SELL,1,10,"SMA_50,EMA_12,MACD,SMA_10,Rolling_Mean_Return,Volume_MA,Rolling_Median_Return,ADX,Williams_R,BB_Upper",SMA_50
HDFCBANK,2023-01-31,2023,0,Sideways,0,0.5764,SELL,1,0,0.5069,NO TRADE,1,10,"SMA_50,EMA_12,MACD,SMA_10,Rolling_Mean_Return,Volume_MA,Rolling_Median_Return,ADX,Williams_R,BB_Upper",SMA_50
HDFCBANK,2023-02-01,2023,0,Sideways,0,0.6994,SELL,1,0,0.5107,NO TRADE,1,10,"SMA_50,EMA_12,MACD,SMA_10,Rolling_Mean_Return,Volume_MA,Rolling_Median_Return,ADX,Williams_R,BB_Upper",SMA_50
HDFCBANK,2023-02-02,2023,0,Sideways,1,0.5497,NO TRADE,0,1,0.5897,BUY,0,10,"SMA_50,EMA_12,MACD,SMA_10,Rolling_Mean_Return,Volume_MA,Rolling_Median_Return,ADX,Williams_R,BB_Upper",SMA_50
HDFCBANK,2023-02-03,2023,0,Sideways,0,0.7709,SELL,1,0,0.5308,NO TRADE,1,10,"SMA_50,Volume_MA,BB_Upper,Rolling_Median_Return,MACD,Stochastic,MACD_Signal,ATR_14,Williams_R,MFI",SMA_50
HDFCBANK,2023-02-06,2023,0,Sideways,0,0.5997,SELL,1,0,0.5796,SELL,1,10,"SMA_50,Volume_MA,BB_Upper,Rolling_Median_Return,MACD,Stochastic,MACD_Signal,ATR_14,Williams_R,MFI",SMA_50
HDFCBANK,2023-02-07,2023,0,Sideways,0,0.6692,SELL,1,0,0.6696,SELL,1,10,"SMA_50,Volume_MA,BB_Upper,Rolling_Median_Return,MACD,Stochastic,MACD_Signal,ATR_14,Williams_R,MFI",SMA_50
HDFCBANK,2023-02-08,2023,0,Sideways,0,0.6126,SELL,1,0,0.507,NO TRADE,1,10,"SMA_50,Volume_MA,BB_Upper,Rolling_Median_Return,MACD,Stochastic,MACD_Signal,ATR_14,Williams_R,MFI",SMA_50
HDFCBANK,2023-02-09,2023,0,Sideways,0,0.7001,SELL,1,1,0.5216,NO TRADE,0,10,"SMA_50,Volume_MA,BB_Upper,Rolling_Median_Return,MACD,Stochastic,MACD_Signal,ATR_14,Williams_R,MFI",SMA_50
HDFCBANK,2023-02-10,2023,0,Sideways,0,0.7413,SELL,1,1,0.5514,BUY,0,10,"SMA_50,Volume_MA,BB_Upper,Rolling_Median_Return,MACD,Stochastic,MACD_Signal,ATR_14,Williams_R,MFI",SMA_50
HDFCBANK,2023-02-13,2023,0,Sideways,0,0.7493,SELL,1,1,0.5098,NO TRADE,0,10,"SMA_50,Volume_MA,BB_Upper,Rolling_Median_Return,MACD,Stochastic,MACD_Signal,ATR_14,Williams_R,MFI",SMA_50
HDFCBANK,2023-02-14,2023,0,Sideways,0,0.7758,SELL,1,0,0.5666,SELL,1,10,"SMA_50,Volume_MA,BB_Upper,Rolling_Median_Return,MACD,Stochastic,MACD_Signal,ATR_14,Williams_R,MFI",SMA_50
HDFCBANK,2023-02-15,2023,0,Sideways,0,0.6382,SELL,1,0,0.5904,SELL,1,10,"SMA_50,Volume_MA,BB_Upper,Rolling_Median_Return,MACD,Stochastic,MACD_Signal,ATR_14,Williams_R,MFI",SMA_50
HDFCBANK,2023-02-16,2023,0,Sideways,0,0.697,SELL,1,0,0.6482,SELL,1,10,"SMA_50,Volume_MA,BB_Upper,Rolling_Median_Return,MACD,Stochastic,MACD_Signal,ATR_14,Williams_R,MFI",SMA_50
HDFCBANK,2023-02-17,2023,0,Sideways,0,0.6689,SELL,1,0,0.6787,SELL,1,10,"SMA_50,Volume_MA,BB_Upper,Rolling_Median_Return,MACD,Stochastic,MACD_Signal,ATR_14,Williams_R,MFI",SMA_50
HDFCBANK,2023-02-20,2023,0,Sideways,0,0.6211,SELL,1,0,0.632,SELL,1,10,"SMA_50,Volume_MA,BB_Upper,Rolling_Median_Return,MACD,Stochastic,MACD_Signal,ATR_14,Williams_R,MFI",SMA_50
HDFCBANK,2023-02-21,2023,0,Sideways,0,0.8232,SELL,1,0,0.6494,SELL,1,10,"SMA_50,Volume_MA,BB_Upper,Rolling_Median_Return,MACD,Stochastic,MACD_Signal,ATR_14,Williams_R,MFI",SMA_50
HDFCBANK,2023-02-22,2023,0,Sideways,0,0.5794,SELL,1,1,0.5044,NO TRADE,0,10,"SMA_50,Volume_MA,BB_Upper,Rolling_Median_Return,MACD,Stochastic,MACD_Signal,ATR_14,Williams_R,MFI",SMA_50
HDFCBANK,2023-02-23,2023,0,Sideways,1,0.5683,BUY,0,1,0.6591,BUY,0,10,"SMA_50,Volume_MA,BB_Upper,Rolling_Median_Return,MACD,Stochastic,MACD_Signal,ATR_14,Williams_R,MFI",SMA_50
HDFCBANK,2023-02-24,2023,0,Sideways,1,0.6757,BUY,0,1,0.6204,BUY,0,10,"SMA_50,Volume_MA,BB_Upper,Rolling_Median_Return,MACD,Stochastic,MACD_Signal,ATR_14,Williams_R,MFI",SMA_50
HDFCBANK,2023-02-27,2023,0,Sideways,1,0.5953,BUY,0,0,0.5177,NO TRADE,1,10,"SMA_50,Volume_MA,BB_Upper,Rolling_Median_Return,MACD,Stochastic,MACD_Signal,ATR_14,Williams_R,MFI",SMA_50
HDFCBANK,2023-02-28,2023,0,Sideways,1,0.5887,BUY,0,0,0.5428,NO TRADE,1,10,"SMA_50,Volume_MA,BB_Upper,Rolling_Median_Return,MACD,Stochastic,MACD_Signal,ATR_14,Williams_R,MFI",SMA_50
HDFCBANK,2023-03-01,2023,1,Sideways,1,0.65,BUY,1,0,0.5692,SELL,0,10,"SMA_50,Volume_MA,BB_Upper,Rolling_Median_Return,MACD,Stochastic,MACD_Signal,ATR_14,Williams_R,MFI",SMA_50
HDFCBANK,2023-03-02,2023,1,Sideways,1,0.7969,BUY,1,1,0.6195,BUY,1,10,"SMA_50,Volume_MA,BB_Upper,Rolling_Median_Return,MACD,Stochastic,MACD_Signal,ATR_14,Williams_R,MFI",SMA_50
HDFCBANK,2023-03-03,2023,1,Sideways,1,0.6693,BUY,1,0,0.5674,SELL,0,10,"SMA_50,Volume_MA,BB_Upper,Rolling_Median_Return,MACD,Stochastic,MACD_Signal,ATR_14,Williams_R,MFI",SMA_50
HDFCBANK,2023-03-06,2023,1,Sideways,0,0.5303,NO TRADE,0,0,0.5929,SELL,0,10,"SMA_50,Volume_MA,BB_Upper,Rolling_Median_Return,MACD,Stochastic,MACD_Signal,ATR_14,Williams_R,MFI",SMA_50
HDFCBANK,2023-03-08,2023,1,Sideways,1,0.6351,BUY,1,0,0.6258,SELL,0,10,"SMA_50,Volume_MA,BB_Upper,Rolling_Median_Return,MACD,Stochastic,MACD_Signal,ATR_14,Williams_R,MFI",SMA_50
HDFCBANK,2023-03-09,2023,1,Sideways,1,0.5645,BUY,1,0,0.7013,SELL,0,10,"SMA_50,Volume_MA,BB_Upper,Rolling_Median_Return,MACD,Stochastic,MACD_Signal,ATR_14,Williams_R,MFI",SMA_50
HDFCBANK,2023-03-10,2023,1,Sideways,0,0.5006,NO TRADE,0,1,0.6342,BUY,1,10,"SMA_50,Volume_MA,BB_Upper,Rolling_Median_Return,MACD,Stochastic,MACD_Signal,ATR_14,Williams_R,MFI",SMA_50
HDFCBANK,2023-03-13,2023,1,Sideways,1,0.8152,BUY,1,1,0.6035,BUY,1,10,"SMA_50,Volume_MA,BB_Upper,Rolling_Median_Return,MACD,Stochastic,MACD_Signal,ATR_14,Williams_R,MFI",SMA_50
HDFCBANK,2023-03-14,2023,1,Sideways,1,0.8443,BUY,1,1,0.6891,BUY,1,10,"SMA_50,Volume_MA,BB_Upper,Rolling_Median_Return,MACD,Stochastic,MACD_Signal,ATR_14,Williams_R,MFI",SMA_50
HDFCBANK,2023-03-15,2023,1,Sideways,1,0.867,BUY,1,1,0.5692,BUY,1,10,"SMA_50,Volume_MA,BB_Upper,Rolling_Median_Return,MACD,Stochastic,MACD_Signal,ATR_14,Williams_R,MFI",SMA_50
HDFCBANK,2023-03-16,2023,1,Sideways,1,0.8942,BUY,1,1,0.6634,BUY,1,10,"SMA_50,Volume_MA,BB_Upper,Rolling_Median_Return,MACD,Stochastic,MACD_Signal,ATR_14,Williams_R,MFI",SMA_50
HDFCBANK,2023-03-17,2023,1,Sideways,1,0.819,BUY,1,1,0.586,BUY,1,10,"SMA_50,Volume_MA,BB_Upper,Rolling_Median_Return,MACD,Stochastic,MACD_Signal,ATR_14,Williams_R,MFI",SMA_50
HDFCBANK,2023-03-20,2023,1,Sideways,1,0.9116,BUY,1,0,0.5389,NO TRADE,0,10,"EMA_12,ADX,MACD,MACD_Hist,ATR_14,BB_Width,SMA_50,Volume_MA,Rolling_Median_Return,ROC",EMA_12
HDFCBANK,2023-03-21,2023,1,Sideways,1,0.8858,BUY,1,1,0.5183,NO TRADE,1,10,"EMA_12,ADX,MACD,MACD_Hist,ATR_14,BB_Width,SMA_50,Volume_MA,Rolling_Median_Return,ROC",EMA_12
HDFCBANK,2023-03-22,2023,1,Sideways,1,0.9052,BUY,1,1,0.6433,BUY,1,10,"EMA_12,ADX,MACD,MACD_Hist,ATR_14,BB_Width,SMA_50,Volume_MA,Rolling_Median_Return,ROC",EMA_12
HDFCBANK,2023-03-23,2023,1,Sideways,1,0.9258,BUY,1,1,0.6425,BUY,1,10,"EMA_12,ADX,MACD,MACD_Hist,ATR_14,BB_Width,SMA_50,Volume_MA,Rolling_Median_Return,ROC",EMA_12
HDFCBANK,2023-03-24,2023,1,Sideways,1,0.8954,BUY,1,1,0.73,BUY,1,10,"EMA_12,ADX,MACD,MACD_Hist,ATR_14,BB_Width,SMA_50,Volume_MA,Rolling_Median_Return,ROC",EMA_12
HDFCBANK,2023-03-27,2023,1,Sideways,1,0.8634,BUY,1,1,0.7529,BUY,1,10,"EMA_12,ADX,MACD,MACD_Hist,ATR_14,BB_Width,SMA_50,Volume_MA,Rolling_Median_Return,ROC",EMA_12
HDFCBANK,2023-03-28,2023,1,Sideways,1,0.8552,BUY,1,1,0.6822,BUY,1,10,"EMA_12,ADX,MACD,MACD_Hist,ATR_14,BB_Width,SMA_50,Volume_MA,Rolling_Median_Return,ROC",EMA_12
HDFCBANK,2023-03-29,2023,1,Sideways,1,0.8236,BUY,1,1,0.8285,BUY,1,10,"EMA_12,ADX,MACD,MACD_Hist,ATR_14,BB_Width,SMA_50,Volume_MA,Rolling_Median_Return,ROC",EMA_12
HDFCBANK,2023-03-31,2023,1,Sideways,1,0.7472,BUY,1,1,0.8114,BUY,1,10,"EMA_12,ADX,MACD,MACD_Hist,ATR_14,BB_Width,SMA_50,Volume_MA,Rolling_Median_Return,ROC",EMA_12
HDFCBANK,2023-04-03,2023,1,Sideways,1,0.8584,BUY,1,1,0.7998,BUY,1,10,"EMA_12,ADX,MACD,MACD_Hist,ATR_14,BB_Width,SMA_50,Volume_MA,Rolling_Median_Return,ROC",EMA_12
HDFCBANK,2023-04-05,2023,0,Sideways,1,0.7205,BUY,0,1,0.5792,BUY,0,10,"EMA_12,ADX,MACD,MACD_Hist,ATR_14,BB_Width,SMA_50,Volume_MA,Rolling_Median_Return,ROC",EMA_12
HDFCBANK,2023-04-06,2023,0,Sideways,0,0.5008,NO TRADE,1,0,0.5722,SELL,1,10,"EMA_12,ADX,MACD,MACD_Hist,ATR_14,BB_Width,SMA_50,Volume_MA,Rolling_Median_Return,ROC",EMA_12
HDFCBANK,2023-04-10,2023,0,Sideways,0,0.5204,NO TRADE,1,0,0.569,SELL,1,10,"EMA_12,ADX,MACD,MACD_Hist,ATR_14,BB_Width,SMA_50,Volume_MA,Rolling_Median_Return,ROC",EMA_12
HDFCBANK,2023-04-11,2023,0,Sideways,0,0.7139,SELL,1,0,0.7292,SELL,1,10,"EMA_12,ADX,MACD,MACD_Hist,ATR_14,BB_Width,SMA_50,Volume_MA,Rolling_Median_Return,ROC",EMA_12
HDFCBANK,2023-04-12,2023,0,Sideways,0,0.6913,SELL,1,0,0.7175,SELL,1,10,"EMA_12,ADX,MACD,MACD_Hist,ATR_14,BB_Width,SMA_50,Volume_MA,Rolling_Median_Return,ROC",EMA_12
HDFCBANK,2023-04-13,2023,0,Sideways,0,0.7461,SELL,1,0,0.7316,SELL,1,10,"EMA_12,ADX,MACD,MACD_Hist,ATR_14,BB_Width,SMA_50,Volume_MA,Rolling_Median_Return,ROC",EMA_12
HDFCBANK,2023-04-17,2023,0,Sideways,0,0.8315,SELL,1,0,0.7411,SELL,1,10,"EMA_12,ADX,MACD,MACD_Hist,ATR_14,BB_Width,SMA_50,Volume_MA,Rolling_Median_Return,ROC",EMA_12
HDFCBANK,2023-04-18,2023,0,Sideways,0,0.8361,SELL,1,0,0.7568,SELL,1,10,"EMA_12,ADX,MACD,MACD_Hist,ATR_14,BB_Width,SMA_50,Volume_MA,Rolling_Median_Return,ROC",EMA_12
HDFCBANK,2023-04-19,2023,0,Sideways,0,0.8405,SELL,1,0,0.776,SELL,1,10,"EMA_12,ADX,MACD,MACD_Hist,ATR_14,BB_Width,SMA_50,Volume_MA,Rolling_Median_Return,ROC",EMA_12
HDFCBANK,2023-04-20,2023,0,Sideways,0,0.8489,SELL,1,0,0.8016,SELL,1,10,"EMA_12,ADX,MACD,MACD_Hist,ATR_14,BB_Width,SMA_50,Volume_MA,Rolling_Median_Return,ROC",EMA_12
HDFCBANK,2023-04-21,2023,0,Sideways,0,0.9331,SELL,1,0,0.8307,SELL,1,10,"EMA_12,ADX,MACD,MACD_Hist,ATR_14,BB_Width,SMA_50,Volume_MA,Rolling_Median_Return,ROC",EMA_12
HDFCBANK,2023-04-24,2023,0,Sideways,0,0.9402,SELL,1,0,0.8392,SELL,1,10,"EMA_12,ADX,MACD,MACD_Hist,ATR_14,BB_Width,SMA_50,Volume_MA,Rolling_Median_Return,ROC",EMA_12
HDFCBANK,2023-04-25,2023,0,Sideways,0,0.8981,SELL,1,0,0.7725,SELL,1,10,"EMA_12,ADX,MACD,MACD_Hist,ATR_14,BB_Width,SMA_50,Volume_MA,Rolling_Median_Return,ROC",EMA_12
HDFCBANK,2023-04-26,2023,0,Sideways,0,0.8978,SELL,1,0,0.7739,SELL,1,10,"EMA_12,ADX,MACD,MACD_Hist,ATR_14,BB_Width,SMA_50,Volume_MA,Rolling_Median_Return,ROC",EMA_12
HDFCBANK,2023-04-27,2023,0,Sideways,0,0.9955,SELL,1,0,0.7752,SELL,1,10,"EMA_12,ADX,MACD,MACD_Hist,ATR_14,BB_Width,SMA_50,Volume_MA,Rolling_Median_Return,ROC",EMA_12
HDFCBANK,2023-04-28,2023,0,Sideways,0,0.9959,SELL,1,0,0.7796,SELL,1,10,"EMA_12,ADX,MACD,MACD_Hist,ATR_14,BB_Width,SMA_50,Volume_MA,Rolling_Median_Return,ROC",EMA_12
HDFCBANK,2023-05-02,2023,0,Sideways,0,0.9967,SELL,1,0,0.846,SELL,1,10,"EMA_12,ADX,MACD,MACD_Hist,ATR_14,BB_Width,SMA_50,Volume_MA,Rolling_Median_Return,ROC",EMA_12
HDFCBANK,2023-05-03,2023,0,Sideways,0,0.9975,SELL,1,0,0.8481,SELL,1,10,"EMA_12,ADX,MACD,MACD_Hist,ATR_14,BB_Width,SMA_50,Volume_MA,Rolling_Median_Return,ROC",EMA_12
HDFCBANK,2023-05-04,2023,0,Sideways,0,0.9981,SELL,1,0,0.8427,SELL,1,10,"EMA_12,ADX,MACD,MACD_Hist,ATR_14,BB_Width,SMA_50,Volume_MA,Rolling_Median_Return,ROC",EMA_12
HDFCBANK,2023-05-05,2023,0,Sideways,0,0.8715,SELL,1,0,0.8082,SELL,1,10,"EMA_12,ADX,MACD,MACD_Hist,ATR_14,BB_Width,SMA_50,Volume_MA,Rolling_Median_Return,ROC",EMA_12
HDFCBANK,2023-05-08,2023,0,Sideways,0,0.8996,SELL,1,0,0.839,SELL,1,10,"EMA_12,SMA_10,BB_Upper,MFI,SMA_20,MACD_Hist,MACD,Rolling_Median_Return,SMA_50,MACD_Signal",EMA_12
HDFCBANK,2023-05-09,2023,0,Sideways,0,0.8121,SELL,1,0,0.8709,SELL,1,10,"EMA_12,SMA_10,BB_Upper,MFI,SMA_20,MACD_Hist,MACD,Rolling_Median_Return,SMA_50,MACD_Signal",EMA_12
HDFCBANK,2023-05-10,2023,0,Sideways,0,0.9146,SELL,1,0,0.8717,SELL,1,10,"EMA_12,SMA_10,BB_Upper,MFI,SMA_20,MACD_Hist,MACD,Rolling_Median_Return,SMA_50,MACD_Signal",EMA_12
HDFCBANK,2023-05-11,2023,0,Sideways,0,0.9179,SELL,1,0,0.8722,SELL,1,10,"EMA_12,SMA_10,BB_Upper,MFI,SMA_20,MACD_Hist,MACD,Rolling_Median_Return,SMA_50,MACD_Signal",EMA_12
HDFCBANK,2023-05-12,2023,0,Sideways,0,0.9212,SELL,1,0,0.8733,SELL,1,10,"EMA_12,SMA_10,BB_Upper,MFI,SMA_20,MACD_Hist,MACD,Rolling_Median_Return,SMA_50,MACD_Signal",EMA_12
HDFCBANK,2023-05-15,2023,0,Sideways,0,0.923,SELL,1,0,0.8203,SELL,1,10,"EMA_12,SMA_10,BB_Upper,MFI,SMA_20,MACD_Hist,MACD,Rolling_Median_Return,SMA_50,MACD_Signal",EMA_12
HDFCBANK,2023-05-16,2023,0,Sideways,0,0.918,SELL,1,0,0.8757,SELL,1,10,"EMA_12,SMA_10,BB_Upper,MFI,SMA_20,MACD_Hist,MACD,Rolling_Median_Return,SMA_50,MACD_Signal",EMA_12
HDFCBANK,2023-05-17,2023,0,Sideways,0,0.9122,SELL,1,0,0.8758,SELL,1,10,"EMA_12,SMA_10,BB_Upper,MFI,SMA_20,MACD_Hist,MACD,Rolling_Median_Return,SMA_50,MACD_Signal",EMA_12
HDFCBANK,2023-05-18,2023,0,Sideways,0,0.9081,SELL,1,0,0.8764,SELL,1,10,"EMA_12,SMA_10,BB_Upper,MFI,SMA_20,MACD_Hist,MACD,Rolling_Median_Return,SMA_50,MACD_Signal",EMA_12
HDFCBANK,2023-05-19,2023,0,Sideways,0,0.9353,SELL,1,0,0.8753,SELL,1,10,"EMA_12,SMA_10,BB_Upper,MFI,SMA_20,MACD_Hist,MACD,Rolling_Median_Return,SMA_50,MACD_Signal",EMA_12
HDFCBANK,2023-05-22,2023,0,Sideways,0,0.9393,SELL,1,0,0.8525,SELL,1,10,"EMA_12,SMA_10,BB_Upper,MFI,SMA_20,MACD_Hist,MACD,Rolling_Median_Return,SMA_50,MACD_Signal",EMA_12
HDFCBANK,2023-05-23,2023,0,Sideways,0,0.9592,SELL,1,0,0.7938,SELL,1,10,"EMA_12,SMA_10,BB_Upper,MFI,SMA_20,MACD_Hist,MACD,Rolling_Median_Return,SMA_50,MACD_Signal",EMA_12
HDFCBANK,2023-05-24,2023,1,Sideways,0,0.8556,SELL,0,0,0.7159,SELL,0,10,"EMA_12,SMA_10,BB_Upper,MFI,SMA_20,MACD_Hist,MACD,Rolling_Median_Return,SMA_50,MACD_Signal",EMA_12
HDFCBANK,2023-05-25,2023,1,Sideways,0,0.6284,SELL,0,1,0.5162,NO TRADE,1,10,"EMA_12,SMA_10,BB_Upper,MFI,SMA_20,MACD_Hist,MACD,Rolling_Median_Return,SMA_50,MACD_Signal",EMA_12
HDFCBANK,2023-05-26,2023,1,Sideways,0,0.7534,SELL,0,1,0.5914,BUY,1,10,"EMA_12,SMA_10,BB_Upper,MFI,SMA_20,MACD_Hist,MACD,Rolling_Median_Return,SMA_50,MACD_Signal",EMA_12
HDFCBANK,2023-05-29,2023,1,Sideways,0,0.6415,SELL,0,1,0.5977,BUY,1,10,"EMA_12,SMA_10,BB_Upper,MFI,SMA_20,MACD_Hist,MACD,Rolling_Median_Return,SMA_50,MACD_Signal",EMA_12
HDFCBANK,2023-05-30,2023,1,Sideways,0,0.5741,SELL,0,1,0.5449,NO TRADE,1,10,"EMA_12,SMA_10,BB_Upper,MFI,SMA_20,MACD_Hist,MACD,Rolling_Median_Return,SMA_50,MACD_Signal",EMA_12
HDFCBANK,2023-05-31,2023,1,Sideways,1,0.6461,BUY,1,1,0.6384,BUY,1,10,"EMA_12,SMA_10,BB_Upper,MFI,SMA_20,MACD_Hist,MACD,Rolling_Median_Return,SMA_50,MACD_Signal",EMA_12
HDFCBANK,2023-06-01,2023,1,Sideways,1,0.7752,BUY,1,1,0.5352,NO TRADE,1,10,"EMA_12,SMA_10,BB_Upper,MFI,SMA_20,MACD_Hist,MACD,Rolling_Median_Return,SMA_50,MACD_Signal",EMA_12
HDFCBANK,2023-06-02,2023,1,Sideways,1,0.6859,BUY,1,1,0.6505,BUY,1,10,"EMA_12,SMA_10,BB_Upper,MFI,SMA_20,MACD_Hist,MACD,Rolling_Median_Return,SMA_50,MACD_Signal",EMA_12
HDFCBANK,2023-06-05,2023,1,Sideways,1,0.7566,BUY,1,1,0.7036,BUY,1,10,"EMA_12,SMA_10,BB_Upper,MFI,SMA_20,MACD_Hist,MACD,Rolling_Median_Return,SMA_50,MACD_Signal",EMA_12
HDFCBANK,2023-06-06,2023,1,Sideways,1,0.7726,BUY,1,1,0.7169,BUY,1,10,"EMA_12,SMA_10,BB_Upper,MFI,SMA_20,MACD_Hist,MACD,Rolling_Median_Return,SMA_50,MACD_Signal",EMA_12
HDFCBANK,2023-06-07,2023,1,Sideways,1,0.6334,BUY,1,1,0.7142,BUY,1,10,"EMA_12,SMA_10,BB_Upper,MFI,SMA_20,MACD_Hist,MACD,Rolling_Median_Return,SMA_50,MACD_Signal",EMA_12
HDFCBANK,2023-06-08,2023,1,Sideways,1,0.7282,BUY,1,1,0.7202,BUY,1,10,"EMA_12,SMA_10,BB_Upper,MFI,SMA_20,MACD_Hist,MACD,Rolling_Median_Return,SMA_50,MACD_Signal",EMA_12
HDFCBANK,2023-06-09,2023,1,Sideways,1,0.6092,BUY,1,1,0.6334,BUY,1,10,"EMA_12,SMA_10,BB_Upper,MFI,SMA_20,MACD_Hist,MACD,Rolling_Median_Return,SMA_50,MACD_Signal",EMA_12
HDFCBANK,2023-06-12,2023,1,Sideways,1,0.8165,BUY,1,1,0.6411,BUY,1,10,"EMA_12,SMA_10,BB_Upper,MFI,SMA_20,MACD_Hist,MACD,Rolling_Median_Return,SMA_50,MACD_Signal",EMA_12
HDFCBANK,2023-06-13,2023,1,Sideways,1,0.8494,BUY,1,1,0.663,BUY,1,10,"EMA_12,SMA_10,BB_Upper,MFI,SMA_20,MACD_Hist,MACD,Rolling_Median_Return,SMA_50,MACD_Signal",EMA_12
HDFCBANK,2023-06-14,2023,1,Sideways,1,0.8584,BUY,1,1,0.5549,BUY,1,10,"EMA_12,SMA_10,BB_Upper,MFI,SMA_20,MACD_Hist,MACD,Rolling_Median_Return,SMA_50,MACD_Signal",EMA_12
HDFCBANK,2023-06-15,2023,1,Sideways,1,0.9098,BUY,1,1,0.7038,BUY,1,10,"EMA_12,SMA_10,BB_Upper,MFI,SMA_20,MACD_Hist,MACD,Rolling_Median_Return,SMA_50,MACD_Signal",EMA_12
HDFCBANK,2023-06-16,2023,1,Sideways,1,0.8775,BUY,1,1,0.7132,BUY,1,10,"EMA_12,SMA_10,BB_Upper,MFI,SMA_20,MACD_Hist,MACD,Rolling_Median_Return,SMA_50,MACD_Signal",EMA_12
HDFCBANK,2023-06-19,2023,1,Sideways,1,0.8768,BUY,1,1,0.6263,BUY,1,10,"BB_Upper,MACD,EMA_12,OBV,MFI,MACD_Signal,MACD_Hist,SMA_50,BB_Width,SMA_10",BB_Upper
HDFCBANK,2023-06-20,2023,1,Sideways,1,0.8938,BUY,1,1,0.7522,BUY,1,10,"BB_Upper,MACD,EMA_12,OBV,MFI,MACD_Signal,MACD_Hist,SMA_50,BB_Width,SMA_10",BB_Upper
HDFCBANK,2023-06-21,2023,1,Sideways,1,0.7433,BUY,1,0,0.533,NO TRADE,0,10,"BB_Upper,MACD,EMA_12,OBV,MFI,MACD_Signal,MACD_Hist,SMA_50,BB_Width,SMA_10",BB_Upper
HDFCBANK,2023-06-22,2023,1,Sideways,1,0.6973,BUY,1,0,0.5847,SELL,0,10,"BB_Upper,MACD,EMA_12,OBV,MFI,MACD_Signal,MACD_Hist,SMA_50,BB_Width,SMA_10",BB_Upper
HDFCBANK,2023-06-23,2023,1,Sideways,1,0.6805,BUY,1,0,0.5472,NO TRADE,0,10,"BB_Upper,MACD,EMA_12,OBV,MFI,MACD_Signal,MACD_Hist,SMA_50,BB_Width,SMA_10",BB_Upper
HDFCBANK,2023-06-26,2023,1,Sideways,1,0.6876,BUY,1,0,0.5432,NO TRADE,0,10,"BB_Upper,MACD,EMA_12,OBV,MFI,MACD_Signal,MACD_Hist,SMA_50,BB_Width,SMA_10",BB_Upper
HDFCBANK,2023-06-27,2023,1,Sideways,0,0.6645,SELL,0,0,0.6068,SELL,0,10,"BB_Upper,MACD,EMA_12,OBV,MFI,MACD_Signal,MACD_Hist,SMA_50,BB_Width,SMA_10",BB_Upper
HDFCBANK,2023-06-28,2023,0,Sideways,0,0.6548,SELL,1,0,0.6719,SELL,1,10,"BB_Upper,MACD,EMA_12,OBV,MFI,MACD_Signal,MACD_Hist,SMA_50,BB_Width,SMA_10",BB_Upper
HDFCBANK,2023-06-30,2023,0,Sideways,0,0.7579,SELL,1,0,0.755,SELL,1,10,"BB_Upper,MACD,EMA_12,OBV,MFI,MACD_Signal,MACD_Hist,SMA_50,BB_Width,SMA_10",BB_Upper
HDFCBANK,2023-07-03,2023,0,Sideways,0,0.8647,SELL,1,0,0.8061,SELL,1,10,"BB_Upper,MACD,EMA_12,OBV,MFI,MACD_Signal,MACD_Hist,SMA_50,BB_Width,SMA_10",BB_Upper
HDFCBANK,2023-07-04,2023,0,Sideways,0,0.9609,SELL,1,0,0.8164,SELL,1,10,"BB_Upper,MACD,EMA_12,OBV,MFI,MACD_Signal,MACD_Hist,SMA_50,BB_Width,SMA_10",BB_Upper
HDFCBANK,2023-07-05,2023,0,Sideways,0,0.9613,SELL,1,0,0.8239,SELL,1,10,"BB_Upper,MACD,EMA_12,OBV,MFI,MACD_Signal,MACD_Hist,SMA_50,BB_Width,SMA_10",BB_Upper
HDFCBANK,2023-07-06,2023,0,Sideways,0,0.9311,SELL,1,0,0.83,SELL,1,10,"BB_Upper,MACD,EMA_12,OBV,MFI,MACD_Signal,MACD_Hist,SMA_50,BB_Width,SMA_10",BB_Upper
HDFCBANK,2023-07-07,2023,0,Sideways,0,0.8945,SELL,1,0,0.8324,SELL,1,10,"BB_Upper,MACD,EMA_12,OBV,MFI,MACD_Signal,MACD_Hist,SMA_50,BB_Width,SMA_10",BB_Upper
HDFCBANK,2023-07-10,2023,0,Sideways,0,0.8939,SELL,1,0,0.8175,SELL,1,10,"BB_Upper,MACD,EMA_12,OBV,MFI,MACD_Signal,MACD_Hist,SMA_50,BB_Width,SMA_10",BB_Upper
HDFCBANK,2023-07-11,2023,1,Sideways,0,0.8945,SELL,0,0,0.8001,SELL,0,10,"BB_Upper,MACD,EMA_12,OBV,MFI,MACD_Signal,MACD_Hist,SMA_50,BB_Width,SMA_10",BB_Upper
HDFCBANK,2023-07-12,2023,1,Sideways,0,0.7416,SELL,0,0,0.5469,NO TRADE,0,10,"BB_Upper,MACD,EMA_12,OBV,MFI,MACD_Signal,MACD_Hist,SMA_50,BB_Width,SMA_10",BB_Upper
HDFCBANK,2023-07-13,2023,0,Sideways,0,0.5163,NO TRADE,1,1,0.5859,BUY,0,10,"BB_Upper,MACD,EMA_12,OBV,MFI,MACD_Signal,MACD_Hist,SMA_50,BB_Width,SMA_10",BB_Upper
HDFCBANK,2023-07-14,2023,0,Sideways,0,0.6985,SELL,1,0,0.5406,NO TRADE,1,10,"BB_Upper,MACD,EMA_12,OBV,MFI,MACD_Signal,MACD_Hist,SMA_50,BB_Width,SMA_10",BB_Upper
HDFCBANK,2023-07-17,2023,0,Sideways,0,0.6551,SELL,1,0,0.686,SELL,1,10,"BB_Upper,MACD,EMA_12,OBV,MFI,MACD_Signal,MACD_Hist,SMA_50,BB_Width,SMA_10",BB_Upper
HDFCBANK,2023-07-18,2023,0,Sideways,0,0.7616,SELL,1,0,0.6792,SELL,1,10,"BB_Upper,MACD,EMA_12,OBV,MFI,MACD_Signal,MACD_Hist,SMA_50,BB_Width,SMA_10",BB_Upper
HDFCBANK,2023-07-19,2023,0,Sideways,0,0.8628,SELL,1,0,0.5861,SELL,1,10,"BB_Upper,MACD,EMA_12,OBV,MFI,MACD_Signal,MACD_Hist,SMA_50,BB_Width,SMA_10",BB_Upper
HDFCBANK,2023-07-20,2023,0,Sideways,0,0.8784,SELL,1,0,0.7301,SELL,1,10,"BB_Upper,MACD,EMA_12,OBV,MFI,MACD_Signal,MACD_Hist,SMA_50,BB_Width,SMA_10",BB_Upper
HDFCBANK,2023-07-21,2023,0,Sideways,0,0.8734,SELL,1,0,0.6605,SELL,1,10,"BB_Upper,MACD,EMA_12,OBV,MFI,MACD_Signal,MACD_Hist,SMA_50,BB_Width,SMA_10",BB_Upper
HDFCBANK,2023-07-24,2023,0,Sideways,0,0.875,SELL,1,0,0.6308,SELL,1,10,"BB_Upper,MACD,EMA_12,OBV,MFI,MACD_Signal,MACD_Hist,SMA_50,BB_Width,SMA_10",BB_Upper
HDFCBANK,2023-07-25,2023,0,Sideways,0,0.899,SELL,1,0,0.7167,SELL,1,10,"BB_Upper,MACD,EMA_12,OBV,MFI,MACD_Signal,MACD_Hist,SMA_50,BB_Width,SMA_10",BB_Upper
HDFCBANK,2023-07-26,2023,0,Sideways,0,0.8983,SELL,1,0,0.7625,SELL,1,10,"BB_Upper,MACD,EMA_12,OBV,MFI,MACD_Signal,MACD_Hist,SMA_50,BB_Width,SMA_10",BB_Upper
HDFCBANK,2023-07-27,2023,0,Sideways,0,0.8898,SELL,1,0,0.7287,SELL,1,10,"BB_Upper,MACD,EMA_12,OBV,MFI,MACD_Signal,MACD_Hist,SMA_50,BB_Width,SMA_10",BB_Upper
HDFCBANK,2023-07-28,2023,0,Sideways,0,0.8733,SELL,1,0,0.667,SELL,1,10,"BB_Upper,MACD,EMA_12,OBV,MFI,MACD_Signal,MACD_Hist,SMA_50,BB_Width,SMA_10",BB_Upper
HDFCBANK,2023-07-31,2023,0,Sideways,0,0.8694,SELL,1,0,0.6493,SELL,1,10,"BB_Upper,MACD,EMA_12,OBV,MFI,MACD_Signal,MACD_Hist,SMA_50,BB_Width,SMA_10",BB_Upper
HDFCBANK,2023-08-01,2023,0,Sideways,0,0.7855,SELL,1,0,0.7096,SELL,1,10,"MACD,BB_Upper,EMA_12,MACD_Hist,MACD_Signal,BB_Width,MFI,EMA_26,SMA_10,OBV",MACD
HDFCBANK,2023-08-02,2023,0,Sideways,0,0.6994,SELL,1,0,0.666,SELL,1,10,"MACD,BB_Upper,EMA_12,MACD_Hist,MACD_Signal,BB_Width,MFI,EMA_26,SMA_10,OBV",MACD
HDFCBANK,2023-08-03,2023,0,Sideways,0,0.6682,SELL,1,0,0.6191,SELL,1,10,"MACD,BB_Upper,EMA_12,MACD_Hist,MACD_Signal,BB_Width,MFI,EMA_26,SMA_10,OBV",MACD
HDFCBANK,2023-08-04,2023,0,Sideways,0,0.6075,SELL,1,0,0.5401,NO TRADE,1,10,"MACD,BB_Upper,EMA_12,MACD_Hist,MACD_Signal,BB_Width,MFI,EMA_26,SMA_10,OBV",MACD
HDFCBANK,2023-08-07,2023,0,Sideways,0,0.7114,SELL,1,0,0.5585,SELL,1,10,"MACD,BB_Upper,EMA_12,MACD_Hist,MACD_Signal,BB_Width,MFI,EMA_26,SMA_10,OBV",MACD
HDFCBANK,2023-08-08,2023,0,Sideways,0,0.7118,SELL,1,0,0.5995,SELL,1,10,"MACD,BB_Upper,EMA_12,MACD_Hist,MACD_Signal,BB_Width,MFI,EMA_26,SMA_10,OBV",MACD
HDFCBANK,2023-08-09,2023,0,Sideways,0,0.718,SELL,1,0,0.6027,SELL,1,10,"MACD,BB_Upper,EMA_12,MACD_Hist,MACD_Signal,BB_Width,MFI,EMA_26,SMA_10,OBV",MACD
HDFCBANK,2023-08-10,2023,0,Sideways,0,0.7194,SELL,1,0,0.623,SELL,1,10,"MACD,BB_Upper,EMA_12,MACD_Hist,MACD_Signal,BB_Width,MFI,EMA_26,SMA_10,OBV",MACD
HDFCBANK,2023-08-11,2023,1,Sideways,0,0.8065,SELL,0,0,0.6318,SELL,0,10,"MACD,BB_Upper,EMA_12,MACD_Hist,MACD_Signal,BB_Width,MFI,EMA_26,SMA_10,OBV",MACD
HDFCBANK,2023-08-14,2023,1,Sideways,1,0.5808,BUY,1,1,0.5693,BUY,1,10,"MACD,BB_Upper,EMA_12,MACD_Hist,MACD_Signal,BB_Width,MFI,EMA_26,SMA_10,OBV",MACD
HDFCBANK,2023-08-16,2023,1,Sideways,1,0.5926,BUY,1,1,0.6702,BUY,1,10,"MACD,BB_Upper,EMA_12,MACD_Hist,MACD_Signal,BB_Width,MFI,EMA_26,SMA_10,OBV",MACD
HDFCBANK,2023-08-17,2023,1,Sideways,1,0.6034,BUY,1,1,0.7011,BUY,1,10,"MACD,BB_Upper,EMA_12,MACD_Hist,MACD_Signal,BB_Width,MFI,EMA_26,SMA_10,OBV",MACD
HDFCBANK,2023-08-18,2023,1,Sideways,1,0.5825,BUY,1,1,0.7095,BUY,1,10,"MACD,BB_Upper,EMA_12,MACD_Hist,MACD_Signal,BB_Width,MFI,EMA_26,SMA_10,OBV",MACD
HDFCBANK,2023-08-21,2023,1,Sideways,1,0.7229,BUY,1,1,0.5432,NO TRADE,1,10,"MACD,BB_Upper,EMA_12,MACD_Hist,MACD_Signal,BB_Width,MFI,EMA_26,SMA_10,OBV",MACD
HDFCBANK,2023-08-22,2023,0,Sideways,1,0.8009,BUY,0,1,0.7351,BUY,0,10,"MACD,BB_Upper,EMA_12,MACD_Hist,MACD_Signal,BB_Width,MFI,EMA_26,SMA_10,OBV",MACD
HDFCBANK,2023-08-23,2023,0,Sideways,1,0.5837,BUY,0,1,0.5361,NO TRADE,0,10,"MACD,BB_Upper,EMA_12,MACD_Hist,MACD_Signal,BB_Width,MFI,EMA_26,SMA_10,OBV",MACD
HDFCBANK,2023-08-24,2023,0,Sideways,0,0.6489,SELL,1,1,0.6658,BUY,0,10,"MACD,BB_Upper,EMA_12,MACD_Hist,MACD_Signal,BB_Width,MFI,EMA_26,SMA_10,OBV",MACD
HDFCBANK,2023-08-25,2023,0,Sideways,0,0.5742,SELL,1,1,0.6248,BUY,0,10,"MACD,BB_Upper,EMA_12,MACD_Hist,MACD_Signal,BB_Width,MFI,EMA_26,SMA_10,OBV",MACD
HDFCBANK,2023-08-28,2023,0,Sideways,0,0.6572,SELL,1,0,0.521,NO TRADE,1,10,"MACD,BB_Upper,EMA_12,MACD_Hist,MACD_Signal,BB_Width,MFI,EMA_26,SMA_10,OBV",MACD
HDFCBANK,2023-08-29,2023,0,Sideways,0,0.6695,SELL,1,0,0.5259,NO TRADE,1,10,"MACD,BB_Upper,EMA_12,MACD_Hist,MACD_Signal,BB_Width,MFI,EMA_26,SMA_10,OBV",MACD
HDFCBANK,2023-08-30,2023,0,Sideways,0,0.6677,SELL,1,0,0.5509,SELL,1,10,"MACD,BB_Upper,EMA_12,MACD_Hist,MACD_Signal,BB_Width,MFI,EMA_26,SMA_10,OBV",MACD
HDFCBANK,2023-08-31,2023,0,Sideways,0,0.7879,SELL,1,0,0.5465,NO TRADE,1,10,"MACD,BB_Upper,EMA_12,MACD_Hist,MACD_Signal,BB_Width,MFI,EMA_26,SMA_10,OBV",MACD
HDFCBANK,2023-09-01,2023,0,Sideways,0,0.6819,SELL,1,0,0.6576,SELL,1,10,"MACD,BB_Upper,EMA_12,MACD_Hist,MACD_Signal,BB_Width,MFI,EMA_26,SMA_10,OBV",MACD
HDFCBANK,2023-09-04,2023,0,Sideways,0,0.6986,SELL,1,0,0.5899,SELL,1,10,"MACD,BB_Upper,EMA_12,MACD_Hist,MACD_Signal,BB_Width,MFI,EMA_26,SMA_10,OBV",MACD
HDFCBANK,2023-09-05,2023,0,Sideways,0,0.6995,SELL,1,0,0.5617,SELL,1,10,"MACD,BB_Upper,EMA_12,MACD_Hist,MACD_Signal,BB_Width,MFI,EMA_26,SMA_10,OBV",MACD
HDFCBANK,2023-09-06,2023,0,Sideways,0,0.7325,SELL,1,1,0.562,BUY,0,10,"MACD,BB_Upper,EMA_12,MACD_Hist,MACD_Signal,BB_Width,MFI,EMA_26,SMA_10,OBV",MACD
HDFCBANK,2023-09-07,2023,0,Sideways,0,0.7118,SELL,1,1,0.5876,BUY,0,10,"MACD,BB_Upper,EMA_12,MACD_Hist,MACD_Signal,BB_Width,MFI,EMA_26,SMA_10,OBV",MACD
HDFCBANK,2023-09-08,2023,0,Sideways,0,0.8478,SELL,1,1,0.5634,BUY,0,10,"MACD,BB_Upper,EMA_12,MACD_Hist,MACD_Signal,BB_Width,MFI,EMA_26,SMA_10,OBV",MACD
HDFCBANK,2023-09-11,2023,0,Sideways,0,0.8578,SELL,1,1,0.5414,NO TRADE,0,10,"MACD,BB_Upper,EMA_12,MACD_Hist,MACD_Signal,BB_Width,MFI,EMA_26,SMA_10,OBV",MACD
HDFCBANK,2023-09-12,2023,0,Sideways,0,0.862,SELL,1,0,0.5587,SELL,1,10,"MACD,BB_Upper,EMA_12,MACD_Hist,MACD_Signal,BB_Width,MFI,EMA_26,SMA_10,OBV",MACD
HDFCBANK,2023-09-13,2023,0,Sideways,0,0.9704,SELL,1,0,0.5374,NO TRADE,1,10,"MACD,OBV,SMA_50,EMA_12,Rolling_Median_Return,Volume_MA,SMA_20,MACD_Hist,EMA_26,BB_Upper",MACD
HDFCBANK,2023-09-14,2023,0,Sideways,0,0.9643,SELL,1,0,0.6579,SELL,1,10,"MACD,OBV,SMA_50,EMA_12,Rolling_Median_Return,Volume_MA,SMA_20,MACD_Hist,EMA_26,BB_Upper",MACD
HDFCBANK,2023-09-15,2023,0,Sideways,0,0.9726,SELL,1,0,0.6354,SELL,1,10,"MACD,OBV,SMA_50,EMA_12,Rolling_Median_Return,Volume_MA,SMA_20,MACD_Hist,EMA_26,BB_Upper",MACD
HDFCBANK,2023-09-18,2023,0,Sideways,0,0.9237,SELL,1,0,0.6367,SELL,1,10,"MACD,OBV,SMA_50,EMA_12,Rolling_Median_Return,Volume_MA,SMA_20,MACD_Hist,EMA_26,BB_Upper",MACD
HDFCBANK,2023-09-20,2023,0,Sideways,0,0.9249,SELL,1,0,0.6321,SELL,1,10,"MACD,OBV,SMA_50,EMA_12,Rolling_Median_Return,Volume_MA,SMA_20,MACD_Hist,EMA_26,BB_Upper",MACD
HDFCBANK,2023-09-21,2023,0,Sideways,0,0.8754,SELL,1,0,0.7203,SELL,1,10,"MACD,OBV,SMA_50,EMA_12,Rolling_Median_Return,Volume_MA,SMA_20,MACD_Hist,EMA_26,BB_Upper",MACD
HDFCBANK,2023-09-22,2023,0,Sideways,0,0.8626,SELL,1,0,0.6257,SELL,1,10,"MACD,OBV,SMA_50,EMA_12,Rolling_Median_Return,Volume_MA,SMA_20,MACD_Hist,EMA_26,BB_Upper",MACD
HDFCBANK,2023-09-25,2023,0,Sideways,0,0.8622,SELL,1,0,0.7306,SELL,1,10,"MACD,OBV,SMA_50,EMA_12,Rolling_Median_Return,Volume_MA,SMA_20,MACD_Hist,EMA_26,BB_Upper",MACD
HDFCBANK,2023-09-26,2023,0,Sideways,0,0.8667,SELL,1,0,0.7007,SELL,1,10,"MACD,OBV,SMA_50,EMA_12,Rolling_Median_Return,Volume_MA,SMA_20,MACD_Hist,EMA_26,BB_Upper",MACD
HDFCBANK,2023-09-27,2023,0,Sideways,0,0.8673,SELL,1,0,0.6511,SELL,1,10,"MACD,OBV,SMA_50,EMA_12,Rolling_Median_Return,Volume_MA,SMA_20,MACD_Hist,EMA_26,BB_Upper",MACD
HDFCBANK,2023-09-28,2023,0,Sideways,0,0.8728,SELL,1,0,0.6265,SELL,1,10,"MACD,OBV,SMA_50,EMA_12,Rolling_Median_Return,Volume_MA,SMA_20,MACD_Hist,EMA_26,BB_Upper",MACD
HDFCBANK,2023-09-29,2023,0,Sideways,0,0.8639,SELL,1,0,0.6379,SELL,1,10,"MACD,OBV,SMA_50,EMA_12,Rolling_Median_Return,Volume_MA,SMA_20,MACD_Hist,EMA_26,BB_Upper",MACD
HDFCBANK,2023-10-03,2023,0,Sideways,0,0.8655,SELL,1,0,0.6245,SELL,1,10,"MACD,OBV,SMA_50,EMA_12,Rolling_Median_Return,Volume_MA,SMA_20,MACD_Hist,EMA_26,BB_Upper",MACD
HDFCBANK,2023-10-04,2023,0,Sideways,0,0.8744,SELL,1,0,0.6627,SELL,1,10,"MACD,OBV,SMA_50,EMA_12,Rolling_Median_Return,Volume_MA,SMA_20,MACD_Hist,EMA_26,BB_Upper",MACD
HDFCBANK,2023-10-05,2023,0,Sideways,0,0.8816,SELL,1,0,0.6904,SELL,1,10,"MACD,OBV,SMA_50,EMA_12,Rolling_Median_Return,Volume_MA,SMA_20,MACD_Hist,EMA_26,BB_Upper",MACD
HDFCBANK,2023-10-06,2023,0,Sideways,0,0.8838,SELL,1,0,0.6817,SELL,1,10,"MACD,OBV,SMA_50,EMA_12,Rolling_Median_Return,Volume_MA,SMA_20,MACD_Hist,EMA_26,BB_Upper",MACD
HDFCBANK,2023-10-09,2023,0,Sideways,0,0.8842,SELL,1,0,0.6545,SELL,1,10,"MACD,OBV,SMA_50,EMA_12,Rolling_Median_Return,Volume_MA,SMA_20,MACD_Hist,EMA_26,BB_Upper",MACD
HDFCBANK,2023-10-10,2023,0,Sideways,0,0.8874,SELL,1,0,0.6504,SELL,1,10,"MACD,OBV,SMA_50,EMA_12,Rolling_Median_Return,Volume_MA,SMA_20,MACD_Hist,EMA_26,BB_Upper",MACD
HDFCBANK,2023-10-11,2023,0,Sideways,0,0.8963,SELL,1,0,0.6617,SELL,1,10,"MACD,OBV,SMA_50,EMA_12,Rolling_Median_Return,Volume_MA,SMA_20,MACD_Hist,EMA_26,BB_Upper",MACD
HDFCBANK,2023-10-12,2023,0,Sideways,0,0.9081,SELL,1,0,0.6593,SELL,1,10,"MACD,OBV,SMA_50,EMA_12,Rolling_Median_Return,Volume_MA,SMA_20,MACD_Hist,EMA_26,BB_Upper",MACD
HDFCBANK,2023-10-13,2023,0,Sideways,0,0.9108,SELL,1,0,0.6695,SELL,1,10,"MACD,OBV,SMA_50,EMA_12,Rolling_Median_Return,Volume_MA,SMA_20,MACD_Hist,EMA_26,BB_Upper",MACD
HDFCBANK,2023-10-16,2023,0,Sideways,0,0.9097,SELL,1,0,0.6802,SELL,1,10,"MACD,OBV,SMA_50,EMA_12,Rolling_Median_Return,Volume_MA,SMA_20,MACD_Hist,EMA_26,BB_Upper",MACD
HDFCBANK,2023-10-17,2023,0,Sideways,0,0.9071,SELL,1,0,0.7122,SELL,1,10,"MACD,OBV,SMA_50,EMA_12,Rolling_Median_Return,Volume_MA,SMA_20,MACD_Hist,EMA_26,BB_Upper",MACD
HDFCBANK,2023-10-18,2023,0,Sideways,0,0.8837,SELL,1,0,0.7174,SELL,1,10,"MACD,OBV,SMA_50,EMA_12,Rolling_Median_Return,Volume_MA,SMA_20,MACD_Hist,EMA_26,BB_Upper",MACD
HDFCBANK,2023-10-19,2023,0,Sideways,0,0.7362,SELL,1,0,0.7182,SELL,1,10,"MACD,OBV,SMA_50,EMA_12,Rolling_Median_Return,Volume_MA,SMA_20,MACD_Hist,EMA_26,BB_Upper",MACD
HDFCBANK,2023-10-20,2023,0,Sideways,0,0.739,SELL,1,0,0.7117,SELL,1,10,"MACD,OBV,SMA_50,EMA_12,Rolling_Median_Return,Volume_MA,SMA_20,MACD_Hist,EMA_26,BB_Upper",MACD
HDFCBANK,2023-10-23,2023,1,Sideways,0,0.7299,SELL,0,0,0.6115,SELL,0,10,"MACD,OBV,SMA_50,EMA_12,Rolling_Median_Return,Volume_MA,SMA_20,MACD_Hist,EMA_26,BB_Upper",MACD
HDFCBANK,2023-10-25,2023,1,Sideways,0,0.5033,NO TRADE,0,0,0.5831,SELL,0,10,"MACD,OBV,SMA_50,EMA_12,Rolling_Median_Return,Volume_MA,SMA_20,MACD_Hist,EMA_26,BB_Upper",MACD
HDFCBANK,2023-10-26,2023,1,Sideways,0,0.6005,SELL,0,0,0.6713,SELL,0,10,"MACD,OBV,SMA_50,EMA_12,Rolling_Median_Return,Volume_MA,SMA_20,MACD_Hist,EMA_26,BB_Upper",MACD
HDFCBANK,2023-10-27,2023,1,Sideways,0,0.5863,SELL,0,1,0.583,BUY,1,10,"MACD,OBV,SMA_50,EMA_12,Rolling_Median_Return,Volume_MA,SMA_20,MACD_Hist,EMA_26,BB_Upper",MACD
HDFCBANK,2023-10-30,2023,1,Sideways,1,0.5353,NO TRADE,1,1,0.5209,NO TRADE,1,10,"MACD,EMA_12,Volume_MA,OBV,Rolling_Median_Return,SMA_50,EMA_26,SMA_10,MACD_Hist,RSI_14",MACD
HDFCBANK,2023-10-31,2023,1,Sideways,1,0.6877,BUY,1,1,0.6574,BUY,1,10,"MACD,EMA_12,Volume_MA,OBV,Rolling_Median_Return,SMA_50,EMA_26,SMA_10,MACD_Hist,RSI_14",MACD
HDFCBANK,2023-11-01,2023,1,Sideways,1,0.7102,BUY,1,1,0.7235,BUY,1,10,"MACD,EMA_12,Volume_MA,OBV,Rolling_Median_Return,SMA_50,EMA_26,SMA_10,MACD_Hist,RSI_14",MACD
HDFCBANK,2023-11-02,2023,1,Sideways,1,0.7825,BUY,1,1,0.7529,BUY,1,10,"MACD,EMA_12,Volume_MA,OBV,Rolling_Median_Return,SMA_50,EMA_26,SMA_10,MACD_Hist,RSI_14",MACD
HDFCBANK,2023-11-03,2023,1,Sideways,1,0.8149,BUY,1,1,0.5831,BUY,1,10,"MACD,EMA_12,Volume_MA,OBV,Rolling_Median_Return,SMA_50,EMA_26,SMA_10,MACD_Hist,RSI_14",MACD
HDFCBANK,2023-11-06,2023,1,Sideways,1,0.7986,BUY,1,1,0.6064,BUY,1,10,"MACD,EMA_12,Volume_MA,OBV,Rolling_Median_Return,SMA_50,EMA_26,SMA_10,MACD_Hist,RSI_14",MACD
HDFCBANK,2023-11-07,2023,1,Sideways,1,0.8194,BUY,1,1,0.6793,BUY,1,10,"MACD,EMA_12,Volume_MA,OBV,Rolling_Median_Return,SMA_50,EMA_26,SMA_10,MACD_Hist,RSI_14",MACD
HDFCBANK,2023-11-08,2023,1,Sideways,1,0.7914,BUY,1,1,0.7064,BUY,1,10,"MACD,EMA_12,Volume_MA,OBV,Rolling_Median_Return,SMA_50,EMA_26,SMA_10,MACD_Hist,RSI_14",MACD
HDFCBANK,2023-11-09,2023,1,Sideways,1,0.8069,BUY,1,1,0.7718,BUY,1,10,"MACD,EMA_12,Volume_MA,OBV,Rolling_Median_Return,SMA_50,EMA_26,SMA_10,MACD_Hist,RSI_14",MACD
HDFCBANK,2023-11-10,2023,1,Sideways,1,0.8062,BUY,1,1,0.7528,BUY,1,10,"MACD,EMA_12,Volume_MA,OBV,Rolling_Median_Return,SMA_50,EMA_26,SMA_10,MACD_Hist,RSI_14",MACD
HDFCBANK,2023-11-13,2023,1,Sideways,1,0.8044,BUY,1,1,0.7839,BUY,1,10,"MACD,EMA_12,Volume_MA,OBV,Rolling_Median_Return,SMA_50,EMA_26,SMA_10,MACD_Hist,RSI_14",MACD
HDFCBANK,2023-11-15,2023,1,Sideways,1,0.6961,BUY,1,1,0.7021,BUY,1,10,"MACD,EMA_12,Volume_MA,OBV,Rolling_Median_Return,SMA_50,EMA_26,SMA_10,MACD_Hist,RSI_14",MACD
HDFCBANK,2023-11-16,2023,1,Sideways,1,0.8345,BUY,1,1,0.6681,BUY,1,10,"MACD,EMA_12,Volume_MA,OBV,Rolling_Median_Return,SMA_50,EMA_26,SMA_10,MACD_Hist,RSI_14",MACD
HDFCBANK,2023-11-17,2023,1,Sideways,1,0.7662,BUY,1,1,0.8126,BUY,1,10,"MACD,EMA_12,Volume_MA,OBV,Rolling_Median_Return,SMA_50,EMA_26,SMA_10,MACD_Hist,RSI_14",MACD
HDFCBANK,2023-11-20,2023,1,Sideways,1,0.8565,BUY,1,1,0.8187,BUY,1,10,"MACD,EMA_12,Volume_MA,OBV,Rolling_Median_Return,SMA_50,EMA_26,SMA_10,MACD_Hist,RSI_14",MACD
HDFCBANK,2023-11-21,2023,1,Sideways,1,0.9195,BUY,1,1,0.7017,BUY,1,10,"MACD,EMA_12,Volume_MA,OBV,Rolling_Median_Return,SMA_50,EMA_26,SMA_10,MACD_Hist,RSI_14",MACD
HDFCBANK,2023-11-22,2023,1,Sideways,1,0.932,BUY,1,1,0.8244,BUY,1,10,"MACD,EMA_12,Volume_MA,OBV,Rolling_Median_Return,SMA_50,EMA_26,SMA_10,MACD_Hist,RSI_14",MACD
HDFCBANK,2023-11-23,2023,1,Sideways,1,0.9332,BUY,1,1,0.8032,BUY,1,10,"MACD,EMA_12,Volume_MA,OBV,Rolling_Median_Return,SMA_50,EMA_26,SMA_10,MACD_Hist,RSI_14",MACD
HDFCBANK,2023-11-24,2023,1,Sideways,1,0.8132,BUY,1,1,0.7318,BUY,1,10,"MACD,EMA_12,Volume_MA,OBV,Rolling_Median_Return,SMA_50,EMA_26,SMA_10,MACD_Hist,RSI_14",MACD
HDFCBANK,2023-11-28,2023,1,Sideways,1,0.8395,BUY,1,1,0.8528,BUY,1,10,"MACD,EMA_12,Volume_MA,OBV,Rolling_Median_Return,SMA_50,EMA_26,SMA_10,MACD_Hist,RSI_14",MACD
HDFCBANK,2023-11-29,2023,1,Sideways,1,0.7758,BUY,1,1,0.767,BUY,1,10,"MACD,EMA_12,Volume_MA,OBV,Rolling_Median_Return,SMA_50,EMA_26,SMA_10,MACD_Hist,RSI_14",MACD
HDFCBANK,2023-11-30,2023,1,Sideways,1,0.7449,BUY,1,1,0.8446,BUY,1,10,"MACD,EMA_12,Volume_MA,OBV,Rolling_Median_Return,SMA_50,EMA_26,SMA_10,MACD_Hist,RSI_14",MACD
HDFCBANK,2023-12-01,2023,1,Sideways,1,0.8197,BUY,1,1,0.857,BUY,1,10,"MACD,EMA_12,Volume_MA,OBV,Rolling_Median_Return,SMA_50,EMA_26,SMA_10,MACD_Hist,RSI_14",MACD
HDFCBANK,2023-12-04,2023,1,Sideways,1,0.5581,BUY,1,1,0.7499,BUY,1,10,"MACD,EMA_12,Volume_MA,OBV,Rolling_Median_Return,SMA_50,EMA_26,SMA_10,MACD_Hist,RSI_14",MACD
HDFCBANK,2023-12-05,2023,1,Sideways,1,0.6263,BUY,1,1,0.7244,BUY,1,10,"MACD,EMA_12,Volume_MA,OBV,Rolling_Median_Return,SMA_50,EMA_26,SMA_10,MACD_Hist,RSI_14",MACD
HDFCBANK,2023-12-06,2023,1,Sideways,1,0.7854,BUY,1,1,0.7137,BUY,1,10,"MACD,EMA_12,Volume_MA,OBV,Rolling_Median_Return,SMA_50,EMA_26,SMA_10,MACD_Hist,RSI_14",MACD
HDFCBANK,2023-12-07,2023,1,Sideways,1,0.8264,BUY,1,1,0.733,BUY,1,10,"MACD,EMA_12,Volume_MA,OBV,Rolling_Median_Return,SMA_50,EMA_26,SMA_10,MACD_Hist,RSI_14",MACD
HDFCBANK,2023-12-08,2023,1,Sideways,1,0.825,BUY,1,1,0.7344,BUY,1,10,"MACD,EMA_12,Volume_MA,OBV,Rolling_Median_Return,SMA_50,EMA_26,SMA_10,MACD_Hist,RSI_14",MACD
HDFCBANK,2023-12-11,2023,0,Sideways,1,0.8407,BUY,0,1,0.7741,BUY,0,10,"MACD,EMA_12,Volume_MA,OBV,Rolling_Median_Return,SMA_50,EMA_26,SMA_10,MACD_Hist,RSI_14",MACD
HDFCBANK,2023-12-12,2023,1,Sideways,1,0.7972,BUY,1,1,0.6472,BUY,1,10,"MACD,EMA_12,Volume_MA,OBV,Rolling_Median_Return,SMA_50,EMA_26,SMA_10,MACD_Hist,RSI_14",MACD
HDFCBANK,2023-12-13,2023,1,Sideways,1,0.822,BUY,1,0,0.6407,SELL,0,10,"MACD,Volume_MA,EMA_12,Rolling_Mean_Return,SMA_20,Rolling_Volatility,EMA_26,MACD_Signal,SMA_50,Return_5d",MACD
HDFCBANK,2023-12-14,2023,0,Sideways,1,0.6696,BUY,0,0,0.5341,NO TRADE,1,10,"MACD,Volume_MA,EMA_12,Rolling_Mean_Return,SMA_20,Rolling_Volatility,EMA_26,MACD_Signal,SMA_50,Return_5d",MACD
HDFCBANK,2023-12-15,2023,1,Sideways,0,0.5142,NO TRADE,0,0,0.7731,SELL,0,10,"MACD,Volume_MA,EMA_12,Rolling_Mean_Return,SMA_20,Rolling_Volatility,EMA_26,MACD_Signal,SMA_50,Return_5d",MACD
HDFCBANK,2023-12-18,2023,1,Sideways,1,0.5476,NO TRADE,1,0,0.7011,SELL,0,10,"MACD,Volume_MA,EMA_12,Rolling_Mean_Return,SMA_20,Rolling_Volatility,EMA_26,MACD_Signal,SMA_50,Return_5d",MACD
HDFCBANK,2023-12-19,2023,0,Sideways,1,0.5148,NO TRADE,0,0,0.688,SELL,1,10,"MACD,Volume_MA,EMA_12,Rolling_Mean_Return,SMA_20,Rolling_Volatility,EMA_26,MACD_Signal,SMA_50,Return_5d",MACD
HDFCBANK,2023-12-20,2023,0,Sideways,1,0.5036,NO TRADE,0,0,0.7266,SELL,1,10,"MACD,Volume_MA,EMA_12,Rolling_Mean_Return,SMA_20,Rolling_Volatility,EMA_26,MACD_Signal,SMA_50,Return_5d",MACD
HDFCBANK,2023-12-21,2023,0,Sideways,0,0.5612,SELL,1,0,0.6186,SELL,1,10,"MACD,Volume_MA,EMA_12,Rolling_Mean_Return,SMA_20,Rolling_Volatility,EMA_26,MACD_Signal,SMA_50,Return_5d",MACD
HDFCBANK,2023-12-22,2023,0,Sideways,0,0.8791,SELL,1,0,0.7027,SELL,1,10,"MACD,Volume_MA,EMA_12,Rolling_Mean_Return,SMA_20,Rolling_Volatility,EMA_26,MACD_Signal,SMA_50,Return_5d",MACD
HDFCBANK,2023-12-26,2023,0,Sideways,0,0.8893,SELL,1,0,0.7178,SELL,1,10,"MACD,Volume_MA,EMA_12,Rolling_Mean_Return,SMA_20,Rolling_Volatility,EMA_26,MACD_Signal,SMA_50,Return_5d",MACD
HDFCBANK,2023-12-27,2023,0,Sideways,0,0.9085,SELL,1,0,0.7269,SELL,1,10,"MACD,Volume_MA,EMA_12,Rolling_Mean_Return,SMA_20,Rolling_Volatility,EMA_26,MACD_Signal,SMA_50,Return_5d",MACD
HDFCBANK,2023-12-28,2023,0,Sideways,0,0.9238,SELL,1,0,0.7327,SELL,1,10,"MACD,Volume_MA,EMA_12,Rolling_Mean_Return,SMA_20,Rolling_Volatility,EMA_26,MACD_Signal,SMA_50,Return_5d",MACD
HDFCBANK,2023-12-29,2023,0,Sideways,0,0.9274,SELL,1,0,0.7388,SELL,1,10,"MACD,Volume_MA,EMA_12,Rolling_Mean_Return,SMA_20,Rolling_Volatility,EMA_26,MACD_Signal,SMA_50,Return_5d",MACD
HDFCBANK,2024-01-01,2024,0,Sideways,0,0.9328,SELL,1,0,0.8284,SELL,1,10,"MACD,Volume_MA,EMA_12,Rolling_Mean_Return,SMA_20,Rolling_Volatility,EMA_26,MACD_Signal,SMA_50,Return_5d",MACD
HDFCBANK,2024-01-02,2024,0,Sideways,0,0.9352,SELL,1,0,0.824,SELL,1,10,"MACD,Volume_MA,EMA_12,Rolling_Mean_Return,SMA_20,Rolling_Volatility,EMA_26,MACD_Signal,SMA_50,Return_5d",MACD
HDFCBANK,2024-01-03,2024,0,Sideways,0,0.9341,SELL,1,0,0.8202,SELL,1,10,"MACD,Volume_MA,EMA_12,Rolling_Mean_Return,SMA_20,Rolling_Volatility,EMA_26,MACD_Signal,SMA_50,Return_5d",MACD
HDFCBANK,2024-01-04,2024,0,Sideways,0,0.9343,SELL,1,0,0.8211,SELL,1,10,"MACD,Volume_MA,EMA_12,Rolling_Mean_Return,SMA_20,Rolling_Volatility,EMA_26,MACD_Signal,SMA_50,Return_5d",MACD
HDFCBANK,2024-01-05,2024,0,Sideways,0,0.9326,SELL,1,0,0.8207,SELL,1,10,"MACD,Volume_MA,EMA_12,Rolling_Mean_Return,SMA_20,Rolling_Volatility,EMA_26,MACD_Signal,SMA_50,Return_5d",MACD
HDFCBANK,2024-01-08,2024,0,Sideways,0,0.8311,SELL,1,0,0.8198,SELL,1,10,"MACD,Volume_MA,EMA_12,Rolling_Mean_Return,SMA_20,Rolling_Volatility,EMA_26,MACD_Signal,SMA_50,Return_5d",MACD
HDFCBANK,2024-01-09,2024,0,Sideways,0,0.9239,SELL,1,0,0.8214,SELL,1,10,"MACD,Volume_MA,EMA_12,Rolling_Mean_Return,SMA_20,Rolling_Volatility,EMA_26,MACD_Signal,SMA_50,Return_5d",MACD
HDFCBANK,2024-01-10,2024,0,Sideways,0,0.9172,SELL,1,0,0.8247,SELL,1,10,"MACD,Volume_MA,EMA_12,Rolling_Mean_Return,SMA_20,Rolling_Volatility,EMA_26,MACD_Signal,SMA_50,Return_5d",MACD
HDFCBANK,2024-01-11,2024,0,Sideways,0,0.911,SELL,1,0,0.8304,SELL,1,10,"MACD,Volume_MA,EMA_12,Rolling_Mean_Return,SMA_20,Rolling_Volatility,EMA_26,MACD_Signal,SMA_50,Return_5d",MACD
HDFCBANK,2024-01-12,2024,0,Sideways,0,0.8549,SELL,1,0,0.8629,SELL,1,10,"MACD,Volume_MA,EMA_12,Rolling_Mean_Return,SMA_20,Rolling_Volatility,EMA_26,MACD_Signal,SMA_50,Return_5d",MACD
HDFCBANK,2024-01-15,2024,0,Sideways,0,0.7831,SELL,1,0,0.8818,SELL,1,10,"MACD,Volume_MA,EMA_12,Rolling_Mean_Return,SMA_20,Rolling_Volatility,EMA_26,MACD_Signal,SMA_50,Return_5d",MACD
HDFCBANK,2024-01-16,2024,0,Sideways,0,0.7777,SELL,1,0,0.8812,SELL,1,10,"MACD,Volume_MA,EMA_12,Rolling_Mean_Return,SMA_20,Rolling_Volatility,EMA_26,MACD_Signal,SMA_50,Return_5d",MACD
HDFCBANK,2024-01-17,2024,0,Sideways,0,0.7175,SELL,1,0,0.9139,SELL,1,10,"MACD,Volume_MA,EMA_12,Rolling_Mean_Return,SMA_20,Rolling_Volatility,EMA_26,MACD_Signal,SMA_50,Return_5d",MACD
HDFCBANK,2024-01-18,2024,0,Sideways,0,0.7739,SELL,1,0,0.9151,SELL,1,10,"MACD,Volume_MA,EMA_12,Rolling_Mean_Return,SMA_20,Rolling_Volatility,EMA_26,MACD_Signal,SMA_50,Return_5d",MACD
HDFCBANK,2024-01-19,2024,0,Sideways,0,0.831,SELL,1,0,0.9094,SELL,1,10,"MACD,Volume_MA,EMA_12,Rolling_Mean_Return,SMA_20,Rolling_Volatility,EMA_26,MACD_Signal,SMA_50,Return_5d",MACD
HDFCBANK,2024-01-23,2024,1,Sideways,0,0.5452,NO TRADE,0,0,0.8796,SELL,0,10,"MACD,Volume_MA,EMA_12,Rolling_Mean_Return,SMA_20,Rolling_Volatility,EMA_26,MACD_Signal,SMA_50,Return_5d",MACD
HDFCBANK,2024-01-24,2024,0,Sideways,1,0.823,BUY,0,1,0.6266,BUY,0,10,"MACD,Volume_MA,EMA_12,Rolling_Mean_Return,SMA_20,Rolling_Volatility,EMA_26,MACD_Signal,SMA_50,Return_5d",MACD
HDFCBANK,2024-01-25,2024,0,Sideways,0,0.5065,NO TRADE,1,1,0.5525,BUY,0,10,"MACD,Volume_MA,EMA_12,Rolling_Mean_Return,SMA_20,Rolling_Volatility,EMA_26,MACD_Signal,SMA_50,Return_5d",MACD
HDFCBANK,2024-01-29,2024,0,Sideways,0,0.6285,SELL,1,0,0.6267,SELL,1,10,"Volume_MA,MACD_Hist,SMA_10,Rolling_Volatility,SMA_50,SMA_20,ROC,MACD,Williams_R,EMA_26",Volume_MA
HDFCBANK,2024-01-30,2024,0,Sideways,0,0.8022,SELL,1,0,0.7614,SELL,1,10,"Volume_MA,MACD_Hist,SMA_10,Rolling_Volatility,SMA_50,SMA_20,ROC,MACD,Williams_R,EMA_26",Volume_MA
HDFCBANK,2024-01-31,2024,0,Sideways,0,0.8359,SELL,1,0,0.6251,SELL,1,10,"Volume_MA,MACD_Hist,SMA_10,Rolling_Volatility,SMA_50,SMA_20,ROC,MACD,Williams_R,EMA_26",Volume_MA
HDFCBANK,2024-02-01,2024,0,Sideways,0,0.8494,SELL,1,0,0.8001,SELL,1,10,"Volume_MA,MACD_Hist,SMA_10,Rolling_Volatility,SMA_50,SMA_20,ROC,MACD,Williams_R,EMA_26",Volume_MA
HDFCBANK,2024-02-02,2024,0,Sideways,0,0.8795,SELL,1,0,0.6656,SELL,1,10,"Volume_MA,MACD_Hist,SMA_10,Rolling_Volatility,SMA_50,SMA_20,ROC,MACD,Williams_R,EMA_26",Volume_MA
HDFCBANK,2024-02-05,2024,0,Sideways,0,0.8831,SELL,1,0,0.711,SELL,1,10,"Volume_MA,MACD_Hist,SMA_10,Rolling_Volatility,SMA_50,SMA_20,ROC,MACD,Williams_R,EMA_26",Volume_MA
HDFCBANK,2024-02-06,2024,0,Sideways,0,0.8844,SELL,1,0,0.7149,SELL,1,10,"Volume_MA,MACD_Hist,SMA_10,Rolling_Volatility,SMA_50,SMA_20,ROC,MACD,Williams_R,EMA_26",Volume_MA
HDFCBANK,2024-02-07,2024,1,Sideways,0,0.8854,SELL,0,0,0.7319,SELL,0,10,"Volume_MA,MACD_Hist,SMA_10,Rolling_Volatility,SMA_50,SMA_20,ROC,MACD,Williams_R,EMA_26",Volume_MA
HDFCBANK,2024-02-08,2024,1,Sideways,0,0.7465,SELL,0,1,0.5655,BUY,1,10,"Volume_MA,MACD_Hist,SMA_10,Rolling_Volatility,SMA_50,SMA_20,ROC,MACD,Williams_R,EMA_26",Volume_MA
HDFCBANK,2024-02-09,2024,1,Sideways,0,0.5515,SELL,0,1,0.6146,BUY,1,10,"Volume_MA,MACD_Hist,SMA_10,Rolling_Volatility,SMA_50,SMA_20,ROC,MACD,Williams_R,EMA_26",Volume_MA
HDFCBANK,2024-02-12,2024,1,Sideways,1,0.5814,BUY,1,1,0.7113,BUY,1,10,"Volume_MA,MACD_Hist,SMA_10,Rolling_Volatility,SMA_50,SMA_20,ROC,MACD,Williams_R,EMA_26",Volume_MA
HDFCBANK,2024-02-13,2024,1,Sideways,1,0.6436,BUY,1,1,0.7977,BUY,1,10,"Volume_MA,MACD_Hist,SMA_10,Rolling_Volatility,SMA_50,SMA_20,ROC,MACD,Williams_R,EMA_26",Volume_MA
HDFCBANK,2024-02-14,2024,1,Sideways,1,0.6348,BUY,1,1,0.6754,BUY,1,10,"Volume_MA,MACD_Hist,SMA_10,Rolling_Volatility,SMA_50,SMA_20,ROC,MACD,Williams_R,EMA_26",Volume_MA
HDFCBANK,2024-02-15,2024,1,Sideways,1,0.6509,BUY,1,1,0.833,BUY,1,10,"Volume_MA,MACD_Hist,SMA_10,Rolling_Volatility,SMA_50,SMA_20,ROC,MACD,Williams_R,EMA_26",Volume_MA
HDFCBANK,2024-02-16,2024,1,Sideways,1,0.612,BUY,1,1,0.8506,BUY,1,10,"Volume_MA,MACD_Hist,SMA_10,Rolling_Volatility,SMA_50,SMA_20,ROC,MACD,Williams_R,EMA_26",Volume_MA
HDFCBANK,2024-02-19,2024,1,Sideways,1,0.6597,BUY,1,1,0.9375,BUY,1,10,"Volume_MA,MACD_Hist,SMA_10,Rolling_Volatility,SMA_50,SMA_20,ROC,MACD,Williams_R,EMA_26",Volume_MA
HDFCBANK,2024-02-20,2024,0,Sideways,1,0.7416,BUY,0,1,0.9139,BUY,0,10,"Volume_MA,MACD_Hist,SMA_10,Rolling_Volatility,SMA_50,SMA_20,ROC,MACD,Williams_R,EMA_26",Volume_MA
HDFCBANK,2024-02-21,2024,1,Sideways,1,0.5386,NO TRADE,1,1,0.6883,BUY,1,10,"Volume_MA,MACD_Hist,SMA_10,Rolling_Volatility,SMA_50,SMA_20,ROC,MACD,Williams_R,EMA_26",Volume_MA
HDFCBANK,2024-02-22,2024,1,Sideways,1,0.6829,BUY,1,1,0.6892,BUY,1,10,"Volume_MA,MACD_Hist,SMA_10,Rolling_Volatility,SMA_50,SMA_20,ROC,MACD,Williams_R,EMA_26",Volume_MA
HDFCBANK,2024-02-23,2024,1,Sideways,1,0.7249,BUY,1,1,0.82,BUY,1,10,"Volume_MA,MACD_Hist,SMA_10,Rolling_Volatility,SMA_50,SMA_20,ROC,MACD,Williams_R,EMA_26",Volume_MA
HDFCBANK,2024-02-26,2024,1,Sideways,1,0.725,BUY,1,1,0.8559,BUY,1,10,"Volume_MA,MACD_Hist,SMA_10,Rolling_Volatility,SMA_50,SMA_20,ROC,MACD,Williams_R,EMA_26",Volume_MA
HDFCBANK,2024-02-27,2024,1,Sideways,1,0.7261,BUY,1,1,0.8966,BUY,1,10,"Volume_MA,MACD_Hist,SMA_10,Rolling_Volatility,SMA_50,SMA_20,ROC,MACD,Williams_R,EMA_26",Volume_MA
HDFCBANK,2024-02-28,2024,1,Sideways,1,0.8251,BUY,1,1,0.8219,BUY,1,10,"Volume_MA,MACD_Hist,SMA_10,Rolling_Volatility,SMA_50,SMA_20,ROC,MACD,Williams_R,EMA_26",Volume_MA
HDFCBANK,2024-02-29,2024,1,Sideways,1,0.7291,BUY,1,1,0.9537,BUY,1,10,"Volume_MA,MACD_Hist,SMA_10,Rolling_Volatility,SMA_50,SMA_20,ROC,MACD,Williams_R,EMA_26",Volume_MA
HDFCBANK,2024-03-01,2024,1,Sideways,1,0.7271,BUY,1,1,0.8836,BUY,1,10,"Volume_MA,MACD_Hist,SMA_10,Rolling_Volatility,SMA_50,SMA_20,ROC,MACD,Williams_R,EMA_26",Volume_MA
HDFCBANK,2024-03-04,2024,1,Sideways,1,0.8228,BUY,1,1,0.9356,BUY,1,10,"Volume_MA,MACD_Hist,SMA_10,Rolling_Volatility,SMA_50,SMA_20,ROC,MACD,Williams_R,EMA_26",Volume_MA
HDFCBANK,2024-03-05,2024,1,Sideways,1,0.8227,BUY,1,1,0.9541,BUY,1,10,"Volume_MA,MACD_Hist,SMA_10,Rolling_Volatility,SMA_50,SMA_20,ROC,MACD,Williams_R,EMA_26",Volume_MA
HDFCBANK,2024-03-06,2024,1,Sideways,1,0.8243,BUY,1,1,0.8226,BUY,1,10,"Volume_MA,MACD_Hist,SMA_10,Rolling_Volatility,SMA_50,SMA_20,ROC,MACD,Williams_R,EMA_26",Volume_MA
HDFCBANK,2024-03-07,2024,1,Sideways,1,0.7117,BUY,1,1,0.8151,BUY,1,10,"Volume_MA,MACD_Hist,SMA_10,Rolling_Volatility,SMA_50,SMA_20,ROC,MACD,Williams_R,EMA_26",Volume_MA
HDFCBANK,2024-03-11,2024,1,Sideways,1,0.7312,BUY,1,1,0.8348,BUY,1,10,"Volume_MA,MACD_Hist,SMA_10,Rolling_Volatility,SMA_50,SMA_20,ROC,MACD,Williams_R,EMA_26",Volume_MA
HDFCBANK,2024-03-12,2024,1,Sideways,1,0.8233,BUY,1,1,0.6842,BUY,1,10,"SMA_10,EMA_12,SMA_20,BB_Width,EMA_26,Volume_MA,ADX,OBV,SMA_50,MACD",SMA_10
HDFCBANK,2024-03-13,2024,1,Sideways,1,0.8277,BUY,1,1,0.7334,BUY,1,10,"SMA_10,EMA_12,SMA_20,BB_Width,EMA_26,Volume_MA,ADX,OBV,SMA_50,MACD",SMA_10
HDFCBANK,2024-03-14,2024,1,Sideways,1,0.8122,BUY,1,1,0.6978,BUY,1,10,"SMA_10,EMA_12,SMA_20,BB_Width,EMA_26,Volume_MA,ADX,OBV,SMA_50,MACD",SMA_10
HDFCBANK,2024-03-15,2024,1,Sideways,1,0.7292,BUY,1,1,0.52,NO TRADE,1,10,"SMA_10,EMA_12,SMA_20,BB_Width,EMA_26,Volume_MA,ADX,OBV,SMA_50,MACD",SMA_10
HDFCBANK,2024-03-18,2024,1,Sideways,1,0.7359,BUY,1,1,0.8315,BUY,1,10,"SMA_10,EMA_12,SMA_20,BB_Width,EMA_26,Volume_MA,ADX,OBV,SMA_50,MACD",SMA_10
HDFCBANK,2024-03-19,2024,1,Sideways,1,0.736,BUY,1,1,0.8344,BUY,1,10,"SMA_10,EMA_12,SMA_20,BB_Width,EMA_26,Volume_MA,ADX,OBV,SMA_50,MACD",SMA_10
HDFCBANK,2024-03-20,2024,1,Sideways,1,0.7395,BUY,1,1,0.8494,BUY,1,10,"SMA_10,EMA_12,SMA_20,BB_Width,EMA_26,Volume_MA,ADX,OBV,SMA_50,MACD",SMA_10
HDFCBANK,2024-03-21,2024,1,Sideways,1,0.7351,BUY,1,1,0.8538,BUY,1,10,"SMA_10,EMA_12,SMA_20,BB_Width,EMA_26,Volume_MA,ADX,OBV,SMA_50,MACD",SMA_10
HDFCBANK,2024-03-22,2024,1,Sideways,1,0.832,BUY,1,1,0.856,BUY,1,10,"SMA_10,EMA_12,SMA_20,BB_Width,EMA_26,Volume_MA,ADX,OBV,SMA_50,MACD",SMA_10
HDFCBANK,2024-03-26,2024,1,Sideways,1,0.7394,BUY,1,1,0.8556,BUY,1,10,"SMA_10,EMA_12,SMA_20,BB_Width,EMA_26,Volume_MA,ADX,OBV,SMA_50,MACD",SMA_10
HDFCBANK,2024-03-27,2024,1,Sideways,1,0.7397,BUY,1,1,0.8345,BUY,1,10,"SMA_10,EMA_12,SMA_20,BB_Width,EMA_26,Volume_MA,ADX,OBV,SMA_50,MACD",SMA_10
HDFCBANK,2024-03-28,2024,1,Sideways,1,0.7421,BUY,1,1,0.9049,BUY,1,10,"SMA_10,EMA_12,SMA_20,BB_Width,EMA_26,Volume_MA,ADX,OBV,SMA_50,MACD",SMA_10
HDFCBANK,2024-04-01,2024,1,Sideways,1,0.7438,BUY,1,1,0.9245,BUY,1,10,"SMA_10,EMA_12,SMA_20,BB_Width,EMA_26,Volume_MA,ADX,OBV,SMA_50,MACD",SMA_10
HDFCBANK,2024-04-02,2024,1,Sideways,1,0.7453,BUY,1,1,0.9313,BUY,1,10,"SMA_10,EMA_12,SMA_20,BB_Width,EMA_26,Volume_MA,ADX,OBV,SMA_50,MACD",SMA_10
HDFCBANK,2024-04-03,2024,1,Sideways,1,0.63,BUY,1,1,0.8552,BUY,1,10,"SMA_10,EMA_12,SMA_20,BB_Width,EMA_26,Volume_MA,ADX,OBV,SMA_50,MACD",SMA_10
HDFCBANK,2024-04-04,2024,0,Sideways,1,0.74,BUY,0,1,0.7142,BUY,0,10,"SMA_10,EMA_12,SMA_20,BB_Width,EMA_26,Volume_MA,ADX,OBV,SMA_50,MACD",SMA_10
HDFCBANK,2024-04-05,2024,0,Sideways,1,0.6254,BUY,0,1,0.7204,BUY,0,10,"SMA_10,EMA_12,SMA_20,BB_Width,EMA_26,Volume_MA,ADX,OBV,SMA_50,MACD",SMA_10
HDFCBANK,2024-04-08,2024,0,Sideways,1,0.6241,BUY,0,1,0.5225,NO TRADE,0,10,"SMA_10,EMA_12,SMA_20,BB_Width,EMA_26,Volume_MA,ADX,OBV,SMA_50,MACD",SMA_10
HDFCBANK,2024-04-09,2024,0,Sideways,1,0.6188,BUY,0,0,0.5105,NO TRADE,1,10,"SMA_10,EMA_12,SMA_20,BB_Width,EMA_26,Volume_MA,ADX,OBV,SMA_50,MACD",SMA_10
HDFCBANK,2024-04-10,2024,0,Sideways,1,0.6103,BUY,0,0,0.5227,NO TRADE,1,10,"SMA_10,EMA_12,SMA_20,BB_Width,EMA_26,Volume_MA,ADX,OBV,SMA_50,MACD",SMA_10
HDFCBANK,2024-04-12,2024,0,Sideways,0,0.5777,SELL,1,1,0.5529,BUY,0,10,"SMA_10,EMA_12,SMA_20,BB_Width,EMA_26,Volume_MA,ADX,OBV,SMA_50,MACD",SMA_10
HDFCBANK,2024-04-15,2024,0,Sideways,0,0.5895,SELL,1,1,0.5614,BUY,0,10,"SMA_10,EMA_12,SMA_20,BB_Width,EMA_26,Volume_MA,ADX,OBV,SMA_50,MACD",SMA_10
HDFCBANK,2024-04-16,2024,0,Sideways,1,0.5921,BUY,0,0,0.5257,NO TRADE,1,10,"SMA_10,EMA_12,SMA_20,BB_Width,EMA_26,Volume_MA,ADX,OBV,SMA_50,MACD",SMA_10
HDFCBANK,2024-04-18,2024,0,Sideways,1,0.5387,NO TRADE,0,1,0.5013,NO TRADE,0,10,"SMA_10,EMA_12,SMA_20,BB_Width,EMA_26,Volume_MA,ADX,OBV,SMA_50,MACD",SMA_10
HDFCBANK,2024-04-19,2024,0,Sideways,1,0.5414,NO TRADE,0,0,0.568,SELL,1,10,"SMA_10,EMA_12,SMA_20,BB_Width,EMA_26,Volume_MA,ADX,OBV,SMA_50,MACD",SMA_10
HDFCBANK,2024-04-22,2024,0,Sideways,0,0.5931,SELL,1,0,0.5291,NO TRADE,1,10,"SMA_10,EMA_12,SMA_20,BB_Width,EMA_26,Volume_MA,ADX,OBV,SMA_50,MACD",SMA_10
HDFCBANK,2024-04-23,2024,1,Sideways,0,0.5875,SELL,0,0,0.51,NO TRADE,0,10,"SMA_10,EMA_12,SMA_20,BB_Width,EMA_26,Volume_MA,ADX,OBV,SMA_50,MACD",SMA_10
HDFCBANK,2024-04-24,2024,1,Sideways,1,0.5507,BUY,1,0,0.5307,NO TRADE,0,10,"SMA_10,EMA_12,SMA_20,BB_Width,EMA_26,Volume_MA,ADX,OBV,SMA_50,MACD",SMA_10
HDFCBANK,2024-04-25,2024,1,Sideways,1,0.5727,BUY,1,1,0.5303,NO TRADE,1,10,"SMA_10,EMA_12,SMA_20,BB_Width,EMA_26,Volume_MA,ADX,OBV,SMA_50,MACD",SMA_10
HDFCBANK,2024-04-26,2024,1,Sideways,1,0.7023,BUY,1,1,0.573,BUY,1,10,"SMA_10,EMA_12,SMA_20,BB_Width,EMA_26,Volume_MA,ADX,OBV,SMA_50,MACD",SMA_10
HDFCBANK,2024-04-29,2024,0,Sideways,1,0.867,BUY,0,1,0.5828,BUY,0,10,"EMA_26,SMA_20,EMA_12,ADX,SMA_10,Volume_MA,MACD,SMA_50,OBV,BB_Width",EMA_26
HDFCBANK,2024-04-30,2024,1,Sideways,1,0.7573,BUY,1,1,0.5212,NO TRADE,1,10,"EMA_26,SMA_20,EMA_12,ADX,SMA_10,Volume_MA,MACD,SMA_50,OBV,BB_Width",EMA_26
HDFCBANK,2024-05-02,2024,1,Sideways,1,0.6937,BUY,1,1,0.5564,BUY,1,10,"EMA_26,SMA_20,EMA_12,ADX,SMA_10,Volume_MA,MACD,SMA_50,OBV,BB_Width",EMA_26
HDFCBANK,2024-05-03,2024,1,Sideways,1,0.8453,BUY,1,1,0.6145,BUY,1,10,"EMA_26,SMA_20,EMA_12,ADX,SMA_10,Volume_MA,MACD,SMA_50,OBV,BB_Width",EMA_26
HDFCBANK,2024-05-06,2024,0,Sideways,1,0.7601,BUY,0,1,0.7291,BUY,0,10,"EMA_26,SMA_20,EMA_12,ADX,SMA_10,Volume_MA,MACD,SMA_50,OBV,BB_Width",EMA_26
HDFCBANK,2024-05-07,2024,1,Sideways,1,0.8348,BUY,1,1,0.6917,BUY,1,10,"EMA_26,SMA_20,EMA_12,ADX,SMA_10,Volume_MA,MACD,SMA_50,OBV,BB_Width",EMA_26
HDFCBANK,2024-05-08,2024,1,Sideways,1,0.8367,BUY,1,1,0.7751,BUY,1,10,"EMA_26,SMA_20,EMA_12,ADX,SMA_10,Volume_MA,MACD,SMA_50,OBV,BB_Width",EMA_26
HDFCBANK,2024-05-09,2024,1,Sideways,1,0.7884,BUY,1,1,0.8007,BUY,1,10,"EMA_26,SMA_20,EMA_12,ADX,SMA_10,Volume_MA,MACD,SMA_50,OBV,BB_Width",EMA_26
HDFCBANK,2024-05-10,2024,1,Sideways,1,0.9343,BUY,1,1,0.8208,BUY,1,10,"EMA_26,SMA_20,EMA_12,ADX,SMA_10,Volume_MA,MACD,SMA_50,OBV,BB_Width",EMA_26
HDFCBANK,2024-05-13,2024,1,Sideways,1,0.9351,BUY,1,1,0.8408,BUY,1,10,"EMA_26,SMA_20,EMA_12,ADX,SMA_10,Volume_MA,MACD,SMA_50,OBV,BB_Width",EMA_26
HDFCBANK,2024-05-14,2024,1,Sideways,1,0.954,BUY,1,1,0.8572,BUY,1,10,"EMA_26,SMA_20,EMA_12,ADX,SMA_10,Volume_MA,MACD,SMA_50,OBV,BB_Width",EMA_26
HDFCBANK,2024-05-15,2024,1,Sideways,1,0.9359,BUY,1,1,0.7731,BUY,1,10,"EMA_26,SMA_20,EMA_12,ADX,SMA_10,Volume_MA,MACD,SMA_50,OBV,BB_Width",EMA_26
HDFCBANK,2024-05-16,2024,1,Sideways,1,0.9368,BUY,1,1,0.8568,BUY,1,10,"EMA_26,SMA_20,EMA_12,ADX,SMA_10,Volume_MA,MACD,SMA_50,OBV,BB_Width",EMA_26
HDFCBANK,2024-05-17,2024,1,Sideways,1,0.9382,BUY,1,1,0.8968,BUY,1,10,"EMA_26,SMA_20,EMA_12,ADX,SMA_10,Volume_MA,MACD,SMA_50,OBV,BB_Width",EMA_26
HDFCBANK,2024-05-21,2024,1,Sideways,1,0.9388,BUY,1,1,0.9104,BUY,1,10,"EMA_26,SMA_20,EMA_12,ADX,SMA_10,Volume_MA,MACD,SMA_50,OBV,BB_Width",EMA_26
HDFCBANK,2024-05-22,2024,1,Sideways,1,0.9396,BUY,1,1,0.9194,BUY,1,10,"EMA_26,SMA_20,EMA_12,ADX,SMA_10,Volume_MA,MACD,SMA_50,OBV,BB_Width",EMA_26
HDFCBANK,2024-05-23,2024,1,Sideways,1,0.9016,BUY,1,1,0.8987,BUY,1,10,"EMA_26,SMA_20,EMA_12,ADX,SMA_10,Volume_MA,MACD,SMA_50,OBV,BB_Width",EMA_26
HDFCBANK,2024-05-24,2024,1,Sideways,1,0.8441,BUY,1,1,0.8556,BUY,1,10,"EMA_26,SMA_20,EMA_12,ADX,SMA_10,Volume_MA,MACD,SMA_50,OBV,BB_Width",EMA_26
HDFCBANK,2024-05-27,2024,1,Sideways,1,0.7575,BUY,1,1,0.7147,BUY,1,10,"EMA_26,SMA_20,EMA_12,ADX,SMA_10,Volume_MA,MACD,SMA_50,OBV,BB_Width",EMA_26
HDFCBANK,2024-05-28,2024,1,Sideways,1,0.7607,BUY,1,1,0.7885,BUY,1,10,"EMA_26,SMA_20,EMA_12,ADX,SMA_10,Volume_MA,MACD,SMA_50,OBV,BB_Width",EMA_26
HDFCBANK,2024-05-29,2024,1,Sideways,1,0.9074,BUY,1,1,0.829,BUY,1,10,"EMA_26,SMA_20,EMA_12,ADX,SMA_10,Volume_MA,MACD,SMA_50,OBV,BB_Width",EMA_26
HDFCBANK,2024-05-30,2024,1,Sideways,1,0.9115,BUY,1,1,0.8541,BUY,1,10,"EMA_26,SMA_20,EMA_12,ADX,SMA_10,Volume_MA,MACD,SMA_50,OBV,BB_Width",EMA_26
HDFCBANK,2024-05-31,2024,1,Sideways,1,0.9069,BUY,1,1,0.7154,BUY,1,10,"EMA_26,SMA_20,EMA_12,ADX,SMA_10,Volume_MA,MACD,SMA_50,OBV,BB_Width",EMA_26
HDFCBANK,2024-06-03,2024,1,Sideways,1,0.6916,BUY,1,1,0.6356,BUY,1,10,"EMA_26,SMA_20,EMA_12,ADX,SMA_10,Volume_MA,MACD,SMA_50,OBV,BB_Width",EMA_26
HDFCBANK,2024-06-04,2024,1,Sideways,0,0.8413,SELL,0,1,0.7995,BUY,1,10,"EMA_26,SMA_20,EMA_12,ADX,SMA_10,Volume_MA,MACD,SMA_50,OBV,BB_Width",EMA_26
HDFCBANK,2024-06-05,2024,1,Sideways,0,0.7417,SELL,0,1,0.7667,BUY,1,10,"EMA_26,SMA_20,EMA_12,ADX,SMA_10,Volume_MA,MACD,SMA_50,OBV,BB_Width",EMA_26
HDFCBANK,2024-06-06,2024,1,Sideways,1,0.5262,NO TRADE,1,1,0.7615,BUY,1,10,"EMA_26,SMA_20,EMA_12,ADX,SMA_10,Volume_MA,MACD,SMA_50,OBV,BB_Width",EMA_26
HDFCBANK,2024-06-07,2024,1,Sideways,1,0.5477,NO TRADE,1,1,0.7703,BUY,1,10,"EMA_26,SMA_20,EMA_12,ADX,SMA_10,Volume_MA,MACD,SMA_50,OBV,BB_Width",EMA_26
HDFCBANK,2024-06-10,2024,1,Sideways,1,0.5759,BUY,1,1,0.7809,BUY,1,10,"EMA_26,SMA_20,EMA_12,ADX,SMA_10,Volume_MA,MACD,SMA_50,OBV,BB_Width",EMA_26
HDFCBANK,2024-06-11,2024,1,Sideways,1,0.5847,BUY,1,1,0.7874,BUY,1,10,"EMA_26,SMA_20,EMA_12,ADX,SMA_10,Volume_MA,MACD,SMA_50,OBV,BB_Width",EMA_26
HDFCBANK,2024-06-12,2024,1,Sideways,1,0.6702,BUY,1,1,0.8071,BUY,1,10,"EMA_26,SMA_20,BB_Width,SMA_50,SMA_10,EMA_12,ADX,Volume_MA,OBV,Rolling_Median_Return",EMA_26
HDFCBANK,2024-06-13,2024,1,Sideways,1,0.7637,BUY,1,1,0.793,BUY,1,10,"EMA_26,SMA_20,BB_Width,SMA_50,SMA_10,EMA_12,ADX,Volume_MA,OBV,Rolling_Median_Return",EMA_26
HDFCBANK,2024-06-14,2024,1,Sideways,1,0.7569,BUY,1,1,0.8302,BUY,1,10,"EMA_26,SMA_20,BB_Width,SMA_50,SMA_10,EMA_12,ADX,Volume_MA,OBV,Rolling_Median_Return",EMA_26
HDFCBANK,2024-06-18,2024,1,Sideways,1,0.7585,BUY,1,1,0.8018,BUY,1,10,"EMA_26,SMA_20,BB_Width,SMA_50,SMA_10,EMA_12,ADX,Volume_MA,OBV,Rolling_Median_Return",EMA_26
HDFCBANK,2024-06-19,2024,0,Sideways,0,0.5325,NO TRADE,1,1,0.6482,BUY,0,10,"EMA_26,SMA_20,BB_Width,SMA_50,SMA_10,EMA_12,ADX,Volume_MA,OBV,Rolling_Median_Return",EMA_26
HDFCBANK,2024-06-20,2024,0,Sideways,0,0.6144,SELL,1,1,0.5093,NO TRADE,0,10,"EMA_26,SMA_20,BB_Width,SMA_50,SMA_10,EMA_12,ADX,Volume_MA,OBV,Rolling_Median_Return",EMA_26
HDFCBANK,2024-06-21,2024,0,Sideways,0,0.7453,SELL,1,0,0.6416,SELL,1,10,"EMA_26,SMA_20,BB_Width,SMA_50,SMA_10,EMA_12,ADX,Volume_MA,OBV,Rolling_Median_Return",EMA_26
HDFCBANK,2024-06-24,2024,0,Sideways,0,0.7686,SELL,1,0,0.5804,SELL,1,10,"EMA_26,SMA_20,BB_Width,SMA_50,SMA_10,EMA_12,ADX,Volume_MA,OBV,Rolling_Median_Return",EMA_26
HDFCBANK,2024-06-25,2024,0,Sideways,0,0.8374,SELL,1,0,0.7382,SELL,1,10,"EMA_26,SMA_20,BB_Width,SMA_50,SMA_10,EMA_12,ADX,Volume_MA,OBV,Rolling_Median_Return",EMA_26
HDFCBANK,2024-06-26,2024,0,Sideways,0,0.8849,SELL,1,0,0.8334,SELL,1,10,"EMA_26,SMA_20,BB_Width,SMA_50,SMA_10,EMA_12,ADX,Volume_MA,OBV,Rolling_Median_Return",EMA_26
HDFCBANK,2024-06-27,2024,0,Sideways,0,0.8886,SELL,1,0,0.8607,SELL,1,10,"EMA_26,SMA_20,BB_Width,SMA_50,SMA_10,EMA_12,ADX,Volume_MA,OBV,Rolling_Median_Return",EMA_26
HDFCBANK,2024-06-28,2024,0,Sideways,0,0.8912,SELL,1,0,0.8739,SELL,1,10,"EMA_26,SMA_20,BB_Width,SMA_50,SMA_10,EMA_12,ADX,Volume_MA,OBV,Rolling_Median_Return",EMA_26
HDFCBANK,2024-07-01,2024,0,Sideways,0,0.9638,SELL,1,0,0.8841,SELL,1,10,"EMA_26,SMA_20,BB_Width,SMA_50,SMA_10,EMA_12,ADX,Volume_MA,OBV,Rolling_Median_Return",EMA_26
HDFCBANK,2024-07-02,2024,0,Sideways,0,0.9667,SELL,1,0,0.8942,SELL,1,10,"EMA_26,SMA_20,BB_Width,SMA_50,SMA_10,EMA_12,ADX,Volume_MA,OBV,Rolling_Median_Return",EMA_26
HDFCBANK,2024-07-03,2024,0,Sideways,0,0.9703,SELL,1,0,0.9054,SELL,1,10,"EMA_26,SMA_20,BB_Width,SMA_50,SMA_10,EMA_12,ADX,Volume_MA,OBV,Rolling_Median_Return",EMA_26
HDFCBANK,2024-07-04,2024,0,Sideways,0,0.9439,SELL,1,0,0.9103,SELL,1,10,"EMA_26,SMA_20,BB_Width,SMA_50,SMA_10,EMA_12,ADX,Volume_MA,OBV,Rolling_Median_Return",EMA_26
HDFCBANK,2024-07-05,2024,0,Sideways,0,0.8748,SELL,1,0,0.9136,SELL,1,10,"EMA_26,SMA_20,BB_Width,SMA_50,SMA_10,EMA_12,ADX,Volume_MA,OBV,Rolling_Median_Return",EMA_26
HDFCBANK,2024-07-08,2024,0,Sideways,0,0.9444,SELL,1,0,0.829,SELL,1,10,"EMA_26,SMA_20,BB_Width,SMA_50,SMA_10,EMA_12,ADX,Volume_MA,OBV,Rolling_Median_Return",EMA_26
HDFCBANK,2024-07-09,2024,0,Sideways,0,0.9448,SELL,1,0,0.9056,SELL,1,10,"EMA_26,SMA_20,BB_Width,SMA_50,SMA_10,EMA_12,ADX,Volume_MA,OBV,Rolling_Median_Return",EMA_26
HDFCBANK,2024-07-10,2024,1,Sideways,0,0.9449,SELL,0,0,0.8948,SELL,0,10,"EMA_26,SMA_20,BB_Width,SMA_50,SMA_10,EMA_12,ADX,Volume_MA,OBV,Rolling_Median_Return",EMA_26
HDFCBANK,2024-07-11,2024,1,Sideways,0,0.8329,SELL,0,0,0.8423,SELL,0,10,"EMA_26,SMA_20,BB_Width,SMA_50,SMA_10,EMA_12,ADX,Volume_MA,OBV,Rolling_Median_Return",EMA_26
HDFCBANK,2024-07-12,2024,1,Sideways,0,0.9425,SELL,0,0,0.826,SELL,0,10,"EMA_26,SMA_20,BB_Width,SMA_50,SMA_10,EMA_12,ADX,Volume_MA,OBV,Rolling_Median_Return",EMA_26
HDFCBANK,2024-07-15,2024,0,Sideways,0,0.8089,SELL,1,0,0.7244,SELL,1,10,"EMA_26,SMA_20,BB_Width,SMA_50,SMA_10,EMA_12,ADX,Volume_MA,OBV,Rolling_Median_Return",EMA_26
HDFCBANK,2024-07-16,2024,0,Sideways,0,0.8364,SELL,1,0,0.7445,SELL,1,10,"EMA_26,SMA_20,BB_Width,SMA_50,SMA_10,EMA_12,ADX,Volume_MA,OBV,Rolling_Median_Return",EMA_26
HDFCBANK,2024-07-18,2024,1,Sideways,0,0.8278,SELL,0,0,0.7025,SELL,0,10,"EMA_26,SMA_20,BB_Width,SMA_50,SMA_10,EMA_12,ADX,Volume_MA,OBV,Rolling_Median_Return",EMA_26
HDFCBANK,2024-07-19,2024,1,Sideways,0,0.6422,SELL,0,0,0.7608,SELL,0,10,"EMA_26,SMA_20,BB_Width,SMA_50,SMA_10,EMA_12,ADX,Volume_MA,OBV,Rolling_Median_Return",EMA_26
HDFCBANK,2024-07-22,2024,0,Sideways,0,0.8132,SELL,1,0,0.6765,SELL,1,10,"EMA_26,SMA_20,BB_Width,SMA_50,SMA_10,EMA_12,ADX,Volume_MA,OBV,Rolling_Median_Return",EMA_26
HDFCBANK,2024-07-23,2024,1,Sideways,0,0.8209,SELL,0,0,0.7696,SELL,0,10,"EMA_26,SMA_20,BB_Width,SMA_50,SMA_10,EMA_12,ADX,Volume_MA,OBV,Rolling_Median_Return",EMA_26
HDFCBANK,2024-07-24,2024,1,Sideways,1,0.5279,NO TRADE,1,0,0.746,SELL,0,10,"EMA_26,SMA_20,BB_Width,SMA_50,SMA_10,EMA_12,ADX,Volume_MA,OBV,Rolling_Median_Return",EMA_26
HDFCBANK,2024-07-25,2024,1,Sideways,0,0.6162,SELL,0,0,0.7325,SELL,0,10,"EMA_26,SMA_20,BB_Width,SMA_50,SMA_10,EMA_12,ADX,Volume_MA,OBV,Rolling_Median_Return",EMA_26
HDFCBANK,2024-07-26,2024,1,Sideways,0,0.5546,SELL,0,0,0.5363,NO TRADE,0,10,"EMA_26,SMA_20,SMA_50,Stochastic,MACD,Rolling_Mean_Return,ADX,CCI,OBV,Return_5d",EMA_26
HDFCBANK,2024-07-29,2024,1,Sideways,1,0.5741,BUY,1,0,0.527,NO TRADE,0,10,"EMA_26,SMA_20,SMA_50,Stochastic,MACD,Rolling_Mean_Return,ADX,CCI,OBV,Return_5d",EMA_26
HDFCBANK,2024-07-30,2024,1,Sideways,1,0.5141,NO TRADE,1,0,0.5248,NO TRADE,0,10,"EMA_26,SMA_20,SMA_50,Stochastic,MACD,Rolling_Mean_Return,ADX,CCI,OBV,Return_5d",EMA_26
HDFCBANK,2024-07-31,2024,1,Sideways,1,0.5461,NO TRADE,1,0,0.5159,NO TRADE,0,10,"EMA_26,SMA_20,SMA_50,Stochastic,MACD,Rolling_Mean_Return,ADX,CCI,OBV,Return_5d",EMA_26
HDFCBANK,2024-08-01,2024,0,Sideways,1,0.528,NO TRADE,0,1,0.5034,NO TRADE,0,10,"EMA_26,SMA_20,SMA_50,Stochastic,MACD,Rolling_Mean_Return,ADX,CCI,OBV,Return_5d",EMA_26
HDFCBANK,2024-08-02,2024,0,Sideways,0,0.5586,SELL,1,0,0.7384,SELL,1,10,"EMA_26,SMA_20,SMA_50,Stochastic,MACD,Rolling_Mean_Return,ADX,CCI,OBV,Return_5d",EMA_26
HDFCBANK,2024-08-05,2024,1,Sideways,0,0.6852,SELL,0,0,0.7155,SELL,0,10,"EMA_26,SMA_20,SMA_50,Stochastic,MACD,Rolling_Mean_Return,ADX,CCI,OBV,Return_5d",EMA_26
HDFCBANK,2024-08-06,2024,1,Sideways,1,0.5374,NO TRADE,1,1,0.558,BUY,1,10,"EMA_26,SMA_20,SMA_50,Stochastic,MACD,Rolling_Mean_Return,ADX,CCI,OBV,Return_5d",EMA_26
HDFCBANK,2024-08-07,2024,1,Sideways,0,0.532,NO TRADE,0,1,0.5321,NO TRADE,1,10,"EMA_26,SMA_20,SMA_50,Stochastic,MACD,Rolling_Mean_Return,ADX,CCI,OBV,Return_5d",EMA_26
HDFCBANK,2024-08-08,2024,0,Sideways,1,0.5261,NO TRADE,0,1,0.5961,BUY,0,10,"EMA_26,SMA_20,SMA_50,Stochastic,MACD,Rolling_Mean_Return,ADX,CCI,OBV,Return_5d",EMA_26
HDFCBANK,2024-08-09,2024,0,Sideways,0,0.8126,SELL,1,0,0.6347,SELL,1,10,"EMA_26,SMA_20,SMA_50,Stochastic,MACD,Rolling_Mean_Return,ADX,CCI,OBV,Return_5d",EMA_26
HDFCBANK,2024-08-12,2024,0,Sideways,0,0.8747,SELL,1,0,0.7585,SELL,1,10,"EMA_26,SMA_20,SMA_50,Stochastic,MACD,Rolling_Mean_Return,ADX,CCI,OBV,Return_5d",EMA_26
HDFCBANK,2024-08-13,2024,1,Sideways,0,0.8174,SELL,0,0,0.5863,SELL,0,10,"EMA_26,SMA_20,SMA_50,Stochastic,MACD,Rolling_Mean_Return,ADX,CCI,OBV,Return_5d",EMA_26
HDFCBANK,2024-08-14,2024,1,Sideways,0,0.5554,SELL,0,1,0.5375,NO TRADE,1,10,"EMA_26,SMA_20,SMA_50,Stochastic,MACD,Rolling_Mean_Return,ADX,CCI,OBV,Return_5d",EMA_26
HDFCBANK,2024-08-16,2024,1,Sideways,0,0.5866,SELL,0,1,0.5207,NO TRADE,1,10,"EMA_26,SMA_20,SMA_50,Stochastic,MACD,Rolling_Mean_Return,ADX,CCI,OBV,Return_5d",EMA_26
HDFCBANK,2024-08-19,2024,1,Sideways,1,0.5427,NO TRADE,1,1,0.5426,NO TRADE,1,10,"EMA_26,SMA_20,SMA_50,Stochastic,MACD,Rolling_Mean_Return,ADX,CCI,OBV,Return_5d",EMA_26
HDFCBANK,2024-08-20,2024,1,Sideways,1,0.513,NO TRADE,1,0,0.5429,NO TRADE,0,10,"EMA_26,SMA_20,SMA_50,Stochastic,MACD,Rolling_Mean_Return,ADX,CCI,OBV,Return_5d",EMA_26
HDFCBANK,2024-08-21,2024,1,Sideways,1,0.5921,BUY,1,0,0.5075,NO TRADE,0,10,"EMA_26,SMA_20,SMA_50,Stochastic,MACD,Rolling_Mean_Return,ADX,CCI,OBV,Return_5d",EMA_26
HDFCBANK,2024-08-22,2024,1,Sideways,1,0.6603,BUY,1,1,0.5546,BUY,1,10,"EMA_26,SMA_20,SMA_50,Stochastic,MACD,Rolling_Mean_Return,ADX,CCI,OBV,Return_5d",EMA_26
HDFCBANK,2024-08-23,2024,1,Sideways,1,0.7505,BUY,1,1,0.5832,BUY,1,10,"EMA_26,SMA_20,SMA_50,Stochastic,MACD,Rolling_Mean_Return,ADX,CCI,OBV,Return_5d",EMA_26
HDFCBANK,2024-08-26,2024,1,Sideways,1,0.6952,BUY,1,1,0.577,BUY,1,10,"EMA_26,SMA_20,SMA_50,Stochastic,MACD,Rolling_Mean_Return,ADX,CCI,OBV,Return_5d",EMA_26
HDFCBANK,2024-08-27,2024,1,Sideways,1,0.5841,BUY,1,1,0.5891,BUY,1,10,"EMA_26,SMA_20,SMA_50,Stochastic,MACD,Rolling_Mean_Return,ADX,CCI,OBV,Return_5d",EMA_26
HDFCBANK,2024-08-28,2024,1,Sideways,1,0.5982,BUY,1,1,0.5447,NO TRADE,1,10,"EMA_26,SMA_20,SMA_50,Stochastic,MACD,Rolling_Mean_Return,ADX,CCI,OBV,Return_5d",EMA_26
HDFCBANK,2024-08-29,2024,1,Sideways,1,0.7264,BUY,1,1,0.606,BUY,1,10,"EMA_26,SMA_20,SMA_50,Stochastic,MACD,Rolling_Mean_Return,ADX,CCI,OBV,Return_5d",EMA_26
HDFCBANK,2024-08-30,2024,1,Sideways,0,0.5744,SELL,0,1,0.6006,BUY,1,10,"EMA_26,SMA_20,SMA_50,Stochastic,MACD,Rolling_Mean_Return,ADX,CCI,OBV,Return_5d",EMA_26
HDFCBANK,2024-09-02,2024,1,Sideways,1,0.5441,NO TRADE,1,1,0.6467,BUY,1,10,"EMA_26,SMA_20,SMA_50,Stochastic,MACD,Rolling_Mean_Return,ADX,CCI,OBV,Return_5d",EMA_26
HDFCBANK,2024-09-03,2024,1,Sideways,1,0.7206,BUY,1,1,0.7289,BUY,1,10,"EMA_26,SMA_20,SMA_50,Stochastic,MACD,Rolling_Mean_Return,ADX,CCI,OBV,Return_5d",EMA_26
HDFCBANK,2024-09-04,2024,1,Sideways,1,0.5525,BUY,1,1,0.8155,BUY,1,10,"EMA_26,SMA_20,SMA_50,Stochastic,MACD,Rolling_Mean_Return,ADX,CCI,OBV,Return_5d",EMA_26
HDFCBANK,2024-09-05,2024,1,Sideways,1,0.6034,BUY,1,1,0.8312,BUY,1,10,"EMA_26,SMA_20,SMA_50,Stochastic,MACD,Rolling_Mean_Return,ADX,CCI,OBV,Return_5d",EMA_26
HDFCBANK,2024-09-06,2024,0,Sideways,1,0.6549,BUY,0,1,0.8372,BUY,0,10,"EMA_26,SMA_20,SMA_50,Stochastic,MACD,Rolling_Mean_Return,ADX,CCI,OBV,Return_5d",EMA_26
HDFCBANK,2024-09-09,2024,1,Sideways,1,0.5459,NO TRADE,1,1,0.5214,NO TRADE,1,10,"EMA_26,SMA_20,ADX,MACD,SMA_50,Williams_R,SMA_10,Stochastic,ATR_14,Return_5d",EMA_26
HDFCBANK,2024-09-10,2024,0,Sideways,0,0.517,NO TRADE,1,1,0.5318,NO TRADE,0,10,"EMA_26,SMA_20,ADX,MACD,SMA_50,Williams_R,SMA_10,Stochastic,ATR_14,Return_5d",EMA_26
HDFCBANK,2024-09-11,2024,1,Sideways,1,0.5847,BUY,1,0,0.5123,NO TRADE,0,10,"EMA_26,SMA_20,ADX,MACD,SMA_50,Williams_R,SMA_10,Stochastic,ATR_14,Return_5d",EMA_26
HDFCBANK,2024-09-12,2024,0,Sideways,1,0.5746,BUY,0,0,0.6629,SELL,1,10,"EMA_26,SMA_20,ADX,MACD,SMA_50,Williams_R,SMA_10,Stochastic,ATR_14,Return_5d",EMA_26
HDFCBANK,2024-09-13,2024,1,Sideways,0,0.6664,SELL,0,0,0.7036,SELL,0,10,"EMA_26,SMA_20,ADX,MACD,SMA_50,Williams_R,SMA_10,Stochastic,ATR_14,Return_5d",EMA_26
HDFCBANK,2024-09-16,2024,1,Sideways,0,0.5856,SELL,0,1,0.5241,NO TRADE,1,10,"EMA_26,SMA_20,ADX,MACD,SMA_50,Williams_R,SMA_10,Stochastic,ATR_14,Return_5d",EMA_26
HDFCBANK,2024-09-17,2024,1,Sideways,1,0.5895,BUY,1,1,0.5969,BUY,1,10,"EMA_26,SMA_20,ADX,MACD,SMA_50,Williams_R,SMA_10,Stochastic,ATR_14,Return_5d",EMA_26
HDFCBANK,2024-09-18,2024,0,Sideways,0,0.7556,SELL,1,1,0.6187,BUY,0,10,"EMA_26,SMA_20,ADX,MACD,SMA_50,Williams_R,SMA_10,Stochastic,ATR_14,Return_5d",EMA_26
HDFCBANK,2024-09-19,2024,0,Sideways,0,0.7812,SELL,1,0,0.7259,SELL,1,10,"EMA_26,SMA_20,ADX,MACD,SMA_50,Williams_R,SMA_10,Stochastic,ATR_14,Return_5d",EMA_26
HDFCBANK,2024-09-20,2024,0,Sideways,0,0.9351,SELL,1,0,0.6982,SELL,1,10,"EMA_26,SMA_20,ADX,MACD,SMA_50,Williams_R,SMA_10,Stochastic,ATR_14,Return_5d",EMA_26
HDFCBANK,2024-09-23,2024,0,Sideways,0,0.9368,SELL,1,0,0.8252,SELL,1,10,"EMA_26,SMA_20,ADX,MACD,SMA_50,Williams_R,SMA_10,Stochastic,ATR_14,Return_5d",EMA_26
HDFCBANK,2024-09-24,2024,0,Sideways,0,0.9374,SELL,1,0,0.7986,SELL,1,10,"EMA_26,SMA_20,ADX,MACD,SMA_50,Williams_R,SMA_10,Stochastic,ATR_14,Return_5d",EMA_26
HDFCBANK,2024-09-25,2024,0,Sideways,0,0.9377,SELL,1,0,0.8611,SELL,1,10,"EMA_26,SMA_20,ADX,MACD,SMA_50,Williams_R,SMA_10,Stochastic,ATR_14,Return_5d",EMA_26
HDFCBANK,2024-09-26,2024,0,Sideways,0,0.9077,SELL,1,0,0.9019,SELL,1,10,"EMA_26,SMA_20,ADX,MACD,SMA_50,Williams_R,SMA_10,Stochastic,ATR_14,Return_5d",EMA_26
HDFCBANK,2024-09-27,2024,0,Sideways,0,0.8748,SELL,1,0,0.804,SELL,1,10,"EMA_26,SMA_20,ADX,MACD,SMA_50,Williams_R,SMA_10,Stochastic,ATR_14,Return_5d",EMA_26
HDFCBANK,2024-09-30,2024,1,Sideways,0,0.8741,SELL,0,0,0.9173,SELL,0,10,"EMA_26,SMA_20,ADX,MACD,SMA_50,Williams_R,SMA_10,Stochastic,ATR_14,Return_5d",EMA_26
HDFCBANK,2024-10-01,2024,1,Sideways,0,0.6939,SELL,0,0,0.6189,SELL,0,10,"EMA_26,SMA_20,ADX,MACD,SMA_50,Williams_R,SMA_10,Stochastic,ATR_14,Return_5d",EMA_26
HDFCBANK,2024-10-03,2024,1,Sideways,0,0.8535,SELL,0,0,0.6599,SELL,0,10,"EMA_26,SMA_20,ADX,MACD,SMA_50,Williams_R,SMA_10,Stochastic,ATR_14,Return_5d",EMA_26
HDFCBANK,2024-10-04,2024,1,Sideways,1,0.5819,BUY,1,1,0.5044,NO TRADE,1,10,"EMA_26,SMA_20,ADX,MACD,SMA_50,Williams_R,SMA_10,Stochastic,ATR_14,Return_5d",EMA_26
HDFCBANK,2024-10-07,2024,1,Sideways,1,0.752,BUY,1,1,0.5705,BUY,1,10,"EMA_26,SMA_20,ADX,MACD,SMA_50,Williams_R,SMA_10,Stochastic,ATR_14,Return_5d",EMA_26
HDFCBANK,2024-10-08,2024,1,Sideways,1,0.6463,BUY,1,1,0.5815,BUY,1,10,"EMA_26,SMA_20,ADX,MACD,SMA_50,Williams_R,SMA_10,Stochastic,ATR_14,Return_5d",EMA_26
HDFCBANK,2024-10-09,2024,1,Sideways,0,0.5398,NO TRADE,0,1,0.6808,BUY,1,10,"EMA_26,SMA_20,ADX,MACD,SMA_50,Williams_R,SMA_10,Stochastic,ATR_14,Return_5d",EMA_26
HDFCBANK,2024-10-10,2024,1,Sideways,0,0.5078,NO TRADE,0,1,0.7143,BUY,1,10,"EMA_26,SMA_20,ADX,MACD,SMA_50,Williams_R,SMA_10,Stochastic,ATR_14,Return_5d",EMA_26
HDFCBANK,2024-10-11,2024,1,Sideways,1,0.6721,BUY,1,1,0.7218,BUY,1,10,"EMA_26,SMA_20,ADX,MACD,SMA_50,Williams_R,SMA_10,Stochastic,ATR_14,Return_5d",EMA_26
HDFCBANK,2024-10-14,2024,1,Sideways,1,0.6266,BUY,1,1,0.6977,BUY,1,10,"EMA_26,SMA_20,ADX,MACD,SMA_50,Williams_R,SMA_10,Stochastic,ATR_14,Return_5d",EMA_26
HDFCBANK,2024-10-15,2024,1,Sideways,1,0.7442,BUY,1,1,0.7071,BUY,1,10,"EMA_26,SMA_20,ADX,MACD,SMA_50,Williams_R,SMA_10,Stochastic,ATR_14,Return_5d",EMA_26
HDFCBANK,2024-10-16,2024,0,Sideways,1,0.8009,BUY,0,1,0.6889,BUY,0,10,"EMA_26,SMA_20,ADX,MACD,SMA_50,Williams_R,SMA_10,Stochastic,ATR_14,Return_5d",EMA_26
HDFCBANK,2024-10-17,2024,1,Sideways,1,0.5303,NO TRADE,1,1,0.6909,BUY,1,10,"EMA_26,SMA_20,ADX,MACD,SMA_50,Williams_R,SMA_10,Stochastic,ATR_14,Return_5d",EMA_26
HDFCBANK,2024-10-18,2024,1,Sideways,1,0.6083,BUY,1,1,0.6847,BUY,1,10,"EMA_26,SMA_20,ADX,MACD,SMA_50,Williams_R,SMA_10,Stochastic,ATR_14,Return_5d",EMA_26
HDFCBANK,2024-10-21,2024,1,Sideways,0,0.8869,SELL,0,1,0.6009,BUY,1,10,"EMA_26,SMA_20,ADX,MACD,SMA_50,Williams_R,SMA_10,Stochastic,ATR_14,Return_5d",EMA_26
HDFCBANK,2024-10-22,2024,1,Sideways,1,0.5913,BUY,1,1,0.6639,BUY,1,10,"MACD,SMA_20,EMA_26,Williams_R,SMA_10,SMA_50,MACD_Hist,ATR_14,ADX,Rolling_Std_10",MACD
HDFCBANK,2024-10-23,2024,1,Sideways,0,0.7202,SELL,0,1,0.6641,BUY,1,10,"MACD,SMA_20,EMA_26,Williams_R,SMA_10,SMA_50,MACD_Hist,ATR_14,ADX,Rolling_Std_10",MACD
HDFCBANK,2024-10-24,2024,1,Sideways,0,0.6268,SELL,0,1,0.6648,BUY,1,10,"MACD,SMA_20,EMA_26,Williams_R,SMA_10,SMA_50,MACD_Hist,ATR_14,ADX,Rolling_Std_10",MACD
HDFCBANK,2024-10-25,2024,1,Sideways,1,0.5599,BUY,1,1,0.6679,BUY,1,10,"MACD,SMA_20,EMA_26,Williams_R,SMA_10,SMA_50,MACD_Hist,ATR_14,ADX,Rolling_Std_10",MACD
HDFCBANK,2024-10-28,2024,1,Sideways,1,0.6135,BUY,1,1,0.6734,BUY,1,10,"MACD,SMA_20,EMA_26,Williams_R,SMA_10,SMA_50,MACD_Hist,ATR_14,ADX,Rolling_Std_10",MACD
HDFCBANK,2024-10-29,2024,1,Sideways,0,0.5487,NO TRADE,0,1,0.6751,BUY,1,10,"MACD,SMA_20,EMA_26,Williams_R,SMA_10,SMA_50,MACD_Hist,ATR_14,ADX,Rolling_Std_10",MACD
HDFCBANK,2024-10-30,2024,1,Sideways,1,0.664,BUY,1,1,0.6794,BUY,1,10,"MACD,SMA_20,EMA_26,Williams_R,SMA_10,SMA_50,MACD_Hist,ATR_14,ADX,Rolling_Std_10",MACD
HDFCBANK,2024-10-31,2024,1,Sideways,1,0.6719,BUY,1,1,0.6847,BUY,1,10,"MACD,SMA_20,EMA_26,Williams_R,SMA_10,SMA_50,MACD_Hist,ATR_14,ADX,Rolling_Std_10",MACD
HDFCBANK,2024-11-01,2024,1,Sideways,1,0.7135,BUY,1,1,0.6885,BUY,1,10,"MACD,SMA_20,EMA_26,Williams_R,SMA_10,SMA_50,MACD_Hist,ATR_14,ADX,Rolling_Std_10",MACD
HDFCBANK,2024-11-04,2024,1,Sideways,1,0.7802,BUY,1,1,0.6917,BUY,1,10,"MACD,SMA_20,EMA_26,Williams_R,SMA_10,SMA_50,MACD_Hist,ATR_14,ADX,Rolling_Std_10",MACD
HDFCBANK,2024-11-05,2024,1,Sideways,0,0.5936,SELL,0,1,0.6899,BUY,1,10,"MACD,SMA_20,EMA_26,Williams_R,SMA_10,SMA_50,MACD_Hist,ATR_14,ADX,Rolling_Std_10",MACD
HDFCBANK,2024-11-06,2024,1,Sideways,1,0.6614,BUY,1,1,0.5937,BUY,1,10,"MACD,SMA_20,EMA_26,Williams_R,SMA_10,SMA_50,MACD_Hist,ATR_14,ADX,Rolling_Std_10",MACD
HDFCBANK,2024-11-07,2024,1,Sideways,1,0.7557,BUY,1,1,0.6863,BUY,1,10,"MACD,SMA_20,EMA_26,Williams_R,SMA_10,SMA_50,MACD_Hist,ATR_14,ADX,Rolling_Std_10",MACD
HDFCBANK,2024-11-08,2024,1,Sideways,1,0.6671,BUY,1,1,0.695,BUY,1,10,"MACD,SMA_20,EMA_26,Williams_R,SMA_10,SMA_50,MACD_Hist,ATR_14,ADX,Rolling_Std_10",MACD
HDFCBANK,2024-11-11,2024,1,Sideways,1,0.7125,BUY,1,1,0.6076,BUY,1,10,"MACD,SMA_20,EMA_26,Williams_R,SMA_10,SMA_50,MACD_Hist,ATR_14,ADX,Rolling_Std_10",MACD
HDFCBANK,2024-11-12,2024,1,Sideways,1,0.8153,BUY,1,1,0.6676,BUY,1,10,"MACD,SMA_20,EMA_26,Williams_R,SMA_10,SMA_50,MACD_Hist,ATR_14,ADX,Rolling_Std_10",MACD
HDFCBANK,2024-11-13,2024,1,Sideways,1,0.8886,BUY,1,1,0.6017,BUY,1,10,"MACD,SMA_20,EMA_26,Williams_R,SMA_10,SMA_50,MACD_Hist,ATR_14,ADX,Rolling_Std_10",MACD
HDFCBANK,2024-11-14,2024,1,Sideways,1,0.8975,BUY,1,1,0.607,BUY,1,10,"MACD,SMA_20,EMA_26,Williams_R,SMA_10,SMA_50,MACD_Hist,ATR_14,ADX,Rolling_Std_10",MACD
HDFCBANK,2024-11-18,2024,1,Sideways,1,0.8493,BUY,1,1,0.6153,BUY,1,10,"MACD,SMA_20,EMA_26,Williams_R,SMA_10,SMA_50,MACD_Hist,ATR_14,ADX,Rolling_Std_10",MACD
HDFCBANK,2024-11-19,2024,1,Sideways,1,0.8574,BUY,1,1,0.6746,BUY,1,10,"MACD,SMA_20,EMA_26,Williams_R,SMA_10,SMA_50,MACD_Hist,ATR_14,ADX,Rolling_Std_10",MACD
HDFCBANK,2024-11-21,2024,1,Sideways,1,0.9016,BUY,1,1,0.7145,BUY,1,10,"MACD,SMA_20,EMA_26,Williams_R,SMA_10,SMA_50,MACD_Hist,ATR_14,ADX,Rolling_Std_10",MACD
HDFCBANK,2024-11-22,2024,1,Sideways,1,0.8776,BUY,1,1,0.7206,BUY,1,10,"MACD,SMA_20,EMA_26,Williams_R,SMA_10,SMA_50,MACD_Hist,ATR_14,ADX,Rolling_Std_10",MACD
HDFCBANK,2024-11-25,2024,1,Sideways,1,0.74,BUY,1,1,0.7176,BUY,1,10,"MACD,SMA_20,EMA_26,Williams_R,SMA_10,SMA_50,MACD_Hist,ATR_14,ADX,Rolling_Std_10",MACD
HDFCBANK,2024-11-26,2024,1,Sideways,0,0.5385,NO TRADE,0,1,0.7181,BUY,1,10,"MACD,SMA_20,EMA_26,Williams_R,SMA_10,SMA_50,MACD_Hist,ATR_14,ADX,Rolling_Std_10",MACD
HDFCBANK,2024-11-27,2024,0,Sideways,0,0.5264,NO TRADE,1,1,0.7107,BUY,0,10,"MACD,SMA_20,EMA_26,Williams_R,SMA_10,SMA_50,MACD_Hist,ATR_14,ADX,Rolling_Std_10",MACD
HDFCBANK,2024-11-28,2024,1,Sideways,0,0.6414,SELL,0,1,0.6586,BUY,1,10,"MACD,SMA_20,EMA_26,Williams_R,SMA_10,SMA_50,MACD_Hist,ATR_14,ADX,Rolling_Std_10",MACD
HDFCBANK,2024-11-29,2024,0,Sideways,0,0.613,SELL,1,1,0.6618,BUY,0,10,"MACD,SMA_20,EMA_26,Williams_R,SMA_10,SMA_50,MACD_Hist,ATR_14,ADX,Rolling_Std_10",MACD
HDFCBANK,2024-12-02,2024,0,Sideways,0,0.7174,SELL,1,0,0.5638,SELL,1,10,"MACD,SMA_20,EMA_26,Williams_R,SMA_10,SMA_50,MACD_Hist,ATR_14,ADX,Rolling_Std_10",MACD
