stock,predict_date,year,actual_target,market_regime,static_pred,static_confidence,static_signal,static_correct,dynamic_pred,dynamic_confidence,dynamic_signal,dynamic_correct,n_dynamic_features,dynamic_features,top_mi_feature
POWERGRID,2022-01-03,2022,1,Sideways,1,1.0,BUY,1,1,0.9978,BUY,1,10,"MACD_Hist,ATR_14,MACD,OBV,Rolling_Volatility,RSI_14,MFI,SMA_20,Rolling_Std_10,Williams_R",MACD_Hist
POWERGRID,2022-01-04,2022,1,Sideways,1,0.9991,BUY,1,1,0.999,BUY,1,10,"MACD_Hist,Rolling_Std_10,SMA_50,BB_Upper,RSI_14,SMA_10,OBV,ATR_14,BB_Width,Rolling_Volatility",MACD_Hist
POWERGRID,2022-01-05,2022,1,Sideways,1,0.9999,BUY,1,1,0.9993,BUY,1,10,"MACD_Hist,Rolling_Std_10,SMA_50,BB_Upper,RSI_14,SMA_10,OBV,ATR_14,BB_Width,Rolling_Volatility",MACD_Hist
POWERGRID,2022-01-06,2022,1,Sideways,1,1.0,BUY,1,1,0.9999,BUY,1,10,"MACD_Hist,Rolling_Std_10,SMA_50,BB_Upper,RSI_14,SMA_10,OBV,ATR_14,BB_Width,Rolling_Volatility",MACD_Hist
POWERGRID,2022-01-07,2022,1,Sideways,1,1.0,BUY,1,1,1.0,BUY,1,10,"MACD_Hist,Rolling_Std_10,SMA_50,BB_Upper,RSI_14,SMA_10,OBV,ATR_14,BB_Width,Rolling_Volatility",MACD_Hist
POWERGRID,2022-01-10,2022,1,Sideways,1,1.0,BUY,1,1,1.0,BUY,1,10,"MACD_Hist,Rolling_Std_10,SMA_50,BB_Upper,RSI_14,SMA_10,OBV,ATR_14,BB_Width,Rolling_Volatility",MACD_Hist
POWERGRID,2022-01-11,2022,1,Sideways,1,1.0,BUY,1,1,1.0,BUY,1,10,"MACD_Hist,Rolling_Std_10,SMA_50,BB_Upper,RSI_14,SMA_10,OBV,ATR_14,BB_Width,Rolling_Volatility",MACD_Hist
POWERGRID,2022-01-12,2022,1,Sideways,1,1.0,BUY,1,1,1.0,BUY,1,10,"MACD_Hist,Rolling_Std_10,SMA_50,BB_Upper,RSI_14,SMA_10,OBV,ATR_14,BB_Width,Rolling_Volatility",MACD_Hist
POWERGRID,2022-01-13,2022,0,Sideways,1,1.0,BUY,0,1,1.0,BUY,0,10,"MACD_Hist,Rolling_Std_10,SMA_50,BB_Upper,RSI_14,SMA_10,OBV,ATR_14,BB_Width,Rolling_Volatility",MACD_Hist
POWERGRID,2022-01-14,2022,0,Sideways,1,1.0,BUY,0,1,0.9999,BUY,0,10,"MACD_Hist,Rolling_Std_10,SMA_50,BB_Upper,RSI_14,SMA_10,OBV,ATR_14,BB_Width,Rolling_Volatility",MACD_Hist
POWERGRID,2022-01-17,2022,0,Sideways,1,1.0,BUY,0,1,0.9985,BUY,0,10,"MACD_Hist,Rolling_Std_10,SMA_50,BB_Upper,RSI_14,SMA_10,OBV,ATR_14,BB_Width,Rolling_Volatility",MACD_Hist
POWERGRID,2022-01-18,2022,0,Sideways,1,1.0,BUY,0,1,0.9973,BUY,0,10,"MACD_Hist,Rolling_Std_10,SMA_50,BB_Upper,RSI_14,SMA_10,OBV,ATR_14,BB_Width,Rolling_Volatility",MACD_Hist
POWERGRID,2022-01-19,2022,0,Sideways,1,0.9999,BUY,0,1,0.9869,BUY,0,10,"MACD_Hist,Rolling_Std_10,SMA_50,BB_Upper,RSI_14,SMA_10,OBV,ATR_14,BB_Width,Rolling_Volatility",MACD_Hist
POWERGRID,2022-01-20,2022,0,Sideways,1,0.8164,BUY,0,1,0.7641,BUY,0,10,"MACD_Hist,Rolling_Std_10,SMA_50,BB_Upper,RSI_14,SMA_10,OBV,ATR_14,BB_Width,Rolling_Volatility",MACD_Hist
POWERGRID,2022-01-21,2022,0,Sideways,1,0.9969,BUY,0,1,0.6734,BUY,0,10,"MACD_Hist,Rolling_Std_10,SMA_50,BB_Upper,RSI_14,SMA_10,OBV,ATR_14,BB_Width,Rolling_Volatility",MACD_Hist
POWERGRID,2022-01-24,2022,0,Sideways,1,0.9969,BUY,0,1,0.5979,BUY,0,10,"MACD_Hist,Rolling_Std_10,SMA_50,BB_Upper,RSI_14,SMA_10,OBV,ATR_14,BB_Width,Rolling_Volatility",MACD_Hist
POWERGRID,2022-01-25,2022,0,Sideways,1,0.9293,BUY,0,0,0.9909,SELL,1,10,"MACD_Hist,Rolling_Std_10,SMA_50,BB_Upper,RSI_14,SMA_10,OBV,ATR_14,BB_Width,Rolling_Volatility",MACD_Hist
POWERGRID,2022-01-27,2022,0,Sideways,1,0.99,BUY,0,0,0.5826,SELL,1,10,"MACD_Hist,Rolling_Std_10,SMA_50,BB_Upper,RSI_14,SMA_10,OBV,ATR_14,BB_Width,Rolling_Volatility",MACD_Hist
POWERGRID,2022-01-28,2022,0,Sideways,1,0.9946,BUY,0,0,0.6172,SELL,1,10,"MACD_Hist,Rolling_Std_10,SMA_50,BB_Upper,RSI_14,SMA_10,OBV,ATR_14,BB_Width,Rolling_Volatility",MACD_Hist
POWERGRID,2022-01-31,2022,0,Sideways,1,0.8934,BUY,0,0,0.8275,SELL,1,10,"MACD_Hist,Rolling_Std_10,SMA_50,BB_Upper,RSI_14,SMA_10,OBV,ATR_14,BB_Width,Rolling_Volatility",MACD_Hist
POWERGRID,2022-02-01,2022,1,Sideways,1,0.9859,BUY,1,0,0.8576,SELL,0,10,"MACD_Hist,Rolling_Std_10,SMA_50,BB_Upper,RSI_14,SMA_10,OBV,ATR_14,BB_Width,Rolling_Volatility",MACD_Hist
POWERGRID,2022-02-02,2022,1,Sideways,1,0.9796,BUY,1,0,0.8269,SELL,0,10,"MACD_Hist,Rolling_Std_10,SMA_50,BB_Upper,RSI_14,SMA_10,OBV,ATR_14,BB_Width,Rolling_Volatility",MACD_Hist
POWERGRID,2022-02-03,2022,1,Sideways,1,0.9922,BUY,1,0,0.7719,SELL,0,10,"MACD_Hist,Rolling_Std_10,SMA_50,BB_Upper,RSI_14,SMA_10,OBV,ATR_14,BB_Width,Rolling_Volatility",MACD_Hist
POWERGRID,2022-02-04,2022,1,Sideways,1,0.999,BUY,1,1,0.5298,NO TRADE,1,10,"MACD_Hist,Rolling_Std_10,SMA_50,BB_Upper,RSI_14,SMA_10,OBV,ATR_14,BB_Width,Rolling_Volatility",MACD_Hist
POWERGRID,2022-02-07,2022,1,Sideways,1,0.9927,BUY,1,0,0.5681,SELL,0,10,"MACD_Hist,Rolling_Std_10,SMA_50,BB_Upper,RSI_14,SMA_10,OBV,ATR_14,BB_Width,Rolling_Volatility",MACD_Hist
POWERGRID,2022-02-08,2022,1,Sideways,1,0.9997,BUY,1,1,0.5473,NO TRADE,1,10,"MACD_Hist,Rolling_Std_10,SMA_50,BB_Upper,RSI_14,SMA_10,OBV,ATR_14,BB_Width,Rolling_Volatility",MACD_Hist
POWERGRID,2022-02-09,2022,1,Sideways,1,0.9999,BUY,1,1,0.6719,BUY,1,10,"MACD_Hist,Rolling_Std_10,SMA_50,BB_Upper,RSI_14,SMA_10,OBV,ATR_14,BB_Width,Rolling_Volatility",MACD_Hist
POWERGRID,2022-02-10,2022,1,Sideways,1,0.9986,BUY,1,1,0.6475,BUY,1,10,"MACD_Hist,Rolling_Std_10,SMA_50,BB_Upper,RSI_14,SMA_10,OBV,ATR_14,BB_Width,Rolling_Volatility",MACD_Hist
POWERGRID,2022-02-11,2022,1,Sideways,1,0.9997,BUY,1,1,0.7913,BUY,1,10,"MACD_Hist,Rolling_Std_10,SMA_50,BB_Upper,RSI_14,SMA_10,OBV,ATR_14,BB_Width,Rolling_Volatility",MACD_Hist
POWERGRID,2022-02-14,2022,1,Sideways,1,1.0,BUY,1,1,0.918,BUY,1,10,"MACD_Hist,Rolling_Std_10,SMA_50,BB_Upper,RSI_14,SMA_10,OBV,ATR_14,BB_Width,Rolling_Volatility",MACD_Hist
POWERGRID,2022-02-15,2022,1,Sideways,1,0.9998,BUY,1,1,0.9262,BUY,1,10,"MACD_Hist,Rolling_Std_10,SMA_50,BB_Upper,RSI_14,SMA_10,OBV,ATR_14,BB_Width,Rolling_Volatility",MACD_Hist
POWERGRID,2022-02-16,2022,1,Sideways,1,1.0,BUY,1,1,0.9341,BUY,1,10,"MACD,MACD_Hist,Rolling_Std_10,BB_Upper,SMA_10,Rolling_Volatility,SMA_20,SMA_50,RSI_14,BB_Width",MACD
POWERGRID,2022-02-17,2022,1,Sideways,1,0.9999,BUY,1,1,0.9602,BUY,1,10,"MACD,MACD_Hist,Rolling_Std_10,BB_Upper,SMA_10,Rolling_Volatility,SMA_20,SMA_50,RSI_14,BB_Width",MACD
POWERGRID,2022-02-18,2022,1,Sideways,1,1.0,BUY,1,1,0.9873,BUY,1,10,"MACD,MACD_Hist,Rolling_Std_10,BB_Upper,SMA_10,Rolling_Volatility,SMA_20,SMA_50,RSI_14,BB_Width",MACD
POWERGRID,2022-02-21,2022,1,Sideways,1,0.9998,BUY,1,1,0.9931,BUY,1,10,"MACD,MACD_Hist,Rolling_Std_10,BB_Upper,SMA_10,Rolling_Volatility,SMA_20,SMA_50,RSI_14,BB_Width",MACD
POWERGRID,2022-02-22,2022,1,Sideways,1,0.9994,BUY,1,1,0.9972,BUY,1,10,"MACD,MACD_Hist,Rolling_Std_10,BB_Upper,SMA_10,Rolling_Volatility,SMA_20,SMA_50,RSI_14,BB_Width",MACD
POWERGRID,2022-02-23,2022,1,Sideways,1,0.9996,BUY,1,1,0.9989,BUY,1,10,"MACD,MACD_Hist,Rolling_Std_10,BB_Upper,SMA_10,Rolling_Volatility,SMA_20,SMA_50,RSI_14,BB_Width",MACD
POWERGRID,2022-02-24,2022,1,Sideways,1,1.0,BUY,1,1,0.9997,BUY,1,10,"MACD,MACD_Hist,Rolling_Std_10,BB_Upper,SMA_10,Rolling_Volatility,SMA_20,SMA_50,RSI_14,BB_Width",MACD
POWERGRID,2022-02-25,2022,1,Sideways,1,0.9823,BUY,1,1,0.9991,BUY,1,10,"MACD,MACD_Hist,Rolling_Std_10,BB_Upper,SMA_10,Rolling_Volatility,SMA_20,SMA_50,RSI_14,BB_Width",MACD
POWERGRID,2022-02-28,2022,1,Sideways,0,0.9987,SELL,0,1,0.993,BUY,1,10,"MACD,MACD_Hist,Rolling_Std_10,BB_Upper,SMA_10,Rolling_Volatility,SMA_20,SMA_50,RSI_14,BB_Width",MACD
POWERGRID,2022-03-02,2022,1,Sideways,1,0.8472,BUY,1,1,0.9867,BUY,1,10,"MACD,MACD_Hist,Rolling_Std_10,BB_Upper,SMA_10,Rolling_Volatility,SMA_20,SMA_50,RSI_14,BB_Width",MACD
POWERGRID,2022-03-03,2022,1,Sideways,0,0.6466,SELL,0,1,0.9357,BUY,1,10,"MACD,MACD_Hist,Rolling_Std_10,BB_Upper,SMA_10,Rolling_Volatility,SMA_20,SMA_50,RSI_14,BB_Width",MACD
POWERGRID,2022-03-04,2022,1,Sideways,1,0.9044,BUY,1,1,0.8182,BUY,1,10,"MACD,MACD_Hist,Rolling_Std_10,BB_Upper,SMA_10,Rolling_Volatility,SMA_20,SMA_50,RSI_14,BB_Width",MACD
POWERGRID,2022-03-07,2022,1,Sideways,1,0.946,BUY,1,1,0.6898,BUY,1,10,"MACD,MACD_Hist,Rolling_Std_10,BB_Upper,SMA_10,Rolling_Volatility,SMA_20,SMA_50,RSI_14,BB_Width",MACD
POWERGRID,2022-03-08,2022,1,Sideways,1,0.9144,BUY,1,1,0.5435,NO TRADE,1,10,"MACD,MACD_Hist,Rolling_Std_10,BB_Upper,SMA_10,Rolling_Volatility,SMA_20,SMA_50,RSI_14,BB_Width",MACD
POWERGRID,2022-03-09,2022,1,Sideways,1,0.9674,BUY,1,1,0.5593,BUY,1,10,"MACD,MACD_Hist,Rolling_Std_10,BB_Upper,SMA_10,Rolling_Volatility,SMA_20,SMA_50,RSI_14,BB_Width",MACD
POWERGRID,2022-03-10,2022,1,Sideways,1,0.978,BUY,1,1,0.5372,NO TRADE,1,10,"MACD,MACD_Hist,Rolling_Std_10,BB_Upper,SMA_10,Rolling_Volatility,SMA_20,SMA_50,RSI_14,BB_Width",MACD
POWERGRID,2022-03-11,2022,1,Sideways,1,0.9806,BUY,1,1,0.5565,BUY,1,10,"MACD,MACD_Hist,Rolling_Std_10,BB_Upper,SMA_10,Rolling_Volatility,SMA_20,SMA_50,RSI_14,BB_Width",MACD
POWERGRID,2022-03-14,2022,1,Sideways,1,0.9861,BUY,1,0,0.5179,NO TRADE,0,10,"MACD,MACD_Hist,Rolling_Std_10,BB_Upper,SMA_10,Rolling_Volatility,SMA_20,SMA_50,RSI_14,BB_Width",MACD
POWERGRID,2022-03-15,2022,1,Sideways,1,0.9963,BUY,1,1,0.7835,BUY,1,10,"MACD,MACD_Hist,Rolling_Std_10,BB_Upper,SMA_10,Rolling_Volatility,SMA_20,SMA_50,RSI_14,BB_Width",MACD
POWERGRID,2022-03-16,2022,1,Sideways,1,0.9966,BUY,1,1,0.8277,BUY,1,10,"MACD,MACD_Hist,Rolling_Std_10,BB_Upper,SMA_10,Rolling_Volatility,SMA_20,SMA_50,RSI_14,BB_Width",MACD
POWERGRID,2022-03-17,2022,1,Sideways,1,0.9949,BUY,1,1,0.8737,BUY,1,10,"MACD,MACD_Hist,Rolling_Std_10,BB_Upper,SMA_10,Rolling_Volatility,SMA_20,SMA_50,RSI_14,BB_Width",MACD
POWERGRID,2022-03-21,2022,1,Sideways,1,0.9991,BUY,1,1,0.956,BUY,1,10,"MACD,MACD_Hist,Rolling_Std_10,BB_Upper,SMA_10,Rolling_Volatility,SMA_20,SMA_50,RSI_14,BB_Width",MACD
POWERGRID,2022-03-22,2022,1,Sideways,1,0.9969,BUY,1,1,0.9511,BUY,1,10,"MACD,MACD_Hist,Rolling_Std_10,BB_Upper,SMA_10,Rolling_Volatility,SMA_20,SMA_50,RSI_14,BB_Width",MACD
POWERGRID,2022-03-23,2022,1,Sideways,1,0.999,BUY,1,1,0.9543,BUY,1,10,"MACD,MACD_Hist,Rolling_Std_10,BB_Upper,SMA_10,Rolling_Volatility,SMA_20,SMA_50,RSI_14,BB_Width",MACD
POWERGRID,2022-03-24,2022,1,Sideways,1,0.999,BUY,1,1,0.9651,BUY,1,10,"MACD,MACD_Hist,Rolling_Std_10,BB_Upper,SMA_10,Rolling_Volatility,SMA_20,SMA_50,RSI_14,BB_Width",MACD
POWERGRID,2022-03-25,2022,1,Sideways,1,0.9997,BUY,1,1,0.9753,BUY,1,10,"MACD,MACD_Hist,Rolling_Std_10,BB_Upper,SMA_10,Rolling_Volatility,SMA_20,SMA_50,RSI_14,BB_Width",MACD
POWERGRID,2022-03-28,2022,1,Sideways,1,0.9993,BUY,1,1,0.9615,BUY,1,10,"MACD,MACD_Hist,Rolling_Std_10,BB_Upper,SMA_10,Rolling_Volatility,SMA_20,SMA_50,RSI_14,BB_Width",MACD
POWERGRID,2022-03-29,2022,1,Sideways,1,0.9999,BUY,1,1,0.9497,BUY,1,10,"MACD,MACD_Hist,Rolling_Std_10,BB_Upper,SMA_10,Rolling_Volatility,SMA_20,SMA_50,RSI_14,BB_Width",MACD
POWERGRID,2022-03-30,2022,1,Sideways,1,0.9773,BUY,1,1,0.9137,BUY,1,10,"MACD,MACD_Hist,Rolling_Std_10,BB_Upper,SMA_10,Rolling_Volatility,SMA_20,SMA_50,RSI_14,BB_Width",MACD
POWERGRID,2022-03-31,2022,1,Sideways,1,0.9984,BUY,1,1,0.9104,BUY,1,10,"MACD,MACD_Hist,Rolling_Std_10,BB_Upper,SMA_10,Rolling_Volatility,SMA_20,SMA_50,RSI_14,BB_Width",MACD
POWERGRID,2022-04-01,2022,1,Sideways,1,0.772,BUY,1,1,0.9477,BUY,1,10,"RSI_14,ADX,MACD_Hist,Volume_MA,Stochastic,MACD,SMA_20,BB_Upper,CCI,Rolling_Std_10",RSI_14
POWERGRID,2022-04-04,2022,1,Sideways,1,0.9985,BUY,1,0,1.0,SELL,0,10,"RSI_14,ADX,MACD_Hist,Volume_MA,Stochastic,MACD,SMA_20,BB_Upper,CCI,Rolling_Std_10",RSI_14
POWERGRID,2022-04-05,2022,1,Sideways,1,0.9953,BUY,1,0,0.6667,SELL,0,10,"RSI_14,ADX,MACD_Hist,Volume_MA,Stochastic,MACD,SMA_20,BB_Upper,CCI,Rolling_Std_10",RSI_14
POWERGRID,2022-04-06,2022,1,Sideways,1,0.9995,BUY,1,0,1.0,SELL,0,10,"RSI_14,ADX,MACD_Hist,Volume_MA,Stochastic,MACD,SMA_20,BB_Upper,CCI,Rolling_Std_10",RSI_14
POWERGRID,2022-04-07,2022,1,Sideways,1,0.9999,BUY,1,0,0.7166,SELL,0,10,"RSI_14,ADX,MACD_Hist,Volume_MA,Stochastic,MACD,SMA_20,BB_Upper,CCI,Rolling_Std_10",RSI_14
POWERGRID,2022-04-08,2022,1,Sideways,1,0.9999,BUY,1,1,0.5323,NO TRADE,1,10,"RSI_14,ADX,MACD_Hist,Volume_MA,Stochastic,MACD,SMA_20,BB_Upper,CCI,Rolling_Std_10",RSI_14
POWERGRID,2022-04-11,2022,1,Sideways,1,0.9997,BUY,1,1,0.7144,BUY,1,10,"RSI_14,ADX,MACD_Hist,Volume_MA,Stochastic,MACD,SMA_20,BB_Upper,CCI,Rolling_Std_10",RSI_14
POWERGRID,2022-04-12,2022,1,Sideways,1,0.9998,BUY,1,1,0.9176,BUY,1,10,"RSI_14,ADX,MACD_Hist,Volume_MA,Stochastic,MACD,SMA_20,BB_Upper,CCI,Rolling_Std_10",RSI_14
POWERGRID,2022-04-13,2022,1,Sideways,1,0.9998,BUY,1,1,0.9784,BUY,1,10,"RSI_14,ADX,MACD_Hist,Volume_MA,Stochastic,MACD,SMA_20,BB_Upper,CCI,Rolling_Std_10",RSI_14
POWERGRID,2022-04-18,2022,1,Sideways,1,0.9998,BUY,1,1,0.9938,BUY,1,10,"RSI_14,ADX,MACD_Hist,Volume_MA,Stochastic,MACD,SMA_20,BB_Upper,CCI,Rolling_Std_10",RSI_14
POWERGRID,2022-04-19,2022,1,Sideways,1,0.9999,BUY,1,1,0.9985,BUY,1,10,"RSI_14,ADX,MACD_Hist,Volume_MA,Stochastic,MACD,SMA_20,BB_Upper,CCI,Rolling_Std_10",RSI_14
POWERGRID,2022-04-20,2022,1,Sideways,1,0.9998,BUY,1,1,0.9988,BUY,1,10,"RSI_14,ADX,MACD_Hist,Volume_MA,Stochastic,MACD,SMA_20,BB_Upper,CCI,Rolling_Std_10",RSI_14
POWERGRID,2022-04-21,2022,1,Sideways,1,0.9999,BUY,1,1,0.9989,BUY,1,10,"RSI_14,ADX,MACD_Hist,Volume_MA,Stochastic,MACD,SMA_20,BB_Upper,CCI,Rolling_Std_10",RSI_14
POWERGRID,2022-04-22,2022,0,Sideways,1,1.0,BUY,0,1,0.9994,BUY,0,10,"RSI_14,ADX,MACD_Hist,Volume_MA,Stochastic,MACD,SMA_20,BB_Upper,CCI,Rolling_Std_10",RSI_14
POWERGRID,2022-04-25,2022,1,Sideways,1,1.0,BUY,1,1,0.9818,BUY,1,10,"RSI_14,ADX,MACD_Hist,Volume_MA,Stochastic,MACD,SMA_20,BB_Upper,CCI,Rolling_Std_10",RSI_14
POWERGRID,2022-04-26,2022,0,Sideways,1,0.9975,BUY,0,1,0.9623,BUY,0,10,"RSI_14,ADX,MACD_Hist,Volume_MA,Stochastic,MACD,SMA_20,BB_Upper,CCI,Rolling_Std_10",RSI_14
POWERGRID,2022-04-27,2022,0,Sideways,1,0.9999,BUY,0,1,0.8914,BUY,0,10,"RSI_14,ADX,MACD_Hist,Volume_MA,Stochastic,MACD,SMA_20,BB_Upper,CCI,Rolling_Std_10",RSI_14
POWERGRID,2022-04-28,2022,0,Sideways,1,0.9953,BUY,0,1,0.7913,BUY,0,10,"RSI_14,ADX,MACD_Hist,Volume_MA,Stochastic,MACD,SMA_20,BB_Upper,CCI,Rolling_Std_10",RSI_14
POWERGRID,2022-04-29,2022,1,Sideways,1,0.9993,BUY,1,1,0.7474,BUY,1,10,"RSI_14,ADX,MACD_Hist,Volume_MA,Stochastic,MACD,SMA_20,BB_Upper,CCI,Rolling_Std_10",RSI_14
POWERGRID,2022-05-02,2022,1,Sideways,1,0.9963,BUY,1,1,0.816,BUY,1,10,"RSI_14,ADX,MACD_Hist,Volume_MA,Stochastic,MACD,SMA_20,BB_Upper,CCI,Rolling_Std_10",RSI_14
POWERGRID,2022-05-04,2022,0,Sideways,1,0.9828,BUY,0,1,0.7411,BUY,0,10,"RSI_14,ADX,MACD_Hist,Volume_MA,Stochastic,MACD,SMA_20,BB_Upper,CCI,Rolling_Std_10",RSI_14
POWERGRID,2022-05-05,2022,0,Sideways,1,0.9975,BUY,0,1,0.7886,BUY,0,10,"RSI_14,ADX,MACD_Hist,Volume_MA,Stochastic,MACD,SMA_20,BB_Upper,CCI,Rolling_Std_10",RSI_14
POWERGRID,2022-05-06,2022,0,Sideways,1,0.9822,BUY,0,1,0.7195,BUY,0,10,"RSI_14,ADX,MACD_Hist,Volume_MA,Stochastic,MACD,SMA_20,BB_Upper,CCI,Rolling_Std_10",RSI_14
POWERGRID,2022-05-09,2022,0,Sideways,1,0.9997,BUY,0,1,0.5216,NO TRADE,0,10,"RSI_14,ADX,MACD_Hist,Volume_MA,Stochastic,MACD,SMA_20,BB_Upper,CCI,Rolling_Std_10",RSI_14
POWERGRID,2022-05-10,2022,0,Sideways,1,1.0,BUY,0,1,0.5543,BUY,0,10,"RSI_14,ADX,MACD_Hist,Volume_MA,Stochastic,MACD,SMA_20,BB_Upper,CCI,Rolling_Std_10",RSI_14
POWERGRID,2022-05-11,2022,0,Sideways,1,0.9957,BUY,0,0,0.5601,SELL,1,10,"RSI_14,ADX,MACD_Hist,Volume_MA,Stochastic,MACD,SMA_20,BB_Upper,CCI,Rolling_Std_10",RSI_14
POWERGRID,2022-05-12,2022,0,Sideways,1,0.9929,BUY,0,0,0.6773,SELL,1,10,"RSI_14,ADX,MACD_Hist,Volume_MA,Stochastic,MACD,SMA_20,BB_Upper,CCI,Rolling_Std_10",RSI_14
POWERGRID,2022-05-13,2022,0,Sideways,1,0.9925,BUY,0,0,0.712,SELL,1,10,"RSI_14,ADX,MACD_Hist,Volume_MA,Stochastic,MACD,SMA_20,BB_Upper,CCI,Rolling_Std_10",RSI_14
POWERGRID,2022-05-16,2022,0,Sideways,1,0.9942,BUY,0,0,0.629,SELL,1,10,"RSI_14,ADX,MACD_Hist,Volume_MA,Stochastic,MACD,SMA_20,BB_Upper,CCI,Rolling_Std_10",RSI_14
POWERGRID,2022-05-17,2022,0,Sideways,1,0.9648,BUY,0,0,0.6989,SELL,1,10,"RSI_14,ADX,MACD_Hist,Volume_MA,Stochastic,MACD,SMA_20,BB_Upper,CCI,Rolling_Std_10",RSI_14
POWERGRID,2022-05-18,2022,0,Sideways,1,0.9972,BUY,0,1,0.795,BUY,0,10,"Rolling_Std_10,ADX,EMA_12,SMA_10,BB_Upper,RSI_14,Volume_Ratio,BB_Width,SMA_20,SMA_50",Rolling_Std_10
POWERGRID,2022-05-19,2022,0,Sideways,1,0.9951,BUY,0,1,0.8927,BUY,0,10,"Rolling_Std_10,ADX,EMA_12,SMA_10,BB_Upper,RSI_14,Volume_Ratio,BB_Width,SMA_20,SMA_50",Rolling_Std_10
POWERGRID,2022-05-20,2022,0,Sideways,1,0.9981,BUY,0,1,0.8587,BUY,0,10,"Rolling_Std_10,ADX,EMA_12,SMA_10,BB_Upper,RSI_14,Volume_Ratio,BB_Width,SMA_20,SMA_50",Rolling_Std_10
POWERGRID,2022-05-23,2022,0,Sideways,1,0.9999,BUY,0,1,0.8575,BUY,0,10,"Rolling_Std_10,ADX,EMA_12,SMA_10,BB_Upper,RSI_14,Volume_Ratio,BB_Width,SMA_20,SMA_50",Rolling_Std_10
POWERGRID,2022-05-24,2022,0,Sideways,1,0.9988,BUY,0,1,0.831,BUY,0,10,"Rolling_Std_10,ADX,EMA_12,SMA_10,BB_Upper,RSI_14,Volume_Ratio,BB_Width,SMA_20,SMA_50",Rolling_Std_10
POWERGRID,2022-05-25,2022,0,Sideways,1,0.9993,BUY,0,1,0.7225,BUY,0,10,"Rolling_Std_10,ADX,EMA_12,SMA_10,BB_Upper,RSI_14,Volume_Ratio,BB_Width,SMA_20,SMA_50",Rolling_Std_10
POWERGRID,2022-05-26,2022,0,Sideways,1,0.9952,BUY,0,1,0.7913,BUY,0,10,"Rolling_Std_10,ADX,EMA_12,SMA_10,BB_Upper,RSI_14,Volume_Ratio,BB_Width,SMA_20,SMA_50",Rolling_Std_10
POWERGRID,2022-05-27,2022,0,Sideways,1,0.9981,BUY,0,0,0.7029,SELL,1,10,"Rolling_Std_10,ADX,EMA_12,SMA_10,BB_Upper,RSI_14,Volume_Ratio,BB_Width,SMA_20,SMA_50",Rolling_Std_10
POWERGRID,2022-05-30,2022,0,Sideways,1,0.9752,BUY,0,0,0.643,SELL,1,10,"Rolling_Std_10,ADX,EMA_12,SMA_10,BB_Upper,RSI_14,Volume_Ratio,BB_Width,SMA_20,SMA_50",Rolling_Std_10
POWERGRID,2022-05-31,2022,0,Sideways,1,0.8875,BUY,0,0,0.9998,SELL,1,10,"Rolling_Std_10,ADX,EMA_12,SMA_10,BB_Upper,RSI_14,Volume_Ratio,BB_Width,SMA_20,SMA_50",Rolling_Std_10
POWERGRID,2022-06-01,2022,0,Sideways,1,0.9759,BUY,0,1,0.6277,BUY,0,10,"Rolling_Std_10,ADX,EMA_12,SMA_10,BB_Upper,RSI_14,Volume_Ratio,BB_Width,SMA_20,SMA_50",Rolling_Std_10
POWERGRID,2022-06-02,2022,0,Sideways,1,0.9859,BUY,0,1,0.6368,BUY,0,10,"Rolling_Std_10,ADX,EMA_12,SMA_10,BB_Upper,RSI_14,Volume_Ratio,BB_Width,SMA_20,SMA_50",Rolling_Std_10
POWERGRID,2022-06-03,2022,0,Sideways,1,0.982,BUY,0,1,0.7378,BUY,0,10,"Rolling_Std_10,ADX,EMA_12,SMA_10,BB_Upper,RSI_14,Volume_Ratio,BB_Width,SMA_20,SMA_50",Rolling_Std_10
POWERGRID,2022-06-06,2022,0,Sideways,1,0.9895,BUY,0,1,0.8375,BUY,0,10,"Rolling_Std_10,ADX,EMA_12,SMA_10,BB_Upper,RSI_14,Volume_Ratio,BB_Width,SMA_20,SMA_50",Rolling_Std_10
POWERGRID,2022-06-07,2022,0,Sideways,1,0.993,BUY,0,1,0.7595,BUY,0,10,"Rolling_Std_10,ADX,EMA_12,SMA_10,BB_Upper,RSI_14,Volume_Ratio,BB_Width,SMA_20,SMA_50",Rolling_Std_10
POWERGRID,2022-06-08,2022,0,Sideways,1,0.9882,BUY,0,1,0.82,BUY,0,10,"Rolling_Std_10,ADX,EMA_12,SMA_10,BB_Upper,RSI_14,Volume_Ratio,BB_Width,SMA_20,SMA_50",Rolling_Std_10
POWERGRID,2022-06-09,2022,0,Sideways,1,0.982,BUY,0,1,0.7871,BUY,0,10,"Rolling_Std_10,ADX,EMA_12,SMA_10,BB_Upper,RSI_14,Volume_Ratio,BB_Width,SMA_20,SMA_50",Rolling_Std_10
POWERGRID,2022-06-10,2022,0,Sideways,1,0.9704,BUY,0,1,0.7583,BUY,0,10,"Rolling_Std_10,ADX,EMA_12,SMA_10,BB_Upper,RSI_14,Volume_Ratio,BB_Width,SMA_20,SMA_50",Rolling_Std_10
POWERGRID,2022-06-13,2022,0,Sideways,1,0.977,BUY,0,1,0.7805,BUY,0,10,"Rolling_Std_10,ADX,EMA_12,SMA_10,BB_Upper,RSI_14,Volume_Ratio,BB_Width,SMA_20,SMA_50",Rolling_Std_10
POWERGRID,2022-06-14,2022,0,Sideways,1,0.9422,BUY,0,0,0.9977,SELL,1,10,"Rolling_Std_10,ADX,EMA_12,SMA_10,BB_Upper,RSI_14,Volume_Ratio,BB_Width,SMA_20,SMA_50",Rolling_Std_10
POWERGRID,2022-06-15,2022,0,Sideways,1,0.9499,BUY,0,0,0.8076,SELL,1,10,"Rolling_Std_10,ADX,EMA_12,SMA_10,BB_Upper,RSI_14,Volume_Ratio,BB_Width,SMA_20,SMA_50",Rolling_Std_10
POWERGRID,2022-06-16,2022,0,Sideways,1,0.9606,BUY,0,0,0.5452,NO TRADE,1,10,"Rolling_Std_10,ADX,EMA_12,SMA_10,BB_Upper,RSI_14,Volume_Ratio,BB_Width,SMA_20,SMA_50",Rolling_Std_10
POWERGRID,2022-06-17,2022,0,Sideways,1,0.9807,BUY,0,0,1.0,SELL,1,10,"Rolling_Std_10,ADX,EMA_12,SMA_10,BB_Upper,RSI_14,Volume_Ratio,BB_Width,SMA_20,SMA_50",Rolling_Std_10
POWERGRID,2022-06-20,2022,1,Sideways,1,0.9839,BUY,1,0,0.6576,SELL,0,10,"Rolling_Std_10,ADX,EMA_12,SMA_10,BB_Upper,RSI_14,Volume_Ratio,BB_Width,SMA_20,SMA_50",Rolling_Std_10
POWERGRID,2022-06-21,2022,0,Sideways,1,0.9779,BUY,0,1,0.6635,BUY,0,10,"Rolling_Std_10,ADX,EMA_12,SMA_10,BB_Upper,RSI_14,Volume_Ratio,BB_Width,SMA_20,SMA_50",Rolling_Std_10
POWERGRID,2022-06-22,2022,0,Sideways,1,0.9722,BUY,0,1,0.5448,NO TRADE,0,10,"Rolling_Std_10,ADX,EMA_12,SMA_10,BB_Upper,RSI_14,Volume_Ratio,BB_Width,SMA_20,SMA_50",Rolling_Std_10
POWERGRID,2022-06-23,2022,1,Sideways,1,0.9807,BUY,1,0,0.9466,SELL,0,10,"Rolling_Std_10,ADX,EMA_12,SMA_10,BB_Upper,RSI_14,Volume_Ratio,BB_Width,SMA_20,SMA_50",Rolling_Std_10
POWERGRID,2022-06-24,2022,1,Sideways,1,0.9856,BUY,1,1,0.5084,NO TRADE,1,10,"Rolling_Std_10,ADX,EMA_12,SMA_10,BB_Upper,RSI_14,Volume_Ratio,BB_Width,SMA_20,SMA_50",Rolling_Std_10
POWERGRID,2022-06-27,2022,0,Sideways,1,0.9368,BUY,0,0,0.9991,SELL,1,10,"Rolling_Std_10,ADX,EMA_12,SMA_10,BB_Upper,RSI_14,Volume_Ratio,BB_Width,SMA_20,SMA_50",Rolling_Std_10
POWERGRID,2022-06-28,2022,0,Sideways,1,0.9686,BUY,0,0,0.5534,SELL,1,10,"Rolling_Std_10,ADX,EMA_12,SMA_10,BB_Upper,RSI_14,Volume_Ratio,BB_Width,SMA_20,SMA_50",Rolling_Std_10
POWERGRID,2022-06-29,2022,0,Sideways,1,0.7709,BUY,0,1,1.0,BUY,0,10,"SMA_50,RSI_14,BB_Upper,ADX,MACD_Signal,OBV,EMA_26,ATR_14,MACD_Hist,Rolling_Median_Return",SMA_50
POWERGRID,2022-06-30,2022,1,Sideways,1,0.7773,BUY,1,0,1.0,SELL,0,10,"SMA_50,RSI_14,BB_Upper,ADX,MACD_Signal,OBV,EMA_26,ATR_14,MACD_Hist,Rolling_Median_Return",SMA_50
POWERGRID,2022-07-01,2022,1,Sideways,1,0.8938,BUY,1,0,0.849,SELL,0,10,"SMA_50,RSI_14,BB_Upper,ADX,MACD_Signal,OBV,EMA_26,ATR_14,MACD_Hist,Rolling_Median_Return",SMA_50
POWERGRID,2022-07-04,2022,1,Sideways,1,0.6198,BUY,1,1,0.8842,BUY,1,10,"SMA_50,RSI_14,BB_Upper,ADX,MACD_Signal,OBV,EMA_26,ATR_14,MACD_Hist,Rolling_Median_Return",SMA_50
POWERGRID,2022-07-05,2022,1,Sideways,1,0.7602,BUY,1,1,0.9818,BUY,1,10,"SMA_50,RSI_14,BB_Upper,ADX,MACD_Signal,OBV,EMA_26,ATR_14,MACD_Hist,Rolling_Median_Return",SMA_50
POWERGRID,2022-07-06,2022,1,Sideways,1,0.9639,BUY,1,1,0.9909,BUY,1,10,"SMA_50,RSI_14,BB_Upper,ADX,MACD_Signal,OBV,EMA_26,ATR_14,MACD_Hist,Rolling_Median_Return",SMA_50
POWERGRID,2022-07-07,2022,1,Sideways,1,0.9491,BUY,1,1,0.9966,BUY,1,10,"SMA_50,RSI_14,BB_Upper,ADX,MACD_Signal,OBV,EMA_26,ATR_14,MACD_Hist,Rolling_Median_Return",SMA_50
POWERGRID,2022-07-08,2022,1,Sideways,1,0.7697,BUY,1,1,0.9999,BUY,1,10,"SMA_50,RSI_14,BB_Upper,ADX,MACD_Signal,OBV,EMA_26,ATR_14,MACD_Hist,Rolling_Median_Return",SMA_50
POWERGRID,2022-07-11,2022,1,Sideways,1,0.9342,BUY,1,1,1.0,BUY,1,10,"SMA_50,RSI_14,BB_Upper,ADX,MACD_Signal,OBV,EMA_26,ATR_14,MACD_Hist,Rolling_Median_Return",SMA_50
POWERGRID,2022-07-12,2022,1,Sideways,1,0.9423,BUY,1,1,0.9999,BUY,1,10,"SMA_50,RSI_14,BB_Upper,ADX,MACD_Signal,OBV,EMA_26,ATR_14,MACD_Hist,Rolling_Median_Return",SMA_50
POWERGRID,2022-07-13,2022,1,Sideways,1,0.914,BUY,1,1,0.9997,BUY,1,10,"SMA_50,RSI_14,BB_Upper,ADX,MACD_Signal,OBV,EMA_26,ATR_14,MACD_Hist,Rolling_Median_Return",SMA_50
POWERGRID,2022-07-14,2022,1,Sideways,1,0.914,BUY,1,1,0.9995,BUY,1,10,"SMA_50,RSI_14,BB_Upper,ADX,MACD_Signal,OBV,EMA_26,ATR_14,MACD_Hist,Rolling_Median_Return",SMA_50
POWERGRID,2022-07-15,2022,1,Sideways,1,0.9264,BUY,1,1,0.993,BUY,1,10,"SMA_50,RSI_14,BB_Upper,ADX,MACD_Signal,OBV,EMA_26,ATR_14,MACD_Hist,Rolling_Median_Return",SMA_50
POWERGRID,2022-07-18,2022,1,Sideways,1,0.9329,BUY,1,1,0.984,BUY,1,10,"SMA_50,RSI_14,BB_Upper,ADX,MACD_Signal,OBV,EMA_26,ATR_14,MACD_Hist,Rolling_Median_Return",SMA_50
POWERGRID,2022-07-19,2022,1,Sideways,1,0.9365,BUY,1,1,0.9822,BUY,1,10,"SMA_50,RSI_14,BB_Upper,ADX,MACD_Signal,OBV,EMA_26,ATR_14,MACD_Hist,Rolling_Median_Return",SMA_50
POWERGRID,2022-07-20,2022,1,Sideways,1,0.9345,BUY,1,1,0.9791,BUY,1,10,"SMA_50,RSI_14,BB_Upper,ADX,MACD_Signal,OBV,EMA_26,ATR_14,MACD_Hist,Rolling_Median_Return",SMA_50
POWERGRID,2022-07-21,2022,1,Sideways,1,0.8571,BUY,1,1,0.9844,BUY,1,10,"SMA_50,RSI_14,BB_Upper,ADX,MACD_Signal,OBV,EMA_26,ATR_14,MACD_Hist,Rolling_Median_Return",SMA_50
POWERGRID,2022-07-22,2022,1,Sideways,1,0.9571,BUY,1,1,0.9888,BUY,1,10,"SMA_50,RSI_14,BB_Upper,ADX,MACD_Signal,OBV,EMA_26,ATR_14,MACD_Hist,Rolling_Median_Return",SMA_50
POWERGRID,2022-07-25,2022,1,Sideways,1,0.9605,BUY,1,1,0.9872,BUY,1,10,"SMA_50,RSI_14,BB_Upper,ADX,MACD_Signal,OBV,EMA_26,ATR_14,MACD_Hist,Rolling_Median_Return",SMA_50
POWERGRID,2022-07-26,2022,1,Sideways,1,0.9325,BUY,1,1,0.9816,BUY,1,10,"SMA_50,RSI_14,BB_Upper,ADX,MACD_Signal,OBV,EMA_26,ATR_14,MACD_Hist,Rolling_Median_Return",SMA_50
POWERGRID,2022-07-27,2022,1,Sideways,1,0.919,BUY,1,1,0.9833,BUY,1,10,"SMA_50,RSI_14,BB_Upper,ADX,MACD_Signal,OBV,EMA_26,ATR_14,MACD_Hist,Rolling_Median_Return",SMA_50
POWERGRID,2022-07-28,2022,1,Sideways,1,0.8059,BUY,1,1,0.9894,BUY,1,10,"SMA_50,RSI_14,BB_Upper,ADX,MACD_Signal,OBV,EMA_26,ATR_14,MACD_Hist,Rolling_Median_Return",SMA_50
POWERGRID,2022-07-29,2022,1,Sideways,1,0.9003,BUY,1,1,0.9937,BUY,1,10,"SMA_50,RSI_14,BB_Upper,ADX,MACD_Signal,OBV,EMA_26,ATR_14,MACD_Hist,Rolling_Median_Return",SMA_50
POWERGRID,2022-08-01,2022,1,Sideways,1,0.6495,BUY,1,1,0.9992,BUY,1,10,"SMA_50,RSI_14,BB_Upper,ADX,MACD_Signal,OBV,EMA_26,ATR_14,MACD_Hist,Rolling_Median_Return",SMA_50
POWERGRID,2022-08-02,2022,1,Sideways,1,0.8515,BUY,1,1,1.0,BUY,1,10,"SMA_50,RSI_14,BB_Upper,ADX,MACD_Signal,OBV,EMA_26,ATR_14,MACD_Hist,Rolling_Median_Return",SMA_50
POWERGRID,2022-08-03,2022,1,Sideways,1,0.9416,BUY,1,1,1.0,BUY,1,10,"SMA_50,RSI_14,BB_Upper,ADX,MACD_Signal,OBV,EMA_26,ATR_14,MACD_Hist,Rolling_Median_Return",SMA_50
POWERGRID,2022-08-04,2022,1,Sideways,1,0.9573,BUY,1,1,1.0,BUY,1,10,"SMA_50,RSI_14,BB_Upper,ADX,MACD_Signal,OBV,EMA_26,ATR_14,MACD_Hist,Rolling_Median_Return",SMA_50
POWERGRID,2022-08-05,2022,1,Sideways,1,0.9332,BUY,1,1,1.0,BUY,1,10,"SMA_50,RSI_14,BB_Upper,ADX,MACD_Signal,OBV,EMA_26,ATR_14,MACD_Hist,Rolling_Median_Return",SMA_50
POWERGRID,2022-08-08,2022,1,Sideways,1,0.9765,BUY,1,1,0.9999,BUY,1,10,"SMA_50,RSI_14,BB_Upper,ADX,MACD_Signal,OBV,EMA_26,ATR_14,MACD_Hist,Rolling_Median_Return",SMA_50
POWERGRID,2022-08-10,2022,1,Sideways,1,0.9681,BUY,1,1,0.9996,BUY,1,10,"SMA_50,RSI_14,BB_Upper,ADX,MACD_Signal,OBV,EMA_26,ATR_14,MACD_Hist,Rolling_Median_Return",SMA_50
POWERGRID,2022-08-11,2022,1,Sideways,1,0.9713,BUY,1,1,0.8844,BUY,1,10,"SMA_20,EMA_26,BB_Upper,RSI_14,Daily_Return,OBV,ADX,BB_Width,CCI,MACD_Hist",SMA_20
POWERGRID,2022-08-12,2022,1,Sideways,1,0.8665,BUY,1,1,0.7883,BUY,1,10,"SMA_20,EMA_26,BB_Upper,RSI_14,Daily_Return,OBV,ADX,BB_Width,CCI,MACD_Hist",SMA_20
POWERGRID,2022-08-16,2022,1,Sideways,1,0.9649,BUY,1,1,0.7529,BUY,1,10,"SMA_20,EMA_26,BB_Upper,RSI_14,Daily_Return,OBV,ADX,BB_Width,CCI,MACD_Hist",SMA_20
POWERGRID,2022-08-17,2022,1,Sideways,1,0.9478,BUY,1,1,0.7077,BUY,1,10,"SMA_20,EMA_26,BB_Upper,RSI_14,Daily_Return,OBV,ADX,BB_Width,CCI,MACD_Hist",SMA_20
POWERGRID,2022-08-18,2022,1,Sideways,1,0.898,BUY,1,1,0.5915,BUY,1,10,"SMA_20,EMA_26,BB_Upper,RSI_14,Daily_Return,OBV,ADX,BB_Width,CCI,MACD_Hist",SMA_20
POWERGRID,2022-08-19,2022,1,Sideways,1,0.9277,BUY,1,1,0.617,BUY,1,10,"SMA_20,EMA_26,BB_Upper,RSI_14,Daily_Return,OBV,ADX,BB_Width,CCI,MACD_Hist",SMA_20
POWERGRID,2022-08-22,2022,1,Sideways,1,0.9329,BUY,1,1,0.6367,BUY,1,10,"SMA_20,EMA_26,BB_Upper,RSI_14,Daily_Return,OBV,ADX,BB_Width,CCI,MACD_Hist",SMA_20
POWERGRID,2022-08-23,2022,0,Sideways,1,0.8752,BUY,0,1,0.6014,BUY,0,10,"SMA_20,EMA_26,BB_Upper,RSI_14,Daily_Return,OBV,ADX,BB_Width,CCI,MACD_Hist",SMA_20
POWERGRID,2022-08-24,2022,0,Sideways,1,0.8978,BUY,0,1,0.5358,NO TRADE,0,10,"SMA_20,EMA_26,BB_Upper,RSI_14,Daily_Return,OBV,ADX,BB_Width,CCI,MACD_Hist",SMA_20
POWERGRID,2022-08-25,2022,0,Sideways,1,0.8845,BUY,0,1,0.5829,BUY,0,10,"SMA_20,EMA_26,BB_Upper,RSI_14,Daily_Return,OBV,ADX,BB_Width,CCI,MACD_Hist",SMA_20
POWERGRID,2022-08-26,2022,0,Sideways,1,0.799,BUY,0,0,0.548,NO TRADE,1,10,"SMA_20,EMA_26,BB_Upper,RSI_14,Daily_Return,OBV,ADX,BB_Width,CCI,MACD_Hist",SMA_20
POWERGRID,2022-08-29,2022,0,Sideways,1,0.8618,BUY,0,1,0.5553,BUY,0,10,"SMA_20,EMA_26,BB_Upper,RSI_14,Daily_Return,OBV,ADX,BB_Width,CCI,MACD_Hist",SMA_20
POWERGRID,2022-08-30,2022,0,Sideways,1,0.7966,BUY,0,1,0.5613,BUY,0,10,"SMA_20,EMA_26,BB_Upper,RSI_14,Daily_Return,OBV,ADX,BB_Width,CCI,MACD_Hist",SMA_20
POWERGRID,2022-09-01,2022,0,Sideways,1,0.9344,BUY,0,1,0.9409,BUY,0,10,"SMA_20,EMA_26,BB_Upper,RSI_14,Daily_Return,OBV,ADX,BB_Width,CCI,MACD_Hist",SMA_20
POWERGRID,2022-09-02,2022,0,Sideways,1,0.9918,BUY,0,1,0.9918,BUY,0,10,"SMA_20,EMA_26,BB_Upper,RSI_14,Daily_Return,OBV,ADX,BB_Width,CCI,MACD_Hist",SMA_20
POWERGRID,2022-09-05,2022,0,Sideways,1,0.9703,BUY,0,1,0.8272,BUY,0,10,"SMA_20,EMA_26,BB_Upper,RSI_14,Daily_Return,OBV,ADX,BB_Width,CCI,MACD_Hist",SMA_20
POWERGRID,2022-09-06,2022,0,Sideways,1,0.8831,BUY,0,0,0.517,NO TRADE,1,10,"SMA_20,EMA_26,BB_Upper,RSI_14,Daily_Return,OBV,ADX,BB_Width,CCI,MACD_Hist",SMA_20
POWERGRID,2022-09-07,2022,0,Sideways,1,0.8295,BUY,0,0,0.6671,SELL,1,10,"SMA_20,EMA_26,BB_Upper,RSI_14,Daily_Return,OBV,ADX,BB_Width,CCI,MACD_Hist",SMA_20
POWERGRID,2022-09-08,2022,0,Sideways,1,0.7692,BUY,0,0,0.7267,SELL,1,10,"SMA_20,EMA_26,BB_Upper,RSI_14,Daily_Return,OBV,ADX,BB_Width,CCI,MACD_Hist",SMA_20
POWERGRID,2022-09-09,2022,0,Sideways,1,0.7575,BUY,0,0,0.72,SELL,1,10,"SMA_20,EMA_26,BB_Upper,RSI_14,Daily_Return,OBV,ADX,BB_Width,CCI,MACD_Hist",SMA_20
POWERGRID,2022-09-12,2022,0,Sideways,1,0.6523,BUY,0,0,0.7448,SELL,1,10,"SMA_20,EMA_26,BB_Upper,RSI_14,Daily_Return,OBV,ADX,BB_Width,CCI,MACD_Hist",SMA_20
POWERGRID,2022-09-13,2022,0,Sideways,0,0.5919,SELL,1,0,0.7524,SELL,1,10,"SMA_20,EMA_26,BB_Upper,RSI_14,Daily_Return,OBV,ADX,BB_Width,CCI,MACD_Hist",SMA_20
POWERGRID,2022-09-14,2022,0,Sideways,0,0.873,SELL,1,0,0.7491,SELL,1,10,"SMA_20,EMA_26,BB_Upper,RSI_14,Daily_Return,OBV,ADX,BB_Width,CCI,MACD_Hist",SMA_20
POWERGRID,2022-09-15,2022,0,Sideways,0,0.6173,SELL,1,0,1.0,SELL,1,10,"SMA_20,EMA_26,BB_Upper,RSI_14,Daily_Return,OBV,ADX,BB_Width,CCI,MACD_Hist",SMA_20
POWERGRID,2022-09-16,2022,0,Sideways,1,0.6582,BUY,0,0,0.6276,SELL,1,10,"SMA_20,EMA_26,BB_Upper,RSI_14,Daily_Return,OBV,ADX,BB_Width,CCI,MACD_Hist",SMA_20
POWERGRID,2022-09-19,2022,0,Sideways,1,0.7761,BUY,0,0,0.6301,SELL,1,10,"SMA_20,EMA_26,BB_Upper,RSI_14,Daily_Return,OBV,ADX,BB_Width,CCI,MACD_Hist",SMA_20
POWERGRID,2022-09-20,2022,0,Sideways,1,0.6491,BUY,0,0,0.6787,SELL,1,10,"SMA_20,EMA_26,BB_Upper,RSI_14,Daily_Return,OBV,ADX,BB_Width,CCI,MACD_Hist",SMA_20
POWERGRID,2022-09-21,2022,0,Sideways,1,0.7365,BUY,0,0,0.6169,SELL,1,10,"SMA_20,EMA_26,BB_Upper,RSI_14,Daily_Return,OBV,ADX,BB_Width,CCI,MACD_Hist",SMA_20
POWERGRID,2022-09-22,2022,0,Sideways,1,0.7983,BUY,0,0,0.6015,SELL,1,10,"SMA_20,EMA_26,BB_Upper,RSI_14,Daily_Return,OBV,ADX,BB_Width,CCI,MACD_Hist",SMA_20
POWERGRID,2022-09-23,2022,1,Sideways,0,0.998,SELL,0,1,0.5702,BUY,1,10,"SMA_20,EMA_26,BB_Upper,RSI_14,Daily_Return,OBV,ADX,BB_Width,CCI,MACD_Hist",SMA_20
POWERGRID,2022-09-26,2022,1,Sideways,1,0.9409,BUY,1,0,1.0,SELL,0,10,"EMA_26,BB_Upper,ADX,BB_Width,SMA_50,Return_5d,CCI,Volume_Ratio,MACD_Hist,Volume_MA",EMA_26
POWERGRID,2022-09-27,2022,1,Sideways,1,0.9734,BUY,1,1,0.9902,BUY,1,10,"EMA_26,BB_Upper,ADX,BB_Width,SMA_50,Return_5d,CCI,Volume_Ratio,MACD_Hist,Volume_MA",EMA_26
POWERGRID,2022-09-28,2022,1,Sideways,0,1.0,SELL,0,1,0.8396,BUY,1,10,"EMA_26,BB_Upper,ADX,BB_Width,SMA_50,Return_5d,CCI,Volume_Ratio,MACD_Hist,Volume_MA",EMA_26
POWERGRID,2022-09-29,2022,1,Sideways,0,0.9983,SELL,0,1,0.5426,NO TRADE,1,10,"EMA_26,BB_Upper,ADX,BB_Width,SMA_50,Return_5d,CCI,Volume_Ratio,MACD_Hist,Volume_MA",EMA_26
POWERGRID,2022-09-30,2022,1,Sideways,0,0.724,SELL,0,0,0.6287,SELL,0,10,"EMA_26,BB_Upper,ADX,BB_Width,SMA_50,Return_5d,CCI,Volume_Ratio,MACD_Hist,Volume_MA",EMA_26
POWERGRID,2022-10-03,2022,1,Sideways,1,0.8379,BUY,1,1,0.6416,BUY,1,10,"EMA_26,BB_Upper,ADX,BB_Width,SMA_50,Return_5d,CCI,Volume_Ratio,MACD_Hist,Volume_MA",EMA_26
POWERGRID,2022-10-04,2022,1,Sideways,1,0.9982,BUY,1,1,0.8054,BUY,1,10,"EMA_26,BB_Upper,ADX,BB_Width,SMA_50,Return_5d,CCI,Volume_Ratio,MACD_Hist,Volume_MA",EMA_26
POWERGRID,2022-10-06,2022,1,Sideways,1,0.9992,BUY,1,1,0.9292,BUY,1,10,"EMA_26,BB_Upper,ADX,BB_Width,SMA_50,Return_5d,CCI,Volume_Ratio,MACD_Hist,Volume_MA",EMA_26
POWERGRID,2022-10-07,2022,1,Sideways,1,0.9704,BUY,1,1,0.972,BUY,1,10,"EMA_26,BB_Upper,ADX,BB_Width,SMA_50,Return_5d,CCI,Volume_Ratio,MACD_Hist,Volume_MA",EMA_26
POWERGRID,2022-10-10,2022,1,Sideways,1,0.6231,BUY,1,1,0.9906,BUY,1,10,"EMA_26,BB_Upper,ADX,BB_Width,SMA_50,Return_5d,CCI,Volume_Ratio,MACD_Hist,Volume_MA",EMA_26
POWERGRID,2022-10-11,2022,1,Sideways,0,0.6157,SELL,0,1,0.9951,BUY,1,10,"EMA_26,BB_Upper,ADX,BB_Width,SMA_50,Return_5d,CCI,Volume_Ratio,MACD_Hist,Volume_MA",EMA_26
POWERGRID,2022-10-12,2022,0,Sideways,0,0.9952,SELL,1,1,0.9962,BUY,0,10,"EMA_26,BB_Upper,ADX,BB_Width,SMA_50,Return_5d,CCI,Volume_Ratio,MACD_Hist,Volume_MA",EMA_26
POWERGRID,2022-10-13,2022,1,Sideways,0,1.0,SELL,0,1,0.9485,BUY,1,10,"EMA_26,BB_Upper,ADX,BB_Width,SMA_50,Return_5d,CCI,Volume_Ratio,MACD_Hist,Volume_MA",EMA_26
POWERGRID,2022-10-14,2022,1,Sideways,0,0.9997,SELL,0,1,0.9721,BUY,1,10,"EMA_26,BB_Upper,ADX,BB_Width,SMA_50,Return_5d,CCI,Volume_Ratio,MACD_Hist,Volume_MA",EMA_26
POWERGRID,2022-10-17,2022,1,Sideways,0,0.9999,SELL,0,1,0.9845,BUY,1,10,"EMA_26,BB_Upper,ADX,BB_Width,SMA_50,Return_5d,CCI,Volume_Ratio,MACD_Hist,Volume_MA",EMA_26
POWERGRID,2022-10-18,2022,1,Sideways,0,0.9996,SELL,0,1,0.9867,BUY,1,10,"EMA_26,BB_Upper,ADX,BB_Width,SMA_50,Return_5d,CCI,Volume_Ratio,MACD_Hist,Volume_MA",EMA_26
POWERGRID,2022-10-19,2022,1,Sideways,0,0.9991,SELL,0,1,0.989,BUY,1,10,"EMA_26,BB_Upper,ADX,BB_Width,SMA_50,Return_5d,CCI,Volume_Ratio,MACD_Hist,Volume_MA",EMA_26
POWERGRID,2022-10-20,2022,1,Sideways,0,0.9992,SELL,0,1,0.9829,BUY,1,10,"EMA_26,BB_Upper,ADX,BB_Width,SMA_50,Return_5d,CCI,Volume_Ratio,MACD_Hist,Volume_MA",EMA_26
POWERGRID,2022-10-21,2022,1,Sideways,0,0.996,SELL,0,1,0.981,BUY,1,10,"EMA_26,BB_Upper,ADX,BB_Width,SMA_50,Return_5d,CCI,Volume_Ratio,MACD_Hist,Volume_MA",EMA_26
POWERGRID,2022-10-24,2022,1,Sideways,0,0.9845,SELL,0,1,0.9798,BUY,1,10,"EMA_26,BB_Upper,ADX,BB_Width,SMA_50,Return_5d,CCI,Volume_Ratio,MACD_Hist,Volume_MA",EMA_26
POWERGRID,2022-10-25,2022,1,Sideways,1,0.8262,BUY,1,1,0.9559,BUY,1,10,"EMA_26,BB_Upper,ADX,BB_Width,SMA_50,Return_5d,CCI,Volume_Ratio,MACD_Hist,Volume_MA",EMA_26
POWERGRID,2022-10-27,2022,1,Sideways,1,0.6441,BUY,1,1,0.9573,BUY,1,10,"EMA_26,BB_Upper,ADX,BB_Width,SMA_50,Return_5d,CCI,Volume_Ratio,MACD_Hist,Volume_MA",EMA_26
POWERGRID,2022-10-28,2022,0,Sideways,1,0.8991,BUY,0,1,0.9444,BUY,0,10,"EMA_26,BB_Upper,ADX,BB_Width,SMA_50,Return_5d,CCI,Volume_Ratio,MACD_Hist,Volume_MA",EMA_26
POWERGRID,2022-10-31,2022,0,Sideways,1,0.9542,BUY,0,1,0.8975,BUY,0,10,"EMA_26,BB_Upper,ADX,BB_Width,SMA_50,Return_5d,CCI,Volume_Ratio,MACD_Hist,Volume_MA",EMA_26
POWERGRID,2022-11-01,2022,0,Sideways,1,0.9398,BUY,0,1,0.8806,BUY,0,10,"EMA_26,BB_Upper,ADX,BB_Width,SMA_50,Return_5d,CCI,Volume_Ratio,MACD_Hist,Volume_MA",EMA_26
POWERGRID,2022-11-02,2022,0,Sideways,1,0.9781,BUY,0,1,0.7105,BUY,0,10,"EMA_26,BB_Upper,ADX,BB_Width,SMA_50,Return_5d,CCI,Volume_Ratio,MACD_Hist,Volume_MA",EMA_26
POWERGRID,2022-11-03,2022,0,Sideways,1,0.9446,BUY,0,1,0.5465,NO TRADE,0,10,"EMA_26,BB_Upper,ADX,BB_Width,SMA_50,Return_5d,CCI,Volume_Ratio,MACD_Hist,Volume_MA",EMA_26
POWERGRID,2022-11-04,2022,1,Sideways,1,0.857,BUY,1,1,0.5421,NO TRADE,1,10,"EMA_26,BB_Upper,ADX,BB_Width,SMA_50,Return_5d,CCI,Volume_Ratio,MACD_Hist,Volume_MA",EMA_26
POWERGRID,2022-11-07,2022,1,Sideways,1,0.8562,BUY,1,1,0.5227,NO TRADE,1,10,"EMA_26,BB_Upper,ADX,BB_Width,SMA_50,Return_5d,CCI,Volume_Ratio,MACD_Hist,Volume_MA",EMA_26
POWERGRID,2022-11-09,2022,1,Sideways,1,0.9174,BUY,1,1,0.9031,BUY,1,10,"EMA_26,BB_Upper,ADX,BB_Width,SMA_50,Return_5d,CCI,Volume_Ratio,MACD_Hist,Volume_MA",EMA_26
POWERGRID,2022-11-10,2022,1,Sideways,1,0.911,BUY,1,1,1.0,BUY,1,10,"BB_Upper,MACD_Hist,MACD_Signal,Rolling_Volatility,ADX,Price_Change,EMA_26,SMA_20,BB_Width,OBV",BB_Upper
POWERGRID,2022-11-11,2022,1,Sideways,1,0.9566,BUY,1,1,0.9465,BUY,1,10,"BB_Upper,MACD_Hist,MACD_Signal,Rolling_Volatility,ADX,Price_Change,EMA_26,SMA_20,BB_Width,OBV",BB_Upper
POWERGRID,2022-11-14,2022,1,Sideways,1,0.9279,BUY,1,1,0.9933,BUY,1,10,"BB_Upper,MACD_Hist,MACD_Signal,Rolling_Volatility,ADX,Price_Change,EMA_26,SMA_20,BB_Width,OBV",BB_Upper
POWERGRID,2022-11-15,2022,1,Sideways,1,0.7541,BUY,1,1,0.9888,BUY,1,10,"BB_Upper,MACD_Hist,MACD_Signal,Rolling_Volatility,ADX,Price_Change,EMA_26,SMA_20,BB_Width,OBV",BB_Upper
POWERGRID,2022-11-16,2022,1,Sideways,1,0.9107,BUY,1,1,0.8311,BUY,1,10,"BB_Upper,MACD_Hist,MACD_Signal,Rolling_Volatility,ADX,Price_Change,EMA_26,SMA_20,BB_Width,OBV",BB_Upper
POWERGRID,2022-11-17,2022,0,Sideways,1,0.8192,BUY,0,1,0.6562,BUY,0,10,"BB_Upper,MACD_Hist,MACD_Signal,Rolling_Volatility,ADX,Price_Change,EMA_26,SMA_20,BB_Width,OBV",BB_Upper
POWERGRID,2022-11-18,2022,0,Sideways,1,0.8202,BUY,0,0,0.5847,SELL,1,10,"BB_Upper,MACD_Hist,MACD_Signal,Rolling_Volatility,ADX,Price_Change,EMA_26,SMA_20,BB_Width,OBV",BB_Upper
POWERGRID,2022-11-21,2022,0,Sideways,1,0.7576,BUY,0,0,0.6563,SELL,1,10,"BB_Upper,MACD_Hist,MACD_Signal,Rolling_Volatility,ADX,Price_Change,EMA_26,SMA_20,BB_Width,OBV",BB_Upper
POWERGRID,2022-11-22,2022,0,Sideways,1,0.7846,BUY,0,0,0.6967,SELL,1,10,"BB_Upper,MACD_Hist,MACD_Signal,Rolling_Volatility,ADX,Price_Change,EMA_26,SMA_20,BB_Width,OBV",BB_Upper
POWERGRID,2022-11-23,2022,1,Sideways,1,0.7187,BUY,1,1,1.0,BUY,1,10,"BB_Upper,MACD_Hist,MACD_Signal,Rolling_Volatility,ADX,Price_Change,EMA_26,SMA_20,BB_Width,OBV",BB_Upper
POWERGRID,2022-11-24,2022,0,Sideways,0,0.6424,SELL,1,1,0.9635,BUY,0,10,"BB_Upper,MACD_Hist,MACD_Signal,Rolling_Volatility,ADX,Price_Change,EMA_26,SMA_20,BB_Width,OBV",BB_Upper
POWERGRID,2022-11-25,2022,0,Sideways,1,0.6131,BUY,0,0,0.7018,SELL,1,10,"BB_Upper,MACD_Hist,MACD_Signal,Rolling_Volatility,ADX,Price_Change,EMA_26,SMA_20,BB_Width,OBV",BB_Upper
POWERGRID,2022-11-28,2022,0,Sideways,1,0.5162,NO TRADE,0,0,0.7072,SELL,1,10,"BB_Upper,MACD_Hist,MACD_Signal,Rolling_Volatility,ADX,Price_Change,EMA_26,SMA_20,BB_Width,OBV",BB_Upper
POWERGRID,2022-11-29,2022,0,Sideways,1,0.5658,BUY,0,0,0.7466,SELL,1,10,"BB_Upper,MACD_Hist,MACD_Signal,Rolling_Volatility,ADX,Price_Change,EMA_26,SMA_20,BB_Width,OBV",BB_Upper
POWERGRID,2022-11-30,2022,0,Sideways,0,0.7594,SELL,1,0,0.5242,NO TRADE,1,10,"BB_Upper,MACD_Hist,MACD_Signal,Rolling_Volatility,ADX,Price_Change,EMA_26,SMA_20,BB_Width,OBV",BB_Upper
POWERGRID,2022-12-01,2022,0,Sideways,1,0.535,NO TRADE,0,0,0.7463,SELL,1,10,"BB_Upper,MACD_Hist,MACD_Signal,Rolling_Volatility,ADX,Price_Change,EMA_26,SMA_20,BB_Width,OBV",BB_Upper
POWERGRID,2022-12-02,2022,0,Sideways,1,0.5275,NO TRADE,0,0,0.8488,SELL,1,10,"BB_Upper,MACD_Hist,MACD_Signal,Rolling_Volatility,ADX,Price_Change,EMA_26,SMA_20,BB_Width,OBV",BB_Upper
POWERGRID,2022-12-05,2022,0,Sideways,0,0.6426,SELL,1,0,0.8604,SELL,1,10,"BB_Upper,MACD_Hist,MACD_Signal,Rolling_Volatility,ADX,Price_Change,EMA_26,SMA_20,BB_Width,OBV",BB_Upper
POWERGRID,2022-12-06,2022,0,Sideways,0,0.6803,SELL,1,0,0.8695,SELL,1,10,"BB_Upper,MACD_Hist,MACD_Signal,Rolling_Volatility,ADX,Price_Change,EMA_26,SMA_20,BB_Width,OBV",BB_Upper
POWERGRID,2022-12-07,2022,0,Sideways,0,0.5606,SELL,1,0,0.8193,SELL,1,10,"BB_Upper,MACD_Hist,MACD_Signal,Rolling_Volatility,ADX,Price_Change,EMA_26,SMA_20,BB_Width,OBV",BB_Upper
POWERGRID,2022-12-08,2022,0,Sideways,1,0.5514,BUY,0,1,1.0,BUY,0,10,"BB_Upper,MACD_Hist,MACD_Signal,Rolling_Volatility,ADX,Price_Change,EMA_26,SMA_20,BB_Width,OBV",BB_Upper
POWERGRID,2022-12-09,2022,0,Sideways,0,0.5033,NO TRADE,1,0,0.7084,SELL,1,10,"BB_Upper,MACD_Hist,MACD_Signal,Rolling_Volatility,ADX,Price_Change,EMA_26,SMA_20,BB_Width,OBV",BB_Upper
POWERGRID,2022-12-12,2022,0,Sideways,1,0.6766,BUY,0,1,0.5066,NO TRADE,0,10,"BB_Upper,MACD_Hist,MACD_Signal,Rolling_Volatility,ADX,Price_Change,EMA_26,SMA_20,BB_Width,OBV",BB_Upper
POWERGRID,2022-12-13,2022,0,Sideways,0,0.6199,SELL,1,1,0.5767,BUY,0,10,"BB_Upper,MACD_Hist,MACD_Signal,Rolling_Volatility,ADX,Price_Change,EMA_26,SMA_20,BB_Width,OBV",BB_Upper
POWERGRID,2022-12-14,2022,0,Sideways,0,0.8071,SELL,1,0,0.7273,SELL,1,10,"BB_Upper,MACD_Hist,MACD_Signal,Rolling_Volatility,ADX,Price_Change,EMA_26,SMA_20,BB_Width,OBV",BB_Upper
POWERGRID,2022-12-15,2022,0,Sideways,0,0.6042,SELL,1,0,0.79,SELL,1,10,"BB_Upper,MACD_Hist,MACD_Signal,Rolling_Volatility,ADX,Price_Change,EMA_26,SMA_20,BB_Width,OBV",BB_Upper
POWERGRID,2022-12-16,2022,1,Sideways,1,0.5128,NO TRADE,1,0,0.9899,SELL,0,10,"BB_Upper,MACD_Hist,MACD_Signal,Rolling_Volatility,ADX,Price_Change,EMA_26,SMA_20,BB_Width,OBV",BB_Upper
POWERGRID,2022-12-19,2022,0,Sideways,0,0.8647,SELL,1,0,0.7584,SELL,1,10,"BB_Upper,MACD_Hist,MACD_Signal,Rolling_Volatility,ADX,Price_Change,EMA_26,SMA_20,BB_Width,OBV",BB_Upper
POWERGRID,2022-12-20,2022,1,Sideways,0,0.5343,NO TRADE,0,0,0.8957,SELL,0,10,"BB_Upper,MACD_Hist,MACD_Signal,Rolling_Volatility,ADX,Price_Change,EMA_26,SMA_20,BB_Width,OBV",BB_Upper
POWERGRID,2022-12-21,2022,1,Sideways,0,0.5892,SELL,0,0,0.8698,SELL,0,10,"BB_Upper,MACD_Hist,MACD_Signal,Rolling_Volatility,ADX,Price_Change,EMA_26,SMA_20,BB_Width,OBV",BB_Upper
POWERGRID,2022-12-22,2022,1,Sideways,0,0.6165,SELL,0,0,0.9915,SELL,0,10,"BB_Upper,SMA_20,MACD_Hist,Rolling_Volatility,OBV,EMA_26,Williams_R,EMA_12,ADX,BB_Width",BB_Upper
POWERGRID,2022-12-23,2022,1,Sideways,1,0.6675,BUY,1,0,0.9975,SELL,0,10,"BB_Upper,SMA_20,MACD_Hist,Rolling_Volatility,OBV,EMA_26,Williams_R,EMA_12,ADX,BB_Width",BB_Upper
POWERGRID,2022-12-26,2022,1,Sideways,1,0.5844,BUY,1,0,0.9893,SELL,0,10,"BB_Upper,SMA_20,MACD_Hist,Rolling_Volatility,OBV,EMA_26,Williams_R,EMA_12,ADX,BB_Width",BB_Upper
POWERGRID,2022-12-27,2022,1,Sideways,1,0.5982,BUY,1,0,0.9535,SELL,0,10,"BB_Upper,SMA_20,MACD_Hist,Rolling_Volatility,OBV,EMA_26,Williams_R,EMA_12,ADX,BB_Width",BB_Upper
POWERGRID,2022-12-28,2022,1,Sideways,0,0.6732,SELL,0,0,0.7462,SELL,0,10,"BB_Upper,SMA_20,MACD_Hist,Rolling_Volatility,OBV,EMA_26,Williams_R,EMA_12,ADX,BB_Width",BB_Upper
POWERGRID,2022-12-29,2022,1,Sideways,0,0.6272,SELL,0,0,0.7167,SELL,0,10,"BB_Upper,SMA_20,MACD_Hist,Rolling_Volatility,OBV,EMA_26,Williams_R,EMA_12,ADX,BB_Width",BB_Upper
POWERGRID,2022-12-30,2022,0,Sideways,0,0.5056,NO TRADE,1,0,0.8163,SELL,1,10,"BB_Upper,SMA_20,MACD_Hist,Rolling_Volatility,OBV,EMA_26,Williams_R,EMA_12,ADX,BB_Width",BB_Upper
POWERGRID,2023-01-02,2023,1,Sideways,0,0.6889,SELL,0,0,0.5068,NO TRADE,0,10,"BB_Upper,SMA_20,MACD_Hist,Rolling_Volatility,OBV,EMA_26,Williams_R,EMA_12,ADX,BB_Width",BB_Upper
POWERGRID,2023-01-03,2023,1,Sideways,0,0.6699,SELL,0,1,0.5214,NO TRADE,1,10,"BB_Upper,SMA_20,MACD_Hist,Rolling_Volatility,OBV,EMA_26,Williams_R,EMA_12,ADX,BB_Width",BB_Upper
POWERGRID,2023-01-04,2023,1,Sideways,1,0.6843,BUY,1,0,0.8175,SELL,0,10,"BB_Upper,SMA_20,MACD_Hist,Rolling_Volatility,OBV,EMA_26,Williams_R,EMA_12,ADX,BB_Width",BB_Upper
POWERGRID,2023-01-05,2023,1,Sideways,1,0.754,BUY,1,0,0.5957,SELL,0,10,"BB_Upper,SMA_20,MACD_Hist,Rolling_Volatility,OBV,EMA_26,Williams_R,EMA_12,ADX,BB_Width",BB_Upper
POWERGRID,2023-01-06,2023,1,Sideways,1,0.7423,BUY,1,0,0.5349,NO TRADE,0,10,"BB_Upper,SMA_20,MACD_Hist,Rolling_Volatility,OBV,EMA_26,Williams_R,EMA_12,ADX,BB_Width",BB_Upper
POWERGRID,2023-01-09,2023,1,Sideways,1,0.899,BUY,1,1,0.7244,BUY,1,10,"BB_Upper,SMA_20,MACD_Hist,Rolling_Volatility,OBV,EMA_26,Williams_R,EMA_12,ADX,BB_Width",BB_Upper
POWERGRID,2023-01-10,2023,1,Sideways,1,0.5631,BUY,1,1,0.7989,BUY,1,10,"BB_Upper,SMA_20,MACD_Hist,Rolling_Volatility,OBV,EMA_26,Williams_R,EMA_12,ADX,BB_Width",BB_Upper
POWERGRID,2023-01-11,2023,1,Sideways,1,0.6534,BUY,1,1,0.8265,BUY,1,10,"BB_Upper,SMA_20,MACD_Hist,Rolling_Volatility,OBV,EMA_26,Williams_R,EMA_12,ADX,BB_Width",BB_Upper
POWERGRID,2023-01-12,2023,1,Sideways,1,0.5774,BUY,1,1,0.8444,BUY,1,10,"BB_Upper,SMA_20,MACD_Hist,Rolling_Volatility,OBV,EMA_26,Williams_R,EMA_12,ADX,BB_Width",BB_Upper
POWERGRID,2023-01-13,2023,1,Sideways,1,0.5983,BUY,1,1,0.8594,BUY,1,10,"BB_Upper,SMA_20,MACD_Hist,Rolling_Volatility,OBV,EMA_26,Williams_R,EMA_12,ADX,BB_Width",BB_Upper
POWERGRID,2023-01-16,2023,1,Sideways,0,0.5473,NO TRADE,0,1,0.8827,BUY,1,10,"BB_Upper,SMA_20,MACD_Hist,Rolling_Volatility,OBV,EMA_26,Williams_R,EMA_12,ADX,BB_Width",BB_Upper
POWERGRID,2023-01-17,2023,1,Sideways,0,0.6153,SELL,0,1,0.8233,BUY,1,10,"BB_Upper,SMA_20,MACD_Hist,Rolling_Volatility,OBV,EMA_26,Williams_R,EMA_12,ADX,BB_Width",BB_Upper
POWERGRID,2023-01-18,2023,1,Sideways,0,0.5035,NO TRADE,0,1,0.8366,BUY,1,10,"BB_Upper,SMA_20,MACD_Hist,Rolling_Volatility,OBV,EMA_26,Williams_R,EMA_12,ADX,BB_Width",BB_Upper
POWERGRID,2023-01-19,2023,0,Sideways,1,0.5697,BUY,0,1,0.8273,BUY,0,10,"BB_Upper,SMA_20,MACD_Hist,Rolling_Volatility,OBV,EMA_26,Williams_R,EMA_12,ADX,BB_Width",BB_Upper
POWERGRID,2023-01-20,2023,0,Sideways,1,0.5655,BUY,0,1,0.6942,BUY,0,10,"BB_Upper,SMA_20,MACD_Hist,Rolling_Volatility,OBV,EMA_26,Williams_R,EMA_12,ADX,BB_Width",BB_Upper
POWERGRID,2023-01-23,2023,0,Sideways,1,0.598,BUY,0,1,0.6249,BUY,0,10,"BB_Upper,SMA_20,MACD_Hist,Rolling_Volatility,OBV,EMA_26,Williams_R,EMA_12,ADX,BB_Width",BB_Upper
POWERGRID,2023-01-24,2023,0,Sideways,1,0.7724,BUY,0,1,0.583,BUY,0,10,"BB_Upper,SMA_20,MACD_Hist,Rolling_Volatility,OBV,EMA_26,Williams_R,EMA_12,ADX,BB_Width",BB_Upper
POWERGRID,2023-01-25,2023,0,Sideways,1,0.7177,BUY,0,1,0.5442,NO TRADE,0,10,"BB_Upper,SMA_20,MACD_Hist,Rolling_Volatility,OBV,EMA_26,Williams_R,EMA_12,ADX,BB_Width",BB_Upper
POWERGRID,2023-01-27,2023,1,Sideways,1,0.5563,BUY,1,0,0.531,NO TRADE,0,10,"BB_Upper,SMA_20,MACD_Hist,Rolling_Volatility,OBV,EMA_26,Williams_R,EMA_12,ADX,BB_Width",BB_Upper
POWERGRID,2023-01-30,2023,1,Sideways,1,0.9369,BUY,1,1,0.7925,BUY,1,10,"BB_Upper,SMA_20,MACD_Hist,Rolling_Volatility,OBV,EMA_26,Williams_R,EMA_12,ADX,BB_Width",BB_Upper
POWERGRID,2023-01-31,2023,1,Sideways,1,0.6834,BUY,1,1,0.664,BUY,1,10,"BB_Upper,SMA_20,MACD_Hist,Rolling_Volatility,OBV,EMA_26,Williams_R,EMA_12,ADX,BB_Width",BB_Upper
POWERGRID,2023-02-01,2023,1,Sideways,1,0.8973,BUY,1,1,0.6979,BUY,1,10,"BB_Upper,SMA_20,MACD_Hist,Rolling_Volatility,OBV,EMA_26,Williams_R,EMA_12,ADX,BB_Width",BB_Upper
POWERGRID,2023-02-02,2023,1,Sideways,1,0.9141,BUY,1,1,0.8593,BUY,1,10,"BB_Upper,SMA_20,MACD_Hist,Rolling_Volatility,OBV,EMA_26,Williams_R,EMA_12,ADX,BB_Width",BB_Upper
POWERGRID,2023-02-03,2023,1,Sideways,1,0.7742,BUY,1,0,0.7124,SELL,0,10,"SMA_20,EMA_12,EMA_26,Rolling_Volatility,BB_Width,MACD_Signal,SMA_50,OBV,RSI_14,Stochastic",SMA_20
POWERGRID,2023-02-06,2023,1,Sideways,1,0.6694,BUY,1,0,0.674,SELL,0,10,"SMA_20,EMA_12,EMA_26,Rolling_Volatility,BB_Width,MACD_Signal,SMA_50,OBV,RSI_14,Stochastic",SMA_20
POWERGRID,2023-02-07,2023,1,Sideways,1,0.778,BUY,1,0,0.717,SELL,0,10,"SMA_20,EMA_12,EMA_26,Rolling_Volatility,BB_Width,MACD_Signal,SMA_50,OBV,RSI_14,Stochastic",SMA_20
POWERGRID,2023-02-08,2023,1,Sideways,1,0.6962,BUY,1,0,0.7336,SELL,0,10,"SMA_20,EMA_12,EMA_26,Rolling_Volatility,BB_Width,MACD_Signal,SMA_50,OBV,RSI_14,Stochastic",SMA_20
POWERGRID,2023-02-09,2023,1,Sideways,1,0.6168,BUY,1,0,0.7366,SELL,0,10,"SMA_20,EMA_12,EMA_26,Rolling_Volatility,BB_Width,MACD_Signal,SMA_50,OBV,RSI_14,Stochastic",SMA_20
POWERGRID,2023-02-10,2023,1,Sideways,1,0.5281,NO TRADE,1,0,0.7359,SELL,0,10,"SMA_20,EMA_12,EMA_26,Rolling_Volatility,BB_Width,MACD_Signal,SMA_50,OBV,RSI_14,Stochastic",SMA_20
POWERGRID,2023-02-13,2023,1,Sideways,0,0.5345,NO TRADE,0,0,0.6982,SELL,0,10,"SMA_20,EMA_12,EMA_26,Rolling_Volatility,BB_Width,MACD_Signal,SMA_50,OBV,RSI_14,Stochastic",SMA_20
POWERGRID,2023-02-14,2023,1,Sideways,1,0.512,NO TRADE,1,0,0.657,SELL,0,10,"SMA_20,EMA_12,EMA_26,Rolling_Volatility,BB_Width,MACD_Signal,SMA_50,OBV,RSI_14,Stochastic",SMA_20
POWERGRID,2023-02-15,2023,1,Sideways,1,0.5006,NO TRADE,1,0,0.6357,SELL,0,10,"SMA_20,EMA_12,EMA_26,Rolling_Volatility,BB_Width,MACD_Signal,SMA_50,OBV,RSI_14,Stochastic",SMA_20
POWERGRID,2023-02-16,2023,1,Sideways,0,0.5083,NO TRADE,0,0,0.6379,SELL,0,10,"SMA_20,EMA_12,EMA_26,Rolling_Volatility,BB_Width,MACD_Signal,SMA_50,OBV,RSI_14,Stochastic",SMA_20
POWERGRID,2023-02-17,2023,1,Sideways,1,0.5322,NO TRADE,1,0,0.6697,SELL,0,10,"SMA_20,EMA_12,EMA_26,Rolling_Volatility,BB_Width,MACD_Signal,SMA_50,OBV,RSI_14,Stochastic",SMA_20
POWERGRID,2023-02-20,2023,1,Sideways,0,0.5997,SELL,0,0,0.6311,SELL,0,10,"SMA_20,EMA_12,EMA_26,Rolling_Volatility,BB_Width,MACD_Signal,SMA_50,OBV,RSI_14,Stochastic",SMA_20
POWERGRID,2023-02-21,2023,1,Sideways,0,0.6132,SELL,0,0,0.5285,NO TRADE,0,10,"SMA_20,EMA_12,EMA_26,Rolling_Volatility,BB_Width,MACD_Signal,SMA_50,OBV,RSI_14,Stochastic",SMA_20
POWERGRID,2023-02-22,2023,1,Sideways,1,0.5551,BUY,1,0,0.5342,NO TRADE,0,10,"SMA_20,EMA_12,EMA_26,Rolling_Volatility,BB_Width,MACD_Signal,SMA_50,OBV,RSI_14,Stochastic",SMA_20
POWERGRID,2023-02-23,2023,1,Sideways,1,0.6535,BUY,1,0,0.6393,SELL,0,10,"SMA_20,EMA_12,EMA_26,Rolling_Volatility,BB_Width,MACD_Signal,SMA_50,OBV,RSI_14,Stochastic",SMA_20
POWERGRID,2023-02-24,2023,1,Sideways,1,0.5633,BUY,1,0,0.6649,SELL,0,10,"SMA_20,EMA_12,EMA_26,Rolling_Volatility,BB_Width,MACD_Signal,SMA_50,OBV,RSI_14,Stochastic",SMA_20
POWERGRID,2023-02-27,2023,1,Sideways,0,0.6843,SELL,0,0,0.5126,NO TRADE,0,10,"SMA_20,EMA_12,EMA_26,Rolling_Volatility,BB_Width,MACD_Signal,SMA_50,OBV,RSI_14,Stochastic",SMA_20
POWERGRID,2023-02-28,2023,1,Sideways,1,0.5186,NO TRADE,1,1,0.8344,BUY,1,10,"SMA_20,EMA_12,EMA_26,Rolling_Volatility,BB_Width,MACD_Signal,SMA_50,OBV,RSI_14,Stochastic",SMA_20
POWERGRID,2023-03-01,2023,1,Sideways,1,0.604,BUY,1,1,0.8346,BUY,1,10,"SMA_20,EMA_12,EMA_26,Rolling_Volatility,BB_Width,MACD_Signal,SMA_50,OBV,RSI_14,Stochastic",SMA_20
POWERGRID,2023-03-02,2023,1,Sideways,1,0.9653,BUY,1,1,0.8323,BUY,1,10,"SMA_20,EMA_12,EMA_26,Rolling_Volatility,BB_Width,MACD_Signal,SMA_50,OBV,RSI_14,Stochastic",SMA_20
POWERGRID,2023-03-03,2023,1,Sideways,1,0.5213,NO TRADE,1,1,0.8533,BUY,1,10,"SMA_20,EMA_12,EMA_26,Rolling_Volatility,BB_Width,MACD_Signal,SMA_50,OBV,RSI_14,Stochastic",SMA_20
POWERGRID,2023-03-06,2023,0,Sideways,0,0.6148,SELL,1,1,0.9754,BUY,0,10,"SMA_20,EMA_12,EMA_26,Rolling_Volatility,BB_Width,MACD_Signal,SMA_50,OBV,RSI_14,Stochastic",SMA_20
POWERGRID,2023-03-08,2023,1,Sideways,1,0.6328,BUY,1,0,1.0,SELL,0,10,"SMA_20,EMA_12,EMA_26,Rolling_Volatility,BB_Width,MACD_Signal,SMA_50,OBV,RSI_14,Stochastic",SMA_20
POWERGRID,2023-03-09,2023,1,Sideways,1,0.7212,BUY,1,1,0.9749,BUY,1,10,"SMA_20,EMA_12,EMA_26,Rolling_Volatility,BB_Width,MACD_Signal,SMA_50,OBV,RSI_14,Stochastic",SMA_20
POWERGRID,2023-03-10,2023,1,Sideways,1,0.6233,BUY,1,1,0.9543,BUY,1,10,"SMA_20,EMA_12,EMA_26,Rolling_Volatility,BB_Width,MACD_Signal,SMA_50,OBV,RSI_14,Stochastic",SMA_20
POWERGRID,2023-03-13,2023,1,Sideways,1,0.6614,BUY,1,1,0.8914,BUY,1,10,"SMA_20,EMA_12,EMA_26,Rolling_Volatility,BB_Width,MACD_Signal,SMA_50,OBV,RSI_14,Stochastic",SMA_20
POWERGRID,2023-03-14,2023,1,Sideways,1,0.6752,BUY,1,1,0.7896,BUY,1,10,"SMA_20,EMA_12,EMA_26,Rolling_Volatility,BB_Width,MACD_Signal,SMA_50,OBV,RSI_14,Stochastic",SMA_20
POWERGRID,2023-03-15,2023,1,Sideways,1,0.5035,NO TRADE,1,1,0.7984,BUY,1,10,"SMA_20,EMA_12,EMA_26,Rolling_Volatility,BB_Width,MACD_Signal,SMA_50,OBV,RSI_14,Stochastic",SMA_20
POWERGRID,2023-03-16,2023,0,Sideways,0,0.5145,NO TRADE,1,0,0.8362,SELL,1,10,"SMA_20,EMA_12,EMA_26,Rolling_Volatility,BB_Width,MACD_Signal,SMA_50,OBV,RSI_14,Stochastic",SMA_20
POWERGRID,2023-03-17,2023,1,Sideways,1,0.6973,BUY,1,1,0.8798,BUY,1,10,"SMA_20,EMA_12,EMA_26,Rolling_Volatility,BB_Width,MACD_Signal,SMA_50,OBV,RSI_14,Stochastic",SMA_20
POWERGRID,2023-03-20,2023,1,Sideways,1,0.6336,BUY,1,1,0.5771,BUY,1,10,"EMA_12,EMA_26,SMA_20,Return_5d,BB_Width,ATR_14,SMA_50,BB_Upper,ADX,Rolling_Volatility",EMA_12
POWERGRID,2023-03-21,2023,1,Sideways,1,0.8162,BUY,1,1,0.6238,BUY,1,10,"EMA_12,EMA_26,SMA_20,Return_5d,BB_Width,ATR_14,SMA_50,BB_Upper,ADX,Rolling_Volatility",EMA_12
POWERGRID,2023-03-22,2023,1,Sideways,1,0.7794,BUY,1,1,0.6727,BUY,1,10,"EMA_12,EMA_26,SMA_20,Return_5d,BB_Width,ATR_14,SMA_50,BB_Upper,ADX,Rolling_Volatility",EMA_12
POWERGRID,2023-03-23,2023,1,Sideways,1,0.9023,BUY,1,1,0.7936,BUY,1,10,"EMA_12,EMA_26,SMA_20,Return_5d,BB_Width,ATR_14,SMA_50,BB_Upper,ADX,Rolling_Volatility",EMA_12
POWERGRID,2023-03-24,2023,1,Sideways,1,0.889,BUY,1,1,0.736,BUY,1,10,"EMA_12,EMA_26,SMA_20,Return_5d,BB_Width,ATR_14,SMA_50,BB_Upper,ADX,Rolling_Volatility",EMA_12
POWERGRID,2023-03-27,2023,1,Sideways,1,0.9482,BUY,1,1,0.7375,BUY,1,10,"EMA_12,EMA_26,SMA_20,Return_5d,BB_Width,ATR_14,SMA_50,BB_Upper,ADX,Rolling_Volatility",EMA_12
POWERGRID,2023-03-28,2023,1,Sideways,1,0.844,BUY,1,1,0.6333,BUY,1,10,"EMA_12,EMA_26,SMA_20,Return_5d,BB_Width,ATR_14,SMA_50,BB_Upper,ADX,Rolling_Volatility",EMA_12
POWERGRID,2023-03-29,2023,1,Sideways,1,0.887,BUY,1,1,0.6605,BUY,1,10,"EMA_12,EMA_26,SMA_20,Return_5d,BB_Width,ATR_14,SMA_50,BB_Upper,ADX,Rolling_Volatility",EMA_12
POWERGRID,2023-03-31,2023,1,Sideways,1,0.7482,BUY,1,1,0.5935,BUY,1,10,"EMA_12,EMA_26,SMA_20,Return_5d,BB_Width,ATR_14,SMA_50,BB_Upper,ADX,Rolling_Volatility",EMA_12
POWERGRID,2023-04-03,2023,1,Sideways,1,0.8479,BUY,1,1,0.6069,BUY,1,10,"EMA_12,EMA_26,SMA_20,Return_5d,BB_Width,ATR_14,SMA_50,BB_Upper,ADX,Rolling_Volatility",EMA_12
POWERGRID,2023-04-05,2023,1,Sideways,1,0.7529,BUY,1,1,0.5832,BUY,1,10,"EMA_12,EMA_26,SMA_20,Return_5d,BB_Width,ATR_14,SMA_50,BB_Upper,ADX,Rolling_Volatility",EMA_12
POWERGRID,2023-04-06,2023,1,Sideways,1,0.7859,BUY,1,1,0.6463,BUY,1,10,"EMA_12,EMA_26,SMA_20,Return_5d,BB_Width,ATR_14,SMA_50,BB_Upper,ADX,Rolling_Volatility",EMA_12
POWERGRID,2023-04-10,2023,1,Sideways,0,0.5199,NO TRADE,0,1,0.6139,BUY,1,10,"EMA_12,EMA_26,SMA_20,Return_5d,BB_Width,ATR_14,SMA_50,BB_Upper,ADX,Rolling_Volatility",EMA_12
POWERGRID,2023-04-11,2023,1,Sideways,1,0.552,BUY,1,1,0.6368,BUY,1,10,"EMA_12,EMA_26,SMA_20,Return_5d,BB_Width,ATR_14,SMA_50,BB_Upper,ADX,Rolling_Volatility",EMA_12
POWERGRID,2023-04-12,2023,1,Sideways,1,0.7727,BUY,1,1,0.6459,BUY,1,10,"EMA_12,EMA_26,SMA_20,Return_5d,BB_Width,ATR_14,SMA_50,BB_Upper,ADX,Rolling_Volatility",EMA_12
POWERGRID,2023-04-13,2023,1,Sideways,1,0.5658,BUY,1,1,0.6248,BUY,1,10,"EMA_12,EMA_26,SMA_20,Return_5d,BB_Width,ATR_14,SMA_50,BB_Upper,ADX,Rolling_Volatility",EMA_12
POWERGRID,2023-04-17,2023,1,Sideways,1,0.5049,NO TRADE,1,1,0.6227,BUY,1,10,"EMA_12,EMA_26,SMA_20,Return_5d,BB_Width,ATR_14,SMA_50,BB_Upper,ADX,Rolling_Volatility",EMA_12
POWERGRID,2023-04-18,2023,1,Sideways,1,0.8601,BUY,1,1,0.6534,BUY,1,10,"EMA_12,EMA_26,SMA_20,Return_5d,BB_Width,ATR_14,SMA_50,BB_Upper,ADX,Rolling_Volatility",EMA_12
POWERGRID,2023-04-19,2023,1,Sideways,1,0.8015,BUY,1,1,0.6873,BUY,1,10,"EMA_12,EMA_26,SMA_20,Return_5d,BB_Width,ATR_14,SMA_50,BB_Upper,ADX,Rolling_Volatility",EMA_12
POWERGRID,2023-04-20,2023,1,Sideways,1,0.7969,BUY,1,1,0.6409,BUY,1,10,"EMA_12,EMA_26,SMA_20,Return_5d,BB_Width,ATR_14,SMA_50,BB_Upper,ADX,Rolling_Volatility",EMA_12
POWERGRID,2023-04-21,2023,1,Sideways,1,0.832,BUY,1,1,0.6752,BUY,1,10,"EMA_12,EMA_26,SMA_20,Return_5d,BB_Width,ATR_14,SMA_50,BB_Upper,ADX,Rolling_Volatility",EMA_12
POWERGRID,2023-04-24,2023,1,Sideways,1,0.843,BUY,1,1,0.7506,BUY,1,10,"EMA_12,EMA_26,SMA_20,Return_5d,BB_Width,ATR_14,SMA_50,BB_Upper,ADX,Rolling_Volatility",EMA_12
POWERGRID,2023-04-25,2023,1,Sideways,1,0.7877,BUY,1,1,0.667,BUY,1,10,"EMA_12,EMA_26,SMA_20,Return_5d,BB_Width,ATR_14,SMA_50,BB_Upper,ADX,Rolling_Volatility",EMA_12
POWERGRID,2023-04-26,2023,0,Sideways,0,0.5762,SELL,1,1,0.6228,BUY,0,10,"EMA_12,EMA_26,SMA_20,Return_5d,BB_Width,ATR_14,SMA_50,BB_Upper,ADX,Rolling_Volatility",EMA_12
POWERGRID,2023-04-27,2023,1,Sideways,1,0.7437,BUY,1,1,0.5881,BUY,1,10,"EMA_12,EMA_26,SMA_20,Return_5d,BB_Width,ATR_14,SMA_50,BB_Upper,ADX,Rolling_Volatility",EMA_12
POWERGRID,2023-04-28,2023,0,Sideways,1,0.6412,BUY,0,1,0.5779,BUY,0,10,"EMA_12,EMA_26,SMA_20,Return_5d,BB_Width,ATR_14,SMA_50,BB_Upper,ADX,Rolling_Volatility",EMA_12
POWERGRID,2023-05-02,2023,0,Sideways,1,0.5563,BUY,0,1,0.5139,NO TRADE,0,10,"EMA_12,EMA_26,SMA_20,Return_5d,BB_Width,ATR_14,SMA_50,BB_Upper,ADX,Rolling_Volatility",EMA_12
POWERGRID,2023-05-03,2023,0,Sideways,1,0.6107,BUY,0,0,0.5422,NO TRADE,1,10,"EMA_12,EMA_26,SMA_20,Return_5d,BB_Width,ATR_14,SMA_50,BB_Upper,ADX,Rolling_Volatility",EMA_12
POWERGRID,2023-05-04,2023,0,Sideways,1,0.5899,BUY,0,0,0.5008,NO TRADE,1,10,"EMA_12,EMA_26,SMA_20,Return_5d,BB_Width,ATR_14,SMA_50,BB_Upper,ADX,Rolling_Volatility",EMA_12
POWERGRID,2023-05-05,2023,0,Sideways,0,0.5651,SELL,1,0,0.5768,SELL,1,10,"EMA_12,EMA_26,SMA_20,Return_5d,BB_Width,ATR_14,SMA_50,BB_Upper,ADX,Rolling_Volatility",EMA_12
POWERGRID,2023-05-08,2023,0,Sideways,0,0.7218,SELL,1,0,0.7042,SELL,1,10,"EMA_12,ATR_14,SMA_50,OBV,Stochastic,SMA_20,Return_5d,Williams_R,BB_Upper,SMA_10",EMA_12
POWERGRID,2023-05-09,2023,0,Sideways,1,0.5302,NO TRADE,0,0,0.688,SELL,1,10,"EMA_12,ATR_14,SMA_50,OBV,Stochastic,SMA_20,Return_5d,Williams_R,BB_Upper,SMA_10",EMA_12
POWERGRID,2023-05-10,2023,0,Sideways,0,0.6591,SELL,1,0,0.8268,SELL,1,10,"EMA_12,ATR_14,SMA_50,OBV,Stochastic,SMA_20,Return_5d,Williams_R,BB_Upper,SMA_10",EMA_12
POWERGRID,2023-05-11,2023,0,Sideways,0,0.632,SELL,1,0,0.8611,SELL,1,10,"EMA_12,ATR_14,SMA_50,OBV,Stochastic,SMA_20,Return_5d,Williams_R,BB_Upper,SMA_10",EMA_12
POWERGRID,2023-05-12,2023,1,Sideways,1,0.5949,BUY,1,0,0.6039,SELL,0,10,"EMA_12,ATR_14,SMA_50,OBV,Stochastic,SMA_20,Return_5d,Williams_R,BB_Upper,SMA_10",EMA_12
POWERGRID,2023-05-15,2023,0,Sideways,1,0.5086,NO TRADE,0,0,0.6637,SELL,1,10,"EMA_12,ATR_14,SMA_50,OBV,Stochastic,SMA_20,Return_5d,Williams_R,BB_Upper,SMA_10",EMA_12
POWERGRID,2023-05-16,2023,1,Sideways,1,0.6493,BUY,1,1,0.5434,NO TRADE,1,10,"EMA_12,ATR_14,SMA_50,OBV,Stochastic,SMA_20,Return_5d,Williams_R,BB_Upper,SMA_10",EMA_12
POWERGRID,2023-05-17,2023,1,Sideways,1,0.7544,BUY,1,1,0.8692,BUY,1,10,"EMA_12,ATR_14,SMA_50,OBV,Stochastic,SMA_20,Return_5d,Williams_R,BB_Upper,SMA_10",EMA_12
POWERGRID,2023-05-18,2023,1,Sideways,1,0.8991,BUY,1,1,0.9862,BUY,1,10,"EMA_12,ATR_14,SMA_50,OBV,Stochastic,SMA_20,Return_5d,Williams_R,BB_Upper,SMA_10",EMA_12
POWERGRID,2023-05-19,2023,1,Sideways,1,0.9462,BUY,1,1,0.9903,BUY,1,10,"EMA_12,ATR_14,SMA_50,OBV,Stochastic,SMA_20,Return_5d,Williams_R,BB_Upper,SMA_10",EMA_12
POWERGRID,2023-05-22,2023,1,Sideways,1,0.9539,BUY,1,1,0.9935,BUY,1,10,"EMA_12,ATR_14,SMA_50,OBV,Stochastic,SMA_20,Return_5d,Williams_R,BB_Upper,SMA_10",EMA_12
POWERGRID,2023-05-23,2023,1,Sideways,1,0.9576,BUY,1,1,0.9955,BUY,1,10,"EMA_12,ATR_14,SMA_50,OBV,Stochastic,SMA_20,Return_5d,Williams_R,BB_Upper,SMA_10",EMA_12
POWERGRID,2023-05-24,2023,1,Sideways,1,0.9513,BUY,1,1,0.9854,BUY,1,10,"EMA_12,ATR_14,SMA_50,OBV,Stochastic,SMA_20,Return_5d,Williams_R,BB_Upper,SMA_10",EMA_12
POWERGRID,2023-05-25,2023,1,Sideways,1,0.9053,BUY,1,1,0.9267,BUY,1,10,"EMA_12,ATR_14,SMA_50,OBV,Stochastic,SMA_20,Return_5d,Williams_R,BB_Upper,SMA_10",EMA_12
POWERGRID,2023-05-26,2023,1,Sideways,1,0.8996,BUY,1,1,0.9292,BUY,1,10,"EMA_12,ATR_14,SMA_50,OBV,Stochastic,SMA_20,Return_5d,Williams_R,BB_Upper,SMA_10",EMA_12
POWERGRID,2023-05-29,2023,1,Sideways,1,0.965,BUY,1,1,0.99,BUY,1,10,"EMA_12,ATR_14,SMA_50,OBV,Stochastic,SMA_20,Return_5d,Williams_R,BB_Upper,SMA_10",EMA_12
POWERGRID,2023-05-30,2023,1,Sideways,1,0.9382,BUY,1,1,0.9902,BUY,1,10,"EMA_12,ATR_14,SMA_50,OBV,Stochastic,SMA_20,Return_5d,Williams_R,BB_Upper,SMA_10",EMA_12
POWERGRID,2023-05-31,2023,1,Sideways,1,0.992,BUY,1,1,0.9936,BUY,1,10,"EMA_12,ATR_14,SMA_50,OBV,Stochastic,SMA_20,Return_5d,Williams_R,BB_Upper,SMA_10",EMA_12
POWERGRID,2023-06-01,2023,1,Sideways,1,0.9637,BUY,1,1,0.9954,BUY,1,10,"EMA_12,ATR_14,SMA_50,OBV,Stochastic,SMA_20,Return_5d,Williams_R,BB_Upper,SMA_10",EMA_12
POWERGRID,2023-06-02,2023,1,Sideways,1,0.9388,BUY,1,1,0.976,BUY,1,10,"EMA_12,ATR_14,SMA_50,OBV,Stochastic,SMA_20,Return_5d,Williams_R,BB_Upper,SMA_10",EMA_12
POWERGRID,2023-06-05,2023,1,Sideways,1,0.9323,BUY,1,1,0.8325,BUY,1,10,"EMA_12,ATR_14,SMA_50,OBV,Stochastic,SMA_20,Return_5d,Williams_R,BB_Upper,SMA_10",EMA_12
POWERGRID,2023-06-06,2023,1,Sideways,1,0.9561,BUY,1,1,0.76,BUY,1,10,"EMA_12,ATR_14,SMA_50,OBV,Stochastic,SMA_20,Return_5d,Williams_R,BB_Upper,SMA_10",EMA_12
POWERGRID,2023-06-07,2023,1,Sideways,1,0.7422,BUY,1,0,0.8559,SELL,0,10,"EMA_12,ATR_14,SMA_50,OBV,Stochastic,SMA_20,Return_5d,Williams_R,BB_Upper,SMA_10",EMA_12
POWERGRID,2023-06-08,2023,1,Sideways,1,0.6746,BUY,1,0,0.8008,SELL,0,10,"EMA_12,ATR_14,SMA_50,OBV,Stochastic,SMA_20,Return_5d,Williams_R,BB_Upper,SMA_10",EMA_12
POWERGRID,2023-06-09,2023,1,Sideways,1,0.5454,NO TRADE,1,0,0.8602,SELL,0,10,"EMA_12,ATR_14,SMA_50,OBV,Stochastic,SMA_20,Return_5d,Williams_R,BB_Upper,SMA_10",EMA_12
POWERGRID,2023-06-12,2023,1,Sideways,1,0.8256,BUY,1,0,0.7116,SELL,0,10,"EMA_12,ATR_14,SMA_50,OBV,Stochastic,SMA_20,Return_5d,Williams_R,BB_Upper,SMA_10",EMA_12
POWERGRID,2023-06-13,2023,1,Sideways,1,0.7906,BUY,1,0,0.7417,SELL,0,10,"EMA_12,ATR_14,SMA_50,OBV,Stochastic,SMA_20,Return_5d,Williams_R,BB_Upper,SMA_10",EMA_12
POWERGRID,2023-06-14,2023,0,Sideways,1,0.5161,NO TRADE,0,0,0.8443,SELL,1,10,"EMA_12,ATR_14,SMA_50,OBV,Stochastic,SMA_20,Return_5d,Williams_R,BB_Upper,SMA_10",EMA_12
POWERGRID,2023-06-15,2023,0,Sideways,1,0.7428,BUY,0,0,0.8263,SELL,1,10,"EMA_12,ATR_14,SMA_50,OBV,Stochastic,SMA_20,Return_5d,Williams_R,BB_Upper,SMA_10",EMA_12
POWERGRID,2023-06-16,2023,0,Sideways,1,0.688,BUY,0,0,0.7935,SELL,1,10,"EMA_12,ATR_14,SMA_50,OBV,Stochastic,SMA_20,Return_5d,Williams_R,BB_Upper,SMA_10",EMA_12
POWERGRID,2023-06-19,2023,0,Sideways,1,0.7853,BUY,0,1,0.862,BUY,0,10,"RSI_14,MACD,EMA_12,SMA_50,Williams_R,OBV,Volume_MA,SMA_20,ROC,Rolling_Volatility",RSI_14
POWERGRID,2023-06-20,2023,0,Sideways,0,0.6436,SELL,1,1,0.5576,BUY,0,10,"RSI_14,MACD,EMA_12,SMA_50,Williams_R,OBV,Volume_MA,SMA_20,ROC,Rolling_Volatility",RSI_14
POWERGRID,2023-06-21,2023,0,Sideways,0,0.8961,SELL,1,0,1.0,SELL,1,10,"RSI_14,MACD,EMA_12,SMA_50,Williams_R,OBV,Volume_MA,SMA_20,ROC,Rolling_Volatility",RSI_14
POWERGRID,2023-06-22,2023,0,Sideways,1,0.6772,BUY,0,1,0.5007,NO TRADE,0,10,"RSI_14,MACD,EMA_12,SMA_50,Williams_R,OBV,Volume_MA,SMA_20,ROC,Rolling_Volatility",RSI_14
POWERGRID,2023-06-23,2023,0,Sideways,1,0.7508,BUY,0,1,0.9211,BUY,0,10,"RSI_14,MACD,EMA_12,SMA_50,Williams_R,OBV,Volume_MA,SMA_20,ROC,Rolling_Volatility",RSI_14
POWERGRID,2023-06-26,2023,1,Sideways,1,0.7485,BUY,1,1,0.8548,BUY,1,10,"RSI_14,MACD,EMA_12,SMA_50,Williams_R,OBV,Volume_MA,SMA_20,ROC,Rolling_Volatility",RSI_14
POWERGRID,2023-06-27,2023,1,Sideways,1,0.7087,BUY,1,1,0.8771,BUY,1,10,"RSI_14,MACD,EMA_12,SMA_50,Williams_R,OBV,Volume_MA,SMA_20,ROC,Rolling_Volatility",RSI_14
POWERGRID,2023-06-28,2023,1,Sideways,1,0.7802,BUY,1,0,1.0,SELL,0,10,"RSI_14,MACD,EMA_12,SMA_50,Williams_R,OBV,Volume_MA,SMA_20,ROC,Rolling_Volatility",RSI_14
POWERGRID,2023-06-30,2023,1,Sideways,0,0.6347,SELL,0,0,0.5537,SELL,0,10,"RSI_14,MACD,EMA_12,SMA_50,Williams_R,OBV,Volume_MA,SMA_20,ROC,Rolling_Volatility",RSI_14
POWERGRID,2023-07-03,2023,1,Sideways,1,0.766,BUY,1,1,0.9511,BUY,1,10,"RSI_14,MACD,EMA_12,SMA_50,Williams_R,OBV,Volume_MA,SMA_20,ROC,Rolling_Volatility",RSI_14
POWERGRID,2023-07-04,2023,1,Sideways,1,0.772,BUY,1,1,0.9802,BUY,1,10,"RSI_14,MACD,EMA_12,SMA_50,Williams_R,OBV,Volume_MA,SMA_20,ROC,Rolling_Volatility",RSI_14
POWERGRID,2023-07-05,2023,0,Sideways,0,0.5046,NO TRADE,1,1,0.9139,BUY,0,10,"RSI_14,MACD,EMA_12,SMA_50,Williams_R,OBV,Volume_MA,SMA_20,ROC,Rolling_Volatility",RSI_14
POWERGRID,2023-07-06,2023,0,Sideways,0,0.9574,SELL,1,0,0.5257,NO TRADE,1,10,"RSI_14,MACD,EMA_12,SMA_50,Williams_R,OBV,Volume_MA,SMA_20,ROC,Rolling_Volatility",RSI_14
POWERGRID,2023-07-07,2023,0,Sideways,1,0.5366,NO TRADE,0,1,0.5329,NO TRADE,0,10,"RSI_14,MACD,EMA_12,SMA_50,Williams_R,OBV,Volume_MA,SMA_20,ROC,Rolling_Volatility",RSI_14
POWERGRID,2023-07-10,2023,0,Sideways,1,0.6837,BUY,0,1,0.6908,BUY,0,10,"RSI_14,MACD,EMA_12,SMA_50,Williams_R,OBV,Volume_MA,SMA_20,ROC,Rolling_Volatility",RSI_14
POWERGRID,2023-07-11,2023,0,Sideways,0,0.5761,SELL,1,1,0.944,BUY,0,10,"RSI_14,MACD,EMA_12,SMA_50,Williams_R,OBV,Volume_MA,SMA_20,ROC,Rolling_Volatility",RSI_14
POWERGRID,2023-07-12,2023,0,Sideways,1,0.7265,BUY,0,1,0.8523,BUY,0,10,"RSI_14,MACD,EMA_12,SMA_50,Williams_R,OBV,Volume_MA,SMA_20,ROC,Rolling_Volatility",RSI_14
POWERGRID,2023-07-13,2023,1,Sideways,1,0.9413,BUY,1,0,1.0,SELL,0,10,"RSI_14,MACD,EMA_12,SMA_50,Williams_R,OBV,Volume_MA,SMA_20,ROC,Rolling_Volatility",RSI_14
POWERGRID,2023-07-14,2023,1,Sideways,1,0.9996,BUY,1,1,0.9997,BUY,1,10,"RSI_14,MACD,EMA_12,SMA_50,Williams_R,OBV,Volume_MA,SMA_20,ROC,Rolling_Volatility",RSI_14
POWERGRID,2023-07-17,2023,1,Sideways,1,0.9685,BUY,1,1,0.9999,BUY,1,10,"RSI_14,MACD,EMA_12,SMA_50,Williams_R,OBV,Volume_MA,SMA_20,ROC,Rolling_Volatility",RSI_14
POWERGRID,2023-07-18,2023,1,Sideways,1,0.9776,BUY,1,1,0.9999,BUY,1,10,"RSI_14,MACD,EMA_12,SMA_50,Williams_R,OBV,Volume_MA,SMA_20,ROC,Rolling_Volatility",RSI_14
POWERGRID,2023-07-19,2023,1,Sideways,1,0.9661,BUY,1,1,0.9999,BUY,1,10,"RSI_14,MACD,EMA_12,SMA_50,Williams_R,OBV,Volume_MA,SMA_20,ROC,Rolling_Volatility",RSI_14
POWERGRID,2023-07-20,2023,1,Sideways,1,0.9891,BUY,1,1,1.0,BUY,1,10,"RSI_14,MACD,EMA_12,SMA_50,Williams_R,OBV,Volume_MA,SMA_20,ROC,Rolling_Volatility",RSI_14
POWERGRID,2023-07-21,2023,1,Sideways,1,0.9774,BUY,1,1,1.0,BUY,1,10,"RSI_14,MACD,EMA_12,SMA_50,Williams_R,OBV,Volume_MA,SMA_20,ROC,Rolling_Volatility",RSI_14
POWERGRID,2023-07-24,2023,1,Sideways,1,0.8727,BUY,1,1,0.9955,BUY,1,10,"RSI_14,MACD,EMA_12,SMA_50,Williams_R,OBV,Volume_MA,SMA_20,ROC,Rolling_Volatility",RSI_14
POWERGRID,2023-07-25,2023,1,Sideways,1,0.826,BUY,1,1,0.9866,BUY,1,10,"RSI_14,MACD,EMA_12,SMA_50,Williams_R,OBV,Volume_MA,SMA_20,ROC,Rolling_Volatility",RSI_14
POWERGRID,2023-07-26,2023,1,Sideways,1,0.8928,BUY,1,1,0.9716,BUY,1,10,"RSI_14,MACD,EMA_12,SMA_50,Williams_R,OBV,Volume_MA,SMA_20,ROC,Rolling_Volatility",RSI_14
POWERGRID,2023-07-27,2023,0,Sideways,1,0.8281,BUY,0,1,0.7355,BUY,0,10,"RSI_14,MACD,EMA_12,SMA_50,Williams_R,OBV,Volume_MA,SMA_20,ROC,Rolling_Volatility",RSI_14
POWERGRID,2023-07-28,2023,0,Sideways,0,0.8487,SELL,1,1,0.7615,BUY,0,10,"RSI_14,MACD,EMA_12,SMA_50,Williams_R,OBV,Volume_MA,SMA_20,ROC,Rolling_Volatility",RSI_14
POWERGRID,2023-07-31,2023,0,Sideways,0,0.8921,SELL,1,0,0.707,SELL,1,10,"RSI_14,MACD,EMA_12,SMA_50,Williams_R,OBV,Volume_MA,SMA_20,ROC,Rolling_Volatility",RSI_14
POWERGRID,2023-08-01,2023,1,Sideways,0,0.8235,SELL,0,1,0.9116,BUY,1,10,"MACD,SMA_20,Williams_R,SMA_10,SMA_50,OBV,RSI_14,BB_Upper,Rolling_Volatility,Daily_Return",MACD
POWERGRID,2023-08-02,2023,1,Sideways,1,0.7284,BUY,1,1,0.905,BUY,1,10,"MACD,SMA_20,Williams_R,SMA_10,SMA_50,OBV,RSI_14,BB_Upper,Rolling_Volatility,Daily_Return",MACD
POWERGRID,2023-08-03,2023,1,Sideways,1,0.7903,BUY,1,1,0.9159,BUY,1,10,"MACD,SMA_20,Williams_R,SMA_10,SMA_50,OBV,RSI_14,BB_Upper,Rolling_Volatility,Daily_Return",MACD
POWERGRID,2023-08-04,2023,1,Sideways,1,0.9262,BUY,1,1,0.9525,BUY,1,10,"MACD,SMA_20,Williams_R,SMA_10,SMA_50,OBV,RSI_14,BB_Upper,Rolling_Volatility,Daily_Return",MACD
POWERGRID,2023-08-07,2023,1,Sideways,1,0.954,BUY,1,1,0.9576,BUY,1,10,"MACD,SMA_20,Williams_R,SMA_10,SMA_50,OBV,RSI_14,BB_Upper,Rolling_Volatility,Daily_Return",MACD
POWERGRID,2023-08-08,2023,1,Sideways,1,0.9659,BUY,1,1,0.9864,BUY,1,10,"MACD,SMA_20,Williams_R,SMA_10,SMA_50,OBV,RSI_14,BB_Upper,Rolling_Volatility,Daily_Return",MACD
POWERGRID,2023-08-09,2023,1,Sideways,1,0.976,BUY,1,1,0.9928,BUY,1,10,"MACD,SMA_20,Williams_R,SMA_10,SMA_50,OBV,RSI_14,BB_Upper,Rolling_Volatility,Daily_Return",MACD
POWERGRID,2023-08-10,2023,1,Sideways,1,0.9664,BUY,1,1,0.9905,BUY,1,10,"MACD,SMA_20,Williams_R,SMA_10,SMA_50,OBV,RSI_14,BB_Upper,Rolling_Volatility,Daily_Return",MACD
POWERGRID,2023-08-11,2023,1,Sideways,1,0.963,BUY,1,1,0.9858,BUY,1,10,"MACD,SMA_20,Williams_R,SMA_10,SMA_50,OBV,RSI_14,BB_Upper,Rolling_Volatility,Daily_Return",MACD
POWERGRID,2023-08-14,2023,1,Sideways,1,0.9869,BUY,1,1,0.9858,BUY,1,10,"MACD,SMA_20,Williams_R,SMA_10,SMA_50,OBV,RSI_14,BB_Upper,Rolling_Volatility,Daily_Return",MACD
POWERGRID,2023-08-16,2023,1,Sideways,1,0.8014,BUY,1,1,0.9468,BUY,1,10,"MACD,SMA_20,Williams_R,SMA_10,SMA_50,OBV,RSI_14,BB_Upper,Rolling_Volatility,Daily_Return",MACD
POWERGRID,2023-08-17,2023,1,Sideways,1,0.9539,BUY,1,1,0.9906,BUY,1,10,"MACD,SMA_20,Williams_R,SMA_10,SMA_50,OBV,RSI_14,BB_Upper,Rolling_Volatility,Daily_Return",MACD
POWERGRID,2023-08-18,2023,1,Sideways,1,0.9815,BUY,1,1,0.997,BUY,1,10,"MACD,SMA_20,Williams_R,SMA_10,SMA_50,OBV,RSI_14,BB_Upper,Rolling_Volatility,Daily_Return",MACD
POWERGRID,2023-08-21,2023,1,Sideways,1,0.6746,BUY,1,1,0.9437,BUY,1,10,"MACD,SMA_20,Williams_R,SMA_10,SMA_50,OBV,RSI_14,BB_Upper,Rolling_Volatility,Daily_Return",MACD
POWERGRID,2023-08-22,2023,1,Sideways,1,0.881,BUY,1,1,0.7314,BUY,1,10,"MACD,SMA_20,Williams_R,SMA_10,SMA_50,OBV,RSI_14,BB_Upper,Rolling_Volatility,Daily_Return",MACD
POWERGRID,2023-08-23,2023,1,Sideways,1,0.7761,BUY,1,1,0.5447,NO TRADE,1,10,"MACD,SMA_20,Williams_R,SMA_10,SMA_50,OBV,RSI_14,BB_Upper,Rolling_Volatility,Daily_Return",MACD
POWERGRID,2023-08-24,2023,1,Sideways,1,0.8895,BUY,1,1,0.9061,BUY,1,10,"MACD,SMA_20,Williams_R,SMA_10,SMA_50,OBV,RSI_14,BB_Upper,Rolling_Volatility,Daily_Return",MACD
POWERGRID,2023-08-25,2023,1,Sideways,1,0.9544,BUY,1,1,0.9921,BUY,1,10,"MACD,SMA_20,Williams_R,SMA_10,SMA_50,OBV,RSI_14,BB_Upper,Rolling_Volatility,Daily_Return",MACD
POWERGRID,2023-08-28,2023,1,Sideways,0,0.5501,SELL,0,1,0.7984,BUY,1,10,"MACD,SMA_20,Williams_R,SMA_10,SMA_50,OBV,RSI_14,BB_Upper,Rolling_Volatility,Daily_Return",MACD
POWERGRID,2023-08-29,2023,1,Sideways,1,0.6906,BUY,1,1,0.5833,BUY,1,10,"MACD,SMA_20,Williams_R,SMA_10,SMA_50,OBV,RSI_14,BB_Upper,Rolling_Volatility,Daily_Return",MACD
POWERGRID,2023-08-30,2023,1,Sideways,1,0.9343,BUY,1,1,0.8782,BUY,1,10,"MACD,SMA_20,Williams_R,SMA_10,SMA_50,OBV,RSI_14,BB_Upper,Rolling_Volatility,Daily_Return",MACD
POWERGRID,2023-08-31,2023,1,Sideways,1,0.9503,BUY,1,1,0.9641,BUY,1,10,"MACD,SMA_20,Williams_R,SMA_10,SMA_50,OBV,RSI_14,BB_Upper,Rolling_Volatility,Daily_Return",MACD
POWERGRID,2023-09-01,2023,1,Sideways,0,0.8102,SELL,0,1,0.5146,NO TRADE,1,10,"MACD,SMA_20,Williams_R,SMA_10,SMA_50,OBV,RSI_14,BB_Upper,Rolling_Volatility,Daily_Return",MACD
POWERGRID,2023-09-04,2023,1,Sideways,1,0.5555,BUY,1,0,0.5718,SELL,0,10,"MACD,SMA_20,Williams_R,SMA_10,SMA_50,OBV,RSI_14,BB_Upper,Rolling_Volatility,Daily_Return",MACD
POWERGRID,2023-09-05,2023,1,Sideways,1,0.7457,BUY,1,0,0.5115,NO TRADE,0,10,"MACD,SMA_20,Williams_R,SMA_10,SMA_50,OBV,RSI_14,BB_Upper,Rolling_Volatility,Daily_Return",MACD
POWERGRID,2023-09-06,2023,1,Sideways,1,0.7126,BUY,1,0,0.5478,NO TRADE,0,10,"MACD,SMA_20,Williams_R,SMA_10,SMA_50,OBV,RSI_14,BB_Upper,Rolling_Volatility,Daily_Return",MACD
POWERGRID,2023-09-07,2023,1,Sideways,0,0.5387,NO TRADE,0,0,0.6839,SELL,0,10,"MACD,SMA_20,Williams_R,SMA_10,SMA_50,OBV,RSI_14,BB_Upper,Rolling_Volatility,Daily_Return",MACD
POWERGRID,2023-09-08,2023,1,Sideways,1,0.6376,BUY,1,0,0.6771,SELL,0,10,"MACD,SMA_20,Williams_R,SMA_10,SMA_50,OBV,RSI_14,BB_Upper,Rolling_Volatility,Daily_Return",MACD
POWERGRID,2023-09-11,2023,1,Sideways,0,0.7588,SELL,0,0,0.8201,SELL,0,10,"MACD,SMA_20,Williams_R,SMA_10,SMA_50,OBV,RSI_14,BB_Upper,Rolling_Volatility,Daily_Return",MACD
POWERGRID,2023-09-12,2023,1,Sideways,1,0.853,BUY,1,1,0.8199,BUY,1,10,"MACD,SMA_20,Williams_R,SMA_10,SMA_50,OBV,RSI_14,BB_Upper,Rolling_Volatility,Daily_Return",MACD
POWERGRID,2023-09-13,2023,1,Sideways,1,0.7075,BUY,1,1,0.739,BUY,1,10,"MACD,Rolling_Mean_Return,OBV,RSI_14,SMA_50,SMA_20,ADX,ROC,Williams_R,Volume_MA",MACD
POWERGRID,2023-09-14,2023,1,Sideways,1,0.7401,BUY,1,1,0.8264,BUY,1,10,"MACD,Rolling_Mean_Return,OBV,RSI_14,SMA_50,SMA_20,ADX,ROC,Williams_R,Volume_MA",MACD
POWERGRID,2023-09-15,2023,1,Sideways,1,0.8605,BUY,1,1,0.7407,BUY,1,10,"MACD,Rolling_Mean_Return,OBV,RSI_14,SMA_50,SMA_20,ADX,ROC,Williams_R,Volume_MA",MACD
POWERGRID,2023-09-18,2023,1,Sideways,0,0.8333,SELL,0,1,0.5378,NO TRADE,1,10,"MACD,Rolling_Mean_Return,OBV,RSI_14,SMA_50,SMA_20,ADX,ROC,Williams_R,Volume_MA",MACD
POWERGRID,2023-09-20,2023,1,Sideways,0,0.834,SELL,0,1,0.8359,BUY,1,10,"MACD,Rolling_Mean_Return,OBV,RSI_14,SMA_50,SMA_20,ADX,ROC,Williams_R,Volume_MA",MACD
POWERGRID,2023-09-21,2023,1,Sideways,1,0.5886,BUY,1,1,0.8444,BUY,1,10,"MACD,Rolling_Mean_Return,OBV,RSI_14,SMA_50,SMA_20,ADX,ROC,Williams_R,Volume_MA",MACD
POWERGRID,2023-09-22,2023,1,Sideways,1,0.6355,BUY,1,1,0.5518,BUY,1,10,"MACD,Rolling_Mean_Return,OBV,RSI_14,SMA_50,SMA_20,ADX,ROC,Williams_R,Volume_MA",MACD
POWERGRID,2023-09-25,2023,1,Sideways,1,0.5675,BUY,1,1,0.598,BUY,1,10,"MACD,Rolling_Mean_Return,OBV,RSI_14,SMA_50,SMA_20,ADX,ROC,Williams_R,Volume_MA",MACD
POWERGRID,2023-09-26,2023,1,Sideways,1,0.7622,BUY,1,1,0.628,BUY,1,10,"MACD,Rolling_Mean_Return,OBV,RSI_14,SMA_50,SMA_20,ADX,ROC,Williams_R,Volume_MA",MACD
POWERGRID,2023-09-27,2023,1,Sideways,1,0.6684,BUY,1,1,0.7621,BUY,1,10,"MACD,Rolling_Mean_Return,OBV,RSI_14,SMA_50,SMA_20,ADX,ROC,Williams_R,Volume_MA",MACD
POWERGRID,2023-09-28,2023,1,Sideways,1,0.6682,BUY,1,1,0.7073,BUY,1,10,"MACD,Rolling_Mean_Return,OBV,RSI_14,SMA_50,SMA_20,ADX,ROC,Williams_R,Volume_MA",MACD
POWERGRID,2023-09-29,2023,1,Sideways,1,0.6826,BUY,1,1,0.6888,BUY,1,10,"MACD,Rolling_Mean_Return,OBV,RSI_14,SMA_50,SMA_20,ADX,ROC,Williams_R,Volume_MA",MACD
POWERGRID,2023-10-03,2023,1,Sideways,1,0.6745,BUY,1,1,0.7715,BUY,1,10,"MACD,Rolling_Mean_Return,OBV,RSI_14,SMA_50,SMA_20,ADX,ROC,Williams_R,Volume_MA",MACD
POWERGRID,2023-10-04,2023,1,Sideways,1,0.7887,BUY,1,1,0.7786,BUY,1,10,"MACD,Rolling_Mean_Return,OBV,RSI_14,SMA_50,SMA_20,ADX,ROC,Williams_R,Volume_MA",MACD
POWERGRID,2023-10-05,2023,1,Sideways,1,0.9392,BUY,1,1,0.9789,BUY,1,10,"MACD,Rolling_Mean_Return,OBV,RSI_14,SMA_50,SMA_20,ADX,ROC,Williams_R,Volume_MA",MACD
POWERGRID,2023-10-06,2023,1,Sideways,1,0.9182,BUY,1,1,0.961,BUY,1,10,"MACD,Rolling_Mean_Return,OBV,RSI_14,SMA_50,SMA_20,ADX,ROC,Williams_R,Volume_MA",MACD
POWERGRID,2023-10-09,2023,1,Sideways,1,0.9505,BUY,1,1,0.9865,BUY,1,10,"MACD,Rolling_Mean_Return,OBV,RSI_14,SMA_50,SMA_20,ADX,ROC,Williams_R,Volume_MA",MACD
POWERGRID,2023-10-10,2023,1,Sideways,1,0.8976,BUY,1,1,0.9669,BUY,1,10,"MACD,Rolling_Mean_Return,OBV,RSI_14,SMA_50,SMA_20,ADX,ROC,Williams_R,Volume_MA",MACD
POWERGRID,2023-10-11,2023,1,Sideways,1,0.9326,BUY,1,1,0.9573,BUY,1,10,"MACD,Rolling_Mean_Return,OBV,RSI_14,SMA_50,SMA_20,ADX,ROC,Williams_R,Volume_MA",MACD
POWERGRID,2023-10-12,2023,1,Sideways,1,0.7447,BUY,1,1,0.8523,BUY,1,10,"MACD,Rolling_Mean_Return,OBV,RSI_14,SMA_50,SMA_20,ADX,ROC,Williams_R,Volume_MA",MACD
POWERGRID,2023-10-13,2023,1,Sideways,1,0.7705,BUY,1,1,0.7804,BUY,1,10,"MACD,Rolling_Mean_Return,OBV,RSI_14,SMA_50,SMA_20,ADX,ROC,Williams_R,Volume_MA",MACD
POWERGRID,2023-10-16,2023,1,Sideways,1,0.5794,BUY,1,1,0.7025,BUY,1,10,"MACD,Rolling_Mean_Return,OBV,RSI_14,SMA_50,SMA_20,ADX,ROC,Williams_R,Volume_MA",MACD
POWERGRID,2023-10-17,2023,1,Sideways,0,0.7948,SELL,0,1,0.7265,BUY,1,10,"MACD,Rolling_Mean_Return,OBV,RSI_14,SMA_50,SMA_20,ADX,ROC,Williams_R,Volume_MA",MACD
POWERGRID,2023-10-18,2023,1,Sideways,1,0.5321,NO TRADE,1,1,0.757,BUY,1,10,"MACD,Rolling_Mean_Return,OBV,RSI_14,SMA_50,SMA_20,ADX,ROC,Williams_R,Volume_MA",MACD
POWERGRID,2023-10-19,2023,1,Sideways,0,0.5212,NO TRADE,0,1,0.865,BUY,1,10,"MACD,Rolling_Mean_Return,OBV,RSI_14,SMA_50,SMA_20,ADX,ROC,Williams_R,Volume_MA",MACD
POWERGRID,2023-10-20,2023,1,Sideways,1,0.7542,BUY,1,1,0.906,BUY,1,10,"MACD,Rolling_Mean_Return,OBV,RSI_14,SMA_50,SMA_20,ADX,ROC,Williams_R,Volume_MA",MACD
POWERGRID,2023-10-23,2023,1,Sideways,1,0.6735,BUY,1,1,0.9655,BUY,1,10,"MACD,Rolling_Mean_Return,OBV,RSI_14,SMA_50,SMA_20,ADX,ROC,Williams_R,Volume_MA",MACD
POWERGRID,2023-10-25,2023,1,Sideways,1,0.6739,BUY,1,1,0.972,BUY,1,10,"MACD,Rolling_Mean_Return,OBV,RSI_14,SMA_50,SMA_20,ADX,ROC,Williams_R,Volume_MA",MACD
POWERGRID,2023-10-26,2023,1,Sideways,1,1.0,BUY,1,1,0.9822,BUY,1,10,"MACD,Rolling_Mean_Return,OBV,RSI_14,SMA_50,SMA_20,ADX,ROC,Williams_R,Volume_MA",MACD
POWERGRID,2023-10-27,2023,1,Sideways,1,0.6747,BUY,1,1,0.9681,BUY,1,10,"MACD,Rolling_Mean_Return,OBV,RSI_14,SMA_50,SMA_20,ADX,ROC,Williams_R,Volume_MA",MACD
POWERGRID,2023-10-30,2023,1,Sideways,1,0.6751,BUY,1,1,0.9606,BUY,1,10,"MFI,SMA_50,RSI_14,Rolling_Mean_Return,Williams_R,SMA_20,ROC,ATR_14,BB_Width,ADX",MFI
POWERGRID,2023-10-31,2023,1,Sideways,1,0.6755,BUY,1,1,0.9371,BUY,1,10,"MFI,SMA_50,RSI_14,Rolling_Mean_Return,Williams_R,SMA_20,ROC,ATR_14,BB_Width,ADX",MFI
POWERGRID,2023-11-01,2023,1,Sideways,1,0.6759,BUY,1,1,0.9922,BUY,1,10,"MFI,SMA_50,RSI_14,Rolling_Mean_Return,Williams_R,SMA_20,ROC,ATR_14,BB_Width,ADX",MFI
POWERGRID,2023-11-02,2023,1,Sideways,1,0.6763,BUY,1,1,0.99,BUY,1,10,"MFI,SMA_50,RSI_14,Rolling_Mean_Return,Williams_R,SMA_20,ROC,ATR_14,BB_Width,ADX",MFI
POWERGRID,2023-11-03,2023,1,Sideways,1,0.6767,BUY,1,1,0.9899,BUY,1,10,"MFI,SMA_50,RSI_14,Rolling_Mean_Return,Williams_R,SMA_20,ROC,ATR_14,BB_Width,ADX",MFI
POWERGRID,2023-11-06,2023,1,Sideways,1,0.6771,BUY,1,1,0.9948,BUY,1,10,"MFI,SMA_50,RSI_14,Rolling_Mean_Return,Williams_R,SMA_20,ROC,ATR_14,BB_Width,ADX",MFI
POWERGRID,2023-11-07,2023,1,Sideways,1,0.6775,BUY,1,1,0.9996,BUY,1,10,"MFI,SMA_50,RSI_14,Rolling_Mean_Return,Williams_R,SMA_20,ROC,ATR_14,BB_Width,ADX",MFI
POWERGRID,2023-11-08,2023,1,Sideways,1,0.6779,BUY,1,1,1.0,BUY,1,10,"MFI,SMA_50,RSI_14,Rolling_Mean_Return,Williams_R,SMA_20,ROC,ATR_14,BB_Width,ADX",MFI
POWERGRID,2023-11-09,2023,1,Sideways,1,0.6783,BUY,1,1,0.8521,BUY,1,10,"MFI,SMA_50,RSI_14,Rolling_Mean_Return,Williams_R,SMA_20,ROC,ATR_14,BB_Width,ADX",MFI
POWERGRID,2023-11-10,2023,1,Sideways,1,0.6787,BUY,1,1,0.859,BUY,1,10,"MFI,SMA_50,RSI_14,Rolling_Mean_Return,Williams_R,SMA_20,ROC,ATR_14,BB_Width,ADX",MFI
POWERGRID,2023-11-13,2023,1,Sideways,1,0.6791,BUY,1,0,0.9874,SELL,0,10,"MFI,SMA_50,RSI_14,Rolling_Mean_Return,Williams_R,SMA_20,ROC,ATR_14,BB_Width,ADX",MFI
POWERGRID,2023-11-15,2023,1,Sideways,1,0.6795,BUY,1,1,0.8242,BUY,1,10,"MFI,SMA_50,RSI_14,Rolling_Mean_Return,Williams_R,SMA_20,ROC,ATR_14,BB_Width,ADX",MFI
POWERGRID,2023-11-16,2023,1,Sideways,1,0.6799,BUY,1,1,0.8654,BUY,1,10,"MFI,SMA_50,RSI_14,Rolling_Mean_Return,Williams_R,SMA_20,ROC,ATR_14,BB_Width,ADX",MFI
POWERGRID,2023-11-17,2023,1,Sideways,1,0.6803,BUY,1,1,0.8654,BUY,1,10,"MFI,SMA_50,RSI_14,Rolling_Mean_Return,Williams_R,SMA_20,ROC,ATR_14,BB_Width,ADX",MFI
POWERGRID,2023-11-20,2023,1,Sideways,1,0.6807,BUY,1,1,0.7651,BUY,1,10,"MFI,SMA_50,RSI_14,Rolling_Mean_Return,Williams_R,SMA_20,ROC,ATR_14,BB_Width,ADX",MFI
POWERGRID,2023-11-21,2023,1,Sideways,1,0.6811,BUY,1,1,0.6018,BUY,1,10,"MFI,SMA_50,RSI_14,Rolling_Mean_Return,Williams_R,SMA_20,ROC,ATR_14,BB_Width,ADX",MFI
POWERGRID,2023-11-22,2023,1,Sideways,1,0.6815,BUY,1,0,1.0,SELL,0,10,"MFI,SMA_50,RSI_14,Rolling_Mean_Return,Williams_R,SMA_20,ROC,ATR_14,BB_Width,ADX",MFI
POWERGRID,2023-11-23,2023,1,Sideways,1,0.6819,BUY,1,1,0.7267,BUY,1,10,"MFI,SMA_50,RSI_14,Rolling_Mean_Return,Williams_R,SMA_20,ROC,ATR_14,BB_Width,ADX",MFI
POWERGRID,2023-11-24,2023,1,Sideways,1,0.6823,BUY,1,1,0.662,BUY,1,10,"MFI,SMA_50,RSI_14,Rolling_Mean_Return,Williams_R,SMA_20,ROC,ATR_14,BB_Width,ADX",MFI
POWERGRID,2023-11-28,2023,1,Sideways,1,0.6826,BUY,1,1,0.7075,BUY,1,10,"MFI,SMA_50,RSI_14,Rolling_Mean_Return,Williams_R,SMA_20,ROC,ATR_14,BB_Width,ADX",MFI
POWERGRID,2023-11-29,2023,1,Sideways,1,0.683,BUY,1,1,0.8142,BUY,1,10,"MFI,SMA_50,RSI_14,Rolling_Mean_Return,Williams_R,SMA_20,ROC,ATR_14,BB_Width,ADX",MFI
POWERGRID,2023-11-30,2023,1,Sideways,1,0.6834,BUY,1,1,1.0,BUY,1,10,"MFI,SMA_50,RSI_14,Rolling_Mean_Return,Williams_R,SMA_20,ROC,ATR_14,BB_Width,ADX",MFI
POWERGRID,2023-12-01,2023,1,Sideways,1,0.6838,BUY,1,1,1.0,BUY,1,10,"MFI,SMA_50,RSI_14,Rolling_Mean_Return,Williams_R,SMA_20,ROC,ATR_14,BB_Width,ADX",MFI
POWERGRID,2023-12-04,2023,1,Sideways,1,0.6842,BUY,1,1,0.9989,BUY,1,10,"MFI,SMA_50,RSI_14,Rolling_Mean_Return,Williams_R,SMA_20,ROC,ATR_14,BB_Width,ADX",MFI
POWERGRID,2023-12-05,2023,1,Sideways,1,0.6846,BUY,1,0,1.0,SELL,0,10,"MFI,SMA_50,RSI_14,Rolling_Mean_Return,Williams_R,SMA_20,ROC,ATR_14,BB_Width,ADX",MFI
POWERGRID,2023-12-06,2023,1,Sideways,1,0.685,BUY,1,1,0.9928,BUY,1,10,"MFI,SMA_50,RSI_14,Rolling_Mean_Return,Williams_R,SMA_20,ROC,ATR_14,BB_Width,ADX",MFI
POWERGRID,2023-12-07,2023,1,Sideways,1,0.6853,BUY,1,1,1.0,BUY,1,10,"MFI,SMA_50,RSI_14,Rolling_Mean_Return,Williams_R,SMA_20,ROC,ATR_14,BB_Width,ADX",MFI
POWERGRID,2023-12-08,2023,1,Sideways,1,0.6857,BUY,1,1,0.835,BUY,1,10,"MFI,SMA_50,RSI_14,Rolling_Mean_Return,Williams_R,SMA_20,ROC,ATR_14,BB_Width,ADX",MFI
POWERGRID,2023-12-11,2023,1,Sideways,1,0.6861,BUY,1,1,0.9999,BUY,1,10,"MFI,SMA_50,RSI_14,Rolling_Mean_Return,Williams_R,SMA_20,ROC,ATR_14,BB_Width,ADX",MFI
POWERGRID,2023-12-12,2023,1,Sideways,1,0.6865,BUY,1,1,1.0,BUY,1,10,"MFI,SMA_50,RSI_14,Rolling_Mean_Return,Williams_R,SMA_20,ROC,ATR_14,BB_Width,ADX",MFI
POWERGRID,2023-12-13,2023,1,Sideways,1,0.6869,BUY,1,0,0.7223,SELL,0,10,"MFI,SMA_20,SMA_50,OBV,Daily_Return,Williams_R,Rolling_Median_Return,ADX,BB_Width,Price_Change",MFI
POWERGRID,2023-12-14,2023,1,Sideways,1,0.6872,BUY,1,0,1.0,SELL,0,10,"MFI,SMA_20,SMA_50,OBV,Daily_Return,Williams_R,Rolling_Median_Return,ADX,BB_Width,Price_Change",MFI
POWERGRID,2023-12-15,2023,1,Sideways,1,0.6876,BUY,1,0,0.6309,SELL,0,10,"MFI,SMA_20,SMA_50,OBV,Daily_Return,Williams_R,Rolling_Median_Return,ADX,BB_Width,Price_Change",MFI
POWERGRID,2023-12-18,2023,1,Sideways,1,0.688,BUY,1,1,1.0,BUY,1,10,"MFI,SMA_20,SMA_50,OBV,Daily_Return,Williams_R,Rolling_Median_Return,ADX,BB_Width,Price_Change",MFI
POWERGRID,2023-12-19,2023,1,Sideways,1,0.6884,BUY,1,0,0.8088,SELL,0,10,"MFI,SMA_20,SMA_50,OBV,Daily_Return,Williams_R,Rolling_Median_Return,ADX,BB_Width,Price_Change",MFI
POWERGRID,2023-12-20,2023,1,Sideways,1,0.6887,BUY,1,1,1.0,BUY,1,10,"MFI,SMA_20,SMA_50,OBV,Daily_Return,Williams_R,Rolling_Median_Return,ADX,BB_Width,Price_Change",MFI
POWERGRID,2023-12-21,2023,1,Sideways,1,0.6891,BUY,1,0,0.5424,NO TRADE,0,10,"MFI,SMA_20,SMA_50,OBV,Daily_Return,Williams_R,Rolling_Median_Return,ADX,BB_Width,Price_Change",MFI
POWERGRID,2023-12-22,2023,1,Sideways,1,0.6895,BUY,1,0,0.7083,SELL,0,10,"MFI,SMA_20,SMA_50,OBV,Daily_Return,Williams_R,Rolling_Median_Return,ADX,BB_Width,Price_Change",MFI
POWERGRID,2023-12-26,2023,1,Sideways,1,0.6898,BUY,1,1,0.5007,NO TRADE,1,10,"MFI,SMA_20,SMA_50,OBV,Daily_Return,Williams_R,Rolling_Median_Return,ADX,BB_Width,Price_Change",MFI
POWERGRID,2023-12-27,2023,1,Sideways,1,0.6902,BUY,1,1,0.5948,BUY,1,10,"MFI,SMA_20,SMA_50,OBV,Daily_Return,Williams_R,Rolling_Median_Return,ADX,BB_Width,Price_Change",MFI
POWERGRID,2023-12-28,2023,1,Sideways,1,0.6906,BUY,1,1,0.5609,BUY,1,10,"MFI,SMA_20,SMA_50,OBV,Daily_Return,Williams_R,Rolling_Median_Return,ADX,BB_Width,Price_Change",MFI
POWERGRID,2023-12-29,2023,1,Sideways,1,0.691,BUY,1,1,0.7988,BUY,1,10,"MFI,SMA_20,SMA_50,OBV,Daily_Return,Williams_R,Rolling_Median_Return,ADX,BB_Width,Price_Change",MFI
POWERGRID,2024-01-01,2024,1,Sideways,1,0.6913,BUY,1,1,0.9078,BUY,1,10,"MFI,SMA_20,SMA_50,OBV,Daily_Return,Williams_R,Rolling_Median_Return,ADX,BB_Width,Price_Change",MFI
POWERGRID,2024-01-02,2024,1,Sideways,1,0.6917,BUY,1,1,0.9892,BUY,1,10,"MFI,SMA_20,SMA_50,OBV,Daily_Return,Williams_R,Rolling_Median_Return,ADX,BB_Width,Price_Change",MFI
POWERGRID,2024-01-03,2024,1,Sideways,1,0.6921,BUY,1,1,0.9999,BUY,1,10,"MFI,SMA_20,SMA_50,OBV,Daily_Return,Williams_R,Rolling_Median_Return,ADX,BB_Width,Price_Change",MFI
POWERGRID,2024-01-04,2024,1,Sideways,1,0.6924,BUY,1,1,0.9578,BUY,1,10,"MFI,SMA_20,SMA_50,OBV,Daily_Return,Williams_R,Rolling_Median_Return,ADX,BB_Width,Price_Change",MFI
POWERGRID,2024-01-05,2024,1,Sideways,1,0.6928,BUY,1,1,0.9974,BUY,1,10,"MFI,SMA_20,SMA_50,OBV,Daily_Return,Williams_R,Rolling_Median_Return,ADX,BB_Width,Price_Change",MFI
POWERGRID,2024-01-08,2024,1,Sideways,1,0.6932,BUY,1,1,0.6627,BUY,1,10,"MFI,SMA_20,SMA_50,OBV,Daily_Return,Williams_R,Rolling_Median_Return,ADX,BB_Width,Price_Change",MFI
POWERGRID,2024-01-09,2024,1,Sideways,1,0.6935,BUY,1,0,0.5593,SELL,0,10,"MFI,SMA_20,SMA_50,OBV,Daily_Return,Williams_R,Rolling_Median_Return,ADX,BB_Width,Price_Change",MFI
POWERGRID,2024-01-10,2024,1,Sideways,1,0.6939,BUY,1,1,1.0,BUY,1,10,"MFI,SMA_20,SMA_50,OBV,Daily_Return,Williams_R,Rolling_Median_Return,ADX,BB_Width,Price_Change",MFI
POWERGRID,2024-01-11,2024,1,Sideways,1,0.6942,BUY,1,1,0.787,BUY,1,10,"MFI,SMA_20,SMA_50,OBV,Daily_Return,Williams_R,Rolling_Median_Return,ADX,BB_Width,Price_Change",MFI
POWERGRID,2024-01-12,2024,1,Sideways,1,0.6946,BUY,1,1,0.652,BUY,1,10,"MFI,SMA_20,SMA_50,OBV,Daily_Return,Williams_R,Rolling_Median_Return,ADX,BB_Width,Price_Change",MFI
POWERGRID,2024-01-15,2024,1,Sideways,1,0.695,BUY,1,1,0.6434,BUY,1,10,"MFI,SMA_20,SMA_50,OBV,Daily_Return,Williams_R,Rolling_Median_Return,ADX,BB_Width,Price_Change",MFI
POWERGRID,2024-01-16,2024,1,Sideways,1,0.6953,BUY,1,1,0.905,BUY,1,10,"MFI,SMA_20,SMA_50,OBV,Daily_Return,Williams_R,Rolling_Median_Return,ADX,BB_Width,Price_Change",MFI
POWERGRID,2024-01-17,2024,1,Sideways,1,0.6957,BUY,1,1,0.9999,BUY,1,10,"MFI,SMA_20,SMA_50,OBV,Daily_Return,Williams_R,Rolling_Median_Return,ADX,BB_Width,Price_Change",MFI
POWERGRID,2024-01-18,2024,1,Sideways,1,0.696,BUY,1,1,1.0,BUY,1,10,"MFI,SMA_20,SMA_50,OBV,Daily_Return,Williams_R,Rolling_Median_Return,ADX,BB_Width,Price_Change",MFI
POWERGRID,2024-01-19,2024,1,Sideways,1,0.6964,BUY,1,1,0.9997,BUY,1,10,"MFI,SMA_20,SMA_50,OBV,Daily_Return,Williams_R,Rolling_Median_Return,ADX,BB_Width,Price_Change",MFI
POWERGRID,2024-01-23,2024,1,Sideways,1,0.6967,BUY,1,1,0.9482,BUY,1,10,"MFI,SMA_20,SMA_50,OBV,Daily_Return,Williams_R,Rolling_Median_Return,ADX,BB_Width,Price_Change",MFI
POWERGRID,2024-01-24,2024,1,Sideways,1,0.6971,BUY,1,1,0.5242,NO TRADE,1,10,"MFI,SMA_20,SMA_50,OBV,Daily_Return,Williams_R,Rolling_Median_Return,ADX,BB_Width,Price_Change",MFI
POWERGRID,2024-01-25,2024,1,Sideways,1,0.6974,BUY,1,0,0.6802,SELL,0,10,"MFI,SMA_20,SMA_50,OBV,Daily_Return,Williams_R,Rolling_Median_Return,ADX,BB_Width,Price_Change",MFI
POWERGRID,2024-01-29,2024,1,Sideways,1,0.6978,BUY,1,0,0.6126,SELL,0,10,"SMA_50,SMA_20,Stochastic,OBV,MACD_Signal,ROC,EMA_26,SMA_10,Return_5d,MFI",SMA_50
POWERGRID,2024-01-30,2024,1,Sideways,1,0.6981,BUY,1,1,0.8478,BUY,1,10,"SMA_50,SMA_20,Stochastic,OBV,MACD_Signal,ROC,EMA_26,SMA_10,Return_5d,MFI",SMA_50
POWERGRID,2024-01-31,2024,1,Sideways,1,0.6985,BUY,1,1,0.9989,BUY,1,10,"SMA_50,SMA_20,Stochastic,OBV,MACD_Signal,ROC,EMA_26,SMA_10,Return_5d,MFI",SMA_50
POWERGRID,2024-02-01,2024,1,Sideways,1,0.6988,BUY,1,1,1.0,BUY,1,10,"SMA_50,SMA_20,Stochastic,OBV,MACD_Signal,ROC,EMA_26,SMA_10,Return_5d,MFI",SMA_50
POWERGRID,2024-02-02,2024,1,Sideways,1,0.6992,BUY,1,1,1.0,BUY,1,10,"SMA_50,SMA_20,Stochastic,OBV,MACD_Signal,ROC,EMA_26,SMA_10,Return_5d,MFI",SMA_50
POWERGRID,2024-02-05,2024,1,Sideways,1,0.6995,BUY,1,1,1.0,BUY,1,10,"SMA_50,SMA_20,Stochastic,OBV,MACD_Signal,ROC,EMA_26,SMA_10,Return_5d,MFI",SMA_50
POWERGRID,2024-02-06,2024,1,Sideways,1,0.6999,BUY,1,1,1.0,BUY,1,10,"SMA_50,SMA_20,Stochastic,OBV,MACD_Signal,ROC,EMA_26,SMA_10,Return_5d,MFI",SMA_50
POWERGRID,2024-02-07,2024,1,Sideways,1,0.7002,BUY,1,1,1.0,BUY,1,10,"SMA_50,SMA_20,Stochastic,OBV,MACD_Signal,ROC,EMA_26,SMA_10,Return_5d,MFI",SMA_50
POWERGRID,2024-02-08,2024,1,Sideways,1,0.7006,BUY,1,1,1.0,BUY,1,10,"SMA_50,SMA_20,Stochastic,OBV,MACD_Signal,ROC,EMA_26,SMA_10,Return_5d,MFI",SMA_50
POWERGRID,2024-02-09,2024,1,Sideways,1,0.7009,BUY,1,1,1.0,BUY,1,10,"SMA_50,SMA_20,Stochastic,OBV,MACD_Signal,ROC,EMA_26,SMA_10,Return_5d,MFI",SMA_50
POWERGRID,2024-02-12,2024,1,Sideways,1,0.7013,BUY,1,1,0.9976,BUY,1,10,"SMA_50,SMA_20,Stochastic,OBV,MACD_Signal,ROC,EMA_26,SMA_10,Return_5d,MFI",SMA_50
POWERGRID,2024-02-13,2024,0,Sideways,1,0.7016,BUY,0,1,0.7841,BUY,0,10,"SMA_50,SMA_20,Stochastic,OBV,MACD_Signal,ROC,EMA_26,SMA_10,Return_5d,MFI",SMA_50
POWERGRID,2024-02-14,2024,0,Sideways,1,0.7008,BUY,0,0,0.6546,SELL,1,10,"SMA_50,SMA_20,Stochastic,OBV,MACD_Signal,ROC,EMA_26,SMA_10,Return_5d,MFI",SMA_50
POWERGRID,2024-02-15,2024,0,Sideways,1,0.7,BUY,0,1,0.725,BUY,0,10,"SMA_50,SMA_20,Stochastic,OBV,MACD_Signal,ROC,EMA_26,SMA_10,Return_5d,MFI",SMA_50
POWERGRID,2024-02-16,2024,0,Sideways,1,0.6992,BUY,0,1,0.7429,BUY,0,10,"SMA_50,SMA_20,Stochastic,OBV,MACD_Signal,ROC,EMA_26,SMA_10,Return_5d,MFI",SMA_50
POWERGRID,2024-02-19,2024,0,Sideways,1,0.6984,BUY,0,1,0.8475,BUY,0,10,"SMA_50,SMA_20,Stochastic,OBV,MACD_Signal,ROC,EMA_26,SMA_10,Return_5d,MFI",SMA_50
POWERGRID,2024-02-20,2024,0,Sideways,1,0.6976,BUY,0,1,0.9102,BUY,0,10,"SMA_50,SMA_20,Stochastic,OBV,MACD_Signal,ROC,EMA_26,SMA_10,Return_5d,MFI",SMA_50
POWERGRID,2024-02-21,2024,0,Sideways,1,0.6968,BUY,0,1,0.8659,BUY,0,10,"SMA_50,SMA_20,Stochastic,OBV,MACD_Signal,ROC,EMA_26,SMA_10,Return_5d,MFI",SMA_50
POWERGRID,2024-02-22,2024,0,Sideways,1,0.696,BUY,0,1,0.9577,BUY,0,10,"SMA_50,SMA_20,Stochastic,OBV,MACD_Signal,ROC,EMA_26,SMA_10,Return_5d,MFI",SMA_50
POWERGRID,2024-02-23,2024,0,Sideways,1,0.6952,BUY,0,0,0.5017,NO TRADE,1,10,"SMA_50,SMA_20,Stochastic,OBV,MACD_Signal,ROC,EMA_26,SMA_10,Return_5d,MFI",SMA_50
POWERGRID,2024-02-26,2024,0,Sideways,1,0.6944,BUY,0,0,0.8566,SELL,1,10,"SMA_50,SMA_20,Stochastic,OBV,MACD_Signal,ROC,EMA_26,SMA_10,Return_5d,MFI",SMA_50
POWERGRID,2024-02-27,2024,0,Sideways,1,0.6936,BUY,0,0,0.8052,SELL,1,10,"SMA_50,SMA_20,Stochastic,OBV,MACD_Signal,ROC,EMA_26,SMA_10,Return_5d,MFI",SMA_50
POWERGRID,2024-02-28,2024,1,Sideways,1,0.6929,BUY,1,0,0.8575,SELL,0,10,"SMA_50,SMA_20,Stochastic,OBV,MACD_Signal,ROC,EMA_26,SMA_10,Return_5d,MFI",SMA_50
POWERGRID,2024-02-29,2024,0,Sideways,1,0.6932,BUY,0,1,0.5665,BUY,0,10,"SMA_50,SMA_20,Stochastic,OBV,MACD_Signal,ROC,EMA_26,SMA_10,Return_5d,MFI",SMA_50
POWERGRID,2024-03-01,2024,0,Sideways,1,0.6924,BUY,0,0,0.8446,SELL,1,10,"SMA_50,SMA_20,Stochastic,OBV,MACD_Signal,ROC,EMA_26,SMA_10,Return_5d,MFI",SMA_50
POWERGRID,2024-03-04,2024,0,Sideways,1,0.6916,BUY,0,0,0.9551,SELL,1,10,"SMA_50,SMA_20,Stochastic,OBV,MACD_Signal,ROC,EMA_26,SMA_10,Return_5d,MFI",SMA_50
POWERGRID,2024-03-05,2024,0,Sideways,1,0.6909,BUY,0,0,0.9384,SELL,1,10,"SMA_50,SMA_20,Stochastic,OBV,MACD_Signal,ROC,EMA_26,SMA_10,Return_5d,MFI",SMA_50
POWERGRID,2024-03-06,2024,0,Sideways,1,0.6901,BUY,0,0,0.9514,SELL,1,10,"SMA_50,SMA_20,Stochastic,OBV,MACD_Signal,ROC,EMA_26,SMA_10,Return_5d,MFI",SMA_50
POWERGRID,2024-03-07,2024,0,Sideways,1,0.6893,BUY,0,0,0.9632,SELL,1,10,"SMA_50,SMA_20,Stochastic,OBV,MACD_Signal,ROC,EMA_26,SMA_10,Return_5d,MFI",SMA_50
POWERGRID,2024-03-11,2024,0,Sideways,1,0.6885,BUY,0,0,0.5951,SELL,1,10,"SMA_50,SMA_20,Stochastic,OBV,MACD_Signal,ROC,EMA_26,SMA_10,Return_5d,MFI",SMA_50
POWERGRID,2024-03-12,2024,0,Sideways,1,0.6877,BUY,0,1,0.9881,BUY,0,10,"SMA_50,Stochastic,OBV,SMA_20,BB_Width,ADX,SMA_10,Williams_R,MACD_Signal,Rolling_Volatility",SMA_50
POWERGRID,2024-03-13,2024,1,Sideways,1,0.687,BUY,1,1,1.0,BUY,1,10,"SMA_50,Stochastic,OBV,SMA_20,BB_Width,ADX,SMA_10,Williams_R,MACD_Signal,Rolling_Volatility",SMA_50
POWERGRID,2024-03-14,2024,1,Sideways,1,0.6873,BUY,1,1,1.0,BUY,1,10,"SMA_50,Stochastic,OBV,SMA_20,BB_Width,ADX,SMA_10,Williams_R,MACD_Signal,Rolling_Volatility",SMA_50
POWERGRID,2024-03-15,2024,1,Sideways,1,0.6877,BUY,1,1,1.0,BUY,1,10,"SMA_50,Stochastic,OBV,SMA_20,BB_Width,ADX,SMA_10,Williams_R,MACD_Signal,Rolling_Volatility",SMA_50
POWERGRID,2024-03-18,2024,1,Sideways,1,0.688,BUY,1,1,1.0,BUY,1,10,"SMA_50,Stochastic,OBV,SMA_20,BB_Width,ADX,SMA_10,Williams_R,MACD_Signal,Rolling_Volatility",SMA_50
POWERGRID,2024-03-19,2024,1,Sideways,1,0.6884,BUY,1,1,1.0,BUY,1,10,"SMA_50,Stochastic,OBV,SMA_20,BB_Width,ADX,SMA_10,Williams_R,MACD_Signal,Rolling_Volatility",SMA_50
POWERGRID,2024-03-20,2024,1,Sideways,1,1.0,BUY,1,1,1.0,BUY,1,10,"SMA_50,Stochastic,OBV,SMA_20,BB_Width,ADX,SMA_10,Williams_R,MACD_Signal,Rolling_Volatility",SMA_50
POWERGRID,2024-03-21,2024,1,Sideways,1,1.0,BUY,1,1,1.0,BUY,1,10,"SMA_50,Stochastic,OBV,SMA_20,BB_Width,ADX,SMA_10,Williams_R,MACD_Signal,Rolling_Volatility",SMA_50
POWERGRID,2024-03-22,2024,1,Sideways,1,1.0,BUY,1,1,0.9999,BUY,1,10,"SMA_50,Stochastic,OBV,SMA_20,BB_Width,ADX,SMA_10,Williams_R,MACD_Signal,Rolling_Volatility",SMA_50
POWERGRID,2024-03-26,2024,1,Sideways,1,1.0,BUY,1,1,0.9995,BUY,1,10,"SMA_50,Stochastic,OBV,SMA_20,BB_Width,ADX,SMA_10,Williams_R,MACD_Signal,Rolling_Volatility",SMA_50
POWERGRID,2024-03-27,2024,1,Sideways,1,1.0,BUY,1,1,0.9979,BUY,1,10,"SMA_50,Stochastic,OBV,SMA_20,BB_Width,ADX,SMA_10,Williams_R,MACD_Signal,Rolling_Volatility",SMA_50
POWERGRID,2024-03-28,2024,1,Sideways,1,1.0,BUY,1,1,0.9538,BUY,1,10,"SMA_50,Stochastic,OBV,SMA_20,BB_Width,ADX,SMA_10,Williams_R,MACD_Signal,Rolling_Volatility",SMA_50
POWERGRID,2024-04-01,2024,1,Sideways,1,1.0,BUY,1,0,0.5595,SELL,0,10,"SMA_50,Stochastic,OBV,SMA_20,BB_Width,ADX,SMA_10,Williams_R,MACD_Signal,Rolling_Volatility",SMA_50
POWERGRID,2024-04-02,2024,1,Sideways,1,1.0,BUY,1,0,0.7726,SELL,0,10,"SMA_50,Stochastic,OBV,SMA_20,BB_Width,ADX,SMA_10,Williams_R,MACD_Signal,Rolling_Volatility",SMA_50
POWERGRID,2024-04-03,2024,1,Sideways,1,1.0,BUY,1,0,0.8558,SELL,0,10,"SMA_50,Stochastic,OBV,SMA_20,BB_Width,ADX,SMA_10,Williams_R,MACD_Signal,Rolling_Volatility",SMA_50
POWERGRID,2024-04-04,2024,1,Sideways,1,1.0,BUY,1,0,0.7809,SELL,0,10,"SMA_50,Stochastic,OBV,SMA_20,BB_Width,ADX,SMA_10,Williams_R,MACD_Signal,Rolling_Volatility",SMA_50
POWERGRID,2024-04-05,2024,1,Sideways,1,1.0,BUY,1,0,0.7643,SELL,0,10,"SMA_50,Stochastic,OBV,SMA_20,BB_Width,ADX,SMA_10,Williams_R,MACD_Signal,Rolling_Volatility",SMA_50
POWERGRID,2024-04-08,2024,1,Sideways,1,1.0,BUY,1,0,0.7475,SELL,0,10,"SMA_50,Stochastic,OBV,SMA_20,BB_Width,ADX,SMA_10,Williams_R,MACD_Signal,Rolling_Volatility",SMA_50
POWERGRID,2024-04-09,2024,1,Sideways,1,1.0,BUY,1,0,0.7024,SELL,0,10,"SMA_50,Stochastic,OBV,SMA_20,BB_Width,ADX,SMA_10,Williams_R,MACD_Signal,Rolling_Volatility",SMA_50
POWERGRID,2024-04-10,2024,1,Sideways,1,1.0,BUY,1,0,0.7022,SELL,0,10,"SMA_50,Stochastic,OBV,SMA_20,BB_Width,ADX,SMA_10,Williams_R,MACD_Signal,Rolling_Volatility",SMA_50
POWERGRID,2024-04-12,2024,1,Sideways,1,1.0,BUY,1,1,0.5604,BUY,1,10,"SMA_50,Stochastic,OBV,SMA_20,BB_Width,ADX,SMA_10,Williams_R,MACD_Signal,Rolling_Volatility",SMA_50
POWERGRID,2024-04-15,2024,1,Sideways,1,1.0,BUY,1,1,0.5619,BUY,1,10,"SMA_50,Stochastic,OBV,SMA_20,BB_Width,ADX,SMA_10,Williams_R,MACD_Signal,Rolling_Volatility",SMA_50
POWERGRID,2024-04-16,2024,1,Sideways,1,1.0,BUY,1,1,0.7872,BUY,1,10,"SMA_50,Stochastic,OBV,SMA_20,BB_Width,ADX,SMA_10,Williams_R,MACD_Signal,Rolling_Volatility",SMA_50
POWERGRID,2024-04-18,2024,1,Sideways,1,1.0,BUY,1,1,0.5638,BUY,1,10,"SMA_50,Stochastic,OBV,SMA_20,BB_Width,ADX,SMA_10,Williams_R,MACD_Signal,Rolling_Volatility",SMA_50
POWERGRID,2024-04-19,2024,1,Sideways,1,1.0,BUY,1,0,0.6262,SELL,0,10,"SMA_50,Stochastic,OBV,SMA_20,BB_Width,ADX,SMA_10,Williams_R,MACD_Signal,Rolling_Volatility",SMA_50
POWERGRID,2024-04-22,2024,1,Sideways,1,1.0,BUY,1,0,0.7712,SELL,0,10,"SMA_50,Stochastic,OBV,SMA_20,BB_Width,ADX,SMA_10,Williams_R,MACD_Signal,Rolling_Volatility",SMA_50
POWERGRID,2024-04-23,2024,1,Sideways,1,1.0,BUY,1,0,0.7999,SELL,0,10,"SMA_50,Stochastic,OBV,SMA_20,BB_Width,ADX,SMA_10,Williams_R,MACD_Signal,Rolling_Volatility",SMA_50
POWERGRID,2024-04-24,2024,1,Sideways,1,1.0,BUY,1,0,0.6778,SELL,0,10,"SMA_50,Stochastic,OBV,SMA_20,BB_Width,ADX,SMA_10,Williams_R,MACD_Signal,Rolling_Volatility",SMA_50
POWERGRID,2024-04-25,2024,1,Sideways,1,1.0,BUY,1,1,0.6489,BUY,1,10,"SMA_50,Stochastic,OBV,SMA_20,BB_Width,ADX,SMA_10,Williams_R,MACD_Signal,Rolling_Volatility",SMA_50
POWERGRID,2024-04-26,2024,1,Sideways,1,1.0,BUY,1,1,0.7899,BUY,1,10,"SMA_50,Stochastic,OBV,SMA_20,BB_Width,ADX,SMA_10,Williams_R,MACD_Signal,Rolling_Volatility",SMA_50
POWERGRID,2024-04-29,2024,1,Sideways,1,1.0,BUY,1,1,0.8654,BUY,1,10,"SMA_50,MACD_Hist,EMA_12,Williams_R,MACD_Signal,OBV,Rolling_Mean_Return,Stochastic,EMA_26,BB_Width",SMA_50
POWERGRID,2024-04-30,2024,1,Sideways,1,1.0,BUY,1,1,0.8712,BUY,1,10,"SMA_50,MACD_Hist,EMA_12,Williams_R,MACD_Signal,OBV,Rolling_Mean_Return,Stochastic,EMA_26,BB_Width",SMA_50
POWERGRID,2024-05-02,2024,0,Sideways,1,1.0,BUY,0,1,0.8765,BUY,0,10,"SMA_50,MACD_Hist,EMA_12,Williams_R,MACD_Signal,OBV,Rolling_Mean_Return,Stochastic,EMA_26,BB_Width",SMA_50
POWERGRID,2024-05-03,2024,1,Sideways,0,1.0,SELL,0,1,0.8418,BUY,1,10,"SMA_50,MACD_Hist,EMA_12,Williams_R,MACD_Signal,OBV,Rolling_Mean_Return,Stochastic,EMA_26,BB_Width",SMA_50
POWERGRID,2024-05-06,2024,0,Sideways,1,0.9905,BUY,0,1,0.8478,BUY,0,10,"SMA_50,MACD_Hist,EMA_12,Williams_R,MACD_Signal,OBV,Rolling_Mean_Return,Stochastic,EMA_26,BB_Width",SMA_50
POWERGRID,2024-05-07,2024,1,Sideways,1,1.0,BUY,1,1,0.9625,BUY,1,10,"SMA_50,MACD_Hist,EMA_12,Williams_R,MACD_Signal,OBV,Rolling_Mean_Return,Stochastic,EMA_26,BB_Width",SMA_50
POWERGRID,2024-05-08,2024,0,Sideways,0,0.8506,SELL,1,1,0.9739,BUY,0,10,"SMA_50,MACD_Hist,EMA_12,Williams_R,MACD_Signal,OBV,Rolling_Mean_Return,Stochastic,EMA_26,BB_Width",SMA_50
POWERGRID,2024-05-09,2024,1,Sideways,0,0.8506,SELL,0,0,0.6182,SELL,0,10,"SMA_50,MACD_Hist,EMA_12,Williams_R,MACD_Signal,OBV,Rolling_Mean_Return,Stochastic,EMA_26,BB_Width",SMA_50
POWERGRID,2024-05-10,2024,1,Sideways,0,0.8506,SELL,0,0,0.6058,SELL,0,10,"SMA_50,MACD_Hist,EMA_12,Williams_R,MACD_Signal,OBV,Rolling_Mean_Return,Stochastic,EMA_26,BB_Width",SMA_50
POWERGRID,2024-05-13,2024,1,Sideways,0,0.8506,SELL,0,1,0.5003,NO TRADE,1,10,"SMA_50,MACD_Hist,EMA_12,Williams_R,MACD_Signal,OBV,Rolling_Mean_Return,Stochastic,EMA_26,BB_Width",SMA_50
POWERGRID,2024-05-14,2024,1,Sideways,0,0.8141,SELL,0,1,0.5714,BUY,1,10,"SMA_50,MACD_Hist,EMA_12,Williams_R,MACD_Signal,OBV,Rolling_Mean_Return,Stochastic,EMA_26,BB_Width",SMA_50
POWERGRID,2024-05-15,2024,1,Sideways,0,1.0,SELL,0,1,0.6095,BUY,1,10,"SMA_50,MACD_Hist,EMA_12,Williams_R,MACD_Signal,OBV,Rolling_Mean_Return,Stochastic,EMA_26,BB_Width",SMA_50
POWERGRID,2024-05-16,2024,1,Sideways,0,1.0,SELL,0,0,0.5136,NO TRADE,0,10,"SMA_50,MACD_Hist,EMA_12,Williams_R,MACD_Signal,OBV,Rolling_Mean_Return,Stochastic,EMA_26,BB_Width",SMA_50
POWERGRID,2024-05-17,2024,1,Sideways,0,1.0,SELL,0,1,0.5982,BUY,1,10,"SMA_50,MACD_Hist,EMA_12,Williams_R,MACD_Signal,OBV,Rolling_Mean_Return,Stochastic,EMA_26,BB_Width",SMA_50
POWERGRID,2024-05-21,2024,1,Sideways,0,1.0,SELL,0,1,0.8167,BUY,1,10,"SMA_50,MACD_Hist,EMA_12,Williams_R,MACD_Signal,OBV,Rolling_Mean_Return,Stochastic,EMA_26,BB_Width",SMA_50
POWERGRID,2024-05-22,2024,0,Sideways,0,1.0,SELL,1,1,0.8232,BUY,0,10,"SMA_50,MACD_Hist,EMA_12,Williams_R,MACD_Signal,OBV,Rolling_Mean_Return,Stochastic,EMA_26,BB_Width",SMA_50
POWERGRID,2024-05-23,2024,1,Sideways,0,1.0,SELL,0,1,0.9874,BUY,1,10,"SMA_50,MACD_Hist,EMA_12,Williams_R,MACD_Signal,OBV,Rolling_Mean_Return,Stochastic,EMA_26,BB_Width",SMA_50
POWERGRID,2024-05-24,2024,1,Sideways,0,1.0,SELL,0,1,0.7951,BUY,1,10,"SMA_50,MACD_Hist,EMA_12,Williams_R,MACD_Signal,OBV,Rolling_Mean_Return,Stochastic,EMA_26,BB_Width",SMA_50
POWERGRID,2024-05-27,2024,1,Sideways,0,1.0,SELL,0,1,0.9479,BUY,1,10,"SMA_50,MACD_Hist,EMA_12,Williams_R,MACD_Signal,OBV,Rolling_Mean_Return,Stochastic,EMA_26,BB_Width",SMA_50
POWERGRID,2024-05-28,2024,1,Sideways,0,1.0,SELL,0,1,0.9392,BUY,1,10,"SMA_50,MACD_Hist,EMA_12,Williams_R,MACD_Signal,OBV,Rolling_Mean_Return,Stochastic,EMA_26,BB_Width",SMA_50
POWERGRID,2024-05-29,2024,1,Sideways,0,1.0,SELL,0,1,0.9355,BUY,1,10,"SMA_50,MACD_Hist,EMA_12,Williams_R,MACD_Signal,OBV,Rolling_Mean_Return,Stochastic,EMA_26,BB_Width",SMA_50
POWERGRID,2024-05-30,2024,1,Sideways,0,1.0,SELL,0,1,0.9941,BUY,1,10,"SMA_50,MACD_Hist,EMA_12,Williams_R,MACD_Signal,OBV,Rolling_Mean_Return,Stochastic,EMA_26,BB_Width",SMA_50
POWERGRID,2024-05-31,2024,1,Sideways,0,1.0,SELL,0,1,0.9971,BUY,1,10,"SMA_50,MACD_Hist,EMA_12,Williams_R,MACD_Signal,OBV,Rolling_Mean_Return,Stochastic,EMA_26,BB_Width",SMA_50
POWERGRID,2024-06-03,2024,0,Sideways,0,1.0,SELL,1,1,0.8019,BUY,0,10,"SMA_50,MACD_Hist,EMA_12,Williams_R,MACD_Signal,OBV,Rolling_Mean_Return,Stochastic,EMA_26,BB_Width",SMA_50
POWERGRID,2024-06-04,2024,1,Sideways,0,1.0,SELL,0,1,0.9989,BUY,1,10,"SMA_50,MACD_Hist,EMA_12,Williams_R,MACD_Signal,OBV,Rolling_Mean_Return,Stochastic,EMA_26,BB_Width",SMA_50
POWERGRID,2024-06-05,2024,1,Sideways,1,1.0,BUY,1,1,1.0,BUY,1,10,"SMA_50,MACD_Hist,EMA_12,Williams_R,MACD_Signal,OBV,Rolling_Mean_Return,Stochastic,EMA_26,BB_Width",SMA_50
POWERGRID,2024-06-06,2024,1,Sideways,1,1.0,BUY,1,1,1.0,BUY,1,10,"SMA_50,MACD_Hist,EMA_12,Williams_R,MACD_Signal,OBV,Rolling_Mean_Return,Stochastic,EMA_26,BB_Width",SMA_50
POWERGRID,2024-06-07,2024,1,Sideways,1,1.0,BUY,1,1,0.9998,BUY,1,10,"SMA_50,MACD_Hist,EMA_12,Williams_R,MACD_Signal,OBV,Rolling_Mean_Return,Stochastic,EMA_26,BB_Width",SMA_50
POWERGRID,2024-06-10,2024,1,Sideways,1,1.0,BUY,1,1,0.9839,BUY,1,10,"SMA_50,MACD_Hist,EMA_12,Williams_R,MACD_Signal,OBV,Rolling_Mean_Return,Stochastic,EMA_26,BB_Width",SMA_50
POWERGRID,2024-06-11,2024,1,Sideways,1,1.0,BUY,1,1,0.8935,BUY,1,10,"SMA_50,MACD_Hist,EMA_12,Williams_R,MACD_Signal,OBV,Rolling_Mean_Return,Stochastic,EMA_26,BB_Width",SMA_50
POWERGRID,2024-06-12,2024,1,Sideways,1,1.0,BUY,1,1,0.5041,NO TRADE,1,10,"SMA_50,MACD_Hist,OBV,MACD_Signal,MACD,ROC,Stochastic,Volume_MA,Price_Change,Williams_R",SMA_50
POWERGRID,2024-06-13,2024,1,Sideways,1,1.0,BUY,1,0,0.876,SELL,0,10,"SMA_50,MACD_Hist,OBV,MACD_Signal,MACD,ROC,Stochastic,Volume_MA,Price_Change,Williams_R",SMA_50
POWERGRID,2024-06-14,2024,1,Sideways,1,1.0,BUY,1,0,0.8727,SELL,0,10,"SMA_50,MACD_Hist,OBV,MACD_Signal,MACD,ROC,Stochastic,Volume_MA,Price_Change,Williams_R",SMA_50
POWERGRID,2024-06-18,2024,1,Sideways,1,1.0,BUY,1,1,0.8454,BUY,1,10,"SMA_50,MACD_Hist,OBV,MACD_Signal,MACD,ROC,Stochastic,Volume_MA,Price_Change,Williams_R",SMA_50
POWERGRID,2024-06-19,2024,1,Sideways,1,1.0,BUY,1,1,1.0,BUY,1,10,"SMA_50,MACD_Hist,OBV,MACD_Signal,MACD,ROC,Stochastic,Volume_MA,Price_Change,Williams_R",SMA_50
POWERGRID,2024-06-20,2024,1,Sideways,1,1.0,BUY,1,0,0.8577,SELL,0,10,"SMA_50,MACD_Hist,OBV,MACD_Signal,MACD,ROC,Stochastic,Volume_MA,Price_Change,Williams_R",SMA_50
POWERGRID,2024-06-21,2024,1,Sideways,1,1.0,BUY,1,0,0.8539,SELL,0,10,"SMA_50,MACD_Hist,OBV,MACD_Signal,MACD,ROC,Stochastic,Volume_MA,Price_Change,Williams_R",SMA_50
POWERGRID,2024-06-24,2024,1,Sideways,1,1.0,BUY,1,0,0.7883,SELL,0,10,"SMA_50,MACD_Hist,OBV,MACD_Signal,MACD,ROC,Stochastic,Volume_MA,Price_Change,Williams_R",SMA_50
POWERGRID,2024-06-25,2024,1,Sideways,1,1.0,BUY,1,1,1.0,BUY,1,10,"SMA_50,MACD_Hist,OBV,MACD_Signal,MACD,ROC,Stochastic,Volume_MA,Price_Change,Williams_R",SMA_50
POWERGRID,2024-06-26,2024,1,Sideways,1,1.0,BUY,1,0,0.9082,SELL,0,10,"SMA_50,MACD_Hist,OBV,MACD_Signal,MACD,ROC,Stochastic,Volume_MA,Price_Change,Williams_R",SMA_50
POWERGRID,2024-06-27,2024,1,Sideways,1,1.0,BUY,1,0,0.844,SELL,0,10,"SMA_50,MACD_Hist,OBV,MACD_Signal,MACD,ROC,Stochastic,Volume_MA,Price_Change,Williams_R",SMA_50
POWERGRID,2024-06-28,2024,1,Sideways,1,1.0,BUY,1,0,0.8812,SELL,0,10,"SMA_50,MACD_Hist,OBV,MACD_Signal,MACD,ROC,Stochastic,Volume_MA,Price_Change,Williams_R",SMA_50
POWERGRID,2024-07-01,2024,1,Sideways,1,1.0,BUY,1,0,0.8273,SELL,0,10,"SMA_50,MACD_Hist,OBV,MACD_Signal,MACD,ROC,Stochastic,Volume_MA,Price_Change,Williams_R",SMA_50
POWERGRID,2024-07-02,2024,1,Sideways,1,1.0,BUY,1,0,0.6439,SELL,0,10,"SMA_50,MACD_Hist,OBV,MACD_Signal,MACD,ROC,Stochastic,Volume_MA,Price_Change,Williams_R",SMA_50
POWERGRID,2024-07-03,2024,1,Sideways,1,1.0,BUY,1,0,0.822,SELL,0,10,"SMA_50,MACD_Hist,OBV,MACD_Signal,MACD,ROC,Stochastic,Volume_MA,Price_Change,Williams_R",SMA_50
POWERGRID,2024-07-04,2024,1,Sideways,1,1.0,BUY,1,0,0.8717,SELL,0,10,"SMA_50,MACD_Hist,OBV,MACD_Signal,MACD,ROC,Stochastic,Volume_MA,Price_Change,Williams_R",SMA_50
POWERGRID,2024-07-05,2024,1,Sideways,1,1.0,BUY,1,0,0.8337,SELL,0,10,"SMA_50,MACD_Hist,OBV,MACD_Signal,MACD,ROC,Stochastic,Volume_MA,Price_Change,Williams_R",SMA_50
POWERGRID,2024-07-08,2024,1,Sideways,1,1.0,BUY,1,0,0.7975,SELL,0,10,"SMA_50,MACD_Hist,OBV,MACD_Signal,MACD,ROC,Stochastic,Volume_MA,Price_Change,Williams_R",SMA_50
POWERGRID,2024-07-09,2024,1,Sideways,1,1.0,BUY,1,0,0.791,SELL,0,10,"SMA_50,MACD_Hist,OBV,MACD_Signal,MACD,ROC,Stochastic,Volume_MA,Price_Change,Williams_R",SMA_50
POWERGRID,2024-07-10,2024,0,Sideways,1,1.0,BUY,0,0,0.6075,SELL,1,10,"SMA_50,MACD_Hist,OBV,MACD_Signal,MACD,ROC,Stochastic,Volume_MA,Price_Change,Williams_R",SMA_50
POWERGRID,2024-07-11,2024,1,Sideways,1,0.967,BUY,1,0,0.7306,SELL,0,10,"SMA_50,MACD_Hist,OBV,MACD_Signal,MACD,ROC,Stochastic,Volume_MA,Price_Change,Williams_R",SMA_50
POWERGRID,2024-07-12,2024,0,Sideways,1,0.9516,BUY,0,0,0.7467,SELL,1,10,"SMA_50,MACD_Hist,OBV,MACD_Signal,MACD,ROC,Stochastic,Volume_MA,Price_Change,Williams_R",SMA_50
POWERGRID,2024-07-15,2024,0,Sideways,0,1.0,SELL,1,0,0.8363,SELL,1,10,"SMA_50,MACD_Hist,OBV,MACD_Signal,MACD,ROC,Stochastic,Volume_MA,Price_Change,Williams_R",SMA_50
POWERGRID,2024-07-16,2024,0,Sideways,0,1.0,SELL,1,0,0.8527,SELL,1,10,"SMA_50,MACD_Hist,OBV,MACD_Signal,MACD,ROC,Stochastic,Volume_MA,Price_Change,Williams_R",SMA_50
POWERGRID,2024-07-18,2024,1,Sideways,0,1.0,SELL,0,0,0.79,SELL,0,10,"SMA_50,MACD_Hist,OBV,MACD_Signal,MACD,ROC,Stochastic,Volume_MA,Price_Change,Williams_R",SMA_50
POWERGRID,2024-07-19,2024,1,Sideways,1,1.0,BUY,1,1,1.0,BUY,1,10,"SMA_50,MACD_Hist,OBV,MACD_Signal,MACD,ROC,Stochastic,Volume_MA,Price_Change,Williams_R",SMA_50
POWERGRID,2024-07-22,2024,1,Sideways,1,1.0,BUY,1,1,0.9609,BUY,1,10,"SMA_50,MACD_Hist,OBV,MACD_Signal,MACD,ROC,Stochastic,Volume_MA,Price_Change,Williams_R",SMA_50
POWERGRID,2024-07-23,2024,1,Sideways,1,1.0,BUY,1,1,1.0,BUY,1,10,"SMA_50,MACD_Hist,OBV,MACD_Signal,MACD,ROC,Stochastic,Volume_MA,Price_Change,Williams_R",SMA_50
POWERGRID,2024-07-24,2024,0,Sideways,1,1.0,BUY,0,1,0.9729,BUY,0,10,"SMA_50,MACD_Hist,OBV,MACD_Signal,MACD,ROC,Stochastic,Volume_MA,Price_Change,Williams_R",SMA_50
POWERGRID,2024-07-25,2024,0,Sideways,0,1.0,SELL,1,1,0.9032,BUY,0,10,"SMA_50,MACD_Hist,OBV,MACD_Signal,MACD,ROC,Stochastic,Volume_MA,Price_Change,Williams_R",SMA_50
POWERGRID,2024-07-26,2024,0,Sideways,0,1.0,SELL,1,1,1.0,BUY,0,10,"MACD,SMA_20,SMA_50,SMA_10,OBV,MACD_Hist,BB_Upper,Open_Close_Pct,ATR_14,Williams_R",MACD
POWERGRID,2024-07-29,2024,0,Sideways,0,1.0,SELL,1,0,1.0,SELL,1,10,"MACD,SMA_20,SMA_50,SMA_10,OBV,MACD_Hist,BB_Upper,Open_Close_Pct,ATR_14,Williams_R",MACD
POWERGRID,2024-07-30,2024,0,Sideways,0,1.0,SELL,1,0,1.0,SELL,1,10,"MACD,SMA_20,SMA_50,SMA_10,OBV,MACD_Hist,BB_Upper,Open_Close_Pct,ATR_14,Williams_R",MACD
POWERGRID,2024-07-31,2024,0,Sideways,0,1.0,SELL,1,0,1.0,SELL,1,10,"MACD,SMA_20,SMA_50,SMA_10,OBV,MACD_Hist,BB_Upper,Open_Close_Pct,ATR_14,Williams_R",MACD
POWERGRID,2024-08-01,2024,0,Sideways,0,1.0,SELL,1,0,1.0,SELL,1,10,"MACD,SMA_20,SMA_50,SMA_10,OBV,MACD_Hist,BB_Upper,Open_Close_Pct,ATR_14,Williams_R",MACD
POWERGRID,2024-08-02,2024,0,Sideways,0,0.9995,SELL,1,0,1.0,SELL,1,10,"MACD,SMA_20,SMA_50,SMA_10,OBV,MACD_Hist,BB_Upper,Open_Close_Pct,ATR_14,Williams_R",MACD
POWERGRID,2024-08-05,2024,0,Sideways,0,1.0,SELL,1,0,1.0,SELL,1,10,"MACD,SMA_20,SMA_50,SMA_10,OBV,MACD_Hist,BB_Upper,Open_Close_Pct,ATR_14,Williams_R",MACD
POWERGRID,2024-08-06,2024,0,Sideways,0,1.0,SELL,1,0,1.0,SELL,1,10,"MACD,SMA_20,SMA_50,SMA_10,OBV,MACD_Hist,BB_Upper,Open_Close_Pct,ATR_14,Williams_R",MACD
POWERGRID,2024-08-07,2024,0,Sideways,1,1.0,BUY,0,0,1.0,SELL,1,10,"MACD,SMA_20,SMA_50,SMA_10,OBV,MACD_Hist,BB_Upper,Open_Close_Pct,ATR_14,Williams_R",MACD
POWERGRID,2024-08-08,2024,0,Sideways,0,1.0,SELL,1,0,1.0,SELL,1,10,"MACD,SMA_20,SMA_50,SMA_10,OBV,MACD_Hist,BB_Upper,Open_Close_Pct,ATR_14,Williams_R",MACD
POWERGRID,2024-08-09,2024,0,Sideways,0,1.0,SELL,1,0,1.0,SELL,1,10,"MACD,SMA_20,SMA_50,SMA_10,OBV,MACD_Hist,BB_Upper,Open_Close_Pct,ATR_14,Williams_R",MACD
POWERGRID,2024-08-12,2024,0,Sideways,0,1.0,SELL,1,0,1.0,SELL,1,10,"MACD,SMA_20,SMA_50,SMA_10,OBV,MACD_Hist,BB_Upper,Open_Close_Pct,ATR_14,Williams_R",MACD
POWERGRID,2024-08-13,2024,0,Sideways,0,0.998,SELL,1,0,1.0,SELL,1,10,"MACD,SMA_20,SMA_50,SMA_10,OBV,MACD_Hist,BB_Upper,Open_Close_Pct,ATR_14,Williams_R",MACD
POWERGRID,2024-08-14,2024,1,Sideways,1,0.9312,BUY,1,0,1.0,SELL,0,10,"MACD,SMA_20,SMA_50,SMA_10,OBV,MACD_Hist,BB_Upper,Open_Close_Pct,ATR_14,Williams_R",MACD
POWERGRID,2024-08-16,2024,0,Sideways,1,1.0,BUY,0,0,1.0,SELL,1,10,"MACD,SMA_20,SMA_50,SMA_10,OBV,MACD_Hist,BB_Upper,Open_Close_Pct,ATR_14,Williams_R",MACD
POWERGRID,2024-08-19,2024,0,Sideways,1,0.9994,BUY,0,0,1.0,SELL,1,10,"MACD,SMA_20,SMA_50,SMA_10,OBV,MACD_Hist,BB_Upper,Open_Close_Pct,ATR_14,Williams_R",MACD
POWERGRID,2024-08-20,2024,0,Sideways,1,0.962,BUY,0,0,1.0,SELL,1,10,"MACD,SMA_20,SMA_50,SMA_10,OBV,MACD_Hist,BB_Upper,Open_Close_Pct,ATR_14,Williams_R",MACD
POWERGRID,2024-08-21,2024,0,Sideways,1,0.7242,BUY,0,0,1.0,SELL,1,10,"MACD,SMA_20,SMA_50,SMA_10,OBV,MACD_Hist,BB_Upper,Open_Close_Pct,ATR_14,Williams_R",MACD
POWERGRID,2024-08-22,2024,1,Sideways,0,0.5174,NO TRADE,0,0,0.9999,SELL,0,10,"MACD,SMA_20,SMA_50,SMA_10,OBV,MACD_Hist,BB_Upper,Open_Close_Pct,ATR_14,Williams_R",MACD
POWERGRID,2024-08-23,2024,1,Sideways,1,0.9999,BUY,1,0,1.0,SELL,0,10,"MACD,SMA_20,SMA_50,SMA_10,OBV,MACD_Hist,BB_Upper,Open_Close_Pct,ATR_14,Williams_R",MACD
POWERGRID,2024-08-26,2024,1,Sideways,1,1.0,BUY,1,0,0.9988,SELL,0,10,"MACD,SMA_20,SMA_50,SMA_10,OBV,MACD_Hist,BB_Upper,Open_Close_Pct,ATR_14,Williams_R",MACD
POWERGRID,2024-08-27,2024,1,Sideways,1,1.0,BUY,1,0,0.9934,SELL,0,10,"MACD,SMA_20,SMA_50,SMA_10,OBV,MACD_Hist,BB_Upper,Open_Close_Pct,ATR_14,Williams_R",MACD
POWERGRID,2024-08-28,2024,1,Sideways,1,1.0,BUY,1,0,0.9537,SELL,0,10,"MACD,SMA_20,SMA_50,SMA_10,OBV,MACD_Hist,BB_Upper,Open_Close_Pct,ATR_14,Williams_R",MACD
POWERGRID,2024-08-29,2024,1,Sideways,1,1.0,BUY,1,0,0.921,SELL,0,10,"MACD,SMA_20,SMA_50,SMA_10,OBV,MACD_Hist,BB_Upper,Open_Close_Pct,ATR_14,Williams_R",MACD
POWERGRID,2024-08-30,2024,1,Sideways,1,1.0,BUY,1,0,0.9676,SELL,0,10,"MACD,SMA_20,SMA_50,SMA_10,OBV,MACD_Hist,BB_Upper,Open_Close_Pct,ATR_14,Williams_R",MACD
POWERGRID,2024-09-02,2024,1,Sideways,1,1.0,BUY,1,0,0.8702,SELL,0,10,"MACD,SMA_20,SMA_50,SMA_10,OBV,MACD_Hist,BB_Upper,Open_Close_Pct,ATR_14,Williams_R",MACD
POWERGRID,2024-09-03,2024,1,Sideways,1,1.0,BUY,1,0,0.5836,SELL,0,10,"MACD,SMA_20,SMA_50,SMA_10,OBV,MACD_Hist,BB_Upper,Open_Close_Pct,ATR_14,Williams_R",MACD
POWERGRID,2024-09-04,2024,1,Sideways,1,1.0,BUY,1,1,0.6245,BUY,1,10,"MACD,SMA_20,SMA_50,SMA_10,OBV,MACD_Hist,BB_Upper,Open_Close_Pct,ATR_14,Williams_R",MACD
POWERGRID,2024-09-05,2024,1,Sideways,1,1.0,BUY,1,1,0.902,BUY,1,10,"MACD,SMA_20,SMA_50,SMA_10,OBV,MACD_Hist,BB_Upper,Open_Close_Pct,ATR_14,Williams_R",MACD
POWERGRID,2024-09-06,2024,0,Sideways,1,1.0,BUY,0,1,0.8674,BUY,0,10,"MACD,SMA_20,SMA_50,SMA_10,OBV,MACD_Hist,BB_Upper,Open_Close_Pct,ATR_14,Williams_R",MACD
POWERGRID,2024-09-09,2024,0,Sideways,1,1.0,BUY,0,1,0.9998,BUY,0,10,"ATR_14,Volume_MA,SMA_20,Rolling_Volatility,SMA_10,EMA_12,MACD_Hist,MACD,MFI,SMA_50",ATR_14
POWERGRID,2024-09-10,2024,0,Sideways,1,1.0,BUY,0,1,0.7994,BUY,0,10,"ATR_14,Volume_MA,SMA_20,Rolling_Volatility,SMA_10,EMA_12,MACD_Hist,MACD,MFI,SMA_50",ATR_14
POWERGRID,2024-09-11,2024,1,Sideways,1,0.9843,BUY,1,1,0.6141,BUY,1,10,"ATR_14,Volume_MA,SMA_20,Rolling_Volatility,SMA_10,EMA_12,MACD_Hist,MACD,MFI,SMA_50",ATR_14
POWERGRID,2024-09-12,2024,0,Sideways,1,0.9953,BUY,0,1,0.6794,BUY,0,10,"ATR_14,Volume_MA,SMA_20,Rolling_Volatility,SMA_10,EMA_12,MACD_Hist,MACD,MFI,SMA_50",ATR_14
POWERGRID,2024-09-13,2024,0,Sideways,0,0.5794,SELL,1,1,0.6376,BUY,0,10,"ATR_14,Volume_MA,SMA_20,Rolling_Volatility,SMA_10,EMA_12,MACD_Hist,MACD,MFI,SMA_50",ATR_14
POWERGRID,2024-09-16,2024,0,Sideways,0,0.9985,SELL,1,1,0.6088,BUY,0,10,"ATR_14,Volume_MA,SMA_20,Rolling_Volatility,SMA_10,EMA_12,MACD_Hist,MACD,MFI,SMA_50",ATR_14
POWERGRID,2024-09-17,2024,0,Sideways,0,1.0,SELL,1,1,0.5429,NO TRADE,0,10,"ATR_14,Volume_MA,SMA_20,Rolling_Volatility,SMA_10,EMA_12,MACD_Hist,MACD,MFI,SMA_50",ATR_14
POWERGRID,2024-09-18,2024,0,Sideways,0,1.0,SELL,1,1,0.5186,NO TRADE,0,10,"ATR_14,Volume_MA,SMA_20,Rolling_Volatility,SMA_10,EMA_12,MACD_Hist,MACD,MFI,SMA_50",ATR_14
POWERGRID,2024-09-19,2024,0,Sideways,0,1.0,SELL,1,0,0.5545,SELL,1,10,"ATR_14,Volume_MA,SMA_20,Rolling_Volatility,SMA_10,EMA_12,MACD_Hist,MACD,MFI,SMA_50",ATR_14
POWERGRID,2024-09-20,2024,0,Sideways,0,1.0,SELL,1,0,0.5393,NO TRADE,1,10,"ATR_14,Volume_MA,SMA_20,Rolling_Volatility,SMA_10,EMA_12,MACD_Hist,MACD,MFI,SMA_50",ATR_14
POWERGRID,2024-09-23,2024,0,Sideways,0,1.0,SELL,1,1,0.525,NO TRADE,0,10,"ATR_14,Volume_MA,SMA_20,Rolling_Volatility,SMA_10,EMA_12,MACD_Hist,MACD,MFI,SMA_50",ATR_14
POWERGRID,2024-09-24,2024,0,Sideways,0,1.0,SELL,1,0,0.526,NO TRADE,1,10,"ATR_14,Volume_MA,SMA_20,Rolling_Volatility,SMA_10,EMA_12,MACD_Hist,MACD,MFI,SMA_50",ATR_14
POWERGRID,2024-09-25,2024,0,Sideways,0,1.0,SELL,1,0,0.7096,SELL,1,10,"ATR_14,Volume_MA,SMA_20,Rolling_Volatility,SMA_10,EMA_12,MACD_Hist,MACD,MFI,SMA_50",ATR_14
POWERGRID,2024-09-26,2024,0,Sideways,0,1.0,SELL,1,0,0.7949,SELL,1,10,"ATR_14,Volume_MA,SMA_20,Rolling_Volatility,SMA_10,EMA_12,MACD_Hist,MACD,MFI,SMA_50",ATR_14
POWERGRID,2024-09-27,2024,0,Sideways,0,1.0,SELL,1,0,0.9148,SELL,1,10,"ATR_14,Volume_MA,SMA_20,Rolling_Volatility,SMA_10,EMA_12,MACD_Hist,MACD,MFI,SMA_50",ATR_14
POWERGRID,2024-09-30,2024,0,Sideways,0,1.0,SELL,1,0,0.9312,SELL,1,10,"ATR_14,Volume_MA,SMA_20,Rolling_Volatility,SMA_10,EMA_12,MACD_Hist,MACD,MFI,SMA_50",ATR_14
POWERGRID,2024-10-01,2024,0,Sideways,0,1.0,SELL,1,0,0.9218,SELL,1,10,"ATR_14,Volume_MA,SMA_20,Rolling_Volatility,SMA_10,EMA_12,MACD_Hist,MACD,MFI,SMA_50",ATR_14
POWERGRID,2024-10-03,2024,0,Sideways,0,1.0,SELL,1,0,0.921,SELL,1,10,"ATR_14,Volume_MA,SMA_20,Rolling_Volatility,SMA_10,EMA_12,MACD_Hist,MACD,MFI,SMA_50",ATR_14
POWERGRID,2024-10-04,2024,0,Sideways,0,1.0,SELL,1,0,0.9307,SELL,1,10,"ATR_14,Volume_MA,SMA_20,Rolling_Volatility,SMA_10,EMA_12,MACD_Hist,MACD,MFI,SMA_50",ATR_14
POWERGRID,2024-10-07,2024,0,Sideways,0,1.0,SELL,1,0,0.9616,SELL,1,10,"ATR_14,Volume_MA,SMA_20,Rolling_Volatility,SMA_10,EMA_12,MACD_Hist,MACD,MFI,SMA_50",ATR_14
POWERGRID,2024-10-08,2024,0,Sideways,0,1.0,SELL,1,0,0.9563,SELL,1,10,"ATR_14,Volume_MA,SMA_20,Rolling_Volatility,SMA_10,EMA_12,MACD_Hist,MACD,MFI,SMA_50",ATR_14
POWERGRID,2024-10-09,2024,0,Sideways,0,1.0,SELL,1,0,0.9341,SELL,1,10,"ATR_14,Volume_MA,SMA_20,Rolling_Volatility,SMA_10,EMA_12,MACD_Hist,MACD,MFI,SMA_50",ATR_14
POWERGRID,2024-10-10,2024,0,Sideways,0,1.0,SELL,1,0,0.9211,SELL,1,10,"ATR_14,Volume_MA,SMA_20,Rolling_Volatility,SMA_10,EMA_12,MACD_Hist,MACD,MFI,SMA_50",ATR_14
POWERGRID,2024-10-11,2024,0,Sideways,0,1.0,SELL,1,0,0.906,SELL,1,10,"ATR_14,Volume_MA,SMA_20,Rolling_Volatility,SMA_10,EMA_12,MACD_Hist,MACD,MFI,SMA_50",ATR_14
POWERGRID,2024-10-14,2024,0,Sideways,0,1.0,SELL,1,0,0.8572,SELL,1,10,"ATR_14,Volume_MA,SMA_20,Rolling_Volatility,SMA_10,EMA_12,MACD_Hist,MACD,MFI,SMA_50",ATR_14
POWERGRID,2024-10-15,2024,0,Sideways,0,1.0,SELL,1,0,0.8392,SELL,1,10,"ATR_14,Volume_MA,SMA_20,Rolling_Volatility,SMA_10,EMA_12,MACD_Hist,MACD,MFI,SMA_50",ATR_14
POWERGRID,2024-10-16,2024,0,Sideways,0,1.0,SELL,1,0,0.895,SELL,1,10,"ATR_14,Volume_MA,SMA_20,Rolling_Volatility,SMA_10,EMA_12,MACD_Hist,MACD,MFI,SMA_50",ATR_14
POWERGRID,2024-10-17,2024,0,Sideways,0,1.0,SELL,1,0,0.9133,SELL,1,10,"ATR_14,Volume_MA,SMA_20,Rolling_Volatility,SMA_10,EMA_12,MACD_Hist,MACD,MFI,SMA_50",ATR_14
POWERGRID,2024-10-18,2024,0,Sideways,0,1.0,SELL,1,0,0.8618,SELL,1,10,"ATR_14,Volume_MA,SMA_20,Rolling_Volatility,SMA_10,EMA_12,MACD_Hist,MACD,MFI,SMA_50",ATR_14
POWERGRID,2024-10-21,2024,0,Sideways,0,1.0,SELL,1,0,0.7932,SELL,1,10,"ATR_14,Volume_MA,SMA_20,Rolling_Volatility,SMA_10,EMA_12,MACD_Hist,MACD,MFI,SMA_50",ATR_14
POWERGRID,2024-10-22,2024,1,Sideways,0,1.0,SELL,0,1,1.0,BUY,1,10,"MACD_Hist,SMA_20,MACD,SMA_10,EMA_12,BB_Width,OBV,Price_Change,MFI,ADX",MACD_Hist
POWERGRID,2024-10-23,2024,1,Sideways,0,1.0,SELL,0,1,1.0,BUY,1,10,"MACD_Hist,SMA_20,MACD,SMA_10,EMA_12,BB_Width,OBV,Price_Change,MFI,ADX",MACD_Hist
POWERGRID,2024-10-24,2024,1,Sideways,0,1.0,SELL,0,0,0.6395,SELL,0,10,"MACD_Hist,SMA_20,MACD,SMA_10,EMA_12,BB_Width,OBV,Price_Change,MFI,ADX",MACD_Hist
POWERGRID,2024-10-25,2024,1,Sideways,0,1.0,SELL,0,0,0.5072,NO TRADE,0,10,"MACD_Hist,SMA_20,MACD,SMA_10,EMA_12,BB_Width,OBV,Price_Change,MFI,ADX",MACD_Hist
POWERGRID,2024-10-28,2024,1,Sideways,0,1.0,SELL,0,1,0.7074,BUY,1,10,"MACD_Hist,SMA_20,MACD,SMA_10,EMA_12,BB_Width,OBV,Price_Change,MFI,ADX",MACD_Hist
POWERGRID,2024-10-29,2024,1,Sideways,0,1.0,SELL,0,1,0.8371,BUY,1,10,"MACD_Hist,SMA_20,MACD,SMA_10,EMA_12,BB_Width,OBV,Price_Change,MFI,ADX",MACD_Hist
POWERGRID,2024-10-30,2024,1,Sideways,0,1.0,SELL,0,1,0.8776,BUY,1,10,"MACD_Hist,SMA_20,MACD,SMA_10,EMA_12,BB_Width,OBV,Price_Change,MFI,ADX",MACD_Hist
POWERGRID,2024-10-31,2024,1,Sideways,0,0.9994,SELL,0,1,0.9364,BUY,1,10,"MACD_Hist,SMA_20,MACD,SMA_10,EMA_12,BB_Width,OBV,Price_Change,MFI,ADX",MACD_Hist
POWERGRID,2024-11-01,2024,1,Sideways,0,0.9532,SELL,0,1,0.9529,BUY,1,10,"MACD_Hist,SMA_20,MACD,SMA_10,EMA_12,BB_Width,OBV,Price_Change,MFI,ADX",MACD_Hist
POWERGRID,2024-11-04,2024,1,Sideways,0,0.6459,SELL,0,1,1.0,BUY,1,10,"MACD_Hist,SMA_20,MACD,SMA_10,EMA_12,BB_Width,OBV,Price_Change,MFI,ADX",MACD_Hist
POWERGRID,2024-11-05,2024,1,Sideways,1,0.9917,BUY,1,1,0.9681,BUY,1,10,"MACD_Hist,SMA_20,MACD,SMA_10,EMA_12,BB_Width,OBV,Price_Change,MFI,ADX",MACD_Hist
POWERGRID,2024-11-06,2024,1,Sideways,1,0.9997,BUY,1,1,0.974,BUY,1,10,"MACD_Hist,SMA_20,MACD,SMA_10,EMA_12,BB_Width,OBV,Price_Change,MFI,ADX",MACD_Hist
POWERGRID,2024-11-07,2024,1,Sideways,1,0.9999,BUY,1,1,1.0,BUY,1,10,"MACD_Hist,SMA_20,MACD,SMA_10,EMA_12,BB_Width,OBV,Price_Change,MFI,ADX",MACD_Hist
POWERGRID,2024-11-08,2024,1,Sideways,1,1.0,BUY,1,1,0.9595,BUY,1,10,"MACD_Hist,SMA_20,MACD,SMA_10,EMA_12,BB_Width,OBV,Price_Change,MFI,ADX",MACD_Hist
POWERGRID,2024-11-11,2024,1,Sideways,1,1.0,BUY,1,1,0.9971,BUY,1,10,"MACD_Hist,SMA_20,MACD,SMA_10,EMA_12,BB_Width,OBV,Price_Change,MFI,ADX",MACD_Hist
POWERGRID,2024-11-12,2024,1,Sideways,1,1.0,BUY,1,1,1.0,BUY,1,10,"MACD_Hist,SMA_20,MACD,SMA_10,EMA_12,BB_Width,OBV,Price_Change,MFI,ADX",MACD_Hist
POWERGRID,2024-11-13,2024,1,Sideways,1,1.0,BUY,1,1,1.0,BUY,1,10,"MACD_Hist,SMA_20,MACD,SMA_10,EMA_12,BB_Width,OBV,Price_Change,MFI,ADX",MACD_Hist
POWERGRID,2024-11-14,2024,1,Sideways,1,1.0,BUY,1,1,0.9483,BUY,1,10,"MACD_Hist,SMA_20,MACD,SMA_10,EMA_12,BB_Width,OBV,Price_Change,MFI,ADX",MACD_Hist
POWERGRID,2024-11-18,2024,1,Sideways,1,1.0,BUY,1,1,0.943,BUY,1,10,"MACD_Hist,SMA_20,MACD,SMA_10,EMA_12,BB_Width,OBV,Price_Change,MFI,ADX",MACD_Hist
POWERGRID,2024-11-19,2024,1,Sideways,1,1.0,BUY,1,1,0.9384,BUY,1,10,"MACD_Hist,SMA_20,MACD,SMA_10,EMA_12,BB_Width,OBV,Price_Change,MFI,ADX",MACD_Hist
POWERGRID,2024-11-21,2024,0,Sideways,1,1.0,BUY,0,1,0.9834,BUY,0,10,"MACD_Hist,SMA_20,MACD,SMA_10,EMA_12,BB_Width,OBV,Price_Change,MFI,ADX",MACD_Hist
POWERGRID,2024-11-22,2024,0,Sideways,1,0.9987,BUY,0,1,0.9621,BUY,0,10,"MACD_Hist,SMA_20,MACD,SMA_10,EMA_12,BB_Width,OBV,Price_Change,MFI,ADX",MACD_Hist
POWERGRID,2024-11-25,2024,0,Sideways,1,0.782,BUY,0,1,0.8914,BUY,0,10,"MACD_Hist,SMA_20,MACD,SMA_10,EMA_12,BB_Width,OBV,Price_Change,MFI,ADX",MACD_Hist
POWERGRID,2024-11-26,2024,0,Sideways,1,0.661,BUY,0,1,0.802,BUY,0,10,"MACD_Hist,SMA_20,MACD,SMA_10,EMA_12,BB_Width,OBV,Price_Change,MFI,ADX",MACD_Hist
POWERGRID,2024-11-27,2024,0,Sideways,0,0.7776,SELL,1,1,0.709,BUY,0,10,"MACD_Hist,SMA_20,MACD,SMA_10,EMA_12,BB_Width,OBV,Price_Change,MFI,ADX",MACD_Hist
POWERGRID,2024-11-28,2024,0,Sideways,0,0.8106,SELL,1,1,1.0,BUY,0,10,"MACD_Hist,SMA_20,MACD,SMA_10,EMA_12,BB_Width,OBV,Price_Change,MFI,ADX",MACD_Hist
POWERGRID,2024-11-29,2024,0,Sideways,0,0.8508,SELL,1,1,0.5702,BUY,0,10,"MACD_Hist,SMA_20,MACD,SMA_10,EMA_12,BB_Width,OBV,Price_Change,MFI,ADX",MACD_Hist
POWERGRID,2024-12-02,2024,0,Sideways,0,0.911,SELL,1,1,0.5397,NO TRADE,0,10,"MACD_Hist,SMA_20,MACD,SMA_10,EMA_12,BB_Width,OBV,Price_Change,MFI,ADX",MACD_Hist
