stock,predict_date,year,actual_target,market_regime,static_pred,static_confidence,static_signal,static_correct,dynamic_pred,dynamic_confidence,dynamic_signal,dynamic_correct,n_dynamic_features,dynamic_features,top_mi_feature
KOTAKBANK,2022-01-03,2022,1,Sideways,1,0.5672,BUY,1,1,0.6471,BUY,1,10,"BB_Upper,MACD_Signal,MACD_Hist,SMA_50,BB_Width,SMA_20,ROC,ADX,OBV,Rolling_Median_Return",BB_Upper
KOTAKBANK,2022-01-04,2022,1,Sideways,0,0.6031,SELL,0,1,0.6499,BUY,1,10,"BB_Upper,MACD,Volume_MA,Rolling_Volatility,MACD_Signal,BB_Width,Williams_R,Rolling_Median_Return,ADX,EMA_26",BB_Upper
KOTAKBANK,2022-01-05,2022,0,Sideways,0,0.987,SELL,1,1,0.6527,BUY,0,10,"BB_Upper,MACD,Volume_MA,Rolling_Volatility,MACD_Signal,BB_Width,Williams_R,Rolling_Median_Return,ADX,EMA_26",BB_Upper
KOTAKBANK,2022-01-06,2022,0,Sideways,0,0.8069,SELL,1,1,0.6475,BUY,0,10,"BB_Upper,MACD,Volume_MA,Rolling_Volatility,MACD_Signal,BB_Width,Williams_R,Rolling_Median_Return,ADX,EMA_26",BB_Upper
KOTAKBANK,2022-01-07,2022,0,Sideways,0,0.948,SELL,1,1,0.6425,BUY,0,10,"BB_Upper,MACD,Volume_MA,Rolling_Volatility,MACD_Signal,BB_Width,Williams_R,Rolling_Median_Return,ADX,EMA_26",BB_Upper
KOTAKBANK,2022-01-10,2022,0,Sideways,0,0.9957,SELL,1,1,1.0,BUY,0,10,"BB_Upper,MACD,Volume_MA,Rolling_Volatility,MACD_Signal,BB_Width,Williams_R,Rolling_Median_Return,ADX,EMA_26",BB_Upper
KOTAKBANK,2022-01-11,2022,0,Sideways,0,0.9815,SELL,1,1,1.0,BUY,0,10,"BB_Upper,MACD,Volume_MA,Rolling_Volatility,MACD_Signal,BB_Width,Williams_R,Rolling_Median_Return,ADX,EMA_26",BB_Upper
KOTAKBANK,2022-01-12,2022,0,Sideways,0,0.9948,SELL,1,1,1.0,BUY,0,10,"BB_Upper,MACD,Volume_MA,Rolling_Volatility,MACD_Signal,BB_Width,Williams_R,Rolling_Median_Return,ADX,EMA_26",BB_Upper
KOTAKBANK,2022-01-13,2022,0,Sideways,0,0.9788,SELL,1,1,0.9875,BUY,0,10,"BB_Upper,MACD,Volume_MA,Rolling_Volatility,MACD_Signal,BB_Width,Williams_R,Rolling_Median_Return,ADX,EMA_26",BB_Upper
KOTAKBANK,2022-01-14,2022,0,Sideways,0,0.9915,SELL,1,1,0.9856,BUY,0,10,"BB_Upper,MACD,Volume_MA,Rolling_Volatility,MACD_Signal,BB_Width,Williams_R,Rolling_Median_Return,ADX,EMA_26",BB_Upper
KOTAKBANK,2022-01-17,2022,0,Sideways,0,0.9836,SELL,1,1,0.9845,BUY,0,10,"BB_Upper,MACD,Volume_MA,Rolling_Volatility,MACD_Signal,BB_Width,Williams_R,Rolling_Median_Return,ADX,EMA_26",BB_Upper
KOTAKBANK,2022-01-18,2022,0,Sideways,0,0.9861,SELL,1,1,0.9238,BUY,0,10,"BB_Upper,MACD,Volume_MA,Rolling_Volatility,MACD_Signal,BB_Width,Williams_R,Rolling_Median_Return,ADX,EMA_26",BB_Upper
KOTAKBANK,2022-01-19,2022,0,Sideways,0,0.79,SELL,1,1,0.9855,BUY,0,10,"BB_Upper,MACD,Volume_MA,Rolling_Volatility,MACD_Signal,BB_Width,Williams_R,Rolling_Median_Return,ADX,EMA_26",BB_Upper
KOTAKBANK,2022-01-20,2022,0,Sideways,0,0.825,SELL,1,1,0.9938,BUY,0,10,"BB_Upper,MACD,Volume_MA,Rolling_Volatility,MACD_Signal,BB_Width,Williams_R,Rolling_Median_Return,ADX,EMA_26",BB_Upper
KOTAKBANK,2022-01-21,2022,0,Sideways,0,0.8851,SELL,1,1,0.9901,BUY,0,10,"BB_Upper,MACD,Volume_MA,Rolling_Volatility,MACD_Signal,BB_Width,Williams_R,Rolling_Median_Return,ADX,EMA_26",BB_Upper
KOTAKBANK,2022-01-24,2022,1,Sideways,1,0.9099,BUY,1,1,1.0,BUY,1,10,"BB_Upper,MACD,Volume_MA,Rolling_Volatility,MACD_Signal,BB_Width,Williams_R,Rolling_Median_Return,ADX,EMA_26",BB_Upper
KOTAKBANK,2022-01-25,2022,1,Sideways,0,0.5287,NO TRADE,0,1,1.0,BUY,1,10,"BB_Upper,MACD,Volume_MA,Rolling_Volatility,MACD_Signal,BB_Width,Williams_R,Rolling_Median_Return,ADX,EMA_26",BB_Upper
KOTAKBANK,2022-01-27,2022,0,Sideways,0,0.796,SELL,1,1,1.0,BUY,0,10,"BB_Upper,MACD,Volume_MA,Rolling_Volatility,MACD_Signal,BB_Width,Williams_R,Rolling_Median_Return,ADX,EMA_26",BB_Upper
KOTAKBANK,2022-01-28,2022,0,Sideways,0,0.8845,SELL,1,0,0.5463,NO TRADE,1,10,"BB_Upper,MACD,Volume_MA,Rolling_Volatility,MACD_Signal,BB_Width,Williams_R,Rolling_Median_Return,ADX,EMA_26",BB_Upper
KOTAKBANK,2022-01-31,2022,0,Sideways,1,0.6688,BUY,0,0,0.6645,SELL,1,10,"BB_Upper,MACD,Volume_MA,Rolling_Volatility,MACD_Signal,BB_Width,Williams_R,Rolling_Median_Return,ADX,EMA_26",BB_Upper
KOTAKBANK,2022-02-01,2022,0,Sideways,0,0.8163,SELL,1,0,0.9954,SELL,1,10,"BB_Upper,MACD,Volume_MA,Rolling_Volatility,MACD_Signal,BB_Width,Williams_R,Rolling_Median_Return,ADX,EMA_26",BB_Upper
KOTAKBANK,2022-02-02,2022,0,Sideways,0,0.9916,SELL,1,0,0.9999,SELL,1,10,"BB_Upper,MACD,Volume_MA,Rolling_Volatility,MACD_Signal,BB_Width,Williams_R,Rolling_Median_Return,ADX,EMA_26",BB_Upper
KOTAKBANK,2022-02-03,2022,0,Sideways,0,0.9009,SELL,1,0,0.9998,SELL,1,10,"BB_Upper,MACD,Volume_MA,Rolling_Volatility,MACD_Signal,BB_Width,Williams_R,Rolling_Median_Return,ADX,EMA_26",BB_Upper
KOTAKBANK,2022-02-04,2022,0,Sideways,0,0.8821,SELL,1,0,0.9998,SELL,1,10,"BB_Upper,MACD,Volume_MA,Rolling_Volatility,MACD_Signal,BB_Width,Williams_R,Rolling_Median_Return,ADX,EMA_26",BB_Upper
KOTAKBANK,2022-02-07,2022,0,Sideways,1,0.7132,BUY,0,0,0.9965,SELL,1,10,"BB_Upper,MACD,Volume_MA,Rolling_Volatility,MACD_Signal,BB_Width,Williams_R,Rolling_Median_Return,ADX,EMA_26",BB_Upper
KOTAKBANK,2022-02-08,2022,0,Sideways,1,0.5667,BUY,0,0,0.9995,SELL,1,10,"BB_Upper,MACD,Volume_MA,Rolling_Volatility,MACD_Signal,BB_Width,Williams_R,Rolling_Median_Return,ADX,EMA_26",BB_Upper
KOTAKBANK,2022-02-09,2022,0,Sideways,0,0.7167,SELL,1,0,1.0,SELL,1,10,"BB_Upper,MACD,Volume_MA,Rolling_Volatility,MACD_Signal,BB_Width,Williams_R,Rolling_Median_Return,ADX,EMA_26",BB_Upper
KOTAKBANK,2022-02-10,2022,0,Sideways,0,0.9174,SELL,1,0,1.0,SELL,1,10,"BB_Upper,MACD,Volume_MA,Rolling_Volatility,MACD_Signal,BB_Width,Williams_R,Rolling_Median_Return,ADX,EMA_26",BB_Upper
KOTAKBANK,2022-02-11,2022,0,Sideways,1,0.6494,BUY,0,0,1.0,SELL,1,10,"BB_Upper,MACD,Volume_MA,Rolling_Volatility,MACD_Signal,BB_Width,Williams_R,Rolling_Median_Return,ADX,EMA_26",BB_Upper
KOTAKBANK,2022-02-14,2022,0,Sideways,1,0.9522,BUY,0,0,1.0,SELL,1,10,"BB_Upper,MACD,Volume_MA,Rolling_Volatility,MACD_Signal,BB_Width,Williams_R,Rolling_Median_Return,ADX,EMA_26",BB_Upper
KOTAKBANK,2022-02-15,2022,0,Sideways,0,0.871,SELL,1,0,1.0,SELL,1,10,"BB_Upper,MACD,Volume_MA,Rolling_Volatility,MACD_Signal,BB_Width,Williams_R,Rolling_Median_Return,ADX,EMA_26",BB_Upper
KOTAKBANK,2022-02-16,2022,0,Sideways,0,0.5645,SELL,1,1,1.0,BUY,0,10,"MACD,BB_Upper,SMA_20,SMA_50,SMA_10,Volume_MA,OBV,Rolling_Volatility,EMA_12,Rolling_Std_10",MACD
KOTAKBANK,2022-02-17,2022,0,Sideways,1,0.5846,BUY,0,1,1.0,BUY,0,10,"MACD,BB_Upper,SMA_20,SMA_50,SMA_10,Volume_MA,OBV,Rolling_Volatility,EMA_12,Rolling_Std_10",MACD
KOTAKBANK,2022-02-18,2022,0,Sideways,0,0.8188,SELL,1,0,0.6479,SELL,1,10,"MACD,BB_Upper,SMA_20,SMA_50,SMA_10,Volume_MA,OBV,Rolling_Volatility,EMA_12,Rolling_Std_10",MACD
KOTAKBANK,2022-02-21,2022,0,Sideways,0,0.941,SELL,1,0,0.9935,SELL,1,10,"MACD,BB_Upper,SMA_20,SMA_50,SMA_10,Volume_MA,OBV,Rolling_Volatility,EMA_12,Rolling_Std_10",MACD
KOTAKBANK,2022-02-22,2022,0,Sideways,0,0.9798,SELL,1,0,0.9993,SELL,1,10,"MACD,BB_Upper,SMA_20,SMA_50,SMA_10,Volume_MA,OBV,Rolling_Volatility,EMA_12,Rolling_Std_10",MACD
KOTAKBANK,2022-02-23,2022,0,Sideways,0,0.9977,SELL,1,0,1.0,SELL,1,10,"MACD,BB_Upper,SMA_20,SMA_50,SMA_10,Volume_MA,OBV,Rolling_Volatility,EMA_12,Rolling_Std_10",MACD
KOTAKBANK,2022-02-24,2022,0,Sideways,0,0.8801,SELL,1,0,1.0,SELL,1,10,"MACD,BB_Upper,SMA_20,SMA_50,SMA_10,Volume_MA,OBV,Rolling_Volatility,EMA_12,Rolling_Std_10",MACD
KOTAKBANK,2022-02-25,2022,0,Sideways,0,0.9988,SELL,1,0,1.0,SELL,1,10,"MACD,BB_Upper,SMA_20,SMA_50,SMA_10,Volume_MA,OBV,Rolling_Volatility,EMA_12,Rolling_Std_10",MACD
KOTAKBANK,2022-02-28,2022,0,Sideways,0,0.9933,SELL,1,0,1.0,SELL,1,10,"MACD,BB_Upper,SMA_20,SMA_50,SMA_10,Volume_MA,OBV,Rolling_Volatility,EMA_12,Rolling_Std_10",MACD
KOTAKBANK,2022-03-02,2022,0,Sideways,0,0.9653,SELL,1,0,1.0,SELL,1,10,"MACD,BB_Upper,SMA_20,SMA_50,SMA_10,Volume_MA,OBV,Rolling_Volatility,EMA_12,Rolling_Std_10",MACD
KOTAKBANK,2022-03-03,2022,0,Sideways,0,0.8895,SELL,1,0,1.0,SELL,1,10,"MACD,BB_Upper,SMA_20,SMA_50,SMA_10,Volume_MA,OBV,Rolling_Volatility,EMA_12,Rolling_Std_10",MACD
KOTAKBANK,2022-03-04,2022,1,Sideways,0,0.6586,SELL,0,0,1.0,SELL,0,10,"MACD,BB_Upper,SMA_20,SMA_50,SMA_10,Volume_MA,OBV,Rolling_Volatility,EMA_12,Rolling_Std_10",MACD
KOTAKBANK,2022-03-07,2022,1,Sideways,1,0.7818,BUY,1,0,1.0,SELL,0,10,"MACD,BB_Upper,SMA_20,SMA_50,SMA_10,Volume_MA,OBV,Rolling_Volatility,EMA_12,Rolling_Std_10",MACD
KOTAKBANK,2022-03-08,2022,1,Sideways,1,0.6543,BUY,1,0,0.9955,SELL,0,10,"MACD,BB_Upper,SMA_20,SMA_50,SMA_10,Volume_MA,OBV,Rolling_Volatility,EMA_12,Rolling_Std_10",MACD
KOTAKBANK,2022-03-09,2022,1,Sideways,1,0.5659,BUY,1,0,0.9066,SELL,0,10,"MACD,BB_Upper,SMA_20,SMA_50,SMA_10,Volume_MA,OBV,Rolling_Volatility,EMA_12,Rolling_Std_10",MACD
KOTAKBANK,2022-03-10,2022,1,Sideways,1,0.7381,BUY,1,1,0.6859,BUY,1,10,"MACD,BB_Upper,SMA_20,SMA_50,SMA_10,Volume_MA,OBV,Rolling_Volatility,EMA_12,Rolling_Std_10",MACD
KOTAKBANK,2022-03-11,2022,1,Sideways,0,0.7554,SELL,0,1,0.9762,BUY,1,10,"MACD,BB_Upper,SMA_20,SMA_50,SMA_10,Volume_MA,OBV,Rolling_Volatility,EMA_12,Rolling_Std_10",MACD
KOTAKBANK,2022-03-14,2022,1,Sideways,0,0.8982,SELL,0,1,0.998,BUY,1,10,"MACD,BB_Upper,SMA_20,SMA_50,SMA_10,Volume_MA,OBV,Rolling_Volatility,EMA_12,Rolling_Std_10",MACD
KOTAKBANK,2022-03-15,2022,1,Sideways,1,0.764,BUY,1,1,0.9995,BUY,1,10,"MACD,BB_Upper,SMA_20,SMA_50,SMA_10,Volume_MA,OBV,Rolling_Volatility,EMA_12,Rolling_Std_10",MACD
KOTAKBANK,2022-03-16,2022,0,Sideways,0,0.8231,SELL,1,1,0.9998,BUY,0,10,"MACD,BB_Upper,SMA_20,SMA_50,SMA_10,Volume_MA,OBV,Rolling_Volatility,EMA_12,Rolling_Std_10",MACD
KOTAKBANK,2022-03-17,2022,0,Sideways,0,0.9937,SELL,1,1,0.9855,BUY,0,10,"MACD,BB_Upper,SMA_20,SMA_50,SMA_10,Volume_MA,OBV,Rolling_Volatility,EMA_12,Rolling_Std_10",MACD
KOTAKBANK,2022-03-21,2022,0,Sideways,0,0.924,SELL,1,1,0.9134,BUY,0,10,"MACD,BB_Upper,SMA_20,SMA_50,SMA_10,Volume_MA,OBV,Rolling_Volatility,EMA_12,Rolling_Std_10",MACD
KOTAKBANK,2022-03-22,2022,0,Sideways,0,0.9945,SELL,1,1,0.8696,BUY,0,10,"MACD,BB_Upper,SMA_20,SMA_50,SMA_10,Volume_MA,OBV,Rolling_Volatility,EMA_12,Rolling_Std_10",MACD
KOTAKBANK,2022-03-23,2022,0,Sideways,0,0.9708,SELL,1,1,0.6575,BUY,0,10,"MACD,BB_Upper,SMA_20,SMA_50,SMA_10,Volume_MA,OBV,Rolling_Volatility,EMA_12,Rolling_Std_10",MACD
KOTAKBANK,2022-03-24,2022,1,Sideways,0,0.6696,SELL,0,1,0.6526,BUY,1,10,"MACD,BB_Upper,SMA_20,SMA_50,SMA_10,Volume_MA,OBV,Rolling_Volatility,EMA_12,Rolling_Std_10",MACD
KOTAKBANK,2022-03-25,2022,1,Sideways,0,0.6598,SELL,0,1,0.9711,BUY,1,10,"MACD,BB_Upper,SMA_20,SMA_50,SMA_10,Volume_MA,OBV,Rolling_Volatility,EMA_12,Rolling_Std_10",MACD
KOTAKBANK,2022-03-28,2022,1,Sideways,0,0.5384,NO TRADE,0,1,0.9853,BUY,1,10,"MACD,BB_Upper,SMA_20,SMA_50,SMA_10,Volume_MA,OBV,Rolling_Volatility,EMA_12,Rolling_Std_10",MACD
KOTAKBANK,2022-03-29,2022,1,Sideways,1,0.5753,BUY,1,1,0.993,BUY,1,10,"MACD,BB_Upper,SMA_20,SMA_50,SMA_10,Volume_MA,OBV,Rolling_Volatility,EMA_12,Rolling_Std_10",MACD
KOTAKBANK,2022-03-30,2022,1,Sideways,0,0.9175,SELL,0,1,0.9975,BUY,1,10,"MACD,BB_Upper,SMA_20,SMA_50,SMA_10,Volume_MA,OBV,Rolling_Volatility,EMA_12,Rolling_Std_10",MACD
KOTAKBANK,2022-03-31,2022,1,Sideways,0,0.7574,SELL,0,1,0.9987,BUY,1,10,"MACD,BB_Upper,SMA_20,SMA_50,SMA_10,Volume_MA,OBV,Rolling_Volatility,EMA_12,Rolling_Std_10",MACD
KOTAKBANK,2022-04-01,2022,0,Sideways,0,0.9013,SELL,1,1,0.9922,BUY,0,10,"SMA_10,Volume_MA,BB_Upper,SMA_20,CCI,EMA_12,Rolling_Median_Return,RSI_14,Rolling_Mean_Return,MACD",SMA_10
KOTAKBANK,2022-04-04,2022,0,Sideways,0,0.9989,SELL,1,1,0.948,BUY,0,10,"SMA_10,Volume_MA,BB_Upper,SMA_20,CCI,EMA_12,Rolling_Median_Return,RSI_14,Rolling_Mean_Return,MACD",SMA_10
KOTAKBANK,2022-04-05,2022,0,Sideways,0,0.9626,SELL,1,1,0.9766,BUY,0,10,"SMA_10,Volume_MA,BB_Upper,SMA_20,CCI,EMA_12,Rolling_Median_Return,RSI_14,Rolling_Mean_Return,MACD",SMA_10
KOTAKBANK,2022-04-06,2022,0,Sideways,0,0.9518,SELL,1,1,0.7428,BUY,0,10,"SMA_10,Volume_MA,BB_Upper,SMA_20,CCI,EMA_12,Rolling_Median_Return,RSI_14,Rolling_Mean_Return,MACD",SMA_10
KOTAKBANK,2022-04-07,2022,1,Sideways,0,0.9346,SELL,0,1,0.5413,NO TRADE,1,10,"SMA_10,Volume_MA,BB_Upper,SMA_20,CCI,EMA_12,Rolling_Median_Return,RSI_14,Rolling_Mean_Return,MACD",SMA_10
KOTAKBANK,2022-04-08,2022,1,Sideways,0,0.9726,SELL,0,1,0.5269,NO TRADE,1,10,"SMA_10,Volume_MA,BB_Upper,SMA_20,CCI,EMA_12,Rolling_Median_Return,RSI_14,Rolling_Mean_Return,MACD",SMA_10
KOTAKBANK,2022-04-11,2022,0,Sideways,0,0.9406,SELL,1,1,0.9805,BUY,0,10,"SMA_10,Volume_MA,BB_Upper,SMA_20,CCI,EMA_12,Rolling_Median_Return,RSI_14,Rolling_Mean_Return,MACD",SMA_10
KOTAKBANK,2022-04-12,2022,0,Sideways,0,0.9905,SELL,1,0,0.6945,SELL,1,10,"SMA_10,Volume_MA,BB_Upper,SMA_20,CCI,EMA_12,Rolling_Median_Return,RSI_14,Rolling_Mean_Return,MACD",SMA_10
KOTAKBANK,2022-04-13,2022,1,Sideways,0,0.9536,SELL,0,0,1.0,SELL,0,10,"SMA_10,Volume_MA,BB_Upper,SMA_20,CCI,EMA_12,Rolling_Median_Return,RSI_14,Rolling_Mean_Return,MACD",SMA_10
KOTAKBANK,2022-04-18,2022,1,Sideways,0,0.8464,SELL,0,1,0.9525,BUY,1,10,"SMA_10,Volume_MA,BB_Upper,SMA_20,CCI,EMA_12,Rolling_Median_Return,RSI_14,Rolling_Mean_Return,MACD",SMA_10
KOTAKBANK,2022-04-19,2022,1,Sideways,1,0.7996,BUY,1,1,0.9999,BUY,1,10,"SMA_10,Volume_MA,BB_Upper,SMA_20,CCI,EMA_12,Rolling_Median_Return,RSI_14,Rolling_Mean_Return,MACD",SMA_10
KOTAKBANK,2022-04-20,2022,1,Sideways,1,0.8185,BUY,1,1,1.0,BUY,1,10,"SMA_10,Volume_MA,BB_Upper,SMA_20,CCI,EMA_12,Rolling_Median_Return,RSI_14,Rolling_Mean_Return,MACD",SMA_10
KOTAKBANK,2022-04-21,2022,1,Sideways,0,0.8795,SELL,0,1,0.9945,BUY,1,10,"SMA_10,Volume_MA,BB_Upper,SMA_20,CCI,EMA_12,Rolling_Median_Return,RSI_14,Rolling_Mean_Return,MACD",SMA_10
KOTAKBANK,2022-04-22,2022,1,Sideways,1,0.6685,BUY,1,1,0.9936,BUY,1,10,"SMA_10,Volume_MA,BB_Upper,SMA_20,CCI,EMA_12,Rolling_Median_Return,RSI_14,Rolling_Mean_Return,MACD",SMA_10
KOTAKBANK,2022-04-25,2022,1,Sideways,0,0.581,SELL,0,1,0.6393,BUY,1,10,"SMA_10,Volume_MA,BB_Upper,SMA_20,CCI,EMA_12,Rolling_Median_Return,RSI_14,Rolling_Mean_Return,MACD",SMA_10
KOTAKBANK,2022-04-26,2022,1,Sideways,0,0.6976,SELL,0,0,0.5745,SELL,0,10,"SMA_10,Volume_MA,BB_Upper,SMA_20,CCI,EMA_12,Rolling_Median_Return,RSI_14,Rolling_Mean_Return,MACD",SMA_10
KOTAKBANK,2022-04-27,2022,1,Sideways,0,0.5566,SELL,0,1,0.8598,BUY,1,10,"SMA_10,Volume_MA,BB_Upper,SMA_20,CCI,EMA_12,Rolling_Median_Return,RSI_14,Rolling_Mean_Return,MACD",SMA_10
KOTAKBANK,2022-04-28,2022,1,Sideways,0,0.8329,SELL,0,1,0.8905,BUY,1,10,"SMA_10,Volume_MA,BB_Upper,SMA_20,CCI,EMA_12,Rolling_Median_Return,RSI_14,Rolling_Mean_Return,MACD",SMA_10
KOTAKBANK,2022-04-29,2022,1,Sideways,0,0.9805,SELL,0,0,0.9732,SELL,0,10,"SMA_10,Volume_MA,BB_Upper,SMA_20,CCI,EMA_12,Rolling_Median_Return,RSI_14,Rolling_Mean_Return,MACD",SMA_10
KOTAKBANK,2022-05-02,2022,1,Sideways,0,0.9475,SELL,0,0,0.6219,SELL,0,10,"SMA_10,Volume_MA,BB_Upper,SMA_20,CCI,EMA_12,Rolling_Median_Return,RSI_14,Rolling_Mean_Return,MACD",SMA_10
KOTAKBANK,2022-05-04,2022,1,Sideways,0,0.9472,SELL,0,0,0.7879,SELL,0,10,"SMA_10,Volume_MA,BB_Upper,SMA_20,CCI,EMA_12,Rolling_Median_Return,RSI_14,Rolling_Mean_Return,MACD",SMA_10
KOTAKBANK,2022-05-05,2022,1,Sideways,0,0.9889,SELL,0,0,0.881,SELL,0,10,"SMA_10,Volume_MA,BB_Upper,SMA_20,CCI,EMA_12,Rolling_Median_Return,RSI_14,Rolling_Mean_Return,MACD",SMA_10
KOTAKBANK,2022-05-06,2022,1,Sideways,0,0.9324,SELL,0,1,0.9406,BUY,1,10,"SMA_10,Volume_MA,BB_Upper,SMA_20,CCI,EMA_12,Rolling_Median_Return,RSI_14,Rolling_Mean_Return,MACD",SMA_10
KOTAKBANK,2022-05-09,2022,1,Sideways,0,0.9128,SELL,0,1,0.8709,BUY,1,10,"SMA_10,Volume_MA,BB_Upper,SMA_20,CCI,EMA_12,Rolling_Median_Return,RSI_14,Rolling_Mean_Return,MACD",SMA_10
KOTAKBANK,2022-05-10,2022,1,Sideways,0,0.9871,SELL,0,1,0.6895,BUY,1,10,"SMA_10,Volume_MA,BB_Upper,SMA_20,CCI,EMA_12,Rolling_Median_Return,RSI_14,Rolling_Mean_Return,MACD",SMA_10
KOTAKBANK,2022-05-11,2022,1,Sideways,0,0.9887,SELL,0,1,0.9682,BUY,1,10,"SMA_10,Volume_MA,BB_Upper,SMA_20,CCI,EMA_12,Rolling_Median_Return,RSI_14,Rolling_Mean_Return,MACD",SMA_10
KOTAKBANK,2022-05-12,2022,1,Sideways,0,0.8128,SELL,0,1,0.9986,BUY,1,10,"SMA_10,Volume_MA,BB_Upper,SMA_20,CCI,EMA_12,Rolling_Median_Return,RSI_14,Rolling_Mean_Return,MACD",SMA_10
KOTAKBANK,2022-05-13,2022,1,Sideways,0,0.9357,SELL,0,1,1.0,BUY,1,10,"SMA_10,Volume_MA,BB_Upper,SMA_20,CCI,EMA_12,Rolling_Median_Return,RSI_14,Rolling_Mean_Return,MACD",SMA_10
KOTAKBANK,2022-05-16,2022,0,Sideways,0,0.9882,SELL,1,1,1.0,BUY,0,10,"SMA_10,Volume_MA,BB_Upper,SMA_20,CCI,EMA_12,Rolling_Median_Return,RSI_14,Rolling_Mean_Return,MACD",SMA_10
KOTAKBANK,2022-05-17,2022,0,Sideways,0,0.996,SELL,1,0,0.9193,SELL,1,10,"SMA_10,Volume_MA,BB_Upper,SMA_20,CCI,EMA_12,Rolling_Median_Return,RSI_14,Rolling_Mean_Return,MACD",SMA_10
KOTAKBANK,2022-05-18,2022,0,Sideways,0,0.9944,SELL,1,0,1.0,SELL,1,10,"SMA_10,Rolling_Mean_Return,EMA_26,BB_Upper,Volume_MA,OBV,BB_Width,Rolling_Std_10,SMA_20,ADX",SMA_10
KOTAKBANK,2022-05-19,2022,0,Sideways,0,0.9485,SELL,1,0,1.0,SELL,1,10,"SMA_10,Rolling_Mean_Return,EMA_26,BB_Upper,Volume_MA,OBV,BB_Width,Rolling_Std_10,SMA_20,ADX",SMA_10
KOTAKBANK,2022-05-20,2022,0,Sideways,0,0.9979,SELL,1,0,1.0,SELL,1,10,"SMA_10,Rolling_Mean_Return,EMA_26,BB_Upper,Volume_MA,OBV,BB_Width,Rolling_Std_10,SMA_20,ADX",SMA_10
KOTAKBANK,2022-05-23,2022,0,Sideways,0,0.9984,SELL,1,0,1.0,SELL,1,10,"SMA_10,Rolling_Mean_Return,EMA_26,BB_Upper,Volume_MA,OBV,BB_Width,Rolling_Std_10,SMA_20,ADX",SMA_10
KOTAKBANK,2022-05-24,2022,0,Sideways,0,0.9994,SELL,1,0,1.0,SELL,1,10,"SMA_10,Rolling_Mean_Return,EMA_26,BB_Upper,Volume_MA,OBV,BB_Width,Rolling_Std_10,SMA_20,ADX",SMA_10
KOTAKBANK,2022-05-25,2022,0,Sideways,0,0.9993,SELL,1,0,1.0,SELL,1,10,"SMA_10,Rolling_Mean_Return,EMA_26,BB_Upper,Volume_MA,OBV,BB_Width,Rolling_Std_10,SMA_20,ADX",SMA_10
KOTAKBANK,2022-05-26,2022,0,Sideways,0,0.9997,SELL,1,0,1.0,SELL,1,10,"SMA_10,Rolling_Mean_Return,EMA_26,BB_Upper,Volume_MA,OBV,BB_Width,Rolling_Std_10,SMA_20,ADX",SMA_10
KOTAKBANK,2022-05-27,2022,0,Sideways,0,1.0,SELL,1,0,1.0,SELL,1,10,"SMA_10,Rolling_Mean_Return,EMA_26,BB_Upper,Volume_MA,OBV,BB_Width,Rolling_Std_10,SMA_20,ADX",SMA_10
KOTAKBANK,2022-05-30,2022,0,Sideways,0,0.9994,SELL,1,0,1.0,SELL,1,10,"SMA_10,Rolling_Mean_Return,EMA_26,BB_Upper,Volume_MA,OBV,BB_Width,Rolling_Std_10,SMA_20,ADX",SMA_10
KOTAKBANK,2022-05-31,2022,0,Sideways,0,0.7015,SELL,1,0,1.0,SELL,1,10,"SMA_10,Rolling_Mean_Return,EMA_26,BB_Upper,Volume_MA,OBV,BB_Width,Rolling_Std_10,SMA_20,ADX",SMA_10
KOTAKBANK,2022-06-01,2022,0,Sideways,0,0.9964,SELL,1,0,1.0,SELL,1,10,"SMA_10,Rolling_Mean_Return,EMA_26,BB_Upper,Volume_MA,OBV,BB_Width,Rolling_Std_10,SMA_20,ADX",SMA_10
KOTAKBANK,2022-06-02,2022,0,Sideways,0,0.995,SELL,1,0,1.0,SELL,1,10,"SMA_10,Rolling_Mean_Return,EMA_26,BB_Upper,Volume_MA,OBV,BB_Width,Rolling_Std_10,SMA_20,ADX",SMA_10
KOTAKBANK,2022-06-03,2022,0,Sideways,0,0.9873,SELL,1,0,1.0,SELL,1,10,"SMA_10,Rolling_Mean_Return,EMA_26,BB_Upper,Volume_MA,OBV,BB_Width,Rolling_Std_10,SMA_20,ADX",SMA_10
KOTAKBANK,2022-06-06,2022,0,Sideways,0,0.9927,SELL,1,0,1.0,SELL,1,10,"SMA_10,Rolling_Mean_Return,EMA_26,BB_Upper,Volume_MA,OBV,BB_Width,Rolling_Std_10,SMA_20,ADX",SMA_10
KOTAKBANK,2022-06-07,2022,0,Sideways,0,0.973,SELL,1,0,1.0,SELL,1,10,"SMA_10,Rolling_Mean_Return,EMA_26,BB_Upper,Volume_MA,OBV,BB_Width,Rolling_Std_10,SMA_20,ADX",SMA_10
KOTAKBANK,2022-06-08,2022,0,Sideways,0,0.9111,SELL,1,0,1.0,SELL,1,10,"SMA_10,Rolling_Mean_Return,EMA_26,BB_Upper,Volume_MA,OBV,BB_Width,Rolling_Std_10,SMA_20,ADX",SMA_10
KOTAKBANK,2022-06-09,2022,0,Sideways,0,0.9782,SELL,1,0,1.0,SELL,1,10,"SMA_10,Rolling_Mean_Return,EMA_26,BB_Upper,Volume_MA,OBV,BB_Width,Rolling_Std_10,SMA_20,ADX",SMA_10
KOTAKBANK,2022-06-10,2022,0,Sideways,1,0.8345,BUY,0,0,1.0,SELL,1,10,"SMA_10,Rolling_Mean_Return,EMA_26,BB_Upper,Volume_MA,OBV,BB_Width,Rolling_Std_10,SMA_20,ADX",SMA_10
KOTAKBANK,2022-06-13,2022,1,Sideways,1,0.9499,BUY,1,0,1.0,SELL,0,10,"SMA_10,Rolling_Mean_Return,EMA_26,BB_Upper,Volume_MA,OBV,BB_Width,Rolling_Std_10,SMA_20,ADX",SMA_10
KOTAKBANK,2022-06-14,2022,0,Sideways,1,0.9077,BUY,0,1,0.5915,BUY,0,10,"SMA_10,Rolling_Mean_Return,EMA_26,BB_Upper,Volume_MA,OBV,BB_Width,Rolling_Std_10,SMA_20,ADX",SMA_10
KOTAKBANK,2022-06-15,2022,1,Sideways,1,0.9453,BUY,1,1,0.7087,BUY,1,10,"SMA_10,Rolling_Mean_Return,EMA_26,BB_Upper,Volume_MA,OBV,BB_Width,Rolling_Std_10,SMA_20,ADX",SMA_10
KOTAKBANK,2022-06-16,2022,1,Sideways,1,0.9988,BUY,1,1,0.9445,BUY,1,10,"SMA_10,Rolling_Mean_Return,EMA_26,BB_Upper,Volume_MA,OBV,BB_Width,Rolling_Std_10,SMA_20,ADX",SMA_10
KOTAKBANK,2022-06-17,2022,1,Sideways,1,0.9996,BUY,1,1,0.9914,BUY,1,10,"SMA_10,Rolling_Mean_Return,EMA_26,BB_Upper,Volume_MA,OBV,BB_Width,Rolling_Std_10,SMA_20,ADX",SMA_10
KOTAKBANK,2022-06-20,2022,1,Sideways,1,0.9997,BUY,1,1,0.9979,BUY,1,10,"SMA_10,Rolling_Mean_Return,EMA_26,BB_Upper,Volume_MA,OBV,BB_Width,Rolling_Std_10,SMA_20,ADX",SMA_10
KOTAKBANK,2022-06-21,2022,1,Sideways,1,0.9998,BUY,1,1,0.9991,BUY,1,10,"SMA_10,Rolling_Mean_Return,EMA_26,BB_Upper,Volume_MA,OBV,BB_Width,Rolling_Std_10,SMA_20,ADX",SMA_10
KOTAKBANK,2022-06-22,2022,1,Sideways,1,1.0,BUY,1,1,0.9997,BUY,1,10,"SMA_10,Rolling_Mean_Return,EMA_26,BB_Upper,Volume_MA,OBV,BB_Width,Rolling_Std_10,SMA_20,ADX",SMA_10
KOTAKBANK,2022-06-23,2022,1,Sideways,1,0.9999,BUY,1,1,0.9999,BUY,1,10,"SMA_10,Rolling_Mean_Return,EMA_26,BB_Upper,Volume_MA,OBV,BB_Width,Rolling_Std_10,SMA_20,ADX",SMA_10
KOTAKBANK,2022-06-24,2022,1,Sideways,1,0.9979,BUY,1,1,0.9998,BUY,1,10,"SMA_10,Rolling_Mean_Return,EMA_26,BB_Upper,Volume_MA,OBV,BB_Width,Rolling_Std_10,SMA_20,ADX",SMA_10
KOTAKBANK,2022-06-27,2022,1,Sideways,1,0.9979,BUY,1,1,0.9999,BUY,1,10,"SMA_10,Rolling_Mean_Return,EMA_26,BB_Upper,Volume_MA,OBV,BB_Width,Rolling_Std_10,SMA_20,ADX",SMA_10
KOTAKBANK,2022-06-28,2022,1,Sideways,1,0.9997,BUY,1,1,0.9999,BUY,1,10,"SMA_10,Rolling_Mean_Return,EMA_26,BB_Upper,Volume_MA,OBV,BB_Width,Rolling_Std_10,SMA_20,ADX",SMA_10
KOTAKBANK,2022-06-29,2022,1,Sideways,1,1.0,BUY,1,1,0.9817,BUY,1,10,"Rolling_Std_10,SMA_10,EMA_12,BB_Upper,Williams_R,RSI_14,Volume_MA,MACD,MACD_Signal,ATR_14",Rolling_Std_10
KOTAKBANK,2022-06-30,2022,1,Sideways,1,0.9978,BUY,1,1,1.0,BUY,1,10,"Rolling_Std_10,SMA_10,EMA_12,BB_Upper,Williams_R,RSI_14,Volume_MA,MACD,MACD_Signal,ATR_14",Rolling_Std_10
KOTAKBANK,2022-07-01,2022,1,Sideways,1,0.9953,BUY,1,1,1.0,BUY,1,10,"Rolling_Std_10,SMA_10,EMA_12,BB_Upper,Williams_R,RSI_14,Volume_MA,MACD,MACD_Signal,ATR_14",Rolling_Std_10
KOTAKBANK,2022-07-04,2022,1,Sideways,1,0.9916,BUY,1,1,1.0,BUY,1,10,"Rolling_Std_10,SMA_10,EMA_12,BB_Upper,Williams_R,RSI_14,Volume_MA,MACD,MACD_Signal,ATR_14",Rolling_Std_10
KOTAKBANK,2022-07-05,2022,1,Sideways,1,0.9964,BUY,1,1,1.0,BUY,1,10,"Rolling_Std_10,SMA_10,EMA_12,BB_Upper,Williams_R,RSI_14,Volume_MA,MACD,MACD_Signal,ATR_14",Rolling_Std_10
KOTAKBANK,2022-07-06,2022,1,Sideways,0,0.7113,SELL,0,1,0.9999,BUY,1,10,"Rolling_Std_10,SMA_10,EMA_12,BB_Upper,Williams_R,RSI_14,Volume_MA,MACD,MACD_Signal,ATR_14",Rolling_Std_10
KOTAKBANK,2022-07-07,2022,1,Sideways,0,0.9451,SELL,0,1,0.9988,BUY,1,10,"Rolling_Std_10,SMA_10,EMA_12,BB_Upper,Williams_R,RSI_14,Volume_MA,MACD,MACD_Signal,ATR_14",Rolling_Std_10
KOTAKBANK,2022-07-08,2022,1,Sideways,0,0.9308,SELL,0,1,0.9992,BUY,1,10,"Rolling_Std_10,SMA_10,EMA_12,BB_Upper,Williams_R,RSI_14,Volume_MA,MACD,MACD_Signal,ATR_14",Rolling_Std_10
KOTAKBANK,2022-07-11,2022,1,Sideways,0,0.9215,SELL,0,1,0.9995,BUY,1,10,"Rolling_Std_10,SMA_10,EMA_12,BB_Upper,Williams_R,RSI_14,Volume_MA,MACD,MACD_Signal,ATR_14",Rolling_Std_10
KOTAKBANK,2022-07-12,2022,1,Sideways,0,0.7871,SELL,0,1,0.9999,BUY,1,10,"Rolling_Std_10,SMA_10,EMA_12,BB_Upper,Williams_R,RSI_14,Volume_MA,MACD,MACD_Signal,ATR_14",Rolling_Std_10
KOTAKBANK,2022-07-13,2022,1,Sideways,0,0.9593,SELL,0,1,0.9999,BUY,1,10,"Rolling_Std_10,SMA_10,EMA_12,BB_Upper,Williams_R,RSI_14,Volume_MA,MACD,MACD_Signal,ATR_14",Rolling_Std_10
KOTAKBANK,2022-07-14,2022,1,Sideways,0,0.9865,SELL,0,1,0.9999,BUY,1,10,"Rolling_Std_10,SMA_10,EMA_12,BB_Upper,Williams_R,RSI_14,Volume_MA,MACD,MACD_Signal,ATR_14",Rolling_Std_10
KOTAKBANK,2022-07-15,2022,1,Sideways,0,0.9921,SELL,0,1,1.0,BUY,1,10,"Rolling_Std_10,SMA_10,EMA_12,BB_Upper,Williams_R,RSI_14,Volume_MA,MACD,MACD_Signal,ATR_14",Rolling_Std_10
KOTAKBANK,2022-07-18,2022,0,Sideways,0,0.9995,SELL,1,1,1.0,BUY,0,10,"Rolling_Std_10,SMA_10,EMA_12,BB_Upper,Williams_R,RSI_14,Volume_MA,MACD,MACD_Signal,ATR_14",Rolling_Std_10
KOTAKBANK,2022-07-19,2022,1,Sideways,0,0.9986,SELL,0,1,0.9977,BUY,1,10,"Rolling_Std_10,SMA_10,EMA_12,BB_Upper,Williams_R,RSI_14,Volume_MA,MACD,MACD_Signal,ATR_14",Rolling_Std_10
KOTAKBANK,2022-07-20,2022,1,Sideways,0,0.9936,SELL,0,1,0.9995,BUY,1,10,"Rolling_Std_10,SMA_10,EMA_12,BB_Upper,Williams_R,RSI_14,Volume_MA,MACD,MACD_Signal,ATR_14",Rolling_Std_10
KOTAKBANK,2022-07-21,2022,1,Sideways,0,0.9554,SELL,0,1,0.9997,BUY,1,10,"Rolling_Std_10,SMA_10,EMA_12,BB_Upper,Williams_R,RSI_14,Volume_MA,MACD,MACD_Signal,ATR_14",Rolling_Std_10
KOTAKBANK,2022-07-22,2022,1,Sideways,0,0.9915,SELL,0,1,0.9997,BUY,1,10,"Rolling_Std_10,SMA_10,EMA_12,BB_Upper,Williams_R,RSI_14,Volume_MA,MACD,MACD_Signal,ATR_14",Rolling_Std_10
KOTAKBANK,2022-07-25,2022,1,Sideways,0,0.9309,SELL,0,1,0.9995,BUY,1,10,"Rolling_Std_10,SMA_10,EMA_12,BB_Upper,Williams_R,RSI_14,Volume_MA,MACD,MACD_Signal,ATR_14",Rolling_Std_10
KOTAKBANK,2022-07-26,2022,1,Sideways,0,0.7783,SELL,0,1,0.9995,BUY,1,10,"Rolling_Std_10,SMA_10,EMA_12,BB_Upper,Williams_R,RSI_14,Volume_MA,MACD,MACD_Signal,ATR_14",Rolling_Std_10
KOTAKBANK,2022-07-27,2022,1,Sideways,1,0.519,NO TRADE,1,1,0.9996,BUY,1,10,"Rolling_Std_10,SMA_10,EMA_12,BB_Upper,Williams_R,RSI_14,Volume_MA,MACD,MACD_Signal,ATR_14",Rolling_Std_10
KOTAKBANK,2022-07-28,2022,1,Sideways,0,0.9977,SELL,0,1,0.9918,BUY,1,10,"Rolling_Std_10,SMA_10,EMA_12,BB_Upper,Williams_R,RSI_14,Volume_MA,MACD,MACD_Signal,ATR_14",Rolling_Std_10
KOTAKBANK,2022-07-29,2022,1,Sideways,0,0.8565,SELL,0,1,0.9907,BUY,1,10,"Rolling_Std_10,SMA_10,EMA_12,BB_Upper,Williams_R,RSI_14,Volume_MA,MACD,MACD_Signal,ATR_14",Rolling_Std_10
KOTAKBANK,2022-08-01,2022,1,Sideways,0,0.9927,SELL,0,1,0.9951,BUY,1,10,"Rolling_Std_10,SMA_10,EMA_12,BB_Upper,Williams_R,RSI_14,Volume_MA,MACD,MACD_Signal,ATR_14",Rolling_Std_10
KOTAKBANK,2022-08-02,2022,1,Sideways,0,0.9965,SELL,0,1,0.9966,BUY,1,10,"Rolling_Std_10,SMA_10,EMA_12,BB_Upper,Williams_R,RSI_14,Volume_MA,MACD,MACD_Signal,ATR_14",Rolling_Std_10
KOTAKBANK,2022-08-03,2022,1,Sideways,0,0.9739,SELL,0,1,0.9963,BUY,1,10,"Rolling_Std_10,SMA_10,EMA_12,BB_Upper,Williams_R,RSI_14,Volume_MA,MACD,MACD_Signal,ATR_14",Rolling_Std_10
KOTAKBANK,2022-08-04,2022,1,Sideways,0,0.9275,SELL,0,1,0.9967,BUY,1,10,"Rolling_Std_10,SMA_10,EMA_12,BB_Upper,Williams_R,RSI_14,Volume_MA,MACD,MACD_Signal,ATR_14",Rolling_Std_10
KOTAKBANK,2022-08-05,2022,1,Sideways,0,0.8923,SELL,0,1,0.9982,BUY,1,10,"Rolling_Std_10,SMA_10,EMA_12,BB_Upper,Williams_R,RSI_14,Volume_MA,MACD,MACD_Signal,ATR_14",Rolling_Std_10
KOTAKBANK,2022-08-08,2022,1,Sideways,0,0.9455,SELL,0,1,0.9989,BUY,1,10,"Rolling_Std_10,SMA_10,EMA_12,BB_Upper,Williams_R,RSI_14,Volume_MA,MACD,MACD_Signal,ATR_14",Rolling_Std_10
KOTAKBANK,2022-08-10,2022,1,Sideways,0,0.8782,SELL,0,1,0.9993,BUY,1,10,"Rolling_Std_10,SMA_10,EMA_12,BB_Upper,Williams_R,RSI_14,Volume_MA,MACD,MACD_Signal,ATR_14",Rolling_Std_10
KOTAKBANK,2022-08-11,2022,1,Sideways,0,0.9833,SELL,0,1,1.0,BUY,1,10,"EMA_12,ATR_14,Rolling_Std_10,Williams_R,Volume_MA,RSI_14,ROC,BB_Upper,MACD,Rolling_Median_Return",EMA_12
KOTAKBANK,2022-08-12,2022,1,Sideways,0,0.8557,SELL,0,1,1.0,BUY,1,10,"EMA_12,ATR_14,Rolling_Std_10,Williams_R,Volume_MA,RSI_14,ROC,BB_Upper,MACD,Rolling_Median_Return",EMA_12
KOTAKBANK,2022-08-16,2022,1,Sideways,0,0.9379,SELL,0,1,1.0,BUY,1,10,"EMA_12,ATR_14,Rolling_Std_10,Williams_R,Volume_MA,RSI_14,ROC,BB_Upper,MACD,Rolling_Median_Return",EMA_12
KOTAKBANK,2022-08-17,2022,1,Sideways,0,0.8006,SELL,0,1,1.0,BUY,1,10,"EMA_12,ATR_14,Rolling_Std_10,Williams_R,Volume_MA,RSI_14,ROC,BB_Upper,MACD,Rolling_Median_Return",EMA_12
KOTAKBANK,2022-08-18,2022,1,Sideways,0,0.9984,SELL,0,1,1.0,BUY,1,10,"EMA_12,ATR_14,Rolling_Std_10,Williams_R,Volume_MA,RSI_14,ROC,BB_Upper,MACD,Rolling_Median_Return",EMA_12
KOTAKBANK,2022-08-19,2022,1,Sideways,0,0.8952,SELL,0,1,1.0,BUY,1,10,"EMA_12,ATR_14,Rolling_Std_10,Williams_R,Volume_MA,RSI_14,ROC,BB_Upper,MACD,Rolling_Median_Return",EMA_12
KOTAKBANK,2022-08-22,2022,1,Sideways,0,0.6321,SELL,0,1,0.9999,BUY,1,10,"EMA_12,ATR_14,Rolling_Std_10,Williams_R,Volume_MA,RSI_14,ROC,BB_Upper,MACD,Rolling_Median_Return",EMA_12
KOTAKBANK,2022-08-23,2022,1,Sideways,0,0.8371,SELL,0,1,1.0,BUY,1,10,"EMA_12,ATR_14,Rolling_Std_10,Williams_R,Volume_MA,RSI_14,ROC,BB_Upper,MACD,Rolling_Median_Return",EMA_12
KOTAKBANK,2022-08-24,2022,1,Sideways,0,0.793,SELL,0,1,1.0,BUY,1,10,"EMA_12,ATR_14,Rolling_Std_10,Williams_R,Volume_MA,RSI_14,ROC,BB_Upper,MACD,Rolling_Median_Return",EMA_12
KOTAKBANK,2022-08-25,2022,0,Sideways,0,0.7832,SELL,1,1,1.0,BUY,0,10,"EMA_12,ATR_14,Rolling_Std_10,Williams_R,Volume_MA,RSI_14,ROC,BB_Upper,MACD,Rolling_Median_Return",EMA_12
KOTAKBANK,2022-08-26,2022,0,Sideways,0,0.9739,SELL,1,1,0.9992,BUY,0,10,"EMA_12,ATR_14,Rolling_Std_10,Williams_R,Volume_MA,RSI_14,ROC,BB_Upper,MACD,Rolling_Median_Return",EMA_12
KOTAKBANK,2022-08-29,2022,0,Sideways,0,0.8482,SELL,1,1,0.9674,BUY,0,10,"EMA_12,ATR_14,Rolling_Std_10,Williams_R,Volume_MA,RSI_14,ROC,BB_Upper,MACD,Rolling_Median_Return",EMA_12
KOTAKBANK,2022-08-30,2022,0,Sideways,0,0.9985,SELL,1,1,0.8512,BUY,0,10,"EMA_12,ATR_14,Rolling_Std_10,Williams_R,Volume_MA,RSI_14,ROC,BB_Upper,MACD,Rolling_Median_Return",EMA_12
KOTAKBANK,2022-09-01,2022,0,Sideways,0,0.981,SELL,1,1,0.6338,BUY,0,10,"EMA_12,ATR_14,Rolling_Std_10,Williams_R,Volume_MA,RSI_14,ROC,BB_Upper,MACD,Rolling_Median_Return",EMA_12
KOTAKBANK,2022-09-02,2022,0,Sideways,0,0.9876,SELL,1,1,0.8616,BUY,0,10,"EMA_12,ATR_14,Rolling_Std_10,Williams_R,Volume_MA,RSI_14,ROC,BB_Upper,MACD,Rolling_Median_Return",EMA_12
KOTAKBANK,2022-09-05,2022,0,Sideways,0,0.9973,SELL,1,1,0.8062,BUY,0,10,"EMA_12,ATR_14,Rolling_Std_10,Williams_R,Volume_MA,RSI_14,ROC,BB_Upper,MACD,Rolling_Median_Return",EMA_12
KOTAKBANK,2022-09-06,2022,0,Sideways,0,0.9953,SELL,1,1,0.8346,BUY,0,10,"EMA_12,ATR_14,Rolling_Std_10,Williams_R,Volume_MA,RSI_14,ROC,BB_Upper,MACD,Rolling_Median_Return",EMA_12
KOTAKBANK,2022-09-07,2022,0,Sideways,0,0.9914,SELL,1,1,0.9142,BUY,0,10,"EMA_12,ATR_14,Rolling_Std_10,Williams_R,Volume_MA,RSI_14,ROC,BB_Upper,MACD,Rolling_Median_Return",EMA_12
KOTAKBANK,2022-09-08,2022,0,Sideways,0,0.998,SELL,1,1,0.8945,BUY,0,10,"EMA_12,ATR_14,Rolling_Std_10,Williams_R,Volume_MA,RSI_14,ROC,BB_Upper,MACD,Rolling_Median_Return",EMA_12
KOTAKBANK,2022-09-09,2022,0,Sideways,0,0.9957,SELL,1,1,0.8955,BUY,0,10,"EMA_12,ATR_14,Rolling_Std_10,Williams_R,Volume_MA,RSI_14,ROC,BB_Upper,MACD,Rolling_Median_Return",EMA_12
KOTAKBANK,2022-09-12,2022,0,Sideways,0,0.9945,SELL,1,1,0.9554,BUY,0,10,"EMA_12,ATR_14,Rolling_Std_10,Williams_R,Volume_MA,RSI_14,ROC,BB_Upper,MACD,Rolling_Median_Return",EMA_12
KOTAKBANK,2022-09-13,2022,0,Sideways,0,0.997,SELL,1,1,0.9644,BUY,0,10,"EMA_12,ATR_14,Rolling_Std_10,Williams_R,Volume_MA,RSI_14,ROC,BB_Upper,MACD,Rolling_Median_Return",EMA_12
KOTAKBANK,2022-09-14,2022,0,Sideways,0,0.9997,SELL,1,1,0.9795,BUY,0,10,"EMA_12,ATR_14,Rolling_Std_10,Williams_R,Volume_MA,RSI_14,ROC,BB_Upper,MACD,Rolling_Median_Return",EMA_12
KOTAKBANK,2022-09-15,2022,0,Sideways,0,0.9981,SELL,1,1,0.9319,BUY,0,10,"EMA_12,ATR_14,Rolling_Std_10,Williams_R,Volume_MA,RSI_14,ROC,BB_Upper,MACD,Rolling_Median_Return",EMA_12
KOTAKBANK,2022-09-16,2022,0,Sideways,0,0.998,SELL,1,1,0.8411,BUY,0,10,"EMA_12,ATR_14,Rolling_Std_10,Williams_R,Volume_MA,RSI_14,ROC,BB_Upper,MACD,Rolling_Median_Return",EMA_12
KOTAKBANK,2022-09-19,2022,0,Sideways,0,0.9974,SELL,1,1,0.879,BUY,0,10,"EMA_12,ATR_14,Rolling_Std_10,Williams_R,Volume_MA,RSI_14,ROC,BB_Upper,MACD,Rolling_Median_Return",EMA_12
KOTAKBANK,2022-09-20,2022,0,Sideways,0,0.9995,SELL,1,1,0.829,BUY,0,10,"EMA_12,ATR_14,Rolling_Std_10,Williams_R,Volume_MA,RSI_14,ROC,BB_Upper,MACD,Rolling_Median_Return",EMA_12
KOTAKBANK,2022-09-21,2022,0,Sideways,0,0.9993,SELL,1,1,0.8763,BUY,0,10,"EMA_12,ATR_14,Rolling_Std_10,Williams_R,Volume_MA,RSI_14,ROC,BB_Upper,MACD,Rolling_Median_Return",EMA_12
KOTAKBANK,2022-09-22,2022,1,Sideways,0,0.9968,SELL,0,1,0.9871,BUY,1,10,"EMA_12,ATR_14,Rolling_Std_10,Williams_R,Volume_MA,RSI_14,ROC,BB_Upper,MACD,Rolling_Median_Return",EMA_12
KOTAKBANK,2022-09-23,2022,1,Sideways,0,0.7328,SELL,0,1,0.9996,BUY,1,10,"EMA_12,ATR_14,Rolling_Std_10,Williams_R,Volume_MA,RSI_14,ROC,BB_Upper,MACD,Rolling_Median_Return",EMA_12
KOTAKBANK,2022-09-26,2022,1,Sideways,1,0.9353,BUY,1,1,1.0,BUY,1,10,"Rolling_Mean_Return,EMA_12,ATR_14,MACD,EMA_26,Rolling_Median_Return,Volume_MA,RSI_14,Rolling_Std_10,BB_Upper",Rolling_Mean_Return
KOTAKBANK,2022-09-27,2022,1,Sideways,1,0.997,BUY,1,1,1.0,BUY,1,10,"Rolling_Mean_Return,EMA_12,ATR_14,MACD,EMA_26,Rolling_Median_Return,Volume_MA,RSI_14,Rolling_Std_10,BB_Upper",Rolling_Mean_Return
KOTAKBANK,2022-09-28,2022,1,Sideways,1,0.9996,BUY,1,1,1.0,BUY,1,10,"Rolling_Mean_Return,EMA_12,ATR_14,MACD,EMA_26,Rolling_Median_Return,Volume_MA,RSI_14,Rolling_Std_10,BB_Upper",Rolling_Mean_Return
KOTAKBANK,2022-09-29,2022,1,Sideways,1,1.0,BUY,1,1,1.0,BUY,1,10,"Rolling_Mean_Return,EMA_12,ATR_14,MACD,EMA_26,Rolling_Median_Return,Volume_MA,RSI_14,Rolling_Std_10,BB_Upper",Rolling_Mean_Return
KOTAKBANK,2022-09-30,2022,1,Sideways,1,0.9837,BUY,1,1,1.0,BUY,1,10,"Rolling_Mean_Return,EMA_12,ATR_14,MACD,EMA_26,Rolling_Median_Return,Volume_MA,RSI_14,Rolling_Std_10,BB_Upper",Rolling_Mean_Return
KOTAKBANK,2022-10-03,2022,1,Sideways,1,0.9999,BUY,1,1,1.0,BUY,1,10,"Rolling_Mean_Return,EMA_12,ATR_14,MACD,EMA_26,Rolling_Median_Return,Volume_MA,RSI_14,Rolling_Std_10,BB_Upper",Rolling_Mean_Return
KOTAKBANK,2022-10-04,2022,1,Sideways,1,0.9973,BUY,1,1,1.0,BUY,1,10,"Rolling_Mean_Return,EMA_12,ATR_14,MACD,EMA_26,Rolling_Median_Return,Volume_MA,RSI_14,Rolling_Std_10,BB_Upper",Rolling_Mean_Return
KOTAKBANK,2022-10-06,2022,1,Sideways,1,0.9994,BUY,1,1,1.0,BUY,1,10,"Rolling_Mean_Return,EMA_12,ATR_14,MACD,EMA_26,Rolling_Median_Return,Volume_MA,RSI_14,Rolling_Std_10,BB_Upper",Rolling_Mean_Return
KOTAKBANK,2022-10-07,2022,1,Sideways,1,0.9953,BUY,1,1,0.9999,BUY,1,10,"Rolling_Mean_Return,EMA_12,ATR_14,MACD,EMA_26,Rolling_Median_Return,Volume_MA,RSI_14,Rolling_Std_10,BB_Upper",Rolling_Mean_Return
KOTAKBANK,2022-10-10,2022,1,Sideways,1,0.9984,BUY,1,1,1.0,BUY,1,10,"Rolling_Mean_Return,EMA_12,ATR_14,MACD,EMA_26,Rolling_Median_Return,Volume_MA,RSI_14,Rolling_Std_10,BB_Upper",Rolling_Mean_Return
KOTAKBANK,2022-10-11,2022,1,Sideways,1,0.9995,BUY,1,1,1.0,BUY,1,10,"Rolling_Mean_Return,EMA_12,ATR_14,MACD,EMA_26,Rolling_Median_Return,Volume_MA,RSI_14,Rolling_Std_10,BB_Upper",Rolling_Mean_Return
KOTAKBANK,2022-10-12,2022,1,Sideways,1,0.9893,BUY,1,1,0.9999,BUY,1,10,"Rolling_Mean_Return,EMA_12,ATR_14,MACD,EMA_26,Rolling_Median_Return,Volume_MA,RSI_14,Rolling_Std_10,BB_Upper",Rolling_Mean_Return
KOTAKBANK,2022-10-13,2022,1,Sideways,1,0.9924,BUY,1,1,1.0,BUY,1,10,"Rolling_Mean_Return,EMA_12,ATR_14,MACD,EMA_26,Rolling_Median_Return,Volume_MA,RSI_14,Rolling_Std_10,BB_Upper",Rolling_Mean_Return
KOTAKBANK,2022-10-14,2022,1,Sideways,1,0.611,BUY,1,1,0.9965,BUY,1,10,"Rolling_Mean_Return,EMA_12,ATR_14,MACD,EMA_26,Rolling_Median_Return,Volume_MA,RSI_14,Rolling_Std_10,BB_Upper",Rolling_Mean_Return
KOTAKBANK,2022-10-17,2022,1,Sideways,0,0.6749,SELL,0,1,0.9919,BUY,1,10,"Rolling_Mean_Return,EMA_12,ATR_14,MACD,EMA_26,Rolling_Median_Return,Volume_MA,RSI_14,Rolling_Std_10,BB_Upper",Rolling_Mean_Return
KOTAKBANK,2022-10-18,2022,1,Sideways,0,0.7352,SELL,0,1,0.9848,BUY,1,10,"Rolling_Mean_Return,EMA_12,ATR_14,MACD,EMA_26,Rolling_Median_Return,Volume_MA,RSI_14,Rolling_Std_10,BB_Upper",Rolling_Mean_Return
KOTAKBANK,2022-10-19,2022,1,Sideways,0,0.7965,SELL,0,1,0.9795,BUY,1,10,"Rolling_Mean_Return,EMA_12,ATR_14,MACD,EMA_26,Rolling_Median_Return,Volume_MA,RSI_14,Rolling_Std_10,BB_Upper",Rolling_Mean_Return
KOTAKBANK,2022-10-20,2022,1,Sideways,0,0.7553,SELL,0,1,0.9836,BUY,1,10,"Rolling_Mean_Return,EMA_12,ATR_14,MACD,EMA_26,Rolling_Median_Return,Volume_MA,RSI_14,Rolling_Std_10,BB_Upper",Rolling_Mean_Return
KOTAKBANK,2022-10-21,2022,1,Sideways,0,0.9738,SELL,0,1,0.9676,BUY,1,10,"Rolling_Mean_Return,EMA_12,ATR_14,MACD,EMA_26,Rolling_Median_Return,Volume_MA,RSI_14,Rolling_Std_10,BB_Upper",Rolling_Mean_Return
KOTAKBANK,2022-10-24,2022,1,Sideways,0,0.8821,SELL,0,1,0.9677,BUY,1,10,"Rolling_Mean_Return,EMA_12,ATR_14,MACD,EMA_26,Rolling_Median_Return,Volume_MA,RSI_14,Rolling_Std_10,BB_Upper",Rolling_Mean_Return
KOTAKBANK,2022-10-25,2022,1,Sideways,0,0.5194,NO TRADE,0,1,0.9984,BUY,1,10,"Rolling_Mean_Return,EMA_12,ATR_14,MACD,EMA_26,Rolling_Median_Return,Volume_MA,RSI_14,Rolling_Std_10,BB_Upper",Rolling_Mean_Return
KOTAKBANK,2022-10-27,2022,1,Sideways,0,0.7293,SELL,0,1,0.9944,BUY,1,10,"Rolling_Mean_Return,EMA_12,ATR_14,MACD,EMA_26,Rolling_Median_Return,Volume_MA,RSI_14,Rolling_Std_10,BB_Upper",Rolling_Mean_Return
KOTAKBANK,2022-10-28,2022,1,Sideways,0,0.9276,SELL,0,1,0.9722,BUY,1,10,"Rolling_Mean_Return,EMA_12,ATR_14,MACD,EMA_26,Rolling_Median_Return,Volume_MA,RSI_14,Rolling_Std_10,BB_Upper",Rolling_Mean_Return
KOTAKBANK,2022-10-31,2022,1,Sideways,0,0.9469,SELL,0,1,0.9692,BUY,1,10,"Rolling_Mean_Return,EMA_12,ATR_14,MACD,EMA_26,Rolling_Median_Return,Volume_MA,RSI_14,Rolling_Std_10,BB_Upper",Rolling_Mean_Return
KOTAKBANK,2022-11-01,2022,1,Sideways,0,0.9368,SELL,0,1,0.9826,BUY,1,10,"Rolling_Mean_Return,EMA_12,ATR_14,MACD,EMA_26,Rolling_Median_Return,Volume_MA,RSI_14,Rolling_Std_10,BB_Upper",Rolling_Mean_Return
KOTAKBANK,2022-11-02,2022,1,Sideways,0,0.957,SELL,0,1,0.9799,BUY,1,10,"Rolling_Mean_Return,EMA_12,ATR_14,MACD,EMA_26,Rolling_Median_Return,Volume_MA,RSI_14,Rolling_Std_10,BB_Upper",Rolling_Mean_Return
KOTAKBANK,2022-11-03,2022,1,Sideways,0,0.8952,SELL,0,1,0.9834,BUY,1,10,"Rolling_Mean_Return,EMA_12,ATR_14,MACD,EMA_26,Rolling_Median_Return,Volume_MA,RSI_14,Rolling_Std_10,BB_Upper",Rolling_Mean_Return
KOTAKBANK,2022-11-04,2022,1,Sideways,0,0.8752,SELL,0,1,0.9708,BUY,1,10,"Rolling_Mean_Return,EMA_12,ATR_14,MACD,EMA_26,Rolling_Median_Return,Volume_MA,RSI_14,Rolling_Std_10,BB_Upper",Rolling_Mean_Return
KOTAKBANK,2022-11-07,2022,1,Sideways,1,0.5597,BUY,1,1,0.9955,BUY,1,10,"Rolling_Mean_Return,EMA_12,ATR_14,MACD,EMA_26,Rolling_Median_Return,Volume_MA,RSI_14,Rolling_Std_10,BB_Upper",Rolling_Mean_Return
KOTAKBANK,2022-11-09,2022,1,Sideways,0,0.7476,SELL,0,1,0.985,BUY,1,10,"Rolling_Mean_Return,EMA_12,ATR_14,MACD,EMA_26,Rolling_Median_Return,Volume_MA,RSI_14,Rolling_Std_10,BB_Upper",Rolling_Mean_Return
KOTAKBANK,2022-11-10,2022,0,Sideways,0,0.9594,SELL,1,1,0.8978,BUY,0,10,"EMA_12,ATR_14,Rolling_Median_Return,MACD,Rolling_Volatility,RSI_14,MACD_Hist,ADX,Stochastic,Rolling_Std_10",EMA_12
KOTAKBANK,2022-11-11,2022,0,Sideways,0,0.8977,SELL,1,1,0.8624,BUY,0,10,"EMA_12,ATR_14,Rolling_Median_Return,MACD,Rolling_Volatility,RSI_14,MACD_Hist,ADX,Stochastic,Rolling_Std_10",EMA_12
KOTAKBANK,2022-11-14,2022,0,Sideways,0,0.9837,SELL,1,1,0.9904,BUY,0,10,"EMA_12,ATR_14,Rolling_Median_Return,MACD,Rolling_Volatility,RSI_14,MACD_Hist,ADX,Stochastic,Rolling_Std_10",EMA_12
KOTAKBANK,2022-11-15,2022,0,Sideways,0,0.9416,SELL,1,1,0.6141,BUY,0,10,"EMA_12,ATR_14,Rolling_Median_Return,MACD,Rolling_Volatility,RSI_14,MACD_Hist,ADX,Stochastic,Rolling_Std_10",EMA_12
KOTAKBANK,2022-11-16,2022,0,Sideways,0,0.999,SELL,1,1,0.99,BUY,0,10,"EMA_12,ATR_14,Rolling_Median_Return,MACD,Rolling_Volatility,RSI_14,MACD_Hist,ADX,Stochastic,Rolling_Std_10",EMA_12
KOTAKBANK,2022-11-17,2022,0,Sideways,0,0.9842,SELL,1,1,0.8009,BUY,0,10,"EMA_12,ATR_14,Rolling_Median_Return,MACD,Rolling_Volatility,RSI_14,MACD_Hist,ADX,Stochastic,Rolling_Std_10",EMA_12
KOTAKBANK,2022-11-18,2022,0,Sideways,0,0.9949,SELL,1,1,0.7561,BUY,0,10,"EMA_12,ATR_14,Rolling_Median_Return,MACD,Rolling_Volatility,RSI_14,MACD_Hist,ADX,Stochastic,Rolling_Std_10",EMA_12
KOTAKBANK,2022-11-21,2022,0,Sideways,0,0.9826,SELL,1,1,0.5643,BUY,0,10,"EMA_12,ATR_14,Rolling_Median_Return,MACD,Rolling_Volatility,RSI_14,MACD_Hist,ADX,Stochastic,Rolling_Std_10",EMA_12
KOTAKBANK,2022-11-22,2022,0,Sideways,0,0.9845,SELL,1,1,0.5137,NO TRADE,0,10,"EMA_12,ATR_14,Rolling_Median_Return,MACD,Rolling_Volatility,RSI_14,MACD_Hist,ADX,Stochastic,Rolling_Std_10",EMA_12
KOTAKBANK,2022-11-23,2022,0,Sideways,0,0.9927,SELL,1,0,0.6481,SELL,1,10,"EMA_12,ATR_14,Rolling_Median_Return,MACD,Rolling_Volatility,RSI_14,MACD_Hist,ADX,Stochastic,Rolling_Std_10",EMA_12
KOTAKBANK,2022-11-24,2022,0,Sideways,0,0.9821,SELL,1,0,0.7209,SELL,1,10,"EMA_12,ATR_14,Rolling_Median_Return,MACD,Rolling_Volatility,RSI_14,MACD_Hist,ADX,Stochastic,Rolling_Std_10",EMA_12
KOTAKBANK,2022-11-25,2022,0,Sideways,0,0.9663,SELL,1,0,0.6473,SELL,1,10,"EMA_12,ATR_14,Rolling_Median_Return,MACD,Rolling_Volatility,RSI_14,MACD_Hist,ADX,Stochastic,Rolling_Std_10",EMA_12
KOTAKBANK,2022-11-28,2022,0,Sideways,0,0.9729,SELL,1,0,0.619,SELL,1,10,"EMA_12,ATR_14,Rolling_Median_Return,MACD,Rolling_Volatility,RSI_14,MACD_Hist,ADX,Stochastic,Rolling_Std_10",EMA_12
KOTAKBANK,2022-11-29,2022,0,Sideways,0,0.977,SELL,1,0,0.6959,SELL,1,10,"EMA_12,ATR_14,Rolling_Median_Return,MACD,Rolling_Volatility,RSI_14,MACD_Hist,ADX,Stochastic,Rolling_Std_10",EMA_12
KOTAKBANK,2022-11-30,2022,0,Sideways,0,0.9945,SELL,1,0,0.9598,SELL,1,10,"EMA_12,ATR_14,Rolling_Median_Return,MACD,Rolling_Volatility,RSI_14,MACD_Hist,ADX,Stochastic,Rolling_Std_10",EMA_12
KOTAKBANK,2022-12-01,2022,0,Sideways,0,0.9943,SELL,1,0,0.9428,SELL,1,10,"EMA_12,ATR_14,Rolling_Median_Return,MACD,Rolling_Volatility,RSI_14,MACD_Hist,ADX,Stochastic,Rolling_Std_10",EMA_12
KOTAKBANK,2022-12-02,2022,0,Sideways,0,0.9975,SELL,1,0,0.9813,SELL,1,10,"EMA_12,ATR_14,Rolling_Median_Return,MACD,Rolling_Volatility,RSI_14,MACD_Hist,ADX,Stochastic,Rolling_Std_10",EMA_12
KOTAKBANK,2022-12-05,2022,0,Sideways,0,0.9998,SELL,1,0,0.99,SELL,1,10,"EMA_12,ATR_14,Rolling_Median_Return,MACD,Rolling_Volatility,RSI_14,MACD_Hist,ADX,Stochastic,Rolling_Std_10",EMA_12
KOTAKBANK,2022-12-06,2022,0,Sideways,0,0.9998,SELL,1,0,0.9926,SELL,1,10,"EMA_12,ATR_14,Rolling_Median_Return,MACD,Rolling_Volatility,RSI_14,MACD_Hist,ADX,Stochastic,Rolling_Std_10",EMA_12
KOTAKBANK,2022-12-07,2022,0,Sideways,0,0.9958,SELL,1,0,0.7399,SELL,1,10,"EMA_12,ATR_14,Rolling_Median_Return,MACD,Rolling_Volatility,RSI_14,MACD_Hist,ADX,Stochastic,Rolling_Std_10",EMA_12
KOTAKBANK,2022-12-08,2022,0,Sideways,0,0.9689,SELL,1,1,0.6377,BUY,0,10,"EMA_12,ATR_14,Rolling_Median_Return,MACD,Rolling_Volatility,RSI_14,MACD_Hist,ADX,Stochastic,Rolling_Std_10",EMA_12
KOTAKBANK,2022-12-09,2022,0,Sideways,0,0.7504,SELL,1,1,0.7065,BUY,0,10,"EMA_12,ATR_14,Rolling_Median_Return,MACD,Rolling_Volatility,RSI_14,MACD_Hist,ADX,Stochastic,Rolling_Std_10",EMA_12
KOTAKBANK,2022-12-12,2022,0,Sideways,1,0.9059,BUY,0,1,0.8809,BUY,0,10,"EMA_12,ATR_14,Rolling_Median_Return,MACD,Rolling_Volatility,RSI_14,MACD_Hist,ADX,Stochastic,Rolling_Std_10",EMA_12
KOTAKBANK,2022-12-13,2022,0,Sideways,1,0.8335,BUY,0,0,0.8083,SELL,1,10,"EMA_12,ATR_14,Rolling_Median_Return,MACD,Rolling_Volatility,RSI_14,MACD_Hist,ADX,Stochastic,Rolling_Std_10",EMA_12
KOTAKBANK,2022-12-14,2022,0,Sideways,1,0.81,BUY,0,0,0.9975,SELL,1,10,"EMA_12,ATR_14,Rolling_Median_Return,MACD,Rolling_Volatility,RSI_14,MACD_Hist,ADX,Stochastic,Rolling_Std_10",EMA_12
KOTAKBANK,2022-12-15,2022,0,Sideways,1,0.9028,BUY,0,0,0.9983,SELL,1,10,"EMA_12,ATR_14,Rolling_Median_Return,MACD,Rolling_Volatility,RSI_14,MACD_Hist,ADX,Stochastic,Rolling_Std_10",EMA_12
KOTAKBANK,2022-12-16,2022,0,Sideways,1,0.9801,BUY,0,0,0.9956,SELL,1,10,"EMA_12,ATR_14,Rolling_Median_Return,MACD,Rolling_Volatility,RSI_14,MACD_Hist,ADX,Stochastic,Rolling_Std_10",EMA_12
KOTAKBANK,2022-12-19,2022,0,Sideways,1,0.8324,BUY,0,0,0.9991,SELL,1,10,"EMA_12,ATR_14,Rolling_Median_Return,MACD,Rolling_Volatility,RSI_14,MACD_Hist,ADX,Stochastic,Rolling_Std_10",EMA_12
KOTAKBANK,2022-12-20,2022,0,Sideways,1,0.9449,BUY,0,0,0.999,SELL,1,10,"EMA_12,ATR_14,Rolling_Median_Return,MACD,Rolling_Volatility,RSI_14,MACD_Hist,ADX,Stochastic,Rolling_Std_10",EMA_12
KOTAKBANK,2022-12-21,2022,0,Sideways,1,0.9936,BUY,0,0,0.9855,SELL,1,10,"EMA_12,ATR_14,Rolling_Median_Return,MACD,Rolling_Volatility,RSI_14,MACD_Hist,ADX,Stochastic,Rolling_Std_10",EMA_12
KOTAKBANK,2022-12-22,2022,0,Sideways,1,0.9333,BUY,0,0,0.5615,SELL,1,10,"EMA_12,SMA_10,Rolling_Median_Return,Volume_MA,MACD_Signal,Rolling_Volatility,ROC,MACD,Return_5d,SMA_50",EMA_12
KOTAKBANK,2022-12-23,2022,0,Sideways,1,0.9289,BUY,0,0,0.6245,SELL,1,10,"EMA_12,SMA_10,Rolling_Median_Return,Volume_MA,MACD_Signal,Rolling_Volatility,ROC,MACD,Return_5d,SMA_50",EMA_12
KOTAKBANK,2022-12-26,2022,0,Sideways,1,0.8928,BUY,0,0,0.6623,SELL,1,10,"EMA_12,SMA_10,Rolling_Median_Return,Volume_MA,MACD_Signal,Rolling_Volatility,ROC,MACD,Return_5d,SMA_50",EMA_12
KOTAKBANK,2022-12-27,2022,0,Sideways,1,0.701,BUY,0,0,0.7965,SELL,1,10,"EMA_12,SMA_10,Rolling_Median_Return,Volume_MA,MACD_Signal,Rolling_Volatility,ROC,MACD,Return_5d,SMA_50",EMA_12
KOTAKBANK,2022-12-28,2022,0,Sideways,1,0.5269,NO TRADE,0,1,0.9677,BUY,0,10,"EMA_12,SMA_10,Rolling_Median_Return,Volume_MA,MACD_Signal,Rolling_Volatility,ROC,MACD,Return_5d,SMA_50",EMA_12
KOTAKBANK,2022-12-29,2022,0,Sideways,0,0.664,SELL,1,0,0.8098,SELL,1,10,"EMA_12,SMA_10,Rolling_Median_Return,Volume_MA,MACD_Signal,Rolling_Volatility,ROC,MACD,Return_5d,SMA_50",EMA_12
KOTAKBANK,2022-12-30,2022,0,Sideways,0,0.9125,SELL,1,0,0.7698,SELL,1,10,"EMA_12,SMA_10,Rolling_Median_Return,Volume_MA,MACD_Signal,Rolling_Volatility,ROC,MACD,Return_5d,SMA_50",EMA_12
KOTAKBANK,2023-01-02,2023,0,Sideways,0,0.9503,SELL,1,0,0.7525,SELL,1,10,"EMA_12,SMA_10,Rolling_Median_Return,Volume_MA,MACD_Signal,Rolling_Volatility,ROC,MACD,Return_5d,SMA_50",EMA_12
KOTAKBANK,2023-01-03,2023,0,Sideways,0,0.994,SELL,1,0,0.8341,SELL,1,10,"EMA_12,SMA_10,Rolling_Median_Return,Volume_MA,MACD_Signal,Rolling_Volatility,ROC,MACD,Return_5d,SMA_50",EMA_12
KOTAKBANK,2023-01-04,2023,0,Sideways,0,0.9997,SELL,1,0,0.9292,SELL,1,10,"EMA_12,SMA_10,Rolling_Median_Return,Volume_MA,MACD_Signal,Rolling_Volatility,ROC,MACD,Return_5d,SMA_50",EMA_12
KOTAKBANK,2023-01-05,2023,0,Sideways,0,1.0,SELL,1,0,0.8968,SELL,1,10,"EMA_12,SMA_10,Rolling_Median_Return,Volume_MA,MACD_Signal,Rolling_Volatility,ROC,MACD,Return_5d,SMA_50",EMA_12
KOTAKBANK,2023-01-06,2023,0,Sideways,0,0.9999,SELL,1,0,0.6184,SELL,1,10,"EMA_12,SMA_10,Rolling_Median_Return,Volume_MA,MACD_Signal,Rolling_Volatility,ROC,MACD,Return_5d,SMA_50",EMA_12
KOTAKBANK,2023-01-09,2023,0,Sideways,0,1.0,SELL,1,0,0.8663,SELL,1,10,"EMA_12,SMA_10,Rolling_Median_Return,Volume_MA,MACD_Signal,Rolling_Volatility,ROC,MACD,Return_5d,SMA_50",EMA_12
KOTAKBANK,2023-01-10,2023,0,Sideways,0,0.9999,SELL,1,0,0.6316,SELL,1,10,"EMA_12,SMA_10,Rolling_Median_Return,Volume_MA,MACD_Signal,Rolling_Volatility,ROC,MACD,Return_5d,SMA_50",EMA_12
KOTAKBANK,2023-01-11,2023,0,Sideways,0,0.9998,SELL,1,0,0.7882,SELL,1,10,"EMA_12,SMA_10,Rolling_Median_Return,Volume_MA,MACD_Signal,Rolling_Volatility,ROC,MACD,Return_5d,SMA_50",EMA_12
KOTAKBANK,2023-01-12,2023,0,Sideways,0,0.9974,SELL,1,0,0.5761,SELL,1,10,"EMA_12,SMA_10,Rolling_Median_Return,Volume_MA,MACD_Signal,Rolling_Volatility,ROC,MACD,Return_5d,SMA_50",EMA_12
KOTAKBANK,2023-01-13,2023,0,Sideways,0,0.9958,SELL,1,0,0.8046,SELL,1,10,"EMA_12,SMA_10,Rolling_Median_Return,Volume_MA,MACD_Signal,Rolling_Volatility,ROC,MACD,Return_5d,SMA_50",EMA_12
KOTAKBANK,2023-01-16,2023,0,Sideways,0,0.9961,SELL,1,0,0.8557,SELL,1,10,"EMA_12,SMA_10,Rolling_Median_Return,Volume_MA,MACD_Signal,Rolling_Volatility,ROC,MACD,Return_5d,SMA_50",EMA_12
KOTAKBANK,2023-01-17,2023,0,Sideways,0,0.9987,SELL,1,0,0.8435,SELL,1,10,"EMA_12,SMA_10,Rolling_Median_Return,Volume_MA,MACD_Signal,Rolling_Volatility,ROC,MACD,Return_5d,SMA_50",EMA_12
KOTAKBANK,2023-01-18,2023,0,Sideways,0,0.9988,SELL,1,0,0.936,SELL,1,10,"EMA_12,SMA_10,Rolling_Median_Return,Volume_MA,MACD_Signal,Rolling_Volatility,ROC,MACD,Return_5d,SMA_50",EMA_12
KOTAKBANK,2023-01-19,2023,0,Sideways,0,0.9946,SELL,1,0,0.9212,SELL,1,10,"EMA_12,SMA_10,Rolling_Median_Return,Volume_MA,MACD_Signal,Rolling_Volatility,ROC,MACD,Return_5d,SMA_50",EMA_12
KOTAKBANK,2023-01-20,2023,0,Sideways,0,0.9986,SELL,1,0,0.9504,SELL,1,10,"EMA_12,SMA_10,Rolling_Median_Return,Volume_MA,MACD_Signal,Rolling_Volatility,ROC,MACD,Return_5d,SMA_50",EMA_12
KOTAKBANK,2023-01-23,2023,0,Sideways,0,0.9998,SELL,1,0,0.9361,SELL,1,10,"EMA_12,SMA_10,Rolling_Median_Return,Volume_MA,MACD_Signal,Rolling_Volatility,ROC,MACD,Return_5d,SMA_50",EMA_12
KOTAKBANK,2023-01-24,2023,0,Sideways,0,0.9982,SELL,1,0,0.8796,SELL,1,10,"EMA_12,SMA_10,Rolling_Median_Return,Volume_MA,MACD_Signal,Rolling_Volatility,ROC,MACD,Return_5d,SMA_50",EMA_12
KOTAKBANK,2023-01-25,2023,0,Sideways,0,0.998,SELL,1,0,0.6928,SELL,1,10,"EMA_12,SMA_10,Rolling_Median_Return,Volume_MA,MACD_Signal,Rolling_Volatility,ROC,MACD,Return_5d,SMA_50",EMA_12
KOTAKBANK,2023-01-27,2023,0,Sideways,1,1.0,BUY,0,0,0.5051,NO TRADE,1,10,"EMA_12,SMA_10,Rolling_Median_Return,Volume_MA,MACD_Signal,Rolling_Volatility,ROC,MACD,Return_5d,SMA_50",EMA_12
KOTAKBANK,2023-01-30,2023,0,Sideways,0,1.0,SELL,1,0,0.8732,SELL,1,10,"EMA_12,SMA_10,Rolling_Median_Return,Volume_MA,MACD_Signal,Rolling_Volatility,ROC,MACD,Return_5d,SMA_50",EMA_12
KOTAKBANK,2023-01-31,2023,0,Sideways,0,0.979,SELL,1,0,0.7234,SELL,1,10,"EMA_12,SMA_10,Rolling_Median_Return,Volume_MA,MACD_Signal,Rolling_Volatility,ROC,MACD,Return_5d,SMA_50",EMA_12
KOTAKBANK,2023-02-01,2023,1,Sideways,0,0.9654,SELL,0,0,0.9269,SELL,0,10,"EMA_12,SMA_10,Rolling_Median_Return,Volume_MA,MACD_Signal,Rolling_Volatility,ROC,MACD,Return_5d,SMA_50",EMA_12
KOTAKBANK,2023-02-02,2023,0,Sideways,0,0.96,SELL,1,0,0.7198,SELL,1,10,"EMA_12,SMA_10,Rolling_Median_Return,Volume_MA,MACD_Signal,Rolling_Volatility,ROC,MACD,Return_5d,SMA_50",EMA_12
KOTAKBANK,2023-02-03,2023,0,Sideways,0,0.9853,SELL,1,1,0.9982,BUY,0,10,"BB_Upper,MACD_Signal,EMA_26,Volume_MA,Rolling_Median_Return,SMA_50,ATR_14,EMA_12,RSI_14,ADX",BB_Upper
KOTAKBANK,2023-02-06,2023,1,Sideways,0,0.9259,SELL,0,1,0.991,BUY,1,10,"BB_Upper,MACD_Signal,EMA_26,Volume_MA,Rolling_Median_Return,SMA_50,ATR_14,EMA_12,RSI_14,ADX",BB_Upper
KOTAKBANK,2023-02-07,2023,0,Sideways,0,0.9698,SELL,1,1,0.9889,BUY,0,10,"BB_Upper,MACD_Signal,EMA_26,Volume_MA,Rolling_Median_Return,SMA_50,ATR_14,EMA_12,RSI_14,ADX",BB_Upper
KOTAKBANK,2023-02-08,2023,0,Sideways,0,0.9747,SELL,1,1,0.9297,BUY,0,10,"BB_Upper,MACD_Signal,EMA_26,Volume_MA,Rolling_Median_Return,SMA_50,ATR_14,EMA_12,RSI_14,ADX",BB_Upper
KOTAKBANK,2023-02-09,2023,0,Sideways,0,0.9818,SELL,1,1,0.7923,BUY,0,10,"BB_Upper,MACD_Signal,EMA_26,Volume_MA,Rolling_Median_Return,SMA_50,ATR_14,EMA_12,RSI_14,ADX",BB_Upper
KOTAKBANK,2023-02-10,2023,0,Sideways,0,0.988,SELL,1,0,0.6182,SELL,1,10,"BB_Upper,MACD_Signal,EMA_26,Volume_MA,Rolling_Median_Return,SMA_50,ATR_14,EMA_12,RSI_14,ADX",BB_Upper
KOTAKBANK,2023-02-13,2023,0,Sideways,0,0.986,SELL,1,0,0.8507,SELL,1,10,"BB_Upper,MACD_Signal,EMA_26,Volume_MA,Rolling_Median_Return,SMA_50,ATR_14,EMA_12,RSI_14,ADX",BB_Upper
KOTAKBANK,2023-02-14,2023,0,Sideways,0,0.9878,SELL,1,0,0.9682,SELL,1,10,"BB_Upper,MACD_Signal,EMA_26,Volume_MA,Rolling_Median_Return,SMA_50,ATR_14,EMA_12,RSI_14,ADX",BB_Upper
KOTAKBANK,2023-02-15,2023,0,Sideways,0,0.9872,SELL,1,0,0.9853,SELL,1,10,"BB_Upper,MACD_Signal,EMA_26,Volume_MA,Rolling_Median_Return,SMA_50,ATR_14,EMA_12,RSI_14,ADX",BB_Upper
KOTAKBANK,2023-02-16,2023,0,Sideways,0,0.9909,SELL,1,0,0.9951,SELL,1,10,"BB_Upper,MACD_Signal,EMA_26,Volume_MA,Rolling_Median_Return,SMA_50,ATR_14,EMA_12,RSI_14,ADX",BB_Upper
KOTAKBANK,2023-02-17,2023,0,Sideways,0,0.9948,SELL,1,0,0.9908,SELL,1,10,"BB_Upper,MACD_Signal,EMA_26,Volume_MA,Rolling_Median_Return,SMA_50,ATR_14,EMA_12,RSI_14,ADX",BB_Upper
KOTAKBANK,2023-02-20,2023,0,Sideways,0,0.9988,SELL,1,0,0.9878,SELL,1,10,"BB_Upper,MACD_Signal,EMA_26,Volume_MA,Rolling_Median_Return,SMA_50,ATR_14,EMA_12,RSI_14,ADX",BB_Upper
KOTAKBANK,2023-02-21,2023,0,Sideways,0,0.9926,SELL,1,0,0.9946,SELL,1,10,"BB_Upper,MACD_Signal,EMA_26,Volume_MA,Rolling_Median_Return,SMA_50,ATR_14,EMA_12,RSI_14,ADX",BB_Upper
KOTAKBANK,2023-02-22,2023,0,Sideways,0,0.6879,SELL,1,0,0.9953,SELL,1,10,"BB_Upper,MACD_Signal,EMA_26,Volume_MA,Rolling_Median_Return,SMA_50,ATR_14,EMA_12,RSI_14,ADX",BB_Upper
KOTAKBANK,2023-02-23,2023,0,Sideways,0,0.6209,SELL,1,0,0.9975,SELL,1,10,"BB_Upper,MACD_Signal,EMA_26,Volume_MA,Rolling_Median_Return,SMA_50,ATR_14,EMA_12,RSI_14,ADX",BB_Upper
KOTAKBANK,2023-02-24,2023,1,Sideways,1,0.5983,BUY,1,0,0.9972,SELL,0,10,"BB_Upper,MACD_Signal,EMA_26,Volume_MA,Rolling_Median_Return,SMA_50,ATR_14,EMA_12,RSI_14,ADX",BB_Upper
KOTAKBANK,2023-02-27,2023,0,Sideways,0,0.6488,SELL,1,0,0.9732,SELL,1,10,"BB_Upper,MACD_Signal,EMA_26,Volume_MA,Rolling_Median_Return,SMA_50,ATR_14,EMA_12,RSI_14,ADX",BB_Upper
KOTAKBANK,2023-02-28,2023,0,Sideways,0,0.7472,SELL,1,0,0.9918,SELL,1,10,"BB_Upper,MACD_Signal,EMA_26,Volume_MA,Rolling_Median_Return,SMA_50,ATR_14,EMA_12,RSI_14,ADX",BB_Upper
KOTAKBANK,2023-03-01,2023,0,Sideways,0,0.8616,SELL,1,0,0.9962,SELL,1,10,"BB_Upper,MACD_Signal,EMA_26,Volume_MA,Rolling_Median_Return,SMA_50,ATR_14,EMA_12,RSI_14,ADX",BB_Upper
KOTAKBANK,2023-03-02,2023,1,Sideways,1,0.5617,BUY,1,0,0.9952,SELL,0,10,"BB_Upper,MACD_Signal,EMA_26,Volume_MA,Rolling_Median_Return,SMA_50,ATR_14,EMA_12,RSI_14,ADX",BB_Upper
KOTAKBANK,2023-03-03,2023,1,Sideways,0,0.8404,SELL,0,0,0.9836,SELL,0,10,"BB_Upper,MACD_Signal,EMA_26,Volume_MA,Rolling_Median_Return,SMA_50,ATR_14,EMA_12,RSI_14,ADX",BB_Upper
KOTAKBANK,2023-03-06,2023,1,Sideways,0,0.9108,SELL,0,0,0.981,SELL,0,10,"BB_Upper,MACD_Signal,EMA_26,Volume_MA,Rolling_Median_Return,SMA_50,ATR_14,EMA_12,RSI_14,ADX",BB_Upper
KOTAKBANK,2023-03-08,2023,1,Sideways,0,0.932,SELL,0,0,0.9706,SELL,0,10,"BB_Upper,MACD_Signal,EMA_26,Volume_MA,Rolling_Median_Return,SMA_50,ATR_14,EMA_12,RSI_14,ADX",BB_Upper
KOTAKBANK,2023-03-09,2023,1,Sideways,0,0.9361,SELL,0,0,0.951,SELL,0,10,"BB_Upper,MACD_Signal,EMA_26,Volume_MA,Rolling_Median_Return,SMA_50,ATR_14,EMA_12,RSI_14,ADX",BB_Upper
KOTAKBANK,2023-03-10,2023,1,Sideways,0,1.0,SELL,0,0,0.8993,SELL,0,10,"BB_Upper,MACD_Signal,EMA_26,Volume_MA,Rolling_Median_Return,SMA_50,ATR_14,EMA_12,RSI_14,ADX",BB_Upper
KOTAKBANK,2023-03-13,2023,1,Sideways,1,1.0,BUY,1,0,0.6942,SELL,0,10,"BB_Upper,MACD_Signal,EMA_26,Volume_MA,Rolling_Median_Return,SMA_50,ATR_14,EMA_12,RSI_14,ADX",BB_Upper
KOTAKBANK,2023-03-14,2023,1,Sideways,1,1.0,BUY,1,1,0.7661,BUY,1,10,"BB_Upper,MACD_Signal,EMA_26,Volume_MA,Rolling_Median_Return,SMA_50,ATR_14,EMA_12,RSI_14,ADX",BB_Upper
KOTAKBANK,2023-03-15,2023,1,Sideways,1,1.0,BUY,1,1,0.9163,BUY,1,10,"BB_Upper,MACD_Signal,EMA_26,Volume_MA,Rolling_Median_Return,SMA_50,ATR_14,EMA_12,RSI_14,ADX",BB_Upper
KOTAKBANK,2023-03-16,2023,1,Sideways,1,1.0,BUY,1,1,0.9647,BUY,1,10,"BB_Upper,MACD_Signal,EMA_26,Volume_MA,Rolling_Median_Return,SMA_50,ATR_14,EMA_12,RSI_14,ADX",BB_Upper
KOTAKBANK,2023-03-17,2023,1,Sideways,1,1.0,BUY,1,1,0.9758,BUY,1,10,"BB_Upper,MACD_Signal,EMA_26,Volume_MA,Rolling_Median_Return,SMA_50,ATR_14,EMA_12,RSI_14,ADX",BB_Upper
KOTAKBANK,2023-03-20,2023,1,Sideways,1,1.0,BUY,1,0,0.7401,SELL,0,10,"BB_Upper,Rolling_Volatility,SMA_50,ATR_14,Volume_MA,Rolling_Median_Return,BB_Width,RSI_14,SMA_10,MACD",BB_Upper
KOTAKBANK,2023-03-21,2023,1,Sideways,1,1.0,BUY,1,1,0.5276,NO TRADE,1,10,"BB_Upper,Rolling_Volatility,SMA_50,ATR_14,Volume_MA,Rolling_Median_Return,BB_Width,RSI_14,SMA_10,MACD",BB_Upper
KOTAKBANK,2023-03-22,2023,1,Sideways,1,1.0,BUY,1,1,0.6951,BUY,1,10,"BB_Upper,Rolling_Volatility,SMA_50,ATR_14,Volume_MA,Rolling_Median_Return,BB_Width,RSI_14,SMA_10,MACD",BB_Upper
KOTAKBANK,2023-03-23,2023,1,Sideways,1,1.0,BUY,1,1,0.9172,BUY,1,10,"BB_Upper,Rolling_Volatility,SMA_50,ATR_14,Volume_MA,Rolling_Median_Return,BB_Width,RSI_14,SMA_10,MACD",BB_Upper
KOTAKBANK,2023-03-24,2023,1,Sideways,1,1.0,BUY,1,1,0.9742,BUY,1,10,"BB_Upper,Rolling_Volatility,SMA_50,ATR_14,Volume_MA,Rolling_Median_Return,BB_Width,RSI_14,SMA_10,MACD",BB_Upper
KOTAKBANK,2023-03-27,2023,1,Sideways,1,1.0,BUY,1,1,0.9851,BUY,1,10,"BB_Upper,Rolling_Volatility,SMA_50,ATR_14,Volume_MA,Rolling_Median_Return,BB_Width,RSI_14,SMA_10,MACD",BB_Upper
KOTAKBANK,2023-03-28,2023,1,Sideways,1,1.0,BUY,1,1,0.9909,BUY,1,10,"BB_Upper,Rolling_Volatility,SMA_50,ATR_14,Volume_MA,Rolling_Median_Return,BB_Width,RSI_14,SMA_10,MACD",BB_Upper
KOTAKBANK,2023-03-29,2023,1,Sideways,1,1.0,BUY,1,1,0.9918,BUY,1,10,"BB_Upper,Rolling_Volatility,SMA_50,ATR_14,Volume_MA,Rolling_Median_Return,BB_Width,RSI_14,SMA_10,MACD",BB_Upper
KOTAKBANK,2023-03-31,2023,1,Sideways,1,1.0,BUY,1,1,0.9886,BUY,1,10,"BB_Upper,Rolling_Volatility,SMA_50,ATR_14,Volume_MA,Rolling_Median_Return,BB_Width,RSI_14,SMA_10,MACD",BB_Upper
KOTAKBANK,2023-04-03,2023,1,Sideways,1,1.0,BUY,1,1,0.9832,BUY,1,10,"BB_Upper,Rolling_Volatility,SMA_50,ATR_14,Volume_MA,Rolling_Median_Return,BB_Width,RSI_14,SMA_10,MACD",BB_Upper
KOTAKBANK,2023-04-05,2023,1,Sideways,1,1.0,BUY,1,1,0.9799,BUY,1,10,"BB_Upper,Rolling_Volatility,SMA_50,ATR_14,Volume_MA,Rolling_Median_Return,BB_Width,RSI_14,SMA_10,MACD",BB_Upper
KOTAKBANK,2023-04-06,2023,1,Sideways,0,0.9512,SELL,0,1,0.9608,BUY,1,10,"BB_Upper,Rolling_Volatility,SMA_50,ATR_14,Volume_MA,Rolling_Median_Return,BB_Width,RSI_14,SMA_10,MACD",BB_Upper
KOTAKBANK,2023-04-10,2023,1,Sideways,0,0.9571,SELL,0,1,0.9173,BUY,1,10,"BB_Upper,Rolling_Volatility,SMA_50,ATR_14,Volume_MA,Rolling_Median_Return,BB_Width,RSI_14,SMA_10,MACD",BB_Upper
KOTAKBANK,2023-04-11,2023,1,Sideways,0,0.5073,NO TRADE,0,1,0.9847,BUY,1,10,"BB_Upper,Rolling_Volatility,SMA_50,ATR_14,Volume_MA,Rolling_Median_Return,BB_Width,RSI_14,SMA_10,MACD",BB_Upper
KOTAKBANK,2023-04-12,2023,1,Sideways,1,0.5226,NO TRADE,1,1,0.9892,BUY,1,10,"BB_Upper,Rolling_Volatility,SMA_50,ATR_14,Volume_MA,Rolling_Median_Return,BB_Width,RSI_14,SMA_10,MACD",BB_Upper
KOTAKBANK,2023-04-13,2023,1,Sideways,1,0.6383,BUY,1,1,0.9886,BUY,1,10,"BB_Upper,Rolling_Volatility,SMA_50,ATR_14,Volume_MA,Rolling_Median_Return,BB_Width,RSI_14,SMA_10,MACD",BB_Upper
KOTAKBANK,2023-04-17,2023,1,Sideways,1,0.8219,BUY,1,1,0.9966,BUY,1,10,"BB_Upper,Rolling_Volatility,SMA_50,ATR_14,Volume_MA,Rolling_Median_Return,BB_Width,RSI_14,SMA_10,MACD",BB_Upper
KOTAKBANK,2023-04-18,2023,1,Sideways,1,0.6704,BUY,1,1,0.9982,BUY,1,10,"BB_Upper,Rolling_Volatility,SMA_50,ATR_14,Volume_MA,Rolling_Median_Return,BB_Width,RSI_14,SMA_10,MACD",BB_Upper
KOTAKBANK,2023-04-19,2023,1,Sideways,0,0.5403,NO TRADE,0,1,0.9985,BUY,1,10,"BB_Upper,Rolling_Volatility,SMA_50,ATR_14,Volume_MA,Rolling_Median_Return,BB_Width,RSI_14,SMA_10,MACD",BB_Upper
KOTAKBANK,2023-04-20,2023,1,Sideways,0,0.652,SELL,0,1,0.9982,BUY,1,10,"BB_Upper,Rolling_Volatility,SMA_50,ATR_14,Volume_MA,Rolling_Median_Return,BB_Width,RSI_14,SMA_10,MACD",BB_Upper
KOTAKBANK,2023-04-21,2023,1,Sideways,0,0.7034,SELL,0,1,0.9987,BUY,1,10,"BB_Upper,Rolling_Volatility,SMA_50,ATR_14,Volume_MA,Rolling_Median_Return,BB_Width,RSI_14,SMA_10,MACD",BB_Upper
KOTAKBANK,2023-04-24,2023,1,Sideways,0,0.6849,SELL,0,1,0.9992,BUY,1,10,"BB_Upper,Rolling_Volatility,SMA_50,ATR_14,Volume_MA,Rolling_Median_Return,BB_Width,RSI_14,SMA_10,MACD",BB_Upper
KOTAKBANK,2023-04-25,2023,1,Sideways,0,0.776,SELL,0,1,0.9991,BUY,1,10,"BB_Upper,Rolling_Volatility,SMA_50,ATR_14,Volume_MA,Rolling_Median_Return,BB_Width,RSI_14,SMA_10,MACD",BB_Upper
KOTAKBANK,2023-04-26,2023,1,Sideways,0,0.9782,SELL,0,1,0.9974,BUY,1,10,"BB_Upper,Rolling_Volatility,SMA_50,ATR_14,Volume_MA,Rolling_Median_Return,BB_Width,RSI_14,SMA_10,MACD",BB_Upper
KOTAKBANK,2023-04-27,2023,1,Sideways,0,0.9806,SELL,0,1,0.9975,BUY,1,10,"BB_Upper,Rolling_Volatility,SMA_50,ATR_14,Volume_MA,Rolling_Median_Return,BB_Width,RSI_14,SMA_10,MACD",BB_Upper
KOTAKBANK,2023-04-28,2023,1,Sideways,0,0.9736,SELL,0,1,0.9988,BUY,1,10,"BB_Upper,Rolling_Volatility,SMA_50,ATR_14,Volume_MA,Rolling_Median_Return,BB_Width,RSI_14,SMA_10,MACD",BB_Upper
KOTAKBANK,2023-05-02,2023,1,Sideways,0,0.9933,SELL,0,1,0.9974,BUY,1,10,"BB_Upper,Rolling_Volatility,SMA_50,ATR_14,Volume_MA,Rolling_Median_Return,BB_Width,RSI_14,SMA_10,MACD",BB_Upper
KOTAKBANK,2023-05-03,2023,1,Sideways,0,0.9972,SELL,0,1,0.9963,BUY,1,10,"BB_Upper,Rolling_Volatility,SMA_50,ATR_14,Volume_MA,Rolling_Median_Return,BB_Width,RSI_14,SMA_10,MACD",BB_Upper
KOTAKBANK,2023-05-04,2023,0,Sideways,0,0.9956,SELL,1,1,0.9961,BUY,0,10,"BB_Upper,Rolling_Volatility,SMA_50,ATR_14,Volume_MA,Rolling_Median_Return,BB_Width,RSI_14,SMA_10,MACD",BB_Upper
KOTAKBANK,2023-05-05,2023,1,Sideways,0,0.9979,SELL,0,1,0.9842,BUY,1,10,"BB_Upper,Rolling_Volatility,SMA_50,ATR_14,Volume_MA,Rolling_Median_Return,BB_Width,RSI_14,SMA_10,MACD",BB_Upper
KOTAKBANK,2023-05-08,2023,0,Sideways,0,0.9974,SELL,1,1,0.9364,BUY,0,10,"BB_Upper,ATR_14,Volume_MA,OBV,SMA_50,High_Low_Pct,BB_Width,MFI,Rolling_Median_Return,Daily_Return",BB_Upper
KOTAKBANK,2023-05-09,2023,1,Sideways,0,0.9991,SELL,0,1,0.9075,BUY,1,10,"BB_Upper,ATR_14,Volume_MA,OBV,SMA_50,High_Low_Pct,BB_Width,MFI,Rolling_Median_Return,Daily_Return",BB_Upper
KOTAKBANK,2023-05-10,2023,0,Sideways,0,0.9987,SELL,1,1,0.9388,BUY,0,10,"BB_Upper,ATR_14,Volume_MA,OBV,SMA_50,High_Low_Pct,BB_Width,MFI,Rolling_Median_Return,Daily_Return",BB_Upper
KOTAKBANK,2023-05-11,2023,0,Sideways,0,0.9996,SELL,1,1,0.9185,BUY,0,10,"BB_Upper,ATR_14,Volume_MA,OBV,SMA_50,High_Low_Pct,BB_Width,MFI,Rolling_Median_Return,Daily_Return",BB_Upper
KOTAKBANK,2023-05-12,2023,0,Sideways,0,0.9999,SELL,1,1,0.9997,BUY,0,10,"BB_Upper,ATR_14,Volume_MA,OBV,SMA_50,High_Low_Pct,BB_Width,MFI,Rolling_Median_Return,Daily_Return",BB_Upper
KOTAKBANK,2023-05-15,2023,0,Sideways,0,0.9999,SELL,1,1,0.9968,BUY,0,10,"BB_Upper,ATR_14,Volume_MA,OBV,SMA_50,High_Low_Pct,BB_Width,MFI,Rolling_Median_Return,Daily_Return",BB_Upper
KOTAKBANK,2023-05-16,2023,0,Sideways,0,0.9999,SELL,1,1,1.0,BUY,0,10,"BB_Upper,ATR_14,Volume_MA,OBV,SMA_50,High_Low_Pct,BB_Width,MFI,Rolling_Median_Return,Daily_Return",BB_Upper
KOTAKBANK,2023-05-17,2023,0,Sideways,0,0.9999,SELL,1,1,0.9999,BUY,0,10,"BB_Upper,ATR_14,Volume_MA,OBV,SMA_50,High_Low_Pct,BB_Width,MFI,Rolling_Median_Return,Daily_Return",BB_Upper
KOTAKBANK,2023-05-18,2023,0,Sideways,0,1.0,SELL,1,1,0.984,BUY,0,10,"BB_Upper,ATR_14,Volume_MA,OBV,SMA_50,High_Low_Pct,BB_Width,MFI,Rolling_Median_Return,Daily_Return",BB_Upper
KOTAKBANK,2023-05-19,2023,0,Sideways,0,1.0,SELL,1,1,0.9334,BUY,0,10,"BB_Upper,ATR_14,Volume_MA,OBV,SMA_50,High_Low_Pct,BB_Width,MFI,Rolling_Median_Return,Daily_Return",BB_Upper
KOTAKBANK,2023-05-22,2023,0,Sideways,0,1.0,SELL,1,1,0.7757,BUY,0,10,"BB_Upper,ATR_14,Volume_MA,OBV,SMA_50,High_Low_Pct,BB_Width,MFI,Rolling_Median_Return,Daily_Return",BB_Upper
KOTAKBANK,2023-05-23,2023,0,Sideways,0,1.0,SELL,1,1,0.7422,BUY,0,10,"BB_Upper,ATR_14,Volume_MA,OBV,SMA_50,High_Low_Pct,BB_Width,MFI,Rolling_Median_Return,Daily_Return",BB_Upper
KOTAKBANK,2023-05-24,2023,0,Sideways,0,0.9998,SELL,1,1,0.991,BUY,0,10,"BB_Upper,ATR_14,Volume_MA,OBV,SMA_50,High_Low_Pct,BB_Width,MFI,Rolling_Median_Return,Daily_Return",BB_Upper
KOTAKBANK,2023-05-25,2023,0,Sideways,0,0.9998,SELL,1,1,0.8396,BUY,0,10,"BB_Upper,ATR_14,Volume_MA,OBV,SMA_50,High_Low_Pct,BB_Width,MFI,Rolling_Median_Return,Daily_Return",BB_Upper
KOTAKBANK,2023-05-26,2023,0,Sideways,0,0.9999,SELL,1,1,0.59,BUY,0,10,"BB_Upper,ATR_14,Volume_MA,OBV,SMA_50,High_Low_Pct,BB_Width,MFI,Rolling_Median_Return,Daily_Return",BB_Upper
KOTAKBANK,2023-05-29,2023,0,Sideways,0,0.9999,SELL,1,0,0.5524,SELL,1,10,"BB_Upper,ATR_14,Volume_MA,OBV,SMA_50,High_Low_Pct,BB_Width,MFI,Rolling_Median_Return,Daily_Return",BB_Upper
KOTAKBANK,2023-05-30,2023,0,Sideways,0,0.9999,SELL,1,1,0.9767,BUY,0,10,"BB_Upper,ATR_14,Volume_MA,OBV,SMA_50,High_Low_Pct,BB_Width,MFI,Rolling_Median_Return,Daily_Return",BB_Upper
KOTAKBANK,2023-05-31,2023,0,Sideways,0,1.0,SELL,1,1,0.9357,BUY,0,10,"BB_Upper,ATR_14,Volume_MA,OBV,SMA_50,High_Low_Pct,BB_Width,MFI,Rolling_Median_Return,Daily_Return",BB_Upper
KOTAKBANK,2023-06-01,2023,0,Sideways,0,0.8695,SELL,1,1,1.0,BUY,0,10,"BB_Upper,ATR_14,Volume_MA,OBV,SMA_50,High_Low_Pct,BB_Width,MFI,Rolling_Median_Return,Daily_Return",BB_Upper
KOTAKBANK,2023-06-02,2023,0,Sideways,0,0.9942,SELL,1,1,1.0,BUY,0,10,"BB_Upper,ATR_14,Volume_MA,OBV,SMA_50,High_Low_Pct,BB_Width,MFI,Rolling_Median_Return,Daily_Return",BB_Upper
KOTAKBANK,2023-06-05,2023,0,Sideways,0,0.9934,SELL,1,1,0.6827,BUY,0,10,"BB_Upper,ATR_14,Volume_MA,OBV,SMA_50,High_Low_Pct,BB_Width,MFI,Rolling_Median_Return,Daily_Return",BB_Upper
KOTAKBANK,2023-06-06,2023,0,Sideways,0,0.9977,SELL,1,0,0.9569,SELL,1,10,"BB_Upper,ATR_14,Volume_MA,OBV,SMA_50,High_Low_Pct,BB_Width,MFI,Rolling_Median_Return,Daily_Return",BB_Upper
KOTAKBANK,2023-06-07,2023,0,Sideways,0,0.9966,SELL,1,0,0.999,SELL,1,10,"BB_Upper,ATR_14,Volume_MA,OBV,SMA_50,High_Low_Pct,BB_Width,MFI,Rolling_Median_Return,Daily_Return",BB_Upper
KOTAKBANK,2023-06-08,2023,0,Sideways,0,0.9307,SELL,1,0,0.9625,SELL,1,10,"BB_Upper,ATR_14,Volume_MA,OBV,SMA_50,High_Low_Pct,BB_Width,MFI,Rolling_Median_Return,Daily_Return",BB_Upper
KOTAKBANK,2023-06-09,2023,0,Sideways,0,0.8265,SELL,1,0,0.9999,SELL,1,10,"BB_Upper,ATR_14,Volume_MA,OBV,SMA_50,High_Low_Pct,BB_Width,MFI,Rolling_Median_Return,Daily_Return",BB_Upper
KOTAKBANK,2023-06-12,2023,0,Sideways,0,0.8641,SELL,1,0,0.9999,SELL,1,10,"BB_Upper,ATR_14,Volume_MA,OBV,SMA_50,High_Low_Pct,BB_Width,MFI,Rolling_Median_Return,Daily_Return",BB_Upper
KOTAKBANK,2023-06-13,2023,1,Sideways,1,0.8877,BUY,1,0,1.0,SELL,0,10,"BB_Upper,ATR_14,Volume_MA,OBV,SMA_50,High_Low_Pct,BB_Width,MFI,Rolling_Median_Return,Daily_Return",BB_Upper
KOTAKBANK,2023-06-14,2023,1,Sideways,1,0.9363,BUY,1,0,1.0,SELL,0,10,"BB_Upper,ATR_14,Volume_MA,OBV,SMA_50,High_Low_Pct,BB_Width,MFI,Rolling_Median_Return,Daily_Return",BB_Upper
KOTAKBANK,2023-06-15,2023,1,Sideways,1,0.9357,BUY,1,0,0.9921,SELL,0,10,"BB_Upper,ATR_14,Volume_MA,OBV,SMA_50,High_Low_Pct,BB_Width,MFI,Rolling_Median_Return,Daily_Return",BB_Upper
KOTAKBANK,2023-06-16,2023,1,Sideways,1,0.7479,BUY,1,0,0.8328,SELL,0,10,"BB_Upper,ATR_14,Volume_MA,OBV,SMA_50,High_Low_Pct,BB_Width,MFI,Rolling_Median_Return,Daily_Return",BB_Upper
KOTAKBANK,2023-06-19,2023,1,Sideways,1,0.9908,BUY,1,1,0.9176,BUY,1,10,"BB_Width,BB_Upper,SMA_50,SMA_10,MACD_Signal,ATR_14,Rolling_Volatility,OBV,SMA_20,Williams_R",BB_Width
KOTAKBANK,2023-06-20,2023,1,Sideways,1,0.9832,BUY,1,1,0.8859,BUY,1,10,"BB_Width,BB_Upper,SMA_50,SMA_10,MACD_Signal,ATR_14,Rolling_Volatility,OBV,SMA_20,Williams_R",BB_Width
KOTAKBANK,2023-06-21,2023,1,Sideways,1,0.9327,BUY,1,1,0.8973,BUY,1,10,"BB_Width,BB_Upper,SMA_50,SMA_10,MACD_Signal,ATR_14,Rolling_Volatility,OBV,SMA_20,Williams_R",BB_Width
KOTAKBANK,2023-06-22,2023,1,Sideways,1,0.8787,BUY,1,1,0.9474,BUY,1,10,"BB_Width,BB_Upper,SMA_50,SMA_10,MACD_Signal,ATR_14,Rolling_Volatility,OBV,SMA_20,Williams_R",BB_Width
KOTAKBANK,2023-06-23,2023,1,Sideways,1,0.9025,BUY,1,1,0.9694,BUY,1,10,"BB_Width,BB_Upper,SMA_50,SMA_10,MACD_Signal,ATR_14,Rolling_Volatility,OBV,SMA_20,Williams_R",BB_Width
KOTAKBANK,2023-06-26,2023,1,Sideways,1,0.9351,BUY,1,1,0.9779,BUY,1,10,"BB_Width,BB_Upper,SMA_50,SMA_10,MACD_Signal,ATR_14,Rolling_Volatility,OBV,SMA_20,Williams_R",BB_Width
KOTAKBANK,2023-06-27,2023,1,Sideways,1,0.5521,BUY,1,1,0.9396,BUY,1,10,"BB_Width,BB_Upper,SMA_50,SMA_10,MACD_Signal,ATR_14,Rolling_Volatility,OBV,SMA_20,Williams_R",BB_Width
KOTAKBANK,2023-06-28,2023,1,Sideways,0,0.9059,SELL,0,1,0.8878,BUY,1,10,"BB_Width,BB_Upper,SMA_50,SMA_10,MACD_Signal,ATR_14,Rolling_Volatility,OBV,SMA_20,Williams_R",BB_Width
KOTAKBANK,2023-06-30,2023,1,Sideways,0,0.9976,SELL,0,1,0.7604,BUY,1,10,"BB_Width,BB_Upper,SMA_50,SMA_10,MACD_Signal,ATR_14,Rolling_Volatility,OBV,SMA_20,Williams_R",BB_Width
KOTAKBANK,2023-07-03,2023,1,Sideways,0,1.0,SELL,0,1,0.7611,BUY,1,10,"BB_Width,BB_Upper,SMA_50,SMA_10,MACD_Signal,ATR_14,Rolling_Volatility,OBV,SMA_20,Williams_R",BB_Width
KOTAKBANK,2023-07-04,2023,0,Sideways,0,1.0,SELL,1,1,0.6742,BUY,0,10,"BB_Width,BB_Upper,SMA_50,SMA_10,MACD_Signal,ATR_14,Rolling_Volatility,OBV,SMA_20,Williams_R",BB_Width
KOTAKBANK,2023-07-05,2023,0,Sideways,0,1.0,SELL,1,0,0.5091,NO TRADE,1,10,"BB_Width,BB_Upper,SMA_50,SMA_10,MACD_Signal,ATR_14,Rolling_Volatility,OBV,SMA_20,Williams_R",BB_Width
KOTAKBANK,2023-07-06,2023,0,Sideways,0,0.9997,SELL,1,0,0.6348,SELL,1,10,"BB_Width,BB_Upper,SMA_50,SMA_10,MACD_Signal,ATR_14,Rolling_Volatility,OBV,SMA_20,Williams_R",BB_Width
KOTAKBANK,2023-07-07,2023,0,Sideways,0,0.999,SELL,1,0,0.679,SELL,1,10,"BB_Width,BB_Upper,SMA_50,SMA_10,MACD_Signal,ATR_14,Rolling_Volatility,OBV,SMA_20,Williams_R",BB_Width
KOTAKBANK,2023-07-10,2023,0,Sideways,0,0.999,SELL,1,0,0.7553,SELL,1,10,"BB_Width,BB_Upper,SMA_50,SMA_10,MACD_Signal,ATR_14,Rolling_Volatility,OBV,SMA_20,Williams_R",BB_Width
KOTAKBANK,2023-07-11,2023,0,Sideways,0,0.997,SELL,1,0,0.7233,SELL,1,10,"BB_Width,BB_Upper,SMA_50,SMA_10,MACD_Signal,ATR_14,Rolling_Volatility,OBV,SMA_20,Williams_R",BB_Width
KOTAKBANK,2023-07-12,2023,0,Sideways,0,0.997,SELL,1,0,0.7957,SELL,1,10,"BB_Width,BB_Upper,SMA_50,SMA_10,MACD_Signal,ATR_14,Rolling_Volatility,OBV,SMA_20,Williams_R",BB_Width
KOTAKBANK,2023-07-13,2023,0,Sideways,0,0.9952,SELL,1,0,0.7354,SELL,1,10,"BB_Width,BB_Upper,SMA_50,SMA_10,MACD_Signal,ATR_14,Rolling_Volatility,OBV,SMA_20,Williams_R",BB_Width
KOTAKBANK,2023-07-14,2023,0,Sideways,0,0.9988,SELL,1,0,0.7878,SELL,1,10,"BB_Width,BB_Upper,SMA_50,SMA_10,MACD_Signal,ATR_14,Rolling_Volatility,OBV,SMA_20,Williams_R",BB_Width
KOTAKBANK,2023-07-17,2023,0,Sideways,0,0.9988,SELL,1,0,0.7599,SELL,1,10,"BB_Width,BB_Upper,SMA_50,SMA_10,MACD_Signal,ATR_14,Rolling_Volatility,OBV,SMA_20,Williams_R",BB_Width
KOTAKBANK,2023-07-18,2023,0,Sideways,0,0.999,SELL,1,0,0.8532,SELL,1,10,"BB_Width,BB_Upper,SMA_50,SMA_10,MACD_Signal,ATR_14,Rolling_Volatility,OBV,SMA_20,Williams_R",BB_Width
KOTAKBANK,2023-07-19,2023,0,Sideways,0,0.9991,SELL,1,0,0.8491,SELL,1,10,"BB_Width,BB_Upper,SMA_50,SMA_10,MACD_Signal,ATR_14,Rolling_Volatility,OBV,SMA_20,Williams_R",BB_Width
KOTAKBANK,2023-07-20,2023,0,Sideways,0,0.9988,SELL,1,0,0.5455,NO TRADE,1,10,"BB_Width,BB_Upper,SMA_50,SMA_10,MACD_Signal,ATR_14,Rolling_Volatility,OBV,SMA_20,Williams_R",BB_Width
KOTAKBANK,2023-07-21,2023,0,Sideways,0,0.9813,SELL,1,1,0.508,NO TRADE,0,10,"BB_Width,BB_Upper,SMA_50,SMA_10,MACD_Signal,ATR_14,Rolling_Volatility,OBV,SMA_20,Williams_R",BB_Width
KOTAKBANK,2023-07-24,2023,0,Sideways,0,0.9188,SELL,1,1,0.8689,BUY,0,10,"BB_Width,BB_Upper,SMA_50,SMA_10,MACD_Signal,ATR_14,Rolling_Volatility,OBV,SMA_20,Williams_R",BB_Width
KOTAKBANK,2023-07-25,2023,0,Sideways,0,0.9727,SELL,1,1,0.908,BUY,0,10,"BB_Width,BB_Upper,SMA_50,SMA_10,MACD_Signal,ATR_14,Rolling_Volatility,OBV,SMA_20,Williams_R",BB_Width
KOTAKBANK,2023-07-26,2023,0,Sideways,0,0.9859,SELL,1,1,0.8067,BUY,0,10,"BB_Width,BB_Upper,SMA_50,SMA_10,MACD_Signal,ATR_14,Rolling_Volatility,OBV,SMA_20,Williams_R",BB_Width
KOTAKBANK,2023-07-27,2023,0,Sideways,0,0.9464,SELL,1,1,0.846,BUY,0,10,"BB_Width,BB_Upper,SMA_50,SMA_10,MACD_Signal,ATR_14,Rolling_Volatility,OBV,SMA_20,Williams_R",BB_Width
KOTAKBANK,2023-07-28,2023,0,Sideways,0,0.9715,SELL,1,1,0.8437,BUY,0,10,"BB_Width,BB_Upper,SMA_50,SMA_10,MACD_Signal,ATR_14,Rolling_Volatility,OBV,SMA_20,Williams_R",BB_Width
KOTAKBANK,2023-07-31,2023,0,Sideways,0,0.8571,SELL,1,1,0.8428,BUY,0,10,"BB_Width,BB_Upper,SMA_50,SMA_10,MACD_Signal,ATR_14,Rolling_Volatility,OBV,SMA_20,Williams_R",BB_Width
KOTAKBANK,2023-08-01,2023,0,Sideways,0,0.849,SELL,1,0,0.6574,SELL,1,10,"BB_Width,BB_Upper,SMA_50,SMA_10,CCI,Rolling_Volatility,MACD_Signal,Volume_MA,MACD_Hist,Rolling_Mean_Return",BB_Width
KOTAKBANK,2023-08-02,2023,0,Sideways,1,0.8295,BUY,0,1,0.6478,BUY,0,10,"BB_Width,BB_Upper,SMA_50,SMA_10,CCI,Rolling_Volatility,MACD_Signal,Volume_MA,MACD_Hist,Rolling_Mean_Return",BB_Width
KOTAKBANK,2023-08-03,2023,0,Sideways,1,0.9349,BUY,0,1,0.626,BUY,0,10,"BB_Width,BB_Upper,SMA_50,SMA_10,CCI,Rolling_Volatility,MACD_Signal,Volume_MA,MACD_Hist,Rolling_Mean_Return",BB_Width
KOTAKBANK,2023-08-04,2023,0,Sideways,1,0.9178,BUY,0,0,0.7237,SELL,1,10,"BB_Width,BB_Upper,SMA_50,SMA_10,CCI,Rolling_Volatility,MACD_Signal,Volume_MA,MACD_Hist,Rolling_Mean_Return",BB_Width
KOTAKBANK,2023-08-07,2023,0,Sideways,0,0.5804,SELL,1,0,0.9129,SELL,1,10,"BB_Width,BB_Upper,SMA_50,SMA_10,CCI,Rolling_Volatility,MACD_Signal,Volume_MA,MACD_Hist,Rolling_Mean_Return",BB_Width
KOTAKBANK,2023-08-08,2023,0,Sideways,0,0.6802,SELL,1,0,0.9498,SELL,1,10,"BB_Width,BB_Upper,SMA_50,SMA_10,CCI,Rolling_Volatility,MACD_Signal,Volume_MA,MACD_Hist,Rolling_Mean_Return",BB_Width
KOTAKBANK,2023-08-09,2023,0,Sideways,0,0.6635,SELL,1,0,0.8019,SELL,1,10,"BB_Width,BB_Upper,SMA_50,SMA_10,CCI,Rolling_Volatility,MACD_Signal,Volume_MA,MACD_Hist,Rolling_Mean_Return",BB_Width
KOTAKBANK,2023-08-10,2023,0,Sideways,1,0.7879,BUY,0,1,0.767,BUY,0,10,"BB_Width,BB_Upper,SMA_50,SMA_10,CCI,Rolling_Volatility,MACD_Signal,Volume_MA,MACD_Hist,Rolling_Mean_Return",BB_Width
KOTAKBANK,2023-08-11,2023,1,Sideways,1,0.7944,BUY,1,1,0.8435,BUY,1,10,"BB_Width,BB_Upper,SMA_50,SMA_10,CCI,Rolling_Volatility,MACD_Signal,Volume_MA,MACD_Hist,Rolling_Mean_Return",BB_Width
KOTAKBANK,2023-08-14,2023,1,Sideways,1,0.6407,BUY,1,1,0.8707,BUY,1,10,"BB_Width,BB_Upper,SMA_50,SMA_10,CCI,Rolling_Volatility,MACD_Signal,Volume_MA,MACD_Hist,Rolling_Mean_Return",BB_Width
KOTAKBANK,2023-08-16,2023,1,Sideways,1,0.6935,BUY,1,1,0.8688,BUY,1,10,"BB_Width,BB_Upper,SMA_50,SMA_10,CCI,Rolling_Volatility,MACD_Signal,Volume_MA,MACD_Hist,Rolling_Mean_Return",BB_Width
KOTAKBANK,2023-08-17,2023,1,Sideways,1,0.9053,BUY,1,1,0.9377,BUY,1,10,"BB_Width,BB_Upper,SMA_50,SMA_10,CCI,Rolling_Volatility,MACD_Signal,Volume_MA,MACD_Hist,Rolling_Mean_Return",BB_Width
KOTAKBANK,2023-08-18,2023,1,Sideways,1,0.9478,BUY,1,1,0.9254,BUY,1,10,"BB_Width,BB_Upper,SMA_50,SMA_10,CCI,Rolling_Volatility,MACD_Signal,Volume_MA,MACD_Hist,Rolling_Mean_Return",BB_Width
KOTAKBANK,2023-08-21,2023,1,Sideways,1,0.9075,BUY,1,1,0.8762,BUY,1,10,"BB_Width,BB_Upper,SMA_50,SMA_10,CCI,Rolling_Volatility,MACD_Signal,Volume_MA,MACD_Hist,Rolling_Mean_Return",BB_Width
KOTAKBANK,2023-08-22,2023,1,Sideways,1,0.8208,BUY,1,1,0.8228,BUY,1,10,"BB_Width,BB_Upper,SMA_50,SMA_10,CCI,Rolling_Volatility,MACD_Signal,Volume_MA,MACD_Hist,Rolling_Mean_Return",BB_Width
KOTAKBANK,2023-08-23,2023,0,Sideways,1,0.5738,BUY,0,1,0.869,BUY,0,10,"BB_Width,BB_Upper,SMA_50,SMA_10,CCI,Rolling_Volatility,MACD_Signal,Volume_MA,MACD_Hist,Rolling_Mean_Return",BB_Width
KOTAKBANK,2023-08-24,2023,0,Sideways,1,0.5057,NO TRADE,0,1,0.8391,BUY,0,10,"BB_Width,BB_Upper,SMA_50,SMA_10,CCI,Rolling_Volatility,MACD_Signal,Volume_MA,MACD_Hist,Rolling_Mean_Return",BB_Width
KOTAKBANK,2023-08-25,2023,1,Sideways,0,0.7854,SELL,0,1,0.6411,BUY,1,10,"BB_Width,BB_Upper,SMA_50,SMA_10,CCI,Rolling_Volatility,MACD_Signal,Volume_MA,MACD_Hist,Rolling_Mean_Return",BB_Width
KOTAKBANK,2023-08-28,2023,0,Sideways,0,0.9143,SELL,1,0,0.9927,SELL,1,10,"BB_Width,BB_Upper,SMA_50,SMA_10,CCI,Rolling_Volatility,MACD_Signal,Volume_MA,MACD_Hist,Rolling_Mean_Return",BB_Width
KOTAKBANK,2023-08-29,2023,0,Sideways,0,0.9351,SELL,1,0,1.0,SELL,1,10,"BB_Width,BB_Upper,SMA_50,SMA_10,CCI,Rolling_Volatility,MACD_Signal,Volume_MA,MACD_Hist,Rolling_Mean_Return",BB_Width
KOTAKBANK,2023-08-30,2023,0,Sideways,0,0.9781,SELL,1,0,1.0,SELL,1,10,"BB_Width,BB_Upper,SMA_50,SMA_10,CCI,Rolling_Volatility,MACD_Signal,Volume_MA,MACD_Hist,Rolling_Mean_Return",BB_Width
KOTAKBANK,2023-08-31,2023,0,Sideways,0,0.9975,SELL,1,0,1.0,SELL,1,10,"BB_Width,BB_Upper,SMA_50,SMA_10,CCI,Rolling_Volatility,MACD_Signal,Volume_MA,MACD_Hist,Rolling_Mean_Return",BB_Width
KOTAKBANK,2023-09-01,2023,0,Sideways,0,0.998,SELL,1,0,1.0,SELL,1,10,"BB_Width,BB_Upper,SMA_50,SMA_10,CCI,Rolling_Volatility,MACD_Signal,Volume_MA,MACD_Hist,Rolling_Mean_Return",BB_Width
KOTAKBANK,2023-09-04,2023,0,Sideways,0,0.9994,SELL,1,0,1.0,SELL,1,10,"BB_Width,BB_Upper,SMA_50,SMA_10,CCI,Rolling_Volatility,MACD_Signal,Volume_MA,MACD_Hist,Rolling_Mean_Return",BB_Width
KOTAKBANK,2023-09-05,2023,0,Sideways,0,1.0,SELL,1,0,1.0,SELL,1,10,"BB_Width,BB_Upper,SMA_50,SMA_10,CCI,Rolling_Volatility,MACD_Signal,Volume_MA,MACD_Hist,Rolling_Mean_Return",BB_Width
KOTAKBANK,2023-09-06,2023,0,Sideways,0,1.0,SELL,1,0,1.0,SELL,1,10,"BB_Width,BB_Upper,SMA_50,SMA_10,CCI,Rolling_Volatility,MACD_Signal,Volume_MA,MACD_Hist,Rolling_Mean_Return",BB_Width
KOTAKBANK,2023-09-07,2023,0,Sideways,0,1.0,SELL,1,0,1.0,SELL,1,10,"BB_Width,BB_Upper,SMA_50,SMA_10,CCI,Rolling_Volatility,MACD_Signal,Volume_MA,MACD_Hist,Rolling_Mean_Return",BB_Width
KOTAKBANK,2023-09-08,2023,0,Sideways,0,1.0,SELL,1,0,1.0,SELL,1,10,"BB_Width,BB_Upper,SMA_50,SMA_10,CCI,Rolling_Volatility,MACD_Signal,Volume_MA,MACD_Hist,Rolling_Mean_Return",BB_Width
KOTAKBANK,2023-09-11,2023,0,Sideways,0,0.9998,SELL,1,0,1.0,SELL,1,10,"BB_Width,BB_Upper,SMA_50,SMA_10,CCI,Rolling_Volatility,MACD_Signal,Volume_MA,MACD_Hist,Rolling_Mean_Return",BB_Width
KOTAKBANK,2023-09-12,2023,0,Sideways,0,0.9987,SELL,1,0,1.0,SELL,1,10,"BB_Width,BB_Upper,SMA_50,SMA_10,CCI,Rolling_Volatility,MACD_Signal,Volume_MA,MACD_Hist,Rolling_Mean_Return",BB_Width
KOTAKBANK,2023-09-13,2023,0,Sideways,0,0.9952,SELL,1,0,0.9868,SELL,1,10,"BB_Width,BB_Upper,Rolling_Volatility,SMA_10,MACD_Signal,ROC,MACD,EMA_26,ATR_14,OBV",BB_Width
KOTAKBANK,2023-09-14,2023,0,Sideways,0,0.9899,SELL,1,0,0.993,SELL,1,10,"BB_Width,BB_Upper,Rolling_Volatility,SMA_10,MACD_Signal,ROC,MACD,EMA_26,ATR_14,OBV",BB_Width
KOTAKBANK,2023-09-15,2023,0,Sideways,0,0.9902,SELL,1,0,0.9982,SELL,1,10,"BB_Width,BB_Upper,Rolling_Volatility,SMA_10,MACD_Signal,ROC,MACD,EMA_26,ATR_14,OBV",BB_Width
KOTAKBANK,2023-09-18,2023,0,Sideways,0,0.9864,SELL,1,0,0.9992,SELL,1,10,"BB_Width,BB_Upper,Rolling_Volatility,SMA_10,MACD_Signal,ROC,MACD,EMA_26,ATR_14,OBV",BB_Width
KOTAKBANK,2023-09-20,2023,0,Sideways,0,0.9904,SELL,1,0,0.9997,SELL,1,10,"BB_Width,BB_Upper,Rolling_Volatility,SMA_10,MACD_Signal,ROC,MACD,EMA_26,ATR_14,OBV",BB_Width
KOTAKBANK,2023-09-21,2023,1,Sideways,0,0.8707,SELL,0,0,0.9998,SELL,0,10,"BB_Width,BB_Upper,Rolling_Volatility,SMA_10,MACD_Signal,ROC,MACD,EMA_26,ATR_14,OBV",BB_Width
KOTAKBANK,2023-09-22,2023,0,Sideways,0,0.8625,SELL,1,0,0.9975,SELL,1,10,"BB_Width,BB_Upper,Rolling_Volatility,SMA_10,MACD_Signal,ROC,MACD,EMA_26,ATR_14,OBV",BB_Width
KOTAKBANK,2023-09-25,2023,0,Sideways,0,0.9475,SELL,1,0,0.9969,SELL,1,10,"BB_Width,BB_Upper,Rolling_Volatility,SMA_10,MACD_Signal,ROC,MACD,EMA_26,ATR_14,OBV",BB_Width
KOTAKBANK,2023-09-26,2023,0,Sideways,0,0.7267,SELL,1,0,0.9974,SELL,1,10,"BB_Width,BB_Upper,Rolling_Volatility,SMA_10,MACD_Signal,ROC,MACD,EMA_26,ATR_14,OBV",BB_Width
KOTAKBANK,2023-09-27,2023,0,Sideways,0,0.8025,SELL,1,0,0.9971,SELL,1,10,"BB_Width,BB_Upper,Rolling_Volatility,SMA_10,MACD_Signal,ROC,MACD,EMA_26,ATR_14,OBV",BB_Width
KOTAKBANK,2023-09-28,2023,0,Sideways,1,0.8054,BUY,0,0,0.9968,SELL,1,10,"BB_Width,BB_Upper,Rolling_Volatility,SMA_10,MACD_Signal,ROC,MACD,EMA_26,ATR_14,OBV",BB_Width
KOTAKBANK,2023-09-29,2023,1,Sideways,1,0.8522,BUY,1,0,0.9971,SELL,0,10,"BB_Width,BB_Upper,Rolling_Volatility,SMA_10,MACD_Signal,ROC,MACD,EMA_26,ATR_14,OBV",BB_Width
KOTAKBANK,2023-10-03,2023,0,Sideways,1,0.9347,BUY,0,0,0.9929,SELL,1,10,"BB_Width,BB_Upper,Rolling_Volatility,SMA_10,MACD_Signal,ROC,MACD,EMA_26,ATR_14,OBV",BB_Width
KOTAKBANK,2023-10-04,2023,1,Sideways,1,1.0,BUY,1,0,0.9978,SELL,0,10,"BB_Width,BB_Upper,Rolling_Volatility,SMA_10,MACD_Signal,ROC,MACD,EMA_26,ATR_14,OBV",BB_Width
KOTAKBANK,2023-10-05,2023,0,Sideways,1,0.7928,BUY,0,0,0.9873,SELL,1,10,"BB_Width,BB_Upper,Rolling_Volatility,SMA_10,MACD_Signal,ROC,MACD,EMA_26,ATR_14,OBV",BB_Width
KOTAKBANK,2023-10-06,2023,0,Sideways,0,0.6441,SELL,1,0,0.993,SELL,1,10,"BB_Width,BB_Upper,Rolling_Volatility,SMA_10,MACD_Signal,ROC,MACD,EMA_26,ATR_14,OBV",BB_Width
KOTAKBANK,2023-10-09,2023,1,Sideways,1,0.7226,BUY,1,0,0.993,SELL,0,10,"BB_Width,BB_Upper,Rolling_Volatility,SMA_10,MACD_Signal,ROC,MACD,EMA_26,ATR_14,OBV",BB_Width
KOTAKBANK,2023-10-10,2023,0,Sideways,1,0.5119,NO TRADE,0,0,0.9573,SELL,1,10,"BB_Width,BB_Upper,Rolling_Volatility,SMA_10,MACD_Signal,ROC,MACD,EMA_26,ATR_14,OBV",BB_Width
KOTAKBANK,2023-10-11,2023,0,Sideways,0,0.8548,SELL,1,0,0.9678,SELL,1,10,"BB_Width,BB_Upper,Rolling_Volatility,SMA_10,MACD_Signal,ROC,MACD,EMA_26,ATR_14,OBV",BB_Width
KOTAKBANK,2023-10-12,2023,0,Sideways,0,0.8559,SELL,1,0,0.9823,SELL,1,10,"BB_Width,BB_Upper,Rolling_Volatility,SMA_10,MACD_Signal,ROC,MACD,EMA_26,ATR_14,OBV",BB_Width
KOTAKBANK,2023-10-13,2023,0,Sideways,0,0.928,SELL,1,0,0.9911,SELL,1,10,"BB_Width,BB_Upper,Rolling_Volatility,SMA_10,MACD_Signal,ROC,MACD,EMA_26,ATR_14,OBV",BB_Width
KOTAKBANK,2023-10-16,2023,1,Sideways,0,0.9441,SELL,0,0,0.9956,SELL,0,10,"BB_Width,BB_Upper,Rolling_Volatility,SMA_10,MACD_Signal,ROC,MACD,EMA_26,ATR_14,OBV",BB_Width
KOTAKBANK,2023-10-17,2023,1,Sideways,0,0.9574,SELL,0,0,0.9864,SELL,0,10,"BB_Width,BB_Upper,Rolling_Volatility,SMA_10,MACD_Signal,ROC,MACD,EMA_26,ATR_14,OBV",BB_Width
KOTAKBANK,2023-10-18,2023,1,Sideways,0,0.9233,SELL,0,0,0.9782,SELL,0,10,"BB_Width,BB_Upper,Rolling_Volatility,SMA_10,MACD_Signal,ROC,MACD,EMA_26,ATR_14,OBV",BB_Width
KOTAKBANK,2023-10-19,2023,1,Sideways,1,1.0,BUY,1,0,0.9709,SELL,0,10,"BB_Width,BB_Upper,Rolling_Volatility,SMA_10,MACD_Signal,ROC,MACD,EMA_26,ATR_14,OBV",BB_Width
KOTAKBANK,2023-10-20,2023,0,Sideways,0,0.928,SELL,1,0,0.9237,SELL,1,10,"BB_Width,BB_Upper,Rolling_Volatility,SMA_10,MACD_Signal,ROC,MACD,EMA_26,ATR_14,OBV",BB_Width
KOTAKBANK,2023-10-23,2023,1,Sideways,1,1.0,BUY,1,0,0.9291,SELL,0,10,"BB_Width,BB_Upper,Rolling_Volatility,SMA_10,MACD_Signal,ROC,MACD,EMA_26,ATR_14,OBV",BB_Width
KOTAKBANK,2023-10-25,2023,1,Sideways,1,1.0,BUY,1,0,0.8833,SELL,0,10,"BB_Width,BB_Upper,Rolling_Volatility,SMA_10,MACD_Signal,ROC,MACD,EMA_26,ATR_14,OBV",BB_Width
KOTAKBANK,2023-10-26,2023,1,Sideways,1,1.0,BUY,1,0,0.6981,SELL,0,10,"BB_Width,BB_Upper,Rolling_Volatility,SMA_10,MACD_Signal,ROC,MACD,EMA_26,ATR_14,OBV",BB_Width
KOTAKBANK,2023-10-27,2023,1,Sideways,1,1.0,BUY,1,0,0.6494,SELL,0,10,"BB_Width,BB_Upper,Rolling_Volatility,SMA_10,MACD_Signal,ROC,MACD,EMA_26,ATR_14,OBV",BB_Width
KOTAKBANK,2023-10-30,2023,1,Sideways,1,1.0,BUY,1,0,0.7488,SELL,0,10,"BB_Width,SMA_50,MACD_Hist,SMA_10,Rolling_Volatility,BB_Upper,OBV,SMA_20,Rolling_Mean_Return,CCI",BB_Width
KOTAKBANK,2023-10-31,2023,1,Sideways,1,1.0,BUY,1,1,0.5684,BUY,1,10,"BB_Width,SMA_50,MACD_Hist,SMA_10,Rolling_Volatility,BB_Upper,OBV,SMA_20,Rolling_Mean_Return,CCI",BB_Width
KOTAKBANK,2023-11-01,2023,1,Sideways,1,1.0,BUY,1,1,0.6425,BUY,1,10,"BB_Width,SMA_50,MACD_Hist,SMA_10,Rolling_Volatility,BB_Upper,OBV,SMA_20,Rolling_Mean_Return,CCI",BB_Width
KOTAKBANK,2023-11-02,2023,1,Sideways,1,1.0,BUY,1,0,0.8157,SELL,0,10,"BB_Width,SMA_50,MACD_Hist,SMA_10,Rolling_Volatility,BB_Upper,OBV,SMA_20,Rolling_Mean_Return,CCI",BB_Width
KOTAKBANK,2023-11-03,2023,1,Sideways,1,1.0,BUY,1,0,0.9706,SELL,0,10,"BB_Width,SMA_50,MACD_Hist,SMA_10,Rolling_Volatility,BB_Upper,OBV,SMA_20,Rolling_Mean_Return,CCI",BB_Width
KOTAKBANK,2023-11-06,2023,1,Sideways,1,1.0,BUY,1,0,0.966,SELL,0,10,"BB_Width,SMA_50,MACD_Hist,SMA_10,Rolling_Volatility,BB_Upper,OBV,SMA_20,Rolling_Mean_Return,CCI",BB_Width
KOTAKBANK,2023-11-07,2023,1,Sideways,1,1.0,BUY,1,0,0.9882,SELL,0,10,"BB_Width,SMA_50,MACD_Hist,SMA_10,Rolling_Volatility,BB_Upper,OBV,SMA_20,Rolling_Mean_Return,CCI",BB_Width
KOTAKBANK,2023-11-08,2023,1,Sideways,1,1.0,BUY,1,0,0.9656,SELL,0,10,"BB_Width,SMA_50,MACD_Hist,SMA_10,Rolling_Volatility,BB_Upper,OBV,SMA_20,Rolling_Mean_Return,CCI",BB_Width
KOTAKBANK,2023-11-09,2023,1,Sideways,1,1.0,BUY,1,0,0.8468,SELL,0,10,"BB_Width,SMA_50,MACD_Hist,SMA_10,Rolling_Volatility,BB_Upper,OBV,SMA_20,Rolling_Mean_Return,CCI",BB_Width
KOTAKBANK,2023-11-10,2023,1,Sideways,1,1.0,BUY,1,0,0.8664,SELL,0,10,"BB_Width,SMA_50,MACD_Hist,SMA_10,Rolling_Volatility,BB_Upper,OBV,SMA_20,Rolling_Mean_Return,CCI",BB_Width
KOTAKBANK,2023-11-13,2023,1,Sideways,1,1.0,BUY,1,0,0.7273,SELL,0,10,"BB_Width,SMA_50,MACD_Hist,SMA_10,Rolling_Volatility,BB_Upper,OBV,SMA_20,Rolling_Mean_Return,CCI",BB_Width
KOTAKBANK,2023-11-15,2023,1,Sideways,1,1.0,BUY,1,1,0.6672,BUY,1,10,"BB_Width,SMA_50,MACD_Hist,SMA_10,Rolling_Volatility,BB_Upper,OBV,SMA_20,Rolling_Mean_Return,CCI",BB_Width
KOTAKBANK,2023-11-16,2023,1,Sideways,1,1.0,BUY,1,0,0.5394,NO TRADE,0,10,"BB_Width,SMA_50,MACD_Hist,SMA_10,Rolling_Volatility,BB_Upper,OBV,SMA_20,Rolling_Mean_Return,CCI",BB_Width
KOTAKBANK,2023-11-17,2023,1,Sideways,1,1.0,BUY,1,0,0.8805,SELL,0,10,"BB_Width,SMA_50,MACD_Hist,SMA_10,Rolling_Volatility,BB_Upper,OBV,SMA_20,Rolling_Mean_Return,CCI",BB_Width
KOTAKBANK,2023-11-20,2023,1,Sideways,1,1.0,BUY,1,0,0.8364,SELL,0,10,"BB_Width,SMA_50,MACD_Hist,SMA_10,Rolling_Volatility,BB_Upper,OBV,SMA_20,Rolling_Mean_Return,CCI",BB_Width
KOTAKBANK,2023-11-21,2023,1,Sideways,1,1.0,BUY,1,1,0.5622,BUY,1,10,"BB_Width,SMA_50,MACD_Hist,SMA_10,Rolling_Volatility,BB_Upper,OBV,SMA_20,Rolling_Mean_Return,CCI",BB_Width
KOTAKBANK,2023-11-22,2023,1,Sideways,1,1.0,BUY,1,0,0.6307,SELL,0,10,"BB_Width,SMA_50,MACD_Hist,SMA_10,Rolling_Volatility,BB_Upper,OBV,SMA_20,Rolling_Mean_Return,CCI",BB_Width
KOTAKBANK,2023-11-23,2023,1,Sideways,1,1.0,BUY,1,1,0.5277,NO TRADE,1,10,"BB_Width,SMA_50,MACD_Hist,SMA_10,Rolling_Volatility,BB_Upper,OBV,SMA_20,Rolling_Mean_Return,CCI",BB_Width
KOTAKBANK,2023-11-24,2023,1,Sideways,1,1.0,BUY,1,0,0.566,SELL,0,10,"BB_Width,SMA_50,MACD_Hist,SMA_10,Rolling_Volatility,BB_Upper,OBV,SMA_20,Rolling_Mean_Return,CCI",BB_Width
KOTAKBANK,2023-11-28,2023,1,Sideways,1,1.0,BUY,1,1,0.5342,NO TRADE,1,10,"BB_Width,SMA_50,MACD_Hist,SMA_10,Rolling_Volatility,BB_Upper,OBV,SMA_20,Rolling_Mean_Return,CCI",BB_Width
KOTAKBANK,2023-11-29,2023,1,Sideways,1,1.0,BUY,1,1,0.5162,NO TRADE,1,10,"BB_Width,SMA_50,MACD_Hist,SMA_10,Rolling_Volatility,BB_Upper,OBV,SMA_20,Rolling_Mean_Return,CCI",BB_Width
KOTAKBANK,2023-11-30,2023,1,Sideways,1,1.0,BUY,1,1,0.5415,NO TRADE,1,10,"BB_Width,SMA_50,MACD_Hist,SMA_10,Rolling_Volatility,BB_Upper,OBV,SMA_20,Rolling_Mean_Return,CCI",BB_Width
KOTAKBANK,2023-12-01,2023,1,Sideways,1,1.0,BUY,1,1,0.5338,NO TRADE,1,10,"BB_Width,SMA_50,MACD_Hist,SMA_10,Rolling_Volatility,BB_Upper,OBV,SMA_20,Rolling_Mean_Return,CCI",BB_Width
KOTAKBANK,2023-12-04,2023,1,Sideways,1,1.0,BUY,1,1,0.9186,BUY,1,10,"BB_Width,SMA_50,MACD_Hist,SMA_10,Rolling_Volatility,BB_Upper,OBV,SMA_20,Rolling_Mean_Return,CCI",BB_Width
KOTAKBANK,2023-12-05,2023,1,Sideways,0,0.9533,SELL,0,1,0.9466,BUY,1,10,"BB_Width,SMA_50,MACD_Hist,SMA_10,Rolling_Volatility,BB_Upper,OBV,SMA_20,Rolling_Mean_Return,CCI",BB_Width
KOTAKBANK,2023-12-06,2023,1,Sideways,1,1.0,BUY,1,1,0.9542,BUY,1,10,"BB_Width,SMA_50,MACD_Hist,SMA_10,Rolling_Volatility,BB_Upper,OBV,SMA_20,Rolling_Mean_Return,CCI",BB_Width
KOTAKBANK,2023-12-07,2023,1,Sideways,0,0.8143,SELL,0,1,0.9419,BUY,1,10,"BB_Width,SMA_50,MACD_Hist,SMA_10,Rolling_Volatility,BB_Upper,OBV,SMA_20,Rolling_Mean_Return,CCI",BB_Width
KOTAKBANK,2023-12-08,2023,0,Sideways,0,0.7073,SELL,1,1,0.93,BUY,0,10,"BB_Width,SMA_50,MACD_Hist,SMA_10,Rolling_Volatility,BB_Upper,OBV,SMA_20,Rolling_Mean_Return,CCI",BB_Width
KOTAKBANK,2023-12-11,2023,0,Sideways,0,0.7722,SELL,1,1,0.8857,BUY,0,10,"BB_Width,SMA_50,MACD_Hist,SMA_10,Rolling_Volatility,BB_Upper,OBV,SMA_20,Rolling_Mean_Return,CCI",BB_Width
KOTAKBANK,2023-12-12,2023,0,Sideways,0,0.8437,SELL,1,1,0.8635,BUY,0,10,"BB_Width,SMA_50,MACD_Hist,SMA_10,Rolling_Volatility,BB_Upper,OBV,SMA_20,Rolling_Mean_Return,CCI",BB_Width
KOTAKBANK,2023-12-13,2023,0,Sideways,0,0.9372,SELL,1,1,0.9788,BUY,0,10,"SMA_50,Rolling_Mean_Return,BB_Width,MACD_Signal,Volume_MA,BB_Upper,Stochastic,Rolling_Volatility,ADX,MACD_Hist",SMA_50
KOTAKBANK,2023-12-14,2023,0,Sideways,0,0.9136,SELL,1,1,0.9797,BUY,0,10,"SMA_50,Rolling_Mean_Return,BB_Width,MACD_Signal,Volume_MA,BB_Upper,Stochastic,Rolling_Volatility,ADX,MACD_Hist",SMA_50
KOTAKBANK,2023-12-15,2023,1,Sideways,0,0.9213,SELL,0,1,0.9838,BUY,1,10,"SMA_50,Rolling_Mean_Return,BB_Width,MACD_Signal,Volume_MA,BB_Upper,Stochastic,Rolling_Volatility,ADX,MACD_Hist",SMA_50
KOTAKBANK,2023-12-18,2023,1,Sideways,0,0.9877,SELL,0,1,0.9924,BUY,1,10,"SMA_50,Rolling_Mean_Return,BB_Width,MACD_Signal,Volume_MA,BB_Upper,Stochastic,Rolling_Volatility,ADX,MACD_Hist",SMA_50
KOTAKBANK,2023-12-19,2023,0,Sideways,1,1.0,BUY,0,1,0.9979,BUY,0,10,"SMA_50,Rolling_Mean_Return,BB_Width,MACD_Signal,Volume_MA,BB_Upper,Stochastic,Rolling_Volatility,ADX,MACD_Hist",SMA_50
KOTAKBANK,2023-12-20,2023,0,Sideways,1,1.0,BUY,0,1,0.8927,BUY,0,10,"SMA_50,Rolling_Mean_Return,BB_Width,MACD_Signal,Volume_MA,BB_Upper,Stochastic,Rolling_Volatility,ADX,MACD_Hist",SMA_50
KOTAKBANK,2023-12-21,2023,0,Sideways,1,1.0,BUY,0,1,0.9205,BUY,0,10,"SMA_50,Rolling_Mean_Return,BB_Width,MACD_Signal,Volume_MA,BB_Upper,Stochastic,Rolling_Volatility,ADX,MACD_Hist",SMA_50
KOTAKBANK,2023-12-22,2023,0,Sideways,0,0.9997,SELL,1,0,0.7475,SELL,1,10,"SMA_50,Rolling_Mean_Return,BB_Width,MACD_Signal,Volume_MA,BB_Upper,Stochastic,Rolling_Volatility,ADX,MACD_Hist",SMA_50
KOTAKBANK,2023-12-26,2023,0,Sideways,0,0.9985,SELL,1,1,0.9787,BUY,0,10,"SMA_50,Rolling_Mean_Return,BB_Width,MACD_Signal,Volume_MA,BB_Upper,Stochastic,Rolling_Volatility,ADX,MACD_Hist",SMA_50
KOTAKBANK,2023-12-27,2023,0,Sideways,0,0.9967,SELL,1,1,0.9817,BUY,0,10,"SMA_50,Rolling_Mean_Return,BB_Width,MACD_Signal,Volume_MA,BB_Upper,Stochastic,Rolling_Volatility,ADX,MACD_Hist",SMA_50
KOTAKBANK,2023-12-28,2023,0,Sideways,0,0.9918,SELL,1,1,0.944,BUY,0,10,"SMA_50,Rolling_Mean_Return,BB_Width,MACD_Signal,Volume_MA,BB_Upper,Stochastic,Rolling_Volatility,ADX,MACD_Hist",SMA_50
KOTAKBANK,2023-12-29,2023,0,Sideways,0,0.9955,SELL,1,1,0.9563,BUY,0,10,"SMA_50,Rolling_Mean_Return,BB_Width,MACD_Signal,Volume_MA,BB_Upper,Stochastic,Rolling_Volatility,ADX,MACD_Hist",SMA_50
KOTAKBANK,2024-01-01,2024,0,Sideways,0,0.998,SELL,1,1,0.9714,BUY,0,10,"SMA_50,Rolling_Mean_Return,BB_Width,MACD_Signal,Volume_MA,BB_Upper,Stochastic,Rolling_Volatility,ADX,MACD_Hist",SMA_50
KOTAKBANK,2024-01-02,2024,0,Sideways,0,0.9895,SELL,1,0,0.9994,SELL,1,10,"SMA_50,Rolling_Mean_Return,BB_Width,MACD_Signal,Volume_MA,BB_Upper,Stochastic,Rolling_Volatility,ADX,MACD_Hist",SMA_50
KOTAKBANK,2024-01-03,2024,0,Sideways,0,0.9972,SELL,1,0,1.0,SELL,1,10,"SMA_50,Rolling_Mean_Return,BB_Width,MACD_Signal,Volume_MA,BB_Upper,Stochastic,Rolling_Volatility,ADX,MACD_Hist",SMA_50
KOTAKBANK,2024-01-04,2024,0,Sideways,0,0.9972,SELL,1,0,1.0,SELL,1,10,"SMA_50,Rolling_Mean_Return,BB_Width,MACD_Signal,Volume_MA,BB_Upper,Stochastic,Rolling_Volatility,ADX,MACD_Hist",SMA_50
KOTAKBANK,2024-01-05,2024,0,Sideways,1,0.9605,BUY,0,0,1.0,SELL,1,10,"SMA_50,Rolling_Mean_Return,BB_Width,MACD_Signal,Volume_MA,BB_Upper,Stochastic,Rolling_Volatility,ADX,MACD_Hist",SMA_50
KOTAKBANK,2024-01-08,2024,0,Sideways,0,0.9949,SELL,1,0,1.0,SELL,1,10,"SMA_50,Rolling_Mean_Return,BB_Width,MACD_Signal,Volume_MA,BB_Upper,Stochastic,Rolling_Volatility,ADX,MACD_Hist",SMA_50
KOTAKBANK,2024-01-09,2024,0,Sideways,0,0.9972,SELL,1,0,1.0,SELL,1,10,"SMA_50,Rolling_Mean_Return,BB_Width,MACD_Signal,Volume_MA,BB_Upper,Stochastic,Rolling_Volatility,ADX,MACD_Hist",SMA_50
KOTAKBANK,2024-01-10,2024,0,Sideways,0,0.9994,SELL,1,0,1.0,SELL,1,10,"SMA_50,Rolling_Mean_Return,BB_Width,MACD_Signal,Volume_MA,BB_Upper,Stochastic,Rolling_Volatility,ADX,MACD_Hist",SMA_50
KOTAKBANK,2024-01-11,2024,0,Sideways,0,0.9997,SELL,1,0,1.0,SELL,1,10,"SMA_50,Rolling_Mean_Return,BB_Width,MACD_Signal,Volume_MA,BB_Upper,Stochastic,Rolling_Volatility,ADX,MACD_Hist",SMA_50
KOTAKBANK,2024-01-12,2024,0,Sideways,0,0.9994,SELL,1,0,1.0,SELL,1,10,"SMA_50,Rolling_Mean_Return,BB_Width,MACD_Signal,Volume_MA,BB_Upper,Stochastic,Rolling_Volatility,ADX,MACD_Hist",SMA_50
KOTAKBANK,2024-01-15,2024,0,Sideways,0,0.9986,SELL,1,0,1.0,SELL,1,10,"SMA_50,Rolling_Mean_Return,BB_Width,MACD_Signal,Volume_MA,BB_Upper,Stochastic,Rolling_Volatility,ADX,MACD_Hist",SMA_50
KOTAKBANK,2024-01-16,2024,0,Sideways,0,0.992,SELL,1,0,1.0,SELL,1,10,"SMA_50,Rolling_Mean_Return,BB_Width,MACD_Signal,Volume_MA,BB_Upper,Stochastic,Rolling_Volatility,ADX,MACD_Hist",SMA_50
KOTAKBANK,2024-01-17,2024,0,Sideways,0,1.0,SELL,1,0,1.0,SELL,1,10,"SMA_50,Rolling_Mean_Return,BB_Width,MACD_Signal,Volume_MA,BB_Upper,Stochastic,Rolling_Volatility,ADX,MACD_Hist",SMA_50
KOTAKBANK,2024-01-18,2024,0,Sideways,0,0.9996,SELL,1,0,1.0,SELL,1,10,"SMA_50,Rolling_Mean_Return,BB_Width,MACD_Signal,Volume_MA,BB_Upper,Stochastic,Rolling_Volatility,ADX,MACD_Hist",SMA_50
KOTAKBANK,2024-01-19,2024,0,Sideways,0,1.0,SELL,1,0,1.0,SELL,1,10,"SMA_50,Rolling_Mean_Return,BB_Width,MACD_Signal,Volume_MA,BB_Upper,Stochastic,Rolling_Volatility,ADX,MACD_Hist",SMA_50
KOTAKBANK,2024-01-23,2024,0,Sideways,0,1.0,SELL,1,0,1.0,SELL,1,10,"SMA_50,Rolling_Mean_Return,BB_Width,MACD_Signal,Volume_MA,BB_Upper,Stochastic,Rolling_Volatility,ADX,MACD_Hist",SMA_50
KOTAKBANK,2024-01-24,2024,0,Sideways,0,0.9931,SELL,1,0,1.0,SELL,1,10,"SMA_50,Rolling_Mean_Return,BB_Width,MACD_Signal,Volume_MA,BB_Upper,Stochastic,Rolling_Volatility,ADX,MACD_Hist",SMA_50
KOTAKBANK,2024-01-25,2024,0,Sideways,0,0.9983,SELL,1,0,1.0,SELL,1,10,"SMA_50,Rolling_Mean_Return,BB_Width,MACD_Signal,Volume_MA,BB_Upper,Stochastic,Rolling_Volatility,ADX,MACD_Hist",SMA_50
KOTAKBANK,2024-01-29,2024,0,Sideways,0,0.9845,SELL,1,0,1.0,SELL,1,10,"SMA_50,EMA_26,Rolling_Median_Return,BB_Width,ADX,RSI_14,MFI,OBV,MACD,BB_Upper",SMA_50
KOTAKBANK,2024-01-30,2024,0,Sideways,1,0.9922,BUY,0,0,0.9999,SELL,1,10,"SMA_50,EMA_26,Rolling_Median_Return,BB_Width,ADX,RSI_14,MFI,OBV,MACD,BB_Upper",SMA_50
KOTAKBANK,2024-01-31,2024,0,Sideways,1,0.9554,BUY,0,0,1.0,SELL,1,10,"SMA_50,EMA_26,Rolling_Median_Return,BB_Width,ADX,RSI_14,MFI,OBV,MACD,BB_Upper",SMA_50
KOTAKBANK,2024-02-01,2024,0,Sideways,1,0.9965,BUY,0,0,1.0,SELL,1,10,"SMA_50,EMA_26,Rolling_Median_Return,BB_Width,ADX,RSI_14,MFI,OBV,MACD,BB_Upper",SMA_50
KOTAKBANK,2024-02-02,2024,0,Sideways,1,0.9994,BUY,0,0,1.0,SELL,1,10,"SMA_50,EMA_26,Rolling_Median_Return,BB_Width,ADX,RSI_14,MFI,OBV,MACD,BB_Upper",SMA_50
KOTAKBANK,2024-02-05,2024,0,Sideways,1,0.9951,BUY,0,0,1.0,SELL,1,10,"SMA_50,EMA_26,Rolling_Median_Return,BB_Width,ADX,RSI_14,MFI,OBV,MACD,BB_Upper",SMA_50
KOTAKBANK,2024-02-06,2024,0,Sideways,1,0.9505,BUY,0,0,1.0,SELL,1,10,"SMA_50,EMA_26,Rolling_Median_Return,BB_Width,ADX,RSI_14,MFI,OBV,MACD,BB_Upper",SMA_50
KOTAKBANK,2024-02-07,2024,0,Sideways,1,0.9857,BUY,0,0,1.0,SELL,1,10,"SMA_50,EMA_26,Rolling_Median_Return,BB_Width,ADX,RSI_14,MFI,OBV,MACD,BB_Upper",SMA_50
KOTAKBANK,2024-02-08,2024,1,Sideways,0,1.0,SELL,0,0,1.0,SELL,0,10,"SMA_50,EMA_26,Rolling_Median_Return,BB_Width,ADX,RSI_14,MFI,OBV,MACD,BB_Upper",SMA_50
KOTAKBANK,2024-02-09,2024,0,Sideways,1,0.6309,BUY,0,0,0.5391,NO TRADE,1,10,"SMA_50,EMA_26,Rolling_Median_Return,BB_Width,ADX,RSI_14,MFI,OBV,MACD,BB_Upper",SMA_50
KOTAKBANK,2024-02-12,2024,1,Sideways,0,0.9209,SELL,0,1,0.6441,BUY,1,10,"SMA_50,EMA_26,Rolling_Median_Return,BB_Width,ADX,RSI_14,MFI,OBV,MACD,BB_Upper",SMA_50
KOTAKBANK,2024-02-13,2024,0,Sideways,0,0.5399,NO TRADE,1,1,0.7313,BUY,0,10,"SMA_50,EMA_26,Rolling_Median_Return,BB_Width,ADX,RSI_14,MFI,OBV,MACD,BB_Upper",SMA_50
KOTAKBANK,2024-02-14,2024,0,Sideways,1,0.6923,BUY,0,1,0.6851,BUY,0,10,"SMA_50,EMA_26,Rolling_Median_Return,BB_Width,ADX,RSI_14,MFI,OBV,MACD,BB_Upper",SMA_50
KOTAKBANK,2024-02-15,2024,0,Sideways,1,0.9671,BUY,0,1,0.756,BUY,0,10,"SMA_50,EMA_26,Rolling_Median_Return,BB_Width,ADX,RSI_14,MFI,OBV,MACD,BB_Upper",SMA_50
KOTAKBANK,2024-02-16,2024,1,Sideways,1,0.9793,BUY,1,1,0.7871,BUY,1,10,"SMA_50,EMA_26,Rolling_Median_Return,BB_Width,ADX,RSI_14,MFI,OBV,MACD,BB_Upper",SMA_50
KOTAKBANK,2024-02-19,2024,1,Sideways,1,0.9857,BUY,1,1,0.7835,BUY,1,10,"SMA_50,EMA_26,Rolling_Median_Return,BB_Width,ADX,RSI_14,MFI,OBV,MACD,BB_Upper",SMA_50
KOTAKBANK,2024-02-20,2024,1,Sideways,1,0.9924,BUY,1,1,0.6926,BUY,1,10,"SMA_50,EMA_26,Rolling_Median_Return,BB_Width,ADX,RSI_14,MFI,OBV,MACD,BB_Upper",SMA_50
KOTAKBANK,2024-02-21,2024,1,Sideways,1,0.9983,BUY,1,1,0.8009,BUY,1,10,"SMA_50,EMA_26,Rolling_Median_Return,BB_Width,ADX,RSI_14,MFI,OBV,MACD,BB_Upper",SMA_50
KOTAKBANK,2024-02-22,2024,1,Sideways,1,0.9992,BUY,1,1,0.8631,BUY,1,10,"SMA_50,EMA_26,Rolling_Median_Return,BB_Width,ADX,RSI_14,MFI,OBV,MACD,BB_Upper",SMA_50
KOTAKBANK,2024-02-23,2024,1,Sideways,1,0.9997,BUY,1,1,0.9044,BUY,1,10,"SMA_50,EMA_26,Rolling_Median_Return,BB_Width,ADX,RSI_14,MFI,OBV,MACD,BB_Upper",SMA_50
KOTAKBANK,2024-02-26,2024,1,Sideways,1,0.9999,BUY,1,1,0.9425,BUY,1,10,"SMA_50,EMA_26,Rolling_Median_Return,BB_Width,ADX,RSI_14,MFI,OBV,MACD,BB_Upper",SMA_50
KOTAKBANK,2024-02-27,2024,1,Sideways,1,1.0,BUY,1,1,0.9588,BUY,1,10,"SMA_50,EMA_26,Rolling_Median_Return,BB_Width,ADX,RSI_14,MFI,OBV,MACD,BB_Upper",SMA_50
KOTAKBANK,2024-02-28,2024,1,Sideways,1,0.9999,BUY,1,1,0.9859,BUY,1,10,"SMA_50,EMA_26,Rolling_Median_Return,BB_Width,ADX,RSI_14,MFI,OBV,MACD,BB_Upper",SMA_50
KOTAKBANK,2024-02-29,2024,1,Sideways,1,0.9996,BUY,1,1,0.9824,BUY,1,10,"SMA_50,EMA_26,Rolling_Median_Return,BB_Width,ADX,RSI_14,MFI,OBV,MACD,BB_Upper",SMA_50
KOTAKBANK,2024-03-01,2024,1,Sideways,1,0.9992,BUY,1,1,0.9464,BUY,1,10,"SMA_50,EMA_26,Rolling_Median_Return,BB_Width,ADX,RSI_14,MFI,OBV,MACD,BB_Upper",SMA_50
KOTAKBANK,2024-03-04,2024,1,Sideways,1,1.0,BUY,1,1,0.9436,BUY,1,10,"SMA_50,EMA_26,Rolling_Median_Return,BB_Width,ADX,RSI_14,MFI,OBV,MACD,BB_Upper",SMA_50
KOTAKBANK,2024-03-05,2024,1,Sideways,1,1.0,BUY,1,1,0.9798,BUY,1,10,"SMA_50,EMA_26,Rolling_Median_Return,BB_Width,ADX,RSI_14,MFI,OBV,MACD,BB_Upper",SMA_50
KOTAKBANK,2024-03-06,2024,1,Sideways,1,0.9999,BUY,1,1,0.9185,BUY,1,10,"SMA_50,EMA_26,Rolling_Median_Return,BB_Width,ADX,RSI_14,MFI,OBV,MACD,BB_Upper",SMA_50
KOTAKBANK,2024-03-07,2024,1,Sideways,1,1.0,BUY,1,1,0.9037,BUY,1,10,"SMA_50,EMA_26,Rolling_Median_Return,BB_Width,ADX,RSI_14,MFI,OBV,MACD,BB_Upper",SMA_50
KOTAKBANK,2024-03-11,2024,1,Sideways,1,1.0,BUY,1,1,0.9401,BUY,1,10,"SMA_50,EMA_26,Rolling_Median_Return,BB_Width,ADX,RSI_14,MFI,OBV,MACD,BB_Upper",SMA_50
KOTAKBANK,2024-03-12,2024,1,Sideways,1,1.0,BUY,1,1,0.8896,BUY,1,10,"BB_Upper,EMA_26,SMA_20,BB_Width,Rolling_Mean_Return,MACD,OBV,SMA_50,Return_5d,Rolling_Volatility",BB_Upper
KOTAKBANK,2024-03-13,2024,1,Sideways,1,1.0,BUY,1,0,0.9868,SELL,0,10,"BB_Upper,EMA_26,SMA_20,BB_Width,Rolling_Mean_Return,MACD,OBV,SMA_50,Return_5d,Rolling_Volatility",BB_Upper
KOTAKBANK,2024-03-14,2024,1,Sideways,1,1.0,BUY,1,1,0.8704,BUY,1,10,"BB_Upper,EMA_26,SMA_20,BB_Width,Rolling_Mean_Return,MACD,OBV,SMA_50,Return_5d,Rolling_Volatility",BB_Upper
KOTAKBANK,2024-03-15,2024,1,Sideways,1,1.0,BUY,1,1,0.9446,BUY,1,10,"BB_Upper,EMA_26,SMA_20,BB_Width,Rolling_Mean_Return,MACD,OBV,SMA_50,Return_5d,Rolling_Volatility",BB_Upper
KOTAKBANK,2024-03-18,2024,1,Sideways,1,1.0,BUY,1,1,0.9619,BUY,1,10,"BB_Upper,EMA_26,SMA_20,BB_Width,Rolling_Mean_Return,MACD,OBV,SMA_50,Return_5d,Rolling_Volatility",BB_Upper
KOTAKBANK,2024-03-19,2024,1,Sideways,1,1.0,BUY,1,1,0.9122,BUY,1,10,"BB_Upper,EMA_26,SMA_20,BB_Width,Rolling_Mean_Return,MACD,OBV,SMA_50,Return_5d,Rolling_Volatility",BB_Upper
KOTAKBANK,2024-03-20,2024,1,Sideways,1,1.0,BUY,1,1,0.9863,BUY,1,10,"BB_Upper,EMA_26,SMA_20,BB_Width,Rolling_Mean_Return,MACD,OBV,SMA_50,Return_5d,Rolling_Volatility",BB_Upper
KOTAKBANK,2024-03-21,2024,1,Sideways,1,1.0,BUY,1,1,0.9915,BUY,1,10,"BB_Upper,EMA_26,SMA_20,BB_Width,Rolling_Mean_Return,MACD,OBV,SMA_50,Return_5d,Rolling_Volatility",BB_Upper
KOTAKBANK,2024-03-22,2024,0,Sideways,1,1.0,BUY,0,1,0.9955,BUY,0,10,"BB_Upper,EMA_26,SMA_20,BB_Width,Rolling_Mean_Return,MACD,OBV,SMA_50,Return_5d,Rolling_Volatility",BB_Upper
KOTAKBANK,2024-03-26,2024,0,Sideways,1,1.0,BUY,0,1,0.9733,BUY,0,10,"BB_Upper,EMA_26,SMA_20,BB_Width,Rolling_Mean_Return,MACD,OBV,SMA_50,Return_5d,Rolling_Volatility",BB_Upper
KOTAKBANK,2024-03-27,2024,0,Sideways,1,1.0,BUY,0,1,0.9733,BUY,0,10,"BB_Upper,EMA_26,SMA_20,BB_Width,Rolling_Mean_Return,MACD,OBV,SMA_50,Return_5d,Rolling_Volatility",BB_Upper
KOTAKBANK,2024-03-28,2024,0,Sideways,1,1.0,BUY,0,1,0.9543,BUY,0,10,"BB_Upper,EMA_26,SMA_20,BB_Width,Rolling_Mean_Return,MACD,OBV,SMA_50,Return_5d,Rolling_Volatility",BB_Upper
KOTAKBANK,2024-04-01,2024,0,Sideways,1,1.0,BUY,0,1,0.9388,BUY,0,10,"BB_Upper,EMA_26,SMA_20,BB_Width,Rolling_Mean_Return,MACD,OBV,SMA_50,Return_5d,Rolling_Volatility",BB_Upper
KOTAKBANK,2024-04-02,2024,0,Sideways,1,1.0,BUY,0,1,0.79,BUY,0,10,"BB_Upper,EMA_26,SMA_20,BB_Width,Rolling_Mean_Return,MACD,OBV,SMA_50,Return_5d,Rolling_Volatility",BB_Upper
KOTAKBANK,2024-04-03,2024,0,Sideways,1,1.0,BUY,0,1,0.7551,BUY,0,10,"BB_Upper,EMA_26,SMA_20,BB_Width,Rolling_Mean_Return,MACD,OBV,SMA_50,Return_5d,Rolling_Volatility",BB_Upper
KOTAKBANK,2024-04-04,2024,0,Sideways,1,0.9999,BUY,0,1,0.6479,BUY,0,10,"BB_Upper,EMA_26,SMA_20,BB_Width,Rolling_Mean_Return,MACD,OBV,SMA_50,Return_5d,Rolling_Volatility",BB_Upper
KOTAKBANK,2024-04-05,2024,0,Sideways,1,0.9994,BUY,0,1,0.8391,BUY,0,10,"BB_Upper,EMA_26,SMA_20,BB_Width,Rolling_Mean_Return,MACD,OBV,SMA_50,Return_5d,Rolling_Volatility",BB_Upper
KOTAKBANK,2024-04-08,2024,0,Sideways,1,1.0,BUY,0,1,0.7986,BUY,0,10,"BB_Upper,EMA_26,SMA_20,BB_Width,Rolling_Mean_Return,MACD,OBV,SMA_50,Return_5d,Rolling_Volatility",BB_Upper
KOTAKBANK,2024-04-09,2024,0,Sideways,1,1.0,BUY,0,1,0.9077,BUY,0,10,"BB_Upper,EMA_26,SMA_20,BB_Width,Rolling_Mean_Return,MACD,OBV,SMA_50,Return_5d,Rolling_Volatility",BB_Upper
KOTAKBANK,2024-04-10,2024,0,Sideways,1,0.9999,BUY,0,1,0.959,BUY,0,10,"BB_Upper,EMA_26,SMA_20,BB_Width,Rolling_Mean_Return,MACD,OBV,SMA_50,Return_5d,Rolling_Volatility",BB_Upper
KOTAKBANK,2024-04-12,2024,0,Sideways,1,0.9998,BUY,0,1,0.7738,BUY,0,10,"BB_Upper,EMA_26,SMA_20,BB_Width,Rolling_Mean_Return,MACD,OBV,SMA_50,Return_5d,Rolling_Volatility",BB_Upper
KOTAKBANK,2024-04-15,2024,0,Sideways,1,0.9986,BUY,0,1,0.8637,BUY,0,10,"BB_Upper,EMA_26,SMA_20,BB_Width,Rolling_Mean_Return,MACD,OBV,SMA_50,Return_5d,Rolling_Volatility",BB_Upper
KOTAKBANK,2024-04-16,2024,0,Sideways,1,0.998,BUY,0,1,0.8405,BUY,0,10,"BB_Upper,EMA_26,SMA_20,BB_Width,Rolling_Mean_Return,MACD,OBV,SMA_50,Return_5d,Rolling_Volatility",BB_Upper
KOTAKBANK,2024-04-18,2024,0,Sideways,1,0.9994,BUY,0,1,0.8193,BUY,0,10,"BB_Upper,EMA_26,SMA_20,BB_Width,Rolling_Mean_Return,MACD,OBV,SMA_50,Return_5d,Rolling_Volatility",BB_Upper
KOTAKBANK,2024-04-19,2024,0,Sideways,1,0.9939,BUY,0,0,0.5368,NO TRADE,1,10,"BB_Upper,EMA_26,SMA_20,BB_Width,Rolling_Mean_Return,MACD,OBV,SMA_50,Return_5d,Rolling_Volatility",BB_Upper
KOTAKBANK,2024-04-22,2024,0,Sideways,1,0.9861,BUY,0,1,0.7464,BUY,0,10,"BB_Upper,EMA_26,SMA_20,BB_Width,Rolling_Mean_Return,MACD,OBV,SMA_50,Return_5d,Rolling_Volatility",BB_Upper
KOTAKBANK,2024-04-23,2024,0,Sideways,1,0.9659,BUY,0,1,0.7931,BUY,0,10,"BB_Upper,EMA_26,SMA_20,BB_Width,Rolling_Mean_Return,MACD,OBV,SMA_50,Return_5d,Rolling_Volatility",BB_Upper
KOTAKBANK,2024-04-24,2024,0,Sideways,1,0.7524,BUY,0,1,0.7343,BUY,0,10,"BB_Upper,EMA_26,SMA_20,BB_Width,Rolling_Mean_Return,MACD,OBV,SMA_50,Return_5d,Rolling_Volatility",BB_Upper
KOTAKBANK,2024-04-25,2024,1,Sideways,1,0.9891,BUY,1,0,1.0,SELL,0,10,"BB_Upper,EMA_26,SMA_20,BB_Width,Rolling_Mean_Return,MACD,OBV,SMA_50,Return_5d,Rolling_Volatility",BB_Upper
KOTAKBANK,2024-04-26,2024,1,Sideways,1,1.0,BUY,1,1,1.0,BUY,1,10,"BB_Upper,EMA_26,SMA_20,BB_Width,Rolling_Mean_Return,MACD,OBV,SMA_50,Return_5d,Rolling_Volatility",BB_Upper
KOTAKBANK,2024-04-29,2024,1,Sideways,1,1.0,BUY,1,1,1.0,BUY,1,10,"BB_Upper,SMA_10,BB_Width,EMA_12,MACD,MFI,Return_5d,OBV,MACD_Signal,Rolling_Volatility",BB_Upper
KOTAKBANK,2024-04-30,2024,1,Sideways,1,1.0,BUY,1,1,1.0,BUY,1,10,"BB_Upper,SMA_10,BB_Width,EMA_12,MACD,MFI,Return_5d,OBV,MACD_Signal,Rolling_Volatility",BB_Upper
KOTAKBANK,2024-05-02,2024,1,Sideways,1,1.0,BUY,1,1,1.0,BUY,1,10,"BB_Upper,SMA_10,BB_Width,EMA_12,MACD,MFI,Return_5d,OBV,MACD_Signal,Rolling_Volatility",BB_Upper
KOTAKBANK,2024-05-03,2024,1,Sideways,1,1.0,BUY,1,1,1.0,BUY,1,10,"BB_Upper,SMA_10,BB_Width,EMA_12,MACD,MFI,Return_5d,OBV,MACD_Signal,Rolling_Volatility",BB_Upper
KOTAKBANK,2024-05-06,2024,1,Sideways,1,1.0,BUY,1,1,1.0,BUY,1,10,"BB_Upper,SMA_10,BB_Width,EMA_12,MACD,MFI,Return_5d,OBV,MACD_Signal,Rolling_Volatility",BB_Upper
KOTAKBANK,2024-05-07,2024,1,Sideways,1,1.0,BUY,1,1,1.0,BUY,1,10,"BB_Upper,SMA_10,BB_Width,EMA_12,MACD,MFI,Return_5d,OBV,MACD_Signal,Rolling_Volatility",BB_Upper
KOTAKBANK,2024-05-08,2024,1,Sideways,1,1.0,BUY,1,1,1.0,BUY,1,10,"BB_Upper,SMA_10,BB_Width,EMA_12,MACD,MFI,Return_5d,OBV,MACD_Signal,Rolling_Volatility",BB_Upper
KOTAKBANK,2024-05-09,2024,1,Sideways,1,1.0,BUY,1,1,1.0,BUY,1,10,"BB_Upper,SMA_10,BB_Width,EMA_12,MACD,MFI,Return_5d,OBV,MACD_Signal,Rolling_Volatility",BB_Upper
KOTAKBANK,2024-05-10,2024,1,Sideways,1,1.0,BUY,1,1,1.0,BUY,1,10,"BB_Upper,SMA_10,BB_Width,EMA_12,MACD,MFI,Return_5d,OBV,MACD_Signal,Rolling_Volatility",BB_Upper
KOTAKBANK,2024-05-13,2024,1,Sideways,1,1.0,BUY,1,1,1.0,BUY,1,10,"BB_Upper,SMA_10,BB_Width,EMA_12,MACD,MFI,Return_5d,OBV,MACD_Signal,Rolling_Volatility",BB_Upper
KOTAKBANK,2024-05-14,2024,1,Sideways,1,1.0,BUY,1,1,1.0,BUY,1,10,"BB_Upper,SMA_10,BB_Width,EMA_12,MACD,MFI,Return_5d,OBV,MACD_Signal,Rolling_Volatility",BB_Upper
KOTAKBANK,2024-05-15,2024,1,Sideways,1,1.0,BUY,1,1,1.0,BUY,1,10,"BB_Upper,SMA_10,BB_Width,EMA_12,MACD,MFI,Return_5d,OBV,MACD_Signal,Rolling_Volatility",BB_Upper
KOTAKBANK,2024-05-16,2024,1,Sideways,1,1.0,BUY,1,1,1.0,BUY,1,10,"BB_Upper,SMA_10,BB_Width,EMA_12,MACD,MFI,Return_5d,OBV,MACD_Signal,Rolling_Volatility",BB_Upper
KOTAKBANK,2024-05-17,2024,1,Sideways,1,1.0,BUY,1,1,1.0,BUY,1,10,"BB_Upper,SMA_10,BB_Width,EMA_12,MACD,MFI,Return_5d,OBV,MACD_Signal,Rolling_Volatility",BB_Upper
KOTAKBANK,2024-05-21,2024,1,Sideways,1,1.0,BUY,1,1,1.0,BUY,1,10,"BB_Upper,SMA_10,BB_Width,EMA_12,MACD,MFI,Return_5d,OBV,MACD_Signal,Rolling_Volatility",BB_Upper
KOTAKBANK,2024-05-22,2024,1,Sideways,1,1.0,BUY,1,1,1.0,BUY,1,10,"BB_Upper,SMA_10,BB_Width,EMA_12,MACD,MFI,Return_5d,OBV,MACD_Signal,Rolling_Volatility",BB_Upper
KOTAKBANK,2024-05-23,2024,1,Sideways,1,1.0,BUY,1,1,0.9998,BUY,1,10,"BB_Upper,SMA_10,BB_Width,EMA_12,MACD,MFI,Return_5d,OBV,MACD_Signal,Rolling_Volatility",BB_Upper
KOTAKBANK,2024-05-24,2024,1,Sideways,1,1.0,BUY,1,1,0.9888,BUY,1,10,"BB_Upper,SMA_10,BB_Width,EMA_12,MACD,MFI,Return_5d,OBV,MACD_Signal,Rolling_Volatility",BB_Upper
KOTAKBANK,2024-05-27,2024,1,Sideways,1,1.0,BUY,1,1,0.7639,BUY,1,10,"BB_Upper,SMA_10,BB_Width,EMA_12,MACD,MFI,Return_5d,OBV,MACD_Signal,Rolling_Volatility",BB_Upper
KOTAKBANK,2024-05-28,2024,1,Sideways,1,1.0,BUY,1,1,0.8252,BUY,1,10,"BB_Upper,SMA_10,BB_Width,EMA_12,MACD,MFI,Return_5d,OBV,MACD_Signal,Rolling_Volatility",BB_Upper
KOTAKBANK,2024-05-29,2024,1,Sideways,1,1.0,BUY,1,1,0.8865,BUY,1,10,"BB_Upper,SMA_10,BB_Width,EMA_12,MACD,MFI,Return_5d,OBV,MACD_Signal,Rolling_Volatility",BB_Upper
KOTAKBANK,2024-05-30,2024,1,Sideways,1,1.0,BUY,1,1,0.9089,BUY,1,10,"BB_Upper,SMA_10,BB_Width,EMA_12,MACD,MFI,Return_5d,OBV,MACD_Signal,Rolling_Volatility",BB_Upper
KOTAKBANK,2024-05-31,2024,1,Sideways,1,1.0,BUY,1,1,0.8831,BUY,1,10,"BB_Upper,SMA_10,BB_Width,EMA_12,MACD,MFI,Return_5d,OBV,MACD_Signal,Rolling_Volatility",BB_Upper
KOTAKBANK,2024-06-03,2024,1,Sideways,1,1.0,BUY,1,1,0.736,BUY,1,10,"BB_Upper,SMA_10,BB_Width,EMA_12,MACD,MFI,Return_5d,OBV,MACD_Signal,Rolling_Volatility",BB_Upper
KOTAKBANK,2024-06-04,2024,1,Sideways,1,1.0,BUY,1,1,0.9773,BUY,1,10,"BB_Upper,SMA_10,BB_Width,EMA_12,MACD,MFI,Return_5d,OBV,MACD_Signal,Rolling_Volatility",BB_Upper
KOTAKBANK,2024-06-05,2024,1,Sideways,1,1.0,BUY,1,1,0.9258,BUY,1,10,"BB_Upper,SMA_10,BB_Width,EMA_12,MACD,MFI,Return_5d,OBV,MACD_Signal,Rolling_Volatility",BB_Upper
KOTAKBANK,2024-06-06,2024,1,Sideways,1,1.0,BUY,1,1,0.9607,BUY,1,10,"BB_Upper,SMA_10,BB_Width,EMA_12,MACD,MFI,Return_5d,OBV,MACD_Signal,Rolling_Volatility",BB_Upper
KOTAKBANK,2024-06-07,2024,1,Sideways,1,1.0,BUY,1,1,0.9954,BUY,1,10,"BB_Upper,SMA_10,BB_Width,EMA_12,MACD,MFI,Return_5d,OBV,MACD_Signal,Rolling_Volatility",BB_Upper
KOTAKBANK,2024-06-10,2024,1,Sideways,1,1.0,BUY,1,1,0.9499,BUY,1,10,"BB_Upper,SMA_10,BB_Width,EMA_12,MACD,MFI,Return_5d,OBV,MACD_Signal,Rolling_Volatility",BB_Upper
KOTAKBANK,2024-06-11,2024,1,Sideways,1,1.0,BUY,1,1,0.9985,BUY,1,10,"BB_Upper,SMA_10,BB_Width,EMA_12,MACD,MFI,Return_5d,OBV,MACD_Signal,Rolling_Volatility",BB_Upper
KOTAKBANK,2024-06-12,2024,1,Sideways,1,1.0,BUY,1,1,0.9101,BUY,1,10,"SMA_10,EMA_12,BB_Width,EMA_26,Volume_MA,RSI_14,MFI,MACD_Signal,OBV,MACD",SMA_10
KOTAKBANK,2024-06-13,2024,1,Sideways,1,1.0,BUY,1,1,0.8908,BUY,1,10,"SMA_10,EMA_12,BB_Width,EMA_26,Volume_MA,RSI_14,MFI,MACD_Signal,OBV,MACD",SMA_10
KOTAKBANK,2024-06-14,2024,1,Sideways,1,1.0,BUY,1,1,0.9243,BUY,1,10,"SMA_10,EMA_12,BB_Width,EMA_26,Volume_MA,RSI_14,MFI,MACD_Signal,OBV,MACD",SMA_10
KOTAKBANK,2024-06-18,2024,1,Sideways,1,1.0,BUY,1,1,0.9272,BUY,1,10,"SMA_10,EMA_12,BB_Width,EMA_26,Volume_MA,RSI_14,MFI,MACD_Signal,OBV,MACD",SMA_10
KOTAKBANK,2024-06-19,2024,1,Sideways,1,1.0,BUY,1,1,0.9033,BUY,1,10,"SMA_10,EMA_12,BB_Width,EMA_26,Volume_MA,RSI_14,MFI,MACD_Signal,OBV,MACD",SMA_10
KOTAKBANK,2024-06-20,2024,1,Sideways,1,1.0,BUY,1,1,0.8922,BUY,1,10,"SMA_10,EMA_12,BB_Width,EMA_26,Volume_MA,RSI_14,MFI,MACD_Signal,OBV,MACD",SMA_10
KOTAKBANK,2024-06-21,2024,0,Sideways,1,0.9999,BUY,0,1,0.9354,BUY,0,10,"SMA_10,EMA_12,BB_Width,EMA_26,Volume_MA,RSI_14,MFI,MACD_Signal,OBV,MACD",SMA_10
KOTAKBANK,2024-06-24,2024,0,Sideways,1,0.9989,BUY,0,1,0.9405,BUY,0,10,"SMA_10,EMA_12,BB_Width,EMA_26,Volume_MA,RSI_14,MFI,MACD_Signal,OBV,MACD",SMA_10
KOTAKBANK,2024-06-25,2024,0,Sideways,1,0.9786,BUY,0,1,0.8831,BUY,0,10,"SMA_10,EMA_12,BB_Width,EMA_26,Volume_MA,RSI_14,MFI,MACD_Signal,OBV,MACD",SMA_10
KOTAKBANK,2024-06-26,2024,0,Sideways,1,0.8619,BUY,0,1,0.896,BUY,0,10,"SMA_10,EMA_12,BB_Width,EMA_26,Volume_MA,RSI_14,MFI,MACD_Signal,OBV,MACD",SMA_10
KOTAKBANK,2024-06-27,2024,0,Sideways,1,0.8294,BUY,0,1,0.9107,BUY,0,10,"SMA_10,EMA_12,BB_Width,EMA_26,Volume_MA,RSI_14,MFI,MACD_Signal,OBV,MACD",SMA_10
KOTAKBANK,2024-06-28,2024,0,Sideways,0,0.5595,SELL,1,1,0.8646,BUY,0,10,"SMA_10,EMA_12,BB_Width,EMA_26,Volume_MA,RSI_14,MFI,MACD_Signal,OBV,MACD",SMA_10
KOTAKBANK,2024-07-01,2024,0,Sideways,0,0.9278,SELL,1,1,0.8425,BUY,0,10,"SMA_10,EMA_12,BB_Width,EMA_26,Volume_MA,RSI_14,MFI,MACD_Signal,OBV,MACD",SMA_10
KOTAKBANK,2024-07-02,2024,1,Sideways,0,0.6164,SELL,0,1,0.7838,BUY,1,10,"SMA_10,EMA_12,BB_Width,EMA_26,Volume_MA,RSI_14,MFI,MACD_Signal,OBV,MACD",SMA_10
KOTAKBANK,2024-07-03,2024,0,Sideways,0,0.9897,SELL,1,1,0.6576,BUY,0,10,"SMA_10,EMA_12,BB_Width,EMA_26,Volume_MA,RSI_14,MFI,MACD_Signal,OBV,MACD",SMA_10
KOTAKBANK,2024-07-04,2024,0,Sideways,0,0.9993,SELL,1,1,0.683,BUY,0,10,"SMA_10,EMA_12,BB_Width,EMA_26,Volume_MA,RSI_14,MFI,MACD_Signal,OBV,MACD",SMA_10
KOTAKBANK,2024-07-05,2024,0,Sideways,0,0.9998,SELL,1,1,0.7138,BUY,0,10,"SMA_10,EMA_12,BB_Width,EMA_26,Volume_MA,RSI_14,MFI,MACD_Signal,OBV,MACD",SMA_10
KOTAKBANK,2024-07-08,2024,0,Sideways,0,0.9998,SELL,1,1,0.7014,BUY,0,10,"SMA_10,EMA_12,BB_Width,EMA_26,Volume_MA,RSI_14,MFI,MACD_Signal,OBV,MACD",SMA_10
KOTAKBANK,2024-07-09,2024,0,Sideways,0,1.0,SELL,1,1,0.7294,BUY,0,10,"SMA_10,EMA_12,BB_Width,EMA_26,Volume_MA,RSI_14,MFI,MACD_Signal,OBV,MACD",SMA_10
KOTAKBANK,2024-07-10,2024,0,Sideways,0,1.0,SELL,1,1,0.7235,BUY,0,10,"SMA_10,EMA_12,BB_Width,EMA_26,Volume_MA,RSI_14,MFI,MACD_Signal,OBV,MACD",SMA_10
KOTAKBANK,2024-07-11,2024,0,Sideways,0,1.0,SELL,1,0,0.5137,NO TRADE,1,10,"SMA_10,EMA_12,BB_Width,EMA_26,Volume_MA,RSI_14,MFI,MACD_Signal,OBV,MACD",SMA_10
KOTAKBANK,2024-07-12,2024,0,Sideways,0,1.0,SELL,1,0,0.6001,SELL,1,10,"SMA_10,EMA_12,BB_Width,EMA_26,Volume_MA,RSI_14,MFI,MACD_Signal,OBV,MACD",SMA_10
KOTAKBANK,2024-07-15,2024,0,Sideways,0,1.0,SELL,1,0,0.7045,SELL,1,10,"SMA_10,EMA_12,BB_Width,EMA_26,Volume_MA,RSI_14,MFI,MACD_Signal,OBV,MACD",SMA_10
KOTAKBANK,2024-07-16,2024,0,Sideways,0,0.9999,SELL,1,0,0.7115,SELL,1,10,"SMA_10,EMA_12,BB_Width,EMA_26,Volume_MA,RSI_14,MFI,MACD_Signal,OBV,MACD",SMA_10
KOTAKBANK,2024-07-18,2024,0,Sideways,0,1.0,SELL,1,0,0.5768,SELL,1,10,"SMA_10,EMA_12,BB_Width,EMA_26,Volume_MA,RSI_14,MFI,MACD_Signal,OBV,MACD",SMA_10
KOTAKBANK,2024-07-19,2024,0,Sideways,0,1.0,SELL,1,0,0.6746,SELL,1,10,"SMA_10,EMA_12,BB_Width,EMA_26,Volume_MA,RSI_14,MFI,MACD_Signal,OBV,MACD",SMA_10
KOTAKBANK,2024-07-22,2024,1,Sideways,1,0.8419,BUY,1,1,0.5159,NO TRADE,1,10,"SMA_10,EMA_12,BB_Width,EMA_26,Volume_MA,RSI_14,MFI,MACD_Signal,OBV,MACD",SMA_10
KOTAKBANK,2024-07-23,2024,1,Sideways,0,0.999,SELL,0,0,0.5524,SELL,0,10,"SMA_10,EMA_12,BB_Width,EMA_26,Volume_MA,RSI_14,MFI,MACD_Signal,OBV,MACD",SMA_10
KOTAKBANK,2024-07-24,2024,1,Sideways,0,0.6977,SELL,0,1,0.7414,BUY,1,10,"SMA_10,EMA_12,BB_Width,EMA_26,Volume_MA,RSI_14,MFI,MACD_Signal,OBV,MACD",SMA_10
KOTAKBANK,2024-07-25,2024,1,Sideways,0,0.9914,SELL,0,1,0.7369,BUY,1,10,"SMA_10,EMA_12,BB_Width,EMA_26,Volume_MA,RSI_14,MFI,MACD_Signal,OBV,MACD",SMA_10
KOTAKBANK,2024-07-26,2024,0,Sideways,0,0.9975,SELL,1,0,0.9198,SELL,1,10,"SMA_10,EMA_12,RSI_14,Volume_MA,Rolling_Volatility,MACD,ATR_14,BB_Width,Price_Change,OBV",SMA_10
KOTAKBANK,2024-07-29,2024,1,Sideways,0,0.9882,SELL,0,0,0.8835,SELL,0,10,"SMA_10,EMA_12,RSI_14,Volume_MA,Rolling_Volatility,MACD,ATR_14,BB_Width,Price_Change,OBV",SMA_10
KOTAKBANK,2024-07-30,2024,1,Sideways,0,0.8934,SELL,0,0,0.7872,SELL,0,10,"SMA_10,EMA_12,RSI_14,Volume_MA,Rolling_Volatility,MACD,ATR_14,BB_Width,Price_Change,OBV",SMA_10
KOTAKBANK,2024-07-31,2024,0,Sideways,0,0.9987,SELL,1,0,0.83,SELL,1,10,"SMA_10,EMA_12,RSI_14,Volume_MA,Rolling_Volatility,MACD,ATR_14,BB_Width,Price_Change,OBV",SMA_10
KOTAKBANK,2024-08-01,2024,0,Sideways,0,0.9688,SELL,1,1,0.9981,BUY,0,10,"SMA_10,EMA_12,RSI_14,Volume_MA,Rolling_Volatility,MACD,ATR_14,BB_Width,Price_Change,OBV",SMA_10
KOTAKBANK,2024-08-02,2024,0,Sideways,0,0.9984,SELL,1,0,0.5254,NO TRADE,1,10,"SMA_10,EMA_12,RSI_14,Volume_MA,Rolling_Volatility,MACD,ATR_14,BB_Width,Price_Change,OBV",SMA_10
KOTAKBANK,2024-08-05,2024,1,Sideways,0,0.5538,SELL,0,1,0.6943,BUY,1,10,"SMA_10,EMA_12,RSI_14,Volume_MA,Rolling_Volatility,MACD,ATR_14,BB_Width,Price_Change,OBV",SMA_10
KOTAKBANK,2024-08-06,2024,1,Sideways,0,0.5498,NO TRADE,0,1,0.57,BUY,1,10,"SMA_10,EMA_12,RSI_14,Volume_MA,Rolling_Volatility,MACD,ATR_14,BB_Width,Price_Change,OBV",SMA_10
KOTAKBANK,2024-08-07,2024,1,Sideways,0,1.0,SELL,0,1,0.5269,NO TRADE,1,10,"SMA_10,EMA_12,RSI_14,Volume_MA,Rolling_Volatility,MACD,ATR_14,BB_Width,Price_Change,OBV",SMA_10
KOTAKBANK,2024-08-08,2024,0,Sideways,0,1.0,SELL,1,1,0.6236,BUY,0,10,"SMA_10,EMA_12,RSI_14,Volume_MA,Rolling_Volatility,MACD,ATR_14,BB_Width,Price_Change,OBV",SMA_10
KOTAKBANK,2024-08-09,2024,1,Sideways,0,1.0,SELL,0,1,0.5968,BUY,1,10,"SMA_10,EMA_12,RSI_14,Volume_MA,Rolling_Volatility,MACD,ATR_14,BB_Width,Price_Change,OBV",SMA_10
KOTAKBANK,2024-08-12,2024,1,Sideways,1,1.0,BUY,1,1,0.569,BUY,1,10,"SMA_10,EMA_12,RSI_14,Volume_MA,Rolling_Volatility,MACD,ATR_14,BB_Width,Price_Change,OBV",SMA_10
KOTAKBANK,2024-08-13,2024,1,Sideways,0,1.0,SELL,0,1,0.768,BUY,1,10,"SMA_10,EMA_12,RSI_14,Volume_MA,Rolling_Volatility,MACD,ATR_14,BB_Width,Price_Change,OBV",SMA_10
KOTAKBANK,2024-08-14,2024,1,Sideways,1,0.9954,BUY,1,1,0.7113,BUY,1,10,"SMA_10,EMA_12,RSI_14,Volume_MA,Rolling_Volatility,MACD,ATR_14,BB_Width,Price_Change,OBV",SMA_10
KOTAKBANK,2024-08-16,2024,1,Sideways,0,1.0,SELL,0,1,0.5582,BUY,1,10,"SMA_10,EMA_12,RSI_14,Volume_MA,Rolling_Volatility,MACD,ATR_14,BB_Width,Price_Change,OBV",SMA_10
KOTAKBANK,2024-08-19,2024,1,Sideways,0,0.9048,SELL,0,1,0.6536,BUY,1,10,"SMA_10,EMA_12,RSI_14,Volume_MA,Rolling_Volatility,MACD,ATR_14,BB_Width,Price_Change,OBV",SMA_10
KOTAKBANK,2024-08-20,2024,1,Sideways,0,1.0,SELL,0,1,0.5284,NO TRADE,1,10,"SMA_10,EMA_12,RSI_14,Volume_MA,Rolling_Volatility,MACD,ATR_14,BB_Width,Price_Change,OBV",SMA_10
KOTAKBANK,2024-08-21,2024,1,Sideways,0,1.0,SELL,0,1,0.5477,NO TRADE,1,10,"SMA_10,EMA_12,RSI_14,Volume_MA,Rolling_Volatility,MACD,ATR_14,BB_Width,Price_Change,OBV",SMA_10
KOTAKBANK,2024-08-22,2024,1,Sideways,0,1.0,SELL,0,1,0.5275,NO TRADE,1,10,"SMA_10,EMA_12,RSI_14,Volume_MA,Rolling_Volatility,MACD,ATR_14,BB_Width,Price_Change,OBV",SMA_10
KOTAKBANK,2024-08-23,2024,1,Sideways,0,0.9963,SELL,0,1,0.55,NO TRADE,1,10,"SMA_10,EMA_12,RSI_14,Volume_MA,Rolling_Volatility,MACD,ATR_14,BB_Width,Price_Change,OBV",SMA_10
KOTAKBANK,2024-08-26,2024,1,Sideways,0,0.9076,SELL,0,1,0.5389,NO TRADE,1,10,"SMA_10,EMA_12,RSI_14,Volume_MA,Rolling_Volatility,MACD,ATR_14,BB_Width,Price_Change,OBV",SMA_10
KOTAKBANK,2024-08-27,2024,1,Sideways,1,0.9975,BUY,1,1,0.5666,BUY,1,10,"SMA_10,EMA_12,RSI_14,Volume_MA,Rolling_Volatility,MACD,ATR_14,BB_Width,Price_Change,OBV",SMA_10
KOTAKBANK,2024-08-28,2024,1,Sideways,1,1.0,BUY,1,1,0.598,BUY,1,10,"SMA_10,EMA_12,RSI_14,Volume_MA,Rolling_Volatility,MACD,ATR_14,BB_Width,Price_Change,OBV",SMA_10
KOTAKBANK,2024-08-29,2024,1,Sideways,1,0.9955,BUY,1,1,0.6563,BUY,1,10,"SMA_10,EMA_12,RSI_14,Volume_MA,Rolling_Volatility,MACD,ATR_14,BB_Width,Price_Change,OBV",SMA_10
KOTAKBANK,2024-08-30,2024,1,Sideways,1,0.9888,BUY,1,1,0.5155,NO TRADE,1,10,"SMA_10,EMA_12,RSI_14,Volume_MA,Rolling_Volatility,MACD,ATR_14,BB_Width,Price_Change,OBV",SMA_10
KOTAKBANK,2024-09-02,2024,1,Sideways,0,1.0,SELL,0,1,0.5462,NO TRADE,1,10,"SMA_10,EMA_12,RSI_14,Volume_MA,Rolling_Volatility,MACD,ATR_14,BB_Width,Price_Change,OBV",SMA_10
KOTAKBANK,2024-09-03,2024,1,Sideways,1,1.0,BUY,1,0,0.5199,NO TRADE,0,10,"SMA_10,EMA_12,RSI_14,Volume_MA,Rolling_Volatility,MACD,ATR_14,BB_Width,Price_Change,OBV",SMA_10
KOTAKBANK,2024-09-04,2024,1,Sideways,1,1.0,BUY,1,1,0.5146,NO TRADE,1,10,"SMA_10,EMA_12,RSI_14,Volume_MA,Rolling_Volatility,MACD,ATR_14,BB_Width,Price_Change,OBV",SMA_10
KOTAKBANK,2024-09-05,2024,1,Sideways,1,1.0,BUY,1,1,0.5901,BUY,1,10,"SMA_10,EMA_12,RSI_14,Volume_MA,Rolling_Volatility,MACD,ATR_14,BB_Width,Price_Change,OBV",SMA_10
KOTAKBANK,2024-09-06,2024,1,Sideways,1,0.9956,BUY,1,1,0.6905,BUY,1,10,"SMA_10,EMA_12,RSI_14,Volume_MA,Rolling_Volatility,MACD,ATR_14,BB_Width,Price_Change,OBV",SMA_10
KOTAKBANK,2024-09-09,2024,1,Sideways,1,1.0,BUY,1,1,0.7064,BUY,1,10,"OBV,EMA_12,SMA_10,EMA_26,MACD,Rolling_Mean_Return,SMA_20,RSI_14,BB_Width,Volume_MA",OBV
KOTAKBANK,2024-09-10,2024,1,Sideways,1,1.0,BUY,1,1,0.6921,BUY,1,10,"OBV,EMA_12,SMA_10,EMA_26,MACD,Rolling_Mean_Return,SMA_20,RSI_14,BB_Width,Volume_MA",OBV
KOTAKBANK,2024-09-11,2024,1,Sideways,1,1.0,BUY,1,1,0.7218,BUY,1,10,"OBV,EMA_12,SMA_10,EMA_26,MACD,Rolling_Mean_Return,SMA_20,RSI_14,BB_Width,Volume_MA",OBV
KOTAKBANK,2024-09-12,2024,1,Sideways,0,1.0,SELL,0,1,0.6715,BUY,1,10,"OBV,EMA_12,SMA_10,EMA_26,MACD,Rolling_Mean_Return,SMA_20,RSI_14,BB_Width,Volume_MA",OBV
KOTAKBANK,2024-09-13,2024,1,Sideways,1,0.9995,BUY,1,1,0.678,BUY,1,10,"OBV,EMA_12,SMA_10,EMA_26,MACD,Rolling_Mean_Return,SMA_20,RSI_14,BB_Width,Volume_MA",OBV
KOTAKBANK,2024-09-16,2024,1,Sideways,1,0.985,BUY,1,1,0.667,BUY,1,10,"OBV,EMA_12,SMA_10,EMA_26,MACD,Rolling_Mean_Return,SMA_20,RSI_14,BB_Width,Volume_MA",OBV
KOTAKBANK,2024-09-17,2024,1,Sideways,0,1.0,SELL,0,1,0.657,BUY,1,10,"OBV,EMA_12,SMA_10,EMA_26,MACD,Rolling_Mean_Return,SMA_20,RSI_14,BB_Width,Volume_MA",OBV
KOTAKBANK,2024-09-18,2024,1,Sideways,0,1.0,SELL,0,1,0.6629,BUY,1,10,"OBV,EMA_12,SMA_10,EMA_26,MACD,Rolling_Mean_Return,SMA_20,RSI_14,BB_Width,Volume_MA",OBV
KOTAKBANK,2024-09-19,2024,0,Sideways,0,1.0,SELL,1,1,0.7157,BUY,0,10,"OBV,EMA_12,SMA_10,EMA_26,MACD,Rolling_Mean_Return,SMA_20,RSI_14,BB_Width,Volume_MA",OBV
KOTAKBANK,2024-09-20,2024,0,Sideways,1,1.0,BUY,0,1,0.7444,BUY,0,10,"OBV,EMA_12,SMA_10,EMA_26,MACD,Rolling_Mean_Return,SMA_20,RSI_14,BB_Width,Volume_MA",OBV
KOTAKBANK,2024-09-23,2024,0,Sideways,0,1.0,SELL,1,1,0.8297,BUY,0,10,"OBV,EMA_12,SMA_10,EMA_26,MACD,Rolling_Mean_Return,SMA_20,RSI_14,BB_Width,Volume_MA",OBV
KOTAKBANK,2024-09-24,2024,0,Sideways,0,1.0,SELL,1,1,0.8302,BUY,0,10,"OBV,EMA_12,SMA_10,EMA_26,MACD,Rolling_Mean_Return,SMA_20,RSI_14,BB_Width,Volume_MA",OBV
KOTAKBANK,2024-09-25,2024,0,Sideways,0,1.0,SELL,1,1,0.8412,BUY,0,10,"OBV,EMA_12,SMA_10,EMA_26,MACD,Rolling_Mean_Return,SMA_20,RSI_14,BB_Width,Volume_MA",OBV
KOTAKBANK,2024-09-26,2024,0,Sideways,0,1.0,SELL,1,1,0.8381,BUY,0,10,"OBV,EMA_12,SMA_10,EMA_26,MACD,Rolling_Mean_Return,SMA_20,RSI_14,BB_Width,Volume_MA",OBV
KOTAKBANK,2024-09-27,2024,0,Sideways,0,1.0,SELL,1,1,0.8292,BUY,0,10,"OBV,EMA_12,SMA_10,EMA_26,MACD,Rolling_Mean_Return,SMA_20,RSI_14,BB_Width,Volume_MA",OBV
KOTAKBANK,2024-09-30,2024,0,Sideways,0,1.0,SELL,1,1,0.8125,BUY,0,10,"OBV,EMA_12,SMA_10,EMA_26,MACD,Rolling_Mean_Return,SMA_20,RSI_14,BB_Width,Volume_MA",OBV
KOTAKBANK,2024-10-01,2024,0,Sideways,0,1.0,SELL,1,1,0.7413,BUY,0,10,"OBV,EMA_12,SMA_10,EMA_26,MACD,Rolling_Mean_Return,SMA_20,RSI_14,BB_Width,Volume_MA",OBV
KOTAKBANK,2024-10-03,2024,0,Sideways,0,1.0,SELL,1,1,0.7947,BUY,0,10,"OBV,EMA_12,SMA_10,EMA_26,MACD,Rolling_Mean_Return,SMA_20,RSI_14,BB_Width,Volume_MA",OBV
KOTAKBANK,2024-10-04,2024,0,Sideways,0,1.0,SELL,1,1,0.8382,BUY,0,10,"OBV,EMA_12,SMA_10,EMA_26,MACD,Rolling_Mean_Return,SMA_20,RSI_14,BB_Width,Volume_MA",OBV
KOTAKBANK,2024-10-07,2024,0,Sideways,0,1.0,SELL,1,1,0.9024,BUY,0,10,"OBV,EMA_12,SMA_10,EMA_26,MACD,Rolling_Mean_Return,SMA_20,RSI_14,BB_Width,Volume_MA",OBV
KOTAKBANK,2024-10-08,2024,0,Sideways,0,1.0,SELL,1,1,0.8905,BUY,0,10,"OBV,EMA_12,SMA_10,EMA_26,MACD,Rolling_Mean_Return,SMA_20,RSI_14,BB_Width,Volume_MA",OBV
KOTAKBANK,2024-10-09,2024,0,Sideways,0,1.0,SELL,1,1,0.858,BUY,0,10,"OBV,EMA_12,SMA_10,EMA_26,MACD,Rolling_Mean_Return,SMA_20,RSI_14,BB_Width,Volume_MA",OBV
KOTAKBANK,2024-10-10,2024,0,Sideways,0,1.0,SELL,1,1,0.5793,BUY,0,10,"OBV,EMA_12,SMA_10,EMA_26,MACD,Rolling_Mean_Return,SMA_20,RSI_14,BB_Width,Volume_MA",OBV
KOTAKBANK,2024-10-11,2024,0,Sideways,0,1.0,SELL,1,1,0.5496,NO TRADE,0,10,"OBV,EMA_12,SMA_10,EMA_26,MACD,Rolling_Mean_Return,SMA_20,RSI_14,BB_Width,Volume_MA",OBV
KOTAKBANK,2024-10-14,2024,0,Sideways,0,1.0,SELL,1,0,0.5387,NO TRADE,1,10,"OBV,EMA_12,SMA_10,EMA_26,MACD,Rolling_Mean_Return,SMA_20,RSI_14,BB_Width,Volume_MA",OBV
KOTAKBANK,2024-10-15,2024,0,Sideways,0,1.0,SELL,1,0,0.5407,NO TRADE,1,10,"OBV,EMA_12,SMA_10,EMA_26,MACD,Rolling_Mean_Return,SMA_20,RSI_14,BB_Width,Volume_MA",OBV
KOTAKBANK,2024-10-16,2024,0,Sideways,0,1.0,SELL,1,1,0.5088,NO TRADE,0,10,"OBV,EMA_12,SMA_10,EMA_26,MACD,Rolling_Mean_Return,SMA_20,RSI_14,BB_Width,Volume_MA",OBV
KOTAKBANK,2024-10-17,2024,0,Sideways,0,1.0,SELL,1,0,0.5217,NO TRADE,1,10,"OBV,EMA_12,SMA_10,EMA_26,MACD,Rolling_Mean_Return,SMA_20,RSI_14,BB_Width,Volume_MA",OBV
KOTAKBANK,2024-10-18,2024,0,Sideways,0,1.0,SELL,1,0,0.5638,SELL,1,10,"OBV,EMA_12,SMA_10,EMA_26,MACD,Rolling_Mean_Return,SMA_20,RSI_14,BB_Width,Volume_MA",OBV
KOTAKBANK,2024-10-21,2024,0,Sideways,1,0.9957,BUY,0,1,0.6631,BUY,0,10,"OBV,EMA_12,SMA_10,EMA_26,MACD,Rolling_Mean_Return,SMA_20,RSI_14,BB_Width,Volume_MA",OBV
KOTAKBANK,2024-10-22,2024,0,Sideways,0,1.0,SELL,1,1,0.8822,BUY,0,10,"MACD_Hist,EMA_12,SMA_50,OBV,EMA_26,SMA_20,SMA_10,Rolling_Median_Return,Williams_R,BB_Width",MACD_Hist
KOTAKBANK,2024-10-23,2024,0,Sideways,0,1.0,SELL,1,1,0.8261,BUY,0,10,"MACD_Hist,EMA_12,SMA_50,OBV,EMA_26,SMA_20,SMA_10,Rolling_Median_Return,Williams_R,BB_Width",MACD_Hist
KOTAKBANK,2024-10-24,2024,1,Sideways,0,1.0,SELL,0,1,0.9184,BUY,1,10,"MACD_Hist,EMA_12,SMA_50,OBV,EMA_26,SMA_20,SMA_10,Rolling_Median_Return,Williams_R,BB_Width",MACD_Hist
KOTAKBANK,2024-10-25,2024,1,Sideways,1,1.0,BUY,1,1,0.9243,BUY,1,10,"MACD_Hist,EMA_12,SMA_50,OBV,EMA_26,SMA_20,SMA_10,Rolling_Median_Return,Williams_R,BB_Width",MACD_Hist
KOTAKBANK,2024-10-28,2024,1,Sideways,1,1.0,BUY,1,1,0.9826,BUY,1,10,"MACD_Hist,EMA_12,SMA_50,OBV,EMA_26,SMA_20,SMA_10,Rolling_Median_Return,Williams_R,BB_Width",MACD_Hist
KOTAKBANK,2024-10-29,2024,0,Sideways,1,1.0,BUY,0,1,0.9691,BUY,0,10,"MACD_Hist,EMA_12,SMA_50,OBV,EMA_26,SMA_20,SMA_10,Rolling_Median_Return,Williams_R,BB_Width",MACD_Hist
KOTAKBANK,2024-10-30,2024,1,Sideways,1,0.9643,BUY,1,1,0.9831,BUY,1,10,"MACD_Hist,EMA_12,SMA_50,OBV,EMA_26,SMA_20,SMA_10,Rolling_Median_Return,Williams_R,BB_Width",MACD_Hist
KOTAKBANK,2024-10-31,2024,1,Sideways,1,1.0,BUY,1,1,0.9866,BUY,1,10,"MACD_Hist,EMA_12,SMA_50,OBV,EMA_26,SMA_20,SMA_10,Rolling_Median_Return,Williams_R,BB_Width",MACD_Hist
KOTAKBANK,2024-11-01,2024,1,Sideways,1,1.0,BUY,1,1,0.9899,BUY,1,10,"MACD_Hist,EMA_12,SMA_50,OBV,EMA_26,SMA_20,SMA_10,Rolling_Median_Return,Williams_R,BB_Width",MACD_Hist
KOTAKBANK,2024-11-04,2024,1,Sideways,1,1.0,BUY,1,1,0.9958,BUY,1,10,"MACD_Hist,EMA_12,SMA_50,OBV,EMA_26,SMA_20,SMA_10,Rolling_Median_Return,Williams_R,BB_Width",MACD_Hist
KOTAKBANK,2024-11-05,2024,1,Sideways,1,1.0,BUY,1,1,0.99,BUY,1,10,"MACD_Hist,EMA_12,SMA_50,OBV,EMA_26,SMA_20,SMA_10,Rolling_Median_Return,Williams_R,BB_Width",MACD_Hist
KOTAKBANK,2024-11-06,2024,1,Sideways,1,1.0,BUY,1,1,0.9908,BUY,1,10,"MACD_Hist,EMA_12,SMA_50,OBV,EMA_26,SMA_20,SMA_10,Rolling_Median_Return,Williams_R,BB_Width",MACD_Hist
KOTAKBANK,2024-11-07,2024,1,Sideways,1,1.0,BUY,1,1,0.9912,BUY,1,10,"MACD_Hist,EMA_12,SMA_50,OBV,EMA_26,SMA_20,SMA_10,Rolling_Median_Return,Williams_R,BB_Width",MACD_Hist
KOTAKBANK,2024-11-08,2024,1,Sideways,1,1.0,BUY,1,1,0.9857,BUY,1,10,"MACD_Hist,EMA_12,SMA_50,OBV,EMA_26,SMA_20,SMA_10,Rolling_Median_Return,Williams_R,BB_Width",MACD_Hist
KOTAKBANK,2024-11-11,2024,1,Sideways,1,1.0,BUY,1,1,0.9644,BUY,1,10,"MACD_Hist,EMA_12,SMA_50,OBV,EMA_26,SMA_20,SMA_10,Rolling_Median_Return,Williams_R,BB_Width",MACD_Hist
KOTAKBANK,2024-11-12,2024,1,Sideways,1,1.0,BUY,1,1,0.9746,BUY,1,10,"MACD_Hist,EMA_12,SMA_50,OBV,EMA_26,SMA_20,SMA_10,Rolling_Median_Return,Williams_R,BB_Width",MACD_Hist
KOTAKBANK,2024-11-13,2024,1,Sideways,1,1.0,BUY,1,1,0.9764,BUY,1,10,"MACD_Hist,EMA_12,SMA_50,OBV,EMA_26,SMA_20,SMA_10,Rolling_Median_Return,Williams_R,BB_Width",MACD_Hist
KOTAKBANK,2024-11-14,2024,1,Sideways,1,1.0,BUY,1,1,0.9428,BUY,1,10,"MACD_Hist,EMA_12,SMA_50,OBV,EMA_26,SMA_20,SMA_10,Rolling_Median_Return,Williams_R,BB_Width",MACD_Hist
KOTAKBANK,2024-11-18,2024,1,Sideways,1,1.0,BUY,1,1,0.9164,BUY,1,10,"MACD_Hist,EMA_12,SMA_50,OBV,EMA_26,SMA_20,SMA_10,Rolling_Median_Return,Williams_R,BB_Width",MACD_Hist
KOTAKBANK,2024-11-19,2024,1,Sideways,1,1.0,BUY,1,1,0.9023,BUY,1,10,"MACD_Hist,EMA_12,SMA_50,OBV,EMA_26,SMA_20,SMA_10,Rolling_Median_Return,Williams_R,BB_Width",MACD_Hist
KOTAKBANK,2024-11-21,2024,1,Sideways,1,1.0,BUY,1,1,0.8911,BUY,1,10,"MACD_Hist,EMA_12,SMA_50,OBV,EMA_26,SMA_20,SMA_10,Rolling_Median_Return,Williams_R,BB_Width",MACD_Hist
KOTAKBANK,2024-11-22,2024,0,Sideways,1,1.0,BUY,0,1,0.8655,BUY,0,10,"MACD_Hist,EMA_12,SMA_50,OBV,EMA_26,SMA_20,SMA_10,Rolling_Median_Return,Williams_R,BB_Width",MACD_Hist
KOTAKBANK,2024-11-25,2024,0,Sideways,0,1.0,SELL,1,1,0.7819,BUY,0,10,"MACD_Hist,EMA_12,SMA_50,OBV,EMA_26,SMA_20,SMA_10,Rolling_Median_Return,Williams_R,BB_Width",MACD_Hist
KOTAKBANK,2024-11-26,2024,0,Sideways,0,1.0,SELL,1,1,0.7302,BUY,0,10,"MACD_Hist,EMA_12,SMA_50,OBV,EMA_26,SMA_20,SMA_10,Rolling_Median_Return,Williams_R,BB_Width",MACD_Hist
KOTAKBANK,2024-11-27,2024,0,Sideways,0,1.0,SELL,1,1,0.6836,BUY,0,10,"MACD_Hist,EMA_12,SMA_50,OBV,EMA_26,SMA_20,SMA_10,Rolling_Median_Return,Williams_R,BB_Width",MACD_Hist
KOTAKBANK,2024-11-28,2024,1,Sideways,0,1.0,SELL,0,1,0.695,BUY,1,10,"MACD_Hist,EMA_12,SMA_50,OBV,EMA_26,SMA_20,SMA_10,Rolling_Median_Return,Williams_R,BB_Width",MACD_Hist
KOTAKBANK,2024-11-29,2024,0,Sideways,0,0.9991,SELL,1,1,0.6644,BUY,0,10,"MACD_Hist,EMA_12,SMA_50,OBV,EMA_26,SMA_20,SMA_10,Rolling_Median_Return,Williams_R,BB_Width",MACD_Hist
KOTAKBANK,2024-12-02,2024,1,Sideways,0,0.6923,SELL,0,1,0.6677,BUY,1,10,"MACD_Hist,EMA_12,SMA_50,OBV,EMA_26,SMA_20,SMA_10,Rolling_Median_Return,Williams_R,BB_Width",MACD_Hist
