stock,predict_date,year,actual_target,market_regime,static_pred,static_confidence,static_signal,static_correct,dynamic_pred,dynamic_confidence,dynamic_signal,dynamic_correct,n_dynamic_features,dynamic_features,top_mi_feature
ICICIBANK,2022-01-03,2022,1,Sideways,1,0.9268,BUY,1,1,1.0,BUY,1,10,"EMA_12,SMA_10,ATR_14,EMA_26,OBV,Rolling_Volatility,SMA_20,Rolling_Std_10,CCI,MACD_Signal",EMA_12
ICICIBANK,2022-01-04,2022,1,Sideways,1,0.7372,BUY,1,1,1.0,BUY,1,10,"Rolling_Volatility,MACD_Hist,Rolling_Std_10,ATR_14,OBV,RSI_14,SMA_20,BB_Width,ROC,EMA_12",Rolling_Volatility
ICICIBANK,2022-01-05,2022,1,Sideways,0,0.9443,SELL,0,1,1.0,BUY,1,10,"Rolling_Volatility,MACD_Hist,Rolling_Std_10,ATR_14,OBV,RSI_14,SMA_20,BB_Width,ROC,EMA_12",Rolling_Volatility
ICICIBANK,2022-01-06,2022,1,Sideways,0,0.9217,SELL,0,1,1.0,BUY,1,10,"Rolling_Volatility,MACD_Hist,Rolling_Std_10,ATR_14,OBV,RSI_14,SMA_20,BB_Width,ROC,EMA_12",Rolling_Volatility
ICICIBANK,2022-01-07,2022,0,Sideways,0,0.9812,SELL,1,0,1.0,SELL,1,10,"Rolling_Volatility,MACD_Hist,Rolling_Std_10,ATR_14,OBV,RSI_14,SMA_20,BB_Width,ROC,EMA_12",Rolling_Volatility
ICICIBANK,2022-01-10,2022,0,Sideways,0,0.998,SELL,1,0,1.0,SELL,1,10,"Rolling_Volatility,MACD_Hist,Rolling_Std_10,ATR_14,OBV,RSI_14,SMA_20,BB_Width,ROC,EMA_12",Rolling_Volatility
ICICIBANK,2022-01-11,2022,0,Sideways,0,0.999,SELL,1,0,1.0,SELL,1,10,"Rolling_Volatility,MACD_Hist,Rolling_Std_10,ATR_14,OBV,RSI_14,SMA_20,BB_Width,ROC,EMA_12",Rolling_Volatility
ICICIBANK,2022-01-12,2022,0,Sideways,0,0.9999,SELL,1,0,1.0,SELL,1,10,"Rolling_Volatility,MACD_Hist,Rolling_Std_10,ATR_14,OBV,RSI_14,SMA_20,BB_Width,ROC,EMA_12",Rolling_Volatility
ICICIBANK,2022-01-13,2022,0,Sideways,0,0.9999,SELL,1,0,1.0,SELL,1,10,"Rolling_Volatility,MACD_Hist,Rolling_Std_10,ATR_14,OBV,RSI_14,SMA_20,BB_Width,ROC,EMA_12",Rolling_Volatility
ICICIBANK,2022-01-14,2022,0,Sideways,0,0.9999,SELL,1,0,1.0,SELL,1,10,"Rolling_Volatility,MACD_Hist,Rolling_Std_10,ATR_14,OBV,RSI_14,SMA_20,BB_Width,ROC,EMA_12",Rolling_Volatility
ICICIBANK,2022-01-17,2022,0,Sideways,0,0.9996,SELL,1,0,1.0,SELL,1,10,"Rolling_Volatility,MACD_Hist,Rolling_Std_10,ATR_14,OBV,RSI_14,SMA_20,BB_Width,ROC,EMA_12",Rolling_Volatility
ICICIBANK,2022-01-18,2022,0,Sideways,0,0.9996,SELL,1,0,1.0,SELL,1,10,"Rolling_Volatility,MACD_Hist,Rolling_Std_10,ATR_14,OBV,RSI_14,SMA_20,BB_Width,ROC,EMA_12",Rolling_Volatility
ICICIBANK,2022-01-19,2022,0,Sideways,0,0.9973,SELL,1,0,1.0,SELL,1,10,"Rolling_Volatility,MACD_Hist,Rolling_Std_10,ATR_14,OBV,RSI_14,SMA_20,BB_Width,ROC,EMA_12",Rolling_Volatility
ICICIBANK,2022-01-20,2022,0,Sideways,0,0.9949,SELL,1,0,1.0,SELL,1,10,"Rolling_Volatility,MACD_Hist,Rolling_Std_10,ATR_14,OBV,RSI_14,SMA_20,BB_Width,ROC,EMA_12",Rolling_Volatility
ICICIBANK,2022-01-21,2022,0,Sideways,0,0.9702,SELL,1,0,1.0,SELL,1,10,"Rolling_Volatility,MACD_Hist,Rolling_Std_10,ATR_14,OBV,RSI_14,SMA_20,BB_Width,ROC,EMA_12",Rolling_Volatility
ICICIBANK,2022-01-24,2022,0,Sideways,0,0.9933,SELL,1,0,1.0,SELL,1,10,"Rolling_Volatility,MACD_Hist,Rolling_Std_10,ATR_14,OBV,RSI_14,SMA_20,BB_Width,ROC,EMA_12",Rolling_Volatility
ICICIBANK,2022-01-25,2022,0,Sideways,0,0.824,SELL,1,0,1.0,SELL,1,10,"Rolling_Volatility,MACD_Hist,Rolling_Std_10,ATR_14,OBV,RSI_14,SMA_20,BB_Width,ROC,EMA_12",Rolling_Volatility
ICICIBANK,2022-01-27,2022,0,Sideways,0,0.7432,SELL,1,0,1.0,SELL,1,10,"Rolling_Volatility,MACD_Hist,Rolling_Std_10,ATR_14,OBV,RSI_14,SMA_20,BB_Width,ROC,EMA_12",Rolling_Volatility
ICICIBANK,2022-01-28,2022,0,Sideways,1,0.8357,BUY,0,0,1.0,SELL,1,10,"Rolling_Volatility,MACD_Hist,Rolling_Std_10,ATR_14,OBV,RSI_14,SMA_20,BB_Width,ROC,EMA_12",Rolling_Volatility
ICICIBANK,2022-01-31,2022,0,Sideways,0,0.5943,SELL,1,0,1.0,SELL,1,10,"Rolling_Volatility,MACD_Hist,Rolling_Std_10,ATR_14,OBV,RSI_14,SMA_20,BB_Width,ROC,EMA_12",Rolling_Volatility
ICICIBANK,2022-02-01,2022,0,Sideways,0,0.8675,SELL,1,0,1.0,SELL,1,10,"Rolling_Volatility,MACD_Hist,Rolling_Std_10,ATR_14,OBV,RSI_14,SMA_20,BB_Width,ROC,EMA_12",Rolling_Volatility
ICICIBANK,2022-02-02,2022,0,Sideways,0,0.7881,SELL,1,0,1.0,SELL,1,10,"Rolling_Volatility,MACD_Hist,Rolling_Std_10,ATR_14,OBV,RSI_14,SMA_20,BB_Width,ROC,EMA_12",Rolling_Volatility
ICICIBANK,2022-02-03,2022,0,Sideways,0,0.6865,SELL,1,0,1.0,SELL,1,10,"Rolling_Volatility,MACD_Hist,Rolling_Std_10,ATR_14,OBV,RSI_14,SMA_20,BB_Width,ROC,EMA_12",Rolling_Volatility
ICICIBANK,2022-02-04,2022,0,Sideways,1,0.5091,NO TRADE,0,0,1.0,SELL,1,10,"Rolling_Volatility,MACD_Hist,Rolling_Std_10,ATR_14,OBV,RSI_14,SMA_20,BB_Width,ROC,EMA_12",Rolling_Volatility
ICICIBANK,2022-02-07,2022,0,Sideways,1,0.8233,BUY,0,0,1.0,SELL,1,10,"Rolling_Volatility,MACD_Hist,Rolling_Std_10,ATR_14,OBV,RSI_14,SMA_20,BB_Width,ROC,EMA_12",Rolling_Volatility
ICICIBANK,2022-02-08,2022,0,Sideways,1,0.7592,BUY,0,0,1.0,SELL,1,10,"Rolling_Volatility,MACD_Hist,Rolling_Std_10,ATR_14,OBV,RSI_14,SMA_20,BB_Width,ROC,EMA_12",Rolling_Volatility
ICICIBANK,2022-02-09,2022,0,Sideways,1,0.7842,BUY,0,0,1.0,SELL,1,10,"Rolling_Volatility,MACD_Hist,Rolling_Std_10,ATR_14,OBV,RSI_14,SMA_20,BB_Width,ROC,EMA_12",Rolling_Volatility
ICICIBANK,2022-02-10,2022,0,Sideways,1,0.7781,BUY,0,0,1.0,SELL,1,10,"Rolling_Volatility,MACD_Hist,Rolling_Std_10,ATR_14,OBV,RSI_14,SMA_20,BB_Width,ROC,EMA_12",Rolling_Volatility
ICICIBANK,2022-02-11,2022,0,Sideways,1,0.8438,BUY,0,0,1.0,SELL,1,10,"Rolling_Volatility,MACD_Hist,Rolling_Std_10,ATR_14,OBV,RSI_14,SMA_20,BB_Width,ROC,EMA_12",Rolling_Volatility
ICICIBANK,2022-02-14,2022,0,Sideways,1,0.8692,BUY,0,0,1.0,SELL,1,10,"Rolling_Volatility,MACD_Hist,Rolling_Std_10,ATR_14,OBV,RSI_14,SMA_20,BB_Width,ROC,EMA_12",Rolling_Volatility
ICICIBANK,2022-02-15,2022,0,Sideways,1,0.6829,BUY,0,0,1.0,SELL,1,10,"Rolling_Volatility,MACD_Hist,Rolling_Std_10,ATR_14,OBV,RSI_14,SMA_20,BB_Width,ROC,EMA_12",Rolling_Volatility
ICICIBANK,2022-02-16,2022,0,Sideways,1,0.596,BUY,0,1,0.972,BUY,0,10,"MACD_Hist,ATR_14,SMA_10,MACD,Rolling_Std_10,BB_Width,Stochastic,MACD_Signal,SMA_20,OBV",MACD_Hist
ICICIBANK,2022-02-17,2022,0,Sideways,1,0.6913,BUY,0,1,0.9282,BUY,0,10,"MACD_Hist,ATR_14,SMA_10,MACD,Rolling_Std_10,BB_Width,Stochastic,MACD_Signal,SMA_20,OBV",MACD_Hist
ICICIBANK,2022-02-18,2022,0,Sideways,1,0.5364,NO TRADE,0,1,0.9131,BUY,0,10,"MACD_Hist,ATR_14,SMA_10,MACD,Rolling_Std_10,BB_Width,Stochastic,MACD_Signal,SMA_20,OBV",MACD_Hist
ICICIBANK,2022-02-21,2022,0,Sideways,1,0.5681,BUY,0,1,0.8281,BUY,0,10,"MACD_Hist,ATR_14,SMA_10,MACD,Rolling_Std_10,BB_Width,Stochastic,MACD_Signal,SMA_20,OBV",MACD_Hist
ICICIBANK,2022-02-22,2022,0,Sideways,1,0.6533,BUY,0,1,0.7422,BUY,0,10,"MACD_Hist,ATR_14,SMA_10,MACD,Rolling_Std_10,BB_Width,Stochastic,MACD_Signal,SMA_20,OBV",MACD_Hist
ICICIBANK,2022-02-23,2022,0,Sideways,1,0.6589,BUY,0,1,0.6785,BUY,0,10,"MACD_Hist,ATR_14,SMA_10,MACD,Rolling_Std_10,BB_Width,Stochastic,MACD_Signal,SMA_20,OBV",MACD_Hist
ICICIBANK,2022-02-24,2022,1,Sideways,0,0.8673,SELL,0,1,0.5789,BUY,1,10,"MACD_Hist,ATR_14,SMA_10,MACD,Rolling_Std_10,BB_Width,Stochastic,MACD_Signal,SMA_20,OBV",MACD_Hist
ICICIBANK,2022-02-25,2022,0,Sideways,1,0.7921,BUY,0,1,0.9177,BUY,0,10,"MACD_Hist,ATR_14,SMA_10,MACD,Rolling_Std_10,BB_Width,Stochastic,MACD_Signal,SMA_20,OBV",MACD_Hist
ICICIBANK,2022-02-28,2022,0,Sideways,1,0.8327,BUY,0,1,0.6131,BUY,0,10,"MACD_Hist,ATR_14,SMA_10,MACD,Rolling_Std_10,BB_Width,Stochastic,MACD_Signal,SMA_20,OBV",MACD_Hist
ICICIBANK,2022-03-02,2022,1,Sideways,1,0.6365,BUY,1,0,0.7239,SELL,0,10,"MACD_Hist,ATR_14,SMA_10,MACD,Rolling_Std_10,BB_Width,Stochastic,MACD_Signal,SMA_20,OBV",MACD_Hist
ICICIBANK,2022-03-03,2022,1,Sideways,1,0.8947,BUY,1,0,0.7152,SELL,0,10,"MACD_Hist,ATR_14,SMA_10,MACD,Rolling_Std_10,BB_Width,Stochastic,MACD_Signal,SMA_20,OBV",MACD_Hist
ICICIBANK,2022-03-04,2022,1,Sideways,1,0.6129,BUY,1,0,0.6401,SELL,0,10,"MACD_Hist,ATR_14,SMA_10,MACD,Rolling_Std_10,BB_Width,Stochastic,MACD_Signal,SMA_20,OBV",MACD_Hist
ICICIBANK,2022-03-07,2022,1,Sideways,1,0.6136,BUY,1,0,0.6185,SELL,0,10,"MACD_Hist,ATR_14,SMA_10,MACD,Rolling_Std_10,BB_Width,Stochastic,MACD_Signal,SMA_20,OBV",MACD_Hist
ICICIBANK,2022-03-08,2022,1,Sideways,0,1.0,SELL,0,1,0.7919,BUY,1,10,"MACD_Hist,ATR_14,SMA_10,MACD,Rolling_Std_10,BB_Width,Stochastic,MACD_Signal,SMA_20,OBV",MACD_Hist
ICICIBANK,2022-03-09,2022,1,Sideways,1,0.9624,BUY,1,1,0.9717,BUY,1,10,"MACD_Hist,ATR_14,SMA_10,MACD,Rolling_Std_10,BB_Width,Stochastic,MACD_Signal,SMA_20,OBV",MACD_Hist
ICICIBANK,2022-03-10,2022,1,Sideways,1,0.998,BUY,1,1,0.9944,BUY,1,10,"MACD_Hist,ATR_14,SMA_10,MACD,Rolling_Std_10,BB_Width,Stochastic,MACD_Signal,SMA_20,OBV",MACD_Hist
ICICIBANK,2022-03-11,2022,1,Sideways,1,0.9997,BUY,1,1,0.995,BUY,1,10,"MACD_Hist,ATR_14,SMA_10,MACD,Rolling_Std_10,BB_Width,Stochastic,MACD_Signal,SMA_20,OBV",MACD_Hist
ICICIBANK,2022-03-14,2022,1,Sideways,1,0.9999,BUY,1,1,0.9976,BUY,1,10,"MACD_Hist,ATR_14,SMA_10,MACD,Rolling_Std_10,BB_Width,Stochastic,MACD_Signal,SMA_20,OBV",MACD_Hist
ICICIBANK,2022-03-15,2022,1,Sideways,1,0.9998,BUY,1,1,0.9984,BUY,1,10,"MACD_Hist,ATR_14,SMA_10,MACD,Rolling_Std_10,BB_Width,Stochastic,MACD_Signal,SMA_20,OBV",MACD_Hist
ICICIBANK,2022-03-16,2022,1,Sideways,1,0.9996,BUY,1,1,0.9977,BUY,1,10,"MACD_Hist,ATR_14,SMA_10,MACD,Rolling_Std_10,BB_Width,Stochastic,MACD_Signal,SMA_20,OBV",MACD_Hist
ICICIBANK,2022-03-17,2022,1,Sideways,1,0.9988,BUY,1,1,0.9964,BUY,1,10,"MACD_Hist,ATR_14,SMA_10,MACD,Rolling_Std_10,BB_Width,Stochastic,MACD_Signal,SMA_20,OBV",MACD_Hist
ICICIBANK,2022-03-21,2022,1,Sideways,1,0.998,BUY,1,1,0.9954,BUY,1,10,"MACD_Hist,ATR_14,SMA_10,MACD,Rolling_Std_10,BB_Width,Stochastic,MACD_Signal,SMA_20,OBV",MACD_Hist
ICICIBANK,2022-03-22,2022,1,Sideways,1,0.9885,BUY,1,1,0.9625,BUY,1,10,"MACD_Hist,ATR_14,SMA_10,MACD,Rolling_Std_10,BB_Width,Stochastic,MACD_Signal,SMA_20,OBV",MACD_Hist
ICICIBANK,2022-03-23,2022,1,Sideways,1,0.9632,BUY,1,1,0.9491,BUY,1,10,"MACD_Hist,ATR_14,SMA_10,MACD,Rolling_Std_10,BB_Width,Stochastic,MACD_Signal,SMA_20,OBV",MACD_Hist
ICICIBANK,2022-03-24,2022,1,Sideways,1,0.9889,BUY,1,1,0.9539,BUY,1,10,"MACD_Hist,ATR_14,SMA_10,MACD,Rolling_Std_10,BB_Width,Stochastic,MACD_Signal,SMA_20,OBV",MACD_Hist
ICICIBANK,2022-03-25,2022,1,Sideways,1,0.9911,BUY,1,1,0.9595,BUY,1,10,"MACD_Hist,ATR_14,SMA_10,MACD,Rolling_Std_10,BB_Width,Stochastic,MACD_Signal,SMA_20,OBV",MACD_Hist
ICICIBANK,2022-03-28,2022,1,Sideways,1,0.9777,BUY,1,1,0.9593,BUY,1,10,"MACD_Hist,ATR_14,SMA_10,MACD,Rolling_Std_10,BB_Width,Stochastic,MACD_Signal,SMA_20,OBV",MACD_Hist
ICICIBANK,2022-03-29,2022,1,Sideways,1,0.9698,BUY,1,1,0.9404,BUY,1,10,"MACD_Hist,ATR_14,SMA_10,MACD,Rolling_Std_10,BB_Width,Stochastic,MACD_Signal,SMA_20,OBV",MACD_Hist
ICICIBANK,2022-03-30,2022,1,Sideways,1,0.9434,BUY,1,1,0.9113,BUY,1,10,"MACD_Hist,ATR_14,SMA_10,MACD,Rolling_Std_10,BB_Width,Stochastic,MACD_Signal,SMA_20,OBV",MACD_Hist
ICICIBANK,2022-03-31,2022,1,Sideways,1,0.9131,BUY,1,1,0.8904,BUY,1,10,"MACD_Hist,ATR_14,SMA_10,MACD,Rolling_Std_10,BB_Width,Stochastic,MACD_Signal,SMA_20,OBV",MACD_Hist
ICICIBANK,2022-04-01,2022,0,Sideways,1,0.8265,BUY,0,0,0.6663,SELL,1,10,"SMA_10,EMA_12,MACD,Rolling_Median_Return,BB_Width,SMA_50,SMA_20,Volume_MA,ATR_14,Rolling_Volatility",SMA_10
ICICIBANK,2022-04-04,2022,0,Sideways,1,0.5606,BUY,0,1,0.6845,BUY,0,10,"SMA_10,EMA_12,MACD,Rolling_Median_Return,BB_Width,SMA_50,SMA_20,Volume_MA,ATR_14,Rolling_Volatility",SMA_10
ICICIBANK,2022-04-05,2022,0,Sideways,0,0.5145,NO TRADE,1,0,0.9273,SELL,1,10,"SMA_10,EMA_12,MACD,Rolling_Median_Return,BB_Width,SMA_50,SMA_20,Volume_MA,ATR_14,Rolling_Volatility",SMA_10
ICICIBANK,2022-04-06,2022,0,Sideways,0,0.5513,SELL,1,0,0.9506,SELL,1,10,"SMA_10,EMA_12,MACD,Rolling_Median_Return,BB_Width,SMA_50,SMA_20,Volume_MA,ATR_14,Rolling_Volatility",SMA_10
ICICIBANK,2022-04-07,2022,0,Sideways,0,0.7533,SELL,1,0,0.9848,SELL,1,10,"SMA_10,EMA_12,MACD,Rolling_Median_Return,BB_Width,SMA_50,SMA_20,Volume_MA,ATR_14,Rolling_Volatility",SMA_10
ICICIBANK,2022-04-08,2022,0,Sideways,0,0.9004,SELL,1,0,0.9961,SELL,1,10,"SMA_10,EMA_12,MACD,Rolling_Median_Return,BB_Width,SMA_50,SMA_20,Volume_MA,ATR_14,Rolling_Volatility",SMA_10
ICICIBANK,2022-04-11,2022,0,Sideways,0,0.949,SELL,1,0,0.9976,SELL,1,10,"SMA_10,EMA_12,MACD,Rolling_Median_Return,BB_Width,SMA_50,SMA_20,Volume_MA,ATR_14,Rolling_Volatility",SMA_10
ICICIBANK,2022-04-12,2022,0,Sideways,0,0.9724,SELL,1,0,0.9984,SELL,1,10,"SMA_10,EMA_12,MACD,Rolling_Median_Return,BB_Width,SMA_50,SMA_20,Volume_MA,ATR_14,Rolling_Volatility",SMA_10
ICICIBANK,2022-04-13,2022,0,Sideways,0,0.9747,SELL,1,0,0.9976,SELL,1,10,"SMA_10,EMA_12,MACD,Rolling_Median_Return,BB_Width,SMA_50,SMA_20,Volume_MA,ATR_14,Rolling_Volatility",SMA_10
ICICIBANK,2022-04-18,2022,0,Sideways,0,0.9676,SELL,1,0,0.9979,SELL,1,10,"SMA_10,EMA_12,MACD,Rolling_Median_Return,BB_Width,SMA_50,SMA_20,Volume_MA,ATR_14,Rolling_Volatility",SMA_10
ICICIBANK,2022-04-19,2022,0,Sideways,0,0.9972,SELL,1,0,0.9979,SELL,1,10,"SMA_10,EMA_12,MACD,Rolling_Median_Return,BB_Width,SMA_50,SMA_20,Volume_MA,ATR_14,Rolling_Volatility",SMA_10
ICICIBANK,2022-04-20,2022,0,Sideways,0,0.896,SELL,1,0,0.9857,SELL,1,10,"SMA_10,EMA_12,MACD,Rolling_Median_Return,BB_Width,SMA_50,SMA_20,Volume_MA,ATR_14,Rolling_Volatility",SMA_10
ICICIBANK,2022-04-21,2022,0,Sideways,0,0.9326,SELL,1,0,0.9982,SELL,1,10,"SMA_10,EMA_12,MACD,Rolling_Median_Return,BB_Width,SMA_50,SMA_20,Volume_MA,ATR_14,Rolling_Volatility",SMA_10
ICICIBANK,2022-04-22,2022,0,Sideways,0,0.5971,SELL,1,0,0.9983,SELL,1,10,"SMA_10,EMA_12,MACD,Rolling_Median_Return,BB_Width,SMA_50,SMA_20,Volume_MA,ATR_14,Rolling_Volatility",SMA_10
ICICIBANK,2022-04-25,2022,0,Sideways,0,0.9366,SELL,1,0,0.9978,SELL,1,10,"SMA_10,EMA_12,MACD,Rolling_Median_Return,BB_Width,SMA_50,SMA_20,Volume_MA,ATR_14,Rolling_Volatility",SMA_10
ICICIBANK,2022-04-26,2022,0,Sideways,1,0.7108,BUY,0,0,0.9943,SELL,1,10,"SMA_10,EMA_12,MACD,Rolling_Median_Return,BB_Width,SMA_50,SMA_20,Volume_MA,ATR_14,Rolling_Volatility",SMA_10
ICICIBANK,2022-04-27,2022,0,Sideways,1,0.7802,BUY,0,0,0.9781,SELL,1,10,"SMA_10,EMA_12,MACD,Rolling_Median_Return,BB_Width,SMA_50,SMA_20,Volume_MA,ATR_14,Rolling_Volatility",SMA_10
ICICIBANK,2022-04-28,2022,0,Sideways,1,0.6804,BUY,0,0,0.9809,SELL,1,10,"SMA_10,EMA_12,MACD,Rolling_Median_Return,BB_Width,SMA_50,SMA_20,Volume_MA,ATR_14,Rolling_Volatility",SMA_10
ICICIBANK,2022-04-29,2022,1,Sideways,1,0.6488,BUY,1,0,0.9778,SELL,0,10,"SMA_10,EMA_12,MACD,Rolling_Median_Return,BB_Width,SMA_50,SMA_20,Volume_MA,ATR_14,Rolling_Volatility",SMA_10
ICICIBANK,2022-05-02,2022,1,Sideways,1,0.5447,NO TRADE,1,0,0.9763,SELL,0,10,"SMA_10,EMA_12,MACD,Rolling_Median_Return,BB_Width,SMA_50,SMA_20,Volume_MA,ATR_14,Rolling_Volatility",SMA_10
ICICIBANK,2022-05-04,2022,1,Sideways,1,0.8558,BUY,1,0,0.969,SELL,0,10,"SMA_10,EMA_12,MACD,Rolling_Median_Return,BB_Width,SMA_50,SMA_20,Volume_MA,ATR_14,Rolling_Volatility",SMA_10
ICICIBANK,2022-05-05,2022,1,Sideways,1,0.5193,NO TRADE,1,0,0.966,SELL,0,10,"SMA_10,EMA_12,MACD,Rolling_Median_Return,BB_Width,SMA_50,SMA_20,Volume_MA,ATR_14,Rolling_Volatility",SMA_10
ICICIBANK,2022-05-06,2022,1,Sideways,1,0.7212,BUY,1,0,0.9217,SELL,0,10,"SMA_10,EMA_12,MACD,Rolling_Median_Return,BB_Width,SMA_50,SMA_20,Volume_MA,ATR_14,Rolling_Volatility",SMA_10
ICICIBANK,2022-05-09,2022,1,Sideways,1,0.7591,BUY,1,0,0.8634,SELL,0,10,"SMA_10,EMA_12,MACD,Rolling_Median_Return,BB_Width,SMA_50,SMA_20,Volume_MA,ATR_14,Rolling_Volatility",SMA_10
ICICIBANK,2022-05-10,2022,1,Sideways,1,0.8131,BUY,1,0,0.8022,SELL,0,10,"SMA_10,EMA_12,MACD,Rolling_Median_Return,BB_Width,SMA_50,SMA_20,Volume_MA,ATR_14,Rolling_Volatility",SMA_10
ICICIBANK,2022-05-11,2022,1,Sideways,1,0.8574,BUY,1,0,0.7412,SELL,0,10,"SMA_10,EMA_12,MACD,Rolling_Median_Return,BB_Width,SMA_50,SMA_20,Volume_MA,ATR_14,Rolling_Volatility",SMA_10
ICICIBANK,2022-05-12,2022,1,Sideways,1,0.9582,BUY,1,0,0.6485,SELL,0,10,"SMA_10,EMA_12,MACD,Rolling_Median_Return,BB_Width,SMA_50,SMA_20,Volume_MA,ATR_14,Rolling_Volatility",SMA_10
ICICIBANK,2022-05-13,2022,1,Sideways,1,0.9953,BUY,1,0,1.0,SELL,0,10,"SMA_10,EMA_12,MACD,Rolling_Median_Return,BB_Width,SMA_50,SMA_20,Volume_MA,ATR_14,Rolling_Volatility",SMA_10
ICICIBANK,2022-05-16,2022,1,Sideways,1,0.9731,BUY,1,0,0.7447,SELL,0,10,"SMA_10,EMA_12,MACD,Rolling_Median_Return,BB_Width,SMA_50,SMA_20,Volume_MA,ATR_14,Rolling_Volatility",SMA_10
ICICIBANK,2022-05-17,2022,0,Sideways,1,0.9904,BUY,0,1,0.6174,BUY,0,10,"SMA_10,EMA_12,MACD,Rolling_Median_Return,BB_Width,SMA_50,SMA_20,Volume_MA,ATR_14,Rolling_Volatility",SMA_10
ICICIBANK,2022-05-18,2022,0,Sideways,1,0.9657,BUY,0,0,0.6038,SELL,1,10,"EMA_12,SMA_10,Stochastic,RSI_14,Rolling_Median_Return,MACD,MACD_Signal,Volume_MA,Rolling_Volatility,SMA_20",EMA_12
ICICIBANK,2022-05-19,2022,0,Sideways,1,0.9872,BUY,0,0,1.0,SELL,1,10,"EMA_12,SMA_10,Stochastic,RSI_14,Rolling_Median_Return,MACD,MACD_Signal,Volume_MA,Rolling_Volatility,SMA_20",EMA_12
ICICIBANK,2022-05-20,2022,0,Sideways,1,0.9498,BUY,0,0,0.6007,SELL,1,10,"EMA_12,SMA_10,Stochastic,RSI_14,Rolling_Median_Return,MACD,MACD_Signal,Volume_MA,Rolling_Volatility,SMA_20",EMA_12
ICICIBANK,2022-05-23,2022,0,Sideways,1,0.9174,BUY,0,0,0.9074,SELL,1,10,"EMA_12,SMA_10,Stochastic,RSI_14,Rolling_Median_Return,MACD,MACD_Signal,Volume_MA,Rolling_Volatility,SMA_20",EMA_12
ICICIBANK,2022-05-24,2022,0,Sideways,1,0.9405,BUY,0,0,0.7282,SELL,1,10,"EMA_12,SMA_10,Stochastic,RSI_14,Rolling_Median_Return,MACD,MACD_Signal,Volume_MA,Rolling_Volatility,SMA_20",EMA_12
ICICIBANK,2022-05-25,2022,0,Sideways,1,0.9112,BUY,0,0,0.7606,SELL,1,10,"EMA_12,SMA_10,Stochastic,RSI_14,Rolling_Median_Return,MACD,MACD_Signal,Volume_MA,Rolling_Volatility,SMA_20",EMA_12
ICICIBANK,2022-05-26,2022,0,Sideways,1,0.6757,BUY,0,0,0.9954,SELL,1,10,"EMA_12,SMA_10,Stochastic,RSI_14,Rolling_Median_Return,MACD,MACD_Signal,Volume_MA,Rolling_Volatility,SMA_20",EMA_12
ICICIBANK,2022-05-27,2022,0,Sideways,0,0.7156,SELL,1,0,0.9999,SELL,1,10,"EMA_12,SMA_10,Stochastic,RSI_14,Rolling_Median_Return,MACD,MACD_Signal,Volume_MA,Rolling_Volatility,SMA_20",EMA_12
ICICIBANK,2022-05-30,2022,0,Sideways,0,0.8711,SELL,1,0,1.0,SELL,1,10,"EMA_12,SMA_10,Stochastic,RSI_14,Rolling_Median_Return,MACD,MACD_Signal,Volume_MA,Rolling_Volatility,SMA_20",EMA_12
ICICIBANK,2022-05-31,2022,0,Sideways,0,0.9654,SELL,1,0,0.9998,SELL,1,10,"EMA_12,SMA_10,Stochastic,RSI_14,Rolling_Median_Return,MACD,MACD_Signal,Volume_MA,Rolling_Volatility,SMA_20",EMA_12
ICICIBANK,2022-06-01,2022,0,Sideways,0,0.9656,SELL,1,0,0.9998,SELL,1,10,"EMA_12,SMA_10,Stochastic,RSI_14,Rolling_Median_Return,MACD,MACD_Signal,Volume_MA,Rolling_Volatility,SMA_20",EMA_12
ICICIBANK,2022-06-02,2022,0,Sideways,0,0.9698,SELL,1,0,0.9998,SELL,1,10,"EMA_12,SMA_10,Stochastic,RSI_14,Rolling_Median_Return,MACD,MACD_Signal,Volume_MA,Rolling_Volatility,SMA_20",EMA_12
ICICIBANK,2022-06-03,2022,0,Sideways,0,0.9469,SELL,1,0,0.997,SELL,1,10,"EMA_12,SMA_10,Stochastic,RSI_14,Rolling_Median_Return,MACD,MACD_Signal,Volume_MA,Rolling_Volatility,SMA_20",EMA_12
ICICIBANK,2022-06-06,2022,0,Sideways,0,0.9566,SELL,1,0,0.9983,SELL,1,10,"EMA_12,SMA_10,Stochastic,RSI_14,Rolling_Median_Return,MACD,MACD_Signal,Volume_MA,Rolling_Volatility,SMA_20",EMA_12
ICICIBANK,2022-06-07,2022,0,Sideways,0,0.8413,SELL,1,0,0.9978,SELL,1,10,"EMA_12,SMA_10,Stochastic,RSI_14,Rolling_Median_Return,MACD,MACD_Signal,Volume_MA,Rolling_Volatility,SMA_20",EMA_12
ICICIBANK,2022-06-08,2022,0,Sideways,0,0.78,SELL,1,0,0.9697,SELL,1,10,"EMA_12,SMA_10,Stochastic,RSI_14,Rolling_Median_Return,MACD,MACD_Signal,Volume_MA,Rolling_Volatility,SMA_20",EMA_12
ICICIBANK,2022-06-09,2022,1,Sideways,0,0.7549,SELL,0,0,0.9726,SELL,0,10,"EMA_12,SMA_10,Stochastic,RSI_14,Rolling_Median_Return,MACD,MACD_Signal,Volume_MA,Rolling_Volatility,SMA_20",EMA_12
ICICIBANK,2022-06-10,2022,1,Sideways,1,0.6913,BUY,1,0,0.8228,SELL,0,10,"EMA_12,SMA_10,Stochastic,RSI_14,Rolling_Median_Return,MACD,MACD_Signal,Volume_MA,Rolling_Volatility,SMA_20",EMA_12
ICICIBANK,2022-06-13,2022,1,Sideways,1,0.9772,BUY,1,0,0.6587,SELL,0,10,"EMA_12,SMA_10,Stochastic,RSI_14,Rolling_Median_Return,MACD,MACD_Signal,Volume_MA,Rolling_Volatility,SMA_20",EMA_12
ICICIBANK,2022-06-14,2022,1,Sideways,1,0.9001,BUY,1,0,0.6332,SELL,0,10,"EMA_12,SMA_10,Stochastic,RSI_14,Rolling_Median_Return,MACD,MACD_Signal,Volume_MA,Rolling_Volatility,SMA_20",EMA_12
ICICIBANK,2022-06-15,2022,1,Sideways,1,0.9197,BUY,1,0,0.5518,SELL,0,10,"EMA_12,SMA_10,Stochastic,RSI_14,Rolling_Median_Return,MACD,MACD_Signal,Volume_MA,Rolling_Volatility,SMA_20",EMA_12
ICICIBANK,2022-06-16,2022,1,Sideways,1,0.9886,BUY,1,0,1.0,SELL,0,10,"EMA_12,SMA_10,Stochastic,RSI_14,Rolling_Median_Return,MACD,MACD_Signal,Volume_MA,Rolling_Volatility,SMA_20",EMA_12
ICICIBANK,2022-06-17,2022,1,Sideways,1,0.9333,BUY,1,1,0.5149,NO TRADE,1,10,"EMA_12,SMA_10,Stochastic,RSI_14,Rolling_Median_Return,MACD,MACD_Signal,Volume_MA,Rolling_Volatility,SMA_20",EMA_12
ICICIBANK,2022-06-20,2022,1,Sideways,1,0.946,BUY,1,1,0.6171,BUY,1,10,"EMA_12,SMA_10,Stochastic,RSI_14,Rolling_Median_Return,MACD,MACD_Signal,Volume_MA,Rolling_Volatility,SMA_20",EMA_12
ICICIBANK,2022-06-21,2022,1,Sideways,1,0.8998,BUY,1,0,0.6133,SELL,0,10,"EMA_12,SMA_10,Stochastic,RSI_14,Rolling_Median_Return,MACD,MACD_Signal,Volume_MA,Rolling_Volatility,SMA_20",EMA_12
ICICIBANK,2022-06-22,2022,1,Sideways,1,0.9625,BUY,1,0,0.5253,NO TRADE,0,10,"EMA_12,SMA_10,Stochastic,RSI_14,Rolling_Median_Return,MACD,MACD_Signal,Volume_MA,Rolling_Volatility,SMA_20",EMA_12
ICICIBANK,2022-06-23,2022,1,Sideways,1,0.9186,BUY,1,0,0.5112,NO TRADE,0,10,"EMA_12,SMA_10,Stochastic,RSI_14,Rolling_Median_Return,MACD,MACD_Signal,Volume_MA,Rolling_Volatility,SMA_20",EMA_12
ICICIBANK,2022-06-24,2022,1,Sideways,1,0.8326,BUY,1,0,0.8738,SELL,0,10,"EMA_12,SMA_10,Stochastic,RSI_14,Rolling_Median_Return,MACD,MACD_Signal,Volume_MA,Rolling_Volatility,SMA_20",EMA_12
ICICIBANK,2022-06-27,2022,1,Sideways,1,0.625,BUY,1,0,0.9905,SELL,0,10,"EMA_12,SMA_10,Stochastic,RSI_14,Rolling_Median_Return,MACD,MACD_Signal,Volume_MA,Rolling_Volatility,SMA_20",EMA_12
ICICIBANK,2022-06-28,2022,1,Sideways,1,0.7139,BUY,1,0,0.9766,SELL,0,10,"EMA_12,SMA_10,Stochastic,RSI_14,Rolling_Median_Return,MACD,MACD_Signal,Volume_MA,Rolling_Volatility,SMA_20",EMA_12
ICICIBANK,2022-06-29,2022,1,Sideways,1,0.8689,BUY,1,0,0.8937,SELL,0,10,"EMA_12,SMA_10,MACD_Signal,BB_Width,Williams_R,Stochastic,OBV,SMA_20,Rolling_Std_10,Rolling_Median_Return",EMA_12
ICICIBANK,2022-06-30,2022,1,Sideways,1,0.8081,BUY,1,0,0.9841,SELL,0,10,"EMA_12,SMA_10,MACD_Signal,BB_Width,Williams_R,Stochastic,OBV,SMA_20,Rolling_Std_10,Rolling_Median_Return",EMA_12
ICICIBANK,2022-07-01,2022,1,Sideways,1,0.8946,BUY,1,0,0.8821,SELL,0,10,"EMA_12,SMA_10,MACD_Signal,BB_Width,Williams_R,Stochastic,OBV,SMA_20,Rolling_Std_10,Rolling_Median_Return",EMA_12
ICICIBANK,2022-07-04,2022,1,Sideways,1,0.7226,BUY,1,0,0.9689,SELL,0,10,"EMA_12,SMA_10,MACD_Signal,BB_Width,Williams_R,Stochastic,OBV,SMA_20,Rolling_Std_10,Rolling_Median_Return",EMA_12
ICICIBANK,2022-07-05,2022,1,Sideways,1,0.6543,BUY,1,0,0.8902,SELL,0,10,"EMA_12,SMA_10,MACD_Signal,BB_Width,Williams_R,Stochastic,OBV,SMA_20,Rolling_Std_10,Rolling_Median_Return",EMA_12
ICICIBANK,2022-07-06,2022,1,Sideways,0,0.6157,SELL,0,0,0.9655,SELL,0,10,"EMA_12,SMA_10,MACD_Signal,BB_Width,Williams_R,Stochastic,OBV,SMA_20,Rolling_Std_10,Rolling_Median_Return",EMA_12
ICICIBANK,2022-07-07,2022,1,Sideways,0,0.8546,SELL,0,0,0.9582,SELL,0,10,"EMA_12,SMA_10,MACD_Signal,BB_Width,Williams_R,Stochastic,OBV,SMA_20,Rolling_Std_10,Rolling_Median_Return",EMA_12
ICICIBANK,2022-07-08,2022,1,Sideways,0,0.9538,SELL,0,0,0.9506,SELL,0,10,"EMA_12,SMA_10,MACD_Signal,BB_Width,Williams_R,Stochastic,OBV,SMA_20,Rolling_Std_10,Rolling_Median_Return",EMA_12
ICICIBANK,2022-07-11,2022,1,Sideways,0,0.984,SELL,0,0,0.947,SELL,0,10,"EMA_12,SMA_10,MACD_Signal,BB_Width,Williams_R,Stochastic,OBV,SMA_20,Rolling_Std_10,Rolling_Median_Return",EMA_12
ICICIBANK,2022-07-12,2022,1,Sideways,0,0.9728,SELL,0,0,0.9051,SELL,0,10,"EMA_12,SMA_10,MACD_Signal,BB_Width,Williams_R,Stochastic,OBV,SMA_20,Rolling_Std_10,Rolling_Median_Return",EMA_12
ICICIBANK,2022-07-13,2022,1,Sideways,0,0.9513,SELL,0,0,0.8453,SELL,0,10,"EMA_12,SMA_10,MACD_Signal,BB_Width,Williams_R,Stochastic,OBV,SMA_20,Rolling_Std_10,Rolling_Median_Return",EMA_12
ICICIBANK,2022-07-14,2022,1,Sideways,0,0.9438,SELL,0,0,0.7724,SELL,0,10,"EMA_12,SMA_10,MACD_Signal,BB_Width,Williams_R,Stochastic,OBV,SMA_20,Rolling_Std_10,Rolling_Median_Return",EMA_12
ICICIBANK,2022-07-15,2022,1,Sideways,1,0.6152,BUY,1,0,0.7386,SELL,0,10,"EMA_12,SMA_10,MACD_Signal,BB_Width,Williams_R,Stochastic,OBV,SMA_20,Rolling_Std_10,Rolling_Median_Return",EMA_12
ICICIBANK,2022-07-18,2022,1,Sideways,0,0.9687,SELL,0,0,0.7378,SELL,0,10,"EMA_12,SMA_10,MACD_Signal,BB_Width,Williams_R,Stochastic,OBV,SMA_20,Rolling_Std_10,Rolling_Median_Return",EMA_12
ICICIBANK,2022-07-19,2022,1,Sideways,0,0.9893,SELL,0,0,0.7024,SELL,0,10,"EMA_12,SMA_10,MACD_Signal,BB_Width,Williams_R,Stochastic,OBV,SMA_20,Rolling_Std_10,Rolling_Median_Return",EMA_12
ICICIBANK,2022-07-20,2022,1,Sideways,0,0.9877,SELL,0,0,0.7315,SELL,0,10,"EMA_12,SMA_10,MACD_Signal,BB_Width,Williams_R,Stochastic,OBV,SMA_20,Rolling_Std_10,Rolling_Median_Return",EMA_12
ICICIBANK,2022-07-21,2022,1,Sideways,0,0.9896,SELL,0,0,0.7184,SELL,0,10,"EMA_12,SMA_10,MACD_Signal,BB_Width,Williams_R,Stochastic,OBV,SMA_20,Rolling_Std_10,Rolling_Median_Return",EMA_12
ICICIBANK,2022-07-22,2022,1,Sideways,0,0.9951,SELL,0,0,0.6778,SELL,0,10,"EMA_12,SMA_10,MACD_Signal,BB_Width,Williams_R,Stochastic,OBV,SMA_20,Rolling_Std_10,Rolling_Median_Return",EMA_12
ICICIBANK,2022-07-25,2022,1,Sideways,0,0.9993,SELL,0,0,0.601,SELL,0,10,"EMA_12,SMA_10,MACD_Signal,BB_Width,Williams_R,Stochastic,OBV,SMA_20,Rolling_Std_10,Rolling_Median_Return",EMA_12
ICICIBANK,2022-07-26,2022,1,Sideways,0,0.9872,SELL,0,0,0.5627,SELL,0,10,"EMA_12,SMA_10,MACD_Signal,BB_Width,Williams_R,Stochastic,OBV,SMA_20,Rolling_Std_10,Rolling_Median_Return",EMA_12
ICICIBANK,2022-07-27,2022,1,Sideways,0,0.9854,SELL,0,0,0.5833,SELL,0,10,"EMA_12,SMA_10,MACD_Signal,BB_Width,Williams_R,Stochastic,OBV,SMA_20,Rolling_Std_10,Rolling_Median_Return",EMA_12
ICICIBANK,2022-07-28,2022,1,Sideways,0,0.9915,SELL,0,0,0.6035,SELL,0,10,"EMA_12,SMA_10,MACD_Signal,BB_Width,Williams_R,Stochastic,OBV,SMA_20,Rolling_Std_10,Rolling_Median_Return",EMA_12
ICICIBANK,2022-07-29,2022,1,Sideways,0,0.9922,SELL,0,0,0.6405,SELL,0,10,"EMA_12,SMA_10,MACD_Signal,BB_Width,Williams_R,Stochastic,OBV,SMA_20,Rolling_Std_10,Rolling_Median_Return",EMA_12
ICICIBANK,2022-08-01,2022,1,Sideways,0,0.9893,SELL,0,0,0.6423,SELL,0,10,"EMA_12,SMA_10,MACD_Signal,BB_Width,Williams_R,Stochastic,OBV,SMA_20,Rolling_Std_10,Rolling_Median_Return",EMA_12
ICICIBANK,2022-08-02,2022,1,Sideways,0,0.9768,SELL,0,0,0.6474,SELL,0,10,"EMA_12,SMA_10,MACD_Signal,BB_Width,Williams_R,Stochastic,OBV,SMA_20,Rolling_Std_10,Rolling_Median_Return",EMA_12
ICICIBANK,2022-08-03,2022,1,Sideways,0,0.9834,SELL,0,0,0.6647,SELL,0,10,"EMA_12,SMA_10,MACD_Signal,BB_Width,Williams_R,Stochastic,OBV,SMA_20,Rolling_Std_10,Rolling_Median_Return",EMA_12
ICICIBANK,2022-08-04,2022,1,Sideways,0,0.9664,SELL,0,0,0.6584,SELL,0,10,"EMA_12,SMA_10,MACD_Signal,BB_Width,Williams_R,Stochastic,OBV,SMA_20,Rolling_Std_10,Rolling_Median_Return",EMA_12
ICICIBANK,2022-08-05,2022,1,Sideways,0,0.986,SELL,0,0,0.6386,SELL,0,10,"EMA_12,SMA_10,MACD_Signal,BB_Width,Williams_R,Stochastic,OBV,SMA_20,Rolling_Std_10,Rolling_Median_Return",EMA_12
ICICIBANK,2022-08-08,2022,1,Sideways,0,0.9694,SELL,0,0,0.5981,SELL,0,10,"EMA_12,SMA_10,MACD_Signal,BB_Width,Williams_R,Stochastic,OBV,SMA_20,Rolling_Std_10,Rolling_Median_Return",EMA_12
ICICIBANK,2022-08-10,2022,1,Sideways,0,0.9978,SELL,0,0,0.573,SELL,0,10,"EMA_12,SMA_10,MACD_Signal,BB_Width,Williams_R,Stochastic,OBV,SMA_20,Rolling_Std_10,Rolling_Median_Return",EMA_12
ICICIBANK,2022-08-11,2022,1,Sideways,0,0.9935,SELL,0,0,0.9998,SELL,0,10,"Stochastic,EMA_12,SMA_10,ATR_14,SMA_50,MACD,Rolling_Std_10,Rolling_Volatility,MACD_Signal,BB_Upper",Stochastic
ICICIBANK,2022-08-12,2022,1,Sideways,0,0.9699,SELL,0,0,0.9996,SELL,0,10,"Stochastic,EMA_12,SMA_10,ATR_14,SMA_50,MACD,Rolling_Std_10,Rolling_Volatility,MACD_Signal,BB_Upper",Stochastic
ICICIBANK,2022-08-16,2022,1,Sideways,0,0.9358,SELL,0,0,0.9994,SELL,0,10,"Stochastic,EMA_12,SMA_10,ATR_14,SMA_50,MACD,Rolling_Std_10,Rolling_Volatility,MACD_Signal,BB_Upper",Stochastic
ICICIBANK,2022-08-17,2022,1,Sideways,0,0.8776,SELL,0,0,0.9991,SELL,0,10,"Stochastic,EMA_12,SMA_10,ATR_14,SMA_50,MACD,Rolling_Std_10,Rolling_Volatility,MACD_Signal,BB_Upper",Stochastic
ICICIBANK,2022-08-18,2022,1,Sideways,0,0.8128,SELL,0,0,0.9985,SELL,0,10,"Stochastic,EMA_12,SMA_10,ATR_14,SMA_50,MACD,Rolling_Std_10,Rolling_Volatility,MACD_Signal,BB_Upper",Stochastic
ICICIBANK,2022-08-19,2022,1,Sideways,0,0.6438,SELL,0,0,0.9975,SELL,0,10,"Stochastic,EMA_12,SMA_10,ATR_14,SMA_50,MACD,Rolling_Std_10,Rolling_Volatility,MACD_Signal,BB_Upper",Stochastic
ICICIBANK,2022-08-22,2022,1,Sideways,0,0.5574,SELL,0,0,0.9951,SELL,0,10,"Stochastic,EMA_12,SMA_10,ATR_14,SMA_50,MACD,Rolling_Std_10,Rolling_Volatility,MACD_Signal,BB_Upper",Stochastic
ICICIBANK,2022-08-23,2022,1,Sideways,0,0.7438,SELL,0,0,0.9939,SELL,0,10,"Stochastic,EMA_12,SMA_10,ATR_14,SMA_50,MACD,Rolling_Std_10,Rolling_Volatility,MACD_Signal,BB_Upper",Stochastic
ICICIBANK,2022-08-24,2022,1,Sideways,0,0.844,SELL,0,0,0.9923,SELL,0,10,"Stochastic,EMA_12,SMA_10,ATR_14,SMA_50,MACD,Rolling_Std_10,Rolling_Volatility,MACD_Signal,BB_Upper",Stochastic
ICICIBANK,2022-08-25,2022,1,Sideways,0,0.8674,SELL,0,0,0.9912,SELL,0,10,"Stochastic,EMA_12,SMA_10,ATR_14,SMA_50,MACD,Rolling_Std_10,Rolling_Volatility,MACD_Signal,BB_Upper",Stochastic
ICICIBANK,2022-08-26,2022,0,Sideways,0,0.8832,SELL,1,0,0.9898,SELL,1,10,"Stochastic,EMA_12,SMA_10,ATR_14,SMA_50,MACD,Rolling_Std_10,Rolling_Volatility,MACD_Signal,BB_Upper",Stochastic
ICICIBANK,2022-08-29,2022,0,Sideways,0,0.8846,SELL,1,0,0.9066,SELL,1,10,"Stochastic,EMA_12,SMA_10,ATR_14,SMA_50,MACD,Rolling_Std_10,Rolling_Volatility,MACD_Signal,BB_Upper",Stochastic
ICICIBANK,2022-08-30,2022,0,Sideways,0,0.8887,SELL,1,0,0.8897,SELL,1,10,"Stochastic,EMA_12,SMA_10,ATR_14,SMA_50,MACD,Rolling_Std_10,Rolling_Volatility,MACD_Signal,BB_Upper",Stochastic
ICICIBANK,2022-09-01,2022,0,Sideways,0,0.884,SELL,1,0,0.9002,SELL,1,10,"Stochastic,EMA_12,SMA_10,ATR_14,SMA_50,MACD,Rolling_Std_10,Rolling_Volatility,MACD_Signal,BB_Upper",Stochastic
ICICIBANK,2022-09-02,2022,0,Sideways,0,0.869,SELL,1,0,0.9138,SELL,1,10,"Stochastic,EMA_12,SMA_10,ATR_14,SMA_50,MACD,Rolling_Std_10,Rolling_Volatility,MACD_Signal,BB_Upper",Stochastic
ICICIBANK,2022-09-05,2022,0,Sideways,0,0.946,SELL,1,0,0.9237,SELL,1,10,"Stochastic,EMA_12,SMA_10,ATR_14,SMA_50,MACD,Rolling_Std_10,Rolling_Volatility,MACD_Signal,BB_Upper",Stochastic
ICICIBANK,2022-09-06,2022,0,Sideways,0,0.9675,SELL,1,0,0.9431,SELL,1,10,"Stochastic,EMA_12,SMA_10,ATR_14,SMA_50,MACD,Rolling_Std_10,Rolling_Volatility,MACD_Signal,BB_Upper",Stochastic
ICICIBANK,2022-09-07,2022,1,Sideways,0,0.9475,SELL,0,0,0.9474,SELL,0,10,"Stochastic,EMA_12,SMA_10,ATR_14,SMA_50,MACD,Rolling_Std_10,Rolling_Volatility,MACD_Signal,BB_Upper",Stochastic
ICICIBANK,2022-09-08,2022,0,Sideways,0,0.9762,SELL,1,0,0.9277,SELL,1,10,"Stochastic,EMA_12,SMA_10,ATR_14,SMA_50,MACD,Rolling_Std_10,Rolling_Volatility,MACD_Signal,BB_Upper",Stochastic
ICICIBANK,2022-09-09,2022,0,Sideways,0,0.9866,SELL,1,0,0.9315,SELL,1,10,"Stochastic,EMA_12,SMA_10,ATR_14,SMA_50,MACD,Rolling_Std_10,Rolling_Volatility,MACD_Signal,BB_Upper",Stochastic
ICICIBANK,2022-09-12,2022,0,Sideways,0,0.9916,SELL,1,0,0.9358,SELL,1,10,"Stochastic,EMA_12,SMA_10,ATR_14,SMA_50,MACD,Rolling_Std_10,Rolling_Volatility,MACD_Signal,BB_Upper",Stochastic
ICICIBANK,2022-09-13,2022,0,Sideways,0,0.9918,SELL,1,0,0.9485,SELL,1,10,"Stochastic,EMA_12,SMA_10,ATR_14,SMA_50,MACD,Rolling_Std_10,Rolling_Volatility,MACD_Signal,BB_Upper",Stochastic
ICICIBANK,2022-09-14,2022,0,Sideways,0,0.9955,SELL,1,0,0.9598,SELL,1,10,"Stochastic,EMA_12,SMA_10,ATR_14,SMA_50,MACD,Rolling_Std_10,Rolling_Volatility,MACD_Signal,BB_Upper",Stochastic
ICICIBANK,2022-09-15,2022,0,Sideways,0,0.9972,SELL,1,0,0.9587,SELL,1,10,"Stochastic,EMA_12,SMA_10,ATR_14,SMA_50,MACD,Rolling_Std_10,Rolling_Volatility,MACD_Signal,BB_Upper",Stochastic
ICICIBANK,2022-09-16,2022,0,Sideways,0,0.9936,SELL,1,0,0.9589,SELL,1,10,"Stochastic,EMA_12,SMA_10,ATR_14,SMA_50,MACD,Rolling_Std_10,Rolling_Volatility,MACD_Signal,BB_Upper",Stochastic
ICICIBANK,2022-09-19,2022,0,Sideways,0,0.9903,SELL,1,0,0.9587,SELL,1,10,"Stochastic,EMA_12,SMA_10,ATR_14,SMA_50,MACD,Rolling_Std_10,Rolling_Volatility,MACD_Signal,BB_Upper",Stochastic
ICICIBANK,2022-09-20,2022,0,Sideways,0,0.996,SELL,1,0,0.9623,SELL,1,10,"Stochastic,EMA_12,SMA_10,ATR_14,SMA_50,MACD,Rolling_Std_10,Rolling_Volatility,MACD_Signal,BB_Upper",Stochastic
ICICIBANK,2022-09-21,2022,0,Sideways,0,0.9958,SELL,1,0,0.9632,SELL,1,10,"Stochastic,EMA_12,SMA_10,ATR_14,SMA_50,MACD,Rolling_Std_10,Rolling_Volatility,MACD_Signal,BB_Upper",Stochastic
ICICIBANK,2022-09-22,2022,1,Sideways,0,0.9913,SELL,0,0,0.9634,SELL,0,10,"Stochastic,EMA_12,SMA_10,ATR_14,SMA_50,MACD,Rolling_Std_10,Rolling_Volatility,MACD_Signal,BB_Upper",Stochastic
ICICIBANK,2022-09-23,2022,1,Sideways,0,0.9612,SELL,0,0,0.9604,SELL,0,10,"Stochastic,EMA_12,SMA_10,ATR_14,SMA_50,MACD,Rolling_Std_10,Rolling_Volatility,MACD_Signal,BB_Upper",Stochastic
ICICIBANK,2022-09-26,2022,1,Sideways,0,0.9195,SELL,0,0,0.9493,SELL,0,10,"EMA_12,MACD,ATR_14,Stochastic,SMA_10,SMA_50,SMA_20,EMA_26,Rolling_Std_10,Williams_R",EMA_12
ICICIBANK,2022-09-27,2022,1,Sideways,0,0.8483,SELL,0,0,0.9277,SELL,0,10,"EMA_12,MACD,ATR_14,Stochastic,SMA_10,SMA_50,SMA_20,EMA_26,Rolling_Std_10,Williams_R",EMA_12
ICICIBANK,2022-09-28,2022,1,Sideways,0,0.8456,SELL,0,0,0.9048,SELL,0,10,"EMA_12,MACD,ATR_14,Stochastic,SMA_10,SMA_50,SMA_20,EMA_26,Rolling_Std_10,Williams_R",EMA_12
ICICIBANK,2022-09-29,2022,1,Sideways,1,0.616,BUY,1,0,0.8859,SELL,0,10,"EMA_12,MACD,ATR_14,Stochastic,SMA_10,SMA_50,SMA_20,EMA_26,Rolling_Std_10,Williams_R",EMA_12
ICICIBANK,2022-09-30,2022,1,Sideways,0,0.8752,SELL,0,0,0.812,SELL,0,10,"EMA_12,MACD,ATR_14,Stochastic,SMA_10,SMA_50,SMA_20,EMA_26,Rolling_Std_10,Williams_R",EMA_12
ICICIBANK,2022-10-03,2022,1,Sideways,1,0.6167,BUY,1,0,0.8116,SELL,0,10,"EMA_12,MACD,ATR_14,Stochastic,SMA_10,SMA_50,SMA_20,EMA_26,Rolling_Std_10,Williams_R",EMA_12
ICICIBANK,2022-10-04,2022,1,Sideways,0,0.8573,SELL,0,0,0.7639,SELL,0,10,"EMA_12,MACD,ATR_14,Stochastic,SMA_10,SMA_50,SMA_20,EMA_26,Rolling_Std_10,Williams_R",EMA_12
ICICIBANK,2022-10-06,2022,1,Sideways,0,0.9034,SELL,0,0,0.6809,SELL,0,10,"EMA_12,MACD,ATR_14,Stochastic,SMA_10,SMA_50,SMA_20,EMA_26,Rolling_Std_10,Williams_R",EMA_12
ICICIBANK,2022-10-07,2022,1,Sideways,0,0.9097,SELL,0,0,0.7127,SELL,0,10,"EMA_12,MACD,ATR_14,Stochastic,SMA_10,SMA_50,SMA_20,EMA_26,Rolling_Std_10,Williams_R",EMA_12
ICICIBANK,2022-10-10,2022,1,Sideways,1,0.6175,BUY,1,0,0.7712,SELL,0,10,"EMA_12,MACD,ATR_14,Stochastic,SMA_10,SMA_50,SMA_20,EMA_26,Rolling_Std_10,Williams_R",EMA_12
ICICIBANK,2022-10-11,2022,1,Sideways,1,0.6183,BUY,1,0,0.7973,SELL,0,10,"EMA_12,MACD,ATR_14,Stochastic,SMA_10,SMA_50,SMA_20,EMA_26,Rolling_Std_10,Williams_R",EMA_12
ICICIBANK,2022-10-12,2022,1,Sideways,1,0.619,BUY,1,0,0.7772,SELL,0,10,"EMA_12,MACD,ATR_14,Stochastic,SMA_10,SMA_50,SMA_20,EMA_26,Rolling_Std_10,Williams_R",EMA_12
ICICIBANK,2022-10-13,2022,1,Sideways,1,0.6198,BUY,1,0,0.7551,SELL,0,10,"EMA_12,MACD,ATR_14,Stochastic,SMA_10,SMA_50,SMA_20,EMA_26,Rolling_Std_10,Williams_R",EMA_12
ICICIBANK,2022-10-14,2022,1,Sideways,1,0.6206,BUY,1,0,0.6821,SELL,0,10,"EMA_12,MACD,ATR_14,Stochastic,SMA_10,SMA_50,SMA_20,EMA_26,Rolling_Std_10,Williams_R",EMA_12
ICICIBANK,2022-10-17,2022,1,Sideways,1,0.6213,BUY,1,0,0.706,SELL,0,10,"EMA_12,MACD,ATR_14,Stochastic,SMA_10,SMA_50,SMA_20,EMA_26,Rolling_Std_10,Williams_R",EMA_12
ICICIBANK,2022-10-18,2022,1,Sideways,1,0.6221,BUY,1,0,0.7661,SELL,0,10,"EMA_12,MACD,ATR_14,Stochastic,SMA_10,SMA_50,SMA_20,EMA_26,Rolling_Std_10,Williams_R",EMA_12
ICICIBANK,2022-10-19,2022,1,Sideways,1,0.6228,BUY,1,0,0.7852,SELL,0,10,"EMA_12,MACD,ATR_14,Stochastic,SMA_10,SMA_50,SMA_20,EMA_26,Rolling_Std_10,Williams_R",EMA_12
ICICIBANK,2022-10-20,2022,1,Sideways,1,0.6236,BUY,1,0,0.7862,SELL,0,10,"EMA_12,MACD,ATR_14,Stochastic,SMA_10,SMA_50,SMA_20,EMA_26,Rolling_Std_10,Williams_R",EMA_12
ICICIBANK,2022-10-21,2022,1,Sideways,1,0.6243,BUY,1,0,0.7862,SELL,0,10,"EMA_12,MACD,ATR_14,Stochastic,SMA_10,SMA_50,SMA_20,EMA_26,Rolling_Std_10,Williams_R",EMA_12
ICICIBANK,2022-10-24,2022,1,Sideways,1,0.625,BUY,1,0,0.7984,SELL,0,10,"EMA_12,MACD,ATR_14,Stochastic,SMA_10,SMA_50,SMA_20,EMA_26,Rolling_Std_10,Williams_R",EMA_12
ICICIBANK,2022-10-25,2022,1,Sideways,1,0.6258,BUY,1,0,0.8268,SELL,0,10,"EMA_12,MACD,ATR_14,Stochastic,SMA_10,SMA_50,SMA_20,EMA_26,Rolling_Std_10,Williams_R",EMA_12
ICICIBANK,2022-10-27,2022,1,Sideways,1,0.6265,BUY,1,0,0.8252,SELL,0,10,"EMA_12,MACD,ATR_14,Stochastic,SMA_10,SMA_50,SMA_20,EMA_26,Rolling_Std_10,Williams_R",EMA_12
ICICIBANK,2022-10-28,2022,1,Sideways,1,0.6272,BUY,1,0,0.8284,SELL,0,10,"EMA_12,MACD,ATR_14,Stochastic,SMA_10,SMA_50,SMA_20,EMA_26,Rolling_Std_10,Williams_R",EMA_12
ICICIBANK,2022-10-31,2022,1,Sideways,1,0.628,BUY,1,0,0.8153,SELL,0,10,"EMA_12,MACD,ATR_14,Stochastic,SMA_10,SMA_50,SMA_20,EMA_26,Rolling_Std_10,Williams_R",EMA_12
ICICIBANK,2022-11-01,2022,1,Sideways,1,0.6287,BUY,1,0,0.8084,SELL,0,10,"EMA_12,MACD,ATR_14,Stochastic,SMA_10,SMA_50,SMA_20,EMA_26,Rolling_Std_10,Williams_R",EMA_12
ICICIBANK,2022-11-02,2022,1,Sideways,1,0.6294,BUY,1,0,0.8019,SELL,0,10,"EMA_12,MACD,ATR_14,Stochastic,SMA_10,SMA_50,SMA_20,EMA_26,Rolling_Std_10,Williams_R",EMA_12
ICICIBANK,2022-11-03,2022,1,Sideways,1,0.6301,BUY,1,0,0.7948,SELL,0,10,"EMA_12,MACD,ATR_14,Stochastic,SMA_10,SMA_50,SMA_20,EMA_26,Rolling_Std_10,Williams_R",EMA_12
ICICIBANK,2022-11-04,2022,1,Sideways,1,0.6309,BUY,1,0,0.7802,SELL,0,10,"EMA_12,MACD,ATR_14,Stochastic,SMA_10,SMA_50,SMA_20,EMA_26,Rolling_Std_10,Williams_R",EMA_12
ICICIBANK,2022-11-07,2022,1,Sideways,1,0.6316,BUY,1,0,0.7591,SELL,0,10,"EMA_12,MACD,ATR_14,Stochastic,SMA_10,SMA_50,SMA_20,EMA_26,Rolling_Std_10,Williams_R",EMA_12
ICICIBANK,2022-11-09,2022,1,Sideways,1,0.6323,BUY,1,0,0.7365,SELL,0,10,"EMA_12,MACD,ATR_14,Stochastic,SMA_10,SMA_50,SMA_20,EMA_26,Rolling_Std_10,Williams_R",EMA_12
ICICIBANK,2022-11-10,2022,1,Sideways,1,0.633,BUY,1,0,0.9056,SELL,0,10,"Volume_Ratio,MACD,ATR_14,SMA_50,MFI,Volume_MA,ADX,OBV,SMA_10,Rolling_Std_10",Volume_Ratio
ICICIBANK,2022-11-11,2022,1,Sideways,1,0.6337,BUY,1,0,0.8961,SELL,0,10,"Volume_Ratio,MACD,ATR_14,SMA_50,MFI,Volume_MA,ADX,OBV,SMA_10,Rolling_Std_10",Volume_Ratio
ICICIBANK,2022-11-14,2022,1,Sideways,1,0.6344,BUY,1,0,0.9496,SELL,0,10,"Volume_Ratio,MACD,ATR_14,SMA_50,MFI,Volume_MA,ADX,OBV,SMA_10,Rolling_Std_10",Volume_Ratio
ICICIBANK,2022-11-15,2022,1,Sideways,1,0.6351,BUY,1,0,0.9404,SELL,0,10,"Volume_Ratio,MACD,ATR_14,SMA_50,MFI,Volume_MA,ADX,OBV,SMA_10,Rolling_Std_10",Volume_Ratio
ICICIBANK,2022-11-16,2022,1,Sideways,1,0.6358,BUY,1,0,0.9306,SELL,0,10,"Volume_Ratio,MACD,ATR_14,SMA_50,MFI,Volume_MA,ADX,OBV,SMA_10,Rolling_Std_10",Volume_Ratio
ICICIBANK,2022-11-17,2022,0,Sideways,1,0.6365,BUY,0,0,0.9222,SELL,1,10,"Volume_Ratio,MACD,ATR_14,SMA_50,MFI,Volume_MA,ADX,OBV,SMA_10,Rolling_Std_10",Volume_Ratio
ICICIBANK,2022-11-18,2022,0,Sideways,1,0.6353,BUY,0,0,0.9539,SELL,1,10,"Volume_Ratio,MACD,ATR_14,SMA_50,MFI,Volume_MA,ADX,OBV,SMA_10,Rolling_Std_10",Volume_Ratio
ICICIBANK,2022-11-21,2022,0,Sideways,1,0.6341,BUY,0,0,0.9091,SELL,1,10,"Volume_Ratio,MACD,ATR_14,SMA_50,MFI,Volume_MA,ADX,OBV,SMA_10,Rolling_Std_10",Volume_Ratio
ICICIBANK,2022-11-22,2022,0,Sideways,1,0.6329,BUY,0,0,0.9026,SELL,1,10,"Volume_Ratio,MACD,ATR_14,SMA_50,MFI,Volume_MA,ADX,OBV,SMA_10,Rolling_Std_10",Volume_Ratio
ICICIBANK,2022-11-23,2022,0,Sideways,1,0.6317,BUY,0,0,0.9163,SELL,1,10,"Volume_Ratio,MACD,ATR_14,SMA_50,MFI,Volume_MA,ADX,OBV,SMA_10,Rolling_Std_10",Volume_Ratio
ICICIBANK,2022-11-24,2022,0,Sideways,1,0.6305,BUY,0,0,0.9081,SELL,1,10,"Volume_Ratio,MACD,ATR_14,SMA_50,MFI,Volume_MA,ADX,OBV,SMA_10,Rolling_Std_10",Volume_Ratio
ICICIBANK,2022-11-25,2022,0,Sideways,1,0.6293,BUY,0,0,0.9519,SELL,1,10,"Volume_Ratio,MACD,ATR_14,SMA_50,MFI,Volume_MA,ADX,OBV,SMA_10,Rolling_Std_10",Volume_Ratio
ICICIBANK,2022-11-28,2022,0,Sideways,1,0.6281,BUY,0,0,0.9592,SELL,1,10,"Volume_Ratio,MACD,ATR_14,SMA_50,MFI,Volume_MA,ADX,OBV,SMA_10,Rolling_Std_10",Volume_Ratio
ICICIBANK,2022-11-29,2022,0,Sideways,1,0.6269,BUY,0,1,0.8391,BUY,0,10,"Volume_Ratio,MACD,ATR_14,SMA_50,MFI,Volume_MA,ADX,OBV,SMA_10,Rolling_Std_10",Volume_Ratio
ICICIBANK,2022-11-30,2022,0,Sideways,1,0.6257,BUY,0,1,1.0,BUY,0,10,"Volume_Ratio,MACD,ATR_14,SMA_50,MFI,Volume_MA,ADX,OBV,SMA_10,Rolling_Std_10",Volume_Ratio
ICICIBANK,2022-12-01,2022,0,Sideways,1,0.6246,BUY,0,0,0.8417,SELL,1,10,"Volume_Ratio,MACD,ATR_14,SMA_50,MFI,Volume_MA,ADX,OBV,SMA_10,Rolling_Std_10",Volume_Ratio
ICICIBANK,2022-12-02,2022,0,Sideways,1,0.6234,BUY,0,0,0.9278,SELL,1,10,"Volume_Ratio,MACD,ATR_14,SMA_50,MFI,Volume_MA,ADX,OBV,SMA_10,Rolling_Std_10",Volume_Ratio
ICICIBANK,2022-12-05,2022,0,Sideways,1,0.6222,BUY,0,0,0.9774,SELL,1,10,"Volume_Ratio,MACD,ATR_14,SMA_50,MFI,Volume_MA,ADX,OBV,SMA_10,Rolling_Std_10",Volume_Ratio
ICICIBANK,2022-12-06,2022,0,Sideways,1,0.6211,BUY,0,0,0.8726,SELL,1,10,"Volume_Ratio,MACD,ATR_14,SMA_50,MFI,Volume_MA,ADX,OBV,SMA_10,Rolling_Std_10",Volume_Ratio
ICICIBANK,2022-12-07,2022,0,Sideways,1,0.6199,BUY,0,0,0.9323,SELL,1,10,"Volume_Ratio,MACD,ATR_14,SMA_50,MFI,Volume_MA,ADX,OBV,SMA_10,Rolling_Std_10",Volume_Ratio
ICICIBANK,2022-12-08,2022,0,Sideways,1,0.6188,BUY,0,0,0.9829,SELL,1,10,"Volume_Ratio,MACD,ATR_14,SMA_50,MFI,Volume_MA,ADX,OBV,SMA_10,Rolling_Std_10",Volume_Ratio
ICICIBANK,2022-12-09,2022,0,Sideways,1,0.6176,BUY,0,0,0.986,SELL,1,10,"Volume_Ratio,MACD,ATR_14,SMA_50,MFI,Volume_MA,ADX,OBV,SMA_10,Rolling_Std_10",Volume_Ratio
ICICIBANK,2022-12-12,2022,0,Sideways,1,0.6165,BUY,0,0,0.9908,SELL,1,10,"Volume_Ratio,MACD,ATR_14,SMA_50,MFI,Volume_MA,ADX,OBV,SMA_10,Rolling_Std_10",Volume_Ratio
ICICIBANK,2022-12-13,2022,0,Sideways,1,0.6154,BUY,0,0,0.9811,SELL,1,10,"Volume_Ratio,MACD,ATR_14,SMA_50,MFI,Volume_MA,ADX,OBV,SMA_10,Rolling_Std_10",Volume_Ratio
ICICIBANK,2022-12-14,2022,0,Sideways,1,0.6142,BUY,0,0,0.9542,SELL,1,10,"Volume_Ratio,MACD,ATR_14,SMA_50,MFI,Volume_MA,ADX,OBV,SMA_10,Rolling_Std_10",Volume_Ratio
ICICIBANK,2022-12-15,2022,0,Sideways,1,0.6131,BUY,0,0,0.9854,SELL,1,10,"Volume_Ratio,MACD,ATR_14,SMA_50,MFI,Volume_MA,ADX,OBV,SMA_10,Rolling_Std_10",Volume_Ratio
ICICIBANK,2022-12-16,2022,0,Sideways,1,0.612,BUY,0,0,0.9827,SELL,1,10,"Volume_Ratio,MACD,ATR_14,SMA_50,MFI,Volume_MA,ADX,OBV,SMA_10,Rolling_Std_10",Volume_Ratio
ICICIBANK,2022-12-19,2022,0,Sideways,1,0.6109,BUY,0,0,0.9936,SELL,1,10,"Volume_Ratio,MACD,ATR_14,SMA_50,MFI,Volume_MA,ADX,OBV,SMA_10,Rolling_Std_10",Volume_Ratio
ICICIBANK,2022-12-20,2022,0,Sideways,1,0.6097,BUY,0,0,0.9955,SELL,1,10,"Volume_Ratio,MACD,ATR_14,SMA_50,MFI,Volume_MA,ADX,OBV,SMA_10,Rolling_Std_10",Volume_Ratio
ICICIBANK,2022-12-21,2022,0,Sideways,1,0.6086,BUY,0,0,0.9445,SELL,1,10,"Volume_Ratio,MACD,ATR_14,SMA_50,MFI,Volume_MA,ADX,OBV,SMA_10,Rolling_Std_10",Volume_Ratio
ICICIBANK,2022-12-22,2022,0,Sideways,1,0.6075,BUY,0,0,0.6056,SELL,1,10,"CCI,SMA_20,BB_Width,Volume_MA,MACD,ADX,RSI_14,MACD_Signal,ATR_14,OBV",CCI
ICICIBANK,2022-12-23,2022,0,Sideways,1,0.6064,BUY,0,0,0.7139,SELL,1,10,"CCI,SMA_20,BB_Width,Volume_MA,MACD,ADX,RSI_14,MACD_Signal,ATR_14,OBV",CCI
ICICIBANK,2022-12-26,2022,0,Sideways,1,0.6053,BUY,0,0,0.7842,SELL,1,10,"CCI,SMA_20,BB_Width,Volume_MA,MACD,ADX,RSI_14,MACD_Signal,ATR_14,OBV",CCI
ICICIBANK,2022-12-27,2022,0,Sideways,1,0.6042,BUY,0,0,0.7805,SELL,1,10,"CCI,SMA_20,BB_Width,Volume_MA,MACD,ADX,RSI_14,MACD_Signal,ATR_14,OBV",CCI
ICICIBANK,2022-12-28,2022,0,Sideways,1,0.6031,BUY,0,0,0.7852,SELL,1,10,"CCI,SMA_20,BB_Width,Volume_MA,MACD,ADX,RSI_14,MACD_Signal,ATR_14,OBV",CCI
ICICIBANK,2022-12-29,2022,0,Sideways,1,0.602,BUY,0,0,0.7776,SELL,1,10,"CCI,SMA_20,BB_Width,Volume_MA,MACD,ADX,RSI_14,MACD_Signal,ATR_14,OBV",CCI
ICICIBANK,2022-12-30,2022,0,Sideways,1,0.6009,BUY,0,0,0.848,SELL,1,10,"CCI,SMA_20,BB_Width,Volume_MA,MACD,ADX,RSI_14,MACD_Signal,ATR_14,OBV",CCI
ICICIBANK,2023-01-02,2023,0,Sideways,1,0.5999,BUY,0,0,0.9894,SELL,1,10,"CCI,SMA_20,BB_Width,Volume_MA,MACD,ADX,RSI_14,MACD_Signal,ATR_14,OBV",CCI
ICICIBANK,2023-01-03,2023,0,Sideways,1,0.5988,BUY,0,0,1.0,SELL,1,10,"CCI,SMA_20,BB_Width,Volume_MA,MACD,ADX,RSI_14,MACD_Signal,ATR_14,OBV",CCI
ICICIBANK,2023-01-04,2023,0,Sideways,1,0.5977,BUY,0,0,1.0,SELL,1,10,"CCI,SMA_20,BB_Width,Volume_MA,MACD,ADX,RSI_14,MACD_Signal,ATR_14,OBV",CCI
ICICIBANK,2023-01-05,2023,0,Sideways,1,0.5966,BUY,0,0,1.0,SELL,1,10,"CCI,SMA_20,BB_Width,Volume_MA,MACD,ADX,RSI_14,MACD_Signal,ATR_14,OBV",CCI
ICICIBANK,2023-01-06,2023,0,Sideways,1,0.5956,BUY,0,0,0.9988,SELL,1,10,"CCI,SMA_20,BB_Width,Volume_MA,MACD,ADX,RSI_14,MACD_Signal,ATR_14,OBV",CCI
ICICIBANK,2023-01-09,2023,0,Sideways,1,0.5945,BUY,0,0,0.9783,SELL,1,10,"CCI,SMA_20,BB_Width,Volume_MA,MACD,ADX,RSI_14,MACD_Signal,ATR_14,OBV",CCI
ICICIBANK,2023-01-10,2023,0,Sideways,1,0.5935,BUY,0,0,0.9244,SELL,1,10,"CCI,SMA_20,BB_Width,Volume_MA,MACD,ADX,RSI_14,MACD_Signal,ATR_14,OBV",CCI
ICICIBANK,2023-01-11,2023,0,Sideways,1,0.5924,BUY,0,0,0.8735,SELL,1,10,"CCI,SMA_20,BB_Width,Volume_MA,MACD,ADX,RSI_14,MACD_Signal,ATR_14,OBV",CCI
ICICIBANK,2023-01-12,2023,0,Sideways,1,0.5914,BUY,0,0,0.8813,SELL,1,10,"CCI,SMA_20,BB_Width,Volume_MA,MACD,ADX,RSI_14,MACD_Signal,ATR_14,OBV",CCI
ICICIBANK,2023-01-13,2023,0,Sideways,1,0.5903,BUY,0,0,0.8292,SELL,1,10,"CCI,SMA_20,BB_Width,Volume_MA,MACD,ADX,RSI_14,MACD_Signal,ATR_14,OBV",CCI
ICICIBANK,2023-01-16,2023,1,Sideways,1,0.5893,BUY,1,0,0.8556,SELL,0,10,"CCI,SMA_20,BB_Width,Volume_MA,MACD,ADX,RSI_14,MACD_Signal,ATR_14,OBV",CCI
ICICIBANK,2023-01-17,2023,1,Sideways,1,0.59,BUY,1,0,0.8397,SELL,0,10,"CCI,SMA_20,BB_Width,Volume_MA,MACD,ADX,RSI_14,MACD_Signal,ATR_14,OBV",CCI
ICICIBANK,2023-01-18,2023,0,Sideways,1,0.5907,BUY,0,0,0.7962,SELL,1,10,"CCI,SMA_20,BB_Width,Volume_MA,MACD,ADX,RSI_14,MACD_Signal,ATR_14,OBV",CCI
ICICIBANK,2023-01-19,2023,0,Sideways,1,0.5897,BUY,0,0,0.8489,SELL,1,10,"CCI,SMA_20,BB_Width,Volume_MA,MACD,ADX,RSI_14,MACD_Signal,ATR_14,OBV",CCI
ICICIBANK,2023-01-20,2023,0,Sideways,1,0.5886,BUY,0,0,0.9668,SELL,1,10,"CCI,SMA_20,BB_Width,Volume_MA,MACD,ADX,RSI_14,MACD_Signal,ATR_14,OBV",CCI
ICICIBANK,2023-01-23,2023,0,Sideways,1,0.5876,BUY,0,0,1.0,SELL,1,10,"CCI,SMA_20,BB_Width,Volume_MA,MACD,ADX,RSI_14,MACD_Signal,ATR_14,OBV",CCI
ICICIBANK,2023-01-24,2023,0,Sideways,1,0.5866,BUY,0,0,1.0,SELL,1,10,"CCI,SMA_20,BB_Width,Volume_MA,MACD,ADX,RSI_14,MACD_Signal,ATR_14,OBV",CCI
ICICIBANK,2023-01-25,2023,0,Sideways,1,0.5856,BUY,0,0,1.0,SELL,1,10,"CCI,SMA_20,BB_Width,Volume_MA,MACD,ADX,RSI_14,MACD_Signal,ATR_14,OBV",CCI
ICICIBANK,2023-01-27,2023,1,Sideways,1,0.5845,BUY,1,0,1.0,SELL,0,10,"CCI,SMA_20,BB_Width,Volume_MA,MACD,ADX,RSI_14,MACD_Signal,ATR_14,OBV",CCI
ICICIBANK,2023-01-30,2023,1,Sideways,1,0.5853,BUY,1,0,0.8807,SELL,0,10,"CCI,SMA_20,BB_Width,Volume_MA,MACD,ADX,RSI_14,MACD_Signal,ATR_14,OBV",CCI
ICICIBANK,2023-01-31,2023,1,Sideways,1,0.586,BUY,1,0,0.7666,SELL,0,10,"CCI,SMA_20,BB_Width,Volume_MA,MACD,ADX,RSI_14,MACD_Signal,ATR_14,OBV",CCI
ICICIBANK,2023-02-01,2023,1,Sideways,1,0.5867,BUY,1,0,0.6361,SELL,0,10,"CCI,SMA_20,BB_Width,Volume_MA,MACD,ADX,RSI_14,MACD_Signal,ATR_14,OBV",CCI
ICICIBANK,2023-02-02,2023,0,Sideways,1,0.5874,BUY,0,0,0.5871,SELL,1,10,"CCI,SMA_20,BB_Width,Volume_MA,MACD,ADX,RSI_14,MACD_Signal,ATR_14,OBV",CCI
ICICIBANK,2023-02-03,2023,1,Sideways,1,0.5864,BUY,1,1,0.8753,BUY,1,10,"EMA_26,BB_Width,Volume_MA,MACD_Hist,CCI,MACD,Stochastic,ATR_14,OBV,SMA_20",EMA_26
ICICIBANK,2023-02-06,2023,1,Sideways,1,0.5871,BUY,1,1,0.8762,BUY,1,10,"EMA_26,BB_Width,Volume_MA,MACD_Hist,CCI,MACD,Stochastic,ATR_14,OBV,SMA_20",EMA_26
ICICIBANK,2023-02-07,2023,1,Sideways,1,0.5878,BUY,1,1,0.8801,BUY,1,10,"EMA_26,BB_Width,Volume_MA,MACD_Hist,CCI,MACD,Stochastic,ATR_14,OBV,SMA_20",EMA_26
ICICIBANK,2023-02-08,2023,0,Sideways,1,0.5885,BUY,0,1,0.8789,BUY,0,10,"EMA_26,BB_Width,Volume_MA,MACD_Hist,CCI,MACD,Stochastic,ATR_14,OBV,SMA_20",EMA_26
ICICIBANK,2023-02-09,2023,0,Sideways,1,0.5875,BUY,0,1,0.8336,BUY,0,10,"EMA_26,BB_Width,Volume_MA,MACD_Hist,CCI,MACD,Stochastic,ATR_14,OBV,SMA_20",EMA_26
ICICIBANK,2023-02-10,2023,0,Sideways,1,0.5865,BUY,0,1,0.7846,BUY,0,10,"EMA_26,BB_Width,Volume_MA,MACD_Hist,CCI,MACD,Stochastic,ATR_14,OBV,SMA_20",EMA_26
ICICIBANK,2023-02-13,2023,0,Sideways,1,0.5855,BUY,0,1,0.7193,BUY,0,10,"EMA_26,BB_Width,Volume_MA,MACD_Hist,CCI,MACD,Stochastic,ATR_14,OBV,SMA_20",EMA_26
ICICIBANK,2023-02-14,2023,0,Sideways,1,0.5845,BUY,0,1,0.6406,BUY,0,10,"EMA_26,BB_Width,Volume_MA,MACD_Hist,CCI,MACD,Stochastic,ATR_14,OBV,SMA_20",EMA_26
ICICIBANK,2023-02-15,2023,0,Sideways,1,0.5835,BUY,0,1,0.6021,BUY,0,10,"EMA_26,BB_Width,Volume_MA,MACD_Hist,CCI,MACD,Stochastic,ATR_14,OBV,SMA_20",EMA_26
ICICIBANK,2023-02-16,2023,0,Sideways,1,0.5825,BUY,0,0,0.6103,SELL,1,10,"EMA_26,BB_Width,Volume_MA,MACD_Hist,CCI,MACD,Stochastic,ATR_14,OBV,SMA_20",EMA_26
ICICIBANK,2023-02-17,2023,0,Sideways,1,0.5815,BUY,0,0,0.993,SELL,1,10,"EMA_26,BB_Width,Volume_MA,MACD_Hist,CCI,MACD,Stochastic,ATR_14,OBV,SMA_20",EMA_26
ICICIBANK,2023-02-20,2023,1,Sideways,1,0.5806,BUY,1,0,1.0,SELL,0,10,"EMA_26,BB_Width,Volume_MA,MACD_Hist,CCI,MACD,Stochastic,ATR_14,OBV,SMA_20",EMA_26
ICICIBANK,2023-02-21,2023,1,Sideways,1,0.5813,BUY,1,0,0.9999,SELL,0,10,"EMA_26,BB_Width,Volume_MA,MACD_Hist,CCI,MACD,Stochastic,ATR_14,OBV,SMA_20",EMA_26
ICICIBANK,2023-02-22,2023,1,Sideways,1,0.582,BUY,1,0,0.9852,SELL,0,10,"EMA_26,BB_Width,Volume_MA,MACD_Hist,CCI,MACD,Stochastic,ATR_14,OBV,SMA_20",EMA_26
ICICIBANK,2023-02-23,2023,1,Sideways,1,0.5827,BUY,1,0,0.8348,SELL,0,10,"EMA_26,BB_Width,Volume_MA,MACD_Hist,CCI,MACD,Stochastic,ATR_14,OBV,SMA_20",EMA_26
ICICIBANK,2023-02-24,2023,1,Sideways,1,0.5834,BUY,1,0,0.6276,SELL,0,10,"EMA_26,BB_Width,Volume_MA,MACD_Hist,CCI,MACD,Stochastic,ATR_14,OBV,SMA_20",EMA_26
ICICIBANK,2023-02-27,2023,0,Sideways,1,0.5841,BUY,0,0,0.6597,SELL,1,10,"EMA_26,BB_Width,Volume_MA,MACD_Hist,CCI,MACD,Stochastic,ATR_14,OBV,SMA_20",EMA_26
ICICIBANK,2023-02-28,2023,0,Sideways,1,0.5831,BUY,0,0,0.7437,SELL,1,10,"EMA_26,BB_Width,Volume_MA,MACD_Hist,CCI,MACD,Stochastic,ATR_14,OBV,SMA_20",EMA_26
ICICIBANK,2023-03-01,2023,1,Sideways,1,0.5821,BUY,1,0,0.8056,SELL,0,10,"EMA_26,BB_Width,Volume_MA,MACD_Hist,CCI,MACD,Stochastic,ATR_14,OBV,SMA_20",EMA_26
ICICIBANK,2023-03-02,2023,1,Sideways,1,0.5828,BUY,1,0,0.7965,SELL,0,10,"EMA_26,BB_Width,Volume_MA,MACD_Hist,CCI,MACD,Stochastic,ATR_14,OBV,SMA_20",EMA_26
ICICIBANK,2023-03-03,2023,1,Sideways,1,0.5835,BUY,1,0,0.7755,SELL,0,10,"EMA_26,BB_Width,Volume_MA,MACD_Hist,CCI,MACD,Stochastic,ATR_14,OBV,SMA_20",EMA_26
ICICIBANK,2023-03-06,2023,1,Sideways,1,0.5842,BUY,1,0,0.7659,SELL,0,10,"EMA_26,BB_Width,Volume_MA,MACD_Hist,CCI,MACD,Stochastic,ATR_14,OBV,SMA_20",EMA_26
ICICIBANK,2023-03-08,2023,0,Sideways,1,0.5849,BUY,0,0,0.7823,SELL,1,10,"EMA_26,BB_Width,Volume_MA,MACD_Hist,CCI,MACD,Stochastic,ATR_14,OBV,SMA_20",EMA_26
ICICIBANK,2023-03-09,2023,1,Sideways,1,0.5839,BUY,1,0,0.8061,SELL,0,10,"EMA_26,BB_Width,Volume_MA,MACD_Hist,CCI,MACD,Stochastic,ATR_14,OBV,SMA_20",EMA_26
ICICIBANK,2023-03-10,2023,1,Sideways,1,0.5846,BUY,1,0,0.7293,SELL,0,10,"EMA_26,BB_Width,Volume_MA,MACD_Hist,CCI,MACD,Stochastic,ATR_14,OBV,SMA_20",EMA_26
ICICIBANK,2023-03-13,2023,1,Sideways,1,0.5853,BUY,1,0,0.5774,SELL,0,10,"EMA_26,BB_Width,Volume_MA,MACD_Hist,CCI,MACD,Stochastic,ATR_14,OBV,SMA_20",EMA_26
ICICIBANK,2023-03-14,2023,1,Sideways,1,0.586,BUY,1,1,0.5134,NO TRADE,1,10,"EMA_26,BB_Width,Volume_MA,MACD_Hist,CCI,MACD,Stochastic,ATR_14,OBV,SMA_20",EMA_26
ICICIBANK,2023-03-15,2023,1,Sideways,1,0.5867,BUY,1,1,0.5747,BUY,1,10,"EMA_26,BB_Width,Volume_MA,MACD_Hist,CCI,MACD,Stochastic,ATR_14,OBV,SMA_20",EMA_26
ICICIBANK,2023-03-16,2023,1,Sideways,1,0.5874,BUY,1,1,0.6043,BUY,1,10,"EMA_26,BB_Width,Volume_MA,MACD_Hist,CCI,MACD,Stochastic,ATR_14,OBV,SMA_20",EMA_26
ICICIBANK,2023-03-17,2023,1,Sideways,1,0.588,BUY,1,1,0.6021,BUY,1,10,"EMA_26,BB_Width,Volume_MA,MACD_Hist,CCI,MACD,Stochastic,ATR_14,OBV,SMA_20",EMA_26
ICICIBANK,2023-03-20,2023,1,Sideways,1,0.5887,BUY,1,0,0.8942,SELL,0,10,"SMA_50,RSI_14,Stochastic,OBV,EMA_26,Volume_MA,CCI,BB_Upper,BB_Width,ATR_14",SMA_50
ICICIBANK,2023-03-21,2023,1,Sideways,1,0.5894,BUY,1,0,0.8748,SELL,0,10,"SMA_50,RSI_14,Stochastic,OBV,EMA_26,Volume_MA,CCI,BB_Upper,BB_Width,ATR_14",SMA_50
ICICIBANK,2023-03-22,2023,1,Sideways,1,0.5901,BUY,1,0,0.871,SELL,0,10,"SMA_50,RSI_14,Stochastic,OBV,EMA_26,Volume_MA,CCI,BB_Upper,BB_Width,ATR_14",SMA_50
ICICIBANK,2023-03-23,2023,1,Sideways,1,0.5907,BUY,1,0,0.8752,SELL,0,10,"SMA_50,RSI_14,Stochastic,OBV,EMA_26,Volume_MA,CCI,BB_Upper,BB_Width,ATR_14",SMA_50
ICICIBANK,2023-03-24,2023,1,Sideways,1,0.5914,BUY,1,0,0.8669,SELL,0,10,"SMA_50,RSI_14,Stochastic,OBV,EMA_26,Volume_MA,CCI,BB_Upper,BB_Width,ATR_14",SMA_50
ICICIBANK,2023-03-27,2023,1,Sideways,1,0.5921,BUY,1,0,0.8512,SELL,0,10,"SMA_50,RSI_14,Stochastic,OBV,EMA_26,Volume_MA,CCI,BB_Upper,BB_Width,ATR_14",SMA_50
ICICIBANK,2023-03-28,2023,1,Sideways,1,0.5927,BUY,1,0,0.8313,SELL,0,10,"SMA_50,RSI_14,Stochastic,OBV,EMA_26,Volume_MA,CCI,BB_Upper,BB_Width,ATR_14",SMA_50
ICICIBANK,2023-03-29,2023,1,Sideways,1,0.5934,BUY,1,0,0.8209,SELL,0,10,"SMA_50,RSI_14,Stochastic,OBV,EMA_26,Volume_MA,CCI,BB_Upper,BB_Width,ATR_14",SMA_50
ICICIBANK,2023-03-31,2023,1,Sideways,1,0.594,BUY,1,0,0.7771,SELL,0,10,"SMA_50,RSI_14,Stochastic,OBV,EMA_26,Volume_MA,CCI,BB_Upper,BB_Width,ATR_14",SMA_50
ICICIBANK,2023-04-03,2023,1,Sideways,1,0.5947,BUY,1,0,0.7476,SELL,0,10,"SMA_50,RSI_14,Stochastic,OBV,EMA_26,Volume_MA,CCI,BB_Upper,BB_Width,ATR_14",SMA_50
ICICIBANK,2023-04-05,2023,1,Sideways,1,0.5954,BUY,1,0,0.7234,SELL,0,10,"SMA_50,RSI_14,Stochastic,OBV,EMA_26,Volume_MA,CCI,BB_Upper,BB_Width,ATR_14",SMA_50
ICICIBANK,2023-04-06,2023,1,Sideways,1,0.596,BUY,1,0,0.6804,SELL,0,10,"SMA_50,RSI_14,Stochastic,OBV,EMA_26,Volume_MA,CCI,BB_Upper,BB_Width,ATR_14",SMA_50
ICICIBANK,2023-04-10,2023,1,Sideways,1,0.5967,BUY,1,0,0.6334,SELL,0,10,"SMA_50,RSI_14,Stochastic,OBV,EMA_26,Volume_MA,CCI,BB_Upper,BB_Width,ATR_14",SMA_50
ICICIBANK,2023-04-11,2023,1,Sideways,1,0.5973,BUY,1,0,0.538,NO TRADE,0,10,"SMA_50,RSI_14,Stochastic,OBV,EMA_26,Volume_MA,CCI,BB_Upper,BB_Width,ATR_14",SMA_50
ICICIBANK,2023-04-12,2023,1,Sideways,1,0.598,BUY,1,0,0.5021,NO TRADE,0,10,"SMA_50,RSI_14,Stochastic,OBV,EMA_26,Volume_MA,CCI,BB_Upper,BB_Width,ATR_14",SMA_50
ICICIBANK,2023-04-13,2023,1,Sideways,1,0.5986,BUY,1,1,0.5342,NO TRADE,1,10,"SMA_50,RSI_14,Stochastic,OBV,EMA_26,Volume_MA,CCI,BB_Upper,BB_Width,ATR_14",SMA_50
ICICIBANK,2023-04-17,2023,1,Sideways,1,0.5992,BUY,1,1,0.5866,BUY,1,10,"SMA_50,RSI_14,Stochastic,OBV,EMA_26,Volume_MA,CCI,BB_Upper,BB_Width,ATR_14",SMA_50
ICICIBANK,2023-04-18,2023,1,Sideways,1,0.5999,BUY,1,1,0.6199,BUY,1,10,"SMA_50,RSI_14,Stochastic,OBV,EMA_26,Volume_MA,CCI,BB_Upper,BB_Width,ATR_14",SMA_50
ICICIBANK,2023-04-19,2023,1,Sideways,1,0.6005,BUY,1,1,0.6295,BUY,1,10,"SMA_50,RSI_14,Stochastic,OBV,EMA_26,Volume_MA,CCI,BB_Upper,BB_Width,ATR_14",SMA_50
ICICIBANK,2023-04-20,2023,1,Sideways,1,0.6012,BUY,1,1,0.6342,BUY,1,10,"SMA_50,RSI_14,Stochastic,OBV,EMA_26,Volume_MA,CCI,BB_Upper,BB_Width,ATR_14",SMA_50
ICICIBANK,2023-04-21,2023,1,Sideways,1,0.6018,BUY,1,1,0.6329,BUY,1,10,"SMA_50,RSI_14,Stochastic,OBV,EMA_26,Volume_MA,CCI,BB_Upper,BB_Width,ATR_14",SMA_50
ICICIBANK,2023-04-24,2023,1,Sideways,1,0.6024,BUY,1,1,0.627,BUY,1,10,"SMA_50,RSI_14,Stochastic,OBV,EMA_26,Volume_MA,CCI,BB_Upper,BB_Width,ATR_14",SMA_50
ICICIBANK,2023-04-25,2023,1,Sideways,1,0.6031,BUY,1,1,0.6916,BUY,1,10,"SMA_50,RSI_14,Stochastic,OBV,EMA_26,Volume_MA,CCI,BB_Upper,BB_Width,ATR_14",SMA_50
ICICIBANK,2023-04-26,2023,1,Sideways,1,0.6037,BUY,1,1,0.7236,BUY,1,10,"SMA_50,RSI_14,Stochastic,OBV,EMA_26,Volume_MA,CCI,BB_Upper,BB_Width,ATR_14",SMA_50
ICICIBANK,2023-04-27,2023,1,Sideways,1,0.6043,BUY,1,1,0.7433,BUY,1,10,"SMA_50,RSI_14,Stochastic,OBV,EMA_26,Volume_MA,CCI,BB_Upper,BB_Width,ATR_14",SMA_50
ICICIBANK,2023-04-28,2023,1,Sideways,1,0.6049,BUY,1,1,0.7391,BUY,1,10,"SMA_50,RSI_14,Stochastic,OBV,EMA_26,Volume_MA,CCI,BB_Upper,BB_Width,ATR_14",SMA_50
ICICIBANK,2023-05-02,2023,1,Sideways,1,0.6056,BUY,1,1,0.7042,BUY,1,10,"SMA_50,RSI_14,Stochastic,OBV,EMA_26,Volume_MA,CCI,BB_Upper,BB_Width,ATR_14",SMA_50
ICICIBANK,2023-05-03,2023,1,Sideways,1,0.6062,BUY,1,1,0.6384,BUY,1,10,"SMA_50,RSI_14,Stochastic,OBV,EMA_26,Volume_MA,CCI,BB_Upper,BB_Width,ATR_14",SMA_50
ICICIBANK,2023-05-04,2023,1,Sideways,1,0.6068,BUY,1,1,0.6378,BUY,1,10,"SMA_50,RSI_14,Stochastic,OBV,EMA_26,Volume_MA,CCI,BB_Upper,BB_Width,ATR_14",SMA_50
ICICIBANK,2023-05-05,2023,1,Sideways,1,0.6074,BUY,1,1,0.6716,BUY,1,10,"SMA_50,RSI_14,Stochastic,OBV,EMA_26,Volume_MA,CCI,BB_Upper,BB_Width,ATR_14",SMA_50
ICICIBANK,2023-05-08,2023,1,Sideways,1,0.608,BUY,1,0,0.9144,SELL,0,10,"SMA_50,MACD,OBV,Rolling_Volatility,Volume_MA,MACD_Hist,ATR_14,BB_Upper,Rolling_Std_10,SMA_20",SMA_50
ICICIBANK,2023-05-09,2023,1,Sideways,1,0.6086,BUY,1,0,0.9003,SELL,0,10,"SMA_50,MACD,OBV,Rolling_Volatility,Volume_MA,MACD_Hist,ATR_14,BB_Upper,Rolling_Std_10,SMA_20",SMA_50
ICICIBANK,2023-05-10,2023,1,Sideways,1,0.6092,BUY,1,0,0.8966,SELL,0,10,"SMA_50,MACD,OBV,Rolling_Volatility,Volume_MA,MACD_Hist,ATR_14,BB_Upper,Rolling_Std_10,SMA_20",SMA_50
ICICIBANK,2023-05-11,2023,0,Sideways,1,0.6099,BUY,0,0,0.9068,SELL,1,10,"SMA_50,MACD,OBV,Rolling_Volatility,Volume_MA,MACD_Hist,ATR_14,BB_Upper,Rolling_Std_10,SMA_20",SMA_50
ICICIBANK,2023-05-12,2023,0,Sideways,1,0.6089,BUY,0,0,0.9261,SELL,1,10,"SMA_50,MACD,OBV,Rolling_Volatility,Volume_MA,MACD_Hist,ATR_14,BB_Upper,Rolling_Std_10,SMA_20",SMA_50
ICICIBANK,2023-05-15,2023,0,Sideways,1,0.608,BUY,0,0,0.9453,SELL,1,10,"SMA_50,MACD,OBV,Rolling_Volatility,Volume_MA,MACD_Hist,ATR_14,BB_Upper,Rolling_Std_10,SMA_20",SMA_50
ICICIBANK,2023-05-16,2023,0,Sideways,1,0.607,BUY,0,0,0.9567,SELL,1,10,"SMA_50,MACD,OBV,Rolling_Volatility,Volume_MA,MACD_Hist,ATR_14,BB_Upper,Rolling_Std_10,SMA_20",SMA_50
ICICIBANK,2023-05-17,2023,1,Sideways,1,0.6061,BUY,1,0,0.9661,SELL,0,10,"SMA_50,MACD,OBV,Rolling_Volatility,Volume_MA,MACD_Hist,ATR_14,BB_Upper,Rolling_Std_10,SMA_20",SMA_50
ICICIBANK,2023-05-18,2023,0,Sideways,1,0.6067,BUY,0,0,0.965,SELL,1,10,"SMA_50,MACD,OBV,Rolling_Volatility,Volume_MA,MACD_Hist,ATR_14,BB_Upper,Rolling_Std_10,SMA_20",SMA_50
ICICIBANK,2023-05-19,2023,0,Sideways,1,0.6057,BUY,0,0,0.9695,SELL,1,10,"SMA_50,MACD,OBV,Rolling_Volatility,Volume_MA,MACD_Hist,ATR_14,BB_Upper,Rolling_Std_10,SMA_20",SMA_50
ICICIBANK,2023-05-22,2023,0,Sideways,1,0.6048,BUY,0,0,0.9746,SELL,1,10,"SMA_50,MACD,OBV,Rolling_Volatility,Volume_MA,MACD_Hist,ATR_14,BB_Upper,Rolling_Std_10,SMA_20",SMA_50
ICICIBANK,2023-05-23,2023,0,Sideways,1,0.6039,BUY,0,0,0.9747,SELL,1,10,"SMA_50,MACD,OBV,Rolling_Volatility,Volume_MA,MACD_Hist,ATR_14,BB_Upper,Rolling_Std_10,SMA_20",SMA_50
ICICIBANK,2023-05-24,2023,0,Sideways,1,0.603,BUY,0,0,0.9811,SELL,1,10,"SMA_50,MACD,OBV,Rolling_Volatility,Volume_MA,MACD_Hist,ATR_14,BB_Upper,Rolling_Std_10,SMA_20",SMA_50
ICICIBANK,2023-05-25,2023,0,Sideways,1,0.602,BUY,0,0,0.983,SELL,1,10,"SMA_50,MACD,OBV,Rolling_Volatility,Volume_MA,MACD_Hist,ATR_14,BB_Upper,Rolling_Std_10,SMA_20",SMA_50
ICICIBANK,2023-05-26,2023,0,Sideways,1,0.6011,BUY,0,0,0.9845,SELL,1,10,"SMA_50,MACD,OBV,Rolling_Volatility,Volume_MA,MACD_Hist,ATR_14,BB_Upper,Rolling_Std_10,SMA_20",SMA_50
ICICIBANK,2023-05-29,2023,0,Sideways,1,0.6002,BUY,0,0,0.9859,SELL,1,10,"SMA_50,MACD,OBV,Rolling_Volatility,Volume_MA,MACD_Hist,ATR_14,BB_Upper,Rolling_Std_10,SMA_20",SMA_50
ICICIBANK,2023-05-30,2023,0,Sideways,1,0.5993,BUY,0,0,0.9871,SELL,1,10,"SMA_50,MACD,OBV,Rolling_Volatility,Volume_MA,MACD_Hist,ATR_14,BB_Upper,Rolling_Std_10,SMA_20",SMA_50
ICICIBANK,2023-05-31,2023,0,Sideways,1,0.5984,BUY,0,0,0.9871,SELL,1,10,"SMA_50,MACD,OBV,Rolling_Volatility,Volume_MA,MACD_Hist,ATR_14,BB_Upper,Rolling_Std_10,SMA_20",SMA_50
ICICIBANK,2023-06-01,2023,0,Sideways,1,0.5975,BUY,0,0,0.9855,SELL,1,10,"SMA_50,MACD,OBV,Rolling_Volatility,Volume_MA,MACD_Hist,ATR_14,BB_Upper,Rolling_Std_10,SMA_20",SMA_50
ICICIBANK,2023-06-02,2023,1,Sideways,1,0.5965,BUY,1,0,0.9862,SELL,0,10,"SMA_50,MACD,OBV,Rolling_Volatility,Volume_MA,MACD_Hist,ATR_14,BB_Upper,Rolling_Std_10,SMA_20",SMA_50
ICICIBANK,2023-06-05,2023,0,Sideways,1,0.5972,BUY,0,0,0.9844,SELL,1,10,"SMA_50,MACD,OBV,Rolling_Volatility,Volume_MA,MACD_Hist,ATR_14,BB_Upper,Rolling_Std_10,SMA_20",SMA_50
ICICIBANK,2023-06-06,2023,1,Sideways,1,0.5963,BUY,1,0,0.9854,SELL,0,10,"SMA_50,MACD,OBV,Rolling_Volatility,Volume_MA,MACD_Hist,ATR_14,BB_Upper,Rolling_Std_10,SMA_20",SMA_50
ICICIBANK,2023-06-07,2023,1,Sideways,1,0.5969,BUY,1,0,0.9842,SELL,0,10,"SMA_50,MACD,OBV,Rolling_Volatility,Volume_MA,MACD_Hist,ATR_14,BB_Upper,Rolling_Std_10,SMA_20",SMA_50
ICICIBANK,2023-06-08,2023,1,Sideways,1,0.5975,BUY,1,0,0.9812,SELL,0,10,"SMA_50,MACD,OBV,Rolling_Volatility,Volume_MA,MACD_Hist,ATR_14,BB_Upper,Rolling_Std_10,SMA_20",SMA_50
ICICIBANK,2023-06-09,2023,1,Sideways,1,0.5981,BUY,1,0,0.979,SELL,0,10,"SMA_50,MACD,OBV,Rolling_Volatility,Volume_MA,MACD_Hist,ATR_14,BB_Upper,Rolling_Std_10,SMA_20",SMA_50
ICICIBANK,2023-06-12,2023,1,Sideways,1,0.5987,BUY,1,0,0.9761,SELL,0,10,"SMA_50,MACD,OBV,Rolling_Volatility,Volume_MA,MACD_Hist,ATR_14,BB_Upper,Rolling_Std_10,SMA_20",SMA_50
ICICIBANK,2023-06-13,2023,1,Sideways,1,0.5993,BUY,1,0,0.9745,SELL,0,10,"SMA_50,MACD,OBV,Rolling_Volatility,Volume_MA,MACD_Hist,ATR_14,BB_Upper,Rolling_Std_10,SMA_20",SMA_50
ICICIBANK,2023-06-14,2023,1,Sideways,1,0.5999,BUY,1,0,0.972,SELL,0,10,"SMA_50,MACD,OBV,Rolling_Volatility,Volume_MA,MACD_Hist,ATR_14,BB_Upper,Rolling_Std_10,SMA_20",SMA_50
ICICIBANK,2023-06-15,2023,1,Sideways,1,0.6005,BUY,1,0,0.9649,SELL,0,10,"SMA_50,MACD,OBV,Rolling_Volatility,Volume_MA,MACD_Hist,ATR_14,BB_Upper,Rolling_Std_10,SMA_20",SMA_50
ICICIBANK,2023-06-16,2023,1,Sideways,1,0.6011,BUY,1,0,0.9609,SELL,0,10,"SMA_50,MACD,OBV,Rolling_Volatility,Volume_MA,MACD_Hist,ATR_14,BB_Upper,Rolling_Std_10,SMA_20",SMA_50
ICICIBANK,2023-06-19,2023,1,Sideways,1,0.6017,BUY,1,0,1.0,SELL,0,10,"BB_Upper,EMA_26,SMA_50,OBV,BB_Width,ATR_14,SMA_20,MACD_Hist,CCI,MACD",BB_Upper
ICICIBANK,2023-06-20,2023,1,Sideways,1,0.6023,BUY,1,0,0.9704,SELL,0,10,"BB_Upper,EMA_26,SMA_50,OBV,BB_Width,ATR_14,SMA_20,MACD_Hist,CCI,MACD",BB_Upper
ICICIBANK,2023-06-21,2023,1,Sideways,1,0.6029,BUY,1,0,0.844,SELL,0,10,"BB_Upper,EMA_26,SMA_50,OBV,BB_Width,ATR_14,SMA_20,MACD_Hist,CCI,MACD",BB_Upper
ICICIBANK,2023-06-22,2023,1,Sideways,1,0.6035,BUY,1,0,0.745,SELL,0,10,"BB_Upper,EMA_26,SMA_50,OBV,BB_Width,ATR_14,SMA_20,MACD_Hist,CCI,MACD",BB_Upper
ICICIBANK,2023-06-23,2023,1,Sideways,1,0.604,BUY,1,0,0.7119,SELL,0,10,"BB_Upper,EMA_26,SMA_50,OBV,BB_Width,ATR_14,SMA_20,MACD_Hist,CCI,MACD",BB_Upper
ICICIBANK,2023-06-26,2023,1,Sideways,1,0.6046,BUY,1,0,0.712,SELL,0,10,"BB_Upper,EMA_26,SMA_50,OBV,BB_Width,ATR_14,SMA_20,MACD_Hist,CCI,MACD",BB_Upper
ICICIBANK,2023-06-27,2023,1,Sideways,1,0.6052,BUY,1,0,0.7391,SELL,0,10,"BB_Upper,EMA_26,SMA_50,OBV,BB_Width,ATR_14,SMA_20,MACD_Hist,CCI,MACD",BB_Upper
ICICIBANK,2023-06-28,2023,1,Sideways,1,0.6058,BUY,1,0,0.7355,SELL,0,10,"BB_Upper,EMA_26,SMA_50,OBV,BB_Width,ATR_14,SMA_20,MACD_Hist,CCI,MACD",BB_Upper
ICICIBANK,2023-06-30,2023,1,Sideways,1,0.6064,BUY,1,0,0.7341,SELL,0,10,"BB_Upper,EMA_26,SMA_50,OBV,BB_Width,ATR_14,SMA_20,MACD_Hist,CCI,MACD",BB_Upper
ICICIBANK,2023-07-03,2023,1,Sideways,1,0.607,BUY,1,0,0.658,SELL,0,10,"BB_Upper,EMA_26,SMA_50,OBV,BB_Width,ATR_14,SMA_20,MACD_Hist,CCI,MACD",BB_Upper
ICICIBANK,2023-07-04,2023,1,Sideways,1,0.6075,BUY,1,0,0.6044,SELL,0,10,"BB_Upper,EMA_26,SMA_50,OBV,BB_Width,ATR_14,SMA_20,MACD_Hist,CCI,MACD",BB_Upper
ICICIBANK,2023-07-05,2023,1,Sideways,1,0.6081,BUY,1,0,0.5172,NO TRADE,0,10,"BB_Upper,EMA_26,SMA_50,OBV,BB_Width,ATR_14,SMA_20,MACD_Hist,CCI,MACD",BB_Upper
ICICIBANK,2023-07-06,2023,1,Sideways,1,0.6087,BUY,1,1,0.5069,NO TRADE,1,10,"BB_Upper,EMA_26,SMA_50,OBV,BB_Width,ATR_14,SMA_20,MACD_Hist,CCI,MACD",BB_Upper
ICICIBANK,2023-07-07,2023,1,Sideways,1,0.6093,BUY,1,1,0.5137,NO TRADE,1,10,"BB_Upper,EMA_26,SMA_50,OBV,BB_Width,ATR_14,SMA_20,MACD_Hist,CCI,MACD",BB_Upper
ICICIBANK,2023-07-10,2023,1,Sideways,1,0.6098,BUY,1,1,0.5193,NO TRADE,1,10,"BB_Upper,EMA_26,SMA_50,OBV,BB_Width,ATR_14,SMA_20,MACD_Hist,CCI,MACD",BB_Upper
ICICIBANK,2023-07-11,2023,1,Sideways,1,0.6104,BUY,1,1,0.5301,NO TRADE,1,10,"BB_Upper,EMA_26,SMA_50,OBV,BB_Width,ATR_14,SMA_20,MACD_Hist,CCI,MACD",BB_Upper
ICICIBANK,2023-07-12,2023,1,Sideways,1,0.611,BUY,1,1,0.5393,NO TRADE,1,10,"BB_Upper,EMA_26,SMA_50,OBV,BB_Width,ATR_14,SMA_20,MACD_Hist,CCI,MACD",BB_Upper
ICICIBANK,2023-07-13,2023,1,Sideways,1,0.6116,BUY,1,1,0.5461,NO TRADE,1,10,"BB_Upper,EMA_26,SMA_50,OBV,BB_Width,ATR_14,SMA_20,MACD_Hist,CCI,MACD",BB_Upper
ICICIBANK,2023-07-14,2023,1,Sideways,1,0.6121,BUY,1,1,0.5271,NO TRADE,1,10,"BB_Upper,EMA_26,SMA_50,OBV,BB_Width,ATR_14,SMA_20,MACD_Hist,CCI,MACD",BB_Upper
ICICIBANK,2023-07-17,2023,0,Sideways,1,0.6127,BUY,0,1,0.5316,NO TRADE,0,10,"BB_Upper,EMA_26,SMA_50,OBV,BB_Width,ATR_14,SMA_20,MACD_Hist,CCI,MACD",BB_Upper
ICICIBANK,2023-07-18,2023,0,Sideways,1,0.6118,BUY,0,1,0.5246,NO TRADE,0,10,"BB_Upper,EMA_26,SMA_50,OBV,BB_Width,ATR_14,SMA_20,MACD_Hist,CCI,MACD",BB_Upper
ICICIBANK,2023-07-19,2023,0,Sideways,1,0.6109,BUY,0,0,0.5109,NO TRADE,1,10,"BB_Upper,EMA_26,SMA_50,OBV,BB_Width,ATR_14,SMA_20,MACD_Hist,CCI,MACD",BB_Upper
ICICIBANK,2023-07-20,2023,0,Sideways,1,0.61,BUY,0,0,0.5523,SELL,1,10,"BB_Upper,EMA_26,SMA_50,OBV,BB_Width,ATR_14,SMA_20,MACD_Hist,CCI,MACD",BB_Upper
ICICIBANK,2023-07-21,2023,0,Sideways,1,0.6091,BUY,0,0,0.6138,SELL,1,10,"BB_Upper,EMA_26,SMA_50,OBV,BB_Width,ATR_14,SMA_20,MACD_Hist,CCI,MACD",BB_Upper
ICICIBANK,2023-07-24,2023,0,Sideways,1,0.6083,BUY,0,0,0.6749,SELL,1,10,"BB_Upper,EMA_26,SMA_50,OBV,BB_Width,ATR_14,SMA_20,MACD_Hist,CCI,MACD",BB_Upper
ICICIBANK,2023-07-25,2023,0,Sideways,1,0.6074,BUY,0,0,0.7257,SELL,1,10,"BB_Upper,EMA_26,SMA_50,OBV,BB_Width,ATR_14,SMA_20,MACD_Hist,CCI,MACD",BB_Upper
ICICIBANK,2023-07-26,2023,0,Sideways,1,0.6065,BUY,0,0,0.7622,SELL,1,10,"BB_Upper,EMA_26,SMA_50,OBV,BB_Width,ATR_14,SMA_20,MACD_Hist,CCI,MACD",BB_Upper
ICICIBANK,2023-07-27,2023,0,Sideways,1,0.6056,BUY,0,0,0.7795,SELL,1,10,"BB_Upper,EMA_26,SMA_50,OBV,BB_Width,ATR_14,SMA_20,MACD_Hist,CCI,MACD",BB_Upper
ICICIBANK,2023-07-28,2023,0,Sideways,1,0.6048,BUY,0,0,0.7936,SELL,1,10,"BB_Upper,EMA_26,SMA_50,OBV,BB_Width,ATR_14,SMA_20,MACD_Hist,CCI,MACD",BB_Upper
ICICIBANK,2023-07-31,2023,0,Sideways,1,0.6039,BUY,0,0,0.8006,SELL,1,10,"BB_Upper,EMA_26,SMA_50,OBV,BB_Width,ATR_14,SMA_20,MACD_Hist,CCI,MACD",BB_Upper
ICICIBANK,2023-08-01,2023,0,Sideways,1,0.603,BUY,0,0,0.9261,SELL,1,10,"BB_Upper,ATR_14,Volume_MA,EMA_26,MACD_Hist,SMA_20,Volume_Ratio,SMA_50,BB_Width,Rolling_Median_Return",BB_Upper
ICICIBANK,2023-08-02,2023,0,Sideways,1,0.6022,BUY,0,0,0.9258,SELL,1,10,"BB_Upper,ATR_14,Volume_MA,EMA_26,MACD_Hist,SMA_20,Volume_Ratio,SMA_50,BB_Width,Rolling_Median_Return",BB_Upper
ICICIBANK,2023-08-03,2023,1,Sideways,1,0.6013,BUY,1,1,0.8615,BUY,1,10,"BB_Upper,ATR_14,Volume_MA,EMA_26,MACD_Hist,SMA_20,Volume_Ratio,SMA_50,BB_Width,Rolling_Median_Return",BB_Upper
ICICIBANK,2023-08-04,2023,1,Sideways,1,0.6019,BUY,1,0,0.7764,SELL,0,10,"BB_Upper,ATR_14,Volume_MA,EMA_26,MACD_Hist,SMA_20,Volume_Ratio,SMA_50,BB_Width,Rolling_Median_Return",BB_Upper
ICICIBANK,2023-08-07,2023,1,Sideways,1,0.6025,BUY,1,0,0.9277,SELL,0,10,"BB_Upper,ATR_14,Volume_MA,EMA_26,MACD_Hist,SMA_20,Volume_Ratio,SMA_50,BB_Width,Rolling_Median_Return",BB_Upper
ICICIBANK,2023-08-08,2023,0,Sideways,1,0.603,BUY,0,0,0.6848,SELL,1,10,"BB_Upper,ATR_14,Volume_MA,EMA_26,MACD_Hist,SMA_20,Volume_Ratio,SMA_50,BB_Width,Rolling_Median_Return",BB_Upper
ICICIBANK,2023-08-09,2023,0,Sideways,1,0.6022,BUY,0,0,0.8519,SELL,1,10,"BB_Upper,ATR_14,Volume_MA,EMA_26,MACD_Hist,SMA_20,Volume_Ratio,SMA_50,BB_Width,Rolling_Median_Return",BB_Upper
ICICIBANK,2023-08-10,2023,1,Sideways,1,0.6013,BUY,1,0,0.6436,SELL,0,10,"BB_Upper,ATR_14,Volume_MA,EMA_26,MACD_Hist,SMA_20,Volume_Ratio,SMA_50,BB_Width,Rolling_Median_Return",BB_Upper
ICICIBANK,2023-08-11,2023,1,Sideways,1,0.6019,BUY,1,0,0.834,SELL,0,10,"BB_Upper,ATR_14,Volume_MA,EMA_26,MACD_Hist,SMA_20,Volume_Ratio,SMA_50,BB_Width,Rolling_Median_Return",BB_Upper
ICICIBANK,2023-08-14,2023,1,Sideways,1,0.6024,BUY,1,0,0.7273,SELL,0,10,"BB_Upper,ATR_14,Volume_MA,EMA_26,MACD_Hist,SMA_20,Volume_Ratio,SMA_50,BB_Width,Rolling_Median_Return",BB_Upper
ICICIBANK,2023-08-16,2023,1,Sideways,1,0.603,BUY,1,0,0.7236,SELL,0,10,"BB_Upper,ATR_14,Volume_MA,EMA_26,MACD_Hist,SMA_20,Volume_Ratio,SMA_50,BB_Width,Rolling_Median_Return",BB_Upper
ICICIBANK,2023-08-17,2023,1,Sideways,1,0.6036,BUY,1,1,0.6974,BUY,1,10,"BB_Upper,ATR_14,Volume_MA,EMA_26,MACD_Hist,SMA_20,Volume_Ratio,SMA_50,BB_Width,Rolling_Median_Return",BB_Upper
ICICIBANK,2023-08-18,2023,1,Sideways,1,0.6041,BUY,1,0,0.8113,SELL,0,10,"BB_Upper,ATR_14,Volume_MA,EMA_26,MACD_Hist,SMA_20,Volume_Ratio,SMA_50,BB_Width,Rolling_Median_Return",BB_Upper
ICICIBANK,2023-08-21,2023,1,Sideways,1,0.6047,BUY,1,0,0.7211,SELL,0,10,"BB_Upper,ATR_14,Volume_MA,EMA_26,MACD_Hist,SMA_20,Volume_Ratio,SMA_50,BB_Width,Rolling_Median_Return",BB_Upper
ICICIBANK,2023-08-22,2023,1,Sideways,1,0.6052,BUY,1,0,0.5237,NO TRADE,0,10,"BB_Upper,ATR_14,Volume_MA,EMA_26,MACD_Hist,SMA_20,Volume_Ratio,SMA_50,BB_Width,Rolling_Median_Return",BB_Upper
ICICIBANK,2023-08-23,2023,0,Sideways,1,0.6058,BUY,0,0,0.5293,NO TRADE,1,10,"BB_Upper,ATR_14,Volume_MA,EMA_26,MACD_Hist,SMA_20,Volume_Ratio,SMA_50,BB_Width,Rolling_Median_Return",BB_Upper
ICICIBANK,2023-08-24,2023,0,Sideways,1,0.6049,BUY,0,1,0.8786,BUY,0,10,"BB_Upper,ATR_14,Volume_MA,EMA_26,MACD_Hist,SMA_20,Volume_Ratio,SMA_50,BB_Width,Rolling_Median_Return",BB_Upper
ICICIBANK,2023-08-25,2023,0,Sideways,1,0.6041,BUY,0,0,0.672,SELL,1,10,"BB_Upper,ATR_14,Volume_MA,EMA_26,MACD_Hist,SMA_20,Volume_Ratio,SMA_50,BB_Width,Rolling_Median_Return",BB_Upper
ICICIBANK,2023-08-28,2023,0,Sideways,1,0.6032,BUY,0,0,0.7309,SELL,1,10,"BB_Upper,ATR_14,Volume_MA,EMA_26,MACD_Hist,SMA_20,Volume_Ratio,SMA_50,BB_Width,Rolling_Median_Return",BB_Upper
ICICIBANK,2023-08-29,2023,0,Sideways,1,0.6024,BUY,0,0,0.6939,SELL,1,10,"BB_Upper,ATR_14,Volume_MA,EMA_26,MACD_Hist,SMA_20,Volume_Ratio,SMA_50,BB_Width,Rolling_Median_Return",BB_Upper
ICICIBANK,2023-08-30,2023,0,Sideways,1,0.6016,BUY,0,0,0.6942,SELL,1,10,"BB_Upper,ATR_14,Volume_MA,EMA_26,MACD_Hist,SMA_20,Volume_Ratio,SMA_50,BB_Width,Rolling_Median_Return",BB_Upper
ICICIBANK,2023-08-31,2023,0,Sideways,1,0.6007,BUY,0,1,0.9524,BUY,0,10,"BB_Upper,ATR_14,Volume_MA,EMA_26,MACD_Hist,SMA_20,Volume_Ratio,SMA_50,BB_Width,Rolling_Median_Return",BB_Upper
ICICIBANK,2023-09-01,2023,0,Sideways,1,0.5999,BUY,0,0,0.6662,SELL,1,10,"BB_Upper,ATR_14,Volume_MA,EMA_26,MACD_Hist,SMA_20,Volume_Ratio,SMA_50,BB_Width,Rolling_Median_Return",BB_Upper
ICICIBANK,2023-09-04,2023,0,Sideways,1,0.5991,BUY,0,0,0.7887,SELL,1,10,"BB_Upper,ATR_14,Volume_MA,EMA_26,MACD_Hist,SMA_20,Volume_Ratio,SMA_50,BB_Width,Rolling_Median_Return",BB_Upper
ICICIBANK,2023-09-05,2023,0,Sideways,1,0.5982,BUY,0,0,0.6809,SELL,1,10,"BB_Upper,ATR_14,Volume_MA,EMA_26,MACD_Hist,SMA_20,Volume_Ratio,SMA_50,BB_Width,Rolling_Median_Return",BB_Upper
ICICIBANK,2023-09-06,2023,0,Sideways,1,0.5974,BUY,0,1,0.5805,BUY,0,10,"BB_Upper,ATR_14,Volume_MA,EMA_26,MACD_Hist,SMA_20,Volume_Ratio,SMA_50,BB_Width,Rolling_Median_Return",BB_Upper
ICICIBANK,2023-09-07,2023,0,Sideways,1,0.5966,BUY,0,0,0.7232,SELL,1,10,"BB_Upper,ATR_14,Volume_MA,EMA_26,MACD_Hist,SMA_20,Volume_Ratio,SMA_50,BB_Width,Rolling_Median_Return",BB_Upper
ICICIBANK,2023-09-08,2023,0,Sideways,1,0.5958,BUY,0,0,0.7422,SELL,1,10,"BB_Upper,ATR_14,Volume_MA,EMA_26,MACD_Hist,SMA_20,Volume_Ratio,SMA_50,BB_Width,Rolling_Median_Return",BB_Upper
ICICIBANK,2023-09-11,2023,0,Sideways,1,0.5949,BUY,0,0,0.8637,SELL,1,10,"BB_Upper,ATR_14,Volume_MA,EMA_26,MACD_Hist,SMA_20,Volume_Ratio,SMA_50,BB_Width,Rolling_Median_Return",BB_Upper
ICICIBANK,2023-09-12,2023,0,Sideways,1,0.5941,BUY,0,0,0.6762,SELL,1,10,"BB_Upper,ATR_14,Volume_MA,EMA_26,MACD_Hist,SMA_20,Volume_Ratio,SMA_50,BB_Width,Rolling_Median_Return",BB_Upper
ICICIBANK,2023-09-13,2023,0,Sideways,1,0.5933,BUY,0,0,0.6091,SELL,1,10,"EMA_26,BB_Upper,ATR_14,SMA_20,Rolling_Median_Return,SMA_50,MACD_Hist,MACD,Volume_MA,SMA_10",EMA_26
ICICIBANK,2023-09-14,2023,0,Sideways,1,0.5925,BUY,0,0,0.6552,SELL,1,10,"EMA_26,BB_Upper,ATR_14,SMA_20,Rolling_Median_Return,SMA_50,MACD_Hist,MACD,Volume_MA,SMA_10",EMA_26
ICICIBANK,2023-09-15,2023,0,Sideways,1,0.5917,BUY,0,0,0.6878,SELL,1,10,"EMA_26,BB_Upper,ATR_14,SMA_20,Rolling_Median_Return,SMA_50,MACD_Hist,MACD,Volume_MA,SMA_10",EMA_26
ICICIBANK,2023-09-18,2023,0,Sideways,1,0.5909,BUY,0,0,0.7133,SELL,1,10,"EMA_26,BB_Upper,ATR_14,SMA_20,Rolling_Median_Return,SMA_50,MACD_Hist,MACD,Volume_MA,SMA_10",EMA_26
ICICIBANK,2023-09-20,2023,0,Sideways,1,0.5901,BUY,0,0,0.7132,SELL,1,10,"EMA_26,BB_Upper,ATR_14,SMA_20,Rolling_Median_Return,SMA_50,MACD_Hist,MACD,Volume_MA,SMA_10",EMA_26
ICICIBANK,2023-09-21,2023,0,Sideways,1,0.5893,BUY,0,0,0.68,SELL,1,10,"EMA_26,BB_Upper,ATR_14,SMA_20,Rolling_Median_Return,SMA_50,MACD_Hist,MACD,Volume_MA,SMA_10",EMA_26
ICICIBANK,2023-09-22,2023,0,Sideways,1,0.5885,BUY,0,0,0.5427,NO TRADE,1,10,"EMA_26,BB_Upper,ATR_14,SMA_20,Rolling_Median_Return,SMA_50,MACD_Hist,MACD,Volume_MA,SMA_10",EMA_26
ICICIBANK,2023-09-25,2023,0,Sideways,1,0.5877,BUY,0,0,0.522,NO TRADE,1,10,"EMA_26,BB_Upper,ATR_14,SMA_20,Rolling_Median_Return,SMA_50,MACD_Hist,MACD,Volume_MA,SMA_10",EMA_26
ICICIBANK,2023-09-26,2023,0,Sideways,1,0.5869,BUY,0,1,0.5474,NO TRADE,0,10,"EMA_26,BB_Upper,ATR_14,SMA_20,Rolling_Median_Return,SMA_50,MACD_Hist,MACD,Volume_MA,SMA_10",EMA_26
ICICIBANK,2023-09-27,2023,0,Sideways,1,0.5861,BUY,0,1,0.6035,BUY,0,10,"EMA_26,BB_Upper,ATR_14,SMA_20,Rolling_Median_Return,SMA_50,MACD_Hist,MACD,Volume_MA,SMA_10",EMA_26
ICICIBANK,2023-09-28,2023,0,Sideways,1,0.5853,BUY,0,1,0.6315,BUY,0,10,"EMA_26,BB_Upper,ATR_14,SMA_20,Rolling_Median_Return,SMA_50,MACD_Hist,MACD,Volume_MA,SMA_10",EMA_26
ICICIBANK,2023-09-29,2023,0,Sideways,1,0.5845,BUY,0,1,0.6139,BUY,0,10,"EMA_26,BB_Upper,ATR_14,SMA_20,Rolling_Median_Return,SMA_50,MACD_Hist,MACD,Volume_MA,SMA_10",EMA_26
ICICIBANK,2023-10-03,2023,0,Sideways,1,0.5837,BUY,0,1,0.7253,BUY,0,10,"EMA_26,BB_Upper,ATR_14,SMA_20,Rolling_Median_Return,SMA_50,MACD_Hist,MACD,Volume_MA,SMA_10",EMA_26
ICICIBANK,2023-10-04,2023,0,Sideways,1,0.5829,BUY,0,0,1.0,SELL,1,10,"EMA_26,BB_Upper,ATR_14,SMA_20,Rolling_Median_Return,SMA_50,MACD_Hist,MACD,Volume_MA,SMA_10",EMA_26
ICICIBANK,2023-10-05,2023,0,Sideways,1,0.5821,BUY,0,0,1.0,SELL,1,10,"EMA_26,BB_Upper,ATR_14,SMA_20,Rolling_Median_Return,SMA_50,MACD_Hist,MACD,Volume_MA,SMA_10",EMA_26
ICICIBANK,2023-10-06,2023,1,Sideways,1,0.5814,BUY,1,1,0.6939,BUY,1,10,"EMA_26,BB_Upper,ATR_14,SMA_20,Rolling_Median_Return,SMA_50,MACD_Hist,MACD,Volume_MA,SMA_10",EMA_26
ICICIBANK,2023-10-09,2023,1,Sideways,1,0.5819,BUY,1,1,0.7175,BUY,1,10,"EMA_26,BB_Upper,ATR_14,SMA_20,Rolling_Median_Return,SMA_50,MACD_Hist,MACD,Volume_MA,SMA_10",EMA_26
ICICIBANK,2023-10-10,2023,0,Sideways,1,0.5825,BUY,0,1,0.7402,BUY,0,10,"EMA_26,BB_Upper,ATR_14,SMA_20,Rolling_Median_Return,SMA_50,MACD_Hist,MACD,Volume_MA,SMA_10",EMA_26
ICICIBANK,2023-10-11,2023,0,Sideways,1,0.5817,BUY,0,1,0.6061,BUY,0,10,"EMA_26,BB_Upper,ATR_14,SMA_20,Rolling_Median_Return,SMA_50,MACD_Hist,MACD,Volume_MA,SMA_10",EMA_26
ICICIBANK,2023-10-12,2023,0,Sideways,1,0.5809,BUY,0,1,0.5719,BUY,0,10,"EMA_26,BB_Upper,ATR_14,SMA_20,Rolling_Median_Return,SMA_50,MACD_Hist,MACD,Volume_MA,SMA_10",EMA_26
ICICIBANK,2023-10-13,2023,0,Sideways,1,0.5801,BUY,0,1,0.5517,BUY,0,10,"EMA_26,BB_Upper,ATR_14,SMA_20,Rolling_Median_Return,SMA_50,MACD_Hist,MACD,Volume_MA,SMA_10",EMA_26
ICICIBANK,2023-10-16,2023,0,Sideways,1,0.5794,BUY,0,1,0.5414,NO TRADE,0,10,"EMA_26,BB_Upper,ATR_14,SMA_20,Rolling_Median_Return,SMA_50,MACD_Hist,MACD,Volume_MA,SMA_10",EMA_26
ICICIBANK,2023-10-17,2023,0,Sideways,1,0.5786,BUY,0,1,0.5022,NO TRADE,0,10,"EMA_26,BB_Upper,ATR_14,SMA_20,Rolling_Median_Return,SMA_50,MACD_Hist,MACD,Volume_MA,SMA_10",EMA_26
ICICIBANK,2023-10-18,2023,0,Sideways,1,0.5778,BUY,0,0,0.5061,NO TRADE,1,10,"EMA_26,BB_Upper,ATR_14,SMA_20,Rolling_Median_Return,SMA_50,MACD_Hist,MACD,Volume_MA,SMA_10",EMA_26
ICICIBANK,2023-10-19,2023,0,Sideways,1,0.5771,BUY,0,0,0.5002,NO TRADE,1,10,"EMA_26,BB_Upper,ATR_14,SMA_20,Rolling_Median_Return,SMA_50,MACD_Hist,MACD,Volume_MA,SMA_10",EMA_26
ICICIBANK,2023-10-20,2023,0,Sideways,1,0.5763,BUY,0,1,0.563,BUY,0,10,"EMA_26,BB_Upper,ATR_14,SMA_20,Rolling_Median_Return,SMA_50,MACD_Hist,MACD,Volume_MA,SMA_10",EMA_26
ICICIBANK,2023-10-23,2023,0,Sideways,1,0.5755,BUY,0,1,0.5744,BUY,0,10,"EMA_26,BB_Upper,ATR_14,SMA_20,Rolling_Median_Return,SMA_50,MACD_Hist,MACD,Volume_MA,SMA_10",EMA_26
ICICIBANK,2023-10-25,2023,1,Sideways,1,0.5748,BUY,1,1,0.6724,BUY,1,10,"EMA_26,BB_Upper,ATR_14,SMA_20,Rolling_Median_Return,SMA_50,MACD_Hist,MACD,Volume_MA,SMA_10",EMA_26
ICICIBANK,2023-10-26,2023,1,Sideways,1,0.5753,BUY,1,1,0.7217,BUY,1,10,"EMA_26,BB_Upper,ATR_14,SMA_20,Rolling_Median_Return,SMA_50,MACD_Hist,MACD,Volume_MA,SMA_10",EMA_26
ICICIBANK,2023-10-27,2023,1,Sideways,1,0.5759,BUY,1,1,0.75,BUY,1,10,"EMA_26,BB_Upper,ATR_14,SMA_20,Rolling_Median_Return,SMA_50,MACD_Hist,MACD,Volume_MA,SMA_10",EMA_26
ICICIBANK,2023-10-30,2023,1,Sideways,1,0.5765,BUY,1,0,0.5969,SELL,0,10,"EMA_26,ATR_14,MFI,SMA_50,MACD_Hist,RSI_14,CCI,Volume_MA,BB_Width,SMA_20",EMA_26
ICICIBANK,2023-10-31,2023,1,Sideways,1,0.577,BUY,1,0,0.6196,SELL,0,10,"EMA_26,ATR_14,MFI,SMA_50,MACD_Hist,RSI_14,CCI,Volume_MA,BB_Width,SMA_20",EMA_26
ICICIBANK,2023-11-01,2023,1,Sideways,1,0.5776,BUY,1,0,0.5779,SELL,0,10,"EMA_26,ATR_14,MFI,SMA_50,MACD_Hist,RSI_14,CCI,Volume_MA,BB_Width,SMA_20",EMA_26
ICICIBANK,2023-11-02,2023,1,Sideways,1,0.5781,BUY,1,1,0.5093,NO TRADE,1,10,"EMA_26,ATR_14,MFI,SMA_50,MACD_Hist,RSI_14,CCI,Volume_MA,BB_Width,SMA_20",EMA_26
ICICIBANK,2023-11-03,2023,1,Sideways,1,0.5787,BUY,1,1,0.612,BUY,1,10,"EMA_26,ATR_14,MFI,SMA_50,MACD_Hist,RSI_14,CCI,Volume_MA,BB_Width,SMA_20",EMA_26
ICICIBANK,2023-11-06,2023,1,Sideways,1,0.5792,BUY,1,1,0.6428,BUY,1,10,"EMA_26,ATR_14,MFI,SMA_50,MACD_Hist,RSI_14,CCI,Volume_MA,BB_Width,SMA_20",EMA_26
ICICIBANK,2023-11-07,2023,1,Sideways,1,0.5798,BUY,1,1,0.6727,BUY,1,10,"EMA_26,ATR_14,MFI,SMA_50,MACD_Hist,RSI_14,CCI,Volume_MA,BB_Width,SMA_20",EMA_26
ICICIBANK,2023-11-08,2023,1,Sideways,1,0.5803,BUY,1,1,0.6418,BUY,1,10,"EMA_26,ATR_14,MFI,SMA_50,MACD_Hist,RSI_14,CCI,Volume_MA,BB_Width,SMA_20",EMA_26
ICICIBANK,2023-11-09,2023,1,Sideways,1,0.5809,BUY,1,1,0.6391,BUY,1,10,"EMA_26,ATR_14,MFI,SMA_50,MACD_Hist,RSI_14,CCI,Volume_MA,BB_Width,SMA_20",EMA_26
ICICIBANK,2023-11-10,2023,1,Sideways,1,0.5814,BUY,1,1,0.6316,BUY,1,10,"EMA_26,ATR_14,MFI,SMA_50,MACD_Hist,RSI_14,CCI,Volume_MA,BB_Width,SMA_20",EMA_26
ICICIBANK,2023-11-13,2023,1,Sideways,1,0.582,BUY,1,1,0.6062,BUY,1,10,"EMA_26,ATR_14,MFI,SMA_50,MACD_Hist,RSI_14,CCI,Volume_MA,BB_Width,SMA_20",EMA_26
ICICIBANK,2023-11-15,2023,1,Sideways,1,0.5825,BUY,1,1,0.5963,BUY,1,10,"EMA_26,ATR_14,MFI,SMA_50,MACD_Hist,RSI_14,CCI,Volume_MA,BB_Width,SMA_20",EMA_26
ICICIBANK,2023-11-16,2023,1,Sideways,1,0.583,BUY,1,1,0.5852,BUY,1,10,"EMA_26,ATR_14,MFI,SMA_50,MACD_Hist,RSI_14,CCI,Volume_MA,BB_Width,SMA_20",EMA_26
ICICIBANK,2023-11-17,2023,1,Sideways,1,0.5836,BUY,1,1,0.5513,BUY,1,10,"EMA_26,ATR_14,MFI,SMA_50,MACD_Hist,RSI_14,CCI,Volume_MA,BB_Width,SMA_20",EMA_26
ICICIBANK,2023-11-20,2023,1,Sideways,1,0.5841,BUY,1,1,0.5717,BUY,1,10,"EMA_26,ATR_14,MFI,SMA_50,MACD_Hist,RSI_14,CCI,Volume_MA,BB_Width,SMA_20",EMA_26
ICICIBANK,2023-11-21,2023,1,Sideways,1,0.5847,BUY,1,1,0.6112,BUY,1,10,"EMA_26,ATR_14,MFI,SMA_50,MACD_Hist,RSI_14,CCI,Volume_MA,BB_Width,SMA_20",EMA_26
ICICIBANK,2023-11-22,2023,1,Sideways,1,0.5852,BUY,1,1,0.6006,BUY,1,10,"EMA_26,ATR_14,MFI,SMA_50,MACD_Hist,RSI_14,CCI,Volume_MA,BB_Width,SMA_20",EMA_26
ICICIBANK,2023-11-23,2023,1,Sideways,1,0.5857,BUY,1,1,0.609,BUY,1,10,"EMA_26,ATR_14,MFI,SMA_50,MACD_Hist,RSI_14,CCI,Volume_MA,BB_Width,SMA_20",EMA_26
ICICIBANK,2023-11-24,2023,1,Sideways,1,0.5863,BUY,1,1,0.6623,BUY,1,10,"EMA_26,ATR_14,MFI,SMA_50,MACD_Hist,RSI_14,CCI,Volume_MA,BB_Width,SMA_20",EMA_26
ICICIBANK,2023-11-28,2023,1,Sideways,1,0.5868,BUY,1,1,0.671,BUY,1,10,"EMA_26,ATR_14,MFI,SMA_50,MACD_Hist,RSI_14,CCI,Volume_MA,BB_Width,SMA_20",EMA_26
ICICIBANK,2023-11-29,2023,1,Sideways,1,0.5873,BUY,1,1,0.6895,BUY,1,10,"EMA_26,ATR_14,MFI,SMA_50,MACD_Hist,RSI_14,CCI,Volume_MA,BB_Width,SMA_20",EMA_26
ICICIBANK,2023-11-30,2023,1,Sideways,1,0.5879,BUY,1,1,0.6761,BUY,1,10,"EMA_26,ATR_14,MFI,SMA_50,MACD_Hist,RSI_14,CCI,Volume_MA,BB_Width,SMA_20",EMA_26
ICICIBANK,2023-12-01,2023,1,Sideways,1,0.5884,BUY,1,1,0.6937,BUY,1,10,"EMA_26,ATR_14,MFI,SMA_50,MACD_Hist,RSI_14,CCI,Volume_MA,BB_Width,SMA_20",EMA_26
ICICIBANK,2023-12-04,2023,0,Sideways,1,0.5889,BUY,0,1,0.6702,BUY,0,10,"EMA_26,ATR_14,MFI,SMA_50,MACD_Hist,RSI_14,CCI,Volume_MA,BB_Width,SMA_20",EMA_26
ICICIBANK,2023-12-05,2023,0,Sideways,1,0.5882,BUY,0,1,0.5604,BUY,0,10,"EMA_26,ATR_14,MFI,SMA_50,MACD_Hist,RSI_14,CCI,Volume_MA,BB_Width,SMA_20",EMA_26
ICICIBANK,2023-12-06,2023,0,Sideways,1,0.5874,BUY,0,1,0.576,BUY,0,10,"EMA_26,ATR_14,MFI,SMA_50,MACD_Hist,RSI_14,CCI,Volume_MA,BB_Width,SMA_20",EMA_26
ICICIBANK,2023-12-07,2023,0,Sideways,1,0.5867,BUY,0,1,0.5439,NO TRADE,0,10,"EMA_26,ATR_14,MFI,SMA_50,MACD_Hist,RSI_14,CCI,Volume_MA,BB_Width,SMA_20",EMA_26
ICICIBANK,2023-12-08,2023,0,Sideways,1,0.5859,BUY,0,0,0.5096,NO TRADE,1,10,"EMA_26,ATR_14,MFI,SMA_50,MACD_Hist,RSI_14,CCI,Volume_MA,BB_Width,SMA_20",EMA_26
ICICIBANK,2023-12-11,2023,0,Sideways,1,0.5852,BUY,0,0,0.5377,NO TRADE,1,10,"EMA_26,ATR_14,MFI,SMA_50,MACD_Hist,RSI_14,CCI,Volume_MA,BB_Width,SMA_20",EMA_26
ICICIBANK,2023-12-12,2023,0,Sideways,1,0.5844,BUY,0,0,0.5429,NO TRADE,1,10,"EMA_26,ATR_14,MFI,SMA_50,MACD_Hist,RSI_14,CCI,Volume_MA,BB_Width,SMA_20",EMA_26
ICICIBANK,2023-12-13,2023,0,Sideways,1,0.5837,BUY,0,0,0.8171,SELL,1,10,"MFI,SMA_50,MACD_Hist,SMA_20,OBV,ATR_14,SMA_10,EMA_12,Rolling_Volatility,EMA_26",MFI
ICICIBANK,2023-12-14,2023,0,Sideways,1,0.5829,BUY,0,0,0.8407,SELL,1,10,"MFI,SMA_50,MACD_Hist,SMA_20,OBV,ATR_14,SMA_10,EMA_12,Rolling_Volatility,EMA_26",MFI
ICICIBANK,2023-12-15,2023,0,Sideways,1,0.5822,BUY,0,0,0.8642,SELL,1,10,"MFI,SMA_50,MACD_Hist,SMA_20,OBV,ATR_14,SMA_10,EMA_12,Rolling_Volatility,EMA_26",MFI
ICICIBANK,2023-12-18,2023,0,Sideways,1,0.5815,BUY,0,0,0.882,SELL,1,10,"MFI,SMA_50,MACD_Hist,SMA_20,OBV,ATR_14,SMA_10,EMA_12,Rolling_Volatility,EMA_26",MFI
ICICIBANK,2023-12-19,2023,0,Sideways,1,0.5807,BUY,0,0,0.8868,SELL,1,10,"MFI,SMA_50,MACD_Hist,SMA_20,OBV,ATR_14,SMA_10,EMA_12,Rolling_Volatility,EMA_26",MFI
ICICIBANK,2023-12-20,2023,0,Sideways,1,0.58,BUY,0,0,0.8958,SELL,1,10,"MFI,SMA_50,MACD_Hist,SMA_20,OBV,ATR_14,SMA_10,EMA_12,Rolling_Volatility,EMA_26",MFI
ICICIBANK,2023-12-21,2023,0,Sideways,1,0.5793,BUY,0,0,0.8901,SELL,1,10,"MFI,SMA_50,MACD_Hist,SMA_20,OBV,ATR_14,SMA_10,EMA_12,Rolling_Volatility,EMA_26",MFI
ICICIBANK,2023-12-22,2023,1,Sideways,1,0.5785,BUY,1,0,0.8651,SELL,0,10,"MFI,SMA_50,MACD_Hist,SMA_20,OBV,ATR_14,SMA_10,EMA_12,Rolling_Volatility,EMA_26",MFI
ICICIBANK,2023-12-26,2023,1,Sideways,1,0.5791,BUY,1,0,0.8168,SELL,0,10,"MFI,SMA_50,MACD_Hist,SMA_20,OBV,ATR_14,SMA_10,EMA_12,Rolling_Volatility,EMA_26",MFI
ICICIBANK,2023-12-27,2023,1,Sideways,1,0.5796,BUY,1,0,0.8382,SELL,0,10,"MFI,SMA_50,MACD_Hist,SMA_20,OBV,ATR_14,SMA_10,EMA_12,Rolling_Volatility,EMA_26",MFI
ICICIBANK,2023-12-28,2023,1,Sideways,1,0.5801,BUY,1,0,0.8606,SELL,0,10,"MFI,SMA_50,MACD_Hist,SMA_20,OBV,ATR_14,SMA_10,EMA_12,Rolling_Volatility,EMA_26",MFI
ICICIBANK,2023-12-29,2023,1,Sideways,1,0.5807,BUY,1,0,0.83,SELL,0,10,"MFI,SMA_50,MACD_Hist,SMA_20,OBV,ATR_14,SMA_10,EMA_12,Rolling_Volatility,EMA_26",MFI
ICICIBANK,2024-01-01,2024,1,Sideways,1,0.5812,BUY,1,0,0.8027,SELL,0,10,"MFI,SMA_50,MACD_Hist,SMA_20,OBV,ATR_14,SMA_10,EMA_12,Rolling_Volatility,EMA_26",MFI
ICICIBANK,2024-01-02,2024,1,Sideways,1,0.5817,BUY,1,0,0.7712,SELL,0,10,"MFI,SMA_50,MACD_Hist,SMA_20,OBV,ATR_14,SMA_10,EMA_12,Rolling_Volatility,EMA_26",MFI
ICICIBANK,2024-01-03,2024,1,Sideways,1,0.5822,BUY,1,0,0.7474,SELL,0,10,"MFI,SMA_50,MACD_Hist,SMA_20,OBV,ATR_14,SMA_10,EMA_12,Rolling_Volatility,EMA_26",MFI
ICICIBANK,2024-01-04,2024,1,Sideways,1,0.5827,BUY,1,0,0.7376,SELL,0,10,"MFI,SMA_50,MACD_Hist,SMA_20,OBV,ATR_14,SMA_10,EMA_12,Rolling_Volatility,EMA_26",MFI
ICICIBANK,2024-01-05,2024,1,Sideways,1,0.5833,BUY,1,0,0.7206,SELL,0,10,"MFI,SMA_50,MACD_Hist,SMA_20,OBV,ATR_14,SMA_10,EMA_12,Rolling_Volatility,EMA_26",MFI
ICICIBANK,2024-01-08,2024,1,Sideways,1,0.5838,BUY,1,0,0.6999,SELL,0,10,"MFI,SMA_50,MACD_Hist,SMA_20,OBV,ATR_14,SMA_10,EMA_12,Rolling_Volatility,EMA_26",MFI
ICICIBANK,2024-01-09,2024,1,Sideways,1,0.5843,BUY,1,0,0.672,SELL,0,10,"MFI,SMA_50,MACD_Hist,SMA_20,OBV,ATR_14,SMA_10,EMA_12,Rolling_Volatility,EMA_26",MFI
ICICIBANK,2024-01-10,2024,1,Sideways,1,0.5848,BUY,1,0,0.6931,SELL,0,10,"MFI,SMA_50,MACD_Hist,SMA_20,OBV,ATR_14,SMA_10,EMA_12,Rolling_Volatility,EMA_26",MFI
ICICIBANK,2024-01-11,2024,1,Sideways,1,0.5853,BUY,1,0,0.7094,SELL,0,10,"MFI,SMA_50,MACD_Hist,SMA_20,OBV,ATR_14,SMA_10,EMA_12,Rolling_Volatility,EMA_26",MFI
ICICIBANK,2024-01-12,2024,1,Sideways,1,0.5858,BUY,1,0,0.739,SELL,0,10,"MFI,SMA_50,MACD_Hist,SMA_20,OBV,ATR_14,SMA_10,EMA_12,Rolling_Volatility,EMA_26",MFI
ICICIBANK,2024-01-15,2024,1,Sideways,1,0.5863,BUY,1,0,0.7672,SELL,0,10,"MFI,SMA_50,MACD_Hist,SMA_20,OBV,ATR_14,SMA_10,EMA_12,Rolling_Volatility,EMA_26",MFI
ICICIBANK,2024-01-16,2024,1,Sideways,1,0.5869,BUY,1,0,0.7575,SELL,0,10,"MFI,SMA_50,MACD_Hist,SMA_20,OBV,ATR_14,SMA_10,EMA_12,Rolling_Volatility,EMA_26",MFI
ICICIBANK,2024-01-17,2024,1,Sideways,1,0.5874,BUY,1,0,0.6699,SELL,0,10,"MFI,SMA_50,MACD_Hist,SMA_20,OBV,ATR_14,SMA_10,EMA_12,Rolling_Volatility,EMA_26",MFI
ICICIBANK,2024-01-18,2024,1,Sideways,1,0.5879,BUY,1,0,0.6526,SELL,0,10,"MFI,SMA_50,MACD_Hist,SMA_20,OBV,ATR_14,SMA_10,EMA_12,Rolling_Volatility,EMA_26",MFI
ICICIBANK,2024-01-19,2024,1,Sideways,1,0.5884,BUY,1,0,0.6902,SELL,0,10,"MFI,SMA_50,MACD_Hist,SMA_20,OBV,ATR_14,SMA_10,EMA_12,Rolling_Volatility,EMA_26",MFI
ICICIBANK,2024-01-23,2024,1,Sideways,1,0.5889,BUY,1,0,0.7828,SELL,0,10,"MFI,SMA_50,MACD_Hist,SMA_20,OBV,ATR_14,SMA_10,EMA_12,Rolling_Volatility,EMA_26",MFI
ICICIBANK,2024-01-24,2024,1,Sideways,1,0.5894,BUY,1,0,0.7686,SELL,0,10,"MFI,SMA_50,MACD_Hist,SMA_20,OBV,ATR_14,SMA_10,EMA_12,Rolling_Volatility,EMA_26",MFI
ICICIBANK,2024-01-25,2024,1,Sideways,1,0.5899,BUY,1,0,0.7278,SELL,0,10,"MFI,SMA_50,MACD_Hist,SMA_20,OBV,ATR_14,SMA_10,EMA_12,Rolling_Volatility,EMA_26",MFI
ICICIBANK,2024-01-29,2024,1,Sideways,1,0.5904,BUY,1,0,1.0,SELL,0,10,"OBV,Rolling_Mean_Return,BB_Upper,SMA_10,MACD_Hist,ATR_14,SMA_20,Rolling_Volatility,ROC,RSI_14",OBV
ICICIBANK,2024-01-30,2024,1,Sideways,1,0.5909,BUY,1,0,0.9011,SELL,0,10,"OBV,Rolling_Mean_Return,BB_Upper,SMA_10,MACD_Hist,ATR_14,SMA_20,Rolling_Volatility,ROC,RSI_14",OBV
ICICIBANK,2024-01-31,2024,1,Sideways,1,0.5914,BUY,1,0,0.6449,SELL,0,10,"OBV,Rolling_Mean_Return,BB_Upper,SMA_10,MACD_Hist,ATR_14,SMA_20,Rolling_Volatility,ROC,RSI_14",OBV
ICICIBANK,2024-02-01,2024,1,Sideways,1,0.5919,BUY,1,0,0.5566,SELL,0,10,"OBV,Rolling_Mean_Return,BB_Upper,SMA_10,MACD_Hist,ATR_14,SMA_20,Rolling_Volatility,ROC,RSI_14",OBV
ICICIBANK,2024-02-02,2024,1,Sideways,1,0.5924,BUY,1,0,1.0,SELL,0,10,"OBV,Rolling_Mean_Return,BB_Upper,SMA_10,MACD_Hist,ATR_14,SMA_20,Rolling_Volatility,ROC,RSI_14",OBV
ICICIBANK,2024-02-05,2024,1,Sideways,1,0.5929,BUY,1,0,0.7134,SELL,0,10,"OBV,Rolling_Mean_Return,BB_Upper,SMA_10,MACD_Hist,ATR_14,SMA_20,Rolling_Volatility,ROC,RSI_14",OBV
ICICIBANK,2024-02-06,2024,1,Sideways,1,0.5934,BUY,1,0,0.5803,SELL,0,10,"OBV,Rolling_Mean_Return,BB_Upper,SMA_10,MACD_Hist,ATR_14,SMA_20,Rolling_Volatility,ROC,RSI_14",OBV
ICICIBANK,2024-02-07,2024,1,Sideways,1,0.5939,BUY,1,0,0.9985,SELL,0,10,"OBV,Rolling_Mean_Return,BB_Upper,SMA_10,MACD_Hist,ATR_14,SMA_20,Rolling_Volatility,ROC,RSI_14",OBV
ICICIBANK,2024-02-08,2024,1,Sideways,1,0.5943,BUY,1,0,0.9809,SELL,0,10,"OBV,Rolling_Mean_Return,BB_Upper,SMA_10,MACD_Hist,ATR_14,SMA_20,Rolling_Volatility,ROC,RSI_14",OBV
ICICIBANK,2024-02-09,2024,1,Sideways,1,0.5948,BUY,1,0,0.8171,SELL,0,10,"OBV,Rolling_Mean_Return,BB_Upper,SMA_10,MACD_Hist,ATR_14,SMA_20,Rolling_Volatility,ROC,RSI_14",OBV
ICICIBANK,2024-02-12,2024,1,Sideways,1,0.5953,BUY,1,0,0.9759,SELL,0,10,"OBV,Rolling_Mean_Return,BB_Upper,SMA_10,MACD_Hist,ATR_14,SMA_20,Rolling_Volatility,ROC,RSI_14",OBV
ICICIBANK,2024-02-13,2024,1,Sideways,1,0.5958,BUY,1,0,0.6932,SELL,0,10,"OBV,Rolling_Mean_Return,BB_Upper,SMA_10,MACD_Hist,ATR_14,SMA_20,Rolling_Volatility,ROC,RSI_14",OBV
ICICIBANK,2024-02-14,2024,1,Sideways,1,0.5963,BUY,1,0,0.7475,SELL,0,10,"OBV,Rolling_Mean_Return,BB_Upper,SMA_10,MACD_Hist,ATR_14,SMA_20,Rolling_Volatility,ROC,RSI_14",OBV
ICICIBANK,2024-02-15,2024,1,Sideways,1,0.5968,BUY,1,0,0.7481,SELL,0,10,"OBV,Rolling_Mean_Return,BB_Upper,SMA_10,MACD_Hist,ATR_14,SMA_20,Rolling_Volatility,ROC,RSI_14",OBV
ICICIBANK,2024-02-16,2024,1,Sideways,1,0.5973,BUY,1,0,0.6434,SELL,0,10,"OBV,Rolling_Mean_Return,BB_Upper,SMA_10,MACD_Hist,ATR_14,SMA_20,Rolling_Volatility,ROC,RSI_14",OBV
ICICIBANK,2024-02-19,2024,1,Sideways,1,0.5978,BUY,1,0,0.6365,SELL,0,10,"OBV,Rolling_Mean_Return,BB_Upper,SMA_10,MACD_Hist,ATR_14,SMA_20,Rolling_Volatility,ROC,RSI_14",OBV
ICICIBANK,2024-02-20,2024,1,Sideways,1,0.5982,BUY,1,0,0.6514,SELL,0,10,"OBV,Rolling_Mean_Return,BB_Upper,SMA_10,MACD_Hist,ATR_14,SMA_20,Rolling_Volatility,ROC,RSI_14",OBV
ICICIBANK,2024-02-21,2024,1,Sideways,1,0.5987,BUY,1,0,0.7561,SELL,0,10,"OBV,Rolling_Mean_Return,BB_Upper,SMA_10,MACD_Hist,ATR_14,SMA_20,Rolling_Volatility,ROC,RSI_14",OBV
ICICIBANK,2024-02-22,2024,1,Sideways,1,0.5992,BUY,1,0,0.9997,SELL,0,10,"OBV,Rolling_Mean_Return,BB_Upper,SMA_10,MACD_Hist,ATR_14,SMA_20,Rolling_Volatility,ROC,RSI_14",OBV
ICICIBANK,2024-02-23,2024,1,Sideways,1,0.5997,BUY,1,0,0.9143,SELL,0,10,"OBV,Rolling_Mean_Return,BB_Upper,SMA_10,MACD_Hist,ATR_14,SMA_20,Rolling_Volatility,ROC,RSI_14",OBV
ICICIBANK,2024-02-26,2024,1,Sideways,1,0.6001,BUY,1,0,0.9448,SELL,0,10,"OBV,Rolling_Mean_Return,BB_Upper,SMA_10,MACD_Hist,ATR_14,SMA_20,Rolling_Volatility,ROC,RSI_14",OBV
ICICIBANK,2024-02-27,2024,1,Sideways,1,0.6006,BUY,1,0,0.7977,SELL,0,10,"OBV,Rolling_Mean_Return,BB_Upper,SMA_10,MACD_Hist,ATR_14,SMA_20,Rolling_Volatility,ROC,RSI_14",OBV
ICICIBANK,2024-02-28,2024,1,Sideways,1,0.6011,BUY,1,0,0.7117,SELL,0,10,"OBV,Rolling_Mean_Return,BB_Upper,SMA_10,MACD_Hist,ATR_14,SMA_20,Rolling_Volatility,ROC,RSI_14",OBV
ICICIBANK,2024-02-29,2024,1,Sideways,1,0.9489,BUY,1,0,0.7423,SELL,0,10,"OBV,Rolling_Mean_Return,BB_Upper,SMA_10,MACD_Hist,ATR_14,SMA_20,Rolling_Volatility,ROC,RSI_14",OBV
ICICIBANK,2024-03-01,2024,0,Sideways,1,0.9496,BUY,0,0,0.9537,SELL,1,10,"OBV,Rolling_Mean_Return,BB_Upper,SMA_10,MACD_Hist,ATR_14,SMA_20,Rolling_Volatility,ROC,RSI_14",OBV
ICICIBANK,2024-03-04,2024,0,Sideways,1,0.936,BUY,0,0,0.8633,SELL,1,10,"OBV,Rolling_Mean_Return,BB_Upper,SMA_10,MACD_Hist,ATR_14,SMA_20,Rolling_Volatility,ROC,RSI_14",OBV
ICICIBANK,2024-03-05,2024,0,Sideways,1,1.0,BUY,0,0,0.6455,SELL,1,10,"OBV,Rolling_Mean_Return,BB_Upper,SMA_10,MACD_Hist,ATR_14,SMA_20,Rolling_Volatility,ROC,RSI_14",OBV
ICICIBANK,2024-03-06,2024,0,Sideways,1,0.7614,BUY,0,0,0.8785,SELL,1,10,"OBV,Rolling_Mean_Return,BB_Upper,SMA_10,MACD_Hist,ATR_14,SMA_20,Rolling_Volatility,ROC,RSI_14",OBV
ICICIBANK,2024-03-07,2024,1,Sideways,1,1.0,BUY,1,1,0.6638,BUY,1,10,"OBV,Rolling_Mean_Return,BB_Upper,SMA_10,MACD_Hist,ATR_14,SMA_20,Rolling_Volatility,ROC,RSI_14",OBV
ICICIBANK,2024-03-11,2024,1,Sideways,1,1.0,BUY,1,1,0.9259,BUY,1,10,"OBV,Rolling_Mean_Return,BB_Upper,SMA_10,MACD_Hist,ATR_14,SMA_20,Rolling_Volatility,ROC,RSI_14",OBV
ICICIBANK,2024-03-12,2024,1,Sideways,1,1.0,BUY,1,0,0.7427,SELL,0,10,"BB_Upper,OBV,SMA_20,EMA_12,SMA_10,MACD_Hist,ATR_14,RSI_14,MFI,SMA_50",BB_Upper
ICICIBANK,2024-03-13,2024,0,Sideways,1,1.0,BUY,0,0,0.7587,SELL,1,10,"BB_Upper,OBV,SMA_20,EMA_12,SMA_10,MACD_Hist,ATR_14,RSI_14,MFI,SMA_50",BB_Upper
ICICIBANK,2024-03-14,2024,0,Sideways,1,1.0,BUY,0,0,0.7703,SELL,1,10,"BB_Upper,OBV,SMA_20,EMA_12,SMA_10,MACD_Hist,ATR_14,RSI_14,MFI,SMA_50",BB_Upper
ICICIBANK,2024-03-15,2024,0,Sideways,1,1.0,BUY,0,0,0.6907,SELL,1,10,"BB_Upper,OBV,SMA_20,EMA_12,SMA_10,MACD_Hist,ATR_14,RSI_14,MFI,SMA_50",BB_Upper
ICICIBANK,2024-03-18,2024,0,Sideways,1,1.0,BUY,0,0,0.7021,SELL,1,10,"BB_Upper,OBV,SMA_20,EMA_12,SMA_10,MACD_Hist,ATR_14,RSI_14,MFI,SMA_50",BB_Upper
ICICIBANK,2024-03-19,2024,1,Sideways,0,1.0,SELL,0,0,0.7205,SELL,0,10,"BB_Upper,OBV,SMA_20,EMA_12,SMA_10,MACD_Hist,ATR_14,RSI_14,MFI,SMA_50",BB_Upper
ICICIBANK,2024-03-20,2024,1,Sideways,1,1.0,BUY,1,0,0.7052,SELL,0,10,"BB_Upper,OBV,SMA_20,EMA_12,SMA_10,MACD_Hist,ATR_14,RSI_14,MFI,SMA_50",BB_Upper
ICICIBANK,2024-03-21,2024,1,Sideways,1,1.0,BUY,1,0,0.73,SELL,0,10,"BB_Upper,OBV,SMA_20,EMA_12,SMA_10,MACD_Hist,ATR_14,RSI_14,MFI,SMA_50",BB_Upper
ICICIBANK,2024-03-22,2024,1,Sideways,1,1.0,BUY,1,0,0.7368,SELL,0,10,"BB_Upper,OBV,SMA_20,EMA_12,SMA_10,MACD_Hist,ATR_14,RSI_14,MFI,SMA_50",BB_Upper
ICICIBANK,2024-03-26,2024,1,Sideways,1,1.0,BUY,1,0,0.6909,SELL,0,10,"BB_Upper,OBV,SMA_20,EMA_12,SMA_10,MACD_Hist,ATR_14,RSI_14,MFI,SMA_50",BB_Upper
ICICIBANK,2024-03-27,2024,1,Sideways,1,1.0,BUY,1,0,0.7192,SELL,0,10,"BB_Upper,OBV,SMA_20,EMA_12,SMA_10,MACD_Hist,ATR_14,RSI_14,MFI,SMA_50",BB_Upper
ICICIBANK,2024-03-28,2024,1,Sideways,1,1.0,BUY,1,0,0.7256,SELL,0,10,"BB_Upper,OBV,SMA_20,EMA_12,SMA_10,MACD_Hist,ATR_14,RSI_14,MFI,SMA_50",BB_Upper
ICICIBANK,2024-04-01,2024,1,Sideways,1,1.0,BUY,1,0,0.7546,SELL,0,10,"BB_Upper,OBV,SMA_20,EMA_12,SMA_10,MACD_Hist,ATR_14,RSI_14,MFI,SMA_50",BB_Upper
ICICIBANK,2024-04-02,2024,1,Sideways,1,1.0,BUY,1,0,0.7228,SELL,0,10,"BB_Upper,OBV,SMA_20,EMA_12,SMA_10,MACD_Hist,ATR_14,RSI_14,MFI,SMA_50",BB_Upper
ICICIBANK,2024-04-03,2024,1,Sideways,1,1.0,BUY,1,0,0.7237,SELL,0,10,"BB_Upper,OBV,SMA_20,EMA_12,SMA_10,MACD_Hist,ATR_14,RSI_14,MFI,SMA_50",BB_Upper
ICICIBANK,2024-04-04,2024,1,Sideways,1,1.0,BUY,1,0,0.6643,SELL,0,10,"BB_Upper,OBV,SMA_20,EMA_12,SMA_10,MACD_Hist,ATR_14,RSI_14,MFI,SMA_50",BB_Upper
ICICIBANK,2024-04-05,2024,1,Sideways,1,1.0,BUY,1,0,0.6472,SELL,0,10,"BB_Upper,OBV,SMA_20,EMA_12,SMA_10,MACD_Hist,ATR_14,RSI_14,MFI,SMA_50",BB_Upper
ICICIBANK,2024-04-08,2024,1,Sideways,1,1.0,BUY,1,0,0.7204,SELL,0,10,"BB_Upper,OBV,SMA_20,EMA_12,SMA_10,MACD_Hist,ATR_14,RSI_14,MFI,SMA_50",BB_Upper
ICICIBANK,2024-04-09,2024,1,Sideways,1,1.0,BUY,1,0,0.7619,SELL,0,10,"BB_Upper,OBV,SMA_20,EMA_12,SMA_10,MACD_Hist,ATR_14,RSI_14,MFI,SMA_50",BB_Upper
ICICIBANK,2024-04-10,2024,1,Sideways,1,1.0,BUY,1,0,0.7577,SELL,0,10,"BB_Upper,OBV,SMA_20,EMA_12,SMA_10,MACD_Hist,ATR_14,RSI_14,MFI,SMA_50",BB_Upper
ICICIBANK,2024-04-12,2024,1,Sideways,0,0.5015,NO TRADE,0,1,0.6452,BUY,1,10,"BB_Upper,OBV,SMA_20,EMA_12,SMA_10,MACD_Hist,ATR_14,RSI_14,MFI,SMA_50",BB_Upper
ICICIBANK,2024-04-15,2024,1,Sideways,1,1.0,BUY,1,1,0.6455,BUY,1,10,"BB_Upper,OBV,SMA_20,EMA_12,SMA_10,MACD_Hist,ATR_14,RSI_14,MFI,SMA_50",BB_Upper
ICICIBANK,2024-04-16,2024,1,Sideways,1,1.0,BUY,1,1,0.6459,BUY,1,10,"BB_Upper,OBV,SMA_20,EMA_12,SMA_10,MACD_Hist,ATR_14,RSI_14,MFI,SMA_50",BB_Upper
ICICIBANK,2024-04-18,2024,1,Sideways,1,1.0,BUY,1,1,0.6462,BUY,1,10,"BB_Upper,OBV,SMA_20,EMA_12,SMA_10,MACD_Hist,ATR_14,RSI_14,MFI,SMA_50",BB_Upper
ICICIBANK,2024-04-19,2024,1,Sideways,1,1.0,BUY,1,1,0.6465,BUY,1,10,"BB_Upper,OBV,SMA_20,EMA_12,SMA_10,MACD_Hist,ATR_14,RSI_14,MFI,SMA_50",BB_Upper
ICICIBANK,2024-04-22,2024,1,Sideways,1,1.0,BUY,1,1,0.6469,BUY,1,10,"BB_Upper,OBV,SMA_20,EMA_12,SMA_10,MACD_Hist,ATR_14,RSI_14,MFI,SMA_50",BB_Upper
ICICIBANK,2024-04-23,2024,1,Sideways,1,1.0,BUY,1,1,0.6472,BUY,1,10,"BB_Upper,OBV,SMA_20,EMA_12,SMA_10,MACD_Hist,ATR_14,RSI_14,MFI,SMA_50",BB_Upper
ICICIBANK,2024-04-24,2024,1,Sideways,1,1.0,BUY,1,1,0.6476,BUY,1,10,"BB_Upper,OBV,SMA_20,EMA_12,SMA_10,MACD_Hist,ATR_14,RSI_14,MFI,SMA_50",BB_Upper
ICICIBANK,2024-04-25,2024,1,Sideways,1,1.0,BUY,1,1,0.6479,BUY,1,10,"BB_Upper,OBV,SMA_20,EMA_12,SMA_10,MACD_Hist,ATR_14,RSI_14,MFI,SMA_50",BB_Upper
ICICIBANK,2024-04-26,2024,1,Sideways,1,1.0,BUY,1,1,0.6482,BUY,1,10,"BB_Upper,OBV,SMA_20,EMA_12,SMA_10,MACD_Hist,ATR_14,RSI_14,MFI,SMA_50",BB_Upper
ICICIBANK,2024-04-29,2024,0,Sideways,0,0.7494,SELL,1,1,0.6486,BUY,0,10,"BB_Upper,OBV,MACD,SMA_20,ATR_14,SMA_10,EMA_12,MACD_Signal,MFI,SMA_50",BB_Upper
ICICIBANK,2024-04-30,2024,0,Sideways,0,1.0,SELL,1,1,0.6479,BUY,0,10,"BB_Upper,OBV,MACD,SMA_20,ATR_14,SMA_10,EMA_12,MACD_Signal,MFI,SMA_50",BB_Upper
ICICIBANK,2024-05-02,2024,0,Sideways,0,1.0,SELL,1,1,0.6473,BUY,0,10,"BB_Upper,OBV,MACD,SMA_20,ATR_14,SMA_10,EMA_12,MACD_Signal,MFI,SMA_50",BB_Upper
ICICIBANK,2024-05-03,2024,1,Sideways,0,1.0,SELL,0,1,0.6467,BUY,1,10,"BB_Upper,OBV,MACD,SMA_20,ATR_14,SMA_10,EMA_12,MACD_Signal,MFI,SMA_50",BB_Upper
ICICIBANK,2024-05-06,2024,0,Sideways,0,1.0,SELL,1,1,0.647,BUY,0,10,"BB_Upper,OBV,MACD,SMA_20,ATR_14,SMA_10,EMA_12,MACD_Signal,MFI,SMA_50",BB_Upper
ICICIBANK,2024-05-07,2024,0,Sideways,0,1.0,SELL,1,1,0.6464,BUY,0,10,"BB_Upper,OBV,MACD,SMA_20,ATR_14,SMA_10,EMA_12,MACD_Signal,MFI,SMA_50",BB_Upper
ICICIBANK,2024-05-08,2024,0,Sideways,0,1.0,SELL,1,1,0.6458,BUY,0,10,"BB_Upper,OBV,MACD,SMA_20,ATR_14,SMA_10,EMA_12,MACD_Signal,MFI,SMA_50",BB_Upper
ICICIBANK,2024-05-09,2024,1,Sideways,0,1.0,SELL,0,1,0.6452,BUY,1,10,"BB_Upper,OBV,MACD,SMA_20,ATR_14,SMA_10,EMA_12,MACD_Signal,MFI,SMA_50",BB_Upper
ICICIBANK,2024-05-10,2024,1,Sideways,1,0.9914,BUY,1,1,0.6455,BUY,1,10,"BB_Upper,OBV,MACD,SMA_20,ATR_14,SMA_10,EMA_12,MACD_Signal,MFI,SMA_50",BB_Upper
ICICIBANK,2024-05-13,2024,0,Sideways,1,0.747,BUY,0,1,0.6459,BUY,0,10,"BB_Upper,OBV,MACD,SMA_20,ATR_14,SMA_10,EMA_12,MACD_Signal,MFI,SMA_50",BB_Upper
ICICIBANK,2024-05-14,2024,0,Sideways,1,1.0,BUY,0,1,0.6453,BUY,0,10,"BB_Upper,OBV,MACD,SMA_20,ATR_14,SMA_10,EMA_12,MACD_Signal,MFI,SMA_50",BB_Upper
ICICIBANK,2024-05-15,2024,0,Sideways,1,1.0,BUY,0,1,0.6447,BUY,0,10,"BB_Upper,OBV,MACD,SMA_20,ATR_14,SMA_10,EMA_12,MACD_Signal,MFI,SMA_50",BB_Upper
ICICIBANK,2024-05-16,2024,0,Sideways,1,0.9983,BUY,0,1,0.6441,BUY,0,10,"BB_Upper,OBV,MACD,SMA_20,ATR_14,SMA_10,EMA_12,MACD_Signal,MFI,SMA_50",BB_Upper
ICICIBANK,2024-05-17,2024,0,Sideways,1,0.9979,BUY,0,1,0.6434,BUY,0,10,"BB_Upper,OBV,MACD,SMA_20,ATR_14,SMA_10,EMA_12,MACD_Signal,MFI,SMA_50",BB_Upper
ICICIBANK,2024-05-21,2024,1,Sideways,1,0.9999,BUY,1,1,0.6428,BUY,1,10,"BB_Upper,OBV,MACD,SMA_20,ATR_14,SMA_10,EMA_12,MACD_Signal,MFI,SMA_50",BB_Upper
ICICIBANK,2024-05-22,2024,1,Sideways,1,1.0,BUY,1,1,0.6432,BUY,1,10,"BB_Upper,OBV,MACD,SMA_20,ATR_14,SMA_10,EMA_12,MACD_Signal,MFI,SMA_50",BB_Upper
ICICIBANK,2024-05-23,2024,1,Sideways,1,1.0,BUY,1,1,0.6435,BUY,1,10,"BB_Upper,OBV,MACD,SMA_20,ATR_14,SMA_10,EMA_12,MACD_Signal,MFI,SMA_50",BB_Upper
ICICIBANK,2024-05-24,2024,1,Sideways,1,1.0,BUY,1,1,0.6438,BUY,1,10,"BB_Upper,OBV,MACD,SMA_20,ATR_14,SMA_10,EMA_12,MACD_Signal,MFI,SMA_50",BB_Upper
ICICIBANK,2024-05-27,2024,1,Sideways,1,1.0,BUY,1,1,0.6442,BUY,1,10,"BB_Upper,OBV,MACD,SMA_20,ATR_14,SMA_10,EMA_12,MACD_Signal,MFI,SMA_50",BB_Upper
ICICIBANK,2024-05-28,2024,1,Sideways,1,1.0,BUY,1,1,0.6445,BUY,1,10,"BB_Upper,OBV,MACD,SMA_20,ATR_14,SMA_10,EMA_12,MACD_Signal,MFI,SMA_50",BB_Upper
ICICIBANK,2024-05-29,2024,1,Sideways,1,1.0,BUY,1,1,0.6448,BUY,1,10,"BB_Upper,OBV,MACD,SMA_20,ATR_14,SMA_10,EMA_12,MACD_Signal,MFI,SMA_50",BB_Upper
ICICIBANK,2024-05-30,2024,1,Sideways,1,1.0,BUY,1,1,0.6452,BUY,1,10,"BB_Upper,OBV,MACD,SMA_20,ATR_14,SMA_10,EMA_12,MACD_Signal,MFI,SMA_50",BB_Upper
ICICIBANK,2024-05-31,2024,1,Sideways,1,1.0,BUY,1,1,0.6455,BUY,1,10,"BB_Upper,OBV,MACD,SMA_20,ATR_14,SMA_10,EMA_12,MACD_Signal,MFI,SMA_50",BB_Upper
ICICIBANK,2024-06-03,2024,1,Sideways,1,0.8946,BUY,1,1,0.6458,BUY,1,10,"BB_Upper,OBV,MACD,SMA_20,ATR_14,SMA_10,EMA_12,MACD_Signal,MFI,SMA_50",BB_Upper
ICICIBANK,2024-06-04,2024,1,Sideways,0,1.0,SELL,0,1,0.6462,BUY,1,10,"BB_Upper,OBV,MACD,SMA_20,ATR_14,SMA_10,EMA_12,MACD_Signal,MFI,SMA_50",BB_Upper
ICICIBANK,2024-06-05,2024,1,Sideways,1,1.0,BUY,1,1,0.6465,BUY,1,10,"BB_Upper,OBV,MACD,SMA_20,ATR_14,SMA_10,EMA_12,MACD_Signal,MFI,SMA_50",BB_Upper
ICICIBANK,2024-06-06,2024,1,Sideways,1,1.0,BUY,1,1,0.6468,BUY,1,10,"BB_Upper,OBV,MACD,SMA_20,ATR_14,SMA_10,EMA_12,MACD_Signal,MFI,SMA_50",BB_Upper
ICICIBANK,2024-06-07,2024,1,Sideways,1,1.0,BUY,1,1,0.6472,BUY,1,10,"BB_Upper,OBV,MACD,SMA_20,ATR_14,SMA_10,EMA_12,MACD_Signal,MFI,SMA_50",BB_Upper
ICICIBANK,2024-06-10,2024,1,Sideways,1,1.0,BUY,1,1,0.6475,BUY,1,10,"BB_Upper,OBV,MACD,SMA_20,ATR_14,SMA_10,EMA_12,MACD_Signal,MFI,SMA_50",BB_Upper
ICICIBANK,2024-06-11,2024,1,Sideways,1,1.0,BUY,1,1,0.6478,BUY,1,10,"BB_Upper,OBV,MACD,SMA_20,ATR_14,SMA_10,EMA_12,MACD_Signal,MFI,SMA_50",BB_Upper
ICICIBANK,2024-06-12,2024,1,Sideways,1,1.0,BUY,1,1,0.6481,BUY,1,10,"EMA_12,BB_Width,SMA_20,SMA_10,RSI_14,MACD,SMA_50,ATR_14,Return_5d,OBV",EMA_12
ICICIBANK,2024-06-13,2024,1,Sideways,1,1.0,BUY,1,1,0.6485,BUY,1,10,"EMA_12,BB_Width,SMA_20,SMA_10,RSI_14,MACD,SMA_50,ATR_14,Return_5d,OBV",EMA_12
ICICIBANK,2024-06-14,2024,1,Sideways,1,1.0,BUY,1,1,0.6488,BUY,1,10,"EMA_12,BB_Width,SMA_20,SMA_10,RSI_14,MACD,SMA_50,ATR_14,Return_5d,OBV",EMA_12
ICICIBANK,2024-06-18,2024,1,Sideways,1,1.0,BUY,1,1,0.6491,BUY,1,10,"EMA_12,BB_Width,SMA_20,SMA_10,RSI_14,MACD,SMA_50,ATR_14,Return_5d,OBV",EMA_12
ICICIBANK,2024-06-19,2024,1,Sideways,1,1.0,BUY,1,1,0.6494,BUY,1,10,"EMA_12,BB_Width,SMA_20,SMA_10,RSI_14,MACD,SMA_50,ATR_14,Return_5d,OBV",EMA_12
ICICIBANK,2024-06-20,2024,1,Sideways,1,1.0,BUY,1,1,0.6498,BUY,1,10,"EMA_12,BB_Width,SMA_20,SMA_10,RSI_14,MACD,SMA_50,ATR_14,Return_5d,OBV",EMA_12
ICICIBANK,2024-06-21,2024,1,Sideways,1,1.0,BUY,1,1,0.6501,BUY,1,10,"EMA_12,BB_Width,SMA_20,SMA_10,RSI_14,MACD,SMA_50,ATR_14,Return_5d,OBV",EMA_12
ICICIBANK,2024-06-24,2024,1,Sideways,1,1.0,BUY,1,1,0.6504,BUY,1,10,"EMA_12,BB_Width,SMA_20,SMA_10,RSI_14,MACD,SMA_50,ATR_14,Return_5d,OBV",EMA_12
ICICIBANK,2024-06-25,2024,1,Sideways,1,1.0,BUY,1,1,0.6507,BUY,1,10,"EMA_12,BB_Width,SMA_20,SMA_10,RSI_14,MACD,SMA_50,ATR_14,Return_5d,OBV",EMA_12
ICICIBANK,2024-06-26,2024,0,Sideways,1,1.0,BUY,0,1,0.6511,BUY,0,10,"EMA_12,BB_Width,SMA_20,SMA_10,RSI_14,MACD,SMA_50,ATR_14,Return_5d,OBV",EMA_12
ICICIBANK,2024-06-27,2024,0,Sideways,0,1.0,SELL,1,1,0.6505,BUY,0,10,"EMA_12,BB_Width,SMA_20,SMA_10,RSI_14,MACD,SMA_50,ATR_14,Return_5d,OBV",EMA_12
ICICIBANK,2024-06-28,2024,1,Sideways,0,1.0,SELL,0,1,0.6499,BUY,1,10,"EMA_12,BB_Width,SMA_20,SMA_10,RSI_14,MACD,SMA_50,ATR_14,Return_5d,OBV",EMA_12
ICICIBANK,2024-07-01,2024,0,Sideways,0,1.0,SELL,1,1,0.6502,BUY,0,10,"EMA_12,BB_Width,SMA_20,SMA_10,RSI_14,MACD,SMA_50,ATR_14,Return_5d,OBV",EMA_12
ICICIBANK,2024-07-02,2024,1,Sideways,0,1.0,SELL,0,1,0.6496,BUY,1,10,"EMA_12,BB_Width,SMA_20,SMA_10,RSI_14,MACD,SMA_50,ATR_14,Return_5d,OBV",EMA_12
ICICIBANK,2024-07-03,2024,1,Sideways,0,1.0,SELL,0,1,0.6499,BUY,1,10,"EMA_12,BB_Width,SMA_20,SMA_10,RSI_14,MACD,SMA_50,ATR_14,Return_5d,OBV",EMA_12
ICICIBANK,2024-07-04,2024,0,Sideways,0,1.0,SELL,1,1,0.6502,BUY,0,10,"EMA_12,BB_Width,SMA_20,SMA_10,RSI_14,MACD,SMA_50,ATR_14,Return_5d,OBV",EMA_12
ICICIBANK,2024-07-05,2024,0,Sideways,0,1.0,SELL,1,1,0.6496,BUY,0,10,"EMA_12,BB_Width,SMA_20,SMA_10,RSI_14,MACD,SMA_50,ATR_14,Return_5d,OBV",EMA_12
ICICIBANK,2024-07-08,2024,0,Sideways,0,1.0,SELL,1,1,0.649,BUY,0,10,"EMA_12,BB_Width,SMA_20,SMA_10,RSI_14,MACD,SMA_50,ATR_14,Return_5d,OBV",EMA_12
ICICIBANK,2024-07-09,2024,0,Sideways,0,1.0,SELL,1,1,0.6484,BUY,0,10,"EMA_12,BB_Width,SMA_20,SMA_10,RSI_14,MACD,SMA_50,ATR_14,Return_5d,OBV",EMA_12
ICICIBANK,2024-07-10,2024,0,Sideways,0,1.0,SELL,1,1,0.6479,BUY,0,10,"EMA_12,BB_Width,SMA_20,SMA_10,RSI_14,MACD,SMA_50,ATR_14,Return_5d,OBV",EMA_12
ICICIBANK,2024-07-11,2024,0,Sideways,0,1.0,SELL,1,1,0.6473,BUY,0,10,"EMA_12,BB_Width,SMA_20,SMA_10,RSI_14,MACD,SMA_50,ATR_14,Return_5d,OBV",EMA_12
ICICIBANK,2024-07-12,2024,0,Sideways,0,1.0,SELL,1,1,0.6467,BUY,0,10,"EMA_12,BB_Width,SMA_20,SMA_10,RSI_14,MACD,SMA_50,ATR_14,Return_5d,OBV",EMA_12
ICICIBANK,2024-07-15,2024,0,Sideways,0,1.0,SELL,1,1,0.6461,BUY,0,10,"EMA_12,BB_Width,SMA_20,SMA_10,RSI_14,MACD,SMA_50,ATR_14,Return_5d,OBV",EMA_12
ICICIBANK,2024-07-16,2024,0,Sideways,0,1.0,SELL,1,1,0.6455,BUY,0,10,"EMA_12,BB_Width,SMA_20,SMA_10,RSI_14,MACD,SMA_50,ATR_14,Return_5d,OBV",EMA_12
ICICIBANK,2024-07-18,2024,0,Sideways,0,1.0,SELL,1,1,0.6449,BUY,0,10,"EMA_12,BB_Width,SMA_20,SMA_10,RSI_14,MACD,SMA_50,ATR_14,Return_5d,OBV",EMA_12
ICICIBANK,2024-07-19,2024,0,Sideways,0,1.0,SELL,1,1,0.6443,BUY,0,10,"EMA_12,BB_Width,SMA_20,SMA_10,RSI_14,MACD,SMA_50,ATR_14,Return_5d,OBV",EMA_12
ICICIBANK,2024-07-22,2024,0,Sideways,0,1.0,SELL,1,1,0.6437,BUY,0,10,"EMA_12,BB_Width,SMA_20,SMA_10,RSI_14,MACD,SMA_50,ATR_14,Return_5d,OBV",EMA_12
ICICIBANK,2024-07-23,2024,0,Sideways,0,1.0,SELL,1,1,0.6432,BUY,0,10,"EMA_12,BB_Width,SMA_20,SMA_10,RSI_14,MACD,SMA_50,ATR_14,Return_5d,OBV",EMA_12
ICICIBANK,2024-07-24,2024,0,Sideways,0,1.0,SELL,1,1,0.6426,BUY,0,10,"EMA_12,BB_Width,SMA_20,SMA_10,RSI_14,MACD,SMA_50,ATR_14,Return_5d,OBV",EMA_12
ICICIBANK,2024-07-25,2024,1,Sideways,0,1.0,SELL,0,1,0.642,BUY,1,10,"EMA_12,BB_Width,SMA_20,SMA_10,RSI_14,MACD,SMA_50,ATR_14,Return_5d,OBV",EMA_12
ICICIBANK,2024-07-26,2024,1,Sideways,0,1.0,SELL,0,1,0.6423,BUY,1,10,"SMA_10,RSI_14,MACD_Signal,SMA_20,EMA_12,MACD,SMA_50,BB_Width,ADX,MFI",SMA_10
ICICIBANK,2024-07-29,2024,1,Sideways,0,1.0,SELL,0,1,0.6426,BUY,1,10,"SMA_10,RSI_14,MACD_Signal,SMA_20,EMA_12,MACD,SMA_50,BB_Width,ADX,MFI",SMA_10
ICICIBANK,2024-07-30,2024,1,Sideways,0,1.0,SELL,0,1,0.643,BUY,1,10,"SMA_10,RSI_14,MACD_Signal,SMA_20,EMA_12,MACD,SMA_50,BB_Width,ADX,MFI",SMA_10
ICICIBANK,2024-07-31,2024,1,Sideways,0,0.9972,SELL,0,1,0.6433,BUY,1,10,"SMA_10,RSI_14,MACD_Signal,SMA_20,EMA_12,MACD,SMA_50,BB_Width,ADX,MFI",SMA_10
ICICIBANK,2024-08-01,2024,1,Sideways,1,0.8599,BUY,1,1,0.6436,BUY,1,10,"SMA_10,RSI_14,MACD_Signal,SMA_20,EMA_12,MACD,SMA_50,BB_Width,ADX,MFI",SMA_10
ICICIBANK,2024-08-02,2024,1,Sideways,1,1.0,BUY,1,1,0.6439,BUY,1,10,"SMA_10,RSI_14,MACD_Signal,SMA_20,EMA_12,MACD,SMA_50,BB_Width,ADX,MFI",SMA_10
ICICIBANK,2024-08-05,2024,1,Sideways,1,1.0,BUY,1,1,0.6443,BUY,1,10,"SMA_10,RSI_14,MACD_Signal,SMA_20,EMA_12,MACD,SMA_50,BB_Width,ADX,MFI",SMA_10
ICICIBANK,2024-08-06,2024,1,Sideways,1,1.0,BUY,1,1,0.6446,BUY,1,10,"SMA_10,RSI_14,MACD_Signal,SMA_20,EMA_12,MACD,SMA_50,BB_Width,ADX,MFI",SMA_10
ICICIBANK,2024-08-07,2024,1,Sideways,1,1.0,BUY,1,1,0.6449,BUY,1,10,"SMA_10,RSI_14,MACD_Signal,SMA_20,EMA_12,MACD,SMA_50,BB_Width,ADX,MFI",SMA_10
ICICIBANK,2024-08-08,2024,1,Sideways,1,1.0,BUY,1,1,0.6452,BUY,1,10,"SMA_10,RSI_14,MACD_Signal,SMA_20,EMA_12,MACD,SMA_50,BB_Width,ADX,MFI",SMA_10
ICICIBANK,2024-08-09,2024,1,Sideways,1,1.0,BUY,1,1,0.6455,BUY,1,10,"SMA_10,RSI_14,MACD_Signal,SMA_20,EMA_12,MACD,SMA_50,BB_Width,ADX,MFI",SMA_10
ICICIBANK,2024-08-12,2024,1,Sideways,1,1.0,BUY,1,1,0.6458,BUY,1,10,"SMA_10,RSI_14,MACD_Signal,SMA_20,EMA_12,MACD,SMA_50,BB_Width,ADX,MFI",SMA_10
ICICIBANK,2024-08-13,2024,1,Sideways,1,1.0,BUY,1,1,0.6462,BUY,1,10,"SMA_10,RSI_14,MACD_Signal,SMA_20,EMA_12,MACD,SMA_50,BB_Width,ADX,MFI",SMA_10
ICICIBANK,2024-08-14,2024,1,Sideways,1,1.0,BUY,1,1,0.6465,BUY,1,10,"SMA_10,RSI_14,MACD_Signal,SMA_20,EMA_12,MACD,SMA_50,BB_Width,ADX,MFI",SMA_10
ICICIBANK,2024-08-16,2024,1,Sideways,1,1.0,BUY,1,1,0.6468,BUY,1,10,"SMA_10,RSI_14,MACD_Signal,SMA_20,EMA_12,MACD,SMA_50,BB_Width,ADX,MFI",SMA_10
ICICIBANK,2024-08-19,2024,1,Sideways,1,1.0,BUY,1,1,0.6471,BUY,1,10,"SMA_10,RSI_14,MACD_Signal,SMA_20,EMA_12,MACD,SMA_50,BB_Width,ADX,MFI",SMA_10
ICICIBANK,2024-08-20,2024,1,Sideways,1,1.0,BUY,1,1,0.6474,BUY,1,10,"SMA_10,RSI_14,MACD_Signal,SMA_20,EMA_12,MACD,SMA_50,BB_Width,ADX,MFI",SMA_10
ICICIBANK,2024-08-21,2024,1,Sideways,1,1.0,BUY,1,1,0.6477,BUY,1,10,"SMA_10,RSI_14,MACD_Signal,SMA_20,EMA_12,MACD,SMA_50,BB_Width,ADX,MFI",SMA_10
ICICIBANK,2024-08-22,2024,1,Sideways,1,1.0,BUY,1,1,0.648,BUY,1,10,"SMA_10,RSI_14,MACD_Signal,SMA_20,EMA_12,MACD,SMA_50,BB_Width,ADX,MFI",SMA_10
ICICIBANK,2024-08-23,2024,1,Sideways,1,1.0,BUY,1,1,0.6484,BUY,1,10,"SMA_10,RSI_14,MACD_Signal,SMA_20,EMA_12,MACD,SMA_50,BB_Width,ADX,MFI",SMA_10
ICICIBANK,2024-08-26,2024,1,Sideways,1,0.9926,BUY,1,1,0.6487,BUY,1,10,"SMA_10,RSI_14,MACD_Signal,SMA_20,EMA_12,MACD,SMA_50,BB_Width,ADX,MFI",SMA_10
ICICIBANK,2024-08-27,2024,1,Sideways,0,0.7206,SELL,0,1,0.649,BUY,1,10,"SMA_10,RSI_14,MACD_Signal,SMA_20,EMA_12,MACD,SMA_50,BB_Width,ADX,MFI",SMA_10
ICICIBANK,2024-08-28,2024,1,Sideways,0,0.7453,SELL,0,1,0.6493,BUY,1,10,"SMA_10,RSI_14,MACD_Signal,SMA_20,EMA_12,MACD,SMA_50,BB_Width,ADX,MFI",SMA_10
ICICIBANK,2024-08-29,2024,1,Sideways,0,0.9725,SELL,0,1,0.6496,BUY,1,10,"SMA_10,RSI_14,MACD_Signal,SMA_20,EMA_12,MACD,SMA_50,BB_Width,ADX,MFI",SMA_10
ICICIBANK,2024-08-30,2024,1,Sideways,0,0.989,SELL,0,1,0.6499,BUY,1,10,"SMA_10,RSI_14,MACD_Signal,SMA_20,EMA_12,MACD,SMA_50,BB_Width,ADX,MFI",SMA_10
ICICIBANK,2024-09-02,2024,1,Sideways,0,0.9966,SELL,0,1,0.6502,BUY,1,10,"SMA_10,RSI_14,MACD_Signal,SMA_20,EMA_12,MACD,SMA_50,BB_Width,ADX,MFI",SMA_10
ICICIBANK,2024-09-03,2024,1,Sideways,0,1.0,SELL,0,1,0.6505,BUY,1,10,"SMA_10,RSI_14,MACD_Signal,SMA_20,EMA_12,MACD,SMA_50,BB_Width,ADX,MFI",SMA_10
ICICIBANK,2024-09-04,2024,1,Sideways,0,0.9999,SELL,0,1,0.6508,BUY,1,10,"SMA_10,RSI_14,MACD_Signal,SMA_20,EMA_12,MACD,SMA_50,BB_Width,ADX,MFI",SMA_10
ICICIBANK,2024-09-05,2024,1,Sideways,0,0.9995,SELL,0,1,0.6511,BUY,1,10,"SMA_10,RSI_14,MACD_Signal,SMA_20,EMA_12,MACD,SMA_50,BB_Width,ADX,MFI",SMA_10
ICICIBANK,2024-09-06,2024,1,Sideways,1,0.9979,BUY,1,1,0.6514,BUY,1,10,"SMA_10,RSI_14,MACD_Signal,SMA_20,EMA_12,MACD,SMA_50,BB_Width,ADX,MFI",SMA_10
ICICIBANK,2024-09-09,2024,1,Sideways,0,0.9611,SELL,0,1,0.6518,BUY,1,10,"EMA_12,MACD,SMA_10,SMA_20,MACD_Signal,OBV,RSI_14,SMA_50,ADX,BB_Width",EMA_12
ICICIBANK,2024-09-10,2024,1,Sideways,0,0.9333,SELL,0,1,0.6521,BUY,1,10,"EMA_12,MACD,SMA_10,SMA_20,MACD_Signal,OBV,RSI_14,SMA_50,ADX,BB_Width",EMA_12
ICICIBANK,2024-09-11,2024,1,Sideways,1,0.6055,BUY,1,1,0.6524,BUY,1,10,"EMA_12,MACD,SMA_10,SMA_20,MACD_Signal,OBV,RSI_14,SMA_50,ADX,BB_Width",EMA_12
ICICIBANK,2024-09-12,2024,0,Sideways,0,0.9618,SELL,1,1,0.6527,BUY,0,10,"EMA_12,MACD,SMA_10,SMA_20,MACD_Signal,OBV,RSI_14,SMA_50,ADX,BB_Width",EMA_12
ICICIBANK,2024-09-13,2024,0,Sideways,0,0.9555,SELL,1,1,0.6521,BUY,0,10,"EMA_12,MACD,SMA_10,SMA_20,MACD_Signal,OBV,RSI_14,SMA_50,ADX,BB_Width",EMA_12
ICICIBANK,2024-09-16,2024,0,Sideways,0,0.9997,SELL,1,1,0.6515,BUY,0,10,"EMA_12,MACD,SMA_10,SMA_20,MACD_Signal,OBV,RSI_14,SMA_50,ADX,BB_Width",EMA_12
ICICIBANK,2024-09-17,2024,0,Sideways,0,1.0,SELL,1,1,0.651,BUY,0,10,"EMA_12,MACD,SMA_10,SMA_20,MACD_Signal,OBV,RSI_14,SMA_50,ADX,BB_Width",EMA_12
ICICIBANK,2024-09-18,2024,0,Sideways,0,1.0,SELL,1,1,0.6504,BUY,0,10,"EMA_12,MACD,SMA_10,SMA_20,MACD_Signal,OBV,RSI_14,SMA_50,ADX,BB_Width",EMA_12
ICICIBANK,2024-09-19,2024,0,Sideways,0,1.0,SELL,1,1,0.6498,BUY,0,10,"EMA_12,MACD,SMA_10,SMA_20,MACD_Signal,OBV,RSI_14,SMA_50,ADX,BB_Width",EMA_12
ICICIBANK,2024-09-20,2024,0,Sideways,0,1.0,SELL,1,1,0.6493,BUY,0,10,"EMA_12,MACD,SMA_10,SMA_20,MACD_Signal,OBV,RSI_14,SMA_50,ADX,BB_Width",EMA_12
ICICIBANK,2024-09-23,2024,0,Sideways,0,1.0,SELL,1,1,0.6487,BUY,0,10,"EMA_12,MACD,SMA_10,SMA_20,MACD_Signal,OBV,RSI_14,SMA_50,ADX,BB_Width",EMA_12
ICICIBANK,2024-09-24,2024,0,Sideways,0,1.0,SELL,1,1,0.6481,BUY,0,10,"EMA_12,MACD,SMA_10,SMA_20,MACD_Signal,OBV,RSI_14,SMA_50,ADX,BB_Width",EMA_12
ICICIBANK,2024-09-25,2024,0,Sideways,0,1.0,SELL,1,1,0.6476,BUY,0,10,"EMA_12,MACD,SMA_10,SMA_20,MACD_Signal,OBV,RSI_14,SMA_50,ADX,BB_Width",EMA_12
ICICIBANK,2024-09-26,2024,0,Sideways,0,1.0,SELL,1,1,0.647,BUY,0,10,"EMA_12,MACD,SMA_10,SMA_20,MACD_Signal,OBV,RSI_14,SMA_50,ADX,BB_Width",EMA_12
ICICIBANK,2024-09-27,2024,0,Sideways,0,1.0,SELL,1,1,0.6464,BUY,0,10,"EMA_12,MACD,SMA_10,SMA_20,MACD_Signal,OBV,RSI_14,SMA_50,ADX,BB_Width",EMA_12
ICICIBANK,2024-09-30,2024,1,Sideways,0,1.0,SELL,0,1,0.6459,BUY,1,10,"EMA_12,MACD,SMA_10,SMA_20,MACD_Signal,OBV,RSI_14,SMA_50,ADX,BB_Width",EMA_12
ICICIBANK,2024-10-01,2024,1,Sideways,0,1.0,SELL,0,1,0.6462,BUY,1,10,"EMA_12,MACD,SMA_10,SMA_20,MACD_Signal,OBV,RSI_14,SMA_50,ADX,BB_Width",EMA_12
ICICIBANK,2024-10-03,2024,1,Sideways,1,0.5062,NO TRADE,1,1,0.6465,BUY,1,10,"EMA_12,MACD,SMA_10,SMA_20,MACD_Signal,OBV,RSI_14,SMA_50,ADX,BB_Width",EMA_12
ICICIBANK,2024-10-04,2024,1,Sideways,1,1.0,BUY,1,1,0.6468,BUY,1,10,"EMA_12,MACD,SMA_10,SMA_20,MACD_Signal,OBV,RSI_14,SMA_50,ADX,BB_Width",EMA_12
ICICIBANK,2024-10-07,2024,1,Sideways,1,1.0,BUY,1,1,0.6471,BUY,1,10,"EMA_12,MACD,SMA_10,SMA_20,MACD_Signal,OBV,RSI_14,SMA_50,ADX,BB_Width",EMA_12
ICICIBANK,2024-10-08,2024,1,Sideways,1,1.0,BUY,1,1,0.6474,BUY,1,10,"EMA_12,MACD,SMA_10,SMA_20,MACD_Signal,OBV,RSI_14,SMA_50,ADX,BB_Width",EMA_12
ICICIBANK,2024-10-09,2024,1,Sideways,1,1.0,BUY,1,1,0.6477,BUY,1,10,"EMA_12,MACD,SMA_10,SMA_20,MACD_Signal,OBV,RSI_14,SMA_50,ADX,BB_Width",EMA_12
ICICIBANK,2024-10-10,2024,1,Sideways,1,1.0,BUY,1,1,0.648,BUY,1,10,"EMA_12,MACD,SMA_10,SMA_20,MACD_Signal,OBV,RSI_14,SMA_50,ADX,BB_Width",EMA_12
ICICIBANK,2024-10-11,2024,1,Sideways,1,1.0,BUY,1,1,0.6483,BUY,1,10,"EMA_12,MACD,SMA_10,SMA_20,MACD_Signal,OBV,RSI_14,SMA_50,ADX,BB_Width",EMA_12
ICICIBANK,2024-10-14,2024,1,Sideways,1,1.0,BUY,1,1,0.6486,BUY,1,10,"EMA_12,MACD,SMA_10,SMA_20,MACD_Signal,OBV,RSI_14,SMA_50,ADX,BB_Width",EMA_12
ICICIBANK,2024-10-15,2024,1,Sideways,1,1.0,BUY,1,1,0.6489,BUY,1,10,"EMA_12,MACD,SMA_10,SMA_20,MACD_Signal,OBV,RSI_14,SMA_50,ADX,BB_Width",EMA_12
ICICIBANK,2024-10-16,2024,1,Sideways,1,1.0,BUY,1,1,0.6492,BUY,1,10,"EMA_12,MACD,SMA_10,SMA_20,MACD_Signal,OBV,RSI_14,SMA_50,ADX,BB_Width",EMA_12
ICICIBANK,2024-10-17,2024,1,Sideways,1,1.0,BUY,1,1,0.6495,BUY,1,10,"EMA_12,MACD,SMA_10,SMA_20,MACD_Signal,OBV,RSI_14,SMA_50,ADX,BB_Width",EMA_12
ICICIBANK,2024-10-18,2024,0,Sideways,1,1.0,BUY,0,1,0.6498,BUY,0,10,"EMA_12,MACD,SMA_10,SMA_20,MACD_Signal,OBV,RSI_14,SMA_50,ADX,BB_Width",EMA_12
ICICIBANK,2024-10-21,2024,0,Sideways,1,1.0,BUY,0,1,0.6493,BUY,0,10,"EMA_12,MACD,SMA_10,SMA_20,MACD_Signal,OBV,RSI_14,SMA_50,ADX,BB_Width",EMA_12
ICICIBANK,2024-10-22,2024,0,Sideways,1,0.9914,BUY,0,1,0.6487,BUY,0,10,"MACD,EMA_12,BB_Width,Williams_R,SMA_50,RSI_14,SMA_10,CCI,Daily_Return,MACD_Hist",MACD
ICICIBANK,2024-10-23,2024,1,Sideways,1,1.0,BUY,1,1,0.6482,BUY,1,10,"MACD,EMA_12,BB_Width,Williams_R,SMA_50,RSI_14,SMA_10,CCI,Daily_Return,MACD_Hist",MACD
ICICIBANK,2024-10-24,2024,1,Sideways,1,1.0,BUY,1,1,0.6485,BUY,1,10,"MACD,EMA_12,BB_Width,Williams_R,SMA_50,RSI_14,SMA_10,CCI,Daily_Return,MACD_Hist",MACD
ICICIBANK,2024-10-25,2024,1,Sideways,1,0.9999,BUY,1,1,0.6488,BUY,1,10,"MACD,EMA_12,BB_Width,Williams_R,SMA_50,RSI_14,SMA_10,CCI,Daily_Return,MACD_Hist",MACD
ICICIBANK,2024-10-28,2024,1,Sideways,0,0.9559,SELL,0,1,0.6491,BUY,1,10,"MACD,EMA_12,BB_Width,Williams_R,SMA_50,RSI_14,SMA_10,CCI,Daily_Return,MACD_Hist",MACD
ICICIBANK,2024-10-29,2024,0,Sideways,0,1.0,SELL,1,1,0.6494,BUY,0,10,"MACD,EMA_12,BB_Width,Williams_R,SMA_50,RSI_14,SMA_10,CCI,Daily_Return,MACD_Hist",MACD
ICICIBANK,2024-10-30,2024,0,Sideways,0,0.9988,SELL,1,1,0.6488,BUY,0,10,"MACD,EMA_12,BB_Width,Williams_R,SMA_50,RSI_14,SMA_10,CCI,Daily_Return,MACD_Hist",MACD
ICICIBANK,2024-10-31,2024,1,Sideways,0,0.9866,SELL,0,1,0.6482,BUY,1,10,"MACD,EMA_12,BB_Width,Williams_R,SMA_50,RSI_14,SMA_10,CCI,Daily_Return,MACD_Hist",MACD
ICICIBANK,2024-11-01,2024,1,Sideways,0,0.9437,SELL,0,1,0.6485,BUY,1,10,"MACD,EMA_12,BB_Width,Williams_R,SMA_50,RSI_14,SMA_10,CCI,Daily_Return,MACD_Hist",MACD
ICICIBANK,2024-11-04,2024,1,Sideways,1,0.997,BUY,1,1,0.6488,BUY,1,10,"MACD,EMA_12,BB_Width,Williams_R,SMA_50,RSI_14,SMA_10,CCI,Daily_Return,MACD_Hist",MACD
ICICIBANK,2024-11-05,2024,1,Sideways,0,0.5908,SELL,0,1,0.6491,BUY,1,10,"MACD,EMA_12,BB_Width,Williams_R,SMA_50,RSI_14,SMA_10,CCI,Daily_Return,MACD_Hist",MACD
ICICIBANK,2024-11-06,2024,1,Sideways,0,0.9776,SELL,0,1,0.6494,BUY,1,10,"MACD,EMA_12,BB_Width,Williams_R,SMA_50,RSI_14,SMA_10,CCI,Daily_Return,MACD_Hist",MACD
ICICIBANK,2024-11-07,2024,1,Sideways,1,0.9987,BUY,1,1,0.6497,BUY,1,10,"MACD,EMA_12,BB_Width,Williams_R,SMA_50,RSI_14,SMA_10,CCI,Daily_Return,MACD_Hist",MACD
ICICIBANK,2024-11-08,2024,1,Sideways,1,1.0,BUY,1,1,0.65,BUY,1,10,"MACD,EMA_12,BB_Width,Williams_R,SMA_50,RSI_14,SMA_10,CCI,Daily_Return,MACD_Hist",MACD
ICICIBANK,2024-11-11,2024,1,Sideways,1,1.0,BUY,1,1,0.6503,BUY,1,10,"MACD,EMA_12,BB_Width,Williams_R,SMA_50,RSI_14,SMA_10,CCI,Daily_Return,MACD_Hist",MACD
ICICIBANK,2024-11-12,2024,1,Sideways,1,1.0,BUY,1,1,0.6506,BUY,1,10,"MACD,EMA_12,BB_Width,Williams_R,SMA_50,RSI_14,SMA_10,CCI,Daily_Return,MACD_Hist",MACD
ICICIBANK,2024-11-13,2024,1,Sideways,1,1.0,BUY,1,1,0.6509,BUY,1,10,"MACD,EMA_12,BB_Width,Williams_R,SMA_50,RSI_14,SMA_10,CCI,Daily_Return,MACD_Hist",MACD
ICICIBANK,2024-11-14,2024,1,Sideways,1,1.0,BUY,1,1,0.6512,BUY,1,10,"MACD,EMA_12,BB_Width,Williams_R,SMA_50,RSI_14,SMA_10,CCI,Daily_Return,MACD_Hist",MACD
ICICIBANK,2024-11-18,2024,1,Sideways,1,1.0,BUY,1,1,0.6515,BUY,1,10,"MACD,EMA_12,BB_Width,Williams_R,SMA_50,RSI_14,SMA_10,CCI,Daily_Return,MACD_Hist",MACD
ICICIBANK,2024-11-19,2024,1,Sideways,1,1.0,BUY,1,1,0.6518,BUY,1,10,"MACD,EMA_12,BB_Width,Williams_R,SMA_50,RSI_14,SMA_10,CCI,Daily_Return,MACD_Hist",MACD
ICICIBANK,2024-11-21,2024,1,Sideways,1,1.0,BUY,1,1,0.6521,BUY,1,10,"MACD,EMA_12,BB_Width,Williams_R,SMA_50,RSI_14,SMA_10,CCI,Daily_Return,MACD_Hist",MACD
ICICIBANK,2024-11-22,2024,1,Sideways,1,1.0,BUY,1,1,0.6524,BUY,1,10,"MACD,EMA_12,BB_Width,Williams_R,SMA_50,RSI_14,SMA_10,CCI,Daily_Return,MACD_Hist",MACD
ICICIBANK,2024-11-25,2024,0,Sideways,1,0.9663,BUY,0,1,0.6527,BUY,0,10,"MACD,EMA_12,BB_Width,Williams_R,SMA_50,RSI_14,SMA_10,CCI,Daily_Return,MACD_Hist",MACD
ICICIBANK,2024-11-26,2024,0,Sideways,0,0.7704,SELL,1,1,0.6521,BUY,0,10,"MACD,EMA_12,BB_Width,Williams_R,SMA_50,RSI_14,SMA_10,CCI,Daily_Return,MACD_Hist",MACD
ICICIBANK,2024-11-27,2024,0,Sideways,0,0.5883,SELL,1,1,0.6516,BUY,0,10,"MACD,EMA_12,BB_Width,Williams_R,SMA_50,RSI_14,SMA_10,CCI,Daily_Return,MACD_Hist",MACD
ICICIBANK,2024-11-28,2024,1,Sideways,1,0.9966,BUY,1,1,0.651,BUY,1,10,"MACD,EMA_12,BB_Width,Williams_R,SMA_50,RSI_14,SMA_10,CCI,Daily_Return,MACD_Hist",MACD
ICICIBANK,2024-11-29,2024,0,Sideways,0,0.6627,SELL,1,1,0.6513,BUY,0,10,"MACD,EMA_12,BB_Width,Williams_R,SMA_50,RSI_14,SMA_10,CCI,Daily_Return,MACD_Hist",MACD
ICICIBANK,2024-12-02,2024,0,Sideways,0,0.8113,SELL,1,1,0.6508,BUY,0,10,"MACD,EMA_12,BB_Width,Williams_R,SMA_50,RSI_14,SMA_10,CCI,Daily_Return,MACD_Hist",MACD
