stock,predict_date,year,actual_target,market_regime,static_pred,static_confidence,static_signal,static_correct,dynamic_pred,dynamic_confidence,dynamic_signal,dynamic_correct,n_dynamic_features,dynamic_features,top_mi_feature
HDFCBANK,2022-01-03,2022,0,Sideways,1,0.6188,BUY,0,1,1.0,BUY,0,10,"ATR_14,SMA_20,SMA_10,EMA_12,SMA_50,RSI_14,MACD_Hist,BB_Width,Price_Change,EMA_26",ATR_14
HDFCBANK,2022-01-04,2022,1,Sideways,1,0.6174,BUY,1,1,1.0,BUY,1,10,"SMA_20,ATR_14,EMA_12,EMA_26,BB_Width,Williams_R,SMA_50,BB_Upper,OBV,ADX",SMA_20
HDFCBANK,2022-01-05,2022,0,Sideways,1,0.6183,BUY,0,1,1.0,BUY,0,10,"SMA_20,ATR_14,EMA_12,EMA_26,BB_Width,Williams_R,SMA_50,BB_Upper,OBV,ADX",SMA_20
HDFCBANK,2022-01-06,2022,0,Sideways,1,0.6169,BUY,0,1,0.9999,BUY,0,10,"SMA_20,ATR_14,EMA_12,EMA_26,BB_Width,Williams_R,SMA_50,BB_Upper,OBV,ADX",SMA_20
HDFCBANK,2022-01-07,2022,0,Sideways,1,0.6155,BUY,0,1,0.8598,BUY,0,10,"SMA_20,ATR_14,EMA_12,EMA_26,BB_Width,Williams_R,SMA_50,BB_Upper,OBV,ADX",SMA_20
HDFCBANK,2022-01-10,2022,0,Sideways,1,0.6141,BUY,0,0,0.761,SELL,1,10,"SMA_20,ATR_14,EMA_12,EMA_26,BB_Width,Williams_R,SMA_50,BB_Upper,OBV,ADX",SMA_20
HDFCBANK,2022-01-11,2022,0,Sideways,1,0.6127,BUY,0,0,0.9757,SELL,1,10,"SMA_20,ATR_14,EMA_12,EMA_26,BB_Width,Williams_R,SMA_50,BB_Upper,OBV,ADX",SMA_20
HDFCBANK,2022-01-12,2022,0,Sideways,1,0.6113,BUY,0,0,0.9996,SELL,1,10,"SMA_20,ATR_14,EMA_12,EMA_26,BB_Width,Williams_R,SMA_50,BB_Upper,OBV,ADX",SMA_20
HDFCBANK,2022-01-13,2022,0,Sideways,1,0.6099,BUY,0,1,0.9998,BUY,0,10,"SMA_20,ATR_14,EMA_12,EMA_26,BB_Width,Williams_R,SMA_50,BB_Upper,OBV,ADX",SMA_20
HDFCBANK,2022-01-14,2022,0,Sideways,1,0.6086,BUY,0,0,0.9994,SELL,1,10,"SMA_20,ATR_14,EMA_12,EMA_26,BB_Width,Williams_R,SMA_50,BB_Upper,OBV,ADX",SMA_20
HDFCBANK,2022-01-17,2022,0,Sideways,1,0.6072,BUY,0,0,0.9891,SELL,1,10,"SMA_20,ATR_14,EMA_12,EMA_26,BB_Width,Williams_R,SMA_50,BB_Upper,OBV,ADX",SMA_20
HDFCBANK,2022-01-18,2022,0,Sideways,1,0.6058,BUY,0,0,0.9946,SELL,1,10,"SMA_20,ATR_14,EMA_12,EMA_26,BB_Width,Williams_R,SMA_50,BB_Upper,OBV,ADX",SMA_20
HDFCBANK,2022-01-19,2022,0,Sideways,1,0.6045,BUY,0,0,0.9695,SELL,1,10,"SMA_20,ATR_14,EMA_12,EMA_26,BB_Width,Williams_R,SMA_50,BB_Upper,OBV,ADX",SMA_20
HDFCBANK,2022-01-20,2022,1,Sideways,1,0.6031,BUY,1,0,0.8213,SELL,0,10,"SMA_20,ATR_14,EMA_12,EMA_26,BB_Width,Williams_R,SMA_50,BB_Upper,OBV,ADX",SMA_20
HDFCBANK,2022-01-21,2022,1,Sideways,1,0.604,BUY,1,1,0.9104,BUY,1,10,"SMA_20,ATR_14,EMA_12,EMA_26,BB_Width,Williams_R,SMA_50,BB_Upper,OBV,ADX",SMA_20
HDFCBANK,2022-01-24,2022,1,Sideways,1,0.6049,BUY,1,1,0.9874,BUY,1,10,"SMA_20,ATR_14,EMA_12,EMA_26,BB_Width,Williams_R,SMA_50,BB_Upper,OBV,ADX",SMA_20
HDFCBANK,2022-01-25,2022,1,Sideways,1,0.6058,BUY,1,1,0.9914,BUY,1,10,"SMA_20,ATR_14,EMA_12,EMA_26,BB_Width,Williams_R,SMA_50,BB_Upper,OBV,ADX",SMA_20
HDFCBANK,2022-01-27,2022,0,Sideways,1,0.6066,BUY,0,1,0.9983,BUY,0,10,"SMA_20,ATR_14,EMA_12,EMA_26,BB_Width,Williams_R,SMA_50,BB_Upper,OBV,ADX",SMA_20
HDFCBANK,2022-01-28,2022,0,Sideways,1,0.6053,BUY,0,1,0.9905,BUY,0,10,"SMA_20,ATR_14,EMA_12,EMA_26,BB_Width,Williams_R,SMA_50,BB_Upper,OBV,ADX",SMA_20
HDFCBANK,2022-01-31,2022,0,Sideways,1,0.604,BUY,0,1,0.9558,BUY,0,10,"SMA_20,ATR_14,EMA_12,EMA_26,BB_Width,Williams_R,SMA_50,BB_Upper,OBV,ADX",SMA_20
HDFCBANK,2022-02-01,2022,0,Sideways,1,0.6026,BUY,0,1,0.9461,BUY,0,10,"SMA_20,ATR_14,EMA_12,EMA_26,BB_Width,Williams_R,SMA_50,BB_Upper,OBV,ADX",SMA_20
HDFCBANK,2022-02-02,2022,0,Sideways,1,0.6013,BUY,0,1,0.948,BUY,0,10,"SMA_20,ATR_14,EMA_12,EMA_26,BB_Width,Williams_R,SMA_50,BB_Upper,OBV,ADX",SMA_20
HDFCBANK,2022-02-03,2022,0,Sideways,1,0.6,BUY,0,1,0.9484,BUY,0,10,"SMA_20,ATR_14,EMA_12,EMA_26,BB_Width,Williams_R,SMA_50,BB_Upper,OBV,ADX",SMA_20
HDFCBANK,2022-02-04,2022,0,Sideways,1,0.5987,BUY,0,1,0.9458,BUY,0,10,"SMA_20,ATR_14,EMA_12,EMA_26,BB_Width,Williams_R,SMA_50,BB_Upper,OBV,ADX",SMA_20
HDFCBANK,2022-02-07,2022,0,Sideways,1,0.5974,BUY,0,1,0.8735,BUY,0,10,"SMA_20,ATR_14,EMA_12,EMA_26,BB_Width,Williams_R,SMA_50,BB_Upper,OBV,ADX",SMA_20
HDFCBANK,2022-02-08,2022,0,Sideways,1,0.5961,BUY,0,1,0.6489,BUY,0,10,"SMA_20,ATR_14,EMA_12,EMA_26,BB_Width,Williams_R,SMA_50,BB_Upper,OBV,ADX",SMA_20
HDFCBANK,2022-02-09,2022,0,Sideways,1,0.5948,BUY,0,1,0.6269,BUY,0,10,"SMA_20,ATR_14,EMA_12,EMA_26,BB_Width,Williams_R,SMA_50,BB_Upper,OBV,ADX",SMA_20
HDFCBANK,2022-02-10,2022,0,Sideways,1,0.5935,BUY,0,1,0.6254,BUY,0,10,"SMA_20,ATR_14,EMA_12,EMA_26,BB_Width,Williams_R,SMA_50,BB_Upper,OBV,ADX",SMA_20
HDFCBANK,2022-02-11,2022,0,Sideways,1,0.5922,BUY,0,1,0.5757,BUY,0,10,"SMA_20,ATR_14,EMA_12,EMA_26,BB_Width,Williams_R,SMA_50,BB_Upper,OBV,ADX",SMA_20
HDFCBANK,2022-02-14,2022,0,Sideways,1,0.591,BUY,0,0,0.6252,SELL,1,10,"SMA_20,ATR_14,EMA_12,EMA_26,BB_Width,Williams_R,SMA_50,BB_Upper,OBV,ADX",SMA_20
HDFCBANK,2022-02-15,2022,0,Sideways,1,0.5897,BUY,0,0,0.628,SELL,1,10,"SMA_20,ATR_14,EMA_12,EMA_26,BB_Width,Williams_R,SMA_50,BB_Upper,OBV,ADX",SMA_20
HDFCBANK,2022-02-16,2022,0,Sideways,1,0.5884,BUY,0,1,0.9804,BUY,0,10,"SMA_20,ATR_14,EMA_12,CCI,EMA_26,Williams_R,Rolling_Volatility,Rolling_Median_Return,Volume_MA,SMA_10",SMA_20
HDFCBANK,2022-02-17,2022,0,Sideways,1,0.5872,BUY,0,0,0.9973,SELL,1,10,"SMA_20,ATR_14,EMA_12,CCI,EMA_26,Williams_R,Rolling_Volatility,Rolling_Median_Return,Volume_MA,SMA_10",SMA_20
HDFCBANK,2022-02-18,2022,0,Sideways,1,0.5859,BUY,0,0,1.0,SELL,1,10,"SMA_20,ATR_14,EMA_12,CCI,EMA_26,Williams_R,Rolling_Volatility,Rolling_Median_Return,Volume_MA,SMA_10",SMA_20
HDFCBANK,2022-02-21,2022,0,Sideways,1,0.5847,BUY,0,1,1.0,BUY,0,10,"SMA_20,ATR_14,EMA_12,CCI,EMA_26,Williams_R,Rolling_Volatility,Rolling_Median_Return,Volume_MA,SMA_10",SMA_20
HDFCBANK,2022-02-22,2022,0,Sideways,1,0.5834,BUY,0,1,1.0,BUY,0,10,"SMA_20,ATR_14,EMA_12,CCI,EMA_26,Williams_R,Rolling_Volatility,Rolling_Median_Return,Volume_MA,SMA_10",SMA_20
HDFCBANK,2022-02-23,2022,0,Sideways,1,0.5822,BUY,0,0,1.0,SELL,1,10,"SMA_20,ATR_14,EMA_12,CCI,EMA_26,Williams_R,Rolling_Volatility,Rolling_Median_Return,Volume_MA,SMA_10",SMA_20
HDFCBANK,2022-02-24,2022,1,Sideways,1,0.581,BUY,1,1,1.0,BUY,1,10,"SMA_20,ATR_14,EMA_12,CCI,EMA_26,Williams_R,Rolling_Volatility,Rolling_Median_Return,Volume_MA,SMA_10",SMA_20
HDFCBANK,2022-02-25,2022,0,Sideways,1,0.5818,BUY,0,1,1.0,BUY,0,10,"SMA_20,ATR_14,EMA_12,CCI,EMA_26,Williams_R,Rolling_Volatility,Rolling_Median_Return,Volume_MA,SMA_10",SMA_20
HDFCBANK,2022-02-28,2022,1,Sideways,1,0.5806,BUY,1,1,1.0,BUY,1,10,"SMA_20,ATR_14,EMA_12,CCI,EMA_26,Williams_R,Rolling_Volatility,Rolling_Median_Return,Volume_MA,SMA_10",SMA_20
HDFCBANK,2022-03-02,2022,1,Sideways,0,0.9839,SELL,0,1,1.0,BUY,1,10,"SMA_20,ATR_14,EMA_12,CCI,EMA_26,Williams_R,Rolling_Volatility,Rolling_Median_Return,Volume_MA,SMA_10",SMA_20
HDFCBANK,2022-03-03,2022,1,Sideways,0,0.9981,SELL,0,1,1.0,BUY,1,10,"SMA_20,ATR_14,EMA_12,CCI,EMA_26,Williams_R,Rolling_Volatility,Rolling_Median_Return,Volume_MA,SMA_10",SMA_20
HDFCBANK,2022-03-04,2022,1,Sideways,0,0.9971,SELL,0,1,1.0,BUY,1,10,"SMA_20,ATR_14,EMA_12,CCI,EMA_26,Williams_R,Rolling_Volatility,Rolling_Median_Return,Volume_MA,SMA_10",SMA_20
HDFCBANK,2022-03-07,2022,1,Sideways,0,0.9665,SELL,0,1,1.0,BUY,1,10,"SMA_20,ATR_14,EMA_12,CCI,EMA_26,Williams_R,Rolling_Volatility,Rolling_Median_Return,Volume_MA,SMA_10",SMA_20
HDFCBANK,2022-03-08,2022,1,Sideways,0,0.9276,SELL,0,1,1.0,BUY,1,10,"SMA_20,ATR_14,EMA_12,CCI,EMA_26,Williams_R,Rolling_Volatility,Rolling_Median_Return,Volume_MA,SMA_10",SMA_20
HDFCBANK,2022-03-09,2022,1,Sideways,0,0.596,SELL,0,1,1.0,BUY,1,10,"SMA_20,ATR_14,EMA_12,CCI,EMA_26,Williams_R,Rolling_Volatility,Rolling_Median_Return,Volume_MA,SMA_10",SMA_20
HDFCBANK,2022-03-10,2022,1,Sideways,0,0.7774,SELL,0,1,1.0,BUY,1,10,"SMA_20,ATR_14,EMA_12,CCI,EMA_26,Williams_R,Rolling_Volatility,Rolling_Median_Return,Volume_MA,SMA_10",SMA_20
HDFCBANK,2022-03-11,2022,1,Sideways,0,0.919,SELL,0,1,1.0,BUY,1,10,"SMA_20,ATR_14,EMA_12,CCI,EMA_26,Williams_R,Rolling_Volatility,Rolling_Median_Return,Volume_MA,SMA_10",SMA_20
HDFCBANK,2022-03-14,2022,1,Sideways,1,0.5815,BUY,1,1,1.0,BUY,1,10,"SMA_20,ATR_14,EMA_12,CCI,EMA_26,Williams_R,Rolling_Volatility,Rolling_Median_Return,Volume_MA,SMA_10",SMA_20
HDFCBANK,2022-03-15,2022,1,Sideways,1,0.5824,BUY,1,1,1.0,BUY,1,10,"SMA_20,ATR_14,EMA_12,CCI,EMA_26,Williams_R,Rolling_Volatility,Rolling_Median_Return,Volume_MA,SMA_10",SMA_20
HDFCBANK,2022-03-16,2022,0,Sideways,1,0.5824,BUY,0,1,1.0,BUY,0,10,"SMA_20,ATR_14,EMA_12,CCI,EMA_26,Williams_R,Rolling_Volatility,Rolling_Median_Return,Volume_MA,SMA_10",SMA_20
HDFCBANK,2022-03-17,2022,0,Sideways,1,0.5812,BUY,0,0,0.8869,SELL,1,10,"SMA_20,ATR_14,EMA_12,CCI,EMA_26,Williams_R,Rolling_Volatility,Rolling_Median_Return,Volume_MA,SMA_10",SMA_20
HDFCBANK,2022-03-21,2022,0,Sideways,1,0.5799,BUY,0,0,0.9974,SELL,1,10,"SMA_20,ATR_14,EMA_12,CCI,EMA_26,Williams_R,Rolling_Volatility,Rolling_Median_Return,Volume_MA,SMA_10",SMA_20
HDFCBANK,2022-03-22,2022,0,Sideways,1,0.5787,BUY,0,0,0.9998,SELL,1,10,"SMA_20,ATR_14,EMA_12,CCI,EMA_26,Williams_R,Rolling_Volatility,Rolling_Median_Return,Volume_MA,SMA_10",SMA_20
HDFCBANK,2022-03-23,2022,0,Sideways,1,0.5775,BUY,0,0,0.9999,SELL,1,10,"SMA_20,ATR_14,EMA_12,CCI,EMA_26,Williams_R,Rolling_Volatility,Rolling_Median_Return,Volume_MA,SMA_10",SMA_20
HDFCBANK,2022-03-24,2022,0,Sideways,0,0.972,SELL,1,0,0.6081,SELL,1,10,"SMA_20,ATR_14,EMA_12,CCI,EMA_26,Williams_R,Rolling_Volatility,Rolling_Median_Return,Volume_MA,SMA_10",SMA_20
HDFCBANK,2022-03-25,2022,0,Sideways,0,0.9862,SELL,1,1,0.5389,NO TRADE,0,10,"SMA_20,ATR_14,EMA_12,CCI,EMA_26,Williams_R,Rolling_Volatility,Rolling_Median_Return,Volume_MA,SMA_10",SMA_20
HDFCBANK,2022-03-28,2022,0,Sideways,0,0.9875,SELL,1,0,0.5427,NO TRADE,1,10,"SMA_20,ATR_14,EMA_12,CCI,EMA_26,Williams_R,Rolling_Volatility,Rolling_Median_Return,Volume_MA,SMA_10",SMA_20
HDFCBANK,2022-03-29,2022,0,Sideways,1,0.5763,BUY,0,0,0.8747,SELL,1,10,"SMA_20,ATR_14,EMA_12,CCI,EMA_26,Williams_R,Rolling_Volatility,Rolling_Median_Return,Volume_MA,SMA_10",SMA_20
HDFCBANK,2022-03-30,2022,0,Sideways,1,0.5751,BUY,0,0,0.9963,SELL,1,10,"SMA_20,ATR_14,EMA_12,CCI,EMA_26,Williams_R,Rolling_Volatility,Rolling_Median_Return,Volume_MA,SMA_10",SMA_20
HDFCBANK,2022-03-31,2022,0,Sideways,1,0.5739,BUY,0,0,0.9855,SELL,1,10,"SMA_20,ATR_14,EMA_12,CCI,EMA_26,Williams_R,Rolling_Volatility,Rolling_Median_Return,Volume_MA,SMA_10",SMA_20
HDFCBANK,2022-04-01,2022,0,Sideways,1,0.5728,BUY,0,0,0.9967,SELL,1,10,"EMA_26,SMA_20,EMA_12,SMA_10,Rolling_Median_Return,ATR_14,MACD_Signal,Rolling_Mean_Return,CCI,Rolling_Volatility",EMA_26
HDFCBANK,2022-04-04,2022,0,Sideways,1,0.5716,BUY,0,1,1.0,BUY,0,10,"EMA_26,SMA_20,EMA_12,SMA_10,Rolling_Median_Return,ATR_14,MACD_Signal,Rolling_Mean_Return,CCI,Rolling_Volatility",EMA_26
HDFCBANK,2022-04-05,2022,0,Sideways,1,0.5704,BUY,0,1,0.9996,BUY,0,10,"EMA_26,SMA_20,EMA_12,SMA_10,Rolling_Median_Return,ATR_14,MACD_Signal,Rolling_Mean_Return,CCI,Rolling_Volatility",EMA_26
HDFCBANK,2022-04-06,2022,0,Sideways,1,0.5692,BUY,0,1,0.996,BUY,0,10,"EMA_26,SMA_20,EMA_12,SMA_10,Rolling_Median_Return,ATR_14,MACD_Signal,Rolling_Mean_Return,CCI,Rolling_Volatility",EMA_26
HDFCBANK,2022-04-07,2022,0,Sideways,1,0.5681,BUY,0,1,0.9813,BUY,0,10,"EMA_26,SMA_20,EMA_12,SMA_10,Rolling_Median_Return,ATR_14,MACD_Signal,Rolling_Mean_Return,CCI,Rolling_Volatility",EMA_26
HDFCBANK,2022-04-08,2022,0,Sideways,0,0.9786,SELL,1,1,0.876,BUY,0,10,"EMA_26,SMA_20,EMA_12,SMA_10,Rolling_Median_Return,ATR_14,MACD_Signal,Rolling_Mean_Return,CCI,Rolling_Volatility",EMA_26
HDFCBANK,2022-04-11,2022,0,Sideways,0,0.976,SELL,1,1,0.9298,BUY,0,10,"EMA_26,SMA_20,EMA_12,SMA_10,Rolling_Median_Return,ATR_14,MACD_Signal,Rolling_Mean_Return,CCI,Rolling_Volatility",EMA_26
HDFCBANK,2022-04-12,2022,0,Sideways,0,0.9904,SELL,1,1,0.7838,BUY,0,10,"EMA_26,SMA_20,EMA_12,SMA_10,Rolling_Median_Return,ATR_14,MACD_Signal,Rolling_Mean_Return,CCI,Rolling_Volatility",EMA_26
HDFCBANK,2022-04-13,2022,0,Sideways,0,0.9811,SELL,1,1,0.9367,BUY,0,10,"EMA_26,SMA_20,EMA_12,SMA_10,Rolling_Median_Return,ATR_14,MACD_Signal,Rolling_Mean_Return,CCI,Rolling_Volatility",EMA_26
HDFCBANK,2022-04-18,2022,0,Sideways,0,0.5856,SELL,1,1,0.941,BUY,0,10,"EMA_26,SMA_20,EMA_12,SMA_10,Rolling_Median_Return,ATR_14,MACD_Signal,Rolling_Mean_Return,CCI,Rolling_Volatility",EMA_26
HDFCBANK,2022-04-19,2022,0,Sideways,1,0.9093,BUY,0,1,0.6631,BUY,0,10,"EMA_26,SMA_20,EMA_12,SMA_10,Rolling_Median_Return,ATR_14,MACD_Signal,Rolling_Mean_Return,CCI,Rolling_Volatility",EMA_26
HDFCBANK,2022-04-20,2022,0,Sideways,0,0.6341,SELL,1,1,0.9633,BUY,0,10,"EMA_26,SMA_20,EMA_12,SMA_10,Rolling_Median_Return,ATR_14,MACD_Signal,Rolling_Mean_Return,CCI,Rolling_Volatility",EMA_26
HDFCBANK,2022-04-21,2022,0,Sideways,0,0.8767,SELL,1,0,0.6071,SELL,1,10,"EMA_26,SMA_20,EMA_12,SMA_10,Rolling_Median_Return,ATR_14,MACD_Signal,Rolling_Mean_Return,CCI,Rolling_Volatility",EMA_26
HDFCBANK,2022-04-22,2022,0,Sideways,0,0.9296,SELL,1,1,0.5122,NO TRADE,0,10,"EMA_26,SMA_20,EMA_12,SMA_10,Rolling_Median_Return,ATR_14,MACD_Signal,Rolling_Mean_Return,CCI,Rolling_Volatility",EMA_26
HDFCBANK,2022-04-25,2022,0,Sideways,0,0.9415,SELL,1,1,0.9078,BUY,0,10,"EMA_26,SMA_20,EMA_12,SMA_10,Rolling_Median_Return,ATR_14,MACD_Signal,Rolling_Mean_Return,CCI,Rolling_Volatility",EMA_26
HDFCBANK,2022-04-26,2022,0,Sideways,0,0.9671,SELL,1,1,0.7308,BUY,0,10,"EMA_26,SMA_20,EMA_12,SMA_10,Rolling_Median_Return,ATR_14,MACD_Signal,Rolling_Mean_Return,CCI,Rolling_Volatility",EMA_26
HDFCBANK,2022-04-27,2022,1,Sideways,0,0.9694,SELL,0,0,0.7424,SELL,0,10,"EMA_26,SMA_20,EMA_12,SMA_10,Rolling_Median_Return,ATR_14,MACD_Signal,Rolling_Mean_Return,CCI,Rolling_Volatility",EMA_26
HDFCBANK,2022-04-28,2022,1,Sideways,0,0.9465,SELL,0,0,0.8976,SELL,0,10,"EMA_26,SMA_20,EMA_12,SMA_10,Rolling_Median_Return,ATR_14,MACD_Signal,Rolling_Mean_Return,CCI,Rolling_Volatility",EMA_26
HDFCBANK,2022-04-29,2022,1,Sideways,0,0.8942,SELL,0,0,0.954,SELL,0,10,"EMA_26,SMA_20,EMA_12,SMA_10,Rolling_Median_Return,ATR_14,MACD_Signal,Rolling_Mean_Return,CCI,Rolling_Volatility",EMA_26
HDFCBANK,2022-05-02,2022,1,Sideways,0,0.6301,SELL,0,0,0.9756,SELL,0,10,"EMA_26,SMA_20,EMA_12,SMA_10,Rolling_Median_Return,ATR_14,MACD_Signal,Rolling_Mean_Return,CCI,Rolling_Volatility",EMA_26
HDFCBANK,2022-05-04,2022,1,Sideways,1,0.5174,NO TRADE,1,0,0.8079,SELL,0,10,"EMA_26,SMA_20,EMA_12,SMA_10,Rolling_Median_Return,ATR_14,MACD_Signal,Rolling_Mean_Return,CCI,Rolling_Volatility",EMA_26
HDFCBANK,2022-05-05,2022,1,Sideways,0,0.9146,SELL,0,1,0.9066,BUY,1,10,"EMA_26,SMA_20,EMA_12,SMA_10,Rolling_Median_Return,ATR_14,MACD_Signal,Rolling_Mean_Return,CCI,Rolling_Volatility",EMA_26
HDFCBANK,2022-05-06,2022,1,Sideways,0,0.8935,SELL,0,1,0.999,BUY,1,10,"EMA_26,SMA_20,EMA_12,SMA_10,Rolling_Median_Return,ATR_14,MACD_Signal,Rolling_Mean_Return,CCI,Rolling_Volatility",EMA_26
HDFCBANK,2022-05-09,2022,1,Sideways,0,0.88,SELL,0,1,0.9995,BUY,1,10,"EMA_26,SMA_20,EMA_12,SMA_10,Rolling_Median_Return,ATR_14,MACD_Signal,Rolling_Mean_Return,CCI,Rolling_Volatility",EMA_26
HDFCBANK,2022-05-10,2022,1,Sideways,0,0.628,SELL,0,1,0.9992,BUY,1,10,"EMA_26,SMA_20,EMA_12,SMA_10,Rolling_Median_Return,ATR_14,MACD_Signal,Rolling_Mean_Return,CCI,Rolling_Volatility",EMA_26
HDFCBANK,2022-05-11,2022,1,Sideways,0,0.7167,SELL,0,1,0.9989,BUY,1,10,"EMA_26,SMA_20,EMA_12,SMA_10,Rolling_Median_Return,ATR_14,MACD_Signal,Rolling_Mean_Return,CCI,Rolling_Volatility",EMA_26
HDFCBANK,2022-05-12,2022,1,Sideways,0,0.6282,SELL,0,1,0.9973,BUY,1,10,"EMA_26,SMA_20,EMA_12,SMA_10,Rolling_Median_Return,ATR_14,MACD_Signal,Rolling_Mean_Return,CCI,Rolling_Volatility",EMA_26
HDFCBANK,2022-05-13,2022,1,Sideways,0,0.639,SELL,0,1,0.9941,BUY,1,10,"EMA_26,SMA_20,EMA_12,SMA_10,Rolling_Median_Return,ATR_14,MACD_Signal,Rolling_Mean_Return,CCI,Rolling_Volatility",EMA_26
HDFCBANK,2022-05-16,2022,1,Sideways,1,0.5419,NO TRADE,1,1,0.9898,BUY,1,10,"EMA_26,SMA_20,EMA_12,SMA_10,Rolling_Median_Return,ATR_14,MACD_Signal,Rolling_Mean_Return,CCI,Rolling_Volatility",EMA_26
HDFCBANK,2022-05-17,2022,0,Sideways,1,0.5332,NO TRADE,0,1,0.9968,BUY,0,10,"EMA_26,SMA_20,EMA_12,SMA_10,Rolling_Median_Return,ATR_14,MACD_Signal,Rolling_Mean_Return,CCI,Rolling_Volatility",EMA_26
HDFCBANK,2022-05-18,2022,0,Sideways,0,0.6004,SELL,1,1,1.0,BUY,0,10,"EMA_12,EMA_26,ATR_14,SMA_50,Rolling_Volatility,Stochastic,Rolling_Median_Return,SMA_10,Rolling_Mean_Return,SMA_20",EMA_12
HDFCBANK,2022-05-19,2022,0,Sideways,0,0.6415,SELL,1,1,1.0,BUY,0,10,"EMA_12,EMA_26,ATR_14,SMA_50,Rolling_Volatility,Stochastic,Rolling_Median_Return,SMA_10,Rolling_Mean_Return,SMA_20",EMA_12
HDFCBANK,2022-05-20,2022,0,Sideways,1,0.5912,BUY,0,1,0.9299,BUY,0,10,"EMA_12,EMA_26,ATR_14,SMA_50,Rolling_Volatility,Stochastic,Rolling_Median_Return,SMA_10,Rolling_Mean_Return,SMA_20",EMA_12
HDFCBANK,2022-05-23,2022,1,Sideways,0,0.7771,SELL,0,1,1.0,BUY,1,10,"EMA_12,EMA_26,ATR_14,SMA_50,Rolling_Volatility,Stochastic,Rolling_Median_Return,SMA_10,Rolling_Mean_Return,SMA_20",EMA_12
HDFCBANK,2022-05-24,2022,1,Sideways,0,0.6195,SELL,0,1,1.0,BUY,1,10,"EMA_12,EMA_26,ATR_14,SMA_50,Rolling_Volatility,Stochastic,Rolling_Median_Return,SMA_10,Rolling_Mean_Return,SMA_20",EMA_12
HDFCBANK,2022-05-25,2022,1,Sideways,0,0.7251,SELL,0,0,1.0,SELL,0,10,"EMA_12,EMA_26,ATR_14,SMA_50,Rolling_Volatility,Stochastic,Rolling_Median_Return,SMA_10,Rolling_Mean_Return,SMA_20",EMA_12
HDFCBANK,2022-05-26,2022,0,Sideways,0,0.5431,NO TRADE,1,1,0.8906,BUY,0,10,"EMA_12,EMA_26,ATR_14,SMA_50,Rolling_Volatility,Stochastic,Rolling_Median_Return,SMA_10,Rolling_Mean_Return,SMA_20",EMA_12
HDFCBANK,2022-05-27,2022,0,Sideways,0,0.8235,SELL,1,1,0.8444,BUY,0,10,"EMA_12,EMA_26,ATR_14,SMA_50,Rolling_Volatility,Stochastic,Rolling_Median_Return,SMA_10,Rolling_Mean_Return,SMA_20",EMA_12
HDFCBANK,2022-05-30,2022,0,Sideways,0,0.8887,SELL,1,0,1.0,SELL,1,10,"EMA_12,EMA_26,ATR_14,SMA_50,Rolling_Volatility,Stochastic,Rolling_Median_Return,SMA_10,Rolling_Mean_Return,SMA_20",EMA_12
HDFCBANK,2022-05-31,2022,0,Sideways,0,0.9149,SELL,1,0,1.0,SELL,1,10,"EMA_12,EMA_26,ATR_14,SMA_50,Rolling_Volatility,Stochastic,Rolling_Median_Return,SMA_10,Rolling_Mean_Return,SMA_20",EMA_12
HDFCBANK,2022-06-01,2022,0,Sideways,0,0.9301,SELL,1,0,1.0,SELL,1,10,"EMA_12,EMA_26,ATR_14,SMA_50,Rolling_Volatility,Stochastic,Rolling_Median_Return,SMA_10,Rolling_Mean_Return,SMA_20",EMA_12
HDFCBANK,2022-06-02,2022,0,Sideways,0,0.949,SELL,1,0,1.0,SELL,1,10,"EMA_12,EMA_26,ATR_14,SMA_50,Rolling_Volatility,Stochastic,Rolling_Median_Return,SMA_10,Rolling_Mean_Return,SMA_20",EMA_12
HDFCBANK,2022-06-03,2022,0,Sideways,0,0.9427,SELL,1,0,1.0,SELL,1,10,"EMA_12,EMA_26,ATR_14,SMA_50,Rolling_Volatility,Stochastic,Rolling_Median_Return,SMA_10,Rolling_Mean_Return,SMA_20",EMA_12
HDFCBANK,2022-06-06,2022,0,Sideways,0,0.9541,SELL,1,0,1.0,SELL,1,10,"EMA_12,EMA_26,ATR_14,SMA_50,Rolling_Volatility,Stochastic,Rolling_Median_Return,SMA_10,Rolling_Mean_Return,SMA_20",EMA_12
HDFCBANK,2022-06-07,2022,0,Sideways,0,0.9544,SELL,1,0,1.0,SELL,1,10,"EMA_12,EMA_26,ATR_14,SMA_50,Rolling_Volatility,Stochastic,Rolling_Median_Return,SMA_10,Rolling_Mean_Return,SMA_20",EMA_12
HDFCBANK,2022-06-08,2022,1,Sideways,0,0.9564,SELL,0,0,1.0,SELL,0,10,"EMA_12,EMA_26,ATR_14,SMA_50,Rolling_Volatility,Stochastic,Rolling_Median_Return,SMA_10,Rolling_Mean_Return,SMA_20",EMA_12
HDFCBANK,2022-06-09,2022,1,Sideways,0,0.9435,SELL,0,1,0.8027,BUY,1,10,"EMA_12,EMA_26,ATR_14,SMA_50,Rolling_Volatility,Stochastic,Rolling_Median_Return,SMA_10,Rolling_Mean_Return,SMA_20",EMA_12
HDFCBANK,2022-06-10,2022,1,Sideways,0,0.9183,SELL,0,1,0.9238,BUY,1,10,"EMA_12,EMA_26,ATR_14,SMA_50,Rolling_Volatility,Stochastic,Rolling_Median_Return,SMA_10,Rolling_Mean_Return,SMA_20",EMA_12
HDFCBANK,2022-06-13,2022,1,Sideways,0,0.8915,SELL,0,1,1.0,BUY,1,10,"EMA_12,EMA_26,ATR_14,SMA_50,Rolling_Volatility,Stochastic,Rolling_Median_Return,SMA_10,Rolling_Mean_Return,SMA_20",EMA_12
HDFCBANK,2022-06-14,2022,1,Sideways,0,0.9059,SELL,0,1,1.0,BUY,1,10,"EMA_12,EMA_26,ATR_14,SMA_50,Rolling_Volatility,Stochastic,Rolling_Median_Return,SMA_10,Rolling_Mean_Return,SMA_20",EMA_12
HDFCBANK,2022-06-15,2022,1,Sideways,0,0.8907,SELL,0,1,1.0,BUY,1,10,"EMA_12,EMA_26,ATR_14,SMA_50,Rolling_Volatility,Stochastic,Rolling_Median_Return,SMA_10,Rolling_Mean_Return,SMA_20",EMA_12
HDFCBANK,2022-06-16,2022,1,Sideways,0,0.7213,SELL,0,1,1.0,BUY,1,10,"EMA_12,EMA_26,ATR_14,SMA_50,Rolling_Volatility,Stochastic,Rolling_Median_Return,SMA_10,Rolling_Mean_Return,SMA_20",EMA_12
HDFCBANK,2022-06-17,2022,1,Sideways,0,0.8096,SELL,0,1,1.0,BUY,1,10,"EMA_12,EMA_26,ATR_14,SMA_50,Rolling_Volatility,Stochastic,Rolling_Median_Return,SMA_10,Rolling_Mean_Return,SMA_20",EMA_12
HDFCBANK,2022-06-20,2022,1,Sideways,0,0.5488,NO TRADE,0,1,1.0,BUY,1,10,"EMA_12,EMA_26,ATR_14,SMA_50,Rolling_Volatility,Stochastic,Rolling_Median_Return,SMA_10,Rolling_Mean_Return,SMA_20",EMA_12
HDFCBANK,2022-06-21,2022,1,Sideways,0,0.7689,SELL,0,1,1.0,BUY,1,10,"EMA_12,EMA_26,ATR_14,SMA_50,Rolling_Volatility,Stochastic,Rolling_Median_Return,SMA_10,Rolling_Mean_Return,SMA_20",EMA_12
HDFCBANK,2022-06-22,2022,1,Sideways,0,0.7071,SELL,0,1,1.0,BUY,1,10,"EMA_12,EMA_26,ATR_14,SMA_50,Rolling_Volatility,Stochastic,Rolling_Median_Return,SMA_10,Rolling_Mean_Return,SMA_20",EMA_12
HDFCBANK,2022-06-23,2022,1,Sideways,0,0.6976,SELL,0,1,1.0,BUY,1,10,"EMA_12,EMA_26,ATR_14,SMA_50,Rolling_Volatility,Stochastic,Rolling_Median_Return,SMA_10,Rolling_Mean_Return,SMA_20",EMA_12
HDFCBANK,2022-06-24,2022,1,Sideways,0,0.6593,SELL,0,1,1.0,BUY,1,10,"EMA_12,EMA_26,ATR_14,SMA_50,Rolling_Volatility,Stochastic,Rolling_Median_Return,SMA_10,Rolling_Mean_Return,SMA_20",EMA_12
HDFCBANK,2022-06-27,2022,1,Sideways,0,0.7807,SELL,0,1,1.0,BUY,1,10,"EMA_12,EMA_26,ATR_14,SMA_50,Rolling_Volatility,Stochastic,Rolling_Median_Return,SMA_10,Rolling_Mean_Return,SMA_20",EMA_12
HDFCBANK,2022-06-28,2022,1,Sideways,0,0.775,SELL,0,1,1.0,BUY,1,10,"EMA_12,EMA_26,ATR_14,SMA_50,Rolling_Volatility,Stochastic,Rolling_Median_Return,SMA_10,Rolling_Mean_Return,SMA_20",EMA_12
HDFCBANK,2022-06-29,2022,1,Sideways,0,0.7611,SELL,0,1,1.0,BUY,1,10,"MACD,EMA_26,Rolling_Mean_Return,ATR_14,Stochastic,EMA_12,Rolling_Volatility,BB_Upper,ADX,SMA_50",MACD
HDFCBANK,2022-06-30,2022,1,Sideways,0,0.7629,SELL,0,1,1.0,BUY,1,10,"MACD,EMA_26,Rolling_Mean_Return,ATR_14,Stochastic,EMA_12,Rolling_Volatility,BB_Upper,ADX,SMA_50",MACD
HDFCBANK,2022-07-01,2022,1,Sideways,0,0.7527,SELL,0,1,1.0,BUY,1,10,"MACD,EMA_26,Rolling_Mean_Return,ATR_14,Stochastic,EMA_12,Rolling_Volatility,BB_Upper,ADX,SMA_50",MACD
HDFCBANK,2022-07-04,2022,1,Sideways,0,0.7247,SELL,0,1,1.0,BUY,1,10,"MACD,EMA_26,Rolling_Mean_Return,ATR_14,Stochastic,EMA_12,Rolling_Volatility,BB_Upper,ADX,SMA_50",MACD
HDFCBANK,2022-07-05,2022,1,Sideways,0,0.7507,SELL,0,1,1.0,BUY,1,10,"MACD,EMA_26,Rolling_Mean_Return,ATR_14,Stochastic,EMA_12,Rolling_Volatility,BB_Upper,ADX,SMA_50",MACD
HDFCBANK,2022-07-06,2022,1,Sideways,0,0.7549,SELL,0,1,1.0,BUY,1,10,"MACD,EMA_26,Rolling_Mean_Return,ATR_14,Stochastic,EMA_12,Rolling_Volatility,BB_Upper,ADX,SMA_50",MACD
HDFCBANK,2022-07-07,2022,1,Sideways,0,0.8446,SELL,0,1,1.0,BUY,1,10,"MACD,EMA_26,Rolling_Mean_Return,ATR_14,Stochastic,EMA_12,Rolling_Volatility,BB_Upper,ADX,SMA_50",MACD
HDFCBANK,2022-07-08,2022,1,Sideways,0,0.8237,SELL,0,1,1.0,BUY,1,10,"MACD,EMA_26,Rolling_Mean_Return,ATR_14,Stochastic,EMA_12,Rolling_Volatility,BB_Upper,ADX,SMA_50",MACD
HDFCBANK,2022-07-11,2022,1,Sideways,0,0.7558,SELL,0,1,1.0,BUY,1,10,"MACD,EMA_26,Rolling_Mean_Return,ATR_14,Stochastic,EMA_12,Rolling_Volatility,BB_Upper,ADX,SMA_50",MACD
HDFCBANK,2022-07-12,2022,1,Sideways,0,0.6596,SELL,0,1,1.0,BUY,1,10,"MACD,EMA_26,Rolling_Mean_Return,ATR_14,Stochastic,EMA_12,Rolling_Volatility,BB_Upper,ADX,SMA_50",MACD
HDFCBANK,2022-07-13,2022,1,Sideways,1,0.6444,BUY,1,1,1.0,BUY,1,10,"MACD,EMA_26,Rolling_Mean_Return,ATR_14,Stochastic,EMA_12,Rolling_Volatility,BB_Upper,ADX,SMA_50",MACD
HDFCBANK,2022-07-14,2022,1,Sideways,0,0.5375,NO TRADE,0,1,1.0,BUY,1,10,"MACD,EMA_26,Rolling_Mean_Return,ATR_14,Stochastic,EMA_12,Rolling_Volatility,BB_Upper,ADX,SMA_50",MACD
HDFCBANK,2022-07-15,2022,1,Sideways,0,0.5117,NO TRADE,0,1,1.0,BUY,1,10,"MACD,EMA_26,Rolling_Mean_Return,ATR_14,Stochastic,EMA_12,Rolling_Volatility,BB_Upper,ADX,SMA_50",MACD
HDFCBANK,2022-07-18,2022,1,Sideways,0,0.591,SELL,0,1,1.0,BUY,1,10,"MACD,EMA_26,Rolling_Mean_Return,ATR_14,Stochastic,EMA_12,Rolling_Volatility,BB_Upper,ADX,SMA_50",MACD
HDFCBANK,2022-07-19,2022,1,Sideways,0,0.5326,NO TRADE,0,1,1.0,BUY,1,10,"MACD,EMA_26,Rolling_Mean_Return,ATR_14,Stochastic,EMA_12,Rolling_Volatility,BB_Upper,ADX,SMA_50",MACD
HDFCBANK,2022-07-20,2022,1,Sideways,1,0.5587,BUY,1,1,1.0,BUY,1,10,"MACD,EMA_26,Rolling_Mean_Return,ATR_14,Stochastic,EMA_12,Rolling_Volatility,BB_Upper,ADX,SMA_50",MACD
HDFCBANK,2022-07-21,2022,1,Sideways,1,0.5722,BUY,1,1,1.0,BUY,1,10,"MACD,EMA_26,Rolling_Mean_Return,ATR_14,Stochastic,EMA_12,Rolling_Volatility,BB_Upper,ADX,SMA_50",MACD
HDFCBANK,2022-07-22,2022,1,Sideways,1,0.753,BUY,1,1,1.0,BUY,1,10,"MACD,EMA_26,Rolling_Mean_Return,ATR_14,Stochastic,EMA_12,Rolling_Volatility,BB_Upper,ADX,SMA_50",MACD
HDFCBANK,2022-07-25,2022,1,Sideways,1,0.5444,NO TRADE,1,1,1.0,BUY,1,10,"MACD,EMA_26,Rolling_Mean_Return,ATR_14,Stochastic,EMA_12,Rolling_Volatility,BB_Upper,ADX,SMA_50",MACD
HDFCBANK,2022-07-26,2022,1,Sideways,1,0.5056,NO TRADE,1,1,1.0,BUY,1,10,"MACD,EMA_26,Rolling_Mean_Return,ATR_14,Stochastic,EMA_12,Rolling_Volatility,BB_Upper,ADX,SMA_50",MACD
HDFCBANK,2022-07-27,2022,1,Sideways,0,0.5292,NO TRADE,0,1,1.0,BUY,1,10,"MACD,EMA_26,Rolling_Mean_Return,ATR_14,Stochastic,EMA_12,Rolling_Volatility,BB_Upper,ADX,SMA_50",MACD
HDFCBANK,2022-07-28,2022,1,Sideways,1,0.5669,BUY,1,1,1.0,BUY,1,10,"MACD,EMA_26,Rolling_Mean_Return,ATR_14,Stochastic,EMA_12,Rolling_Volatility,BB_Upper,ADX,SMA_50",MACD
HDFCBANK,2022-07-29,2022,1,Sideways,1,0.5678,BUY,1,1,1.0,BUY,1,10,"MACD,EMA_26,Rolling_Mean_Return,ATR_14,Stochastic,EMA_12,Rolling_Volatility,BB_Upper,ADX,SMA_50",MACD
HDFCBANK,2022-08-01,2022,1,Sideways,1,0.5687,BUY,1,1,1.0,BUY,1,10,"MACD,EMA_26,Rolling_Mean_Return,ATR_14,Stochastic,EMA_12,Rolling_Volatility,BB_Upper,ADX,SMA_50",MACD
HDFCBANK,2022-08-02,2022,1,Sideways,1,0.5695,BUY,1,1,1.0,BUY,1,10,"MACD,EMA_26,Rolling_Mean_Return,ATR_14,Stochastic,EMA_12,Rolling_Volatility,BB_Upper,ADX,SMA_50",MACD
HDFCBANK,2022-08-03,2022,1,Sideways,1,0.5704,BUY,1,1,1.0,BUY,1,10,"MACD,EMA_26,Rolling_Mean_Return,ATR_14,Stochastic,EMA_12,Rolling_Volatility,BB_Upper,ADX,SMA_50",MACD
HDFCBANK,2022-08-04,2022,1,Sideways,1,0.5713,BUY,1,1,1.0,BUY,1,10,"MACD,EMA_26,Rolling_Mean_Return,ATR_14,Stochastic,EMA_12,Rolling_Volatility,BB_Upper,ADX,SMA_50",MACD
HDFCBANK,2022-08-05,2022,1,Sideways,1,0.5722,BUY,1,1,1.0,BUY,1,10,"MACD,EMA_26,Rolling_Mean_Return,ATR_14,Stochastic,EMA_12,Rolling_Volatility,BB_Upper,ADX,SMA_50",MACD
HDFCBANK,2022-08-08,2022,1,Sideways,1,0.573,BUY,1,1,1.0,BUY,1,10,"MACD,EMA_26,Rolling_Mean_Return,ATR_14,Stochastic,EMA_12,Rolling_Volatility,BB_Upper,ADX,SMA_50",MACD
HDFCBANK,2022-08-10,2022,1,Sideways,1,0.5739,BUY,1,1,1.0,BUY,1,10,"MACD,EMA_26,Rolling_Mean_Return,ATR_14,Stochastic,EMA_12,Rolling_Volatility,BB_Upper,ADX,SMA_50",MACD
HDFCBANK,2022-08-11,2022,1,Sideways,1,0.5747,BUY,1,1,1.0,BUY,1,10,"ATR_14,MACD,EMA_26,Stochastic,EMA_12,SMA_20,Rolling_Volatility,Volume_MA,Rolling_Std_10,SMA_50",ATR_14
HDFCBANK,2022-08-12,2022,1,Sideways,1,0.5756,BUY,1,1,1.0,BUY,1,10,"ATR_14,MACD,EMA_26,Stochastic,EMA_12,SMA_20,Rolling_Volatility,Volume_MA,Rolling_Std_10,SMA_50",ATR_14
HDFCBANK,2022-08-16,2022,1,Sideways,1,0.5764,BUY,1,1,1.0,BUY,1,10,"ATR_14,MACD,EMA_26,Stochastic,EMA_12,SMA_20,Rolling_Volatility,Volume_MA,Rolling_Std_10,SMA_50",ATR_14
HDFCBANK,2022-08-17,2022,1,Sideways,1,0.5773,BUY,1,1,1.0,BUY,1,10,"ATR_14,MACD,EMA_26,Stochastic,EMA_12,SMA_20,Rolling_Volatility,Volume_MA,Rolling_Std_10,SMA_50",ATR_14
HDFCBANK,2022-08-18,2022,0,Sideways,1,0.5781,BUY,0,0,1.0,SELL,1,10,"ATR_14,MACD,EMA_26,Stochastic,EMA_12,SMA_20,Rolling_Volatility,Volume_MA,Rolling_Std_10,SMA_50",ATR_14
HDFCBANK,2022-08-19,2022,1,Sideways,1,0.577,BUY,1,0,0.9975,SELL,0,10,"ATR_14,MACD,EMA_26,Stochastic,EMA_12,SMA_20,Rolling_Volatility,Volume_MA,Rolling_Std_10,SMA_50",ATR_14
HDFCBANK,2022-08-22,2022,1,Sideways,1,0.5778,BUY,1,0,1.0,SELL,0,10,"ATR_14,MACD,EMA_26,Stochastic,EMA_12,SMA_20,Rolling_Volatility,Volume_MA,Rolling_Std_10,SMA_50",ATR_14
HDFCBANK,2022-08-23,2022,1,Sideways,1,0.5786,BUY,1,1,1.0,BUY,1,10,"ATR_14,MACD,EMA_26,Stochastic,EMA_12,SMA_20,Rolling_Volatility,Volume_MA,Rolling_Std_10,SMA_50",ATR_14
HDFCBANK,2022-08-24,2022,1,Sideways,1,0.5795,BUY,1,1,1.0,BUY,1,10,"ATR_14,MACD,EMA_26,Stochastic,EMA_12,SMA_20,Rolling_Volatility,Volume_MA,Rolling_Std_10,SMA_50",ATR_14
HDFCBANK,2022-08-25,2022,0,Sideways,1,0.5803,BUY,0,1,1.0,BUY,0,10,"ATR_14,MACD,EMA_26,Stochastic,EMA_12,SMA_20,Rolling_Volatility,Volume_MA,Rolling_Std_10,SMA_50",ATR_14
HDFCBANK,2022-08-26,2022,0,Sideways,1,0.5792,BUY,0,1,0.9574,BUY,0,10,"ATR_14,MACD,EMA_26,Stochastic,EMA_12,SMA_20,Rolling_Volatility,Volume_MA,Rolling_Std_10,SMA_50",ATR_14
HDFCBANK,2022-08-29,2022,0,Sideways,1,0.578,BUY,0,1,1.0,BUY,0,10,"ATR_14,MACD,EMA_26,Stochastic,EMA_12,SMA_20,Rolling_Volatility,Volume_MA,Rolling_Std_10,SMA_50",ATR_14
HDFCBANK,2022-08-30,2022,0,Sideways,1,0.5769,BUY,0,0,1.0,SELL,1,10,"ATR_14,MACD,EMA_26,Stochastic,EMA_12,SMA_20,Rolling_Volatility,Volume_MA,Rolling_Std_10,SMA_50",ATR_14
HDFCBANK,2022-09-01,2022,0,Sideways,1,0.5758,BUY,0,0,1.0,SELL,1,10,"ATR_14,MACD,EMA_26,Stochastic,EMA_12,SMA_20,Rolling_Volatility,Volume_MA,Rolling_Std_10,SMA_50",ATR_14
HDFCBANK,2022-09-02,2022,0,Sideways,1,0.5746,BUY,0,0,1.0,SELL,1,10,"ATR_14,MACD,EMA_26,Stochastic,EMA_12,SMA_20,Rolling_Volatility,Volume_MA,Rolling_Std_10,SMA_50",ATR_14
HDFCBANK,2022-09-05,2022,0,Sideways,1,0.5735,BUY,0,0,1.0,SELL,1,10,"ATR_14,MACD,EMA_26,Stochastic,EMA_12,SMA_20,Rolling_Volatility,Volume_MA,Rolling_Std_10,SMA_50",ATR_14
HDFCBANK,2022-09-06,2022,0,Sideways,1,0.5724,BUY,0,0,1.0,SELL,1,10,"ATR_14,MACD,EMA_26,Stochastic,EMA_12,SMA_20,Rolling_Volatility,Volume_MA,Rolling_Std_10,SMA_50",ATR_14
HDFCBANK,2022-09-07,2022,0,Sideways,1,0.5713,BUY,0,0,1.0,SELL,1,10,"ATR_14,MACD,EMA_26,Stochastic,EMA_12,SMA_20,Rolling_Volatility,Volume_MA,Rolling_Std_10,SMA_50",ATR_14
HDFCBANK,2022-09-08,2022,0,Sideways,1,0.5702,BUY,0,0,1.0,SELL,1,10,"ATR_14,MACD,EMA_26,Stochastic,EMA_12,SMA_20,Rolling_Volatility,Volume_MA,Rolling_Std_10,SMA_50",ATR_14
HDFCBANK,2022-09-09,2022,0,Sideways,1,0.5691,BUY,0,0,1.0,SELL,1,10,"ATR_14,MACD,EMA_26,Stochastic,EMA_12,SMA_20,Rolling_Volatility,Volume_MA,Rolling_Std_10,SMA_50",ATR_14
HDFCBANK,2022-09-12,2022,0,Sideways,1,0.568,BUY,0,0,1.0,SELL,1,10,"ATR_14,MACD,EMA_26,Stochastic,EMA_12,SMA_20,Rolling_Volatility,Volume_MA,Rolling_Std_10,SMA_50",ATR_14
HDFCBANK,2022-09-13,2022,0,Sideways,1,0.5669,BUY,0,0,1.0,SELL,1,10,"ATR_14,MACD,EMA_26,Stochastic,EMA_12,SMA_20,Rolling_Volatility,Volume_MA,Rolling_Std_10,SMA_50",ATR_14
HDFCBANK,2022-09-14,2022,0,Sideways,1,0.5658,BUY,0,0,1.0,SELL,1,10,"ATR_14,MACD,EMA_26,Stochastic,EMA_12,SMA_20,Rolling_Volatility,Volume_MA,Rolling_Std_10,SMA_50",ATR_14
HDFCBANK,2022-09-15,2022,0,Sideways,1,0.5647,BUY,0,0,1.0,SELL,1,10,"ATR_14,MACD,EMA_26,Stochastic,EMA_12,SMA_20,Rolling_Volatility,Volume_MA,Rolling_Std_10,SMA_50",ATR_14
HDFCBANK,2022-09-16,2022,0,Sideways,1,0.5636,BUY,0,0,1.0,SELL,1,10,"ATR_14,MACD,EMA_26,Stochastic,EMA_12,SMA_20,Rolling_Volatility,Volume_MA,Rolling_Std_10,SMA_50",ATR_14
HDFCBANK,2022-09-19,2022,0,Sideways,1,0.5626,BUY,0,0,1.0,SELL,1,10,"ATR_14,MACD,EMA_26,Stochastic,EMA_12,SMA_20,Rolling_Volatility,Volume_MA,Rolling_Std_10,SMA_50",ATR_14
HDFCBANK,2022-09-20,2022,0,Sideways,1,0.5615,BUY,0,0,1.0,SELL,1,10,"ATR_14,MACD,EMA_26,Stochastic,EMA_12,SMA_20,Rolling_Volatility,Volume_MA,Rolling_Std_10,SMA_50",ATR_14
HDFCBANK,2022-09-21,2022,0,Sideways,1,0.5604,BUY,0,0,1.0,SELL,1,10,"ATR_14,MACD,EMA_26,Stochastic,EMA_12,SMA_20,Rolling_Volatility,Volume_MA,Rolling_Std_10,SMA_50",ATR_14
HDFCBANK,2022-09-22,2022,0,Sideways,1,0.5594,BUY,0,0,1.0,SELL,1,10,"ATR_14,MACD,EMA_26,Stochastic,EMA_12,SMA_20,Rolling_Volatility,Volume_MA,Rolling_Std_10,SMA_50",ATR_14
HDFCBANK,2022-09-23,2022,1,Sideways,1,0.5583,BUY,1,0,1.0,SELL,0,10,"ATR_14,MACD,EMA_26,Stochastic,EMA_12,SMA_20,Rolling_Volatility,Volume_MA,Rolling_Std_10,SMA_50",ATR_14
HDFCBANK,2022-09-26,2022,1,Sideways,1,0.5591,BUY,1,1,1.0,BUY,1,10,"MACD_Hist,EMA_26,SMA_50,MACD,Daily_Return,EMA_12,SMA_20,CCI,Rolling_Volatility,RSI_14",MACD_Hist
HDFCBANK,2022-09-27,2022,1,Sideways,1,0.56,BUY,1,1,1.0,BUY,1,10,"MACD_Hist,EMA_26,SMA_50,MACD,Daily_Return,EMA_12,SMA_20,CCI,Rolling_Volatility,RSI_14",MACD_Hist
HDFCBANK,2022-09-28,2022,1,Sideways,1,0.5608,BUY,1,1,1.0,BUY,1,10,"MACD_Hist,EMA_26,SMA_50,MACD,Daily_Return,EMA_12,SMA_20,CCI,Rolling_Volatility,RSI_14",MACD_Hist
HDFCBANK,2022-09-29,2022,1,Sideways,0,0.9417,SELL,0,1,1.0,BUY,1,10,"MACD_Hist,EMA_26,SMA_50,MACD,Daily_Return,EMA_12,SMA_20,CCI,Rolling_Volatility,RSI_14",MACD_Hist
HDFCBANK,2022-09-30,2022,1,Sideways,1,0.5616,BUY,1,1,1.0,BUY,1,10,"MACD_Hist,EMA_26,SMA_50,MACD,Daily_Return,EMA_12,SMA_20,CCI,Rolling_Volatility,RSI_14",MACD_Hist
HDFCBANK,2022-10-03,2022,1,Sideways,0,0.8547,SELL,0,1,1.0,BUY,1,10,"MACD_Hist,EMA_26,SMA_50,MACD,Daily_Return,EMA_12,SMA_20,CCI,Rolling_Volatility,RSI_14",MACD_Hist
HDFCBANK,2022-10-04,2022,1,Sideways,1,0.5624,BUY,1,1,1.0,BUY,1,10,"MACD_Hist,EMA_26,SMA_50,MACD,Daily_Return,EMA_12,SMA_20,CCI,Rolling_Volatility,RSI_14",MACD_Hist
HDFCBANK,2022-10-06,2022,1,Sideways,0,0.8041,SELL,0,1,1.0,BUY,1,10,"MACD_Hist,EMA_26,SMA_50,MACD,Daily_Return,EMA_12,SMA_20,CCI,Rolling_Volatility,RSI_14",MACD_Hist
HDFCBANK,2022-10-07,2022,1,Sideways,0,0.8694,SELL,0,1,1.0,BUY,1,10,"MACD_Hist,EMA_26,SMA_50,MACD,Daily_Return,EMA_12,SMA_20,CCI,Rolling_Volatility,RSI_14",MACD_Hist
HDFCBANK,2022-10-10,2022,1,Sideways,0,0.8801,SELL,0,1,1.0,BUY,1,10,"MACD_Hist,EMA_26,SMA_50,MACD,Daily_Return,EMA_12,SMA_20,CCI,Rolling_Volatility,RSI_14",MACD_Hist
HDFCBANK,2022-10-11,2022,1,Sideways,0,0.9022,SELL,0,1,1.0,BUY,1,10,"MACD_Hist,EMA_26,SMA_50,MACD,Daily_Return,EMA_12,SMA_20,CCI,Rolling_Volatility,RSI_14",MACD_Hist
HDFCBANK,2022-10-12,2022,1,Sideways,0,0.8454,SELL,0,1,1.0,BUY,1,10,"MACD_Hist,EMA_26,SMA_50,MACD,Daily_Return,EMA_12,SMA_20,CCI,Rolling_Volatility,RSI_14",MACD_Hist
HDFCBANK,2022-10-13,2022,1,Sideways,0,0.8748,SELL,0,1,1.0,BUY,1,10,"MACD_Hist,EMA_26,SMA_50,MACD,Daily_Return,EMA_12,SMA_20,CCI,Rolling_Volatility,RSI_14",MACD_Hist
HDFCBANK,2022-10-14,2022,1,Sideways,0,0.6447,SELL,0,1,1.0,BUY,1,10,"MACD_Hist,EMA_26,SMA_50,MACD,Daily_Return,EMA_12,SMA_20,CCI,Rolling_Volatility,RSI_14",MACD_Hist
HDFCBANK,2022-10-17,2022,1,Sideways,0,0.8633,SELL,0,1,1.0,BUY,1,10,"MACD_Hist,EMA_26,SMA_50,MACD,Daily_Return,EMA_12,SMA_20,CCI,Rolling_Volatility,RSI_14",MACD_Hist
HDFCBANK,2022-10-18,2022,1,Sideways,0,0.8827,SELL,0,1,1.0,BUY,1,10,"MACD_Hist,EMA_26,SMA_50,MACD,Daily_Return,EMA_12,SMA_20,CCI,Rolling_Volatility,RSI_14",MACD_Hist
HDFCBANK,2022-10-19,2022,1,Sideways,0,0.8689,SELL,0,1,1.0,BUY,1,10,"MACD_Hist,EMA_26,SMA_50,MACD,Daily_Return,EMA_12,SMA_20,CCI,Rolling_Volatility,RSI_14",MACD_Hist
HDFCBANK,2022-10-20,2022,1,Sideways,0,0.8508,SELL,0,1,1.0,BUY,1,10,"MACD_Hist,EMA_26,SMA_50,MACD,Daily_Return,EMA_12,SMA_20,CCI,Rolling_Volatility,RSI_14",MACD_Hist
HDFCBANK,2022-10-21,2022,1,Sideways,0,0.8314,SELL,0,1,1.0,BUY,1,10,"MACD_Hist,EMA_26,SMA_50,MACD,Daily_Return,EMA_12,SMA_20,CCI,Rolling_Volatility,RSI_14",MACD_Hist
HDFCBANK,2022-10-24,2022,1,Sideways,0,0.8125,SELL,0,1,1.0,BUY,1,10,"MACD_Hist,EMA_26,SMA_50,MACD,Daily_Return,EMA_12,SMA_20,CCI,Rolling_Volatility,RSI_14",MACD_Hist
HDFCBANK,2022-10-25,2022,1,Sideways,0,0.9054,SELL,0,1,1.0,BUY,1,10,"MACD_Hist,EMA_26,SMA_50,MACD,Daily_Return,EMA_12,SMA_20,CCI,Rolling_Volatility,RSI_14",MACD_Hist
HDFCBANK,2022-10-27,2022,1,Sideways,0,0.8932,SELL,0,1,1.0,BUY,1,10,"MACD_Hist,EMA_26,SMA_50,MACD,Daily_Return,EMA_12,SMA_20,CCI,Rolling_Volatility,RSI_14",MACD_Hist
HDFCBANK,2022-10-28,2022,1,Sideways,0,0.8782,SELL,0,1,1.0,BUY,1,10,"MACD_Hist,EMA_26,SMA_50,MACD,Daily_Return,EMA_12,SMA_20,CCI,Rolling_Volatility,RSI_14",MACD_Hist
HDFCBANK,2022-10-31,2022,1,Sideways,0,0.8278,SELL,0,1,1.0,BUY,1,10,"MACD_Hist,EMA_26,SMA_50,MACD,Daily_Return,EMA_12,SMA_20,CCI,Rolling_Volatility,RSI_14",MACD_Hist
HDFCBANK,2022-11-01,2022,1,Sideways,0,0.9263,SELL,0,1,1.0,BUY,1,10,"MACD_Hist,EMA_26,SMA_50,MACD,Daily_Return,EMA_12,SMA_20,CCI,Rolling_Volatility,RSI_14",MACD_Hist
HDFCBANK,2022-11-02,2022,1,Sideways,1,0.5633,BUY,1,1,1.0,BUY,1,10,"MACD_Hist,EMA_26,SMA_50,MACD,Daily_Return,EMA_12,SMA_20,CCI,Rolling_Volatility,RSI_14",MACD_Hist
HDFCBANK,2022-11-03,2022,1,Sideways,1,0.5641,BUY,1,1,1.0,BUY,1,10,"MACD_Hist,EMA_26,SMA_50,MACD,Daily_Return,EMA_12,SMA_20,CCI,Rolling_Volatility,RSI_14",MACD_Hist
HDFCBANK,2022-11-04,2022,1,Sideways,0,0.8784,SELL,0,1,1.0,BUY,1,10,"MACD_Hist,EMA_26,SMA_50,MACD,Daily_Return,EMA_12,SMA_20,CCI,Rolling_Volatility,RSI_14",MACD_Hist
HDFCBANK,2022-11-07,2022,1,Sideways,0,0.8663,SELL,0,1,1.0,BUY,1,10,"MACD_Hist,EMA_26,SMA_50,MACD,Daily_Return,EMA_12,SMA_20,CCI,Rolling_Volatility,RSI_14",MACD_Hist
HDFCBANK,2022-11-09,2022,1,Sideways,0,0.8616,SELL,0,1,1.0,BUY,1,10,"MACD_Hist,EMA_26,SMA_50,MACD,Daily_Return,EMA_12,SMA_20,CCI,Rolling_Volatility,RSI_14",MACD_Hist
HDFCBANK,2022-11-10,2022,1,Sideways,1,0.5649,BUY,1,0,1.0,SELL,0,10,"EMA_12,MACD,Volume_MA,SMA_50,ROC,OBV,SMA_20,Rolling_Mean_Return,MACD_Hist,BB_Upper",EMA_12
HDFCBANK,2022-11-11,2022,1,Sideways,1,0.5657,BUY,1,1,1.0,BUY,1,10,"EMA_12,MACD,Volume_MA,SMA_50,ROC,OBV,SMA_20,Rolling_Mean_Return,MACD_Hist,BB_Upper",EMA_12
HDFCBANK,2022-11-14,2022,1,Sideways,1,0.5665,BUY,1,1,1.0,BUY,1,10,"EMA_12,MACD,Volume_MA,SMA_50,ROC,OBV,SMA_20,Rolling_Mean_Return,MACD_Hist,BB_Upper",EMA_12
HDFCBANK,2022-11-15,2022,1,Sideways,1,0.5673,BUY,1,1,0.9999,BUY,1,10,"EMA_12,MACD,Volume_MA,SMA_50,ROC,OBV,SMA_20,Rolling_Mean_Return,MACD_Hist,BB_Upper",EMA_12
HDFCBANK,2022-11-16,2022,1,Sideways,1,0.5681,BUY,1,1,1.0,BUY,1,10,"EMA_12,MACD,Volume_MA,SMA_50,ROC,OBV,SMA_20,Rolling_Mean_Return,MACD_Hist,BB_Upper",EMA_12
HDFCBANK,2022-11-17,2022,1,Sideways,1,0.5689,BUY,1,1,0.9999,BUY,1,10,"EMA_12,MACD,Volume_MA,SMA_50,ROC,OBV,SMA_20,Rolling_Mean_Return,MACD_Hist,BB_Upper",EMA_12
HDFCBANK,2022-11-18,2022,1,Sideways,1,0.5697,BUY,1,1,1.0,BUY,1,10,"EMA_12,MACD,Volume_MA,SMA_50,ROC,OBV,SMA_20,Rolling_Mean_Return,MACD_Hist,BB_Upper",EMA_12
HDFCBANK,2022-11-21,2022,1,Sideways,1,0.5705,BUY,1,1,1.0,BUY,1,10,"EMA_12,MACD,Volume_MA,SMA_50,ROC,OBV,SMA_20,Rolling_Mean_Return,MACD_Hist,BB_Upper",EMA_12
HDFCBANK,2022-11-22,2022,1,Sideways,1,0.5713,BUY,1,1,0.9999,BUY,1,10,"EMA_12,MACD,Volume_MA,SMA_50,ROC,OBV,SMA_20,Rolling_Mean_Return,MACD_Hist,BB_Upper",EMA_12
HDFCBANK,2022-11-23,2022,1,Sideways,1,0.5721,BUY,1,1,1.0,BUY,1,10,"EMA_12,MACD,Volume_MA,SMA_50,ROC,OBV,SMA_20,Rolling_Mean_Return,MACD_Hist,BB_Upper",EMA_12
HDFCBANK,2022-11-24,2022,0,Sideways,1,0.5729,BUY,0,1,1.0,BUY,0,10,"EMA_12,MACD,Volume_MA,SMA_50,ROC,OBV,SMA_20,Rolling_Mean_Return,MACD_Hist,BB_Upper",EMA_12
HDFCBANK,2022-11-25,2022,0,Sideways,1,0.5718,BUY,0,1,0.6135,BUY,0,10,"EMA_12,MACD,Volume_MA,SMA_50,ROC,OBV,SMA_20,Rolling_Mean_Return,MACD_Hist,BB_Upper",EMA_12
HDFCBANK,2022-11-28,2022,1,Sideways,1,0.5708,BUY,1,1,0.7154,BUY,1,10,"EMA_12,MACD,Volume_MA,SMA_50,ROC,OBV,SMA_20,Rolling_Mean_Return,MACD_Hist,BB_Upper",EMA_12
HDFCBANK,2022-11-29,2022,1,Sideways,1,0.5716,BUY,1,1,1.0,BUY,1,10,"EMA_12,MACD,Volume_MA,SMA_50,ROC,OBV,SMA_20,Rolling_Mean_Return,MACD_Hist,BB_Upper",EMA_12
HDFCBANK,2022-11-30,2022,1,Sideways,1,0.5723,BUY,1,1,1.0,BUY,1,10,"EMA_12,MACD,Volume_MA,SMA_50,ROC,OBV,SMA_20,Rolling_Mean_Return,MACD_Hist,BB_Upper",EMA_12
HDFCBANK,2022-12-01,2022,1,Sideways,1,0.5731,BUY,1,1,1.0,BUY,1,10,"EMA_12,MACD,Volume_MA,SMA_50,ROC,OBV,SMA_20,Rolling_Mean_Return,MACD_Hist,BB_Upper",EMA_12
HDFCBANK,2022-12-02,2022,1,Sideways,1,0.5739,BUY,1,1,1.0,BUY,1,10,"EMA_12,MACD,Volume_MA,SMA_50,ROC,OBV,SMA_20,Rolling_Mean_Return,MACD_Hist,BB_Upper",EMA_12
HDFCBANK,2022-12-05,2022,1,Sideways,1,0.5747,BUY,1,1,1.0,BUY,1,10,"EMA_12,MACD,Volume_MA,SMA_50,ROC,OBV,SMA_20,Rolling_Mean_Return,MACD_Hist,BB_Upper",EMA_12
HDFCBANK,2022-12-06,2022,1,Sideways,1,0.5754,BUY,1,1,1.0,BUY,1,10,"EMA_12,MACD,Volume_MA,SMA_50,ROC,OBV,SMA_20,Rolling_Mean_Return,MACD_Hist,BB_Upper",EMA_12
HDFCBANK,2022-12-07,2022,0,Sideways,1,0.5762,BUY,0,1,1.0,BUY,0,10,"EMA_12,MACD,Volume_MA,SMA_50,ROC,OBV,SMA_20,Rolling_Mean_Return,MACD_Hist,BB_Upper",EMA_12
HDFCBANK,2022-12-08,2022,0,Sideways,1,0.5752,BUY,0,1,0.9393,BUY,0,10,"EMA_12,MACD,Volume_MA,SMA_50,ROC,OBV,SMA_20,Rolling_Mean_Return,MACD_Hist,BB_Upper",EMA_12
HDFCBANK,2022-12-09,2022,0,Sideways,1,0.5741,BUY,0,1,0.9665,BUY,0,10,"EMA_12,MACD,Volume_MA,SMA_50,ROC,OBV,SMA_20,Rolling_Mean_Return,MACD_Hist,BB_Upper",EMA_12
HDFCBANK,2022-12-12,2022,0,Sideways,1,0.5731,BUY,0,1,0.9813,BUY,0,10,"EMA_12,MACD,Volume_MA,SMA_50,ROC,OBV,SMA_20,Rolling_Mean_Return,MACD_Hist,BB_Upper",EMA_12
HDFCBANK,2022-12-13,2022,0,Sideways,1,0.5721,BUY,0,1,0.9595,BUY,0,10,"EMA_12,MACD,Volume_MA,SMA_50,ROC,OBV,SMA_20,Rolling_Mean_Return,MACD_Hist,BB_Upper",EMA_12
HDFCBANK,2022-12-14,2022,0,Sideways,1,0.571,BUY,0,1,0.9109,BUY,0,10,"EMA_12,MACD,Volume_MA,SMA_50,ROC,OBV,SMA_20,Rolling_Mean_Return,MACD_Hist,BB_Upper",EMA_12
HDFCBANK,2022-12-15,2022,0,Sideways,1,0.57,BUY,0,1,0.7173,BUY,0,10,"EMA_12,MACD,Volume_MA,SMA_50,ROC,OBV,SMA_20,Rolling_Mean_Return,MACD_Hist,BB_Upper",EMA_12
HDFCBANK,2022-12-16,2022,0,Sideways,1,0.569,BUY,0,1,0.6707,BUY,0,10,"EMA_12,MACD,Volume_MA,SMA_50,ROC,OBV,SMA_20,Rolling_Mean_Return,MACD_Hist,BB_Upper",EMA_12
HDFCBANK,2022-12-19,2022,0,Sideways,1,0.568,BUY,0,1,0.5057,NO TRADE,0,10,"EMA_12,MACD,Volume_MA,SMA_50,ROC,OBV,SMA_20,Rolling_Mean_Return,MACD_Hist,BB_Upper",EMA_12
HDFCBANK,2022-12-20,2022,0,Sideways,1,0.567,BUY,0,0,0.5776,SELL,1,10,"EMA_12,MACD,Volume_MA,SMA_50,ROC,OBV,SMA_20,Rolling_Mean_Return,MACD_Hist,BB_Upper",EMA_12
HDFCBANK,2022-12-21,2022,1,Sideways,1,0.566,BUY,1,0,0.6983,SELL,0,10,"EMA_12,MACD,Volume_MA,SMA_50,ROC,OBV,SMA_20,Rolling_Mean_Return,MACD_Hist,BB_Upper",EMA_12
HDFCBANK,2022-12-22,2022,1,Sideways,1,0.5668,BUY,1,0,1.0,SELL,0,10,"SMA_50,EMA_12,MACD,SMA_10,Rolling_Mean_Return,Volume_MA,Rolling_Median_Return,ADX,Williams_R,BB_Upper",SMA_50
HDFCBANK,2022-12-23,2022,1,Sideways,1,0.5675,BUY,1,1,0.9983,BUY,1,10,"SMA_50,EMA_12,MACD,SMA_10,Rolling_Mean_Return,Volume_MA,Rolling_Median_Return,ADX,Williams_R,BB_Upper",SMA_50
HDFCBANK,2022-12-26,2022,1,Sideways,1,0.5683,BUY,1,0,1.0,SELL,0,10,"SMA_50,EMA_12,MACD,SMA_10,Rolling_Mean_Return,Volume_MA,Rolling_Median_Return,ADX,Williams_R,BB_Upper",SMA_50
HDFCBANK,2022-12-27,2022,1,Sideways,1,0.569,BUY,1,1,0.9966,BUY,1,10,"SMA_50,EMA_12,MACD,SMA_10,Rolling_Mean_Return,Volume_MA,Rolling_Median_Return,ADX,Williams_R,BB_Upper",SMA_50
HDFCBANK,2022-12-28,2022,1,Sideways,1,0.5698,BUY,1,1,0.9992,BUY,1,10,"SMA_50,EMA_12,MACD,SMA_10,Rolling_Mean_Return,Volume_MA,Rolling_Median_Return,ADX,Williams_R,BB_Upper",SMA_50
HDFCBANK,2022-12-29,2022,0,Sideways,1,0.5706,BUY,0,1,0.9981,BUY,0,10,"SMA_50,EMA_12,MACD,SMA_10,Rolling_Mean_Return,Volume_MA,Rolling_Median_Return,ADX,Williams_R,BB_Upper",SMA_50
HDFCBANK,2022-12-30,2022,0,Sideways,1,0.5696,BUY,0,1,0.9664,BUY,0,10,"SMA_50,EMA_12,MACD,SMA_10,Rolling_Mean_Return,Volume_MA,Rolling_Median_Return,ADX,Williams_R,BB_Upper",SMA_50
HDFCBANK,2023-01-02,2023,0,Sideways,1,0.5686,BUY,0,1,1.0,BUY,0,10,"SMA_50,EMA_12,MACD,SMA_10,Rolling_Mean_Return,Volume_MA,Rolling_Median_Return,ADX,Williams_R,BB_Upper",SMA_50
HDFCBANK,2023-01-03,2023,0,Sideways,1,0.5676,BUY,0,1,1.0,BUY,0,10,"SMA_50,EMA_12,MACD,SMA_10,Rolling_Mean_Return,Volume_MA,Rolling_Median_Return,ADX,Williams_R,BB_Upper",SMA_50
HDFCBANK,2023-01-04,2023,0,Sideways,1,0.5666,BUY,0,0,0.9946,SELL,1,10,"SMA_50,EMA_12,MACD,SMA_10,Rolling_Mean_Return,Volume_MA,Rolling_Median_Return,ADX,Williams_R,BB_Upper",SMA_50
HDFCBANK,2023-01-05,2023,1,Sideways,1,0.5656,BUY,1,1,0.9998,BUY,1,10,"SMA_50,EMA_12,MACD,SMA_10,Rolling_Mean_Return,Volume_MA,Rolling_Median_Return,ADX,Williams_R,BB_Upper",SMA_50
HDFCBANK,2023-01-06,2023,1,Sideways,1,0.5664,BUY,1,1,1.0,BUY,1,10,"SMA_50,EMA_12,MACD,SMA_10,Rolling_Mean_Return,Volume_MA,Rolling_Median_Return,ADX,Williams_R,BB_Upper",SMA_50
HDFCBANK,2023-01-09,2023,1,Sideways,1,0.5671,BUY,1,1,1.0,BUY,1,10,"SMA_50,EMA_12,MACD,SMA_10,Rolling_Mean_Return,Volume_MA,Rolling_Median_Return,ADX,Williams_R,BB_Upper",SMA_50
HDFCBANK,2023-01-10,2023,1,Sideways,1,0.5678,BUY,1,1,1.0,BUY,1,10,"SMA_50,EMA_12,MACD,SMA_10,Rolling_Mean_Return,Volume_MA,Rolling_Median_Return,ADX,Williams_R,BB_Upper",SMA_50
HDFCBANK,2023-01-11,2023,1,Sideways,1,0.5686,BUY,1,1,1.0,BUY,1,10,"SMA_50,EMA_12,MACD,SMA_10,Rolling_Mean_Return,Volume_MA,Rolling_Median_Return,ADX,Williams_R,BB_Upper",SMA_50
HDFCBANK,2023-01-12,2023,1,Sideways,1,0.5693,BUY,1,1,1.0,BUY,1,10,"SMA_50,EMA_12,MACD,SMA_10,Rolling_Mean_Return,Volume_MA,Rolling_Median_Return,ADX,Williams_R,BB_Upper",SMA_50
HDFCBANK,2023-01-13,2023,1,Sideways,1,0.5701,BUY,1,1,1.0,BUY,1,10,"SMA_50,EMA_12,MACD,SMA_10,Rolling_Mean_Return,Volume_MA,Rolling_Median_Return,ADX,Williams_R,BB_Upper",SMA_50
HDFCBANK,2023-01-16,2023,1,Sideways,1,0.5708,BUY,1,1,1.0,BUY,1,10,"SMA_50,EMA_12,MACD,SMA_10,Rolling_Mean_Return,Volume_MA,Rolling_Median_Return,ADX,Williams_R,BB_Upper",SMA_50
HDFCBANK,2023-01-17,2023,1,Sideways,1,0.5716,BUY,1,1,1.0,BUY,1,10,"SMA_50,EMA_12,MACD,SMA_10,Rolling_Mean_Return,Volume_MA,Rolling_Median_Return,ADX,Williams_R,BB_Upper",SMA_50
HDFCBANK,2023-01-18,2023,1,Sideways,1,0.5723,BUY,1,1,1.0,BUY,1,10,"SMA_50,EMA_12,MACD,SMA_10,Rolling_Mean_Return,Volume_MA,Rolling_Median_Return,ADX,Williams_R,BB_Upper",SMA_50
HDFCBANK,2023-01-19,2023,1,Sideways,1,0.573,BUY,1,1,1.0,BUY,1,10,"SMA_50,EMA_12,MACD,SMA_10,Rolling_Mean_Return,Volume_MA,Rolling_Median_Return,ADX,Williams_R,BB_Upper",SMA_50
HDFCBANK,2023-01-20,2023,0,Sideways,1,0.5737,BUY,0,1,1.0,BUY,0,10,"SMA_50,EMA_12,MACD,SMA_10,Rolling_Mean_Return,Volume_MA,Rolling_Median_Return,ADX,Williams_R,BB_Upper",SMA_50
HDFCBANK,2023-01-23,2023,0,Sideways,1,0.5728,BUY,0,0,0.9916,SELL,1,10,"SMA_50,EMA_12,MACD,SMA_10,Rolling_Mean_Return,Volume_MA,Rolling_Median_Return,ADX,Williams_R,BB_Upper",SMA_50
HDFCBANK,2023-01-24,2023,0,Sideways,1,0.5718,BUY,0,0,1.0,SELL,1,10,"SMA_50,EMA_12,MACD,SMA_10,Rolling_Mean_Return,Volume_MA,Rolling_Median_Return,ADX,Williams_R,BB_Upper",SMA_50
HDFCBANK,2023-01-25,2023,0,Sideways,1,0.5708,BUY,0,0,0.9997,SELL,1,10,"SMA_50,EMA_12,MACD,SMA_10,Rolling_Mean_Return,Volume_MA,Rolling_Median_Return,ADX,Williams_R,BB_Upper",SMA_50
HDFCBANK,2023-01-27,2023,0,Sideways,1,0.5699,BUY,0,0,0.9605,SELL,1,10,"SMA_50,EMA_12,MACD,SMA_10,Rolling_Mean_Return,Volume_MA,Rolling_Median_Return,ADX,Williams_R,BB_Upper",SMA_50
HDFCBANK,2023-01-30,2023,0,Sideways,1,0.5689,BUY,0,0,0.9292,SELL,1,10,"SMA_50,EMA_12,MACD,SMA_10,Rolling_Mean_Return,Volume_MA,Rolling_Median_Return,ADX,Williams_R,BB_Upper",SMA_50
HDFCBANK,2023-01-31,2023,0,Sideways,1,0.5679,BUY,0,0,0.6433,SELL,1,10,"SMA_50,EMA_12,MACD,SMA_10,Rolling_Mean_Return,Volume_MA,Rolling_Median_Return,ADX,Williams_R,BB_Upper",SMA_50
HDFCBANK,2023-02-01,2023,0,Sideways,1,0.567,BUY,0,0,0.9043,SELL,1,10,"SMA_50,EMA_12,MACD,SMA_10,Rolling_Mean_Return,Volume_MA,Rolling_Median_Return,ADX,Williams_R,BB_Upper",SMA_50
HDFCBANK,2023-02-02,2023,0,Sideways,1,0.566,BUY,0,1,0.9954,BUY,0,10,"SMA_50,EMA_12,MACD,SMA_10,Rolling_Mean_Return,Volume_MA,Rolling_Median_Return,ADX,Williams_R,BB_Upper",SMA_50
HDFCBANK,2023-02-03,2023,0,Sideways,1,0.5651,BUY,0,1,0.5407,NO TRADE,0,10,"SMA_50,Volume_MA,BB_Upper,Rolling_Median_Return,MACD,Stochastic,MACD_Signal,ATR_14,Williams_R,MFI",SMA_50
HDFCBANK,2023-02-06,2023,0,Sideways,1,0.5641,BUY,0,1,0.5404,NO TRADE,0,10,"SMA_50,Volume_MA,BB_Upper,Rolling_Median_Return,MACD,Stochastic,MACD_Signal,ATR_14,Williams_R,MFI",SMA_50
HDFCBANK,2023-02-07,2023,0,Sideways,1,0.5632,BUY,0,0,0.667,SELL,1,10,"SMA_50,Volume_MA,BB_Upper,Rolling_Median_Return,MACD,Stochastic,MACD_Signal,ATR_14,Williams_R,MFI",SMA_50
HDFCBANK,2023-02-08,2023,0,Sideways,1,0.5622,BUY,0,0,0.7514,SELL,1,10,"SMA_50,Volume_MA,BB_Upper,Rolling_Median_Return,MACD,Stochastic,MACD_Signal,ATR_14,Williams_R,MFI",SMA_50
HDFCBANK,2023-02-09,2023,0,Sideways,1,0.5613,BUY,0,0,0.8156,SELL,1,10,"SMA_50,Volume_MA,BB_Upper,Rolling_Median_Return,MACD,Stochastic,MACD_Signal,ATR_14,Williams_R,MFI",SMA_50
HDFCBANK,2023-02-10,2023,0,Sideways,1,0.5604,BUY,0,0,0.8511,SELL,1,10,"SMA_50,Volume_MA,BB_Upper,Rolling_Median_Return,MACD,Stochastic,MACD_Signal,ATR_14,Williams_R,MFI",SMA_50
HDFCBANK,2023-02-13,2023,0,Sideways,1,0.5594,BUY,0,0,0.8795,SELL,1,10,"SMA_50,Volume_MA,BB_Upper,Rolling_Median_Return,MACD,Stochastic,MACD_Signal,ATR_14,Williams_R,MFI",SMA_50
HDFCBANK,2023-02-14,2023,0,Sideways,1,0.5585,BUY,0,0,0.8973,SELL,1,10,"SMA_50,Volume_MA,BB_Upper,Rolling_Median_Return,MACD,Stochastic,MACD_Signal,ATR_14,Williams_R,MFI",SMA_50
HDFCBANK,2023-02-15,2023,0,Sideways,1,0.5576,BUY,0,0,0.9141,SELL,1,10,"SMA_50,Volume_MA,BB_Upper,Rolling_Median_Return,MACD,Stochastic,MACD_Signal,ATR_14,Williams_R,MFI",SMA_50
HDFCBANK,2023-02-16,2023,0,Sideways,0,0.9572,SELL,1,0,0.9092,SELL,1,10,"SMA_50,Volume_MA,BB_Upper,Rolling_Median_Return,MACD,Stochastic,MACD_Signal,ATR_14,Williams_R,MFI",SMA_50
HDFCBANK,2023-02-17,2023,0,Sideways,0,0.9664,SELL,1,0,0.9259,SELL,1,10,"SMA_50,Volume_MA,BB_Upper,Rolling_Median_Return,MACD,Stochastic,MACD_Signal,ATR_14,Williams_R,MFI",SMA_50
HDFCBANK,2023-02-20,2023,0,Sideways,0,0.9683,SELL,1,0,0.9461,SELL,1,10,"SMA_50,Volume_MA,BB_Upper,Rolling_Median_Return,MACD,Stochastic,MACD_Signal,ATR_14,Williams_R,MFI",SMA_50
HDFCBANK,2023-02-21,2023,0,Sideways,0,0.9848,SELL,1,0,0.9733,SELL,1,10,"SMA_50,Volume_MA,BB_Upper,Rolling_Median_Return,MACD,Stochastic,MACD_Signal,ATR_14,Williams_R,MFI",SMA_50
HDFCBANK,2023-02-22,2023,0,Sideways,0,0.9223,SELL,1,0,0.9888,SELL,1,10,"SMA_50,Volume_MA,BB_Upper,Rolling_Median_Return,MACD,Stochastic,MACD_Signal,ATR_14,Williams_R,MFI",SMA_50
HDFCBANK,2023-02-23,2023,0,Sideways,0,0.8656,SELL,1,0,0.998,SELL,1,10,"SMA_50,Volume_MA,BB_Upper,Rolling_Median_Return,MACD,Stochastic,MACD_Signal,ATR_14,Williams_R,MFI",SMA_50
HDFCBANK,2023-02-24,2023,0,Sideways,1,0.6193,BUY,0,0,0.9997,SELL,1,10,"SMA_50,Volume_MA,BB_Upper,Rolling_Median_Return,MACD,Stochastic,MACD_Signal,ATR_14,Williams_R,MFI",SMA_50
HDFCBANK,2023-02-27,2023,0,Sideways,0,0.5134,NO TRADE,1,0,0.9999,SELL,1,10,"SMA_50,Volume_MA,BB_Upper,Rolling_Median_Return,MACD,Stochastic,MACD_Signal,ATR_14,Williams_R,MFI",SMA_50
HDFCBANK,2023-02-28,2023,0,Sideways,0,0.5524,SELL,1,0,1.0,SELL,1,10,"SMA_50,Volume_MA,BB_Upper,Rolling_Median_Return,MACD,Stochastic,MACD_Signal,ATR_14,Williams_R,MFI",SMA_50
HDFCBANK,2023-03-01,2023,1,Sideways,0,0.5465,NO TRADE,0,0,1.0,SELL,0,10,"SMA_50,Volume_MA,BB_Upper,Rolling_Median_Return,MACD,Stochastic,MACD_Signal,ATR_14,Williams_R,MFI",SMA_50
HDFCBANK,2023-03-02,2023,1,Sideways,1,0.6625,BUY,1,0,0.9723,SELL,0,10,"SMA_50,Volume_MA,BB_Upper,Rolling_Median_Return,MACD,Stochastic,MACD_Signal,ATR_14,Williams_R,MFI",SMA_50
HDFCBANK,2023-03-03,2023,1,Sideways,0,0.7312,SELL,0,0,1.0,SELL,0,10,"SMA_50,Volume_MA,BB_Upper,Rolling_Median_Return,MACD,Stochastic,MACD_Signal,ATR_14,Williams_R,MFI",SMA_50
HDFCBANK,2023-03-06,2023,1,Sideways,0,0.9162,SELL,0,0,0.977,SELL,0,10,"SMA_50,Volume_MA,BB_Upper,Rolling_Median_Return,MACD,Stochastic,MACD_Signal,ATR_14,Williams_R,MFI",SMA_50
HDFCBANK,2023-03-08,2023,1,Sideways,0,0.882,SELL,0,0,0.8033,SELL,0,10,"SMA_50,Volume_MA,BB_Upper,Rolling_Median_Return,MACD,Stochastic,MACD_Signal,ATR_14,Williams_R,MFI",SMA_50
HDFCBANK,2023-03-09,2023,1,Sideways,0,0.916,SELL,0,0,0.6392,SELL,0,10,"SMA_50,Volume_MA,BB_Upper,Rolling_Median_Return,MACD,Stochastic,MACD_Signal,ATR_14,Williams_R,MFI",SMA_50
HDFCBANK,2023-03-10,2023,1,Sideways,0,0.6863,SELL,0,1,0.6831,BUY,1,10,"SMA_50,Volume_MA,BB_Upper,Rolling_Median_Return,MACD,Stochastic,MACD_Signal,ATR_14,Williams_R,MFI",SMA_50
HDFCBANK,2023-03-13,2023,1,Sideways,0,0.5205,NO TRADE,0,1,0.7917,BUY,1,10,"SMA_50,Volume_MA,BB_Upper,Rolling_Median_Return,MACD,Stochastic,MACD_Signal,ATR_14,Williams_R,MFI",SMA_50
HDFCBANK,2023-03-14,2023,1,Sideways,1,0.526,NO TRADE,1,1,0.8437,BUY,1,10,"SMA_50,Volume_MA,BB_Upper,Rolling_Median_Return,MACD,Stochastic,MACD_Signal,ATR_14,Williams_R,MFI",SMA_50
HDFCBANK,2023-03-15,2023,1,Sideways,0,0.9938,SELL,0,1,0.8817,BUY,1,10,"SMA_50,Volume_MA,BB_Upper,Rolling_Median_Return,MACD,Stochastic,MACD_Signal,ATR_14,Williams_R,MFI",SMA_50
HDFCBANK,2023-03-16,2023,1,Sideways,1,0.8154,BUY,1,1,0.9453,BUY,1,10,"SMA_50,Volume_MA,BB_Upper,Rolling_Median_Return,MACD,Stochastic,MACD_Signal,ATR_14,Williams_R,MFI",SMA_50
HDFCBANK,2023-03-17,2023,1,Sideways,1,0.5606,BUY,1,1,0.9768,BUY,1,10,"SMA_50,Volume_MA,BB_Upper,Rolling_Median_Return,MACD,Stochastic,MACD_Signal,ATR_14,Williams_R,MFI",SMA_50
HDFCBANK,2023-03-20,2023,1,Sideways,1,0.7805,BUY,1,1,1.0,BUY,1,10,"EMA_12,ADX,MACD,MACD_Hist,ATR_14,BB_Width,SMA_50,Volume_MA,Rolling_Median_Return,ROC",EMA_12
HDFCBANK,2023-03-21,2023,1,Sideways,1,0.6566,BUY,1,1,1.0,BUY,1,10,"EMA_12,ADX,MACD,MACD_Hist,ATR_14,BB_Width,SMA_50,Volume_MA,Rolling_Median_Return,ROC",EMA_12
HDFCBANK,2023-03-22,2023,1,Sideways,1,0.7535,BUY,1,1,1.0,BUY,1,10,"EMA_12,ADX,MACD,MACD_Hist,ATR_14,BB_Width,SMA_50,Volume_MA,Rolling_Median_Return,ROC",EMA_12
HDFCBANK,2023-03-23,2023,1,Sideways,0,0.9684,SELL,0,1,1.0,BUY,1,10,"EMA_12,ADX,MACD,MACD_Hist,ATR_14,BB_Width,SMA_50,Volume_MA,Rolling_Median_Return,ROC",EMA_12
HDFCBANK,2023-03-24,2023,1,Sideways,0,0.9796,SELL,0,1,1.0,BUY,1,10,"EMA_12,ADX,MACD,MACD_Hist,ATR_14,BB_Width,SMA_50,Volume_MA,Rolling_Median_Return,ROC",EMA_12
HDFCBANK,2023-03-27,2023,1,Sideways,0,0.9671,SELL,0,1,1.0,BUY,1,10,"EMA_12,ADX,MACD,MACD_Hist,ATR_14,BB_Width,SMA_50,Volume_MA,Rolling_Median_Return,ROC",EMA_12
HDFCBANK,2023-03-28,2023,1,Sideways,0,0.5566,SELL,0,1,1.0,BUY,1,10,"EMA_12,ADX,MACD,MACD_Hist,ATR_14,BB_Width,SMA_50,Volume_MA,Rolling_Median_Return,ROC",EMA_12
HDFCBANK,2023-03-29,2023,1,Sideways,0,0.7804,SELL,0,1,1.0,BUY,1,10,"EMA_12,ADX,MACD,MACD_Hist,ATR_14,BB_Width,SMA_50,Volume_MA,Rolling_Median_Return,ROC",EMA_12
HDFCBANK,2023-03-31,2023,1,Sideways,1,0.56,BUY,1,1,1.0,BUY,1,10,"EMA_12,ADX,MACD,MACD_Hist,ATR_14,BB_Width,SMA_50,Volume_MA,Rolling_Median_Return,ROC",EMA_12
HDFCBANK,2023-04-03,2023,1,Sideways,1,0.5607,BUY,1,1,1.0,BUY,1,10,"EMA_12,ADX,MACD,MACD_Hist,ATR_14,BB_Width,SMA_50,Volume_MA,Rolling_Median_Return,ROC",EMA_12
HDFCBANK,2023-04-05,2023,0,Sideways,1,0.5614,BUY,0,1,1.0,BUY,0,10,"EMA_12,ADX,MACD,MACD_Hist,ATR_14,BB_Width,SMA_50,Volume_MA,Rolling_Median_Return,ROC",EMA_12
HDFCBANK,2023-04-06,2023,0,Sideways,1,0.5605,BUY,0,1,0.9999,BUY,0,10,"EMA_12,ADX,MACD,MACD_Hist,ATR_14,BB_Width,SMA_50,Volume_MA,Rolling_Median_Return,ROC",EMA_12
HDFCBANK,2023-04-10,2023,0,Sideways,1,0.5596,BUY,0,1,0.9967,BUY,0,10,"EMA_12,ADX,MACD,MACD_Hist,ATR_14,BB_Width,SMA_50,Volume_MA,Rolling_Median_Return,ROC",EMA_12
HDFCBANK,2023-04-11,2023,0,Sideways,1,0.5587,BUY,0,1,0.9489,BUY,0,10,"EMA_12,ADX,MACD,MACD_Hist,ATR_14,BB_Width,SMA_50,Volume_MA,Rolling_Median_Return,ROC",EMA_12
HDFCBANK,2023-04-12,2023,0,Sideways,1,0.5578,BUY,0,0,0.7899,SELL,1,10,"EMA_12,ADX,MACD,MACD_Hist,ATR_14,BB_Width,SMA_50,Volume_MA,Rolling_Median_Return,ROC",EMA_12
HDFCBANK,2023-04-13,2023,0,Sideways,1,0.557,BUY,0,0,0.9909,SELL,1,10,"EMA_12,ADX,MACD,MACD_Hist,ATR_14,BB_Width,SMA_50,Volume_MA,Rolling_Median_Return,ROC",EMA_12
HDFCBANK,2023-04-17,2023,0,Sideways,1,0.5561,BUY,0,0,0.9936,SELL,1,10,"EMA_12,ADX,MACD,MACD_Hist,ATR_14,BB_Width,SMA_50,Volume_MA,Rolling_Median_Return,ROC",EMA_12
HDFCBANK,2023-04-18,2023,0,Sideways,1,0.5552,BUY,0,0,0.9905,SELL,1,10,"EMA_12,ADX,MACD,MACD_Hist,ATR_14,BB_Width,SMA_50,Volume_MA,Rolling_Median_Return,ROC",EMA_12
HDFCBANK,2023-04-19,2023,0,Sideways,1,0.5543,BUY,0,0,0.989,SELL,1,10,"EMA_12,ADX,MACD,MACD_Hist,ATR_14,BB_Width,SMA_50,Volume_MA,Rolling_Median_Return,ROC",EMA_12
HDFCBANK,2023-04-20,2023,0,Sideways,1,0.5535,BUY,0,0,0.9949,SELL,1,10,"EMA_12,ADX,MACD,MACD_Hist,ATR_14,BB_Width,SMA_50,Volume_MA,Rolling_Median_Return,ROC",EMA_12
HDFCBANK,2023-04-21,2023,0,Sideways,0,0.8169,SELL,1,0,0.9916,SELL,1,10,"EMA_12,ADX,MACD,MACD_Hist,ATR_14,BB_Width,SMA_50,Volume_MA,Rolling_Median_Return,ROC",EMA_12
HDFCBANK,2023-04-24,2023,0,Sideways,0,0.8714,SELL,1,0,0.9956,SELL,1,10,"EMA_12,ADX,MACD,MACD_Hist,ATR_14,BB_Width,SMA_50,Volume_MA,Rolling_Median_Return,ROC",EMA_12
HDFCBANK,2023-04-25,2023,0,Sideways,0,0.7903,SELL,1,0,0.9969,SELL,1,10,"EMA_12,ADX,MACD,MACD_Hist,ATR_14,BB_Width,SMA_50,Volume_MA,Rolling_Median_Return,ROC",EMA_12
HDFCBANK,2023-04-26,2023,0,Sideways,0,0.945,SELL,1,0,0.9923,SELL,1,10,"EMA_12,ADX,MACD,MACD_Hist,ATR_14,BB_Width,SMA_50,Volume_MA,Rolling_Median_Return,ROC",EMA_12
HDFCBANK,2023-04-27,2023,0,Sideways,0,0.9832,SELL,1,0,0.9901,SELL,1,10,"EMA_12,ADX,MACD,MACD_Hist,ATR_14,BB_Width,SMA_50,Volume_MA,Rolling_Median_Return,ROC",EMA_12
HDFCBANK,2023-04-28,2023,0,Sideways,0,0.987,SELL,1,0,0.9869,SELL,1,10,"EMA_12,ADX,MACD,MACD_Hist,ATR_14,BB_Width,SMA_50,Volume_MA,Rolling_Median_Return,ROC",EMA_12
HDFCBANK,2023-05-02,2023,0,Sideways,0,0.9907,SELL,1,0,0.9898,SELL,1,10,"EMA_12,ADX,MACD,MACD_Hist,ATR_14,BB_Width,SMA_50,Volume_MA,Rolling_Median_Return,ROC",EMA_12
HDFCBANK,2023-05-03,2023,0,Sideways,0,0.9961,SELL,1,0,0.9944,SELL,1,10,"EMA_12,ADX,MACD,MACD_Hist,ATR_14,BB_Width,SMA_50,Volume_MA,Rolling_Median_Return,ROC",EMA_12
HDFCBANK,2023-05-04,2023,0,Sideways,0,0.9708,SELL,1,0,0.9991,SELL,1,10,"EMA_12,ADX,MACD,MACD_Hist,ATR_14,BB_Width,SMA_50,Volume_MA,Rolling_Median_Return,ROC",EMA_12
HDFCBANK,2023-05-05,2023,0,Sideways,1,0.8939,BUY,0,0,0.9994,SELL,1,10,"EMA_12,ADX,MACD,MACD_Hist,ATR_14,BB_Width,SMA_50,Volume_MA,Rolling_Median_Return,ROC",EMA_12
HDFCBANK,2023-05-08,2023,0,Sideways,0,0.7366,SELL,1,0,0.8229,SELL,1,10,"EMA_12,SMA_10,BB_Upper,MFI,SMA_20,MACD_Hist,MACD,Rolling_Median_Return,SMA_50,MACD_Signal",EMA_12
HDFCBANK,2023-05-09,2023,0,Sideways,0,0.6161,SELL,1,0,1.0,SELL,1,10,"EMA_12,SMA_10,BB_Upper,MFI,SMA_20,MACD_Hist,MACD,Rolling_Median_Return,SMA_50,MACD_Signal",EMA_12
HDFCBANK,2023-05-10,2023,0,Sideways,0,0.7574,SELL,1,0,1.0,SELL,1,10,"EMA_12,SMA_10,BB_Upper,MFI,SMA_20,MACD_Hist,MACD,Rolling_Median_Return,SMA_50,MACD_Signal",EMA_12
HDFCBANK,2023-05-11,2023,0,Sideways,0,0.6919,SELL,1,0,1.0,SELL,1,10,"EMA_12,SMA_10,BB_Upper,MFI,SMA_20,MACD_Hist,MACD,Rolling_Median_Return,SMA_50,MACD_Signal",EMA_12
HDFCBANK,2023-05-12,2023,0,Sideways,0,0.8614,SELL,1,0,1.0,SELL,1,10,"EMA_12,SMA_10,BB_Upper,MFI,SMA_20,MACD_Hist,MACD,Rolling_Median_Return,SMA_50,MACD_Signal",EMA_12
HDFCBANK,2023-05-15,2023,0,Sideways,0,0.9087,SELL,1,0,1.0,SELL,1,10,"EMA_12,SMA_10,BB_Upper,MFI,SMA_20,MACD_Hist,MACD,Rolling_Median_Return,SMA_50,MACD_Signal",EMA_12
HDFCBANK,2023-05-16,2023,0,Sideways,0,0.868,SELL,1,0,1.0,SELL,1,10,"EMA_12,SMA_10,BB_Upper,MFI,SMA_20,MACD_Hist,MACD,Rolling_Median_Return,SMA_50,MACD_Signal",EMA_12
HDFCBANK,2023-05-17,2023,0,Sideways,0,0.8402,SELL,1,0,1.0,SELL,1,10,"EMA_12,SMA_10,BB_Upper,MFI,SMA_20,MACD_Hist,MACD,Rolling_Median_Return,SMA_50,MACD_Signal",EMA_12
HDFCBANK,2023-05-18,2023,0,Sideways,0,0.8075,SELL,1,0,1.0,SELL,1,10,"EMA_12,SMA_10,BB_Upper,MFI,SMA_20,MACD_Hist,MACD,Rolling_Median_Return,SMA_50,MACD_Signal",EMA_12
HDFCBANK,2023-05-19,2023,0,Sideways,0,0.9398,SELL,1,0,1.0,SELL,1,10,"EMA_12,SMA_10,BB_Upper,MFI,SMA_20,MACD_Hist,MACD,Rolling_Median_Return,SMA_50,MACD_Signal",EMA_12
HDFCBANK,2023-05-22,2023,0,Sideways,0,0.9442,SELL,1,0,1.0,SELL,1,10,"EMA_12,SMA_10,BB_Upper,MFI,SMA_20,MACD_Hist,MACD,Rolling_Median_Return,SMA_50,MACD_Signal",EMA_12
HDFCBANK,2023-05-23,2023,0,Sideways,0,0.9612,SELL,1,0,1.0,SELL,1,10,"EMA_12,SMA_10,BB_Upper,MFI,SMA_20,MACD_Hist,MACD,Rolling_Median_Return,SMA_50,MACD_Signal",EMA_12
HDFCBANK,2023-05-24,2023,1,Sideways,0,0.9422,SELL,0,0,1.0,SELL,0,10,"EMA_12,SMA_10,BB_Upper,MFI,SMA_20,MACD_Hist,MACD,Rolling_Median_Return,SMA_50,MACD_Signal",EMA_12
HDFCBANK,2023-05-25,2023,1,Sideways,0,0.8604,SELL,0,1,0.5357,NO TRADE,1,10,"EMA_12,SMA_10,BB_Upper,MFI,SMA_20,MACD_Hist,MACD,Rolling_Median_Return,SMA_50,MACD_Signal",EMA_12
HDFCBANK,2023-05-26,2023,1,Sideways,0,0.83,SELL,0,1,0.9988,BUY,1,10,"EMA_12,SMA_10,BB_Upper,MFI,SMA_20,MACD_Hist,MACD,Rolling_Median_Return,SMA_50,MACD_Signal",EMA_12
HDFCBANK,2023-05-29,2023,1,Sideways,0,0.9247,SELL,0,1,0.9998,BUY,1,10,"EMA_12,SMA_10,BB_Upper,MFI,SMA_20,MACD_Hist,MACD,Rolling_Median_Return,SMA_50,MACD_Signal",EMA_12
HDFCBANK,2023-05-30,2023,1,Sideways,0,0.9589,SELL,0,1,0.8581,BUY,1,10,"EMA_12,SMA_10,BB_Upper,MFI,SMA_20,MACD_Hist,MACD,Rolling_Median_Return,SMA_50,MACD_Signal",EMA_12
HDFCBANK,2023-05-31,2023,1,Sideways,0,0.7684,SELL,0,1,1.0,BUY,1,10,"EMA_12,SMA_10,BB_Upper,MFI,SMA_20,MACD_Hist,MACD,Rolling_Median_Return,SMA_50,MACD_Signal",EMA_12
HDFCBANK,2023-06-01,2023,1,Sideways,0,0.544,NO TRADE,0,1,1.0,BUY,1,10,"EMA_12,SMA_10,BB_Upper,MFI,SMA_20,MACD_Hist,MACD,Rolling_Median_Return,SMA_50,MACD_Signal",EMA_12
HDFCBANK,2023-06-02,2023,1,Sideways,0,0.5197,NO TRADE,0,1,1.0,BUY,1,10,"EMA_12,SMA_10,BB_Upper,MFI,SMA_20,MACD_Hist,MACD,Rolling_Median_Return,SMA_50,MACD_Signal",EMA_12
HDFCBANK,2023-06-05,2023,1,Sideways,1,0.5226,NO TRADE,1,1,1.0,BUY,1,10,"EMA_12,SMA_10,BB_Upper,MFI,SMA_20,MACD_Hist,MACD,Rolling_Median_Return,SMA_50,MACD_Signal",EMA_12
HDFCBANK,2023-06-06,2023,1,Sideways,1,0.635,BUY,1,1,1.0,BUY,1,10,"EMA_12,SMA_10,BB_Upper,MFI,SMA_20,MACD_Hist,MACD,Rolling_Median_Return,SMA_50,MACD_Signal",EMA_12
HDFCBANK,2023-06-07,2023,1,Sideways,0,0.6688,SELL,0,1,1.0,BUY,1,10,"EMA_12,SMA_10,BB_Upper,MFI,SMA_20,MACD_Hist,MACD,Rolling_Median_Return,SMA_50,MACD_Signal",EMA_12
HDFCBANK,2023-06-08,2023,1,Sideways,0,0.7454,SELL,0,1,1.0,BUY,1,10,"EMA_12,SMA_10,BB_Upper,MFI,SMA_20,MACD_Hist,MACD,Rolling_Median_Return,SMA_50,MACD_Signal",EMA_12
HDFCBANK,2023-06-09,2023,1,Sideways,0,0.8464,SELL,0,1,1.0,BUY,1,10,"EMA_12,SMA_10,BB_Upper,MFI,SMA_20,MACD_Hist,MACD,Rolling_Median_Return,SMA_50,MACD_Signal",EMA_12
HDFCBANK,2023-06-12,2023,1,Sideways,0,0.8513,SELL,0,1,1.0,BUY,1,10,"EMA_12,SMA_10,BB_Upper,MFI,SMA_20,MACD_Hist,MACD,Rolling_Median_Return,SMA_50,MACD_Signal",EMA_12
HDFCBANK,2023-06-13,2023,1,Sideways,0,0.8729,SELL,0,1,1.0,BUY,1,10,"EMA_12,SMA_10,BB_Upper,MFI,SMA_20,MACD_Hist,MACD,Rolling_Median_Return,SMA_50,MACD_Signal",EMA_12
HDFCBANK,2023-06-14,2023,1,Sideways,0,0.8453,SELL,0,1,1.0,BUY,1,10,"EMA_12,SMA_10,BB_Upper,MFI,SMA_20,MACD_Hist,MACD,Rolling_Median_Return,SMA_50,MACD_Signal",EMA_12
HDFCBANK,2023-06-15,2023,1,Sideways,1,0.6319,BUY,1,1,1.0,BUY,1,10,"EMA_12,SMA_10,BB_Upper,MFI,SMA_20,MACD_Hist,MACD,Rolling_Median_Return,SMA_50,MACD_Signal",EMA_12
HDFCBANK,2023-06-16,2023,1,Sideways,0,0.8529,SELL,0,1,1.0,BUY,1,10,"EMA_12,SMA_10,BB_Upper,MFI,SMA_20,MACD_Hist,MACD,Rolling_Median_Return,SMA_50,MACD_Signal",EMA_12
HDFCBANK,2023-06-19,2023,1,Sideways,0,0.9817,SELL,0,1,1.0,BUY,1,10,"BB_Upper,MACD,EMA_12,OBV,MFI,MACD_Signal,MACD_Hist,SMA_50,BB_Width,SMA_10",BB_Upper
HDFCBANK,2023-06-20,2023,1,Sideways,0,0.9422,SELL,0,1,1.0,BUY,1,10,"BB_Upper,MACD,EMA_12,OBV,MFI,MACD_Signal,MACD_Hist,SMA_50,BB_Width,SMA_10",BB_Upper
HDFCBANK,2023-06-21,2023,1,Sideways,0,0.776,SELL,0,1,1.0,BUY,1,10,"BB_Upper,MACD,EMA_12,OBV,MFI,MACD_Signal,MACD_Hist,SMA_50,BB_Width,SMA_10",BB_Upper
HDFCBANK,2023-06-22,2023,1,Sideways,0,0.861,SELL,0,1,1.0,BUY,1,10,"BB_Upper,MACD,EMA_12,OBV,MFI,MACD_Signal,MACD_Hist,SMA_50,BB_Width,SMA_10",BB_Upper
HDFCBANK,2023-06-23,2023,1,Sideways,0,0.8295,SELL,0,1,1.0,BUY,1,10,"BB_Upper,MACD,EMA_12,OBV,MFI,MACD_Signal,MACD_Hist,SMA_50,BB_Width,SMA_10",BB_Upper
HDFCBANK,2023-06-26,2023,1,Sideways,0,0.8102,SELL,0,1,1.0,BUY,1,10,"BB_Upper,MACD,EMA_12,OBV,MFI,MACD_Signal,MACD_Hist,SMA_50,BB_Width,SMA_10",BB_Upper
HDFCBANK,2023-06-27,2023,1,Sideways,0,0.8445,SELL,0,1,1.0,BUY,1,10,"BB_Upper,MACD,EMA_12,OBV,MFI,MACD_Signal,MACD_Hist,SMA_50,BB_Width,SMA_10",BB_Upper
HDFCBANK,2023-06-28,2023,0,Sideways,1,0.5512,BUY,0,1,1.0,BUY,0,10,"BB_Upper,MACD,EMA_12,OBV,MFI,MACD_Signal,MACD_Hist,SMA_50,BB_Width,SMA_10",BB_Upper
HDFCBANK,2023-06-30,2023,0,Sideways,0,0.7261,SELL,1,0,0.9943,SELL,1,10,"BB_Upper,MACD,EMA_12,OBV,MFI,MACD_Signal,MACD_Hist,SMA_50,BB_Width,SMA_10",BB_Upper
HDFCBANK,2023-07-03,2023,0,Sideways,0,0.7497,SELL,1,0,1.0,SELL,1,10,"BB_Upper,MACD,EMA_12,OBV,MFI,MACD_Signal,MACD_Hist,SMA_50,BB_Width,SMA_10",BB_Upper
HDFCBANK,2023-07-04,2023,0,Sideways,0,0.7791,SELL,1,0,1.0,SELL,1,10,"BB_Upper,MACD,EMA_12,OBV,MFI,MACD_Signal,MACD_Hist,SMA_50,BB_Width,SMA_10",BB_Upper
HDFCBANK,2023-07-05,2023,0,Sideways,0,0.7642,SELL,1,0,1.0,SELL,1,10,"BB_Upper,MACD,EMA_12,OBV,MFI,MACD_Signal,MACD_Hist,SMA_50,BB_Width,SMA_10",BB_Upper
HDFCBANK,2023-07-06,2023,0,Sideways,0,0.9335,SELL,1,0,1.0,SELL,1,10,"BB_Upper,MACD,EMA_12,OBV,MFI,MACD_Signal,MACD_Hist,SMA_50,BB_Width,SMA_10",BB_Upper
HDFCBANK,2023-07-07,2023,0,Sideways,0,0.8795,SELL,1,0,1.0,SELL,1,10,"BB_Upper,MACD,EMA_12,OBV,MFI,MACD_Signal,MACD_Hist,SMA_50,BB_Width,SMA_10",BB_Upper
HDFCBANK,2023-07-10,2023,0,Sideways,0,0.849,SELL,1,0,1.0,SELL,1,10,"BB_Upper,MACD,EMA_12,OBV,MFI,MACD_Signal,MACD_Hist,SMA_50,BB_Width,SMA_10",BB_Upper
HDFCBANK,2023-07-11,2023,1,Sideways,0,0.7703,SELL,0,0,0.9928,SELL,0,10,"BB_Upper,MACD,EMA_12,OBV,MFI,MACD_Signal,MACD_Hist,SMA_50,BB_Width,SMA_10",BB_Upper
HDFCBANK,2023-07-12,2023,1,Sideways,0,0.5127,NO TRADE,0,1,0.999,BUY,1,10,"BB_Upper,MACD,EMA_12,OBV,MFI,MACD_Signal,MACD_Hist,SMA_50,BB_Width,SMA_10",BB_Upper
HDFCBANK,2023-07-13,2023,0,Sideways,1,0.5515,BUY,0,1,0.9945,BUY,0,10,"BB_Upper,MACD,EMA_12,OBV,MFI,MACD_Signal,MACD_Hist,SMA_50,BB_Width,SMA_10",BB_Upper
HDFCBANK,2023-07-14,2023,0,Sideways,1,0.6014,BUY,0,1,0.746,BUY,0,10,"BB_Upper,MACD,EMA_12,OBV,MFI,MACD_Signal,MACD_Hist,SMA_50,BB_Width,SMA_10",BB_Upper
HDFCBANK,2023-07-17,2023,0,Sideways,0,0.7253,SELL,1,0,0.9465,SELL,1,10,"BB_Upper,MACD,EMA_12,OBV,MFI,MACD_Signal,MACD_Hist,SMA_50,BB_Width,SMA_10",BB_Upper
HDFCBANK,2023-07-18,2023,0,Sideways,0,0.7441,SELL,1,1,0.6696,BUY,0,10,"BB_Upper,MACD,EMA_12,OBV,MFI,MACD_Signal,MACD_Hist,SMA_50,BB_Width,SMA_10",BB_Upper
HDFCBANK,2023-07-19,2023,0,Sideways,0,0.8964,SELL,1,1,0.742,BUY,0,10,"BB_Upper,MACD,EMA_12,OBV,MFI,MACD_Signal,MACD_Hist,SMA_50,BB_Width,SMA_10",BB_Upper
HDFCBANK,2023-07-20,2023,0,Sideways,0,0.9266,SELL,1,0,0.8641,SELL,1,10,"BB_Upper,MACD,EMA_12,OBV,MFI,MACD_Signal,MACD_Hist,SMA_50,BB_Width,SMA_10",BB_Upper
HDFCBANK,2023-07-21,2023,0,Sideways,0,0.9088,SELL,1,1,0.718,BUY,0,10,"BB_Upper,MACD,EMA_12,OBV,MFI,MACD_Signal,MACD_Hist,SMA_50,BB_Width,SMA_10",BB_Upper
HDFCBANK,2023-07-24,2023,0,Sideways,0,0.9376,SELL,1,1,0.693,BUY,0,10,"BB_Upper,MACD,EMA_12,OBV,MFI,MACD_Signal,MACD_Hist,SMA_50,BB_Width,SMA_10",BB_Upper
HDFCBANK,2023-07-25,2023,0,Sideways,0,0.9721,SELL,1,0,0.9787,SELL,1,10,"BB_Upper,MACD,EMA_12,OBV,MFI,MACD_Signal,MACD_Hist,SMA_50,BB_Width,SMA_10",BB_Upper
HDFCBANK,2023-07-26,2023,0,Sideways,0,0.9728,SELL,1,0,0.9519,SELL,1,10,"BB_Upper,MACD,EMA_12,OBV,MFI,MACD_Signal,MACD_Hist,SMA_50,BB_Width,SMA_10",BB_Upper
HDFCBANK,2023-07-27,2023,0,Sideways,0,0.9545,SELL,1,0,0.7367,SELL,1,10,"BB_Upper,MACD,EMA_12,OBV,MFI,MACD_Signal,MACD_Hist,SMA_50,BB_Width,SMA_10",BB_Upper
HDFCBANK,2023-07-28,2023,0,Sideways,0,0.8489,SELL,1,0,0.7887,SELL,1,10,"BB_Upper,MACD,EMA_12,OBV,MFI,MACD_Signal,MACD_Hist,SMA_50,BB_Width,SMA_10",BB_Upper
HDFCBANK,2023-07-31,2023,0,Sideways,0,0.8747,SELL,1,0,0.5043,NO TRADE,1,10,"BB_Upper,MACD,EMA_12,OBV,MFI,MACD_Signal,MACD_Hist,SMA_50,BB_Width,SMA_10",BB_Upper
HDFCBANK,2023-08-01,2023,0,Sideways,0,0.9227,SELL,1,1,0.7982,BUY,0,10,"MACD,BB_Upper,EMA_12,MACD_Hist,MACD_Signal,BB_Width,MFI,EMA_26,SMA_10,OBV",MACD
HDFCBANK,2023-08-02,2023,0,Sideways,0,0.6781,SELL,1,1,0.8499,BUY,0,10,"MACD,BB_Upper,EMA_12,MACD_Hist,MACD_Signal,BB_Width,MFI,EMA_26,SMA_10,OBV",MACD
HDFCBANK,2023-08-03,2023,0,Sideways,1,0.6254,BUY,0,0,0.6193,SELL,1,10,"MACD,BB_Upper,EMA_12,MACD_Hist,MACD_Signal,BB_Width,MFI,EMA_26,SMA_10,OBV",MACD
HDFCBANK,2023-08-04,2023,0,Sideways,0,0.8633,SELL,1,1,0.8128,BUY,0,10,"MACD,BB_Upper,EMA_12,MACD_Hist,MACD_Signal,BB_Width,MFI,EMA_26,SMA_10,OBV",MACD
HDFCBANK,2023-08-07,2023,0,Sideways,0,0.8487,SELL,1,0,0.5899,SELL,1,10,"MACD,BB_Upper,EMA_12,MACD_Hist,MACD_Signal,BB_Width,MFI,EMA_26,SMA_10,OBV",MACD
HDFCBANK,2023-08-08,2023,0,Sideways,0,0.8056,SELL,1,0,0.9951,SELL,1,10,"MACD,BB_Upper,EMA_12,MACD_Hist,MACD_Signal,BB_Width,MFI,EMA_26,SMA_10,OBV",MACD
HDFCBANK,2023-08-09,2023,0,Sideways,0,0.8465,SELL,1,0,0.8145,SELL,1,10,"MACD,BB_Upper,EMA_12,MACD_Hist,MACD_Signal,BB_Width,MFI,EMA_26,SMA_10,OBV",MACD
HDFCBANK,2023-08-10,2023,0,Sideways,0,0.754,SELL,1,0,0.9998,SELL,1,10,"MACD,BB_Upper,EMA_12,MACD_Hist,MACD_Signal,BB_Width,MFI,EMA_26,SMA_10,OBV",MACD
HDFCBANK,2023-08-11,2023,1,Sideways,0,0.6161,SELL,0,0,1.0,SELL,0,10,"MACD,BB_Upper,EMA_12,MACD_Hist,MACD_Signal,BB_Width,MFI,EMA_26,SMA_10,OBV",MACD
HDFCBANK,2023-08-14,2023,1,Sideways,1,0.5971,BUY,1,1,0.9964,BUY,1,10,"MACD,BB_Upper,EMA_12,MACD_Hist,MACD_Signal,BB_Width,MFI,EMA_26,SMA_10,OBV",MACD
HDFCBANK,2023-08-16,2023,1,Sideways,1,0.795,BUY,1,1,1.0,BUY,1,10,"MACD,BB_Upper,EMA_12,MACD_Hist,MACD_Signal,BB_Width,MFI,EMA_26,SMA_10,OBV",MACD
HDFCBANK,2023-08-17,2023,1,Sideways,1,0.8115,BUY,1,1,1.0,BUY,1,10,"MACD,BB_Upper,EMA_12,MACD_Hist,MACD_Signal,BB_Width,MFI,EMA_26,SMA_10,OBV",MACD
HDFCBANK,2023-08-18,2023,1,Sideways,1,0.8691,BUY,1,1,1.0,BUY,1,10,"MACD,BB_Upper,EMA_12,MACD_Hist,MACD_Signal,BB_Width,MFI,EMA_26,SMA_10,OBV",MACD
HDFCBANK,2023-08-21,2023,1,Sideways,1,0.9333,BUY,1,1,1.0,BUY,1,10,"MACD,BB_Upper,EMA_12,MACD_Hist,MACD_Signal,BB_Width,MFI,EMA_26,SMA_10,OBV",MACD
HDFCBANK,2023-08-22,2023,0,Sideways,1,0.9747,BUY,0,1,1.0,BUY,0,10,"MACD,BB_Upper,EMA_12,MACD_Hist,MACD_Signal,BB_Width,MFI,EMA_26,SMA_10,OBV",MACD
HDFCBANK,2023-08-23,2023,0,Sideways,1,0.9512,BUY,0,1,1.0,BUY,0,10,"MACD,BB_Upper,EMA_12,MACD_Hist,MACD_Signal,BB_Width,MFI,EMA_26,SMA_10,OBV",MACD
HDFCBANK,2023-08-24,2023,0,Sideways,1,0.9695,BUY,0,1,1.0,BUY,0,10,"MACD,BB_Upper,EMA_12,MACD_Hist,MACD_Signal,BB_Width,MFI,EMA_26,SMA_10,OBV",MACD
HDFCBANK,2023-08-25,2023,0,Sideways,1,0.9854,BUY,0,1,0.9999,BUY,0,10,"MACD,BB_Upper,EMA_12,MACD_Hist,MACD_Signal,BB_Width,MFI,EMA_26,SMA_10,OBV",MACD
HDFCBANK,2023-08-28,2023,0,Sideways,1,0.9101,BUY,0,1,0.9988,BUY,0,10,"MACD,BB_Upper,EMA_12,MACD_Hist,MACD_Signal,BB_Width,MFI,EMA_26,SMA_10,OBV",MACD
HDFCBANK,2023-08-29,2023,0,Sideways,1,0.748,BUY,0,1,0.9865,BUY,0,10,"MACD,BB_Upper,EMA_12,MACD_Hist,MACD_Signal,BB_Width,MFI,EMA_26,SMA_10,OBV",MACD
HDFCBANK,2023-08-30,2023,0,Sideways,1,0.8647,BUY,0,1,0.9376,BUY,0,10,"MACD,BB_Upper,EMA_12,MACD_Hist,MACD_Signal,BB_Width,MFI,EMA_26,SMA_10,OBV",MACD
HDFCBANK,2023-08-31,2023,0,Sideways,1,0.7923,BUY,0,1,0.7355,BUY,0,10,"MACD,BB_Upper,EMA_12,MACD_Hist,MACD_Signal,BB_Width,MFI,EMA_26,SMA_10,OBV",MACD
HDFCBANK,2023-09-01,2023,0,Sideways,1,0.7653,BUY,0,0,0.5989,SELL,1,10,"MACD,BB_Upper,EMA_12,MACD_Hist,MACD_Signal,BB_Width,MFI,EMA_26,SMA_10,OBV",MACD
HDFCBANK,2023-09-04,2023,0,Sideways,1,0.6523,BUY,0,0,0.8371,SELL,1,10,"MACD,BB_Upper,EMA_12,MACD_Hist,MACD_Signal,BB_Width,MFI,EMA_26,SMA_10,OBV",MACD
HDFCBANK,2023-09-05,2023,0,Sideways,1,0.7213,BUY,0,0,0.9428,SELL,1,10,"MACD,BB_Upper,EMA_12,MACD_Hist,MACD_Signal,BB_Width,MFI,EMA_26,SMA_10,OBV",MACD
HDFCBANK,2023-09-06,2023,0,Sideways,0,0.5498,NO TRADE,1,0,0.9575,SELL,1,10,"MACD,BB_Upper,EMA_12,MACD_Hist,MACD_Signal,BB_Width,MFI,EMA_26,SMA_10,OBV",MACD
HDFCBANK,2023-09-07,2023,0,Sideways,0,0.6983,SELL,1,0,0.9681,SELL,1,10,"MACD,BB_Upper,EMA_12,MACD_Hist,MACD_Signal,BB_Width,MFI,EMA_26,SMA_10,OBV",MACD
HDFCBANK,2023-09-08,2023,0,Sideways,0,0.7073,SELL,1,0,0.9819,SELL,1,10,"MACD,BB_Upper,EMA_12,MACD_Hist,MACD_Signal,BB_Width,MFI,EMA_26,SMA_10,OBV",MACD
HDFCBANK,2023-09-11,2023,0,Sideways,0,0.8205,SELL,1,0,0.9941,SELL,1,10,"MACD,BB_Upper,EMA_12,MACD_Hist,MACD_Signal,BB_Width,MFI,EMA_26,SMA_10,OBV",MACD
HDFCBANK,2023-09-12,2023,0,Sideways,0,0.873,SELL,1,0,0.9979,SELL,1,10,"MACD,BB_Upper,EMA_12,MACD_Hist,MACD_Signal,BB_Width,MFI,EMA_26,SMA_10,OBV",MACD
HDFCBANK,2023-09-13,2023,0,Sideways,0,0.8895,SELL,1,0,1.0,SELL,1,10,"MACD,OBV,SMA_50,EMA_12,Rolling_Median_Return,Volume_MA,SMA_20,MACD_Hist,EMA_26,BB_Upper",MACD
HDFCBANK,2023-09-14,2023,0,Sideways,0,0.9021,SELL,1,0,1.0,SELL,1,10,"MACD,OBV,SMA_50,EMA_12,Rolling_Median_Return,Volume_MA,SMA_20,MACD_Hist,EMA_26,BB_Upper",MACD
HDFCBANK,2023-09-15,2023,0,Sideways,0,0.9868,SELL,1,0,1.0,SELL,1,10,"MACD,OBV,SMA_50,EMA_12,Rolling_Median_Return,Volume_MA,SMA_20,MACD_Hist,EMA_26,BB_Upper",MACD
HDFCBANK,2023-09-18,2023,0,Sideways,0,0.8979,SELL,1,0,1.0,SELL,1,10,"MACD,OBV,SMA_50,EMA_12,Rolling_Median_Return,Volume_MA,SMA_20,MACD_Hist,EMA_26,BB_Upper",MACD
HDFCBANK,2023-09-20,2023,0,Sideways,1,0.5251,NO TRADE,0,0,1.0,SELL,1,10,"MACD,OBV,SMA_50,EMA_12,Rolling_Median_Return,Volume_MA,SMA_20,MACD_Hist,EMA_26,BB_Upper",MACD
HDFCBANK,2023-09-21,2023,0,Sideways,1,0.542,NO TRADE,0,0,1.0,SELL,1,10,"MACD,OBV,SMA_50,EMA_12,Rolling_Median_Return,Volume_MA,SMA_20,MACD_Hist,EMA_26,BB_Upper",MACD
HDFCBANK,2023-09-22,2023,0,Sideways,1,0.9413,BUY,0,0,1.0,SELL,1,10,"MACD,OBV,SMA_50,EMA_12,Rolling_Median_Return,Volume_MA,SMA_20,MACD_Hist,EMA_26,BB_Upper",MACD
HDFCBANK,2023-09-25,2023,0,Sideways,1,0.9438,BUY,0,0,1.0,SELL,1,10,"MACD,OBV,SMA_50,EMA_12,Rolling_Median_Return,Volume_MA,SMA_20,MACD_Hist,EMA_26,BB_Upper",MACD
HDFCBANK,2023-09-26,2023,0,Sideways,1,0.8938,BUY,0,1,1.0,BUY,0,10,"MACD,OBV,SMA_50,EMA_12,Rolling_Median_Return,Volume_MA,SMA_20,MACD_Hist,EMA_26,BB_Upper",MACD
HDFCBANK,2023-09-27,2023,0,Sideways,1,0.9501,BUY,0,1,1.0,BUY,0,10,"MACD,OBV,SMA_50,EMA_12,Rolling_Median_Return,Volume_MA,SMA_20,MACD_Hist,EMA_26,BB_Upper",MACD
HDFCBANK,2023-09-28,2023,0,Sideways,1,0.9657,BUY,0,1,0.9916,BUY,0,10,"MACD,OBV,SMA_50,EMA_12,Rolling_Median_Return,Volume_MA,SMA_20,MACD_Hist,EMA_26,BB_Upper",MACD
HDFCBANK,2023-09-29,2023,0,Sideways,1,0.961,BUY,0,0,0.9933,SELL,1,10,"MACD,OBV,SMA_50,EMA_12,Rolling_Median_Return,Volume_MA,SMA_20,MACD_Hist,EMA_26,BB_Upper",MACD
HDFCBANK,2023-10-03,2023,0,Sideways,1,0.997,BUY,0,0,0.9968,SELL,1,10,"MACD,OBV,SMA_50,EMA_12,Rolling_Median_Return,Volume_MA,SMA_20,MACD_Hist,EMA_26,BB_Upper",MACD
HDFCBANK,2023-10-04,2023,0,Sideways,1,0.9555,BUY,0,0,1.0,SELL,1,10,"MACD,OBV,SMA_50,EMA_12,Rolling_Median_Return,Volume_MA,SMA_20,MACD_Hist,EMA_26,BB_Upper",MACD
HDFCBANK,2023-10-05,2023,0,Sideways,1,0.5467,NO TRADE,0,0,1.0,SELL,1,10,"MACD,OBV,SMA_50,EMA_12,Rolling_Median_Return,Volume_MA,SMA_20,MACD_Hist,EMA_26,BB_Upper",MACD
HDFCBANK,2023-10-06,2023,0,Sideways,1,0.5076,NO TRADE,0,0,1.0,SELL,1,10,"MACD,OBV,SMA_50,EMA_12,Rolling_Median_Return,Volume_MA,SMA_20,MACD_Hist,EMA_26,BB_Upper",MACD
HDFCBANK,2023-10-09,2023,0,Sideways,1,0.6151,BUY,0,0,1.0,SELL,1,10,"MACD,OBV,SMA_50,EMA_12,Rolling_Median_Return,Volume_MA,SMA_20,MACD_Hist,EMA_26,BB_Upper",MACD
HDFCBANK,2023-10-10,2023,0,Sideways,0,0.5109,NO TRADE,1,0,1.0,SELL,1,10,"MACD,OBV,SMA_50,EMA_12,Rolling_Median_Return,Volume_MA,SMA_20,MACD_Hist,EMA_26,BB_Upper",MACD
HDFCBANK,2023-10-11,2023,0,Sideways,0,0.6341,SELL,1,0,1.0,SELL,1,10,"MACD,OBV,SMA_50,EMA_12,Rolling_Median_Return,Volume_MA,SMA_20,MACD_Hist,EMA_26,BB_Upper",MACD
HDFCBANK,2023-10-12,2023,0,Sideways,0,0.7438,SELL,1,0,1.0,SELL,1,10,"MACD,OBV,SMA_50,EMA_12,Rolling_Median_Return,Volume_MA,SMA_20,MACD_Hist,EMA_26,BB_Upper",MACD
HDFCBANK,2023-10-13,2023,0,Sideways,0,0.7289,SELL,1,0,1.0,SELL,1,10,"MACD,OBV,SMA_50,EMA_12,Rolling_Median_Return,Volume_MA,SMA_20,MACD_Hist,EMA_26,BB_Upper",MACD
HDFCBANK,2023-10-16,2023,0,Sideways,0,0.7995,SELL,1,0,1.0,SELL,1,10,"MACD,OBV,SMA_50,EMA_12,Rolling_Median_Return,Volume_MA,SMA_20,MACD_Hist,EMA_26,BB_Upper",MACD
HDFCBANK,2023-10-17,2023,0,Sideways,0,0.7059,SELL,1,0,0.9996,SELL,1,10,"MACD,OBV,SMA_50,EMA_12,Rolling_Median_Return,Volume_MA,SMA_20,MACD_Hist,EMA_26,BB_Upper",MACD
HDFCBANK,2023-10-18,2023,0,Sideways,0,0.5557,SELL,1,0,0.9963,SELL,1,10,"MACD,OBV,SMA_50,EMA_12,Rolling_Median_Return,Volume_MA,SMA_20,MACD_Hist,EMA_26,BB_Upper",MACD
HDFCBANK,2023-10-19,2023,0,Sideways,1,0.5686,BUY,0,0,0.9924,SELL,1,10,"MACD,OBV,SMA_50,EMA_12,Rolling_Median_Return,Volume_MA,SMA_20,MACD_Hist,EMA_26,BB_Upper",MACD
HDFCBANK,2023-10-20,2023,0,Sideways,0,0.5215,NO TRADE,1,0,0.9932,SELL,1,10,"MACD,OBV,SMA_50,EMA_12,Rolling_Median_Return,Volume_MA,SMA_20,MACD_Hist,EMA_26,BB_Upper",MACD
HDFCBANK,2023-10-23,2023,1,Sideways,1,0.6277,BUY,1,0,0.9928,SELL,0,10,"MACD,OBV,SMA_50,EMA_12,Rolling_Median_Return,Volume_MA,SMA_20,MACD_Hist,EMA_26,BB_Upper",MACD
HDFCBANK,2023-10-25,2023,1,Sideways,1,0.8625,BUY,1,0,0.9787,SELL,0,10,"MACD,OBV,SMA_50,EMA_12,Rolling_Median_Return,Volume_MA,SMA_20,MACD_Hist,EMA_26,BB_Upper",MACD
HDFCBANK,2023-10-26,2023,1,Sideways,1,0.9845,BUY,1,0,0.9339,SELL,0,10,"MACD,OBV,SMA_50,EMA_12,Rolling_Median_Return,Volume_MA,SMA_20,MACD_Hist,EMA_26,BB_Upper",MACD
HDFCBANK,2023-10-27,2023,1,Sideways,1,0.9769,BUY,1,1,0.7583,BUY,1,10,"MACD,OBV,SMA_50,EMA_12,Rolling_Median_Return,Volume_MA,SMA_20,MACD_Hist,EMA_26,BB_Upper",MACD
HDFCBANK,2023-10-30,2023,1,Sideways,1,0.9488,BUY,1,1,0.8193,BUY,1,10,"MACD,EMA_12,Volume_MA,OBV,Rolling_Median_Return,SMA_50,EMA_26,SMA_10,MACD_Hist,RSI_14",MACD
HDFCBANK,2023-10-31,2023,1,Sideways,1,0.9735,BUY,1,1,0.9931,BUY,1,10,"MACD,EMA_12,Volume_MA,OBV,Rolling_Median_Return,SMA_50,EMA_26,SMA_10,MACD_Hist,RSI_14",MACD
HDFCBANK,2023-11-01,2023,1,Sideways,1,0.9764,BUY,1,1,0.9999,BUY,1,10,"MACD,EMA_12,Volume_MA,OBV,Rolling_Median_Return,SMA_50,EMA_26,SMA_10,MACD_Hist,RSI_14",MACD
HDFCBANK,2023-11-02,2023,1,Sideways,1,0.9466,BUY,1,1,0.9995,BUY,1,10,"MACD,EMA_12,Volume_MA,OBV,Rolling_Median_Return,SMA_50,EMA_26,SMA_10,MACD_Hist,RSI_14",MACD
HDFCBANK,2023-11-03,2023,1,Sideways,1,0.9214,BUY,1,1,0.998,BUY,1,10,"MACD,EMA_12,Volume_MA,OBV,Rolling_Median_Return,SMA_50,EMA_26,SMA_10,MACD_Hist,RSI_14",MACD
HDFCBANK,2023-11-06,2023,1,Sideways,1,0.9041,BUY,1,1,0.9962,BUY,1,10,"MACD,EMA_12,Volume_MA,OBV,Rolling_Median_Return,SMA_50,EMA_26,SMA_10,MACD_Hist,RSI_14",MACD
HDFCBANK,2023-11-07,2023,1,Sideways,1,0.9029,BUY,1,1,0.9999,BUY,1,10,"MACD,EMA_12,Volume_MA,OBV,Rolling_Median_Return,SMA_50,EMA_26,SMA_10,MACD_Hist,RSI_14",MACD
HDFCBANK,2023-11-08,2023,1,Sideways,1,0.8621,BUY,1,1,0.9994,BUY,1,10,"MACD,EMA_12,Volume_MA,OBV,Rolling_Median_Return,SMA_50,EMA_26,SMA_10,MACD_Hist,RSI_14",MACD
HDFCBANK,2023-11-09,2023,1,Sideways,1,0.8471,BUY,1,1,1.0,BUY,1,10,"MACD,EMA_12,Volume_MA,OBV,Rolling_Median_Return,SMA_50,EMA_26,SMA_10,MACD_Hist,RSI_14",MACD
HDFCBANK,2023-11-10,2023,1,Sideways,1,0.8074,BUY,1,1,1.0,BUY,1,10,"MACD,EMA_12,Volume_MA,OBV,Rolling_Median_Return,SMA_50,EMA_26,SMA_10,MACD_Hist,RSI_14",MACD
HDFCBANK,2023-11-13,2023,1,Sideways,1,0.8353,BUY,1,1,1.0,BUY,1,10,"MACD,EMA_12,Volume_MA,OBV,Rolling_Median_Return,SMA_50,EMA_26,SMA_10,MACD_Hist,RSI_14",MACD
HDFCBANK,2023-11-15,2023,1,Sideways,1,0.7359,BUY,1,1,1.0,BUY,1,10,"MACD,EMA_12,Volume_MA,OBV,Rolling_Median_Return,SMA_50,EMA_26,SMA_10,MACD_Hist,RSI_14",MACD
HDFCBANK,2023-11-16,2023,1,Sideways,1,0.7338,BUY,1,1,0.9998,BUY,1,10,"MACD,EMA_12,Volume_MA,OBV,Rolling_Median_Return,SMA_50,EMA_26,SMA_10,MACD_Hist,RSI_14",MACD
HDFCBANK,2023-11-17,2023,1,Sideways,1,0.7627,BUY,1,1,1.0,BUY,1,10,"MACD,EMA_12,Volume_MA,OBV,Rolling_Median_Return,SMA_50,EMA_26,SMA_10,MACD_Hist,RSI_14",MACD
HDFCBANK,2023-11-20,2023,1,Sideways,1,0.7571,BUY,1,1,1.0,BUY,1,10,"MACD,EMA_12,Volume_MA,OBV,Rolling_Median_Return,SMA_50,EMA_26,SMA_10,MACD_Hist,RSI_14",MACD
HDFCBANK,2023-11-21,2023,1,Sideways,1,0.7365,BUY,1,1,0.9999,BUY,1,10,"MACD,EMA_12,Volume_MA,OBV,Rolling_Median_Return,SMA_50,EMA_26,SMA_10,MACD_Hist,RSI_14",MACD
HDFCBANK,2023-11-22,2023,1,Sideways,1,0.7598,BUY,1,1,1.0,BUY,1,10,"MACD,EMA_12,Volume_MA,OBV,Rolling_Median_Return,SMA_50,EMA_26,SMA_10,MACD_Hist,RSI_14",MACD
HDFCBANK,2023-11-23,2023,1,Sideways,1,0.7211,BUY,1,1,1.0,BUY,1,10,"MACD,EMA_12,Volume_MA,OBV,Rolling_Median_Return,SMA_50,EMA_26,SMA_10,MACD_Hist,RSI_14",MACD
HDFCBANK,2023-11-24,2023,1,Sideways,1,0.7562,BUY,1,1,1.0,BUY,1,10,"MACD,EMA_12,Volume_MA,OBV,Rolling_Median_Return,SMA_50,EMA_26,SMA_10,MACD_Hist,RSI_14",MACD
HDFCBANK,2023-11-28,2023,1,Sideways,1,0.7641,BUY,1,1,1.0,BUY,1,10,"MACD,EMA_12,Volume_MA,OBV,Rolling_Median_Return,SMA_50,EMA_26,SMA_10,MACD_Hist,RSI_14",MACD
HDFCBANK,2023-11-29,2023,1,Sideways,1,0.8229,BUY,1,1,1.0,BUY,1,10,"MACD,EMA_12,Volume_MA,OBV,Rolling_Median_Return,SMA_50,EMA_26,SMA_10,MACD_Hist,RSI_14",MACD
HDFCBANK,2023-11-30,2023,1,Sideways,0,0.5054,NO TRADE,0,1,1.0,BUY,1,10,"MACD,EMA_12,Volume_MA,OBV,Rolling_Median_Return,SMA_50,EMA_26,SMA_10,MACD_Hist,RSI_14",MACD
HDFCBANK,2023-12-01,2023,1,Sideways,1,0.7458,BUY,1,1,1.0,BUY,1,10,"MACD,EMA_12,Volume_MA,OBV,Rolling_Median_Return,SMA_50,EMA_26,SMA_10,MACD_Hist,RSI_14",MACD
HDFCBANK,2023-12-04,2023,1,Sideways,1,0.9037,BUY,1,1,1.0,BUY,1,10,"MACD,EMA_12,Volume_MA,OBV,Rolling_Median_Return,SMA_50,EMA_26,SMA_10,MACD_Hist,RSI_14",MACD
HDFCBANK,2023-12-05,2023,1,Sideways,1,0.9287,BUY,1,1,1.0,BUY,1,10,"MACD,EMA_12,Volume_MA,OBV,Rolling_Median_Return,SMA_50,EMA_26,SMA_10,MACD_Hist,RSI_14",MACD
HDFCBANK,2023-12-06,2023,1,Sideways,1,0.9002,BUY,1,1,1.0,BUY,1,10,"MACD,EMA_12,Volume_MA,OBV,Rolling_Median_Return,SMA_50,EMA_26,SMA_10,MACD_Hist,RSI_14",MACD
HDFCBANK,2023-12-07,2023,1,Sideways,1,0.9228,BUY,1,1,1.0,BUY,1,10,"MACD,EMA_12,Volume_MA,OBV,Rolling_Median_Return,SMA_50,EMA_26,SMA_10,MACD_Hist,RSI_14",MACD
HDFCBANK,2023-12-08,2023,1,Sideways,1,0.9645,BUY,1,1,1.0,BUY,1,10,"MACD,EMA_12,Volume_MA,OBV,Rolling_Median_Return,SMA_50,EMA_26,SMA_10,MACD_Hist,RSI_14",MACD
HDFCBANK,2023-12-11,2023,0,Sideways,1,0.9134,BUY,0,1,1.0,BUY,0,10,"MACD,EMA_12,Volume_MA,OBV,Rolling_Median_Return,SMA_50,EMA_26,SMA_10,MACD_Hist,RSI_14",MACD
HDFCBANK,2023-12-12,2023,1,Sideways,1,0.8311,BUY,1,0,0.9998,SELL,0,10,"MACD,EMA_12,Volume_MA,OBV,Rolling_Median_Return,SMA_50,EMA_26,SMA_10,MACD_Hist,RSI_14",MACD
HDFCBANK,2023-12-13,2023,1,Sideways,1,0.6676,BUY,1,1,0.914,BUY,1,10,"MACD,Volume_MA,EMA_12,Rolling_Mean_Return,SMA_20,Rolling_Volatility,EMA_26,MACD_Signal,SMA_50,Return_5d",MACD
HDFCBANK,2023-12-14,2023,0,Sideways,1,0.7158,BUY,0,1,0.9739,BUY,0,10,"MACD,Volume_MA,EMA_12,Rolling_Mean_Return,SMA_20,Rolling_Volatility,EMA_26,MACD_Signal,SMA_50,Return_5d",MACD
HDFCBANK,2023-12-15,2023,1,Sideways,0,0.9683,SELL,0,0,0.7327,SELL,0,10,"MACD,Volume_MA,EMA_12,Rolling_Mean_Return,SMA_20,Rolling_Volatility,EMA_26,MACD_Signal,SMA_50,Return_5d",MACD
HDFCBANK,2023-12-18,2023,1,Sideways,0,0.635,SELL,0,0,1.0,SELL,0,10,"MACD,Volume_MA,EMA_12,Rolling_Mean_Return,SMA_20,Rolling_Volatility,EMA_26,MACD_Signal,SMA_50,Return_5d",MACD
HDFCBANK,2023-12-19,2023,0,Sideways,0,0.6672,SELL,1,0,1.0,SELL,1,10,"MACD,Volume_MA,EMA_12,Rolling_Mean_Return,SMA_20,Rolling_Volatility,EMA_26,MACD_Signal,SMA_50,Return_5d",MACD
HDFCBANK,2023-12-20,2023,0,Sideways,0,0.7426,SELL,1,0,1.0,SELL,1,10,"MACD,Volume_MA,EMA_12,Rolling_Mean_Return,SMA_20,Rolling_Volatility,EMA_26,MACD_Signal,SMA_50,Return_5d",MACD
HDFCBANK,2023-12-21,2023,0,Sideways,0,0.7106,SELL,1,0,1.0,SELL,1,10,"MACD,Volume_MA,EMA_12,Rolling_Mean_Return,SMA_20,Rolling_Volatility,EMA_26,MACD_Signal,SMA_50,Return_5d",MACD
HDFCBANK,2023-12-22,2023,0,Sideways,0,0.8398,SELL,1,0,1.0,SELL,1,10,"MACD,Volume_MA,EMA_12,Rolling_Mean_Return,SMA_20,Rolling_Volatility,EMA_26,MACD_Signal,SMA_50,Return_5d",MACD
HDFCBANK,2023-12-26,2023,0,Sideways,0,0.902,SELL,1,0,1.0,SELL,1,10,"MACD,Volume_MA,EMA_12,Rolling_Mean_Return,SMA_20,Rolling_Volatility,EMA_26,MACD_Signal,SMA_50,Return_5d",MACD
HDFCBANK,2023-12-27,2023,0,Sideways,0,0.8933,SELL,1,0,1.0,SELL,1,10,"MACD,Volume_MA,EMA_12,Rolling_Mean_Return,SMA_20,Rolling_Volatility,EMA_26,MACD_Signal,SMA_50,Return_5d",MACD
HDFCBANK,2023-12-28,2023,0,Sideways,0,0.9336,SELL,1,0,1.0,SELL,1,10,"MACD,Volume_MA,EMA_12,Rolling_Mean_Return,SMA_20,Rolling_Volatility,EMA_26,MACD_Signal,SMA_50,Return_5d",MACD
HDFCBANK,2023-12-29,2023,0,Sideways,0,0.9582,SELL,1,0,1.0,SELL,1,10,"MACD,Volume_MA,EMA_12,Rolling_Mean_Return,SMA_20,Rolling_Volatility,EMA_26,MACD_Signal,SMA_50,Return_5d",MACD
HDFCBANK,2024-01-01,2024,0,Sideways,0,0.9712,SELL,1,0,0.9476,SELL,1,10,"MACD,Volume_MA,EMA_12,Rolling_Mean_Return,SMA_20,Rolling_Volatility,EMA_26,MACD_Signal,SMA_50,Return_5d",MACD
HDFCBANK,2024-01-02,2024,0,Sideways,0,0.9772,SELL,1,0,0.8211,SELL,1,10,"MACD,Volume_MA,EMA_12,Rolling_Mean_Return,SMA_20,Rolling_Volatility,EMA_26,MACD_Signal,SMA_50,Return_5d",MACD
HDFCBANK,2024-01-03,2024,0,Sideways,0,0.9495,SELL,1,0,0.851,SELL,1,10,"MACD,Volume_MA,EMA_12,Rolling_Mean_Return,SMA_20,Rolling_Volatility,EMA_26,MACD_Signal,SMA_50,Return_5d",MACD
HDFCBANK,2024-01-04,2024,0,Sideways,0,0.9746,SELL,1,0,0.8329,SELL,1,10,"MACD,Volume_MA,EMA_12,Rolling_Mean_Return,SMA_20,Rolling_Volatility,EMA_26,MACD_Signal,SMA_50,Return_5d",MACD
HDFCBANK,2024-01-05,2024,0,Sideways,0,0.9607,SELL,1,0,0.9649,SELL,1,10,"MACD,Volume_MA,EMA_12,Rolling_Mean_Return,SMA_20,Rolling_Volatility,EMA_26,MACD_Signal,SMA_50,Return_5d",MACD
HDFCBANK,2024-01-08,2024,0,Sideways,0,0.9414,SELL,1,0,0.9839,SELL,1,10,"MACD,Volume_MA,EMA_12,Rolling_Mean_Return,SMA_20,Rolling_Volatility,EMA_26,MACD_Signal,SMA_50,Return_5d",MACD
HDFCBANK,2024-01-09,2024,0,Sideways,0,0.8495,SELL,1,0,0.9966,SELL,1,10,"MACD,Volume_MA,EMA_12,Rolling_Mean_Return,SMA_20,Rolling_Volatility,EMA_26,MACD_Signal,SMA_50,Return_5d",MACD
HDFCBANK,2024-01-10,2024,0,Sideways,0,0.8486,SELL,1,0,0.996,SELL,1,10,"MACD,Volume_MA,EMA_12,Rolling_Mean_Return,SMA_20,Rolling_Volatility,EMA_26,MACD_Signal,SMA_50,Return_5d",MACD
HDFCBANK,2024-01-11,2024,0,Sideways,0,0.6742,SELL,1,0,0.9985,SELL,1,10,"MACD,Volume_MA,EMA_12,Rolling_Mean_Return,SMA_20,Rolling_Volatility,EMA_26,MACD_Signal,SMA_50,Return_5d",MACD
HDFCBANK,2024-01-12,2024,0,Sideways,0,0.5601,SELL,1,0,0.9987,SELL,1,10,"MACD,Volume_MA,EMA_12,Rolling_Mean_Return,SMA_20,Rolling_Volatility,EMA_26,MACD_Signal,SMA_50,Return_5d",MACD
HDFCBANK,2024-01-15,2024,0,Sideways,0,0.7542,SELL,1,0,0.7658,SELL,1,10,"MACD,Volume_MA,EMA_12,Rolling_Mean_Return,SMA_20,Rolling_Volatility,EMA_26,MACD_Signal,SMA_50,Return_5d",MACD
HDFCBANK,2024-01-16,2024,0,Sideways,0,0.8598,SELL,1,0,0.7733,SELL,1,10,"MACD,Volume_MA,EMA_12,Rolling_Mean_Return,SMA_20,Rolling_Volatility,EMA_26,MACD_Signal,SMA_50,Return_5d",MACD
HDFCBANK,2024-01-17,2024,0,Sideways,1,0.9994,BUY,0,1,1.0,BUY,0,10,"MACD,Volume_MA,EMA_12,Rolling_Mean_Return,SMA_20,Rolling_Volatility,EMA_26,MACD_Signal,SMA_50,Return_5d",MACD
HDFCBANK,2024-01-18,2024,0,Sideways,1,0.9593,BUY,0,0,1.0,SELL,1,10,"MACD,Volume_MA,EMA_12,Rolling_Mean_Return,SMA_20,Rolling_Volatility,EMA_26,MACD_Signal,SMA_50,Return_5d",MACD
HDFCBANK,2024-01-19,2024,0,Sideways,1,0.9996,BUY,0,0,1.0,SELL,1,10,"MACD,Volume_MA,EMA_12,Rolling_Mean_Return,SMA_20,Rolling_Volatility,EMA_26,MACD_Signal,SMA_50,Return_5d",MACD
HDFCBANK,2024-01-23,2024,1,Sideways,1,1.0,BUY,1,0,1.0,SELL,0,10,"MACD,Volume_MA,EMA_12,Rolling_Mean_Return,SMA_20,Rolling_Volatility,EMA_26,MACD_Signal,SMA_50,Return_5d",MACD
HDFCBANK,2024-01-24,2024,0,Sideways,1,1.0,BUY,0,0,1.0,SELL,1,10,"MACD,Volume_MA,EMA_12,Rolling_Mean_Return,SMA_20,Rolling_Volatility,EMA_26,MACD_Signal,SMA_50,Return_5d",MACD
HDFCBANK,2024-01-25,2024,0,Sideways,1,0.9999,BUY,0,0,1.0,SELL,1,10,"MACD,Volume_MA,EMA_12,Rolling_Mean_Return,SMA_20,Rolling_Volatility,EMA_26,MACD_Signal,SMA_50,Return_5d",MACD
HDFCBANK,2024-01-29,2024,0,Sideways,1,0.9991,BUY,0,0,1.0,SELL,1,10,"Volume_MA,MACD_Hist,SMA_10,Rolling_Volatility,SMA_50,SMA_20,ROC,MACD,Williams_R,EMA_26",Volume_MA
HDFCBANK,2024-01-30,2024,0,Sideways,1,0.9989,BUY,0,0,1.0,SELL,1,10,"Volume_MA,MACD_Hist,SMA_10,Rolling_Volatility,SMA_50,SMA_20,ROC,MACD,Williams_R,EMA_26",Volume_MA
HDFCBANK,2024-01-31,2024,0,Sideways,1,0.9983,BUY,0,0,0.9525,SELL,1,10,"Volume_MA,MACD_Hist,SMA_10,Rolling_Volatility,SMA_50,SMA_20,ROC,MACD,Williams_R,EMA_26",Volume_MA
HDFCBANK,2024-02-01,2024,0,Sideways,1,0.9944,BUY,0,0,1.0,SELL,1,10,"Volume_MA,MACD_Hist,SMA_10,Rolling_Volatility,SMA_50,SMA_20,ROC,MACD,Williams_R,EMA_26",Volume_MA
HDFCBANK,2024-02-02,2024,0,Sideways,1,0.9774,BUY,0,1,1.0,BUY,0,10,"Volume_MA,MACD_Hist,SMA_10,Rolling_Volatility,SMA_50,SMA_20,ROC,MACD,Williams_R,EMA_26",Volume_MA
HDFCBANK,2024-02-05,2024,0,Sideways,1,0.8235,BUY,0,0,1.0,SELL,1,10,"Volume_MA,MACD_Hist,SMA_10,Rolling_Volatility,SMA_50,SMA_20,ROC,MACD,Williams_R,EMA_26",Volume_MA
HDFCBANK,2024-02-06,2024,0,Sideways,1,0.6473,BUY,0,0,1.0,SELL,1,10,"Volume_MA,MACD_Hist,SMA_10,Rolling_Volatility,SMA_50,SMA_20,ROC,MACD,Williams_R,EMA_26",Volume_MA
HDFCBANK,2024-02-07,2024,1,Sideways,1,0.6459,BUY,1,0,1.0,SELL,0,10,"Volume_MA,MACD_Hist,SMA_10,Rolling_Volatility,SMA_50,SMA_20,ROC,MACD,Williams_R,EMA_26",Volume_MA
HDFCBANK,2024-02-08,2024,1,Sideways,1,0.6467,BUY,1,0,1.0,SELL,0,10,"Volume_MA,MACD_Hist,SMA_10,Rolling_Volatility,SMA_50,SMA_20,ROC,MACD,Williams_R,EMA_26",Volume_MA
HDFCBANK,2024-02-09,2024,1,Sideways,1,0.6474,BUY,1,0,0.9973,SELL,0,10,"Volume_MA,MACD_Hist,SMA_10,Rolling_Volatility,SMA_50,SMA_20,ROC,MACD,Williams_R,EMA_26",Volume_MA
HDFCBANK,2024-02-12,2024,1,Sideways,1,0.6482,BUY,1,1,0.9359,BUY,1,10,"Volume_MA,MACD_Hist,SMA_10,Rolling_Volatility,SMA_50,SMA_20,ROC,MACD,Williams_R,EMA_26",Volume_MA
HDFCBANK,2024-02-13,2024,1,Sideways,1,0.6489,BUY,1,1,0.998,BUY,1,10,"Volume_MA,MACD_Hist,SMA_10,Rolling_Volatility,SMA_50,SMA_20,ROC,MACD,Williams_R,EMA_26",Volume_MA
HDFCBANK,2024-02-14,2024,1,Sideways,1,0.6496,BUY,1,1,0.9989,BUY,1,10,"Volume_MA,MACD_Hist,SMA_10,Rolling_Volatility,SMA_50,SMA_20,ROC,MACD,Williams_R,EMA_26",Volume_MA
HDFCBANK,2024-02-15,2024,1,Sideways,1,0.6504,BUY,1,1,1.0,BUY,1,10,"Volume_MA,MACD_Hist,SMA_10,Rolling_Volatility,SMA_50,SMA_20,ROC,MACD,Williams_R,EMA_26",Volume_MA
HDFCBANK,2024-02-16,2024,1,Sideways,1,0.6511,BUY,1,1,1.0,BUY,1,10,"Volume_MA,MACD_Hist,SMA_10,Rolling_Volatility,SMA_50,SMA_20,ROC,MACD,Williams_R,EMA_26",Volume_MA
HDFCBANK,2024-02-19,2024,1,Sideways,1,0.6518,BUY,1,1,1.0,BUY,1,10,"Volume_MA,MACD_Hist,SMA_10,Rolling_Volatility,SMA_50,SMA_20,ROC,MACD,Williams_R,EMA_26",Volume_MA
HDFCBANK,2024-02-20,2024,0,Sideways,1,0.6525,BUY,0,1,1.0,BUY,0,10,"Volume_MA,MACD_Hist,SMA_10,Rolling_Volatility,SMA_50,SMA_20,ROC,MACD,Williams_R,EMA_26",Volume_MA
HDFCBANK,2024-02-21,2024,1,Sideways,1,0.6512,BUY,1,1,1.0,BUY,1,10,"Volume_MA,MACD_Hist,SMA_10,Rolling_Volatility,SMA_50,SMA_20,ROC,MACD,Williams_R,EMA_26",Volume_MA
HDFCBANK,2024-02-22,2024,1,Sideways,1,0.6519,BUY,1,1,1.0,BUY,1,10,"Volume_MA,MACD_Hist,SMA_10,Rolling_Volatility,SMA_50,SMA_20,ROC,MACD,Williams_R,EMA_26",Volume_MA
HDFCBANK,2024-02-23,2024,1,Sideways,1,0.6526,BUY,1,1,1.0,BUY,1,10,"Volume_MA,MACD_Hist,SMA_10,Rolling_Volatility,SMA_50,SMA_20,ROC,MACD,Williams_R,EMA_26",Volume_MA
HDFCBANK,2024-02-26,2024,1,Sideways,1,0.6533,BUY,1,1,1.0,BUY,1,10,"Volume_MA,MACD_Hist,SMA_10,Rolling_Volatility,SMA_50,SMA_20,ROC,MACD,Williams_R,EMA_26",Volume_MA
HDFCBANK,2024-02-27,2024,1,Sideways,1,0.654,BUY,1,1,1.0,BUY,1,10,"Volume_MA,MACD_Hist,SMA_10,Rolling_Volatility,SMA_50,SMA_20,ROC,MACD,Williams_R,EMA_26",Volume_MA
HDFCBANK,2024-02-28,2024,1,Sideways,1,0.6547,BUY,1,1,1.0,BUY,1,10,"Volume_MA,MACD_Hist,SMA_10,Rolling_Volatility,SMA_50,SMA_20,ROC,MACD,Williams_R,EMA_26",Volume_MA
HDFCBANK,2024-02-29,2024,1,Sideways,1,0.6555,BUY,1,1,1.0,BUY,1,10,"Volume_MA,MACD_Hist,SMA_10,Rolling_Volatility,SMA_50,SMA_20,ROC,MACD,Williams_R,EMA_26",Volume_MA
HDFCBANK,2024-03-01,2024,1,Sideways,1,0.6562,BUY,1,1,1.0,BUY,1,10,"Volume_MA,MACD_Hist,SMA_10,Rolling_Volatility,SMA_50,SMA_20,ROC,MACD,Williams_R,EMA_26",Volume_MA
HDFCBANK,2024-03-04,2024,1,Sideways,1,0.6569,BUY,1,1,1.0,BUY,1,10,"Volume_MA,MACD_Hist,SMA_10,Rolling_Volatility,SMA_50,SMA_20,ROC,MACD,Williams_R,EMA_26",Volume_MA
HDFCBANK,2024-03-05,2024,1,Sideways,1,0.6575,BUY,1,1,1.0,BUY,1,10,"Volume_MA,MACD_Hist,SMA_10,Rolling_Volatility,SMA_50,SMA_20,ROC,MACD,Williams_R,EMA_26",Volume_MA
HDFCBANK,2024-03-06,2024,1,Sideways,1,0.6582,BUY,1,1,1.0,BUY,1,10,"Volume_MA,MACD_Hist,SMA_10,Rolling_Volatility,SMA_50,SMA_20,ROC,MACD,Williams_R,EMA_26",Volume_MA
HDFCBANK,2024-03-07,2024,1,Sideways,1,0.6589,BUY,1,1,1.0,BUY,1,10,"Volume_MA,MACD_Hist,SMA_10,Rolling_Volatility,SMA_50,SMA_20,ROC,MACD,Williams_R,EMA_26",Volume_MA
HDFCBANK,2024-03-11,2024,1,Sideways,1,0.6596,BUY,1,1,1.0,BUY,1,10,"Volume_MA,MACD_Hist,SMA_10,Rolling_Volatility,SMA_50,SMA_20,ROC,MACD,Williams_R,EMA_26",Volume_MA
HDFCBANK,2024-03-12,2024,1,Sideways,1,0.9928,BUY,1,1,1.0,BUY,1,10,"SMA_10,EMA_12,SMA_20,BB_Width,EMA_26,Volume_MA,ADX,OBV,SMA_50,MACD",SMA_10
HDFCBANK,2024-03-13,2024,1,Sideways,1,0.9918,BUY,1,1,1.0,BUY,1,10,"SMA_10,EMA_12,SMA_20,BB_Width,EMA_26,Volume_MA,ADX,OBV,SMA_50,MACD",SMA_10
HDFCBANK,2024-03-14,2024,1,Sideways,1,0.9934,BUY,1,0,1.0,SELL,0,10,"SMA_10,EMA_12,SMA_20,BB_Width,EMA_26,Volume_MA,ADX,OBV,SMA_50,MACD",SMA_10
HDFCBANK,2024-03-15,2024,1,Sideways,1,0.6603,BUY,1,1,1.0,BUY,1,10,"SMA_10,EMA_12,SMA_20,BB_Width,EMA_26,Volume_MA,ADX,OBV,SMA_50,MACD",SMA_10
HDFCBANK,2024-03-18,2024,1,Sideways,1,0.661,BUY,1,1,1.0,BUY,1,10,"SMA_10,EMA_12,SMA_20,BB_Width,EMA_26,Volume_MA,ADX,OBV,SMA_50,MACD",SMA_10
HDFCBANK,2024-03-19,2024,1,Sideways,1,0.6617,BUY,1,1,1.0,BUY,1,10,"SMA_10,EMA_12,SMA_20,BB_Width,EMA_26,Volume_MA,ADX,OBV,SMA_50,MACD",SMA_10
HDFCBANK,2024-03-20,2024,1,Sideways,1,0.6623,BUY,1,1,1.0,BUY,1,10,"SMA_10,EMA_12,SMA_20,BB_Width,EMA_26,Volume_MA,ADX,OBV,SMA_50,MACD",SMA_10
HDFCBANK,2024-03-21,2024,1,Sideways,1,0.663,BUY,1,1,1.0,BUY,1,10,"SMA_10,EMA_12,SMA_20,BB_Width,EMA_26,Volume_MA,ADX,OBV,SMA_50,MACD",SMA_10
HDFCBANK,2024-03-22,2024,1,Sideways,1,0.6637,BUY,1,1,1.0,BUY,1,10,"SMA_10,EMA_12,SMA_20,BB_Width,EMA_26,Volume_MA,ADX,OBV,SMA_50,MACD",SMA_10
HDFCBANK,2024-03-26,2024,1,Sideways,1,0.6643,BUY,1,1,1.0,BUY,1,10,"SMA_10,EMA_12,SMA_20,BB_Width,EMA_26,Volume_MA,ADX,OBV,SMA_50,MACD",SMA_10
HDFCBANK,2024-03-27,2024,1,Sideways,1,0.665,BUY,1,1,1.0,BUY,1,10,"SMA_10,EMA_12,SMA_20,BB_Width,EMA_26,Volume_MA,ADX,OBV,SMA_50,MACD",SMA_10
HDFCBANK,2024-03-28,2024,1,Sideways,1,0.6657,BUY,1,1,1.0,BUY,1,10,"SMA_10,EMA_12,SMA_20,BB_Width,EMA_26,Volume_MA,ADX,OBV,SMA_50,MACD",SMA_10
HDFCBANK,2024-04-01,2024,1,Sideways,1,0.6663,BUY,1,1,1.0,BUY,1,10,"SMA_10,EMA_12,SMA_20,BB_Width,EMA_26,Volume_MA,ADX,OBV,SMA_50,MACD",SMA_10
HDFCBANK,2024-04-02,2024,1,Sideways,1,0.667,BUY,1,1,1.0,BUY,1,10,"SMA_10,EMA_12,SMA_20,BB_Width,EMA_26,Volume_MA,ADX,OBV,SMA_50,MACD",SMA_10
HDFCBANK,2024-04-03,2024,1,Sideways,1,0.9889,BUY,1,1,1.0,BUY,1,10,"SMA_10,EMA_12,SMA_20,BB_Width,EMA_26,Volume_MA,ADX,OBV,SMA_50,MACD",SMA_10
HDFCBANK,2024-04-04,2024,0,Sideways,1,0.9926,BUY,0,1,1.0,BUY,0,10,"SMA_10,EMA_12,SMA_20,BB_Width,EMA_26,Volume_MA,ADX,OBV,SMA_50,MACD",SMA_10
HDFCBANK,2024-04-05,2024,0,Sideways,1,0.9972,BUY,0,0,1.0,SELL,1,10,"SMA_10,EMA_12,SMA_20,BB_Width,EMA_26,Volume_MA,ADX,OBV,SMA_50,MACD",SMA_10
HDFCBANK,2024-04-08,2024,0,Sideways,1,0.9873,BUY,0,0,1.0,SELL,1,10,"SMA_10,EMA_12,SMA_20,BB_Width,EMA_26,Volume_MA,ADX,OBV,SMA_50,MACD",SMA_10
HDFCBANK,2024-04-09,2024,0,Sideways,1,0.9846,BUY,0,0,1.0,SELL,1,10,"SMA_10,EMA_12,SMA_20,BB_Width,EMA_26,Volume_MA,ADX,OBV,SMA_50,MACD",SMA_10
HDFCBANK,2024-04-10,2024,0,Sideways,1,0.9826,BUY,0,0,1.0,SELL,1,10,"SMA_10,EMA_12,SMA_20,BB_Width,EMA_26,Volume_MA,ADX,OBV,SMA_50,MACD",SMA_10
HDFCBANK,2024-04-12,2024,0,Sideways,1,0.9628,BUY,0,0,1.0,SELL,1,10,"SMA_10,EMA_12,SMA_20,BB_Width,EMA_26,Volume_MA,ADX,OBV,SMA_50,MACD",SMA_10
HDFCBANK,2024-04-15,2024,0,Sideways,1,0.9524,BUY,0,0,1.0,SELL,1,10,"SMA_10,EMA_12,SMA_20,BB_Width,EMA_26,Volume_MA,ADX,OBV,SMA_50,MACD",SMA_10
HDFCBANK,2024-04-16,2024,0,Sideways,1,0.9475,BUY,0,0,1.0,SELL,1,10,"SMA_10,EMA_12,SMA_20,BB_Width,EMA_26,Volume_MA,ADX,OBV,SMA_50,MACD",SMA_10
HDFCBANK,2024-04-18,2024,0,Sideways,1,0.9591,BUY,0,0,1.0,SELL,1,10,"SMA_10,EMA_12,SMA_20,BB_Width,EMA_26,Volume_MA,ADX,OBV,SMA_50,MACD",SMA_10
HDFCBANK,2024-04-19,2024,0,Sideways,1,0.9716,BUY,0,0,1.0,SELL,1,10,"SMA_10,EMA_12,SMA_20,BB_Width,EMA_26,Volume_MA,ADX,OBV,SMA_50,MACD",SMA_10
HDFCBANK,2024-04-22,2024,0,Sideways,1,0.9753,BUY,0,0,1.0,SELL,1,10,"SMA_10,EMA_12,SMA_20,BB_Width,EMA_26,Volume_MA,ADX,OBV,SMA_50,MACD",SMA_10
HDFCBANK,2024-04-23,2024,1,Sideways,1,0.9564,BUY,1,0,1.0,SELL,0,10,"SMA_10,EMA_12,SMA_20,BB_Width,EMA_26,Volume_MA,ADX,OBV,SMA_50,MACD",SMA_10
HDFCBANK,2024-04-24,2024,1,Sideways,1,0.9512,BUY,1,0,0.8161,SELL,0,10,"SMA_10,EMA_12,SMA_20,BB_Width,EMA_26,Volume_MA,ADX,OBV,SMA_50,MACD",SMA_10
HDFCBANK,2024-04-25,2024,1,Sideways,1,0.6676,BUY,1,1,0.892,BUY,1,10,"SMA_10,EMA_12,SMA_20,BB_Width,EMA_26,Volume_MA,ADX,OBV,SMA_50,MACD",SMA_10
HDFCBANK,2024-04-26,2024,1,Sideways,1,0.6683,BUY,1,1,0.9893,BUY,1,10,"SMA_10,EMA_12,SMA_20,BB_Width,EMA_26,Volume_MA,ADX,OBV,SMA_50,MACD",SMA_10
HDFCBANK,2024-04-29,2024,0,Sideways,1,0.9308,BUY,0,1,0.9962,BUY,0,10,"EMA_26,SMA_20,EMA_12,ADX,SMA_10,Volume_MA,MACD,SMA_50,OBV,BB_Width",EMA_26
HDFCBANK,2024-04-30,2024,1,Sideways,1,0.6676,BUY,1,1,0.9972,BUY,1,10,"EMA_26,SMA_20,EMA_12,ADX,SMA_10,Volume_MA,MACD,SMA_50,OBV,BB_Width",EMA_26
HDFCBANK,2024-05-02,2024,1,Sideways,1,0.6683,BUY,1,1,0.9981,BUY,1,10,"EMA_26,SMA_20,EMA_12,ADX,SMA_10,Volume_MA,MACD,SMA_50,OBV,BB_Width",EMA_26
HDFCBANK,2024-05-03,2024,1,Sideways,1,0.6689,BUY,1,1,0.9995,BUY,1,10,"EMA_26,SMA_20,EMA_12,ADX,SMA_10,Volume_MA,MACD,SMA_50,OBV,BB_Width",EMA_26
HDFCBANK,2024-05-06,2024,0,Sideways,1,0.6696,BUY,0,1,0.9998,BUY,0,10,"EMA_26,SMA_20,EMA_12,ADX,SMA_10,Volume_MA,MACD,SMA_50,OBV,BB_Width",EMA_26
HDFCBANK,2024-05-07,2024,1,Sideways,1,0.6683,BUY,1,1,0.9984,BUY,1,10,"EMA_26,SMA_20,EMA_12,ADX,SMA_10,Volume_MA,MACD,SMA_50,OBV,BB_Width",EMA_26
HDFCBANK,2024-05-08,2024,1,Sideways,1,0.6689,BUY,1,1,0.9993,BUY,1,10,"EMA_26,SMA_20,EMA_12,ADX,SMA_10,Volume_MA,MACD,SMA_50,OBV,BB_Width",EMA_26
HDFCBANK,2024-05-09,2024,1,Sideways,1,0.6696,BUY,1,1,0.9988,BUY,1,10,"EMA_26,SMA_20,EMA_12,ADX,SMA_10,Volume_MA,MACD,SMA_50,OBV,BB_Width",EMA_26
HDFCBANK,2024-05-10,2024,1,Sideways,1,0.6702,BUY,1,1,0.9982,BUY,1,10,"EMA_26,SMA_20,EMA_12,ADX,SMA_10,Volume_MA,MACD,SMA_50,OBV,BB_Width",EMA_26
HDFCBANK,2024-05-13,2024,1,Sideways,1,0.6708,BUY,1,1,0.9982,BUY,1,10,"EMA_26,SMA_20,EMA_12,ADX,SMA_10,Volume_MA,MACD,SMA_50,OBV,BB_Width",EMA_26
HDFCBANK,2024-05-14,2024,1,Sideways,1,0.6715,BUY,1,1,0.9984,BUY,1,10,"EMA_26,SMA_20,EMA_12,ADX,SMA_10,Volume_MA,MACD,SMA_50,OBV,BB_Width",EMA_26
HDFCBANK,2024-05-15,2024,1,Sideways,1,0.6721,BUY,1,1,0.9984,BUY,1,10,"EMA_26,SMA_20,EMA_12,ADX,SMA_10,Volume_MA,MACD,SMA_50,OBV,BB_Width",EMA_26
HDFCBANK,2024-05-16,2024,1,Sideways,1,0.6727,BUY,1,1,0.9983,BUY,1,10,"EMA_26,SMA_20,EMA_12,ADX,SMA_10,Volume_MA,MACD,SMA_50,OBV,BB_Width",EMA_26
HDFCBANK,2024-05-17,2024,1,Sideways,1,0.6734,BUY,1,1,0.9984,BUY,1,10,"EMA_26,SMA_20,EMA_12,ADX,SMA_10,Volume_MA,MACD,SMA_50,OBV,BB_Width",EMA_26
HDFCBANK,2024-05-21,2024,1,Sideways,1,0.674,BUY,1,1,0.9994,BUY,1,10,"EMA_26,SMA_20,EMA_12,ADX,SMA_10,Volume_MA,MACD,SMA_50,OBV,BB_Width",EMA_26
HDFCBANK,2024-05-22,2024,1,Sideways,1,0.6746,BUY,1,1,0.9994,BUY,1,10,"EMA_26,SMA_20,EMA_12,ADX,SMA_10,Volume_MA,MACD,SMA_50,OBV,BB_Width",EMA_26
HDFCBANK,2024-05-23,2024,1,Sideways,1,0.6752,BUY,1,1,0.9995,BUY,1,10,"EMA_26,SMA_20,EMA_12,ADX,SMA_10,Volume_MA,MACD,SMA_50,OBV,BB_Width",EMA_26
HDFCBANK,2024-05-24,2024,1,Sideways,1,0.9841,BUY,1,1,0.9989,BUY,1,10,"EMA_26,SMA_20,EMA_12,ADX,SMA_10,Volume_MA,MACD,SMA_50,OBV,BB_Width",EMA_26
HDFCBANK,2024-05-27,2024,1,Sideways,1,0.9805,BUY,1,1,0.9949,BUY,1,10,"EMA_26,SMA_20,EMA_12,ADX,SMA_10,Volume_MA,MACD,SMA_50,OBV,BB_Width",EMA_26
HDFCBANK,2024-05-28,2024,1,Sideways,1,0.9714,BUY,1,1,0.9806,BUY,1,10,"EMA_26,SMA_20,EMA_12,ADX,SMA_10,Volume_MA,MACD,SMA_50,OBV,BB_Width",EMA_26
HDFCBANK,2024-05-29,2024,1,Sideways,1,0.9617,BUY,1,1,0.9878,BUY,1,10,"EMA_26,SMA_20,EMA_12,ADX,SMA_10,Volume_MA,MACD,SMA_50,OBV,BB_Width",EMA_26
HDFCBANK,2024-05-30,2024,1,Sideways,1,0.971,BUY,1,1,0.9866,BUY,1,10,"EMA_26,SMA_20,EMA_12,ADX,SMA_10,Volume_MA,MACD,SMA_50,OBV,BB_Width",EMA_26
HDFCBANK,2024-05-31,2024,1,Sideways,1,0.914,BUY,1,1,0.974,BUY,1,10,"EMA_26,SMA_20,EMA_12,ADX,SMA_10,Volume_MA,MACD,SMA_50,OBV,BB_Width",EMA_26
HDFCBANK,2024-06-03,2024,1,Sideways,1,0.9703,BUY,1,1,0.6541,BUY,1,10,"EMA_26,SMA_20,EMA_12,ADX,SMA_10,Volume_MA,MACD,SMA_50,OBV,BB_Width",EMA_26
HDFCBANK,2024-06-04,2024,1,Sideways,1,0.9867,BUY,1,1,0.9202,BUY,1,10,"EMA_26,SMA_20,EMA_12,ADX,SMA_10,Volume_MA,MACD,SMA_50,OBV,BB_Width",EMA_26
HDFCBANK,2024-06-05,2024,1,Sideways,1,0.9878,BUY,1,1,0.8918,BUY,1,10,"EMA_26,SMA_20,EMA_12,ADX,SMA_10,Volume_MA,MACD,SMA_50,OBV,BB_Width",EMA_26
HDFCBANK,2024-06-06,2024,1,Sideways,1,0.8763,BUY,1,1,0.9196,BUY,1,10,"EMA_26,SMA_20,EMA_12,ADX,SMA_10,Volume_MA,MACD,SMA_50,OBV,BB_Width",EMA_26
HDFCBANK,2024-06-07,2024,1,Sideways,1,0.8601,BUY,1,1,0.9548,BUY,1,10,"EMA_26,SMA_20,EMA_12,ADX,SMA_10,Volume_MA,MACD,SMA_50,OBV,BB_Width",EMA_26
HDFCBANK,2024-06-10,2024,1,Sideways,1,0.7843,BUY,1,1,0.9861,BUY,1,10,"EMA_26,SMA_20,EMA_12,ADX,SMA_10,Volume_MA,MACD,SMA_50,OBV,BB_Width",EMA_26
HDFCBANK,2024-06-11,2024,1,Sideways,1,0.8185,BUY,1,1,0.9949,BUY,1,10,"EMA_26,SMA_20,EMA_12,ADX,SMA_10,Volume_MA,MACD,SMA_50,OBV,BB_Width",EMA_26
HDFCBANK,2024-06-12,2024,1,Sideways,1,0.8305,BUY,1,1,0.9983,BUY,1,10,"EMA_26,SMA_20,BB_Width,SMA_50,SMA_10,EMA_12,ADX,Volume_MA,OBV,Rolling_Median_Return",EMA_26
HDFCBANK,2024-06-13,2024,1,Sideways,1,0.799,BUY,1,1,0.9992,BUY,1,10,"EMA_26,SMA_20,BB_Width,SMA_50,SMA_10,EMA_12,ADX,Volume_MA,OBV,Rolling_Median_Return",EMA_26
HDFCBANK,2024-06-14,2024,1,Sideways,1,0.7931,BUY,1,1,0.9991,BUY,1,10,"EMA_26,SMA_20,BB_Width,SMA_50,SMA_10,EMA_12,ADX,Volume_MA,OBV,Rolling_Median_Return",EMA_26
HDFCBANK,2024-06-18,2024,1,Sideways,1,0.7574,BUY,1,1,0.9982,BUY,1,10,"EMA_26,SMA_20,BB_Width,SMA_50,SMA_10,EMA_12,ADX,Volume_MA,OBV,Rolling_Median_Return",EMA_26
HDFCBANK,2024-06-19,2024,0,Sideways,1,0.9845,BUY,0,1,0.9854,BUY,0,10,"EMA_26,SMA_20,BB_Width,SMA_50,SMA_10,EMA_12,ADX,Volume_MA,OBV,Rolling_Median_Return",EMA_26
HDFCBANK,2024-06-20,2024,0,Sideways,1,0.8704,BUY,0,0,0.7571,SELL,1,10,"EMA_26,SMA_20,BB_Width,SMA_50,SMA_10,EMA_12,ADX,Volume_MA,OBV,Rolling_Median_Return",EMA_26
HDFCBANK,2024-06-21,2024,0,Sideways,1,0.8283,BUY,0,0,0.9863,SELL,1,10,"EMA_26,SMA_20,BB_Width,SMA_50,SMA_10,EMA_12,ADX,Volume_MA,OBV,Rolling_Median_Return",EMA_26
HDFCBANK,2024-06-24,2024,0,Sideways,1,0.7341,BUY,0,0,0.9993,SELL,1,10,"EMA_26,SMA_20,BB_Width,SMA_50,SMA_10,EMA_12,ADX,Volume_MA,OBV,Rolling_Median_Return",EMA_26
HDFCBANK,2024-06-25,2024,0,Sideways,1,0.8363,BUY,0,0,1.0,SELL,1,10,"EMA_26,SMA_20,BB_Width,SMA_50,SMA_10,EMA_12,ADX,Volume_MA,OBV,Rolling_Median_Return",EMA_26
HDFCBANK,2024-06-26,2024,0,Sideways,1,0.6482,BUY,0,0,1.0,SELL,1,10,"EMA_26,SMA_20,BB_Width,SMA_50,SMA_10,EMA_12,ADX,Volume_MA,OBV,Rolling_Median_Return",EMA_26
HDFCBANK,2024-06-27,2024,0,Sideways,1,0.5137,NO TRADE,0,0,1.0,SELL,1,10,"EMA_26,SMA_20,BB_Width,SMA_50,SMA_10,EMA_12,ADX,Volume_MA,OBV,Rolling_Median_Return",EMA_26
HDFCBANK,2024-06-28,2024,0,Sideways,0,0.6101,SELL,1,0,1.0,SELL,1,10,"EMA_26,SMA_20,BB_Width,SMA_50,SMA_10,EMA_12,ADX,Volume_MA,OBV,Rolling_Median_Return",EMA_26
HDFCBANK,2024-07-01,2024,0,Sideways,0,0.6526,SELL,1,0,1.0,SELL,1,10,"EMA_26,SMA_20,BB_Width,SMA_50,SMA_10,EMA_12,ADX,Volume_MA,OBV,Rolling_Median_Return",EMA_26
HDFCBANK,2024-07-02,2024,0,Sideways,0,0.6707,SELL,1,0,1.0,SELL,1,10,"EMA_26,SMA_20,BB_Width,SMA_50,SMA_10,EMA_12,ADX,Volume_MA,OBV,Rolling_Median_Return",EMA_26
HDFCBANK,2024-07-03,2024,0,Sideways,0,0.9635,SELL,1,0,1.0,SELL,1,10,"EMA_26,SMA_20,BB_Width,SMA_50,SMA_10,EMA_12,ADX,Volume_MA,OBV,Rolling_Median_Return",EMA_26
HDFCBANK,2024-07-04,2024,0,Sideways,0,0.8784,SELL,1,0,1.0,SELL,1,10,"EMA_26,SMA_20,BB_Width,SMA_50,SMA_10,EMA_12,ADX,Volume_MA,OBV,Rolling_Median_Return",EMA_26
HDFCBANK,2024-07-05,2024,0,Sideways,0,0.8433,SELL,1,0,1.0,SELL,1,10,"EMA_26,SMA_20,BB_Width,SMA_50,SMA_10,EMA_12,ADX,Volume_MA,OBV,Rolling_Median_Return",EMA_26
HDFCBANK,2024-07-08,2024,0,Sideways,0,0.752,SELL,1,0,1.0,SELL,1,10,"EMA_26,SMA_20,BB_Width,SMA_50,SMA_10,EMA_12,ADX,Volume_MA,OBV,Rolling_Median_Return",EMA_26
HDFCBANK,2024-07-09,2024,0,Sideways,0,0.6509,SELL,1,0,1.0,SELL,1,10,"EMA_26,SMA_20,BB_Width,SMA_50,SMA_10,EMA_12,ADX,Volume_MA,OBV,Rolling_Median_Return",EMA_26
HDFCBANK,2024-07-10,2024,1,Sideways,0,0.5408,NO TRADE,0,0,1.0,SELL,0,10,"EMA_26,SMA_20,BB_Width,SMA_50,SMA_10,EMA_12,ADX,Volume_MA,OBV,Rolling_Median_Return",EMA_26
HDFCBANK,2024-07-11,2024,1,Sideways,0,0.5586,SELL,0,0,1.0,SELL,0,10,"EMA_26,SMA_20,BB_Width,SMA_50,SMA_10,EMA_12,ADX,Volume_MA,OBV,Rolling_Median_Return",EMA_26
HDFCBANK,2024-07-12,2024,1,Sideways,0,0.7253,SELL,0,0,1.0,SELL,0,10,"EMA_26,SMA_20,BB_Width,SMA_50,SMA_10,EMA_12,ADX,Volume_MA,OBV,Rolling_Median_Return",EMA_26
HDFCBANK,2024-07-15,2024,0,Sideways,0,0.6573,SELL,1,0,1.0,SELL,1,10,"EMA_26,SMA_20,BB_Width,SMA_50,SMA_10,EMA_12,ADX,Volume_MA,OBV,Rolling_Median_Return",EMA_26
HDFCBANK,2024-07-16,2024,0,Sideways,0,0.5675,SELL,1,0,1.0,SELL,1,10,"EMA_26,SMA_20,BB_Width,SMA_50,SMA_10,EMA_12,ADX,Volume_MA,OBV,Rolling_Median_Return",EMA_26
HDFCBANK,2024-07-18,2024,1,Sideways,1,0.6558,BUY,1,0,0.9999,SELL,0,10,"EMA_26,SMA_20,BB_Width,SMA_50,SMA_10,EMA_12,ADX,Volume_MA,OBV,Rolling_Median_Return",EMA_26
HDFCBANK,2024-07-19,2024,1,Sideways,1,0.6277,BUY,1,0,0.9995,SELL,0,10,"EMA_26,SMA_20,BB_Width,SMA_50,SMA_10,EMA_12,ADX,Volume_MA,OBV,Rolling_Median_Return",EMA_26
HDFCBANK,2024-07-22,2024,0,Sideways,0,0.5521,SELL,1,0,0.999,SELL,1,10,"EMA_26,SMA_20,BB_Width,SMA_50,SMA_10,EMA_12,ADX,Volume_MA,OBV,Rolling_Median_Return",EMA_26
HDFCBANK,2024-07-23,2024,1,Sideways,1,0.5012,NO TRADE,1,0,0.9985,SELL,0,10,"EMA_26,SMA_20,BB_Width,SMA_50,SMA_10,EMA_12,ADX,Volume_MA,OBV,Rolling_Median_Return",EMA_26
HDFCBANK,2024-07-24,2024,1,Sideways,0,0.5224,NO TRADE,0,0,0.9945,SELL,0,10,"EMA_26,SMA_20,BB_Width,SMA_50,SMA_10,EMA_12,ADX,Volume_MA,OBV,Rolling_Median_Return",EMA_26
HDFCBANK,2024-07-25,2024,1,Sideways,0,0.5361,NO TRADE,0,0,0.9896,SELL,0,10,"EMA_26,SMA_20,BB_Width,SMA_50,SMA_10,EMA_12,ADX,Volume_MA,OBV,Rolling_Median_Return",EMA_26
HDFCBANK,2024-07-26,2024,1,Sideways,0,0.5073,NO TRADE,0,1,0.6287,BUY,1,10,"EMA_26,SMA_20,SMA_50,Stochastic,MACD,Rolling_Mean_Return,ADX,CCI,OBV,Return_5d",EMA_26
HDFCBANK,2024-07-29,2024,1,Sideways,1,0.6102,BUY,1,1,0.9928,BUY,1,10,"EMA_26,SMA_20,SMA_50,Stochastic,MACD,Rolling_Mean_Return,ADX,CCI,OBV,Return_5d",EMA_26
HDFCBANK,2024-07-30,2024,1,Sideways,1,0.6036,BUY,1,1,1.0,BUY,1,10,"EMA_26,SMA_20,SMA_50,Stochastic,MACD,Rolling_Mean_Return,ADX,CCI,OBV,Return_5d",EMA_26
HDFCBANK,2024-07-31,2024,1,Sideways,1,0.6657,BUY,1,1,1.0,BUY,1,10,"EMA_26,SMA_20,SMA_50,Stochastic,MACD,Rolling_Mean_Return,ADX,CCI,OBV,Return_5d",EMA_26
HDFCBANK,2024-08-01,2024,0,Sideways,1,0.5762,BUY,0,1,1.0,BUY,0,10,"EMA_26,SMA_20,SMA_50,Stochastic,MACD,Rolling_Mean_Return,ADX,CCI,OBV,Return_5d",EMA_26
HDFCBANK,2024-08-02,2024,0,Sideways,1,0.5172,NO TRADE,0,1,0.5829,BUY,0,10,"EMA_26,SMA_20,SMA_50,Stochastic,MACD,Rolling_Mean_Return,ADX,CCI,OBV,Return_5d",EMA_26
HDFCBANK,2024-08-05,2024,1,Sideways,1,0.6108,BUY,1,0,0.898,SELL,0,10,"EMA_26,SMA_20,SMA_50,Stochastic,MACD,Rolling_Mean_Return,ADX,CCI,OBV,Return_5d",EMA_26
HDFCBANK,2024-08-06,2024,1,Sideways,1,0.6756,BUY,1,0,0.5826,SELL,0,10,"EMA_26,SMA_20,SMA_50,Stochastic,MACD,Rolling_Mean_Return,ADX,CCI,OBV,Return_5d",EMA_26
HDFCBANK,2024-08-07,2024,1,Sideways,1,0.5701,BUY,1,1,0.8033,BUY,1,10,"EMA_26,SMA_20,SMA_50,Stochastic,MACD,Rolling_Mean_Return,ADX,CCI,OBV,Return_5d",EMA_26
HDFCBANK,2024-08-08,2024,0,Sideways,1,0.5213,NO TRADE,0,1,0.7984,BUY,0,10,"EMA_26,SMA_20,SMA_50,Stochastic,MACD,Rolling_Mean_Return,ADX,CCI,OBV,Return_5d",EMA_26
HDFCBANK,2024-08-09,2024,0,Sideways,0,0.5325,NO TRADE,1,0,0.5987,SELL,1,10,"EMA_26,SMA_20,SMA_50,Stochastic,MACD,Rolling_Mean_Return,ADX,CCI,OBV,Return_5d",EMA_26
HDFCBANK,2024-08-12,2024,0,Sideways,0,0.5486,NO TRADE,1,0,0.5645,SELL,1,10,"EMA_26,SMA_20,SMA_50,Stochastic,MACD,Rolling_Mean_Return,ADX,CCI,OBV,Return_5d",EMA_26
HDFCBANK,2024-08-13,2024,1,Sideways,1,0.5374,NO TRADE,1,0,0.7927,SELL,0,10,"EMA_26,SMA_20,SMA_50,Stochastic,MACD,Rolling_Mean_Return,ADX,CCI,OBV,Return_5d",EMA_26
HDFCBANK,2024-08-14,2024,1,Sideways,1,0.5319,NO TRADE,1,0,0.5075,NO TRADE,0,10,"EMA_26,SMA_20,SMA_50,Stochastic,MACD,Rolling_Mean_Return,ADX,CCI,OBV,Return_5d",EMA_26
HDFCBANK,2024-08-16,2024,1,Sideways,0,0.5293,NO TRADE,0,1,0.7669,BUY,1,10,"EMA_26,SMA_20,SMA_50,Stochastic,MACD,Rolling_Mean_Return,ADX,CCI,OBV,Return_5d",EMA_26
HDFCBANK,2024-08-19,2024,1,Sideways,0,0.5467,NO TRADE,0,0,0.5126,NO TRADE,0,10,"EMA_26,SMA_20,SMA_50,Stochastic,MACD,Rolling_Mean_Return,ADX,CCI,OBV,Return_5d",EMA_26
HDFCBANK,2024-08-20,2024,1,Sideways,0,0.5344,NO TRADE,0,0,0.6041,SELL,0,10,"EMA_26,SMA_20,SMA_50,Stochastic,MACD,Rolling_Mean_Return,ADX,CCI,OBV,Return_5d",EMA_26
HDFCBANK,2024-08-21,2024,1,Sideways,1,0.5419,NO TRADE,1,1,0.526,NO TRADE,1,10,"EMA_26,SMA_20,SMA_50,Stochastic,MACD,Rolling_Mean_Return,ADX,CCI,OBV,Return_5d",EMA_26
HDFCBANK,2024-08-22,2024,1,Sideways,1,0.5188,NO TRADE,1,1,0.5363,NO TRADE,1,10,"EMA_26,SMA_20,SMA_50,Stochastic,MACD,Rolling_Mean_Return,ADX,CCI,OBV,Return_5d",EMA_26
HDFCBANK,2024-08-23,2024,1,Sideways,1,0.5947,BUY,1,1,0.5303,NO TRADE,1,10,"EMA_26,SMA_20,SMA_50,Stochastic,MACD,Rolling_Mean_Return,ADX,CCI,OBV,Return_5d",EMA_26
HDFCBANK,2024-08-26,2024,1,Sideways,1,0.5396,NO TRADE,1,1,0.5156,NO TRADE,1,10,"EMA_26,SMA_20,SMA_50,Stochastic,MACD,Rolling_Mean_Return,ADX,CCI,OBV,Return_5d",EMA_26
HDFCBANK,2024-08-27,2024,1,Sideways,1,0.6242,BUY,1,0,0.5183,NO TRADE,0,10,"EMA_26,SMA_20,SMA_50,Stochastic,MACD,Rolling_Mean_Return,ADX,CCI,OBV,Return_5d",EMA_26
HDFCBANK,2024-08-28,2024,1,Sideways,1,0.6241,BUY,1,1,0.5506,BUY,1,10,"EMA_26,SMA_20,SMA_50,Stochastic,MACD,Rolling_Mean_Return,ADX,CCI,OBV,Return_5d",EMA_26
HDFCBANK,2024-08-29,2024,1,Sideways,1,0.5816,BUY,1,1,0.582,BUY,1,10,"EMA_26,SMA_20,SMA_50,Stochastic,MACD,Rolling_Mean_Return,ADX,CCI,OBV,Return_5d",EMA_26
HDFCBANK,2024-08-30,2024,1,Sideways,0,1.0,SELL,0,1,0.9514,BUY,1,10,"EMA_26,SMA_20,SMA_50,Stochastic,MACD,Rolling_Mean_Return,ADX,CCI,OBV,Return_5d",EMA_26
HDFCBANK,2024-09-02,2024,1,Sideways,1,0.5169,NO TRADE,1,1,0.9551,BUY,1,10,"EMA_26,SMA_20,SMA_50,Stochastic,MACD,Rolling_Mean_Return,ADX,CCI,OBV,Return_5d",EMA_26
HDFCBANK,2024-09-03,2024,1,Sideways,0,0.5289,NO TRADE,0,1,0.9524,BUY,1,10,"EMA_26,SMA_20,SMA_50,Stochastic,MACD,Rolling_Mean_Return,ADX,CCI,OBV,Return_5d",EMA_26
HDFCBANK,2024-09-04,2024,1,Sideways,0,0.5281,NO TRADE,0,1,0.9964,BUY,1,10,"EMA_26,SMA_20,SMA_50,Stochastic,MACD,Rolling_Mean_Return,ADX,CCI,OBV,Return_5d",EMA_26
HDFCBANK,2024-09-05,2024,1,Sideways,0,1.0,SELL,0,1,0.9991,BUY,1,10,"EMA_26,SMA_20,SMA_50,Stochastic,MACD,Rolling_Mean_Return,ADX,CCI,OBV,Return_5d",EMA_26
HDFCBANK,2024-09-06,2024,0,Sideways,0,0.6002,SELL,1,1,0.9999,BUY,0,10,"EMA_26,SMA_20,SMA_50,Stochastic,MACD,Rolling_Mean_Return,ADX,CCI,OBV,Return_5d",EMA_26
HDFCBANK,2024-09-09,2024,1,Sideways,0,0.5272,NO TRADE,0,0,0.5611,SELL,0,10,"EMA_26,SMA_20,ADX,MACD,SMA_50,Williams_R,SMA_10,Stochastic,ATR_14,Return_5d",EMA_26
HDFCBANK,2024-09-10,2024,0,Sideways,1,1.0,BUY,0,1,0.8274,BUY,0,10,"EMA_26,SMA_20,ADX,MACD,SMA_50,Williams_R,SMA_10,Stochastic,ATR_14,Return_5d",EMA_26
HDFCBANK,2024-09-11,2024,1,Sideways,0,0.5271,NO TRADE,0,0,0.8622,SELL,0,10,"EMA_26,SMA_20,ADX,MACD,SMA_50,Williams_R,SMA_10,Stochastic,ATR_14,Return_5d",EMA_26
HDFCBANK,2024-09-12,2024,0,Sideways,1,1.0,BUY,0,0,0.641,SELL,1,10,"EMA_26,SMA_20,ADX,MACD,SMA_50,Williams_R,SMA_10,Stochastic,ATR_14,Return_5d",EMA_26
HDFCBANK,2024-09-13,2024,1,Sideways,0,0.5271,NO TRADE,0,0,0.9539,SELL,0,10,"EMA_26,SMA_20,ADX,MACD,SMA_50,Williams_R,SMA_10,Stochastic,ATR_14,Return_5d",EMA_26
HDFCBANK,2024-09-16,2024,1,Sideways,0,0.5263,NO TRADE,0,0,0.8898,SELL,0,10,"EMA_26,SMA_20,ADX,MACD,SMA_50,Williams_R,SMA_10,Stochastic,ATR_14,Return_5d",EMA_26
HDFCBANK,2024-09-17,2024,1,Sideways,1,1.0,BUY,1,0,0.7687,SELL,0,10,"EMA_26,SMA_20,ADX,MACD,SMA_50,Williams_R,SMA_10,Stochastic,ATR_14,Return_5d",EMA_26
HDFCBANK,2024-09-18,2024,0,Sideways,1,1.0,BUY,0,0,0.8908,SELL,1,10,"EMA_26,SMA_20,ADX,MACD,SMA_50,Williams_R,SMA_10,Stochastic,ATR_14,Return_5d",EMA_26
HDFCBANK,2024-09-19,2024,0,Sideways,0,1.0,SELL,1,0,0.9904,SELL,1,10,"EMA_26,SMA_20,ADX,MACD,SMA_50,Williams_R,SMA_10,Stochastic,ATR_14,Return_5d",EMA_26
HDFCBANK,2024-09-20,2024,0,Sideways,0,1.0,SELL,1,0,0.9997,SELL,1,10,"EMA_26,SMA_20,ADX,MACD,SMA_50,Williams_R,SMA_10,Stochastic,ATR_14,Return_5d",EMA_26
HDFCBANK,2024-09-23,2024,0,Sideways,0,1.0,SELL,1,0,1.0,SELL,1,10,"EMA_26,SMA_20,ADX,MACD,SMA_50,Williams_R,SMA_10,Stochastic,ATR_14,Return_5d",EMA_26
HDFCBANK,2024-09-24,2024,0,Sideways,0,1.0,SELL,1,0,1.0,SELL,1,10,"EMA_26,SMA_20,ADX,MACD,SMA_50,Williams_R,SMA_10,Stochastic,ATR_14,Return_5d",EMA_26
HDFCBANK,2024-09-25,2024,0,Sideways,0,1.0,SELL,1,0,1.0,SELL,1,10,"EMA_26,SMA_20,ADX,MACD,SMA_50,Williams_R,SMA_10,Stochastic,ATR_14,Return_5d",EMA_26
HDFCBANK,2024-09-26,2024,0,Sideways,0,1.0,SELL,1,0,1.0,SELL,1,10,"EMA_26,SMA_20,ADX,MACD,SMA_50,Williams_R,SMA_10,Stochastic,ATR_14,Return_5d",EMA_26
HDFCBANK,2024-09-27,2024,0,Sideways,0,1.0,SELL,1,0,1.0,SELL,1,10,"EMA_26,SMA_20,ADX,MACD,SMA_50,Williams_R,SMA_10,Stochastic,ATR_14,Return_5d",EMA_26
HDFCBANK,2024-09-30,2024,1,Sideways,0,1.0,SELL,0,0,1.0,SELL,0,10,"EMA_26,SMA_20,ADX,MACD,SMA_50,Williams_R,SMA_10,Stochastic,ATR_14,Return_5d",EMA_26
HDFCBANK,2024-10-01,2024,1,Sideways,0,1.0,SELL,0,0,0.9954,SELL,0,10,"EMA_26,SMA_20,ADX,MACD,SMA_50,Williams_R,SMA_10,Stochastic,ATR_14,Return_5d",EMA_26
HDFCBANK,2024-10-03,2024,1,Sideways,0,1.0,SELL,0,0,1.0,SELL,0,10,"EMA_26,SMA_20,ADX,MACD,SMA_50,Williams_R,SMA_10,Stochastic,ATR_14,Return_5d",EMA_26
HDFCBANK,2024-10-04,2024,1,Sideways,1,1.0,BUY,1,0,1.0,SELL,0,10,"EMA_26,SMA_20,ADX,MACD,SMA_50,Williams_R,SMA_10,Stochastic,ATR_14,Return_5d",EMA_26
HDFCBANK,2024-10-07,2024,1,Sideways,1,1.0,BUY,1,0,0.9954,SELL,0,10,"EMA_26,SMA_20,ADX,MACD,SMA_50,Williams_R,SMA_10,Stochastic,ATR_14,Return_5d",EMA_26
HDFCBANK,2024-10-08,2024,1,Sideways,1,1.0,BUY,1,0,0.7538,SELL,0,10,"EMA_26,SMA_20,ADX,MACD,SMA_50,Williams_R,SMA_10,Stochastic,ATR_14,Return_5d",EMA_26
HDFCBANK,2024-10-09,2024,1,Sideways,1,1.0,BUY,1,0,0.5092,NO TRADE,0,10,"EMA_26,SMA_20,ADX,MACD,SMA_50,Williams_R,SMA_10,Stochastic,ATR_14,Return_5d",EMA_26
HDFCBANK,2024-10-10,2024,1,Sideways,1,1.0,BUY,1,1,0.7658,BUY,1,10,"EMA_26,SMA_20,ADX,MACD,SMA_50,Williams_R,SMA_10,Stochastic,ATR_14,Return_5d",EMA_26
HDFCBANK,2024-10-11,2024,1,Sideways,1,1.0,BUY,1,1,0.8475,BUY,1,10,"EMA_26,SMA_20,ADX,MACD,SMA_50,Williams_R,SMA_10,Stochastic,ATR_14,Return_5d",EMA_26
HDFCBANK,2024-10-14,2024,1,Sideways,1,1.0,BUY,1,1,0.7702,BUY,1,10,"EMA_26,SMA_20,ADX,MACD,SMA_50,Williams_R,SMA_10,Stochastic,ATR_14,Return_5d",EMA_26
HDFCBANK,2024-10-15,2024,1,Sideways,1,1.0,BUY,1,1,0.8516,BUY,1,10,"EMA_26,SMA_20,ADX,MACD,SMA_50,Williams_R,SMA_10,Stochastic,ATR_14,Return_5d",EMA_26
HDFCBANK,2024-10-16,2024,0,Sideways,1,1.0,BUY,0,1,0.6806,BUY,0,10,"EMA_26,SMA_20,ADX,MACD,SMA_50,Williams_R,SMA_10,Stochastic,ATR_14,Return_5d",EMA_26
HDFCBANK,2024-10-17,2024,1,Sideways,1,1.0,BUY,1,1,0.7395,BUY,1,10,"EMA_26,SMA_20,ADX,MACD,SMA_50,Williams_R,SMA_10,Stochastic,ATR_14,Return_5d",EMA_26
HDFCBANK,2024-10-18,2024,1,Sideways,1,1.0,BUY,1,1,0.7729,BUY,1,10,"EMA_26,SMA_20,ADX,MACD,SMA_50,Williams_R,SMA_10,Stochastic,ATR_14,Return_5d",EMA_26
HDFCBANK,2024-10-21,2024,1,Sideways,1,1.0,BUY,1,1,0.8595,BUY,1,10,"EMA_26,SMA_20,ADX,MACD,SMA_50,Williams_R,SMA_10,Stochastic,ATR_14,Return_5d",EMA_26
HDFCBANK,2024-10-22,2024,1,Sideways,1,1.0,BUY,1,1,0.9984,BUY,1,10,"MACD,SMA_20,EMA_26,Williams_R,SMA_10,SMA_50,MACD_Hist,ATR_14,ADX,Rolling_Std_10",MACD
HDFCBANK,2024-10-23,2024,1,Sideways,1,1.0,BUY,1,1,0.9996,BUY,1,10,"MACD,SMA_20,EMA_26,Williams_R,SMA_10,SMA_50,MACD_Hist,ATR_14,ADX,Rolling_Std_10",MACD
HDFCBANK,2024-10-24,2024,1,Sideways,1,1.0,BUY,1,1,0.9985,BUY,1,10,"MACD,SMA_20,EMA_26,Williams_R,SMA_10,SMA_50,MACD_Hist,ATR_14,ADX,Rolling_Std_10",MACD
HDFCBANK,2024-10-25,2024,1,Sideways,1,1.0,BUY,1,1,0.9995,BUY,1,10,"MACD,SMA_20,EMA_26,Williams_R,SMA_10,SMA_50,MACD_Hist,ATR_14,ADX,Rolling_Std_10",MACD
HDFCBANK,2024-10-28,2024,1,Sideways,1,1.0,BUY,1,1,0.9867,BUY,1,10,"MACD,SMA_20,EMA_26,Williams_R,SMA_10,SMA_50,MACD_Hist,ATR_14,ADX,Rolling_Std_10",MACD
HDFCBANK,2024-10-29,2024,1,Sideways,1,1.0,BUY,1,1,0.9995,BUY,1,10,"MACD,SMA_20,EMA_26,Williams_R,SMA_10,SMA_50,MACD_Hist,ATR_14,ADX,Rolling_Std_10",MACD
HDFCBANK,2024-10-30,2024,1,Sideways,1,1.0,BUY,1,1,0.9999,BUY,1,10,"MACD,SMA_20,EMA_26,Williams_R,SMA_10,SMA_50,MACD_Hist,ATR_14,ADX,Rolling_Std_10",MACD
HDFCBANK,2024-10-31,2024,1,Sideways,1,1.0,BUY,1,1,0.9978,BUY,1,10,"MACD,SMA_20,EMA_26,Williams_R,SMA_10,SMA_50,MACD_Hist,ATR_14,ADX,Rolling_Std_10",MACD
HDFCBANK,2024-11-01,2024,1,Sideways,1,1.0,BUY,1,1,0.9977,BUY,1,10,"MACD,SMA_20,EMA_26,Williams_R,SMA_10,SMA_50,MACD_Hist,ATR_14,ADX,Rolling_Std_10",MACD
HDFCBANK,2024-11-04,2024,1,Sideways,1,1.0,BUY,1,1,0.9504,BUY,1,10,"MACD,SMA_20,EMA_26,Williams_R,SMA_10,SMA_50,MACD_Hist,ATR_14,ADX,Rolling_Std_10",MACD
HDFCBANK,2024-11-05,2024,1,Sideways,1,1.0,BUY,1,1,1.0,BUY,1,10,"MACD,SMA_20,EMA_26,Williams_R,SMA_10,SMA_50,MACD_Hist,ATR_14,ADX,Rolling_Std_10",MACD
HDFCBANK,2024-11-06,2024,1,Sideways,1,1.0,BUY,1,1,1.0,BUY,1,10,"MACD,SMA_20,EMA_26,Williams_R,SMA_10,SMA_50,MACD_Hist,ATR_14,ADX,Rolling_Std_10",MACD
HDFCBANK,2024-11-07,2024,1,Sideways,1,1.0,BUY,1,1,1.0,BUY,1,10,"MACD,SMA_20,EMA_26,Williams_R,SMA_10,SMA_50,MACD_Hist,ATR_14,ADX,Rolling_Std_10",MACD
HDFCBANK,2024-11-08,2024,1,Sideways,1,1.0,BUY,1,1,0.9998,BUY,1,10,"MACD,SMA_20,EMA_26,Williams_R,SMA_10,SMA_50,MACD_Hist,ATR_14,ADX,Rolling_Std_10",MACD
HDFCBANK,2024-11-11,2024,1,Sideways,1,1.0,BUY,1,1,0.9999,BUY,1,10,"MACD,SMA_20,EMA_26,Williams_R,SMA_10,SMA_50,MACD_Hist,ATR_14,ADX,Rolling_Std_10",MACD
HDFCBANK,2024-11-12,2024,1,Sideways,1,1.0,BUY,1,1,1.0,BUY,1,10,"MACD,SMA_20,EMA_26,Williams_R,SMA_10,SMA_50,MACD_Hist,ATR_14,ADX,Rolling_Std_10",MACD
HDFCBANK,2024-11-13,2024,1,Sideways,1,0.9009,BUY,1,1,1.0,BUY,1,10,"MACD,SMA_20,EMA_26,Williams_R,SMA_10,SMA_50,MACD_Hist,ATR_14,ADX,Rolling_Std_10",MACD
HDFCBANK,2024-11-14,2024,1,Sideways,1,0.9032,BUY,1,1,1.0,BUY,1,10,"MACD,SMA_20,EMA_26,Williams_R,SMA_10,SMA_50,MACD_Hist,ATR_14,ADX,Rolling_Std_10",MACD
HDFCBANK,2024-11-18,2024,1,Sideways,0,1.0,SELL,0,1,1.0,BUY,1,10,"MACD,SMA_20,EMA_26,Williams_R,SMA_10,SMA_50,MACD_Hist,ATR_14,ADX,Rolling_Std_10",MACD
HDFCBANK,2024-11-19,2024,1,Sideways,1,0.9075,BUY,1,1,1.0,BUY,1,10,"MACD,SMA_20,EMA_26,Williams_R,SMA_10,SMA_50,MACD_Hist,ATR_14,ADX,Rolling_Std_10",MACD
HDFCBANK,2024-11-21,2024,1,Sideways,1,0.9095,BUY,1,1,1.0,BUY,1,10,"MACD,SMA_20,EMA_26,Williams_R,SMA_10,SMA_50,MACD_Hist,ATR_14,ADX,Rolling_Std_10",MACD
HDFCBANK,2024-11-22,2024,1,Sideways,1,0.9114,BUY,1,1,1.0,BUY,1,10,"MACD,SMA_20,EMA_26,Williams_R,SMA_10,SMA_50,MACD_Hist,ATR_14,ADX,Rolling_Std_10",MACD
HDFCBANK,2024-11-25,2024,1,Sideways,1,0.9132,BUY,1,1,1.0,BUY,1,10,"MACD,SMA_20,EMA_26,Williams_R,SMA_10,SMA_50,MACD_Hist,ATR_14,ADX,Rolling_Std_10",MACD
HDFCBANK,2024-11-26,2024,1,Sideways,1,0.915,BUY,1,1,1.0,BUY,1,10,"MACD,SMA_20,EMA_26,Williams_R,SMA_10,SMA_50,MACD_Hist,ATR_14,ADX,Rolling_Std_10",MACD
HDFCBANK,2024-11-27,2024,0,Sideways,0,1.0,SELL,1,0,0.9997,SELL,1,10,"MACD,SMA_20,EMA_26,Williams_R,SMA_10,SMA_50,MACD_Hist,ATR_14,ADX,Rolling_Std_10",MACD
HDFCBANK,2024-11-28,2024,1,Sideways,1,0.9167,BUY,1,0,0.9994,SELL,0,10,"MACD,SMA_20,EMA_26,Williams_R,SMA_10,SMA_50,MACD_Hist,ATR_14,ADX,Rolling_Std_10",MACD
HDFCBANK,2024-11-29,2024,0,Sideways,1,0.9183,BUY,0,0,0.9864,SELL,1,10,"MACD,SMA_20,EMA_26,Williams_R,SMA_10,SMA_50,MACD_Hist,ATR_14,ADX,Rolling_Std_10",MACD
HDFCBANK,2024-12-02,2024,0,Sideways,1,0.9007,BUY,0,0,0.988,SELL,1,10,"MACD,SMA_20,EMA_26,Williams_R,SMA_10,SMA_50,MACD_Hist,ATR_14,ADX,Rolling_Std_10",MACD
