stock,predict_date,year,actual_target,market_regime,static_pred,static_confidence,static_signal,static_correct,dynamic_pred,dynamic_confidence,dynamic_signal,dynamic_correct,n_dynamic_features,dynamic_features,top_mi_feature
RELIANCE,2022-01-03,2022,0,Sideways,1,0.7802,BUY,0,1,0.6775,BUY,0,10,"EMA_12,ATR_14,Volume_MA,EMA_26,MACD_Hist,OBV,SMA_10,Daily_Return,SMA_50,Williams_R",EMA_12
RELIANCE,2022-01-04,2022,0,Sideways,1,0.727,BUY,0,1,0.7105,BUY,0,10,"ATR_14,EMA_12,SMA_20,MACD_Hist,Volume_MA,MACD,EMA_26,OBV,SMA_50,SMA_10",ATR_14
RELIANCE,2022-01-05,2022,0,Sideways,1,0.7352,BUY,0,0,0.5958,SELL,1,10,"ATR_14,EMA_12,SMA_20,MACD_Hist,Volume_MA,MACD,EMA_26,OBV,SMA_50,SMA_10",ATR_14
RELIANCE,2022-01-06,2022,0,Sideways,1,0.7165,BUY,0,0,0.7564,SELL,1,10,"ATR_14,EMA_12,SMA_20,MACD_Hist,Volume_MA,MACD,EMA_26,OBV,SMA_50,SMA_10",ATR_14
RELIANCE,2022-01-07,2022,0,Sideways,1,0.7205,BUY,0,0,0.7703,SELL,1,10,"ATR_14,EMA_12,SMA_20,MACD_Hist,Volume_MA,MACD,EMA_26,OBV,SMA_50,SMA_10",ATR_14
RELIANCE,2022-01-10,2022,0,Sideways,1,0.7183,BUY,0,0,0.7763,SELL,1,10,"ATR_14,EMA_12,SMA_20,MACD_Hist,Volume_MA,MACD,EMA_26,OBV,SMA_50,SMA_10",ATR_14
RELIANCE,2022-01-11,2022,0,Sideways,1,0.7111,BUY,0,0,0.7821,SELL,1,10,"ATR_14,EMA_12,SMA_20,MACD_Hist,Volume_MA,MACD,EMA_26,OBV,SMA_50,SMA_10",ATR_14
RELIANCE,2022-01-12,2022,0,Sideways,1,0.5905,BUY,0,0,0.6003,SELL,1,10,"ATR_14,EMA_12,SMA_20,MACD_Hist,Volume_MA,MACD,EMA_26,OBV,SMA_50,SMA_10",ATR_14
RELIANCE,2022-01-13,2022,0,Sideways,1,0.6037,BUY,0,0,0.6275,SELL,1,10,"ATR_14,EMA_12,SMA_20,MACD_Hist,Volume_MA,MACD,EMA_26,OBV,SMA_50,SMA_10",ATR_14
RELIANCE,2022-01-14,2022,0,Sideways,1,0.652,BUY,0,0,0.6612,SELL,1,10,"ATR_14,EMA_12,SMA_20,MACD_Hist,Volume_MA,MACD,EMA_26,OBV,SMA_50,SMA_10",ATR_14
RELIANCE,2022-01-17,2022,0,Sideways,1,0.6646,BUY,0,0,0.7816,SELL,1,10,"ATR_14,EMA_12,SMA_20,MACD_Hist,Volume_MA,MACD,EMA_26,OBV,SMA_50,SMA_10",ATR_14
RELIANCE,2022-01-18,2022,0,Sideways,1,0.6059,BUY,0,0,0.8554,SELL,1,10,"ATR_14,EMA_12,SMA_20,MACD_Hist,Volume_MA,MACD,EMA_26,OBV,SMA_50,SMA_10",ATR_14
RELIANCE,2022-01-19,2022,0,Sideways,1,0.652,BUY,0,0,0.8904,SELL,1,10,"ATR_14,EMA_12,SMA_20,MACD_Hist,Volume_MA,MACD,EMA_26,OBV,SMA_50,SMA_10",ATR_14
RELIANCE,2022-01-20,2022,0,Sideways,1,0.5516,BUY,0,0,0.8982,SELL,1,10,"ATR_14,EMA_12,SMA_20,MACD_Hist,Volume_MA,MACD,EMA_26,OBV,SMA_50,SMA_10",ATR_14
RELIANCE,2022-01-21,2022,0,Sideways,0,0.5027,NO TRADE,1,0,0.9014,SELL,1,10,"ATR_14,EMA_12,SMA_20,MACD_Hist,Volume_MA,MACD,EMA_26,OBV,SMA_50,SMA_10",ATR_14
RELIANCE,2022-01-24,2022,1,Sideways,0,0.8564,SELL,0,0,0.8973,SELL,0,10,"ATR_14,EMA_12,SMA_20,MACD_Hist,Volume_MA,MACD,EMA_26,OBV,SMA_50,SMA_10",ATR_14
RELIANCE,2022-01-25,2022,1,Sideways,0,0.5552,SELL,0,0,0.6613,SELL,0,10,"ATR_14,EMA_12,SMA_20,MACD_Hist,Volume_MA,MACD,EMA_26,OBV,SMA_50,SMA_10",ATR_14
RELIANCE,2022-01-27,2022,0,Sideways,1,0.5037,NO TRADE,0,0,0.5189,NO TRADE,1,10,"ATR_14,EMA_12,SMA_20,MACD_Hist,Volume_MA,MACD,EMA_26,OBV,SMA_50,SMA_10",ATR_14
RELIANCE,2022-01-28,2022,0,Sideways,0,0.5677,SELL,1,0,0.6488,SELL,1,10,"ATR_14,EMA_12,SMA_20,MACD_Hist,Volume_MA,MACD,EMA_26,OBV,SMA_50,SMA_10",ATR_14
RELIANCE,2022-01-31,2022,0,Sideways,0,0.5478,NO TRADE,1,0,0.7148,SELL,1,10,"ATR_14,EMA_12,SMA_20,MACD_Hist,Volume_MA,MACD,EMA_26,OBV,SMA_50,SMA_10",ATR_14
RELIANCE,2022-02-01,2022,1,Sideways,0,0.5211,NO TRADE,0,0,0.7177,SELL,0,10,"ATR_14,EMA_12,SMA_20,MACD_Hist,Volume_MA,MACD,EMA_26,OBV,SMA_50,SMA_10",ATR_14
RELIANCE,2022-02-02,2022,0,Sideways,1,0.671,BUY,0,1,0.5736,BUY,0,10,"ATR_14,EMA_12,SMA_20,MACD_Hist,Volume_MA,MACD,EMA_26,OBV,SMA_50,SMA_10",ATR_14
RELIANCE,2022-02-03,2022,0,Sideways,1,0.5623,BUY,0,1,0.5148,NO TRADE,0,10,"ATR_14,EMA_12,SMA_20,MACD_Hist,Volume_MA,MACD,EMA_26,OBV,SMA_50,SMA_10",ATR_14
RELIANCE,2022-02-04,2022,0,Sideways,1,0.5367,NO TRADE,0,0,0.6325,SELL,1,10,"ATR_14,EMA_12,SMA_20,MACD_Hist,Volume_MA,MACD,EMA_26,OBV,SMA_50,SMA_10",ATR_14
RELIANCE,2022-02-07,2022,0,Sideways,0,0.5643,SELL,1,0,0.7355,SELL,1,10,"ATR_14,EMA_12,SMA_20,MACD_Hist,Volume_MA,MACD,EMA_26,OBV,SMA_50,SMA_10",ATR_14
RELIANCE,2022-02-08,2022,0,Sideways,1,0.6093,BUY,0,0,0.753,SELL,1,10,"ATR_14,EMA_12,SMA_20,MACD_Hist,Volume_MA,MACD,EMA_26,OBV,SMA_50,SMA_10",ATR_14
RELIANCE,2022-02-09,2022,1,Sideways,1,0.5902,BUY,1,0,0.7663,SELL,0,10,"ATR_14,EMA_12,SMA_20,MACD_Hist,Volume_MA,MACD,EMA_26,OBV,SMA_50,SMA_10",ATR_14
RELIANCE,2022-02-10,2022,1,Sideways,1,0.7671,BUY,1,0,0.5271,NO TRADE,0,10,"ATR_14,EMA_12,SMA_20,MACD_Hist,Volume_MA,MACD,EMA_26,OBV,SMA_50,SMA_10",ATR_14
RELIANCE,2022-02-11,2022,1,Sideways,1,0.8183,BUY,1,1,0.7075,BUY,1,10,"ATR_14,EMA_12,SMA_20,MACD_Hist,Volume_MA,MACD,EMA_26,OBV,SMA_50,SMA_10",ATR_14
RELIANCE,2022-02-14,2022,1,Sideways,1,0.9411,BUY,1,1,0.6348,BUY,1,10,"ATR_14,EMA_12,SMA_20,MACD_Hist,Volume_MA,MACD,EMA_26,OBV,SMA_50,SMA_10",ATR_14
RELIANCE,2022-02-15,2022,0,Sideways,1,0.6703,BUY,0,1,0.747,BUY,0,10,"ATR_14,EMA_12,SMA_20,MACD_Hist,Volume_MA,MACD,EMA_26,OBV,SMA_50,SMA_10",ATR_14
RELIANCE,2022-02-16,2022,1,Sideways,1,0.717,BUY,1,0,0.5008,NO TRADE,0,10,"ATR_14,MACD_Hist,Volume_MA,SMA_20,EMA_12,RSI_14,MFI,OBV,Rolling_Volatility,SMA_10",ATR_14
RELIANCE,2022-02-17,2022,1,Sideways,1,0.7306,BUY,1,1,0.7328,BUY,1,10,"ATR_14,MACD_Hist,Volume_MA,SMA_20,EMA_12,RSI_14,MFI,OBV,Rolling_Volatility,SMA_10",ATR_14
RELIANCE,2022-02-18,2022,1,Sideways,1,0.7738,BUY,1,1,0.6883,BUY,1,10,"ATR_14,MACD_Hist,Volume_MA,SMA_20,EMA_12,RSI_14,MFI,OBV,Rolling_Volatility,SMA_10",ATR_14
RELIANCE,2022-02-21,2022,1,Sideways,1,0.8507,BUY,1,1,0.8334,BUY,1,10,"ATR_14,MACD_Hist,Volume_MA,SMA_20,EMA_12,RSI_14,MFI,OBV,Rolling_Volatility,SMA_10",ATR_14
RELIANCE,2022-02-22,2022,1,Sideways,1,0.8589,BUY,1,1,0.7372,BUY,1,10,"ATR_14,MACD_Hist,Volume_MA,SMA_20,EMA_12,RSI_14,MFI,OBV,Rolling_Volatility,SMA_10",ATR_14
RELIANCE,2022-02-23,2022,1,Sideways,1,0.8611,BUY,1,1,0.7734,BUY,1,10,"ATR_14,MACD_Hist,Volume_MA,SMA_20,EMA_12,RSI_14,MFI,OBV,Rolling_Volatility,SMA_10",ATR_14
RELIANCE,2022-02-24,2022,1,Sideways,0,0.5805,SELL,0,1,0.7646,BUY,1,10,"ATR_14,MACD_Hist,Volume_MA,SMA_20,EMA_12,RSI_14,MFI,OBV,Rolling_Volatility,SMA_10",ATR_14
RELIANCE,2022-02-25,2022,1,Sideways,1,0.9025,BUY,1,1,0.8922,BUY,1,10,"ATR_14,MACD_Hist,Volume_MA,SMA_20,EMA_12,RSI_14,MFI,OBV,Rolling_Volatility,SMA_10",ATR_14
RELIANCE,2022-02-28,2022,1,Sideways,1,0.655,BUY,1,1,0.7548,BUY,1,10,"ATR_14,MACD_Hist,Volume_MA,SMA_20,EMA_12,RSI_14,MFI,OBV,Rolling_Volatility,SMA_10",ATR_14
RELIANCE,2022-03-02,2022,1,Sideways,1,0.8141,BUY,1,1,0.8253,BUY,1,10,"ATR_14,MACD_Hist,Volume_MA,SMA_20,EMA_12,RSI_14,MFI,OBV,Rolling_Volatility,SMA_10",ATR_14
RELIANCE,2022-03-03,2022,1,Sideways,1,0.8373,BUY,1,1,0.882,BUY,1,10,"ATR_14,MACD_Hist,Volume_MA,SMA_20,EMA_12,RSI_14,MFI,OBV,Rolling_Volatility,SMA_10",ATR_14
RELIANCE,2022-03-04,2022,1,Sideways,1,0.9615,BUY,1,1,0.901,BUY,1,10,"ATR_14,MACD_Hist,Volume_MA,SMA_20,EMA_12,RSI_14,MFI,OBV,Rolling_Volatility,SMA_10",ATR_14
RELIANCE,2022-03-07,2022,1,Sideways,1,0.9381,BUY,1,1,0.7843,BUY,1,10,"ATR_14,MACD_Hist,Volume_MA,SMA_20,EMA_12,RSI_14,MFI,OBV,Rolling_Volatility,SMA_10",ATR_14
RELIANCE,2022-03-08,2022,1,Sideways,1,0.953,BUY,1,1,0.7093,BUY,1,10,"ATR_14,MACD_Hist,Volume_MA,SMA_20,EMA_12,RSI_14,MFI,OBV,Rolling_Volatility,SMA_10",ATR_14
RELIANCE,2022-03-09,2022,1,Sideways,1,0.8555,BUY,1,1,0.6787,BUY,1,10,"ATR_14,MACD_Hist,Volume_MA,SMA_20,EMA_12,RSI_14,MFI,OBV,Rolling_Volatility,SMA_10",ATR_14
RELIANCE,2022-03-10,2022,1,Sideways,1,0.8825,BUY,1,1,0.7943,BUY,1,10,"ATR_14,MACD_Hist,Volume_MA,SMA_20,EMA_12,RSI_14,MFI,OBV,Rolling_Volatility,SMA_10",ATR_14
RELIANCE,2022-03-11,2022,1,Sideways,1,0.8828,BUY,1,1,0.8616,BUY,1,10,"ATR_14,MACD_Hist,Volume_MA,SMA_20,EMA_12,RSI_14,MFI,OBV,Rolling_Volatility,SMA_10",ATR_14
RELIANCE,2022-03-14,2022,1,Sideways,1,0.8827,BUY,1,1,0.8444,BUY,1,10,"ATR_14,MACD_Hist,Volume_MA,SMA_20,EMA_12,RSI_14,MFI,OBV,Rolling_Volatility,SMA_10",ATR_14
RELIANCE,2022-03-15,2022,1,Sideways,1,0.8836,BUY,1,1,0.8888,BUY,1,10,"ATR_14,MACD_Hist,Volume_MA,SMA_20,EMA_12,RSI_14,MFI,OBV,Rolling_Volatility,SMA_10",ATR_14
RELIANCE,2022-03-16,2022,1,Sideways,1,0.884,BUY,1,1,0.8915,BUY,1,10,"ATR_14,MACD_Hist,Volume_MA,SMA_20,EMA_12,RSI_14,MFI,OBV,Rolling_Volatility,SMA_10",ATR_14
RELIANCE,2022-03-17,2022,1,Sideways,1,0.8843,BUY,1,1,0.7541,BUY,1,10,"ATR_14,MACD_Hist,Volume_MA,SMA_20,EMA_12,RSI_14,MFI,OBV,Rolling_Volatility,SMA_10",ATR_14
RELIANCE,2022-03-21,2022,1,Sideways,1,0.8844,BUY,1,1,0.866,BUY,1,10,"ATR_14,MACD_Hist,Volume_MA,SMA_20,EMA_12,RSI_14,MFI,OBV,Rolling_Volatility,SMA_10",ATR_14
RELIANCE,2022-03-22,2022,1,Sideways,1,0.7979,BUY,1,1,0.8172,BUY,1,10,"ATR_14,MACD_Hist,Volume_MA,SMA_20,EMA_12,RSI_14,MFI,OBV,Rolling_Volatility,SMA_10",ATR_14
RELIANCE,2022-03-23,2022,1,Sideways,1,0.79,BUY,1,1,0.7836,BUY,1,10,"ATR_14,MACD_Hist,Volume_MA,SMA_20,EMA_12,RSI_14,MFI,OBV,Rolling_Volatility,SMA_10",ATR_14
RELIANCE,2022-03-24,2022,1,Sideways,1,0.7909,BUY,1,1,0.7235,BUY,1,10,"ATR_14,MACD_Hist,Volume_MA,SMA_20,EMA_12,RSI_14,MFI,OBV,Rolling_Volatility,SMA_10",ATR_14
RELIANCE,2022-03-25,2022,1,Sideways,1,0.69,BUY,1,1,0.6322,BUY,1,10,"ATR_14,MACD_Hist,Volume_MA,SMA_20,EMA_12,RSI_14,MFI,OBV,Rolling_Volatility,SMA_10",ATR_14
RELIANCE,2022-03-28,2022,1,Sideways,1,0.7862,BUY,1,1,0.5049,NO TRADE,1,10,"ATR_14,MACD_Hist,Volume_MA,SMA_20,EMA_12,RSI_14,MFI,OBV,Rolling_Volatility,SMA_10",ATR_14
RELIANCE,2022-03-29,2022,1,Sideways,1,0.8451,BUY,1,0,0.5454,NO TRADE,0,10,"ATR_14,MACD_Hist,Volume_MA,SMA_20,EMA_12,RSI_14,MFI,OBV,Rolling_Volatility,SMA_10",ATR_14
RELIANCE,2022-03-30,2022,1,Sideways,1,0.8765,BUY,1,1,0.5298,NO TRADE,1,10,"ATR_14,MACD_Hist,Volume_MA,SMA_20,EMA_12,RSI_14,MFI,OBV,Rolling_Volatility,SMA_10",ATR_14
RELIANCE,2022-03-31,2022,1,Sideways,1,0.8857,BUY,1,1,0.6149,BUY,1,10,"ATR_14,MACD_Hist,Volume_MA,SMA_20,EMA_12,RSI_14,MFI,OBV,Rolling_Volatility,SMA_10",ATR_14
RELIANCE,2022-04-01,2022,1,Sideways,1,0.8877,BUY,1,1,0.5819,BUY,1,10,"SMA_20,ATR_14,Volume_MA,ADX,Rolling_Volatility,SMA_50,BB_Upper,EMA_26,MACD,SMA_10",SMA_20
RELIANCE,2022-04-04,2022,0,Sideways,1,0.8901,BUY,0,1,0.712,BUY,0,10,"SMA_20,ATR_14,Volume_MA,ADX,Rolling_Volatility,SMA_50,BB_Upper,EMA_26,MACD,SMA_10",SMA_20
RELIANCE,2022-04-05,2022,0,Sideways,1,0.8592,BUY,0,1,0.6461,BUY,0,10,"SMA_20,ATR_14,Volume_MA,ADX,Rolling_Volatility,SMA_50,BB_Upper,EMA_26,MACD,SMA_10",SMA_20
RELIANCE,2022-04-06,2022,0,Sideways,1,0.7612,BUY,0,1,0.5882,BUY,0,10,"SMA_20,ATR_14,Volume_MA,ADX,Rolling_Volatility,SMA_50,BB_Upper,EMA_26,MACD,SMA_10",SMA_20
RELIANCE,2022-04-07,2022,0,Sideways,1,0.6614,BUY,0,1,0.5371,NO TRADE,0,10,"SMA_20,ATR_14,Volume_MA,ADX,Rolling_Volatility,SMA_50,BB_Upper,EMA_26,MACD,SMA_10",SMA_20
RELIANCE,2022-04-08,2022,0,Sideways,1,0.6366,BUY,0,0,0.5572,SELL,1,10,"SMA_20,ATR_14,Volume_MA,ADX,Rolling_Volatility,SMA_50,BB_Upper,EMA_26,MACD,SMA_10",SMA_20
RELIANCE,2022-04-11,2022,0,Sideways,1,0.7137,BUY,0,0,0.5713,SELL,1,10,"SMA_20,ATR_14,Volume_MA,ADX,Rolling_Volatility,SMA_50,BB_Upper,EMA_26,MACD,SMA_10",SMA_20
RELIANCE,2022-04-12,2022,0,Sideways,1,0.5151,NO TRADE,0,0,0.514,NO TRADE,1,10,"SMA_20,ATR_14,Volume_MA,ADX,Rolling_Volatility,SMA_50,BB_Upper,EMA_26,MACD,SMA_10",SMA_20
RELIANCE,2022-04-13,2022,0,Sideways,0,0.643,SELL,1,0,0.509,NO TRADE,1,10,"SMA_20,ATR_14,Volume_MA,ADX,Rolling_Volatility,SMA_50,BB_Upper,EMA_26,MACD,SMA_10",SMA_20
RELIANCE,2022-04-18,2022,0,Sideways,0,0.7042,SELL,1,0,0.5986,SELL,1,10,"SMA_20,ATR_14,Volume_MA,ADX,Rolling_Volatility,SMA_50,BB_Upper,EMA_26,MACD,SMA_10",SMA_20
RELIANCE,2022-04-19,2022,0,Sideways,0,0.6181,SELL,1,0,0.6607,SELL,1,10,"SMA_20,ATR_14,Volume_MA,ADX,Rolling_Volatility,SMA_50,BB_Upper,EMA_26,MACD,SMA_10",SMA_20
RELIANCE,2022-04-20,2022,0,Sideways,0,0.7164,SELL,1,1,0.5293,NO TRADE,0,10,"SMA_20,ATR_14,Volume_MA,ADX,Rolling_Volatility,SMA_50,BB_Upper,EMA_26,MACD,SMA_10",SMA_20
RELIANCE,2022-04-21,2022,0,Sideways,0,0.5913,SELL,1,1,0.5189,NO TRADE,0,10,"SMA_20,ATR_14,Volume_MA,ADX,Rolling_Volatility,SMA_50,BB_Upper,EMA_26,MACD,SMA_10",SMA_20
RELIANCE,2022-04-22,2022,0,Sideways,0,0.615,SELL,1,1,0.5004,NO TRADE,0,10,"SMA_20,ATR_14,Volume_MA,ADX,Rolling_Volatility,SMA_50,BB_Upper,EMA_26,MACD,SMA_10",SMA_20
RELIANCE,2022-04-25,2022,0,Sideways,0,0.7801,SELL,1,0,0.5832,SELL,1,10,"SMA_20,ATR_14,Volume_MA,ADX,Rolling_Volatility,SMA_50,BB_Upper,EMA_26,MACD,SMA_10",SMA_20
RELIANCE,2022-04-26,2022,0,Sideways,0,0.7137,SELL,1,0,0.5711,SELL,1,10,"SMA_20,ATR_14,Volume_MA,ADX,Rolling_Volatility,SMA_50,BB_Upper,EMA_26,MACD,SMA_10",SMA_20
RELIANCE,2022-04-27,2022,0,Sideways,0,0.7242,SELL,1,0,0.6108,SELL,1,10,"SMA_20,ATR_14,Volume_MA,ADX,Rolling_Volatility,SMA_50,BB_Upper,EMA_26,MACD,SMA_10",SMA_20
RELIANCE,2022-04-28,2022,0,Sideways,0,0.7478,SELL,1,0,0.5436,NO TRADE,1,10,"SMA_20,ATR_14,Volume_MA,ADX,Rolling_Volatility,SMA_50,BB_Upper,EMA_26,MACD,SMA_10",SMA_20
RELIANCE,2022-04-29,2022,0,Sideways,0,0.7722,SELL,1,0,0.6078,SELL,1,10,"SMA_20,ATR_14,Volume_MA,ADX,Rolling_Volatility,SMA_50,BB_Upper,EMA_26,MACD,SMA_10",SMA_20
RELIANCE,2022-05-02,2022,0,Sideways,0,0.7854,SELL,1,0,0.666,SELL,1,10,"SMA_20,ATR_14,Volume_MA,ADX,Rolling_Volatility,SMA_50,BB_Upper,EMA_26,MACD,SMA_10",SMA_20
RELIANCE,2022-05-04,2022,0,Sideways,0,0.8983,SELL,1,0,0.7245,SELL,1,10,"SMA_20,ATR_14,Volume_MA,ADX,Rolling_Volatility,SMA_50,BB_Upper,EMA_26,MACD,SMA_10",SMA_20
RELIANCE,2022-05-05,2022,1,Sideways,0,0.8699,SELL,0,0,0.7399,SELL,0,10,"SMA_20,ATR_14,Volume_MA,ADX,Rolling_Volatility,SMA_50,BB_Upper,EMA_26,MACD,SMA_10",SMA_20
RELIANCE,2022-05-06,2022,1,Sideways,0,0.86,SELL,0,0,0.5572,SELL,0,10,"SMA_20,ATR_14,Volume_MA,ADX,Rolling_Volatility,SMA_50,BB_Upper,EMA_26,MACD,SMA_10",SMA_20
RELIANCE,2022-05-09,2022,1,Sideways,0,0.7204,SELL,0,1,0.5344,NO TRADE,1,10,"SMA_20,ATR_14,Volume_MA,ADX,Rolling_Volatility,SMA_50,BB_Upper,EMA_26,MACD,SMA_10",SMA_20
RELIANCE,2022-05-10,2022,1,Sideways,0,0.6869,SELL,0,1,0.619,BUY,1,10,"SMA_20,ATR_14,Volume_MA,ADX,Rolling_Volatility,SMA_50,BB_Upper,EMA_26,MACD,SMA_10",SMA_20
RELIANCE,2022-05-11,2022,1,Sideways,0,0.5818,SELL,0,1,0.7753,BUY,1,10,"SMA_20,ATR_14,Volume_MA,ADX,Rolling_Volatility,SMA_50,BB_Upper,EMA_26,MACD,SMA_10",SMA_20
RELIANCE,2022-05-12,2022,1,Sideways,1,0.6888,BUY,1,1,0.6316,BUY,1,10,"SMA_20,ATR_14,Volume_MA,ADX,Rolling_Volatility,SMA_50,BB_Upper,EMA_26,MACD,SMA_10",SMA_20
RELIANCE,2022-05-13,2022,1,Sideways,1,0.7803,BUY,1,1,0.8553,BUY,1,10,"SMA_20,ATR_14,Volume_MA,ADX,Rolling_Volatility,SMA_50,BB_Upper,EMA_26,MACD,SMA_10",SMA_20
RELIANCE,2022-05-16,2022,1,Sideways,1,0.8607,BUY,1,1,0.8279,BUY,1,10,"SMA_20,ATR_14,Volume_MA,ADX,Rolling_Volatility,SMA_50,BB_Upper,EMA_26,MACD,SMA_10",SMA_20
RELIANCE,2022-05-17,2022,1,Sideways,1,0.9575,BUY,1,1,0.8727,BUY,1,10,"SMA_20,ATR_14,Volume_MA,ADX,Rolling_Volatility,SMA_50,BB_Upper,EMA_26,MACD,SMA_10",SMA_20
RELIANCE,2022-05-18,2022,1,Sideways,1,0.9403,BUY,1,1,0.7256,BUY,1,10,"SMA_20,Volume_MA,ATR_14,Rolling_Volatility,SMA_50,ADX,EMA_26,EMA_12,BB_Upper,OBV",SMA_20
RELIANCE,2022-05-19,2022,1,Sideways,1,0.9628,BUY,1,1,0.8584,BUY,1,10,"SMA_20,Volume_MA,ATR_14,Rolling_Volatility,SMA_50,ADX,EMA_26,EMA_12,BB_Upper,OBV",SMA_20
RELIANCE,2022-05-20,2022,0,Sideways,1,0.9118,BUY,0,1,0.7322,BUY,0,10,"SMA_20,Volume_MA,ATR_14,Rolling_Volatility,SMA_50,ADX,EMA_26,EMA_12,BB_Upper,OBV",SMA_20
RELIANCE,2022-05-23,2022,0,Sideways,1,0.9403,BUY,0,1,0.6282,BUY,0,10,"SMA_20,Volume_MA,ATR_14,Rolling_Volatility,SMA_50,ADX,EMA_26,EMA_12,BB_Upper,OBV",SMA_20
RELIANCE,2022-05-24,2022,0,Sideways,1,0.8187,BUY,0,1,0.5704,BUY,0,10,"SMA_20,Volume_MA,ATR_14,Rolling_Volatility,SMA_50,ADX,EMA_26,EMA_12,BB_Upper,OBV",SMA_20
RELIANCE,2022-05-25,2022,0,Sideways,1,0.7386,BUY,0,0,0.6266,SELL,1,10,"SMA_20,Volume_MA,ATR_14,Rolling_Volatility,SMA_50,ADX,EMA_26,EMA_12,BB_Upper,OBV",SMA_20
RELIANCE,2022-05-26,2022,0,Sideways,1,0.721,BUY,0,0,0.7338,SELL,1,10,"SMA_20,Volume_MA,ATR_14,Rolling_Volatility,SMA_50,ADX,EMA_26,EMA_12,BB_Upper,OBV",SMA_20
RELIANCE,2022-05-27,2022,0,Sideways,1,0.7344,BUY,0,0,0.6445,SELL,1,10,"SMA_20,Volume_MA,ATR_14,Rolling_Volatility,SMA_50,ADX,EMA_26,EMA_12,BB_Upper,OBV",SMA_20
RELIANCE,2022-05-30,2022,0,Sideways,1,0.6354,BUY,0,0,0.7453,SELL,1,10,"SMA_20,Volume_MA,ATR_14,Rolling_Volatility,SMA_50,ADX,EMA_26,EMA_12,BB_Upper,OBV",SMA_20
RELIANCE,2022-05-31,2022,0,Sideways,0,0.8036,SELL,1,0,0.5646,SELL,1,10,"SMA_20,Volume_MA,ATR_14,Rolling_Volatility,SMA_50,ADX,EMA_26,EMA_12,BB_Upper,OBV",SMA_20
RELIANCE,2022-06-01,2022,0,Sideways,1,0.5969,BUY,0,0,0.8158,SELL,1,10,"SMA_20,Volume_MA,ATR_14,Rolling_Volatility,SMA_50,ADX,EMA_26,EMA_12,BB_Upper,OBV",SMA_20
RELIANCE,2022-06-02,2022,0,Sideways,1,0.5202,NO TRADE,0,0,0.8615,SELL,1,10,"SMA_20,Volume_MA,ATR_14,Rolling_Volatility,SMA_50,ADX,EMA_26,EMA_12,BB_Upper,OBV",SMA_20
RELIANCE,2022-06-03,2022,0,Sideways,1,0.5257,NO TRADE,0,0,0.8672,SELL,1,10,"SMA_20,Volume_MA,ATR_14,Rolling_Volatility,SMA_50,ADX,EMA_26,EMA_12,BB_Upper,OBV",SMA_20
RELIANCE,2022-06-06,2022,0,Sideways,0,0.5801,SELL,1,0,0.85,SELL,1,10,"SMA_20,Volume_MA,ATR_14,Rolling_Volatility,SMA_50,ADX,EMA_26,EMA_12,BB_Upper,OBV",SMA_20
RELIANCE,2022-06-07,2022,0,Sideways,0,0.6637,SELL,1,0,0.7646,SELL,1,10,"SMA_20,Volume_MA,ATR_14,Rolling_Volatility,SMA_50,ADX,EMA_26,EMA_12,BB_Upper,OBV",SMA_20
RELIANCE,2022-06-08,2022,0,Sideways,0,0.751,SELL,1,0,0.7708,SELL,1,10,"SMA_20,Volume_MA,ATR_14,Rolling_Volatility,SMA_50,ADX,EMA_26,EMA_12,BB_Upper,OBV",SMA_20
RELIANCE,2022-06-09,2022,0,Sideways,0,0.6847,SELL,1,0,0.7771,SELL,1,10,"SMA_20,Volume_MA,ATR_14,Rolling_Volatility,SMA_50,ADX,EMA_26,EMA_12,BB_Upper,OBV",SMA_20
RELIANCE,2022-06-10,2022,0,Sideways,0,0.8248,SELL,1,0,0.8271,SELL,1,10,"SMA_20,Volume_MA,ATR_14,Rolling_Volatility,SMA_50,ADX,EMA_26,EMA_12,BB_Upper,OBV",SMA_20
RELIANCE,2022-06-13,2022,0,Sideways,0,0.8544,SELL,1,0,0.8575,SELL,1,10,"SMA_20,Volume_MA,ATR_14,Rolling_Volatility,SMA_50,ADX,EMA_26,EMA_12,BB_Upper,OBV",SMA_20
RELIANCE,2022-06-14,2022,0,Sideways,0,0.8322,SELL,1,0,0.8628,SELL,1,10,"SMA_20,Volume_MA,ATR_14,Rolling_Volatility,SMA_50,ADX,EMA_26,EMA_12,BB_Upper,OBV",SMA_20
RELIANCE,2022-06-15,2022,0,Sideways,0,0.7591,SELL,1,0,0.8499,SELL,1,10,"SMA_20,Volume_MA,ATR_14,Rolling_Volatility,SMA_50,ADX,EMA_26,EMA_12,BB_Upper,OBV",SMA_20
RELIANCE,2022-06-16,2022,0,Sideways,0,0.7231,SELL,1,0,0.8635,SELL,1,10,"SMA_20,Volume_MA,ATR_14,Rolling_Volatility,SMA_50,ADX,EMA_26,EMA_12,BB_Upper,OBV",SMA_20
RELIANCE,2022-06-17,2022,0,Sideways,0,0.8888,SELL,1,0,0.8802,SELL,1,10,"SMA_20,Volume_MA,ATR_14,Rolling_Volatility,SMA_50,ADX,EMA_26,EMA_12,BB_Upper,OBV",SMA_20
RELIANCE,2022-06-20,2022,0,Sideways,0,0.7989,SELL,1,0,0.8811,SELL,1,10,"SMA_20,Volume_MA,ATR_14,Rolling_Volatility,SMA_50,ADX,EMA_26,EMA_12,BB_Upper,OBV",SMA_20
RELIANCE,2022-06-21,2022,0,Sideways,0,0.8257,SELL,1,0,0.8789,SELL,1,10,"SMA_20,Volume_MA,ATR_14,Rolling_Volatility,SMA_50,ADX,EMA_26,EMA_12,BB_Upper,OBV",SMA_20
RELIANCE,2022-06-22,2022,0,Sideways,0,0.8175,SELL,1,0,0.7637,SELL,1,10,"SMA_20,Volume_MA,ATR_14,Rolling_Volatility,SMA_50,ADX,EMA_26,EMA_12,BB_Upper,OBV",SMA_20
RELIANCE,2022-06-23,2022,1,Sideways,0,0.7104,SELL,0,0,0.7812,SELL,0,10,"SMA_20,Volume_MA,ATR_14,Rolling_Volatility,SMA_50,ADX,EMA_26,EMA_12,BB_Upper,OBV",SMA_20
RELIANCE,2022-06-24,2022,1,Sideways,0,0.6076,SELL,0,0,0.6451,SELL,0,10,"SMA_20,Volume_MA,ATR_14,Rolling_Volatility,SMA_50,ADX,EMA_26,EMA_12,BB_Upper,OBV",SMA_20
RELIANCE,2022-06-27,2022,0,Sideways,0,0.517,NO TRADE,1,0,0.5309,NO TRADE,1,10,"SMA_20,Volume_MA,ATR_14,Rolling_Volatility,SMA_50,ADX,EMA_26,EMA_12,BB_Upper,OBV",SMA_20
RELIANCE,2022-06-28,2022,0,Sideways,0,0.5185,NO TRADE,1,0,0.6142,SELL,1,10,"SMA_20,Volume_MA,ATR_14,Rolling_Volatility,SMA_50,ADX,EMA_26,EMA_12,BB_Upper,OBV",SMA_20
RELIANCE,2022-06-29,2022,0,Sideways,0,0.6165,SELL,1,0,0.5919,SELL,1,10,"SMA_20,Rolling_Mean_Return,BB_Upper,ROC,SMA_50,MACD_Signal,ATR_14,CCI,EMA_26,RSI_14",SMA_20
RELIANCE,2022-06-30,2022,0,Sideways,0,0.5063,NO TRADE,1,0,0.6686,SELL,1,10,"SMA_20,Rolling_Mean_Return,BB_Upper,ROC,SMA_50,MACD_Signal,ATR_14,CCI,EMA_26,RSI_14",SMA_20
RELIANCE,2022-07-01,2022,1,Sideways,0,0.6962,SELL,0,0,0.5742,SELL,0,10,"SMA_20,Rolling_Mean_Return,BB_Upper,ROC,SMA_50,MACD_Signal,ATR_14,CCI,EMA_26,RSI_14",SMA_20
RELIANCE,2022-07-04,2022,1,Sideways,1,0.728,BUY,1,1,0.5725,BUY,1,10,"SMA_20,Rolling_Mean_Return,BB_Upper,ROC,SMA_50,MACD_Signal,ATR_14,CCI,EMA_26,RSI_14",SMA_20
RELIANCE,2022-07-05,2022,1,Sideways,1,0.8629,BUY,1,1,0.6762,BUY,1,10,"SMA_20,Rolling_Mean_Return,BB_Upper,ROC,SMA_50,MACD_Signal,ATR_14,CCI,EMA_26,RSI_14",SMA_20
RELIANCE,2022-07-06,2022,1,Sideways,1,0.8767,BUY,1,1,0.7606,BUY,1,10,"SMA_20,Rolling_Mean_Return,BB_Upper,ROC,SMA_50,MACD_Signal,ATR_14,CCI,EMA_26,RSI_14",SMA_20
RELIANCE,2022-07-07,2022,1,Sideways,1,0.8739,BUY,1,1,0.6705,BUY,1,10,"SMA_20,Rolling_Mean_Return,BB_Upper,ROC,SMA_50,MACD_Signal,ATR_14,CCI,EMA_26,RSI_14",SMA_20
RELIANCE,2022-07-08,2022,1,Sideways,1,0.8159,BUY,1,1,0.7108,BUY,1,10,"SMA_20,Rolling_Mean_Return,BB_Upper,ROC,SMA_50,MACD_Signal,ATR_14,CCI,EMA_26,RSI_14",SMA_20
RELIANCE,2022-07-11,2022,1,Sideways,1,0.8295,BUY,1,1,0.7148,BUY,1,10,"SMA_20,Rolling_Mean_Return,BB_Upper,ROC,SMA_50,MACD_Signal,ATR_14,CCI,EMA_26,RSI_14",SMA_20
RELIANCE,2022-07-12,2022,1,Sideways,1,0.8464,BUY,1,1,0.7439,BUY,1,10,"SMA_20,Rolling_Mean_Return,BB_Upper,ROC,SMA_50,MACD_Signal,ATR_14,CCI,EMA_26,RSI_14",SMA_20
RELIANCE,2022-07-13,2022,1,Sideways,1,0.95,BUY,1,1,0.7622,BUY,1,10,"SMA_20,Rolling_Mean_Return,BB_Upper,ROC,SMA_50,MACD_Signal,ATR_14,CCI,EMA_26,RSI_14",SMA_20
RELIANCE,2022-07-14,2022,1,Sideways,1,0.9552,BUY,1,1,0.7711,BUY,1,10,"SMA_20,Rolling_Mean_Return,BB_Upper,ROC,SMA_50,MACD_Signal,ATR_14,CCI,EMA_26,RSI_14",SMA_20
RELIANCE,2022-07-15,2022,1,Sideways,1,0.8793,BUY,1,1,0.751,BUY,1,10,"SMA_20,Rolling_Mean_Return,BB_Upper,ROC,SMA_50,MACD_Signal,ATR_14,CCI,EMA_26,RSI_14",SMA_20
RELIANCE,2022-07-18,2022,1,Sideways,1,0.8048,BUY,1,1,0.7462,BUY,1,10,"SMA_20,Rolling_Mean_Return,BB_Upper,ROC,SMA_50,MACD_Signal,ATR_14,CCI,EMA_26,RSI_14",SMA_20
RELIANCE,2022-07-19,2022,1,Sideways,1,0.7923,BUY,1,1,0.7178,BUY,1,10,"SMA_20,Rolling_Mean_Return,BB_Upper,ROC,SMA_50,MACD_Signal,ATR_14,CCI,EMA_26,RSI_14",SMA_20
RELIANCE,2022-07-20,2022,1,Sideways,1,0.7199,BUY,1,1,0.7121,BUY,1,10,"SMA_20,Rolling_Mean_Return,BB_Upper,ROC,SMA_50,MACD_Signal,ATR_14,CCI,EMA_26,RSI_14",SMA_20
RELIANCE,2022-07-21,2022,1,Sideways,1,0.8391,BUY,1,1,0.7421,BUY,1,10,"SMA_20,Rolling_Mean_Return,BB_Upper,ROC,SMA_50,MACD_Signal,ATR_14,CCI,EMA_26,RSI_14",SMA_20
RELIANCE,2022-07-22,2022,1,Sideways,1,0.8991,BUY,1,1,0.6998,BUY,1,10,"SMA_20,Rolling_Mean_Return,BB_Upper,ROC,SMA_50,MACD_Signal,ATR_14,CCI,EMA_26,RSI_14",SMA_20
RELIANCE,2022-07-25,2022,1,Sideways,1,0.847,BUY,1,1,0.7769,BUY,1,10,"SMA_20,Rolling_Mean_Return,BB_Upper,ROC,SMA_50,MACD_Signal,ATR_14,CCI,EMA_26,RSI_14",SMA_20
RELIANCE,2022-07-26,2022,1,Sideways,1,0.8486,BUY,1,1,0.7745,BUY,1,10,"SMA_20,Rolling_Mean_Return,BB_Upper,ROC,SMA_50,MACD_Signal,ATR_14,CCI,EMA_26,RSI_14",SMA_20
RELIANCE,2022-07-27,2022,1,Sideways,1,0.8495,BUY,1,1,0.735,BUY,1,10,"SMA_20,Rolling_Mean_Return,BB_Upper,ROC,SMA_50,MACD_Signal,ATR_14,CCI,EMA_26,RSI_14",SMA_20
RELIANCE,2022-07-28,2022,1,Sideways,1,0.8019,BUY,1,1,0.7949,BUY,1,10,"SMA_20,Rolling_Mean_Return,BB_Upper,ROC,SMA_50,MACD_Signal,ATR_14,CCI,EMA_26,RSI_14",SMA_20
RELIANCE,2022-07-29,2022,1,Sideways,1,0.7715,BUY,1,1,0.8176,BUY,1,10,"SMA_20,Rolling_Mean_Return,BB_Upper,ROC,SMA_50,MACD_Signal,ATR_14,CCI,EMA_26,RSI_14",SMA_20
RELIANCE,2022-08-01,2022,0,Sideways,1,0.8651,BUY,0,1,0.8793,BUY,0,10,"SMA_20,Rolling_Mean_Return,BB_Upper,ROC,SMA_50,MACD_Signal,ATR_14,CCI,EMA_26,RSI_14",SMA_20
RELIANCE,2022-08-02,2022,0,Sideways,1,0.766,BUY,0,1,0.7888,BUY,0,10,"SMA_20,Rolling_Mean_Return,BB_Upper,ROC,SMA_50,MACD_Signal,ATR_14,CCI,EMA_26,RSI_14",SMA_20
RELIANCE,2022-08-03,2022,0,Sideways,1,0.7516,BUY,0,1,0.7777,BUY,0,10,"SMA_20,Rolling_Mean_Return,BB_Upper,ROC,SMA_50,MACD_Signal,ATR_14,CCI,EMA_26,RSI_14",SMA_20
RELIANCE,2022-08-04,2022,1,Sideways,1,0.6792,BUY,1,1,0.7563,BUY,1,10,"SMA_20,Rolling_Mean_Return,BB_Upper,ROC,SMA_50,MACD_Signal,ATR_14,CCI,EMA_26,RSI_14",SMA_20
RELIANCE,2022-08-05,2022,1,Sideways,1,0.7846,BUY,1,1,0.7656,BUY,1,10,"SMA_20,Rolling_Mean_Return,BB_Upper,ROC,SMA_50,MACD_Signal,ATR_14,CCI,EMA_26,RSI_14",SMA_20
RELIANCE,2022-08-08,2022,1,Sideways,1,0.8432,BUY,1,1,0.8577,BUY,1,10,"SMA_20,Rolling_Mean_Return,BB_Upper,ROC,SMA_50,MACD_Signal,ATR_14,CCI,EMA_26,RSI_14",SMA_20
RELIANCE,2022-08-10,2022,0,Sideways,1,0.8506,BUY,0,1,0.8263,BUY,0,10,"SMA_20,Rolling_Mean_Return,BB_Upper,ROC,SMA_50,MACD_Signal,ATR_14,CCI,EMA_26,RSI_14",SMA_20
RELIANCE,2022-08-11,2022,1,Sideways,1,0.7613,BUY,1,1,0.719,BUY,1,10,"MACD_Hist,EMA_26,EMA_12,BB_Upper,RSI_14,OBV,SMA_20,Rolling_Volatility,Volume_MA,SMA_10",MACD_Hist
RELIANCE,2022-08-12,2022,0,Sideways,1,0.7316,BUY,0,1,0.7557,BUY,0,10,"MACD_Hist,EMA_26,EMA_12,BB_Upper,RSI_14,OBV,SMA_20,Rolling_Volatility,Volume_MA,SMA_10",MACD_Hist
RELIANCE,2022-08-16,2022,0,Sideways,1,0.7092,BUY,0,1,0.7153,BUY,0,10,"MACD_Hist,EMA_26,EMA_12,BB_Upper,RSI_14,OBV,SMA_20,Rolling_Volatility,Volume_MA,SMA_10",MACD_Hist
RELIANCE,2022-08-17,2022,0,Sideways,1,0.6561,BUY,0,1,0.6739,BUY,0,10,"MACD_Hist,EMA_26,EMA_12,BB_Upper,RSI_14,OBV,SMA_20,Rolling_Volatility,Volume_MA,SMA_10",MACD_Hist
RELIANCE,2022-08-18,2022,0,Sideways,1,0.6377,BUY,0,1,0.6237,BUY,0,10,"MACD_Hist,EMA_26,EMA_12,BB_Upper,RSI_14,OBV,SMA_20,Rolling_Volatility,Volume_MA,SMA_10",MACD_Hist
RELIANCE,2022-08-19,2022,0,Sideways,1,0.7569,BUY,0,0,0.5242,NO TRADE,1,10,"MACD_Hist,EMA_26,EMA_12,BB_Upper,RSI_14,OBV,SMA_20,Rolling_Volatility,Volume_MA,SMA_10",MACD_Hist
RELIANCE,2022-08-22,2022,0,Sideways,1,0.7635,BUY,0,0,0.5516,SELL,1,10,"MACD_Hist,EMA_26,EMA_12,BB_Upper,RSI_14,OBV,SMA_20,Rolling_Volatility,Volume_MA,SMA_10",MACD_Hist
RELIANCE,2022-08-23,2022,0,Sideways,1,0.6949,BUY,0,0,0.5853,SELL,1,10,"MACD_Hist,EMA_26,EMA_12,BB_Upper,RSI_14,OBV,SMA_20,Rolling_Volatility,Volume_MA,SMA_10",MACD_Hist
RELIANCE,2022-08-24,2022,0,Sideways,1,0.7087,BUY,0,0,0.5022,NO TRADE,1,10,"MACD_Hist,EMA_26,EMA_12,BB_Upper,RSI_14,OBV,SMA_20,Rolling_Volatility,Volume_MA,SMA_10",MACD_Hist
RELIANCE,2022-08-25,2022,0,Sideways,1,0.5895,BUY,0,0,0.5234,NO TRADE,1,10,"MACD_Hist,EMA_26,EMA_12,BB_Upper,RSI_14,OBV,SMA_20,Rolling_Volatility,Volume_MA,SMA_10",MACD_Hist
RELIANCE,2022-08-26,2022,0,Sideways,1,0.5941,BUY,0,0,0.5224,NO TRADE,1,10,"MACD_Hist,EMA_26,EMA_12,BB_Upper,RSI_14,OBV,SMA_20,Rolling_Volatility,Volume_MA,SMA_10",MACD_Hist
RELIANCE,2022-08-29,2022,0,Sideways,1,0.686,BUY,0,0,0.5086,NO TRADE,1,10,"MACD_Hist,EMA_26,EMA_12,BB_Upper,RSI_14,OBV,SMA_20,Rolling_Volatility,Volume_MA,SMA_10",MACD_Hist
RELIANCE,2022-08-30,2022,0,Sideways,1,0.6874,BUY,0,0,0.6414,SELL,1,10,"MACD_Hist,EMA_26,EMA_12,BB_Upper,RSI_14,OBV,SMA_20,Rolling_Volatility,Volume_MA,SMA_10",MACD_Hist
RELIANCE,2022-09-01,2022,0,Sideways,1,0.6813,BUY,0,0,0.6011,SELL,1,10,"MACD_Hist,EMA_26,EMA_12,BB_Upper,RSI_14,OBV,SMA_20,Rolling_Volatility,Volume_MA,SMA_10",MACD_Hist
RELIANCE,2022-09-02,2022,0,Sideways,1,0.5857,BUY,0,0,0.5883,SELL,1,10,"MACD_Hist,EMA_26,EMA_12,BB_Upper,RSI_14,OBV,SMA_20,Rolling_Volatility,Volume_MA,SMA_10",MACD_Hist
RELIANCE,2022-09-05,2022,0,Sideways,1,0.5684,BUY,0,0,0.5924,SELL,1,10,"MACD_Hist,EMA_26,EMA_12,BB_Upper,RSI_14,OBV,SMA_20,Rolling_Volatility,Volume_MA,SMA_10",MACD_Hist
RELIANCE,2022-09-06,2022,0,Sideways,1,0.5942,BUY,0,0,0.5935,SELL,1,10,"MACD_Hist,EMA_26,EMA_12,BB_Upper,RSI_14,OBV,SMA_20,Rolling_Volatility,Volume_MA,SMA_10",MACD_Hist
RELIANCE,2022-09-07,2022,0,Sideways,1,0.6236,BUY,0,0,0.5819,SELL,1,10,"MACD_Hist,EMA_26,EMA_12,BB_Upper,RSI_14,OBV,SMA_20,Rolling_Volatility,Volume_MA,SMA_10",MACD_Hist
RELIANCE,2022-09-08,2022,0,Sideways,1,0.6334,BUY,0,0,0.5779,SELL,1,10,"MACD_Hist,EMA_26,EMA_12,BB_Upper,RSI_14,OBV,SMA_20,Rolling_Volatility,Volume_MA,SMA_10",MACD_Hist
RELIANCE,2022-09-09,2022,0,Sideways,1,0.6227,BUY,0,0,0.5656,SELL,1,10,"MACD_Hist,EMA_26,EMA_12,BB_Upper,RSI_14,OBV,SMA_20,Rolling_Volatility,Volume_MA,SMA_10",MACD_Hist
RELIANCE,2022-09-12,2022,0,Sideways,1,0.6117,BUY,0,0,0.5788,SELL,1,10,"MACD_Hist,EMA_26,EMA_12,BB_Upper,RSI_14,OBV,SMA_20,Rolling_Volatility,Volume_MA,SMA_10",MACD_Hist
RELIANCE,2022-09-13,2022,0,Sideways,1,0.6153,BUY,0,0,0.5915,SELL,1,10,"MACD_Hist,EMA_26,EMA_12,BB_Upper,RSI_14,OBV,SMA_20,Rolling_Volatility,Volume_MA,SMA_10",MACD_Hist
RELIANCE,2022-09-14,2022,0,Sideways,1,0.61,BUY,0,1,0.5271,NO TRADE,0,10,"MACD_Hist,EMA_26,EMA_12,BB_Upper,RSI_14,OBV,SMA_20,Rolling_Volatility,Volume_MA,SMA_10",MACD_Hist
RELIANCE,2022-09-15,2022,0,Sideways,1,0.5799,BUY,0,0,0.54,NO TRADE,1,10,"MACD_Hist,EMA_26,EMA_12,BB_Upper,RSI_14,OBV,SMA_20,Rolling_Volatility,Volume_MA,SMA_10",MACD_Hist
RELIANCE,2022-09-16,2022,0,Sideways,1,0.6555,BUY,0,1,0.5824,BUY,0,10,"MACD_Hist,EMA_26,EMA_12,BB_Upper,RSI_14,OBV,SMA_20,Rolling_Volatility,Volume_MA,SMA_10",MACD_Hist
RELIANCE,2022-09-19,2022,0,Sideways,1,0.5269,NO TRADE,0,0,0.5253,NO TRADE,1,10,"MACD_Hist,EMA_26,EMA_12,BB_Upper,RSI_14,OBV,SMA_20,Rolling_Volatility,Volume_MA,SMA_10",MACD_Hist
RELIANCE,2022-09-20,2022,0,Sideways,1,0.5278,NO TRADE,0,0,0.5465,NO TRADE,1,10,"MACD_Hist,EMA_26,EMA_12,BB_Upper,RSI_14,OBV,SMA_20,Rolling_Volatility,Volume_MA,SMA_10",MACD_Hist
RELIANCE,2022-09-21,2022,0,Sideways,1,0.5431,NO TRADE,0,0,0.5899,SELL,1,10,"MACD_Hist,EMA_26,EMA_12,BB_Upper,RSI_14,OBV,SMA_20,Rolling_Volatility,Volume_MA,SMA_10",MACD_Hist
RELIANCE,2022-09-22,2022,0,Sideways,1,0.5532,BUY,0,0,0.5994,SELL,1,10,"MACD_Hist,EMA_26,EMA_12,BB_Upper,RSI_14,OBV,SMA_20,Rolling_Volatility,Volume_MA,SMA_10",MACD_Hist
RELIANCE,2022-09-23,2022,1,Sideways,1,0.547,NO TRADE,1,1,0.5058,NO TRADE,1,10,"MACD_Hist,EMA_26,EMA_12,BB_Upper,RSI_14,OBV,SMA_20,Rolling_Volatility,Volume_MA,SMA_10",MACD_Hist
RELIANCE,2022-09-26,2022,1,Sideways,1,0.647,BUY,1,1,0.5612,BUY,1,10,"EMA_12,Rolling_Median_Return,Rolling_Volatility,EMA_26,ROC,OBV,RSI_14,Volume_MA,Return_5d,SMA_10",EMA_12
RELIANCE,2022-09-27,2022,1,Sideways,1,0.74,BUY,1,1,0.6269,BUY,1,10,"EMA_12,Rolling_Median_Return,Rolling_Volatility,EMA_26,ROC,OBV,RSI_14,Volume_MA,Return_5d,SMA_10",EMA_12
RELIANCE,2022-09-28,2022,1,Sideways,1,0.7453,BUY,1,1,0.626,BUY,1,10,"EMA_12,Rolling_Median_Return,Rolling_Volatility,EMA_26,ROC,OBV,RSI_14,Volume_MA,Return_5d,SMA_10",EMA_12
RELIANCE,2022-09-29,2022,1,Sideways,1,0.7448,BUY,1,1,0.665,BUY,1,10,"EMA_12,Rolling_Median_Return,Rolling_Volatility,EMA_26,ROC,OBV,RSI_14,Volume_MA,Return_5d,SMA_10",EMA_12
RELIANCE,2022-09-30,2022,1,Sideways,1,0.743,BUY,1,1,0.6287,BUY,1,10,"EMA_12,Rolling_Median_Return,Rolling_Volatility,EMA_26,ROC,OBV,RSI_14,Volume_MA,Return_5d,SMA_10",EMA_12
RELIANCE,2022-10-03,2022,1,Sideways,1,0.745,BUY,1,1,0.6672,BUY,1,10,"EMA_12,Rolling_Median_Return,Rolling_Volatility,EMA_26,ROC,OBV,RSI_14,Volume_MA,Return_5d,SMA_10",EMA_12
RELIANCE,2022-10-04,2022,1,Sideways,1,0.7452,BUY,1,1,0.5586,BUY,1,10,"EMA_12,Rolling_Median_Return,Rolling_Volatility,EMA_26,ROC,OBV,RSI_14,Volume_MA,Return_5d,SMA_10",EMA_12
RELIANCE,2022-10-06,2022,1,Sideways,1,0.7462,BUY,1,1,0.6629,BUY,1,10,"EMA_12,Rolling_Median_Return,Rolling_Volatility,EMA_26,ROC,OBV,RSI_14,Volume_MA,Return_5d,SMA_10",EMA_12
RELIANCE,2022-10-07,2022,1,Sideways,1,0.7323,BUY,1,1,0.5774,BUY,1,10,"EMA_12,Rolling_Median_Return,Rolling_Volatility,EMA_26,ROC,OBV,RSI_14,Volume_MA,Return_5d,SMA_10",EMA_12
RELIANCE,2022-10-10,2022,1,Sideways,1,0.7352,BUY,1,1,0.6127,BUY,1,10,"EMA_12,Rolling_Median_Return,Rolling_Volatility,EMA_26,ROC,OBV,RSI_14,Volume_MA,Return_5d,SMA_10",EMA_12
RELIANCE,2022-10-11,2022,1,Sideways,1,0.7398,BUY,1,1,0.6591,BUY,1,10,"EMA_12,Rolling_Median_Return,Rolling_Volatility,EMA_26,ROC,OBV,RSI_14,Volume_MA,Return_5d,SMA_10",EMA_12
RELIANCE,2022-10-12,2022,1,Sideways,1,0.7308,BUY,1,1,0.6683,BUY,1,10,"EMA_12,Rolling_Median_Return,Rolling_Volatility,EMA_26,ROC,OBV,RSI_14,Volume_MA,Return_5d,SMA_10",EMA_12
RELIANCE,2022-10-13,2022,1,Sideways,1,0.723,BUY,1,1,0.6272,BUY,1,10,"EMA_12,Rolling_Median_Return,Rolling_Volatility,EMA_26,ROC,OBV,RSI_14,Volume_MA,Return_5d,SMA_10",EMA_12
RELIANCE,2022-10-14,2022,1,Sideways,1,0.6795,BUY,1,1,0.6568,BUY,1,10,"EMA_12,Rolling_Median_Return,Rolling_Volatility,EMA_26,ROC,OBV,RSI_14,Volume_MA,Return_5d,SMA_10",EMA_12
RELIANCE,2022-10-17,2022,1,Sideways,1,0.7536,BUY,1,1,0.6554,BUY,1,10,"EMA_12,Rolling_Median_Return,Rolling_Volatility,EMA_26,ROC,OBV,RSI_14,Volume_MA,Return_5d,SMA_10",EMA_12
RELIANCE,2022-10-18,2022,1,Sideways,1,0.7113,BUY,1,1,0.6658,BUY,1,10,"EMA_12,Rolling_Median_Return,Rolling_Volatility,EMA_26,ROC,OBV,RSI_14,Volume_MA,Return_5d,SMA_10",EMA_12
RELIANCE,2022-10-19,2022,1,Sideways,1,0.7224,BUY,1,1,0.6799,BUY,1,10,"EMA_12,Rolling_Median_Return,Rolling_Volatility,EMA_26,ROC,OBV,RSI_14,Volume_MA,Return_5d,SMA_10",EMA_12
RELIANCE,2022-10-20,2022,1,Sideways,1,0.6936,BUY,1,1,0.691,BUY,1,10,"EMA_12,Rolling_Median_Return,Rolling_Volatility,EMA_26,ROC,OBV,RSI_14,Volume_MA,Return_5d,SMA_10",EMA_12
RELIANCE,2022-10-21,2022,1,Sideways,1,0.7659,BUY,1,1,0.6985,BUY,1,10,"EMA_12,Rolling_Median_Return,Rolling_Volatility,EMA_26,ROC,OBV,RSI_14,Volume_MA,Return_5d,SMA_10",EMA_12
RELIANCE,2022-10-24,2022,1,Sideways,1,0.7615,BUY,1,1,0.6984,BUY,1,10,"EMA_12,Rolling_Median_Return,Rolling_Volatility,EMA_26,ROC,OBV,RSI_14,Volume_MA,Return_5d,SMA_10",EMA_12
RELIANCE,2022-10-25,2022,1,Sideways,1,0.785,BUY,1,1,0.7025,BUY,1,10,"EMA_12,Rolling_Median_Return,Rolling_Volatility,EMA_26,ROC,OBV,RSI_14,Volume_MA,Return_5d,SMA_10",EMA_12
RELIANCE,2022-10-27,2022,1,Sideways,1,0.7639,BUY,1,1,0.707,BUY,1,10,"EMA_12,Rolling_Median_Return,Rolling_Volatility,EMA_26,ROC,OBV,RSI_14,Volume_MA,Return_5d,SMA_10",EMA_12
RELIANCE,2022-10-28,2022,1,Sideways,1,0.8547,BUY,1,1,0.7127,BUY,1,10,"EMA_12,Rolling_Median_Return,Rolling_Volatility,EMA_26,ROC,OBV,RSI_14,Volume_MA,Return_5d,SMA_10",EMA_12
RELIANCE,2022-10-31,2022,1,Sideways,1,0.763,BUY,1,1,0.7324,BUY,1,10,"EMA_12,Rolling_Median_Return,Rolling_Volatility,EMA_26,ROC,OBV,RSI_14,Volume_MA,Return_5d,SMA_10",EMA_12
RELIANCE,2022-11-01,2022,1,Sideways,1,0.8292,BUY,1,1,0.7217,BUY,1,10,"EMA_12,Rolling_Median_Return,Rolling_Volatility,EMA_26,ROC,OBV,RSI_14,Volume_MA,Return_5d,SMA_10",EMA_12
RELIANCE,2022-11-02,2022,1,Sideways,1,0.8318,BUY,1,1,0.7248,BUY,1,10,"EMA_12,Rolling_Median_Return,Rolling_Volatility,EMA_26,ROC,OBV,RSI_14,Volume_MA,Return_5d,SMA_10",EMA_12
RELIANCE,2022-11-03,2022,1,Sideways,1,0.8314,BUY,1,1,0.7309,BUY,1,10,"EMA_12,Rolling_Median_Return,Rolling_Volatility,EMA_26,ROC,OBV,RSI_14,Volume_MA,Return_5d,SMA_10",EMA_12
RELIANCE,2022-11-04,2022,1,Sideways,1,0.828,BUY,1,1,0.7386,BUY,1,10,"EMA_12,Rolling_Median_Return,Rolling_Volatility,EMA_26,ROC,OBV,RSI_14,Volume_MA,Return_5d,SMA_10",EMA_12
RELIANCE,2022-11-07,2022,1,Sideways,1,0.8286,BUY,1,1,0.747,BUY,1,10,"EMA_12,Rolling_Median_Return,Rolling_Volatility,EMA_26,ROC,OBV,RSI_14,Volume_MA,Return_5d,SMA_10",EMA_12
RELIANCE,2022-11-09,2022,1,Sideways,1,0.8233,BUY,1,1,0.7498,BUY,1,10,"EMA_12,Rolling_Median_Return,Rolling_Volatility,EMA_26,ROC,OBV,RSI_14,Volume_MA,Return_5d,SMA_10",EMA_12
RELIANCE,2022-11-10,2022,1,Sideways,1,0.801,BUY,1,1,0.8225,BUY,1,10,"EMA_12,EMA_26,OBV,BB_Upper,ROC,SMA_50,ATR_14,MACD_Signal,RSI_14,Return_5d",EMA_12
RELIANCE,2022-11-11,2022,0,Sideways,1,0.8105,BUY,0,1,0.8661,BUY,0,10,"EMA_12,EMA_26,OBV,BB_Upper,ROC,SMA_50,ATR_14,MACD_Signal,RSI_14,Return_5d",EMA_12
RELIANCE,2022-11-14,2022,0,Sideways,1,0.663,BUY,0,1,0.8473,BUY,0,10,"EMA_12,EMA_26,OBV,BB_Upper,ROC,SMA_50,ATR_14,MACD_Signal,RSI_14,Return_5d",EMA_12
RELIANCE,2022-11-15,2022,1,Sideways,1,0.731,BUY,1,1,0.6237,BUY,1,10,"EMA_12,EMA_26,OBV,BB_Upper,ROC,SMA_50,ATR_14,MACD_Signal,RSI_14,Return_5d",EMA_12
RELIANCE,2022-11-16,2022,1,Sideways,1,0.7415,BUY,1,1,0.8248,BUY,1,10,"EMA_12,EMA_26,OBV,BB_Upper,ROC,SMA_50,ATR_14,MACD_Signal,RSI_14,Return_5d",EMA_12
RELIANCE,2022-11-17,2022,0,Sideways,1,0.7594,BUY,0,1,0.8453,BUY,0,10,"EMA_12,EMA_26,OBV,BB_Upper,ROC,SMA_50,ATR_14,MACD_Signal,RSI_14,Return_5d",EMA_12
RELIANCE,2022-11-18,2022,0,Sideways,1,0.6025,BUY,0,1,0.5178,NO TRADE,0,10,"EMA_12,EMA_26,OBV,BB_Upper,ROC,SMA_50,ATR_14,MACD_Signal,RSI_14,Return_5d",EMA_12
RELIANCE,2022-11-21,2022,1,Sideways,1,0.5965,BUY,1,1,0.5326,NO TRADE,1,10,"EMA_12,EMA_26,OBV,BB_Upper,ROC,SMA_50,ATR_14,MACD_Signal,RSI_14,Return_5d",EMA_12
RELIANCE,2022-11-22,2022,1,Sideways,1,0.7448,BUY,1,1,0.7648,BUY,1,10,"EMA_12,EMA_26,OBV,BB_Upper,ROC,SMA_50,ATR_14,MACD_Signal,RSI_14,Return_5d",EMA_12
RELIANCE,2022-11-23,2022,1,Sideways,1,0.7606,BUY,1,1,0.817,BUY,1,10,"EMA_12,EMA_26,OBV,BB_Upper,ROC,SMA_50,ATR_14,MACD_Signal,RSI_14,Return_5d",EMA_12
RELIANCE,2022-11-24,2022,0,Sideways,1,0.7614,BUY,0,1,0.8097,BUY,0,10,"EMA_12,EMA_26,OBV,BB_Upper,ROC,SMA_50,ATR_14,MACD_Signal,RSI_14,Return_5d",EMA_12
RELIANCE,2022-11-25,2022,0,Sideways,1,0.5997,BUY,0,1,0.5212,NO TRADE,0,10,"EMA_12,EMA_26,OBV,BB_Upper,ROC,SMA_50,ATR_14,MACD_Signal,RSI_14,Return_5d",EMA_12
RELIANCE,2022-11-28,2022,0,Sideways,1,0.7581,BUY,0,1,0.5324,NO TRADE,0,10,"EMA_12,EMA_26,OBV,BB_Upper,ROC,SMA_50,ATR_14,MACD_Signal,RSI_14,Return_5d",EMA_12
RELIANCE,2022-11-29,2022,0,Sideways,1,0.5425,NO TRADE,0,0,0.5009,NO TRADE,1,10,"EMA_12,EMA_26,OBV,BB_Upper,ROC,SMA_50,ATR_14,MACD_Signal,RSI_14,Return_5d",EMA_12
RELIANCE,2022-11-30,2022,0,Sideways,0,0.5618,SELL,1,0,0.5994,SELL,1,10,"EMA_12,EMA_26,OBV,BB_Upper,ROC,SMA_50,ATR_14,MACD_Signal,RSI_14,Return_5d",EMA_12
RELIANCE,2022-12-01,2022,0,Sideways,0,0.5198,NO TRADE,1,0,0.6296,SELL,1,10,"EMA_12,EMA_26,OBV,BB_Upper,ROC,SMA_50,ATR_14,MACD_Signal,RSI_14,Return_5d",EMA_12
RELIANCE,2022-12-02,2022,0,Sideways,0,0.61,SELL,1,0,0.651,SELL,1,10,"EMA_12,EMA_26,OBV,BB_Upper,ROC,SMA_50,ATR_14,MACD_Signal,RSI_14,Return_5d",EMA_12
RELIANCE,2022-12-05,2022,0,Sideways,0,0.6127,SELL,1,0,0.6404,SELL,1,10,"EMA_12,EMA_26,OBV,BB_Upper,ROC,SMA_50,ATR_14,MACD_Signal,RSI_14,Return_5d",EMA_12
RELIANCE,2022-12-06,2022,0,Sideways,0,0.619,SELL,1,0,0.6538,SELL,1,10,"EMA_12,EMA_26,OBV,BB_Upper,ROC,SMA_50,ATR_14,MACD_Signal,RSI_14,Return_5d",EMA_12
RELIANCE,2022-12-07,2022,0,Sideways,0,0.6376,SELL,1,0,0.6362,SELL,1,10,"EMA_12,EMA_26,OBV,BB_Upper,ROC,SMA_50,ATR_14,MACD_Signal,RSI_14,Return_5d",EMA_12
RELIANCE,2022-12-08,2022,0,Sideways,0,0.6371,SELL,1,0,0.5838,SELL,1,10,"EMA_12,EMA_26,OBV,BB_Upper,ROC,SMA_50,ATR_14,MACD_Signal,RSI_14,Return_5d",EMA_12
RELIANCE,2022-12-09,2022,0,Sideways,0,0.6009,SELL,1,0,0.6089,SELL,1,10,"EMA_12,EMA_26,OBV,BB_Upper,ROC,SMA_50,ATR_14,MACD_Signal,RSI_14,Return_5d",EMA_12
RELIANCE,2022-12-12,2022,0,Sideways,0,0.5767,SELL,1,0,0.6129,SELL,1,10,"EMA_12,EMA_26,OBV,BB_Upper,ROC,SMA_50,ATR_14,MACD_Signal,RSI_14,Return_5d",EMA_12
RELIANCE,2022-12-13,2022,0,Sideways,0,0.5672,SELL,1,0,0.6312,SELL,1,10,"EMA_12,EMA_26,OBV,BB_Upper,ROC,SMA_50,ATR_14,MACD_Signal,RSI_14,Return_5d",EMA_12
RELIANCE,2022-12-14,2022,0,Sideways,0,0.5504,SELL,1,0,0.628,SELL,1,10,"EMA_12,EMA_26,OBV,BB_Upper,ROC,SMA_50,ATR_14,MACD_Signal,RSI_14,Return_5d",EMA_12
RELIANCE,2022-12-15,2022,0,Sideways,1,0.5243,NO TRADE,0,0,0.6059,SELL,1,10,"EMA_12,EMA_26,OBV,BB_Upper,ROC,SMA_50,ATR_14,MACD_Signal,RSI_14,Return_5d",EMA_12
RELIANCE,2022-12-16,2022,0,Sideways,0,0.6306,SELL,1,0,0.5713,SELL,1,10,"EMA_12,EMA_26,OBV,BB_Upper,ROC,SMA_50,ATR_14,MACD_Signal,RSI_14,Return_5d",EMA_12
RELIANCE,2022-12-19,2022,0,Sideways,0,0.6231,SELL,1,0,0.6163,SELL,1,10,"EMA_12,EMA_26,OBV,BB_Upper,ROC,SMA_50,ATR_14,MACD_Signal,RSI_14,Return_5d",EMA_12
RELIANCE,2022-12-20,2022,0,Sideways,0,0.6283,SELL,1,0,0.6341,SELL,1,10,"EMA_12,EMA_26,OBV,BB_Upper,ROC,SMA_50,ATR_14,MACD_Signal,RSI_14,Return_5d",EMA_12
RELIANCE,2022-12-21,2022,0,Sideways,0,0.6191,SELL,1,0,0.6155,SELL,1,10,"EMA_12,EMA_26,OBV,BB_Upper,ROC,SMA_50,ATR_14,MACD_Signal,RSI_14,Return_5d",EMA_12
RELIANCE,2022-12-22,2022,0,Sideways,0,0.6204,SELL,1,0,0.6257,SELL,1,10,"EMA_12,OBV,MACD_Signal,Return_5d,BB_Upper,Volume_MA,SMA_50,EMA_26,RSI_14,ATR_14",EMA_12
RELIANCE,2022-12-23,2022,0,Sideways,0,0.5452,NO TRADE,1,0,0.5136,NO TRADE,1,10,"EMA_12,OBV,MACD_Signal,Return_5d,BB_Upper,Volume_MA,SMA_50,EMA_26,RSI_14,ATR_14",EMA_12
RELIANCE,2022-12-26,2022,0,Sideways,0,0.608,SELL,1,0,0.5335,NO TRADE,1,10,"EMA_12,OBV,MACD_Signal,Return_5d,BB_Upper,Volume_MA,SMA_50,EMA_26,RSI_14,ATR_14",EMA_12
RELIANCE,2022-12-27,2022,0,Sideways,0,0.6046,SELL,1,0,0.6492,SELL,1,10,"EMA_12,OBV,MACD_Signal,Return_5d,BB_Upper,Volume_MA,SMA_50,EMA_26,RSI_14,ATR_14",EMA_12
RELIANCE,2022-12-28,2022,0,Sideways,0,0.6011,SELL,1,0,0.7286,SELL,1,10,"EMA_12,OBV,MACD_Signal,Return_5d,BB_Upper,Volume_MA,SMA_50,EMA_26,RSI_14,ATR_14",EMA_12
RELIANCE,2022-12-29,2022,0,Sideways,0,0.5974,SELL,1,0,0.7729,SELL,1,10,"EMA_12,OBV,MACD_Signal,Return_5d,BB_Upper,Volume_MA,SMA_50,EMA_26,RSI_14,ATR_14",EMA_12
RELIANCE,2022-12-30,2022,0,Sideways,0,0.5902,SELL,1,0,0.7832,SELL,1,10,"EMA_12,OBV,MACD_Signal,Return_5d,BB_Upper,Volume_MA,SMA_50,EMA_26,RSI_14,ATR_14",EMA_12
RELIANCE,2023-01-02,2023,0,Sideways,1,0.541,NO TRADE,0,0,0.7929,SELL,1,10,"EMA_12,OBV,MACD_Signal,Return_5d,BB_Upper,Volume_MA,SMA_50,EMA_26,RSI_14,ATR_14",EMA_12
RELIANCE,2023-01-03,2023,0,Sideways,0,0.5547,SELL,1,0,0.7943,SELL,1,10,"EMA_12,OBV,MACD_Signal,Return_5d,BB_Upper,Volume_MA,SMA_50,EMA_26,RSI_14,ATR_14",EMA_12
RELIANCE,2023-01-04,2023,0,Sideways,0,0.5053,NO TRADE,1,0,0.7894,SELL,1,10,"EMA_12,OBV,MACD_Signal,Return_5d,BB_Upper,Volume_MA,SMA_50,EMA_26,RSI_14,ATR_14",EMA_12
RELIANCE,2023-01-05,2023,0,Sideways,0,0.5604,SELL,1,0,0.7436,SELL,1,10,"EMA_12,OBV,MACD_Signal,Return_5d,BB_Upper,Volume_MA,SMA_50,EMA_26,RSI_14,ATR_14",EMA_12
RELIANCE,2023-01-06,2023,0,Sideways,0,0.56,SELL,1,0,0.8028,SELL,1,10,"EMA_12,OBV,MACD_Signal,Return_5d,BB_Upper,Volume_MA,SMA_50,EMA_26,RSI_14,ATR_14",EMA_12
RELIANCE,2023-01-09,2023,0,Sideways,1,0.5292,NO TRADE,0,0,0.8029,SELL,1,10,"EMA_12,OBV,MACD_Signal,Return_5d,BB_Upper,Volume_MA,SMA_50,EMA_26,RSI_14,ATR_14",EMA_12
RELIANCE,2023-01-10,2023,0,Sideways,1,0.5183,NO TRADE,0,0,0.8074,SELL,1,10,"EMA_12,OBV,MACD_Signal,Return_5d,BB_Upper,Volume_MA,SMA_50,EMA_26,RSI_14,ATR_14",EMA_12
RELIANCE,2023-01-11,2023,0,Sideways,0,0.5707,SELL,1,0,0.8065,SELL,1,10,"EMA_12,OBV,MACD_Signal,Return_5d,BB_Upper,Volume_MA,SMA_50,EMA_26,RSI_14,ATR_14",EMA_12
RELIANCE,2023-01-12,2023,0,Sideways,0,0.5774,SELL,1,0,0.7464,SELL,1,10,"EMA_12,OBV,MACD_Signal,Return_5d,BB_Upper,Volume_MA,SMA_50,EMA_26,RSI_14,ATR_14",EMA_12
RELIANCE,2023-01-13,2023,0,Sideways,0,0.6013,SELL,1,0,0.6998,SELL,1,10,"EMA_12,OBV,MACD_Signal,Return_5d,BB_Upper,Volume_MA,SMA_50,EMA_26,RSI_14,ATR_14",EMA_12
RELIANCE,2023-01-16,2023,0,Sideways,0,0.5014,NO TRADE,1,0,0.707,SELL,1,10,"EMA_12,OBV,MACD_Signal,Return_5d,BB_Upper,Volume_MA,SMA_50,EMA_26,RSI_14,ATR_14",EMA_12
RELIANCE,2023-01-17,2023,0,Sideways,1,0.5505,BUY,0,0,0.7982,SELL,1,10,"EMA_12,OBV,MACD_Signal,Return_5d,BB_Upper,Volume_MA,SMA_50,EMA_26,RSI_14,ATR_14",EMA_12
RELIANCE,2023-01-18,2023,0,Sideways,1,0.5531,BUY,0,0,0.794,SELL,1,10,"EMA_12,OBV,MACD_Signal,Return_5d,BB_Upper,Volume_MA,SMA_50,EMA_26,RSI_14,ATR_14",EMA_12
RELIANCE,2023-01-19,2023,0,Sideways,0,0.6216,SELL,1,0,0.7908,SELL,1,10,"EMA_12,OBV,MACD_Signal,Return_5d,BB_Upper,Volume_MA,SMA_50,EMA_26,RSI_14,ATR_14",EMA_12
RELIANCE,2023-01-20,2023,0,Sideways,0,0.5352,NO TRADE,1,0,0.7892,SELL,1,10,"EMA_12,OBV,MACD_Signal,Return_5d,BB_Upper,Volume_MA,SMA_50,EMA_26,RSI_14,ATR_14",EMA_12
RELIANCE,2023-01-23,2023,1,Sideways,0,0.5353,NO TRADE,0,0,0.8023,SELL,0,10,"EMA_12,OBV,MACD_Signal,Return_5d,BB_Upper,Volume_MA,SMA_50,EMA_26,RSI_14,ATR_14",EMA_12
RELIANCE,2023-01-24,2023,0,Sideways,1,0.6512,BUY,0,0,0.5035,NO TRADE,1,10,"EMA_12,OBV,MACD_Signal,Return_5d,BB_Upper,Volume_MA,SMA_50,EMA_26,RSI_14,ATR_14",EMA_12
RELIANCE,2023-01-25,2023,0,Sideways,1,0.6875,BUY,0,0,0.6708,SELL,1,10,"EMA_12,OBV,MACD_Signal,Return_5d,BB_Upper,Volume_MA,SMA_50,EMA_26,RSI_14,ATR_14",EMA_12
RELIANCE,2023-01-27,2023,1,Sideways,1,0.5843,BUY,1,0,0.7559,SELL,0,10,"EMA_12,OBV,MACD_Signal,Return_5d,BB_Upper,Volume_MA,SMA_50,EMA_26,RSI_14,ATR_14",EMA_12
RELIANCE,2023-01-30,2023,1,Sideways,1,0.6005,BUY,1,1,0.667,BUY,1,10,"EMA_12,OBV,MACD_Signal,Return_5d,BB_Upper,Volume_MA,SMA_50,EMA_26,RSI_14,ATR_14",EMA_12
RELIANCE,2023-01-31,2023,0,Sideways,1,0.7431,BUY,0,1,0.7217,BUY,0,10,"EMA_12,OBV,MACD_Signal,Return_5d,BB_Upper,Volume_MA,SMA_50,EMA_26,RSI_14,ATR_14",EMA_12
RELIANCE,2023-02-01,2023,1,Sideways,1,0.6605,BUY,1,1,0.7166,BUY,1,10,"EMA_12,OBV,MACD_Signal,Return_5d,BB_Upper,Volume_MA,SMA_50,EMA_26,RSI_14,ATR_14",EMA_12
RELIANCE,2023-02-02,2023,0,Sideways,1,0.8096,BUY,0,1,0.7485,BUY,0,10,"EMA_12,OBV,MACD_Signal,Return_5d,BB_Upper,Volume_MA,SMA_50,EMA_26,RSI_14,ATR_14",EMA_12
RELIANCE,2023-02-03,2023,1,Sideways,1,0.6651,BUY,1,1,0.6943,BUY,1,10,"EMA_12,EMA_26,MACD_Signal,SMA_20,ROC,BB_Upper,ATR_14,Volume_MA,Rolling_Volatility,MFI",EMA_12
RELIANCE,2023-02-06,2023,1,Sideways,1,0.8617,BUY,1,1,0.7022,BUY,1,10,"EMA_12,EMA_26,MACD_Signal,SMA_20,ROC,BB_Upper,ATR_14,Volume_MA,Rolling_Volatility,MFI",EMA_12
RELIANCE,2023-02-07,2023,1,Sideways,1,0.9075,BUY,1,1,0.8175,BUY,1,10,"EMA_12,EMA_26,MACD_Signal,SMA_20,ROC,BB_Upper,ATR_14,Volume_MA,Rolling_Volatility,MFI",EMA_12
RELIANCE,2023-02-08,2023,1,Sideways,1,0.908,BUY,1,1,0.8096,BUY,1,10,"EMA_12,EMA_26,MACD_Signal,SMA_20,ROC,BB_Upper,ATR_14,Volume_MA,Rolling_Volatility,MFI",EMA_12
RELIANCE,2023-02-09,2023,0,Sideways,1,0.9102,BUY,0,1,0.8141,BUY,0,10,"EMA_12,EMA_26,MACD_Signal,SMA_20,ROC,BB_Upper,ATR_14,Volume_MA,Rolling_Volatility,MFI",EMA_12
RELIANCE,2023-02-10,2023,0,Sideways,1,0.8922,BUY,0,1,0.65,BUY,0,10,"EMA_12,EMA_26,MACD_Signal,SMA_20,ROC,BB_Upper,ATR_14,Volume_MA,Rolling_Volatility,MFI",EMA_12
RELIANCE,2023-02-13,2023,0,Sideways,1,0.6127,BUY,0,1,0.5743,BUY,0,10,"EMA_12,EMA_26,MACD_Signal,SMA_20,ROC,BB_Upper,ATR_14,Volume_MA,Rolling_Volatility,MFI",EMA_12
RELIANCE,2023-02-14,2023,0,Sideways,1,0.6326,BUY,0,1,0.5257,NO TRADE,0,10,"EMA_12,EMA_26,MACD_Signal,SMA_20,ROC,BB_Upper,ATR_14,Volume_MA,Rolling_Volatility,MFI",EMA_12
RELIANCE,2023-02-15,2023,0,Sideways,1,0.5561,BUY,0,0,0.5211,NO TRADE,1,10,"EMA_12,EMA_26,MACD_Signal,SMA_20,ROC,BB_Upper,ATR_14,Volume_MA,Rolling_Volatility,MFI",EMA_12
RELIANCE,2023-02-16,2023,0,Sideways,0,0.5372,NO TRADE,1,0,0.5383,NO TRADE,1,10,"EMA_12,EMA_26,MACD_Signal,SMA_20,ROC,BB_Upper,ATR_14,Volume_MA,Rolling_Volatility,MFI",EMA_12
RELIANCE,2023-02-17,2023,0,Sideways,0,0.553,SELL,1,0,0.5516,SELL,1,10,"EMA_12,EMA_26,MACD_Signal,SMA_20,ROC,BB_Upper,ATR_14,Volume_MA,Rolling_Volatility,MFI",EMA_12
RELIANCE,2023-02-20,2023,0,Sideways,0,0.6877,SELL,1,0,0.5586,SELL,1,10,"EMA_12,EMA_26,MACD_Signal,SMA_20,ROC,BB_Upper,ATR_14,Volume_MA,Rolling_Volatility,MFI",EMA_12
RELIANCE,2023-02-21,2023,0,Sideways,0,0.7195,SELL,1,0,0.575,SELL,1,10,"EMA_12,EMA_26,MACD_Signal,SMA_20,ROC,BB_Upper,ATR_14,Volume_MA,Rolling_Volatility,MFI",EMA_12
RELIANCE,2023-02-22,2023,0,Sideways,0,0.6649,SELL,1,0,0.5755,SELL,1,10,"EMA_12,EMA_26,MACD_Signal,SMA_20,ROC,BB_Upper,ATR_14,Volume_MA,Rolling_Volatility,MFI",EMA_12
RELIANCE,2023-02-23,2023,0,Sideways,0,0.8354,SELL,1,0,0.5894,SELL,1,10,"EMA_12,EMA_26,MACD_Signal,SMA_20,ROC,BB_Upper,ATR_14,Volume_MA,Rolling_Volatility,MFI",EMA_12
RELIANCE,2023-02-24,2023,0,Sideways,0,0.7976,SELL,1,0,0.6126,SELL,1,10,"EMA_12,EMA_26,MACD_Signal,SMA_20,ROC,BB_Upper,ATR_14,Volume_MA,Rolling_Volatility,MFI",EMA_12
RELIANCE,2023-02-27,2023,0,Sideways,0,0.8712,SELL,1,0,0.6486,SELL,1,10,"EMA_12,EMA_26,MACD_Signal,SMA_20,ROC,BB_Upper,ATR_14,Volume_MA,Rolling_Volatility,MFI",EMA_12
RELIANCE,2023-02-28,2023,0,Sideways,0,0.8041,SELL,1,0,0.6363,SELL,1,10,"EMA_12,EMA_26,MACD_Signal,SMA_20,ROC,BB_Upper,ATR_14,Volume_MA,Rolling_Volatility,MFI",EMA_12
RELIANCE,2023-03-01,2023,0,Sideways,0,0.8742,SELL,1,0,0.6848,SELL,1,10,"EMA_12,EMA_26,MACD_Signal,SMA_20,ROC,BB_Upper,ATR_14,Volume_MA,Rolling_Volatility,MFI",EMA_12
RELIANCE,2023-03-02,2023,1,Sideways,0,0.8842,SELL,0,0,0.7135,SELL,0,10,"EMA_12,EMA_26,MACD_Signal,SMA_20,ROC,BB_Upper,ATR_14,Volume_MA,Rolling_Volatility,MFI",EMA_12
RELIANCE,2023-03-03,2023,0,Sideways,0,0.6687,SELL,1,0,0.6231,SELL,1,10,"EMA_12,EMA_26,MACD_Signal,SMA_20,ROC,BB_Upper,ATR_14,Volume_MA,Rolling_Volatility,MFI",EMA_12
RELIANCE,2023-03-06,2023,0,Sideways,0,0.8632,SELL,1,0,0.6496,SELL,1,10,"EMA_12,EMA_26,MACD_Signal,SMA_20,ROC,BB_Upper,ATR_14,Volume_MA,Rolling_Volatility,MFI",EMA_12
RELIANCE,2023-03-08,2023,0,Sideways,0,0.8308,SELL,1,0,0.6673,SELL,1,10,"EMA_12,EMA_26,MACD_Signal,SMA_20,ROC,BB_Upper,ATR_14,Volume_MA,Rolling_Volatility,MFI",EMA_12
RELIANCE,2023-03-09,2023,0,Sideways,0,0.8603,SELL,1,0,0.6556,SELL,1,10,"EMA_12,EMA_26,MACD_Signal,SMA_20,ROC,BB_Upper,ATR_14,Volume_MA,Rolling_Volatility,MFI",EMA_12
RELIANCE,2023-03-10,2023,1,Sideways,0,0.9342,SELL,0,0,0.6476,SELL,0,10,"EMA_12,EMA_26,MACD_Signal,SMA_20,ROC,BB_Upper,ATR_14,Volume_MA,Rolling_Volatility,MFI",EMA_12
RELIANCE,2023-03-13,2023,1,Sideways,0,0.8161,SELL,0,0,0.5114,NO TRADE,0,10,"EMA_12,EMA_26,MACD_Signal,SMA_20,ROC,BB_Upper,ATR_14,Volume_MA,Rolling_Volatility,MFI",EMA_12
RELIANCE,2023-03-14,2023,1,Sideways,0,0.6137,SELL,0,1,0.5343,NO TRADE,1,10,"EMA_12,EMA_26,MACD_Signal,SMA_20,ROC,BB_Upper,ATR_14,Volume_MA,Rolling_Volatility,MFI",EMA_12
RELIANCE,2023-03-15,2023,1,Sideways,1,0.512,NO TRADE,1,1,0.5755,BUY,1,10,"EMA_12,EMA_26,MACD_Signal,SMA_20,ROC,BB_Upper,ATR_14,Volume_MA,Rolling_Volatility,MFI",EMA_12
RELIANCE,2023-03-16,2023,1,Sideways,0,0.5119,NO TRADE,0,1,0.5723,BUY,1,10,"EMA_12,EMA_26,MACD_Signal,SMA_20,ROC,BB_Upper,ATR_14,Volume_MA,Rolling_Volatility,MFI",EMA_12
RELIANCE,2023-03-17,2023,1,Sideways,0,0.5076,NO TRADE,0,1,0.5952,BUY,1,10,"EMA_12,EMA_26,MACD_Signal,SMA_20,ROC,BB_Upper,ATR_14,Volume_MA,Rolling_Volatility,MFI",EMA_12
RELIANCE,2023-03-20,2023,1,Sideways,1,0.6329,BUY,1,1,0.6191,BUY,1,10,"EMA_12,ATR_14,BB_Upper,MACD_Signal,Rolling_Median_Return,EMA_26,Stochastic,Williams_R,SMA_10,Return_5d",EMA_12
RELIANCE,2023-03-21,2023,1,Sideways,1,0.7447,BUY,1,1,0.8102,BUY,1,10,"EMA_12,ATR_14,BB_Upper,MACD_Signal,Rolling_Median_Return,EMA_26,Stochastic,Williams_R,SMA_10,Return_5d",EMA_12
RELIANCE,2023-03-22,2023,1,Sideways,1,0.6643,BUY,1,1,0.7489,BUY,1,10,"EMA_12,ATR_14,BB_Upper,MACD_Signal,Rolling_Median_Return,EMA_26,Stochastic,Williams_R,SMA_10,Return_5d",EMA_12
RELIANCE,2023-03-23,2023,1,Sideways,1,0.6847,BUY,1,1,0.7817,BUY,1,10,"EMA_12,ATR_14,BB_Upper,MACD_Signal,Rolling_Median_Return,EMA_26,Stochastic,Williams_R,SMA_10,Return_5d",EMA_12
RELIANCE,2023-03-24,2023,1,Sideways,1,0.8535,BUY,1,1,0.844,BUY,1,10,"EMA_12,ATR_14,BB_Upper,MACD_Signal,Rolling_Median_Return,EMA_26,Stochastic,Williams_R,SMA_10,Return_5d",EMA_12
RELIANCE,2023-03-27,2023,1,Sideways,1,0.8416,BUY,1,1,0.8844,BUY,1,10,"EMA_12,ATR_14,BB_Upper,MACD_Signal,Rolling_Median_Return,EMA_26,Stochastic,Williams_R,SMA_10,Return_5d",EMA_12
RELIANCE,2023-03-28,2023,1,Sideways,1,0.83,BUY,1,1,0.8133,BUY,1,10,"EMA_12,ATR_14,BB_Upper,MACD_Signal,Rolling_Median_Return,EMA_26,Stochastic,Williams_R,SMA_10,Return_5d",EMA_12
RELIANCE,2023-03-29,2023,1,Sideways,1,0.812,BUY,1,1,0.8169,BUY,1,10,"EMA_12,ATR_14,BB_Upper,MACD_Signal,Rolling_Median_Return,EMA_26,Stochastic,Williams_R,SMA_10,Return_5d",EMA_12
RELIANCE,2023-03-31,2023,1,Sideways,1,0.7799,BUY,1,1,0.6964,BUY,1,10,"EMA_12,ATR_14,BB_Upper,MACD_Signal,Rolling_Median_Return,EMA_26,Stochastic,Williams_R,SMA_10,Return_5d",EMA_12
RELIANCE,2023-04-03,2023,1,Sideways,1,0.7968,BUY,1,1,0.7082,BUY,1,10,"EMA_12,ATR_14,BB_Upper,MACD_Signal,Rolling_Median_Return,EMA_26,Stochastic,Williams_R,SMA_10,Return_5d",EMA_12
RELIANCE,2023-04-05,2023,1,Sideways,1,0.9005,BUY,1,1,0.753,BUY,1,10,"EMA_12,ATR_14,BB_Upper,MACD_Signal,Rolling_Median_Return,EMA_26,Stochastic,Williams_R,SMA_10,Return_5d",EMA_12
RELIANCE,2023-04-06,2023,1,Sideways,1,0.9198,BUY,1,1,0.7683,BUY,1,10,"EMA_12,ATR_14,BB_Upper,MACD_Signal,Rolling_Median_Return,EMA_26,Stochastic,Williams_R,SMA_10,Return_5d",EMA_12
RELIANCE,2023-04-10,2023,1,Sideways,1,0.9227,BUY,1,1,0.814,BUY,1,10,"EMA_12,ATR_14,BB_Upper,MACD_Signal,Rolling_Median_Return,EMA_26,Stochastic,Williams_R,SMA_10,Return_5d",EMA_12
RELIANCE,2023-04-11,2023,1,Sideways,1,0.9363,BUY,1,1,0.7773,BUY,1,10,"EMA_12,ATR_14,BB_Upper,MACD_Signal,Rolling_Median_Return,EMA_26,Stochastic,Williams_R,SMA_10,Return_5d",EMA_12
RELIANCE,2023-04-12,2023,1,Sideways,1,0.9442,BUY,1,1,0.79,BUY,1,10,"EMA_12,ATR_14,BB_Upper,MACD_Signal,Rolling_Median_Return,EMA_26,Stochastic,Williams_R,SMA_10,Return_5d",EMA_12
RELIANCE,2023-04-13,2023,1,Sideways,1,0.9338,BUY,1,1,0.7791,BUY,1,10,"EMA_12,ATR_14,BB_Upper,MACD_Signal,Rolling_Median_Return,EMA_26,Stochastic,Williams_R,SMA_10,Return_5d",EMA_12
RELIANCE,2023-04-17,2023,1,Sideways,1,0.9643,BUY,1,1,0.8377,BUY,1,10,"EMA_12,ATR_14,BB_Upper,MACD_Signal,Rolling_Median_Return,EMA_26,Stochastic,Williams_R,SMA_10,Return_5d",EMA_12
RELIANCE,2023-04-18,2023,1,Sideways,1,0.9261,BUY,1,1,0.8471,BUY,1,10,"EMA_12,ATR_14,BB_Upper,MACD_Signal,Rolling_Median_Return,EMA_26,Stochastic,Williams_R,SMA_10,Return_5d",EMA_12
RELIANCE,2023-04-19,2023,1,Sideways,1,0.8919,BUY,1,1,0.842,BUY,1,10,"EMA_12,ATR_14,BB_Upper,MACD_Signal,Rolling_Median_Return,EMA_26,Stochastic,Williams_R,SMA_10,Return_5d",EMA_12
RELIANCE,2023-04-20,2023,1,Sideways,1,0.8817,BUY,1,1,0.8342,BUY,1,10,"EMA_12,ATR_14,BB_Upper,MACD_Signal,Rolling_Median_Return,EMA_26,Stochastic,Williams_R,SMA_10,Return_5d",EMA_12
RELIANCE,2023-04-21,2023,1,Sideways,1,0.876,BUY,1,1,0.8467,BUY,1,10,"EMA_12,ATR_14,BB_Upper,MACD_Signal,Rolling_Median_Return,EMA_26,Stochastic,Williams_R,SMA_10,Return_5d",EMA_12
RELIANCE,2023-04-24,2023,1,Sideways,1,0.7888,BUY,1,1,0.8682,BUY,1,10,"EMA_12,ATR_14,BB_Upper,MACD_Signal,Rolling_Median_Return,EMA_26,Stochastic,Williams_R,SMA_10,Return_5d",EMA_12
RELIANCE,2023-04-25,2023,1,Sideways,1,0.8767,BUY,1,1,0.8876,BUY,1,10,"EMA_12,ATR_14,BB_Upper,MACD_Signal,Rolling_Median_Return,EMA_26,Stochastic,Williams_R,SMA_10,Return_5d",EMA_12
RELIANCE,2023-04-26,2023,1,Sideways,1,0.8777,BUY,1,1,0.9046,BUY,1,10,"EMA_12,ATR_14,BB_Upper,MACD_Signal,Rolling_Median_Return,EMA_26,Stochastic,Williams_R,SMA_10,Return_5d",EMA_12
RELIANCE,2023-04-27,2023,1,Sideways,1,0.8795,BUY,1,1,0.9219,BUY,1,10,"EMA_12,ATR_14,BB_Upper,MACD_Signal,Rolling_Median_Return,EMA_26,Stochastic,Williams_R,SMA_10,Return_5d",EMA_12
RELIANCE,2023-04-28,2023,1,Sideways,1,0.897,BUY,1,1,0.9398,BUY,1,10,"EMA_12,ATR_14,BB_Upper,MACD_Signal,Rolling_Median_Return,EMA_26,Stochastic,Williams_R,SMA_10,Return_5d",EMA_12
RELIANCE,2023-05-02,2023,1,Sideways,1,0.8725,BUY,1,1,0.9426,BUY,1,10,"EMA_12,ATR_14,BB_Upper,MACD_Signal,Rolling_Median_Return,EMA_26,Stochastic,Williams_R,SMA_10,Return_5d",EMA_12
RELIANCE,2023-05-03,2023,1,Sideways,1,0.8824,BUY,1,1,0.9424,BUY,1,10,"EMA_12,ATR_14,BB_Upper,MACD_Signal,Rolling_Median_Return,EMA_26,Stochastic,Williams_R,SMA_10,Return_5d",EMA_12
RELIANCE,2023-05-04,2023,1,Sideways,1,0.9502,BUY,1,1,0.947,BUY,1,10,"EMA_12,ATR_14,BB_Upper,MACD_Signal,Rolling_Median_Return,EMA_26,Stochastic,Williams_R,SMA_10,Return_5d",EMA_12
RELIANCE,2023-05-05,2023,1,Sideways,1,0.9414,BUY,1,1,0.9479,BUY,1,10,"EMA_12,ATR_14,BB_Upper,MACD_Signal,Rolling_Median_Return,EMA_26,Stochastic,Williams_R,SMA_10,Return_5d",EMA_12
RELIANCE,2023-05-08,2023,1,Sideways,1,0.9554,BUY,1,0,0.5089,NO TRADE,0,10,"EMA_12,EMA_26,BB_Upper,MACD_Signal,BB_Width,Rolling_Volatility,Rolling_Median_Return,ROC,Rolling_Mean_Return,SMA_50",EMA_12
RELIANCE,2023-05-09,2023,0,Sideways,1,0.9538,BUY,0,1,0.8918,BUY,0,10,"EMA_12,EMA_26,BB_Upper,MACD_Signal,BB_Width,Rolling_Volatility,Rolling_Median_Return,ROC,Rolling_Mean_Return,SMA_50",EMA_12
RELIANCE,2023-05-10,2023,1,Sideways,1,0.8715,BUY,1,1,0.7815,BUY,1,10,"EMA_12,EMA_26,BB_Upper,MACD_Signal,BB_Width,Rolling_Volatility,Rolling_Median_Return,ROC,Rolling_Mean_Return,SMA_50",EMA_12
RELIANCE,2023-05-11,2023,1,Sideways,1,0.8292,BUY,1,1,0.868,BUY,1,10,"EMA_12,EMA_26,BB_Upper,MACD_Signal,BB_Width,Rolling_Volatility,Rolling_Median_Return,ROC,Rolling_Mean_Return,SMA_50",EMA_12
RELIANCE,2023-05-12,2023,0,Sideways,1,0.8712,BUY,0,1,0.8673,BUY,0,10,"EMA_12,EMA_26,BB_Upper,MACD_Signal,BB_Width,Rolling_Volatility,Rolling_Median_Return,ROC,Rolling_Mean_Return,SMA_50",EMA_12
RELIANCE,2023-05-15,2023,0,Sideways,1,0.5848,BUY,0,1,0.8062,BUY,0,10,"EMA_12,EMA_26,BB_Upper,MACD_Signal,BB_Width,Rolling_Volatility,Rolling_Median_Return,ROC,Rolling_Mean_Return,SMA_50",EMA_12
RELIANCE,2023-05-16,2023,1,Sideways,0,0.5173,NO TRADE,0,1,0.7192,BUY,1,10,"EMA_12,EMA_26,BB_Upper,MACD_Signal,BB_Width,Rolling_Volatility,Rolling_Median_Return,ROC,Rolling_Mean_Return,SMA_50",EMA_12
RELIANCE,2023-05-17,2023,1,Sideways,1,0.5279,NO TRADE,1,1,0.7208,BUY,1,10,"EMA_12,EMA_26,BB_Upper,MACD_Signal,BB_Width,Rolling_Volatility,Rolling_Median_Return,ROC,Rolling_Mean_Return,SMA_50",EMA_12
RELIANCE,2023-05-18,2023,1,Sideways,1,0.703,BUY,1,1,0.7353,BUY,1,10,"EMA_12,EMA_26,BB_Upper,MACD_Signal,BB_Width,Rolling_Volatility,Rolling_Median_Return,ROC,Rolling_Mean_Return,SMA_50",EMA_12
RELIANCE,2023-05-19,2023,1,Sideways,1,0.724,BUY,1,1,0.74,BUY,1,10,"EMA_12,EMA_26,BB_Upper,MACD_Signal,BB_Width,Rolling_Volatility,Rolling_Median_Return,ROC,Rolling_Mean_Return,SMA_50",EMA_12
RELIANCE,2023-05-22,2023,1,Sideways,1,0.7382,BUY,1,1,0.7528,BUY,1,10,"EMA_12,EMA_26,BB_Upper,MACD_Signal,BB_Width,Rolling_Volatility,Rolling_Median_Return,ROC,Rolling_Mean_Return,SMA_50",EMA_12
RELIANCE,2023-05-23,2023,1,Sideways,1,0.7494,BUY,1,1,0.6886,BUY,1,10,"EMA_12,EMA_26,BB_Upper,MACD_Signal,BB_Width,Rolling_Volatility,Rolling_Median_Return,ROC,Rolling_Mean_Return,SMA_50",EMA_12
RELIANCE,2023-05-24,2023,1,Sideways,1,0.6865,BUY,1,1,0.7315,BUY,1,10,"EMA_12,EMA_26,BB_Upper,MACD_Signal,BB_Width,Rolling_Volatility,Rolling_Median_Return,ROC,Rolling_Mean_Return,SMA_50",EMA_12
RELIANCE,2023-05-25,2023,1,Sideways,1,0.7059,BUY,1,1,0.8505,BUY,1,10,"EMA_12,EMA_26,BB_Upper,MACD_Signal,BB_Width,Rolling_Volatility,Rolling_Median_Return,ROC,Rolling_Mean_Return,SMA_50",EMA_12
RELIANCE,2023-05-26,2023,1,Sideways,1,0.7939,BUY,1,1,0.7439,BUY,1,10,"EMA_12,EMA_26,BB_Upper,MACD_Signal,BB_Width,Rolling_Volatility,Rolling_Median_Return,ROC,Rolling_Mean_Return,SMA_50",EMA_12
RELIANCE,2023-05-29,2023,0,Sideways,1,0.7571,BUY,0,1,0.7532,BUY,0,10,"EMA_12,EMA_26,BB_Upper,MACD_Signal,BB_Width,Rolling_Volatility,Rolling_Median_Return,ROC,Rolling_Mean_Return,SMA_50",EMA_12
RELIANCE,2023-05-30,2023,0,Sideways,1,0.7431,BUY,0,1,0.7125,BUY,0,10,"EMA_12,EMA_26,BB_Upper,MACD_Signal,BB_Width,Rolling_Volatility,Rolling_Median_Return,ROC,Rolling_Mean_Return,SMA_50",EMA_12
RELIANCE,2023-05-31,2023,1,Sideways,0,0.529,NO TRADE,0,1,0.6778,BUY,1,10,"EMA_12,EMA_26,BB_Upper,MACD_Signal,BB_Width,Rolling_Volatility,Rolling_Median_Return,ROC,Rolling_Mean_Return,SMA_50",EMA_12
RELIANCE,2023-06-01,2023,1,Sideways,1,0.6574,BUY,1,1,0.7279,BUY,1,10,"EMA_12,EMA_26,BB_Upper,MACD_Signal,BB_Width,Rolling_Volatility,Rolling_Median_Return,ROC,Rolling_Mean_Return,SMA_50",EMA_12
RELIANCE,2023-06-02,2023,1,Sideways,1,0.7114,BUY,1,1,0.8101,BUY,1,10,"EMA_12,EMA_26,BB_Upper,MACD_Signal,BB_Width,Rolling_Volatility,Rolling_Median_Return,ROC,Rolling_Mean_Return,SMA_50",EMA_12
RELIANCE,2023-06-05,2023,1,Sideways,1,0.7379,BUY,1,1,0.8142,BUY,1,10,"EMA_12,EMA_26,BB_Upper,MACD_Signal,BB_Width,Rolling_Volatility,Rolling_Median_Return,ROC,Rolling_Mean_Return,SMA_50",EMA_12
RELIANCE,2023-06-06,2023,1,Sideways,1,0.7526,BUY,1,1,0.8189,BUY,1,10,"EMA_12,EMA_26,BB_Upper,MACD_Signal,BB_Width,Rolling_Volatility,Rolling_Median_Return,ROC,Rolling_Mean_Return,SMA_50",EMA_12
RELIANCE,2023-06-07,2023,1,Sideways,1,0.7516,BUY,1,1,0.8148,BUY,1,10,"EMA_12,EMA_26,BB_Upper,MACD_Signal,BB_Width,Rolling_Volatility,Rolling_Median_Return,ROC,Rolling_Mean_Return,SMA_50",EMA_12
RELIANCE,2023-06-08,2023,1,Sideways,1,0.7662,BUY,1,1,0.8144,BUY,1,10,"EMA_12,EMA_26,BB_Upper,MACD_Signal,BB_Width,Rolling_Volatility,Rolling_Median_Return,ROC,Rolling_Mean_Return,SMA_50",EMA_12
RELIANCE,2023-06-09,2023,1,Sideways,1,0.7775,BUY,1,1,0.8186,BUY,1,10,"EMA_12,EMA_26,BB_Upper,MACD_Signal,BB_Width,Rolling_Volatility,Rolling_Median_Return,ROC,Rolling_Mean_Return,SMA_50",EMA_12
RELIANCE,2023-06-12,2023,1,Sideways,1,0.7802,BUY,1,1,0.8214,BUY,1,10,"EMA_12,EMA_26,BB_Upper,MACD_Signal,BB_Width,Rolling_Volatility,Rolling_Median_Return,ROC,Rolling_Mean_Return,SMA_50",EMA_12
RELIANCE,2023-06-13,2023,1,Sideways,1,0.7833,BUY,1,1,0.8162,BUY,1,10,"EMA_12,EMA_26,BB_Upper,MACD_Signal,BB_Width,Rolling_Volatility,Rolling_Median_Return,ROC,Rolling_Mean_Return,SMA_50",EMA_12
RELIANCE,2023-06-14,2023,1,Sideways,1,0.7841,BUY,1,1,0.8028,BUY,1,10,"EMA_12,EMA_26,BB_Upper,MACD_Signal,BB_Width,Rolling_Volatility,Rolling_Median_Return,ROC,Rolling_Mean_Return,SMA_50",EMA_12
RELIANCE,2023-06-15,2023,1,Sideways,1,0.7826,BUY,1,1,0.808,BUY,1,10,"EMA_12,EMA_26,BB_Upper,MACD_Signal,BB_Width,Rolling_Volatility,Rolling_Median_Return,ROC,Rolling_Mean_Return,SMA_50",EMA_12
RELIANCE,2023-06-16,2023,1,Sideways,1,0.7831,BUY,1,1,0.7989,BUY,1,10,"EMA_12,EMA_26,BB_Upper,MACD_Signal,BB_Width,Rolling_Volatility,Rolling_Median_Return,ROC,Rolling_Mean_Return,SMA_50",EMA_12
RELIANCE,2023-06-19,2023,1,Sideways,1,0.7798,BUY,1,1,0.7398,BUY,1,10,"EMA_12,EMA_26,BB_Upper,SMA_10,ADX,ATR_14,BB_Width,SMA_20,MACD_Hist,SMA_50",EMA_12
RELIANCE,2023-06-20,2023,1,Sideways,1,0.7814,BUY,1,1,0.9282,BUY,1,10,"EMA_12,EMA_26,BB_Upper,SMA_10,ADX,ATR_14,BB_Width,SMA_20,MACD_Hist,SMA_50",EMA_12
RELIANCE,2023-06-21,2023,1,Sideways,1,0.783,BUY,1,1,0.9027,BUY,1,10,"EMA_12,EMA_26,BB_Upper,SMA_10,ADX,ATR_14,BB_Width,SMA_20,MACD_Hist,SMA_50",EMA_12
RELIANCE,2023-06-22,2023,1,Sideways,1,0.7498,BUY,1,1,0.9385,BUY,1,10,"EMA_12,EMA_26,BB_Upper,SMA_10,ADX,ATR_14,BB_Width,SMA_20,MACD_Hist,SMA_50",EMA_12
RELIANCE,2023-06-23,2023,1,Sideways,1,0.6953,BUY,1,1,0.9421,BUY,1,10,"EMA_12,EMA_26,BB_Upper,SMA_10,ADX,ATR_14,BB_Width,SMA_20,MACD_Hist,SMA_50",EMA_12
RELIANCE,2023-06-26,2023,1,Sideways,1,0.7531,BUY,1,1,0.9468,BUY,1,10,"EMA_12,EMA_26,BB_Upper,SMA_10,ADX,ATR_14,BB_Width,SMA_20,MACD_Hist,SMA_50",EMA_12
RELIANCE,2023-06-27,2023,1,Sideways,1,0.755,BUY,1,1,0.9511,BUY,1,10,"EMA_12,EMA_26,BB_Upper,SMA_10,ADX,ATR_14,BB_Width,SMA_20,MACD_Hist,SMA_50",EMA_12
RELIANCE,2023-06-28,2023,1,Sideways,1,0.7559,BUY,1,1,0.9541,BUY,1,10,"EMA_12,EMA_26,BB_Upper,SMA_10,ADX,ATR_14,BB_Width,SMA_20,MACD_Hist,SMA_50",EMA_12
RELIANCE,2023-06-30,2023,1,Sideways,1,0.7575,BUY,1,1,0.956,BUY,1,10,"EMA_12,EMA_26,BB_Upper,SMA_10,ADX,ATR_14,BB_Width,SMA_20,MACD_Hist,SMA_50",EMA_12
RELIANCE,2023-07-03,2023,1,Sideways,1,0.783,BUY,1,1,0.9563,BUY,1,10,"EMA_12,EMA_26,BB_Upper,SMA_10,ADX,ATR_14,BB_Width,SMA_20,MACD_Hist,SMA_50",EMA_12
RELIANCE,2023-07-04,2023,1,Sideways,1,0.7483,BUY,1,1,0.9554,BUY,1,10,"EMA_12,EMA_26,BB_Upper,SMA_10,ADX,ATR_14,BB_Width,SMA_20,MACD_Hist,SMA_50",EMA_12
RELIANCE,2023-07-05,2023,1,Sideways,1,0.8315,BUY,1,1,0.9557,BUY,1,10,"EMA_12,EMA_26,BB_Upper,SMA_10,ADX,ATR_14,BB_Width,SMA_20,MACD_Hist,SMA_50",EMA_12
RELIANCE,2023-07-06,2023,1,Sideways,1,0.7931,BUY,1,1,0.9464,BUY,1,10,"EMA_12,EMA_26,BB_Upper,SMA_10,ADX,ATR_14,BB_Width,SMA_20,MACD_Hist,SMA_50",EMA_12
RELIANCE,2023-07-07,2023,1,Sideways,1,0.8998,BUY,1,1,0.8757,BUY,1,10,"EMA_12,EMA_26,BB_Upper,SMA_10,ADX,ATR_14,BB_Width,SMA_20,MACD_Hist,SMA_50",EMA_12
RELIANCE,2023-07-10,2023,0,Sideways,1,0.5923,BUY,0,1,0.7269,BUY,0,10,"EMA_12,EMA_26,BB_Upper,SMA_10,ADX,ATR_14,BB_Width,SMA_20,MACD_Hist,SMA_50",EMA_12
RELIANCE,2023-07-11,2023,0,Sideways,1,0.6946,BUY,0,1,0.5769,BUY,0,10,"EMA_12,EMA_26,BB_Upper,SMA_10,ADX,ATR_14,BB_Width,SMA_20,MACD_Hist,SMA_50",EMA_12
RELIANCE,2023-07-12,2023,0,Sideways,1,0.5522,BUY,0,1,0.5671,BUY,0,10,"EMA_12,EMA_26,BB_Upper,SMA_10,ADX,ATR_14,BB_Width,SMA_20,MACD_Hist,SMA_50",EMA_12
RELIANCE,2023-07-13,2023,1,Sideways,0,0.7481,SELL,0,0,0.606,SELL,0,10,"EMA_12,EMA_26,BB_Upper,SMA_10,ADX,ATR_14,BB_Width,SMA_20,MACD_Hist,SMA_50",EMA_12
RELIANCE,2023-07-14,2023,1,Sideways,1,0.5147,NO TRADE,1,0,0.5175,NO TRADE,0,10,"EMA_12,EMA_26,BB_Upper,SMA_10,ADX,ATR_14,BB_Width,SMA_20,MACD_Hist,SMA_50",EMA_12
RELIANCE,2023-07-17,2023,0,Sideways,1,0.5473,NO TRADE,0,1,0.5893,BUY,0,10,"EMA_12,EMA_26,BB_Upper,SMA_10,ADX,ATR_14,BB_Width,SMA_20,MACD_Hist,SMA_50",EMA_12
RELIANCE,2023-07-18,2023,0,Sideways,0,0.7405,SELL,1,0,0.5817,SELL,1,10,"EMA_12,EMA_26,BB_Upper,SMA_10,ADX,ATR_14,BB_Width,SMA_20,MACD_Hist,SMA_50",EMA_12
RELIANCE,2023-07-19,2023,0,Sideways,0,0.8196,SELL,1,0,0.687,SELL,1,10,"EMA_12,EMA_26,BB_Upper,SMA_10,ADX,ATR_14,BB_Width,SMA_20,MACD_Hist,SMA_50",EMA_12
RELIANCE,2023-07-20,2023,0,Sideways,0,0.8788,SELL,1,0,0.7681,SELL,1,10,"EMA_12,EMA_26,BB_Upper,SMA_10,ADX,ATR_14,BB_Width,SMA_20,MACD_Hist,SMA_50",EMA_12
RELIANCE,2023-07-21,2023,0,Sideways,0,0.7742,SELL,1,0,0.6921,SELL,1,10,"EMA_12,EMA_26,BB_Upper,SMA_10,ADX,ATR_14,BB_Width,SMA_20,MACD_Hist,SMA_50",EMA_12
RELIANCE,2023-07-24,2023,1,Sideways,0,0.8507,SELL,0,0,0.6987,SELL,0,10,"EMA_12,EMA_26,BB_Upper,SMA_10,ADX,ATR_14,BB_Width,SMA_20,MACD_Hist,SMA_50",EMA_12
RELIANCE,2023-07-25,2023,1,Sideways,0,0.7565,SELL,0,0,0.5708,SELL,0,10,"EMA_12,EMA_26,BB_Upper,SMA_10,ADX,ATR_14,BB_Width,SMA_20,MACD_Hist,SMA_50",EMA_12
RELIANCE,2023-07-26,2023,0,Sideways,0,0.7537,SELL,1,0,0.5488,NO TRADE,1,10,"EMA_12,EMA_26,BB_Upper,SMA_10,ADX,ATR_14,BB_Width,SMA_20,MACD_Hist,SMA_50",EMA_12
RELIANCE,2023-07-27,2023,0,Sideways,0,0.8451,SELL,1,0,0.6665,SELL,1,10,"EMA_12,EMA_26,BB_Upper,SMA_10,ADX,ATR_14,BB_Width,SMA_20,MACD_Hist,SMA_50",EMA_12
RELIANCE,2023-07-28,2023,0,Sideways,0,0.9104,SELL,1,0,0.6673,SELL,1,10,"EMA_12,EMA_26,BB_Upper,SMA_10,ADX,ATR_14,BB_Width,SMA_20,MACD_Hist,SMA_50",EMA_12
RELIANCE,2023-07-31,2023,0,Sideways,0,0.91,SELL,1,0,0.6464,SELL,1,10,"EMA_12,EMA_26,BB_Upper,SMA_10,ADX,ATR_14,BB_Width,SMA_20,MACD_Hist,SMA_50",EMA_12
RELIANCE,2023-08-01,2023,0,Sideways,0,0.8548,SELL,1,0,0.6696,SELL,1,10,"EMA_26,Rolling_Median_Return,ADX,EMA_12,MACD_Signal,BB_Width,SMA_50,BB_Upper,MACD,MFI",EMA_26
RELIANCE,2023-08-02,2023,0,Sideways,0,0.8553,SELL,1,0,0.6806,SELL,1,10,"EMA_26,Rolling_Median_Return,ADX,EMA_12,MACD_Signal,BB_Width,SMA_50,BB_Upper,MACD,MFI",EMA_26
RELIANCE,2023-08-03,2023,0,Sideways,0,0.8541,SELL,1,0,0.7317,SELL,1,10,"EMA_26,Rolling_Median_Return,ADX,EMA_12,MACD_Signal,BB_Width,SMA_50,BB_Upper,MACD,MFI",EMA_26
RELIANCE,2023-08-04,2023,0,Sideways,0,0.8666,SELL,1,0,0.7422,SELL,1,10,"EMA_26,Rolling_Median_Return,ADX,EMA_12,MACD_Signal,BB_Width,SMA_50,BB_Upper,MACD,MFI",EMA_26
RELIANCE,2023-08-07,2023,0,Sideways,0,0.8893,SELL,1,0,0.767,SELL,1,10,"EMA_26,Rolling_Median_Return,ADX,EMA_12,MACD_Signal,BB_Width,SMA_50,BB_Upper,MACD,MFI",EMA_26
RELIANCE,2023-08-08,2023,0,Sideways,0,0.9009,SELL,1,0,0.7709,SELL,1,10,"EMA_26,Rolling_Median_Return,ADX,EMA_12,MACD_Signal,BB_Width,SMA_50,BB_Upper,MACD,MFI",EMA_26
RELIANCE,2023-08-09,2023,0,Sideways,0,0.8838,SELL,1,0,0.7761,SELL,1,10,"EMA_26,Rolling_Median_Return,ADX,EMA_12,MACD_Signal,BB_Width,SMA_50,BB_Upper,MACD,MFI",EMA_26
RELIANCE,2023-08-10,2023,0,Sideways,0,0.8257,SELL,1,0,0.7807,SELL,1,10,"EMA_26,Rolling_Median_Return,ADX,EMA_12,MACD_Signal,BB_Width,SMA_50,BB_Upper,MACD,MFI",EMA_26
RELIANCE,2023-08-11,2023,0,Sideways,0,0.8273,SELL,1,0,0.7889,SELL,1,10,"EMA_26,Rolling_Median_Return,ADX,EMA_12,MACD_Signal,BB_Width,SMA_50,BB_Upper,MACD,MFI",EMA_26
RELIANCE,2023-08-14,2023,0,Sideways,0,0.8469,SELL,1,0,0.7988,SELL,1,10,"EMA_26,Rolling_Median_Return,ADX,EMA_12,MACD_Signal,BB_Width,SMA_50,BB_Upper,MACD,MFI",EMA_26
RELIANCE,2023-08-16,2023,0,Sideways,0,0.8076,SELL,1,0,0.8055,SELL,1,10,"EMA_26,Rolling_Median_Return,ADX,EMA_12,MACD_Signal,BB_Width,SMA_50,BB_Upper,MACD,MFI",EMA_26
RELIANCE,2023-08-17,2023,0,Sideways,0,0.8193,SELL,1,0,0.8113,SELL,1,10,"EMA_26,Rolling_Median_Return,ADX,EMA_12,MACD_Signal,BB_Width,SMA_50,BB_Upper,MACD,MFI",EMA_26
RELIANCE,2023-08-18,2023,0,Sideways,0,0.7643,SELL,1,0,0.817,SELL,1,10,"EMA_26,Rolling_Median_Return,ADX,EMA_12,MACD_Signal,BB_Width,SMA_50,BB_Upper,MACD,MFI",EMA_26
RELIANCE,2023-08-21,2023,0,Sideways,0,0.7579,SELL,1,0,0.8146,SELL,1,10,"EMA_26,Rolling_Median_Return,ADX,EMA_12,MACD_Signal,BB_Width,SMA_50,BB_Upper,MACD,MFI",EMA_26
RELIANCE,2023-08-22,2023,0,Sideways,0,0.7551,SELL,1,0,0.8033,SELL,1,10,"EMA_26,Rolling_Median_Return,ADX,EMA_12,MACD_Signal,BB_Width,SMA_50,BB_Upper,MACD,MFI",EMA_26
RELIANCE,2023-08-23,2023,0,Sideways,0,0.753,SELL,1,0,0.8001,SELL,1,10,"EMA_26,Rolling_Median_Return,ADX,EMA_12,MACD_Signal,BB_Width,SMA_50,BB_Upper,MACD,MFI",EMA_26
RELIANCE,2023-08-24,2023,0,Sideways,0,0.9173,SELL,1,0,0.7823,SELL,1,10,"EMA_26,Rolling_Median_Return,ADX,EMA_12,MACD_Signal,BB_Width,SMA_50,BB_Upper,MACD,MFI",EMA_26
RELIANCE,2023-08-25,2023,0,Sideways,0,0.9309,SELL,1,0,0.7786,SELL,1,10,"EMA_26,Rolling_Median_Return,ADX,EMA_12,MACD_Signal,BB_Width,SMA_50,BB_Upper,MACD,MFI",EMA_26
RELIANCE,2023-08-28,2023,0,Sideways,0,0.9268,SELL,1,0,0.7742,SELL,1,10,"EMA_26,Rolling_Median_Return,ADX,EMA_12,MACD_Signal,BB_Width,SMA_50,BB_Upper,MACD,MFI",EMA_26
RELIANCE,2023-08-29,2023,0,Sideways,0,0.9032,SELL,1,0,0.7792,SELL,1,10,"EMA_26,Rolling_Median_Return,ADX,EMA_12,MACD_Signal,BB_Width,SMA_50,BB_Upper,MACD,MFI",EMA_26
RELIANCE,2023-08-30,2023,0,Sideways,0,0.7945,SELL,1,0,0.7888,SELL,1,10,"EMA_26,Rolling_Median_Return,ADX,EMA_12,MACD_Signal,BB_Width,SMA_50,BB_Upper,MACD,MFI",EMA_26
RELIANCE,2023-08-31,2023,0,Sideways,0,0.7961,SELL,1,0,0.7915,SELL,1,10,"EMA_26,Rolling_Median_Return,ADX,EMA_12,MACD_Signal,BB_Width,SMA_50,BB_Upper,MACD,MFI",EMA_26
RELIANCE,2023-09-01,2023,0,Sideways,0,0.7876,SELL,1,0,0.8051,SELL,1,10,"EMA_26,Rolling_Median_Return,ADX,EMA_12,MACD_Signal,BB_Width,SMA_50,BB_Upper,MACD,MFI",EMA_26
RELIANCE,2023-09-04,2023,0,Sideways,0,0.7699,SELL,1,0,0.7859,SELL,1,10,"EMA_26,Rolling_Median_Return,ADX,EMA_12,MACD_Signal,BB_Width,SMA_50,BB_Upper,MACD,MFI",EMA_26
RELIANCE,2023-09-05,2023,0,Sideways,0,0.7701,SELL,1,0,0.7835,SELL,1,10,"EMA_26,Rolling_Median_Return,ADX,EMA_12,MACD_Signal,BB_Width,SMA_50,BB_Upper,MACD,MFI",EMA_26
RELIANCE,2023-09-06,2023,0,Sideways,0,0.7625,SELL,1,0,0.782,SELL,1,10,"EMA_26,Rolling_Median_Return,ADX,EMA_12,MACD_Signal,BB_Width,SMA_50,BB_Upper,MACD,MFI",EMA_26
RELIANCE,2023-09-07,2023,0,Sideways,0,0.75,SELL,1,0,0.7713,SELL,1,10,"EMA_26,Rolling_Median_Return,ADX,EMA_12,MACD_Signal,BB_Width,SMA_50,BB_Upper,MACD,MFI",EMA_26
RELIANCE,2023-09-08,2023,0,Sideways,0,0.6831,SELL,1,0,0.7627,SELL,1,10,"EMA_26,Rolling_Median_Return,ADX,EMA_12,MACD_Signal,BB_Width,SMA_50,BB_Upper,MACD,MFI",EMA_26
RELIANCE,2023-09-11,2023,0,Sideways,0,0.6283,SELL,1,0,0.7579,SELL,1,10,"EMA_26,Rolling_Median_Return,ADX,EMA_12,MACD_Signal,BB_Width,SMA_50,BB_Upper,MACD,MFI",EMA_26
RELIANCE,2023-09-12,2023,0,Sideways,0,0.7728,SELL,1,0,0.7571,SELL,1,10,"EMA_26,Rolling_Median_Return,ADX,EMA_12,MACD_Signal,BB_Width,SMA_50,BB_Upper,MACD,MFI",EMA_26
RELIANCE,2023-09-13,2023,0,Sideways,0,0.7349,SELL,1,0,0.7288,SELL,1,10,"EMA_26,BB_Upper,EMA_12,MFI,SMA_50,Volume_MA,MACD_Signal,MACD,ADX,BB_Width",EMA_26
RELIANCE,2023-09-14,2023,0,Sideways,0,0.679,SELL,1,0,0.7312,SELL,1,10,"EMA_26,BB_Upper,EMA_12,MFI,SMA_50,Volume_MA,MACD_Signal,MACD,ADX,BB_Width",EMA_26
RELIANCE,2023-09-15,2023,0,Sideways,0,0.7186,SELL,1,0,0.7391,SELL,1,10,"EMA_26,BB_Upper,EMA_12,MFI,SMA_50,Volume_MA,MACD_Signal,MACD,ADX,BB_Width",EMA_26
RELIANCE,2023-09-18,2023,0,Sideways,0,0.8333,SELL,1,0,0.7415,SELL,1,10,"EMA_26,BB_Upper,EMA_12,MFI,SMA_50,Volume_MA,MACD_Signal,MACD,ADX,BB_Width",EMA_26
RELIANCE,2023-09-20,2023,0,Sideways,0,0.845,SELL,1,0,0.6431,SELL,1,10,"EMA_26,BB_Upper,EMA_12,MFI,SMA_50,Volume_MA,MACD_Signal,MACD,ADX,BB_Width",EMA_26
RELIANCE,2023-09-21,2023,0,Sideways,0,0.8834,SELL,1,0,0.7417,SELL,1,10,"EMA_26,BB_Upper,EMA_12,MFI,SMA_50,Volume_MA,MACD_Signal,MACD,ADX,BB_Width",EMA_26
RELIANCE,2023-09-22,2023,0,Sideways,0,0.8155,SELL,1,0,0.7252,SELL,1,10,"EMA_26,BB_Upper,EMA_12,MFI,SMA_50,Volume_MA,MACD_Signal,MACD,ADX,BB_Width",EMA_26
RELIANCE,2023-09-25,2023,0,Sideways,0,0.7864,SELL,1,0,0.6956,SELL,1,10,"EMA_26,BB_Upper,EMA_12,MFI,SMA_50,Volume_MA,MACD_Signal,MACD,ADX,BB_Width",EMA_26
RELIANCE,2023-09-26,2023,0,Sideways,0,0.7637,SELL,1,0,0.6732,SELL,1,10,"EMA_26,BB_Upper,EMA_12,MFI,SMA_50,Volume_MA,MACD_Signal,MACD,ADX,BB_Width",EMA_26
RELIANCE,2023-09-27,2023,0,Sideways,0,0.7305,SELL,1,0,0.6532,SELL,1,10,"EMA_26,BB_Upper,EMA_12,MFI,SMA_50,Volume_MA,MACD_Signal,MACD,ADX,BB_Width",EMA_26
RELIANCE,2023-09-28,2023,0,Sideways,0,0.7643,SELL,1,0,0.6386,SELL,1,10,"EMA_26,BB_Upper,EMA_12,MFI,SMA_50,Volume_MA,MACD_Signal,MACD,ADX,BB_Width",EMA_26
RELIANCE,2023-09-29,2023,0,Sideways,0,0.7143,SELL,1,0,0.6107,SELL,1,10,"EMA_26,BB_Upper,EMA_12,MFI,SMA_50,Volume_MA,MACD_Signal,MACD,ADX,BB_Width",EMA_26
RELIANCE,2023-10-03,2023,0,Sideways,0,0.6329,SELL,1,0,0.5716,SELL,1,10,"EMA_26,BB_Upper,EMA_12,MFI,SMA_50,Volume_MA,MACD_Signal,MACD,ADX,BB_Width",EMA_26
RELIANCE,2023-10-04,2023,1,Sideways,0,0.6691,SELL,0,0,0.5537,SELL,0,10,"EMA_26,BB_Upper,EMA_12,MFI,SMA_50,Volume_MA,MACD_Signal,MACD,ADX,BB_Width",EMA_26
RELIANCE,2023-10-05,2023,1,Sideways,0,0.5742,SELL,0,1,0.5117,NO TRADE,1,10,"EMA_26,BB_Upper,EMA_12,MFI,SMA_50,Volume_MA,MACD_Signal,MACD,ADX,BB_Width",EMA_26
RELIANCE,2023-10-06,2023,1,Sideways,0,0.5179,NO TRADE,0,1,0.6581,BUY,1,10,"EMA_26,BB_Upper,EMA_12,MFI,SMA_50,Volume_MA,MACD_Signal,MACD,ADX,BB_Width",EMA_26
RELIANCE,2023-10-09,2023,1,Sideways,1,0.621,BUY,1,1,0.5257,NO TRADE,1,10,"EMA_26,BB_Upper,EMA_12,MFI,SMA_50,Volume_MA,MACD_Signal,MACD,ADX,BB_Width",EMA_26
RELIANCE,2023-10-10,2023,1,Sideways,1,0.6388,BUY,1,1,0.6023,BUY,1,10,"EMA_26,BB_Upper,EMA_12,MFI,SMA_50,Volume_MA,MACD_Signal,MACD,ADX,BB_Width",EMA_26
RELIANCE,2023-10-11,2023,0,Sideways,1,0.6976,BUY,0,1,0.8099,BUY,0,10,"EMA_26,BB_Upper,EMA_12,MFI,SMA_50,Volume_MA,MACD_Signal,MACD,ADX,BB_Width",EMA_26
RELIANCE,2023-10-12,2023,0,Sideways,1,0.5537,BUY,0,1,0.6908,BUY,0,10,"EMA_26,BB_Upper,EMA_12,MFI,SMA_50,Volume_MA,MACD_Signal,MACD,ADX,BB_Width",EMA_26
RELIANCE,2023-10-13,2023,0,Sideways,1,0.5609,BUY,0,1,0.6333,BUY,0,10,"EMA_26,BB_Upper,EMA_12,MFI,SMA_50,Volume_MA,MACD_Signal,MACD,ADX,BB_Width",EMA_26
RELIANCE,2023-10-16,2023,1,Sideways,1,0.5773,BUY,1,1,0.5885,BUY,1,10,"EMA_26,BB_Upper,EMA_12,MFI,SMA_50,Volume_MA,MACD_Signal,MACD,ADX,BB_Width",EMA_26
RELIANCE,2023-10-17,2023,1,Sideways,1,0.7668,BUY,1,1,0.734,BUY,1,10,"EMA_26,BB_Upper,EMA_12,MFI,SMA_50,Volume_MA,MACD_Signal,MACD,ADX,BB_Width",EMA_26
RELIANCE,2023-10-18,2023,1,Sideways,1,0.7414,BUY,1,1,0.8065,BUY,1,10,"EMA_26,BB_Upper,EMA_12,MFI,SMA_50,Volume_MA,MACD_Signal,MACD,ADX,BB_Width",EMA_26
RELIANCE,2023-10-19,2023,1,Sideways,1,0.7771,BUY,1,1,0.7522,BUY,1,10,"EMA_26,BB_Upper,EMA_12,MFI,SMA_50,Volume_MA,MACD_Signal,MACD,ADX,BB_Width",EMA_26
RELIANCE,2023-10-20,2023,1,Sideways,1,0.7631,BUY,1,1,0.8477,BUY,1,10,"EMA_26,BB_Upper,EMA_12,MFI,SMA_50,Volume_MA,MACD_Signal,MACD,ADX,BB_Width",EMA_26
RELIANCE,2023-10-23,2023,1,Sideways,1,0.8005,BUY,1,1,0.8535,BUY,1,10,"EMA_26,BB_Upper,EMA_12,MFI,SMA_50,Volume_MA,MACD_Signal,MACD,ADX,BB_Width",EMA_26
RELIANCE,2023-10-25,2023,1,Sideways,1,0.7138,BUY,1,1,0.8762,BUY,1,10,"EMA_26,BB_Upper,EMA_12,MFI,SMA_50,Volume_MA,MACD_Signal,MACD,ADX,BB_Width",EMA_26
RELIANCE,2023-10-26,2023,1,Sideways,1,0.7339,BUY,1,1,0.888,BUY,1,10,"EMA_26,BB_Upper,EMA_12,MFI,SMA_50,Volume_MA,MACD_Signal,MACD,ADX,BB_Width",EMA_26
RELIANCE,2023-10-27,2023,1,Sideways,1,0.7345,BUY,1,1,0.9019,BUY,1,10,"EMA_26,BB_Upper,EMA_12,MFI,SMA_50,Volume_MA,MACD_Signal,MACD,ADX,BB_Width",EMA_26
RELIANCE,2023-10-30,2023,1,Sideways,1,0.7508,BUY,1,1,0.9697,BUY,1,10,"EMA_12,SMA_20,BB_Upper,MACD,Rolling_Volatility,ATR_14,BB_Width,SMA_10,Rolling_Std_10,SMA_50",EMA_12
RELIANCE,2023-10-31,2023,1,Sideways,1,0.701,BUY,1,1,0.9682,BUY,1,10,"EMA_12,SMA_20,BB_Upper,MACD,Rolling_Volatility,ATR_14,BB_Width,SMA_10,Rolling_Std_10,SMA_50",EMA_12
RELIANCE,2023-11-01,2023,1,Sideways,1,0.8122,BUY,1,1,0.9782,BUY,1,10,"EMA_12,SMA_20,BB_Upper,MACD,Rolling_Volatility,ATR_14,BB_Width,SMA_10,Rolling_Std_10,SMA_50",EMA_12
RELIANCE,2023-11-02,2023,1,Sideways,1,0.9499,BUY,1,1,0.9696,BUY,1,10,"EMA_12,SMA_20,BB_Upper,MACD,Rolling_Volatility,ATR_14,BB_Width,SMA_10,Rolling_Std_10,SMA_50",EMA_12
RELIANCE,2023-11-03,2023,1,Sideways,1,0.8603,BUY,1,1,0.9034,BUY,1,10,"EMA_12,SMA_20,BB_Upper,MACD,Rolling_Volatility,ATR_14,BB_Width,SMA_10,Rolling_Std_10,SMA_50",EMA_12
RELIANCE,2023-11-06,2023,1,Sideways,1,0.862,BUY,1,1,0.9745,BUY,1,10,"EMA_12,SMA_20,BB_Upper,MACD,Rolling_Volatility,ATR_14,BB_Width,SMA_10,Rolling_Std_10,SMA_50",EMA_12
RELIANCE,2023-11-07,2023,1,Sideways,1,0.9513,BUY,1,1,0.9757,BUY,1,10,"EMA_12,SMA_20,BB_Upper,MACD,Rolling_Volatility,ATR_14,BB_Width,SMA_10,Rolling_Std_10,SMA_50",EMA_12
RELIANCE,2023-11-08,2023,1,Sideways,1,0.9552,BUY,1,1,0.9759,BUY,1,10,"EMA_12,SMA_20,BB_Upper,MACD,Rolling_Volatility,ATR_14,BB_Width,SMA_10,Rolling_Std_10,SMA_50",EMA_12
RELIANCE,2023-11-09,2023,1,Sideways,1,0.9506,BUY,1,1,0.9767,BUY,1,10,"EMA_12,SMA_20,BB_Upper,MACD,Rolling_Volatility,ATR_14,BB_Width,SMA_10,Rolling_Std_10,SMA_50",EMA_12
RELIANCE,2023-11-10,2023,1,Sideways,1,0.9568,BUY,1,1,0.9771,BUY,1,10,"EMA_12,SMA_20,BB_Upper,MACD,Rolling_Volatility,ATR_14,BB_Width,SMA_10,Rolling_Std_10,SMA_50",EMA_12
RELIANCE,2023-11-13,2023,1,Sideways,1,0.9566,BUY,1,1,0.9777,BUY,1,10,"EMA_12,SMA_20,BB_Upper,MACD,Rolling_Volatility,ATR_14,BB_Width,SMA_10,Rolling_Std_10,SMA_50",EMA_12
RELIANCE,2023-11-15,2023,1,Sideways,1,0.9641,BUY,1,1,0.9757,BUY,1,10,"EMA_12,SMA_20,BB_Upper,MACD,Rolling_Volatility,ATR_14,BB_Width,SMA_10,Rolling_Std_10,SMA_50",EMA_12
RELIANCE,2023-11-16,2023,1,Sideways,1,0.9647,BUY,1,1,0.9759,BUY,1,10,"EMA_12,SMA_20,BB_Upper,MACD,Rolling_Volatility,ATR_14,BB_Width,SMA_10,Rolling_Std_10,SMA_50",EMA_12
RELIANCE,2023-11-17,2023,1,Sideways,1,0.9653,BUY,1,1,0.9773,BUY,1,10,"EMA_12,SMA_20,BB_Upper,MACD,Rolling_Volatility,ATR_14,BB_Width,SMA_10,Rolling_Std_10,SMA_50",EMA_12
RELIANCE,2023-11-20,2023,1,Sideways,1,0.9657,BUY,1,1,0.9778,BUY,1,10,"EMA_12,SMA_20,BB_Upper,MACD,Rolling_Volatility,ATR_14,BB_Width,SMA_10,Rolling_Std_10,SMA_50",EMA_12
RELIANCE,2023-11-21,2023,1,Sideways,1,0.9661,BUY,1,1,0.9773,BUY,1,10,"EMA_12,SMA_20,BB_Upper,MACD,Rolling_Volatility,ATR_14,BB_Width,SMA_10,Rolling_Std_10,SMA_50",EMA_12
RELIANCE,2023-11-22,2023,1,Sideways,1,0.9665,BUY,1,1,0.9796,BUY,1,10,"EMA_12,SMA_20,BB_Upper,MACD,Rolling_Volatility,ATR_14,BB_Width,SMA_10,Rolling_Std_10,SMA_50",EMA_12
RELIANCE,2023-11-23,2023,1,Sideways,1,0.9671,BUY,1,1,0.9801,BUY,1,10,"EMA_12,SMA_20,BB_Upper,MACD,Rolling_Volatility,ATR_14,BB_Width,SMA_10,Rolling_Std_10,SMA_50",EMA_12
RELIANCE,2023-11-24,2023,1,Sideways,1,0.9677,BUY,1,1,0.9826,BUY,1,10,"EMA_12,SMA_20,BB_Upper,MACD,Rolling_Volatility,ATR_14,BB_Width,SMA_10,Rolling_Std_10,SMA_50",EMA_12
RELIANCE,2023-11-28,2023,1,Sideways,1,0.9675,BUY,1,1,0.9844,BUY,1,10,"EMA_12,SMA_20,BB_Upper,MACD,Rolling_Volatility,ATR_14,BB_Width,SMA_10,Rolling_Std_10,SMA_50",EMA_12
RELIANCE,2023-11-29,2023,1,Sideways,1,0.9213,BUY,1,1,0.9878,BUY,1,10,"EMA_12,SMA_20,BB_Upper,MACD,Rolling_Volatility,ATR_14,BB_Width,SMA_10,Rolling_Std_10,SMA_50",EMA_12
RELIANCE,2023-11-30,2023,1,Sideways,1,0.8371,BUY,1,1,0.9883,BUY,1,10,"EMA_12,SMA_20,BB_Upper,MACD,Rolling_Volatility,ATR_14,BB_Width,SMA_10,Rolling_Std_10,SMA_50",EMA_12
RELIANCE,2023-12-01,2023,1,Sideways,1,0.9223,BUY,1,1,0.9884,BUY,1,10,"EMA_12,SMA_20,BB_Upper,MACD,Rolling_Volatility,ATR_14,BB_Width,SMA_10,Rolling_Std_10,SMA_50",EMA_12
RELIANCE,2023-12-04,2023,1,Sideways,1,0.9225,BUY,1,1,0.9882,BUY,1,10,"EMA_12,SMA_20,BB_Upper,MACD,Rolling_Volatility,ATR_14,BB_Width,SMA_10,Rolling_Std_10,SMA_50",EMA_12
RELIANCE,2023-12-05,2023,1,Sideways,1,0.9231,BUY,1,1,0.9878,BUY,1,10,"EMA_12,SMA_20,BB_Upper,MACD,Rolling_Volatility,ATR_14,BB_Width,SMA_10,Rolling_Std_10,SMA_50",EMA_12
RELIANCE,2023-12-06,2023,1,Sideways,1,0.9227,BUY,1,1,0.9875,BUY,1,10,"EMA_12,SMA_20,BB_Upper,MACD,Rolling_Volatility,ATR_14,BB_Width,SMA_10,Rolling_Std_10,SMA_50",EMA_12
RELIANCE,2023-12-07,2023,1,Sideways,1,0.9234,BUY,1,1,0.9881,BUY,1,10,"EMA_12,SMA_20,BB_Upper,MACD,Rolling_Volatility,ATR_14,BB_Width,SMA_10,Rolling_Std_10,SMA_50",EMA_12
RELIANCE,2023-12-08,2023,1,Sideways,1,0.9217,BUY,1,1,0.988,BUY,1,10,"EMA_12,SMA_20,BB_Upper,MACD,Rolling_Volatility,ATR_14,BB_Width,SMA_10,Rolling_Std_10,SMA_50",EMA_12
RELIANCE,2023-12-11,2023,1,Sideways,1,0.9228,BUY,1,1,0.9899,BUY,1,10,"EMA_12,SMA_20,BB_Upper,MACD,Rolling_Volatility,ATR_14,BB_Width,SMA_10,Rolling_Std_10,SMA_50",EMA_12
RELIANCE,2023-12-12,2023,1,Sideways,1,0.9197,BUY,1,1,0.9867,BUY,1,10,"EMA_12,SMA_20,BB_Upper,MACD,Rolling_Volatility,ATR_14,BB_Width,SMA_10,Rolling_Std_10,SMA_50",EMA_12
RELIANCE,2023-12-13,2023,1,Sideways,1,0.9181,BUY,1,1,0.9583,BUY,1,10,"SMA_20,ATR_14,BB_Upper,SMA_50,EMA_26,MFI,SMA_10,ROC,OBV,MACD",SMA_20
RELIANCE,2023-12-14,2023,1,Sideways,1,0.9187,BUY,1,1,0.9724,BUY,1,10,"SMA_20,ATR_14,BB_Upper,SMA_50,EMA_26,MFI,SMA_10,ROC,OBV,MACD",SMA_20
RELIANCE,2023-12-15,2023,1,Sideways,1,0.9182,BUY,1,1,0.9706,BUY,1,10,"SMA_20,ATR_14,BB_Upper,SMA_50,EMA_26,MFI,SMA_10,ROC,OBV,MACD",SMA_20
RELIANCE,2023-12-18,2023,1,Sideways,1,0.8912,BUY,1,1,0.9664,BUY,1,10,"SMA_20,ATR_14,BB_Upper,SMA_50,EMA_26,MFI,SMA_10,ROC,OBV,MACD",SMA_20
RELIANCE,2023-12-19,2023,1,Sideways,1,0.8815,BUY,1,1,0.9566,BUY,1,10,"SMA_20,ATR_14,BB_Upper,SMA_50,EMA_26,MFI,SMA_10,ROC,OBV,MACD",SMA_20
RELIANCE,2023-12-20,2023,1,Sideways,1,0.8512,BUY,1,1,0.9438,BUY,1,10,"SMA_20,ATR_14,BB_Upper,SMA_50,EMA_26,MFI,SMA_10,ROC,OBV,MACD",SMA_20
RELIANCE,2023-12-21,2023,1,Sideways,1,0.83,BUY,1,1,0.9115,BUY,1,10,"SMA_20,ATR_14,BB_Upper,SMA_50,EMA_26,MFI,SMA_10,ROC,OBV,MACD",SMA_20
RELIANCE,2023-12-22,2023,1,Sideways,1,0.8123,BUY,1,1,0.8987,BUY,1,10,"SMA_20,ATR_14,BB_Upper,SMA_50,EMA_26,MFI,SMA_10,ROC,OBV,MACD",SMA_20
RELIANCE,2023-12-26,2023,1,Sideways,1,0.8395,BUY,1,1,0.8889,BUY,1,10,"SMA_20,ATR_14,BB_Upper,SMA_50,EMA_26,MFI,SMA_10,ROC,OBV,MACD",SMA_20
RELIANCE,2023-12-27,2023,1,Sideways,1,0.7414,BUY,1,1,0.8006,BUY,1,10,"SMA_20,ATR_14,BB_Upper,SMA_50,EMA_26,MFI,SMA_10,ROC,OBV,MACD",SMA_20
RELIANCE,2023-12-28,2023,1,Sideways,1,0.7222,BUY,1,1,0.878,BUY,1,10,"SMA_20,ATR_14,BB_Upper,SMA_50,EMA_26,MFI,SMA_10,ROC,OBV,MACD",SMA_20
RELIANCE,2023-12-29,2023,1,Sideways,1,0.686,BUY,1,1,0.875,BUY,1,10,"SMA_20,ATR_14,BB_Upper,SMA_50,EMA_26,MFI,SMA_10,ROC,OBV,MACD",SMA_20
RELIANCE,2024-01-01,2024,1,Sideways,0,0.5335,NO TRADE,0,1,0.8726,BUY,1,10,"SMA_20,ATR_14,BB_Upper,SMA_50,EMA_26,MFI,SMA_10,ROC,OBV,MACD",SMA_20
RELIANCE,2024-01-02,2024,1,Sideways,0,0.5164,NO TRADE,0,1,0.8685,BUY,1,10,"SMA_20,ATR_14,BB_Upper,SMA_50,EMA_26,MFI,SMA_10,ROC,OBV,MACD",SMA_20
RELIANCE,2024-01-03,2024,1,Sideways,0,0.5042,NO TRADE,0,1,0.8515,BUY,1,10,"SMA_20,ATR_14,BB_Upper,SMA_50,EMA_26,MFI,SMA_10,ROC,OBV,MACD",SMA_20
RELIANCE,2024-01-04,2024,1,Sideways,1,0.5723,BUY,1,1,0.856,BUY,1,10,"SMA_20,ATR_14,BB_Upper,SMA_50,EMA_26,MFI,SMA_10,ROC,OBV,MACD",SMA_20
RELIANCE,2024-01-05,2024,1,Sideways,1,0.5747,BUY,1,1,0.8666,BUY,1,10,"SMA_20,ATR_14,BB_Upper,SMA_50,EMA_26,MFI,SMA_10,ROC,OBV,MACD",SMA_20
RELIANCE,2024-01-08,2024,1,Sideways,0,0.5405,NO TRADE,0,1,0.8397,BUY,1,10,"SMA_20,ATR_14,BB_Upper,SMA_50,EMA_26,MFI,SMA_10,ROC,OBV,MACD",SMA_20
RELIANCE,2024-01-09,2024,1,Sideways,0,0.5545,SELL,0,1,0.8512,BUY,1,10,"SMA_20,ATR_14,BB_Upper,SMA_50,EMA_26,MFI,SMA_10,ROC,OBV,MACD",SMA_20
RELIANCE,2024-01-10,2024,1,Sideways,0,0.6217,SELL,0,1,0.6518,BUY,1,10,"SMA_20,ATR_14,BB_Upper,SMA_50,EMA_26,MFI,SMA_10,ROC,OBV,MACD",SMA_20
RELIANCE,2024-01-11,2024,1,Sideways,0,0.6258,SELL,0,1,0.5435,NO TRADE,1,10,"SMA_20,ATR_14,BB_Upper,SMA_50,EMA_26,MFI,SMA_10,ROC,OBV,MACD",SMA_20
RELIANCE,2024-01-12,2024,1,Sideways,0,0.5172,NO TRADE,0,1,0.6132,BUY,1,10,"SMA_20,ATR_14,BB_Upper,SMA_50,EMA_26,MFI,SMA_10,ROC,OBV,MACD",SMA_20
RELIANCE,2024-01-15,2024,1,Sideways,0,0.5379,NO TRADE,0,1,0.5976,BUY,1,10,"SMA_20,ATR_14,BB_Upper,SMA_50,EMA_26,MFI,SMA_10,ROC,OBV,MACD",SMA_20
RELIANCE,2024-01-16,2024,1,Sideways,0,0.5294,NO TRADE,0,1,0.8595,BUY,1,10,"SMA_20,ATR_14,BB_Upper,SMA_50,EMA_26,MFI,SMA_10,ROC,OBV,MACD",SMA_20
RELIANCE,2024-01-17,2024,1,Sideways,0,0.5093,NO TRADE,0,1,0.7345,BUY,1,10,"SMA_20,ATR_14,BB_Upper,SMA_50,EMA_26,MFI,SMA_10,ROC,OBV,MACD",SMA_20
RELIANCE,2024-01-18,2024,1,Sideways,0,0.502,NO TRADE,0,1,0.8295,BUY,1,10,"SMA_20,ATR_14,BB_Upper,SMA_50,EMA_26,MFI,SMA_10,ROC,OBV,MACD",SMA_20
RELIANCE,2024-01-19,2024,1,Sideways,0,0.5002,NO TRADE,0,1,0.8562,BUY,1,10,"SMA_20,ATR_14,BB_Upper,SMA_50,EMA_26,MFI,SMA_10,ROC,OBV,MACD",SMA_20
RELIANCE,2024-01-23,2024,1,Sideways,0,0.6582,SELL,0,1,0.6407,BUY,1,10,"SMA_20,ATR_14,BB_Upper,SMA_50,EMA_26,MFI,SMA_10,ROC,OBV,MACD",SMA_20
RELIANCE,2024-01-24,2024,1,Sideways,0,0.5929,SELL,0,1,0.7893,BUY,1,10,"SMA_20,ATR_14,BB_Upper,SMA_50,EMA_26,MFI,SMA_10,ROC,OBV,MACD",SMA_20
RELIANCE,2024-01-25,2024,1,Sideways,0,0.5541,SELL,0,1,0.8627,BUY,1,10,"SMA_20,ATR_14,BB_Upper,SMA_50,EMA_26,MFI,SMA_10,ROC,OBV,MACD",SMA_20
RELIANCE,2024-01-29,2024,1,Sideways,0,0.5742,SELL,0,1,0.6688,BUY,1,10,"Volume_MA,SMA_50,EMA_26,ATR_14,OBV,SMA_10,BB_Upper,Rolling_Volatility,MACD,ADX",Volume_MA
RELIANCE,2024-01-30,2024,1,Sideways,1,0.5268,NO TRADE,1,1,0.7606,BUY,1,10,"Volume_MA,SMA_50,EMA_26,ATR_14,OBV,SMA_10,BB_Upper,Rolling_Volatility,MACD,ADX",Volume_MA
RELIANCE,2024-01-31,2024,1,Sideways,1,0.5759,BUY,1,1,0.6903,BUY,1,10,"Volume_MA,SMA_50,EMA_26,ATR_14,OBV,SMA_10,BB_Upper,Rolling_Volatility,MACD,ADX",Volume_MA
RELIANCE,2024-02-01,2024,1,Sideways,1,0.5978,BUY,1,1,0.8663,BUY,1,10,"Volume_MA,SMA_50,EMA_26,ATR_14,OBV,SMA_10,BB_Upper,Rolling_Volatility,MACD,ADX",Volume_MA
RELIANCE,2024-02-02,2024,1,Sideways,1,0.561,BUY,1,1,0.7564,BUY,1,10,"Volume_MA,SMA_50,EMA_26,ATR_14,OBV,SMA_10,BB_Upper,Rolling_Volatility,MACD,ADX",Volume_MA
RELIANCE,2024-02-05,2024,1,Sideways,1,0.5862,BUY,1,1,0.8598,BUY,1,10,"Volume_MA,SMA_50,EMA_26,ATR_14,OBV,SMA_10,BB_Upper,Rolling_Volatility,MACD,ADX",Volume_MA
RELIANCE,2024-02-06,2024,1,Sideways,1,0.6166,BUY,1,1,0.852,BUY,1,10,"Volume_MA,SMA_50,EMA_26,ATR_14,OBV,SMA_10,BB_Upper,Rolling_Volatility,MACD,ADX",Volume_MA
RELIANCE,2024-02-07,2024,1,Sideways,1,0.6096,BUY,1,1,0.783,BUY,1,10,"Volume_MA,SMA_50,EMA_26,ATR_14,OBV,SMA_10,BB_Upper,Rolling_Volatility,MACD,ADX",Volume_MA
RELIANCE,2024-02-08,2024,1,Sideways,1,0.6162,BUY,1,1,0.6433,BUY,1,10,"Volume_MA,SMA_50,EMA_26,ATR_14,OBV,SMA_10,BB_Upper,Rolling_Volatility,MACD,ADX",Volume_MA
RELIANCE,2024-02-09,2024,1,Sideways,1,0.625,BUY,1,1,0.6537,BUY,1,10,"Volume_MA,SMA_50,EMA_26,ATR_14,OBV,SMA_10,BB_Upper,Rolling_Volatility,MACD,ADX",Volume_MA
RELIANCE,2024-02-12,2024,1,Sideways,1,0.5465,NO TRADE,1,1,0.8374,BUY,1,10,"Volume_MA,SMA_50,EMA_26,ATR_14,OBV,SMA_10,BB_Upper,Rolling_Volatility,MACD,ADX",Volume_MA
RELIANCE,2024-02-13,2024,0,Sideways,1,0.6085,BUY,0,1,0.8835,BUY,0,10,"Volume_MA,SMA_50,EMA_26,ATR_14,OBV,SMA_10,BB_Upper,Rolling_Volatility,MACD,ADX",Volume_MA
RELIANCE,2024-02-14,2024,0,Sideways,1,0.5715,BUY,0,1,0.7721,BUY,0,10,"Volume_MA,SMA_50,EMA_26,ATR_14,OBV,SMA_10,BB_Upper,Rolling_Volatility,MACD,ADX",Volume_MA
RELIANCE,2024-02-15,2024,0,Sideways,1,0.7784,BUY,0,1,0.6389,BUY,0,10,"Volume_MA,SMA_50,EMA_26,ATR_14,OBV,SMA_10,BB_Upper,Rolling_Volatility,MACD,ADX",Volume_MA
RELIANCE,2024-02-16,2024,0,Sideways,1,0.6215,BUY,0,1,0.5799,BUY,0,10,"Volume_MA,SMA_50,EMA_26,ATR_14,OBV,SMA_10,BB_Upper,Rolling_Volatility,MACD,ADX",Volume_MA
RELIANCE,2024-02-19,2024,0,Sideways,0,0.5833,SELL,1,0,0.6902,SELL,1,10,"Volume_MA,SMA_50,EMA_26,ATR_14,OBV,SMA_10,BB_Upper,Rolling_Volatility,MACD,ADX",Volume_MA
RELIANCE,2024-02-20,2024,0,Sideways,0,0.6106,SELL,1,0,0.7057,SELL,1,10,"Volume_MA,SMA_50,EMA_26,ATR_14,OBV,SMA_10,BB_Upper,Rolling_Volatility,MACD,ADX",Volume_MA
RELIANCE,2024-02-21,2024,0,Sideways,0,0.5713,SELL,1,0,0.5177,NO TRADE,1,10,"Volume_MA,SMA_50,EMA_26,ATR_14,OBV,SMA_10,BB_Upper,Rolling_Volatility,MACD,ADX",Volume_MA
RELIANCE,2024-02-22,2024,0,Sideways,0,0.8021,SELL,1,0,0.8989,SELL,1,10,"Volume_MA,SMA_50,EMA_26,ATR_14,OBV,SMA_10,BB_Upper,Rolling_Volatility,MACD,ADX",Volume_MA
RELIANCE,2024-02-23,2024,0,Sideways,0,0.8843,SELL,1,0,0.9246,SELL,1,10,"Volume_MA,SMA_50,EMA_26,ATR_14,OBV,SMA_10,BB_Upper,Rolling_Volatility,MACD,ADX",Volume_MA
RELIANCE,2024-02-26,2024,1,Sideways,0,0.7955,SELL,0,0,0.9301,SELL,0,10,"Volume_MA,SMA_50,EMA_26,ATR_14,OBV,SMA_10,BB_Upper,Rolling_Volatility,MACD,ADX",Volume_MA
RELIANCE,2024-02-27,2024,1,Sideways,0,0.7155,SELL,0,0,0.6419,SELL,0,10,"Volume_MA,SMA_50,EMA_26,ATR_14,OBV,SMA_10,BB_Upper,Rolling_Volatility,MACD,ADX",Volume_MA
RELIANCE,2024-02-28,2024,1,Sideways,0,0.5737,SELL,0,0,0.5126,NO TRADE,0,10,"Volume_MA,SMA_50,EMA_26,ATR_14,OBV,SMA_10,BB_Upper,Rolling_Volatility,MACD,ADX",Volume_MA
RELIANCE,2024-02-29,2024,1,Sideways,0,0.6013,SELL,0,0,0.5026,NO TRADE,0,10,"Volume_MA,SMA_50,EMA_26,ATR_14,OBV,SMA_10,BB_Upper,Rolling_Volatility,MACD,ADX",Volume_MA
RELIANCE,2024-03-01,2024,0,Sideways,1,0.6168,BUY,0,1,0.6038,BUY,0,10,"Volume_MA,SMA_50,EMA_26,ATR_14,OBV,SMA_10,BB_Upper,Rolling_Volatility,MACD,ADX",Volume_MA
RELIANCE,2024-03-04,2024,0,Sideways,0,0.7602,SELL,1,0,0.6899,SELL,1,10,"Volume_MA,SMA_50,EMA_26,ATR_14,OBV,SMA_10,BB_Upper,Rolling_Volatility,MACD,ADX",Volume_MA
RELIANCE,2024-03-05,2024,0,Sideways,0,0.8616,SELL,1,0,0.8558,SELL,1,10,"Volume_MA,SMA_50,EMA_26,ATR_14,OBV,SMA_10,BB_Upper,Rolling_Volatility,MACD,ADX",Volume_MA
RELIANCE,2024-03-06,2024,0,Sideways,0,0.8711,SELL,1,0,0.7782,SELL,1,10,"Volume_MA,SMA_50,EMA_26,ATR_14,OBV,SMA_10,BB_Upper,Rolling_Volatility,MACD,ADX",Volume_MA
RELIANCE,2024-03-07,2024,0,Sideways,0,0.7338,SELL,1,0,0.8041,SELL,1,10,"Volume_MA,SMA_50,EMA_26,ATR_14,OBV,SMA_10,BB_Upper,Rolling_Volatility,MACD,ADX",Volume_MA
RELIANCE,2024-03-11,2024,1,Sideways,0,0.8122,SELL,0,0,0.8323,SELL,0,10,"Volume_MA,SMA_50,EMA_26,ATR_14,OBV,SMA_10,BB_Upper,Rolling_Volatility,MACD,ADX",Volume_MA
RELIANCE,2024-03-12,2024,0,Sideways,0,0.7255,SELL,1,0,0.6211,SELL,1,10,"EMA_26,MACD_Signal,OBV,SMA_20,RSI_14,EMA_12,SMA_10,BB_Upper,MACD,Volume_MA",EMA_26
RELIANCE,2024-03-13,2024,1,Sideways,1,0.734,BUY,1,0,0.7232,SELL,0,10,"EMA_26,MACD_Signal,OBV,SMA_20,RSI_14,EMA_12,SMA_10,BB_Upper,MACD,Volume_MA",EMA_26
RELIANCE,2024-03-14,2024,1,Sideways,1,0.5236,NO TRADE,1,0,0.6239,SELL,0,10,"EMA_26,MACD_Signal,OBV,SMA_20,RSI_14,EMA_12,SMA_10,BB_Upper,MACD,Volume_MA",EMA_26
RELIANCE,2024-03-15,2024,1,Sideways,1,0.588,BUY,1,0,0.6817,SELL,0,10,"EMA_26,MACD_Signal,OBV,SMA_20,RSI_14,EMA_12,SMA_10,BB_Upper,MACD,Volume_MA",EMA_26
RELIANCE,2024-03-18,2024,1,Sideways,1,0.569,BUY,1,1,0.7518,BUY,1,10,"EMA_26,MACD_Signal,OBV,SMA_20,RSI_14,EMA_12,SMA_10,BB_Upper,MACD,Volume_MA",EMA_26
RELIANCE,2024-03-19,2024,1,Sideways,1,0.5796,BUY,1,1,0.7835,BUY,1,10,"EMA_26,MACD_Signal,OBV,SMA_20,RSI_14,EMA_12,SMA_10,BB_Upper,MACD,Volume_MA",EMA_26
RELIANCE,2024-03-20,2024,1,Sideways,1,0.5534,BUY,1,1,0.8065,BUY,1,10,"EMA_26,MACD_Signal,OBV,SMA_20,RSI_14,EMA_12,SMA_10,BB_Upper,MACD,Volume_MA",EMA_26
RELIANCE,2024-03-21,2024,0,Sideways,1,0.511,NO TRADE,0,1,0.7552,BUY,0,10,"EMA_26,MACD_Signal,OBV,SMA_20,RSI_14,EMA_12,SMA_10,BB_Upper,MACD,Volume_MA",EMA_26
RELIANCE,2024-03-22,2024,1,Sideways,0,0.7309,SELL,0,0,0.654,SELL,0,10,"EMA_26,MACD_Signal,OBV,SMA_20,RSI_14,EMA_12,SMA_10,BB_Upper,MACD,Volume_MA",EMA_26
RELIANCE,2024-03-26,2024,1,Sideways,0,0.5441,NO TRADE,0,1,0.5826,BUY,1,10,"EMA_26,MACD_Signal,OBV,SMA_20,RSI_14,EMA_12,SMA_10,BB_Upper,MACD,Volume_MA",EMA_26
RELIANCE,2024-03-27,2024,0,Sideways,0,0.5629,SELL,1,1,0.6044,BUY,0,10,"EMA_26,MACD_Signal,OBV,SMA_20,RSI_14,EMA_12,SMA_10,BB_Upper,MACD,Volume_MA",EMA_26
RELIANCE,2024-03-28,2024,0,Sideways,0,0.6983,SELL,1,0,0.7009,SELL,1,10,"EMA_26,MACD_Signal,OBV,SMA_20,RSI_14,EMA_12,SMA_10,BB_Upper,MACD,Volume_MA",EMA_26
RELIANCE,2024-04-01,2024,0,Sideways,0,0.8905,SELL,1,0,0.7285,SELL,1,10,"EMA_26,MACD_Signal,OBV,SMA_20,RSI_14,EMA_12,SMA_10,BB_Upper,MACD,Volume_MA",EMA_26
RELIANCE,2024-04-02,2024,0,Sideways,0,0.8844,SELL,1,0,0.7495,SELL,1,10,"EMA_26,MACD_Signal,OBV,SMA_20,RSI_14,EMA_12,SMA_10,BB_Upper,MACD,Volume_MA",EMA_26
RELIANCE,2024-04-03,2024,0,Sideways,0,0.9007,SELL,1,0,0.6506,SELL,1,10,"EMA_26,MACD_Signal,OBV,SMA_20,RSI_14,EMA_12,SMA_10,BB_Upper,MACD,Volume_MA",EMA_26
RELIANCE,2024-04-04,2024,0,Sideways,0,0.8061,SELL,1,0,0.6939,SELL,1,10,"EMA_26,MACD_Signal,OBV,SMA_20,RSI_14,EMA_12,SMA_10,BB_Upper,MACD,Volume_MA",EMA_26
RELIANCE,2024-04-05,2024,0,Sideways,0,0.875,SELL,1,0,0.6913,SELL,1,10,"EMA_26,MACD_Signal,OBV,SMA_20,RSI_14,EMA_12,SMA_10,BB_Upper,MACD,Volume_MA",EMA_26
RELIANCE,2024-04-08,2024,0,Sideways,0,0.8835,SELL,1,0,0.795,SELL,1,10,"EMA_26,MACD_Signal,OBV,SMA_20,RSI_14,EMA_12,SMA_10,BB_Upper,MACD,Volume_MA",EMA_26
RELIANCE,2024-04-09,2024,0,Sideways,0,0.8852,SELL,1,0,0.774,SELL,1,10,"EMA_26,MACD_Signal,OBV,SMA_20,RSI_14,EMA_12,SMA_10,BB_Upper,MACD,Volume_MA",EMA_26
RELIANCE,2024-04-10,2024,0,Sideways,0,0.8817,SELL,1,0,0.8239,SELL,1,10,"EMA_26,MACD_Signal,OBV,SMA_20,RSI_14,EMA_12,SMA_10,BB_Upper,MACD,Volume_MA",EMA_26
RELIANCE,2024-04-12,2024,0,Sideways,0,0.9183,SELL,1,0,0.8321,SELL,1,10,"EMA_26,MACD_Signal,OBV,SMA_20,RSI_14,EMA_12,SMA_10,BB_Upper,MACD,Volume_MA",EMA_26
RELIANCE,2024-04-15,2024,0,Sideways,0,0.8529,SELL,1,0,0.8222,SELL,1,10,"EMA_26,MACD_Signal,OBV,SMA_20,RSI_14,EMA_12,SMA_10,BB_Upper,MACD,Volume_MA",EMA_26
RELIANCE,2024-04-16,2024,0,Sideways,0,0.9253,SELL,1,0,0.831,SELL,1,10,"EMA_26,MACD_Signal,OBV,SMA_20,RSI_14,EMA_12,SMA_10,BB_Upper,MACD,Volume_MA",EMA_26
RELIANCE,2024-04-18,2024,0,Sideways,0,0.9311,SELL,1,0,0.8068,SELL,1,10,"EMA_26,MACD_Signal,OBV,SMA_20,RSI_14,EMA_12,SMA_10,BB_Upper,MACD,Volume_MA",EMA_26
RELIANCE,2024-04-19,2024,0,Sideways,0,0.9295,SELL,1,0,0.8538,SELL,1,10,"EMA_26,MACD_Signal,OBV,SMA_20,RSI_14,EMA_12,SMA_10,BB_Upper,MACD,Volume_MA",EMA_26
RELIANCE,2024-04-22,2024,0,Sideways,0,0.9269,SELL,1,0,0.8675,SELL,1,10,"EMA_26,MACD_Signal,OBV,SMA_20,RSI_14,EMA_12,SMA_10,BB_Upper,MACD,Volume_MA",EMA_26
RELIANCE,2024-04-23,2024,1,Sideways,0,0.9344,SELL,0,0,0.8798,SELL,0,10,"EMA_26,MACD_Signal,OBV,SMA_20,RSI_14,EMA_12,SMA_10,BB_Upper,MACD,Volume_MA",EMA_26
RELIANCE,2024-04-24,2024,1,Sideways,0,0.7496,SELL,0,0,0.6284,SELL,0,10,"EMA_26,MACD_Signal,OBV,SMA_20,RSI_14,EMA_12,SMA_10,BB_Upper,MACD,Volume_MA",EMA_26
RELIANCE,2024-04-25,2024,1,Sideways,0,0.6925,SELL,0,0,0.7466,SELL,0,10,"EMA_26,MACD_Signal,OBV,SMA_20,RSI_14,EMA_12,SMA_10,BB_Upper,MACD,Volume_MA",EMA_26
RELIANCE,2024-04-26,2024,1,Sideways,1,0.5337,NO TRADE,1,1,0.5671,BUY,1,10,"EMA_26,MACD_Signal,OBV,SMA_20,RSI_14,EMA_12,SMA_10,BB_Upper,MACD,Volume_MA",EMA_26
RELIANCE,2024-04-29,2024,0,Sideways,0,0.6787,SELL,1,1,0.633,BUY,0,10,"EMA_26,ATR_14,Volume_MA,RSI_14,MACD_Signal,EMA_12,SMA_20,SMA_50,SMA_10,MACD_Hist",EMA_26
RELIANCE,2024-04-30,2024,0,Sideways,0,0.8662,SELL,1,0,0.796,SELL,1,10,"EMA_26,ATR_14,Volume_MA,RSI_14,MACD_Signal,EMA_12,SMA_20,SMA_50,SMA_10,MACD_Hist",EMA_26
RELIANCE,2024-05-02,2024,0,Sideways,0,0.931,SELL,1,0,0.8525,SELL,1,10,"EMA_26,ATR_14,Volume_MA,RSI_14,MACD_Signal,EMA_12,SMA_20,SMA_50,SMA_10,MACD_Hist",EMA_26
RELIANCE,2024-05-03,2024,1,Sideways,1,0.6227,BUY,1,1,0.6225,BUY,1,10,"EMA_26,ATR_14,Volume_MA,RSI_14,MACD_Signal,EMA_12,SMA_20,SMA_50,SMA_10,MACD_Hist",EMA_26
RELIANCE,2024-05-06,2024,0,Sideways,1,0.5273,NO TRADE,0,1,0.756,BUY,0,10,"EMA_26,ATR_14,Volume_MA,RSI_14,MACD_Signal,EMA_12,SMA_20,SMA_50,SMA_10,MACD_Hist",EMA_26
RELIANCE,2024-05-07,2024,1,Sideways,0,0.5647,SELL,0,0,0.5943,SELL,0,10,"EMA_26,ATR_14,Volume_MA,RSI_14,MACD_Signal,EMA_12,SMA_20,SMA_50,SMA_10,MACD_Hist",EMA_26
RELIANCE,2024-05-08,2024,1,Sideways,1,0.5729,BUY,1,1,0.6262,BUY,1,10,"EMA_26,ATR_14,Volume_MA,RSI_14,MACD_Signal,EMA_12,SMA_20,SMA_50,SMA_10,MACD_Hist",EMA_26
RELIANCE,2024-05-09,2024,1,Sideways,1,0.7173,BUY,1,1,0.7909,BUY,1,10,"EMA_26,ATR_14,Volume_MA,RSI_14,MACD_Signal,EMA_12,SMA_20,SMA_50,SMA_10,MACD_Hist",EMA_26
RELIANCE,2024-05-10,2024,1,Sideways,1,0.557,BUY,1,1,0.8911,BUY,1,10,"EMA_26,ATR_14,Volume_MA,RSI_14,MACD_Signal,EMA_12,SMA_20,SMA_50,SMA_10,MACD_Hist",EMA_26
RELIANCE,2024-05-13,2024,1,Sideways,1,0.5557,BUY,1,1,0.9106,BUY,1,10,"EMA_26,ATR_14,Volume_MA,RSI_14,MACD_Signal,EMA_12,SMA_20,SMA_50,SMA_10,MACD_Hist",EMA_26
RELIANCE,2024-05-14,2024,1,Sideways,1,0.5745,BUY,1,1,0.8684,BUY,1,10,"EMA_26,ATR_14,Volume_MA,RSI_14,MACD_Signal,EMA_12,SMA_20,SMA_50,SMA_10,MACD_Hist",EMA_26
RELIANCE,2024-05-15,2024,1,Sideways,1,0.5761,BUY,1,1,0.8768,BUY,1,10,"EMA_26,ATR_14,Volume_MA,RSI_14,MACD_Signal,EMA_12,SMA_20,SMA_50,SMA_10,MACD_Hist",EMA_26
RELIANCE,2024-05-16,2024,1,Sideways,1,0.6439,BUY,1,1,0.8887,BUY,1,10,"EMA_26,ATR_14,Volume_MA,RSI_14,MACD_Signal,EMA_12,SMA_20,SMA_50,SMA_10,MACD_Hist",EMA_26
RELIANCE,2024-05-17,2024,1,Sideways,1,0.5855,BUY,1,1,0.8804,BUY,1,10,"EMA_26,ATR_14,Volume_MA,RSI_14,MACD_Signal,EMA_12,SMA_20,SMA_50,SMA_10,MACD_Hist",EMA_26
RELIANCE,2024-05-21,2024,1,Sideways,1,0.6103,BUY,1,1,0.8826,BUY,1,10,"EMA_26,ATR_14,Volume_MA,RSI_14,MACD_Signal,EMA_12,SMA_20,SMA_50,SMA_10,MACD_Hist",EMA_26
RELIANCE,2024-05-22,2024,1,Sideways,1,0.7067,BUY,1,1,0.7721,BUY,1,10,"EMA_26,ATR_14,Volume_MA,RSI_14,MACD_Signal,EMA_12,SMA_20,SMA_50,SMA_10,MACD_Hist",EMA_26
RELIANCE,2024-05-23,2024,0,Sideways,1,0.7386,BUY,0,1,0.8443,BUY,0,10,"EMA_26,ATR_14,Volume_MA,RSI_14,MACD_Signal,EMA_12,SMA_20,SMA_50,SMA_10,MACD_Hist",EMA_26
RELIANCE,2024-05-24,2024,0,Sideways,0,0.5539,SELL,1,1,0.6384,BUY,0,10,"EMA_26,ATR_14,Volume_MA,RSI_14,MACD_Signal,EMA_12,SMA_20,SMA_50,SMA_10,MACD_Hist",EMA_26
RELIANCE,2024-05-27,2024,0,Sideways,0,0.733,SELL,1,1,0.51,NO TRADE,0,10,"EMA_26,ATR_14,Volume_MA,RSI_14,MACD_Signal,EMA_12,SMA_20,SMA_50,SMA_10,MACD_Hist",EMA_26
RELIANCE,2024-05-28,2024,1,Sideways,0,0.8033,SELL,0,1,0.5333,NO TRADE,1,10,"EMA_26,ATR_14,Volume_MA,RSI_14,MACD_Signal,EMA_12,SMA_20,SMA_50,SMA_10,MACD_Hist",EMA_26
RELIANCE,2024-05-29,2024,1,Sideways,0,0.6961,SELL,0,1,0.6391,BUY,1,10,"EMA_26,ATR_14,Volume_MA,RSI_14,MACD_Signal,EMA_12,SMA_20,SMA_50,SMA_10,MACD_Hist",EMA_26
RELIANCE,2024-05-30,2024,1,Sideways,1,0.6079,BUY,1,1,0.771,BUY,1,10,"EMA_26,ATR_14,Volume_MA,RSI_14,MACD_Signal,EMA_12,SMA_20,SMA_50,SMA_10,MACD_Hist",EMA_26
RELIANCE,2024-05-31,2024,1,Sideways,0,0.5134,NO TRADE,0,1,0.7826,BUY,1,10,"EMA_26,ATR_14,Volume_MA,RSI_14,MACD_Signal,EMA_12,SMA_20,SMA_50,SMA_10,MACD_Hist",EMA_26
RELIANCE,2024-06-03,2024,1,Sideways,0,0.551,SELL,0,1,0.5416,NO TRADE,1,10,"EMA_26,ATR_14,Volume_MA,RSI_14,MACD_Signal,EMA_12,SMA_20,SMA_50,SMA_10,MACD_Hist",EMA_26
RELIANCE,2024-06-04,2024,1,Sideways,1,0.9492,BUY,1,1,0.8531,BUY,1,10,"EMA_26,ATR_14,Volume_MA,RSI_14,MACD_Signal,EMA_12,SMA_20,SMA_50,SMA_10,MACD_Hist",EMA_26
RELIANCE,2024-06-05,2024,1,Sideways,1,0.8608,BUY,1,1,0.9635,BUY,1,10,"EMA_26,ATR_14,Volume_MA,RSI_14,MACD_Signal,EMA_12,SMA_20,SMA_50,SMA_10,MACD_Hist",EMA_26
RELIANCE,2024-06-06,2024,1,Sideways,1,0.7079,BUY,1,1,0.9651,BUY,1,10,"EMA_26,ATR_14,Volume_MA,RSI_14,MACD_Signal,EMA_12,SMA_20,SMA_50,SMA_10,MACD_Hist",EMA_26
RELIANCE,2024-06-07,2024,1,Sideways,1,0.8497,BUY,1,1,0.9646,BUY,1,10,"EMA_26,ATR_14,Volume_MA,RSI_14,MACD_Signal,EMA_12,SMA_20,SMA_50,SMA_10,MACD_Hist",EMA_26
RELIANCE,2024-06-10,2024,1,Sideways,1,0.8242,BUY,1,1,0.9644,BUY,1,10,"EMA_26,ATR_14,Volume_MA,RSI_14,MACD_Signal,EMA_12,SMA_20,SMA_50,SMA_10,MACD_Hist",EMA_26
RELIANCE,2024-06-11,2024,1,Sideways,1,0.8329,BUY,1,1,0.9649,BUY,1,10,"EMA_26,ATR_14,Volume_MA,RSI_14,MACD_Signal,EMA_12,SMA_20,SMA_50,SMA_10,MACD_Hist",EMA_26
RELIANCE,2024-06-12,2024,1,Sideways,1,0.8773,BUY,1,1,0.9376,BUY,1,10,"Volume_MA,EMA_12,EMA_26,ATR_14,SMA_20,SMA_10,CCI,OBV,Williams_R,MACD_Signal",Volume_MA
RELIANCE,2024-06-13,2024,1,Sideways,1,0.8808,BUY,1,1,0.937,BUY,1,10,"Volume_MA,EMA_12,EMA_26,ATR_14,SMA_20,SMA_10,CCI,OBV,Williams_R,MACD_Signal",Volume_MA
RELIANCE,2024-06-14,2024,1,Sideways,1,0.8947,BUY,1,1,0.936,BUY,1,10,"Volume_MA,EMA_12,EMA_26,ATR_14,SMA_20,SMA_10,CCI,OBV,Williams_R,MACD_Signal",Volume_MA
RELIANCE,2024-06-18,2024,1,Sideways,1,0.8807,BUY,1,1,0.9341,BUY,1,10,"Volume_MA,EMA_12,EMA_26,ATR_14,SMA_20,SMA_10,CCI,OBV,Williams_R,MACD_Signal",Volume_MA
RELIANCE,2024-06-19,2024,1,Sideways,1,0.819,BUY,1,1,0.9326,BUY,1,10,"Volume_MA,EMA_12,EMA_26,ATR_14,SMA_20,SMA_10,CCI,OBV,Williams_R,MACD_Signal",Volume_MA
RELIANCE,2024-06-20,2024,1,Sideways,1,0.7788,BUY,1,1,0.934,BUY,1,10,"Volume_MA,EMA_12,EMA_26,ATR_14,SMA_20,SMA_10,CCI,OBV,Williams_R,MACD_Signal",Volume_MA
RELIANCE,2024-06-21,2024,1,Sideways,1,0.7789,BUY,1,1,0.9335,BUY,1,10,"Volume_MA,EMA_12,EMA_26,ATR_14,SMA_20,SMA_10,CCI,OBV,Williams_R,MACD_Signal",Volume_MA
RELIANCE,2024-06-24,2024,1,Sideways,1,0.676,BUY,1,1,0.9285,BUY,1,10,"Volume_MA,EMA_12,EMA_26,ATR_14,SMA_20,SMA_10,CCI,OBV,Williams_R,MACD_Signal",Volume_MA
RELIANCE,2024-06-25,2024,1,Sideways,1,0.7327,BUY,1,1,0.9207,BUY,1,10,"Volume_MA,EMA_12,EMA_26,ATR_14,SMA_20,SMA_10,CCI,OBV,Williams_R,MACD_Signal",Volume_MA
RELIANCE,2024-06-26,2024,0,Sideways,1,0.8838,BUY,0,1,0.9377,BUY,0,10,"Volume_MA,EMA_12,EMA_26,ATR_14,SMA_20,SMA_10,CCI,OBV,Williams_R,MACD_Signal",Volume_MA
RELIANCE,2024-06-27,2024,0,Sideways,1,0.7266,BUY,0,1,0.8804,BUY,0,10,"Volume_MA,EMA_12,EMA_26,ATR_14,SMA_20,SMA_10,CCI,OBV,Williams_R,MACD_Signal",Volume_MA
RELIANCE,2024-06-28,2024,0,Sideways,1,0.6828,BUY,0,1,0.7299,BUY,0,10,"Volume_MA,EMA_12,EMA_26,ATR_14,SMA_20,SMA_10,CCI,OBV,Williams_R,MACD_Signal",Volume_MA
RELIANCE,2024-07-01,2024,0,Sideways,0,0.5732,SELL,1,0,0.658,SELL,1,10,"Volume_MA,EMA_12,EMA_26,ATR_14,SMA_20,SMA_10,CCI,OBV,Williams_R,MACD_Signal",Volume_MA
RELIANCE,2024-07-02,2024,0,Sideways,0,0.7411,SELL,1,0,0.7731,SELL,1,10,"Volume_MA,EMA_12,EMA_26,ATR_14,SMA_20,SMA_10,CCI,OBV,Williams_R,MACD_Signal",Volume_MA
RELIANCE,2024-07-03,2024,0,Sideways,0,0.8639,SELL,1,0,0.7639,SELL,1,10,"Volume_MA,EMA_12,EMA_26,ATR_14,SMA_20,SMA_10,CCI,OBV,Williams_R,MACD_Signal",Volume_MA
RELIANCE,2024-07-04,2024,0,Sideways,0,0.8987,SELL,1,0,0.8132,SELL,1,10,"Volume_MA,EMA_12,EMA_26,ATR_14,SMA_20,SMA_10,CCI,OBV,Williams_R,MACD_Signal",Volume_MA
RELIANCE,2024-07-05,2024,0,Sideways,0,0.6959,SELL,1,0,0.8775,SELL,1,10,"Volume_MA,EMA_12,EMA_26,ATR_14,SMA_20,SMA_10,CCI,OBV,Williams_R,MACD_Signal",Volume_MA
RELIANCE,2024-07-08,2024,0,Sideways,0,0.8547,SELL,1,0,0.8923,SELL,1,10,"Volume_MA,EMA_12,EMA_26,ATR_14,SMA_20,SMA_10,CCI,OBV,Williams_R,MACD_Signal",Volume_MA
RELIANCE,2024-07-09,2024,0,Sideways,0,0.9078,SELL,1,0,0.8918,SELL,1,10,"Volume_MA,EMA_12,EMA_26,ATR_14,SMA_20,SMA_10,CCI,OBV,Williams_R,MACD_Signal",Volume_MA
RELIANCE,2024-07-10,2024,0,Sideways,0,0.8101,SELL,1,0,0.8841,SELL,1,10,"Volume_MA,EMA_12,EMA_26,ATR_14,SMA_20,SMA_10,CCI,OBV,Williams_R,MACD_Signal",Volume_MA
RELIANCE,2024-07-11,2024,0,Sideways,0,0.9109,SELL,1,0,0.8727,SELL,1,10,"Volume_MA,EMA_12,EMA_26,ATR_14,SMA_20,SMA_10,CCI,OBV,Williams_R,MACD_Signal",Volume_MA
RELIANCE,2024-07-12,2024,0,Sideways,0,0.9289,SELL,1,0,0.8873,SELL,1,10,"Volume_MA,EMA_12,EMA_26,ATR_14,SMA_20,SMA_10,CCI,OBV,Williams_R,MACD_Signal",Volume_MA
RELIANCE,2024-07-15,2024,0,Sideways,0,0.9304,SELL,1,0,0.8971,SELL,1,10,"Volume_MA,EMA_12,EMA_26,ATR_14,SMA_20,SMA_10,CCI,OBV,Williams_R,MACD_Signal",Volume_MA
RELIANCE,2024-07-16,2024,0,Sideways,0,0.9332,SELL,1,0,0.8906,SELL,1,10,"Volume_MA,EMA_12,EMA_26,ATR_14,SMA_20,SMA_10,CCI,OBV,Williams_R,MACD_Signal",Volume_MA
RELIANCE,2024-07-18,2024,0,Sideways,0,0.9523,SELL,1,0,0.8997,SELL,1,10,"Volume_MA,EMA_12,EMA_26,ATR_14,SMA_20,SMA_10,CCI,OBV,Williams_R,MACD_Signal",Volume_MA
RELIANCE,2024-07-19,2024,0,Sideways,0,0.8713,SELL,1,0,0.8641,SELL,1,10,"Volume_MA,EMA_12,EMA_26,ATR_14,SMA_20,SMA_10,CCI,OBV,Williams_R,MACD_Signal",Volume_MA
RELIANCE,2024-07-22,2024,1,Sideways,1,0.687,BUY,1,0,0.7503,SELL,0,10,"Volume_MA,EMA_12,EMA_26,ATR_14,SMA_20,SMA_10,CCI,OBV,Williams_R,MACD_Signal",Volume_MA
RELIANCE,2024-07-23,2024,1,Sideways,1,0.6472,BUY,1,0,0.6147,SELL,0,10,"Volume_MA,EMA_12,EMA_26,ATR_14,SMA_20,SMA_10,CCI,OBV,Williams_R,MACD_Signal",Volume_MA
RELIANCE,2024-07-24,2024,1,Sideways,1,0.6819,BUY,1,0,0.5791,SELL,0,10,"Volume_MA,EMA_12,EMA_26,ATR_14,SMA_20,SMA_10,CCI,OBV,Williams_R,MACD_Signal",Volume_MA
RELIANCE,2024-07-25,2024,1,Sideways,1,0.6198,BUY,1,1,0.5211,NO TRADE,1,10,"Volume_MA,EMA_12,EMA_26,ATR_14,SMA_20,SMA_10,CCI,OBV,Williams_R,MACD_Signal",Volume_MA
RELIANCE,2024-07-26,2024,1,Sideways,1,0.6398,BUY,1,0,0.5542,SELL,0,10,"Volume_MA,Rolling_Std_10,EMA_12,EMA_26,OBV,Rolling_Volatility,BB_Upper,MACD,RSI_14,Williams_R",Volume_MA
RELIANCE,2024-07-29,2024,0,Sideways,0,0.5689,SELL,1,0,0.6011,SELL,1,10,"Volume_MA,Rolling_Std_10,EMA_12,EMA_26,OBV,Rolling_Volatility,BB_Upper,MACD,RSI_14,Williams_R",Volume_MA
RELIANCE,2024-07-30,2024,0,Sideways,0,0.5744,SELL,1,0,0.5348,NO TRADE,1,10,"Volume_MA,Rolling_Std_10,EMA_12,EMA_26,OBV,Rolling_Volatility,BB_Upper,MACD,RSI_14,Williams_R",Volume_MA
RELIANCE,2024-07-31,2024,1,Sideways,0,0.6792,SELL,0,1,0.5855,BUY,1,10,"Volume_MA,Rolling_Std_10,EMA_12,EMA_26,OBV,Rolling_Volatility,BB_Upper,MACD,RSI_14,Williams_R",Volume_MA
RELIANCE,2024-08-01,2024,0,Sideways,0,0.5138,NO TRADE,1,1,0.5439,NO TRADE,0,10,"Volume_MA,Rolling_Std_10,EMA_12,EMA_26,OBV,Rolling_Volatility,BB_Upper,MACD,RSI_14,Williams_R",Volume_MA
RELIANCE,2024-08-02,2024,1,Sideways,0,0.5703,SELL,0,1,0.55,NO TRADE,1,10,"Volume_MA,Rolling_Std_10,EMA_12,EMA_26,OBV,Rolling_Volatility,BB_Upper,MACD,RSI_14,Williams_R",Volume_MA
RELIANCE,2024-08-05,2024,1,Sideways,1,0.9202,BUY,1,1,0.6726,BUY,1,10,"Volume_MA,Rolling_Std_10,EMA_12,EMA_26,OBV,Rolling_Volatility,BB_Upper,MACD,RSI_14,Williams_R",Volume_MA
RELIANCE,2024-08-06,2024,1,Sideways,1,0.5639,BUY,1,1,0.7593,BUY,1,10,"Volume_MA,Rolling_Std_10,EMA_12,EMA_26,OBV,Rolling_Volatility,BB_Upper,MACD,RSI_14,Williams_R",Volume_MA
RELIANCE,2024-08-07,2024,1,Sideways,1,0.58,BUY,1,1,0.7756,BUY,1,10,"Volume_MA,Rolling_Std_10,EMA_12,EMA_26,OBV,Rolling_Volatility,BB_Upper,MACD,RSI_14,Williams_R",Volume_MA
RELIANCE,2024-08-08,2024,1,Sideways,1,0.5592,BUY,1,1,0.8227,BUY,1,10,"Volume_MA,Rolling_Std_10,EMA_12,EMA_26,OBV,Rolling_Volatility,BB_Upper,MACD,RSI_14,Williams_R",Volume_MA
RELIANCE,2024-08-09,2024,0,Sideways,1,0.7051,BUY,0,1,0.8244,BUY,0,10,"Volume_MA,Rolling_Std_10,EMA_12,EMA_26,OBV,Rolling_Volatility,BB_Upper,MACD,RSI_14,Williams_R",Volume_MA
RELIANCE,2024-08-12,2024,1,Sideways,1,0.6868,BUY,1,1,0.8291,BUY,1,10,"Volume_MA,Rolling_Std_10,EMA_12,EMA_26,OBV,Rolling_Volatility,BB_Upper,MACD,RSI_14,Williams_R",Volume_MA
RELIANCE,2024-08-13,2024,0,Sideways,1,0.6509,BUY,0,1,0.8432,BUY,0,10,"Volume_MA,Rolling_Std_10,EMA_12,EMA_26,OBV,Rolling_Volatility,BB_Upper,MACD,RSI_14,Williams_R",Volume_MA
RELIANCE,2024-08-14,2024,1,Sideways,1,0.5848,BUY,1,1,0.8385,BUY,1,10,"Volume_MA,Rolling_Std_10,EMA_12,EMA_26,OBV,Rolling_Volatility,BB_Upper,MACD,RSI_14,Williams_R",Volume_MA
RELIANCE,2024-08-16,2024,0,Sideways,1,0.6121,BUY,0,1,0.8165,BUY,0,10,"Volume_MA,Rolling_Std_10,EMA_12,EMA_26,OBV,Rolling_Volatility,BB_Upper,MACD,RSI_14,Williams_R",Volume_MA
RELIANCE,2024-08-19,2024,0,Sideways,1,0.5975,BUY,0,1,0.7502,BUY,0,10,"Volume_MA,Rolling_Std_10,EMA_12,EMA_26,OBV,Rolling_Volatility,BB_Upper,MACD,RSI_14,Williams_R",Volume_MA
RELIANCE,2024-08-20,2024,0,Sideways,0,0.6707,SELL,1,1,0.6623,BUY,0,10,"Volume_MA,Rolling_Std_10,EMA_12,EMA_26,OBV,Rolling_Volatility,BB_Upper,MACD,RSI_14,Williams_R",Volume_MA
RELIANCE,2024-08-21,2024,0,Sideways,0,0.7815,SELL,1,1,0.566,BUY,0,10,"Volume_MA,Rolling_Std_10,EMA_12,EMA_26,OBV,Rolling_Volatility,BB_Upper,MACD,RSI_14,Williams_R",Volume_MA
RELIANCE,2024-08-22,2024,0,Sideways,0,0.7883,SELL,1,1,0.5822,BUY,0,10,"Volume_MA,Rolling_Std_10,EMA_12,EMA_26,OBV,Rolling_Volatility,BB_Upper,MACD,RSI_14,Williams_R",Volume_MA
RELIANCE,2024-08-23,2024,0,Sideways,0,0.8401,SELL,1,1,0.5115,NO TRADE,0,10,"Volume_MA,Rolling_Std_10,EMA_12,EMA_26,OBV,Rolling_Volatility,BB_Upper,MACD,RSI_14,Williams_R",Volume_MA
RELIANCE,2024-08-26,2024,0,Sideways,0,0.8615,SELL,1,0,0.5852,SELL,1,10,"Volume_MA,Rolling_Std_10,EMA_12,EMA_26,OBV,Rolling_Volatility,BB_Upper,MACD,RSI_14,Williams_R",Volume_MA
RELIANCE,2024-08-27,2024,0,Sideways,0,0.7883,SELL,1,0,0.5456,NO TRADE,1,10,"Volume_MA,Rolling_Std_10,EMA_12,EMA_26,OBV,Rolling_Volatility,BB_Upper,MACD,RSI_14,Williams_R",Volume_MA
RELIANCE,2024-08-28,2024,0,Sideways,0,0.8153,SELL,1,0,0.5129,NO TRADE,1,10,"Volume_MA,Rolling_Std_10,EMA_12,EMA_26,OBV,Rolling_Volatility,BB_Upper,MACD,RSI_14,Williams_R",Volume_MA
RELIANCE,2024-08-29,2024,0,Sideways,0,0.6467,SELL,1,0,0.6031,SELL,1,10,"Volume_MA,Rolling_Std_10,EMA_12,EMA_26,OBV,Rolling_Volatility,BB_Upper,MACD,RSI_14,Williams_R",Volume_MA
RELIANCE,2024-08-30,2024,1,Sideways,0,0.7731,SELL,0,1,0.5525,BUY,1,10,"Volume_MA,Rolling_Std_10,EMA_12,EMA_26,OBV,Rolling_Volatility,BB_Upper,MACD,RSI_14,Williams_R",Volume_MA
RELIANCE,2024-09-02,2024,0,Sideways,0,0.854,SELL,1,1,0.5043,NO TRADE,0,10,"Volume_MA,Rolling_Std_10,EMA_12,EMA_26,OBV,Rolling_Volatility,BB_Upper,MACD,RSI_14,Williams_R",Volume_MA
RELIANCE,2024-09-03,2024,0,Sideways,0,0.7442,SELL,1,1,0.5869,BUY,0,10,"Volume_MA,Rolling_Std_10,EMA_12,EMA_26,OBV,Rolling_Volatility,BB_Upper,MACD,RSI_14,Williams_R",Volume_MA
RELIANCE,2024-09-04,2024,0,Sideways,0,0.7639,SELL,1,0,0.5169,NO TRADE,1,10,"Volume_MA,Rolling_Std_10,EMA_12,EMA_26,OBV,Rolling_Volatility,BB_Upper,MACD,RSI_14,Williams_R",Volume_MA
RELIANCE,2024-09-05,2024,0,Sideways,1,0.6045,BUY,0,1,0.6355,BUY,0,10,"Volume_MA,Rolling_Std_10,EMA_12,EMA_26,OBV,Rolling_Volatility,BB_Upper,MACD,RSI_14,Williams_R",Volume_MA
RELIANCE,2024-09-06,2024,0,Sideways,1,0.6809,BUY,0,1,0.7436,BUY,0,10,"Volume_MA,Rolling_Std_10,EMA_12,EMA_26,OBV,Rolling_Volatility,BB_Upper,MACD,RSI_14,Williams_R",Volume_MA
RELIANCE,2024-09-09,2024,0,Sideways,1,0.5805,BUY,0,1,0.7268,BUY,0,10,"SMA_50,EMA_26,Williams_R,Rolling_Std_10,RSI_14,ATR_14,Rolling_Volatility,EMA_12,Volume_MA,SMA_20",SMA_50
RELIANCE,2024-09-10,2024,0,Sideways,1,0.5741,BUY,0,1,0.6538,BUY,0,10,"SMA_50,EMA_26,Williams_R,Rolling_Std_10,RSI_14,ATR_14,Rolling_Volatility,EMA_12,Volume_MA,SMA_20",SMA_50
RELIANCE,2024-09-11,2024,0,Sideways,1,0.6507,BUY,0,1,0.6312,BUY,0,10,"SMA_50,EMA_26,Williams_R,Rolling_Std_10,RSI_14,ATR_14,Rolling_Volatility,EMA_12,Volume_MA,SMA_20",SMA_50
RELIANCE,2024-09-12,2024,0,Sideways,1,0.7382,BUY,0,0,0.5859,SELL,1,10,"SMA_50,EMA_26,Williams_R,Rolling_Std_10,RSI_14,ATR_14,Rolling_Volatility,EMA_12,Volume_MA,SMA_20",SMA_50
RELIANCE,2024-09-13,2024,0,Sideways,1,0.5229,NO TRADE,0,0,0.5713,SELL,1,10,"SMA_50,EMA_26,Williams_R,Rolling_Std_10,RSI_14,ATR_14,Rolling_Volatility,EMA_12,Volume_MA,SMA_20",SMA_50
RELIANCE,2024-09-16,2024,0,Sideways,0,0.5475,NO TRADE,1,0,0.5519,SELL,1,10,"SMA_50,EMA_26,Williams_R,Rolling_Std_10,RSI_14,ATR_14,Rolling_Volatility,EMA_12,Volume_MA,SMA_20",SMA_50
RELIANCE,2024-09-17,2024,0,Sideways,1,0.5048,NO TRADE,0,0,0.5456,NO TRADE,1,10,"SMA_50,EMA_26,Williams_R,Rolling_Std_10,RSI_14,ATR_14,Rolling_Volatility,EMA_12,Volume_MA,SMA_20",SMA_50
RELIANCE,2024-09-18,2024,0,Sideways,0,0.5607,SELL,1,0,0.5431,NO TRADE,1,10,"SMA_50,EMA_26,Williams_R,Rolling_Std_10,RSI_14,ATR_14,Rolling_Volatility,EMA_12,Volume_MA,SMA_20",SMA_50
RELIANCE,2024-09-19,2024,0,Sideways,0,0.542,NO TRADE,1,0,0.618,SELL,1,10,"SMA_50,EMA_26,Williams_R,Rolling_Std_10,RSI_14,ATR_14,Rolling_Volatility,EMA_12,Volume_MA,SMA_20",SMA_50
RELIANCE,2024-09-20,2024,0,Sideways,0,0.6022,SELL,1,0,0.7446,SELL,1,10,"SMA_50,EMA_26,Williams_R,Rolling_Std_10,RSI_14,ATR_14,Rolling_Volatility,EMA_12,Volume_MA,SMA_20",SMA_50
RELIANCE,2024-09-23,2024,0,Sideways,0,0.6808,SELL,1,0,0.7639,SELL,1,10,"SMA_50,EMA_26,Williams_R,Rolling_Std_10,RSI_14,ATR_14,Rolling_Volatility,EMA_12,Volume_MA,SMA_20",SMA_50
RELIANCE,2024-09-24,2024,0,Sideways,0,0.6945,SELL,1,0,0.7983,SELL,1,10,"SMA_50,EMA_26,Williams_R,Rolling_Std_10,RSI_14,ATR_14,Rolling_Volatility,EMA_12,Volume_MA,SMA_20",SMA_50
RELIANCE,2024-09-25,2024,0,Sideways,0,0.7053,SELL,1,0,0.8099,SELL,1,10,"SMA_50,EMA_26,Williams_R,Rolling_Std_10,RSI_14,ATR_14,Rolling_Volatility,EMA_12,Volume_MA,SMA_20",SMA_50
RELIANCE,2024-09-26,2024,0,Sideways,0,0.6817,SELL,1,0,0.6515,SELL,1,10,"SMA_50,EMA_26,Williams_R,Rolling_Std_10,RSI_14,ATR_14,Rolling_Volatility,EMA_12,Volume_MA,SMA_20",SMA_50
RELIANCE,2024-09-27,2024,0,Sideways,0,0.7088,SELL,1,0,0.7044,SELL,1,10,"SMA_50,EMA_26,Williams_R,Rolling_Std_10,RSI_14,ATR_14,Rolling_Volatility,EMA_12,Volume_MA,SMA_20",SMA_50
RELIANCE,2024-09-30,2024,0,Sideways,1,0.6842,BUY,0,0,0.678,SELL,1,10,"SMA_50,EMA_26,Williams_R,Rolling_Std_10,RSI_14,ATR_14,Rolling_Volatility,EMA_12,Volume_MA,SMA_20",SMA_50
RELIANCE,2024-10-01,2024,0,Sideways,0,0.82,SELL,1,0,0.6908,SELL,1,10,"SMA_50,EMA_26,Williams_R,Rolling_Std_10,RSI_14,ATR_14,Rolling_Volatility,EMA_12,Volume_MA,SMA_20",SMA_50
RELIANCE,2024-10-03,2024,0,Sideways,1,0.7942,BUY,0,0,0.689,SELL,1,10,"SMA_50,EMA_26,Williams_R,Rolling_Std_10,RSI_14,ATR_14,Rolling_Volatility,EMA_12,Volume_MA,SMA_20",SMA_50
RELIANCE,2024-10-04,2024,0,Sideways,0,0.5054,NO TRADE,1,0,0.7313,SELL,1,10,"SMA_50,EMA_26,Williams_R,Rolling_Std_10,RSI_14,ATR_14,Rolling_Volatility,EMA_12,Volume_MA,SMA_20",SMA_50
RELIANCE,2024-10-07,2024,0,Sideways,0,0.5688,SELL,1,0,0.7889,SELL,1,10,"SMA_50,EMA_26,Williams_R,Rolling_Std_10,RSI_14,ATR_14,Rolling_Volatility,EMA_12,Volume_MA,SMA_20",SMA_50
RELIANCE,2024-10-08,2024,0,Sideways,1,0.5783,BUY,0,0,0.8814,SELL,1,10,"SMA_50,EMA_26,Williams_R,Rolling_Std_10,RSI_14,ATR_14,Rolling_Volatility,EMA_12,Volume_MA,SMA_20",SMA_50
RELIANCE,2024-10-09,2024,0,Sideways,1,0.5753,BUY,0,0,0.8081,SELL,1,10,"SMA_50,EMA_26,Williams_R,Rolling_Std_10,RSI_14,ATR_14,Rolling_Volatility,EMA_12,Volume_MA,SMA_20",SMA_50
RELIANCE,2024-10-10,2024,0,Sideways,1,0.5128,NO TRADE,0,0,0.8087,SELL,1,10,"SMA_50,EMA_26,Williams_R,Rolling_Std_10,RSI_14,ATR_14,Rolling_Volatility,EMA_12,Volume_MA,SMA_20",SMA_50
RELIANCE,2024-10-11,2024,0,Sideways,1,0.5056,NO TRADE,0,0,0.9006,SELL,1,10,"SMA_50,EMA_26,Williams_R,Rolling_Std_10,RSI_14,ATR_14,Rolling_Volatility,EMA_12,Volume_MA,SMA_20",SMA_50
RELIANCE,2024-10-14,2024,0,Sideways,0,0.6723,SELL,1,0,0.851,SELL,1,10,"SMA_50,EMA_26,Williams_R,Rolling_Std_10,RSI_14,ATR_14,Rolling_Volatility,EMA_12,Volume_MA,SMA_20",SMA_50
RELIANCE,2024-10-15,2024,0,Sideways,0,0.6705,SELL,1,0,0.8566,SELL,1,10,"SMA_50,EMA_26,Williams_R,Rolling_Std_10,RSI_14,ATR_14,Rolling_Volatility,EMA_12,Volume_MA,SMA_20",SMA_50
RELIANCE,2024-10-16,2024,0,Sideways,0,0.6766,SELL,1,0,0.8963,SELL,1,10,"SMA_50,EMA_26,Williams_R,Rolling_Std_10,RSI_14,ATR_14,Rolling_Volatility,EMA_12,Volume_MA,SMA_20",SMA_50
RELIANCE,2024-10-17,2024,0,Sideways,0,0.6839,SELL,1,0,0.8941,SELL,1,10,"SMA_50,EMA_26,Williams_R,Rolling_Std_10,RSI_14,ATR_14,Rolling_Volatility,EMA_12,Volume_MA,SMA_20",SMA_50
RELIANCE,2024-10-18,2024,0,Sideways,0,0.6963,SELL,1,0,0.9195,SELL,1,10,"SMA_50,EMA_26,Williams_R,Rolling_Std_10,RSI_14,ATR_14,Rolling_Volatility,EMA_12,Volume_MA,SMA_20",SMA_50
RELIANCE,2024-10-21,2024,0,Sideways,0,0.6998,SELL,1,0,0.8343,SELL,1,10,"SMA_50,EMA_26,Williams_R,Rolling_Std_10,RSI_14,ATR_14,Rolling_Volatility,EMA_12,Volume_MA,SMA_20",SMA_50
RELIANCE,2024-10-22,2024,0,Sideways,0,0.7003,SELL,1,0,0.6592,SELL,1,10,"EMA_26,SMA_20,EMA_12,BB_Upper,MACD_Hist,OBV,MACD_Signal,ADX,RSI_14,Rolling_Std_10",EMA_26
RELIANCE,2024-10-23,2024,0,Sideways,0,0.73,SELL,1,0,0.7402,SELL,1,10,"EMA_26,SMA_20,EMA_12,BB_Upper,MACD_Hist,OBV,MACD_Signal,ADX,RSI_14,Rolling_Std_10",EMA_26
RELIANCE,2024-10-24,2024,0,Sideways,0,0.6452,SELL,1,0,0.6695,SELL,1,10,"EMA_26,SMA_20,EMA_12,BB_Upper,MACD_Hist,OBV,MACD_Signal,ADX,RSI_14,Rolling_Std_10",EMA_26
RELIANCE,2024-10-25,2024,0,Sideways,0,0.6669,SELL,1,0,0.7876,SELL,1,10,"EMA_26,SMA_20,EMA_12,BB_Upper,MACD_Hist,OBV,MACD_Signal,ADX,RSI_14,Rolling_Std_10",EMA_26
RELIANCE,2024-10-28,2024,0,Sideways,0,0.708,SELL,1,0,0.7942,SELL,1,10,"EMA_26,SMA_20,EMA_12,BB_Upper,MACD_Hist,OBV,MACD_Signal,ADX,RSI_14,Rolling_Std_10",EMA_26
RELIANCE,2024-10-29,2024,0,Sideways,0,0.7159,SELL,1,0,0.762,SELL,1,10,"EMA_26,SMA_20,EMA_12,BB_Upper,MACD_Hist,OBV,MACD_Signal,ADX,RSI_14,Rolling_Std_10",EMA_26
RELIANCE,2024-10-30,2024,0,Sideways,0,0.7225,SELL,1,0,0.7056,SELL,1,10,"EMA_26,SMA_20,EMA_12,BB_Upper,MACD_Hist,OBV,MACD_Signal,ADX,RSI_14,Rolling_Std_10",EMA_26
RELIANCE,2024-10-31,2024,0,Sideways,0,0.7329,SELL,1,0,0.8566,SELL,1,10,"EMA_26,SMA_20,EMA_12,BB_Upper,MACD_Hist,OBV,MACD_Signal,ADX,RSI_14,Rolling_Std_10",EMA_26
RELIANCE,2024-11-01,2024,0,Sideways,0,0.7338,SELL,1,0,0.8809,SELL,1,10,"EMA_26,SMA_20,EMA_12,BB_Upper,MACD_Hist,OBV,MACD_Signal,ADX,RSI_14,Rolling_Std_10",EMA_26
RELIANCE,2024-11-04,2024,1,Sideways,1,0.5001,NO TRADE,1,0,0.7962,SELL,0,10,"EMA_26,SMA_20,EMA_12,BB_Upper,MACD_Hist,OBV,MACD_Signal,ADX,RSI_14,Rolling_Std_10",EMA_26
RELIANCE,2024-11-05,2024,1,Sideways,0,0.7378,SELL,0,0,0.8135,SELL,0,10,"EMA_26,SMA_20,EMA_12,BB_Upper,MACD_Hist,OBV,MACD_Signal,ADX,RSI_14,Rolling_Std_10",EMA_26
RELIANCE,2024-11-06,2024,0,Sideways,0,0.7655,SELL,1,0,0.828,SELL,1,10,"EMA_26,SMA_20,EMA_12,BB_Upper,MACD_Hist,OBV,MACD_Signal,ADX,RSI_14,Rolling_Std_10",EMA_26
RELIANCE,2024-11-07,2024,0,Sideways,0,0.7706,SELL,1,0,0.837,SELL,1,10,"EMA_26,SMA_20,EMA_12,BB_Upper,MACD_Hist,OBV,MACD_Signal,ADX,RSI_14,Rolling_Std_10",EMA_26
RELIANCE,2024-11-08,2024,1,Sideways,0,0.7886,SELL,0,0,0.8099,SELL,0,10,"EMA_26,SMA_20,EMA_12,BB_Upper,MACD_Hist,OBV,MACD_Signal,ADX,RSI_14,Rolling_Std_10",EMA_26
RELIANCE,2024-11-11,2024,1,Sideways,0,0.7274,SELL,0,0,0.7966,SELL,0,10,"EMA_26,SMA_20,EMA_12,BB_Upper,MACD_Hist,OBV,MACD_Signal,ADX,RSI_14,Rolling_Std_10",EMA_26
RELIANCE,2024-11-12,2024,0,Sideways,0,0.5883,SELL,1,0,0.6777,SELL,1,10,"EMA_26,SMA_20,EMA_12,BB_Upper,MACD_Hist,OBV,MACD_Signal,ADX,RSI_14,Rolling_Std_10",EMA_26
RELIANCE,2024-11-13,2024,1,Sideways,0,0.5267,NO TRADE,0,0,0.6694,SELL,0,10,"EMA_26,SMA_20,EMA_12,BB_Upper,MACD_Hist,OBV,MACD_Signal,ADX,RSI_14,Rolling_Std_10",EMA_26
RELIANCE,2024-11-14,2024,1,Sideways,1,0.6119,BUY,1,0,0.6228,SELL,0,10,"EMA_26,SMA_20,EMA_12,BB_Upper,MACD_Hist,OBV,MACD_Signal,ADX,RSI_14,Rolling_Std_10",EMA_26
RELIANCE,2024-11-18,2024,0,Sideways,1,0.8615,BUY,0,0,0.5123,NO TRADE,1,10,"EMA_26,SMA_20,EMA_12,BB_Upper,MACD_Hist,OBV,MACD_Signal,ADX,RSI_14,Rolling_Std_10",EMA_26
RELIANCE,2024-11-19,2024,1,Sideways,1,0.7087,BUY,1,0,0.6143,SELL,0,10,"EMA_26,SMA_20,EMA_12,BB_Upper,MACD_Hist,OBV,MACD_Signal,ADX,RSI_14,Rolling_Std_10",EMA_26
RELIANCE,2024-11-21,2024,1,Sideways,1,0.7574,BUY,1,1,0.5925,BUY,1,10,"EMA_26,SMA_20,EMA_12,BB_Upper,MACD_Hist,OBV,MACD_Signal,ADX,RSI_14,Rolling_Std_10",EMA_26
RELIANCE,2024-11-22,2024,0,Sideways,1,0.8023,BUY,0,1,0.5521,BUY,0,10,"EMA_26,SMA_20,EMA_12,BB_Upper,MACD_Hist,OBV,MACD_Signal,ADX,RSI_14,Rolling_Std_10",EMA_26
RELIANCE,2024-11-25,2024,0,Sideways,1,0.7617,BUY,0,0,0.5646,SELL,1,10,"EMA_26,SMA_20,EMA_12,BB_Upper,MACD_Hist,OBV,MACD_Signal,ADX,RSI_14,Rolling_Std_10",EMA_26
RELIANCE,2024-11-26,2024,0,Sideways,1,0.6369,BUY,0,0,0.6898,SELL,1,10,"EMA_26,SMA_20,EMA_12,BB_Upper,MACD_Hist,OBV,MACD_Signal,ADX,RSI_14,Rolling_Std_10",EMA_26
RELIANCE,2024-11-27,2024,0,Sideways,0,0.5372,NO TRADE,1,0,0.7806,SELL,1,10,"EMA_26,SMA_20,EMA_12,BB_Upper,MACD_Hist,OBV,MACD_Signal,ADX,RSI_14,Rolling_Std_10",EMA_26
RELIANCE,2024-11-28,2024,0,Sideways,0,0.5141,NO TRADE,1,0,0.8247,SELL,1,10,"EMA_26,SMA_20,EMA_12,BB_Upper,MACD_Hist,OBV,MACD_Signal,ADX,RSI_14,Rolling_Std_10",EMA_26
RELIANCE,2024-11-29,2024,0,Sideways,0,0.5809,SELL,1,0,0.8382,SELL,1,10,"EMA_26,SMA_20,EMA_12,BB_Upper,MACD_Hist,OBV,MACD_Signal,ADX,RSI_14,Rolling_Std_10",EMA_26
RELIANCE,2024-12-02,2024,0,Sideways,0,0.5086,NO TRADE,1,0,0.8456,SELL,1,10,"EMA_26,SMA_20,EMA_12,BB_Upper,MACD_Hist,OBV,MACD_Signal,ADX,RSI_14,Rolling_Std_10",EMA_26
