stock,predict_date,year,actual_target,market_regime,static_pred,static_confidence,static_signal,static_correct,dynamic_pred,dynamic_confidence,dynamic_signal,dynamic_correct,n_dynamic_features,dynamic_features,top_mi_feature
TCS,2022-01-03,2022,0,Sideways,1,1.0,BUY,0,1,0.7339,BUY,0,10,"MACD_Hist,ATR_14,SMA_10,OBV,RSI_14,SMA_50,MACD,BB_Upper,Volume_MA,SMA_20",MACD_Hist
TCS,2022-01-04,2022,0,Sideways,1,1.0,BUY,0,1,0.8003,BUY,0,10,"MACD_Hist,MACD,ATR_14,Volume_MA,MACD_Signal,OBV,SMA_20,ROC,SMA_10,EMA_26",MACD_Hist
TCS,2022-01-05,2022,0,Sideways,1,1.0,BUY,0,1,0.7408,BUY,0,10,"MACD_Hist,MACD,ATR_14,Volume_MA,MACD_Signal,OBV,SMA_20,ROC,SMA_10,EMA_26",MACD_Hist
TCS,2022-01-06,2022,1,Sideways,1,1.0,BUY,1,1,0.7245,BUY,1,10,"MACD_Hist,MACD,ATR_14,Volume_MA,MACD_Signal,OBV,SMA_20,ROC,SMA_10,EMA_26",MACD_Hist
TCS,2022-01-07,2022,0,Sideways,1,1.0,BUY,0,1,0.6965,BUY,0,10,"MACD_Hist,MACD,ATR_14,Volume_MA,MACD_Signal,OBV,SMA_20,ROC,SMA_10,EMA_26",MACD_Hist
TCS,2022-01-10,2022,0,Sideways,1,1.0,BUY,0,1,0.6283,BUY,0,10,"MACD_Hist,MACD,ATR_14,Volume_MA,MACD_Signal,OBV,SMA_20,ROC,SMA_10,EMA_26",MACD_Hist
TCS,2022-01-11,2022,0,Sideways,1,1.0,BUY,0,1,0.5297,NO TRADE,0,10,"MACD_Hist,MACD,ATR_14,Volume_MA,MACD_Signal,OBV,SMA_20,ROC,SMA_10,EMA_26",MACD_Hist
TCS,2022-01-12,2022,0,Sideways,1,1.0,BUY,0,0,0.5154,NO TRADE,1,10,"MACD_Hist,MACD,ATR_14,Volume_MA,MACD_Signal,OBV,SMA_20,ROC,SMA_10,EMA_26",MACD_Hist
TCS,2022-01-13,2022,0,Sideways,1,0.9983,BUY,0,0,0.5772,SELL,1,10,"MACD_Hist,MACD,ATR_14,Volume_MA,MACD_Signal,OBV,SMA_20,ROC,SMA_10,EMA_26",MACD_Hist
TCS,2022-01-14,2022,0,Sideways,1,1.0,BUY,0,0,0.7034,SELL,1,10,"MACD_Hist,MACD,ATR_14,Volume_MA,MACD_Signal,OBV,SMA_20,ROC,SMA_10,EMA_26",MACD_Hist
TCS,2022-01-17,2022,0,Sideways,1,1.0,BUY,0,0,0.7459,SELL,1,10,"MACD_Hist,MACD,ATR_14,Volume_MA,MACD_Signal,OBV,SMA_20,ROC,SMA_10,EMA_26",MACD_Hist
TCS,2022-01-18,2022,0,Sideways,1,0.9998,BUY,0,0,0.7269,SELL,1,10,"MACD_Hist,MACD,ATR_14,Volume_MA,MACD_Signal,OBV,SMA_20,ROC,SMA_10,EMA_26",MACD_Hist
TCS,2022-01-19,2022,0,Sideways,0,0.6059,SELL,1,0,0.7394,SELL,1,10,"MACD_Hist,MACD,ATR_14,Volume_MA,MACD_Signal,OBV,SMA_20,ROC,SMA_10,EMA_26",MACD_Hist
TCS,2022-01-20,2022,0,Sideways,0,1.0,SELL,1,0,0.7527,SELL,1,10,"MACD_Hist,MACD,ATR_14,Volume_MA,MACD_Signal,OBV,SMA_20,ROC,SMA_10,EMA_26",MACD_Hist
TCS,2022-01-21,2022,0,Sideways,0,1.0,SELL,1,0,0.7332,SELL,1,10,"MACD_Hist,MACD,ATR_14,Volume_MA,MACD_Signal,OBV,SMA_20,ROC,SMA_10,EMA_26",MACD_Hist
TCS,2022-01-24,2022,0,Sideways,0,1.0,SELL,1,0,0.6376,SELL,1,10,"MACD_Hist,MACD,ATR_14,Volume_MA,MACD_Signal,OBV,SMA_20,ROC,SMA_10,EMA_26",MACD_Hist
TCS,2022-01-25,2022,0,Sideways,0,1.0,SELL,1,0,0.6014,SELL,1,10,"MACD_Hist,MACD,ATR_14,Volume_MA,MACD_Signal,OBV,SMA_20,ROC,SMA_10,EMA_26",MACD_Hist
TCS,2022-01-27,2022,0,Sideways,0,1.0,SELL,1,0,0.5553,SELL,1,10,"MACD_Hist,MACD,ATR_14,Volume_MA,MACD_Signal,OBV,SMA_20,ROC,SMA_10,EMA_26",MACD_Hist
TCS,2022-01-28,2022,0,Sideways,0,1.0,SELL,1,0,0.5673,SELL,1,10,"MACD_Hist,MACD,ATR_14,Volume_MA,MACD_Signal,OBV,SMA_20,ROC,SMA_10,EMA_26",MACD_Hist
TCS,2022-01-31,2022,0,Sideways,0,1.0,SELL,1,0,0.5485,NO TRADE,1,10,"MACD_Hist,MACD,ATR_14,Volume_MA,MACD_Signal,OBV,SMA_20,ROC,SMA_10,EMA_26",MACD_Hist
TCS,2022-02-01,2022,0,Sideways,0,1.0,SELL,1,0,0.518,NO TRADE,1,10,"MACD_Hist,MACD,ATR_14,Volume_MA,MACD_Signal,OBV,SMA_20,ROC,SMA_10,EMA_26",MACD_Hist
TCS,2022-02-02,2022,0,Sideways,0,1.0,SELL,1,1,0.5344,NO TRADE,0,10,"MACD_Hist,MACD,ATR_14,Volume_MA,MACD_Signal,OBV,SMA_20,ROC,SMA_10,EMA_26",MACD_Hist
TCS,2022-02-03,2022,0,Sideways,0,1.0,SELL,1,1,0.5562,BUY,0,10,"MACD_Hist,MACD,ATR_14,Volume_MA,MACD_Signal,OBV,SMA_20,ROC,SMA_10,EMA_26",MACD_Hist
TCS,2022-02-04,2022,0,Sideways,0,1.0,SELL,1,1,0.5654,BUY,0,10,"MACD_Hist,MACD,ATR_14,Volume_MA,MACD_Signal,OBV,SMA_20,ROC,SMA_10,EMA_26",MACD_Hist
TCS,2022-02-07,2022,0,Sideways,0,1.0,SELL,1,1,0.5661,BUY,0,10,"MACD_Hist,MACD,ATR_14,Volume_MA,MACD_Signal,OBV,SMA_20,ROC,SMA_10,EMA_26",MACD_Hist
TCS,2022-02-08,2022,0,Sideways,0,1.0,SELL,1,1,0.5837,BUY,0,10,"MACD_Hist,MACD,ATR_14,Volume_MA,MACD_Signal,OBV,SMA_20,ROC,SMA_10,EMA_26",MACD_Hist
TCS,2022-02-09,2022,0,Sideways,0,1.0,SELL,1,1,0.6005,BUY,0,10,"MACD_Hist,MACD,ATR_14,Volume_MA,MACD_Signal,OBV,SMA_20,ROC,SMA_10,EMA_26",MACD_Hist
TCS,2022-02-10,2022,0,Sideways,0,0.9998,SELL,1,1,0.5904,BUY,0,10,"MACD_Hist,MACD,ATR_14,Volume_MA,MACD_Signal,OBV,SMA_20,ROC,SMA_10,EMA_26",MACD_Hist
TCS,2022-02-11,2022,0,Sideways,1,0.7699,BUY,0,1,0.6248,BUY,0,10,"MACD_Hist,MACD,ATR_14,Volume_MA,MACD_Signal,OBV,SMA_20,ROC,SMA_10,EMA_26",MACD_Hist
TCS,2022-02-14,2022,0,Sideways,1,0.7671,BUY,0,1,0.6226,BUY,0,10,"MACD_Hist,MACD,ATR_14,Volume_MA,MACD_Signal,OBV,SMA_20,ROC,SMA_10,EMA_26",MACD_Hist
TCS,2022-02-15,2022,0,Sideways,0,1.0,SELL,1,1,0.5973,BUY,0,10,"MACD_Hist,MACD,ATR_14,Volume_MA,MACD_Signal,OBV,SMA_20,ROC,SMA_10,EMA_26",MACD_Hist
TCS,2022-02-16,2022,0,Sideways,0,0.9846,SELL,1,1,0.6042,BUY,0,10,"EMA_26,SMA_20,MACD_Hist,EMA_12,MACD,RSI_14,SMA_50,MACD_Signal,SMA_10,ATR_14",EMA_26
TCS,2022-02-17,2022,0,Sideways,0,0.9985,SELL,1,1,0.5123,NO TRADE,0,10,"EMA_26,SMA_20,MACD_Hist,EMA_12,MACD,RSI_14,SMA_50,MACD_Signal,SMA_10,ATR_14",EMA_26
TCS,2022-02-18,2022,0,Sideways,0,0.746,SELL,1,0,0.5806,SELL,1,10,"EMA_26,SMA_20,MACD_Hist,EMA_12,MACD,RSI_14,SMA_50,MACD_Signal,SMA_10,ATR_14",EMA_26
TCS,2022-02-21,2022,0,Sideways,1,0.615,BUY,0,0,0.6451,SELL,1,10,"EMA_26,SMA_20,MACD_Hist,EMA_12,MACD,RSI_14,SMA_50,MACD_Signal,SMA_10,ATR_14",EMA_26
TCS,2022-02-22,2022,1,Sideways,1,0.6139,BUY,1,0,0.7044,SELL,0,10,"EMA_26,SMA_20,MACD_Hist,EMA_12,MACD,RSI_14,SMA_50,MACD_Signal,SMA_10,ATR_14",EMA_26
TCS,2022-02-23,2022,1,Sideways,1,0.6146,BUY,1,0,0.5137,NO TRADE,0,10,"EMA_26,SMA_20,MACD_Hist,EMA_12,MACD,RSI_14,SMA_50,MACD_Signal,SMA_10,ATR_14",EMA_26
TCS,2022-02-24,2022,1,Sideways,1,0.6153,BUY,1,1,0.681,BUY,1,10,"EMA_26,SMA_20,MACD_Hist,EMA_12,MACD,RSI_14,SMA_50,MACD_Signal,SMA_10,ATR_14",EMA_26
TCS,2022-02-25,2022,1,Sideways,1,0.616,BUY,1,1,0.8896,BUY,1,10,"EMA_26,SMA_20,MACD_Hist,EMA_12,MACD,RSI_14,SMA_50,MACD_Signal,SMA_10,ATR_14",EMA_26
TCS,2022-02-28,2022,1,Sideways,1,0.6167,BUY,1,1,0.9417,BUY,1,10,"EMA_26,SMA_20,MACD_Hist,EMA_12,MACD,RSI_14,SMA_50,MACD_Signal,SMA_10,ATR_14",EMA_26
TCS,2022-03-02,2022,1,Sideways,1,0.6174,BUY,1,1,0.9659,BUY,1,10,"EMA_26,SMA_20,MACD_Hist,EMA_12,MACD,RSI_14,SMA_50,MACD_Signal,SMA_10,ATR_14",EMA_26
TCS,2022-03-03,2022,1,Sideways,1,0.6181,BUY,1,1,0.9783,BUY,1,10,"EMA_26,SMA_20,MACD_Hist,EMA_12,MACD,RSI_14,SMA_50,MACD_Signal,SMA_10,ATR_14",EMA_26
TCS,2022-03-04,2022,1,Sideways,1,0.6188,BUY,1,1,0.9859,BUY,1,10,"EMA_26,SMA_20,MACD_Hist,EMA_12,MACD,RSI_14,SMA_50,MACD_Signal,SMA_10,ATR_14",EMA_26
TCS,2022-03-07,2022,1,Sideways,1,0.6195,BUY,1,1,0.9914,BUY,1,10,"EMA_26,SMA_20,MACD_Hist,EMA_12,MACD,RSI_14,SMA_50,MACD_Signal,SMA_10,ATR_14",EMA_26
TCS,2022-03-08,2022,1,Sideways,1,0.6202,BUY,1,1,0.9915,BUY,1,10,"EMA_26,SMA_20,MACD_Hist,EMA_12,MACD,RSI_14,SMA_50,MACD_Signal,SMA_10,ATR_14",EMA_26
TCS,2022-03-09,2022,1,Sideways,1,0.6208,BUY,1,1,0.9901,BUY,1,10,"EMA_26,SMA_20,MACD_Hist,EMA_12,MACD,RSI_14,SMA_50,MACD_Signal,SMA_10,ATR_14",EMA_26
TCS,2022-03-10,2022,1,Sideways,1,0.6215,BUY,1,1,0.9893,BUY,1,10,"EMA_26,SMA_20,MACD_Hist,EMA_12,MACD,RSI_14,SMA_50,MACD_Signal,SMA_10,ATR_14",EMA_26
TCS,2022-03-11,2022,1,Sideways,1,0.6222,BUY,1,1,0.9889,BUY,1,10,"EMA_26,SMA_20,MACD_Hist,EMA_12,MACD,RSI_14,SMA_50,MACD_Signal,SMA_10,ATR_14",EMA_26
TCS,2022-03-14,2022,1,Sideways,1,0.6229,BUY,1,1,0.9859,BUY,1,10,"EMA_26,SMA_20,MACD_Hist,EMA_12,MACD,RSI_14,SMA_50,MACD_Signal,SMA_10,ATR_14",EMA_26
TCS,2022-03-15,2022,1,Sideways,0,1.0,SELL,0,1,0.9864,BUY,1,10,"EMA_26,SMA_20,MACD_Hist,EMA_12,MACD,RSI_14,SMA_50,MACD_Signal,SMA_10,ATR_14",EMA_26
TCS,2022-03-16,2022,0,Sideways,1,1.0,BUY,0,1,0.9816,BUY,0,10,"EMA_26,SMA_20,MACD_Hist,EMA_12,MACD,RSI_14,SMA_50,MACD_Signal,SMA_10,ATR_14",EMA_26
TCS,2022-03-17,2022,0,Sideways,0,1.0,SELL,1,1,0.9573,BUY,0,10,"EMA_26,SMA_20,MACD_Hist,EMA_12,MACD,RSI_14,SMA_50,MACD_Signal,SMA_10,ATR_14",EMA_26
TCS,2022-03-21,2022,0,Sideways,0,1.0,SELL,1,1,0.9313,BUY,0,10,"EMA_26,SMA_20,MACD_Hist,EMA_12,MACD,RSI_14,SMA_50,MACD_Signal,SMA_10,ATR_14",EMA_26
TCS,2022-03-22,2022,0,Sideways,0,1.0,SELL,1,1,0.8587,BUY,0,10,"EMA_26,SMA_20,MACD_Hist,EMA_12,MACD,RSI_14,SMA_50,MACD_Signal,SMA_10,ATR_14",EMA_26
TCS,2022-03-23,2022,0,Sideways,0,1.0,SELL,1,1,0.7749,BUY,0,10,"EMA_26,SMA_20,MACD_Hist,EMA_12,MACD,RSI_14,SMA_50,MACD_Signal,SMA_10,ATR_14",EMA_26
TCS,2022-03-24,2022,0,Sideways,1,0.917,BUY,0,1,0.6517,BUY,0,10,"EMA_26,SMA_20,MACD_Hist,EMA_12,MACD,RSI_14,SMA_50,MACD_Signal,SMA_10,ATR_14",EMA_26
TCS,2022-03-25,2022,0,Sideways,0,0.9851,SELL,1,1,0.5945,BUY,0,10,"EMA_26,SMA_20,MACD_Hist,EMA_12,MACD,RSI_14,SMA_50,MACD_Signal,SMA_10,ATR_14",EMA_26
TCS,2022-03-28,2022,0,Sideways,1,0.9983,BUY,0,1,0.5269,NO TRADE,0,10,"EMA_26,SMA_20,MACD_Hist,EMA_12,MACD,RSI_14,SMA_50,MACD_Signal,SMA_10,ATR_14",EMA_26
TCS,2022-03-29,2022,0,Sideways,1,0.9912,BUY,0,0,0.5258,NO TRADE,1,10,"EMA_26,SMA_20,MACD_Hist,EMA_12,MACD,RSI_14,SMA_50,MACD_Signal,SMA_10,ATR_14",EMA_26
TCS,2022-03-30,2022,0,Sideways,1,0.9996,BUY,0,0,0.5974,SELL,1,10,"EMA_26,SMA_20,MACD_Hist,EMA_12,MACD,RSI_14,SMA_50,MACD_Signal,SMA_10,ATR_14",EMA_26
TCS,2022-03-31,2022,0,Sideways,1,0.9975,BUY,0,0,0.6494,SELL,1,10,"EMA_26,SMA_20,MACD_Hist,EMA_12,MACD,RSI_14,SMA_50,MACD_Signal,SMA_10,ATR_14",EMA_26
TCS,2022-04-01,2022,0,Sideways,0,0.5389,NO TRADE,1,0,0.5775,SELL,1,10,"EMA_12,MACD,SMA_10,SMA_50,MACD_Hist,ATR_14,Return_5d,CCI,EMA_26,RSI_14",EMA_12
TCS,2022-04-04,2022,0,Sideways,0,0.5395,NO TRADE,1,0,0.6499,SELL,1,10,"EMA_12,MACD,SMA_10,SMA_50,MACD_Hist,ATR_14,Return_5d,CCI,EMA_26,RSI_14",EMA_12
TCS,2022-04-05,2022,0,Sideways,0,0.5401,NO TRADE,1,0,0.7181,SELL,1,10,"EMA_12,MACD,SMA_10,SMA_50,MACD_Hist,ATR_14,Return_5d,CCI,EMA_26,RSI_14",EMA_12
TCS,2022-04-06,2022,0,Sideways,0,0.5407,NO TRADE,1,0,0.7887,SELL,1,10,"EMA_12,MACD,SMA_10,SMA_50,MACD_Hist,ATR_14,Return_5d,CCI,EMA_26,RSI_14",EMA_12
TCS,2022-04-07,2022,0,Sideways,0,0.5413,NO TRADE,1,0,0.8501,SELL,1,10,"EMA_12,MACD,SMA_10,SMA_50,MACD_Hist,ATR_14,Return_5d,CCI,EMA_26,RSI_14",EMA_12
TCS,2022-04-08,2022,0,Sideways,0,0.5419,NO TRADE,1,0,0.8975,SELL,1,10,"EMA_12,MACD,SMA_10,SMA_50,MACD_Hist,ATR_14,Return_5d,CCI,EMA_26,RSI_14",EMA_12
TCS,2022-04-11,2022,0,Sideways,0,0.5426,NO TRADE,1,0,0.9132,SELL,1,10,"EMA_12,MACD,SMA_10,SMA_50,MACD_Hist,ATR_14,Return_5d,CCI,EMA_26,RSI_14",EMA_12
TCS,2022-04-12,2022,0,Sideways,0,0.5432,NO TRADE,1,0,0.9177,SELL,1,10,"EMA_12,MACD,SMA_10,SMA_50,MACD_Hist,ATR_14,Return_5d,CCI,EMA_26,RSI_14",EMA_12
TCS,2022-04-13,2022,0,Sideways,0,0.5438,NO TRADE,1,0,0.859,SELL,1,10,"EMA_12,MACD,SMA_10,SMA_50,MACD_Hist,ATR_14,Return_5d,CCI,EMA_26,RSI_14",EMA_12
TCS,2022-04-18,2022,0,Sideways,0,1.0,SELL,1,0,0.7393,SELL,1,10,"EMA_12,MACD,SMA_10,SMA_50,MACD_Hist,ATR_14,Return_5d,CCI,EMA_26,RSI_14",EMA_12
TCS,2022-04-19,2022,0,Sideways,0,1.0,SELL,1,0,0.729,SELL,1,10,"EMA_12,MACD,SMA_10,SMA_50,MACD_Hist,ATR_14,Return_5d,CCI,EMA_26,RSI_14",EMA_12
TCS,2022-04-20,2022,0,Sideways,0,1.0,SELL,1,0,0.6637,SELL,1,10,"EMA_12,MACD,SMA_10,SMA_50,MACD_Hist,ATR_14,Return_5d,CCI,EMA_26,RSI_14",EMA_12
TCS,2022-04-21,2022,0,Sideways,0,1.0,SELL,1,0,0.6307,SELL,1,10,"EMA_12,MACD,SMA_10,SMA_50,MACD_Hist,ATR_14,Return_5d,CCI,EMA_26,RSI_14",EMA_12
TCS,2022-04-22,2022,0,Sideways,0,1.0,SELL,1,0,0.6522,SELL,1,10,"EMA_12,MACD,SMA_10,SMA_50,MACD_Hist,ATR_14,Return_5d,CCI,EMA_26,RSI_14",EMA_12
TCS,2022-04-25,2022,0,Sideways,0,1.0,SELL,1,0,0.57,SELL,1,10,"EMA_12,MACD,SMA_10,SMA_50,MACD_Hist,ATR_14,Return_5d,CCI,EMA_26,RSI_14",EMA_12
TCS,2022-04-26,2022,0,Sideways,0,1.0,SELL,1,0,0.5267,NO TRADE,1,10,"EMA_12,MACD,SMA_10,SMA_50,MACD_Hist,ATR_14,Return_5d,CCI,EMA_26,RSI_14",EMA_12
TCS,2022-04-27,2022,0,Sideways,0,1.0,SELL,1,0,0.6232,SELL,1,10,"EMA_12,MACD,SMA_10,SMA_50,MACD_Hist,ATR_14,Return_5d,CCI,EMA_26,RSI_14",EMA_12
TCS,2022-04-28,2022,0,Sideways,0,1.0,SELL,1,0,0.7123,SELL,1,10,"EMA_12,MACD,SMA_10,SMA_50,MACD_Hist,ATR_14,Return_5d,CCI,EMA_26,RSI_14",EMA_12
TCS,2022-04-29,2022,0,Sideways,0,1.0,SELL,1,0,0.7561,SELL,1,10,"EMA_12,MACD,SMA_10,SMA_50,MACD_Hist,ATR_14,Return_5d,CCI,EMA_26,RSI_14",EMA_12
TCS,2022-05-02,2022,0,Sideways,0,1.0,SELL,1,0,0.7142,SELL,1,10,"EMA_12,MACD,SMA_10,SMA_50,MACD_Hist,ATR_14,Return_5d,CCI,EMA_26,RSI_14",EMA_12
TCS,2022-05-04,2022,0,Sideways,0,1.0,SELL,1,0,0.7743,SELL,1,10,"EMA_12,MACD,SMA_10,SMA_50,MACD_Hist,ATR_14,Return_5d,CCI,EMA_26,RSI_14",EMA_12
TCS,2022-05-05,2022,0,Sideways,0,1.0,SELL,1,0,0.8231,SELL,1,10,"EMA_12,MACD,SMA_10,SMA_50,MACD_Hist,ATR_14,Return_5d,CCI,EMA_26,RSI_14",EMA_12
TCS,2022-05-06,2022,1,Sideways,0,1.0,SELL,0,0,0.9099,SELL,0,10,"EMA_12,MACD,SMA_10,SMA_50,MACD_Hist,ATR_14,Return_5d,CCI,EMA_26,RSI_14",EMA_12
TCS,2022-05-09,2022,1,Sideways,0,1.0,SELL,0,0,0.7817,SELL,0,10,"EMA_12,MACD,SMA_10,SMA_50,MACD_Hist,ATR_14,Return_5d,CCI,EMA_26,RSI_14",EMA_12
TCS,2022-05-10,2022,0,Sideways,0,1.0,SELL,1,0,0.6945,SELL,1,10,"EMA_12,MACD,SMA_10,SMA_50,MACD_Hist,ATR_14,Return_5d,CCI,EMA_26,RSI_14",EMA_12
TCS,2022-05-11,2022,1,Sideways,0,1.0,SELL,0,0,0.6967,SELL,0,10,"EMA_12,MACD,SMA_10,SMA_50,MACD_Hist,ATR_14,Return_5d,CCI,EMA_26,RSI_14",EMA_12
TCS,2022-05-12,2022,1,Sideways,0,1.0,SELL,0,0,0.6582,SELL,0,10,"EMA_12,MACD,SMA_10,SMA_50,MACD_Hist,ATR_14,Return_5d,CCI,EMA_26,RSI_14",EMA_12
TCS,2022-05-13,2022,0,Sideways,0,0.9942,SELL,1,1,0.5076,NO TRADE,0,10,"EMA_12,MACD,SMA_10,SMA_50,MACD_Hist,ATR_14,Return_5d,CCI,EMA_26,RSI_14",EMA_12
TCS,2022-05-16,2022,0,Sideways,0,1.0,SELL,1,0,0.6247,SELL,1,10,"EMA_12,MACD,SMA_10,SMA_50,MACD_Hist,ATR_14,Return_5d,CCI,EMA_26,RSI_14",EMA_12
TCS,2022-05-17,2022,0,Sideways,0,1.0,SELL,1,0,0.6435,SELL,1,10,"EMA_12,MACD,SMA_10,SMA_50,MACD_Hist,ATR_14,Return_5d,CCI,EMA_26,RSI_14",EMA_12
TCS,2022-05-18,2022,0,Sideways,0,1.0,SELL,1,0,0.8627,SELL,1,10,"EMA_12,EMA_26,BB_Upper,Volume_MA,BB_Width,MACD,CCI,ADX,SMA_50,SMA_10",EMA_12
TCS,2022-05-19,2022,0,Sideways,0,1.0,SELL,1,0,0.9297,SELL,1,10,"EMA_12,EMA_26,BB_Upper,Volume_MA,BB_Width,MACD,CCI,ADX,SMA_50,SMA_10",EMA_12
TCS,2022-05-20,2022,0,Sideways,0,1.0,SELL,1,0,0.9504,SELL,1,10,"EMA_12,EMA_26,BB_Upper,Volume_MA,BB_Width,MACD,CCI,ADX,SMA_50,SMA_10",EMA_12
TCS,2022-05-23,2022,0,Sideways,0,1.0,SELL,1,0,0.9624,SELL,1,10,"EMA_12,EMA_26,BB_Upper,Volume_MA,BB_Width,MACD,CCI,ADX,SMA_50,SMA_10",EMA_12
TCS,2022-05-24,2022,0,Sideways,0,1.0,SELL,1,0,0.9787,SELL,1,10,"EMA_12,EMA_26,BB_Upper,Volume_MA,BB_Width,MACD,CCI,ADX,SMA_50,SMA_10",EMA_12
TCS,2022-05-25,2022,1,Sideways,0,1.0,SELL,0,0,0.9923,SELL,0,10,"EMA_12,EMA_26,BB_Upper,Volume_MA,BB_Width,MACD,CCI,ADX,SMA_50,SMA_10",EMA_12
TCS,2022-05-26,2022,1,Sideways,0,1.0,SELL,0,0,0.9875,SELL,0,10,"EMA_12,EMA_26,BB_Upper,Volume_MA,BB_Width,MACD,CCI,ADX,SMA_50,SMA_10",EMA_12
TCS,2022-05-27,2022,1,Sideways,0,1.0,SELL,0,0,0.9721,SELL,0,10,"EMA_12,EMA_26,BB_Upper,Volume_MA,BB_Width,MACD,CCI,ADX,SMA_50,SMA_10",EMA_12
TCS,2022-05-30,2022,0,Sideways,0,1.0,SELL,1,0,0.9472,SELL,1,10,"EMA_12,EMA_26,BB_Upper,Volume_MA,BB_Width,MACD,CCI,ADX,SMA_50,SMA_10",EMA_12
TCS,2022-05-31,2022,0,Sideways,0,0.9997,SELL,1,0,0.9572,SELL,1,10,"EMA_12,EMA_26,BB_Upper,Volume_MA,BB_Width,MACD,CCI,ADX,SMA_50,SMA_10",EMA_12
TCS,2022-06-01,2022,0,Sideways,0,0.9997,SELL,1,0,0.9679,SELL,1,10,"EMA_12,EMA_26,BB_Upper,Volume_MA,BB_Width,MACD,CCI,ADX,SMA_50,SMA_10",EMA_12
TCS,2022-06-02,2022,0,Sideways,0,1.0,SELL,1,0,0.9704,SELL,1,10,"EMA_12,EMA_26,BB_Upper,Volume_MA,BB_Width,MACD,CCI,ADX,SMA_50,SMA_10",EMA_12
TCS,2022-06-03,2022,0,Sideways,0,1.0,SELL,1,0,0.9773,SELL,1,10,"EMA_12,EMA_26,BB_Upper,Volume_MA,BB_Width,MACD,CCI,ADX,SMA_50,SMA_10",EMA_12
TCS,2022-06-06,2022,0,Sideways,0,0.9997,SELL,1,0,0.9804,SELL,1,10,"EMA_12,EMA_26,BB_Upper,Volume_MA,BB_Width,MACD,CCI,ADX,SMA_50,SMA_10",EMA_12
TCS,2022-06-07,2022,0,Sideways,0,1.0,SELL,1,0,0.9785,SELL,1,10,"EMA_12,EMA_26,BB_Upper,Volume_MA,BB_Width,MACD,CCI,ADX,SMA_50,SMA_10",EMA_12
TCS,2022-06-08,2022,0,Sideways,0,1.0,SELL,1,0,0.9777,SELL,1,10,"EMA_12,EMA_26,BB_Upper,Volume_MA,BB_Width,MACD,CCI,ADX,SMA_50,SMA_10",EMA_12
TCS,2022-06-09,2022,0,Sideways,0,1.0,SELL,1,0,0.978,SELL,1,10,"EMA_12,EMA_26,BB_Upper,Volume_MA,BB_Width,MACD,CCI,ADX,SMA_50,SMA_10",EMA_12
TCS,2022-06-10,2022,0,Sideways,0,1.0,SELL,1,0,0.9752,SELL,1,10,"EMA_12,EMA_26,BB_Upper,Volume_MA,BB_Width,MACD,CCI,ADX,SMA_50,SMA_10",EMA_12
TCS,2022-06-13,2022,0,Sideways,0,1.0,SELL,1,0,0.9809,SELL,1,10,"EMA_12,EMA_26,BB_Upper,Volume_MA,BB_Width,MACD,CCI,ADX,SMA_50,SMA_10",EMA_12
TCS,2022-06-14,2022,0,Sideways,0,1.0,SELL,1,0,0.9837,SELL,1,10,"EMA_12,EMA_26,BB_Upper,Volume_MA,BB_Width,MACD,CCI,ADX,SMA_50,SMA_10",EMA_12
TCS,2022-06-15,2022,0,Sideways,0,1.0,SELL,1,0,0.986,SELL,1,10,"EMA_12,EMA_26,BB_Upper,Volume_MA,BB_Width,MACD,CCI,ADX,SMA_50,SMA_10",EMA_12
TCS,2022-06-16,2022,0,Sideways,0,1.0,SELL,1,0,0.9922,SELL,1,10,"EMA_12,EMA_26,BB_Upper,Volume_MA,BB_Width,MACD,CCI,ADX,SMA_50,SMA_10",EMA_12
TCS,2022-06-17,2022,0,Sideways,0,1.0,SELL,1,0,0.9973,SELL,1,10,"EMA_12,EMA_26,BB_Upper,Volume_MA,BB_Width,MACD,CCI,ADX,SMA_50,SMA_10",EMA_12
TCS,2022-06-20,2022,0,Sideways,0,1.0,SELL,1,0,0.999,SELL,1,10,"EMA_12,EMA_26,BB_Upper,Volume_MA,BB_Width,MACD,CCI,ADX,SMA_50,SMA_10",EMA_12
TCS,2022-06-21,2022,0,Sideways,0,1.0,SELL,1,0,0.9994,SELL,1,10,"EMA_12,EMA_26,BB_Upper,Volume_MA,BB_Width,MACD,CCI,ADX,SMA_50,SMA_10",EMA_12
TCS,2022-06-22,2022,0,Sideways,0,1.0,SELL,1,0,0.9996,SELL,1,10,"EMA_12,EMA_26,BB_Upper,Volume_MA,BB_Width,MACD,CCI,ADX,SMA_50,SMA_10",EMA_12
TCS,2022-06-23,2022,0,Sideways,0,1.0,SELL,1,0,0.9997,SELL,1,10,"EMA_12,EMA_26,BB_Upper,Volume_MA,BB_Width,MACD,CCI,ADX,SMA_50,SMA_10",EMA_12
TCS,2022-06-24,2022,0,Sideways,0,1.0,SELL,1,0,0.9998,SELL,1,10,"EMA_12,EMA_26,BB_Upper,Volume_MA,BB_Width,MACD,CCI,ADX,SMA_50,SMA_10",EMA_12
TCS,2022-06-27,2022,0,Sideways,0,1.0,SELL,1,0,0.9997,SELL,1,10,"EMA_12,EMA_26,BB_Upper,Volume_MA,BB_Width,MACD,CCI,ADX,SMA_50,SMA_10",EMA_12
TCS,2022-06-28,2022,0,Sideways,0,1.0,SELL,1,0,0.9997,SELL,1,10,"EMA_12,EMA_26,BB_Upper,Volume_MA,BB_Width,MACD,CCI,ADX,SMA_50,SMA_10",EMA_12
TCS,2022-06-29,2022,0,Sideways,0,1.0,SELL,1,0,0.9993,SELL,1,10,"EMA_12,ATR_14,Volume_MA,Rolling_Std_10,SMA_20,BB_Upper,EMA_26,SMA_50,MACD,SMA_10",EMA_12
TCS,2022-06-30,2022,1,Sideways,0,1.0,SELL,0,0,0.9993,SELL,0,10,"EMA_12,ATR_14,Volume_MA,Rolling_Std_10,SMA_20,BB_Upper,EMA_26,SMA_50,MACD,SMA_10",EMA_12
TCS,2022-07-01,2022,0,Sideways,0,1.0,SELL,1,0,0.9983,SELL,1,10,"EMA_12,ATR_14,Volume_MA,Rolling_Std_10,SMA_20,BB_Upper,EMA_26,SMA_50,MACD,SMA_10",EMA_12
TCS,2022-07-04,2022,1,Sideways,0,1.0,SELL,0,0,0.9982,SELL,0,10,"EMA_12,ATR_14,Volume_MA,Rolling_Std_10,SMA_20,BB_Upper,EMA_26,SMA_50,MACD,SMA_10",EMA_12
TCS,2022-07-05,2022,1,Sideways,0,1.0,SELL,0,0,0.9968,SELL,0,10,"EMA_12,ATR_14,Volume_MA,Rolling_Std_10,SMA_20,BB_Upper,EMA_26,SMA_50,MACD,SMA_10",EMA_12
TCS,2022-07-06,2022,1,Sideways,0,0.9999,SELL,0,0,0.9947,SELL,0,10,"EMA_12,ATR_14,Volume_MA,Rolling_Std_10,SMA_20,BB_Upper,EMA_26,SMA_50,MACD,SMA_10",EMA_12
TCS,2022-07-07,2022,1,Sideways,0,0.9847,SELL,0,0,0.9929,SELL,0,10,"EMA_12,ATR_14,Volume_MA,Rolling_Std_10,SMA_20,BB_Upper,EMA_26,SMA_50,MACD,SMA_10",EMA_12
TCS,2022-07-08,2022,1,Sideways,1,0.9627,BUY,1,0,0.9896,SELL,0,10,"EMA_12,ATR_14,Volume_MA,Rolling_Std_10,SMA_20,BB_Upper,EMA_26,SMA_50,MACD,SMA_10",EMA_12
TCS,2022-07-11,2022,1,Sideways,0,1.0,SELL,0,0,0.984,SELL,0,10,"EMA_12,ATR_14,Volume_MA,Rolling_Std_10,SMA_20,BB_Upper,EMA_26,SMA_50,MACD,SMA_10",EMA_12
TCS,2022-07-12,2022,1,Sideways,0,1.0,SELL,0,0,0.9762,SELL,0,10,"EMA_12,ATR_14,Volume_MA,Rolling_Std_10,SMA_20,BB_Upper,EMA_26,SMA_50,MACD,SMA_10",EMA_12
TCS,2022-07-13,2022,1,Sideways,0,1.0,SELL,0,0,0.9638,SELL,0,10,"EMA_12,ATR_14,Volume_MA,Rolling_Std_10,SMA_20,BB_Upper,EMA_26,SMA_50,MACD,SMA_10",EMA_12
TCS,2022-07-14,2022,1,Sideways,0,1.0,SELL,0,0,0.9444,SELL,0,10,"EMA_12,ATR_14,Volume_MA,Rolling_Std_10,SMA_20,BB_Upper,EMA_26,SMA_50,MACD,SMA_10",EMA_12
TCS,2022-07-15,2022,1,Sideways,0,0.9995,SELL,0,0,0.9171,SELL,0,10,"EMA_12,ATR_14,Volume_MA,Rolling_Std_10,SMA_20,BB_Upper,EMA_26,SMA_50,MACD,SMA_10",EMA_12
TCS,2022-07-18,2022,1,Sideways,0,0.9915,SELL,0,0,0.8914,SELL,0,10,"EMA_12,ATR_14,Volume_MA,Rolling_Std_10,SMA_20,BB_Upper,EMA_26,SMA_50,MACD,SMA_10",EMA_12
TCS,2022-07-19,2022,1,Sideways,1,0.6258,BUY,1,0,0.857,SELL,0,10,"EMA_12,ATR_14,Volume_MA,Rolling_Std_10,SMA_20,BB_Upper,EMA_26,SMA_50,MACD,SMA_10",EMA_12
TCS,2022-07-20,2022,1,Sideways,0,0.9173,SELL,0,0,0.8475,SELL,0,10,"EMA_12,ATR_14,Volume_MA,Rolling_Std_10,SMA_20,BB_Upper,EMA_26,SMA_50,MACD,SMA_10",EMA_12
TCS,2022-07-21,2022,1,Sideways,1,0.8073,BUY,1,0,0.8288,SELL,0,10,"EMA_12,ATR_14,Volume_MA,Rolling_Std_10,SMA_20,BB_Upper,EMA_26,SMA_50,MACD,SMA_10",EMA_12
TCS,2022-07-22,2022,1,Sideways,1,0.9514,BUY,1,0,0.8037,SELL,0,10,"EMA_12,ATR_14,Volume_MA,Rolling_Std_10,SMA_20,BB_Upper,EMA_26,SMA_50,MACD,SMA_10",EMA_12
TCS,2022-07-25,2022,1,Sideways,1,0.9927,BUY,1,0,0.7683,SELL,0,10,"EMA_12,ATR_14,Volume_MA,Rolling_Std_10,SMA_20,BB_Upper,EMA_26,SMA_50,MACD,SMA_10",EMA_12
TCS,2022-07-26,2022,1,Sideways,1,0.9952,BUY,1,0,0.71,SELL,0,10,"EMA_12,ATR_14,Volume_MA,Rolling_Std_10,SMA_20,BB_Upper,EMA_26,SMA_50,MACD,SMA_10",EMA_12
TCS,2022-07-27,2022,1,Sideways,1,0.8045,BUY,1,0,0.665,SELL,0,10,"EMA_12,ATR_14,Volume_MA,Rolling_Std_10,SMA_20,BB_Upper,EMA_26,SMA_50,MACD,SMA_10",EMA_12
TCS,2022-07-28,2022,0,Sideways,0,0.648,SELL,1,0,0.6367,SELL,1,10,"EMA_12,ATR_14,Volume_MA,Rolling_Std_10,SMA_20,BB_Upper,EMA_26,SMA_50,MACD,SMA_10",EMA_12
TCS,2022-07-29,2022,0,Sideways,0,0.5444,NO TRADE,1,0,0.7075,SELL,1,10,"EMA_12,ATR_14,Volume_MA,Rolling_Std_10,SMA_20,BB_Upper,EMA_26,SMA_50,MACD,SMA_10",EMA_12
TCS,2022-08-01,2022,0,Sideways,0,0.545,NO TRADE,1,0,0.7514,SELL,1,10,"EMA_12,ATR_14,Volume_MA,Rolling_Std_10,SMA_20,BB_Upper,EMA_26,SMA_50,MACD,SMA_10",EMA_12
TCS,2022-08-02,2022,0,Sideways,0,0.5456,NO TRADE,1,0,0.7769,SELL,1,10,"EMA_12,ATR_14,Volume_MA,Rolling_Std_10,SMA_20,BB_Upper,EMA_26,SMA_50,MACD,SMA_10",EMA_12
TCS,2022-08-03,2022,0,Sideways,0,0.5462,NO TRADE,1,0,0.8212,SELL,1,10,"EMA_12,ATR_14,Volume_MA,Rolling_Std_10,SMA_20,BB_Upper,EMA_26,SMA_50,MACD,SMA_10",EMA_12
TCS,2022-08-04,2022,0,Sideways,0,0.5468,NO TRADE,1,0,0.8463,SELL,1,10,"EMA_12,ATR_14,Volume_MA,Rolling_Std_10,SMA_20,BB_Upper,EMA_26,SMA_50,MACD,SMA_10",EMA_12
TCS,2022-08-05,2022,0,Sideways,0,0.5474,NO TRADE,1,0,0.8568,SELL,1,10,"EMA_12,ATR_14,Volume_MA,Rolling_Std_10,SMA_20,BB_Upper,EMA_26,SMA_50,MACD,SMA_10",EMA_12
TCS,2022-08-08,2022,0,Sideways,0,0.548,NO TRADE,1,0,0.8615,SELL,1,10,"EMA_12,ATR_14,Volume_MA,Rolling_Std_10,SMA_20,BB_Upper,EMA_26,SMA_50,MACD,SMA_10",EMA_12
TCS,2022-08-10,2022,0,Sideways,0,0.5486,NO TRADE,1,0,0.8747,SELL,1,10,"EMA_12,ATR_14,Volume_MA,Rolling_Std_10,SMA_20,BB_Upper,EMA_26,SMA_50,MACD,SMA_10",EMA_12
TCS,2022-08-11,2022,0,Sideways,0,0.5492,NO TRADE,1,1,1.0,BUY,0,10,"EMA_12,SMA_10,EMA_26,Rolling_Volatility,MACD_Signal,BB_Upper,Volume_MA,SMA_20,MACD_Hist,SMA_50",EMA_12
TCS,2022-08-12,2022,0,Sideways,0,0.5497,NO TRADE,1,0,1.0,SELL,1,10,"EMA_12,SMA_10,EMA_26,Rolling_Volatility,MACD_Signal,BB_Upper,Volume_MA,SMA_20,MACD_Hist,SMA_50",EMA_12
TCS,2022-08-16,2022,0,Sideways,0,0.5503,SELL,1,0,1.0,SELL,1,10,"EMA_12,SMA_10,EMA_26,Rolling_Volatility,MACD_Signal,BB_Upper,Volume_MA,SMA_20,MACD_Hist,SMA_50",EMA_12
TCS,2022-08-17,2022,0,Sideways,0,0.5509,SELL,1,0,1.0,SELL,1,10,"EMA_12,SMA_10,EMA_26,Rolling_Volatility,MACD_Signal,BB_Upper,Volume_MA,SMA_20,MACD_Hist,SMA_50",EMA_12
TCS,2022-08-18,2022,0,Sideways,0,0.5515,SELL,1,0,1.0,SELL,1,10,"EMA_12,SMA_10,EMA_26,Rolling_Volatility,MACD_Signal,BB_Upper,Volume_MA,SMA_20,MACD_Hist,SMA_50",EMA_12
TCS,2022-08-19,2022,0,Sideways,0,0.5521,SELL,1,0,1.0,SELL,1,10,"EMA_12,SMA_10,EMA_26,Rolling_Volatility,MACD_Signal,BB_Upper,Volume_MA,SMA_20,MACD_Hist,SMA_50",EMA_12
TCS,2022-08-22,2022,0,Sideways,0,0.5527,SELL,1,0,1.0,SELL,1,10,"EMA_12,SMA_10,EMA_26,Rolling_Volatility,MACD_Signal,BB_Upper,Volume_MA,SMA_20,MACD_Hist,SMA_50",EMA_12
TCS,2022-08-23,2022,0,Sideways,0,0.5533,SELL,1,0,1.0,SELL,1,10,"EMA_12,SMA_10,EMA_26,Rolling_Volatility,MACD_Signal,BB_Upper,Volume_MA,SMA_20,MACD_Hist,SMA_50",EMA_12
TCS,2022-08-24,2022,0,Sideways,0,0.5538,SELL,1,0,1.0,SELL,1,10,"EMA_12,SMA_10,EMA_26,Rolling_Volatility,MACD_Signal,BB_Upper,Volume_MA,SMA_20,MACD_Hist,SMA_50",EMA_12
TCS,2022-08-25,2022,0,Sideways,0,0.5544,SELL,1,0,1.0,SELL,1,10,"EMA_12,SMA_10,EMA_26,Rolling_Volatility,MACD_Signal,BB_Upper,Volume_MA,SMA_20,MACD_Hist,SMA_50",EMA_12
TCS,2022-08-26,2022,0,Sideways,0,0.555,SELL,1,0,1.0,SELL,1,10,"EMA_12,SMA_10,EMA_26,Rolling_Volatility,MACD_Signal,BB_Upper,Volume_MA,SMA_20,MACD_Hist,SMA_50",EMA_12
TCS,2022-08-29,2022,0,Sideways,0,0.5556,SELL,1,0,1.0,SELL,1,10,"EMA_12,SMA_10,EMA_26,Rolling_Volatility,MACD_Signal,BB_Upper,Volume_MA,SMA_20,MACD_Hist,SMA_50",EMA_12
TCS,2022-08-30,2022,0,Sideways,0,0.8588,SELL,1,0,1.0,SELL,1,10,"EMA_12,SMA_10,EMA_26,Rolling_Volatility,MACD_Signal,BB_Upper,Volume_MA,SMA_20,MACD_Hist,SMA_50",EMA_12
TCS,2022-09-01,2022,0,Sideways,0,0.9889,SELL,1,0,1.0,SELL,1,10,"EMA_12,SMA_10,EMA_26,Rolling_Volatility,MACD_Signal,BB_Upper,Volume_MA,SMA_20,MACD_Hist,SMA_50",EMA_12
TCS,2022-09-02,2022,0,Sideways,0,0.9292,SELL,1,0,1.0,SELL,1,10,"EMA_12,SMA_10,EMA_26,Rolling_Volatility,MACD_Signal,BB_Upper,Volume_MA,SMA_20,MACD_Hist,SMA_50",EMA_12
TCS,2022-09-05,2022,0,Sideways,0,0.8476,SELL,1,0,1.0,SELL,1,10,"EMA_12,SMA_10,EMA_26,Rolling_Volatility,MACD_Signal,BB_Upper,Volume_MA,SMA_20,MACD_Hist,SMA_50",EMA_12
TCS,2022-09-06,2022,0,Sideways,1,0.5686,BUY,0,0,1.0,SELL,1,10,"EMA_12,SMA_10,EMA_26,Rolling_Volatility,MACD_Signal,BB_Upper,Volume_MA,SMA_20,MACD_Hist,SMA_50",EMA_12
TCS,2022-09-07,2022,0,Sideways,1,0.7623,BUY,0,0,1.0,SELL,1,10,"EMA_12,SMA_10,EMA_26,Rolling_Volatility,MACD_Signal,BB_Upper,Volume_MA,SMA_20,MACD_Hist,SMA_50",EMA_12
TCS,2022-09-08,2022,0,Sideways,1,0.6946,BUY,0,0,1.0,SELL,1,10,"EMA_12,SMA_10,EMA_26,Rolling_Volatility,MACD_Signal,BB_Upper,Volume_MA,SMA_20,MACD_Hist,SMA_50",EMA_12
TCS,2022-09-09,2022,0,Sideways,0,0.6133,SELL,1,0,1.0,SELL,1,10,"EMA_12,SMA_10,EMA_26,Rolling_Volatility,MACD_Signal,BB_Upper,Volume_MA,SMA_20,MACD_Hist,SMA_50",EMA_12
TCS,2022-09-12,2022,0,Sideways,0,0.7598,SELL,1,0,1.0,SELL,1,10,"EMA_12,SMA_10,EMA_26,Rolling_Volatility,MACD_Signal,BB_Upper,Volume_MA,SMA_20,MACD_Hist,SMA_50",EMA_12
TCS,2022-09-13,2022,0,Sideways,0,0.819,SELL,1,0,1.0,SELL,1,10,"EMA_12,SMA_10,EMA_26,Rolling_Volatility,MACD_Signal,BB_Upper,Volume_MA,SMA_20,MACD_Hist,SMA_50",EMA_12
TCS,2022-09-14,2022,0,Sideways,0,0.5918,SELL,1,0,1.0,SELL,1,10,"EMA_12,SMA_10,EMA_26,Rolling_Volatility,MACD_Signal,BB_Upper,Volume_MA,SMA_20,MACD_Hist,SMA_50",EMA_12
TCS,2022-09-15,2022,0,Sideways,0,0.5103,NO TRADE,1,0,1.0,SELL,1,10,"EMA_12,SMA_10,EMA_26,Rolling_Volatility,MACD_Signal,BB_Upper,Volume_MA,SMA_20,MACD_Hist,SMA_50",EMA_12
TCS,2022-09-16,2022,1,Sideways,0,0.782,SELL,0,0,1.0,SELL,0,10,"EMA_12,SMA_10,EMA_26,Rolling_Volatility,MACD_Signal,BB_Upper,Volume_MA,SMA_20,MACD_Hist,SMA_50",EMA_12
TCS,2022-09-19,2022,1,Sideways,0,0.6705,SELL,0,0,1.0,SELL,0,10,"EMA_12,SMA_10,EMA_26,Rolling_Volatility,MACD_Signal,BB_Upper,Volume_MA,SMA_20,MACD_Hist,SMA_50",EMA_12
TCS,2022-09-20,2022,1,Sideways,0,0.5326,NO TRADE,0,0,1.0,SELL,0,10,"EMA_12,SMA_10,EMA_26,Rolling_Volatility,MACD_Signal,BB_Upper,Volume_MA,SMA_20,MACD_Hist,SMA_50",EMA_12
TCS,2022-09-21,2022,1,Sideways,1,0.8052,BUY,1,0,1.0,SELL,0,10,"EMA_12,SMA_10,EMA_26,Rolling_Volatility,MACD_Signal,BB_Upper,Volume_MA,SMA_20,MACD_Hist,SMA_50",EMA_12
TCS,2022-09-22,2022,1,Sideways,1,0.902,BUY,1,0,1.0,SELL,0,10,"EMA_12,SMA_10,EMA_26,Rolling_Volatility,MACD_Signal,BB_Upper,Volume_MA,SMA_20,MACD_Hist,SMA_50",EMA_12
TCS,2022-09-23,2022,1,Sideways,1,0.9299,BUY,1,0,1.0,SELL,0,10,"EMA_12,SMA_10,EMA_26,Rolling_Volatility,MACD_Signal,BB_Upper,Volume_MA,SMA_20,MACD_Hist,SMA_50",EMA_12
TCS,2022-09-26,2022,1,Sideways,1,0.9732,BUY,1,0,0.7084,SELL,0,10,"EMA_12,SMA_10,BB_Width,Volume_MA,RSI_14,Volume_Ratio,MACD,SMA_20,MACD_Hist,EMA_26",EMA_12
TCS,2022-09-27,2022,1,Sideways,1,0.9923,BUY,1,0,0.6597,SELL,0,10,"EMA_12,SMA_10,BB_Width,Volume_MA,RSI_14,Volume_Ratio,MACD,SMA_20,MACD_Hist,EMA_26",EMA_12
TCS,2022-09-28,2022,1,Sideways,1,0.9982,BUY,1,0,0.6722,SELL,0,10,"EMA_12,SMA_10,BB_Width,Volume_MA,RSI_14,Volume_Ratio,MACD,SMA_20,MACD_Hist,EMA_26",EMA_12
TCS,2022-09-29,2022,1,Sideways,1,0.9995,BUY,1,0,0.5371,NO TRADE,0,10,"EMA_12,SMA_10,BB_Width,Volume_MA,RSI_14,Volume_Ratio,MACD,SMA_20,MACD_Hist,EMA_26",EMA_12
TCS,2022-09-30,2022,1,Sideways,1,0.9999,BUY,1,0,0.5128,NO TRADE,0,10,"EMA_12,SMA_10,BB_Width,Volume_MA,RSI_14,Volume_Ratio,MACD,SMA_20,MACD_Hist,EMA_26",EMA_12
TCS,2022-10-03,2022,1,Sideways,1,1.0,BUY,1,0,0.992,SELL,0,10,"EMA_12,SMA_10,BB_Width,Volume_MA,RSI_14,Volume_Ratio,MACD,SMA_20,MACD_Hist,EMA_26",EMA_12
TCS,2022-10-04,2022,1,Sideways,1,1.0,BUY,1,0,0.526,NO TRADE,0,10,"EMA_12,SMA_10,BB_Width,Volume_MA,RSI_14,Volume_Ratio,MACD,SMA_20,MACD_Hist,EMA_26",EMA_12
TCS,2022-10-06,2022,1,Sideways,1,1.0,BUY,1,0,0.7321,SELL,0,10,"EMA_12,SMA_10,BB_Width,Volume_MA,RSI_14,Volume_Ratio,MACD,SMA_20,MACD_Hist,EMA_26",EMA_12
TCS,2022-10-07,2022,1,Sideways,1,1.0,BUY,1,1,0.5162,NO TRADE,1,10,"EMA_12,SMA_10,BB_Width,Volume_MA,RSI_14,Volume_Ratio,MACD,SMA_20,MACD_Hist,EMA_26",EMA_12
TCS,2022-10-10,2022,1,Sideways,1,0.9978,BUY,1,0,0.5996,SELL,0,10,"EMA_12,SMA_10,BB_Width,Volume_MA,RSI_14,Volume_Ratio,MACD,SMA_20,MACD_Hist,EMA_26",EMA_12
TCS,2022-10-11,2022,1,Sideways,1,0.9997,BUY,1,0,0.9997,SELL,0,10,"EMA_12,SMA_10,BB_Width,Volume_MA,RSI_14,Volume_Ratio,MACD,SMA_20,MACD_Hist,EMA_26",EMA_12
TCS,2022-10-12,2022,1,Sideways,1,0.9998,BUY,1,1,0.5325,NO TRADE,1,10,"EMA_12,SMA_10,BB_Width,Volume_MA,RSI_14,Volume_Ratio,MACD,SMA_20,MACD_Hist,EMA_26",EMA_12
TCS,2022-10-13,2022,1,Sideways,1,0.9999,BUY,1,1,0.7442,BUY,1,10,"EMA_12,SMA_10,BB_Width,Volume_MA,RSI_14,Volume_Ratio,MACD,SMA_20,MACD_Hist,EMA_26",EMA_12
TCS,2022-10-14,2022,1,Sideways,1,0.9999,BUY,1,1,0.7895,BUY,1,10,"EMA_12,SMA_10,BB_Width,Volume_MA,RSI_14,Volume_Ratio,MACD,SMA_20,MACD_Hist,EMA_26",EMA_12
TCS,2022-10-17,2022,1,Sideways,1,1.0,BUY,1,1,0.6589,BUY,1,10,"EMA_12,SMA_10,BB_Width,Volume_MA,RSI_14,Volume_Ratio,MACD,SMA_20,MACD_Hist,EMA_26",EMA_12
TCS,2022-10-18,2022,1,Sideways,0,0.5561,SELL,0,1,0.7231,BUY,1,10,"EMA_12,SMA_10,BB_Width,Volume_MA,RSI_14,Volume_Ratio,MACD,SMA_20,MACD_Hist,EMA_26",EMA_12
TCS,2022-10-19,2022,1,Sideways,0,0.5554,SELL,0,1,0.513,NO TRADE,1,10,"EMA_12,SMA_10,BB_Width,Volume_MA,RSI_14,Volume_Ratio,MACD,SMA_20,MACD_Hist,EMA_26",EMA_12
TCS,2022-10-20,2022,1,Sideways,0,0.5547,SELL,0,1,0.6802,BUY,1,10,"EMA_12,SMA_10,BB_Width,Volume_MA,RSI_14,Volume_Ratio,MACD,SMA_20,MACD_Hist,EMA_26",EMA_12
TCS,2022-10-21,2022,1,Sideways,0,0.554,SELL,0,0,0.5174,NO TRADE,0,10,"EMA_12,SMA_10,BB_Width,Volume_MA,RSI_14,Volume_Ratio,MACD,SMA_20,MACD_Hist,EMA_26",EMA_12
TCS,2022-10-24,2022,1,Sideways,0,0.5533,SELL,0,0,0.8913,SELL,0,10,"EMA_12,SMA_10,BB_Width,Volume_MA,RSI_14,Volume_Ratio,MACD,SMA_20,MACD_Hist,EMA_26",EMA_12
TCS,2022-10-25,2022,1,Sideways,0,0.5526,SELL,0,1,0.6842,BUY,1,10,"EMA_12,SMA_10,BB_Width,Volume_MA,RSI_14,Volume_Ratio,MACD,SMA_20,MACD_Hist,EMA_26",EMA_12
TCS,2022-10-27,2022,1,Sideways,0,0.5519,SELL,0,1,0.6093,BUY,1,10,"EMA_12,SMA_10,BB_Width,Volume_MA,RSI_14,Volume_Ratio,MACD,SMA_20,MACD_Hist,EMA_26",EMA_12
TCS,2022-10-28,2022,1,Sideways,0,0.5512,SELL,0,1,0.7094,BUY,1,10,"EMA_12,SMA_10,BB_Width,Volume_MA,RSI_14,Volume_Ratio,MACD,SMA_20,MACD_Hist,EMA_26",EMA_12
TCS,2022-10-31,2022,1,Sideways,0,0.5505,SELL,0,1,0.7086,BUY,1,10,"EMA_12,SMA_10,BB_Width,Volume_MA,RSI_14,Volume_Ratio,MACD,SMA_20,MACD_Hist,EMA_26",EMA_12
TCS,2022-11-01,2022,1,Sideways,0,0.5498,NO TRADE,0,0,0.8357,SELL,0,10,"EMA_12,SMA_10,BB_Width,Volume_MA,RSI_14,Volume_Ratio,MACD,SMA_20,MACD_Hist,EMA_26",EMA_12
TCS,2022-11-02,2022,1,Sideways,1,1.0,BUY,1,1,0.6648,BUY,1,10,"EMA_12,SMA_10,BB_Width,Volume_MA,RSI_14,Volume_Ratio,MACD,SMA_20,MACD_Hist,EMA_26",EMA_12
TCS,2022-11-03,2022,1,Sideways,1,1.0,BUY,1,1,0.7059,BUY,1,10,"EMA_12,SMA_10,BB_Width,Volume_MA,RSI_14,Volume_Ratio,MACD,SMA_20,MACD_Hist,EMA_26",EMA_12
TCS,2022-11-04,2022,1,Sideways,1,1.0,BUY,1,1,0.707,BUY,1,10,"EMA_12,SMA_10,BB_Width,Volume_MA,RSI_14,Volume_Ratio,MACD,SMA_20,MACD_Hist,EMA_26",EMA_12
TCS,2022-11-07,2022,1,Sideways,1,1.0,BUY,1,1,0.7106,BUY,1,10,"EMA_12,SMA_10,BB_Width,Volume_MA,RSI_14,Volume_Ratio,MACD,SMA_20,MACD_Hist,EMA_26",EMA_12
TCS,2022-11-09,2022,1,Sideways,1,0.9996,BUY,1,1,0.6873,BUY,1,10,"EMA_12,SMA_10,BB_Width,Volume_MA,RSI_14,Volume_Ratio,MACD,SMA_20,MACD_Hist,EMA_26",EMA_12
TCS,2022-11-10,2022,1,Sideways,1,0.998,BUY,1,1,0.9467,BUY,1,10,"EMA_26,EMA_12,MACD,SMA_10,BB_Width,Daily_Return,Volume_MA,Rolling_Volatility,SMA_20,Rolling_Std_10",EMA_26
TCS,2022-11-11,2022,0,Sideways,1,1.0,BUY,0,0,0.9989,SELL,1,10,"EMA_26,EMA_12,MACD,SMA_10,BB_Width,Daily_Return,Volume_MA,Rolling_Volatility,SMA_20,Rolling_Std_10",EMA_26
TCS,2022-11-14,2022,0,Sideways,1,1.0,BUY,0,0,0.9992,SELL,1,10,"EMA_26,EMA_12,MACD,SMA_10,BB_Width,Daily_Return,Volume_MA,Rolling_Volatility,SMA_20,Rolling_Std_10",EMA_26
TCS,2022-11-15,2022,0,Sideways,1,1.0,BUY,0,0,0.998,SELL,1,10,"EMA_26,EMA_12,MACD,SMA_10,BB_Width,Daily_Return,Volume_MA,Rolling_Volatility,SMA_20,Rolling_Std_10",EMA_26
TCS,2022-11-16,2022,1,Sideways,1,1.0,BUY,1,0,0.999,SELL,0,10,"EMA_26,EMA_12,MACD,SMA_10,BB_Width,Daily_Return,Volume_MA,Rolling_Volatility,SMA_20,Rolling_Std_10",EMA_26
TCS,2022-11-17,2022,0,Sideways,1,1.0,BUY,0,0,0.9959,SELL,1,10,"EMA_26,EMA_12,MACD,SMA_10,BB_Width,Daily_Return,Volume_MA,Rolling_Volatility,SMA_20,Rolling_Std_10",EMA_26
TCS,2022-11-18,2022,0,Sideways,1,1.0,BUY,0,0,0.9973,SELL,1,10,"EMA_26,EMA_12,MACD,SMA_10,BB_Width,Daily_Return,Volume_MA,Rolling_Volatility,SMA_20,Rolling_Std_10",EMA_26
TCS,2022-11-21,2022,0,Sideways,0,0.5409,NO TRADE,1,0,0.9932,SELL,1,10,"EMA_26,EMA_12,MACD,SMA_10,BB_Width,Daily_Return,Volume_MA,Rolling_Volatility,SMA_20,Rolling_Std_10",EMA_26
TCS,2022-11-22,2022,0,Sideways,1,0.8917,BUY,0,0,0.9981,SELL,1,10,"EMA_26,EMA_12,MACD,SMA_10,BB_Width,Daily_Return,Volume_MA,Rolling_Volatility,SMA_20,Rolling_Std_10",EMA_26
TCS,2022-11-23,2022,0,Sideways,0,0.517,NO TRADE,1,0,0.9982,SELL,1,10,"EMA_26,EMA_12,MACD,SMA_10,BB_Width,Daily_Return,Volume_MA,Rolling_Volatility,SMA_20,Rolling_Std_10",EMA_26
TCS,2022-11-24,2022,0,Sideways,1,0.9967,BUY,0,0,0.997,SELL,1,10,"EMA_26,EMA_12,MACD,SMA_10,BB_Width,Daily_Return,Volume_MA,Rolling_Volatility,SMA_20,Rolling_Std_10",EMA_26
TCS,2022-11-25,2022,0,Sideways,1,0.9986,BUY,0,0,0.9993,SELL,1,10,"EMA_26,EMA_12,MACD,SMA_10,BB_Width,Daily_Return,Volume_MA,Rolling_Volatility,SMA_20,Rolling_Std_10",EMA_26
TCS,2022-11-28,2022,0,Sideways,0,0.5499,NO TRADE,1,0,0.9993,SELL,1,10,"EMA_26,EMA_12,MACD,SMA_10,BB_Width,Daily_Return,Volume_MA,Rolling_Volatility,SMA_20,Rolling_Std_10",EMA_26
TCS,2022-11-29,2022,0,Sideways,0,0.5504,SELL,1,0,0.9994,SELL,1,10,"EMA_26,EMA_12,MACD,SMA_10,BB_Width,Daily_Return,Volume_MA,Rolling_Volatility,SMA_20,Rolling_Std_10",EMA_26
TCS,2022-11-30,2022,0,Sideways,0,0.551,SELL,1,0,0.9993,SELL,1,10,"EMA_26,EMA_12,MACD,SMA_10,BB_Width,Daily_Return,Volume_MA,Rolling_Volatility,SMA_20,Rolling_Std_10",EMA_26
TCS,2022-12-01,2022,0,Sideways,0,0.5516,SELL,1,0,0.9955,SELL,1,10,"EMA_26,EMA_12,MACD,SMA_10,BB_Width,Daily_Return,Volume_MA,Rolling_Volatility,SMA_20,Rolling_Std_10",EMA_26
TCS,2022-12-02,2022,0,Sideways,0,0.5521,SELL,1,0,0.9969,SELL,1,10,"EMA_26,EMA_12,MACD,SMA_10,BB_Width,Daily_Return,Volume_MA,Rolling_Volatility,SMA_20,Rolling_Std_10",EMA_26
TCS,2022-12-05,2022,0,Sideways,0,0.5527,SELL,1,0,0.9988,SELL,1,10,"EMA_26,EMA_12,MACD,SMA_10,BB_Width,Daily_Return,Volume_MA,Rolling_Volatility,SMA_20,Rolling_Std_10",EMA_26
TCS,2022-12-06,2022,0,Sideways,0,0.5532,SELL,1,0,0.998,SELL,1,10,"EMA_26,EMA_12,MACD,SMA_10,BB_Width,Daily_Return,Volume_MA,Rolling_Volatility,SMA_20,Rolling_Std_10",EMA_26
TCS,2022-12-07,2022,0,Sideways,0,0.5538,SELL,1,0,0.9992,SELL,1,10,"EMA_26,EMA_12,MACD,SMA_10,BB_Width,Daily_Return,Volume_MA,Rolling_Volatility,SMA_20,Rolling_Std_10",EMA_26
TCS,2022-12-08,2022,0,Sideways,0,0.5543,SELL,1,0,0.9991,SELL,1,10,"EMA_26,EMA_12,MACD,SMA_10,BB_Width,Daily_Return,Volume_MA,Rolling_Volatility,SMA_20,Rolling_Std_10",EMA_26
TCS,2022-12-09,2022,0,Sideways,0,0.5549,SELL,1,0,0.9982,SELL,1,10,"EMA_26,EMA_12,MACD,SMA_10,BB_Width,Daily_Return,Volume_MA,Rolling_Volatility,SMA_20,Rolling_Std_10",EMA_26
TCS,2022-12-12,2022,1,Sideways,0,0.5554,SELL,0,0,0.9995,SELL,0,10,"EMA_26,EMA_12,MACD,SMA_10,BB_Width,Daily_Return,Volume_MA,Rolling_Volatility,SMA_20,Rolling_Std_10",EMA_26
TCS,2022-12-13,2022,0,Sideways,0,0.5547,SELL,1,0,0.9996,SELL,1,10,"EMA_26,EMA_12,MACD,SMA_10,BB_Width,Daily_Return,Volume_MA,Rolling_Volatility,SMA_20,Rolling_Std_10",EMA_26
TCS,2022-12-14,2022,0,Sideways,0,0.5553,SELL,1,0,0.9992,SELL,1,10,"EMA_26,EMA_12,MACD,SMA_10,BB_Width,Daily_Return,Volume_MA,Rolling_Volatility,SMA_20,Rolling_Std_10",EMA_26
TCS,2022-12-15,2022,1,Sideways,0,0.5558,SELL,0,0,1.0,SELL,0,10,"EMA_26,EMA_12,MACD,SMA_10,BB_Width,Daily_Return,Volume_MA,Rolling_Volatility,SMA_20,Rolling_Std_10",EMA_26
TCS,2022-12-16,2022,1,Sideways,0,0.5552,SELL,0,0,0.9969,SELL,0,10,"EMA_26,EMA_12,MACD,SMA_10,BB_Width,Daily_Return,Volume_MA,Rolling_Volatility,SMA_20,Rolling_Std_10",EMA_26
TCS,2022-12-19,2022,1,Sideways,0,0.5545,SELL,0,0,0.9946,SELL,0,10,"EMA_26,EMA_12,MACD,SMA_10,BB_Width,Daily_Return,Volume_MA,Rolling_Volatility,SMA_20,Rolling_Std_10",EMA_26
TCS,2022-12-20,2022,1,Sideways,0,0.9995,SELL,0,0,0.9985,SELL,0,10,"EMA_26,EMA_12,MACD,SMA_10,BB_Width,Daily_Return,Volume_MA,Rolling_Volatility,SMA_20,Rolling_Std_10",EMA_26
TCS,2022-12-21,2022,1,Sideways,0,0.9039,SELL,0,0,0.9921,SELL,0,10,"EMA_26,EMA_12,MACD,SMA_10,BB_Width,Daily_Return,Volume_MA,Rolling_Volatility,SMA_20,Rolling_Std_10",EMA_26
TCS,2022-12-22,2022,1,Sideways,1,0.8553,BUY,1,1,0.898,BUY,1,10,"EMA_26,EMA_12,RSI_14,MACD,CCI,SMA_20,Volume_MA,SMA_50,Rolling_Std_10,ROC",EMA_26
TCS,2022-12-23,2022,1,Sideways,1,0.9769,BUY,1,1,0.9091,BUY,1,10,"EMA_26,EMA_12,RSI_14,MACD,CCI,SMA_20,Volume_MA,SMA_50,Rolling_Std_10,ROC",EMA_26
TCS,2022-12-26,2022,1,Sideways,1,0.9933,BUY,1,1,0.9166,BUY,1,10,"EMA_26,EMA_12,RSI_14,MACD,CCI,SMA_20,Volume_MA,SMA_50,Rolling_Std_10,ROC",EMA_26
TCS,2022-12-27,2022,1,Sideways,1,0.9996,BUY,1,1,0.9067,BUY,1,10,"EMA_26,EMA_12,RSI_14,MACD,CCI,SMA_20,Volume_MA,SMA_50,Rolling_Std_10,ROC",EMA_26
TCS,2022-12-28,2022,1,Sideways,1,1.0,BUY,1,1,0.8672,BUY,1,10,"EMA_26,EMA_12,RSI_14,MACD,CCI,SMA_20,Volume_MA,SMA_50,Rolling_Std_10,ROC",EMA_26
TCS,2022-12-29,2022,1,Sideways,1,1.0,BUY,1,1,0.8182,BUY,1,10,"EMA_26,EMA_12,RSI_14,MACD,CCI,SMA_20,Volume_MA,SMA_50,Rolling_Std_10,ROC",EMA_26
TCS,2022-12-30,2022,1,Sideways,1,1.0,BUY,1,1,0.7951,BUY,1,10,"EMA_26,EMA_12,RSI_14,MACD,CCI,SMA_20,Volume_MA,SMA_50,Rolling_Std_10,ROC",EMA_26
TCS,2023-01-02,2023,1,Sideways,1,1.0,BUY,1,1,0.6281,BUY,1,10,"EMA_26,EMA_12,RSI_14,MACD,CCI,SMA_20,Volume_MA,SMA_50,Rolling_Std_10,ROC",EMA_26
TCS,2023-01-03,2023,1,Sideways,1,1.0,BUY,1,0,0.9103,SELL,0,10,"EMA_26,EMA_12,RSI_14,MACD,CCI,SMA_20,Volume_MA,SMA_50,Rolling_Std_10,ROC",EMA_26
TCS,2023-01-04,2023,1,Sideways,0,0.5538,SELL,0,0,0.9203,SELL,0,10,"EMA_26,EMA_12,RSI_14,MACD,CCI,SMA_20,Volume_MA,SMA_50,Rolling_Std_10,ROC",EMA_26
TCS,2023-01-05,2023,1,Sideways,0,0.5531,SELL,0,1,0.5932,BUY,1,10,"EMA_26,EMA_12,RSI_14,MACD,CCI,SMA_20,Volume_MA,SMA_50,Rolling_Std_10,ROC",EMA_26
TCS,2023-01-06,2023,1,Sideways,1,1.0,BUY,1,1,0.6007,BUY,1,10,"EMA_26,EMA_12,RSI_14,MACD,CCI,SMA_20,Volume_MA,SMA_50,Rolling_Std_10,ROC",EMA_26
TCS,2023-01-09,2023,1,Sideways,0,0.5525,SELL,0,1,0.6236,BUY,1,10,"EMA_26,EMA_12,RSI_14,MACD,CCI,SMA_20,Volume_MA,SMA_50,Rolling_Std_10,ROC",EMA_26
TCS,2023-01-10,2023,1,Sideways,0,0.5518,SELL,0,1,0.7219,BUY,1,10,"EMA_26,EMA_12,RSI_14,MACD,CCI,SMA_20,Volume_MA,SMA_50,Rolling_Std_10,ROC",EMA_26
TCS,2023-01-11,2023,1,Sideways,0,0.5511,SELL,0,1,0.858,BUY,1,10,"EMA_26,EMA_12,RSI_14,MACD,CCI,SMA_20,Volume_MA,SMA_50,Rolling_Std_10,ROC",EMA_26
TCS,2023-01-12,2023,1,Sideways,0,0.5504,SELL,0,1,0.8913,BUY,1,10,"EMA_26,EMA_12,RSI_14,MACD,CCI,SMA_20,Volume_MA,SMA_50,Rolling_Std_10,ROC",EMA_26
TCS,2023-01-13,2023,1,Sideways,0,0.5498,NO TRADE,0,1,0.8863,BUY,1,10,"EMA_26,EMA_12,RSI_14,MACD,CCI,SMA_20,Volume_MA,SMA_50,Rolling_Std_10,ROC",EMA_26
TCS,2023-01-16,2023,1,Sideways,1,0.9998,BUY,1,1,0.8756,BUY,1,10,"EMA_26,EMA_12,RSI_14,MACD,CCI,SMA_20,Volume_MA,SMA_50,Rolling_Std_10,ROC",EMA_26
TCS,2023-01-17,2023,1,Sideways,1,0.9998,BUY,1,1,0.8559,BUY,1,10,"EMA_26,EMA_12,RSI_14,MACD,CCI,SMA_20,Volume_MA,SMA_50,Rolling_Std_10,ROC",EMA_26
TCS,2023-01-18,2023,1,Sideways,1,0.9999,BUY,1,1,0.8366,BUY,1,10,"EMA_26,EMA_12,RSI_14,MACD,CCI,SMA_20,Volume_MA,SMA_50,Rolling_Std_10,ROC",EMA_26
TCS,2023-01-19,2023,1,Sideways,1,0.9998,BUY,1,1,0.8445,BUY,1,10,"EMA_26,EMA_12,RSI_14,MACD,CCI,SMA_20,Volume_MA,SMA_50,Rolling_Std_10,ROC",EMA_26
TCS,2023-01-20,2023,1,Sideways,1,0.9999,BUY,1,1,0.7974,BUY,1,10,"EMA_26,EMA_12,RSI_14,MACD,CCI,SMA_20,Volume_MA,SMA_50,Rolling_Std_10,ROC",EMA_26
TCS,2023-01-23,2023,1,Sideways,1,0.9999,BUY,1,1,0.7769,BUY,1,10,"EMA_26,EMA_12,RSI_14,MACD,CCI,SMA_20,Volume_MA,SMA_50,Rolling_Std_10,ROC",EMA_26
TCS,2023-01-24,2023,0,Sideways,1,1.0,BUY,0,1,0.7097,BUY,0,10,"EMA_26,EMA_12,RSI_14,MACD,CCI,SMA_20,Volume_MA,SMA_50,Rolling_Std_10,ROC",EMA_26
TCS,2023-01-25,2023,0,Sideways,1,0.9998,BUY,0,1,0.705,BUY,0,10,"EMA_26,EMA_12,RSI_14,MACD,CCI,SMA_20,Volume_MA,SMA_50,Rolling_Std_10,ROC",EMA_26
TCS,2023-01-27,2023,0,Sideways,1,0.9993,BUY,0,1,0.7329,BUY,0,10,"EMA_26,EMA_12,RSI_14,MACD,CCI,SMA_20,Volume_MA,SMA_50,Rolling_Std_10,ROC",EMA_26
TCS,2023-01-30,2023,0,Sideways,1,0.9995,BUY,0,1,0.7044,BUY,0,10,"EMA_26,EMA_12,RSI_14,MACD,CCI,SMA_20,Volume_MA,SMA_50,Rolling_Std_10,ROC",EMA_26
TCS,2023-01-31,2023,0,Sideways,0,0.8693,SELL,1,1,0.8225,BUY,0,10,"EMA_26,EMA_12,RSI_14,MACD,CCI,SMA_20,Volume_MA,SMA_50,Rolling_Std_10,ROC",EMA_26
TCS,2023-02-01,2023,0,Sideways,1,0.9443,BUY,0,1,0.7988,BUY,0,10,"EMA_26,EMA_12,RSI_14,MACD,CCI,SMA_20,Volume_MA,SMA_50,Rolling_Std_10,ROC",EMA_26
TCS,2023-02-02,2023,0,Sideways,1,0.988,BUY,0,1,0.743,BUY,0,10,"EMA_26,EMA_12,RSI_14,MACD,CCI,SMA_20,Volume_MA,SMA_50,Rolling_Std_10,ROC",EMA_26
TCS,2023-02-03,2023,0,Sideways,1,0.9963,BUY,0,0,0.693,SELL,1,10,"EMA_26,OBV,Volume_MA,SMA_50,EMA_12,SMA_10,MACD,ATR_14,BB_Width,MACD_Hist",EMA_26
TCS,2023-02-06,2023,0,Sideways,0,0.5495,NO TRADE,1,0,0.577,SELL,1,10,"EMA_26,OBV,Volume_MA,SMA_50,EMA_12,SMA_10,MACD,ATR_14,BB_Width,MACD_Hist",EMA_26
TCS,2023-02-07,2023,0,Sideways,0,0.55,SELL,1,0,0.5641,SELL,1,10,"EMA_26,OBV,Volume_MA,SMA_50,EMA_12,SMA_10,MACD,ATR_14,BB_Width,MACD_Hist",EMA_26
TCS,2023-02-08,2023,0,Sideways,0,0.5505,SELL,1,0,0.5545,SELL,1,10,"EMA_26,OBV,Volume_MA,SMA_50,EMA_12,SMA_10,MACD,ATR_14,BB_Width,MACD_Hist",EMA_26
TCS,2023-02-09,2023,0,Sideways,0,0.5511,SELL,1,0,0.5703,SELL,1,10,"EMA_26,OBV,Volume_MA,SMA_50,EMA_12,SMA_10,MACD,ATR_14,BB_Width,MACD_Hist",EMA_26
TCS,2023-02-10,2023,0,Sideways,0,0.5516,SELL,1,0,0.5677,SELL,1,10,"EMA_26,OBV,Volume_MA,SMA_50,EMA_12,SMA_10,MACD,ATR_14,BB_Width,MACD_Hist",EMA_26
TCS,2023-02-13,2023,0,Sideways,0,0.5521,SELL,1,0,0.5609,SELL,1,10,"EMA_26,OBV,Volume_MA,SMA_50,EMA_12,SMA_10,MACD,ATR_14,BB_Width,MACD_Hist",EMA_26
TCS,2023-02-14,2023,0,Sideways,0,0.5527,SELL,1,0,0.5537,SELL,1,10,"EMA_26,OBV,Volume_MA,SMA_50,EMA_12,SMA_10,MACD,ATR_14,BB_Width,MACD_Hist",EMA_26
TCS,2023-02-15,2023,0,Sideways,0,0.5532,SELL,1,0,0.5769,SELL,1,10,"EMA_26,OBV,Volume_MA,SMA_50,EMA_12,SMA_10,MACD,ATR_14,BB_Width,MACD_Hist",EMA_26
TCS,2023-02-16,2023,0,Sideways,0,0.5537,SELL,1,0,0.6159,SELL,1,10,"EMA_26,OBV,Volume_MA,SMA_50,EMA_12,SMA_10,MACD,ATR_14,BB_Width,MACD_Hist",EMA_26
TCS,2023-02-17,2023,0,Sideways,0,0.5543,SELL,1,0,0.6201,SELL,1,10,"EMA_26,OBV,Volume_MA,SMA_50,EMA_12,SMA_10,MACD,ATR_14,BB_Width,MACD_Hist",EMA_26
TCS,2023-02-20,2023,0,Sideways,0,0.5548,SELL,1,0,0.6038,SELL,1,10,"EMA_26,OBV,Volume_MA,SMA_50,EMA_12,SMA_10,MACD,ATR_14,BB_Width,MACD_Hist",EMA_26
TCS,2023-02-21,2023,0,Sideways,0,0.5553,SELL,1,0,0.596,SELL,1,10,"EMA_26,OBV,Volume_MA,SMA_50,EMA_12,SMA_10,MACD,ATR_14,BB_Width,MACD_Hist",EMA_26
TCS,2023-02-22,2023,0,Sideways,0,0.5558,SELL,1,0,0.5808,SELL,1,10,"EMA_26,OBV,Volume_MA,SMA_50,EMA_12,SMA_10,MACD,ATR_14,BB_Width,MACD_Hist",EMA_26
TCS,2023-02-23,2023,0,Sideways,0,0.5564,SELL,1,0,0.55,NO TRADE,1,10,"EMA_26,OBV,Volume_MA,SMA_50,EMA_12,SMA_10,MACD,ATR_14,BB_Width,MACD_Hist",EMA_26
TCS,2023-02-24,2023,0,Sideways,0,0.5569,SELL,1,0,0.5298,NO TRADE,1,10,"EMA_26,OBV,Volume_MA,SMA_50,EMA_12,SMA_10,MACD,ATR_14,BB_Width,MACD_Hist",EMA_26
TCS,2023-02-27,2023,0,Sideways,0,0.5574,SELL,1,0,0.5313,NO TRADE,1,10,"EMA_26,OBV,Volume_MA,SMA_50,EMA_12,SMA_10,MACD,ATR_14,BB_Width,MACD_Hist",EMA_26
TCS,2023-02-28,2023,0,Sideways,0,0.5579,SELL,1,0,0.5148,NO TRADE,1,10,"EMA_26,OBV,Volume_MA,SMA_50,EMA_12,SMA_10,MACD,ATR_14,BB_Width,MACD_Hist",EMA_26
TCS,2023-03-01,2023,0,Sideways,0,0.5584,SELL,1,0,0.5005,NO TRADE,1,10,"EMA_26,OBV,Volume_MA,SMA_50,EMA_12,SMA_10,MACD,ATR_14,BB_Width,MACD_Hist",EMA_26
TCS,2023-03-02,2023,0,Sideways,0,0.5113,NO TRADE,1,0,0.5145,NO TRADE,1,10,"EMA_26,OBV,Volume_MA,SMA_50,EMA_12,SMA_10,MACD,ATR_14,BB_Width,MACD_Hist",EMA_26
TCS,2023-03-03,2023,0,Sideways,1,0.9247,BUY,0,0,0.5147,NO TRADE,1,10,"EMA_26,OBV,Volume_MA,SMA_50,EMA_12,SMA_10,MACD,ATR_14,BB_Width,MACD_Hist",EMA_26
TCS,2023-03-06,2023,0,Sideways,0,0.6478,SELL,1,0,0.5167,NO TRADE,1,10,"EMA_26,OBV,Volume_MA,SMA_50,EMA_12,SMA_10,MACD,ATR_14,BB_Width,MACD_Hist",EMA_26
TCS,2023-03-08,2023,0,Sideways,0,0.651,SELL,1,0,0.5183,NO TRADE,1,10,"EMA_26,OBV,Volume_MA,SMA_50,EMA_12,SMA_10,MACD,ATR_14,BB_Width,MACD_Hist",EMA_26
TCS,2023-03-09,2023,0,Sideways,1,1.0,BUY,0,0,0.5166,NO TRADE,1,10,"EMA_26,OBV,Volume_MA,SMA_50,EMA_12,SMA_10,MACD,ATR_14,BB_Width,MACD_Hist",EMA_26
TCS,2023-03-10,2023,0,Sideways,0,0.657,SELL,1,1,0.507,NO TRADE,0,10,"EMA_26,OBV,Volume_MA,SMA_50,EMA_12,SMA_10,MACD,ATR_14,BB_Width,MACD_Hist",EMA_26
TCS,2023-03-13,2023,0,Sideways,1,0.9605,BUY,0,1,0.5251,NO TRADE,0,10,"EMA_26,OBV,Volume_MA,SMA_50,EMA_12,SMA_10,MACD,ATR_14,BB_Width,MACD_Hist",EMA_26
TCS,2023-03-14,2023,0,Sideways,1,0.9359,BUY,0,0,0.5117,NO TRADE,1,10,"EMA_26,OBV,Volume_MA,SMA_50,EMA_12,SMA_10,MACD,ATR_14,BB_Width,MACD_Hist",EMA_26
TCS,2023-03-15,2023,0,Sideways,1,1.0,BUY,0,0,0.5377,NO TRADE,1,10,"EMA_26,OBV,Volume_MA,SMA_50,EMA_12,SMA_10,MACD,ATR_14,BB_Width,MACD_Hist",EMA_26
TCS,2023-03-16,2023,0,Sideways,0,0.66,SELL,1,0,0.5305,NO TRADE,1,10,"EMA_26,OBV,Volume_MA,SMA_50,EMA_12,SMA_10,MACD,ATR_14,BB_Width,MACD_Hist",EMA_26
TCS,2023-03-17,2023,0,Sideways,0,0.6629,SELL,1,1,0.5526,BUY,0,10,"EMA_26,OBV,Volume_MA,SMA_50,EMA_12,SMA_10,MACD,ATR_14,BB_Width,MACD_Hist",EMA_26
TCS,2023-03-20,2023,1,Sideways,0,0.6658,SELL,0,1,0.6516,BUY,1,10,"EMA_12,SMA_10,SMA_50,MACD_Hist,MACD,EMA_26,BB_Width,ATR_14,Rolling_Median_Return,OBV",EMA_12
TCS,2023-03-21,2023,1,Sideways,0,0.6602,SELL,0,1,0.7296,BUY,1,10,"EMA_12,SMA_10,SMA_50,MACD_Hist,MACD,EMA_26,BB_Width,ATR_14,Rolling_Median_Return,OBV",EMA_12
TCS,2023-03-22,2023,1,Sideways,0,0.6546,SELL,0,1,0.7968,BUY,1,10,"EMA_12,SMA_10,SMA_50,MACD_Hist,MACD,EMA_26,BB_Width,ATR_14,Rolling_Median_Return,OBV",EMA_12
TCS,2023-03-23,2023,1,Sideways,0,0.6492,SELL,0,1,0.786,BUY,1,10,"EMA_12,SMA_10,SMA_50,MACD_Hist,MACD,EMA_26,BB_Width,ATR_14,Rolling_Median_Return,OBV",EMA_12
TCS,2023-03-24,2023,1,Sideways,0,0.6439,SELL,0,1,0.828,BUY,1,10,"EMA_12,SMA_10,SMA_50,MACD_Hist,MACD,EMA_26,BB_Width,ATR_14,Rolling_Median_Return,OBV",EMA_12
TCS,2023-03-27,2023,1,Sideways,1,1.0,BUY,1,1,0.8507,BUY,1,10,"EMA_12,SMA_10,SMA_50,MACD_Hist,MACD,EMA_26,BB_Width,ATR_14,Rolling_Median_Return,OBV",EMA_12
TCS,2023-03-28,2023,1,Sideways,1,1.0,BUY,1,1,0.851,BUY,1,10,"EMA_12,SMA_10,SMA_50,MACD_Hist,MACD,EMA_26,BB_Width,ATR_14,Rolling_Median_Return,OBV",EMA_12
TCS,2023-03-29,2023,1,Sideways,1,1.0,BUY,1,1,0.8676,BUY,1,10,"EMA_12,SMA_10,SMA_50,MACD_Hist,MACD,EMA_26,BB_Width,ATR_14,Rolling_Median_Return,OBV",EMA_12
TCS,2023-03-31,2023,1,Sideways,1,1.0,BUY,1,1,0.8848,BUY,1,10,"EMA_12,SMA_10,SMA_50,MACD_Hist,MACD,EMA_26,BB_Width,ATR_14,Rolling_Median_Return,OBV",EMA_12
TCS,2023-04-03,2023,1,Sideways,1,1.0,BUY,1,1,0.8866,BUY,1,10,"EMA_12,SMA_10,SMA_50,MACD_Hist,MACD,EMA_26,BB_Width,ATR_14,Rolling_Median_Return,OBV",EMA_12
TCS,2023-04-05,2023,1,Sideways,1,1.0,BUY,1,1,0.866,BUY,1,10,"EMA_12,SMA_10,SMA_50,MACD_Hist,MACD,EMA_26,BB_Width,ATR_14,Rolling_Median_Return,OBV",EMA_12
TCS,2023-04-06,2023,1,Sideways,1,1.0,BUY,1,1,0.8773,BUY,1,10,"EMA_12,SMA_10,SMA_50,MACD_Hist,MACD,EMA_26,BB_Width,ATR_14,Rolling_Median_Return,OBV",EMA_12
TCS,2023-04-10,2023,1,Sideways,1,1.0,BUY,1,1,0.8868,BUY,1,10,"EMA_12,SMA_10,SMA_50,MACD_Hist,MACD,EMA_26,BB_Width,ATR_14,Rolling_Median_Return,OBV",EMA_12
TCS,2023-04-11,2023,1,Sideways,1,1.0,BUY,1,1,0.8925,BUY,1,10,"EMA_12,SMA_10,SMA_50,MACD_Hist,MACD,EMA_26,BB_Width,ATR_14,Rolling_Median_Return,OBV",EMA_12
TCS,2023-04-12,2023,1,Sideways,1,1.0,BUY,1,1,0.7949,BUY,1,10,"EMA_12,SMA_10,SMA_50,MACD_Hist,MACD,EMA_26,BB_Width,ATR_14,Rolling_Median_Return,OBV",EMA_12
TCS,2023-04-13,2023,1,Sideways,1,1.0,BUY,1,1,0.843,BUY,1,10,"EMA_12,SMA_10,SMA_50,MACD_Hist,MACD,EMA_26,BB_Width,ATR_14,Rolling_Median_Return,OBV",EMA_12
TCS,2023-04-17,2023,1,Sideways,1,1.0,BUY,1,1,0.8475,BUY,1,10,"EMA_12,SMA_10,SMA_50,MACD_Hist,MACD,EMA_26,BB_Width,ATR_14,Rolling_Median_Return,OBV",EMA_12
TCS,2023-04-18,2023,1,Sideways,1,1.0,BUY,1,1,0.9299,BUY,1,10,"EMA_12,SMA_10,SMA_50,MACD_Hist,MACD,EMA_26,BB_Width,ATR_14,Rolling_Median_Return,OBV",EMA_12
TCS,2023-04-19,2023,1,Sideways,1,1.0,BUY,1,1,0.9472,BUY,1,10,"EMA_12,SMA_10,SMA_50,MACD_Hist,MACD,EMA_26,BB_Width,ATR_14,Rolling_Median_Return,OBV",EMA_12
TCS,2023-04-20,2023,1,Sideways,1,1.0,BUY,1,1,0.9555,BUY,1,10,"EMA_12,SMA_10,SMA_50,MACD_Hist,MACD,EMA_26,BB_Width,ATR_14,Rolling_Median_Return,OBV",EMA_12
TCS,2023-04-21,2023,1,Sideways,1,1.0,BUY,1,1,0.9577,BUY,1,10,"EMA_12,SMA_10,SMA_50,MACD_Hist,MACD,EMA_26,BB_Width,ATR_14,Rolling_Median_Return,OBV",EMA_12
TCS,2023-04-24,2023,1,Sideways,1,1.0,BUY,1,1,0.9267,BUY,1,10,"EMA_12,SMA_10,SMA_50,MACD_Hist,MACD,EMA_26,BB_Width,ATR_14,Rolling_Median_Return,OBV",EMA_12
TCS,2023-04-25,2023,1,Sideways,1,1.0,BUY,1,1,0.9468,BUY,1,10,"EMA_12,SMA_10,SMA_50,MACD_Hist,MACD,EMA_26,BB_Width,ATR_14,Rolling_Median_Return,OBV",EMA_12
TCS,2023-04-26,2023,1,Sideways,1,1.0,BUY,1,1,0.9056,BUY,1,10,"EMA_12,SMA_10,SMA_50,MACD_Hist,MACD,EMA_26,BB_Width,ATR_14,Rolling_Median_Return,OBV",EMA_12
TCS,2023-04-27,2023,1,Sideways,1,1.0,BUY,1,1,0.9478,BUY,1,10,"EMA_12,SMA_10,SMA_50,MACD_Hist,MACD,EMA_26,BB_Width,ATR_14,Rolling_Median_Return,OBV",EMA_12
TCS,2023-04-28,2023,1,Sideways,1,1.0,BUY,1,1,0.9051,BUY,1,10,"EMA_12,SMA_10,SMA_50,MACD_Hist,MACD,EMA_26,BB_Width,ATR_14,Rolling_Median_Return,OBV",EMA_12
TCS,2023-05-02,2023,1,Sideways,1,1.0,BUY,1,1,0.9062,BUY,1,10,"EMA_12,SMA_10,SMA_50,MACD_Hist,MACD,EMA_26,BB_Width,ATR_14,Rolling_Median_Return,OBV",EMA_12
TCS,2023-05-03,2023,1,Sideways,1,1.0,BUY,1,1,0.9097,BUY,1,10,"EMA_12,SMA_10,SMA_50,MACD_Hist,MACD,EMA_26,BB_Width,ATR_14,Rolling_Median_Return,OBV",EMA_12
TCS,2023-05-04,2023,1,Sideways,0,0.5589,SELL,0,1,0.8497,BUY,1,10,"EMA_12,SMA_10,SMA_50,MACD_Hist,MACD,EMA_26,BB_Width,ATR_14,Rolling_Median_Return,OBV",EMA_12
TCS,2023-05-05,2023,1,Sideways,0,0.5583,SELL,0,1,0.8741,BUY,1,10,"EMA_12,SMA_10,SMA_50,MACD_Hist,MACD,EMA_26,BB_Width,ATR_14,Rolling_Median_Return,OBV",EMA_12
TCS,2023-05-08,2023,1,Sideways,0,0.5576,SELL,0,1,0.8518,BUY,1,10,"OBV,SMA_10,ROC,EMA_26,EMA_12,SMA_50,BB_Width,MACD,RSI_14,MACD_Signal",OBV
TCS,2023-05-09,2023,0,Sideways,0,0.557,SELL,1,1,0.8154,BUY,0,10,"OBV,SMA_10,ROC,EMA_26,EMA_12,SMA_50,BB_Width,MACD,RSI_14,MACD_Signal",OBV
TCS,2023-05-10,2023,0,Sideways,0,0.5575,SELL,1,1,0.7789,BUY,0,10,"OBV,SMA_10,ROC,EMA_26,EMA_12,SMA_50,BB_Width,MACD,RSI_14,MACD_Signal",OBV
TCS,2023-05-11,2023,0,Sideways,0,0.558,SELL,1,1,0.7532,BUY,0,10,"OBV,SMA_10,ROC,EMA_26,EMA_12,SMA_50,BB_Width,MACD,RSI_14,MACD_Signal",OBV
TCS,2023-05-12,2023,0,Sideways,0,0.5585,SELL,1,1,0.7342,BUY,0,10,"OBV,SMA_10,ROC,EMA_26,EMA_12,SMA_50,BB_Width,MACD,RSI_14,MACD_Signal",OBV
TCS,2023-05-15,2023,0,Sideways,0,0.559,SELL,1,1,0.7454,BUY,0,10,"OBV,SMA_10,ROC,EMA_26,EMA_12,SMA_50,BB_Width,MACD,RSI_14,MACD_Signal",OBV
TCS,2023-05-16,2023,0,Sideways,0,0.5596,SELL,1,1,0.7372,BUY,0,10,"OBV,SMA_10,ROC,EMA_26,EMA_12,SMA_50,BB_Width,MACD,RSI_14,MACD_Signal",OBV
TCS,2023-05-17,2023,1,Sideways,0,0.5601,SELL,0,1,0.7732,BUY,1,10,"OBV,SMA_10,ROC,EMA_26,EMA_12,SMA_50,BB_Width,MACD,RSI_14,MACD_Signal",OBV
TCS,2023-05-18,2023,1,Sideways,0,0.5594,SELL,0,1,0.8227,BUY,1,10,"OBV,SMA_10,ROC,EMA_26,EMA_12,SMA_50,BB_Width,MACD,RSI_14,MACD_Signal",OBV
TCS,2023-05-19,2023,0,Sideways,0,0.5588,SELL,1,1,0.8485,BUY,0,10,"OBV,SMA_10,ROC,EMA_26,EMA_12,SMA_50,BB_Width,MACD,RSI_14,MACD_Signal",OBV
TCS,2023-05-22,2023,0,Sideways,0,0.5593,SELL,1,1,0.7874,BUY,0,10,"OBV,SMA_10,ROC,EMA_26,EMA_12,SMA_50,BB_Width,MACD,RSI_14,MACD_Signal",OBV
TCS,2023-05-23,2023,0,Sideways,0,0.5598,SELL,1,1,0.7657,BUY,0,10,"OBV,SMA_10,ROC,EMA_26,EMA_12,SMA_50,BB_Width,MACD,RSI_14,MACD_Signal",OBV
TCS,2023-05-24,2023,0,Sideways,0,0.5603,SELL,1,1,0.7371,BUY,0,10,"OBV,SMA_10,ROC,EMA_26,EMA_12,SMA_50,BB_Width,MACD,RSI_14,MACD_Signal",OBV
TCS,2023-05-25,2023,0,Sideways,0,0.5608,SELL,1,1,0.7282,BUY,0,10,"OBV,SMA_10,ROC,EMA_26,EMA_12,SMA_50,BB_Width,MACD,RSI_14,MACD_Signal",OBV
TCS,2023-05-26,2023,0,Sideways,0,0.5613,SELL,1,1,0.6608,BUY,0,10,"OBV,SMA_10,ROC,EMA_26,EMA_12,SMA_50,BB_Width,MACD,RSI_14,MACD_Signal",OBV
TCS,2023-05-29,2023,0,Sideways,0,0.5618,SELL,1,1,0.6434,BUY,0,10,"OBV,SMA_10,ROC,EMA_26,EMA_12,SMA_50,BB_Width,MACD,RSI_14,MACD_Signal",OBV
TCS,2023-05-30,2023,0,Sideways,0,0.5623,SELL,1,1,0.6283,BUY,0,10,"OBV,SMA_10,ROC,EMA_26,EMA_12,SMA_50,BB_Width,MACD,RSI_14,MACD_Signal",OBV
TCS,2023-05-31,2023,0,Sideways,0,0.5628,SELL,1,1,0.6526,BUY,0,10,"OBV,SMA_10,ROC,EMA_26,EMA_12,SMA_50,BB_Width,MACD,RSI_14,MACD_Signal",OBV
TCS,2023-06-01,2023,1,Sideways,0,0.5633,SELL,0,1,0.5893,BUY,1,10,"OBV,SMA_10,ROC,EMA_26,EMA_12,SMA_50,BB_Width,MACD,RSI_14,MACD_Signal",OBV
TCS,2023-06-02,2023,0,Sideways,0,0.5627,SELL,1,1,0.6356,BUY,0,10,"OBV,SMA_10,ROC,EMA_26,EMA_12,SMA_50,BB_Width,MACD,RSI_14,MACD_Signal",OBV
TCS,2023-06-05,2023,1,Sideways,0,0.5632,SELL,0,1,0.6575,BUY,1,10,"OBV,SMA_10,ROC,EMA_26,EMA_12,SMA_50,BB_Width,MACD,RSI_14,MACD_Signal",OBV
TCS,2023-06-06,2023,1,Sideways,0,0.5625,SELL,0,1,0.7227,BUY,1,10,"OBV,SMA_10,ROC,EMA_26,EMA_12,SMA_50,BB_Width,MACD,RSI_14,MACD_Signal",OBV
TCS,2023-06-07,2023,1,Sideways,0,0.5619,SELL,0,1,0.7201,BUY,1,10,"OBV,SMA_10,ROC,EMA_26,EMA_12,SMA_50,BB_Width,MACD,RSI_14,MACD_Signal",OBV
TCS,2023-06-08,2023,1,Sideways,0,0.5612,SELL,0,1,0.7597,BUY,1,10,"OBV,SMA_10,ROC,EMA_26,EMA_12,SMA_50,BB_Width,MACD,RSI_14,MACD_Signal",OBV
TCS,2023-06-09,2023,1,Sideways,0,0.5606,SELL,0,1,0.7948,BUY,1,10,"OBV,SMA_10,ROC,EMA_26,EMA_12,SMA_50,BB_Width,MACD,RSI_14,MACD_Signal",OBV
TCS,2023-06-12,2023,1,Sideways,0,0.56,SELL,0,1,0.7971,BUY,1,10,"OBV,SMA_10,ROC,EMA_26,EMA_12,SMA_50,BB_Width,MACD,RSI_14,MACD_Signal",OBV
TCS,2023-06-13,2023,1,Sideways,0,0.5593,SELL,0,1,0.809,BUY,1,10,"OBV,SMA_10,ROC,EMA_26,EMA_12,SMA_50,BB_Width,MACD,RSI_14,MACD_Signal",OBV
TCS,2023-06-14,2023,1,Sideways,0,0.5587,SELL,0,1,0.8139,BUY,1,10,"OBV,SMA_10,ROC,EMA_26,EMA_12,SMA_50,BB_Width,MACD,RSI_14,MACD_Signal",OBV
TCS,2023-06-15,2023,1,Sideways,0,0.5581,SELL,0,1,0.8392,BUY,1,10,"OBV,SMA_10,ROC,EMA_26,EMA_12,SMA_50,BB_Width,MACD,RSI_14,MACD_Signal",OBV
TCS,2023-06-16,2023,1,Sideways,0,0.5574,SELL,0,1,0.8627,BUY,1,10,"OBV,SMA_10,ROC,EMA_26,EMA_12,SMA_50,BB_Width,MACD,RSI_14,MACD_Signal",OBV
TCS,2023-06-19,2023,1,Sideways,0,0.5568,SELL,0,1,0.8777,BUY,1,10,"MACD_Hist,OBV,SMA_10,RSI_14,EMA_26,BB_Width,CCI,EMA_12,MACD_Signal,SMA_50",MACD_Hist
TCS,2023-06-20,2023,1,Sideways,0,0.5562,SELL,0,1,0.8622,BUY,1,10,"MACD_Hist,OBV,SMA_10,RSI_14,EMA_26,BB_Width,CCI,EMA_12,MACD_Signal,SMA_50",MACD_Hist
TCS,2023-06-21,2023,1,Sideways,0,0.5556,SELL,0,1,0.7711,BUY,1,10,"MACD_Hist,OBV,SMA_10,RSI_14,EMA_26,BB_Width,CCI,EMA_12,MACD_Signal,SMA_50",MACD_Hist
TCS,2023-06-22,2023,1,Sideways,0,0.5549,SELL,0,1,0.5753,BUY,1,10,"MACD_Hist,OBV,SMA_10,RSI_14,EMA_26,BB_Width,CCI,EMA_12,MACD_Signal,SMA_50",MACD_Hist
TCS,2023-06-23,2023,1,Sideways,0,0.5543,SELL,0,0,0.7251,SELL,0,10,"MACD_Hist,OBV,SMA_10,RSI_14,EMA_26,BB_Width,CCI,EMA_12,MACD_Signal,SMA_50",MACD_Hist
TCS,2023-06-26,2023,1,Sideways,0,0.5537,SELL,0,1,0.7599,BUY,1,10,"MACD_Hist,OBV,SMA_10,RSI_14,EMA_26,BB_Width,CCI,EMA_12,MACD_Signal,SMA_50",MACD_Hist
TCS,2023-06-27,2023,1,Sideways,0,0.5531,SELL,0,1,0.832,BUY,1,10,"MACD_Hist,OBV,SMA_10,RSI_14,EMA_26,BB_Width,CCI,EMA_12,MACD_Signal,SMA_50",MACD_Hist
TCS,2023-06-28,2023,1,Sideways,0,0.5525,SELL,0,1,0.8534,BUY,1,10,"MACD_Hist,OBV,SMA_10,RSI_14,EMA_26,BB_Width,CCI,EMA_12,MACD_Signal,SMA_50",MACD_Hist
TCS,2023-06-30,2023,1,Sideways,0,0.5518,SELL,0,1,0.8606,BUY,1,10,"MACD_Hist,OBV,SMA_10,RSI_14,EMA_26,BB_Width,CCI,EMA_12,MACD_Signal,SMA_50",MACD_Hist
TCS,2023-07-03,2023,1,Sideways,0,0.5512,SELL,0,1,0.8974,BUY,1,10,"MACD_Hist,OBV,SMA_10,RSI_14,EMA_26,BB_Width,CCI,EMA_12,MACD_Signal,SMA_50",MACD_Hist
TCS,2023-07-04,2023,1,Sideways,0,0.5506,SELL,0,1,0.8771,BUY,1,10,"MACD_Hist,OBV,SMA_10,RSI_14,EMA_26,BB_Width,CCI,EMA_12,MACD_Signal,SMA_50",MACD_Hist
TCS,2023-07-05,2023,1,Sideways,0,0.55,SELL,0,1,0.8525,BUY,1,10,"MACD_Hist,OBV,SMA_10,RSI_14,EMA_26,BB_Width,CCI,EMA_12,MACD_Signal,SMA_50",MACD_Hist
TCS,2023-07-06,2023,1,Sideways,0,0.5494,NO TRADE,0,1,0.8299,BUY,1,10,"MACD_Hist,OBV,SMA_10,RSI_14,EMA_26,BB_Width,CCI,EMA_12,MACD_Signal,SMA_50",MACD_Hist
TCS,2023-07-07,2023,1,Sideways,0,0.5488,NO TRADE,0,1,0.8054,BUY,1,10,"MACD_Hist,OBV,SMA_10,RSI_14,EMA_26,BB_Width,CCI,EMA_12,MACD_Signal,SMA_50",MACD_Hist
TCS,2023-07-10,2023,1,Sideways,0,0.5482,NO TRADE,0,1,0.8596,BUY,1,10,"MACD_Hist,OBV,SMA_10,RSI_14,EMA_26,BB_Width,CCI,EMA_12,MACD_Signal,SMA_50",MACD_Hist
TCS,2023-07-11,2023,1,Sideways,0,0.5476,NO TRADE,0,1,0.866,BUY,1,10,"MACD_Hist,OBV,SMA_10,RSI_14,EMA_26,BB_Width,CCI,EMA_12,MACD_Signal,SMA_50",MACD_Hist
TCS,2023-07-12,2023,1,Sideways,0,0.547,NO TRADE,0,1,0.878,BUY,1,10,"MACD_Hist,OBV,SMA_10,RSI_14,EMA_26,BB_Width,CCI,EMA_12,MACD_Signal,SMA_50",MACD_Hist
TCS,2023-07-13,2023,1,Sideways,0,0.5464,NO TRADE,0,1,0.8266,BUY,1,10,"MACD_Hist,OBV,SMA_10,RSI_14,EMA_26,BB_Width,CCI,EMA_12,MACD_Signal,SMA_50",MACD_Hist
TCS,2023-07-14,2023,0,Sideways,0,0.5458,NO TRADE,1,0,0.5504,SELL,1,10,"MACD_Hist,OBV,SMA_10,RSI_14,EMA_26,BB_Width,CCI,EMA_12,MACD_Signal,SMA_50",MACD_Hist
TCS,2023-07-17,2023,0,Sideways,0,0.5463,NO TRADE,1,0,0.6982,SELL,1,10,"MACD_Hist,OBV,SMA_10,RSI_14,EMA_26,BB_Width,CCI,EMA_12,MACD_Signal,SMA_50",MACD_Hist
TCS,2023-07-18,2023,0,Sideways,0,0.5468,NO TRADE,1,0,0.8389,SELL,1,10,"MACD_Hist,OBV,SMA_10,RSI_14,EMA_26,BB_Width,CCI,EMA_12,MACD_Signal,SMA_50",MACD_Hist
TCS,2023-07-19,2023,0,Sideways,0,0.5473,NO TRADE,1,0,0.8641,SELL,1,10,"MACD_Hist,OBV,SMA_10,RSI_14,EMA_26,BB_Width,CCI,EMA_12,MACD_Signal,SMA_50",MACD_Hist
TCS,2023-07-20,2023,0,Sideways,0,0.5478,NO TRADE,1,0,0.9066,SELL,1,10,"MACD_Hist,OBV,SMA_10,RSI_14,EMA_26,BB_Width,CCI,EMA_12,MACD_Signal,SMA_50",MACD_Hist
TCS,2023-07-21,2023,1,Sideways,0,0.5483,NO TRADE,0,0,0.8179,SELL,0,10,"MACD_Hist,OBV,SMA_10,RSI_14,EMA_26,BB_Width,CCI,EMA_12,MACD_Signal,SMA_50",MACD_Hist
TCS,2023-07-24,2023,0,Sideways,0,0.5477,NO TRADE,1,0,0.7809,SELL,1,10,"MACD_Hist,OBV,SMA_10,RSI_14,EMA_26,BB_Width,CCI,EMA_12,MACD_Signal,SMA_50",MACD_Hist
TCS,2023-07-25,2023,0,Sideways,0,0.5481,NO TRADE,1,0,0.7373,SELL,1,10,"MACD_Hist,OBV,SMA_10,RSI_14,EMA_26,BB_Width,CCI,EMA_12,MACD_Signal,SMA_50",MACD_Hist
TCS,2023-07-26,2023,0,Sideways,0,0.5486,NO TRADE,1,0,0.6612,SELL,1,10,"MACD_Hist,OBV,SMA_10,RSI_14,EMA_26,BB_Width,CCI,EMA_12,MACD_Signal,SMA_50",MACD_Hist
TCS,2023-07-27,2023,0,Sideways,0,0.5491,NO TRADE,1,0,0.6051,SELL,1,10,"MACD_Hist,OBV,SMA_10,RSI_14,EMA_26,BB_Width,CCI,EMA_12,MACD_Signal,SMA_50",MACD_Hist
TCS,2023-07-28,2023,1,Sideways,0,0.5496,NO TRADE,0,0,0.5331,NO TRADE,0,10,"MACD_Hist,OBV,SMA_10,RSI_14,EMA_26,BB_Width,CCI,EMA_12,MACD_Signal,SMA_50",MACD_Hist
TCS,2023-07-31,2023,0,Sideways,0,0.549,NO TRADE,1,0,0.5358,NO TRADE,1,10,"MACD_Hist,OBV,SMA_10,RSI_14,EMA_26,BB_Width,CCI,EMA_12,MACD_Signal,SMA_50",MACD_Hist
TCS,2023-08-01,2023,0,Sideways,0,0.5495,NO TRADE,1,1,0.8585,BUY,0,10,"MACD_Hist,EMA_26,RSI_14,MACD_Signal,OBV,MFI,SMA_20,BB_Width,MACD,Rolling_Volatility",MACD_Hist
TCS,2023-08-02,2023,0,Sideways,0,0.55,SELL,1,1,0.9588,BUY,0,10,"MACD_Hist,EMA_26,RSI_14,MACD_Signal,OBV,MFI,SMA_20,BB_Width,MACD,Rolling_Volatility",MACD_Hist
TCS,2023-08-03,2023,0,Sideways,0,0.5505,SELL,1,1,1.0,BUY,0,10,"MACD_Hist,EMA_26,RSI_14,MACD_Signal,OBV,MFI,SMA_20,BB_Width,MACD,Rolling_Volatility",MACD_Hist
TCS,2023-08-04,2023,0,Sideways,0,0.551,SELL,1,1,0.6575,BUY,0,10,"MACD_Hist,EMA_26,RSI_14,MACD_Signal,OBV,MFI,SMA_20,BB_Width,MACD,Rolling_Volatility",MACD_Hist
TCS,2023-08-07,2023,0,Sideways,0,0.5515,SELL,1,0,0.8031,SELL,1,10,"MACD_Hist,EMA_26,RSI_14,MACD_Signal,OBV,MFI,SMA_20,BB_Width,MACD,Rolling_Volatility",MACD_Hist
TCS,2023-08-08,2023,0,Sideways,0,0.552,SELL,1,0,0.9686,SELL,1,10,"MACD_Hist,EMA_26,RSI_14,MACD_Signal,OBV,MFI,SMA_20,BB_Width,MACD,Rolling_Volatility",MACD_Hist
TCS,2023-08-09,2023,0,Sideways,0,0.5524,SELL,1,0,0.9774,SELL,1,10,"MACD_Hist,EMA_26,RSI_14,MACD_Signal,OBV,MFI,SMA_20,BB_Width,MACD,Rolling_Volatility",MACD_Hist
TCS,2023-08-10,2023,0,Sideways,0,0.5529,SELL,1,0,0.9638,SELL,1,10,"MACD_Hist,EMA_26,RSI_14,MACD_Signal,OBV,MFI,SMA_20,BB_Width,MACD,Rolling_Volatility",MACD_Hist
TCS,2023-08-11,2023,1,Sideways,0,0.5534,SELL,0,0,0.9294,SELL,0,10,"MACD_Hist,EMA_26,RSI_14,MACD_Signal,OBV,MFI,SMA_20,BB_Width,MACD,Rolling_Volatility",MACD_Hist
TCS,2023-08-14,2023,1,Sideways,0,0.5528,SELL,0,0,0.8344,SELL,0,10,"MACD_Hist,EMA_26,RSI_14,MACD_Signal,OBV,MFI,SMA_20,BB_Width,MACD,Rolling_Volatility",MACD_Hist
TCS,2023-08-16,2023,1,Sideways,0,0.5522,SELL,0,0,0.775,SELL,0,10,"MACD_Hist,EMA_26,RSI_14,MACD_Signal,OBV,MFI,SMA_20,BB_Width,MACD,Rolling_Volatility",MACD_Hist
TCS,2023-08-17,2023,1,Sideways,0,0.5516,SELL,0,1,0.5147,NO TRADE,1,10,"MACD_Hist,EMA_26,RSI_14,MACD_Signal,OBV,MFI,SMA_20,BB_Width,MACD,Rolling_Volatility",MACD_Hist
TCS,2023-08-18,2023,1,Sideways,0,0.551,SELL,0,1,1.0,BUY,1,10,"MACD_Hist,EMA_26,RSI_14,MACD_Signal,OBV,MFI,SMA_20,BB_Width,MACD,Rolling_Volatility",MACD_Hist
TCS,2023-08-21,2023,1,Sideways,1,0.9997,BUY,1,1,0.9948,BUY,1,10,"MACD_Hist,EMA_26,RSI_14,MACD_Signal,OBV,MFI,SMA_20,BB_Width,MACD,Rolling_Volatility",MACD_Hist
TCS,2023-08-22,2023,1,Sideways,1,0.9891,BUY,1,1,0.9999,BUY,1,10,"MACD_Hist,EMA_26,RSI_14,MACD_Signal,OBV,MFI,SMA_20,BB_Width,MACD,Rolling_Volatility",MACD_Hist
TCS,2023-08-23,2023,1,Sideways,1,0.9934,BUY,1,1,0.9984,BUY,1,10,"MACD_Hist,EMA_26,RSI_14,MACD_Signal,OBV,MFI,SMA_20,BB_Width,MACD,Rolling_Volatility",MACD_Hist
TCS,2023-08-24,2023,1,Sideways,1,0.9933,BUY,1,1,0.9997,BUY,1,10,"MACD_Hist,EMA_26,RSI_14,MACD_Signal,OBV,MFI,SMA_20,BB_Width,MACD,Rolling_Volatility",MACD_Hist
TCS,2023-08-25,2023,1,Sideways,1,0.9951,BUY,1,1,1.0,BUY,1,10,"MACD_Hist,EMA_26,RSI_14,MACD_Signal,OBV,MFI,SMA_20,BB_Width,MACD,Rolling_Volatility",MACD_Hist
TCS,2023-08-28,2023,1,Sideways,1,0.9953,BUY,1,0,0.7023,SELL,0,10,"MACD_Hist,EMA_26,RSI_14,MACD_Signal,OBV,MFI,SMA_20,BB_Width,MACD,Rolling_Volatility",MACD_Hist
TCS,2023-08-29,2023,1,Sideways,1,0.9972,BUY,1,1,0.7625,BUY,1,10,"MACD_Hist,EMA_26,RSI_14,MACD_Signal,OBV,MFI,SMA_20,BB_Width,MACD,Rolling_Volatility",MACD_Hist
TCS,2023-08-30,2023,1,Sideways,1,0.999,BUY,1,1,0.7976,BUY,1,10,"MACD_Hist,EMA_26,RSI_14,MACD_Signal,OBV,MFI,SMA_20,BB_Width,MACD,Rolling_Volatility",MACD_Hist
TCS,2023-08-31,2023,1,Sideways,1,0.9924,BUY,1,1,0.7807,BUY,1,10,"MACD_Hist,EMA_26,RSI_14,MACD_Signal,OBV,MFI,SMA_20,BB_Width,MACD,Rolling_Volatility",MACD_Hist
TCS,2023-09-01,2023,1,Sideways,1,1.0,BUY,1,1,0.8136,BUY,1,10,"MACD_Hist,EMA_26,RSI_14,MACD_Signal,OBV,MFI,SMA_20,BB_Width,MACD,Rolling_Volatility",MACD_Hist
TCS,2023-09-04,2023,1,Sideways,1,1.0,BUY,1,1,0.7956,BUY,1,10,"MACD_Hist,EMA_26,RSI_14,MACD_Signal,OBV,MFI,SMA_20,BB_Width,MACD,Rolling_Volatility",MACD_Hist
TCS,2023-09-05,2023,1,Sideways,1,0.517,NO TRADE,1,1,0.8714,BUY,1,10,"MACD_Hist,EMA_26,RSI_14,MACD_Signal,OBV,MFI,SMA_20,BB_Width,MACD,Rolling_Volatility",MACD_Hist
TCS,2023-09-06,2023,1,Sideways,1,0.5191,NO TRADE,1,1,0.8737,BUY,1,10,"MACD_Hist,EMA_26,RSI_14,MACD_Signal,OBV,MFI,SMA_20,BB_Width,MACD,Rolling_Volatility",MACD_Hist
TCS,2023-09-07,2023,1,Sideways,0,1.0,SELL,0,1,0.7949,BUY,1,10,"MACD_Hist,EMA_26,RSI_14,MACD_Signal,OBV,MFI,SMA_20,BB_Width,MACD,Rolling_Volatility",MACD_Hist
TCS,2023-09-08,2023,1,Sideways,1,0.5234,NO TRADE,1,1,0.822,BUY,1,10,"MACD_Hist,EMA_26,RSI_14,MACD_Signal,OBV,MFI,SMA_20,BB_Width,MACD,Rolling_Volatility",MACD_Hist
TCS,2023-09-11,2023,1,Sideways,1,0.5255,NO TRADE,1,1,0.6389,BUY,1,10,"MACD_Hist,EMA_26,RSI_14,MACD_Signal,OBV,MFI,SMA_20,BB_Width,MACD,Rolling_Volatility",MACD_Hist
TCS,2023-09-12,2023,0,Sideways,1,0.5276,NO TRADE,0,0,0.5114,NO TRADE,1,10,"MACD_Hist,EMA_26,RSI_14,MACD_Signal,OBV,MFI,SMA_20,BB_Width,MACD,Rolling_Volatility",MACD_Hist
TCS,2023-09-13,2023,1,Sideways,1,0.5253,NO TRADE,1,0,0.6419,SELL,0,10,"MACD,SMA_10,MACD_Hist,Rolling_Std_10,Volume_MA,BB_Width,OBV,BB_Upper,RSI_14,EMA_12",MACD
TCS,2023-09-14,2023,0,Sideways,1,0.5273,NO TRADE,0,0,0.6922,SELL,1,10,"MACD,SMA_10,MACD_Hist,Rolling_Std_10,Volume_MA,BB_Width,OBV,BB_Upper,RSI_14,EMA_12",MACD
TCS,2023-09-15,2023,0,Sideways,1,0.525,NO TRADE,0,0,0.8289,SELL,1,10,"MACD,SMA_10,MACD_Hist,Rolling_Std_10,Volume_MA,BB_Width,OBV,BB_Upper,RSI_14,EMA_12",MACD
TCS,2023-09-18,2023,0,Sideways,1,0.5228,NO TRADE,0,0,0.8974,SELL,1,10,"MACD,SMA_10,MACD_Hist,Rolling_Std_10,Volume_MA,BB_Width,OBV,BB_Upper,RSI_14,EMA_12",MACD
TCS,2023-09-20,2023,0,Sideways,0,1.0,SELL,1,0,0.9285,SELL,1,10,"MACD,SMA_10,MACD_Hist,Rolling_Std_10,Volume_MA,BB_Width,OBV,BB_Upper,RSI_14,EMA_12",MACD
TCS,2023-09-21,2023,0,Sideways,0,1.0,SELL,1,0,0.9156,SELL,1,10,"MACD,SMA_10,MACD_Hist,Rolling_Std_10,Volume_MA,BB_Width,OBV,BB_Upper,RSI_14,EMA_12",MACD
TCS,2023-09-22,2023,0,Sideways,0,1.0,SELL,1,0,0.9409,SELL,1,10,"MACD,SMA_10,MACD_Hist,Rolling_Std_10,Volume_MA,BB_Width,OBV,BB_Upper,RSI_14,EMA_12",MACD
TCS,2023-09-25,2023,0,Sideways,0,1.0,SELL,1,0,0.9119,SELL,1,10,"MACD,SMA_10,MACD_Hist,Rolling_Std_10,Volume_MA,BB_Width,OBV,BB_Upper,RSI_14,EMA_12",MACD
TCS,2023-09-26,2023,0,Sideways,0,1.0,SELL,1,0,0.9163,SELL,1,10,"MACD,SMA_10,MACD_Hist,Rolling_Std_10,Volume_MA,BB_Width,OBV,BB_Upper,RSI_14,EMA_12",MACD
TCS,2023-09-27,2023,0,Sideways,0,1.0,SELL,1,0,0.9356,SELL,1,10,"MACD,SMA_10,MACD_Hist,Rolling_Std_10,Volume_MA,BB_Width,OBV,BB_Upper,RSI_14,EMA_12",MACD
TCS,2023-09-28,2023,0,Sideways,0,1.0,SELL,1,0,0.8483,SELL,1,10,"MACD,SMA_10,MACD_Hist,Rolling_Std_10,Volume_MA,BB_Width,OBV,BB_Upper,RSI_14,EMA_12",MACD
TCS,2023-09-29,2023,0,Sideways,0,1.0,SELL,1,0,0.7832,SELL,1,10,"MACD,SMA_10,MACD_Hist,Rolling_Std_10,Volume_MA,BB_Width,OBV,BB_Upper,RSI_14,EMA_12",MACD
TCS,2023-10-03,2023,0,Sideways,0,1.0,SELL,1,0,0.7192,SELL,1,10,"MACD,SMA_10,MACD_Hist,Rolling_Std_10,Volume_MA,BB_Width,OBV,BB_Upper,RSI_14,EMA_12",MACD
TCS,2023-10-04,2023,0,Sideways,0,1.0,SELL,1,0,0.6874,SELL,1,10,"MACD,SMA_10,MACD_Hist,Rolling_Std_10,Volume_MA,BB_Width,OBV,BB_Upper,RSI_14,EMA_12",MACD
TCS,2023-10-05,2023,0,Sideways,0,1.0,SELL,1,0,0.7006,SELL,1,10,"MACD,SMA_10,MACD_Hist,Rolling_Std_10,Volume_MA,BB_Width,OBV,BB_Upper,RSI_14,EMA_12",MACD
TCS,2023-10-06,2023,0,Sideways,0,1.0,SELL,1,0,0.7307,SELL,1,10,"MACD,SMA_10,MACD_Hist,Rolling_Std_10,Volume_MA,BB_Width,OBV,BB_Upper,RSI_14,EMA_12",MACD
TCS,2023-10-09,2023,0,Sideways,0,1.0,SELL,1,0,0.7566,SELL,1,10,"MACD,SMA_10,MACD_Hist,Rolling_Std_10,Volume_MA,BB_Width,OBV,BB_Upper,RSI_14,EMA_12",MACD
TCS,2023-10-10,2023,0,Sideways,0,1.0,SELL,1,0,0.7115,SELL,1,10,"MACD,SMA_10,MACD_Hist,Rolling_Std_10,Volume_MA,BB_Width,OBV,BB_Upper,RSI_14,EMA_12",MACD
TCS,2023-10-11,2023,0,Sideways,0,1.0,SELL,1,0,0.6325,SELL,1,10,"MACD,SMA_10,MACD_Hist,Rolling_Std_10,Volume_MA,BB_Width,OBV,BB_Upper,RSI_14,EMA_12",MACD
TCS,2023-10-12,2023,0,Sideways,0,1.0,SELL,1,1,0.5278,NO TRADE,0,10,"MACD,SMA_10,MACD_Hist,Rolling_Std_10,Volume_MA,BB_Width,OBV,BB_Upper,RSI_14,EMA_12",MACD
TCS,2023-10-13,2023,0,Sideways,0,1.0,SELL,1,0,0.5126,NO TRADE,1,10,"MACD,SMA_10,MACD_Hist,Rolling_Std_10,Volume_MA,BB_Width,OBV,BB_Upper,RSI_14,EMA_12",MACD
TCS,2023-10-16,2023,0,Sideways,0,1.0,SELL,1,1,0.5592,BUY,0,10,"MACD,SMA_10,MACD_Hist,Rolling_Std_10,Volume_MA,BB_Width,OBV,BB_Upper,RSI_14,EMA_12",MACD
TCS,2023-10-17,2023,0,Sideways,0,1.0,SELL,1,1,0.5798,BUY,0,10,"MACD,SMA_10,MACD_Hist,Rolling_Std_10,Volume_MA,BB_Width,OBV,BB_Upper,RSI_14,EMA_12",MACD
TCS,2023-10-18,2023,1,Sideways,0,1.0,SELL,0,1,0.5975,BUY,1,10,"MACD,SMA_10,MACD_Hist,Rolling_Std_10,Volume_MA,BB_Width,OBV,BB_Upper,RSI_14,EMA_12",MACD
TCS,2023-10-19,2023,1,Sideways,0,0.9997,SELL,0,1,0.6064,BUY,1,10,"MACD,SMA_10,MACD_Hist,Rolling_Std_10,Volume_MA,BB_Width,OBV,BB_Upper,RSI_14,EMA_12",MACD
TCS,2023-10-20,2023,1,Sideways,1,0.9939,BUY,1,1,0.6447,BUY,1,10,"MACD,SMA_10,MACD_Hist,Rolling_Std_10,Volume_MA,BB_Width,OBV,BB_Upper,RSI_14,EMA_12",MACD
TCS,2023-10-23,2023,1,Sideways,0,1.0,SELL,0,1,0.6963,BUY,1,10,"MACD,SMA_10,MACD_Hist,Rolling_Std_10,Volume_MA,BB_Width,OBV,BB_Upper,RSI_14,EMA_12",MACD
TCS,2023-10-25,2023,1,Sideways,0,0.7076,SELL,0,1,0.7141,BUY,1,10,"MACD,SMA_10,MACD_Hist,Rolling_Std_10,Volume_MA,BB_Width,OBV,BB_Upper,RSI_14,EMA_12",MACD
TCS,2023-10-26,2023,1,Sideways,1,1.0,BUY,1,1,0.7104,BUY,1,10,"MACD,SMA_10,MACD_Hist,Rolling_Std_10,Volume_MA,BB_Width,OBV,BB_Upper,RSI_14,EMA_12",MACD
TCS,2023-10-27,2023,1,Sideways,1,1.0,BUY,1,1,0.7443,BUY,1,10,"MACD,SMA_10,MACD_Hist,Rolling_Std_10,Volume_MA,BB_Width,OBV,BB_Upper,RSI_14,EMA_12",MACD
TCS,2023-10-30,2023,1,Sideways,1,1.0,BUY,1,1,0.8662,BUY,1,10,"MACD_Hist,MACD,EMA_26,SMA_10,OBV,Return_5d,Rolling_Median_Return,SMA_20,BB_Upper,ADX",MACD_Hist
TCS,2023-10-31,2023,1,Sideways,1,1.0,BUY,1,1,0.9182,BUY,1,10,"MACD_Hist,MACD,EMA_26,SMA_10,OBV,Return_5d,Rolling_Median_Return,SMA_20,BB_Upper,ADX",MACD_Hist
TCS,2023-11-01,2023,1,Sideways,1,1.0,BUY,1,1,0.9306,BUY,1,10,"MACD_Hist,MACD,EMA_26,SMA_10,OBV,Return_5d,Rolling_Median_Return,SMA_20,BB_Upper,ADX",MACD_Hist
TCS,2023-11-02,2023,1,Sideways,1,1.0,BUY,1,1,0.9546,BUY,1,10,"MACD_Hist,MACD,EMA_26,SMA_10,OBV,Return_5d,Rolling_Median_Return,SMA_20,BB_Upper,ADX",MACD_Hist
TCS,2023-11-03,2023,1,Sideways,1,1.0,BUY,1,1,0.9526,BUY,1,10,"MACD_Hist,MACD,EMA_26,SMA_10,OBV,Return_5d,Rolling_Median_Return,SMA_20,BB_Upper,ADX",MACD_Hist
TCS,2023-11-06,2023,1,Sideways,1,1.0,BUY,1,1,0.9562,BUY,1,10,"MACD_Hist,MACD,EMA_26,SMA_10,OBV,Return_5d,Rolling_Median_Return,SMA_20,BB_Upper,ADX",MACD_Hist
TCS,2023-11-07,2023,1,Sideways,1,1.0,BUY,1,1,0.9601,BUY,1,10,"MACD_Hist,MACD,EMA_26,SMA_10,OBV,Return_5d,Rolling_Median_Return,SMA_20,BB_Upper,ADX",MACD_Hist
TCS,2023-11-08,2023,1,Sideways,1,1.0,BUY,1,1,0.9537,BUY,1,10,"MACD_Hist,MACD,EMA_26,SMA_10,OBV,Return_5d,Rolling_Median_Return,SMA_20,BB_Upper,ADX",MACD_Hist
TCS,2023-11-09,2023,1,Sideways,1,1.0,BUY,1,1,0.9438,BUY,1,10,"MACD_Hist,MACD,EMA_26,SMA_10,OBV,Return_5d,Rolling_Median_Return,SMA_20,BB_Upper,ADX",MACD_Hist
TCS,2023-11-10,2023,1,Sideways,1,1.0,BUY,1,1,0.9625,BUY,1,10,"MACD_Hist,MACD,EMA_26,SMA_10,OBV,Return_5d,Rolling_Median_Return,SMA_20,BB_Upper,ADX",MACD_Hist
TCS,2023-11-13,2023,1,Sideways,1,1.0,BUY,1,1,0.9594,BUY,1,10,"MACD_Hist,MACD,EMA_26,SMA_10,OBV,Return_5d,Rolling_Median_Return,SMA_20,BB_Upper,ADX",MACD_Hist
TCS,2023-11-15,2023,1,Sideways,1,1.0,BUY,1,1,0.968,BUY,1,10,"MACD_Hist,MACD,EMA_26,SMA_10,OBV,Return_5d,Rolling_Median_Return,SMA_20,BB_Upper,ADX",MACD_Hist
TCS,2023-11-16,2023,1,Sideways,1,1.0,BUY,1,1,0.9443,BUY,1,10,"MACD_Hist,MACD,EMA_26,SMA_10,OBV,Return_5d,Rolling_Median_Return,SMA_20,BB_Upper,ADX",MACD_Hist
TCS,2023-11-17,2023,1,Sideways,1,1.0,BUY,1,1,0.9461,BUY,1,10,"MACD_Hist,MACD,EMA_26,SMA_10,OBV,Return_5d,Rolling_Median_Return,SMA_20,BB_Upper,ADX",MACD_Hist
TCS,2023-11-20,2023,1,Sideways,1,1.0,BUY,1,1,0.9146,BUY,1,10,"MACD_Hist,MACD,EMA_26,SMA_10,OBV,Return_5d,Rolling_Median_Return,SMA_20,BB_Upper,ADX",MACD_Hist
TCS,2023-11-21,2023,1,Sideways,1,1.0,BUY,1,1,0.9341,BUY,1,10,"MACD_Hist,MACD,EMA_26,SMA_10,OBV,Return_5d,Rolling_Median_Return,SMA_20,BB_Upper,ADX",MACD_Hist
TCS,2023-11-22,2023,1,Sideways,1,1.0,BUY,1,1,0.8571,BUY,1,10,"MACD_Hist,MACD,EMA_26,SMA_10,OBV,Return_5d,Rolling_Median_Return,SMA_20,BB_Upper,ADX",MACD_Hist
TCS,2023-11-23,2023,1,Sideways,1,1.0,BUY,1,1,0.7915,BUY,1,10,"MACD_Hist,MACD,EMA_26,SMA_10,OBV,Return_5d,Rolling_Median_Return,SMA_20,BB_Upper,ADX",MACD_Hist
TCS,2023-11-24,2023,1,Sideways,1,1.0,BUY,1,1,0.7431,BUY,1,10,"MACD_Hist,MACD,EMA_26,SMA_10,OBV,Return_5d,Rolling_Median_Return,SMA_20,BB_Upper,ADX",MACD_Hist
TCS,2023-11-28,2023,1,Sideways,1,1.0,BUY,1,1,0.6577,BUY,1,10,"MACD_Hist,MACD,EMA_26,SMA_10,OBV,Return_5d,Rolling_Median_Return,SMA_20,BB_Upper,ADX",MACD_Hist
TCS,2023-11-29,2023,1,Sideways,1,1.0,BUY,1,1,0.6011,BUY,1,10,"MACD_Hist,MACD,EMA_26,SMA_10,OBV,Return_5d,Rolling_Median_Return,SMA_20,BB_Upper,ADX",MACD_Hist
TCS,2023-11-30,2023,1,Sideways,1,1.0,BUY,1,1,0.6636,BUY,1,10,"MACD_Hist,MACD,EMA_26,SMA_10,OBV,Return_5d,Rolling_Median_Return,SMA_20,BB_Upper,ADX",MACD_Hist
TCS,2023-12-01,2023,1,Sideways,1,1.0,BUY,1,1,0.7154,BUY,1,10,"MACD_Hist,MACD,EMA_26,SMA_10,OBV,Return_5d,Rolling_Median_Return,SMA_20,BB_Upper,ADX",MACD_Hist
TCS,2023-12-04,2023,1,Sideways,1,1.0,BUY,1,1,0.7824,BUY,1,10,"MACD_Hist,MACD,EMA_26,SMA_10,OBV,Return_5d,Rolling_Median_Return,SMA_20,BB_Upper,ADX",MACD_Hist
TCS,2023-12-05,2023,1,Sideways,1,1.0,BUY,1,1,0.7759,BUY,1,10,"MACD_Hist,MACD,EMA_26,SMA_10,OBV,Return_5d,Rolling_Median_Return,SMA_20,BB_Upper,ADX",MACD_Hist
TCS,2023-12-06,2023,1,Sideways,1,0.9866,BUY,1,1,0.6105,BUY,1,10,"MACD_Hist,MACD,EMA_26,SMA_10,OBV,Return_5d,Rolling_Median_Return,SMA_20,BB_Upper,ADX",MACD_Hist
TCS,2023-12-07,2023,1,Sideways,1,1.0,BUY,1,1,0.6787,BUY,1,10,"MACD_Hist,MACD,EMA_26,SMA_10,OBV,Return_5d,Rolling_Median_Return,SMA_20,BB_Upper,ADX",MACD_Hist
TCS,2023-12-08,2023,1,Sideways,1,0.9992,BUY,1,1,0.5985,BUY,1,10,"MACD_Hist,MACD,EMA_26,SMA_10,OBV,Return_5d,Rolling_Median_Return,SMA_20,BB_Upper,ADX",MACD_Hist
TCS,2023-12-11,2023,1,Sideways,0,0.5648,SELL,0,1,0.5212,NO TRADE,1,10,"MACD_Hist,MACD,EMA_26,SMA_10,OBV,Return_5d,Rolling_Median_Return,SMA_20,BB_Upper,ADX",MACD_Hist
TCS,2023-12-12,2023,1,Sideways,0,0.9998,SELL,0,0,0.5916,SELL,0,10,"MACD_Hist,MACD,EMA_26,SMA_10,OBV,Return_5d,Rolling_Median_Return,SMA_20,BB_Upper,ADX",MACD_Hist
TCS,2023-12-13,2023,1,Sideways,0,1.0,SELL,0,0,0.7707,SELL,0,10,"MACD_Hist,MACD,ADX,BB_Width,OBV,Return_5d,MFI,SMA_10,Rolling_Std_10,SMA_50",MACD_Hist
TCS,2023-12-14,2023,1,Sideways,0,0.9953,SELL,0,0,0.6971,SELL,0,10,"MACD_Hist,MACD,ADX,BB_Width,OBV,Return_5d,MFI,SMA_10,Rolling_Std_10,SMA_50",MACD_Hist
TCS,2023-12-15,2023,1,Sideways,0,0.8845,SELL,0,0,0.7218,SELL,0,10,"MACD_Hist,MACD,ADX,BB_Width,OBV,Return_5d,MFI,SMA_10,Rolling_Std_10,SMA_50",MACD_Hist
TCS,2023-12-18,2023,1,Sideways,0,0.8732,SELL,0,0,0.8891,SELL,0,10,"MACD_Hist,MACD,ADX,BB_Width,OBV,Return_5d,MFI,SMA_10,Rolling_Std_10,SMA_50",MACD_Hist
TCS,2023-12-19,2023,1,Sideways,0,1.0,SELL,0,0,0.9572,SELL,0,10,"MACD_Hist,MACD,ADX,BB_Width,OBV,Return_5d,MFI,SMA_10,Rolling_Std_10,SMA_50",MACD_Hist
TCS,2023-12-20,2023,1,Sideways,0,1.0,SELL,0,0,0.9438,SELL,0,10,"MACD_Hist,MACD,ADX,BB_Width,OBV,Return_5d,MFI,SMA_10,Rolling_Std_10,SMA_50",MACD_Hist
TCS,2023-12-21,2023,1,Sideways,0,0.9991,SELL,0,0,0.9666,SELL,0,10,"MACD_Hist,MACD,ADX,BB_Width,OBV,Return_5d,MFI,SMA_10,Rolling_Std_10,SMA_50",MACD_Hist
TCS,2023-12-22,2023,1,Sideways,0,0.999,SELL,0,0,0.9881,SELL,0,10,"MACD_Hist,MACD,ADX,BB_Width,OBV,Return_5d,MFI,SMA_10,Rolling_Std_10,SMA_50",MACD_Hist
TCS,2023-12-26,2023,1,Sideways,0,1.0,SELL,0,0,0.9854,SELL,0,10,"MACD_Hist,MACD,ADX,BB_Width,OBV,Return_5d,MFI,SMA_10,Rolling_Std_10,SMA_50",MACD_Hist
TCS,2023-12-27,2023,1,Sideways,0,1.0,SELL,0,0,0.9711,SELL,0,10,"MACD_Hist,MACD,ADX,BB_Width,OBV,Return_5d,MFI,SMA_10,Rolling_Std_10,SMA_50",MACD_Hist
TCS,2023-12-28,2023,1,Sideways,0,0.9992,SELL,0,0,0.9574,SELL,0,10,"MACD_Hist,MACD,ADX,BB_Width,OBV,Return_5d,MFI,SMA_10,Rolling_Std_10,SMA_50",MACD_Hist
TCS,2023-12-29,2023,1,Sideways,0,1.0,SELL,0,0,0.9461,SELL,0,10,"MACD_Hist,MACD,ADX,BB_Width,OBV,Return_5d,MFI,SMA_10,Rolling_Std_10,SMA_50",MACD_Hist
TCS,2024-01-01,2024,1,Sideways,0,1.0,SELL,0,0,0.9692,SELL,0,10,"MACD_Hist,MACD,ADX,BB_Width,OBV,Return_5d,MFI,SMA_10,Rolling_Std_10,SMA_50",MACD_Hist
TCS,2024-01-02,2024,1,Sideways,0,1.0,SELL,0,0,0.955,SELL,0,10,"MACD_Hist,MACD,ADX,BB_Width,OBV,Return_5d,MFI,SMA_10,Rolling_Std_10,SMA_50",MACD_Hist
TCS,2024-01-03,2024,1,Sideways,0,1.0,SELL,0,0,0.9578,SELL,0,10,"MACD_Hist,MACD,ADX,BB_Width,OBV,Return_5d,MFI,SMA_10,Rolling_Std_10,SMA_50",MACD_Hist
TCS,2024-01-04,2024,1,Sideways,0,1.0,SELL,0,0,0.9431,SELL,0,10,"MACD_Hist,MACD,ADX,BB_Width,OBV,Return_5d,MFI,SMA_10,Rolling_Std_10,SMA_50",MACD_Hist
TCS,2024-01-05,2024,1,Sideways,0,1.0,SELL,0,0,0.8537,SELL,0,10,"MACD_Hist,MACD,ADX,BB_Width,OBV,Return_5d,MFI,SMA_10,Rolling_Std_10,SMA_50",MACD_Hist
TCS,2024-01-08,2024,1,Sideways,0,1.0,SELL,0,0,0.8525,SELL,0,10,"MACD_Hist,MACD,ADX,BB_Width,OBV,Return_5d,MFI,SMA_10,Rolling_Std_10,SMA_50",MACD_Hist
TCS,2024-01-09,2024,1,Sideways,0,1.0,SELL,0,0,0.7964,SELL,0,10,"MACD_Hist,MACD,ADX,BB_Width,OBV,Return_5d,MFI,SMA_10,Rolling_Std_10,SMA_50",MACD_Hist
TCS,2024-01-10,2024,1,Sideways,0,1.0,SELL,0,0,0.6439,SELL,0,10,"MACD_Hist,MACD,ADX,BB_Width,OBV,Return_5d,MFI,SMA_10,Rolling_Std_10,SMA_50",MACD_Hist
TCS,2024-01-11,2024,1,Sideways,0,1.0,SELL,0,0,0.5137,NO TRADE,0,10,"MACD_Hist,MACD,ADX,BB_Width,OBV,Return_5d,MFI,SMA_10,Rolling_Std_10,SMA_50",MACD_Hist
TCS,2024-01-12,2024,1,Sideways,0,1.0,SELL,0,1,0.6158,BUY,1,10,"MACD_Hist,MACD,ADX,BB_Width,OBV,Return_5d,MFI,SMA_10,Rolling_Std_10,SMA_50",MACD_Hist
TCS,2024-01-15,2024,1,Sideways,0,1.0,SELL,0,1,0.7103,BUY,1,10,"MACD_Hist,MACD,ADX,BB_Width,OBV,Return_5d,MFI,SMA_10,Rolling_Std_10,SMA_50",MACD_Hist
TCS,2024-01-16,2024,1,Sideways,0,1.0,SELL,0,1,0.6191,BUY,1,10,"MACD_Hist,MACD,ADX,BB_Width,OBV,Return_5d,MFI,SMA_10,Rolling_Std_10,SMA_50",MACD_Hist
TCS,2024-01-17,2024,1,Sideways,0,1.0,SELL,0,1,0.5947,BUY,1,10,"MACD_Hist,MACD,ADX,BB_Width,OBV,Return_5d,MFI,SMA_10,Rolling_Std_10,SMA_50",MACD_Hist
TCS,2024-01-18,2024,1,Sideways,0,1.0,SELL,0,1,0.545,NO TRADE,1,10,"MACD_Hist,MACD,ADX,BB_Width,OBV,Return_5d,MFI,SMA_10,Rolling_Std_10,SMA_50",MACD_Hist
TCS,2024-01-19,2024,1,Sideways,0,1.0,SELL,0,0,0.6764,SELL,0,10,"MACD_Hist,MACD,ADX,BB_Width,OBV,Return_5d,MFI,SMA_10,Rolling_Std_10,SMA_50",MACD_Hist
TCS,2024-01-23,2024,1,Sideways,0,1.0,SELL,0,0,0.8035,SELL,0,10,"MACD_Hist,MACD,ADX,BB_Width,OBV,Return_5d,MFI,SMA_10,Rolling_Std_10,SMA_50",MACD_Hist
TCS,2024-01-24,2024,1,Sideways,0,1.0,SELL,0,0,0.7653,SELL,0,10,"MACD_Hist,MACD,ADX,BB_Width,OBV,Return_5d,MFI,SMA_10,Rolling_Std_10,SMA_50",MACD_Hist
TCS,2024-01-25,2024,1,Sideways,0,1.0,SELL,0,0,0.8044,SELL,0,10,"MACD_Hist,MACD,ADX,BB_Width,OBV,Return_5d,MFI,SMA_10,Rolling_Std_10,SMA_50",MACD_Hist
TCS,2024-01-29,2024,1,Sideways,0,1.0,SELL,0,0,0.8947,SELL,0,10,"SMA_50,OBV,SMA_10,BB_Width,MACD_Hist,ATR_14,Return_5d,BB_Upper,ADX,MACD",SMA_50
TCS,2024-01-30,2024,1,Sideways,0,1.0,SELL,0,0,0.9136,SELL,0,10,"SMA_50,OBV,SMA_10,BB_Width,MACD_Hist,ATR_14,Return_5d,BB_Upper,ADX,MACD",SMA_50
TCS,2024-01-31,2024,1,Sideways,0,1.0,SELL,0,0,0.8477,SELL,0,10,"SMA_50,OBV,SMA_10,BB_Width,MACD_Hist,ATR_14,Return_5d,BB_Upper,ADX,MACD",SMA_50
TCS,2024-02-01,2024,1,Sideways,0,1.0,SELL,0,0,0.7976,SELL,0,10,"SMA_50,OBV,SMA_10,BB_Width,MACD_Hist,ATR_14,Return_5d,BB_Upper,ADX,MACD",SMA_50
TCS,2024-02-02,2024,1,Sideways,0,1.0,SELL,0,0,0.6174,SELL,0,10,"SMA_50,OBV,SMA_10,BB_Width,MACD_Hist,ATR_14,Return_5d,BB_Upper,ADX,MACD",SMA_50
TCS,2024-02-05,2024,1,Sideways,0,1.0,SELL,0,0,0.5969,SELL,0,10,"SMA_50,OBV,SMA_10,BB_Width,MACD_Hist,ATR_14,Return_5d,BB_Upper,ADX,MACD",SMA_50
TCS,2024-02-06,2024,0,Sideways,0,1.0,SELL,1,1,0.6621,BUY,0,10,"SMA_50,OBV,SMA_10,BB_Width,MACD_Hist,ATR_14,Return_5d,BB_Upper,ADX,MACD",SMA_50
TCS,2024-02-07,2024,0,Sideways,0,1.0,SELL,1,0,0.706,SELL,1,10,"SMA_50,OBV,SMA_10,BB_Width,MACD_Hist,ATR_14,Return_5d,BB_Upper,ADX,MACD",SMA_50
TCS,2024-02-08,2024,0,Sideways,1,1.0,BUY,0,0,0.808,SELL,1,10,"SMA_50,OBV,SMA_10,BB_Width,MACD_Hist,ATR_14,Return_5d,BB_Upper,ADX,MACD",SMA_50
TCS,2024-02-09,2024,0,Sideways,0,0.6247,SELL,1,0,0.8912,SELL,1,10,"SMA_50,OBV,SMA_10,BB_Width,MACD_Hist,ATR_14,Return_5d,BB_Upper,ADX,MACD",SMA_50
TCS,2024-02-12,2024,1,Sideways,0,0.628,SELL,0,0,0.9138,SELL,0,10,"SMA_50,OBV,SMA_10,BB_Width,MACD_Hist,ATR_14,Return_5d,BB_Upper,ADX,MACD",SMA_50
TCS,2024-02-13,2024,0,Sideways,0,0.6226,SELL,1,0,0.9459,SELL,1,10,"SMA_50,OBV,SMA_10,BB_Width,MACD_Hist,ATR_14,Return_5d,BB_Upper,ADX,MACD",SMA_50
TCS,2024-02-14,2024,1,Sideways,0,0.6258,SELL,0,0,0.9556,SELL,0,10,"SMA_50,OBV,SMA_10,BB_Width,MACD_Hist,ATR_14,Return_5d,BB_Upper,ADX,MACD",SMA_50
TCS,2024-02-15,2024,1,Sideways,0,0.6205,SELL,0,0,0.9603,SELL,0,10,"SMA_50,OBV,SMA_10,BB_Width,MACD_Hist,ATR_14,Return_5d,BB_Upper,ADX,MACD",SMA_50
TCS,2024-02-16,2024,1,Sideways,0,0.6153,SELL,0,0,0.9527,SELL,0,10,"SMA_50,OBV,SMA_10,BB_Width,MACD_Hist,ATR_14,Return_5d,BB_Upper,ADX,MACD",SMA_50
TCS,2024-02-19,2024,0,Sideways,0,0.6102,SELL,1,0,0.9487,SELL,1,10,"SMA_50,OBV,SMA_10,BB_Width,MACD_Hist,ATR_14,Return_5d,BB_Upper,ADX,MACD",SMA_50
TCS,2024-02-20,2024,0,Sideways,0,0.6134,SELL,1,0,0.9706,SELL,1,10,"SMA_50,OBV,SMA_10,BB_Width,MACD_Hist,ATR_14,Return_5d,BB_Upper,ADX,MACD",SMA_50
TCS,2024-02-21,2024,0,Sideways,0,0.6166,SELL,1,0,0.9677,SELL,1,10,"SMA_50,OBV,SMA_10,BB_Width,MACD_Hist,ATR_14,Return_5d,BB_Upper,ADX,MACD",SMA_50
TCS,2024-02-22,2024,0,Sideways,0,0.6197,SELL,1,0,0.9452,SELL,1,10,"SMA_50,OBV,SMA_10,BB_Width,MACD_Hist,ATR_14,Return_5d,BB_Upper,ADX,MACD",SMA_50
TCS,2024-02-23,2024,0,Sideways,0,0.6227,SELL,1,0,0.9504,SELL,1,10,"SMA_50,OBV,SMA_10,BB_Width,MACD_Hist,ATR_14,Return_5d,BB_Upper,ADX,MACD",SMA_50
TCS,2024-02-26,2024,0,Sideways,0,0.6257,SELL,1,0,0.9422,SELL,1,10,"SMA_50,OBV,SMA_10,BB_Width,MACD_Hist,ATR_14,Return_5d,BB_Upper,ADX,MACD",SMA_50
TCS,2024-02-27,2024,0,Sideways,0,0.6287,SELL,1,0,0.8463,SELL,1,10,"SMA_50,OBV,SMA_10,BB_Width,MACD_Hist,ATR_14,Return_5d,BB_Upper,ADX,MACD",SMA_50
TCS,2024-02-28,2024,0,Sideways,0,0.6316,SELL,1,0,0.7803,SELL,1,10,"SMA_50,OBV,SMA_10,BB_Width,MACD_Hist,ATR_14,Return_5d,BB_Upper,ADX,MACD",SMA_50
TCS,2024-02-29,2024,0,Sideways,0,0.6345,SELL,1,0,0.796,SELL,1,10,"SMA_50,OBV,SMA_10,BB_Width,MACD_Hist,ATR_14,Return_5d,BB_Upper,ADX,MACD",SMA_50
TCS,2024-03-01,2024,0,Sideways,0,0.6373,SELL,1,0,0.7501,SELL,1,10,"SMA_50,OBV,SMA_10,BB_Width,MACD_Hist,ATR_14,Return_5d,BB_Upper,ADX,MACD",SMA_50
TCS,2024-03-04,2024,0,Sideways,0,0.6401,SELL,1,0,0.6919,SELL,1,10,"SMA_50,OBV,SMA_10,BB_Width,MACD_Hist,ATR_14,Return_5d,BB_Upper,ADX,MACD",SMA_50
TCS,2024-03-05,2024,0,Sideways,1,1.0,BUY,0,0,0.8039,SELL,1,10,"SMA_50,OBV,SMA_10,BB_Width,MACD_Hist,ATR_14,Return_5d,BB_Upper,ADX,MACD",SMA_50
TCS,2024-03-06,2024,0,Sideways,0,1.0,SELL,1,0,0.7565,SELL,1,10,"SMA_50,OBV,SMA_10,BB_Width,MACD_Hist,ATR_14,Return_5d,BB_Upper,ADX,MACD",SMA_50
TCS,2024-03-07,2024,0,Sideways,0,1.0,SELL,1,0,0.6725,SELL,1,10,"SMA_50,OBV,SMA_10,BB_Width,MACD_Hist,ATR_14,Return_5d,BB_Upper,ADX,MACD",SMA_50
TCS,2024-03-11,2024,0,Sideways,0,1.0,SELL,1,0,0.6478,SELL,1,10,"SMA_50,OBV,SMA_10,BB_Width,MACD_Hist,ATR_14,Return_5d,BB_Upper,ADX,MACD",SMA_50
TCS,2024-03-12,2024,0,Sideways,0,1.0,SELL,1,0,0.8263,SELL,1,10,"SMA_10,SMA_20,OBV,MACD,BB_Width,SMA_50,MACD_Hist,ROC,Rolling_Median_Return,BB_Upper",SMA_10
TCS,2024-03-13,2024,0,Sideways,0,1.0,SELL,1,0,0.738,SELL,1,10,"SMA_10,SMA_20,OBV,MACD,BB_Width,SMA_50,MACD_Hist,ROC,Rolling_Median_Return,BB_Upper",SMA_10
TCS,2024-03-14,2024,0,Sideways,0,1.0,SELL,1,0,0.7804,SELL,1,10,"SMA_10,SMA_20,OBV,MACD,BB_Width,SMA_50,MACD_Hist,ROC,Rolling_Median_Return,BB_Upper",SMA_10
TCS,2024-03-15,2024,0,Sideways,0,1.0,SELL,1,0,0.8568,SELL,1,10,"SMA_10,SMA_20,OBV,MACD,BB_Width,SMA_50,MACD_Hist,ROC,Rolling_Median_Return,BB_Upper",SMA_10
TCS,2024-03-18,2024,0,Sideways,0,0.6428,SELL,1,0,0.8532,SELL,1,10,"SMA_10,SMA_20,OBV,MACD,BB_Width,SMA_50,MACD_Hist,ROC,Rolling_Median_Return,BB_Upper",SMA_10
TCS,2024-03-19,2024,0,Sideways,0,0.6455,SELL,1,0,0.809,SELL,1,10,"SMA_10,SMA_20,OBV,MACD,BB_Width,SMA_50,MACD_Hist,ROC,Rolling_Median_Return,BB_Upper",SMA_10
TCS,2024-03-20,2024,0,Sideways,0,0.6482,SELL,1,0,0.8127,SELL,1,10,"SMA_10,SMA_20,OBV,MACD,BB_Width,SMA_50,MACD_Hist,ROC,Rolling_Median_Return,BB_Upper",SMA_10
TCS,2024-03-21,2024,0,Sideways,0,0.6508,SELL,1,0,0.7225,SELL,1,10,"SMA_10,SMA_20,OBV,MACD,BB_Width,SMA_50,MACD_Hist,ROC,Rolling_Median_Return,BB_Upper",SMA_10
TCS,2024-03-22,2024,0,Sideways,0,0.6534,SELL,1,0,0.5653,SELL,1,10,"SMA_10,SMA_20,OBV,MACD,BB_Width,SMA_50,MACD_Hist,ROC,Rolling_Median_Return,BB_Upper",SMA_10
TCS,2024-03-26,2024,0,Sideways,1,1.0,BUY,0,1,0.5918,BUY,0,10,"SMA_10,SMA_20,OBV,MACD,BB_Width,SMA_50,MACD_Hist,ROC,Rolling_Median_Return,BB_Upper",SMA_10
TCS,2024-03-27,2024,1,Sideways,0,1.0,SELL,0,1,0.5638,BUY,1,10,"SMA_10,SMA_20,OBV,MACD,BB_Width,SMA_50,MACD_Hist,ROC,Rolling_Median_Return,BB_Upper",SMA_10
TCS,2024-03-28,2024,0,Sideways,1,0.6236,BUY,0,1,0.684,BUY,0,10,"SMA_10,SMA_20,OBV,MACD,BB_Width,SMA_50,MACD_Hist,ROC,Rolling_Median_Return,BB_Upper",SMA_10
TCS,2024-04-01,2024,0,Sideways,1,0.6224,BUY,0,1,0.6525,BUY,0,10,"SMA_10,SMA_20,OBV,MACD,BB_Width,SMA_50,MACD_Hist,ROC,Rolling_Median_Return,BB_Upper",SMA_10
TCS,2024-04-02,2024,0,Sideways,0,1.0,SELL,1,1,0.5892,BUY,0,10,"SMA_10,SMA_20,OBV,MACD,BB_Width,SMA_50,MACD_Hist,ROC,Rolling_Median_Return,BB_Upper",SMA_10
TCS,2024-04-03,2024,0,Sideways,1,0.6213,BUY,0,1,0.6054,BUY,0,10,"SMA_10,SMA_20,OBV,MACD,BB_Width,SMA_50,MACD_Hist,ROC,Rolling_Median_Return,BB_Upper",SMA_10
TCS,2024-04-04,2024,0,Sideways,1,0.6202,BUY,0,1,0.6083,BUY,0,10,"SMA_10,SMA_20,OBV,MACD,BB_Width,SMA_50,MACD_Hist,ROC,Rolling_Median_Return,BB_Upper",SMA_10
TCS,2024-04-05,2024,0,Sideways,1,0.6191,BUY,0,1,0.6113,BUY,0,10,"SMA_10,SMA_20,OBV,MACD,BB_Width,SMA_50,MACD_Hist,ROC,Rolling_Median_Return,BB_Upper",SMA_10
TCS,2024-04-08,2024,0,Sideways,1,0.618,BUY,0,1,0.5923,BUY,0,10,"SMA_10,SMA_20,OBV,MACD,BB_Width,SMA_50,MACD_Hist,ROC,Rolling_Median_Return,BB_Upper",SMA_10
TCS,2024-04-09,2024,0,Sideways,1,0.6169,BUY,0,1,0.587,BUY,0,10,"SMA_10,SMA_20,OBV,MACD,BB_Width,SMA_50,MACD_Hist,ROC,Rolling_Median_Return,BB_Upper",SMA_10
TCS,2024-04-10,2024,0,Sideways,1,0.6159,BUY,0,0,0.5792,SELL,1,10,"SMA_10,SMA_20,OBV,MACD,BB_Width,SMA_50,MACD_Hist,ROC,Rolling_Median_Return,BB_Upper",SMA_10
TCS,2024-04-12,2024,0,Sideways,1,0.6148,BUY,0,0,0.7251,SELL,1,10,"SMA_10,SMA_20,OBV,MACD,BB_Width,SMA_50,MACD_Hist,ROC,Rolling_Median_Return,BB_Upper",SMA_10
TCS,2024-04-15,2024,0,Sideways,1,0.6137,BUY,0,1,0.5309,NO TRADE,0,10,"SMA_10,SMA_20,OBV,MACD,BB_Width,SMA_50,MACD_Hist,ROC,Rolling_Median_Return,BB_Upper",SMA_10
TCS,2024-04-16,2024,1,Sideways,1,0.6126,BUY,1,1,0.6614,BUY,1,10,"SMA_10,SMA_20,OBV,MACD,BB_Width,SMA_50,MACD_Hist,ROC,Rolling_Median_Return,BB_Upper",SMA_10
TCS,2024-04-18,2024,0,Sideways,1,0.6133,BUY,0,1,0.7538,BUY,0,10,"SMA_10,SMA_20,OBV,MACD,BB_Width,SMA_50,MACD_Hist,ROC,Rolling_Median_Return,BB_Upper",SMA_10
TCS,2024-04-19,2024,1,Sideways,1,0.6122,BUY,1,1,0.805,BUY,1,10,"SMA_10,SMA_20,OBV,MACD,BB_Width,SMA_50,MACD_Hist,ROC,Rolling_Median_Return,BB_Upper",SMA_10
TCS,2024-04-22,2024,0,Sideways,0,1.0,SELL,1,1,0.8231,BUY,0,10,"SMA_10,SMA_20,OBV,MACD,BB_Width,SMA_50,MACD_Hist,ROC,Rolling_Median_Return,BB_Upper",SMA_10
TCS,2024-04-23,2024,1,Sideways,0,1.0,SELL,0,1,0.8226,BUY,1,10,"SMA_10,SMA_20,OBV,MACD,BB_Width,SMA_50,MACD_Hist,ROC,Rolling_Median_Return,BB_Upper",SMA_10
TCS,2024-04-24,2024,1,Sideways,0,1.0,SELL,0,1,0.8388,BUY,1,10,"SMA_10,SMA_20,OBV,MACD,BB_Width,SMA_50,MACD_Hist,ROC,Rolling_Median_Return,BB_Upper",SMA_10
TCS,2024-04-25,2024,1,Sideways,0,1.0,SELL,0,1,0.8349,BUY,1,10,"SMA_10,SMA_20,OBV,MACD,BB_Width,SMA_50,MACD_Hist,ROC,Rolling_Median_Return,BB_Upper",SMA_10
TCS,2024-04-26,2024,1,Sideways,0,1.0,SELL,0,1,0.8559,BUY,1,10,"SMA_10,SMA_20,OBV,MACD,BB_Width,SMA_50,MACD_Hist,ROC,Rolling_Median_Return,BB_Upper",SMA_10
TCS,2024-04-29,2024,0,Sideways,0,0.9992,SELL,1,1,0.9295,BUY,0,10,"EMA_26,SMA_20,SMA_50,EMA_12,BB_Width,OBV,Rolling_Volatility,MACD,ATR_14,SMA_10",EMA_26
TCS,2024-04-30,2024,0,Sideways,1,0.9263,BUY,0,1,0.8785,BUY,0,10,"EMA_26,SMA_20,SMA_50,EMA_12,BB_Width,OBV,Rolling_Volatility,MACD,ATR_14,SMA_10",EMA_26
TCS,2024-05-02,2024,0,Sideways,1,0.9053,BUY,0,1,0.7951,BUY,0,10,"EMA_26,SMA_20,SMA_50,EMA_12,BB_Width,OBV,Rolling_Volatility,MACD,ATR_14,SMA_10",EMA_26
TCS,2024-05-03,2024,0,Sideways,1,1.0,BUY,0,1,0.7158,BUY,0,10,"EMA_26,SMA_20,SMA_50,EMA_12,BB_Width,OBV,Rolling_Volatility,MACD,ATR_14,SMA_10",EMA_26
TCS,2024-05-06,2024,0,Sideways,0,1.0,SELL,1,1,0.6087,BUY,0,10,"EMA_26,SMA_20,SMA_50,EMA_12,BB_Width,OBV,Rolling_Volatility,MACD,ATR_14,SMA_10",EMA_26
TCS,2024-05-07,2024,0,Sideways,0,1.0,SELL,1,1,0.5403,NO TRADE,0,10,"EMA_26,SMA_20,SMA_50,EMA_12,BB_Width,OBV,Rolling_Volatility,MACD,ATR_14,SMA_10",EMA_26
TCS,2024-05-08,2024,0,Sideways,0,1.0,SELL,1,1,0.5128,NO TRADE,0,10,"EMA_26,SMA_20,SMA_50,EMA_12,BB_Width,OBV,Rolling_Volatility,MACD,ATR_14,SMA_10",EMA_26
TCS,2024-05-09,2024,0,Sideways,0,1.0,SELL,1,0,0.5207,NO TRADE,1,10,"EMA_26,SMA_20,SMA_50,EMA_12,BB_Width,OBV,Rolling_Volatility,MACD,ATR_14,SMA_10",EMA_26
TCS,2024-05-10,2024,0,Sideways,1,1.0,BUY,0,0,0.5783,SELL,1,10,"EMA_26,SMA_20,SMA_50,EMA_12,BB_Width,OBV,Rolling_Volatility,MACD,ATR_14,SMA_10",EMA_26
TCS,2024-05-13,2024,0,Sideways,0,1.0,SELL,1,0,0.6151,SELL,1,10,"EMA_26,SMA_20,SMA_50,EMA_12,BB_Width,OBV,Rolling_Volatility,MACD,ATR_14,SMA_10",EMA_26
TCS,2024-05-14,2024,0,Sideways,0,1.0,SELL,1,0,0.6248,SELL,1,10,"EMA_26,SMA_20,SMA_50,EMA_12,BB_Width,OBV,Rolling_Volatility,MACD,ATR_14,SMA_10",EMA_26
TCS,2024-05-15,2024,1,Sideways,1,1.0,BUY,1,0,0.6273,SELL,0,10,"EMA_26,SMA_20,SMA_50,EMA_12,BB_Width,OBV,Rolling_Volatility,MACD,ATR_14,SMA_10",EMA_26
TCS,2024-05-16,2024,0,Sideways,0,1.0,SELL,1,0,0.5854,SELL,1,10,"EMA_26,SMA_20,SMA_50,EMA_12,BB_Width,OBV,Rolling_Volatility,MACD,ATR_14,SMA_10",EMA_26
TCS,2024-05-17,2024,0,Sideways,0,1.0,SELL,1,0,0.6411,SELL,1,10,"EMA_26,SMA_20,SMA_50,EMA_12,BB_Width,OBV,Rolling_Volatility,MACD,ATR_14,SMA_10",EMA_26
TCS,2024-05-21,2024,0,Sideways,0,1.0,SELL,1,0,0.652,SELL,1,10,"EMA_26,SMA_20,SMA_50,EMA_12,BB_Width,OBV,Rolling_Volatility,MACD,ATR_14,SMA_10",EMA_26
TCS,2024-05-22,2024,0,Sideways,0,1.0,SELL,1,0,0.6724,SELL,1,10,"EMA_26,SMA_20,SMA_50,EMA_12,BB_Width,OBV,Rolling_Volatility,MACD,ATR_14,SMA_10",EMA_26
TCS,2024-05-23,2024,0,Sideways,0,1.0,SELL,1,0,0.7259,SELL,1,10,"EMA_26,SMA_20,SMA_50,EMA_12,BB_Width,OBV,Rolling_Volatility,MACD,ATR_14,SMA_10",EMA_26
TCS,2024-05-24,2024,0,Sideways,0,1.0,SELL,1,0,0.7471,SELL,1,10,"EMA_26,SMA_20,SMA_50,EMA_12,BB_Width,OBV,Rolling_Volatility,MACD,ATR_14,SMA_10",EMA_26
TCS,2024-05-27,2024,0,Sideways,0,1.0,SELL,1,0,0.7704,SELL,1,10,"EMA_26,SMA_20,SMA_50,EMA_12,BB_Width,OBV,Rolling_Volatility,MACD,ATR_14,SMA_10",EMA_26
TCS,2024-05-28,2024,1,Sideways,0,1.0,SELL,0,0,0.7837,SELL,0,10,"EMA_26,SMA_20,SMA_50,EMA_12,BB_Width,OBV,Rolling_Volatility,MACD,ATR_14,SMA_10",EMA_26
TCS,2024-05-29,2024,1,Sideways,0,1.0,SELL,0,0,0.759,SELL,0,10,"EMA_26,SMA_20,SMA_50,EMA_12,BB_Width,OBV,Rolling_Volatility,MACD,ATR_14,SMA_10",EMA_26
TCS,2024-05-30,2024,1,Sideways,0,1.0,SELL,0,0,0.7598,SELL,0,10,"EMA_26,SMA_20,SMA_50,EMA_12,BB_Width,OBV,Rolling_Volatility,MACD,ATR_14,SMA_10",EMA_26
TCS,2024-05-31,2024,1,Sideways,1,1.0,BUY,1,0,0.7607,SELL,0,10,"EMA_26,SMA_20,SMA_50,EMA_12,BB_Width,OBV,Rolling_Volatility,MACD,ATR_14,SMA_10",EMA_26
TCS,2024-06-03,2024,1,Sideways,1,1.0,BUY,1,0,0.7379,SELL,0,10,"EMA_26,SMA_20,SMA_50,EMA_12,BB_Width,OBV,Rolling_Volatility,MACD,ATR_14,SMA_10",EMA_26
TCS,2024-06-04,2024,1,Sideways,1,1.0,BUY,1,0,0.7043,SELL,0,10,"EMA_26,SMA_20,SMA_50,EMA_12,BB_Width,OBV,Rolling_Volatility,MACD,ATR_14,SMA_10",EMA_26
TCS,2024-06-05,2024,1,Sideways,1,1.0,BUY,1,0,0.6781,SELL,0,10,"EMA_26,SMA_20,SMA_50,EMA_12,BB_Width,OBV,Rolling_Volatility,MACD,ATR_14,SMA_10",EMA_26
TCS,2024-06-06,2024,1,Sideways,1,1.0,BUY,1,0,0.7104,SELL,0,10,"EMA_26,SMA_20,SMA_50,EMA_12,BB_Width,OBV,Rolling_Volatility,MACD,ATR_14,SMA_10",EMA_26
TCS,2024-06-07,2024,1,Sideways,1,1.0,BUY,1,0,0.7154,SELL,0,10,"EMA_26,SMA_20,SMA_50,EMA_12,BB_Width,OBV,Rolling_Volatility,MACD,ATR_14,SMA_10",EMA_26
TCS,2024-06-10,2024,1,Sideways,1,1.0,BUY,1,0,0.6864,SELL,0,10,"EMA_26,SMA_20,SMA_50,EMA_12,BB_Width,OBV,Rolling_Volatility,MACD,ATR_14,SMA_10",EMA_26
TCS,2024-06-11,2024,1,Sideways,1,1.0,BUY,1,0,0.6496,SELL,0,10,"EMA_26,SMA_20,SMA_50,EMA_12,BB_Width,OBV,Rolling_Volatility,MACD,ATR_14,SMA_10",EMA_26
TCS,2024-06-12,2024,1,Sideways,1,1.0,BUY,1,1,0.7237,BUY,1,10,"EMA_12,EMA_26,MACD,SMA_50,ATR_14,ADX,SMA_10,SMA_20,OBV,Rolling_Median_Return",EMA_12
TCS,2024-06-13,2024,1,Sideways,0,1.0,SELL,0,1,0.5345,NO TRADE,1,10,"EMA_12,EMA_26,MACD,SMA_50,ATR_14,ADX,SMA_10,SMA_20,OBV,Rolling_Median_Return",EMA_12
TCS,2024-06-14,2024,1,Sideways,0,1.0,SELL,0,1,0.5685,BUY,1,10,"EMA_12,EMA_26,MACD,SMA_50,ATR_14,ADX,SMA_10,SMA_20,OBV,Rolling_Median_Return",EMA_12
TCS,2024-06-18,2024,1,Sideways,0,0.9994,SELL,0,1,0.762,BUY,1,10,"EMA_12,EMA_26,MACD,SMA_50,ATR_14,ADX,SMA_10,SMA_20,OBV,Rolling_Median_Return",EMA_12
TCS,2024-06-19,2024,1,Sideways,1,1.0,BUY,1,1,0.8079,BUY,1,10,"EMA_12,EMA_26,MACD,SMA_50,ATR_14,ADX,SMA_10,SMA_20,OBV,Rolling_Median_Return",EMA_12
TCS,2024-06-20,2024,1,Sideways,1,1.0,BUY,1,1,0.8212,BUY,1,10,"EMA_12,EMA_26,MACD,SMA_50,ATR_14,ADX,SMA_10,SMA_20,OBV,Rolling_Median_Return",EMA_12
TCS,2024-06-21,2024,1,Sideways,1,1.0,BUY,1,1,0.8403,BUY,1,10,"EMA_12,EMA_26,MACD,SMA_50,ATR_14,ADX,SMA_10,SMA_20,OBV,Rolling_Median_Return",EMA_12
TCS,2024-06-24,2024,1,Sideways,0,0.9975,SELL,0,1,0.861,BUY,1,10,"EMA_12,EMA_26,MACD,SMA_50,ATR_14,ADX,SMA_10,SMA_20,OBV,Rolling_Median_Return",EMA_12
TCS,2024-06-25,2024,1,Sideways,1,0.995,BUY,1,1,0.8757,BUY,1,10,"EMA_12,EMA_26,MACD,SMA_50,ATR_14,ADX,SMA_10,SMA_20,OBV,Rolling_Median_Return",EMA_12
TCS,2024-06-26,2024,1,Sideways,1,1.0,BUY,1,1,0.8789,BUY,1,10,"EMA_12,EMA_26,MACD,SMA_50,ATR_14,ADX,SMA_10,SMA_20,OBV,Rolling_Median_Return",EMA_12
TCS,2024-06-27,2024,1,Sideways,1,0.8497,BUY,1,1,0.7725,BUY,1,10,"EMA_12,EMA_26,MACD,SMA_50,ATR_14,ADX,SMA_10,SMA_20,OBV,Rolling_Median_Return",EMA_12
TCS,2024-06-28,2024,1,Sideways,1,1.0,BUY,1,1,0.822,BUY,1,10,"EMA_12,EMA_26,MACD,SMA_50,ATR_14,ADX,SMA_10,SMA_20,OBV,Rolling_Median_Return",EMA_12
TCS,2024-07-01,2024,1,Sideways,0,0.7627,SELL,0,1,0.6698,BUY,1,10,"EMA_12,EMA_26,MACD,SMA_50,ATR_14,ADX,SMA_10,SMA_20,OBV,Rolling_Median_Return",EMA_12
TCS,2024-07-02,2024,1,Sideways,1,0.975,BUY,1,1,0.5029,NO TRADE,1,10,"EMA_12,EMA_26,MACD,SMA_50,ATR_14,ADX,SMA_10,SMA_20,OBV,Rolling_Median_Return",EMA_12
TCS,2024-07-03,2024,1,Sideways,0,0.7102,SELL,0,0,0.5234,NO TRADE,0,10,"EMA_12,EMA_26,MACD,SMA_50,ATR_14,ADX,SMA_10,SMA_20,OBV,Rolling_Median_Return",EMA_12
TCS,2024-07-04,2024,1,Sideways,0,0.6101,SELL,0,0,0.6109,SELL,0,10,"EMA_12,EMA_26,MACD,SMA_50,ATR_14,ADX,SMA_10,SMA_20,OBV,Rolling_Median_Return",EMA_12
TCS,2024-07-05,2024,1,Sideways,0,0.7322,SELL,0,0,0.5868,SELL,0,10,"EMA_12,EMA_26,MACD,SMA_50,ATR_14,ADX,SMA_10,SMA_20,OBV,Rolling_Median_Return",EMA_12
TCS,2024-07-08,2024,1,Sideways,0,0.9515,SELL,0,0,0.5946,SELL,0,10,"EMA_12,EMA_26,MACD,SMA_50,ATR_14,ADX,SMA_10,SMA_20,OBV,Rolling_Median_Return",EMA_12
TCS,2024-07-09,2024,1,Sideways,0,0.9735,SELL,0,1,0.5401,NO TRADE,1,10,"EMA_12,EMA_26,MACD,SMA_50,ATR_14,ADX,SMA_10,SMA_20,OBV,Rolling_Median_Return",EMA_12
TCS,2024-07-10,2024,1,Sideways,0,1.0,SELL,0,1,0.6284,BUY,1,10,"EMA_12,EMA_26,MACD,SMA_50,ATR_14,ADX,SMA_10,SMA_20,OBV,Rolling_Median_Return",EMA_12
TCS,2024-07-11,2024,1,Sideways,0,0.9999,SELL,0,1,0.6684,BUY,1,10,"EMA_12,EMA_26,MACD,SMA_50,ATR_14,ADX,SMA_10,SMA_20,OBV,Rolling_Median_Return",EMA_12
TCS,2024-07-12,2024,1,Sideways,0,0.6559,SELL,0,1,0.5304,NO TRADE,1,10,"EMA_12,EMA_26,MACD,SMA_50,ATR_14,ADX,SMA_10,SMA_20,OBV,Rolling_Median_Return",EMA_12
TCS,2024-07-15,2024,1,Sideways,1,0.6129,BUY,1,1,0.5122,NO TRADE,1,10,"EMA_12,EMA_26,MACD,SMA_50,ATR_14,ADX,SMA_10,SMA_20,OBV,Rolling_Median_Return",EMA_12
TCS,2024-07-16,2024,1,Sideways,1,0.6136,BUY,1,0,0.5326,NO TRADE,0,10,"EMA_12,EMA_26,MACD,SMA_50,ATR_14,ADX,SMA_10,SMA_20,OBV,Rolling_Median_Return",EMA_12
TCS,2024-07-18,2024,1,Sideways,1,0.6142,BUY,1,0,0.6126,SELL,0,10,"EMA_12,EMA_26,MACD,SMA_50,ATR_14,ADX,SMA_10,SMA_20,OBV,Rolling_Median_Return",EMA_12
TCS,2024-07-19,2024,1,Sideways,1,0.6149,BUY,1,0,0.6294,SELL,0,10,"EMA_12,EMA_26,MACD,SMA_50,ATR_14,ADX,SMA_10,SMA_20,OBV,Rolling_Median_Return",EMA_12
TCS,2024-07-22,2024,1,Sideways,1,0.6156,BUY,1,0,0.6506,SELL,0,10,"EMA_12,EMA_26,MACD,SMA_50,ATR_14,ADX,SMA_10,SMA_20,OBV,Rolling_Median_Return",EMA_12
TCS,2024-07-23,2024,1,Sideways,1,0.6162,BUY,1,0,0.6976,SELL,0,10,"EMA_12,EMA_26,MACD,SMA_50,ATR_14,ADX,SMA_10,SMA_20,OBV,Rolling_Median_Return",EMA_12
TCS,2024-07-24,2024,1,Sideways,1,0.6169,BUY,1,0,0.7281,SELL,0,10,"EMA_12,EMA_26,MACD,SMA_50,ATR_14,ADX,SMA_10,SMA_20,OBV,Rolling_Median_Return",EMA_12
TCS,2024-07-25,2024,1,Sideways,1,0.6176,BUY,1,0,0.77,SELL,0,10,"EMA_12,EMA_26,MACD,SMA_50,ATR_14,ADX,SMA_10,SMA_20,OBV,Rolling_Median_Return",EMA_12
TCS,2024-07-26,2024,1,Sideways,1,0.6182,BUY,1,0,0.9794,SELL,0,10,"BB_Upper,ADX,BB_Width,MACD,SMA_50,EMA_12,OBV,ATR_14,Rolling_Volatility,SMA_20",BB_Upper
TCS,2024-07-29,2024,1,Sideways,1,0.6189,BUY,1,0,0.8706,SELL,0,10,"BB_Upper,ADX,BB_Width,MACD,SMA_50,EMA_12,OBV,ATR_14,Rolling_Volatility,SMA_20",BB_Upper
TCS,2024-07-30,2024,1,Sideways,1,0.6195,BUY,1,0,0.5136,NO TRADE,0,10,"BB_Upper,ADX,BB_Width,MACD,SMA_50,EMA_12,OBV,ATR_14,Rolling_Volatility,SMA_20",BB_Upper
TCS,2024-07-31,2024,1,Sideways,1,0.6202,BUY,1,1,0.7839,BUY,1,10,"BB_Upper,ADX,BB_Width,MACD,SMA_50,EMA_12,OBV,ATR_14,Rolling_Volatility,SMA_20",BB_Upper
TCS,2024-08-01,2024,1,Sideways,1,0.6208,BUY,1,1,0.8869,BUY,1,10,"BB_Upper,ADX,BB_Width,MACD,SMA_50,EMA_12,OBV,ATR_14,Rolling_Volatility,SMA_20",BB_Upper
TCS,2024-08-02,2024,1,Sideways,1,0.6215,BUY,1,1,0.9256,BUY,1,10,"BB_Upper,ADX,BB_Width,MACD,SMA_50,EMA_12,OBV,ATR_14,Rolling_Volatility,SMA_20",BB_Upper
TCS,2024-08-05,2024,1,Sideways,1,0.6221,BUY,1,1,0.9355,BUY,1,10,"BB_Upper,ADX,BB_Width,MACD,SMA_50,EMA_12,OBV,ATR_14,Rolling_Volatility,SMA_20",BB_Upper
TCS,2024-08-06,2024,1,Sideways,1,0.6228,BUY,1,1,0.9226,BUY,1,10,"BB_Upper,ADX,BB_Width,MACD,SMA_50,EMA_12,OBV,ATR_14,Rolling_Volatility,SMA_20",BB_Upper
TCS,2024-08-07,2024,1,Sideways,1,0.6234,BUY,1,1,0.9013,BUY,1,10,"BB_Upper,ADX,BB_Width,MACD,SMA_50,EMA_12,OBV,ATR_14,Rolling_Volatility,SMA_20",BB_Upper
TCS,2024-08-08,2024,1,Sideways,1,0.6241,BUY,1,1,0.8202,BUY,1,10,"BB_Upper,ADX,BB_Width,MACD,SMA_50,EMA_12,OBV,ATR_14,Rolling_Volatility,SMA_20",BB_Upper
TCS,2024-08-09,2024,1,Sideways,1,0.6247,BUY,1,1,0.7837,BUY,1,10,"BB_Upper,ADX,BB_Width,MACD,SMA_50,EMA_12,OBV,ATR_14,Rolling_Volatility,SMA_20",BB_Upper
TCS,2024-08-12,2024,1,Sideways,0,0.6511,SELL,0,1,0.5523,BUY,1,10,"BB_Upper,ADX,BB_Width,MACD,SMA_50,EMA_12,OBV,ATR_14,Rolling_Volatility,SMA_20",BB_Upper
TCS,2024-08-13,2024,1,Sideways,0,0.6464,SELL,0,1,0.572,BUY,1,10,"BB_Upper,ADX,BB_Width,MACD,SMA_50,EMA_12,OBV,ATR_14,Rolling_Volatility,SMA_20",BB_Upper
TCS,2024-08-14,2024,1,Sideways,0,0.6418,SELL,0,1,0.5767,BUY,1,10,"BB_Upper,ADX,BB_Width,MACD,SMA_50,EMA_12,OBV,ATR_14,Rolling_Volatility,SMA_20",BB_Upper
TCS,2024-08-16,2024,1,Sideways,0,0.6372,SELL,0,1,0.5758,BUY,1,10,"BB_Upper,ADX,BB_Width,MACD,SMA_50,EMA_12,OBV,ATR_14,Rolling_Volatility,SMA_20",BB_Upper
TCS,2024-08-19,2024,1,Sideways,0,0.6327,SELL,0,1,0.6141,BUY,1,10,"BB_Upper,ADX,BB_Width,MACD,SMA_50,EMA_12,OBV,ATR_14,Rolling_Volatility,SMA_20",BB_Upper
TCS,2024-08-20,2024,0,Sideways,0,0.6283,SELL,1,1,0.6814,BUY,0,10,"BB_Upper,ADX,BB_Width,MACD,SMA_50,EMA_12,OBV,ATR_14,Rolling_Volatility,SMA_20",BB_Upper
TCS,2024-08-21,2024,0,Sideways,0,0.6309,SELL,1,1,0.7322,BUY,0,10,"BB_Upper,ADX,BB_Width,MACD,SMA_50,EMA_12,OBV,ATR_14,Rolling_Volatility,SMA_20",BB_Upper
TCS,2024-08-22,2024,0,Sideways,0,0.6334,SELL,1,1,0.7597,BUY,0,10,"BB_Upper,ADX,BB_Width,MACD,SMA_50,EMA_12,OBV,ATR_14,Rolling_Volatility,SMA_20",BB_Upper
TCS,2024-08-23,2024,0,Sideways,0,0.636,SELL,1,1,0.7679,BUY,0,10,"BB_Upper,ADX,BB_Width,MACD,SMA_50,EMA_12,OBV,ATR_14,Rolling_Volatility,SMA_20",BB_Upper
TCS,2024-08-26,2024,0,Sideways,0,0.6384,SELL,1,1,0.7672,BUY,0,10,"BB_Upper,ADX,BB_Width,MACD,SMA_50,EMA_12,OBV,ATR_14,Rolling_Volatility,SMA_20",BB_Upper
TCS,2024-08-27,2024,0,Sideways,0,0.6409,SELL,1,1,0.7798,BUY,0,10,"BB_Upper,ADX,BB_Width,MACD,SMA_50,EMA_12,OBV,ATR_14,Rolling_Volatility,SMA_20",BB_Upper
TCS,2024-08-28,2024,0,Sideways,0,0.6433,SELL,1,1,0.7742,BUY,0,10,"BB_Upper,ADX,BB_Width,MACD,SMA_50,EMA_12,OBV,ATR_14,Rolling_Volatility,SMA_20",BB_Upper
TCS,2024-08-29,2024,0,Sideways,0,0.6457,SELL,1,1,0.7682,BUY,0,10,"BB_Upper,ADX,BB_Width,MACD,SMA_50,EMA_12,OBV,ATR_14,Rolling_Volatility,SMA_20",BB_Upper
TCS,2024-08-30,2024,0,Sideways,0,0.6481,SELL,1,1,0.7721,BUY,0,10,"BB_Upper,ADX,BB_Width,MACD,SMA_50,EMA_12,OBV,ATR_14,Rolling_Volatility,SMA_20",BB_Upper
TCS,2024-09-02,2024,0,Sideways,0,0.6504,SELL,1,1,0.7573,BUY,0,10,"BB_Upper,ADX,BB_Width,MACD,SMA_50,EMA_12,OBV,ATR_14,Rolling_Volatility,SMA_20",BB_Upper
TCS,2024-09-03,2024,0,Sideways,0,1.0,SELL,1,1,0.7607,BUY,0,10,"BB_Upper,ADX,BB_Width,MACD,SMA_50,EMA_12,OBV,ATR_14,Rolling_Volatility,SMA_20",BB_Upper
TCS,2024-09-04,2024,0,Sideways,0,1.0,SELL,1,1,0.6859,BUY,0,10,"BB_Upper,ADX,BB_Width,MACD,SMA_50,EMA_12,OBV,ATR_14,Rolling_Volatility,SMA_20",BB_Upper
TCS,2024-09-05,2024,0,Sideways,0,1.0,SELL,1,1,0.6402,BUY,0,10,"BB_Upper,ADX,BB_Width,MACD,SMA_50,EMA_12,OBV,ATR_14,Rolling_Volatility,SMA_20",BB_Upper
TCS,2024-09-06,2024,0,Sideways,0,1.0,SELL,1,1,0.5899,BUY,0,10,"BB_Upper,ADX,BB_Width,MACD,SMA_50,EMA_12,OBV,ATR_14,Rolling_Volatility,SMA_20",BB_Upper
TCS,2024-09-09,2024,0,Sideways,0,1.0,SELL,1,1,0.7583,BUY,0,10,"BB_Upper,MACD,Rolling_Volatility,OBV,ATR_14,EMA_26,RSI_14,MFI,SMA_50,Rolling_Std_10",BB_Upper
TCS,2024-09-10,2024,0,Sideways,0,1.0,SELL,1,0,0.5883,SELL,1,10,"BB_Upper,MACD,Rolling_Volatility,OBV,ATR_14,EMA_26,RSI_14,MFI,SMA_50,Rolling_Std_10",BB_Upper
TCS,2024-09-11,2024,0,Sideways,0,1.0,SELL,1,0,0.6905,SELL,1,10,"BB_Upper,MACD,Rolling_Volatility,OBV,ATR_14,EMA_26,RSI_14,MFI,SMA_50,Rolling_Std_10",BB_Upper
TCS,2024-09-12,2024,0,Sideways,0,1.0,SELL,1,0,0.6304,SELL,1,10,"BB_Upper,MACD,Rolling_Volatility,OBV,ATR_14,EMA_26,RSI_14,MFI,SMA_50,Rolling_Std_10",BB_Upper
TCS,2024-09-13,2024,0,Sideways,0,1.0,SELL,1,0,0.8964,SELL,1,10,"BB_Upper,MACD,Rolling_Volatility,OBV,ATR_14,EMA_26,RSI_14,MFI,SMA_50,Rolling_Std_10",BB_Upper
TCS,2024-09-16,2024,0,Sideways,0,1.0,SELL,1,0,0.741,SELL,1,10,"BB_Upper,MACD,Rolling_Volatility,OBV,ATR_14,EMA_26,RSI_14,MFI,SMA_50,Rolling_Std_10",BB_Upper
TCS,2024-09-17,2024,0,Sideways,0,1.0,SELL,1,0,0.7077,SELL,1,10,"BB_Upper,MACD,Rolling_Volatility,OBV,ATR_14,EMA_26,RSI_14,MFI,SMA_50,Rolling_Std_10",BB_Upper
TCS,2024-09-18,2024,0,Sideways,0,1.0,SELL,1,1,0.9995,BUY,0,10,"BB_Upper,MACD,Rolling_Volatility,OBV,ATR_14,EMA_26,RSI_14,MFI,SMA_50,Rolling_Std_10",BB_Upper
TCS,2024-09-19,2024,0,Sideways,0,1.0,SELL,1,1,0.9827,BUY,0,10,"BB_Upper,MACD,Rolling_Volatility,OBV,ATR_14,EMA_26,RSI_14,MFI,SMA_50,Rolling_Std_10",BB_Upper
TCS,2024-09-20,2024,0,Sideways,0,1.0,SELL,1,1,0.7554,BUY,0,10,"BB_Upper,MACD,Rolling_Volatility,OBV,ATR_14,EMA_26,RSI_14,MFI,SMA_50,Rolling_Std_10",BB_Upper
TCS,2024-09-23,2024,0,Sideways,0,1.0,SELL,1,0,0.6632,SELL,1,10,"BB_Upper,MACD,Rolling_Volatility,OBV,ATR_14,EMA_26,RSI_14,MFI,SMA_50,Rolling_Std_10",BB_Upper
TCS,2024-09-24,2024,0,Sideways,0,1.0,SELL,1,0,0.8591,SELL,1,10,"BB_Upper,MACD,Rolling_Volatility,OBV,ATR_14,EMA_26,RSI_14,MFI,SMA_50,Rolling_Std_10",BB_Upper
TCS,2024-09-25,2024,0,Sideways,0,1.0,SELL,1,0,0.9128,SELL,1,10,"BB_Upper,MACD,Rolling_Volatility,OBV,ATR_14,EMA_26,RSI_14,MFI,SMA_50,Rolling_Std_10",BB_Upper
TCS,2024-09-26,2024,0,Sideways,0,1.0,SELL,1,0,0.9067,SELL,1,10,"BB_Upper,MACD,Rolling_Volatility,OBV,ATR_14,EMA_26,RSI_14,MFI,SMA_50,Rolling_Std_10",BB_Upper
TCS,2024-09-27,2024,0,Sideways,0,1.0,SELL,1,0,0.8624,SELL,1,10,"BB_Upper,MACD,Rolling_Volatility,OBV,ATR_14,EMA_26,RSI_14,MFI,SMA_50,Rolling_Std_10",BB_Upper
TCS,2024-09-30,2024,0,Sideways,0,1.0,SELL,1,0,0.9545,SELL,1,10,"BB_Upper,MACD,Rolling_Volatility,OBV,ATR_14,EMA_26,RSI_14,MFI,SMA_50,Rolling_Std_10",BB_Upper
TCS,2024-10-01,2024,0,Sideways,0,1.0,SELL,1,0,0.9137,SELL,1,10,"BB_Upper,MACD,Rolling_Volatility,OBV,ATR_14,EMA_26,RSI_14,MFI,SMA_50,Rolling_Std_10",BB_Upper
TCS,2024-10-03,2024,0,Sideways,0,1.0,SELL,1,0,0.9949,SELL,1,10,"BB_Upper,MACD,Rolling_Volatility,OBV,ATR_14,EMA_26,RSI_14,MFI,SMA_50,Rolling_Std_10",BB_Upper
TCS,2024-10-04,2024,0,Sideways,0,1.0,SELL,1,0,0.9929,SELL,1,10,"BB_Upper,MACD,Rolling_Volatility,OBV,ATR_14,EMA_26,RSI_14,MFI,SMA_50,Rolling_Std_10",BB_Upper
TCS,2024-10-07,2024,0,Sideways,0,1.0,SELL,1,0,0.9879,SELL,1,10,"BB_Upper,MACD,Rolling_Volatility,OBV,ATR_14,EMA_26,RSI_14,MFI,SMA_50,Rolling_Std_10",BB_Upper
TCS,2024-10-08,2024,0,Sideways,0,0.9968,SELL,1,0,0.9946,SELL,1,10,"BB_Upper,MACD,Rolling_Volatility,OBV,ATR_14,EMA_26,RSI_14,MFI,SMA_50,Rolling_Std_10",BB_Upper
TCS,2024-10-09,2024,0,Sideways,0,1.0,SELL,1,0,0.9954,SELL,1,10,"BB_Upper,MACD,Rolling_Volatility,OBV,ATR_14,EMA_26,RSI_14,MFI,SMA_50,Rolling_Std_10",BB_Upper
TCS,2024-10-10,2024,0,Sideways,0,1.0,SELL,1,0,0.9981,SELL,1,10,"BB_Upper,MACD,Rolling_Volatility,OBV,ATR_14,EMA_26,RSI_14,MFI,SMA_50,Rolling_Std_10",BB_Upper
TCS,2024-10-11,2024,1,Sideways,0,1.0,SELL,0,0,0.9996,SELL,0,10,"BB_Upper,MACD,Rolling_Volatility,OBV,ATR_14,EMA_26,RSI_14,MFI,SMA_50,Rolling_Std_10",BB_Upper
TCS,2024-10-14,2024,1,Sideways,0,1.0,SELL,0,0,0.9972,SELL,0,10,"BB_Upper,MACD,Rolling_Volatility,OBV,ATR_14,EMA_26,RSI_14,MFI,SMA_50,Rolling_Std_10",BB_Upper
TCS,2024-10-15,2024,1,Sideways,0,0.9982,SELL,0,0,0.9901,SELL,0,10,"BB_Upper,MACD,Rolling_Volatility,OBV,ATR_14,EMA_26,RSI_14,MFI,SMA_50,Rolling_Std_10",BB_Upper
TCS,2024-10-16,2024,1,Sideways,1,1.0,BUY,1,0,0.9764,SELL,0,10,"BB_Upper,MACD,Rolling_Volatility,OBV,ATR_14,EMA_26,RSI_14,MFI,SMA_50,Rolling_Std_10",BB_Upper
TCS,2024-10-17,2024,1,Sideways,1,1.0,BUY,1,1,0.7484,BUY,1,10,"BB_Upper,MACD,Rolling_Volatility,OBV,ATR_14,EMA_26,RSI_14,MFI,SMA_50,Rolling_Std_10",BB_Upper
TCS,2024-10-18,2024,0,Sideways,0,1.0,SELL,1,1,0.7887,BUY,0,10,"BB_Upper,MACD,Rolling_Volatility,OBV,ATR_14,EMA_26,RSI_14,MFI,SMA_50,Rolling_Std_10",BB_Upper
TCS,2024-10-21,2024,0,Sideways,1,1.0,BUY,0,1,0.6952,BUY,0,10,"BB_Upper,MACD,Rolling_Volatility,OBV,ATR_14,EMA_26,RSI_14,MFI,SMA_50,Rolling_Std_10",BB_Upper
TCS,2024-10-22,2024,1,Sideways,0,1.0,SELL,0,1,0.6206,BUY,1,10,"BB_Upper,EMA_12,Rolling_Volatility,SMA_20,OBV,BB_Width,EMA_26,Volume_MA,MACD,ADX",BB_Upper
TCS,2024-10-23,2024,1,Sideways,1,0.8845,BUY,1,0,0.5431,NO TRADE,0,10,"BB_Upper,EMA_12,Rolling_Volatility,SMA_20,OBV,BB_Width,EMA_26,Volume_MA,MACD,ADX",BB_Upper
TCS,2024-10-24,2024,1,Sideways,1,0.8863,BUY,1,0,0.5159,NO TRADE,0,10,"BB_Upper,EMA_12,Rolling_Volatility,SMA_20,OBV,BB_Width,EMA_26,Volume_MA,MACD,ADX",BB_Upper
TCS,2024-10-25,2024,1,Sideways,1,0.8881,BUY,1,1,0.5217,NO TRADE,1,10,"BB_Upper,EMA_12,Rolling_Volatility,SMA_20,OBV,BB_Width,EMA_26,Volume_MA,MACD,ADX",BB_Upper
TCS,2024-10-28,2024,1,Sideways,1,0.8898,BUY,1,1,0.5014,NO TRADE,1,10,"BB_Upper,EMA_12,Rolling_Volatility,SMA_20,OBV,BB_Width,EMA_26,Volume_MA,MACD,ADX",BB_Upper
TCS,2024-10-29,2024,1,Sideways,1,0.9894,BUY,1,1,0.5569,BUY,1,10,"BB_Upper,EMA_12,Rolling_Volatility,SMA_20,OBV,BB_Width,EMA_26,Volume_MA,MACD,ADX",BB_Upper
TCS,2024-10-30,2024,1,Sideways,1,0.9924,BUY,1,1,0.5973,BUY,1,10,"BB_Upper,EMA_12,Rolling_Volatility,SMA_20,OBV,BB_Width,EMA_26,Volume_MA,MACD,ADX",BB_Upper
TCS,2024-10-31,2024,1,Sideways,1,0.981,BUY,1,0,0.8275,SELL,0,10,"BB_Upper,EMA_12,Rolling_Volatility,SMA_20,OBV,BB_Width,EMA_26,Volume_MA,MACD,ADX",BB_Upper
TCS,2024-11-01,2024,1,Sideways,1,0.9999,BUY,1,0,0.8332,SELL,0,10,"BB_Upper,EMA_12,Rolling_Volatility,SMA_20,OBV,BB_Width,EMA_26,Volume_MA,MACD,ADX",BB_Upper
TCS,2024-11-04,2024,1,Sideways,1,0.9997,BUY,1,0,0.7939,SELL,0,10,"BB_Upper,EMA_12,Rolling_Volatility,SMA_20,OBV,BB_Width,EMA_26,Volume_MA,MACD,ADX",BB_Upper
TCS,2024-11-05,2024,1,Sideways,1,1.0,BUY,1,0,0.7726,SELL,0,10,"BB_Upper,EMA_12,Rolling_Volatility,SMA_20,OBV,BB_Width,EMA_26,Volume_MA,MACD,ADX",BB_Upper
TCS,2024-11-06,2024,1,Sideways,1,0.8737,BUY,1,0,0.7424,SELL,0,10,"BB_Upper,EMA_12,Rolling_Volatility,SMA_20,OBV,BB_Width,EMA_26,Volume_MA,MACD,ADX",BB_Upper
TCS,2024-11-07,2024,1,Sideways,0,1.0,SELL,0,0,0.7144,SELL,0,10,"BB_Upper,EMA_12,Rolling_Volatility,SMA_20,OBV,BB_Width,EMA_26,Volume_MA,MACD,ADX",BB_Upper
TCS,2024-11-08,2024,1,Sideways,1,0.8915,BUY,1,0,0.7662,SELL,0,10,"BB_Upper,EMA_12,Rolling_Volatility,SMA_20,OBV,BB_Width,EMA_26,Volume_MA,MACD,ADX",BB_Upper
TCS,2024-11-11,2024,1,Sideways,1,1.0,BUY,1,0,0.7759,SELL,0,10,"BB_Upper,EMA_12,Rolling_Volatility,SMA_20,OBV,BB_Width,EMA_26,Volume_MA,MACD,ADX",BB_Upper
TCS,2024-11-12,2024,1,Sideways,1,0.8931,BUY,1,0,0.7879,SELL,0,10,"BB_Upper,EMA_12,Rolling_Volatility,SMA_20,OBV,BB_Width,EMA_26,Volume_MA,MACD,ADX",BB_Upper
TCS,2024-11-13,2024,1,Sideways,1,0.8947,BUY,1,0,0.7893,SELL,0,10,"BB_Upper,EMA_12,Rolling_Volatility,SMA_20,OBV,BB_Width,EMA_26,Volume_MA,MACD,ADX",BB_Upper
TCS,2024-11-14,2024,1,Sideways,1,0.8962,BUY,1,0,0.7831,SELL,0,10,"BB_Upper,EMA_12,Rolling_Volatility,SMA_20,OBV,BB_Width,EMA_26,Volume_MA,MACD,ADX",BB_Upper
TCS,2024-11-18,2024,1,Sideways,1,0.8977,BUY,1,0,0.7055,SELL,0,10,"BB_Upper,EMA_12,Rolling_Volatility,SMA_20,OBV,BB_Width,EMA_26,Volume_MA,MACD,ADX",BB_Upper
TCS,2024-11-19,2024,1,Sideways,1,0.8991,BUY,1,0,0.6785,SELL,0,10,"BB_Upper,EMA_12,Rolling_Volatility,SMA_20,OBV,BB_Width,EMA_26,Volume_MA,MACD,ADX",BB_Upper
TCS,2024-11-21,2024,1,Sideways,1,0.9005,BUY,1,0,0.6568,SELL,0,10,"BB_Upper,EMA_12,Rolling_Volatility,SMA_20,OBV,BB_Width,EMA_26,Volume_MA,MACD,ADX",BB_Upper
TCS,2024-11-22,2024,0,Sideways,1,0.9019,BUY,0,0,0.5207,NO TRADE,1,10,"BB_Upper,EMA_12,Rolling_Volatility,SMA_20,OBV,BB_Width,EMA_26,Volume_MA,MACD,ADX",BB_Upper
TCS,2024-11-25,2024,0,Sideways,0,0.6527,SELL,1,0,0.5171,NO TRADE,1,10,"BB_Upper,EMA_12,Rolling_Volatility,SMA_20,OBV,BB_Width,EMA_26,Volume_MA,MACD,ADX",BB_Upper
TCS,2024-11-26,2024,0,Sideways,0,0.6549,SELL,1,0,0.5128,NO TRADE,1,10,"BB_Upper,EMA_12,Rolling_Volatility,SMA_20,OBV,BB_Width,EMA_26,Volume_MA,MACD,ADX",BB_Upper
TCS,2024-11-27,2024,0,Sideways,0,0.6572,SELL,1,0,0.5042,NO TRADE,1,10,"BB_Upper,EMA_12,Rolling_Volatility,SMA_20,OBV,BB_Width,EMA_26,Volume_MA,MACD,ADX",BB_Upper
TCS,2024-11-28,2024,0,Sideways,0,0.6594,SELL,1,1,0.5276,NO TRADE,0,10,"BB_Upper,EMA_12,Rolling_Volatility,SMA_20,OBV,BB_Width,EMA_26,Volume_MA,MACD,ADX",BB_Upper
TCS,2024-11-29,2024,0,Sideways,0,0.6616,SELL,1,1,0.5085,NO TRADE,0,10,"BB_Upper,EMA_12,Rolling_Volatility,SMA_20,OBV,BB_Width,EMA_26,Volume_MA,MACD,ADX",BB_Upper
TCS,2024-12-02,2024,0,Sideways,0,0.6637,SELL,1,0,0.6211,SELL,1,10,"BB_Upper,EMA_12,Rolling_Volatility,SMA_20,OBV,BB_Width,EMA_26,Volume_MA,MACD,ADX",BB_Upper
