stock,predict_date,year,actual_target,market_regime,static_pred,static_confidence,static_signal,static_correct,dynamic_pred,dynamic_confidence,dynamic_signal,dynamic_correct,n_dynamic_features,dynamic_features,top_mi_feature
INFY,2022-01-03,2022,0,Sideways,1,0.5753,BUY,0,0,0.5497,NO TRADE,1,10,"MACD,SMA_10,EMA_26,ATR_14,Open_Close_Pct,ADX,MACD_Hist,EMA_12,OBV,Volume_MA",MACD
INFY,2022-01-04,2022,0,Sideways,1,0.5872,BUY,0,1,0.5684,BUY,0,10,"MACD,ATR_14,MACD_Hist,Open_Close_Pct,CCI,ADX,SMA_10,Volume_MA,BB_Upper,Rolling_Mean_Return",MACD
INFY,2022-01-05,2022,0,Sideways,1,0.6827,BUY,0,1,0.5643,BUY,0,10,"MACD,ATR_14,MACD_Hist,Open_Close_Pct,CCI,ADX,SMA_10,Volume_MA,BB_Upper,Rolling_Mean_Return",MACD
INFY,2022-01-06,2022,0,Sideways,1,0.7116,BUY,0,1,0.638,BUY,0,10,"MACD,ATR_14,MACD_Hist,Open_Close_Pct,CCI,ADX,SMA_10,Volume_MA,BB_Upper,Rolling_Mean_Return",MACD
INFY,2022-01-07,2022,0,Sideways,1,0.7188,BUY,0,0,0.5827,SELL,1,10,"MACD,ATR_14,MACD_Hist,Open_Close_Pct,CCI,ADX,SMA_10,Volume_MA,BB_Upper,Rolling_Mean_Return",MACD
INFY,2022-01-10,2022,0,Sideways,1,0.7631,BUY,0,0,0.5443,NO TRADE,1,10,"MACD,ATR_14,MACD_Hist,Open_Close_Pct,CCI,ADX,SMA_10,Volume_MA,BB_Upper,Rolling_Mean_Return",MACD
INFY,2022-01-11,2022,0,Sideways,1,0.787,BUY,0,0,0.5174,NO TRADE,1,10,"MACD,ATR_14,MACD_Hist,Open_Close_Pct,CCI,ADX,SMA_10,Volume_MA,BB_Upper,Rolling_Mean_Return",MACD
INFY,2022-01-12,2022,0,Sideways,1,0.7719,BUY,0,1,0.6641,BUY,0,10,"MACD,ATR_14,MACD_Hist,Open_Close_Pct,CCI,ADX,SMA_10,Volume_MA,BB_Upper,Rolling_Mean_Return",MACD
INFY,2022-01-13,2022,0,Sideways,1,0.7426,BUY,0,1,0.6515,BUY,0,10,"MACD,ATR_14,MACD_Hist,Open_Close_Pct,CCI,ADX,SMA_10,Volume_MA,BB_Upper,Rolling_Mean_Return",MACD
INFY,2022-01-14,2022,0,Sideways,1,0.5623,BUY,0,0,0.6057,SELL,1,10,"MACD,ATR_14,MACD_Hist,Open_Close_Pct,CCI,ADX,SMA_10,Volume_MA,BB_Upper,Rolling_Mean_Return",MACD
INFY,2022-01-17,2022,0,Sideways,1,0.6198,BUY,0,0,0.6362,SELL,1,10,"MACD,ATR_14,MACD_Hist,Open_Close_Pct,CCI,ADX,SMA_10,Volume_MA,BB_Upper,Rolling_Mean_Return",MACD
INFY,2022-01-18,2022,0,Sideways,1,0.5567,BUY,0,0,0.6296,SELL,1,10,"MACD,ATR_14,MACD_Hist,Open_Close_Pct,CCI,ADX,SMA_10,Volume_MA,BB_Upper,Rolling_Mean_Return",MACD
INFY,2022-01-19,2022,0,Sideways,1,0.5506,BUY,0,0,0.5216,NO TRADE,1,10,"MACD,ATR_14,MACD_Hist,Open_Close_Pct,CCI,ADX,SMA_10,Volume_MA,BB_Upper,Rolling_Mean_Return",MACD
INFY,2022-01-20,2022,0,Sideways,1,0.6621,BUY,0,1,0.6854,BUY,0,10,"MACD,ATR_14,MACD_Hist,Open_Close_Pct,CCI,ADX,SMA_10,Volume_MA,BB_Upper,Rolling_Mean_Return",MACD
INFY,2022-01-21,2022,0,Sideways,1,0.7322,BUY,0,1,0.7085,BUY,0,10,"MACD,ATR_14,MACD_Hist,Open_Close_Pct,CCI,ADX,SMA_10,Volume_MA,BB_Upper,Rolling_Mean_Return",MACD
INFY,2022-01-24,2022,0,Sideways,1,0.5755,BUY,0,1,0.7116,BUY,0,10,"MACD,ATR_14,MACD_Hist,Open_Close_Pct,CCI,ADX,SMA_10,Volume_MA,BB_Upper,Rolling_Mean_Return",MACD
INFY,2022-01-25,2022,1,Sideways,1,0.6686,BUY,1,1,0.6771,BUY,1,10,"MACD,ATR_14,MACD_Hist,Open_Close_Pct,CCI,ADX,SMA_10,Volume_MA,BB_Upper,Rolling_Mean_Return",MACD
INFY,2022-01-27,2022,0,Sideways,1,0.7647,BUY,0,1,0.918,BUY,0,10,"MACD,ATR_14,MACD_Hist,Open_Close_Pct,CCI,ADX,SMA_10,Volume_MA,BB_Upper,Rolling_Mean_Return",MACD
INFY,2022-01-28,2022,1,Sideways,1,0.5546,BUY,1,1,0.7351,BUY,1,10,"MACD,ATR_14,MACD_Hist,Open_Close_Pct,CCI,ADX,SMA_10,Volume_MA,BB_Upper,Rolling_Mean_Return",MACD
INFY,2022-01-31,2022,0,Sideways,1,0.608,BUY,0,1,0.9298,BUY,0,10,"MACD,ATR_14,MACD_Hist,Open_Close_Pct,CCI,ADX,SMA_10,Volume_MA,BB_Upper,Rolling_Mean_Return",MACD
INFY,2022-02-01,2022,0,Sideways,0,0.6078,SELL,1,1,0.7558,BUY,0,10,"MACD,ATR_14,MACD_Hist,Open_Close_Pct,CCI,ADX,SMA_10,Volume_MA,BB_Upper,Rolling_Mean_Return",MACD
INFY,2022-02-02,2022,0,Sideways,0,0.6291,SELL,1,1,0.7579,BUY,0,10,"MACD,ATR_14,MACD_Hist,Open_Close_Pct,CCI,ADX,SMA_10,Volume_MA,BB_Upper,Rolling_Mean_Return",MACD
INFY,2022-02-03,2022,0,Sideways,0,0.6554,SELL,1,1,0.6609,BUY,0,10,"MACD,ATR_14,MACD_Hist,Open_Close_Pct,CCI,ADX,SMA_10,Volume_MA,BB_Upper,Rolling_Mean_Return",MACD
INFY,2022-02-04,2022,0,Sideways,0,0.644,SELL,1,1,0.5738,BUY,0,10,"MACD,ATR_14,MACD_Hist,Open_Close_Pct,CCI,ADX,SMA_10,Volume_MA,BB_Upper,Rolling_Mean_Return",MACD
INFY,2022-02-07,2022,1,Sideways,0,0.7313,SELL,0,1,0.5087,NO TRADE,1,10,"MACD,ATR_14,MACD_Hist,Open_Close_Pct,CCI,ADX,SMA_10,Volume_MA,BB_Upper,Rolling_Mean_Return",MACD
INFY,2022-02-08,2022,1,Sideways,0,0.622,SELL,0,1,0.7803,BUY,1,10,"MACD,ATR_14,MACD_Hist,Open_Close_Pct,CCI,ADX,SMA_10,Volume_MA,BB_Upper,Rolling_Mean_Return",MACD
INFY,2022-02-09,2022,1,Sideways,1,0.5069,NO TRADE,1,1,0.8688,BUY,1,10,"MACD,ATR_14,MACD_Hist,Open_Close_Pct,CCI,ADX,SMA_10,Volume_MA,BB_Upper,Rolling_Mean_Return",MACD
INFY,2022-02-10,2022,1,Sideways,1,0.5197,NO TRADE,1,1,0.8774,BUY,1,10,"MACD,ATR_14,MACD_Hist,Open_Close_Pct,CCI,ADX,SMA_10,Volume_MA,BB_Upper,Rolling_Mean_Return",MACD
INFY,2022-02-11,2022,1,Sideways,0,0.5228,NO TRADE,0,1,0.7795,BUY,1,10,"MACD,ATR_14,MACD_Hist,Open_Close_Pct,CCI,ADX,SMA_10,Volume_MA,BB_Upper,Rolling_Mean_Return",MACD
INFY,2022-02-14,2022,1,Sideways,1,0.5097,NO TRADE,1,1,0.8972,BUY,1,10,"MACD,ATR_14,MACD_Hist,Open_Close_Pct,CCI,ADX,SMA_10,Volume_MA,BB_Upper,Rolling_Mean_Return",MACD
INFY,2022-02-15,2022,1,Sideways,1,0.5073,NO TRADE,1,1,0.8826,BUY,1,10,"MACD,ATR_14,MACD_Hist,Open_Close_Pct,CCI,ADX,SMA_10,Volume_MA,BB_Upper,Rolling_Mean_Return",MACD
INFY,2022-02-16,2022,1,Sideways,1,0.5971,BUY,1,1,0.7114,BUY,1,10,"MACD,ATR_14,CCI,Rolling_Std_10,EMA_26,OBV,EMA_12,Rolling_Volatility,SMA_20,SMA_50",MACD
INFY,2022-02-17,2022,1,Sideways,1,0.6624,BUY,1,1,0.8673,BUY,1,10,"MACD,ATR_14,CCI,Rolling_Std_10,EMA_26,OBV,EMA_12,Rolling_Volatility,SMA_20,SMA_50",MACD
INFY,2022-02-18,2022,1,Sideways,1,0.7367,BUY,1,1,0.9074,BUY,1,10,"MACD,ATR_14,CCI,Rolling_Std_10,EMA_26,OBV,EMA_12,Rolling_Volatility,SMA_20,SMA_50",MACD
INFY,2022-02-21,2022,1,Sideways,1,0.7457,BUY,1,1,0.8911,BUY,1,10,"MACD,ATR_14,CCI,Rolling_Std_10,EMA_26,OBV,EMA_12,Rolling_Volatility,SMA_20,SMA_50",MACD
INFY,2022-02-22,2022,1,Sideways,1,0.7729,BUY,1,1,0.9077,BUY,1,10,"MACD,ATR_14,CCI,Rolling_Std_10,EMA_26,OBV,EMA_12,Rolling_Volatility,SMA_20,SMA_50",MACD
INFY,2022-02-23,2022,1,Sideways,1,0.8061,BUY,1,1,0.9248,BUY,1,10,"MACD,ATR_14,CCI,Rolling_Std_10,EMA_26,OBV,EMA_12,Rolling_Volatility,SMA_20,SMA_50",MACD
INFY,2022-02-24,2022,1,Sideways,1,0.6593,BUY,1,1,0.9358,BUY,1,10,"MACD,ATR_14,CCI,Rolling_Std_10,EMA_26,OBV,EMA_12,Rolling_Volatility,SMA_20,SMA_50",MACD
INFY,2022-02-25,2022,1,Sideways,1,0.8785,BUY,1,1,0.946,BUY,1,10,"MACD,ATR_14,CCI,Rolling_Std_10,EMA_26,OBV,EMA_12,Rolling_Volatility,SMA_20,SMA_50",MACD
INFY,2022-02-28,2022,1,Sideways,1,0.7746,BUY,1,1,0.9045,BUY,1,10,"MACD,ATR_14,CCI,Rolling_Std_10,EMA_26,OBV,EMA_12,Rolling_Volatility,SMA_20,SMA_50",MACD
INFY,2022-03-02,2022,1,Sideways,1,0.8916,BUY,1,1,0.9342,BUY,1,10,"MACD,ATR_14,CCI,Rolling_Std_10,EMA_26,OBV,EMA_12,Rolling_Volatility,SMA_20,SMA_50",MACD
INFY,2022-03-03,2022,1,Sideways,1,0.8895,BUY,1,1,0.9532,BUY,1,10,"MACD,ATR_14,CCI,Rolling_Std_10,EMA_26,OBV,EMA_12,Rolling_Volatility,SMA_20,SMA_50",MACD
INFY,2022-03-04,2022,1,Sideways,1,0.8346,BUY,1,1,0.9634,BUY,1,10,"MACD,ATR_14,CCI,Rolling_Std_10,EMA_26,OBV,EMA_12,Rolling_Volatility,SMA_20,SMA_50",MACD
INFY,2022-03-07,2022,1,Sideways,1,0.8298,BUY,1,1,0.9687,BUY,1,10,"MACD,ATR_14,CCI,Rolling_Std_10,EMA_26,OBV,EMA_12,Rolling_Volatility,SMA_20,SMA_50",MACD
INFY,2022-03-08,2022,1,Sideways,1,0.7765,BUY,1,1,0.9664,BUY,1,10,"MACD,ATR_14,CCI,Rolling_Std_10,EMA_26,OBV,EMA_12,Rolling_Volatility,SMA_20,SMA_50",MACD
INFY,2022-03-09,2022,0,Sideways,1,0.7074,BUY,0,1,0.9695,BUY,0,10,"MACD,ATR_14,CCI,Rolling_Std_10,EMA_26,OBV,EMA_12,Rolling_Volatility,SMA_20,SMA_50",MACD
INFY,2022-03-10,2022,0,Sideways,1,0.6306,BUY,0,1,0.7755,BUY,0,10,"MACD,ATR_14,CCI,Rolling_Std_10,EMA_26,OBV,EMA_12,Rolling_Volatility,SMA_20,SMA_50",MACD
INFY,2022-03-11,2022,0,Sideways,1,0.5593,BUY,0,1,0.5844,BUY,0,10,"MACD,ATR_14,CCI,Rolling_Std_10,EMA_26,OBV,EMA_12,Rolling_Volatility,SMA_20,SMA_50",MACD
INFY,2022-03-14,2022,0,Sideways,0,0.6714,SELL,1,1,0.5705,BUY,0,10,"MACD,ATR_14,CCI,Rolling_Std_10,EMA_26,OBV,EMA_12,Rolling_Volatility,SMA_20,SMA_50",MACD
INFY,2022-03-15,2022,0,Sideways,0,0.7444,SELL,1,0,0.5506,SELL,1,10,"MACD,ATR_14,CCI,Rolling_Std_10,EMA_26,OBV,EMA_12,Rolling_Volatility,SMA_20,SMA_50",MACD
INFY,2022-03-16,2022,0,Sideways,0,0.8497,SELL,1,0,0.6092,SELL,1,10,"MACD,ATR_14,CCI,Rolling_Std_10,EMA_26,OBV,EMA_12,Rolling_Volatility,SMA_20,SMA_50",MACD
INFY,2022-03-17,2022,0,Sideways,0,0.7585,SELL,1,0,0.5214,NO TRADE,1,10,"MACD,ATR_14,CCI,Rolling_Std_10,EMA_26,OBV,EMA_12,Rolling_Volatility,SMA_20,SMA_50",MACD
INFY,2022-03-21,2022,0,Sideways,0,0.7357,SELL,1,0,0.5581,SELL,1,10,"MACD,ATR_14,CCI,Rolling_Std_10,EMA_26,OBV,EMA_12,Rolling_Volatility,SMA_20,SMA_50",MACD
INFY,2022-03-22,2022,0,Sideways,0,0.74,SELL,1,0,0.6375,SELL,1,10,"MACD,ATR_14,CCI,Rolling_Std_10,EMA_26,OBV,EMA_12,Rolling_Volatility,SMA_20,SMA_50",MACD
INFY,2022-03-23,2022,0,Sideways,0,0.751,SELL,1,0,0.618,SELL,1,10,"MACD,ATR_14,CCI,Rolling_Std_10,EMA_26,OBV,EMA_12,Rolling_Volatility,SMA_20,SMA_50",MACD
INFY,2022-03-24,2022,0,Sideways,0,0.7568,SELL,1,0,0.6873,SELL,1,10,"MACD,ATR_14,CCI,Rolling_Std_10,EMA_26,OBV,EMA_12,Rolling_Volatility,SMA_20,SMA_50",MACD
INFY,2022-03-25,2022,0,Sideways,0,0.6238,SELL,1,0,0.8122,SELL,1,10,"MACD,ATR_14,CCI,Rolling_Std_10,EMA_26,OBV,EMA_12,Rolling_Volatility,SMA_20,SMA_50",MACD
INFY,2022-03-28,2022,0,Sideways,0,0.5879,SELL,1,0,0.7027,SELL,1,10,"MACD,ATR_14,CCI,Rolling_Std_10,EMA_26,OBV,EMA_12,Rolling_Volatility,SMA_20,SMA_50",MACD
INFY,2022-03-29,2022,0,Sideways,0,0.6712,SELL,1,0,0.7204,SELL,1,10,"MACD,ATR_14,CCI,Rolling_Std_10,EMA_26,OBV,EMA_12,Rolling_Volatility,SMA_20,SMA_50",MACD
INFY,2022-03-30,2022,0,Sideways,0,0.6554,SELL,1,0,0.85,SELL,1,10,"MACD,ATR_14,CCI,Rolling_Std_10,EMA_26,OBV,EMA_12,Rolling_Volatility,SMA_20,SMA_50",MACD
INFY,2022-03-31,2022,0,Sideways,0,0.5375,NO TRADE,1,0,0.879,SELL,1,10,"MACD,ATR_14,CCI,Rolling_Std_10,EMA_26,OBV,EMA_12,Rolling_Volatility,SMA_20,SMA_50",MACD
INFY,2022-04-01,2022,0,Sideways,0,0.5129,NO TRADE,1,0,0.8195,SELL,1,10,"EMA_12,SMA_50,MACD,ATR_14,OBV,CCI,SMA_10,Return_5d,MACD_Hist,RSI_14",EMA_12
INFY,2022-04-04,2022,0,Sideways,1,0.5407,NO TRADE,0,0,0.8159,SELL,1,10,"EMA_12,SMA_50,MACD,ATR_14,OBV,CCI,SMA_10,Return_5d,MACD_Hist,RSI_14",EMA_12
INFY,2022-04-05,2022,0,Sideways,1,0.5612,BUY,0,0,0.6261,SELL,1,10,"EMA_12,SMA_50,MACD,ATR_14,OBV,CCI,SMA_10,Return_5d,MACD_Hist,RSI_14",EMA_12
INFY,2022-04-06,2022,0,Sideways,1,0.5015,NO TRADE,0,0,0.9176,SELL,1,10,"EMA_12,SMA_50,MACD,ATR_14,OBV,CCI,SMA_10,Return_5d,MACD_Hist,RSI_14",EMA_12
INFY,2022-04-07,2022,0,Sideways,0,0.5412,NO TRADE,1,0,0.9338,SELL,1,10,"EMA_12,SMA_50,MACD,ATR_14,OBV,CCI,SMA_10,Return_5d,MACD_Hist,RSI_14",EMA_12
INFY,2022-04-08,2022,0,Sideways,0,0.6369,SELL,1,0,0.9475,SELL,1,10,"EMA_12,SMA_50,MACD,ATR_14,OBV,CCI,SMA_10,Return_5d,MACD_Hist,RSI_14",EMA_12
INFY,2022-04-11,2022,0,Sideways,0,0.8101,SELL,1,0,0.9334,SELL,1,10,"EMA_12,SMA_50,MACD,ATR_14,OBV,CCI,SMA_10,Return_5d,MACD_Hist,RSI_14",EMA_12
INFY,2022-04-12,2022,0,Sideways,0,0.6433,SELL,1,0,0.9385,SELL,1,10,"EMA_12,SMA_50,MACD,ATR_14,OBV,CCI,SMA_10,Return_5d,MACD_Hist,RSI_14",EMA_12
INFY,2022-04-13,2022,0,Sideways,0,0.6525,SELL,1,0,0.9047,SELL,1,10,"EMA_12,SMA_50,MACD,ATR_14,OBV,CCI,SMA_10,Return_5d,MACD_Hist,RSI_14",EMA_12
INFY,2022-04-18,2022,0,Sideways,0,0.6351,SELL,1,0,0.8553,SELL,1,10,"EMA_12,SMA_50,MACD,ATR_14,OBV,CCI,SMA_10,Return_5d,MACD_Hist,RSI_14",EMA_12
INFY,2022-04-19,2022,0,Sideways,0,0.637,SELL,1,0,0.8505,SELL,1,10,"EMA_12,SMA_50,MACD,ATR_14,OBV,CCI,SMA_10,Return_5d,MACD_Hist,RSI_14",EMA_12
INFY,2022-04-20,2022,0,Sideways,0,0.6898,SELL,1,0,0.8328,SELL,1,10,"EMA_12,SMA_50,MACD,ATR_14,OBV,CCI,SMA_10,Return_5d,MACD_Hist,RSI_14",EMA_12
INFY,2022-04-21,2022,0,Sideways,0,0.7195,SELL,1,0,0.8186,SELL,1,10,"EMA_12,SMA_50,MACD,ATR_14,OBV,CCI,SMA_10,Return_5d,MACD_Hist,RSI_14",EMA_12
INFY,2022-04-22,2022,0,Sideways,0,0.7178,SELL,1,0,0.8988,SELL,1,10,"EMA_12,SMA_50,MACD,ATR_14,OBV,CCI,SMA_10,Return_5d,MACD_Hist,RSI_14",EMA_12
INFY,2022-04-25,2022,0,Sideways,0,0.739,SELL,1,0,0.8712,SELL,1,10,"EMA_12,SMA_50,MACD,ATR_14,OBV,CCI,SMA_10,Return_5d,MACD_Hist,RSI_14",EMA_12
INFY,2022-04-26,2022,0,Sideways,0,0.7611,SELL,1,0,0.839,SELL,1,10,"EMA_12,SMA_50,MACD,ATR_14,OBV,CCI,SMA_10,Return_5d,MACD_Hist,RSI_14",EMA_12
INFY,2022-04-27,2022,0,Sideways,0,0.7569,SELL,1,0,0.8451,SELL,1,10,"EMA_12,SMA_50,MACD,ATR_14,OBV,CCI,SMA_10,Return_5d,MACD_Hist,RSI_14",EMA_12
INFY,2022-04-28,2022,0,Sideways,0,0.7763,SELL,1,0,0.8789,SELL,1,10,"EMA_12,SMA_50,MACD,ATR_14,OBV,CCI,SMA_10,Return_5d,MACD_Hist,RSI_14",EMA_12
INFY,2022-04-29,2022,0,Sideways,0,0.7981,SELL,1,0,0.9337,SELL,1,10,"EMA_12,SMA_50,MACD,ATR_14,OBV,CCI,SMA_10,Return_5d,MACD_Hist,RSI_14",EMA_12
INFY,2022-05-02,2022,0,Sideways,0,0.8284,SELL,1,0,0.9652,SELL,1,10,"EMA_12,SMA_50,MACD,ATR_14,OBV,CCI,SMA_10,Return_5d,MACD_Hist,RSI_14",EMA_12
INFY,2022-05-04,2022,0,Sideways,0,0.806,SELL,1,0,0.9712,SELL,1,10,"EMA_12,SMA_50,MACD,ATR_14,OBV,CCI,SMA_10,Return_5d,MACD_Hist,RSI_14",EMA_12
INFY,2022-05-05,2022,0,Sideways,0,0.7984,SELL,1,0,0.8074,SELL,1,10,"EMA_12,SMA_50,MACD,ATR_14,OBV,CCI,SMA_10,Return_5d,MACD_Hist,RSI_14",EMA_12
INFY,2022-05-06,2022,0,Sideways,0,0.7581,SELL,1,0,0.9676,SELL,1,10,"EMA_12,SMA_50,MACD,ATR_14,OBV,CCI,SMA_10,Return_5d,MACD_Hist,RSI_14",EMA_12
INFY,2022-05-09,2022,0,Sideways,0,0.8851,SELL,1,0,0.9691,SELL,1,10,"EMA_12,SMA_50,MACD,ATR_14,OBV,CCI,SMA_10,Return_5d,MACD_Hist,RSI_14",EMA_12
INFY,2022-05-10,2022,0,Sideways,0,0.8665,SELL,1,0,0.9702,SELL,1,10,"EMA_12,SMA_50,MACD,ATR_14,OBV,CCI,SMA_10,Return_5d,MACD_Hist,RSI_14",EMA_12
INFY,2022-05-11,2022,0,Sideways,0,0.869,SELL,1,0,0.9717,SELL,1,10,"EMA_12,SMA_50,MACD,ATR_14,OBV,CCI,SMA_10,Return_5d,MACD_Hist,RSI_14",EMA_12
INFY,2022-05-12,2022,1,Sideways,0,0.8919,SELL,0,0,0.9726,SELL,0,10,"EMA_12,SMA_50,MACD,ATR_14,OBV,CCI,SMA_10,Return_5d,MACD_Hist,RSI_14",EMA_12
INFY,2022-05-13,2022,0,Sideways,0,0.71,SELL,1,0,0.9687,SELL,1,10,"EMA_12,SMA_50,MACD,ATR_14,OBV,CCI,SMA_10,Return_5d,MACD_Hist,RSI_14",EMA_12
INFY,2022-05-16,2022,0,Sideways,0,0.7194,SELL,1,0,0.9699,SELL,1,10,"EMA_12,SMA_50,MACD,ATR_14,OBV,CCI,SMA_10,Return_5d,MACD_Hist,RSI_14",EMA_12
INFY,2022-05-17,2022,0,Sideways,0,0.8249,SELL,1,0,0.9709,SELL,1,10,"EMA_12,SMA_50,MACD,ATR_14,OBV,CCI,SMA_10,Return_5d,MACD_Hist,RSI_14",EMA_12
INFY,2022-05-18,2022,0,Sideways,0,0.8314,SELL,1,0,0.6939,SELL,1,10,"OBV,EMA_12,ADX,Stochastic,SMA_50,Volume_MA,MACD,BB_Upper,MACD_Signal,Rolling_Volatility",OBV
INFY,2022-05-19,2022,0,Sideways,0,0.6803,SELL,1,0,0.7211,SELL,1,10,"OBV,EMA_12,ADX,Stochastic,SMA_50,Volume_MA,MACD,BB_Upper,MACD_Signal,Rolling_Volatility",OBV
INFY,2022-05-20,2022,0,Sideways,0,0.8304,SELL,1,0,0.8328,SELL,1,10,"OBV,EMA_12,ADX,Stochastic,SMA_50,Volume_MA,MACD,BB_Upper,MACD_Signal,Rolling_Volatility",OBV
INFY,2022-05-23,2022,0,Sideways,0,0.833,SELL,1,0,0.85,SELL,1,10,"OBV,EMA_12,ADX,Stochastic,SMA_50,Volume_MA,MACD,BB_Upper,MACD_Signal,Rolling_Volatility",OBV
INFY,2022-05-24,2022,1,Sideways,0,0.9052,SELL,0,0,0.8735,SELL,0,10,"OBV,EMA_12,ADX,Stochastic,SMA_50,Volume_MA,MACD,BB_Upper,MACD_Signal,Rolling_Volatility",OBV
INFY,2022-05-25,2022,1,Sideways,0,0.9172,SELL,0,0,0.7146,SELL,0,10,"OBV,EMA_12,ADX,Stochastic,SMA_50,Volume_MA,MACD,BB_Upper,MACD_Signal,Rolling_Volatility",OBV
INFY,2022-05-26,2022,1,Sideways,0,0.9161,SELL,0,0,0.5006,NO TRADE,0,10,"OBV,EMA_12,ADX,Stochastic,SMA_50,Volume_MA,MACD,BB_Upper,MACD_Signal,Rolling_Volatility",OBV
INFY,2022-05-27,2022,0,Sideways,0,0.8705,SELL,1,0,0.5278,NO TRADE,1,10,"OBV,EMA_12,ADX,Stochastic,SMA_50,Volume_MA,MACD,BB_Upper,MACD_Signal,Rolling_Volatility",OBV
INFY,2022-05-30,2022,0,Sideways,0,0.7306,SELL,1,0,0.5841,SELL,1,10,"OBV,EMA_12,ADX,Stochastic,SMA_50,Volume_MA,MACD,BB_Upper,MACD_Signal,Rolling_Volatility",OBV
INFY,2022-05-31,2022,0,Sideways,0,0.8612,SELL,1,0,0.6059,SELL,1,10,"OBV,EMA_12,ADX,Stochastic,SMA_50,Volume_MA,MACD,BB_Upper,MACD_Signal,Rolling_Volatility",OBV
INFY,2022-06-01,2022,0,Sideways,0,0.8599,SELL,1,0,0.7018,SELL,1,10,"OBV,EMA_12,ADX,Stochastic,SMA_50,Volume_MA,MACD,BB_Upper,MACD_Signal,Rolling_Volatility",OBV
INFY,2022-06-02,2022,0,Sideways,0,0.8697,SELL,1,0,0.7225,SELL,1,10,"OBV,EMA_12,ADX,Stochastic,SMA_50,Volume_MA,MACD,BB_Upper,MACD_Signal,Rolling_Volatility",OBV
INFY,2022-06-03,2022,0,Sideways,0,0.9118,SELL,1,0,0.7644,SELL,1,10,"OBV,EMA_12,ADX,Stochastic,SMA_50,Volume_MA,MACD,BB_Upper,MACD_Signal,Rolling_Volatility",OBV
INFY,2022-06-06,2022,0,Sideways,0,0.8406,SELL,1,0,0.7919,SELL,1,10,"OBV,EMA_12,ADX,Stochastic,SMA_50,Volume_MA,MACD,BB_Upper,MACD_Signal,Rolling_Volatility",OBV
INFY,2022-06-07,2022,0,Sideways,0,0.8552,SELL,1,0,0.8008,SELL,1,10,"OBV,EMA_12,ADX,Stochastic,SMA_50,Volume_MA,MACD,BB_Upper,MACD_Signal,Rolling_Volatility",OBV
INFY,2022-06-08,2022,0,Sideways,0,0.8732,SELL,1,0,0.8169,SELL,1,10,"OBV,EMA_12,ADX,Stochastic,SMA_50,Volume_MA,MACD,BB_Upper,MACD_Signal,Rolling_Volatility",OBV
INFY,2022-06-09,2022,0,Sideways,0,0.8856,SELL,1,0,0.827,SELL,1,10,"OBV,EMA_12,ADX,Stochastic,SMA_50,Volume_MA,MACD,BB_Upper,MACD_Signal,Rolling_Volatility",OBV
INFY,2022-06-10,2022,1,Sideways,0,0.8891,SELL,0,0,0.8314,SELL,0,10,"OBV,EMA_12,ADX,Stochastic,SMA_50,Volume_MA,MACD,BB_Upper,MACD_Signal,Rolling_Volatility",OBV
INFY,2022-06-13,2022,1,Sideways,0,0.878,SELL,0,0,0.7611,SELL,0,10,"OBV,EMA_12,ADX,Stochastic,SMA_50,Volume_MA,MACD,BB_Upper,MACD_Signal,Rolling_Volatility",OBV
INFY,2022-06-14,2022,0,Sideways,0,0.8162,SELL,1,0,0.6089,SELL,1,10,"OBV,EMA_12,ADX,Stochastic,SMA_50,Volume_MA,MACD,BB_Upper,MACD_Signal,Rolling_Volatility",OBV
INFY,2022-06-15,2022,1,Sideways,0,0.8336,SELL,0,0,0.6475,SELL,0,10,"OBV,EMA_12,ADX,Stochastic,SMA_50,Volume_MA,MACD,BB_Upper,MACD_Signal,Rolling_Volatility",OBV
INFY,2022-06-16,2022,1,Sideways,0,0.8546,SELL,0,0,0.6545,SELL,0,10,"OBV,EMA_12,ADX,Stochastic,SMA_50,Volume_MA,MACD,BB_Upper,MACD_Signal,Rolling_Volatility",OBV
INFY,2022-06-17,2022,1,Sideways,0,0.8968,SELL,0,0,0.6083,SELL,0,10,"OBV,EMA_12,ADX,Stochastic,SMA_50,Volume_MA,MACD,BB_Upper,MACD_Signal,Rolling_Volatility",OBV
INFY,2022-06-20,2022,1,Sideways,0,0.7549,SELL,0,0,0.5676,SELL,0,10,"OBV,EMA_12,ADX,Stochastic,SMA_50,Volume_MA,MACD,BB_Upper,MACD_Signal,Rolling_Volatility",OBV
INFY,2022-06-21,2022,1,Sideways,0,0.7455,SELL,0,1,0.5109,NO TRADE,1,10,"OBV,EMA_12,ADX,Stochastic,SMA_50,Volume_MA,MACD,BB_Upper,MACD_Signal,Rolling_Volatility",OBV
INFY,2022-06-22,2022,1,Sideways,0,0.7667,SELL,0,1,0.5686,BUY,1,10,"OBV,EMA_12,ADX,Stochastic,SMA_50,Volume_MA,MACD,BB_Upper,MACD_Signal,Rolling_Volatility",OBV
INFY,2022-06-23,2022,1,Sideways,0,0.7768,SELL,0,1,0.6132,BUY,1,10,"OBV,EMA_12,ADX,Stochastic,SMA_50,Volume_MA,MACD,BB_Upper,MACD_Signal,Rolling_Volatility",OBV
INFY,2022-06-24,2022,1,Sideways,0,0.689,SELL,0,1,0.6705,BUY,1,10,"OBV,EMA_12,ADX,Stochastic,SMA_50,Volume_MA,MACD,BB_Upper,MACD_Signal,Rolling_Volatility",OBV
INFY,2022-06-27,2022,1,Sideways,0,0.8017,SELL,0,1,0.7224,BUY,1,10,"OBV,EMA_12,ADX,Stochastic,SMA_50,Volume_MA,MACD,BB_Upper,MACD_Signal,Rolling_Volatility",OBV
INFY,2022-06-28,2022,0,Sideways,0,0.7566,SELL,1,1,0.7658,BUY,0,10,"OBV,EMA_12,ADX,Stochastic,SMA_50,Volume_MA,MACD,BB_Upper,MACD_Signal,Rolling_Volatility",OBV
INFY,2022-06-29,2022,1,Sideways,0,0.8419,SELL,0,1,0.5027,NO TRADE,1,10,"EMA_12,ADX,OBV,Volume_MA,Rolling_Mean_Return,Stochastic,SMA_50,MACD_Hist,SMA_20,SMA_10",EMA_12
INFY,2022-06-30,2022,1,Sideways,0,0.8116,SELL,0,0,0.5251,NO TRADE,0,10,"EMA_12,ADX,OBV,Volume_MA,Rolling_Mean_Return,Stochastic,SMA_50,MACD_Hist,SMA_20,SMA_10",EMA_12
INFY,2022-07-01,2022,1,Sideways,0,0.8319,SELL,0,1,0.541,NO TRADE,1,10,"EMA_12,ADX,OBV,Volume_MA,Rolling_Mean_Return,Stochastic,SMA_50,MACD_Hist,SMA_20,SMA_10",EMA_12
INFY,2022-07-04,2022,1,Sideways,0,0.6558,SELL,0,1,0.6611,BUY,1,10,"EMA_12,ADX,OBV,Volume_MA,Rolling_Mean_Return,Stochastic,SMA_50,MACD_Hist,SMA_20,SMA_10",EMA_12
INFY,2022-07-05,2022,1,Sideways,0,0.6312,SELL,0,1,0.7987,BUY,1,10,"EMA_12,ADX,OBV,Volume_MA,Rolling_Mean_Return,Stochastic,SMA_50,MACD_Hist,SMA_20,SMA_10",EMA_12
INFY,2022-07-06,2022,1,Sideways,0,0.5599,SELL,0,1,0.8295,BUY,1,10,"EMA_12,ADX,OBV,Volume_MA,Rolling_Mean_Return,Stochastic,SMA_50,MACD_Hist,SMA_20,SMA_10",EMA_12
INFY,2022-07-07,2022,1,Sideways,1,0.7489,BUY,1,1,0.8449,BUY,1,10,"EMA_12,ADX,OBV,Volume_MA,Rolling_Mean_Return,Stochastic,SMA_50,MACD_Hist,SMA_20,SMA_10",EMA_12
INFY,2022-07-08,2022,1,Sideways,1,0.702,BUY,1,1,0.8584,BUY,1,10,"EMA_12,ADX,OBV,Volume_MA,Rolling_Mean_Return,Stochastic,SMA_50,MACD_Hist,SMA_20,SMA_10",EMA_12
INFY,2022-07-11,2022,1,Sideways,1,0.7196,BUY,1,1,0.8701,BUY,1,10,"EMA_12,ADX,OBV,Volume_MA,Rolling_Mean_Return,Stochastic,SMA_50,MACD_Hist,SMA_20,SMA_10",EMA_12
INFY,2022-07-12,2022,1,Sideways,1,0.7277,BUY,1,1,0.8807,BUY,1,10,"EMA_12,ADX,OBV,Volume_MA,Rolling_Mean_Return,Stochastic,SMA_50,MACD_Hist,SMA_20,SMA_10",EMA_12
INFY,2022-07-13,2022,1,Sideways,1,0.8817,BUY,1,1,0.8885,BUY,1,10,"EMA_12,ADX,OBV,Volume_MA,Rolling_Mean_Return,Stochastic,SMA_50,MACD_Hist,SMA_20,SMA_10",EMA_12
INFY,2022-07-14,2022,1,Sideways,1,0.8234,BUY,1,1,0.8958,BUY,1,10,"EMA_12,ADX,OBV,Volume_MA,Rolling_Mean_Return,Stochastic,SMA_50,MACD_Hist,SMA_20,SMA_10",EMA_12
INFY,2022-07-15,2022,1,Sideways,1,0.8672,BUY,1,1,0.9015,BUY,1,10,"EMA_12,ADX,OBV,Volume_MA,Rolling_Mean_Return,Stochastic,SMA_50,MACD_Hist,SMA_20,SMA_10",EMA_12
INFY,2022-07-18,2022,1,Sideways,1,0.6482,BUY,1,1,0.9062,BUY,1,10,"EMA_12,ADX,OBV,Volume_MA,Rolling_Mean_Return,Stochastic,SMA_50,MACD_Hist,SMA_20,SMA_10",EMA_12
INFY,2022-07-19,2022,1,Sideways,1,0.8793,BUY,1,1,0.9129,BUY,1,10,"EMA_12,ADX,OBV,Volume_MA,Rolling_Mean_Return,Stochastic,SMA_50,MACD_Hist,SMA_20,SMA_10",EMA_12
INFY,2022-07-20,2022,1,Sideways,1,0.8143,BUY,1,1,0.9172,BUY,1,10,"EMA_12,ADX,OBV,Volume_MA,Rolling_Mean_Return,Stochastic,SMA_50,MACD_Hist,SMA_20,SMA_10",EMA_12
INFY,2022-07-21,2022,1,Sideways,1,0.8048,BUY,1,1,0.9214,BUY,1,10,"EMA_12,ADX,OBV,Volume_MA,Rolling_Mean_Return,Stochastic,SMA_50,MACD_Hist,SMA_20,SMA_10",EMA_12
INFY,2022-07-22,2022,1,Sideways,1,0.8125,BUY,1,1,0.9275,BUY,1,10,"EMA_12,ADX,OBV,Volume_MA,Rolling_Mean_Return,Stochastic,SMA_50,MACD_Hist,SMA_20,SMA_10",EMA_12
INFY,2022-07-25,2022,1,Sideways,1,0.9395,BUY,1,1,0.9327,BUY,1,10,"EMA_12,ADX,OBV,Volume_MA,Rolling_Mean_Return,Stochastic,SMA_50,MACD_Hist,SMA_20,SMA_10",EMA_12
INFY,2022-07-26,2022,1,Sideways,1,0.7239,BUY,1,1,0.9375,BUY,1,10,"EMA_12,ADX,OBV,Volume_MA,Rolling_Mean_Return,Stochastic,SMA_50,MACD_Hist,SMA_20,SMA_10",EMA_12
INFY,2022-07-27,2022,1,Sideways,1,0.9187,BUY,1,1,0.9387,BUY,1,10,"EMA_12,ADX,OBV,Volume_MA,Rolling_Mean_Return,Stochastic,SMA_50,MACD_Hist,SMA_20,SMA_10",EMA_12
INFY,2022-07-28,2022,0,Sideways,1,0.8303,BUY,0,1,0.9402,BUY,0,10,"EMA_12,ADX,OBV,Volume_MA,Rolling_Mean_Return,Stochastic,SMA_50,MACD_Hist,SMA_20,SMA_10",EMA_12
INFY,2022-07-29,2022,0,Sideways,1,0.606,BUY,0,1,0.9262,BUY,0,10,"EMA_12,ADX,OBV,Volume_MA,Rolling_Mean_Return,Stochastic,SMA_50,MACD_Hist,SMA_20,SMA_10",EMA_12
INFY,2022-08-01,2022,0,Sideways,1,0.7405,BUY,0,1,0.8918,BUY,0,10,"EMA_12,ADX,OBV,Volume_MA,Rolling_Mean_Return,Stochastic,SMA_50,MACD_Hist,SMA_20,SMA_10",EMA_12
INFY,2022-08-02,2022,0,Sideways,1,0.5615,BUY,0,1,0.8168,BUY,0,10,"EMA_12,ADX,OBV,Volume_MA,Rolling_Mean_Return,Stochastic,SMA_50,MACD_Hist,SMA_20,SMA_10",EMA_12
INFY,2022-08-03,2022,0,Sideways,0,0.573,SELL,1,1,0.6138,BUY,0,10,"EMA_12,ADX,OBV,Volume_MA,Rolling_Mean_Return,Stochastic,SMA_50,MACD_Hist,SMA_20,SMA_10",EMA_12
INFY,2022-08-04,2022,0,Sideways,0,0.7309,SELL,1,0,0.5081,NO TRADE,1,10,"EMA_12,ADX,OBV,Volume_MA,Rolling_Mean_Return,Stochastic,SMA_50,MACD_Hist,SMA_20,SMA_10",EMA_12
INFY,2022-08-05,2022,0,Sideways,0,0.6907,SELL,1,0,0.5351,NO TRADE,1,10,"EMA_12,ADX,OBV,Volume_MA,Rolling_Mean_Return,Stochastic,SMA_50,MACD_Hist,SMA_20,SMA_10",EMA_12
INFY,2022-08-08,2022,0,Sideways,0,0.8657,SELL,1,0,0.603,SELL,1,10,"EMA_12,ADX,OBV,Volume_MA,Rolling_Mean_Return,Stochastic,SMA_50,MACD_Hist,SMA_20,SMA_10",EMA_12
INFY,2022-08-10,2022,0,Sideways,0,0.7466,SELL,1,0,0.6632,SELL,1,10,"EMA_12,ADX,OBV,Volume_MA,Rolling_Mean_Return,Stochastic,SMA_50,MACD_Hist,SMA_20,SMA_10",EMA_12
INFY,2022-08-11,2022,0,Sideways,0,0.8766,SELL,1,0,0.5416,NO TRADE,1,10,"EMA_12,RSI_14,ADX,MACD,MACD_Signal,Volume_MA,Rolling_Mean_Return,SMA_20,Stochastic,SMA_50",EMA_12
INFY,2022-08-12,2022,0,Sideways,0,0.7031,SELL,1,0,0.5297,NO TRADE,1,10,"EMA_12,RSI_14,ADX,MACD,MACD_Signal,Volume_MA,Rolling_Mean_Return,SMA_20,Stochastic,SMA_50",EMA_12
INFY,2022-08-16,2022,0,Sideways,0,0.557,SELL,1,0,0.5421,NO TRADE,1,10,"EMA_12,RSI_14,ADX,MACD,MACD_Signal,Volume_MA,Rolling_Mean_Return,SMA_20,Stochastic,SMA_50",EMA_12
INFY,2022-08-17,2022,0,Sideways,1,0.5342,NO TRADE,0,0,0.555,SELL,1,10,"EMA_12,RSI_14,ADX,MACD,MACD_Signal,Volume_MA,Rolling_Mean_Return,SMA_20,Stochastic,SMA_50",EMA_12
INFY,2022-08-18,2022,0,Sideways,0,0.6299,SELL,1,0,0.5157,NO TRADE,1,10,"EMA_12,RSI_14,ADX,MACD,MACD_Signal,Volume_MA,Rolling_Mean_Return,SMA_20,Stochastic,SMA_50",EMA_12
INFY,2022-08-19,2022,0,Sideways,0,0.5948,SELL,1,0,0.559,SELL,1,10,"EMA_12,RSI_14,ADX,MACD,MACD_Signal,Volume_MA,Rolling_Mean_Return,SMA_20,Stochastic,SMA_50",EMA_12
INFY,2022-08-22,2022,0,Sideways,0,0.5798,SELL,1,0,0.5719,SELL,1,10,"EMA_12,RSI_14,ADX,MACD,MACD_Signal,Volume_MA,Rolling_Mean_Return,SMA_20,Stochastic,SMA_50",EMA_12
INFY,2022-08-23,2022,0,Sideways,0,0.6493,SELL,1,0,0.5024,NO TRADE,1,10,"EMA_12,RSI_14,ADX,MACD,MACD_Signal,Volume_MA,Rolling_Mean_Return,SMA_20,Stochastic,SMA_50",EMA_12
INFY,2022-08-24,2022,0,Sideways,0,0.5778,SELL,1,0,0.5039,NO TRADE,1,10,"EMA_12,RSI_14,ADX,MACD,MACD_Signal,Volume_MA,Rolling_Mean_Return,SMA_20,Stochastic,SMA_50",EMA_12
INFY,2022-08-25,2022,0,Sideways,0,0.599,SELL,1,0,0.5336,NO TRADE,1,10,"EMA_12,RSI_14,ADX,MACD,MACD_Signal,Volume_MA,Rolling_Mean_Return,SMA_20,Stochastic,SMA_50",EMA_12
INFY,2022-08-26,2022,0,Sideways,0,0.6247,SELL,1,0,0.5588,SELL,1,10,"EMA_12,RSI_14,ADX,MACD,MACD_Signal,Volume_MA,Rolling_Mean_Return,SMA_20,Stochastic,SMA_50",EMA_12
INFY,2022-08-29,2022,0,Sideways,0,0.6902,SELL,1,0,0.5073,NO TRADE,1,10,"EMA_12,RSI_14,ADX,MACD,MACD_Signal,Volume_MA,Rolling_Mean_Return,SMA_20,Stochastic,SMA_50",EMA_12
INFY,2022-08-30,2022,0,Sideways,0,0.6046,SELL,1,0,0.5519,SELL,1,10,"EMA_12,RSI_14,ADX,MACD,MACD_Signal,Volume_MA,Rolling_Mean_Return,SMA_20,Stochastic,SMA_50",EMA_12
INFY,2022-09-01,2022,0,Sideways,0,0.7137,SELL,1,0,0.5068,NO TRADE,1,10,"EMA_12,RSI_14,ADX,MACD,MACD_Signal,Volume_MA,Rolling_Mean_Return,SMA_20,Stochastic,SMA_50",EMA_12
INFY,2022-09-02,2022,0,Sideways,0,0.7637,SELL,1,1,0.5714,BUY,0,10,"EMA_12,RSI_14,ADX,MACD,MACD_Signal,Volume_MA,Rolling_Mean_Return,SMA_20,Stochastic,SMA_50",EMA_12
INFY,2022-09-05,2022,0,Sideways,0,0.7454,SELL,1,1,0.57,BUY,0,10,"EMA_12,RSI_14,ADX,MACD,MACD_Signal,Volume_MA,Rolling_Mean_Return,SMA_20,Stochastic,SMA_50",EMA_12
INFY,2022-09-06,2022,0,Sideways,0,0.7605,SELL,1,1,0.5524,BUY,0,10,"EMA_12,RSI_14,ADX,MACD,MACD_Signal,Volume_MA,Rolling_Mean_Return,SMA_20,Stochastic,SMA_50",EMA_12
INFY,2022-09-07,2022,0,Sideways,0,0.7863,SELL,1,1,0.5157,NO TRADE,0,10,"EMA_12,RSI_14,ADX,MACD,MACD_Signal,Volume_MA,Rolling_Mean_Return,SMA_20,Stochastic,SMA_50",EMA_12
INFY,2022-09-08,2022,0,Sideways,0,0.7835,SELL,1,0,0.5614,SELL,1,10,"EMA_12,RSI_14,ADX,MACD,MACD_Signal,Volume_MA,Rolling_Mean_Return,SMA_20,Stochastic,SMA_50",EMA_12
INFY,2022-09-09,2022,0,Sideways,0,0.6165,SELL,1,0,0.5592,SELL,1,10,"EMA_12,RSI_14,ADX,MACD,MACD_Signal,Volume_MA,Rolling_Mean_Return,SMA_20,Stochastic,SMA_50",EMA_12
INFY,2022-09-12,2022,0,Sideways,0,0.6364,SELL,1,0,0.5458,NO TRADE,1,10,"EMA_12,RSI_14,ADX,MACD,MACD_Signal,Volume_MA,Rolling_Mean_Return,SMA_20,Stochastic,SMA_50",EMA_12
INFY,2022-09-13,2022,0,Sideways,0,0.6873,SELL,1,0,0.5357,NO TRADE,1,10,"EMA_12,RSI_14,ADX,MACD,MACD_Signal,Volume_MA,Rolling_Mean_Return,SMA_20,Stochastic,SMA_50",EMA_12
INFY,2022-09-14,2022,0,Sideways,0,0.5658,SELL,1,0,0.5404,NO TRADE,1,10,"EMA_12,RSI_14,ADX,MACD,MACD_Signal,Volume_MA,Rolling_Mean_Return,SMA_20,Stochastic,SMA_50",EMA_12
INFY,2022-09-15,2022,1,Sideways,0,0.6563,SELL,0,0,0.5966,SELL,0,10,"EMA_12,RSI_14,ADX,MACD,MACD_Signal,Volume_MA,Rolling_Mean_Return,SMA_20,Stochastic,SMA_50",EMA_12
INFY,2022-09-16,2022,1,Sideways,0,0.664,SELL,0,0,0.6598,SELL,0,10,"EMA_12,RSI_14,ADX,MACD,MACD_Signal,Volume_MA,Rolling_Mean_Return,SMA_20,Stochastic,SMA_50",EMA_12
INFY,2022-09-19,2022,1,Sideways,0,0.7346,SELL,0,0,0.6431,SELL,0,10,"EMA_12,RSI_14,ADX,MACD,MACD_Signal,Volume_MA,Rolling_Mean_Return,SMA_20,Stochastic,SMA_50",EMA_12
INFY,2022-09-20,2022,1,Sideways,0,0.7112,SELL,0,0,0.6061,SELL,0,10,"EMA_12,RSI_14,ADX,MACD,MACD_Signal,Volume_MA,Rolling_Mean_Return,SMA_20,Stochastic,SMA_50",EMA_12
INFY,2022-09-21,2022,1,Sideways,0,0.7396,SELL,0,1,0.5639,BUY,1,10,"EMA_12,RSI_14,ADX,MACD,MACD_Signal,Volume_MA,Rolling_Mean_Return,SMA_20,Stochastic,SMA_50",EMA_12
INFY,2022-09-22,2022,1,Sideways,0,0.5878,SELL,0,1,0.5878,BUY,1,10,"EMA_12,RSI_14,ADX,MACD,MACD_Signal,Volume_MA,Rolling_Mean_Return,SMA_20,Stochastic,SMA_50",EMA_12
INFY,2022-09-23,2022,1,Sideways,0,0.5704,SELL,0,1,0.6601,BUY,1,10,"EMA_12,RSI_14,ADX,MACD,MACD_Signal,Volume_MA,Rolling_Mean_Return,SMA_20,Stochastic,SMA_50",EMA_12
INFY,2022-09-26,2022,1,Sideways,0,0.5549,SELL,0,1,0.6077,BUY,1,10,"BB_Width,OBV,MACD_Hist,Rolling_Median_Return,Volume_MA,ADX,ROC,SMA_50,EMA_12,CCI",BB_Width
INFY,2022-09-27,2022,1,Sideways,1,0.5422,NO TRADE,1,1,0.7209,BUY,1,10,"BB_Width,OBV,MACD_Hist,Rolling_Median_Return,Volume_MA,ADX,ROC,SMA_50,EMA_12,CCI",BB_Width
INFY,2022-09-28,2022,1,Sideways,1,0.526,NO TRADE,1,1,0.6158,BUY,1,10,"BB_Width,OBV,MACD_Hist,Rolling_Median_Return,Volume_MA,ADX,ROC,SMA_50,EMA_12,CCI",BB_Width
INFY,2022-09-29,2022,1,Sideways,1,0.542,NO TRADE,1,1,0.7123,BUY,1,10,"BB_Width,OBV,MACD_Hist,Rolling_Median_Return,Volume_MA,ADX,ROC,SMA_50,EMA_12,CCI",BB_Width
INFY,2022-09-30,2022,1,Sideways,1,0.7203,BUY,1,1,0.6323,BUY,1,10,"BB_Width,OBV,MACD_Hist,Rolling_Median_Return,Volume_MA,ADX,ROC,SMA_50,EMA_12,CCI",BB_Width
INFY,2022-10-03,2022,1,Sideways,1,0.6787,BUY,1,1,0.6263,BUY,1,10,"BB_Width,OBV,MACD_Hist,Rolling_Median_Return,Volume_MA,ADX,ROC,SMA_50,EMA_12,CCI",BB_Width
INFY,2022-10-04,2022,1,Sideways,1,0.7452,BUY,1,1,0.6308,BUY,1,10,"BB_Width,OBV,MACD_Hist,Rolling_Median_Return,Volume_MA,ADX,ROC,SMA_50,EMA_12,CCI",BB_Width
INFY,2022-10-06,2022,1,Sideways,1,0.6503,BUY,1,1,0.5976,BUY,1,10,"BB_Width,OBV,MACD_Hist,Rolling_Median_Return,Volume_MA,ADX,ROC,SMA_50,EMA_12,CCI",BB_Width
INFY,2022-10-07,2022,1,Sideways,1,0.6533,BUY,1,1,0.6949,BUY,1,10,"BB_Width,OBV,MACD_Hist,Rolling_Median_Return,Volume_MA,ADX,ROC,SMA_50,EMA_12,CCI",BB_Width
INFY,2022-10-10,2022,1,Sideways,1,0.5625,BUY,1,1,0.5957,BUY,1,10,"BB_Width,OBV,MACD_Hist,Rolling_Median_Return,Volume_MA,ADX,ROC,SMA_50,EMA_12,CCI",BB_Width
INFY,2022-10-11,2022,1,Sideways,0,0.5805,SELL,0,1,0.7598,BUY,1,10,"BB_Width,OBV,MACD_Hist,Rolling_Median_Return,Volume_MA,ADX,ROC,SMA_50,EMA_12,CCI",BB_Width
INFY,2022-10-12,2022,1,Sideways,1,0.5352,NO TRADE,1,1,0.8249,BUY,1,10,"BB_Width,OBV,MACD_Hist,Rolling_Median_Return,Volume_MA,ADX,ROC,SMA_50,EMA_12,CCI",BB_Width
INFY,2022-10-13,2022,1,Sideways,1,0.6823,BUY,1,1,0.8333,BUY,1,10,"BB_Width,OBV,MACD_Hist,Rolling_Median_Return,Volume_MA,ADX,ROC,SMA_50,EMA_12,CCI",BB_Width
INFY,2022-10-14,2022,1,Sideways,1,0.634,BUY,1,1,0.8276,BUY,1,10,"BB_Width,OBV,MACD_Hist,Rolling_Median_Return,Volume_MA,ADX,ROC,SMA_50,EMA_12,CCI",BB_Width
INFY,2022-10-17,2022,1,Sideways,1,0.6546,BUY,1,1,0.7307,BUY,1,10,"BB_Width,OBV,MACD_Hist,Rolling_Median_Return,Volume_MA,ADX,ROC,SMA_50,EMA_12,CCI",BB_Width
INFY,2022-10-18,2022,1,Sideways,1,0.5344,NO TRADE,1,1,0.7109,BUY,1,10,"BB_Width,OBV,MACD_Hist,Rolling_Median_Return,Volume_MA,ADX,ROC,SMA_50,EMA_12,CCI",BB_Width
INFY,2022-10-19,2022,1,Sideways,1,0.6805,BUY,1,1,0.755,BUY,1,10,"BB_Width,OBV,MACD_Hist,Rolling_Median_Return,Volume_MA,ADX,ROC,SMA_50,EMA_12,CCI",BB_Width
INFY,2022-10-20,2022,1,Sideways,1,0.7207,BUY,1,1,0.7488,BUY,1,10,"BB_Width,OBV,MACD_Hist,Rolling_Median_Return,Volume_MA,ADX,ROC,SMA_50,EMA_12,CCI",BB_Width
INFY,2022-10-21,2022,1,Sideways,1,0.7956,BUY,1,1,0.7617,BUY,1,10,"BB_Width,OBV,MACD_Hist,Rolling_Median_Return,Volume_MA,ADX,ROC,SMA_50,EMA_12,CCI",BB_Width
INFY,2022-10-24,2022,1,Sideways,1,0.8227,BUY,1,1,0.7515,BUY,1,10,"BB_Width,OBV,MACD_Hist,Rolling_Median_Return,Volume_MA,ADX,ROC,SMA_50,EMA_12,CCI",BB_Width
INFY,2022-10-25,2022,1,Sideways,1,0.8072,BUY,1,1,0.7411,BUY,1,10,"BB_Width,OBV,MACD_Hist,Rolling_Median_Return,Volume_MA,ADX,ROC,SMA_50,EMA_12,CCI",BB_Width
INFY,2022-10-27,2022,1,Sideways,1,0.7576,BUY,1,1,0.6859,BUY,1,10,"BB_Width,OBV,MACD_Hist,Rolling_Median_Return,Volume_MA,ADX,ROC,SMA_50,EMA_12,CCI",BB_Width
INFY,2022-10-28,2022,1,Sideways,1,0.7883,BUY,1,1,0.7063,BUY,1,10,"BB_Width,OBV,MACD_Hist,Rolling_Median_Return,Volume_MA,ADX,ROC,SMA_50,EMA_12,CCI",BB_Width
INFY,2022-10-31,2022,1,Sideways,1,0.7579,BUY,1,1,0.6736,BUY,1,10,"BB_Width,OBV,MACD_Hist,Rolling_Median_Return,Volume_MA,ADX,ROC,SMA_50,EMA_12,CCI",BB_Width
INFY,2022-11-01,2022,1,Sideways,1,0.708,BUY,1,1,0.7173,BUY,1,10,"BB_Width,OBV,MACD_Hist,Rolling_Median_Return,Volume_MA,ADX,ROC,SMA_50,EMA_12,CCI",BB_Width
INFY,2022-11-02,2022,1,Sideways,1,0.8607,BUY,1,1,0.7671,BUY,1,10,"BB_Width,OBV,MACD_Hist,Rolling_Median_Return,Volume_MA,ADX,ROC,SMA_50,EMA_12,CCI",BB_Width
INFY,2022-11-03,2022,1,Sideways,1,0.8468,BUY,1,1,0.799,BUY,1,10,"BB_Width,OBV,MACD_Hist,Rolling_Median_Return,Volume_MA,ADX,ROC,SMA_50,EMA_12,CCI",BB_Width
INFY,2022-11-04,2022,1,Sideways,1,0.8472,BUY,1,1,0.8175,BUY,1,10,"BB_Width,OBV,MACD_Hist,Rolling_Median_Return,Volume_MA,ADX,ROC,SMA_50,EMA_12,CCI",BB_Width
INFY,2022-11-07,2022,1,Sideways,1,0.8451,BUY,1,1,0.8204,BUY,1,10,"BB_Width,OBV,MACD_Hist,Rolling_Median_Return,Volume_MA,ADX,ROC,SMA_50,EMA_12,CCI",BB_Width
INFY,2022-11-09,2022,1,Sideways,1,0.8554,BUY,1,1,0.7339,BUY,1,10,"BB_Width,OBV,MACD_Hist,Rolling_Median_Return,Volume_MA,ADX,ROC,SMA_50,EMA_12,CCI",BB_Width
INFY,2022-11-10,2022,1,Sideways,1,0.8772,BUY,1,1,0.713,BUY,1,10,"EMA_26,BB_Width,ADX,MACD_Hist,EMA_12,SMA_50,BB_Upper,Rolling_Std_10,SMA_10,RSI_14",EMA_26
INFY,2022-11-11,2022,0,Sideways,1,0.7889,BUY,0,1,0.6365,BUY,0,10,"EMA_26,BB_Width,ADX,MACD_Hist,EMA_12,SMA_50,BB_Upper,Rolling_Std_10,SMA_10,RSI_14",EMA_26
INFY,2022-11-14,2022,0,Sideways,1,0.8045,BUY,0,0,0.5868,SELL,1,10,"EMA_26,BB_Width,ADX,MACD_Hist,EMA_12,SMA_50,BB_Upper,Rolling_Std_10,SMA_10,RSI_14",EMA_26
INFY,2022-11-15,2022,0,Sideways,1,0.7968,BUY,0,0,0.612,SELL,1,10,"EMA_26,BB_Width,ADX,MACD_Hist,EMA_12,SMA_50,BB_Upper,Rolling_Std_10,SMA_10,RSI_14",EMA_26
INFY,2022-11-16,2022,0,Sideways,1,0.7847,BUY,0,0,0.6237,SELL,1,10,"EMA_26,BB_Width,ADX,MACD_Hist,EMA_12,SMA_50,BB_Upper,Rolling_Std_10,SMA_10,RSI_14",EMA_26
INFY,2022-11-17,2022,0,Sideways,1,0.7197,BUY,0,0,0.7411,SELL,1,10,"EMA_26,BB_Width,ADX,MACD_Hist,EMA_12,SMA_50,BB_Upper,Rolling_Std_10,SMA_10,RSI_14",EMA_26
INFY,2022-11-18,2022,0,Sideways,1,0.5186,NO TRADE,0,0,0.6854,SELL,1,10,"EMA_26,BB_Width,ADX,MACD_Hist,EMA_12,SMA_50,BB_Upper,Rolling_Std_10,SMA_10,RSI_14",EMA_26
INFY,2022-11-21,2022,0,Sideways,0,0.5376,NO TRADE,1,1,0.5101,NO TRADE,0,10,"EMA_26,BB_Width,ADX,MACD_Hist,EMA_12,SMA_50,BB_Upper,Rolling_Std_10,SMA_10,RSI_14",EMA_26
INFY,2022-11-22,2022,0,Sideways,0,0.6533,SELL,1,0,0.628,SELL,1,10,"EMA_26,BB_Width,ADX,MACD_Hist,EMA_12,SMA_50,BB_Upper,Rolling_Std_10,SMA_10,RSI_14",EMA_26
INFY,2022-11-23,2022,0,Sideways,0,0.6571,SELL,1,0,0.7181,SELL,1,10,"EMA_26,BB_Width,ADX,MACD_Hist,EMA_12,SMA_50,BB_Upper,Rolling_Std_10,SMA_10,RSI_14",EMA_26
INFY,2022-11-24,2022,0,Sideways,0,0.7591,SELL,1,0,0.7711,SELL,1,10,"EMA_26,BB_Width,ADX,MACD_Hist,EMA_12,SMA_50,BB_Upper,Rolling_Std_10,SMA_10,RSI_14",EMA_26
INFY,2022-11-25,2022,0,Sideways,0,0.7022,SELL,1,0,0.8484,SELL,1,10,"EMA_26,BB_Width,ADX,MACD_Hist,EMA_12,SMA_50,BB_Upper,Rolling_Std_10,SMA_10,RSI_14",EMA_26
INFY,2022-11-28,2022,0,Sideways,0,0.6993,SELL,1,0,0.7909,SELL,1,10,"EMA_26,BB_Width,ADX,MACD_Hist,EMA_12,SMA_50,BB_Upper,Rolling_Std_10,SMA_10,RSI_14",EMA_26
INFY,2022-11-29,2022,0,Sideways,0,0.7067,SELL,1,0,0.8616,SELL,1,10,"EMA_26,BB_Width,ADX,MACD_Hist,EMA_12,SMA_50,BB_Upper,Rolling_Std_10,SMA_10,RSI_14",EMA_26
INFY,2022-11-30,2022,0,Sideways,0,0.6574,SELL,1,0,0.8883,SELL,1,10,"EMA_26,BB_Width,ADX,MACD_Hist,EMA_12,SMA_50,BB_Upper,Rolling_Std_10,SMA_10,RSI_14",EMA_26
INFY,2022-12-01,2022,0,Sideways,0,0.7637,SELL,1,0,0.8564,SELL,1,10,"EMA_26,BB_Width,ADX,MACD_Hist,EMA_12,SMA_50,BB_Upper,Rolling_Std_10,SMA_10,RSI_14",EMA_26
INFY,2022-12-02,2022,0,Sideways,0,0.7471,SELL,1,0,0.7983,SELL,1,10,"EMA_26,BB_Width,ADX,MACD_Hist,EMA_12,SMA_50,BB_Upper,Rolling_Std_10,SMA_10,RSI_14",EMA_26
INFY,2022-12-05,2022,0,Sideways,0,0.6615,SELL,1,0,0.8788,SELL,1,10,"EMA_26,BB_Width,ADX,MACD_Hist,EMA_12,SMA_50,BB_Upper,Rolling_Std_10,SMA_10,RSI_14",EMA_26
INFY,2022-12-06,2022,0,Sideways,0,0.7237,SELL,1,0,0.8201,SELL,1,10,"EMA_26,BB_Width,ADX,MACD_Hist,EMA_12,SMA_50,BB_Upper,Rolling_Std_10,SMA_10,RSI_14",EMA_26
INFY,2022-12-07,2022,0,Sideways,0,0.6854,SELL,1,0,0.8429,SELL,1,10,"EMA_26,BB_Width,ADX,MACD_Hist,EMA_12,SMA_50,BB_Upper,Rolling_Std_10,SMA_10,RSI_14",EMA_26
INFY,2022-12-08,2022,0,Sideways,0,0.692,SELL,1,0,0.8541,SELL,1,10,"EMA_26,BB_Width,ADX,MACD_Hist,EMA_12,SMA_50,BB_Upper,Rolling_Std_10,SMA_10,RSI_14",EMA_26
INFY,2022-12-09,2022,0,Sideways,0,0.6682,SELL,1,0,0.7486,SELL,1,10,"EMA_26,BB_Width,ADX,MACD_Hist,EMA_12,SMA_50,BB_Upper,Rolling_Std_10,SMA_10,RSI_14",EMA_26
INFY,2022-12-12,2022,0,Sideways,0,0.62,SELL,1,0,0.7529,SELL,1,10,"EMA_26,BB_Width,ADX,MACD_Hist,EMA_12,SMA_50,BB_Upper,Rolling_Std_10,SMA_10,RSI_14",EMA_26
INFY,2022-12-13,2022,0,Sideways,0,0.6426,SELL,1,0,0.8818,SELL,1,10,"EMA_26,BB_Width,ADX,MACD_Hist,EMA_12,SMA_50,BB_Upper,Rolling_Std_10,SMA_10,RSI_14",EMA_26
INFY,2022-12-14,2022,0,Sideways,0,0.6316,SELL,1,0,0.8874,SELL,1,10,"EMA_26,BB_Width,ADX,MACD_Hist,EMA_12,SMA_50,BB_Upper,Rolling_Std_10,SMA_10,RSI_14",EMA_26
INFY,2022-12-15,2022,0,Sideways,0,0.7378,SELL,1,0,0.86,SELL,1,10,"EMA_26,BB_Width,ADX,MACD_Hist,EMA_12,SMA_50,BB_Upper,Rolling_Std_10,SMA_10,RSI_14",EMA_26
INFY,2022-12-16,2022,0,Sideways,0,0.7437,SELL,1,0,0.7936,SELL,1,10,"EMA_26,BB_Width,ADX,MACD_Hist,EMA_12,SMA_50,BB_Upper,Rolling_Std_10,SMA_10,RSI_14",EMA_26
INFY,2022-12-19,2022,1,Sideways,0,0.7904,SELL,0,0,0.666,SELL,0,10,"EMA_26,BB_Width,ADX,MACD_Hist,EMA_12,SMA_50,BB_Upper,Rolling_Std_10,SMA_10,RSI_14",EMA_26
INFY,2022-12-20,2022,1,Sideways,0,0.6257,SELL,0,1,0.5056,NO TRADE,1,10,"EMA_26,BB_Width,ADX,MACD_Hist,EMA_12,SMA_50,BB_Upper,Rolling_Std_10,SMA_10,RSI_14",EMA_26
INFY,2022-12-21,2022,1,Sideways,0,0.6955,SELL,0,1,0.6548,BUY,1,10,"EMA_26,BB_Width,ADX,MACD_Hist,EMA_12,SMA_50,BB_Upper,Rolling_Std_10,SMA_10,RSI_14",EMA_26
INFY,2022-12-22,2022,1,Sideways,0,0.5757,SELL,0,1,0.5999,BUY,1,10,"EMA_26,SMA_20,SMA_50,MACD_Hist,Volume_MA,ADX,MFI,EMA_12,MACD,SMA_10",EMA_26
INFY,2022-12-23,2022,1,Sideways,1,0.5548,BUY,1,1,0.6047,BUY,1,10,"EMA_26,SMA_20,SMA_50,MACD_Hist,Volume_MA,ADX,MFI,EMA_12,MACD,SMA_10",EMA_26
INFY,2022-12-26,2022,1,Sideways,1,0.5504,BUY,1,1,0.6979,BUY,1,10,"EMA_26,SMA_20,SMA_50,MACD_Hist,Volume_MA,ADX,MFI,EMA_12,MACD,SMA_10",EMA_26
INFY,2022-12-27,2022,1,Sideways,1,0.6738,BUY,1,1,0.7577,BUY,1,10,"EMA_26,SMA_20,SMA_50,MACD_Hist,Volume_MA,ADX,MFI,EMA_12,MACD,SMA_10",EMA_26
INFY,2022-12-28,2022,1,Sideways,1,0.7524,BUY,1,1,0.9606,BUY,1,10,"EMA_26,SMA_20,SMA_50,MACD_Hist,Volume_MA,ADX,MFI,EMA_12,MACD,SMA_10",EMA_26
INFY,2022-12-29,2022,1,Sideways,1,0.8886,BUY,1,1,0.9649,BUY,1,10,"EMA_26,SMA_20,SMA_50,MACD_Hist,Volume_MA,ADX,MFI,EMA_12,MACD,SMA_10",EMA_26
INFY,2022-12-30,2022,1,Sideways,1,0.8977,BUY,1,1,0.9659,BUY,1,10,"EMA_26,SMA_20,SMA_50,MACD_Hist,Volume_MA,ADX,MFI,EMA_12,MACD,SMA_10",EMA_26
INFY,2023-01-02,2023,1,Sideways,1,0.9232,BUY,1,1,0.9973,BUY,1,10,"EMA_26,SMA_20,SMA_50,MACD_Hist,Volume_MA,ADX,MFI,EMA_12,MACD,SMA_10",EMA_26
INFY,2023-01-03,2023,1,Sideways,1,0.843,BUY,1,1,0.9954,BUY,1,10,"EMA_26,SMA_20,SMA_50,MACD_Hist,Volume_MA,ADX,MFI,EMA_12,MACD,SMA_10",EMA_26
INFY,2023-01-04,2023,1,Sideways,1,0.8624,BUY,1,1,0.9986,BUY,1,10,"EMA_26,SMA_20,SMA_50,MACD_Hist,Volume_MA,ADX,MFI,EMA_12,MACD,SMA_10",EMA_26
INFY,2023-01-05,2023,1,Sideways,1,0.9428,BUY,1,1,0.9781,BUY,1,10,"EMA_26,SMA_20,SMA_50,MACD_Hist,Volume_MA,ADX,MFI,EMA_12,MACD,SMA_10",EMA_26
INFY,2023-01-06,2023,1,Sideways,1,0.9389,BUY,1,1,0.8523,BUY,1,10,"EMA_26,SMA_20,SMA_50,MACD_Hist,Volume_MA,ADX,MFI,EMA_12,MACD,SMA_10",EMA_26
INFY,2023-01-09,2023,1,Sideways,1,0.892,BUY,1,1,0.849,BUY,1,10,"EMA_26,SMA_20,SMA_50,MACD_Hist,Volume_MA,ADX,MFI,EMA_12,MACD,SMA_10",EMA_26
INFY,2023-01-10,2023,1,Sideways,1,0.9143,BUY,1,1,0.8668,BUY,1,10,"EMA_26,SMA_20,SMA_50,MACD_Hist,Volume_MA,ADX,MFI,EMA_12,MACD,SMA_10",EMA_26
INFY,2023-01-11,2023,1,Sideways,1,0.9178,BUY,1,1,0.8636,BUY,1,10,"EMA_26,SMA_20,SMA_50,MACD_Hist,Volume_MA,ADX,MFI,EMA_12,MACD,SMA_10",EMA_26
INFY,2023-01-12,2023,1,Sideways,1,0.8155,BUY,1,1,0.9722,BUY,1,10,"EMA_26,SMA_20,SMA_50,MACD_Hist,Volume_MA,ADX,MFI,EMA_12,MACD,SMA_10",EMA_26
INFY,2023-01-13,2023,1,Sideways,1,0.8698,BUY,1,1,0.9692,BUY,1,10,"EMA_26,SMA_20,SMA_50,MACD_Hist,Volume_MA,ADX,MFI,EMA_12,MACD,SMA_10",EMA_26
INFY,2023-01-16,2023,1,Sideways,1,0.8318,BUY,1,1,0.99,BUY,1,10,"EMA_26,SMA_20,SMA_50,MACD_Hist,Volume_MA,ADX,MFI,EMA_12,MACD,SMA_10",EMA_26
INFY,2023-01-17,2023,1,Sideways,1,0.801,BUY,1,1,0.9513,BUY,1,10,"EMA_26,SMA_20,SMA_50,MACD_Hist,Volume_MA,ADX,MFI,EMA_12,MACD,SMA_10",EMA_26
INFY,2023-01-18,2023,1,Sideways,1,0.7788,BUY,1,1,0.9146,BUY,1,10,"EMA_26,SMA_20,SMA_50,MACD_Hist,Volume_MA,ADX,MFI,EMA_12,MACD,SMA_10",EMA_26
INFY,2023-01-19,2023,1,Sideways,1,0.7943,BUY,1,1,0.9204,BUY,1,10,"EMA_26,SMA_20,SMA_50,MACD_Hist,Volume_MA,ADX,MFI,EMA_12,MACD,SMA_10",EMA_26
INFY,2023-01-20,2023,1,Sideways,1,0.8562,BUY,1,1,0.952,BUY,1,10,"EMA_26,SMA_20,SMA_50,MACD_Hist,Volume_MA,ADX,MFI,EMA_12,MACD,SMA_10",EMA_26
INFY,2023-01-23,2023,1,Sideways,1,0.8586,BUY,1,1,0.9549,BUY,1,10,"EMA_26,SMA_20,SMA_50,MACD_Hist,Volume_MA,ADX,MFI,EMA_12,MACD,SMA_10",EMA_26
INFY,2023-01-24,2023,1,Sideways,1,0.7879,BUY,1,1,0.9608,BUY,1,10,"EMA_26,SMA_20,SMA_50,MACD_Hist,Volume_MA,ADX,MFI,EMA_12,MACD,SMA_10",EMA_26
INFY,2023-01-25,2023,1,Sideways,1,0.8762,BUY,1,1,0.9638,BUY,1,10,"EMA_26,SMA_20,SMA_50,MACD_Hist,Volume_MA,ADX,MFI,EMA_12,MACD,SMA_10",EMA_26
INFY,2023-01-27,2023,1,Sideways,1,0.8642,BUY,1,1,0.9857,BUY,1,10,"EMA_26,SMA_20,SMA_50,MACD_Hist,Volume_MA,ADX,MFI,EMA_12,MACD,SMA_10",EMA_26
INFY,2023-01-30,2023,0,Sideways,1,0.8595,BUY,0,1,0.9882,BUY,0,10,"EMA_26,SMA_20,SMA_50,MACD_Hist,Volume_MA,ADX,MFI,EMA_12,MACD,SMA_10",EMA_26
INFY,2023-01-31,2023,0,Sideways,1,0.7988,BUY,0,1,0.9377,BUY,0,10,"EMA_26,SMA_20,SMA_50,MACD_Hist,Volume_MA,ADX,MFI,EMA_12,MACD,SMA_10",EMA_26
INFY,2023-02-01,2023,0,Sideways,1,0.9007,BUY,0,1,0.8996,BUY,0,10,"EMA_26,SMA_20,SMA_50,MACD_Hist,Volume_MA,ADX,MFI,EMA_12,MACD,SMA_10",EMA_26
INFY,2023-02-02,2023,0,Sideways,1,0.9197,BUY,0,1,0.8892,BUY,0,10,"EMA_26,SMA_20,SMA_50,MACD_Hist,Volume_MA,ADX,MFI,EMA_12,MACD,SMA_10",EMA_26
INFY,2023-02-03,2023,0,Sideways,1,0.7738,BUY,0,1,0.8121,BUY,0,10,"EMA_26,MACD_Hist,Rolling_Median_Return,Rolling_Volatility,Volume_MA,SMA_50,MACD,BB_Width,SMA_10,SMA_20",EMA_26
INFY,2023-02-06,2023,0,Sideways,1,0.6222,BUY,0,1,0.6724,BUY,0,10,"EMA_26,MACD_Hist,Rolling_Median_Return,Rolling_Volatility,Volume_MA,SMA_50,MACD,BB_Width,SMA_10,SMA_20",EMA_26
INFY,2023-02-07,2023,0,Sideways,1,0.6425,BUY,0,1,0.5375,NO TRADE,0,10,"EMA_26,MACD_Hist,Rolling_Median_Return,Rolling_Volatility,Volume_MA,SMA_50,MACD,BB_Width,SMA_10,SMA_20",EMA_26
INFY,2023-02-08,2023,0,Sideways,1,0.5773,BUY,0,0,0.6153,SELL,1,10,"EMA_26,MACD_Hist,Rolling_Median_Return,Rolling_Volatility,Volume_MA,SMA_50,MACD,BB_Width,SMA_10,SMA_20",EMA_26
INFY,2023-02-09,2023,0,Sideways,1,0.5302,NO TRADE,0,0,0.5512,SELL,1,10,"EMA_26,MACD_Hist,Rolling_Median_Return,Rolling_Volatility,Volume_MA,SMA_50,MACD,BB_Width,SMA_10,SMA_20",EMA_26
INFY,2023-02-10,2023,0,Sideways,0,0.5106,NO TRADE,1,0,0.6584,SELL,1,10,"EMA_26,MACD_Hist,Rolling_Median_Return,Rolling_Volatility,Volume_MA,SMA_50,MACD,BB_Width,SMA_10,SMA_20",EMA_26
INFY,2023-02-13,2023,0,Sideways,0,0.5391,NO TRADE,1,0,0.6575,SELL,1,10,"EMA_26,MACD_Hist,Rolling_Median_Return,Rolling_Volatility,Volume_MA,SMA_50,MACD,BB_Width,SMA_10,SMA_20",EMA_26
INFY,2023-02-14,2023,0,Sideways,0,0.5458,NO TRADE,1,0,0.813,SELL,1,10,"EMA_26,MACD_Hist,Rolling_Median_Return,Rolling_Volatility,Volume_MA,SMA_50,MACD,BB_Width,SMA_10,SMA_20",EMA_26
INFY,2023-02-15,2023,0,Sideways,0,0.525,NO TRADE,1,0,0.8561,SELL,1,10,"EMA_26,MACD_Hist,Rolling_Median_Return,Rolling_Volatility,Volume_MA,SMA_50,MACD,BB_Width,SMA_10,SMA_20",EMA_26
INFY,2023-02-16,2023,0,Sideways,0,0.5203,NO TRADE,1,0,0.8847,SELL,1,10,"EMA_26,MACD_Hist,Rolling_Median_Return,Rolling_Volatility,Volume_MA,SMA_50,MACD,BB_Width,SMA_10,SMA_20",EMA_26
INFY,2023-02-17,2023,0,Sideways,0,0.5623,SELL,1,0,0.8956,SELL,1,10,"EMA_26,MACD_Hist,Rolling_Median_Return,Rolling_Volatility,Volume_MA,SMA_50,MACD,BB_Width,SMA_10,SMA_20",EMA_26
INFY,2023-02-20,2023,0,Sideways,0,0.5252,NO TRADE,1,0,0.8856,SELL,1,10,"EMA_26,MACD_Hist,Rolling_Median_Return,Rolling_Volatility,Volume_MA,SMA_50,MACD,BB_Width,SMA_10,SMA_20",EMA_26
INFY,2023-02-21,2023,0,Sideways,1,0.56,BUY,0,0,0.8162,SELL,1,10,"EMA_26,MACD_Hist,Rolling_Median_Return,Rolling_Volatility,Volume_MA,SMA_50,MACD,BB_Width,SMA_10,SMA_20",EMA_26
INFY,2023-02-22,2023,0,Sideways,1,0.5279,NO TRADE,0,0,0.8107,SELL,1,10,"EMA_26,MACD_Hist,Rolling_Median_Return,Rolling_Volatility,Volume_MA,SMA_50,MACD,BB_Width,SMA_10,SMA_20",EMA_26
INFY,2023-02-23,2023,0,Sideways,0,0.5594,SELL,1,0,0.8232,SELL,1,10,"EMA_26,MACD_Hist,Rolling_Median_Return,Rolling_Volatility,Volume_MA,SMA_50,MACD,BB_Width,SMA_10,SMA_20",EMA_26
INFY,2023-02-24,2023,0,Sideways,0,0.6324,SELL,1,0,0.8434,SELL,1,10,"EMA_26,MACD_Hist,Rolling_Median_Return,Rolling_Volatility,Volume_MA,SMA_50,MACD,BB_Width,SMA_10,SMA_20",EMA_26
INFY,2023-02-27,2023,0,Sideways,0,0.6558,SELL,1,0,0.7218,SELL,1,10,"EMA_26,MACD_Hist,Rolling_Median_Return,Rolling_Volatility,Volume_MA,SMA_50,MACD,BB_Width,SMA_10,SMA_20",EMA_26
INFY,2023-02-28,2023,0,Sideways,0,0.6022,SELL,1,0,0.635,SELL,1,10,"EMA_26,MACD_Hist,Rolling_Median_Return,Rolling_Volatility,Volume_MA,SMA_50,MACD,BB_Width,SMA_10,SMA_20",EMA_26
INFY,2023-03-01,2023,0,Sideways,0,0.5284,NO TRADE,1,0,0.5268,NO TRADE,1,10,"EMA_26,MACD_Hist,Rolling_Median_Return,Rolling_Volatility,Volume_MA,SMA_50,MACD,BB_Width,SMA_10,SMA_20",EMA_26
INFY,2023-03-02,2023,0,Sideways,0,0.6546,SELL,1,1,0.604,BUY,0,10,"EMA_26,MACD_Hist,Rolling_Median_Return,Rolling_Volatility,Volume_MA,SMA_50,MACD,BB_Width,SMA_10,SMA_20",EMA_26
INFY,2023-03-03,2023,0,Sideways,0,0.5759,SELL,1,1,0.5354,NO TRADE,0,10,"EMA_26,MACD_Hist,Rolling_Median_Return,Rolling_Volatility,Volume_MA,SMA_50,MACD,BB_Width,SMA_10,SMA_20",EMA_26
INFY,2023-03-06,2023,0,Sideways,1,0.5009,NO TRADE,0,1,0.5308,NO TRADE,0,10,"EMA_26,MACD_Hist,Rolling_Median_Return,Rolling_Volatility,Volume_MA,SMA_50,MACD,BB_Width,SMA_10,SMA_20",EMA_26
INFY,2023-03-08,2023,0,Sideways,0,0.6256,SELL,1,1,0.5179,NO TRADE,0,10,"EMA_26,MACD_Hist,Rolling_Median_Return,Rolling_Volatility,Volume_MA,SMA_50,MACD,BB_Width,SMA_10,SMA_20",EMA_26
INFY,2023-03-09,2023,0,Sideways,0,0.6481,SELL,1,0,0.5099,NO TRADE,1,10,"EMA_26,MACD_Hist,Rolling_Median_Return,Rolling_Volatility,Volume_MA,SMA_50,MACD,BB_Width,SMA_10,SMA_20",EMA_26
INFY,2023-03-10,2023,0,Sideways,0,0.5179,NO TRADE,1,0,0.5543,SELL,1,10,"EMA_26,MACD_Hist,Rolling_Median_Return,Rolling_Volatility,Volume_MA,SMA_50,MACD,BB_Width,SMA_10,SMA_20",EMA_26
INFY,2023-03-13,2023,0,Sideways,0,0.5473,NO TRADE,1,0,0.6581,SELL,1,10,"EMA_26,MACD_Hist,Rolling_Median_Return,Rolling_Volatility,Volume_MA,SMA_50,MACD,BB_Width,SMA_10,SMA_20",EMA_26
INFY,2023-03-14,2023,0,Sideways,1,0.6267,BUY,0,0,0.7327,SELL,1,10,"EMA_26,MACD_Hist,Rolling_Median_Return,Rolling_Volatility,Volume_MA,SMA_50,MACD,BB_Width,SMA_10,SMA_20",EMA_26
INFY,2023-03-15,2023,0,Sideways,0,0.5216,NO TRADE,1,0,0.7461,SELL,1,10,"EMA_26,MACD_Hist,Rolling_Median_Return,Rolling_Volatility,Volume_MA,SMA_50,MACD,BB_Width,SMA_10,SMA_20",EMA_26
INFY,2023-03-16,2023,0,Sideways,0,0.5765,SELL,1,0,0.7722,SELL,1,10,"EMA_26,MACD_Hist,Rolling_Median_Return,Rolling_Volatility,Volume_MA,SMA_50,MACD,BB_Width,SMA_10,SMA_20",EMA_26
INFY,2023-03-17,2023,0,Sideways,0,0.5755,SELL,1,0,0.816,SELL,1,10,"EMA_26,MACD_Hist,Rolling_Median_Return,Rolling_Volatility,Volume_MA,SMA_50,MACD,BB_Width,SMA_10,SMA_20",EMA_26
INFY,2023-03-20,2023,0,Sideways,0,0.6984,SELL,1,1,0.6632,BUY,0,10,"EMA_26,EMA_12,SMA_10,SMA_20,SMA_50,Rolling_Volatility,Volume_MA,BB_Upper,Rolling_Std_10,ATR_14",EMA_26
INFY,2023-03-21,2023,0,Sideways,0,0.6801,SELL,1,0,0.755,SELL,1,10,"EMA_26,EMA_12,SMA_10,SMA_20,SMA_50,Rolling_Volatility,Volume_MA,BB_Upper,Rolling_Std_10,ATR_14",EMA_26
INFY,2023-03-22,2023,0,Sideways,0,0.7022,SELL,1,0,0.7823,SELL,1,10,"EMA_26,EMA_12,SMA_10,SMA_20,SMA_50,Rolling_Volatility,Volume_MA,BB_Upper,Rolling_Std_10,ATR_14",EMA_26
INFY,2023-03-23,2023,0,Sideways,0,0.7873,SELL,1,0,0.8412,SELL,1,10,"EMA_26,EMA_12,SMA_10,SMA_20,SMA_50,Rolling_Volatility,Volume_MA,BB_Upper,Rolling_Std_10,ATR_14",EMA_26
INFY,2023-03-24,2023,0,Sideways,0,0.6956,SELL,1,0,0.8579,SELL,1,10,"EMA_26,EMA_12,SMA_10,SMA_20,SMA_50,Rolling_Volatility,Volume_MA,BB_Upper,Rolling_Std_10,ATR_14",EMA_26
INFY,2023-03-27,2023,0,Sideways,0,0.5371,NO TRADE,1,0,0.8834,SELL,1,10,"EMA_26,EMA_12,SMA_10,SMA_20,SMA_50,Rolling_Volatility,Volume_MA,BB_Upper,Rolling_Std_10,ATR_14",EMA_26
INFY,2023-03-28,2023,0,Sideways,0,0.5988,SELL,1,0,0.899,SELL,1,10,"EMA_26,EMA_12,SMA_10,SMA_20,SMA_50,Rolling_Volatility,Volume_MA,BB_Upper,Rolling_Std_10,ATR_14",EMA_26
INFY,2023-03-29,2023,0,Sideways,0,0.5626,SELL,1,0,0.9128,SELL,1,10,"EMA_26,EMA_12,SMA_10,SMA_20,SMA_50,Rolling_Volatility,Volume_MA,BB_Upper,Rolling_Std_10,ATR_14",EMA_26
INFY,2023-03-31,2023,0,Sideways,0,0.6756,SELL,1,0,0.9267,SELL,1,10,"EMA_26,EMA_12,SMA_10,SMA_20,SMA_50,Rolling_Volatility,Volume_MA,BB_Upper,Rolling_Std_10,ATR_14",EMA_26
INFY,2023-04-03,2023,0,Sideways,0,0.6889,SELL,1,0,0.9367,SELL,1,10,"EMA_26,EMA_12,SMA_10,SMA_20,SMA_50,Rolling_Volatility,Volume_MA,BB_Upper,Rolling_Std_10,ATR_14",EMA_26
INFY,2023-04-05,2023,0,Sideways,0,0.654,SELL,1,0,0.941,SELL,1,10,"EMA_26,EMA_12,SMA_10,SMA_20,SMA_50,Rolling_Volatility,Volume_MA,BB_Upper,Rolling_Std_10,ATR_14",EMA_26
INFY,2023-04-06,2023,0,Sideways,0,0.655,SELL,1,0,0.943,SELL,1,10,"EMA_26,EMA_12,SMA_10,SMA_20,SMA_50,Rolling_Volatility,Volume_MA,BB_Upper,Rolling_Std_10,ATR_14",EMA_26
INFY,2023-04-10,2023,0,Sideways,0,0.667,SELL,1,0,0.9481,SELL,1,10,"EMA_26,EMA_12,SMA_10,SMA_20,SMA_50,Rolling_Volatility,Volume_MA,BB_Upper,Rolling_Std_10,ATR_14",EMA_26
INFY,2023-04-11,2023,0,Sideways,0,0.6549,SELL,1,0,0.9494,SELL,1,10,"EMA_26,EMA_12,SMA_10,SMA_20,SMA_50,Rolling_Volatility,Volume_MA,BB_Upper,Rolling_Std_10,ATR_14",EMA_26
INFY,2023-04-12,2023,0,Sideways,0,0.6273,SELL,1,0,0.9554,SELL,1,10,"EMA_26,EMA_12,SMA_10,SMA_20,SMA_50,Rolling_Volatility,Volume_MA,BB_Upper,Rolling_Std_10,ATR_14",EMA_26
INFY,2023-04-13,2023,0,Sideways,0,0.6128,SELL,1,0,0.9602,SELL,1,10,"EMA_26,EMA_12,SMA_10,SMA_20,SMA_50,Rolling_Volatility,Volume_MA,BB_Upper,Rolling_Std_10,ATR_14",EMA_26
INFY,2023-04-17,2023,1,Sideways,0,0.5156,NO TRADE,0,0,0.8394,SELL,0,10,"EMA_26,EMA_12,SMA_10,SMA_20,SMA_50,Rolling_Volatility,Volume_MA,BB_Upper,Rolling_Std_10,ATR_14",EMA_26
INFY,2023-04-18,2023,0,Sideways,0,0.5846,SELL,1,0,0.758,SELL,1,10,"EMA_26,EMA_12,SMA_10,SMA_20,SMA_50,Rolling_Volatility,Volume_MA,BB_Upper,Rolling_Std_10,ATR_14",EMA_26
INFY,2023-04-19,2023,1,Sideways,0,0.5072,NO TRADE,0,0,0.8179,SELL,0,10,"EMA_26,EMA_12,SMA_10,SMA_20,SMA_50,Rolling_Volatility,Volume_MA,BB_Upper,Rolling_Std_10,ATR_14",EMA_26
INFY,2023-04-20,2023,1,Sideways,1,0.5192,NO TRADE,1,0,0.7802,SELL,0,10,"EMA_26,EMA_12,SMA_10,SMA_20,SMA_50,Rolling_Volatility,Volume_MA,BB_Upper,Rolling_Std_10,ATR_14",EMA_26
INFY,2023-04-21,2023,1,Sideways,1,0.6719,BUY,1,0,0.7095,SELL,0,10,"EMA_26,EMA_12,SMA_10,SMA_20,SMA_50,Rolling_Volatility,Volume_MA,BB_Upper,Rolling_Std_10,ATR_14",EMA_26
INFY,2023-04-24,2023,1,Sideways,1,0.6551,BUY,1,1,0.5424,NO TRADE,1,10,"EMA_26,EMA_12,SMA_10,SMA_20,SMA_50,Rolling_Volatility,Volume_MA,BB_Upper,Rolling_Std_10,ATR_14",EMA_26
INFY,2023-04-25,2023,1,Sideways,1,0.6714,BUY,1,1,0.6075,BUY,1,10,"EMA_26,EMA_12,SMA_10,SMA_20,SMA_50,Rolling_Volatility,Volume_MA,BB_Upper,Rolling_Std_10,ATR_14",EMA_26
INFY,2023-04-26,2023,1,Sideways,1,0.6823,BUY,1,1,0.715,BUY,1,10,"EMA_26,EMA_12,SMA_10,SMA_20,SMA_50,Rolling_Volatility,Volume_MA,BB_Upper,Rolling_Std_10,ATR_14",EMA_26
INFY,2023-04-27,2023,1,Sideways,1,0.6921,BUY,1,1,0.7925,BUY,1,10,"EMA_26,EMA_12,SMA_10,SMA_20,SMA_50,Rolling_Volatility,Volume_MA,BB_Upper,Rolling_Std_10,ATR_14",EMA_26
INFY,2023-04-28,2023,1,Sideways,1,0.6935,BUY,1,1,0.8487,BUY,1,10,"EMA_26,EMA_12,SMA_10,SMA_20,SMA_50,Rolling_Volatility,Volume_MA,BB_Upper,Rolling_Std_10,ATR_14",EMA_26
INFY,2023-05-02,2023,1,Sideways,1,0.6638,BUY,1,1,0.8771,BUY,1,10,"EMA_26,EMA_12,SMA_10,SMA_20,SMA_50,Rolling_Volatility,Volume_MA,BB_Upper,Rolling_Std_10,ATR_14",EMA_26
INFY,2023-05-03,2023,1,Sideways,1,0.6621,BUY,1,1,0.8877,BUY,1,10,"EMA_26,EMA_12,SMA_10,SMA_20,SMA_50,Rolling_Volatility,Volume_MA,BB_Upper,Rolling_Std_10,ATR_14",EMA_26
INFY,2023-05-04,2023,1,Sideways,1,0.6272,BUY,1,1,0.8952,BUY,1,10,"EMA_26,EMA_12,SMA_10,SMA_20,SMA_50,Rolling_Volatility,Volume_MA,BB_Upper,Rolling_Std_10,ATR_14",EMA_26
INFY,2023-05-05,2023,1,Sideways,1,0.6575,BUY,1,1,0.9008,BUY,1,10,"EMA_26,EMA_12,SMA_10,SMA_20,SMA_50,Rolling_Volatility,Volume_MA,BB_Upper,Rolling_Std_10,ATR_14",EMA_26
INFY,2023-05-08,2023,1,Sideways,1,0.7001,BUY,1,1,0.6493,BUY,1,10,"EMA_26,Rolling_Volatility,SMA_10,Volume_MA,SMA_50,SMA_20,MACD,MACD_Hist,ADX,Stochastic",EMA_26
INFY,2023-05-09,2023,1,Sideways,1,0.7126,BUY,1,1,0.8735,BUY,1,10,"EMA_26,Rolling_Volatility,SMA_10,Volume_MA,SMA_50,SMA_20,MACD,MACD_Hist,ADX,Stochastic",EMA_26
INFY,2023-05-10,2023,1,Sideways,1,0.7223,BUY,1,1,0.998,BUY,1,10,"EMA_26,Rolling_Volatility,SMA_10,Volume_MA,SMA_50,SMA_20,MACD,MACD_Hist,ADX,Stochastic",EMA_26
INFY,2023-05-11,2023,1,Sideways,1,0.734,BUY,1,1,0.9985,BUY,1,10,"EMA_26,Rolling_Volatility,SMA_10,Volume_MA,SMA_50,SMA_20,MACD,MACD_Hist,ADX,Stochastic",EMA_26
INFY,2023-05-12,2023,1,Sideways,1,0.5583,BUY,1,1,0.9989,BUY,1,10,"EMA_26,Rolling_Volatility,SMA_10,Volume_MA,SMA_50,SMA_20,MACD,MACD_Hist,ADX,Stochastic",EMA_26
INFY,2023-05-15,2023,1,Sideways,1,0.639,BUY,1,1,0.999,BUY,1,10,"EMA_26,Rolling_Volatility,SMA_10,Volume_MA,SMA_50,SMA_20,MACD,MACD_Hist,ADX,Stochastic",EMA_26
INFY,2023-05-16,2023,1,Sideways,1,0.6296,BUY,1,1,0.888,BUY,1,10,"EMA_26,Rolling_Volatility,SMA_10,Volume_MA,SMA_50,SMA_20,MACD,MACD_Hist,ADX,Stochastic",EMA_26
INFY,2023-05-17,2023,1,Sideways,1,0.8511,BUY,1,1,0.8879,BUY,1,10,"EMA_26,Rolling_Volatility,SMA_10,Volume_MA,SMA_50,SMA_20,MACD,MACD_Hist,ADX,Stochastic",EMA_26
INFY,2023-05-18,2023,1,Sideways,1,0.86,BUY,1,1,0.9005,BUY,1,10,"EMA_26,Rolling_Volatility,SMA_10,Volume_MA,SMA_50,SMA_20,MACD,MACD_Hist,ADX,Stochastic",EMA_26
INFY,2023-05-19,2023,1,Sideways,1,0.9481,BUY,1,1,0.9774,BUY,1,10,"EMA_26,Rolling_Volatility,SMA_10,Volume_MA,SMA_50,SMA_20,MACD,MACD_Hist,ADX,Stochastic",EMA_26
INFY,2023-05-22,2023,1,Sideways,1,0.9481,BUY,1,1,0.9736,BUY,1,10,"EMA_26,Rolling_Volatility,SMA_10,Volume_MA,SMA_50,SMA_20,MACD,MACD_Hist,ADX,Stochastic",EMA_26
INFY,2023-05-23,2023,1,Sideways,1,0.8348,BUY,1,1,0.9366,BUY,1,10,"EMA_26,Rolling_Volatility,SMA_10,Volume_MA,SMA_50,SMA_20,MACD,MACD_Hist,ADX,Stochastic",EMA_26
INFY,2023-05-24,2023,1,Sideways,1,0.9471,BUY,1,1,0.9064,BUY,1,10,"EMA_26,Rolling_Volatility,SMA_10,Volume_MA,SMA_50,SMA_20,MACD,MACD_Hist,ADX,Stochastic",EMA_26
INFY,2023-05-25,2023,0,Sideways,1,0.8345,BUY,0,1,0.9067,BUY,0,10,"EMA_26,Rolling_Volatility,SMA_10,Volume_MA,SMA_50,SMA_20,MACD,MACD_Hist,ADX,Stochastic",EMA_26
INFY,2023-05-26,2023,0,Sideways,1,0.8326,BUY,0,1,0.7394,BUY,0,10,"EMA_26,Rolling_Volatility,SMA_10,Volume_MA,SMA_50,SMA_20,MACD,MACD_Hist,ADX,Stochastic",EMA_26
INFY,2023-05-29,2023,0,Sideways,1,0.715,BUY,0,1,0.6404,BUY,0,10,"EMA_26,Rolling_Volatility,SMA_10,Volume_MA,SMA_50,SMA_20,MACD,MACD_Hist,ADX,Stochastic",EMA_26
INFY,2023-05-30,2023,0,Sideways,1,0.6037,BUY,0,1,0.5807,BUY,0,10,"EMA_26,Rolling_Volatility,SMA_10,Volume_MA,SMA_50,SMA_20,MACD,MACD_Hist,ADX,Stochastic",EMA_26
INFY,2023-05-31,2023,0,Sideways,1,0.632,BUY,0,1,0.5454,NO TRADE,0,10,"EMA_26,Rolling_Volatility,SMA_10,Volume_MA,SMA_50,SMA_20,MACD,MACD_Hist,ADX,Stochastic",EMA_26
INFY,2023-06-01,2023,1,Sideways,1,0.5805,BUY,1,0,0.5094,NO TRADE,0,10,"EMA_26,Rolling_Volatility,SMA_10,Volume_MA,SMA_50,SMA_20,MACD,MACD_Hist,ADX,Stochastic",EMA_26
INFY,2023-06-02,2023,1,Sideways,1,0.6993,BUY,1,1,0.5719,BUY,1,10,"EMA_26,Rolling_Volatility,SMA_10,Volume_MA,SMA_50,SMA_20,MACD,MACD_Hist,ADX,Stochastic",EMA_26
INFY,2023-06-05,2023,1,Sideways,1,0.7098,BUY,1,1,0.6595,BUY,1,10,"EMA_26,Rolling_Volatility,SMA_10,Volume_MA,SMA_50,SMA_20,MACD,MACD_Hist,ADX,Stochastic",EMA_26
INFY,2023-06-06,2023,1,Sideways,1,0.8002,BUY,1,1,0.8582,BUY,1,10,"EMA_26,Rolling_Volatility,SMA_10,Volume_MA,SMA_50,SMA_20,MACD,MACD_Hist,ADX,Stochastic",EMA_26
INFY,2023-06-07,2023,1,Sideways,1,0.9173,BUY,1,1,0.8652,BUY,1,10,"EMA_26,Rolling_Volatility,SMA_10,Volume_MA,SMA_50,SMA_20,MACD,MACD_Hist,ADX,Stochastic",EMA_26
INFY,2023-06-08,2023,1,Sideways,1,0.9328,BUY,1,1,0.8733,BUY,1,10,"EMA_26,Rolling_Volatility,SMA_10,Volume_MA,SMA_50,SMA_20,MACD,MACD_Hist,ADX,Stochastic",EMA_26
INFY,2023-06-09,2023,1,Sideways,1,0.8053,BUY,1,1,0.8791,BUY,1,10,"EMA_26,Rolling_Volatility,SMA_10,Volume_MA,SMA_50,SMA_20,MACD,MACD_Hist,ADX,Stochastic",EMA_26
INFY,2023-06-12,2023,1,Sideways,1,0.9341,BUY,1,1,0.7875,BUY,1,10,"EMA_26,Rolling_Volatility,SMA_10,Volume_MA,SMA_50,SMA_20,MACD,MACD_Hist,ADX,Stochastic",EMA_26
INFY,2023-06-13,2023,1,Sideways,1,0.8426,BUY,1,1,0.8015,BUY,1,10,"EMA_26,Rolling_Volatility,SMA_10,Volume_MA,SMA_50,SMA_20,MACD,MACD_Hist,ADX,Stochastic",EMA_26
INFY,2023-06-14,2023,1,Sideways,1,0.9501,BUY,1,1,0.7915,BUY,1,10,"EMA_26,Rolling_Volatility,SMA_10,Volume_MA,SMA_50,SMA_20,MACD,MACD_Hist,ADX,Stochastic",EMA_26
INFY,2023-06-15,2023,1,Sideways,1,0.9498,BUY,1,1,0.7875,BUY,1,10,"EMA_26,Rolling_Volatility,SMA_10,Volume_MA,SMA_50,SMA_20,MACD,MACD_Hist,ADX,Stochastic",EMA_26
INFY,2023-06-16,2023,1,Sideways,1,0.8511,BUY,1,1,0.8968,BUY,1,10,"EMA_26,Rolling_Volatility,SMA_10,Volume_MA,SMA_50,SMA_20,MACD,MACD_Hist,ADX,Stochastic",EMA_26
INFY,2023-06-19,2023,1,Sideways,1,0.7749,BUY,1,1,0.7043,BUY,1,10,"SMA_20,Volume_MA,SMA_10,OBV,SMA_50,Rolling_Volatility,MFI,MACD_Signal,EMA_26,CCI",SMA_20
INFY,2023-06-20,2023,1,Sideways,1,0.8647,BUY,1,1,0.7926,BUY,1,10,"SMA_20,Volume_MA,SMA_10,OBV,SMA_50,Rolling_Volatility,MFI,MACD_Signal,EMA_26,CCI",SMA_20
INFY,2023-06-21,2023,1,Sideways,1,0.8661,BUY,1,1,0.8247,BUY,1,10,"SMA_20,Volume_MA,SMA_10,OBV,SMA_50,Rolling_Volatility,MFI,MACD_Signal,EMA_26,CCI",SMA_20
INFY,2023-06-22,2023,1,Sideways,1,0.8664,BUY,1,1,0.8575,BUY,1,10,"SMA_20,Volume_MA,SMA_10,OBV,SMA_50,Rolling_Volatility,MFI,MACD_Signal,EMA_26,CCI",SMA_20
INFY,2023-06-23,2023,1,Sideways,1,0.8659,BUY,1,1,0.8801,BUY,1,10,"SMA_20,Volume_MA,SMA_10,OBV,SMA_50,Rolling_Volatility,MFI,MACD_Signal,EMA_26,CCI",SMA_20
INFY,2023-06-26,2023,1,Sideways,1,0.8707,BUY,1,1,0.8919,BUY,1,10,"SMA_20,Volume_MA,SMA_10,OBV,SMA_50,Rolling_Volatility,MFI,MACD_Signal,EMA_26,CCI",SMA_20
INFY,2023-06-27,2023,1,Sideways,1,0.8713,BUY,1,1,0.8973,BUY,1,10,"SMA_20,Volume_MA,SMA_10,OBV,SMA_50,Rolling_Volatility,MFI,MACD_Signal,EMA_26,CCI",SMA_20
INFY,2023-06-28,2023,1,Sideways,1,0.8717,BUY,1,1,0.8826,BUY,1,10,"SMA_20,Volume_MA,SMA_10,OBV,SMA_50,Rolling_Volatility,MFI,MACD_Signal,EMA_26,CCI",SMA_20
INFY,2023-06-30,2023,1,Sideways,1,0.807,BUY,1,1,0.8933,BUY,1,10,"SMA_20,Volume_MA,SMA_10,OBV,SMA_50,Rolling_Volatility,MFI,MACD_Signal,EMA_26,CCI",SMA_20
INFY,2023-07-03,2023,1,Sideways,1,0.7338,BUY,1,1,0.8926,BUY,1,10,"SMA_20,Volume_MA,SMA_10,OBV,SMA_50,Rolling_Volatility,MFI,MACD_Signal,EMA_26,CCI",SMA_20
INFY,2023-07-04,2023,1,Sideways,1,0.6392,BUY,1,1,0.8919,BUY,1,10,"SMA_20,Volume_MA,SMA_10,OBV,SMA_50,Rolling_Volatility,MFI,MACD_Signal,EMA_26,CCI",SMA_20
INFY,2023-07-05,2023,1,Sideways,1,0.6736,BUY,1,1,0.8327,BUY,1,10,"SMA_20,Volume_MA,SMA_10,OBV,SMA_50,Rolling_Volatility,MFI,MACD_Signal,EMA_26,CCI",SMA_20
INFY,2023-07-06,2023,1,Sideways,1,0.722,BUY,1,1,0.8727,BUY,1,10,"SMA_20,Volume_MA,SMA_10,OBV,SMA_50,Rolling_Volatility,MFI,MACD_Signal,EMA_26,CCI",SMA_20
INFY,2023-07-07,2023,1,Sideways,1,0.7543,BUY,1,1,0.8769,BUY,1,10,"SMA_20,Volume_MA,SMA_10,OBV,SMA_50,Rolling_Volatility,MFI,MACD_Signal,EMA_26,CCI",SMA_20
INFY,2023-07-10,2023,1,Sideways,1,0.8207,BUY,1,1,0.8803,BUY,1,10,"SMA_20,Volume_MA,SMA_10,OBV,SMA_50,Rolling_Volatility,MFI,MACD_Signal,EMA_26,CCI",SMA_20
INFY,2023-07-11,2023,1,Sideways,1,0.8222,BUY,1,1,0.8748,BUY,1,10,"SMA_20,Volume_MA,SMA_10,OBV,SMA_50,Rolling_Volatility,MFI,MACD_Signal,EMA_26,CCI",SMA_20
INFY,2023-07-12,2023,1,Sideways,1,0.7675,BUY,1,1,0.8843,BUY,1,10,"SMA_20,Volume_MA,SMA_10,OBV,SMA_50,Rolling_Volatility,MFI,MACD_Signal,EMA_26,CCI",SMA_20
INFY,2023-07-13,2023,1,Sideways,1,0.7934,BUY,1,1,0.898,BUY,1,10,"SMA_20,Volume_MA,SMA_10,OBV,SMA_50,Rolling_Volatility,MFI,MACD_Signal,EMA_26,CCI",SMA_20
INFY,2023-07-14,2023,0,Sideways,1,0.7912,BUY,0,1,0.8922,BUY,0,10,"SMA_20,Volume_MA,SMA_10,OBV,SMA_50,Rolling_Volatility,MFI,MACD_Signal,EMA_26,CCI",SMA_20
INFY,2023-07-17,2023,0,Sideways,1,0.5327,NO TRADE,0,1,0.7751,BUY,0,10,"SMA_20,Volume_MA,SMA_10,OBV,SMA_50,Rolling_Volatility,MFI,MACD_Signal,EMA_26,CCI",SMA_20
INFY,2023-07-18,2023,0,Sideways,1,0.6399,BUY,0,1,0.7932,BUY,0,10,"SMA_20,Volume_MA,SMA_10,OBV,SMA_50,Rolling_Volatility,MFI,MACD_Signal,EMA_26,CCI",SMA_20
INFY,2023-07-19,2023,0,Sideways,1,0.5723,BUY,0,1,0.5258,NO TRADE,0,10,"SMA_20,Volume_MA,SMA_10,OBV,SMA_50,Rolling_Volatility,MFI,MACD_Signal,EMA_26,CCI",SMA_20
INFY,2023-07-20,2023,0,Sideways,0,0.6866,SELL,1,1,0.561,BUY,0,10,"SMA_20,Volume_MA,SMA_10,OBV,SMA_50,Rolling_Volatility,MFI,MACD_Signal,EMA_26,CCI",SMA_20
INFY,2023-07-21,2023,1,Sideways,1,0.5249,NO TRADE,1,1,0.7026,BUY,1,10,"SMA_20,Volume_MA,SMA_10,OBV,SMA_50,Rolling_Volatility,MFI,MACD_Signal,EMA_26,CCI",SMA_20
INFY,2023-07-24,2023,1,Sideways,1,0.6998,BUY,1,1,0.8222,BUY,1,10,"SMA_20,Volume_MA,SMA_10,OBV,SMA_50,Rolling_Volatility,MFI,MACD_Signal,EMA_26,CCI",SMA_20
INFY,2023-07-25,2023,1,Sideways,1,0.7066,BUY,1,1,0.8316,BUY,1,10,"SMA_20,Volume_MA,SMA_10,OBV,SMA_50,Rolling_Volatility,MFI,MACD_Signal,EMA_26,CCI",SMA_20
INFY,2023-07-26,2023,1,Sideways,1,0.7422,BUY,1,1,0.8377,BUY,1,10,"SMA_20,Volume_MA,SMA_10,OBV,SMA_50,Rolling_Volatility,MFI,MACD_Signal,EMA_26,CCI",SMA_20
INFY,2023-07-27,2023,1,Sideways,1,0.7788,BUY,1,1,0.8394,BUY,1,10,"SMA_20,Volume_MA,SMA_10,OBV,SMA_50,Rolling_Volatility,MFI,MACD_Signal,EMA_26,CCI",SMA_20
INFY,2023-07-28,2023,1,Sideways,1,0.8036,BUY,1,1,0.8509,BUY,1,10,"SMA_20,Volume_MA,SMA_10,OBV,SMA_50,Rolling_Volatility,MFI,MACD_Signal,EMA_26,CCI",SMA_20
INFY,2023-07-31,2023,1,Sideways,1,0.8598,BUY,1,1,0.8624,BUY,1,10,"SMA_20,Volume_MA,SMA_10,OBV,SMA_50,Rolling_Volatility,MFI,MACD_Signal,EMA_26,CCI",SMA_20
INFY,2023-08-01,2023,1,Sideways,1,0.8633,BUY,1,1,0.9382,BUY,1,10,"Volume_MA,SMA_10,SMA_50,SMA_20,OBV,Return_5d,Rolling_Median_Return,ATR_14,MACD_Signal,BB_Upper",Volume_MA
INFY,2023-08-02,2023,1,Sideways,1,0.8684,BUY,1,1,0.9442,BUY,1,10,"Volume_MA,SMA_10,SMA_50,SMA_20,OBV,Return_5d,Rolling_Median_Return,ATR_14,MACD_Signal,BB_Upper",Volume_MA
INFY,2023-08-03,2023,1,Sideways,1,0.807,BUY,1,1,0.9472,BUY,1,10,"Volume_MA,SMA_10,SMA_50,SMA_20,OBV,Return_5d,Rolling_Median_Return,ATR_14,MACD_Signal,BB_Upper",Volume_MA
INFY,2023-08-04,2023,1,Sideways,1,0.8831,BUY,1,1,0.947,BUY,1,10,"Volume_MA,SMA_10,SMA_50,SMA_20,OBV,Return_5d,Rolling_Median_Return,ATR_14,MACD_Signal,BB_Upper",Volume_MA
INFY,2023-08-07,2023,1,Sideways,1,0.839,BUY,1,1,0.9459,BUY,1,10,"Volume_MA,SMA_10,SMA_50,SMA_20,OBV,Return_5d,Rolling_Median_Return,ATR_14,MACD_Signal,BB_Upper",Volume_MA
INFY,2023-08-08,2023,1,Sideways,1,0.8401,BUY,1,1,0.9457,BUY,1,10,"Volume_MA,SMA_10,SMA_50,SMA_20,OBV,Return_5d,Rolling_Median_Return,ATR_14,MACD_Signal,BB_Upper",Volume_MA
INFY,2023-08-09,2023,1,Sideways,1,0.935,BUY,1,1,0.9443,BUY,1,10,"Volume_MA,SMA_10,SMA_50,SMA_20,OBV,Return_5d,Rolling_Median_Return,ATR_14,MACD_Signal,BB_Upper",Volume_MA
INFY,2023-08-10,2023,1,Sideways,1,0.9365,BUY,1,1,0.9447,BUY,1,10,"Volume_MA,SMA_10,SMA_50,SMA_20,OBV,Return_5d,Rolling_Median_Return,ATR_14,MACD_Signal,BB_Upper",Volume_MA
INFY,2023-08-11,2023,1,Sideways,1,0.9371,BUY,1,1,0.9453,BUY,1,10,"Volume_MA,SMA_10,SMA_50,SMA_20,OBV,Return_5d,Rolling_Median_Return,ATR_14,MACD_Signal,BB_Upper",Volume_MA
INFY,2023-08-14,2023,1,Sideways,1,0.9376,BUY,1,1,0.9435,BUY,1,10,"Volume_MA,SMA_10,SMA_50,SMA_20,OBV,Return_5d,Rolling_Median_Return,ATR_14,MACD_Signal,BB_Upper",Volume_MA
INFY,2023-08-16,2023,1,Sideways,1,0.9195,BUY,1,1,0.9382,BUY,1,10,"Volume_MA,SMA_10,SMA_50,SMA_20,OBV,Return_5d,Rolling_Median_Return,ATR_14,MACD_Signal,BB_Upper",Volume_MA
INFY,2023-08-17,2023,1,Sideways,1,0.8205,BUY,1,1,0.9323,BUY,1,10,"Volume_MA,SMA_10,SMA_50,SMA_20,OBV,Return_5d,Rolling_Median_Return,ATR_14,MACD_Signal,BB_Upper",Volume_MA
INFY,2023-08-18,2023,1,Sideways,1,0.9291,BUY,1,1,0.9309,BUY,1,10,"Volume_MA,SMA_10,SMA_50,SMA_20,OBV,Return_5d,Rolling_Median_Return,ATR_14,MACD_Signal,BB_Upper",Volume_MA
INFY,2023-08-21,2023,1,Sideways,1,0.7911,BUY,1,1,0.8499,BUY,1,10,"Volume_MA,SMA_10,SMA_50,SMA_20,OBV,Return_5d,Rolling_Median_Return,ATR_14,MACD_Signal,BB_Upper",Volume_MA
INFY,2023-08-22,2023,1,Sideways,1,0.8339,BUY,1,1,0.8444,BUY,1,10,"Volume_MA,SMA_10,SMA_50,SMA_20,OBV,Return_5d,Rolling_Median_Return,ATR_14,MACD_Signal,BB_Upper",Volume_MA
INFY,2023-08-23,2023,1,Sideways,1,0.7589,BUY,1,1,0.8407,BUY,1,10,"Volume_MA,SMA_10,SMA_50,SMA_20,OBV,Return_5d,Rolling_Median_Return,ATR_14,MACD_Signal,BB_Upper",Volume_MA
INFY,2023-08-24,2023,1,Sideways,1,0.7631,BUY,1,1,0.839,BUY,1,10,"Volume_MA,SMA_10,SMA_50,SMA_20,OBV,Return_5d,Rolling_Median_Return,ATR_14,MACD_Signal,BB_Upper",Volume_MA
INFY,2023-08-25,2023,1,Sideways,1,0.7642,BUY,1,1,0.8375,BUY,1,10,"Volume_MA,SMA_10,SMA_50,SMA_20,OBV,Return_5d,Rolling_Median_Return,ATR_14,MACD_Signal,BB_Upper",Volume_MA
INFY,2023-08-28,2023,1,Sideways,1,0.7633,BUY,1,1,0.839,BUY,1,10,"Volume_MA,SMA_10,SMA_50,SMA_20,OBV,Return_5d,Rolling_Median_Return,ATR_14,MACD_Signal,BB_Upper",Volume_MA
INFY,2023-08-29,2023,1,Sideways,1,0.9672,BUY,1,1,0.8424,BUY,1,10,"Volume_MA,SMA_10,SMA_50,SMA_20,OBV,Return_5d,Rolling_Median_Return,ATR_14,MACD_Signal,BB_Upper",Volume_MA
INFY,2023-08-30,2023,1,Sideways,1,0.9674,BUY,1,1,0.8468,BUY,1,10,"Volume_MA,SMA_10,SMA_50,SMA_20,OBV,Return_5d,Rolling_Median_Return,ATR_14,MACD_Signal,BB_Upper",Volume_MA
INFY,2023-08-31,2023,0,Sideways,1,0.7705,BUY,0,1,0.8377,BUY,0,10,"Volume_MA,SMA_10,SMA_50,SMA_20,OBV,Return_5d,Rolling_Median_Return,ATR_14,MACD_Signal,BB_Upper",Volume_MA
INFY,2023-09-01,2023,0,Sideways,1,0.6026,BUY,0,1,0.7091,BUY,0,10,"Volume_MA,SMA_10,SMA_50,SMA_20,OBV,Return_5d,Rolling_Median_Return,ATR_14,MACD_Signal,BB_Upper",Volume_MA
INFY,2023-09-04,2023,0,Sideways,1,0.7085,BUY,0,1,0.6783,BUY,0,10,"Volume_MA,SMA_10,SMA_50,SMA_20,OBV,Return_5d,Rolling_Median_Return,ATR_14,MACD_Signal,BB_Upper",Volume_MA
INFY,2023-09-05,2023,0,Sideways,0,0.5694,SELL,1,1,0.6529,BUY,0,10,"Volume_MA,SMA_10,SMA_50,SMA_20,OBV,Return_5d,Rolling_Median_Return,ATR_14,MACD_Signal,BB_Upper",Volume_MA
INFY,2023-09-06,2023,1,Sideways,1,0.5873,BUY,1,1,0.5046,NO TRADE,1,10,"Volume_MA,SMA_10,SMA_50,SMA_20,OBV,Return_5d,Rolling_Median_Return,ATR_14,MACD_Signal,BB_Upper",Volume_MA
INFY,2023-09-07,2023,1,Sideways,1,0.6573,BUY,1,1,0.6648,BUY,1,10,"Volume_MA,SMA_10,SMA_50,SMA_20,OBV,Return_5d,Rolling_Median_Return,ATR_14,MACD_Signal,BB_Upper",Volume_MA
INFY,2023-09-08,2023,1,Sideways,1,0.7217,BUY,1,1,0.6463,BUY,1,10,"Volume_MA,SMA_10,SMA_50,SMA_20,OBV,Return_5d,Rolling_Median_Return,ATR_14,MACD_Signal,BB_Upper",Volume_MA
INFY,2023-09-11,2023,1,Sideways,1,0.7383,BUY,1,1,0.668,BUY,1,10,"Volume_MA,SMA_10,SMA_50,SMA_20,OBV,Return_5d,Rolling_Median_Return,ATR_14,MACD_Signal,BB_Upper",Volume_MA
INFY,2023-09-12,2023,0,Sideways,1,0.6256,BUY,0,1,0.6877,BUY,0,10,"Volume_MA,SMA_10,SMA_50,SMA_20,OBV,Return_5d,Rolling_Median_Return,ATR_14,MACD_Signal,BB_Upper",Volume_MA
INFY,2023-09-13,2023,0,Sideways,1,0.7255,BUY,0,1,0.5874,BUY,0,10,"Rolling_Mean_Return,Rolling_Median_Return,SMA_10,BB_Upper,SMA_50,Return_5d,Volume_MA,MFI,RSI_14,OBV",Rolling_Mean_Return
INFY,2023-09-14,2023,0,Sideways,0,0.6131,SELL,1,1,0.5173,NO TRADE,0,10,"Rolling_Mean_Return,Rolling_Median_Return,SMA_10,BB_Upper,SMA_50,Return_5d,Volume_MA,MFI,RSI_14,OBV",Rolling_Mean_Return
INFY,2023-09-15,2023,0,Sideways,0,0.6927,SELL,1,1,0.5356,NO TRADE,0,10,"Rolling_Mean_Return,Rolling_Median_Return,SMA_10,BB_Upper,SMA_50,Return_5d,Volume_MA,MFI,RSI_14,OBV",Rolling_Mean_Return
INFY,2023-09-18,2023,0,Sideways,0,0.6266,SELL,1,0,0.5032,NO TRADE,1,10,"Rolling_Mean_Return,Rolling_Median_Return,SMA_10,BB_Upper,SMA_50,Return_5d,Volume_MA,MFI,RSI_14,OBV",Rolling_Mean_Return
INFY,2023-09-20,2023,0,Sideways,0,0.6204,SELL,1,1,0.5159,NO TRADE,0,10,"Rolling_Mean_Return,Rolling_Median_Return,SMA_10,BB_Upper,SMA_50,Return_5d,Volume_MA,MFI,RSI_14,OBV",Rolling_Mean_Return
INFY,2023-09-21,2023,0,Sideways,0,0.7588,SELL,1,0,0.6866,SELL,1,10,"Rolling_Mean_Return,Rolling_Median_Return,SMA_10,BB_Upper,SMA_50,Return_5d,Volume_MA,MFI,RSI_14,OBV",Rolling_Mean_Return
INFY,2023-09-22,2023,0,Sideways,0,0.8004,SELL,1,0,0.6552,SELL,1,10,"Rolling_Mean_Return,Rolling_Median_Return,SMA_10,BB_Upper,SMA_50,Return_5d,Volume_MA,MFI,RSI_14,OBV",Rolling_Mean_Return
INFY,2023-09-25,2023,0,Sideways,1,0.5165,NO TRADE,0,0,0.5455,NO TRADE,1,10,"Rolling_Mean_Return,Rolling_Median_Return,SMA_10,BB_Upper,SMA_50,Return_5d,Volume_MA,MFI,RSI_14,OBV",Rolling_Mean_Return
INFY,2023-09-26,2023,0,Sideways,0,0.6788,SELL,1,0,0.6085,SELL,1,10,"Rolling_Mean_Return,Rolling_Median_Return,SMA_10,BB_Upper,SMA_50,Return_5d,Volume_MA,MFI,RSI_14,OBV",Rolling_Mean_Return
INFY,2023-09-27,2023,0,Sideways,0,0.7617,SELL,1,0,0.523,NO TRADE,1,10,"Rolling_Mean_Return,Rolling_Median_Return,SMA_10,BB_Upper,SMA_50,Return_5d,Volume_MA,MFI,RSI_14,OBV",Rolling_Mean_Return
INFY,2023-09-28,2023,0,Sideways,0,0.9064,SELL,1,0,0.528,NO TRADE,1,10,"Rolling_Mean_Return,Rolling_Median_Return,SMA_10,BB_Upper,SMA_50,Return_5d,Volume_MA,MFI,RSI_14,OBV",Rolling_Mean_Return
INFY,2023-09-29,2023,0,Sideways,0,0.9255,SELL,1,0,0.567,SELL,1,10,"Rolling_Mean_Return,Rolling_Median_Return,SMA_10,BB_Upper,SMA_50,Return_5d,Volume_MA,MFI,RSI_14,OBV",Rolling_Mean_Return
INFY,2023-10-03,2023,0,Sideways,0,0.9209,SELL,1,0,0.5745,SELL,1,10,"Rolling_Mean_Return,Rolling_Median_Return,SMA_10,BB_Upper,SMA_50,Return_5d,Volume_MA,MFI,RSI_14,OBV",Rolling_Mean_Return
INFY,2023-10-04,2023,0,Sideways,0,0.9341,SELL,1,0,0.5803,SELL,1,10,"Rolling_Mean_Return,Rolling_Median_Return,SMA_10,BB_Upper,SMA_50,Return_5d,Volume_MA,MFI,RSI_14,OBV",Rolling_Mean_Return
INFY,2023-10-05,2023,0,Sideways,0,0.7998,SELL,1,0,0.709,SELL,1,10,"Rolling_Mean_Return,Rolling_Median_Return,SMA_10,BB_Upper,SMA_50,Return_5d,Volume_MA,MFI,RSI_14,OBV",Rolling_Mean_Return
INFY,2023-10-06,2023,0,Sideways,0,0.708,SELL,1,0,0.7157,SELL,1,10,"Rolling_Mean_Return,Rolling_Median_Return,SMA_10,BB_Upper,SMA_50,Return_5d,Volume_MA,MFI,RSI_14,OBV",Rolling_Mean_Return
INFY,2023-10-09,2023,0,Sideways,0,0.7064,SELL,1,0,0.7186,SELL,1,10,"Rolling_Mean_Return,Rolling_Median_Return,SMA_10,BB_Upper,SMA_50,Return_5d,Volume_MA,MFI,RSI_14,OBV",Rolling_Mean_Return
INFY,2023-10-10,2023,0,Sideways,0,0.6821,SELL,1,0,0.7337,SELL,1,10,"Rolling_Mean_Return,Rolling_Median_Return,SMA_10,BB_Upper,SMA_50,Return_5d,Volume_MA,MFI,RSI_14,OBV",Rolling_Mean_Return
INFY,2023-10-11,2023,0,Sideways,0,0.6646,SELL,1,0,0.748,SELL,1,10,"Rolling_Mean_Return,Rolling_Median_Return,SMA_10,BB_Upper,SMA_50,Return_5d,Volume_MA,MFI,RSI_14,OBV",Rolling_Mean_Return
INFY,2023-10-12,2023,0,Sideways,0,0.548,NO TRADE,1,0,0.7512,SELL,1,10,"Rolling_Mean_Return,Rolling_Median_Return,SMA_10,BB_Upper,SMA_50,Return_5d,Volume_MA,MFI,RSI_14,OBV",Rolling_Mean_Return
INFY,2023-10-13,2023,0,Sideways,0,0.5046,NO TRADE,1,0,0.5042,NO TRADE,1,10,"Rolling_Mean_Return,Rolling_Median_Return,SMA_10,BB_Upper,SMA_50,Return_5d,Volume_MA,MFI,RSI_14,OBV",Rolling_Mean_Return
INFY,2023-10-16,2023,0,Sideways,0,0.6192,SELL,1,0,0.6531,SELL,1,10,"Rolling_Mean_Return,Rolling_Median_Return,SMA_10,BB_Upper,SMA_50,Return_5d,Volume_MA,MFI,RSI_14,OBV",Rolling_Mean_Return
INFY,2023-10-17,2023,1,Sideways,0,0.7238,SELL,0,0,0.6868,SELL,0,10,"Rolling_Mean_Return,Rolling_Median_Return,SMA_10,BB_Upper,SMA_50,Return_5d,Volume_MA,MFI,RSI_14,OBV",Rolling_Mean_Return
INFY,2023-10-18,2023,1,Sideways,0,0.6545,SELL,0,0,0.5731,SELL,0,10,"Rolling_Mean_Return,Rolling_Median_Return,SMA_10,BB_Upper,SMA_50,Return_5d,Volume_MA,MFI,RSI_14,OBV",Rolling_Mean_Return
INFY,2023-10-19,2023,1,Sideways,0,0.8825,SELL,0,0,0.7694,SELL,0,10,"Rolling_Mean_Return,Rolling_Median_Return,SMA_10,BB_Upper,SMA_50,Return_5d,Volume_MA,MFI,RSI_14,OBV",Rolling_Mean_Return
INFY,2023-10-20,2023,1,Sideways,0,0.8648,SELL,0,0,0.7106,SELL,0,10,"Rolling_Mean_Return,Rolling_Median_Return,SMA_10,BB_Upper,SMA_50,Return_5d,Volume_MA,MFI,RSI_14,OBV",Rolling_Mean_Return
INFY,2023-10-23,2023,1,Sideways,0,0.7549,SELL,0,0,0.6174,SELL,0,10,"Rolling_Mean_Return,Rolling_Median_Return,SMA_10,BB_Upper,SMA_50,Return_5d,Volume_MA,MFI,RSI_14,OBV",Rolling_Mean_Return
INFY,2023-10-25,2023,1,Sideways,0,0.6419,SELL,0,1,0.5071,NO TRADE,1,10,"Rolling_Mean_Return,Rolling_Median_Return,SMA_10,BB_Upper,SMA_50,Return_5d,Volume_MA,MFI,RSI_14,OBV",Rolling_Mean_Return
INFY,2023-10-26,2023,1,Sideways,1,0.5883,BUY,1,1,0.6099,BUY,1,10,"Rolling_Mean_Return,Rolling_Median_Return,SMA_10,BB_Upper,SMA_50,Return_5d,Volume_MA,MFI,RSI_14,OBV",Rolling_Mean_Return
INFY,2023-10-27,2023,1,Sideways,1,0.6471,BUY,1,1,0.7786,BUY,1,10,"Rolling_Mean_Return,Rolling_Median_Return,SMA_10,BB_Upper,SMA_50,Return_5d,Volume_MA,MFI,RSI_14,OBV",Rolling_Mean_Return
INFY,2023-10-30,2023,1,Sideways,1,0.6989,BUY,1,1,0.5345,NO TRADE,1,10,"EMA_26,Volume_MA,OBV,SMA_50,SMA_20,MACD_Signal,EMA_12,ADX,BB_Width,SMA_10",EMA_26
INFY,2023-10-31,2023,1,Sideways,1,0.6885,BUY,1,1,0.5582,BUY,1,10,"EMA_26,Volume_MA,OBV,SMA_50,SMA_20,MACD_Signal,EMA_12,ADX,BB_Width,SMA_10",EMA_26
INFY,2023-11-01,2023,1,Sideways,1,0.5727,BUY,1,1,0.5391,NO TRADE,1,10,"EMA_26,Volume_MA,OBV,SMA_50,SMA_20,MACD_Signal,EMA_12,ADX,BB_Width,SMA_10",EMA_26
INFY,2023-11-02,2023,1,Sideways,1,0.7238,BUY,1,1,0.6616,BUY,1,10,"EMA_26,Volume_MA,OBV,SMA_50,SMA_20,MACD_Signal,EMA_12,ADX,BB_Width,SMA_10",EMA_26
INFY,2023-11-03,2023,1,Sideways,1,0.7557,BUY,1,1,0.6679,BUY,1,10,"EMA_26,Volume_MA,OBV,SMA_50,SMA_20,MACD_Signal,EMA_12,ADX,BB_Width,SMA_10",EMA_26
INFY,2023-11-06,2023,1,Sideways,1,0.7162,BUY,1,1,0.6842,BUY,1,10,"EMA_26,Volume_MA,OBV,SMA_50,SMA_20,MACD_Signal,EMA_12,ADX,BB_Width,SMA_10",EMA_26
INFY,2023-11-07,2023,1,Sideways,1,0.719,BUY,1,1,0.6959,BUY,1,10,"EMA_26,Volume_MA,OBV,SMA_50,SMA_20,MACD_Signal,EMA_12,ADX,BB_Width,SMA_10",EMA_26
INFY,2023-11-08,2023,1,Sideways,1,0.8167,BUY,1,1,0.7422,BUY,1,10,"EMA_26,Volume_MA,OBV,SMA_50,SMA_20,MACD_Signal,EMA_12,ADX,BB_Width,SMA_10",EMA_26
INFY,2023-11-09,2023,1,Sideways,1,0.8445,BUY,1,1,0.7645,BUY,1,10,"EMA_26,Volume_MA,OBV,SMA_50,SMA_20,MACD_Signal,EMA_12,ADX,BB_Width,SMA_10",EMA_26
INFY,2023-11-10,2023,1,Sideways,1,0.8415,BUY,1,1,0.7767,BUY,1,10,"EMA_26,Volume_MA,OBV,SMA_50,SMA_20,MACD_Signal,EMA_12,ADX,BB_Width,SMA_10",EMA_26
INFY,2023-11-13,2023,1,Sideways,1,0.8883,BUY,1,1,0.7943,BUY,1,10,"EMA_26,Volume_MA,OBV,SMA_50,SMA_20,MACD_Signal,EMA_12,ADX,BB_Width,SMA_10",EMA_26
INFY,2023-11-15,2023,1,Sideways,1,0.7717,BUY,1,1,0.7791,BUY,1,10,"EMA_26,Volume_MA,OBV,SMA_50,SMA_20,MACD_Signal,EMA_12,ADX,BB_Width,SMA_10",EMA_26
INFY,2023-11-16,2023,1,Sideways,1,0.6671,BUY,1,1,0.7536,BUY,1,10,"EMA_26,Volume_MA,OBV,SMA_50,SMA_20,MACD_Signal,EMA_12,ADX,BB_Width,SMA_10",EMA_26
INFY,2023-11-17,2023,1,Sideways,1,0.6403,BUY,1,1,0.72,BUY,1,10,"EMA_26,Volume_MA,OBV,SMA_50,SMA_20,MACD_Signal,EMA_12,ADX,BB_Width,SMA_10",EMA_26
INFY,2023-11-20,2023,1,Sideways,1,0.7088,BUY,1,1,0.7255,BUY,1,10,"EMA_26,Volume_MA,OBV,SMA_50,SMA_20,MACD_Signal,EMA_12,ADX,BB_Width,SMA_10",EMA_26
INFY,2023-11-21,2023,1,Sideways,1,0.7517,BUY,1,1,0.7407,BUY,1,10,"EMA_26,Volume_MA,OBV,SMA_50,SMA_20,MACD_Signal,EMA_12,ADX,BB_Width,SMA_10",EMA_26
INFY,2023-11-22,2023,1,Sideways,1,0.6329,BUY,1,1,0.7573,BUY,1,10,"EMA_26,Volume_MA,OBV,SMA_50,SMA_20,MACD_Signal,EMA_12,ADX,BB_Width,SMA_10",EMA_26
INFY,2023-11-23,2023,1,Sideways,1,0.6481,BUY,1,1,0.7793,BUY,1,10,"EMA_26,Volume_MA,OBV,SMA_50,SMA_20,MACD_Signal,EMA_12,ADX,BB_Width,SMA_10",EMA_26
INFY,2023-11-24,2023,1,Sideways,1,0.7578,BUY,1,1,0.8061,BUY,1,10,"EMA_26,Volume_MA,OBV,SMA_50,SMA_20,MACD_Signal,EMA_12,ADX,BB_Width,SMA_10",EMA_26
INFY,2023-11-28,2023,1,Sideways,1,0.777,BUY,1,1,0.8174,BUY,1,10,"EMA_26,Volume_MA,OBV,SMA_50,SMA_20,MACD_Signal,EMA_12,ADX,BB_Width,SMA_10",EMA_26
INFY,2023-11-29,2023,1,Sideways,1,0.7286,BUY,1,1,0.8211,BUY,1,10,"EMA_26,Volume_MA,OBV,SMA_50,SMA_20,MACD_Signal,EMA_12,ADX,BB_Width,SMA_10",EMA_26
INFY,2023-11-30,2023,1,Sideways,1,0.7081,BUY,1,1,0.8166,BUY,1,10,"EMA_26,Volume_MA,OBV,SMA_50,SMA_20,MACD_Signal,EMA_12,ADX,BB_Width,SMA_10",EMA_26
INFY,2023-12-01,2023,1,Sideways,1,0.6528,BUY,1,1,0.821,BUY,1,10,"EMA_26,Volume_MA,OBV,SMA_50,SMA_20,MACD_Signal,EMA_12,ADX,BB_Width,SMA_10",EMA_26
INFY,2023-12-04,2023,1,Sideways,1,0.6369,BUY,1,1,0.8237,BUY,1,10,"EMA_26,Volume_MA,OBV,SMA_50,SMA_20,MACD_Signal,EMA_12,ADX,BB_Width,SMA_10",EMA_26
INFY,2023-12-05,2023,1,Sideways,1,0.8826,BUY,1,1,0.828,BUY,1,10,"EMA_26,Volume_MA,OBV,SMA_50,SMA_20,MACD_Signal,EMA_12,ADX,BB_Width,SMA_10",EMA_26
INFY,2023-12-06,2023,1,Sideways,1,0.9857,BUY,1,1,0.8259,BUY,1,10,"EMA_26,Volume_MA,OBV,SMA_50,SMA_20,MACD_Signal,EMA_12,ADX,BB_Width,SMA_10",EMA_26
INFY,2023-12-07,2023,1,Sideways,1,0.9958,BUY,1,1,0.8322,BUY,1,10,"EMA_26,Volume_MA,OBV,SMA_50,SMA_20,MACD_Signal,EMA_12,ADX,BB_Width,SMA_10",EMA_26
INFY,2023-12-08,2023,1,Sideways,1,0.9129,BUY,1,1,0.8187,BUY,1,10,"EMA_26,Volume_MA,OBV,SMA_50,SMA_20,MACD_Signal,EMA_12,ADX,BB_Width,SMA_10",EMA_26
INFY,2023-12-11,2023,1,Sideways,1,0.6014,BUY,1,1,0.786,BUY,1,10,"EMA_26,Volume_MA,OBV,SMA_50,SMA_20,MACD_Signal,EMA_12,ADX,BB_Width,SMA_10",EMA_26
INFY,2023-12-12,2023,1,Sideways,1,0.5521,BUY,1,1,0.7895,BUY,1,10,"EMA_26,Volume_MA,OBV,SMA_50,SMA_20,MACD_Signal,EMA_12,ADX,BB_Width,SMA_10",EMA_26
INFY,2023-12-13,2023,1,Sideways,1,0.6486,BUY,1,1,0.5835,BUY,1,10,"OBV,SMA_10,SMA_50,Rolling_Median_Return,SMA_20,BB_Upper,Volume_Ratio,MACD_Signal,EMA_26,RSI_14",OBV
INFY,2023-12-14,2023,1,Sideways,1,0.6219,BUY,1,1,0.5798,BUY,1,10,"OBV,SMA_10,SMA_50,Rolling_Median_Return,SMA_20,BB_Upper,Volume_Ratio,MACD_Signal,EMA_26,RSI_14",OBV
INFY,2023-12-15,2023,1,Sideways,1,0.6303,BUY,1,0,0.6171,SELL,0,10,"OBV,SMA_10,SMA_50,Rolling_Median_Return,SMA_20,BB_Upper,Volume_Ratio,MACD_Signal,EMA_26,RSI_14",OBV
INFY,2023-12-18,2023,1,Sideways,1,0.7374,BUY,1,0,0.5873,SELL,0,10,"OBV,SMA_10,SMA_50,Rolling_Median_Return,SMA_20,BB_Upper,Volume_Ratio,MACD_Signal,EMA_26,RSI_14",OBV
INFY,2023-12-19,2023,1,Sideways,1,0.7749,BUY,1,1,0.5162,NO TRADE,1,10,"OBV,SMA_10,SMA_50,Rolling_Median_Return,SMA_20,BB_Upper,Volume_Ratio,MACD_Signal,EMA_26,RSI_14",OBV
INFY,2023-12-20,2023,1,Sideways,1,0.8171,BUY,1,1,0.7016,BUY,1,10,"OBV,SMA_10,SMA_50,Rolling_Median_Return,SMA_20,BB_Upper,Volume_Ratio,MACD_Signal,EMA_26,RSI_14",OBV
INFY,2023-12-21,2023,1,Sideways,1,0.8183,BUY,1,1,0.7451,BUY,1,10,"OBV,SMA_10,SMA_50,Rolling_Median_Return,SMA_20,BB_Upper,Volume_Ratio,MACD_Signal,EMA_26,RSI_14",OBV
INFY,2023-12-22,2023,1,Sideways,1,0.7907,BUY,1,1,0.6459,BUY,1,10,"OBV,SMA_10,SMA_50,Rolling_Median_Return,SMA_20,BB_Upper,Volume_Ratio,MACD_Signal,EMA_26,RSI_14",OBV
INFY,2023-12-26,2023,1,Sideways,1,0.7976,BUY,1,1,0.7786,BUY,1,10,"OBV,SMA_10,SMA_50,Rolling_Median_Return,SMA_20,BB_Upper,Volume_Ratio,MACD_Signal,EMA_26,RSI_14",OBV
INFY,2023-12-27,2023,1,Sideways,1,0.8088,BUY,1,1,0.6217,BUY,1,10,"OBV,SMA_10,SMA_50,Rolling_Median_Return,SMA_20,BB_Upper,Volume_Ratio,MACD_Signal,EMA_26,RSI_14",OBV
INFY,2023-12-28,2023,1,Sideways,1,0.8139,BUY,1,1,0.7151,BUY,1,10,"OBV,SMA_10,SMA_50,Rolling_Median_Return,SMA_20,BB_Upper,Volume_Ratio,MACD_Signal,EMA_26,RSI_14",OBV
INFY,2023-12-29,2023,1,Sideways,1,0.8526,BUY,1,1,0.8051,BUY,1,10,"OBV,SMA_10,SMA_50,Rolling_Median_Return,SMA_20,BB_Upper,Volume_Ratio,MACD_Signal,EMA_26,RSI_14",OBV
INFY,2024-01-01,2024,1,Sideways,1,0.7571,BUY,1,1,0.8504,BUY,1,10,"OBV,SMA_10,SMA_50,Rolling_Median_Return,SMA_20,BB_Upper,Volume_Ratio,MACD_Signal,EMA_26,RSI_14",OBV
INFY,2024-01-02,2024,1,Sideways,1,0.8298,BUY,1,1,0.8481,BUY,1,10,"OBV,SMA_10,SMA_50,Rolling_Median_Return,SMA_20,BB_Upper,Volume_Ratio,MACD_Signal,EMA_26,RSI_14",OBV
INFY,2024-01-03,2024,1,Sideways,1,0.7851,BUY,1,1,0.7604,BUY,1,10,"OBV,SMA_10,SMA_50,Rolling_Median_Return,SMA_20,BB_Upper,Volume_Ratio,MACD_Signal,EMA_26,RSI_14",OBV
INFY,2024-01-04,2024,1,Sideways,1,0.8697,BUY,1,1,0.8474,BUY,1,10,"OBV,SMA_10,SMA_50,Rolling_Median_Return,SMA_20,BB_Upper,Volume_Ratio,MACD_Signal,EMA_26,RSI_14",OBV
INFY,2024-01-05,2024,1,Sideways,1,0.8908,BUY,1,1,0.8453,BUY,1,10,"OBV,SMA_10,SMA_50,Rolling_Median_Return,SMA_20,BB_Upper,Volume_Ratio,MACD_Signal,EMA_26,RSI_14",OBV
INFY,2024-01-08,2024,1,Sideways,1,0.8707,BUY,1,1,0.8492,BUY,1,10,"OBV,SMA_10,SMA_50,Rolling_Median_Return,SMA_20,BB_Upper,Volume_Ratio,MACD_Signal,EMA_26,RSI_14",OBV
INFY,2024-01-09,2024,1,Sideways,1,0.9008,BUY,1,1,0.8493,BUY,1,10,"OBV,SMA_10,SMA_50,Rolling_Median_Return,SMA_20,BB_Upper,Volume_Ratio,MACD_Signal,EMA_26,RSI_14",OBV
INFY,2024-01-10,2024,1,Sideways,1,0.8874,BUY,1,1,0.8499,BUY,1,10,"OBV,SMA_10,SMA_50,Rolling_Median_Return,SMA_20,BB_Upper,Volume_Ratio,MACD_Signal,EMA_26,RSI_14",OBV
INFY,2024-01-11,2024,1,Sideways,1,0.8595,BUY,1,1,0.7705,BUY,1,10,"OBV,SMA_10,SMA_50,Rolling_Median_Return,SMA_20,BB_Upper,Volume_Ratio,MACD_Signal,EMA_26,RSI_14",OBV
INFY,2024-01-12,2024,1,Sideways,1,0.823,BUY,1,1,0.679,BUY,1,10,"OBV,SMA_10,SMA_50,Rolling_Median_Return,SMA_20,BB_Upper,Volume_Ratio,MACD_Signal,EMA_26,RSI_14",OBV
INFY,2024-01-15,2024,1,Sideways,1,0.8426,BUY,1,1,0.7723,BUY,1,10,"OBV,SMA_10,SMA_50,Rolling_Median_Return,SMA_20,BB_Upper,Volume_Ratio,MACD_Signal,EMA_26,RSI_14",OBV
INFY,2024-01-16,2024,1,Sideways,1,0.8567,BUY,1,1,0.8586,BUY,1,10,"OBV,SMA_10,SMA_50,Rolling_Median_Return,SMA_20,BB_Upper,Volume_Ratio,MACD_Signal,EMA_26,RSI_14",OBV
INFY,2024-01-17,2024,1,Sideways,1,0.8149,BUY,1,1,0.8191,BUY,1,10,"OBV,SMA_10,SMA_50,Rolling_Median_Return,SMA_20,BB_Upper,Volume_Ratio,MACD_Signal,EMA_26,RSI_14",OBV
INFY,2024-01-18,2024,1,Sideways,1,0.8305,BUY,1,1,0.7994,BUY,1,10,"OBV,SMA_10,SMA_50,Rolling_Median_Return,SMA_20,BB_Upper,Volume_Ratio,MACD_Signal,EMA_26,RSI_14",OBV
INFY,2024-01-19,2024,1,Sideways,1,0.8325,BUY,1,1,0.6866,BUY,1,10,"OBV,SMA_10,SMA_50,Rolling_Median_Return,SMA_20,BB_Upper,Volume_Ratio,MACD_Signal,EMA_26,RSI_14",OBV
INFY,2024-01-23,2024,1,Sideways,1,0.7847,BUY,1,1,0.7634,BUY,1,10,"OBV,SMA_10,SMA_50,Rolling_Median_Return,SMA_20,BB_Upper,Volume_Ratio,MACD_Signal,EMA_26,RSI_14",OBV
INFY,2024-01-24,2024,1,Sideways,1,0.6898,BUY,1,1,0.6421,BUY,1,10,"OBV,SMA_10,SMA_50,Rolling_Median_Return,SMA_20,BB_Upper,Volume_Ratio,MACD_Signal,EMA_26,RSI_14",OBV
INFY,2024-01-25,2024,1,Sideways,1,0.7829,BUY,1,1,0.645,BUY,1,10,"OBV,SMA_10,SMA_50,Rolling_Median_Return,SMA_20,BB_Upper,Volume_Ratio,MACD_Signal,EMA_26,RSI_14",OBV
INFY,2024-01-29,2024,1,Sideways,1,0.7843,BUY,1,0,0.6313,SELL,0,10,"OBV,SMA_10,SMA_50,MFI,High_Low_Pct,SMA_20,BB_Upper,MACD_Signal,MACD_Hist,BB_Width",OBV
INFY,2024-01-30,2024,1,Sideways,1,0.7804,BUY,1,1,0.5263,NO TRADE,1,10,"OBV,SMA_10,SMA_50,MFI,High_Low_Pct,SMA_20,BB_Upper,MACD_Signal,MACD_Hist,BB_Width",OBV
INFY,2024-01-31,2024,1,Sideways,1,0.7953,BUY,1,1,0.568,BUY,1,10,"OBV,SMA_10,SMA_50,MFI,High_Low_Pct,SMA_20,BB_Upper,MACD_Signal,MACD_Hist,BB_Width",OBV
INFY,2024-02-01,2024,1,Sideways,1,0.7885,BUY,1,1,0.5965,BUY,1,10,"OBV,SMA_10,SMA_50,MFI,High_Low_Pct,SMA_20,BB_Upper,MACD_Signal,MACD_Hist,BB_Width",OBV
INFY,2024-02-02,2024,0,Sideways,1,0.7952,BUY,0,0,0.5022,NO TRADE,1,10,"OBV,SMA_10,SMA_50,MFI,High_Low_Pct,SMA_20,BB_Upper,MACD_Signal,MACD_Hist,BB_Width",OBV
INFY,2024-02-05,2024,0,Sideways,1,0.578,BUY,0,1,0.5009,NO TRADE,0,10,"OBV,SMA_10,SMA_50,MFI,High_Low_Pct,SMA_20,BB_Upper,MACD_Signal,MACD_Hist,BB_Width",OBV
INFY,2024-02-06,2024,0,Sideways,1,0.5093,NO TRADE,0,1,0.6026,BUY,0,10,"OBV,SMA_10,SMA_50,MFI,High_Low_Pct,SMA_20,BB_Upper,MACD_Signal,MACD_Hist,BB_Width",OBV
INFY,2024-02-07,2024,0,Sideways,1,0.5654,BUY,0,0,0.6198,SELL,1,10,"OBV,SMA_10,SMA_50,MFI,High_Low_Pct,SMA_20,BB_Upper,MACD_Signal,MACD_Hist,BB_Width",OBV
INFY,2024-02-08,2024,0,Sideways,0,0.5863,SELL,1,0,0.6965,SELL,1,10,"OBV,SMA_10,SMA_50,MFI,High_Low_Pct,SMA_20,BB_Upper,MACD_Signal,MACD_Hist,BB_Width",OBV
INFY,2024-02-09,2024,0,Sideways,0,0.7373,SELL,1,0,0.7343,SELL,1,10,"OBV,SMA_10,SMA_50,MFI,High_Low_Pct,SMA_20,BB_Upper,MACD_Signal,MACD_Hist,BB_Width",OBV
INFY,2024-02-12,2024,0,Sideways,0,0.8002,SELL,1,0,0.834,SELL,1,10,"OBV,SMA_10,SMA_50,MFI,High_Low_Pct,SMA_20,BB_Upper,MACD_Signal,MACD_Hist,BB_Width",OBV
INFY,2024-02-13,2024,0,Sideways,0,0.6873,SELL,1,0,0.7971,SELL,1,10,"OBV,SMA_10,SMA_50,MFI,High_Low_Pct,SMA_20,BB_Upper,MACD_Signal,MACD_Hist,BB_Width",OBV
INFY,2024-02-14,2024,0,Sideways,0,0.7873,SELL,1,0,0.7392,SELL,1,10,"OBV,SMA_10,SMA_50,MFI,High_Low_Pct,SMA_20,BB_Upper,MACD_Signal,MACD_Hist,BB_Width",OBV
INFY,2024-02-15,2024,0,Sideways,0,0.7794,SELL,1,0,0.7874,SELL,1,10,"OBV,SMA_10,SMA_50,MFI,High_Low_Pct,SMA_20,BB_Upper,MACD_Signal,MACD_Hist,BB_Width",OBV
INFY,2024-02-16,2024,0,Sideways,0,0.7778,SELL,1,0,0.8329,SELL,1,10,"OBV,SMA_10,SMA_50,MFI,High_Low_Pct,SMA_20,BB_Upper,MACD_Signal,MACD_Hist,BB_Width",OBV
INFY,2024-02-19,2024,0,Sideways,0,0.7823,SELL,1,0,0.8411,SELL,1,10,"OBV,SMA_10,SMA_50,MFI,High_Low_Pct,SMA_20,BB_Upper,MACD_Signal,MACD_Hist,BB_Width",OBV
INFY,2024-02-20,2024,0,Sideways,0,0.799,SELL,1,0,0.841,SELL,1,10,"OBV,SMA_10,SMA_50,MFI,High_Low_Pct,SMA_20,BB_Upper,MACD_Signal,MACD_Hist,BB_Width",OBV
INFY,2024-02-21,2024,0,Sideways,0,0.8267,SELL,1,0,0.8376,SELL,1,10,"OBV,SMA_10,SMA_50,MFI,High_Low_Pct,SMA_20,BB_Upper,MACD_Signal,MACD_Hist,BB_Width",OBV
INFY,2024-02-22,2024,0,Sideways,0,0.6981,SELL,1,0,0.8361,SELL,1,10,"OBV,SMA_10,SMA_50,MFI,High_Low_Pct,SMA_20,BB_Upper,MACD_Signal,MACD_Hist,BB_Width",OBV
INFY,2024-02-23,2024,0,Sideways,0,0.7899,SELL,1,0,0.8452,SELL,1,10,"OBV,SMA_10,SMA_50,MFI,High_Low_Pct,SMA_20,BB_Upper,MACD_Signal,MACD_Hist,BB_Width",OBV
INFY,2024-02-26,2024,0,Sideways,0,0.6973,SELL,1,0,0.8403,SELL,1,10,"OBV,SMA_10,SMA_50,MFI,High_Low_Pct,SMA_20,BB_Upper,MACD_Signal,MACD_Hist,BB_Width",OBV
INFY,2024-02-27,2024,0,Sideways,0,0.7817,SELL,1,0,0.8424,SELL,1,10,"OBV,SMA_10,SMA_50,MFI,High_Low_Pct,SMA_20,BB_Upper,MACD_Signal,MACD_Hist,BB_Width",OBV
INFY,2024-02-28,2024,0,Sideways,0,0.7412,SELL,1,0,0.8527,SELL,1,10,"OBV,SMA_10,SMA_50,MFI,High_Low_Pct,SMA_20,BB_Upper,MACD_Signal,MACD_Hist,BB_Width",OBV
INFY,2024-02-29,2024,0,Sideways,0,0.6526,SELL,1,0,0.8525,SELL,1,10,"OBV,SMA_10,SMA_50,MFI,High_Low_Pct,SMA_20,BB_Upper,MACD_Signal,MACD_Hist,BB_Width",OBV
INFY,2024-03-01,2024,0,Sideways,0,0.7244,SELL,1,0,0.8464,SELL,1,10,"OBV,SMA_10,SMA_50,MFI,High_Low_Pct,SMA_20,BB_Upper,MACD_Signal,MACD_Hist,BB_Width",OBV
INFY,2024-03-04,2024,0,Sideways,0,0.7421,SELL,1,0,0.8748,SELL,1,10,"OBV,SMA_10,SMA_50,MFI,High_Low_Pct,SMA_20,BB_Upper,MACD_Signal,MACD_Hist,BB_Width",OBV
INFY,2024-03-05,2024,0,Sideways,0,0.6589,SELL,1,0,0.8625,SELL,1,10,"OBV,SMA_10,SMA_50,MFI,High_Low_Pct,SMA_20,BB_Upper,MACD_Signal,MACD_Hist,BB_Width",OBV
INFY,2024-03-06,2024,0,Sideways,0,0.6941,SELL,1,0,0.8936,SELL,1,10,"OBV,SMA_10,SMA_50,MFI,High_Low_Pct,SMA_20,BB_Upper,MACD_Signal,MACD_Hist,BB_Width",OBV
INFY,2024-03-07,2024,0,Sideways,0,0.7118,SELL,1,0,0.881,SELL,1,10,"OBV,SMA_10,SMA_50,MFI,High_Low_Pct,SMA_20,BB_Upper,MACD_Signal,MACD_Hist,BB_Width",OBV
INFY,2024-03-11,2024,0,Sideways,0,0.8776,SELL,1,0,0.8611,SELL,1,10,"OBV,SMA_10,SMA_50,MFI,High_Low_Pct,SMA_20,BB_Upper,MACD_Signal,MACD_Hist,BB_Width",OBV
INFY,2024-03-12,2024,0,Sideways,0,0.7149,SELL,1,0,0.7914,SELL,1,10,"SMA_20,OBV,SMA_10,Rolling_Volatility,BB_Upper,Williams_R,Rolling_Std_10,High_Low_Pct,MACD_Signal,Rolling_Median_Return",SMA_20
INFY,2024-03-13,2024,0,Sideways,0,0.6838,SELL,1,0,0.7827,SELL,1,10,"SMA_20,OBV,SMA_10,Rolling_Volatility,BB_Upper,Williams_R,Rolling_Std_10,High_Low_Pct,MACD_Signal,Rolling_Median_Return",SMA_20
INFY,2024-03-14,2024,0,Sideways,0,0.6232,SELL,1,0,0.7721,SELL,1,10,"SMA_20,OBV,SMA_10,Rolling_Volatility,BB_Upper,Williams_R,Rolling_Std_10,High_Low_Pct,MACD_Signal,Rolling_Median_Return",SMA_20
INFY,2024-03-15,2024,0,Sideways,0,0.6537,SELL,1,0,0.7553,SELL,1,10,"SMA_20,OBV,SMA_10,Rolling_Volatility,BB_Upper,Williams_R,Rolling_Std_10,High_Low_Pct,MACD_Signal,Rolling_Median_Return",SMA_20
INFY,2024-03-18,2024,0,Sideways,0,0.7118,SELL,1,0,0.715,SELL,1,10,"SMA_20,OBV,SMA_10,Rolling_Volatility,BB_Upper,Williams_R,Rolling_Std_10,High_Low_Pct,MACD_Signal,Rolling_Median_Return",SMA_20
INFY,2024-03-19,2024,0,Sideways,0,0.7047,SELL,1,0,0.6059,SELL,1,10,"SMA_20,OBV,SMA_10,Rolling_Volatility,BB_Upper,Williams_R,Rolling_Std_10,High_Low_Pct,MACD_Signal,Rolling_Median_Return",SMA_20
INFY,2024-03-20,2024,0,Sideways,0,0.6003,SELL,1,0,0.5609,SELL,1,10,"SMA_20,OBV,SMA_10,Rolling_Volatility,BB_Upper,Williams_R,Rolling_Std_10,High_Low_Pct,MACD_Signal,Rolling_Median_Return",SMA_20
INFY,2024-03-21,2024,0,Sideways,0,0.7208,SELL,1,0,0.5208,NO TRADE,1,10,"SMA_20,OBV,SMA_10,Rolling_Volatility,BB_Upper,Williams_R,Rolling_Std_10,High_Low_Pct,MACD_Signal,Rolling_Median_Return",SMA_20
INFY,2024-03-22,2024,0,Sideways,0,0.7812,SELL,1,1,0.5177,NO TRADE,0,10,"SMA_20,OBV,SMA_10,Rolling_Volatility,BB_Upper,Williams_R,Rolling_Std_10,High_Low_Pct,MACD_Signal,Rolling_Median_Return",SMA_20
INFY,2024-03-26,2024,0,Sideways,0,0.6858,SELL,1,1,0.5349,NO TRADE,0,10,"SMA_20,OBV,SMA_10,Rolling_Volatility,BB_Upper,Williams_R,Rolling_Std_10,High_Low_Pct,MACD_Signal,Rolling_Median_Return",SMA_20
INFY,2024-03-27,2024,0,Sideways,0,0.6591,SELL,1,1,0.514,NO TRADE,0,10,"SMA_20,OBV,SMA_10,Rolling_Volatility,BB_Upper,Williams_R,Rolling_Std_10,High_Low_Pct,MACD_Signal,Rolling_Median_Return",SMA_20
INFY,2024-03-28,2024,0,Sideways,0,0.6778,SELL,1,1,0.5234,NO TRADE,0,10,"SMA_20,OBV,SMA_10,Rolling_Volatility,BB_Upper,Williams_R,Rolling_Std_10,High_Low_Pct,MACD_Signal,Rolling_Median_Return",SMA_20
INFY,2024-04-01,2024,0,Sideways,0,0.7619,SELL,1,0,0.5297,NO TRADE,1,10,"SMA_20,OBV,SMA_10,Rolling_Volatility,BB_Upper,Williams_R,Rolling_Std_10,High_Low_Pct,MACD_Signal,Rolling_Median_Return",SMA_20
INFY,2024-04-02,2024,0,Sideways,0,0.727,SELL,1,0,0.5088,NO TRADE,1,10,"SMA_20,OBV,SMA_10,Rolling_Volatility,BB_Upper,Williams_R,Rolling_Std_10,High_Low_Pct,MACD_Signal,Rolling_Median_Return",SMA_20
INFY,2024-04-03,2024,0,Sideways,0,0.7473,SELL,1,0,0.5229,NO TRADE,1,10,"SMA_20,OBV,SMA_10,Rolling_Volatility,BB_Upper,Williams_R,Rolling_Std_10,High_Low_Pct,MACD_Signal,Rolling_Median_Return",SMA_20
INFY,2024-04-04,2024,0,Sideways,0,0.7383,SELL,1,0,0.5604,SELL,1,10,"SMA_20,OBV,SMA_10,Rolling_Volatility,BB_Upper,Williams_R,Rolling_Std_10,High_Low_Pct,MACD_Signal,Rolling_Median_Return",SMA_20
INFY,2024-04-05,2024,0,Sideways,0,0.7417,SELL,1,0,0.5606,SELL,1,10,"SMA_20,OBV,SMA_10,Rolling_Volatility,BB_Upper,Williams_R,Rolling_Std_10,High_Low_Pct,MACD_Signal,Rolling_Median_Return",SMA_20
INFY,2024-04-08,2024,0,Sideways,0,0.8315,SELL,1,0,0.5466,NO TRADE,1,10,"SMA_20,OBV,SMA_10,Rolling_Volatility,BB_Upper,Williams_R,Rolling_Std_10,High_Low_Pct,MACD_Signal,Rolling_Median_Return",SMA_20
INFY,2024-04-09,2024,0,Sideways,0,0.7341,SELL,1,0,0.5212,NO TRADE,1,10,"SMA_20,OBV,SMA_10,Rolling_Volatility,BB_Upper,Williams_R,Rolling_Std_10,High_Low_Pct,MACD_Signal,Rolling_Median_Return",SMA_20
INFY,2024-04-10,2024,0,Sideways,0,0.6774,SELL,1,1,0.5028,NO TRADE,0,10,"SMA_20,OBV,SMA_10,Rolling_Volatility,BB_Upper,Williams_R,Rolling_Std_10,High_Low_Pct,MACD_Signal,Rolling_Median_Return",SMA_20
INFY,2024-04-12,2024,0,Sideways,0,0.6923,SELL,1,1,0.5036,NO TRADE,0,10,"SMA_20,OBV,SMA_10,Rolling_Volatility,BB_Upper,Williams_R,Rolling_Std_10,High_Low_Pct,MACD_Signal,Rolling_Median_Return",SMA_20
INFY,2024-04-15,2024,0,Sideways,0,0.6807,SELL,1,1,0.5008,NO TRADE,0,10,"SMA_20,OBV,SMA_10,Rolling_Volatility,BB_Upper,Williams_R,Rolling_Std_10,High_Low_Pct,MACD_Signal,Rolling_Median_Return",SMA_20
INFY,2024-04-16,2024,1,Sideways,0,0.5515,SELL,0,0,0.5193,NO TRADE,0,10,"SMA_20,OBV,SMA_10,Rolling_Volatility,BB_Upper,Williams_R,Rolling_Std_10,High_Low_Pct,MACD_Signal,Rolling_Median_Return",SMA_20
INFY,2024-04-18,2024,1,Sideways,1,0.5552,BUY,1,0,0.5061,NO TRADE,0,10,"SMA_20,OBV,SMA_10,Rolling_Volatility,BB_Upper,Williams_R,Rolling_Std_10,High_Low_Pct,MACD_Signal,Rolling_Median_Return",SMA_20
INFY,2024-04-19,2024,1,Sideways,1,0.5915,BUY,1,1,0.5042,NO TRADE,1,10,"SMA_20,OBV,SMA_10,Rolling_Volatility,BB_Upper,Williams_R,Rolling_Std_10,High_Low_Pct,MACD_Signal,Rolling_Median_Return",SMA_20
INFY,2024-04-22,2024,1,Sideways,1,0.592,BUY,1,1,0.5318,NO TRADE,1,10,"SMA_20,OBV,SMA_10,Rolling_Volatility,BB_Upper,Williams_R,Rolling_Std_10,High_Low_Pct,MACD_Signal,Rolling_Median_Return",SMA_20
INFY,2024-04-23,2024,1,Sideways,1,0.754,BUY,1,1,0.6016,BUY,1,10,"SMA_20,OBV,SMA_10,Rolling_Volatility,BB_Upper,Williams_R,Rolling_Std_10,High_Low_Pct,MACD_Signal,Rolling_Median_Return",SMA_20
INFY,2024-04-24,2024,1,Sideways,1,0.766,BUY,1,1,0.6524,BUY,1,10,"SMA_20,OBV,SMA_10,Rolling_Volatility,BB_Upper,Williams_R,Rolling_Std_10,High_Low_Pct,MACD_Signal,Rolling_Median_Return",SMA_20
INFY,2024-04-25,2024,1,Sideways,1,0.7854,BUY,1,1,0.7049,BUY,1,10,"SMA_20,OBV,SMA_10,Rolling_Volatility,BB_Upper,Williams_R,Rolling_Std_10,High_Low_Pct,MACD_Signal,Rolling_Median_Return",SMA_20
INFY,2024-04-26,2024,1,Sideways,1,0.7403,BUY,1,1,0.7331,BUY,1,10,"SMA_20,OBV,SMA_10,Rolling_Volatility,BB_Upper,Williams_R,Rolling_Std_10,High_Low_Pct,MACD_Signal,Rolling_Median_Return",SMA_20
INFY,2024-04-29,2024,1,Sideways,1,0.8419,BUY,1,1,0.7559,BUY,1,10,"EMA_26,SMA_50,EMA_12,OBV,SMA_10,MACD,BB_Upper,MACD_Signal,Volume_MA,Rolling_Volatility",EMA_26
INFY,2024-04-30,2024,1,Sideways,1,0.8456,BUY,1,1,0.8261,BUY,1,10,"EMA_26,SMA_50,EMA_12,OBV,SMA_10,MACD,BB_Upper,MACD_Signal,Volume_MA,Rolling_Volatility",EMA_26
INFY,2024-05-02,2024,1,Sideways,1,0.8636,BUY,1,1,0.8414,BUY,1,10,"EMA_26,SMA_50,EMA_12,OBV,SMA_10,MACD,BB_Upper,MACD_Signal,Volume_MA,Rolling_Volatility",EMA_26
INFY,2024-05-03,2024,1,Sideways,1,0.8703,BUY,1,1,0.8701,BUY,1,10,"EMA_26,SMA_50,EMA_12,OBV,SMA_10,MACD,BB_Upper,MACD_Signal,Volume_MA,Rolling_Volatility",EMA_26
INFY,2024-05-06,2024,0,Sideways,1,0.9607,BUY,0,1,0.9445,BUY,0,10,"EMA_26,SMA_50,EMA_12,OBV,SMA_10,MACD,BB_Upper,MACD_Signal,Volume_MA,Rolling_Volatility",EMA_26
INFY,2024-05-07,2024,1,Sideways,1,0.9638,BUY,1,1,0.9297,BUY,1,10,"EMA_26,SMA_50,EMA_12,OBV,SMA_10,MACD,BB_Upper,MACD_Signal,Volume_MA,Rolling_Volatility",EMA_26
INFY,2024-05-08,2024,1,Sideways,1,0.8574,BUY,1,1,0.939,BUY,1,10,"EMA_26,SMA_50,EMA_12,OBV,SMA_10,MACD,BB_Upper,MACD_Signal,Volume_MA,Rolling_Volatility",EMA_26
INFY,2024-05-09,2024,1,Sideways,1,0.9652,BUY,1,1,0.9421,BUY,1,10,"EMA_26,SMA_50,EMA_12,OBV,SMA_10,MACD,BB_Upper,MACD_Signal,Volume_MA,Rolling_Volatility",EMA_26
INFY,2024-05-10,2024,1,Sideways,1,0.9654,BUY,1,1,0.9478,BUY,1,10,"EMA_26,SMA_50,EMA_12,OBV,SMA_10,MACD,BB_Upper,MACD_Signal,Volume_MA,Rolling_Volatility",EMA_26
INFY,2024-05-13,2024,1,Sideways,1,0.966,BUY,1,1,0.9519,BUY,1,10,"EMA_26,SMA_50,EMA_12,OBV,SMA_10,MACD,BB_Upper,MACD_Signal,Volume_MA,Rolling_Volatility",EMA_26
INFY,2024-05-14,2024,1,Sideways,1,0.9052,BUY,1,1,0.9508,BUY,1,10,"EMA_26,SMA_50,EMA_12,OBV,SMA_10,MACD,BB_Upper,MACD_Signal,Volume_MA,Rolling_Volatility",EMA_26
INFY,2024-05-15,2024,1,Sideways,1,0.9071,BUY,1,1,0.9498,BUY,1,10,"EMA_26,SMA_50,EMA_12,OBV,SMA_10,MACD,BB_Upper,MACD_Signal,Volume_MA,Rolling_Volatility",EMA_26
INFY,2024-05-16,2024,1,Sideways,1,0.857,BUY,1,1,0.9465,BUY,1,10,"EMA_26,SMA_50,EMA_12,OBV,SMA_10,MACD,BB_Upper,MACD_Signal,Volume_MA,Rolling_Volatility",EMA_26
INFY,2024-05-17,2024,1,Sideways,1,0.8577,BUY,1,1,0.932,BUY,1,10,"EMA_26,SMA_50,EMA_12,OBV,SMA_10,MACD,BB_Upper,MACD_Signal,Volume_MA,Rolling_Volatility",EMA_26
INFY,2024-05-21,2024,1,Sideways,1,0.8582,BUY,1,1,0.9153,BUY,1,10,"EMA_26,SMA_50,EMA_12,OBV,SMA_10,MACD,BB_Upper,MACD_Signal,Volume_MA,Rolling_Volatility",EMA_26
INFY,2024-05-22,2024,1,Sideways,1,0.857,BUY,1,1,0.9219,BUY,1,10,"EMA_26,SMA_50,EMA_12,OBV,SMA_10,MACD,BB_Upper,MACD_Signal,Volume_MA,Rolling_Volatility",EMA_26
INFY,2024-05-23,2024,1,Sideways,1,0.8047,BUY,1,1,0.9332,BUY,1,10,"EMA_26,SMA_50,EMA_12,OBV,SMA_10,MACD,BB_Upper,MACD_Signal,Volume_MA,Rolling_Volatility",EMA_26
INFY,2024-05-24,2024,1,Sideways,1,0.7778,BUY,1,1,0.9386,BUY,1,10,"EMA_26,SMA_50,EMA_12,OBV,SMA_10,MACD,BB_Upper,MACD_Signal,Volume_MA,Rolling_Volatility",EMA_26
INFY,2024-05-27,2024,1,Sideways,1,0.7774,BUY,1,1,0.9389,BUY,1,10,"EMA_26,SMA_50,EMA_12,OBV,SMA_10,MACD,BB_Upper,MACD_Signal,Volume_MA,Rolling_Volatility",EMA_26
INFY,2024-05-28,2024,1,Sideways,1,0.6613,BUY,1,1,0.9399,BUY,1,10,"EMA_26,SMA_50,EMA_12,OBV,SMA_10,MACD,BB_Upper,MACD_Signal,Volume_MA,Rolling_Volatility",EMA_26
INFY,2024-05-29,2024,1,Sideways,1,0.6985,BUY,1,1,0.9425,BUY,1,10,"EMA_26,SMA_50,EMA_12,OBV,SMA_10,MACD,BB_Upper,MACD_Signal,Volume_MA,Rolling_Volatility",EMA_26
INFY,2024-05-30,2024,1,Sideways,1,0.6082,BUY,1,1,0.9428,BUY,1,10,"EMA_26,SMA_50,EMA_12,OBV,SMA_10,MACD,BB_Upper,MACD_Signal,Volume_MA,Rolling_Volatility",EMA_26
INFY,2024-05-31,2024,1,Sideways,1,0.8187,BUY,1,1,0.9622,BUY,1,10,"EMA_26,SMA_50,EMA_12,OBV,SMA_10,MACD,BB_Upper,MACD_Signal,Volume_MA,Rolling_Volatility",EMA_26
INFY,2024-06-03,2024,1,Sideways,1,0.8929,BUY,1,1,0.9641,BUY,1,10,"EMA_26,SMA_50,EMA_12,OBV,SMA_10,MACD,BB_Upper,MACD_Signal,Volume_MA,Rolling_Volatility",EMA_26
INFY,2024-06-04,2024,1,Sideways,1,0.9073,BUY,1,1,0.9677,BUY,1,10,"EMA_26,SMA_50,EMA_12,OBV,SMA_10,MACD,BB_Upper,MACD_Signal,Volume_MA,Rolling_Volatility",EMA_26
INFY,2024-06-05,2024,1,Sideways,1,0.8773,BUY,1,1,0.9703,BUY,1,10,"EMA_26,SMA_50,EMA_12,OBV,SMA_10,MACD,BB_Upper,MACD_Signal,Volume_MA,Rolling_Volatility",EMA_26
INFY,2024-06-06,2024,1,Sideways,1,0.9381,BUY,1,1,0.9699,BUY,1,10,"EMA_26,SMA_50,EMA_12,OBV,SMA_10,MACD,BB_Upper,MACD_Signal,Volume_MA,Rolling_Volatility",EMA_26
INFY,2024-06-07,2024,1,Sideways,1,0.8695,BUY,1,1,0.9556,BUY,1,10,"EMA_26,SMA_50,EMA_12,OBV,SMA_10,MACD,BB_Upper,MACD_Signal,Volume_MA,Rolling_Volatility",EMA_26
INFY,2024-06-10,2024,1,Sideways,1,0.9569,BUY,1,1,0.9468,BUY,1,10,"EMA_26,SMA_50,EMA_12,OBV,SMA_10,MACD,BB_Upper,MACD_Signal,Volume_MA,Rolling_Volatility",EMA_26
INFY,2024-06-11,2024,1,Sideways,1,0.9571,BUY,1,1,0.9408,BUY,1,10,"EMA_26,SMA_50,EMA_12,OBV,SMA_10,MACD,BB_Upper,MACD_Signal,Volume_MA,Rolling_Volatility",EMA_26
INFY,2024-06-12,2024,1,Sideways,1,0.9572,BUY,1,1,0.9134,BUY,1,10,"EMA_12,BB_Upper,SMA_50,OBV,MACD,SMA_10,EMA_26,SMA_20,Rolling_Volatility,RSI_14",EMA_12
INFY,2024-06-13,2024,1,Sideways,1,0.9571,BUY,1,1,0.9064,BUY,1,10,"EMA_12,BB_Upper,SMA_50,OBV,MACD,SMA_10,EMA_26,SMA_20,Rolling_Volatility,RSI_14",EMA_12
INFY,2024-06-14,2024,1,Sideways,1,0.9572,BUY,1,1,0.8999,BUY,1,10,"EMA_12,BB_Upper,SMA_50,OBV,MACD,SMA_10,EMA_26,SMA_20,Rolling_Volatility,RSI_14",EMA_12
INFY,2024-06-18,2024,1,Sideways,1,0.9555,BUY,1,1,0.8965,BUY,1,10,"EMA_12,BB_Upper,SMA_50,OBV,MACD,SMA_10,EMA_26,SMA_20,Rolling_Volatility,RSI_14",EMA_12
INFY,2024-06-19,2024,1,Sideways,1,0.8467,BUY,1,1,0.7378,BUY,1,10,"EMA_12,BB_Upper,SMA_50,OBV,MACD,SMA_10,EMA_26,SMA_20,Rolling_Volatility,RSI_14",EMA_12
INFY,2024-06-20,2024,1,Sideways,1,0.9048,BUY,1,1,0.8261,BUY,1,10,"EMA_12,BB_Upper,SMA_50,OBV,MACD,SMA_10,EMA_26,SMA_20,Rolling_Volatility,RSI_14",EMA_12
INFY,2024-06-21,2024,1,Sideways,1,0.901,BUY,1,1,0.8132,BUY,1,10,"EMA_12,BB_Upper,SMA_50,OBV,MACD,SMA_10,EMA_26,SMA_20,Rolling_Volatility,RSI_14",EMA_12
INFY,2024-06-24,2024,1,Sideways,1,0.9166,BUY,1,1,0.7865,BUY,1,10,"EMA_12,BB_Upper,SMA_50,OBV,MACD,SMA_10,EMA_26,SMA_20,Rolling_Volatility,RSI_14",EMA_12
INFY,2024-06-25,2024,1,Sideways,1,0.9499,BUY,1,1,0.872,BUY,1,10,"EMA_12,BB_Upper,SMA_50,OBV,MACD,SMA_10,EMA_26,SMA_20,Rolling_Volatility,RSI_14",EMA_12
INFY,2024-06-26,2024,1,Sideways,1,0.8147,BUY,1,1,0.8706,BUY,1,10,"EMA_12,BB_Upper,SMA_50,OBV,MACD,SMA_10,EMA_26,SMA_20,Rolling_Volatility,RSI_14",EMA_12
INFY,2024-06-27,2024,1,Sideways,1,0.6422,BUY,1,1,0.8363,BUY,1,10,"EMA_12,BB_Upper,SMA_50,OBV,MACD,SMA_10,EMA_26,SMA_20,Rolling_Volatility,RSI_14",EMA_12
INFY,2024-06-28,2024,1,Sideways,1,0.8016,BUY,1,1,0.7878,BUY,1,10,"EMA_12,BB_Upper,SMA_50,OBV,MACD,SMA_10,EMA_26,SMA_20,Rolling_Volatility,RSI_14",EMA_12
INFY,2024-07-01,2024,1,Sideways,1,0.7273,BUY,1,1,0.6921,BUY,1,10,"EMA_12,BB_Upper,SMA_50,OBV,MACD,SMA_10,EMA_26,SMA_20,Rolling_Volatility,RSI_14",EMA_12
INFY,2024-07-02,2024,1,Sideways,1,0.7296,BUY,1,1,0.5779,BUY,1,10,"EMA_12,BB_Upper,SMA_50,OBV,MACD,SMA_10,EMA_26,SMA_20,Rolling_Volatility,RSI_14",EMA_12
INFY,2024-07-03,2024,1,Sideways,1,0.7768,BUY,1,1,0.7461,BUY,1,10,"EMA_12,BB_Upper,SMA_50,OBV,MACD,SMA_10,EMA_26,SMA_20,Rolling_Volatility,RSI_14",EMA_12
INFY,2024-07-04,2024,1,Sideways,1,0.7985,BUY,1,1,0.7729,BUY,1,10,"EMA_12,BB_Upper,SMA_50,OBV,MACD,SMA_10,EMA_26,SMA_20,Rolling_Volatility,RSI_14",EMA_12
INFY,2024-07-05,2024,1,Sideways,1,0.793,BUY,1,1,0.77,BUY,1,10,"EMA_12,BB_Upper,SMA_50,OBV,MACD,SMA_10,EMA_26,SMA_20,Rolling_Volatility,RSI_14",EMA_12
INFY,2024-07-08,2024,1,Sideways,1,0.6529,BUY,1,1,0.7673,BUY,1,10,"EMA_12,BB_Upper,SMA_50,OBV,MACD,SMA_10,EMA_26,SMA_20,Rolling_Volatility,RSI_14",EMA_12
INFY,2024-07-09,2024,1,Sideways,1,0.7589,BUY,1,1,0.7613,BUY,1,10,"EMA_12,BB_Upper,SMA_50,OBV,MACD,SMA_10,EMA_26,SMA_20,Rolling_Volatility,RSI_14",EMA_12
INFY,2024-07-10,2024,1,Sideways,1,0.7517,BUY,1,1,0.7469,BUY,1,10,"EMA_12,BB_Upper,SMA_50,OBV,MACD,SMA_10,EMA_26,SMA_20,Rolling_Volatility,RSI_14",EMA_12
INFY,2024-07-11,2024,1,Sideways,1,0.7589,BUY,1,1,0.7433,BUY,1,10,"EMA_12,BB_Upper,SMA_50,OBV,MACD,SMA_10,EMA_26,SMA_20,Rolling_Volatility,RSI_14",EMA_12
INFY,2024-07-12,2024,1,Sideways,1,0.8134,BUY,1,1,0.7325,BUY,1,10,"EMA_12,BB_Upper,SMA_50,OBV,MACD,SMA_10,EMA_26,SMA_20,Rolling_Volatility,RSI_14",EMA_12
INFY,2024-07-15,2024,1,Sideways,1,0.7014,BUY,1,1,0.7607,BUY,1,10,"EMA_12,BB_Upper,SMA_50,OBV,MACD,SMA_10,EMA_26,SMA_20,Rolling_Volatility,RSI_14",EMA_12
INFY,2024-07-16,2024,1,Sideways,1,0.6267,BUY,1,1,0.7336,BUY,1,10,"EMA_12,BB_Upper,SMA_50,OBV,MACD,SMA_10,EMA_26,SMA_20,Rolling_Volatility,RSI_14",EMA_12
INFY,2024-07-18,2024,1,Sideways,1,0.6044,BUY,1,1,0.6842,BUY,1,10,"EMA_12,BB_Upper,SMA_50,OBV,MACD,SMA_10,EMA_26,SMA_20,Rolling_Volatility,RSI_14",EMA_12
INFY,2024-07-19,2024,1,Sideways,1,0.7288,BUY,1,1,0.617,BUY,1,10,"EMA_12,BB_Upper,SMA_50,OBV,MACD,SMA_10,EMA_26,SMA_20,Rolling_Volatility,RSI_14",EMA_12
INFY,2024-07-22,2024,1,Sideways,1,0.7074,BUY,1,1,0.5948,BUY,1,10,"EMA_12,BB_Upper,SMA_50,OBV,MACD,SMA_10,EMA_26,SMA_20,Rolling_Volatility,RSI_14",EMA_12
INFY,2024-07-23,2024,1,Sideways,1,0.6449,BUY,1,1,0.5888,BUY,1,10,"EMA_12,BB_Upper,SMA_50,OBV,MACD,SMA_10,EMA_26,SMA_20,Rolling_Volatility,RSI_14",EMA_12
INFY,2024-07-24,2024,1,Sideways,1,0.7384,BUY,1,1,0.5866,BUY,1,10,"EMA_12,BB_Upper,SMA_50,OBV,MACD,SMA_10,EMA_26,SMA_20,Rolling_Volatility,RSI_14",EMA_12
INFY,2024-07-25,2024,1,Sideways,1,0.6395,BUY,1,1,0.5835,BUY,1,10,"EMA_12,BB_Upper,SMA_50,OBV,MACD,SMA_10,EMA_26,SMA_20,Rolling_Volatility,RSI_14",EMA_12
INFY,2024-07-26,2024,0,Sideways,1,0.8205,BUY,0,0,0.537,NO TRADE,1,10,"OBV,SMA_50,EMA_26,Volume_MA,SMA_20,MACD_Signal,SMA_10,BB_Upper,EMA_12,Stochastic",OBV
INFY,2024-07-29,2024,1,Sideways,1,0.7181,BUY,1,0,0.6039,SELL,0,10,"OBV,SMA_50,EMA_26,Volume_MA,SMA_20,MACD_Signal,SMA_10,BB_Upper,EMA_12,Stochastic",OBV
INFY,2024-07-30,2024,1,Sideways,1,0.7943,BUY,1,0,0.595,SELL,0,10,"OBV,SMA_50,EMA_26,Volume_MA,SMA_20,MACD_Signal,SMA_10,BB_Upper,EMA_12,Stochastic",OBV
INFY,2024-07-31,2024,1,Sideways,1,0.7913,BUY,1,0,0.6435,SELL,0,10,"OBV,SMA_50,EMA_26,Volume_MA,SMA_20,MACD_Signal,SMA_10,BB_Upper,EMA_12,Stochastic",OBV
INFY,2024-08-01,2024,1,Sideways,1,0.7599,BUY,1,0,0.5475,NO TRADE,0,10,"OBV,SMA_50,EMA_26,Volume_MA,SMA_20,MACD_Signal,SMA_10,BB_Upper,EMA_12,Stochastic",OBV
INFY,2024-08-02,2024,1,Sideways,1,0.5869,BUY,1,0,0.5411,NO TRADE,0,10,"OBV,SMA_50,EMA_26,Volume_MA,SMA_20,MACD_Signal,SMA_10,BB_Upper,EMA_12,Stochastic",OBV
INFY,2024-08-05,2024,1,Sideways,0,0.6015,SELL,0,0,0.5345,NO TRADE,0,10,"OBV,SMA_50,EMA_26,Volume_MA,SMA_20,MACD_Signal,SMA_10,BB_Upper,EMA_12,Stochastic",OBV
INFY,2024-08-06,2024,1,Sideways,0,0.5215,NO TRADE,0,0,0.5252,NO TRADE,0,10,"OBV,SMA_50,EMA_26,Volume_MA,SMA_20,MACD_Signal,SMA_10,BB_Upper,EMA_12,Stochastic",OBV
INFY,2024-08-07,2024,1,Sideways,1,0.5371,NO TRADE,1,0,0.5126,NO TRADE,0,10,"OBV,SMA_50,EMA_26,Volume_MA,SMA_20,MACD_Signal,SMA_10,BB_Upper,EMA_12,Stochastic",OBV
INFY,2024-08-08,2024,1,Sideways,0,0.5043,NO TRADE,0,0,0.5068,NO TRADE,0,10,"OBV,SMA_50,EMA_26,Volume_MA,SMA_20,MACD_Signal,SMA_10,BB_Upper,EMA_12,Stochastic",OBV
INFY,2024-08-09,2024,1,Sideways,0,0.6935,SELL,0,0,0.5024,NO TRADE,0,10,"OBV,SMA_50,EMA_26,Volume_MA,SMA_20,MACD_Signal,SMA_10,BB_Upper,EMA_12,Stochastic",OBV
INFY,2024-08-12,2024,1,Sideways,1,0.53,NO TRADE,1,0,0.5158,NO TRADE,0,10,"OBV,SMA_50,EMA_26,Volume_MA,SMA_20,MACD_Signal,SMA_10,BB_Upper,EMA_12,Stochastic",OBV
INFY,2024-08-13,2024,1,Sideways,1,0.5249,NO TRADE,1,1,0.5015,NO TRADE,1,10,"OBV,SMA_50,EMA_26,Volume_MA,SMA_20,MACD_Signal,SMA_10,BB_Upper,EMA_12,Stochastic",OBV
INFY,2024-08-14,2024,1,Sideways,0,0.5201,NO TRADE,0,1,0.5269,NO TRADE,1,10,"OBV,SMA_50,EMA_26,Volume_MA,SMA_20,MACD_Signal,SMA_10,BB_Upper,EMA_12,Stochastic",OBV
INFY,2024-08-16,2024,1,Sideways,1,0.5273,NO TRADE,1,1,0.5582,BUY,1,10,"OBV,SMA_50,EMA_26,Volume_MA,SMA_20,MACD_Signal,SMA_10,BB_Upper,EMA_12,Stochastic",OBV
INFY,2024-08-19,2024,1,Sideways,1,0.6093,BUY,1,1,0.5412,NO TRADE,1,10,"OBV,SMA_50,EMA_26,Volume_MA,SMA_20,MACD_Signal,SMA_10,BB_Upper,EMA_12,Stochastic",OBV
INFY,2024-08-20,2024,1,Sideways,1,0.5422,NO TRADE,1,0,0.5434,NO TRADE,0,10,"OBV,SMA_50,EMA_26,Volume_MA,SMA_20,MACD_Signal,SMA_10,BB_Upper,EMA_12,Stochastic",OBV
INFY,2024-08-21,2024,1,Sideways,1,0.6685,BUY,1,1,0.5294,NO TRADE,1,10,"OBV,SMA_50,EMA_26,Volume_MA,SMA_20,MACD_Signal,SMA_10,BB_Upper,EMA_12,Stochastic",OBV
INFY,2024-08-22,2024,1,Sideways,1,0.6339,BUY,1,1,0.5711,BUY,1,10,"OBV,SMA_50,EMA_26,Volume_MA,SMA_20,MACD_Signal,SMA_10,BB_Upper,EMA_12,Stochastic",OBV
INFY,2024-08-23,2024,1,Sideways,1,0.6268,BUY,1,1,0.6182,BUY,1,10,"OBV,SMA_50,EMA_26,Volume_MA,SMA_20,MACD_Signal,SMA_10,BB_Upper,EMA_12,Stochastic",OBV
INFY,2024-08-26,2024,1,Sideways,1,0.6755,BUY,1,1,0.6606,BUY,1,10,"OBV,SMA_50,EMA_26,Volume_MA,SMA_20,MACD_Signal,SMA_10,BB_Upper,EMA_12,Stochastic",OBV
INFY,2024-08-27,2024,0,Sideways,1,0.6935,BUY,0,1,0.6911,BUY,0,10,"OBV,SMA_50,EMA_26,Volume_MA,SMA_20,MACD_Signal,SMA_10,BB_Upper,EMA_12,Stochastic",OBV
INFY,2024-08-28,2024,0,Sideways,1,0.6735,BUY,0,1,0.5739,BUY,0,10,"OBV,SMA_50,EMA_26,Volume_MA,SMA_20,MACD_Signal,SMA_10,BB_Upper,EMA_12,Stochastic",OBV
INFY,2024-08-29,2024,0,Sideways,1,0.7156,BUY,0,0,0.5955,SELL,1,10,"OBV,SMA_50,EMA_26,Volume_MA,SMA_20,MACD_Signal,SMA_10,BB_Upper,EMA_12,Stochastic",OBV
INFY,2024-08-30,2024,0,Sideways,1,0.5851,BUY,0,0,0.7085,SELL,1,10,"OBV,SMA_50,EMA_26,Volume_MA,SMA_20,MACD_Signal,SMA_10,BB_Upper,EMA_12,Stochastic",OBV
INFY,2024-09-02,2024,0,Sideways,1,0.5315,NO TRADE,0,0,0.7428,SELL,1,10,"OBV,SMA_50,EMA_26,Volume_MA,SMA_20,MACD_Signal,SMA_10,BB_Upper,EMA_12,Stochastic",OBV
INFY,2024-09-03,2024,0,Sideways,0,0.5433,NO TRADE,1,0,0.8135,SELL,1,10,"OBV,SMA_50,EMA_26,Volume_MA,SMA_20,MACD_Signal,SMA_10,BB_Upper,EMA_12,Stochastic",OBV
INFY,2024-09-04,2024,0,Sideways,0,0.6685,SELL,1,0,0.7503,SELL,1,10,"OBV,SMA_50,EMA_26,Volume_MA,SMA_20,MACD_Signal,SMA_10,BB_Upper,EMA_12,Stochastic",OBV
INFY,2024-09-05,2024,0,Sideways,0,0.6761,SELL,1,0,0.8467,SELL,1,10,"OBV,SMA_50,EMA_26,Volume_MA,SMA_20,MACD_Signal,SMA_10,BB_Upper,EMA_12,Stochastic",OBV
INFY,2024-09-06,2024,1,Sideways,0,0.8025,SELL,0,0,0.8505,SELL,0,10,"OBV,SMA_50,EMA_26,Volume_MA,SMA_20,MACD_Signal,SMA_10,BB_Upper,EMA_12,Stochastic",OBV
INFY,2024-09-09,2024,1,Sideways,0,0.6136,SELL,0,0,0.8038,SELL,0,10,"MACD_Signal,BB_Upper,Rolling_Median_Return,SMA_50,OBV,Rolling_Volatility,ATR_14,Volume_MA,SMA_10,EMA_26",MACD_Signal
INFY,2024-09-10,2024,1,Sideways,0,0.6652,SELL,0,0,0.7111,SELL,0,10,"MACD_Signal,BB_Upper,Rolling_Median_Return,SMA_50,OBV,Rolling_Volatility,ATR_14,Volume_MA,SMA_10,EMA_26",MACD_Signal
INFY,2024-09-11,2024,1,Sideways,0,0.8557,SELL,0,0,0.7034,SELL,0,10,"MACD_Signal,BB_Upper,Rolling_Median_Return,SMA_50,OBV,Rolling_Volatility,ATR_14,Volume_MA,SMA_10,EMA_26",MACD_Signal
INFY,2024-09-12,2024,0,Sideways,0,0.7565,SELL,1,0,0.648,SELL,1,10,"MACD_Signal,BB_Upper,Rolling_Median_Return,SMA_50,OBV,Rolling_Volatility,ATR_14,Volume_MA,SMA_10,EMA_26",MACD_Signal
INFY,2024-09-13,2024,1,Sideways,0,0.9223,SELL,0,0,0.8247,SELL,0,10,"MACD_Signal,BB_Upper,Rolling_Median_Return,SMA_50,OBV,Rolling_Volatility,ATR_14,Volume_MA,SMA_10,EMA_26",MACD_Signal
INFY,2024-09-16,2024,1,Sideways,0,0.8514,SELL,0,0,0.7831,SELL,0,10,"MACD_Signal,BB_Upper,Rolling_Median_Return,SMA_50,OBV,Rolling_Volatility,ATR_14,Volume_MA,SMA_10,EMA_26",MACD_Signal
INFY,2024-09-17,2024,0,Sideways,0,0.528,NO TRADE,1,0,0.7084,SELL,1,10,"MACD_Signal,BB_Upper,Rolling_Median_Return,SMA_50,OBV,Rolling_Volatility,ATR_14,Volume_MA,SMA_10,EMA_26",MACD_Signal
INFY,2024-09-18,2024,1,Sideways,0,0.6043,SELL,0,0,0.7504,SELL,0,10,"MACD_Signal,BB_Upper,Rolling_Median_Return,SMA_50,OBV,Rolling_Volatility,ATR_14,Volume_MA,SMA_10,EMA_26",MACD_Signal
INFY,2024-09-19,2024,0,Sideways,0,0.5055,NO TRADE,1,0,0.7479,SELL,1,10,"MACD_Signal,BB_Upper,Rolling_Median_Return,SMA_50,OBV,Rolling_Volatility,ATR_14,Volume_MA,SMA_10,EMA_26",MACD_Signal
INFY,2024-09-20,2024,0,Sideways,0,0.6691,SELL,1,0,0.8092,SELL,1,10,"MACD_Signal,BB_Upper,Rolling_Median_Return,SMA_50,OBV,Rolling_Volatility,ATR_14,Volume_MA,SMA_10,EMA_26",MACD_Signal
INFY,2024-09-23,2024,0,Sideways,0,0.8864,SELL,1,0,0.8216,SELL,1,10,"MACD_Signal,BB_Upper,Rolling_Median_Return,SMA_50,OBV,Rolling_Volatility,ATR_14,Volume_MA,SMA_10,EMA_26",MACD_Signal
INFY,2024-09-24,2024,0,Sideways,0,0.8229,SELL,1,0,0.8269,SELL,1,10,"MACD_Signal,BB_Upper,Rolling_Median_Return,SMA_50,OBV,Rolling_Volatility,ATR_14,Volume_MA,SMA_10,EMA_26",MACD_Signal
INFY,2024-09-25,2024,0,Sideways,0,0.8889,SELL,1,0,0.8327,SELL,1,10,"MACD_Signal,BB_Upper,Rolling_Median_Return,SMA_50,OBV,Rolling_Volatility,ATR_14,Volume_MA,SMA_10,EMA_26",MACD_Signal
INFY,2024-09-26,2024,0,Sideways,0,0.8098,SELL,1,0,0.8357,SELL,1,10,"MACD_Signal,BB_Upper,Rolling_Median_Return,SMA_50,OBV,Rolling_Volatility,ATR_14,Volume_MA,SMA_10,EMA_26",MACD_Signal
INFY,2024-09-27,2024,0,Sideways,0,0.7389,SELL,1,0,0.8395,SELL,1,10,"MACD_Signal,BB_Upper,Rolling_Median_Return,SMA_50,OBV,Rolling_Volatility,ATR_14,Volume_MA,SMA_10,EMA_26",MACD_Signal
INFY,2024-09-30,2024,0,Sideways,0,0.8457,SELL,1,0,0.8423,SELL,1,10,"MACD_Signal,BB_Upper,Rolling_Median_Return,SMA_50,OBV,Rolling_Volatility,ATR_14,Volume_MA,SMA_10,EMA_26",MACD_Signal
INFY,2024-10-01,2024,0,Sideways,0,0.7904,SELL,1,0,0.8451,SELL,1,10,"MACD_Signal,BB_Upper,Rolling_Median_Return,SMA_50,OBV,Rolling_Volatility,ATR_14,Volume_MA,SMA_10,EMA_26",MACD_Signal
INFY,2024-10-03,2024,0,Sideways,0,0.7983,SELL,1,0,0.8461,SELL,1,10,"MACD_Signal,BB_Upper,Rolling_Median_Return,SMA_50,OBV,Rolling_Volatility,ATR_14,Volume_MA,SMA_10,EMA_26",MACD_Signal
INFY,2024-10-04,2024,0,Sideways,0,0.8042,SELL,1,0,0.8442,SELL,1,10,"MACD_Signal,BB_Upper,Rolling_Median_Return,SMA_50,OBV,Rolling_Volatility,ATR_14,Volume_MA,SMA_10,EMA_26",MACD_Signal
INFY,2024-10-07,2024,0,Sideways,0,0.7589,SELL,1,0,0.8481,SELL,1,10,"MACD_Signal,BB_Upper,Rolling_Median_Return,SMA_50,OBV,Rolling_Volatility,ATR_14,Volume_MA,SMA_10,EMA_26",MACD_Signal
INFY,2024-10-08,2024,0,Sideways,0,0.768,SELL,1,0,0.8506,SELL,1,10,"MACD_Signal,BB_Upper,Rolling_Median_Return,SMA_50,OBV,Rolling_Volatility,ATR_14,Volume_MA,SMA_10,EMA_26",MACD_Signal
INFY,2024-10-09,2024,0,Sideways,0,0.7136,SELL,1,0,0.8549,SELL,1,10,"MACD_Signal,BB_Upper,Rolling_Median_Return,SMA_50,OBV,Rolling_Volatility,ATR_14,Volume_MA,SMA_10,EMA_26",MACD_Signal
INFY,2024-10-10,2024,0,Sideways,0,0.7451,SELL,1,0,0.8581,SELL,1,10,"MACD_Signal,BB_Upper,Rolling_Median_Return,SMA_50,OBV,Rolling_Volatility,ATR_14,Volume_MA,SMA_10,EMA_26",MACD_Signal
INFY,2024-10-11,2024,0,Sideways,0,0.7408,SELL,1,0,0.8625,SELL,1,10,"MACD_Signal,BB_Upper,Rolling_Median_Return,SMA_50,OBV,Rolling_Volatility,ATR_14,Volume_MA,SMA_10,EMA_26",MACD_Signal
INFY,2024-10-14,2024,0,Sideways,0,0.702,SELL,1,0,0.885,SELL,1,10,"MACD_Signal,BB_Upper,Rolling_Median_Return,SMA_50,OBV,Rolling_Volatility,ATR_14,Volume_MA,SMA_10,EMA_26",MACD_Signal
INFY,2024-10-15,2024,0,Sideways,0,0.7897,SELL,1,0,0.8792,SELL,1,10,"MACD_Signal,BB_Upper,Rolling_Median_Return,SMA_50,OBV,Rolling_Volatility,ATR_14,Volume_MA,SMA_10,EMA_26",MACD_Signal
INFY,2024-10-16,2024,0,Sideways,0,0.8158,SELL,1,0,0.882,SELL,1,10,"MACD_Signal,BB_Upper,Rolling_Median_Return,SMA_50,OBV,Rolling_Volatility,ATR_14,Volume_MA,SMA_10,EMA_26",MACD_Signal
INFY,2024-10-17,2024,0,Sideways,0,0.7973,SELL,1,0,0.88,SELL,1,10,"MACD_Signal,BB_Upper,Rolling_Median_Return,SMA_50,OBV,Rolling_Volatility,ATR_14,Volume_MA,SMA_10,EMA_26",MACD_Signal
INFY,2024-10-18,2024,0,Sideways,0,0.6802,SELL,1,0,0.8732,SELL,1,10,"MACD_Signal,BB_Upper,Rolling_Median_Return,SMA_50,OBV,Rolling_Volatility,ATR_14,Volume_MA,SMA_10,EMA_26",MACD_Signal
INFY,2024-10-21,2024,0,Sideways,0,0.787,SELL,1,0,0.8986,SELL,1,10,"MACD_Signal,BB_Upper,Rolling_Median_Return,SMA_50,OBV,Rolling_Volatility,ATR_14,Volume_MA,SMA_10,EMA_26",MACD_Signal
INFY,2024-10-22,2024,1,Sideways,0,0.8299,SELL,0,0,0.6035,SELL,0,10,"Volume_MA,SMA_50,Rolling_Mean_Return,MACD,MFI,MACD_Hist,ADX,MACD_Signal,OBV,CCI",Volume_MA
INFY,2024-10-23,2024,1,Sideways,0,0.6406,SELL,0,1,0.5445,NO TRADE,1,10,"Volume_MA,SMA_50,Rolling_Mean_Return,MACD,MFI,MACD_Hist,ADX,MACD_Signal,OBV,CCI",Volume_MA
INFY,2024-10-24,2024,1,Sideways,0,0.6017,SELL,0,0,0.5859,SELL,0,10,"Volume_MA,SMA_50,Rolling_Mean_Return,MACD,MFI,MACD_Hist,ADX,MACD_Signal,OBV,CCI",Volume_MA
INFY,2024-10-25,2024,1,Sideways,0,0.5987,SELL,0,0,0.5685,SELL,0,10,"Volume_MA,SMA_50,Rolling_Mean_Return,MACD,MFI,MACD_Hist,ADX,MACD_Signal,OBV,CCI",Volume_MA
INFY,2024-10-28,2024,1,Sideways,0,0.5888,SELL,0,0,0.6452,SELL,0,10,"Volume_MA,SMA_50,Rolling_Mean_Return,MACD,MFI,MACD_Hist,ADX,MACD_Signal,OBV,CCI",Volume_MA
INFY,2024-10-29,2024,1,Sideways,0,0.5027,NO TRADE,0,1,0.5127,NO TRADE,1,10,"Volume_MA,SMA_50,Rolling_Mean_Return,MACD,MFI,MACD_Hist,ADX,MACD_Signal,OBV,CCI",Volume_MA
INFY,2024-10-30,2024,1,Sideways,1,0.5668,BUY,1,1,0.5628,BUY,1,10,"Volume_MA,SMA_50,Rolling_Mean_Return,MACD,MFI,MACD_Hist,ADX,MACD_Signal,OBV,CCI",Volume_MA
INFY,2024-10-31,2024,1,Sideways,1,0.5125,NO TRADE,1,1,0.603,BUY,1,10,"Volume_MA,SMA_50,Rolling_Mean_Return,MACD,MFI,MACD_Hist,ADX,MACD_Signal,OBV,CCI",Volume_MA
INFY,2024-11-01,2024,1,Sideways,0,0.5088,NO TRADE,0,1,0.5929,BUY,1,10,"Volume_MA,SMA_50,Rolling_Mean_Return,MACD,MFI,MACD_Hist,ADX,MACD_Signal,OBV,CCI",Volume_MA
INFY,2024-11-04,2024,1,Sideways,0,0.5801,SELL,0,1,0.5595,BUY,1,10,"Volume_MA,SMA_50,Rolling_Mean_Return,MACD,MFI,MACD_Hist,ADX,MACD_Signal,OBV,CCI",Volume_MA
INFY,2024-11-05,2024,1,Sideways,0,0.6686,SELL,0,1,0.6132,BUY,1,10,"Volume_MA,SMA_50,Rolling_Mean_Return,MACD,MFI,MACD_Hist,ADX,MACD_Signal,OBV,CCI",Volume_MA
INFY,2024-11-06,2024,1,Sideways,1,0.5978,BUY,1,1,0.7107,BUY,1,10,"Volume_MA,SMA_50,Rolling_Mean_Return,MACD,MFI,MACD_Hist,ADX,MACD_Signal,OBV,CCI",Volume_MA
INFY,2024-11-07,2024,1,Sideways,1,0.5835,BUY,1,1,0.6998,BUY,1,10,"Volume_MA,SMA_50,Rolling_Mean_Return,MACD,MFI,MACD_Hist,ADX,MACD_Signal,OBV,CCI",Volume_MA
INFY,2024-11-08,2024,1,Sideways,1,0.6457,BUY,1,1,0.6969,BUY,1,10,"Volume_MA,SMA_50,Rolling_Mean_Return,MACD,MFI,MACD_Hist,ADX,MACD_Signal,OBV,CCI",Volume_MA
INFY,2024-11-11,2024,1,Sideways,1,0.6663,BUY,1,1,0.6917,BUY,1,10,"Volume_MA,SMA_50,Rolling_Mean_Return,MACD,MFI,MACD_Hist,ADX,MACD_Signal,OBV,CCI",Volume_MA
INFY,2024-11-12,2024,1,Sideways,1,0.6723,BUY,1,1,0.6918,BUY,1,10,"Volume_MA,SMA_50,Rolling_Mean_Return,MACD,MFI,MACD_Hist,ADX,MACD_Signal,OBV,CCI",Volume_MA
INFY,2024-11-13,2024,1,Sideways,1,0.6689,BUY,1,1,0.694,BUY,1,10,"Volume_MA,SMA_50,Rolling_Mean_Return,MACD,MFI,MACD_Hist,ADX,MACD_Signal,OBV,CCI",Volume_MA
INFY,2024-11-14,2024,1,Sideways,1,0.7284,BUY,1,1,0.586,BUY,1,10,"Volume_MA,SMA_50,Rolling_Mean_Return,MACD,MFI,MACD_Hist,ADX,MACD_Signal,OBV,CCI",Volume_MA
INFY,2024-11-18,2024,1,Sideways,1,0.7299,BUY,1,1,0.6559,BUY,1,10,"Volume_MA,SMA_50,Rolling_Mean_Return,MACD,MFI,MACD_Hist,ADX,MACD_Signal,OBV,CCI",Volume_MA
INFY,2024-11-19,2024,1,Sideways,1,0.7429,BUY,1,1,0.6791,BUY,1,10,"Volume_MA,SMA_50,Rolling_Mean_Return,MACD,MFI,MACD_Hist,ADX,MACD_Signal,OBV,CCI",Volume_MA
INFY,2024-11-21,2024,1,Sideways,1,0.7545,BUY,1,1,0.6778,BUY,1,10,"Volume_MA,SMA_50,Rolling_Mean_Return,MACD,MFI,MACD_Hist,ADX,MACD_Signal,OBV,CCI",Volume_MA
INFY,2024-11-22,2024,1,Sideways,1,0.7998,BUY,1,1,0.6476,BUY,1,10,"Volume_MA,SMA_50,Rolling_Mean_Return,MACD,MFI,MACD_Hist,ADX,MACD_Signal,OBV,CCI",Volume_MA
INFY,2024-11-25,2024,1,Sideways,1,0.77,BUY,1,1,0.6018,BUY,1,10,"Volume_MA,SMA_50,Rolling_Mean_Return,MACD,MFI,MACD_Hist,ADX,MACD_Signal,OBV,CCI",Volume_MA
INFY,2024-11-26,2024,0,Sideways,1,0.7847,BUY,0,1,0.6393,BUY,0,10,"Volume_MA,SMA_50,Rolling_Mean_Return,MACD,MFI,MACD_Hist,ADX,MACD_Signal,OBV,CCI",Volume_MA
INFY,2024-11-27,2024,0,Sideways,1,0.6677,BUY,0,1,0.5764,BUY,0,10,"Volume_MA,SMA_50,Rolling_Mean_Return,MACD,MFI,MACD_Hist,ADX,MACD_Signal,OBV,CCI",Volume_MA
INFY,2024-11-28,2024,1,Sideways,1,0.7931,BUY,1,1,0.5133,NO TRADE,1,10,"Volume_MA,SMA_50,Rolling_Mean_Return,MACD,MFI,MACD_Hist,ADX,MACD_Signal,OBV,CCI",Volume_MA
INFY,2024-11-29,2024,1,Sideways,1,0.7364,BUY,1,1,0.6455,BUY,1,10,"Volume_MA,SMA_50,Rolling_Mean_Return,MACD,MFI,MACD_Hist,ADX,MACD_Signal,OBV,CCI",Volume_MA
INFY,2024-12-02,2024,1,Sideways,1,0.6233,BUY,1,1,0.6691,BUY,1,10,"Volume_MA,SMA_50,Rolling_Mean_Return,MACD,MFI,MACD_Hist,ADX,MACD_Signal,OBV,CCI",Volume_MA
