stock,predict_date,year,actual_target,market_regime,static_pred,static_confidence,static_signal,static_correct,dynamic_pred,dynamic_confidence,dynamic_signal,dynamic_correct,n_dynamic_features,dynamic_features,top_mi_feature
KOTAKBANK,2022-01-03,2022,1,Sideways,1,0.8481,BUY,1,1,0.7149,BUY,1,10,"BB_Upper,MACD_Signal,MACD_Hist,SMA_50,BB_Width,SMA_20,ROC,ADX,OBV,Rolling_Median_Return",BB_Upper
KOTAKBANK,2022-01-04,2022,1,Sideways,1,0.8553,BUY,1,1,0.5766,BUY,1,10,"BB_Upper,MACD,Volume_MA,Rolling_Volatility,MACD_Signal,BB_Width,Williams_R,Rolling_Median_Return,ADX,EMA_26",BB_Upper
KOTAKBANK,2022-01-05,2022,0,Sideways,1,0.7146,BUY,0,1,0.6002,BUY,0,10,"BB_Upper,MACD,Volume_MA,Rolling_Volatility,MACD_Signal,BB_Width,Williams_R,Rolling_Median_Return,ADX,EMA_26",BB_Upper
KOTAKBANK,2022-01-06,2022,0,Sideways,1,0.7636,BUY,0,1,0.5922,BUY,0,10,"BB_Upper,MACD,Volume_MA,Rolling_Volatility,MACD_Signal,BB_Width,Williams_R,Rolling_Median_Return,ADX,EMA_26",BB_Upper
KOTAKBANK,2022-01-07,2022,0,Sideways,1,0.5165,NO TRADE,0,1,0.571,BUY,0,10,"BB_Upper,MACD,Volume_MA,Rolling_Volatility,MACD_Signal,BB_Width,Williams_R,Rolling_Median_Return,ADX,EMA_26",BB_Upper
KOTAKBANK,2022-01-10,2022,0,Sideways,1,0.5139,NO TRADE,0,1,0.5803,BUY,0,10,"BB_Upper,MACD,Volume_MA,Rolling_Volatility,MACD_Signal,BB_Width,Williams_R,Rolling_Median_Return,ADX,EMA_26",BB_Upper
KOTAKBANK,2022-01-11,2022,0,Sideways,1,0.5075,NO TRADE,0,1,0.5311,NO TRADE,0,10,"BB_Upper,MACD,Volume_MA,Rolling_Volatility,MACD_Signal,BB_Width,Williams_R,Rolling_Median_Return,ADX,EMA_26",BB_Upper
KOTAKBANK,2022-01-12,2022,0,Sideways,0,0.5011,NO TRADE,1,1,0.5128,NO TRADE,0,10,"BB_Upper,MACD,Volume_MA,Rolling_Volatility,MACD_Signal,BB_Width,Williams_R,Rolling_Median_Return,ADX,EMA_26",BB_Upper
KOTAKBANK,2022-01-13,2022,0,Sideways,0,0.5086,NO TRADE,1,1,0.5889,BUY,0,10,"BB_Upper,MACD,Volume_MA,Rolling_Volatility,MACD_Signal,BB_Width,Williams_R,Rolling_Median_Return,ADX,EMA_26",BB_Upper
KOTAKBANK,2022-01-14,2022,0,Sideways,0,0.5861,SELL,1,1,0.5348,NO TRADE,0,10,"BB_Upper,MACD,Volume_MA,Rolling_Volatility,MACD_Signal,BB_Width,Williams_R,Rolling_Median_Return,ADX,EMA_26",BB_Upper
KOTAKBANK,2022-01-17,2022,0,Sideways,0,0.6038,SELL,1,1,0.5313,NO TRADE,0,10,"BB_Upper,MACD,Volume_MA,Rolling_Volatility,MACD_Signal,BB_Width,Williams_R,Rolling_Median_Return,ADX,EMA_26",BB_Upper
KOTAKBANK,2022-01-18,2022,0,Sideways,0,0.5343,NO TRADE,1,1,0.5222,NO TRADE,0,10,"BB_Upper,MACD,Volume_MA,Rolling_Volatility,MACD_Signal,BB_Width,Williams_R,Rolling_Median_Return,ADX,EMA_26",BB_Upper
KOTAKBANK,2022-01-19,2022,0,Sideways,0,0.531,NO TRADE,1,1,0.64,BUY,0,10,"BB_Upper,MACD,Volume_MA,Rolling_Volatility,MACD_Signal,BB_Width,Williams_R,Rolling_Median_Return,ADX,EMA_26",BB_Upper
KOTAKBANK,2022-01-20,2022,0,Sideways,0,0.6088,SELL,1,1,0.6453,BUY,0,10,"BB_Upper,MACD,Volume_MA,Rolling_Volatility,MACD_Signal,BB_Width,Williams_R,Rolling_Median_Return,ADX,EMA_26",BB_Upper
KOTAKBANK,2022-01-21,2022,0,Sideways,0,0.6547,SELL,1,1,0.6436,BUY,0,10,"BB_Upper,MACD,Volume_MA,Rolling_Volatility,MACD_Signal,BB_Width,Williams_R,Rolling_Median_Return,ADX,EMA_26",BB_Upper
KOTAKBANK,2022-01-24,2022,1,Sideways,1,0.5631,BUY,1,1,0.6361,BUY,1,10,"BB_Upper,MACD,Volume_MA,Rolling_Volatility,MACD_Signal,BB_Width,Williams_R,Rolling_Median_Return,ADX,EMA_26",BB_Upper
KOTAKBANK,2022-01-25,2022,1,Sideways,1,0.5362,NO TRADE,1,1,0.6391,BUY,1,10,"BB_Upper,MACD,Volume_MA,Rolling_Volatility,MACD_Signal,BB_Width,Williams_R,Rolling_Median_Return,ADX,EMA_26",BB_Upper
KOTAKBANK,2022-01-27,2022,0,Sideways,1,0.509,NO TRADE,0,1,0.6079,BUY,0,10,"BB_Upper,MACD,Volume_MA,Rolling_Volatility,MACD_Signal,BB_Width,Williams_R,Rolling_Median_Return,ADX,EMA_26",BB_Upper
KOTAKBANK,2022-01-28,2022,0,Sideways,0,0.6154,SELL,1,1,0.569,BUY,0,10,"BB_Upper,MACD,Volume_MA,Rolling_Volatility,MACD_Signal,BB_Width,Williams_R,Rolling_Median_Return,ADX,EMA_26",BB_Upper
KOTAKBANK,2022-01-31,2022,0,Sideways,1,0.506,NO TRADE,0,1,0.6483,BUY,0,10,"BB_Upper,MACD,Volume_MA,Rolling_Volatility,MACD_Signal,BB_Width,Williams_R,Rolling_Median_Return,ADX,EMA_26",BB_Upper
KOTAKBANK,2022-02-01,2022,0,Sideways,0,0.6474,SELL,1,1,0.591,BUY,0,10,"BB_Upper,MACD,Volume_MA,Rolling_Volatility,MACD_Signal,BB_Width,Williams_R,Rolling_Median_Return,ADX,EMA_26",BB_Upper
KOTAKBANK,2022-02-02,2022,0,Sideways,0,0.8231,SELL,1,1,0.5049,NO TRADE,0,10,"BB_Upper,MACD,Volume_MA,Rolling_Volatility,MACD_Signal,BB_Width,Williams_R,Rolling_Median_Return,ADX,EMA_26",BB_Upper
KOTAKBANK,2022-02-03,2022,0,Sideways,0,0.8024,SELL,1,1,0.5384,NO TRADE,0,10,"BB_Upper,MACD,Volume_MA,Rolling_Volatility,MACD_Signal,BB_Width,Williams_R,Rolling_Median_Return,ADX,EMA_26",BB_Upper
KOTAKBANK,2022-02-04,2022,0,Sideways,0,0.7841,SELL,1,1,0.5778,BUY,0,10,"BB_Upper,MACD,Volume_MA,Rolling_Volatility,MACD_Signal,BB_Width,Williams_R,Rolling_Median_Return,ADX,EMA_26",BB_Upper
KOTAKBANK,2022-02-07,2022,0,Sideways,1,0.5073,NO TRADE,0,1,0.6508,BUY,0,10,"BB_Upper,MACD,Volume_MA,Rolling_Volatility,MACD_Signal,BB_Width,Williams_R,Rolling_Median_Return,ADX,EMA_26",BB_Upper
KOTAKBANK,2022-02-08,2022,0,Sideways,1,0.5674,BUY,0,1,0.649,BUY,0,10,"BB_Upper,MACD,Volume_MA,Rolling_Volatility,MACD_Signal,BB_Width,Williams_R,Rolling_Median_Return,ADX,EMA_26",BB_Upper
KOTAKBANK,2022-02-09,2022,0,Sideways,0,0.5245,NO TRADE,1,1,0.6256,BUY,0,10,"BB_Upper,MACD,Volume_MA,Rolling_Volatility,MACD_Signal,BB_Width,Williams_R,Rolling_Median_Return,ADX,EMA_26",BB_Upper
KOTAKBANK,2022-02-10,2022,0,Sideways,0,0.729,SELL,1,1,0.5767,BUY,0,10,"BB_Upper,MACD,Volume_MA,Rolling_Volatility,MACD_Signal,BB_Width,Williams_R,Rolling_Median_Return,ADX,EMA_26",BB_Upper
KOTAKBANK,2022-02-11,2022,0,Sideways,1,0.5443,NO TRADE,0,1,0.6244,BUY,0,10,"BB_Upper,MACD,Volume_MA,Rolling_Volatility,MACD_Signal,BB_Width,Williams_R,Rolling_Median_Return,ADX,EMA_26",BB_Upper
KOTAKBANK,2022-02-14,2022,0,Sideways,1,0.6566,BUY,0,1,0.6512,BUY,0,10,"BB_Upper,MACD,Volume_MA,Rolling_Volatility,MACD_Signal,BB_Width,Williams_R,Rolling_Median_Return,ADX,EMA_26",BB_Upper
KOTAKBANK,2022-02-15,2022,0,Sideways,0,0.5698,SELL,1,1,0.5958,BUY,0,10,"BB_Upper,MACD,Volume_MA,Rolling_Volatility,MACD_Signal,BB_Width,Williams_R,Rolling_Median_Return,ADX,EMA_26",BB_Upper
KOTAKBANK,2022-02-16,2022,0,Sideways,0,0.5567,SELL,1,1,0.702,BUY,0,10,"MACD,BB_Upper,SMA_20,SMA_50,SMA_10,Volume_MA,OBV,Rolling_Volatility,EMA_12,Rolling_Std_10",MACD
KOTAKBANK,2022-02-17,2022,0,Sideways,1,0.6407,BUY,0,0,0.5357,NO TRADE,1,10,"MACD,BB_Upper,SMA_20,SMA_50,SMA_10,Volume_MA,OBV,Rolling_Volatility,EMA_12,Rolling_Std_10",MACD
KOTAKBANK,2022-02-18,2022,0,Sideways,0,0.5609,SELL,1,0,0.565,SELL,1,10,"MACD,BB_Upper,SMA_20,SMA_50,SMA_10,Volume_MA,OBV,Rolling_Volatility,EMA_12,Rolling_Std_10",MACD
KOTAKBANK,2022-02-21,2022,0,Sideways,0,0.7484,SELL,1,0,0.5631,SELL,1,10,"MACD,BB_Upper,SMA_20,SMA_50,SMA_10,Volume_MA,OBV,Rolling_Volatility,EMA_12,Rolling_Std_10",MACD
KOTAKBANK,2022-02-22,2022,0,Sideways,0,0.8194,SELL,1,0,0.5959,SELL,1,10,"MACD,BB_Upper,SMA_20,SMA_50,SMA_10,Volume_MA,OBV,Rolling_Volatility,EMA_12,Rolling_Std_10",MACD
KOTAKBANK,2022-02-23,2022,0,Sideways,0,0.8944,SELL,1,0,0.6339,SELL,1,10,"MACD,BB_Upper,SMA_20,SMA_50,SMA_10,Volume_MA,OBV,Rolling_Volatility,EMA_12,Rolling_Std_10",MACD
KOTAKBANK,2022-02-24,2022,0,Sideways,0,0.8451,SELL,1,0,0.6626,SELL,1,10,"MACD,BB_Upper,SMA_20,SMA_50,SMA_10,Volume_MA,OBV,Rolling_Volatility,EMA_12,Rolling_Std_10",MACD
KOTAKBANK,2022-02-25,2022,0,Sideways,0,0.9344,SELL,1,0,0.6781,SELL,1,10,"MACD,BB_Upper,SMA_20,SMA_50,SMA_10,Volume_MA,OBV,Rolling_Volatility,EMA_12,Rolling_Std_10",MACD
KOTAKBANK,2022-02-28,2022,0,Sideways,0,0.9128,SELL,1,0,0.6859,SELL,1,10,"MACD,BB_Upper,SMA_20,SMA_50,SMA_10,Volume_MA,OBV,Rolling_Volatility,EMA_12,Rolling_Std_10",MACD
KOTAKBANK,2022-03-02,2022,0,Sideways,0,0.8522,SELL,1,0,0.6946,SELL,1,10,"MACD,BB_Upper,SMA_20,SMA_50,SMA_10,Volume_MA,OBV,Rolling_Volatility,EMA_12,Rolling_Std_10",MACD
KOTAKBANK,2022-03-03,2022,0,Sideways,0,0.8047,SELL,1,0,0.7149,SELL,1,10,"MACD,BB_Upper,SMA_20,SMA_50,SMA_10,Volume_MA,OBV,Rolling_Volatility,EMA_12,Rolling_Std_10",MACD
KOTAKBANK,2022-03-04,2022,1,Sideways,0,0.7057,SELL,0,0,0.735,SELL,0,10,"MACD,BB_Upper,SMA_20,SMA_50,SMA_10,Volume_MA,OBV,Rolling_Volatility,EMA_12,Rolling_Std_10",MACD
KOTAKBANK,2022-03-07,2022,1,Sideways,1,0.6832,BUY,1,0,0.6234,SELL,0,10,"MACD,BB_Upper,SMA_20,SMA_50,SMA_10,Volume_MA,OBV,Rolling_Volatility,EMA_12,Rolling_Std_10",MACD
KOTAKBANK,2022-03-08,2022,1,Sideways,1,0.7015,BUY,1,1,0.5268,NO TRADE,1,10,"MACD,BB_Upper,SMA_20,SMA_50,SMA_10,Volume_MA,OBV,Rolling_Volatility,EMA_12,Rolling_Std_10",MACD
KOTAKBANK,2022-03-09,2022,1,Sideways,1,0.7336,BUY,1,1,0.647,BUY,1,10,"MACD,BB_Upper,SMA_20,SMA_50,SMA_10,Volume_MA,OBV,Rolling_Volatility,EMA_12,Rolling_Std_10",MACD
KOTAKBANK,2022-03-10,2022,1,Sideways,1,0.7799,BUY,1,1,0.663,BUY,1,10,"MACD,BB_Upper,SMA_20,SMA_50,SMA_10,Volume_MA,OBV,Rolling_Volatility,EMA_12,Rolling_Std_10",MACD
KOTAKBANK,2022-03-11,2022,1,Sideways,1,0.6333,BUY,1,1,0.6958,BUY,1,10,"MACD,BB_Upper,SMA_20,SMA_50,SMA_10,Volume_MA,OBV,Rolling_Volatility,EMA_12,Rolling_Std_10",MACD
KOTAKBANK,2022-03-14,2022,1,Sideways,1,0.6447,BUY,1,1,0.8115,BUY,1,10,"MACD,BB_Upper,SMA_20,SMA_50,SMA_10,Volume_MA,OBV,Rolling_Volatility,EMA_12,Rolling_Std_10",MACD
KOTAKBANK,2022-03-15,2022,1,Sideways,1,0.8369,BUY,1,1,0.8377,BUY,1,10,"MACD,BB_Upper,SMA_20,SMA_50,SMA_10,Volume_MA,OBV,Rolling_Volatility,EMA_12,Rolling_Std_10",MACD
KOTAKBANK,2022-03-16,2022,0,Sideways,1,0.6889,BUY,0,1,0.8394,BUY,0,10,"MACD,BB_Upper,SMA_20,SMA_50,SMA_10,Volume_MA,OBV,Rolling_Volatility,EMA_12,Rolling_Std_10",MACD
KOTAKBANK,2022-03-17,2022,0,Sideways,0,0.6827,SELL,1,1,0.7128,BUY,0,10,"MACD,BB_Upper,SMA_20,SMA_50,SMA_10,Volume_MA,OBV,Rolling_Volatility,EMA_12,Rolling_Std_10",MACD
KOTAKBANK,2022-03-21,2022,0,Sideways,0,0.7118,SELL,1,1,0.6997,BUY,0,10,"MACD,BB_Upper,SMA_20,SMA_50,SMA_10,Volume_MA,OBV,Rolling_Volatility,EMA_12,Rolling_Std_10",MACD
KOTAKBANK,2022-03-22,2022,0,Sideways,0,0.9208,SELL,1,1,0.5787,BUY,0,10,"MACD,BB_Upper,SMA_20,SMA_50,SMA_10,Volume_MA,OBV,Rolling_Volatility,EMA_12,Rolling_Std_10",MACD
KOTAKBANK,2022-03-23,2022,0,Sideways,0,0.9167,SELL,1,0,0.5265,NO TRADE,1,10,"MACD,BB_Upper,SMA_20,SMA_50,SMA_10,Volume_MA,OBV,Rolling_Volatility,EMA_12,Rolling_Std_10",MACD
KOTAKBANK,2022-03-24,2022,1,Sideways,0,0.507,NO TRADE,0,0,0.5465,NO TRADE,0,10,"MACD,BB_Upper,SMA_20,SMA_50,SMA_10,Volume_MA,OBV,Rolling_Volatility,EMA_12,Rolling_Std_10",MACD
KOTAKBANK,2022-03-25,2022,1,Sideways,1,0.5908,BUY,1,1,0.6035,BUY,1,10,"MACD,BB_Upper,SMA_20,SMA_50,SMA_10,Volume_MA,OBV,Rolling_Volatility,EMA_12,Rolling_Std_10",MACD
KOTAKBANK,2022-03-28,2022,1,Sideways,1,0.6734,BUY,1,1,0.6584,BUY,1,10,"MACD,BB_Upper,SMA_20,SMA_50,SMA_10,Volume_MA,OBV,Rolling_Volatility,EMA_12,Rolling_Std_10",MACD
KOTAKBANK,2022-03-29,2022,1,Sideways,1,0.6383,BUY,1,1,0.7091,BUY,1,10,"MACD,BB_Upper,SMA_20,SMA_50,SMA_10,Volume_MA,OBV,Rolling_Volatility,EMA_12,Rolling_Std_10",MACD
KOTAKBANK,2022-03-30,2022,1,Sideways,0,0.5854,SELL,0,1,0.7175,BUY,1,10,"MACD,BB_Upper,SMA_20,SMA_50,SMA_10,Volume_MA,OBV,Rolling_Volatility,EMA_12,Rolling_Std_10",MACD
KOTAKBANK,2022-03-31,2022,1,Sideways,1,0.6299,BUY,1,1,0.7216,BUY,1,10,"MACD,BB_Upper,SMA_20,SMA_50,SMA_10,Volume_MA,OBV,Rolling_Volatility,EMA_12,Rolling_Std_10",MACD
KOTAKBANK,2022-04-01,2022,0,Sideways,1,0.6021,BUY,0,1,0.6551,BUY,0,10,"SMA_10,Volume_MA,BB_Upper,SMA_20,CCI,EMA_12,Rolling_Median_Return,RSI_14,Rolling_Mean_Return,MACD",SMA_10
KOTAKBANK,2022-04-04,2022,0,Sideways,0,0.906,SELL,1,1,0.5413,NO TRADE,0,10,"SMA_10,Volume_MA,BB_Upper,SMA_20,CCI,EMA_12,Rolling_Median_Return,RSI_14,Rolling_Mean_Return,MACD",SMA_10
KOTAKBANK,2022-04-05,2022,0,Sideways,0,0.6808,SELL,1,1,0.5796,BUY,0,10,"SMA_10,Volume_MA,BB_Upper,SMA_20,CCI,EMA_12,Rolling_Median_Return,RSI_14,Rolling_Mean_Return,MACD",SMA_10
KOTAKBANK,2022-04-06,2022,0,Sideways,0,0.651,SELL,1,1,0.5103,NO TRADE,0,10,"SMA_10,Volume_MA,BB_Upper,SMA_20,CCI,EMA_12,Rolling_Median_Return,RSI_14,Rolling_Mean_Return,MACD",SMA_10
KOTAKBANK,2022-04-07,2022,1,Sideways,0,0.6171,SELL,0,0,0.5284,NO TRADE,0,10,"SMA_10,Volume_MA,BB_Upper,SMA_20,CCI,EMA_12,Rolling_Median_Return,RSI_14,Rolling_Mean_Return,MACD",SMA_10
KOTAKBANK,2022-04-08,2022,1,Sideways,1,0.548,NO TRADE,1,1,0.526,NO TRADE,1,10,"SMA_10,Volume_MA,BB_Upper,SMA_20,CCI,EMA_12,Rolling_Median_Return,RSI_14,Rolling_Mean_Return,MACD",SMA_10
KOTAKBANK,2022-04-11,2022,0,Sideways,1,0.6894,BUY,0,1,0.6658,BUY,0,10,"SMA_10,Volume_MA,BB_Upper,SMA_20,CCI,EMA_12,Rolling_Median_Return,RSI_14,Rolling_Mean_Return,MACD",SMA_10
KOTAKBANK,2022-04-12,2022,0,Sideways,0,0.7097,SELL,1,0,0.6086,SELL,1,10,"SMA_10,Volume_MA,BB_Upper,SMA_20,CCI,EMA_12,Rolling_Median_Return,RSI_14,Rolling_Mean_Return,MACD",SMA_10
KOTAKBANK,2022-04-13,2022,1,Sideways,0,0.6422,SELL,0,0,0.5704,SELL,0,10,"SMA_10,Volume_MA,BB_Upper,SMA_20,CCI,EMA_12,Rolling_Median_Return,RSI_14,Rolling_Mean_Return,MACD",SMA_10
KOTAKBANK,2022-04-18,2022,1,Sideways,1,0.7264,BUY,1,1,0.5082,NO TRADE,1,10,"SMA_10,Volume_MA,BB_Upper,SMA_20,CCI,EMA_12,Rolling_Median_Return,RSI_14,Rolling_Mean_Return,MACD",SMA_10
KOTAKBANK,2022-04-19,2022,1,Sideways,1,0.8268,BUY,1,1,0.7635,BUY,1,10,"SMA_10,Volume_MA,BB_Upper,SMA_20,CCI,EMA_12,Rolling_Median_Return,RSI_14,Rolling_Mean_Return,MACD",SMA_10
KOTAKBANK,2022-04-20,2022,1,Sideways,1,0.9087,BUY,1,1,0.8009,BUY,1,10,"SMA_10,Volume_MA,BB_Upper,SMA_20,CCI,EMA_12,Rolling_Median_Return,RSI_14,Rolling_Mean_Return,MACD",SMA_10
KOTAKBANK,2022-04-21,2022,1,Sideways,1,0.7562,BUY,1,1,0.7298,BUY,1,10,"SMA_10,Volume_MA,BB_Upper,SMA_20,CCI,EMA_12,Rolling_Median_Return,RSI_14,Rolling_Mean_Return,MACD",SMA_10
KOTAKBANK,2022-04-22,2022,1,Sideways,1,0.8138,BUY,1,1,0.7757,BUY,1,10,"SMA_10,Volume_MA,BB_Upper,SMA_20,CCI,EMA_12,Rolling_Median_Return,RSI_14,Rolling_Mean_Return,MACD",SMA_10
KOTAKBANK,2022-04-25,2022,1,Sideways,1,0.8015,BUY,1,1,0.7549,BUY,1,10,"SMA_10,Volume_MA,BB_Upper,SMA_20,CCI,EMA_12,Rolling_Median_Return,RSI_14,Rolling_Mean_Return,MACD",SMA_10
KOTAKBANK,2022-04-26,2022,1,Sideways,1,0.7411,BUY,1,1,0.7812,BUY,1,10,"SMA_10,Volume_MA,BB_Upper,SMA_20,CCI,EMA_12,Rolling_Median_Return,RSI_14,Rolling_Mean_Return,MACD",SMA_10
KOTAKBANK,2022-04-27,2022,1,Sideways,1,0.8477,BUY,1,1,0.8059,BUY,1,10,"SMA_10,Volume_MA,BB_Upper,SMA_20,CCI,EMA_12,Rolling_Median_Return,RSI_14,Rolling_Mean_Return,MACD",SMA_10
KOTAKBANK,2022-04-28,2022,1,Sideways,1,0.7713,BUY,1,1,0.6927,BUY,1,10,"SMA_10,Volume_MA,BB_Upper,SMA_20,CCI,EMA_12,Rolling_Median_Return,RSI_14,Rolling_Mean_Return,MACD",SMA_10
KOTAKBANK,2022-04-29,2022,1,Sideways,1,0.7119,BUY,1,1,0.5793,BUY,1,10,"SMA_10,Volume_MA,BB_Upper,SMA_20,CCI,EMA_12,Rolling_Median_Return,RSI_14,Rolling_Mean_Return,MACD",SMA_10
KOTAKBANK,2022-05-02,2022,1,Sideways,1,0.7543,BUY,1,1,0.6576,BUY,1,10,"SMA_10,Volume_MA,BB_Upper,SMA_20,CCI,EMA_12,Rolling_Median_Return,RSI_14,Rolling_Mean_Return,MACD",SMA_10
KOTAKBANK,2022-05-04,2022,1,Sideways,1,0.7578,BUY,1,1,0.6196,BUY,1,10,"SMA_10,Volume_MA,BB_Upper,SMA_20,CCI,EMA_12,Rolling_Median_Return,RSI_14,Rolling_Mean_Return,MACD",SMA_10
KOTAKBANK,2022-05-05,2022,1,Sideways,1,0.7235,BUY,1,1,0.6109,BUY,1,10,"SMA_10,Volume_MA,BB_Upper,SMA_20,CCI,EMA_12,Rolling_Median_Return,RSI_14,Rolling_Mean_Return,MACD",SMA_10
KOTAKBANK,2022-05-06,2022,1,Sideways,1,0.7817,BUY,1,1,0.8008,BUY,1,10,"SMA_10,Volume_MA,BB_Upper,SMA_20,CCI,EMA_12,Rolling_Median_Return,RSI_14,Rolling_Mean_Return,MACD",SMA_10
KOTAKBANK,2022-05-09,2022,1,Sideways,1,0.8854,BUY,1,1,0.8083,BUY,1,10,"SMA_10,Volume_MA,BB_Upper,SMA_20,CCI,EMA_12,Rolling_Median_Return,RSI_14,Rolling_Mean_Return,MACD",SMA_10
KOTAKBANK,2022-05-10,2022,1,Sideways,1,0.8597,BUY,1,1,0.8169,BUY,1,10,"SMA_10,Volume_MA,BB_Upper,SMA_20,CCI,EMA_12,Rolling_Median_Return,RSI_14,Rolling_Mean_Return,MACD",SMA_10
KOTAKBANK,2022-05-11,2022,1,Sideways,1,0.842,BUY,1,1,0.7707,BUY,1,10,"SMA_10,Volume_MA,BB_Upper,SMA_20,CCI,EMA_12,Rolling_Median_Return,RSI_14,Rolling_Mean_Return,MACD",SMA_10
KOTAKBANK,2022-05-12,2022,1,Sideways,1,0.7583,BUY,1,1,0.8542,BUY,1,10,"SMA_10,Volume_MA,BB_Upper,SMA_20,CCI,EMA_12,Rolling_Median_Return,RSI_14,Rolling_Mean_Return,MACD",SMA_10
KOTAKBANK,2022-05-13,2022,1,Sideways,1,0.8957,BUY,1,1,0.7389,BUY,1,10,"SMA_10,Volume_MA,BB_Upper,SMA_20,CCI,EMA_12,Rolling_Median_Return,RSI_14,Rolling_Mean_Return,MACD",SMA_10
KOTAKBANK,2022-05-16,2022,0,Sideways,1,0.8767,BUY,0,1,0.6663,BUY,0,10,"SMA_10,Volume_MA,BB_Upper,SMA_20,CCI,EMA_12,Rolling_Median_Return,RSI_14,Rolling_Mean_Return,MACD",SMA_10
KOTAKBANK,2022-05-17,2022,0,Sideways,1,0.7083,BUY,0,1,0.6171,BUY,0,10,"SMA_10,Volume_MA,BB_Upper,SMA_20,CCI,EMA_12,Rolling_Median_Return,RSI_14,Rolling_Mean_Return,MACD",SMA_10
KOTAKBANK,2022-05-18,2022,0,Sideways,1,0.5872,BUY,0,1,0.7204,BUY,0,10,"SMA_10,Rolling_Mean_Return,EMA_26,BB_Upper,Volume_MA,OBV,BB_Width,Rolling_Std_10,SMA_20,ADX",SMA_10
KOTAKBANK,2022-05-19,2022,0,Sideways,1,0.5917,BUY,0,0,0.5523,SELL,1,10,"SMA_10,Rolling_Mean_Return,EMA_26,BB_Upper,Volume_MA,OBV,BB_Width,Rolling_Std_10,SMA_20,ADX",SMA_10
KOTAKBANK,2022-05-20,2022,0,Sideways,0,0.627,SELL,1,0,0.5977,SELL,1,10,"SMA_10,Rolling_Mean_Return,EMA_26,BB_Upper,Volume_MA,OBV,BB_Width,Rolling_Std_10,SMA_20,ADX",SMA_10
KOTAKBANK,2022-05-23,2022,0,Sideways,0,0.6166,SELL,1,0,0.6501,SELL,1,10,"SMA_10,Rolling_Mean_Return,EMA_26,BB_Upper,Volume_MA,OBV,BB_Width,Rolling_Std_10,SMA_20,ADX",SMA_10
KOTAKBANK,2022-05-24,2022,0,Sideways,0,0.5462,NO TRADE,1,0,0.6308,SELL,1,10,"SMA_10,Rolling_Mean_Return,EMA_26,BB_Upper,Volume_MA,OBV,BB_Width,Rolling_Std_10,SMA_20,ADX",SMA_10
KOTAKBANK,2022-05-25,2022,0,Sideways,0,0.5092,NO TRADE,1,0,0.6024,SELL,1,10,"SMA_10,Rolling_Mean_Return,EMA_26,BB_Upper,Volume_MA,OBV,BB_Width,Rolling_Std_10,SMA_20,ADX",SMA_10
KOTAKBANK,2022-05-26,2022,0,Sideways,1,0.5176,NO TRADE,0,0,0.5471,NO TRADE,1,10,"SMA_10,Rolling_Mean_Return,EMA_26,BB_Upper,Volume_MA,OBV,BB_Width,Rolling_Std_10,SMA_20,ADX",SMA_10
KOTAKBANK,2022-05-27,2022,0,Sideways,1,0.5222,NO TRADE,0,0,0.6154,SELL,1,10,"SMA_10,Rolling_Mean_Return,EMA_26,BB_Upper,Volume_MA,OBV,BB_Width,Rolling_Std_10,SMA_20,ADX",SMA_10
KOTAKBANK,2022-05-30,2022,0,Sideways,0,0.52,NO TRADE,1,0,0.6724,SELL,1,10,"SMA_10,Rolling_Mean_Return,EMA_26,BB_Upper,Volume_MA,OBV,BB_Width,Rolling_Std_10,SMA_20,ADX",SMA_10
KOTAKBANK,2022-05-31,2022,0,Sideways,1,0.5881,BUY,0,0,0.6239,SELL,1,10,"SMA_10,Rolling_Mean_Return,EMA_26,BB_Upper,Volume_MA,OBV,BB_Width,Rolling_Std_10,SMA_20,ADX",SMA_10
KOTAKBANK,2022-06-01,2022,0,Sideways,0,0.5511,SELL,1,0,0.656,SELL,1,10,"SMA_10,Rolling_Mean_Return,EMA_26,BB_Upper,Volume_MA,OBV,BB_Width,Rolling_Std_10,SMA_20,ADX",SMA_10
KOTAKBANK,2022-06-02,2022,0,Sideways,0,0.544,NO TRADE,1,0,0.5959,SELL,1,10,"SMA_10,Rolling_Mean_Return,EMA_26,BB_Upper,Volume_MA,OBV,BB_Width,Rolling_Std_10,SMA_20,ADX",SMA_10
KOTAKBANK,2022-06-03,2022,0,Sideways,1,0.5544,BUY,0,0,0.5487,NO TRADE,1,10,"SMA_10,Rolling_Mean_Return,EMA_26,BB_Upper,Volume_MA,OBV,BB_Width,Rolling_Std_10,SMA_20,ADX",SMA_10
KOTAKBANK,2022-06-06,2022,0,Sideways,1,0.5512,BUY,0,0,0.5789,SELL,1,10,"SMA_10,Rolling_Mean_Return,EMA_26,BB_Upper,Volume_MA,OBV,BB_Width,Rolling_Std_10,SMA_20,ADX",SMA_10
KOTAKBANK,2022-06-07,2022,0,Sideways,1,0.6307,BUY,0,0,0.5677,SELL,1,10,"SMA_10,Rolling_Mean_Return,EMA_26,BB_Upper,Volume_MA,OBV,BB_Width,Rolling_Std_10,SMA_20,ADX",SMA_10
KOTAKBANK,2022-06-08,2022,0,Sideways,1,0.6572,BUY,0,0,0.5718,SELL,1,10,"SMA_10,Rolling_Mean_Return,EMA_26,BB_Upper,Volume_MA,OBV,BB_Width,Rolling_Std_10,SMA_20,ADX",SMA_10
KOTAKBANK,2022-06-09,2022,0,Sideways,1,0.627,BUY,0,0,0.6127,SELL,1,10,"SMA_10,Rolling_Mean_Return,EMA_26,BB_Upper,Volume_MA,OBV,BB_Width,Rolling_Std_10,SMA_20,ADX",SMA_10
KOTAKBANK,2022-06-10,2022,0,Sideways,1,0.7062,BUY,0,0,0.6757,SELL,1,10,"SMA_10,Rolling_Mean_Return,EMA_26,BB_Upper,Volume_MA,OBV,BB_Width,Rolling_Std_10,SMA_20,ADX",SMA_10
KOTAKBANK,2022-06-13,2022,1,Sideways,1,0.6409,BUY,1,0,0.7163,SELL,0,10,"SMA_10,Rolling_Mean_Return,EMA_26,BB_Upper,Volume_MA,OBV,BB_Width,Rolling_Std_10,SMA_20,ADX",SMA_10
KOTAKBANK,2022-06-14,2022,0,Sideways,1,0.7971,BUY,0,0,0.601,SELL,1,10,"SMA_10,Rolling_Mean_Return,EMA_26,BB_Upper,Volume_MA,OBV,BB_Width,Rolling_Std_10,SMA_20,ADX",SMA_10
KOTAKBANK,2022-06-15,2022,1,Sideways,1,0.7002,BUY,1,0,0.5234,NO TRADE,0,10,"SMA_10,Rolling_Mean_Return,EMA_26,BB_Upper,Volume_MA,OBV,BB_Width,Rolling_Std_10,SMA_20,ADX",SMA_10
KOTAKBANK,2022-06-16,2022,1,Sideways,1,0.8718,BUY,1,1,0.636,BUY,1,10,"SMA_10,Rolling_Mean_Return,EMA_26,BB_Upper,Volume_MA,OBV,BB_Width,Rolling_Std_10,SMA_20,ADX",SMA_10
KOTAKBANK,2022-06-17,2022,1,Sideways,1,0.9885,BUY,1,1,0.7513,BUY,1,10,"SMA_10,Rolling_Mean_Return,EMA_26,BB_Upper,Volume_MA,OBV,BB_Width,Rolling_Std_10,SMA_20,ADX",SMA_10
KOTAKBANK,2022-06-20,2022,1,Sideways,1,0.9901,BUY,1,1,0.7862,BUY,1,10,"SMA_10,Rolling_Mean_Return,EMA_26,BB_Upper,Volume_MA,OBV,BB_Width,Rolling_Std_10,SMA_20,ADX",SMA_10
KOTAKBANK,2022-06-21,2022,1,Sideways,1,0.9906,BUY,1,1,0.8068,BUY,1,10,"SMA_10,Rolling_Mean_Return,EMA_26,BB_Upper,Volume_MA,OBV,BB_Width,Rolling_Std_10,SMA_20,ADX",SMA_10
KOTAKBANK,2022-06-22,2022,1,Sideways,1,0.9911,BUY,1,1,0.8176,BUY,1,10,"SMA_10,Rolling_Mean_Return,EMA_26,BB_Upper,Volume_MA,OBV,BB_Width,Rolling_Std_10,SMA_20,ADX",SMA_10
KOTAKBANK,2022-06-23,2022,1,Sideways,1,0.9911,BUY,1,1,0.8247,BUY,1,10,"SMA_10,Rolling_Mean_Return,EMA_26,BB_Upper,Volume_MA,OBV,BB_Width,Rolling_Std_10,SMA_20,ADX",SMA_10
KOTAKBANK,2022-06-24,2022,1,Sideways,1,0.99,BUY,1,1,0.8431,BUY,1,10,"SMA_10,Rolling_Mean_Return,EMA_26,BB_Upper,Volume_MA,OBV,BB_Width,Rolling_Std_10,SMA_20,ADX",SMA_10
KOTAKBANK,2022-06-27,2022,1,Sideways,1,0.99,BUY,1,1,0.8747,BUY,1,10,"SMA_10,Rolling_Mean_Return,EMA_26,BB_Upper,Volume_MA,OBV,BB_Width,Rolling_Std_10,SMA_20,ADX",SMA_10
KOTAKBANK,2022-06-28,2022,1,Sideways,1,0.9915,BUY,1,1,0.8769,BUY,1,10,"SMA_10,Rolling_Mean_Return,EMA_26,BB_Upper,Volume_MA,OBV,BB_Width,Rolling_Std_10,SMA_20,ADX",SMA_10
KOTAKBANK,2022-06-29,2022,1,Sideways,1,0.9922,BUY,1,1,0.8295,BUY,1,10,"Rolling_Std_10,SMA_10,EMA_12,BB_Upper,Williams_R,RSI_14,Volume_MA,MACD,MACD_Signal,ATR_14",Rolling_Std_10
KOTAKBANK,2022-06-30,2022,1,Sideways,1,0.9908,BUY,1,1,0.9045,BUY,1,10,"Rolling_Std_10,SMA_10,EMA_12,BB_Upper,Williams_R,RSI_14,Volume_MA,MACD,MACD_Signal,ATR_14",Rolling_Std_10
KOTAKBANK,2022-07-01,2022,1,Sideways,1,0.9912,BUY,1,1,0.8975,BUY,1,10,"Rolling_Std_10,SMA_10,EMA_12,BB_Upper,Williams_R,RSI_14,Volume_MA,MACD,MACD_Signal,ATR_14",Rolling_Std_10
KOTAKBANK,2022-07-04,2022,1,Sideways,1,0.9912,BUY,1,1,0.9212,BUY,1,10,"Rolling_Std_10,SMA_10,EMA_12,BB_Upper,Williams_R,RSI_14,Volume_MA,MACD,MACD_Signal,ATR_14",Rolling_Std_10
KOTAKBANK,2022-07-05,2022,1,Sideways,1,0.9921,BUY,1,1,0.9361,BUY,1,10,"Rolling_Std_10,SMA_10,EMA_12,BB_Upper,Williams_R,RSI_14,Volume_MA,MACD,MACD_Signal,ATR_14",Rolling_Std_10
KOTAKBANK,2022-07-06,2022,1,Sideways,1,0.8462,BUY,1,1,0.8646,BUY,1,10,"Rolling_Std_10,SMA_10,EMA_12,BB_Upper,Williams_R,RSI_14,Volume_MA,MACD,MACD_Signal,ATR_14",Rolling_Std_10
KOTAKBANK,2022-07-07,2022,1,Sideways,1,0.7415,BUY,1,1,0.8682,BUY,1,10,"Rolling_Std_10,SMA_10,EMA_12,BB_Upper,Williams_R,RSI_14,Volume_MA,MACD,MACD_Signal,ATR_14",Rolling_Std_10
KOTAKBANK,2022-07-08,2022,1,Sideways,1,0.9068,BUY,1,1,0.9381,BUY,1,10,"Rolling_Std_10,SMA_10,EMA_12,BB_Upper,Williams_R,RSI_14,Volume_MA,MACD,MACD_Signal,ATR_14",Rolling_Std_10
KOTAKBANK,2022-07-11,2022,1,Sideways,1,0.9032,BUY,1,1,0.94,BUY,1,10,"Rolling_Std_10,SMA_10,EMA_12,BB_Upper,Williams_R,RSI_14,Volume_MA,MACD,MACD_Signal,ATR_14",Rolling_Std_10
KOTAKBANK,2022-07-12,2022,1,Sideways,1,0.9083,BUY,1,1,0.943,BUY,1,10,"Rolling_Std_10,SMA_10,EMA_12,BB_Upper,Williams_R,RSI_14,Volume_MA,MACD,MACD_Signal,ATR_14",Rolling_Std_10
KOTAKBANK,2022-07-13,2022,1,Sideways,1,0.8089,BUY,1,1,0.9461,BUY,1,10,"Rolling_Std_10,SMA_10,EMA_12,BB_Upper,Williams_R,RSI_14,Volume_MA,MACD,MACD_Signal,ATR_14",Rolling_Std_10
KOTAKBANK,2022-07-14,2022,1,Sideways,1,0.8529,BUY,1,1,0.9428,BUY,1,10,"Rolling_Std_10,SMA_10,EMA_12,BB_Upper,Williams_R,RSI_14,Volume_MA,MACD,MACD_Signal,ATR_14",Rolling_Std_10
KOTAKBANK,2022-07-15,2022,1,Sideways,1,0.8043,BUY,1,1,0.9396,BUY,1,10,"Rolling_Std_10,SMA_10,EMA_12,BB_Upper,Williams_R,RSI_14,Volume_MA,MACD,MACD_Signal,ATR_14",Rolling_Std_10
KOTAKBANK,2022-07-18,2022,0,Sideways,1,0.6708,BUY,0,1,0.9271,BUY,0,10,"Rolling_Std_10,SMA_10,EMA_12,BB_Upper,Williams_R,RSI_14,Volume_MA,MACD,MACD_Signal,ATR_14",Rolling_Std_10
KOTAKBANK,2022-07-19,2022,1,Sideways,1,0.6109,BUY,1,1,0.5446,NO TRADE,1,10,"Rolling_Std_10,SMA_10,EMA_12,BB_Upper,Williams_R,RSI_14,Volume_MA,MACD,MACD_Signal,ATR_14",Rolling_Std_10
KOTAKBANK,2022-07-20,2022,1,Sideways,1,0.7409,BUY,1,1,0.6412,BUY,1,10,"Rolling_Std_10,SMA_10,EMA_12,BB_Upper,Williams_R,RSI_14,Volume_MA,MACD,MACD_Signal,ATR_14",Rolling_Std_10
KOTAKBANK,2022-07-21,2022,1,Sideways,1,0.891,BUY,1,1,0.7315,BUY,1,10,"Rolling_Std_10,SMA_10,EMA_12,BB_Upper,Williams_R,RSI_14,Volume_MA,MACD,MACD_Signal,ATR_14",Rolling_Std_10
KOTAKBANK,2022-07-22,2022,1,Sideways,1,0.6598,BUY,1,1,0.7065,BUY,1,10,"Rolling_Std_10,SMA_10,EMA_12,BB_Upper,Williams_R,RSI_14,Volume_MA,MACD,MACD_Signal,ATR_14",Rolling_Std_10
KOTAKBANK,2022-07-25,2022,1,Sideways,1,0.8614,BUY,1,1,0.6683,BUY,1,10,"Rolling_Std_10,SMA_10,EMA_12,BB_Upper,Williams_R,RSI_14,Volume_MA,MACD,MACD_Signal,ATR_14",Rolling_Std_10
KOTAKBANK,2022-07-26,2022,1,Sideways,1,0.8961,BUY,1,1,0.7562,BUY,1,10,"Rolling_Std_10,SMA_10,EMA_12,BB_Upper,Williams_R,RSI_14,Volume_MA,MACD,MACD_Signal,ATR_14",Rolling_Std_10
KOTAKBANK,2022-07-27,2022,1,Sideways,1,0.9148,BUY,1,1,0.77,BUY,1,10,"Rolling_Std_10,SMA_10,EMA_12,BB_Upper,Williams_R,RSI_14,Volume_MA,MACD,MACD_Signal,ATR_14",Rolling_Std_10
KOTAKBANK,2022-07-28,2022,1,Sideways,0,0.5608,SELL,0,1,0.6742,BUY,1,10,"Rolling_Std_10,SMA_10,EMA_12,BB_Upper,Williams_R,RSI_14,Volume_MA,MACD,MACD_Signal,ATR_14",Rolling_Std_10
KOTAKBANK,2022-07-29,2022,1,Sideways,1,0.8465,BUY,1,1,0.6388,BUY,1,10,"Rolling_Std_10,SMA_10,EMA_12,BB_Upper,Williams_R,RSI_14,Volume_MA,MACD,MACD_Signal,ATR_14",Rolling_Std_10
KOTAKBANK,2022-08-01,2022,1,Sideways,1,0.6232,BUY,1,1,0.5237,NO TRADE,1,10,"Rolling_Std_10,SMA_10,EMA_12,BB_Upper,Williams_R,RSI_14,Volume_MA,MACD,MACD_Signal,ATR_14",Rolling_Std_10
KOTAKBANK,2022-08-02,2022,1,Sideways,1,0.6458,BUY,1,1,0.5215,NO TRADE,1,10,"Rolling_Std_10,SMA_10,EMA_12,BB_Upper,Williams_R,RSI_14,Volume_MA,MACD,MACD_Signal,ATR_14",Rolling_Std_10
KOTAKBANK,2022-08-03,2022,1,Sideways,1,0.797,BUY,1,1,0.6129,BUY,1,10,"Rolling_Std_10,SMA_10,EMA_12,BB_Upper,Williams_R,RSI_14,Volume_MA,MACD,MACD_Signal,ATR_14",Rolling_Std_10
KOTAKBANK,2022-08-04,2022,1,Sideways,1,0.8241,BUY,1,1,0.6042,BUY,1,10,"Rolling_Std_10,SMA_10,EMA_12,BB_Upper,Williams_R,RSI_14,Volume_MA,MACD,MACD_Signal,ATR_14",Rolling_Std_10
KOTAKBANK,2022-08-05,2022,1,Sideways,1,0.8762,BUY,1,1,0.6423,BUY,1,10,"Rolling_Std_10,SMA_10,EMA_12,BB_Upper,Williams_R,RSI_14,Volume_MA,MACD,MACD_Signal,ATR_14",Rolling_Std_10
KOTAKBANK,2022-08-08,2022,1,Sideways,1,0.8378,BUY,1,1,0.6827,BUY,1,10,"Rolling_Std_10,SMA_10,EMA_12,BB_Upper,Williams_R,RSI_14,Volume_MA,MACD,MACD_Signal,ATR_14",Rolling_Std_10
KOTAKBANK,2022-08-10,2022,1,Sideways,1,0.9011,BUY,1,1,0.5983,BUY,1,10,"Rolling_Std_10,SMA_10,EMA_12,BB_Upper,Williams_R,RSI_14,Volume_MA,MACD,MACD_Signal,ATR_14",Rolling_Std_10
KOTAKBANK,2022-08-11,2022,1,Sideways,1,0.7156,BUY,1,1,0.5111,NO TRADE,1,10,"EMA_12,ATR_14,Rolling_Std_10,Williams_R,Volume_MA,RSI_14,ROC,BB_Upper,MACD,Rolling_Median_Return",EMA_12
KOTAKBANK,2022-08-12,2022,1,Sideways,1,0.9347,BUY,1,1,0.5959,BUY,1,10,"EMA_12,ATR_14,Rolling_Std_10,Williams_R,Volume_MA,RSI_14,ROC,BB_Upper,MACD,Rolling_Median_Return",EMA_12
KOTAKBANK,2022-08-16,2022,1,Sideways,1,0.9188,BUY,1,1,0.6546,BUY,1,10,"EMA_12,ATR_14,Rolling_Std_10,Williams_R,Volume_MA,RSI_14,ROC,BB_Upper,MACD,Rolling_Median_Return",EMA_12
KOTAKBANK,2022-08-17,2022,1,Sideways,1,0.9417,BUY,1,1,0.669,BUY,1,10,"EMA_12,ATR_14,Rolling_Std_10,Williams_R,Volume_MA,RSI_14,ROC,BB_Upper,MACD,Rolling_Median_Return",EMA_12
KOTAKBANK,2022-08-18,2022,1,Sideways,1,0.5789,BUY,1,1,0.6868,BUY,1,10,"EMA_12,ATR_14,Rolling_Std_10,Williams_R,Volume_MA,RSI_14,ROC,BB_Upper,MACD,Rolling_Median_Return",EMA_12
KOTAKBANK,2022-08-19,2022,1,Sideways,1,0.8977,BUY,1,1,0.7134,BUY,1,10,"EMA_12,ATR_14,Rolling_Std_10,Williams_R,Volume_MA,RSI_14,ROC,BB_Upper,MACD,Rolling_Median_Return",EMA_12
KOTAKBANK,2022-08-22,2022,1,Sideways,1,0.9261,BUY,1,1,0.602,BUY,1,10,"EMA_12,ATR_14,Rolling_Std_10,Williams_R,Volume_MA,RSI_14,ROC,BB_Upper,MACD,Rolling_Median_Return",EMA_12
KOTAKBANK,2022-08-23,2022,1,Sideways,1,0.9073,BUY,1,1,0.6297,BUY,1,10,"EMA_12,ATR_14,Rolling_Std_10,Williams_R,Volume_MA,RSI_14,ROC,BB_Upper,MACD,Rolling_Median_Return",EMA_12
KOTAKBANK,2022-08-24,2022,1,Sideways,1,0.9453,BUY,1,1,0.6629,BUY,1,10,"EMA_12,ATR_14,Rolling_Std_10,Williams_R,Volume_MA,RSI_14,ROC,BB_Upper,MACD,Rolling_Median_Return",EMA_12
KOTAKBANK,2022-08-25,2022,0,Sideways,1,0.8858,BUY,0,1,0.6694,BUY,0,10,"EMA_12,ATR_14,Rolling_Std_10,Williams_R,Volume_MA,RSI_14,ROC,BB_Upper,MACD,Rolling_Median_Return",EMA_12
KOTAKBANK,2022-08-26,2022,0,Sideways,1,0.7414,BUY,0,1,0.7306,BUY,0,10,"EMA_12,ATR_14,Rolling_Std_10,Williams_R,Volume_MA,RSI_14,ROC,BB_Upper,MACD,Rolling_Median_Return",EMA_12
KOTAKBANK,2022-08-29,2022,0,Sideways,1,0.8081,BUY,0,1,0.6312,BUY,0,10,"EMA_12,ATR_14,Rolling_Std_10,Williams_R,Volume_MA,RSI_14,ROC,BB_Upper,MACD,Rolling_Median_Return",EMA_12
KOTAKBANK,2022-08-30,2022,0,Sideways,0,0.5644,SELL,1,1,0.6649,BUY,0,10,"EMA_12,ATR_14,Rolling_Std_10,Williams_R,Volume_MA,RSI_14,ROC,BB_Upper,MACD,Rolling_Median_Return",EMA_12
KOTAKBANK,2022-09-01,2022,0,Sideways,1,0.6378,BUY,0,1,0.5793,BUY,0,10,"EMA_12,ATR_14,Rolling_Std_10,Williams_R,Volume_MA,RSI_14,ROC,BB_Upper,MACD,Rolling_Median_Return",EMA_12
KOTAKBANK,2022-09-02,2022,0,Sideways,1,0.6937,BUY,0,1,0.594,BUY,0,10,"EMA_12,ATR_14,Rolling_Std_10,Williams_R,Volume_MA,RSI_14,ROC,BB_Upper,MACD,Rolling_Median_Return",EMA_12
KOTAKBANK,2022-09-05,2022,0,Sideways,1,0.6217,BUY,0,1,0.5689,BUY,0,10,"EMA_12,ATR_14,Rolling_Std_10,Williams_R,Volume_MA,RSI_14,ROC,BB_Upper,MACD,Rolling_Median_Return",EMA_12
KOTAKBANK,2022-09-06,2022,0,Sideways,1,0.5457,NO TRADE,0,1,0.5471,NO TRADE,0,10,"EMA_12,ATR_14,Rolling_Std_10,Williams_R,Volume_MA,RSI_14,ROC,BB_Upper,MACD,Rolling_Median_Return",EMA_12
KOTAKBANK,2022-09-07,2022,0,Sideways,1,0.5322,NO TRADE,0,0,0.5325,NO TRADE,1,10,"EMA_12,ATR_14,Rolling_Std_10,Williams_R,Volume_MA,RSI_14,ROC,BB_Upper,MACD,Rolling_Median_Return",EMA_12
KOTAKBANK,2022-09-08,2022,0,Sideways,0,0.527,NO TRADE,1,0,0.5455,NO TRADE,1,10,"EMA_12,ATR_14,Rolling_Std_10,Williams_R,Volume_MA,RSI_14,ROC,BB_Upper,MACD,Rolling_Median_Return",EMA_12
KOTAKBANK,2022-09-09,2022,0,Sideways,0,0.5286,NO TRADE,1,0,0.5721,SELL,1,10,"EMA_12,ATR_14,Rolling_Std_10,Williams_R,Volume_MA,RSI_14,ROC,BB_Upper,MACD,Rolling_Median_Return",EMA_12
KOTAKBANK,2022-09-12,2022,0,Sideways,1,0.5529,BUY,0,0,0.5588,SELL,1,10,"EMA_12,ATR_14,Rolling_Std_10,Williams_R,Volume_MA,RSI_14,ROC,BB_Upper,MACD,Rolling_Median_Return",EMA_12
KOTAKBANK,2022-09-13,2022,0,Sideways,0,0.5511,SELL,1,0,0.5259,NO TRADE,1,10,"EMA_12,ATR_14,Rolling_Std_10,Williams_R,Volume_MA,RSI_14,ROC,BB_Upper,MACD,Rolling_Median_Return",EMA_12
KOTAKBANK,2022-09-14,2022,0,Sideways,0,0.6133,SELL,1,0,0.5275,NO TRADE,1,10,"EMA_12,ATR_14,Rolling_Std_10,Williams_R,Volume_MA,RSI_14,ROC,BB_Upper,MACD,Rolling_Median_Return",EMA_12
KOTAKBANK,2022-09-15,2022,0,Sideways,1,0.5119,NO TRADE,0,0,0.5285,NO TRADE,1,10,"EMA_12,ATR_14,Rolling_Std_10,Williams_R,Volume_MA,RSI_14,ROC,BB_Upper,MACD,Rolling_Median_Return",EMA_12
KOTAKBANK,2022-09-16,2022,0,Sideways,1,0.5183,NO TRADE,0,0,0.5035,NO TRADE,1,10,"EMA_12,ATR_14,Rolling_Std_10,Williams_R,Volume_MA,RSI_14,ROC,BB_Upper,MACD,Rolling_Median_Return",EMA_12
KOTAKBANK,2022-09-19,2022,0,Sideways,1,0.55,NO TRADE,0,1,0.5934,BUY,0,10,"EMA_12,ATR_14,Rolling_Std_10,Williams_R,Volume_MA,RSI_14,ROC,BB_Upper,MACD,Rolling_Median_Return",EMA_12
KOTAKBANK,2022-09-20,2022,0,Sideways,0,0.5761,SELL,1,0,0.5394,NO TRADE,1,10,"EMA_12,ATR_14,Rolling_Std_10,Williams_R,Volume_MA,RSI_14,ROC,BB_Upper,MACD,Rolling_Median_Return",EMA_12
KOTAKBANK,2022-09-21,2022,0,Sideways,0,0.5733,SELL,1,1,0.5652,BUY,0,10,"EMA_12,ATR_14,Rolling_Std_10,Williams_R,Volume_MA,RSI_14,ROC,BB_Upper,MACD,Rolling_Median_Return",EMA_12
KOTAKBANK,2022-09-22,2022,1,Sideways,0,0.5568,SELL,0,1,0.7159,BUY,1,10,"EMA_12,ATR_14,Rolling_Std_10,Williams_R,Volume_MA,RSI_14,ROC,BB_Upper,MACD,Rolling_Median_Return",EMA_12
KOTAKBANK,2022-09-23,2022,1,Sideways,1,0.5895,BUY,1,1,0.7425,BUY,1,10,"EMA_12,ATR_14,Rolling_Std_10,Williams_R,Volume_MA,RSI_14,ROC,BB_Upper,MACD,Rolling_Median_Return",EMA_12
KOTAKBANK,2022-09-26,2022,1,Sideways,1,0.5822,BUY,1,1,0.7275,BUY,1,10,"Rolling_Mean_Return,EMA_12,ATR_14,MACD,EMA_26,Rolling_Median_Return,Volume_MA,RSI_14,Rolling_Std_10,BB_Upper",Rolling_Mean_Return
KOTAKBANK,2022-09-27,2022,1,Sideways,1,0.7334,BUY,1,1,0.7799,BUY,1,10,"Rolling_Mean_Return,EMA_12,ATR_14,MACD,EMA_26,Rolling_Median_Return,Volume_MA,RSI_14,Rolling_Std_10,BB_Upper",Rolling_Mean_Return
KOTAKBANK,2022-09-28,2022,1,Sideways,1,0.9311,BUY,1,1,0.7998,BUY,1,10,"Rolling_Mean_Return,EMA_12,ATR_14,MACD,EMA_26,Rolling_Median_Return,Volume_MA,RSI_14,Rolling_Std_10,BB_Upper",Rolling_Mean_Return
KOTAKBANK,2022-09-29,2022,1,Sideways,1,0.9935,BUY,1,1,0.8338,BUY,1,10,"Rolling_Mean_Return,EMA_12,ATR_14,MACD,EMA_26,Rolling_Median_Return,Volume_MA,RSI_14,Rolling_Std_10,BB_Upper",Rolling_Mean_Return
KOTAKBANK,2022-09-30,2022,1,Sideways,1,0.9742,BUY,1,1,0.7565,BUY,1,10,"Rolling_Mean_Return,EMA_12,ATR_14,MACD,EMA_26,Rolling_Median_Return,Volume_MA,RSI_14,Rolling_Std_10,BB_Upper",Rolling_Mean_Return
KOTAKBANK,2022-10-03,2022,1,Sideways,1,0.9938,BUY,1,1,0.8136,BUY,1,10,"Rolling_Mean_Return,EMA_12,ATR_14,MACD,EMA_26,Rolling_Median_Return,Volume_MA,RSI_14,Rolling_Std_10,BB_Upper",Rolling_Mean_Return
KOTAKBANK,2022-10-04,2022,1,Sideways,1,0.9867,BUY,1,1,0.7482,BUY,1,10,"Rolling_Mean_Return,EMA_12,ATR_14,MACD,EMA_26,Rolling_Median_Return,Volume_MA,RSI_14,Rolling_Std_10,BB_Upper",Rolling_Mean_Return
KOTAKBANK,2022-10-06,2022,1,Sideways,1,0.9911,BUY,1,1,0.7587,BUY,1,10,"Rolling_Mean_Return,EMA_12,ATR_14,MACD,EMA_26,Rolling_Median_Return,Volume_MA,RSI_14,Rolling_Std_10,BB_Upper",Rolling_Mean_Return
KOTAKBANK,2022-10-07,2022,1,Sideways,1,0.9853,BUY,1,1,0.7618,BUY,1,10,"Rolling_Mean_Return,EMA_12,ATR_14,MACD,EMA_26,Rolling_Median_Return,Volume_MA,RSI_14,Rolling_Std_10,BB_Upper",Rolling_Mean_Return
KOTAKBANK,2022-10-10,2022,1,Sideways,1,0.9901,BUY,1,1,0.7831,BUY,1,10,"Rolling_Mean_Return,EMA_12,ATR_14,MACD,EMA_26,Rolling_Median_Return,Volume_MA,RSI_14,Rolling_Std_10,BB_Upper",Rolling_Mean_Return
KOTAKBANK,2022-10-11,2022,1,Sideways,1,0.992,BUY,1,1,0.8066,BUY,1,10,"Rolling_Mean_Return,EMA_12,ATR_14,MACD,EMA_26,Rolling_Median_Return,Volume_MA,RSI_14,Rolling_Std_10,BB_Upper",Rolling_Mean_Return
KOTAKBANK,2022-10-12,2022,1,Sideways,1,0.9785,BUY,1,1,0.8125,BUY,1,10,"Rolling_Mean_Return,EMA_12,ATR_14,MACD,EMA_26,Rolling_Median_Return,Volume_MA,RSI_14,Rolling_Std_10,BB_Upper",Rolling_Mean_Return
KOTAKBANK,2022-10-13,2022,1,Sideways,1,0.9853,BUY,1,1,0.8096,BUY,1,10,"Rolling_Mean_Return,EMA_12,ATR_14,MACD,EMA_26,Rolling_Median_Return,Volume_MA,RSI_14,Rolling_Std_10,BB_Upper",Rolling_Mean_Return
KOTAKBANK,2022-10-14,2022,1,Sideways,1,0.9278,BUY,1,1,0.7979,BUY,1,10,"Rolling_Mean_Return,EMA_12,ATR_14,MACD,EMA_26,Rolling_Median_Return,Volume_MA,RSI_14,Rolling_Std_10,BB_Upper",Rolling_Mean_Return
KOTAKBANK,2022-10-17,2022,1,Sideways,1,0.9067,BUY,1,1,0.6685,BUY,1,10,"Rolling_Mean_Return,EMA_12,ATR_14,MACD,EMA_26,Rolling_Median_Return,Volume_MA,RSI_14,Rolling_Std_10,BB_Upper",Rolling_Mean_Return
KOTAKBANK,2022-10-18,2022,1,Sideways,1,0.8653,BUY,1,1,0.7615,BUY,1,10,"Rolling_Mean_Return,EMA_12,ATR_14,MACD,EMA_26,Rolling_Median_Return,Volume_MA,RSI_14,Rolling_Std_10,BB_Upper",Rolling_Mean_Return
KOTAKBANK,2022-10-19,2022,1,Sideways,1,0.8512,BUY,1,1,0.7285,BUY,1,10,"Rolling_Mean_Return,EMA_12,ATR_14,MACD,EMA_26,Rolling_Median_Return,Volume_MA,RSI_14,Rolling_Std_10,BB_Upper",Rolling_Mean_Return
KOTAKBANK,2022-10-20,2022,1,Sideways,1,0.8444,BUY,1,1,0.7439,BUY,1,10,"Rolling_Mean_Return,EMA_12,ATR_14,MACD,EMA_26,Rolling_Median_Return,Volume_MA,RSI_14,Rolling_Std_10,BB_Upper",Rolling_Mean_Return
KOTAKBANK,2022-10-21,2022,1,Sideways,1,0.8097,BUY,1,1,0.6421,BUY,1,10,"Rolling_Mean_Return,EMA_12,ATR_14,MACD,EMA_26,Rolling_Median_Return,Volume_MA,RSI_14,Rolling_Std_10,BB_Upper",Rolling_Mean_Return
KOTAKBANK,2022-10-24,2022,1,Sideways,1,0.8527,BUY,1,1,0.6423,BUY,1,10,"Rolling_Mean_Return,EMA_12,ATR_14,MACD,EMA_26,Rolling_Median_Return,Volume_MA,RSI_14,Rolling_Std_10,BB_Upper",Rolling_Mean_Return
KOTAKBANK,2022-10-25,2022,1,Sideways,1,0.7903,BUY,1,1,0.7845,BUY,1,10,"Rolling_Mean_Return,EMA_12,ATR_14,MACD,EMA_26,Rolling_Median_Return,Volume_MA,RSI_14,Rolling_Std_10,BB_Upper",Rolling_Mean_Return
KOTAKBANK,2022-10-27,2022,1,Sideways,1,0.8682,BUY,1,1,0.7591,BUY,1,10,"Rolling_Mean_Return,EMA_12,ATR_14,MACD,EMA_26,Rolling_Median_Return,Volume_MA,RSI_14,Rolling_Std_10,BB_Upper",Rolling_Mean_Return
KOTAKBANK,2022-10-28,2022,1,Sideways,1,0.8239,BUY,1,1,0.7375,BUY,1,10,"Rolling_Mean_Return,EMA_12,ATR_14,MACD,EMA_26,Rolling_Median_Return,Volume_MA,RSI_14,Rolling_Std_10,BB_Upper",Rolling_Mean_Return
KOTAKBANK,2022-10-31,2022,1,Sideways,1,0.8203,BUY,1,1,0.7328,BUY,1,10,"Rolling_Mean_Return,EMA_12,ATR_14,MACD,EMA_26,Rolling_Median_Return,Volume_MA,RSI_14,Rolling_Std_10,BB_Upper",Rolling_Mean_Return
KOTAKBANK,2022-11-01,2022,1,Sideways,1,0.8374,BUY,1,1,0.7265,BUY,1,10,"Rolling_Mean_Return,EMA_12,ATR_14,MACD,EMA_26,Rolling_Median_Return,Volume_MA,RSI_14,Rolling_Std_10,BB_Upper",Rolling_Mean_Return
KOTAKBANK,2022-11-02,2022,1,Sideways,1,0.7786,BUY,1,1,0.7307,BUY,1,10,"Rolling_Mean_Return,EMA_12,ATR_14,MACD,EMA_26,Rolling_Median_Return,Volume_MA,RSI_14,Rolling_Std_10,BB_Upper",Rolling_Mean_Return
KOTAKBANK,2022-11-03,2022,1,Sideways,1,0.7974,BUY,1,1,0.7364,BUY,1,10,"Rolling_Mean_Return,EMA_12,ATR_14,MACD,EMA_26,Rolling_Median_Return,Volume_MA,RSI_14,Rolling_Std_10,BB_Upper",Rolling_Mean_Return
KOTAKBANK,2022-11-04,2022,1,Sideways,1,0.8042,BUY,1,1,0.7407,BUY,1,10,"Rolling_Mean_Return,EMA_12,ATR_14,MACD,EMA_26,Rolling_Median_Return,Volume_MA,RSI_14,Rolling_Std_10,BB_Upper",Rolling_Mean_Return
KOTAKBANK,2022-11-07,2022,1,Sideways,1,0.8501,BUY,1,1,0.7688,BUY,1,10,"Rolling_Mean_Return,EMA_12,ATR_14,MACD,EMA_26,Rolling_Median_Return,Volume_MA,RSI_14,Rolling_Std_10,BB_Upper",Rolling_Mean_Return
KOTAKBANK,2022-11-09,2022,1,Sideways,1,0.8276,BUY,1,1,0.7574,BUY,1,10,"Rolling_Mean_Return,EMA_12,ATR_14,MACD,EMA_26,Rolling_Median_Return,Volume_MA,RSI_14,Rolling_Std_10,BB_Upper",Rolling_Mean_Return
KOTAKBANK,2022-11-10,2022,0,Sideways,1,0.7861,BUY,0,1,0.7267,BUY,0,10,"EMA_12,ATR_14,Rolling_Median_Return,MACD,Rolling_Volatility,RSI_14,MACD_Hist,ADX,Stochastic,Rolling_Std_10",EMA_12
KOTAKBANK,2022-11-11,2022,0,Sideways,1,0.7026,BUY,0,1,0.744,BUY,0,10,"EMA_12,ATR_14,Rolling_Median_Return,MACD,Rolling_Volatility,RSI_14,MACD_Hist,ADX,Stochastic,Rolling_Std_10",EMA_12
KOTAKBANK,2022-11-14,2022,0,Sideways,1,0.6929,BUY,0,1,0.786,BUY,0,10,"EMA_12,ATR_14,Rolling_Median_Return,MACD,Rolling_Volatility,RSI_14,MACD_Hist,ADX,Stochastic,Rolling_Std_10",EMA_12
KOTAKBANK,2022-11-15,2022,0,Sideways,1,0.5792,BUY,0,1,0.6382,BUY,0,10,"EMA_12,ATR_14,Rolling_Median_Return,MACD,Rolling_Volatility,RSI_14,MACD_Hist,ADX,Stochastic,Rolling_Std_10",EMA_12
KOTAKBANK,2022-11-16,2022,0,Sideways,0,0.5301,NO TRADE,1,1,0.8687,BUY,0,10,"EMA_12,ATR_14,Rolling_Median_Return,MACD,Rolling_Volatility,RSI_14,MACD_Hist,ADX,Stochastic,Rolling_Std_10",EMA_12
KOTAKBANK,2022-11-17,2022,0,Sideways,0,0.5328,NO TRADE,1,1,0.6055,BUY,0,10,"EMA_12,ATR_14,Rolling_Median_Return,MACD,Rolling_Volatility,RSI_14,MACD_Hist,ADX,Stochastic,Rolling_Std_10",EMA_12
KOTAKBANK,2022-11-18,2022,0,Sideways,0,0.5803,SELL,1,1,0.5925,BUY,0,10,"EMA_12,ATR_14,Rolling_Median_Return,MACD,Rolling_Volatility,RSI_14,MACD_Hist,ADX,Stochastic,Rolling_Std_10",EMA_12
KOTAKBANK,2022-11-21,2022,0,Sideways,0,0.5634,SELL,1,1,0.5001,NO TRADE,0,10,"EMA_12,ATR_14,Rolling_Median_Return,MACD,Rolling_Volatility,RSI_14,MACD_Hist,ADX,Stochastic,Rolling_Std_10",EMA_12
KOTAKBANK,2022-11-22,2022,0,Sideways,0,0.5632,SELL,1,1,0.5084,NO TRADE,0,10,"EMA_12,ATR_14,Rolling_Median_Return,MACD,Rolling_Volatility,RSI_14,MACD_Hist,ADX,Stochastic,Rolling_Std_10",EMA_12
KOTAKBANK,2022-11-23,2022,0,Sideways,0,0.5369,NO TRADE,1,0,0.5124,NO TRADE,1,10,"EMA_12,ATR_14,Rolling_Median_Return,MACD,Rolling_Volatility,RSI_14,MACD_Hist,ADX,Stochastic,Rolling_Std_10",EMA_12
KOTAKBANK,2022-11-24,2022,0,Sideways,0,0.5784,SELL,1,0,0.5312,NO TRADE,1,10,"EMA_12,ATR_14,Rolling_Median_Return,MACD,Rolling_Volatility,RSI_14,MACD_Hist,ADX,Stochastic,Rolling_Std_10",EMA_12
KOTAKBANK,2022-11-25,2022,0,Sideways,0,0.5946,SELL,1,0,0.5078,NO TRADE,1,10,"EMA_12,ATR_14,Rolling_Median_Return,MACD,Rolling_Volatility,RSI_14,MACD_Hist,ADX,Stochastic,Rolling_Std_10",EMA_12
KOTAKBANK,2022-11-28,2022,0,Sideways,0,0.6059,SELL,1,1,0.5267,NO TRADE,0,10,"EMA_12,ATR_14,Rolling_Median_Return,MACD,Rolling_Volatility,RSI_14,MACD_Hist,ADX,Stochastic,Rolling_Std_10",EMA_12
KOTAKBANK,2022-11-29,2022,0,Sideways,0,0.642,SELL,1,1,0.5414,NO TRADE,0,10,"EMA_12,ATR_14,Rolling_Median_Return,MACD,Rolling_Volatility,RSI_14,MACD_Hist,ADX,Stochastic,Rolling_Std_10",EMA_12
KOTAKBANK,2022-11-30,2022,0,Sideways,0,0.7396,SELL,1,0,0.5744,SELL,1,10,"EMA_12,ATR_14,Rolling_Median_Return,MACD,Rolling_Volatility,RSI_14,MACD_Hist,ADX,Stochastic,Rolling_Std_10",EMA_12
KOTAKBANK,2022-12-01,2022,0,Sideways,0,0.7631,SELL,1,0,0.5684,SELL,1,10,"EMA_12,ATR_14,Rolling_Median_Return,MACD,Rolling_Volatility,RSI_14,MACD_Hist,ADX,Stochastic,Rolling_Std_10",EMA_12
KOTAKBANK,2022-12-02,2022,0,Sideways,0,0.8142,SELL,1,0,0.5798,SELL,1,10,"EMA_12,ATR_14,Rolling_Median_Return,MACD,Rolling_Volatility,RSI_14,MACD_Hist,ADX,Stochastic,Rolling_Std_10",EMA_12
KOTAKBANK,2022-12-05,2022,0,Sideways,0,0.8586,SELL,1,0,0.5311,NO TRADE,1,10,"EMA_12,ATR_14,Rolling_Median_Return,MACD,Rolling_Volatility,RSI_14,MACD_Hist,ADX,Stochastic,Rolling_Std_10",EMA_12
KOTAKBANK,2022-12-06,2022,0,Sideways,0,0.883,SELL,1,0,0.563,SELL,1,10,"EMA_12,ATR_14,Rolling_Median_Return,MACD,Rolling_Volatility,RSI_14,MACD_Hist,ADX,Stochastic,Rolling_Std_10",EMA_12
KOTAKBANK,2022-12-07,2022,0,Sideways,0,0.8592,SELL,1,1,0.5541,BUY,0,10,"EMA_12,ATR_14,Rolling_Median_Return,MACD,Rolling_Volatility,RSI_14,MACD_Hist,ADX,Stochastic,Rolling_Std_10",EMA_12
KOTAKBANK,2022-12-08,2022,0,Sideways,0,0.6856,SELL,1,1,0.5512,BUY,0,10,"EMA_12,ATR_14,Rolling_Median_Return,MACD,Rolling_Volatility,RSI_14,MACD_Hist,ADX,Stochastic,Rolling_Std_10",EMA_12
KOTAKBANK,2022-12-09,2022,0,Sideways,0,0.6991,SELL,1,1,0.5592,BUY,0,10,"EMA_12,ATR_14,Rolling_Median_Return,MACD,Rolling_Volatility,RSI_14,MACD_Hist,ADX,Stochastic,Rolling_Std_10",EMA_12
KOTAKBANK,2022-12-12,2022,0,Sideways,1,0.6847,BUY,0,1,0.6277,BUY,0,10,"EMA_12,ATR_14,Rolling_Median_Return,MACD,Rolling_Volatility,RSI_14,MACD_Hist,ADX,Stochastic,Rolling_Std_10",EMA_12
KOTAKBANK,2022-12-13,2022,0,Sideways,1,0.6192,BUY,0,1,0.6754,BUY,0,10,"EMA_12,ATR_14,Rolling_Median_Return,MACD,Rolling_Volatility,RSI_14,MACD_Hist,ADX,Stochastic,Rolling_Std_10",EMA_12
KOTAKBANK,2022-12-14,2022,0,Sideways,0,0.5245,NO TRADE,1,1,0.5733,BUY,0,10,"EMA_12,ATR_14,Rolling_Median_Return,MACD,Rolling_Volatility,RSI_14,MACD_Hist,ADX,Stochastic,Rolling_Std_10",EMA_12
KOTAKBANK,2022-12-15,2022,0,Sideways,1,0.5536,BUY,0,1,0.5672,BUY,0,10,"EMA_12,ATR_14,Rolling_Median_Return,MACD,Rolling_Volatility,RSI_14,MACD_Hist,ADX,Stochastic,Rolling_Std_10",EMA_12
KOTAKBANK,2022-12-16,2022,0,Sideways,1,0.7038,BUY,0,1,0.5761,BUY,0,10,"EMA_12,ATR_14,Rolling_Median_Return,MACD,Rolling_Volatility,RSI_14,MACD_Hist,ADX,Stochastic,Rolling_Std_10",EMA_12
KOTAKBANK,2022-12-19,2022,0,Sideways,1,0.5637,BUY,0,1,0.5721,BUY,0,10,"EMA_12,ATR_14,Rolling_Median_Return,MACD,Rolling_Volatility,RSI_14,MACD_Hist,ADX,Stochastic,Rolling_Std_10",EMA_12
KOTAKBANK,2022-12-20,2022,0,Sideways,1,0.6032,BUY,0,1,0.5686,BUY,0,10,"EMA_12,ATR_14,Rolling_Median_Return,MACD,Rolling_Volatility,RSI_14,MACD_Hist,ADX,Stochastic,Rolling_Std_10",EMA_12
KOTAKBANK,2022-12-21,2022,0,Sideways,1,0.7649,BUY,0,1,0.5887,BUY,0,10,"EMA_12,ATR_14,Rolling_Median_Return,MACD,Rolling_Volatility,RSI_14,MACD_Hist,ADX,Stochastic,Rolling_Std_10",EMA_12
KOTAKBANK,2022-12-22,2022,0,Sideways,1,0.6917,BUY,0,1,0.6808,BUY,0,10,"EMA_12,SMA_10,Rolling_Median_Return,Volume_MA,MACD_Signal,Rolling_Volatility,ROC,MACD,Return_5d,SMA_50",EMA_12
KOTAKBANK,2022-12-23,2022,0,Sideways,1,0.7996,BUY,0,1,0.6729,BUY,0,10,"EMA_12,SMA_10,Rolling_Median_Return,Volume_MA,MACD_Signal,Rolling_Volatility,ROC,MACD,Return_5d,SMA_50",EMA_12
KOTAKBANK,2022-12-26,2022,0,Sideways,1,0.7858,BUY,0,1,0.8425,BUY,0,10,"EMA_12,SMA_10,Rolling_Median_Return,Volume_MA,MACD_Signal,Rolling_Volatility,ROC,MACD,Return_5d,SMA_50",EMA_12
KOTAKBANK,2022-12-27,2022,0,Sideways,1,0.7627,BUY,0,1,0.5281,NO TRADE,0,10,"EMA_12,SMA_10,Rolling_Median_Return,Volume_MA,MACD_Signal,Rolling_Volatility,ROC,MACD,Return_5d,SMA_50",EMA_12
KOTAKBANK,2022-12-28,2022,0,Sideways,1,0.6839,BUY,0,1,0.7658,BUY,0,10,"EMA_12,SMA_10,Rolling_Median_Return,Volume_MA,MACD_Signal,Rolling_Volatility,ROC,MACD,Return_5d,SMA_50",EMA_12
KOTAKBANK,2022-12-29,2022,0,Sideways,1,0.6385,BUY,0,1,0.5237,NO TRADE,0,10,"EMA_12,SMA_10,Rolling_Median_Return,Volume_MA,MACD_Signal,Rolling_Volatility,ROC,MACD,Return_5d,SMA_50",EMA_12
KOTAKBANK,2022-12-30,2022,0,Sideways,1,0.5071,NO TRADE,0,1,0.8649,BUY,0,10,"EMA_12,SMA_10,Rolling_Median_Return,Volume_MA,MACD_Signal,Rolling_Volatility,ROC,MACD,Return_5d,SMA_50",EMA_12
KOTAKBANK,2023-01-02,2023,0,Sideways,0,0.6561,SELL,1,1,0.5102,NO TRADE,0,10,"EMA_12,SMA_10,Rolling_Median_Return,Volume_MA,MACD_Signal,Rolling_Volatility,ROC,MACD,Return_5d,SMA_50",EMA_12
KOTAKBANK,2023-01-03,2023,0,Sideways,0,0.8125,SELL,1,1,0.6201,BUY,0,10,"EMA_12,SMA_10,Rolling_Median_Return,Volume_MA,MACD_Signal,Rolling_Volatility,ROC,MACD,Return_5d,SMA_50",EMA_12
KOTAKBANK,2023-01-04,2023,0,Sideways,0,0.9515,SELL,1,1,0.717,BUY,0,10,"EMA_12,SMA_10,Rolling_Median_Return,Volume_MA,MACD_Signal,Rolling_Volatility,ROC,MACD,Return_5d,SMA_50",EMA_12
KOTAKBANK,2023-01-05,2023,0,Sideways,0,0.9469,SELL,1,0,0.5463,NO TRADE,1,10,"EMA_12,SMA_10,Rolling_Median_Return,Volume_MA,MACD_Signal,Rolling_Volatility,ROC,MACD,Return_5d,SMA_50",EMA_12
KOTAKBANK,2023-01-06,2023,0,Sideways,0,0.8512,SELL,1,0,0.5083,NO TRADE,1,10,"EMA_12,SMA_10,Rolling_Median_Return,Volume_MA,MACD_Signal,Rolling_Volatility,ROC,MACD,Return_5d,SMA_50",EMA_12
KOTAKBANK,2023-01-09,2023,0,Sideways,0,0.9067,SELL,1,0,0.5124,NO TRADE,1,10,"EMA_12,SMA_10,Rolling_Median_Return,Volume_MA,MACD_Signal,Rolling_Volatility,ROC,MACD,Return_5d,SMA_50",EMA_12
KOTAKBANK,2023-01-10,2023,0,Sideways,0,0.87,SELL,1,0,0.5143,NO TRADE,1,10,"EMA_12,SMA_10,Rolling_Median_Return,Volume_MA,MACD_Signal,Rolling_Volatility,ROC,MACD,Return_5d,SMA_50",EMA_12
KOTAKBANK,2023-01-11,2023,0,Sideways,0,0.8682,SELL,1,0,0.5683,SELL,1,10,"EMA_12,SMA_10,Rolling_Median_Return,Volume_MA,MACD_Signal,Rolling_Volatility,ROC,MACD,Return_5d,SMA_50",EMA_12
KOTAKBANK,2023-01-12,2023,0,Sideways,0,0.749,SELL,1,1,0.5185,NO TRADE,0,10,"EMA_12,SMA_10,Rolling_Median_Return,Volume_MA,MACD_Signal,Rolling_Volatility,ROC,MACD,Return_5d,SMA_50",EMA_12
KOTAKBANK,2023-01-13,2023,0,Sideways,0,0.6987,SELL,1,1,0.5045,NO TRADE,0,10,"EMA_12,SMA_10,Rolling_Median_Return,Volume_MA,MACD_Signal,Rolling_Volatility,ROC,MACD,Return_5d,SMA_50",EMA_12
KOTAKBANK,2023-01-16,2023,0,Sideways,0,0.7128,SELL,1,1,0.509,NO TRADE,0,10,"EMA_12,SMA_10,Rolling_Median_Return,Volume_MA,MACD_Signal,Rolling_Volatility,ROC,MACD,Return_5d,SMA_50",EMA_12
KOTAKBANK,2023-01-17,2023,0,Sideways,0,0.7513,SELL,1,1,0.5121,NO TRADE,0,10,"EMA_12,SMA_10,Rolling_Median_Return,Volume_MA,MACD_Signal,Rolling_Volatility,ROC,MACD,Return_5d,SMA_50",EMA_12
KOTAKBANK,2023-01-18,2023,0,Sideways,0,0.7871,SELL,1,0,0.501,NO TRADE,1,10,"EMA_12,SMA_10,Rolling_Median_Return,Volume_MA,MACD_Signal,Rolling_Volatility,ROC,MACD,Return_5d,SMA_50",EMA_12
KOTAKBANK,2023-01-19,2023,0,Sideways,0,0.7523,SELL,1,0,0.5009,NO TRADE,1,10,"EMA_12,SMA_10,Rolling_Median_Return,Volume_MA,MACD_Signal,Rolling_Volatility,ROC,MACD,Return_5d,SMA_50",EMA_12
KOTAKBANK,2023-01-20,2023,0,Sideways,0,0.7831,SELL,1,0,0.5288,NO TRADE,1,10,"EMA_12,SMA_10,Rolling_Median_Return,Volume_MA,MACD_Signal,Rolling_Volatility,ROC,MACD,Return_5d,SMA_50",EMA_12
KOTAKBANK,2023-01-23,2023,0,Sideways,0,0.816,SELL,1,0,0.5618,SELL,1,10,"EMA_12,SMA_10,Rolling_Median_Return,Volume_MA,MACD_Signal,Rolling_Volatility,ROC,MACD,Return_5d,SMA_50",EMA_12
KOTAKBANK,2023-01-24,2023,0,Sideways,0,0.8178,SELL,1,0,0.5157,NO TRADE,1,10,"EMA_12,SMA_10,Rolling_Median_Return,Volume_MA,MACD_Signal,Rolling_Volatility,ROC,MACD,Return_5d,SMA_50",EMA_12
KOTAKBANK,2023-01-25,2023,0,Sideways,0,0.7911,SELL,1,1,0.5849,BUY,0,10,"EMA_12,SMA_10,Rolling_Median_Return,Volume_MA,MACD_Signal,Rolling_Volatility,ROC,MACD,Return_5d,SMA_50",EMA_12
KOTAKBANK,2023-01-27,2023,0,Sideways,0,0.7643,SELL,1,1,0.6487,BUY,0,10,"EMA_12,SMA_10,Rolling_Median_Return,Volume_MA,MACD_Signal,Rolling_Volatility,ROC,MACD,Return_5d,SMA_50",EMA_12
KOTAKBANK,2023-01-30,2023,0,Sideways,0,0.739,SELL,1,1,0.5122,NO TRADE,0,10,"EMA_12,SMA_10,Rolling_Median_Return,Volume_MA,MACD_Signal,Rolling_Volatility,ROC,MACD,Return_5d,SMA_50",EMA_12
KOTAKBANK,2023-01-31,2023,0,Sideways,0,0.6101,SELL,1,1,0.5449,NO TRADE,0,10,"EMA_12,SMA_10,Rolling_Median_Return,Volume_MA,MACD_Signal,Rolling_Volatility,ROC,MACD,Return_5d,SMA_50",EMA_12
KOTAKBANK,2023-02-01,2023,1,Sideways,0,0.6947,SELL,0,0,0.5844,SELL,0,10,"EMA_12,SMA_10,Rolling_Median_Return,Volume_MA,MACD_Signal,Rolling_Volatility,ROC,MACD,Return_5d,SMA_50",EMA_12
KOTAKBANK,2023-02-02,2023,0,Sideways,0,0.5038,NO TRADE,1,1,0.5915,BUY,0,10,"EMA_12,SMA_10,Rolling_Median_Return,Volume_MA,MACD_Signal,Rolling_Volatility,ROC,MACD,Return_5d,SMA_50",EMA_12
KOTAKBANK,2023-02-03,2023,0,Sideways,1,0.5312,NO TRADE,0,1,0.5691,BUY,0,10,"BB_Upper,MACD_Signal,EMA_26,Volume_MA,Rolling_Median_Return,SMA_50,ATR_14,EMA_12,RSI_14,ADX",BB_Upper
KOTAKBANK,2023-02-06,2023,1,Sideways,0,0.5897,SELL,0,1,0.5944,BUY,1,10,"BB_Upper,MACD_Signal,EMA_26,Volume_MA,Rolling_Median_Return,SMA_50,ATR_14,EMA_12,RSI_14,ADX",BB_Upper
KOTAKBANK,2023-02-07,2023,0,Sideways,1,0.5214,NO TRADE,0,1,0.721,BUY,0,10,"BB_Upper,MACD_Signal,EMA_26,Volume_MA,Rolling_Median_Return,SMA_50,ATR_14,EMA_12,RSI_14,ADX",BB_Upper
KOTAKBANK,2023-02-08,2023,0,Sideways,1,0.5271,NO TRADE,0,1,0.563,BUY,0,10,"BB_Upper,MACD_Signal,EMA_26,Volume_MA,Rolling_Median_Return,SMA_50,ATR_14,EMA_12,RSI_14,ADX",BB_Upper
KOTAKBANK,2023-02-09,2023,0,Sideways,0,0.5372,NO TRADE,1,0,0.5811,SELL,1,10,"BB_Upper,MACD_Signal,EMA_26,Volume_MA,Rolling_Median_Return,SMA_50,ATR_14,EMA_12,RSI_14,ADX",BB_Upper
KOTAKBANK,2023-02-10,2023,0,Sideways,0,0.6311,SELL,1,0,0.728,SELL,1,10,"BB_Upper,MACD_Signal,EMA_26,Volume_MA,Rolling_Median_Return,SMA_50,ATR_14,EMA_12,RSI_14,ADX",BB_Upper
KOTAKBANK,2023-02-13,2023,0,Sideways,0,0.6674,SELL,1,0,0.7958,SELL,1,10,"BB_Upper,MACD_Signal,EMA_26,Volume_MA,Rolling_Median_Return,SMA_50,ATR_14,EMA_12,RSI_14,ADX",BB_Upper
KOTAKBANK,2023-02-14,2023,0,Sideways,0,0.7051,SELL,1,0,0.8104,SELL,1,10,"BB_Upper,MACD_Signal,EMA_26,Volume_MA,Rolling_Median_Return,SMA_50,ATR_14,EMA_12,RSI_14,ADX",BB_Upper
KOTAKBANK,2023-02-15,2023,0,Sideways,0,0.6414,SELL,1,0,0.8348,SELL,1,10,"BB_Upper,MACD_Signal,EMA_26,Volume_MA,Rolling_Median_Return,SMA_50,ATR_14,EMA_12,RSI_14,ADX",BB_Upper
KOTAKBANK,2023-02-16,2023,0,Sideways,0,0.6757,SELL,1,0,0.8472,SELL,1,10,"BB_Upper,MACD_Signal,EMA_26,Volume_MA,Rolling_Median_Return,SMA_50,ATR_14,EMA_12,RSI_14,ADX",BB_Upper
KOTAKBANK,2023-02-17,2023,0,Sideways,0,0.8482,SELL,1,0,0.8354,SELL,1,10,"BB_Upper,MACD_Signal,EMA_26,Volume_MA,Rolling_Median_Return,SMA_50,ATR_14,EMA_12,RSI_14,ADX",BB_Upper
KOTAKBANK,2023-02-20,2023,0,Sideways,0,0.978,SELL,1,0,0.8241,SELL,1,10,"BB_Upper,MACD_Signal,EMA_26,Volume_MA,Rolling_Median_Return,SMA_50,ATR_14,EMA_12,RSI_14,ADX",BB_Upper
KOTAKBANK,2023-02-21,2023,0,Sideways,0,0.9698,SELL,1,0,0.8389,SELL,1,10,"BB_Upper,MACD_Signal,EMA_26,Volume_MA,Rolling_Median_Return,SMA_50,ATR_14,EMA_12,RSI_14,ADX",BB_Upper
KOTAKBANK,2023-02-22,2023,0,Sideways,0,0.8032,SELL,1,0,0.8454,SELL,1,10,"BB_Upper,MACD_Signal,EMA_26,Volume_MA,Rolling_Median_Return,SMA_50,ATR_14,EMA_12,RSI_14,ADX",BB_Upper
KOTAKBANK,2023-02-23,2023,0,Sideways,0,0.8331,SELL,1,0,0.8573,SELL,1,10,"BB_Upper,MACD_Signal,EMA_26,Volume_MA,Rolling_Median_Return,SMA_50,ATR_14,EMA_12,RSI_14,ADX",BB_Upper
KOTAKBANK,2023-02-24,2023,1,Sideways,0,0.8351,SELL,0,0,0.8659,SELL,0,10,"BB_Upper,MACD_Signal,EMA_26,Volume_MA,Rolling_Median_Return,SMA_50,ATR_14,EMA_12,RSI_14,ADX",BB_Upper
KOTAKBANK,2023-02-27,2023,0,Sideways,0,0.7113,SELL,1,0,0.5829,SELL,1,10,"BB_Upper,MACD_Signal,EMA_26,Volume_MA,Rolling_Median_Return,SMA_50,ATR_14,EMA_12,RSI_14,ADX",BB_Upper
KOTAKBANK,2023-02-28,2023,0,Sideways,0,0.6761,SELL,1,0,0.6142,SELL,1,10,"BB_Upper,MACD_Signal,EMA_26,Volume_MA,Rolling_Median_Return,SMA_50,ATR_14,EMA_12,RSI_14,ADX",BB_Upper
KOTAKBANK,2023-03-01,2023,0,Sideways,0,0.624,SELL,1,0,0.732,SELL,1,10,"BB_Upper,MACD_Signal,EMA_26,Volume_MA,Rolling_Median_Return,SMA_50,ATR_14,EMA_12,RSI_14,ADX",BB_Upper
KOTAKBANK,2023-03-02,2023,1,Sideways,0,0.7646,SELL,0,0,0.7366,SELL,0,10,"BB_Upper,MACD_Signal,EMA_26,Volume_MA,Rolling_Median_Return,SMA_50,ATR_14,EMA_12,RSI_14,ADX",BB_Upper
KOTAKBANK,2023-03-03,2023,1,Sideways,0,0.7294,SELL,0,0,0.7087,SELL,0,10,"BB_Upper,MACD_Signal,EMA_26,Volume_MA,Rolling_Median_Return,SMA_50,ATR_14,EMA_12,RSI_14,ADX",BB_Upper
KOTAKBANK,2023-03-06,2023,1,Sideways,0,0.6608,SELL,0,0,0.6797,SELL,0,10,"BB_Upper,MACD_Signal,EMA_26,Volume_MA,Rolling_Median_Return,SMA_50,ATR_14,EMA_12,RSI_14,ADX",BB_Upper
KOTAKBANK,2023-03-08,2023,1,Sideways,0,0.8566,SELL,0,0,0.5468,NO TRADE,0,10,"BB_Upper,MACD_Signal,EMA_26,Volume_MA,Rolling_Median_Return,SMA_50,ATR_14,EMA_12,RSI_14,ADX",BB_Upper
KOTAKBANK,2023-03-09,2023,1,Sideways,0,0.907,SELL,0,0,0.6016,SELL,0,10,"BB_Upper,MACD_Signal,EMA_26,Volume_MA,Rolling_Median_Return,SMA_50,ATR_14,EMA_12,RSI_14,ADX",BB_Upper
KOTAKBANK,2023-03-10,2023,1,Sideways,0,0.7538,SELL,0,0,0.5698,SELL,0,10,"BB_Upper,MACD_Signal,EMA_26,Volume_MA,Rolling_Median_Return,SMA_50,ATR_14,EMA_12,RSI_14,ADX",BB_Upper
KOTAKBANK,2023-03-13,2023,1,Sideways,0,0.6729,SELL,0,1,0.5279,NO TRADE,1,10,"BB_Upper,MACD_Signal,EMA_26,Volume_MA,Rolling_Median_Return,SMA_50,ATR_14,EMA_12,RSI_14,ADX",BB_Upper
KOTAKBANK,2023-03-14,2023,1,Sideways,0,0.5678,SELL,0,1,0.5856,BUY,1,10,"BB_Upper,MACD_Signal,EMA_26,Volume_MA,Rolling_Median_Return,SMA_50,ATR_14,EMA_12,RSI_14,ADX",BB_Upper
KOTAKBANK,2023-03-15,2023,1,Sideways,1,0.5687,BUY,1,1,0.7679,BUY,1,10,"BB_Upper,MACD_Signal,EMA_26,Volume_MA,Rolling_Median_Return,SMA_50,ATR_14,EMA_12,RSI_14,ADX",BB_Upper
KOTAKBANK,2023-03-16,2023,1,Sideways,1,0.7145,BUY,1,1,0.8098,BUY,1,10,"BB_Upper,MACD_Signal,EMA_26,Volume_MA,Rolling_Median_Return,SMA_50,ATR_14,EMA_12,RSI_14,ADX",BB_Upper
KOTAKBANK,2023-03-17,2023,1,Sideways,1,0.7766,BUY,1,1,0.8117,BUY,1,10,"BB_Upper,MACD_Signal,EMA_26,Volume_MA,Rolling_Median_Return,SMA_50,ATR_14,EMA_12,RSI_14,ADX",BB_Upper
KOTAKBANK,2023-03-20,2023,1,Sideways,1,0.7716,BUY,1,1,0.9376,BUY,1,10,"BB_Upper,Rolling_Volatility,SMA_50,ATR_14,Volume_MA,Rolling_Median_Return,BB_Width,RSI_14,SMA_10,MACD",BB_Upper
KOTAKBANK,2023-03-21,2023,1,Sideways,1,0.7985,BUY,1,1,0.9399,BUY,1,10,"BB_Upper,Rolling_Volatility,SMA_50,ATR_14,Volume_MA,Rolling_Median_Return,BB_Width,RSI_14,SMA_10,MACD",BB_Upper
KOTAKBANK,2023-03-22,2023,1,Sideways,1,0.8074,BUY,1,1,0.9405,BUY,1,10,"BB_Upper,Rolling_Volatility,SMA_50,ATR_14,Volume_MA,Rolling_Median_Return,BB_Width,RSI_14,SMA_10,MACD",BB_Upper
KOTAKBANK,2023-03-23,2023,1,Sideways,1,0.8157,BUY,1,1,0.9414,BUY,1,10,"BB_Upper,Rolling_Volatility,SMA_50,ATR_14,Volume_MA,Rolling_Median_Return,BB_Width,RSI_14,SMA_10,MACD",BB_Upper
KOTAKBANK,2023-03-24,2023,1,Sideways,1,0.8942,BUY,1,1,0.9417,BUY,1,10,"BB_Upper,Rolling_Volatility,SMA_50,ATR_14,Volume_MA,Rolling_Median_Return,BB_Width,RSI_14,SMA_10,MACD",BB_Upper
KOTAKBANK,2023-03-27,2023,1,Sideways,1,0.8765,BUY,1,1,0.9419,BUY,1,10,"BB_Upper,Rolling_Volatility,SMA_50,ATR_14,Volume_MA,Rolling_Median_Return,BB_Width,RSI_14,SMA_10,MACD",BB_Upper
KOTAKBANK,2023-03-28,2023,1,Sideways,1,0.8829,BUY,1,1,0.9425,BUY,1,10,"BB_Upper,Rolling_Volatility,SMA_50,ATR_14,Volume_MA,Rolling_Median_Return,BB_Width,RSI_14,SMA_10,MACD",BB_Upper
KOTAKBANK,2023-03-29,2023,1,Sideways,1,0.8322,BUY,1,1,0.9346,BUY,1,10,"BB_Upper,Rolling_Volatility,SMA_50,ATR_14,Volume_MA,Rolling_Median_Return,BB_Width,RSI_14,SMA_10,MACD",BB_Upper
KOTAKBANK,2023-03-31,2023,1,Sideways,1,0.8758,BUY,1,1,0.9377,BUY,1,10,"BB_Upper,Rolling_Volatility,SMA_50,ATR_14,Volume_MA,Rolling_Median_Return,BB_Width,RSI_14,SMA_10,MACD",BB_Upper
KOTAKBANK,2023-04-03,2023,1,Sideways,1,0.8044,BUY,1,1,0.938,BUY,1,10,"BB_Upper,Rolling_Volatility,SMA_50,ATR_14,Volume_MA,Rolling_Median_Return,BB_Width,RSI_14,SMA_10,MACD",BB_Upper
KOTAKBANK,2023-04-05,2023,1,Sideways,1,0.915,BUY,1,1,0.9374,BUY,1,10,"BB_Upper,Rolling_Volatility,SMA_50,ATR_14,Volume_MA,Rolling_Median_Return,BB_Width,RSI_14,SMA_10,MACD",BB_Upper
KOTAKBANK,2023-04-06,2023,1,Sideways,1,0.9351,BUY,1,1,0.9366,BUY,1,10,"BB_Upper,Rolling_Volatility,SMA_50,ATR_14,Volume_MA,Rolling_Median_Return,BB_Width,RSI_14,SMA_10,MACD",BB_Upper
KOTAKBANK,2023-04-10,2023,1,Sideways,1,0.9465,BUY,1,1,0.8561,BUY,1,10,"BB_Upper,Rolling_Volatility,SMA_50,ATR_14,Volume_MA,Rolling_Median_Return,BB_Width,RSI_14,SMA_10,MACD",BB_Upper
KOTAKBANK,2023-04-11,2023,1,Sideways,1,0.8046,BUY,1,1,0.6798,BUY,1,10,"BB_Upper,Rolling_Volatility,SMA_50,ATR_14,Volume_MA,Rolling_Median_Return,BB_Width,RSI_14,SMA_10,MACD",BB_Upper
KOTAKBANK,2023-04-12,2023,1,Sideways,1,0.9931,BUY,1,1,0.7381,BUY,1,10,"BB_Upper,Rolling_Volatility,SMA_50,ATR_14,Volume_MA,Rolling_Median_Return,BB_Width,RSI_14,SMA_10,MACD",BB_Upper
KOTAKBANK,2023-04-13,2023,1,Sideways,1,0.9922,BUY,1,1,0.7336,BUY,1,10,"BB_Upper,Rolling_Volatility,SMA_50,ATR_14,Volume_MA,Rolling_Median_Return,BB_Width,RSI_14,SMA_10,MACD",BB_Upper
KOTAKBANK,2023-04-17,2023,1,Sideways,1,0.891,BUY,1,1,0.7355,BUY,1,10,"BB_Upper,Rolling_Volatility,SMA_50,ATR_14,Volume_MA,Rolling_Median_Return,BB_Width,RSI_14,SMA_10,MACD",BB_Upper
KOTAKBANK,2023-04-18,2023,1,Sideways,1,0.9947,BUY,1,1,0.718,BUY,1,10,"BB_Upper,Rolling_Volatility,SMA_50,ATR_14,Volume_MA,Rolling_Median_Return,BB_Width,RSI_14,SMA_10,MACD",BB_Upper
KOTAKBANK,2023-04-19,2023,1,Sideways,1,0.9768,BUY,1,1,0.705,BUY,1,10,"BB_Upper,Rolling_Volatility,SMA_50,ATR_14,Volume_MA,Rolling_Median_Return,BB_Width,RSI_14,SMA_10,MACD",BB_Upper
KOTAKBANK,2023-04-20,2023,1,Sideways,1,0.8773,BUY,1,1,0.6775,BUY,1,10,"BB_Upper,Rolling_Volatility,SMA_50,ATR_14,Volume_MA,Rolling_Median_Return,BB_Width,RSI_14,SMA_10,MACD",BB_Upper
KOTAKBANK,2023-04-21,2023,1,Sideways,1,0.8859,BUY,1,1,0.6762,BUY,1,10,"BB_Upper,Rolling_Volatility,SMA_50,ATR_14,Volume_MA,Rolling_Median_Return,BB_Width,RSI_14,SMA_10,MACD",BB_Upper
KOTAKBANK,2023-04-24,2023,1,Sideways,1,0.8952,BUY,1,1,0.6828,BUY,1,10,"BB_Upper,Rolling_Volatility,SMA_50,ATR_14,Volume_MA,Rolling_Median_Return,BB_Width,RSI_14,SMA_10,MACD",BB_Upper
KOTAKBANK,2023-04-25,2023,1,Sideways,1,0.8985,BUY,1,1,0.6881,BUY,1,10,"BB_Upper,Rolling_Volatility,SMA_50,ATR_14,Volume_MA,Rolling_Median_Return,BB_Width,RSI_14,SMA_10,MACD",BB_Upper
KOTAKBANK,2023-04-26,2023,1,Sideways,1,0.8426,BUY,1,1,0.6754,BUY,1,10,"BB_Upper,Rolling_Volatility,SMA_50,ATR_14,Volume_MA,Rolling_Median_Return,BB_Width,RSI_14,SMA_10,MACD",BB_Upper
KOTAKBANK,2023-04-27,2023,1,Sideways,1,0.8718,BUY,1,1,0.7082,BUY,1,10,"BB_Upper,Rolling_Volatility,SMA_50,ATR_14,Volume_MA,Rolling_Median_Return,BB_Width,RSI_14,SMA_10,MACD",BB_Upper
KOTAKBANK,2023-04-28,2023,1,Sideways,1,0.8949,BUY,1,1,0.7321,BUY,1,10,"BB_Upper,Rolling_Volatility,SMA_50,ATR_14,Volume_MA,Rolling_Median_Return,BB_Width,RSI_14,SMA_10,MACD",BB_Upper
KOTAKBANK,2023-05-02,2023,1,Sideways,1,0.8413,BUY,1,1,0.7485,BUY,1,10,"BB_Upper,Rolling_Volatility,SMA_50,ATR_14,Volume_MA,Rolling_Median_Return,BB_Width,RSI_14,SMA_10,MACD",BB_Upper
KOTAKBANK,2023-05-03,2023,1,Sideways,1,0.7657,BUY,1,1,0.767,BUY,1,10,"BB_Upper,Rolling_Volatility,SMA_50,ATR_14,Volume_MA,Rolling_Median_Return,BB_Width,RSI_14,SMA_10,MACD",BB_Upper
KOTAKBANK,2023-05-04,2023,0,Sideways,1,0.8084,BUY,0,1,0.7693,BUY,0,10,"BB_Upper,Rolling_Volatility,SMA_50,ATR_14,Volume_MA,Rolling_Median_Return,BB_Width,RSI_14,SMA_10,MACD",BB_Upper
KOTAKBANK,2023-05-05,2023,1,Sideways,1,0.7339,BUY,1,1,0.5637,BUY,1,10,"BB_Upper,Rolling_Volatility,SMA_50,ATR_14,Volume_MA,Rolling_Median_Return,BB_Width,RSI_14,SMA_10,MACD",BB_Upper
KOTAKBANK,2023-05-08,2023,0,Sideways,1,0.7352,BUY,0,1,0.6873,BUY,0,10,"BB_Upper,ATR_14,Volume_MA,OBV,SMA_50,High_Low_Pct,BB_Width,MFI,Rolling_Median_Return,Daily_Return",BB_Upper
KOTAKBANK,2023-05-09,2023,1,Sideways,1,0.6633,BUY,1,1,0.5798,BUY,1,10,"BB_Upper,ATR_14,Volume_MA,OBV,SMA_50,High_Low_Pct,BB_Width,MFI,Rolling_Median_Return,Daily_Return",BB_Upper
KOTAKBANK,2023-05-10,2023,0,Sideways,1,0.7128,BUY,0,1,0.7346,BUY,0,10,"BB_Upper,ATR_14,Volume_MA,OBV,SMA_50,High_Low_Pct,BB_Width,MFI,Rolling_Median_Return,Daily_Return",BB_Upper
KOTAKBANK,2023-05-11,2023,0,Sideways,1,0.5054,NO TRADE,0,1,0.574,BUY,0,10,"BB_Upper,ATR_14,Volume_MA,OBV,SMA_50,High_Low_Pct,BB_Width,MFI,Rolling_Median_Return,Daily_Return",BB_Upper
KOTAKBANK,2023-05-12,2023,0,Sideways,0,0.6579,SELL,1,0,0.5169,NO TRADE,1,10,"BB_Upper,ATR_14,Volume_MA,OBV,SMA_50,High_Low_Pct,BB_Width,MFI,Rolling_Median_Return,Daily_Return",BB_Upper
KOTAKBANK,2023-05-15,2023,0,Sideways,0,0.7826,SELL,1,0,0.5607,SELL,1,10,"BB_Upper,ATR_14,Volume_MA,OBV,SMA_50,High_Low_Pct,BB_Width,MFI,Rolling_Median_Return,Daily_Return",BB_Upper
KOTAKBANK,2023-05-16,2023,0,Sideways,0,0.8172,SELL,1,0,0.6231,SELL,1,10,"BB_Upper,ATR_14,Volume_MA,OBV,SMA_50,High_Low_Pct,BB_Width,MFI,Rolling_Median_Return,Daily_Return",BB_Upper
KOTAKBANK,2023-05-17,2023,0,Sideways,0,0.7846,SELL,1,0,0.5209,NO TRADE,1,10,"BB_Upper,ATR_14,Volume_MA,OBV,SMA_50,High_Low_Pct,BB_Width,MFI,Rolling_Median_Return,Daily_Return",BB_Upper
KOTAKBANK,2023-05-18,2023,0,Sideways,0,0.8593,SELL,1,0,0.6216,SELL,1,10,"BB_Upper,ATR_14,Volume_MA,OBV,SMA_50,High_Low_Pct,BB_Width,MFI,Rolling_Median_Return,Daily_Return",BB_Upper
KOTAKBANK,2023-05-19,2023,0,Sideways,0,0.8526,SELL,1,0,0.6267,SELL,1,10,"BB_Upper,ATR_14,Volume_MA,OBV,SMA_50,High_Low_Pct,BB_Width,MFI,Rolling_Median_Return,Daily_Return",BB_Upper
KOTAKBANK,2023-05-22,2023,0,Sideways,0,0.8764,SELL,1,0,0.5513,SELL,1,10,"BB_Upper,ATR_14,Volume_MA,OBV,SMA_50,High_Low_Pct,BB_Width,MFI,Rolling_Median_Return,Daily_Return",BB_Upper
KOTAKBANK,2023-05-23,2023,0,Sideways,0,0.8988,SELL,1,0,0.542,NO TRADE,1,10,"BB_Upper,ATR_14,Volume_MA,OBV,SMA_50,High_Low_Pct,BB_Width,MFI,Rolling_Median_Return,Daily_Return",BB_Upper
KOTAKBANK,2023-05-24,2023,0,Sideways,0,0.8686,SELL,1,0,0.6053,SELL,1,10,"BB_Upper,ATR_14,Volume_MA,OBV,SMA_50,High_Low_Pct,BB_Width,MFI,Rolling_Median_Return,Daily_Return",BB_Upper
KOTAKBANK,2023-05-25,2023,0,Sideways,0,0.7585,SELL,1,0,0.5793,SELL,1,10,"BB_Upper,ATR_14,Volume_MA,OBV,SMA_50,High_Low_Pct,BB_Width,MFI,Rolling_Median_Return,Daily_Return",BB_Upper
KOTAKBANK,2023-05-26,2023,0,Sideways,0,0.8678,SELL,1,0,0.5925,SELL,1,10,"BB_Upper,ATR_14,Volume_MA,OBV,SMA_50,High_Low_Pct,BB_Width,MFI,Rolling_Median_Return,Daily_Return",BB_Upper
KOTAKBANK,2023-05-29,2023,0,Sideways,0,0.8275,SELL,1,0,0.6834,SELL,1,10,"BB_Upper,ATR_14,Volume_MA,OBV,SMA_50,High_Low_Pct,BB_Width,MFI,Rolling_Median_Return,Daily_Return",BB_Upper
KOTAKBANK,2023-05-30,2023,0,Sideways,0,0.8344,SELL,1,0,0.5373,NO TRADE,1,10,"BB_Upper,ATR_14,Volume_MA,OBV,SMA_50,High_Low_Pct,BB_Width,MFI,Rolling_Median_Return,Daily_Return",BB_Upper
KOTAKBANK,2023-05-31,2023,0,Sideways,0,0.5087,NO TRADE,1,0,0.5486,NO TRADE,1,10,"BB_Upper,ATR_14,Volume_MA,OBV,SMA_50,High_Low_Pct,BB_Width,MFI,Rolling_Median_Return,Daily_Return",BB_Upper
KOTAKBANK,2023-06-01,2023,0,Sideways,0,0.684,SELL,1,1,0.5441,NO TRADE,0,10,"BB_Upper,ATR_14,Volume_MA,OBV,SMA_50,High_Low_Pct,BB_Width,MFI,Rolling_Median_Return,Daily_Return",BB_Upper
KOTAKBANK,2023-06-02,2023,0,Sideways,0,0.6688,SELL,1,0,0.609,SELL,1,10,"BB_Upper,ATR_14,Volume_MA,OBV,SMA_50,High_Low_Pct,BB_Width,MFI,Rolling_Median_Return,Daily_Return",BB_Upper
KOTAKBANK,2023-06-05,2023,0,Sideways,0,0.7817,SELL,1,0,0.6352,SELL,1,10,"BB_Upper,ATR_14,Volume_MA,OBV,SMA_50,High_Low_Pct,BB_Width,MFI,Rolling_Median_Return,Daily_Return",BB_Upper
KOTAKBANK,2023-06-06,2023,0,Sideways,0,0.8662,SELL,1,0,0.6538,SELL,1,10,"BB_Upper,ATR_14,Volume_MA,OBV,SMA_50,High_Low_Pct,BB_Width,MFI,Rolling_Median_Return,Daily_Return",BB_Upper
KOTAKBANK,2023-06-07,2023,0,Sideways,0,0.8771,SELL,1,0,0.6548,SELL,1,10,"BB_Upper,ATR_14,Volume_MA,OBV,SMA_50,High_Low_Pct,BB_Width,MFI,Rolling_Median_Return,Daily_Return",BB_Upper
KOTAKBANK,2023-06-08,2023,0,Sideways,0,0.815,SELL,1,0,0.5933,SELL,1,10,"BB_Upper,ATR_14,Volume_MA,OBV,SMA_50,High_Low_Pct,BB_Width,MFI,Rolling_Median_Return,Daily_Return",BB_Upper
KOTAKBANK,2023-06-09,2023,0,Sideways,0,0.6235,SELL,1,1,0.5077,NO TRADE,0,10,"BB_Upper,ATR_14,Volume_MA,OBV,SMA_50,High_Low_Pct,BB_Width,MFI,Rolling_Median_Return,Daily_Return",BB_Upper
KOTAKBANK,2023-06-12,2023,0,Sideways,0,0.7351,SELL,1,0,0.5235,NO TRADE,1,10,"BB_Upper,ATR_14,Volume_MA,OBV,SMA_50,High_Low_Pct,BB_Width,MFI,Rolling_Median_Return,Daily_Return",BB_Upper
KOTAKBANK,2023-06-13,2023,1,Sideways,0,0.6378,SELL,0,1,0.5002,NO TRADE,1,10,"BB_Upper,ATR_14,Volume_MA,OBV,SMA_50,High_Low_Pct,BB_Width,MFI,Rolling_Median_Return,Daily_Return",BB_Upper
KOTAKBANK,2023-06-14,2023,1,Sideways,0,0.5055,NO TRADE,0,1,0.6077,BUY,1,10,"BB_Upper,ATR_14,Volume_MA,OBV,SMA_50,High_Low_Pct,BB_Width,MFI,Rolling_Median_Return,Daily_Return",BB_Upper
KOTAKBANK,2023-06-15,2023,1,Sideways,1,0.627,BUY,1,1,0.6152,BUY,1,10,"BB_Upper,ATR_14,Volume_MA,OBV,SMA_50,High_Low_Pct,BB_Width,MFI,Rolling_Median_Return,Daily_Return",BB_Upper
KOTAKBANK,2023-06-16,2023,1,Sideways,1,0.7663,BUY,1,1,0.6169,BUY,1,10,"BB_Upper,ATR_14,Volume_MA,OBV,SMA_50,High_Low_Pct,BB_Width,MFI,Rolling_Median_Return,Daily_Return",BB_Upper
KOTAKBANK,2023-06-19,2023,1,Sideways,1,0.851,BUY,1,1,0.5891,BUY,1,10,"BB_Width,BB_Upper,SMA_50,SMA_10,MACD_Signal,ATR_14,Rolling_Volatility,OBV,SMA_20,Williams_R",BB_Width
KOTAKBANK,2023-06-20,2023,1,Sideways,1,0.848,BUY,1,1,0.6094,BUY,1,10,"BB_Width,BB_Upper,SMA_50,SMA_10,MACD_Signal,ATR_14,Rolling_Volatility,OBV,SMA_20,Williams_R",BB_Width
KOTAKBANK,2023-06-21,2023,1,Sideways,1,0.8476,BUY,1,1,0.669,BUY,1,10,"BB_Width,BB_Upper,SMA_50,SMA_10,MACD_Signal,ATR_14,Rolling_Volatility,OBV,SMA_20,Williams_R",BB_Width
KOTAKBANK,2023-06-22,2023,1,Sideways,1,0.8866,BUY,1,1,0.649,BUY,1,10,"BB_Width,BB_Upper,SMA_50,SMA_10,MACD_Signal,ATR_14,Rolling_Volatility,OBV,SMA_20,Williams_R",BB_Width
KOTAKBANK,2023-06-23,2023,1,Sideways,1,0.9144,BUY,1,1,0.6757,BUY,1,10,"BB_Width,BB_Upper,SMA_50,SMA_10,MACD_Signal,ATR_14,Rolling_Volatility,OBV,SMA_20,Williams_R",BB_Width
KOTAKBANK,2023-06-26,2023,1,Sideways,1,0.9166,BUY,1,1,0.6906,BUY,1,10,"BB_Width,BB_Upper,SMA_50,SMA_10,MACD_Signal,ATR_14,Rolling_Volatility,OBV,SMA_20,Williams_R",BB_Width
KOTAKBANK,2023-06-27,2023,1,Sideways,1,0.8996,BUY,1,1,0.6718,BUY,1,10,"BB_Width,BB_Upper,SMA_50,SMA_10,MACD_Signal,ATR_14,Rolling_Volatility,OBV,SMA_20,Williams_R",BB_Width
KOTAKBANK,2023-06-28,2023,1,Sideways,1,0.7892,BUY,1,1,0.6614,BUY,1,10,"BB_Width,BB_Upper,SMA_50,SMA_10,MACD_Signal,ATR_14,Rolling_Volatility,OBV,SMA_20,Williams_R",BB_Width
KOTAKBANK,2023-06-30,2023,1,Sideways,1,0.6427,BUY,1,1,0.5593,BUY,1,10,"BB_Width,BB_Upper,SMA_50,SMA_10,MACD_Signal,ATR_14,Rolling_Volatility,OBV,SMA_20,Williams_R",BB_Width
KOTAKBANK,2023-07-03,2023,1,Sideways,1,0.5581,BUY,1,1,0.5894,BUY,1,10,"BB_Width,BB_Upper,SMA_50,SMA_10,MACD_Signal,ATR_14,Rolling_Volatility,OBV,SMA_20,Williams_R",BB_Width
KOTAKBANK,2023-07-04,2023,0,Sideways,1,0.5399,NO TRADE,0,1,0.5777,BUY,0,10,"BB_Width,BB_Upper,SMA_50,SMA_10,MACD_Signal,ATR_14,Rolling_Volatility,OBV,SMA_20,Williams_R",BB_Width
KOTAKBANK,2023-07-05,2023,0,Sideways,0,0.6371,SELL,1,1,0.5305,NO TRADE,0,10,"BB_Width,BB_Upper,SMA_50,SMA_10,MACD_Signal,ATR_14,Rolling_Volatility,OBV,SMA_20,Williams_R",BB_Width
KOTAKBANK,2023-07-06,2023,0,Sideways,0,0.6597,SELL,1,0,0.6064,SELL,1,10,"BB_Width,BB_Upper,SMA_50,SMA_10,MACD_Signal,ATR_14,Rolling_Volatility,OBV,SMA_20,Williams_R",BB_Width
KOTAKBANK,2023-07-07,2023,0,Sideways,0,0.5844,SELL,1,0,0.545,NO TRADE,1,10,"BB_Width,BB_Upper,SMA_50,SMA_10,MACD_Signal,ATR_14,Rolling_Volatility,OBV,SMA_20,Williams_R",BB_Width
KOTAKBANK,2023-07-10,2023,0,Sideways,0,0.6337,SELL,1,0,0.7483,SELL,1,10,"BB_Width,BB_Upper,SMA_50,SMA_10,MACD_Signal,ATR_14,Rolling_Volatility,OBV,SMA_20,Williams_R",BB_Width
KOTAKBANK,2023-07-11,2023,0,Sideways,0,0.5639,SELL,1,0,0.7469,SELL,1,10,"BB_Width,BB_Upper,SMA_50,SMA_10,MACD_Signal,ATR_14,Rolling_Volatility,OBV,SMA_20,Williams_R",BB_Width
KOTAKBANK,2023-07-12,2023,0,Sideways,0,0.5355,NO TRADE,1,0,0.7608,SELL,1,10,"BB_Width,BB_Upper,SMA_50,SMA_10,MACD_Signal,ATR_14,Rolling_Volatility,OBV,SMA_20,Williams_R",BB_Width
KOTAKBANK,2023-07-13,2023,0,Sideways,0,0.6136,SELL,1,0,0.7521,SELL,1,10,"BB_Width,BB_Upper,SMA_50,SMA_10,MACD_Signal,ATR_14,Rolling_Volatility,OBV,SMA_20,Williams_R",BB_Width
KOTAKBANK,2023-07-14,2023,0,Sideways,0,0.7085,SELL,1,0,0.7698,SELL,1,10,"BB_Width,BB_Upper,SMA_50,SMA_10,MACD_Signal,ATR_14,Rolling_Volatility,OBV,SMA_20,Williams_R",BB_Width
KOTAKBANK,2023-07-17,2023,0,Sideways,0,0.7187,SELL,1,0,0.7755,SELL,1,10,"BB_Width,BB_Upper,SMA_50,SMA_10,MACD_Signal,ATR_14,Rolling_Volatility,OBV,SMA_20,Williams_R",BB_Width
KOTAKBANK,2023-07-18,2023,0,Sideways,0,0.7246,SELL,1,0,0.8064,SELL,1,10,"BB_Width,BB_Upper,SMA_50,SMA_10,MACD_Signal,ATR_14,Rolling_Volatility,OBV,SMA_20,Williams_R",BB_Width
KOTAKBANK,2023-07-19,2023,0,Sideways,0,0.7374,SELL,1,0,0.7999,SELL,1,10,"BB_Width,BB_Upper,SMA_50,SMA_10,MACD_Signal,ATR_14,Rolling_Volatility,OBV,SMA_20,Williams_R",BB_Width
KOTAKBANK,2023-07-20,2023,0,Sideways,0,0.6253,SELL,1,0,0.7253,SELL,1,10,"BB_Width,BB_Upper,SMA_50,SMA_10,MACD_Signal,ATR_14,Rolling_Volatility,OBV,SMA_20,Williams_R",BB_Width
KOTAKBANK,2023-07-21,2023,0,Sideways,1,0.7121,BUY,0,0,0.6563,SELL,1,10,"BB_Width,BB_Upper,SMA_50,SMA_10,MACD_Signal,ATR_14,Rolling_Volatility,OBV,SMA_20,Williams_R",BB_Width
KOTAKBANK,2023-07-24,2023,0,Sideways,1,0.5625,BUY,0,0,0.5638,SELL,1,10,"BB_Width,BB_Upper,SMA_50,SMA_10,MACD_Signal,ATR_14,Rolling_Volatility,OBV,SMA_20,Williams_R",BB_Width
KOTAKBANK,2023-07-25,2023,0,Sideways,0,0.6526,SELL,1,0,0.5935,SELL,1,10,"BB_Width,BB_Upper,SMA_50,SMA_10,MACD_Signal,ATR_14,Rolling_Volatility,OBV,SMA_20,Williams_R",BB_Width
KOTAKBANK,2023-07-26,2023,0,Sideways,0,0.6848,SELL,1,0,0.6185,SELL,1,10,"BB_Width,BB_Upper,SMA_50,SMA_10,MACD_Signal,ATR_14,Rolling_Volatility,OBV,SMA_20,Williams_R",BB_Width
KOTAKBANK,2023-07-27,2023,0,Sideways,0,0.6462,SELL,1,0,0.7518,SELL,1,10,"BB_Width,BB_Upper,SMA_50,SMA_10,MACD_Signal,ATR_14,Rolling_Volatility,OBV,SMA_20,Williams_R",BB_Width
KOTAKBANK,2023-07-28,2023,0,Sideways,0,0.6686,SELL,1,0,0.763,SELL,1,10,"BB_Width,BB_Upper,SMA_50,SMA_10,MACD_Signal,ATR_14,Rolling_Volatility,OBV,SMA_20,Williams_R",BB_Width
KOTAKBANK,2023-07-31,2023,0,Sideways,0,0.6097,SELL,1,0,0.78,SELL,1,10,"BB_Width,BB_Upper,SMA_50,SMA_10,MACD_Signal,ATR_14,Rolling_Volatility,OBV,SMA_20,Williams_R",BB_Width
KOTAKBANK,2023-08-01,2023,0,Sideways,0,0.6013,SELL,1,0,0.6697,SELL,1,10,"BB_Width,BB_Upper,SMA_50,SMA_10,CCI,Rolling_Volatility,MACD_Signal,Volume_MA,MACD_Hist,Rolling_Mean_Return",BB_Width
KOTAKBANK,2023-08-02,2023,0,Sideways,1,0.5604,BUY,0,0,0.6433,SELL,1,10,"BB_Width,BB_Upper,SMA_50,SMA_10,CCI,Rolling_Volatility,MACD_Signal,Volume_MA,MACD_Hist,Rolling_Mean_Return",BB_Width
KOTAKBANK,2023-08-03,2023,0,Sideways,1,0.7613,BUY,0,0,0.6822,SELL,1,10,"BB_Width,BB_Upper,SMA_50,SMA_10,CCI,Rolling_Volatility,MACD_Signal,Volume_MA,MACD_Hist,Rolling_Mean_Return",BB_Width
KOTAKBANK,2023-08-04,2023,0,Sideways,1,0.7903,BUY,0,0,0.7611,SELL,1,10,"BB_Width,BB_Upper,SMA_50,SMA_10,CCI,Rolling_Volatility,MACD_Signal,Volume_MA,MACD_Hist,Rolling_Mean_Return",BB_Width
KOTAKBANK,2023-08-07,2023,0,Sideways,1,0.6753,BUY,0,0,0.775,SELL,1,10,"BB_Width,BB_Upper,SMA_50,SMA_10,CCI,Rolling_Volatility,MACD_Signal,Volume_MA,MACD_Hist,Rolling_Mean_Return",BB_Width
KOTAKBANK,2023-08-08,2023,0,Sideways,1,0.6511,BUY,0,0,0.7769,SELL,1,10,"BB_Width,BB_Upper,SMA_50,SMA_10,CCI,Rolling_Volatility,MACD_Signal,Volume_MA,MACD_Hist,Rolling_Mean_Return",BB_Width
KOTAKBANK,2023-08-09,2023,0,Sideways,1,0.6504,BUY,0,0,0.7212,SELL,1,10,"BB_Width,BB_Upper,SMA_50,SMA_10,CCI,Rolling_Volatility,MACD_Signal,Volume_MA,MACD_Hist,Rolling_Mean_Return",BB_Width
KOTAKBANK,2023-08-10,2023,0,Sideways,1,0.7686,BUY,0,0,0.5322,NO TRADE,1,10,"BB_Width,BB_Upper,SMA_50,SMA_10,CCI,Rolling_Volatility,MACD_Signal,Volume_MA,MACD_Hist,Rolling_Mean_Return",BB_Width
KOTAKBANK,2023-08-11,2023,1,Sideways,1,0.7778,BUY,1,1,0.5126,NO TRADE,1,10,"BB_Width,BB_Upper,SMA_50,SMA_10,CCI,Rolling_Volatility,MACD_Signal,Volume_MA,MACD_Hist,Rolling_Mean_Return",BB_Width
KOTAKBANK,2023-08-14,2023,1,Sideways,1,0.8513,BUY,1,1,0.5626,BUY,1,10,"BB_Width,BB_Upper,SMA_50,SMA_10,CCI,Rolling_Volatility,MACD_Signal,Volume_MA,MACD_Hist,Rolling_Mean_Return",BB_Width
KOTAKBANK,2023-08-16,2023,1,Sideways,1,0.761,BUY,1,1,0.6267,BUY,1,10,"BB_Width,BB_Upper,SMA_50,SMA_10,CCI,Rolling_Volatility,MACD_Signal,Volume_MA,MACD_Hist,Rolling_Mean_Return",BB_Width
KOTAKBANK,2023-08-17,2023,1,Sideways,1,0.9113,BUY,1,1,0.8202,BUY,1,10,"BB_Width,BB_Upper,SMA_50,SMA_10,CCI,Rolling_Volatility,MACD_Signal,Volume_MA,MACD_Hist,Rolling_Mean_Return",BB_Width
KOTAKBANK,2023-08-18,2023,1,Sideways,1,0.8218,BUY,1,1,0.8419,BUY,1,10,"BB_Width,BB_Upper,SMA_50,SMA_10,CCI,Rolling_Volatility,MACD_Signal,Volume_MA,MACD_Hist,Rolling_Mean_Return",BB_Width
KOTAKBANK,2023-08-21,2023,1,Sideways,1,0.7862,BUY,1,1,0.8657,BUY,1,10,"BB_Width,BB_Upper,SMA_50,SMA_10,CCI,Rolling_Volatility,MACD_Signal,Volume_MA,MACD_Hist,Rolling_Mean_Return",BB_Width
KOTAKBANK,2023-08-22,2023,1,Sideways,1,0.7578,BUY,1,1,0.8848,BUY,1,10,"BB_Width,BB_Upper,SMA_50,SMA_10,CCI,Rolling_Volatility,MACD_Signal,Volume_MA,MACD_Hist,Rolling_Mean_Return",BB_Width
KOTAKBANK,2023-08-23,2023,0,Sideways,1,0.7628,BUY,0,1,0.8971,BUY,0,10,"BB_Width,BB_Upper,SMA_50,SMA_10,CCI,Rolling_Volatility,MACD_Signal,Volume_MA,MACD_Hist,Rolling_Mean_Return",BB_Width
KOTAKBANK,2023-08-24,2023,0,Sideways,1,0.7038,BUY,0,1,0.8271,BUY,0,10,"BB_Width,BB_Upper,SMA_50,SMA_10,CCI,Rolling_Volatility,MACD_Signal,Volume_MA,MACD_Hist,Rolling_Mean_Return",BB_Width
KOTAKBANK,2023-08-25,2023,1,Sideways,1,0.5009,NO TRADE,1,1,0.7525,BUY,1,10,"BB_Width,BB_Upper,SMA_50,SMA_10,CCI,Rolling_Volatility,MACD_Signal,Volume_MA,MACD_Hist,Rolling_Mean_Return",BB_Width
KOTAKBANK,2023-08-28,2023,0,Sideways,1,0.5866,BUY,0,1,0.5654,BUY,0,10,"BB_Width,BB_Upper,SMA_50,SMA_10,CCI,Rolling_Volatility,MACD_Signal,Volume_MA,MACD_Hist,Rolling_Mean_Return",BB_Width
KOTAKBANK,2023-08-29,2023,0,Sideways,0,0.6149,SELL,1,0,0.5822,SELL,1,10,"BB_Width,BB_Upper,SMA_50,SMA_10,CCI,Rolling_Volatility,MACD_Signal,Volume_MA,MACD_Hist,Rolling_Mean_Return",BB_Width
KOTAKBANK,2023-08-30,2023,0,Sideways,0,0.7004,SELL,1,0,0.6136,SELL,1,10,"BB_Width,BB_Upper,SMA_50,SMA_10,CCI,Rolling_Volatility,MACD_Signal,Volume_MA,MACD_Hist,Rolling_Mean_Return",BB_Width
KOTAKBANK,2023-08-31,2023,0,Sideways,0,0.7865,SELL,1,0,0.6181,SELL,1,10,"BB_Width,BB_Upper,SMA_50,SMA_10,CCI,Rolling_Volatility,MACD_Signal,Volume_MA,MACD_Hist,Rolling_Mean_Return",BB_Width
KOTAKBANK,2023-09-01,2023,0,Sideways,0,0.8216,SELL,1,0,0.6348,SELL,1,10,"BB_Width,BB_Upper,SMA_50,SMA_10,CCI,Rolling_Volatility,MACD_Signal,Volume_MA,MACD_Hist,Rolling_Mean_Return",BB_Width
KOTAKBANK,2023-09-04,2023,0,Sideways,0,0.8349,SELL,1,0,0.7047,SELL,1,10,"BB_Width,BB_Upper,SMA_50,SMA_10,CCI,Rolling_Volatility,MACD_Signal,Volume_MA,MACD_Hist,Rolling_Mean_Return",BB_Width
KOTAKBANK,2023-09-05,2023,0,Sideways,0,0.949,SELL,1,0,0.6873,SELL,1,10,"BB_Width,BB_Upper,SMA_50,SMA_10,CCI,Rolling_Volatility,MACD_Signal,Volume_MA,MACD_Hist,Rolling_Mean_Return",BB_Width
KOTAKBANK,2023-09-06,2023,0,Sideways,0,0.972,SELL,1,0,0.6563,SELL,1,10,"BB_Width,BB_Upper,SMA_50,SMA_10,CCI,Rolling_Volatility,MACD_Signal,Volume_MA,MACD_Hist,Rolling_Mean_Return",BB_Width
KOTAKBANK,2023-09-07,2023,0,Sideways,0,0.9127,SELL,1,0,0.6902,SELL,1,10,"BB_Width,BB_Upper,SMA_50,SMA_10,CCI,Rolling_Volatility,MACD_Signal,Volume_MA,MACD_Hist,Rolling_Mean_Return",BB_Width
KOTAKBANK,2023-09-08,2023,0,Sideways,0,0.9234,SELL,1,0,0.6657,SELL,1,10,"BB_Width,BB_Upper,SMA_50,SMA_10,CCI,Rolling_Volatility,MACD_Signal,Volume_MA,MACD_Hist,Rolling_Mean_Return",BB_Width
KOTAKBANK,2023-09-11,2023,0,Sideways,0,0.836,SELL,1,0,0.6708,SELL,1,10,"BB_Width,BB_Upper,SMA_50,SMA_10,CCI,Rolling_Volatility,MACD_Signal,Volume_MA,MACD_Hist,Rolling_Mean_Return",BB_Width
KOTAKBANK,2023-09-12,2023,0,Sideways,0,0.8023,SELL,1,0,0.6526,SELL,1,10,"BB_Width,BB_Upper,SMA_50,SMA_10,CCI,Rolling_Volatility,MACD_Signal,Volume_MA,MACD_Hist,Rolling_Mean_Return",BB_Width
KOTAKBANK,2023-09-13,2023,0,Sideways,0,0.7415,SELL,1,1,0.6019,BUY,0,10,"BB_Width,BB_Upper,Rolling_Volatility,SMA_10,MACD_Signal,ROC,MACD,EMA_26,ATR_14,OBV",BB_Width
KOTAKBANK,2023-09-14,2023,0,Sideways,0,0.6291,SELL,1,1,0.5892,BUY,0,10,"BB_Width,BB_Upper,Rolling_Volatility,SMA_10,MACD_Signal,ROC,MACD,EMA_26,ATR_14,OBV",BB_Width
KOTAKBANK,2023-09-15,2023,0,Sideways,0,0.6616,SELL,1,1,0.6372,BUY,0,10,"BB_Width,BB_Upper,Rolling_Volatility,SMA_10,MACD_Signal,ROC,MACD,EMA_26,ATR_14,OBV",BB_Width
KOTAKBANK,2023-09-18,2023,0,Sideways,0,0.6652,SELL,1,1,0.5963,BUY,0,10,"BB_Width,BB_Upper,Rolling_Volatility,SMA_10,MACD_Signal,ROC,MACD,EMA_26,ATR_14,OBV",BB_Width
KOTAKBANK,2023-09-20,2023,0,Sideways,0,0.7117,SELL,1,0,0.5886,SELL,1,10,"BB_Width,BB_Upper,Rolling_Volatility,SMA_10,MACD_Signal,ROC,MACD,EMA_26,ATR_14,OBV",BB_Width
KOTAKBANK,2023-09-21,2023,1,Sideways,0,0.7179,SELL,0,0,0.6319,SELL,0,10,"BB_Width,BB_Upper,Rolling_Volatility,SMA_10,MACD_Signal,ROC,MACD,EMA_26,ATR_14,OBV",BB_Width
KOTAKBANK,2023-09-22,2023,0,Sideways,0,0.5525,SELL,1,1,0.6204,BUY,0,10,"BB_Width,BB_Upper,Rolling_Volatility,SMA_10,MACD_Signal,ROC,MACD,EMA_26,ATR_14,OBV",BB_Width
KOTAKBANK,2023-09-25,2023,0,Sideways,0,0.6168,SELL,1,0,0.6606,SELL,1,10,"BB_Width,BB_Upper,Rolling_Volatility,SMA_10,MACD_Signal,ROC,MACD,EMA_26,ATR_14,OBV",BB_Width
KOTAKBANK,2023-09-26,2023,0,Sideways,0,0.5282,NO TRADE,1,0,0.5495,NO TRADE,1,10,"BB_Width,BB_Upper,Rolling_Volatility,SMA_10,MACD_Signal,ROC,MACD,EMA_26,ATR_14,OBV",BB_Width
KOTAKBANK,2023-09-27,2023,0,Sideways,0,0.6294,SELL,1,0,0.554,SELL,1,10,"BB_Width,BB_Upper,Rolling_Volatility,SMA_10,MACD_Signal,ROC,MACD,EMA_26,ATR_14,OBV",BB_Width
KOTAKBANK,2023-09-28,2023,0,Sideways,1,0.6976,BUY,0,0,0.7198,SELL,1,10,"BB_Width,BB_Upper,Rolling_Volatility,SMA_10,MACD_Signal,ROC,MACD,EMA_26,ATR_14,OBV",BB_Width
KOTAKBANK,2023-09-29,2023,1,Sideways,1,0.641,BUY,1,0,0.6935,SELL,0,10,"BB_Width,BB_Upper,Rolling_Volatility,SMA_10,MACD_Signal,ROC,MACD,EMA_26,ATR_14,OBV",BB_Width
KOTAKBANK,2023-10-03,2023,0,Sideways,1,0.6014,BUY,0,1,0.6409,BUY,0,10,"BB_Width,BB_Upper,Rolling_Volatility,SMA_10,MACD_Signal,ROC,MACD,EMA_26,ATR_14,OBV",BB_Width
KOTAKBANK,2023-10-04,2023,1,Sideways,1,0.7398,BUY,1,1,0.5172,NO TRADE,1,10,"BB_Width,BB_Upper,Rolling_Volatility,SMA_10,MACD_Signal,ROC,MACD,EMA_26,ATR_14,OBV",BB_Width
KOTAKBANK,2023-10-05,2023,0,Sideways,1,0.6245,BUY,0,1,0.6972,BUY,0,10,"BB_Width,BB_Upper,Rolling_Volatility,SMA_10,MACD_Signal,ROC,MACD,EMA_26,ATR_14,OBV",BB_Width
KOTAKBANK,2023-10-06,2023,0,Sideways,0,0.7286,SELL,1,0,0.5305,NO TRADE,1,10,"BB_Width,BB_Upper,Rolling_Volatility,SMA_10,MACD_Signal,ROC,MACD,EMA_26,ATR_14,OBV",BB_Width
KOTAKBANK,2023-10-09,2023,1,Sideways,0,0.5611,SELL,0,0,0.5545,SELL,0,10,"BB_Width,BB_Upper,Rolling_Volatility,SMA_10,MACD_Signal,ROC,MACD,EMA_26,ATR_14,OBV",BB_Width
KOTAKBANK,2023-10-10,2023,0,Sideways,0,0.567,SELL,1,1,0.5332,NO TRADE,0,10,"BB_Width,BB_Upper,Rolling_Volatility,SMA_10,MACD_Signal,ROC,MACD,EMA_26,ATR_14,OBV",BB_Width
KOTAKBANK,2023-10-11,2023,0,Sideways,0,0.6434,SELL,1,0,0.7549,SELL,1,10,"BB_Width,BB_Upper,Rolling_Volatility,SMA_10,MACD_Signal,ROC,MACD,EMA_26,ATR_14,OBV",BB_Width
KOTAKBANK,2023-10-12,2023,0,Sideways,0,0.5678,SELL,1,0,0.7576,SELL,1,10,"BB_Width,BB_Upper,Rolling_Volatility,SMA_10,MACD_Signal,ROC,MACD,EMA_26,ATR_14,OBV",BB_Width
KOTAKBANK,2023-10-13,2023,0,Sideways,0,0.5893,SELL,1,0,0.8273,SELL,1,10,"BB_Width,BB_Upper,Rolling_Volatility,SMA_10,MACD_Signal,ROC,MACD,EMA_26,ATR_14,OBV",BB_Width
KOTAKBANK,2023-10-16,2023,1,Sideways,0,0.6147,SELL,0,0,0.8187,SELL,0,10,"BB_Width,BB_Upper,Rolling_Volatility,SMA_10,MACD_Signal,ROC,MACD,EMA_26,ATR_14,OBV",BB_Width
KOTAKBANK,2023-10-17,2023,1,Sideways,0,0.6099,SELL,0,0,0.6668,SELL,0,10,"BB_Width,BB_Upper,Rolling_Volatility,SMA_10,MACD_Signal,ROC,MACD,EMA_26,ATR_14,OBV",BB_Width
KOTAKBANK,2023-10-18,2023,1,Sideways,1,0.5837,BUY,1,0,0.5248,NO TRADE,0,10,"BB_Width,BB_Upper,Rolling_Volatility,SMA_10,MACD_Signal,ROC,MACD,EMA_26,ATR_14,OBV",BB_Width
KOTAKBANK,2023-10-19,2023,1,Sideways,1,0.7064,BUY,1,0,0.5481,NO TRADE,0,10,"BB_Width,BB_Upper,Rolling_Volatility,SMA_10,MACD_Signal,ROC,MACD,EMA_26,ATR_14,OBV",BB_Width
KOTAKBANK,2023-10-20,2023,0,Sideways,1,0.5776,BUY,0,1,0.529,NO TRADE,0,10,"BB_Width,BB_Upper,Rolling_Volatility,SMA_10,MACD_Signal,ROC,MACD,EMA_26,ATR_14,OBV",BB_Width
KOTAKBANK,2023-10-23,2023,1,Sideways,0,0.6081,SELL,0,0,0.5012,NO TRADE,0,10,"BB_Width,BB_Upper,Rolling_Volatility,SMA_10,MACD_Signal,ROC,MACD,EMA_26,ATR_14,OBV",BB_Width
KOTAKBANK,2023-10-25,2023,1,Sideways,1,0.6899,BUY,1,0,0.5458,NO TRADE,0,10,"BB_Width,BB_Upper,Rolling_Volatility,SMA_10,MACD_Signal,ROC,MACD,EMA_26,ATR_14,OBV",BB_Width
KOTAKBANK,2023-10-26,2023,1,Sideways,1,0.8398,BUY,1,1,0.5063,NO TRADE,1,10,"BB_Width,BB_Upper,Rolling_Volatility,SMA_10,MACD_Signal,ROC,MACD,EMA_26,ATR_14,OBV",BB_Width
KOTAKBANK,2023-10-27,2023,1,Sideways,1,0.8482,BUY,1,1,0.5334,NO TRADE,1,10,"BB_Width,BB_Upper,Rolling_Volatility,SMA_10,MACD_Signal,ROC,MACD,EMA_26,ATR_14,OBV",BB_Width
KOTAKBANK,2023-10-30,2023,1,Sideways,1,0.9227,BUY,1,1,0.7051,BUY,1,10,"BB_Width,SMA_50,MACD_Hist,SMA_10,Rolling_Volatility,BB_Upper,OBV,SMA_20,Rolling_Mean_Return,CCI",BB_Width
KOTAKBANK,2023-10-31,2023,1,Sideways,1,0.8548,BUY,1,1,0.6827,BUY,1,10,"BB_Width,SMA_50,MACD_Hist,SMA_10,Rolling_Volatility,BB_Upper,OBV,SMA_20,Rolling_Mean_Return,CCI",BB_Width
KOTAKBANK,2023-11-01,2023,1,Sideways,1,0.9368,BUY,1,1,0.7158,BUY,1,10,"BB_Width,SMA_50,MACD_Hist,SMA_10,Rolling_Volatility,BB_Upper,OBV,SMA_20,Rolling_Mean_Return,CCI",BB_Width
KOTAKBANK,2023-11-02,2023,1,Sideways,1,0.871,BUY,1,1,0.7399,BUY,1,10,"BB_Width,SMA_50,MACD_Hist,SMA_10,Rolling_Volatility,BB_Upper,OBV,SMA_20,Rolling_Mean_Return,CCI",BB_Width
KOTAKBANK,2023-11-03,2023,1,Sideways,1,0.843,BUY,1,1,0.6683,BUY,1,10,"BB_Width,SMA_50,MACD_Hist,SMA_10,Rolling_Volatility,BB_Upper,OBV,SMA_20,Rolling_Mean_Return,CCI",BB_Width
KOTAKBANK,2023-11-06,2023,1,Sideways,1,0.8929,BUY,1,1,0.8419,BUY,1,10,"BB_Width,SMA_50,MACD_Hist,SMA_10,Rolling_Volatility,BB_Upper,OBV,SMA_20,Rolling_Mean_Return,CCI",BB_Width
KOTAKBANK,2023-11-07,2023,1,Sideways,1,0.8372,BUY,1,1,0.795,BUY,1,10,"BB_Width,SMA_50,MACD_Hist,SMA_10,Rolling_Volatility,BB_Upper,OBV,SMA_20,Rolling_Mean_Return,CCI",BB_Width
KOTAKBANK,2023-11-08,2023,1,Sideways,1,0.8226,BUY,1,1,0.8185,BUY,1,10,"BB_Width,SMA_50,MACD_Hist,SMA_10,Rolling_Volatility,BB_Upper,OBV,SMA_20,Rolling_Mean_Return,CCI",BB_Width
KOTAKBANK,2023-11-09,2023,1,Sideways,1,0.8391,BUY,1,1,0.8496,BUY,1,10,"BB_Width,SMA_50,MACD_Hist,SMA_10,Rolling_Volatility,BB_Upper,OBV,SMA_20,Rolling_Mean_Return,CCI",BB_Width
KOTAKBANK,2023-11-10,2023,1,Sideways,1,0.8383,BUY,1,1,0.8666,BUY,1,10,"BB_Width,SMA_50,MACD_Hist,SMA_10,Rolling_Volatility,BB_Upper,OBV,SMA_20,Rolling_Mean_Return,CCI",BB_Width
KOTAKBANK,2023-11-13,2023,1,Sideways,1,0.8442,BUY,1,1,0.8718,BUY,1,10,"BB_Width,SMA_50,MACD_Hist,SMA_10,Rolling_Volatility,BB_Upper,OBV,SMA_20,Rolling_Mean_Return,CCI",BB_Width
KOTAKBANK,2023-11-15,2023,1,Sideways,1,0.8754,BUY,1,1,0.9108,BUY,1,10,"BB_Width,SMA_50,MACD_Hist,SMA_10,Rolling_Volatility,BB_Upper,OBV,SMA_20,Rolling_Mean_Return,CCI",BB_Width
KOTAKBANK,2023-11-16,2023,1,Sideways,1,0.8002,BUY,1,1,0.8901,BUY,1,10,"BB_Width,SMA_50,MACD_Hist,SMA_10,Rolling_Volatility,BB_Upper,OBV,SMA_20,Rolling_Mean_Return,CCI",BB_Width
KOTAKBANK,2023-11-17,2023,1,Sideways,1,0.8182,BUY,1,1,0.764,BUY,1,10,"BB_Width,SMA_50,MACD_Hist,SMA_10,Rolling_Volatility,BB_Upper,OBV,SMA_20,Rolling_Mean_Return,CCI",BB_Width
KOTAKBANK,2023-11-20,2023,1,Sideways,1,0.7919,BUY,1,1,0.7775,BUY,1,10,"BB_Width,SMA_50,MACD_Hist,SMA_10,Rolling_Volatility,BB_Upper,OBV,SMA_20,Rolling_Mean_Return,CCI",BB_Width
KOTAKBANK,2023-11-21,2023,1,Sideways,1,0.8306,BUY,1,1,0.8662,BUY,1,10,"BB_Width,SMA_50,MACD_Hist,SMA_10,Rolling_Volatility,BB_Upper,OBV,SMA_20,Rolling_Mean_Return,CCI",BB_Width
KOTAKBANK,2023-11-22,2023,1,Sideways,1,0.7949,BUY,1,1,0.8011,BUY,1,10,"BB_Width,SMA_50,MACD_Hist,SMA_10,Rolling_Volatility,BB_Upper,OBV,SMA_20,Rolling_Mean_Return,CCI",BB_Width
KOTAKBANK,2023-11-23,2023,1,Sideways,1,0.7508,BUY,1,1,0.8289,BUY,1,10,"BB_Width,SMA_50,MACD_Hist,SMA_10,Rolling_Volatility,BB_Upper,OBV,SMA_20,Rolling_Mean_Return,CCI",BB_Width
KOTAKBANK,2023-11-24,2023,1,Sideways,1,0.7063,BUY,1,1,0.8287,BUY,1,10,"BB_Width,SMA_50,MACD_Hist,SMA_10,Rolling_Volatility,BB_Upper,OBV,SMA_20,Rolling_Mean_Return,CCI",BB_Width
KOTAKBANK,2023-11-28,2023,1,Sideways,1,0.7175,BUY,1,1,0.8447,BUY,1,10,"BB_Width,SMA_50,MACD_Hist,SMA_10,Rolling_Volatility,BB_Upper,OBV,SMA_20,Rolling_Mean_Return,CCI",BB_Width
KOTAKBANK,2023-11-29,2023,1,Sideways,1,0.7163,BUY,1,1,0.8426,BUY,1,10,"BB_Width,SMA_50,MACD_Hist,SMA_10,Rolling_Volatility,BB_Upper,OBV,SMA_20,Rolling_Mean_Return,CCI",BB_Width
KOTAKBANK,2023-11-30,2023,1,Sideways,1,0.6911,BUY,1,1,0.8641,BUY,1,10,"BB_Width,SMA_50,MACD_Hist,SMA_10,Rolling_Volatility,BB_Upper,OBV,SMA_20,Rolling_Mean_Return,CCI",BB_Width
KOTAKBANK,2023-12-01,2023,1,Sideways,1,0.7241,BUY,1,1,0.8552,BUY,1,10,"BB_Width,SMA_50,MACD_Hist,SMA_10,Rolling_Volatility,BB_Upper,OBV,SMA_20,Rolling_Mean_Return,CCI",BB_Width
KOTAKBANK,2023-12-04,2023,1,Sideways,1,0.5962,BUY,1,1,0.9341,BUY,1,10,"BB_Width,SMA_50,MACD_Hist,SMA_10,Rolling_Volatility,BB_Upper,OBV,SMA_20,Rolling_Mean_Return,CCI",BB_Width
KOTAKBANK,2023-12-05,2023,1,Sideways,1,0.901,BUY,1,1,0.932,BUY,1,10,"BB_Width,SMA_50,MACD_Hist,SMA_10,Rolling_Volatility,BB_Upper,OBV,SMA_20,Rolling_Mean_Return,CCI",BB_Width
KOTAKBANK,2023-12-06,2023,1,Sideways,1,0.9089,BUY,1,1,0.9097,BUY,1,10,"BB_Width,SMA_50,MACD_Hist,SMA_10,Rolling_Volatility,BB_Upper,OBV,SMA_20,Rolling_Mean_Return,CCI",BB_Width
KOTAKBANK,2023-12-07,2023,1,Sideways,1,0.9126,BUY,1,1,0.7723,BUY,1,10,"BB_Width,SMA_50,MACD_Hist,SMA_10,Rolling_Volatility,BB_Upper,OBV,SMA_20,Rolling_Mean_Return,CCI",BB_Width
KOTAKBANK,2023-12-08,2023,0,Sideways,1,0.982,BUY,0,1,0.6707,BUY,0,10,"BB_Width,SMA_50,MACD_Hist,SMA_10,Rolling_Volatility,BB_Upper,OBV,SMA_20,Rolling_Mean_Return,CCI",BB_Width
KOTAKBANK,2023-12-11,2023,0,Sideways,1,0.6829,BUY,0,1,0.5943,BUY,0,10,"BB_Width,SMA_50,MACD_Hist,SMA_10,Rolling_Volatility,BB_Upper,OBV,SMA_20,Rolling_Mean_Return,CCI",BB_Width
KOTAKBANK,2023-12-12,2023,0,Sideways,1,0.643,BUY,0,1,0.5334,NO TRADE,0,10,"BB_Width,SMA_50,MACD_Hist,SMA_10,Rolling_Volatility,BB_Upper,OBV,SMA_20,Rolling_Mean_Return,CCI",BB_Width
KOTAKBANK,2023-12-13,2023,0,Sideways,1,0.6168,BUY,0,1,0.5244,NO TRADE,0,10,"SMA_50,Rolling_Mean_Return,BB_Width,MACD_Signal,Volume_MA,BB_Upper,Stochastic,Rolling_Volatility,ADX,MACD_Hist",SMA_50
KOTAKBANK,2023-12-14,2023,0,Sideways,1,0.612,BUY,0,0,0.5278,NO TRADE,1,10,"SMA_50,Rolling_Mean_Return,BB_Width,MACD_Signal,Volume_MA,BB_Upper,Stochastic,Rolling_Volatility,ADX,MACD_Hist",SMA_50
KOTAKBANK,2023-12-15,2023,1,Sideways,1,0.6091,BUY,1,0,0.5478,NO TRADE,0,10,"SMA_50,Rolling_Mean_Return,BB_Width,MACD_Signal,Volume_MA,BB_Upper,Stochastic,Rolling_Volatility,ADX,MACD_Hist",SMA_50
KOTAKBANK,2023-12-18,2023,1,Sideways,1,0.5664,BUY,1,1,0.7362,BUY,1,10,"SMA_50,Rolling_Mean_Return,BB_Width,MACD_Signal,Volume_MA,BB_Upper,Stochastic,Rolling_Volatility,ADX,MACD_Hist",SMA_50
KOTAKBANK,2023-12-19,2023,0,Sideways,1,0.5752,BUY,0,1,0.7776,BUY,0,10,"SMA_50,Rolling_Mean_Return,BB_Width,MACD_Signal,Volume_MA,BB_Upper,Stochastic,Rolling_Volatility,ADX,MACD_Hist",SMA_50
KOTAKBANK,2023-12-20,2023,0,Sideways,1,0.5866,BUY,0,0,0.6999,SELL,1,10,"SMA_50,Rolling_Mean_Return,BB_Width,MACD_Signal,Volume_MA,BB_Upper,Stochastic,Rolling_Volatility,ADX,MACD_Hist",SMA_50
KOTAKBANK,2023-12-21,2023,0,Sideways,0,0.5982,SELL,1,0,0.724,SELL,1,10,"SMA_50,Rolling_Mean_Return,BB_Width,MACD_Signal,Volume_MA,BB_Upper,Stochastic,Rolling_Volatility,ADX,MACD_Hist",SMA_50
KOTAKBANK,2023-12-22,2023,0,Sideways,0,0.6435,SELL,1,0,0.7525,SELL,1,10,"SMA_50,Rolling_Mean_Return,BB_Width,MACD_Signal,Volume_MA,BB_Upper,Stochastic,Rolling_Volatility,ADX,MACD_Hist",SMA_50
KOTAKBANK,2023-12-26,2023,0,Sideways,0,0.5907,SELL,1,0,0.7403,SELL,1,10,"SMA_50,Rolling_Mean_Return,BB_Width,MACD_Signal,Volume_MA,BB_Upper,Stochastic,Rolling_Volatility,ADX,MACD_Hist",SMA_50
KOTAKBANK,2023-12-27,2023,0,Sideways,1,0.5144,NO TRADE,0,0,0.5621,SELL,1,10,"SMA_50,Rolling_Mean_Return,BB_Width,MACD_Signal,Volume_MA,BB_Upper,Stochastic,Rolling_Volatility,ADX,MACD_Hist",SMA_50
KOTAKBANK,2023-12-28,2023,0,Sideways,1,0.6051,BUY,0,0,0.7721,SELL,1,10,"SMA_50,Rolling_Mean_Return,BB_Width,MACD_Signal,Volume_MA,BB_Upper,Stochastic,Rolling_Volatility,ADX,MACD_Hist",SMA_50
KOTAKBANK,2023-12-29,2023,0,Sideways,1,0.5036,NO TRADE,0,0,0.6666,SELL,1,10,"SMA_50,Rolling_Mean_Return,BB_Width,MACD_Signal,Volume_MA,BB_Upper,Stochastic,Rolling_Volatility,ADX,MACD_Hist",SMA_50
KOTAKBANK,2024-01-01,2024,0,Sideways,0,0.5356,NO TRADE,1,0,0.6565,SELL,1,10,"SMA_50,Rolling_Mean_Return,BB_Width,MACD_Signal,Volume_MA,BB_Upper,Stochastic,Rolling_Volatility,ADX,MACD_Hist",SMA_50
KOTAKBANK,2024-01-02,2024,0,Sideways,0,0.6725,SELL,1,0,0.777,SELL,1,10,"SMA_50,Rolling_Mean_Return,BB_Width,MACD_Signal,Volume_MA,BB_Upper,Stochastic,Rolling_Volatility,ADX,MACD_Hist",SMA_50
KOTAKBANK,2024-01-03,2024,0,Sideways,0,0.5275,NO TRADE,1,0,0.8037,SELL,1,10,"SMA_50,Rolling_Mean_Return,BB_Width,MACD_Signal,Volume_MA,BB_Upper,Stochastic,Rolling_Volatility,ADX,MACD_Hist",SMA_50
KOTAKBANK,2024-01-04,2024,0,Sideways,0,0.6489,SELL,1,0,0.8566,SELL,1,10,"SMA_50,Rolling_Mean_Return,BB_Width,MACD_Signal,Volume_MA,BB_Upper,Stochastic,Rolling_Volatility,ADX,MACD_Hist",SMA_50
KOTAKBANK,2024-01-05,2024,0,Sideways,0,0.6674,SELL,1,0,0.8577,SELL,1,10,"SMA_50,Rolling_Mean_Return,BB_Width,MACD_Signal,Volume_MA,BB_Upper,Stochastic,Rolling_Volatility,ADX,MACD_Hist",SMA_50
KOTAKBANK,2024-01-08,2024,0,Sideways,0,0.6288,SELL,1,0,0.621,SELL,1,10,"SMA_50,Rolling_Mean_Return,BB_Width,MACD_Signal,Volume_MA,BB_Upper,Stochastic,Rolling_Volatility,ADX,MACD_Hist",SMA_50
KOTAKBANK,2024-01-09,2024,0,Sideways,0,0.591,SELL,1,0,0.6619,SELL,1,10,"SMA_50,Rolling_Mean_Return,BB_Width,MACD_Signal,Volume_MA,BB_Upper,Stochastic,Rolling_Volatility,ADX,MACD_Hist",SMA_50
KOTAKBANK,2024-01-10,2024,0,Sideways,0,0.5344,NO TRADE,1,0,0.6455,SELL,1,10,"SMA_50,Rolling_Mean_Return,BB_Width,MACD_Signal,Volume_MA,BB_Upper,Stochastic,Rolling_Volatility,ADX,MACD_Hist",SMA_50
KOTAKBANK,2024-01-11,2024,0,Sideways,0,0.512,NO TRADE,1,0,0.7489,SELL,1,10,"SMA_50,Rolling_Mean_Return,BB_Width,MACD_Signal,Volume_MA,BB_Upper,Stochastic,Rolling_Volatility,ADX,MACD_Hist",SMA_50
KOTAKBANK,2024-01-12,2024,0,Sideways,0,0.5739,SELL,1,0,0.7265,SELL,1,10,"SMA_50,Rolling_Mean_Return,BB_Width,MACD_Signal,Volume_MA,BB_Upper,Stochastic,Rolling_Volatility,ADX,MACD_Hist",SMA_50
KOTAKBANK,2024-01-15,2024,0,Sideways,0,0.6177,SELL,1,0,0.6622,SELL,1,10,"SMA_50,Rolling_Mean_Return,BB_Width,MACD_Signal,Volume_MA,BB_Upper,Stochastic,Rolling_Volatility,ADX,MACD_Hist",SMA_50
KOTAKBANK,2024-01-16,2024,0,Sideways,0,0.6693,SELL,1,0,0.7584,SELL,1,10,"SMA_50,Rolling_Mean_Return,BB_Width,MACD_Signal,Volume_MA,BB_Upper,Stochastic,Rolling_Volatility,ADX,MACD_Hist",SMA_50
KOTAKBANK,2024-01-17,2024,0,Sideways,0,0.5779,SELL,1,0,0.7677,SELL,1,10,"SMA_50,Rolling_Mean_Return,BB_Width,MACD_Signal,Volume_MA,BB_Upper,Stochastic,Rolling_Volatility,ADX,MACD_Hist",SMA_50
KOTAKBANK,2024-01-18,2024,0,Sideways,0,0.5331,NO TRADE,1,0,0.7651,SELL,1,10,"SMA_50,Rolling_Mean_Return,BB_Width,MACD_Signal,Volume_MA,BB_Upper,Stochastic,Rolling_Volatility,ADX,MACD_Hist",SMA_50
KOTAKBANK,2024-01-19,2024,0,Sideways,1,0.5769,BUY,0,0,0.7716,SELL,1,10,"SMA_50,Rolling_Mean_Return,BB_Width,MACD_Signal,Volume_MA,BB_Upper,Stochastic,Rolling_Volatility,ADX,MACD_Hist",SMA_50
KOTAKBANK,2024-01-23,2024,0,Sideways,1,0.6464,BUY,0,0,0.7815,SELL,1,10,"SMA_50,Rolling_Mean_Return,BB_Width,MACD_Signal,Volume_MA,BB_Upper,Stochastic,Rolling_Volatility,ADX,MACD_Hist",SMA_50
KOTAKBANK,2024-01-24,2024,0,Sideways,1,0.6334,BUY,0,0,0.7865,SELL,1,10,"SMA_50,Rolling_Mean_Return,BB_Width,MACD_Signal,Volume_MA,BB_Upper,Stochastic,Rolling_Volatility,ADX,MACD_Hist",SMA_50
KOTAKBANK,2024-01-25,2024,0,Sideways,1,0.6404,BUY,0,0,0.7866,SELL,1,10,"SMA_50,Rolling_Mean_Return,BB_Width,MACD_Signal,Volume_MA,BB_Upper,Stochastic,Rolling_Volatility,ADX,MACD_Hist",SMA_50
KOTAKBANK,2024-01-29,2024,0,Sideways,1,0.5898,BUY,0,0,0.7482,SELL,1,10,"SMA_50,EMA_26,Rolling_Median_Return,BB_Width,ADX,RSI_14,MFI,OBV,MACD,BB_Upper",SMA_50
KOTAKBANK,2024-01-30,2024,0,Sideways,1,0.5992,BUY,0,0,0.7505,SELL,1,10,"SMA_50,EMA_26,Rolling_Median_Return,BB_Width,ADX,RSI_14,MFI,OBV,MACD,BB_Upper",SMA_50
KOTAKBANK,2024-01-31,2024,0,Sideways,1,0.5074,NO TRADE,0,0,0.7003,SELL,1,10,"SMA_50,EMA_26,Rolling_Median_Return,BB_Width,ADX,RSI_14,MFI,OBV,MACD,BB_Upper",SMA_50
KOTAKBANK,2024-02-01,2024,0,Sideways,0,0.5357,NO TRADE,1,0,0.8083,SELL,1,10,"SMA_50,EMA_26,Rolling_Median_Return,BB_Width,ADX,RSI_14,MFI,OBV,MACD,BB_Upper",SMA_50
KOTAKBANK,2024-02-02,2024,0,Sideways,1,0.5317,NO TRADE,0,0,0.8083,SELL,1,10,"SMA_50,EMA_26,Rolling_Median_Return,BB_Width,ADX,RSI_14,MFI,OBV,MACD,BB_Upper",SMA_50
KOTAKBANK,2024-02-05,2024,0,Sideways,0,0.5031,NO TRADE,1,0,0.8007,SELL,1,10,"SMA_50,EMA_26,Rolling_Median_Return,BB_Width,ADX,RSI_14,MFI,OBV,MACD,BB_Upper",SMA_50
KOTAKBANK,2024-02-06,2024,0,Sideways,0,0.6379,SELL,1,0,0.7859,SELL,1,10,"SMA_50,EMA_26,Rolling_Median_Return,BB_Width,ADX,RSI_14,MFI,OBV,MACD,BB_Upper",SMA_50
KOTAKBANK,2024-02-07,2024,0,Sideways,0,0.589,SELL,1,0,0.7903,SELL,1,10,"SMA_50,EMA_26,Rolling_Median_Return,BB_Width,ADX,RSI_14,MFI,OBV,MACD,BB_Upper",SMA_50
KOTAKBANK,2024-02-08,2024,1,Sideways,0,0.6365,SELL,0,0,0.7454,SELL,0,10,"SMA_50,EMA_26,Rolling_Median_Return,BB_Width,ADX,RSI_14,MFI,OBV,MACD,BB_Upper",SMA_50
KOTAKBANK,2024-02-09,2024,0,Sideways,0,0.5927,SELL,1,0,0.6093,SELL,1,10,"SMA_50,EMA_26,Rolling_Median_Return,BB_Width,ADX,RSI_14,MFI,OBV,MACD,BB_Upper",SMA_50
KOTAKBANK,2024-02-12,2024,1,Sideways,1,0.612,BUY,1,0,0.6336,SELL,0,10,"SMA_50,EMA_26,Rolling_Median_Return,BB_Width,ADX,RSI_14,MFI,OBV,MACD,BB_Upper",SMA_50
KOTAKBANK,2024-02-13,2024,0,Sideways,1,0.5781,BUY,0,0,0.6657,SELL,1,10,"SMA_50,EMA_26,Rolling_Median_Return,BB_Width,ADX,RSI_14,MFI,OBV,MACD,BB_Upper",SMA_50
KOTAKBANK,2024-02-14,2024,0,Sideways,0,0.6415,SELL,1,0,0.6832,SELL,1,10,"SMA_50,EMA_26,Rolling_Median_Return,BB_Width,ADX,RSI_14,MFI,OBV,MACD,BB_Upper",SMA_50
KOTAKBANK,2024-02-15,2024,0,Sideways,0,0.6331,SELL,1,0,0.6826,SELL,1,10,"SMA_50,EMA_26,Rolling_Median_Return,BB_Width,ADX,RSI_14,MFI,OBV,MACD,BB_Upper",SMA_50
KOTAKBANK,2024-02-16,2024,1,Sideways,0,0.6372,SELL,0,0,0.6916,SELL,0,10,"SMA_50,EMA_26,Rolling_Median_Return,BB_Width,ADX,RSI_14,MFI,OBV,MACD,BB_Upper",SMA_50
KOTAKBANK,2024-02-19,2024,1,Sideways,1,0.7782,BUY,1,0,0.5766,SELL,0,10,"SMA_50,EMA_26,Rolling_Median_Return,BB_Width,ADX,RSI_14,MFI,OBV,MACD,BB_Upper",SMA_50
KOTAKBANK,2024-02-20,2024,1,Sideways,1,0.6549,BUY,1,0,0.5585,SELL,0,10,"SMA_50,EMA_26,Rolling_Median_Return,BB_Width,ADX,RSI_14,MFI,OBV,MACD,BB_Upper",SMA_50
KOTAKBANK,2024-02-21,2024,1,Sideways,1,0.9536,BUY,1,1,0.5494,NO TRADE,1,10,"SMA_50,EMA_26,Rolling_Median_Return,BB_Width,ADX,RSI_14,MFI,OBV,MACD,BB_Upper",SMA_50
KOTAKBANK,2024-02-22,2024,1,Sideways,1,0.8703,BUY,1,1,0.5706,BUY,1,10,"SMA_50,EMA_26,Rolling_Median_Return,BB_Width,ADX,RSI_14,MFI,OBV,MACD,BB_Upper",SMA_50
KOTAKBANK,2024-02-23,2024,1,Sideways,1,0.8664,BUY,1,1,0.5911,BUY,1,10,"SMA_50,EMA_26,Rolling_Median_Return,BB_Width,ADX,RSI_14,MFI,OBV,MACD,BB_Upper",SMA_50
KOTAKBANK,2024-02-26,2024,1,Sideways,1,0.862,BUY,1,1,0.612,BUY,1,10,"SMA_50,EMA_26,Rolling_Median_Return,BB_Width,ADX,RSI_14,MFI,OBV,MACD,BB_Upper",SMA_50
KOTAKBANK,2024-02-27,2024,1,Sideways,1,0.8459,BUY,1,1,0.6292,BUY,1,10,"SMA_50,EMA_26,Rolling_Median_Return,BB_Width,ADX,RSI_14,MFI,OBV,MACD,BB_Upper",SMA_50
KOTAKBANK,2024-02-28,2024,1,Sideways,1,0.9757,BUY,1,1,0.6517,BUY,1,10,"SMA_50,EMA_26,Rolling_Median_Return,BB_Width,ADX,RSI_14,MFI,OBV,MACD,BB_Upper",SMA_50
KOTAKBANK,2024-02-29,2024,1,Sideways,1,0.967,BUY,1,1,0.6576,BUY,1,10,"SMA_50,EMA_26,Rolling_Median_Return,BB_Width,ADX,RSI_14,MFI,OBV,MACD,BB_Upper",SMA_50
KOTAKBANK,2024-03-01,2024,1,Sideways,1,0.8779,BUY,1,1,0.6274,BUY,1,10,"SMA_50,EMA_26,Rolling_Median_Return,BB_Width,ADX,RSI_14,MFI,OBV,MACD,BB_Upper",SMA_50
KOTAKBANK,2024-03-04,2024,1,Sideways,1,0.9737,BUY,1,1,0.639,BUY,1,10,"SMA_50,EMA_26,Rolling_Median_Return,BB_Width,ADX,RSI_14,MFI,OBV,MACD,BB_Upper",SMA_50
KOTAKBANK,2024-03-05,2024,1,Sideways,1,0.8988,BUY,1,1,0.6603,BUY,1,10,"SMA_50,EMA_26,Rolling_Median_Return,BB_Width,ADX,RSI_14,MFI,OBV,MACD,BB_Upper",SMA_50
KOTAKBANK,2024-03-06,2024,1,Sideways,1,0.8514,BUY,1,1,0.6281,BUY,1,10,"SMA_50,EMA_26,Rolling_Median_Return,BB_Width,ADX,RSI_14,MFI,OBV,MACD,BB_Upper",SMA_50
KOTAKBANK,2024-03-07,2024,1,Sideways,1,0.9607,BUY,1,1,0.6363,BUY,1,10,"SMA_50,EMA_26,Rolling_Median_Return,BB_Width,ADX,RSI_14,MFI,OBV,MACD,BB_Upper",SMA_50
KOTAKBANK,2024-03-11,2024,1,Sideways,1,0.9957,BUY,1,1,0.6526,BUY,1,10,"SMA_50,EMA_26,Rolling_Median_Return,BB_Width,ADX,RSI_14,MFI,OBV,MACD,BB_Upper",SMA_50
KOTAKBANK,2024-03-12,2024,1,Sideways,1,0.9981,BUY,1,1,0.5708,BUY,1,10,"BB_Upper,EMA_26,SMA_20,BB_Width,Rolling_Mean_Return,MACD,OBV,SMA_50,Return_5d,Rolling_Volatility",BB_Upper
KOTAKBANK,2024-03-13,2024,1,Sideways,1,0.9986,BUY,1,1,0.5672,BUY,1,10,"BB_Upper,EMA_26,SMA_20,BB_Width,Rolling_Mean_Return,MACD,OBV,SMA_50,Return_5d,Rolling_Volatility",BB_Upper
KOTAKBANK,2024-03-14,2024,1,Sideways,1,0.9962,BUY,1,1,0.6098,BUY,1,10,"BB_Upper,EMA_26,SMA_20,BB_Width,Rolling_Mean_Return,MACD,OBV,SMA_50,Return_5d,Rolling_Volatility",BB_Upper
KOTAKBANK,2024-03-15,2024,1,Sideways,1,0.9813,BUY,1,1,0.6624,BUY,1,10,"BB_Upper,EMA_26,SMA_20,BB_Width,Rolling_Mean_Return,MACD,OBV,SMA_50,Return_5d,Rolling_Volatility",BB_Upper
KOTAKBANK,2024-03-18,2024,1,Sideways,1,0.9951,BUY,1,1,0.6272,BUY,1,10,"BB_Upper,EMA_26,SMA_20,BB_Width,Rolling_Mean_Return,MACD,OBV,SMA_50,Return_5d,Rolling_Volatility",BB_Upper
KOTAKBANK,2024-03-19,2024,1,Sideways,1,0.997,BUY,1,1,0.5886,BUY,1,10,"BB_Upper,EMA_26,SMA_20,BB_Width,Rolling_Mean_Return,MACD,OBV,SMA_50,Return_5d,Rolling_Volatility",BB_Upper
KOTAKBANK,2024-03-20,2024,1,Sideways,1,0.994,BUY,1,1,0.633,BUY,1,10,"BB_Upper,EMA_26,SMA_20,BB_Width,Rolling_Mean_Return,MACD,OBV,SMA_50,Return_5d,Rolling_Volatility",BB_Upper
KOTAKBANK,2024-03-21,2024,1,Sideways,1,0.99,BUY,1,1,0.6436,BUY,1,10,"BB_Upper,EMA_26,SMA_20,BB_Width,Rolling_Mean_Return,MACD,OBV,SMA_50,Return_5d,Rolling_Volatility",BB_Upper
KOTAKBANK,2024-03-22,2024,0,Sideways,1,0.9934,BUY,0,1,0.6624,BUY,0,10,"BB_Upper,EMA_26,SMA_20,BB_Width,Rolling_Mean_Return,MACD,OBV,SMA_50,Return_5d,Rolling_Volatility",BB_Upper
KOTAKBANK,2024-03-26,2024,0,Sideways,1,0.7979,BUY,0,1,0.6676,BUY,0,10,"BB_Upper,EMA_26,SMA_20,BB_Width,Rolling_Mean_Return,MACD,OBV,SMA_50,Return_5d,Rolling_Volatility",BB_Upper
KOTAKBANK,2024-03-27,2024,0,Sideways,1,0.928,BUY,0,1,0.6619,BUY,0,10,"BB_Upper,EMA_26,SMA_20,BB_Width,Rolling_Mean_Return,MACD,OBV,SMA_50,Return_5d,Rolling_Volatility",BB_Upper
KOTAKBANK,2024-03-28,2024,0,Sideways,1,0.7037,BUY,0,1,0.5507,BUY,0,10,"BB_Upper,EMA_26,SMA_20,BB_Width,Rolling_Mean_Return,MACD,OBV,SMA_50,Return_5d,Rolling_Volatility",BB_Upper
KOTAKBANK,2024-04-01,2024,0,Sideways,1,0.6959,BUY,0,1,0.5345,NO TRADE,0,10,"BB_Upper,EMA_26,SMA_20,BB_Width,Rolling_Mean_Return,MACD,OBV,SMA_50,Return_5d,Rolling_Volatility",BB_Upper
KOTAKBANK,2024-04-02,2024,0,Sideways,1,0.7997,BUY,0,0,0.5413,NO TRADE,1,10,"BB_Upper,EMA_26,SMA_20,BB_Width,Rolling_Mean_Return,MACD,OBV,SMA_50,Return_5d,Rolling_Volatility",BB_Upper
KOTAKBANK,2024-04-03,2024,0,Sideways,1,0.6456,BUY,0,0,0.5702,SELL,1,10,"BB_Upper,EMA_26,SMA_20,BB_Width,Rolling_Mean_Return,MACD,OBV,SMA_50,Return_5d,Rolling_Volatility",BB_Upper
KOTAKBANK,2024-04-04,2024,0,Sideways,1,0.6271,BUY,0,0,0.616,SELL,1,10,"BB_Upper,EMA_26,SMA_20,BB_Width,Rolling_Mean_Return,MACD,OBV,SMA_50,Return_5d,Rolling_Volatility",BB_Upper
KOTAKBANK,2024-04-05,2024,0,Sideways,1,0.6259,BUY,0,0,0.6019,SELL,1,10,"BB_Upper,EMA_26,SMA_20,BB_Width,Rolling_Mean_Return,MACD,OBV,SMA_50,Return_5d,Rolling_Volatility",BB_Upper
KOTAKBANK,2024-04-08,2024,0,Sideways,1,0.6123,BUY,0,0,0.6404,SELL,1,10,"BB_Upper,EMA_26,SMA_20,BB_Width,Rolling_Mean_Return,MACD,OBV,SMA_50,Return_5d,Rolling_Volatility",BB_Upper
KOTAKBANK,2024-04-09,2024,0,Sideways,1,0.5614,BUY,0,0,0.6517,SELL,1,10,"BB_Upper,EMA_26,SMA_20,BB_Width,Rolling_Mean_Return,MACD,OBV,SMA_50,Return_5d,Rolling_Volatility",BB_Upper
KOTAKBANK,2024-04-10,2024,0,Sideways,0,0.6128,SELL,1,0,0.5771,SELL,1,10,"BB_Upper,EMA_26,SMA_20,BB_Width,Rolling_Mean_Return,MACD,OBV,SMA_50,Return_5d,Rolling_Volatility",BB_Upper
KOTAKBANK,2024-04-12,2024,0,Sideways,0,0.5236,NO TRADE,1,0,0.6345,SELL,1,10,"BB_Upper,EMA_26,SMA_20,BB_Width,Rolling_Mean_Return,MACD,OBV,SMA_50,Return_5d,Rolling_Volatility",BB_Upper
KOTAKBANK,2024-04-15,2024,0,Sideways,0,0.5773,SELL,1,0,0.6327,SELL,1,10,"BB_Upper,EMA_26,SMA_20,BB_Width,Rolling_Mean_Return,MACD,OBV,SMA_50,Return_5d,Rolling_Volatility",BB_Upper
KOTAKBANK,2024-04-16,2024,0,Sideways,0,0.6266,SELL,1,0,0.6426,SELL,1,10,"BB_Upper,EMA_26,SMA_20,BB_Width,Rolling_Mean_Return,MACD,OBV,SMA_50,Return_5d,Rolling_Volatility",BB_Upper
KOTAKBANK,2024-04-18,2024,0,Sideways,0,0.6403,SELL,1,0,0.616,SELL,1,10,"BB_Upper,EMA_26,SMA_20,BB_Width,Rolling_Mean_Return,MACD,OBV,SMA_50,Return_5d,Rolling_Volatility",BB_Upper
KOTAKBANK,2024-04-19,2024,0,Sideways,0,0.7493,SELL,1,0,0.6092,SELL,1,10,"BB_Upper,EMA_26,SMA_20,BB_Width,Rolling_Mean_Return,MACD,OBV,SMA_50,Return_5d,Rolling_Volatility",BB_Upper
KOTAKBANK,2024-04-22,2024,0,Sideways,0,0.7578,SELL,1,0,0.6177,SELL,1,10,"BB_Upper,EMA_26,SMA_20,BB_Width,Rolling_Mean_Return,MACD,OBV,SMA_50,Return_5d,Rolling_Volatility",BB_Upper
KOTAKBANK,2024-04-23,2024,0,Sideways,0,0.7296,SELL,1,0,0.6635,SELL,1,10,"BB_Upper,EMA_26,SMA_20,BB_Width,Rolling_Mean_Return,MACD,OBV,SMA_50,Return_5d,Rolling_Volatility",BB_Upper
KOTAKBANK,2024-04-24,2024,0,Sideways,0,0.9028,SELL,1,0,0.6363,SELL,1,10,"BB_Upper,EMA_26,SMA_20,BB_Width,Rolling_Mean_Return,MACD,OBV,SMA_50,Return_5d,Rolling_Volatility",BB_Upper
KOTAKBANK,2024-04-25,2024,1,Sideways,1,0.6268,BUY,1,0,0.5185,NO TRADE,0,10,"BB_Upper,EMA_26,SMA_20,BB_Width,Rolling_Mean_Return,MACD,OBV,SMA_50,Return_5d,Rolling_Volatility",BB_Upper
KOTAKBANK,2024-04-26,2024,1,Sideways,1,0.9164,BUY,1,1,0.6907,BUY,1,10,"BB_Upper,EMA_26,SMA_20,BB_Width,Rolling_Mean_Return,MACD,OBV,SMA_50,Return_5d,Rolling_Volatility",BB_Upper
KOTAKBANK,2024-04-29,2024,1,Sideways,1,0.9722,BUY,1,1,0.7827,BUY,1,10,"BB_Upper,SMA_10,BB_Width,EMA_12,MACD,MFI,Return_5d,OBV,MACD_Signal,Rolling_Volatility",BB_Upper
KOTAKBANK,2024-04-30,2024,1,Sideways,1,0.9703,BUY,1,1,0.8214,BUY,1,10,"BB_Upper,SMA_10,BB_Width,EMA_12,MACD,MFI,Return_5d,OBV,MACD_Signal,Rolling_Volatility",BB_Upper
KOTAKBANK,2024-05-02,2024,1,Sideways,1,0.9418,BUY,1,1,0.8171,BUY,1,10,"BB_Upper,SMA_10,BB_Width,EMA_12,MACD,MFI,Return_5d,OBV,MACD_Signal,Rolling_Volatility",BB_Upper
KOTAKBANK,2024-05-03,2024,1,Sideways,1,0.9687,BUY,1,1,0.861,BUY,1,10,"BB_Upper,SMA_10,BB_Width,EMA_12,MACD,MFI,Return_5d,OBV,MACD_Signal,Rolling_Volatility",BB_Upper
KOTAKBANK,2024-05-06,2024,1,Sideways,1,0.9632,BUY,1,1,0.7185,BUY,1,10,"BB_Upper,SMA_10,BB_Width,EMA_12,MACD,MFI,Return_5d,OBV,MACD_Signal,Rolling_Volatility",BB_Upper
KOTAKBANK,2024-05-07,2024,1,Sideways,1,0.9699,BUY,1,1,0.7208,BUY,1,10,"BB_Upper,SMA_10,BB_Width,EMA_12,MACD,MFI,Return_5d,OBV,MACD_Signal,Rolling_Volatility",BB_Upper
KOTAKBANK,2024-05-08,2024,1,Sideways,1,0.9699,BUY,1,1,0.7117,BUY,1,10,"BB_Upper,SMA_10,BB_Width,EMA_12,MACD,MFI,Return_5d,OBV,MACD_Signal,Rolling_Volatility",BB_Upper
KOTAKBANK,2024-05-09,2024,1,Sideways,1,0.9699,BUY,1,1,0.7538,BUY,1,10,"BB_Upper,SMA_10,BB_Width,EMA_12,MACD,MFI,Return_5d,OBV,MACD_Signal,Rolling_Volatility",BB_Upper
KOTAKBANK,2024-05-10,2024,1,Sideways,1,0.97,BUY,1,1,0.7863,BUY,1,10,"BB_Upper,SMA_10,BB_Width,EMA_12,MACD,MFI,Return_5d,OBV,MACD_Signal,Rolling_Volatility",BB_Upper
KOTAKBANK,2024-05-13,2024,1,Sideways,1,0.97,BUY,1,1,0.7986,BUY,1,10,"BB_Upper,SMA_10,BB_Width,EMA_12,MACD,MFI,Return_5d,OBV,MACD_Signal,Rolling_Volatility",BB_Upper
KOTAKBANK,2024-05-14,2024,1,Sideways,1,0.9701,BUY,1,1,0.8001,BUY,1,10,"BB_Upper,SMA_10,BB_Width,EMA_12,MACD,MFI,Return_5d,OBV,MACD_Signal,Rolling_Volatility",BB_Upper
KOTAKBANK,2024-05-15,2024,1,Sideways,1,0.9702,BUY,1,1,0.8124,BUY,1,10,"BB_Upper,SMA_10,BB_Width,EMA_12,MACD,MFI,Return_5d,OBV,MACD_Signal,Rolling_Volatility",BB_Upper
KOTAKBANK,2024-05-16,2024,1,Sideways,1,0.971,BUY,1,1,0.809,BUY,1,10,"BB_Upper,SMA_10,BB_Width,EMA_12,MACD,MFI,Return_5d,OBV,MACD_Signal,Rolling_Volatility",BB_Upper
KOTAKBANK,2024-05-17,2024,1,Sideways,1,0.9752,BUY,1,1,0.797,BUY,1,10,"BB_Upper,SMA_10,BB_Width,EMA_12,MACD,MFI,Return_5d,OBV,MACD_Signal,Rolling_Volatility",BB_Upper
KOTAKBANK,2024-05-21,2024,1,Sideways,1,0.9707,BUY,1,1,0.8218,BUY,1,10,"BB_Upper,SMA_10,BB_Width,EMA_12,MACD,MFI,Return_5d,OBV,MACD_Signal,Rolling_Volatility",BB_Upper
KOTAKBANK,2024-05-22,2024,1,Sideways,1,0.9709,BUY,1,1,0.8326,BUY,1,10,"BB_Upper,SMA_10,BB_Width,EMA_12,MACD,MFI,Return_5d,OBV,MACD_Signal,Rolling_Volatility",BB_Upper
KOTAKBANK,2024-05-23,2024,1,Sideways,1,0.9711,BUY,1,1,0.8053,BUY,1,10,"BB_Upper,SMA_10,BB_Width,EMA_12,MACD,MFI,Return_5d,OBV,MACD_Signal,Rolling_Volatility",BB_Upper
KOTAKBANK,2024-05-24,2024,1,Sideways,1,0.8185,BUY,1,1,0.7881,BUY,1,10,"BB_Upper,SMA_10,BB_Width,EMA_12,MACD,MFI,Return_5d,OBV,MACD_Signal,Rolling_Volatility",BB_Upper
KOTAKBANK,2024-05-27,2024,1,Sideways,1,0.9755,BUY,1,1,0.796,BUY,1,10,"BB_Upper,SMA_10,BB_Width,EMA_12,MACD,MFI,Return_5d,OBV,MACD_Signal,Rolling_Volatility",BB_Upper
KOTAKBANK,2024-05-28,2024,1,Sideways,1,0.9723,BUY,1,1,0.8084,BUY,1,10,"BB_Upper,SMA_10,BB_Width,EMA_12,MACD,MFI,Return_5d,OBV,MACD_Signal,Rolling_Volatility",BB_Upper
KOTAKBANK,2024-05-29,2024,1,Sideways,1,0.9724,BUY,1,1,0.831,BUY,1,10,"BB_Upper,SMA_10,BB_Width,EMA_12,MACD,MFI,Return_5d,OBV,MACD_Signal,Rolling_Volatility",BB_Upper
KOTAKBANK,2024-05-30,2024,1,Sideways,1,0.9725,BUY,1,1,0.9149,BUY,1,10,"BB_Upper,SMA_10,BB_Width,EMA_12,MACD,MFI,Return_5d,OBV,MACD_Signal,Rolling_Volatility",BB_Upper
KOTAKBANK,2024-05-31,2024,1,Sideways,1,0.9923,BUY,1,1,0.918,BUY,1,10,"BB_Upper,SMA_10,BB_Width,EMA_12,MACD,MFI,Return_5d,OBV,MACD_Signal,Rolling_Volatility",BB_Upper
KOTAKBANK,2024-06-03,2024,1,Sideways,1,0.9089,BUY,1,1,0.8307,BUY,1,10,"BB_Upper,SMA_10,BB_Width,EMA_12,MACD,MFI,Return_5d,OBV,MACD_Signal,Rolling_Volatility",BB_Upper
KOTAKBANK,2024-06-04,2024,1,Sideways,1,0.9353,BUY,1,1,0.9236,BUY,1,10,"BB_Upper,SMA_10,BB_Width,EMA_12,MACD,MFI,Return_5d,OBV,MACD_Signal,Rolling_Volatility",BB_Upper
KOTAKBANK,2024-06-05,2024,1,Sideways,1,1.0,BUY,1,1,0.8722,BUY,1,10,"BB_Upper,SMA_10,BB_Width,EMA_12,MACD,MFI,Return_5d,OBV,MACD_Signal,Rolling_Volatility",BB_Upper
KOTAKBANK,2024-06-06,2024,1,Sideways,1,1.0,BUY,1,1,0.8746,BUY,1,10,"BB_Upper,SMA_10,BB_Width,EMA_12,MACD,MFI,Return_5d,OBV,MACD_Signal,Rolling_Volatility",BB_Upper
KOTAKBANK,2024-06-07,2024,1,Sideways,1,0.9997,BUY,1,1,0.8479,BUY,1,10,"BB_Upper,SMA_10,BB_Width,EMA_12,MACD,MFI,Return_5d,OBV,MACD_Signal,Rolling_Volatility",BB_Upper
KOTAKBANK,2024-06-10,2024,1,Sideways,1,1.0,BUY,1,1,0.8362,BUY,1,10,"BB_Upper,SMA_10,BB_Width,EMA_12,MACD,MFI,Return_5d,OBV,MACD_Signal,Rolling_Volatility",BB_Upper
KOTAKBANK,2024-06-11,2024,1,Sideways,1,1.0,BUY,1,1,0.8321,BUY,1,10,"BB_Upper,SMA_10,BB_Width,EMA_12,MACD,MFI,Return_5d,OBV,MACD_Signal,Rolling_Volatility",BB_Upper
KOTAKBANK,2024-06-12,2024,1,Sideways,1,0.9862,BUY,1,1,0.7265,BUY,1,10,"SMA_10,EMA_12,BB_Width,EMA_26,Volume_MA,RSI_14,MFI,MACD_Signal,OBV,MACD",SMA_10
KOTAKBANK,2024-06-13,2024,1,Sideways,1,0.9901,BUY,1,1,0.8346,BUY,1,10,"SMA_10,EMA_12,BB_Width,EMA_26,Volume_MA,RSI_14,MFI,MACD_Signal,OBV,MACD",SMA_10
KOTAKBANK,2024-06-14,2024,1,Sideways,1,0.9885,BUY,1,1,0.7955,BUY,1,10,"SMA_10,EMA_12,BB_Width,EMA_26,Volume_MA,RSI_14,MFI,MACD_Signal,OBV,MACD",SMA_10
KOTAKBANK,2024-06-18,2024,1,Sideways,1,0.9801,BUY,1,1,0.8593,BUY,1,10,"SMA_10,EMA_12,BB_Width,EMA_26,Volume_MA,RSI_14,MFI,MACD_Signal,OBV,MACD",SMA_10
KOTAKBANK,2024-06-19,2024,1,Sideways,1,0.9927,BUY,1,1,0.9232,BUY,1,10,"SMA_10,EMA_12,BB_Width,EMA_26,Volume_MA,RSI_14,MFI,MACD_Signal,OBV,MACD",SMA_10
KOTAKBANK,2024-06-20,2024,1,Sideways,1,0.8995,BUY,1,1,0.8884,BUY,1,10,"SMA_10,EMA_12,BB_Width,EMA_26,Volume_MA,RSI_14,MFI,MACD_Signal,OBV,MACD",SMA_10
KOTAKBANK,2024-06-21,2024,0,Sideways,1,0.9,BUY,0,1,0.7909,BUY,0,10,"SMA_10,EMA_12,BB_Width,EMA_26,Volume_MA,RSI_14,MFI,MACD_Signal,OBV,MACD",SMA_10
KOTAKBANK,2024-06-24,2024,0,Sideways,1,0.7494,BUY,0,1,0.6388,BUY,0,10,"SMA_10,EMA_12,BB_Width,EMA_26,Volume_MA,RSI_14,MFI,MACD_Signal,OBV,MACD",SMA_10
KOTAKBANK,2024-06-25,2024,0,Sideways,0,0.6218,SELL,1,1,0.7094,BUY,0,10,"SMA_10,EMA_12,BB_Width,EMA_26,Volume_MA,RSI_14,MFI,MACD_Signal,OBV,MACD",SMA_10
KOTAKBANK,2024-06-26,2024,0,Sideways,0,0.5488,NO TRADE,1,0,0.5597,SELL,1,10,"SMA_10,EMA_12,BB_Width,EMA_26,Volume_MA,RSI_14,MFI,MACD_Signal,OBV,MACD",SMA_10
KOTAKBANK,2024-06-27,2024,0,Sideways,1,0.5489,NO TRADE,0,0,0.5063,NO TRADE,1,10,"SMA_10,EMA_12,BB_Width,EMA_26,Volume_MA,RSI_14,MFI,MACD_Signal,OBV,MACD",SMA_10
KOTAKBANK,2024-06-28,2024,0,Sideways,0,0.5323,NO TRADE,1,0,0.6188,SELL,1,10,"SMA_10,EMA_12,BB_Width,EMA_26,Volume_MA,RSI_14,MFI,MACD_Signal,OBV,MACD",SMA_10
KOTAKBANK,2024-07-01,2024,0,Sideways,0,0.6802,SELL,1,0,0.7069,SELL,1,10,"SMA_10,EMA_12,BB_Width,EMA_26,Volume_MA,RSI_14,MFI,MACD_Signal,OBV,MACD",SMA_10
KOTAKBANK,2024-07-02,2024,1,Sideways,0,0.5151,NO TRADE,0,0,0.6476,SELL,0,10,"SMA_10,EMA_12,BB_Width,EMA_26,Volume_MA,RSI_14,MFI,MACD_Signal,OBV,MACD",SMA_10
KOTAKBANK,2024-07-03,2024,0,Sideways,0,0.6529,SELL,1,0,0.514,NO TRADE,1,10,"SMA_10,EMA_12,BB_Width,EMA_26,Volume_MA,RSI_14,MFI,MACD_Signal,OBV,MACD",SMA_10
KOTAKBANK,2024-07-04,2024,0,Sideways,0,0.912,SELL,1,0,0.6185,SELL,1,10,"SMA_10,EMA_12,BB_Width,EMA_26,Volume_MA,RSI_14,MFI,MACD_Signal,OBV,MACD",SMA_10
KOTAKBANK,2024-07-05,2024,0,Sideways,0,0.8004,SELL,1,0,0.7839,SELL,1,10,"SMA_10,EMA_12,BB_Width,EMA_26,Volume_MA,RSI_14,MFI,MACD_Signal,OBV,MACD",SMA_10
KOTAKBANK,2024-07-08,2024,0,Sideways,0,0.8183,SELL,1,0,0.8493,SELL,1,10,"SMA_10,EMA_12,BB_Width,EMA_26,Volume_MA,RSI_14,MFI,MACD_Signal,OBV,MACD",SMA_10
KOTAKBANK,2024-07-09,2024,0,Sideways,0,0.7261,SELL,1,0,0.8766,SELL,1,10,"SMA_10,EMA_12,BB_Width,EMA_26,Volume_MA,RSI_14,MFI,MACD_Signal,OBV,MACD",SMA_10
KOTAKBANK,2024-07-10,2024,0,Sideways,0,0.9051,SELL,1,0,0.8736,SELL,1,10,"SMA_10,EMA_12,BB_Width,EMA_26,Volume_MA,RSI_14,MFI,MACD_Signal,OBV,MACD",SMA_10
KOTAKBANK,2024-07-11,2024,0,Sideways,0,0.9573,SELL,1,0,0.9002,SELL,1,10,"SMA_10,EMA_12,BB_Width,EMA_26,Volume_MA,RSI_14,MFI,MACD_Signal,OBV,MACD",SMA_10
KOTAKBANK,2024-07-12,2024,0,Sideways,0,0.9574,SELL,1,0,0.8817,SELL,1,10,"SMA_10,EMA_12,BB_Width,EMA_26,Volume_MA,RSI_14,MFI,MACD_Signal,OBV,MACD",SMA_10
KOTAKBANK,2024-07-15,2024,0,Sideways,0,0.9577,SELL,1,0,0.883,SELL,1,10,"SMA_10,EMA_12,BB_Width,EMA_26,Volume_MA,RSI_14,MFI,MACD_Signal,OBV,MACD",SMA_10
KOTAKBANK,2024-07-16,2024,0,Sideways,0,0.9572,SELL,1,0,0.7511,SELL,1,10,"SMA_10,EMA_12,BB_Width,EMA_26,Volume_MA,RSI_14,MFI,MACD_Signal,OBV,MACD",SMA_10
KOTAKBANK,2024-07-18,2024,0,Sideways,0,0.958,SELL,1,0,0.8718,SELL,1,10,"SMA_10,EMA_12,BB_Width,EMA_26,Volume_MA,RSI_14,MFI,MACD_Signal,OBV,MACD",SMA_10
KOTAKBANK,2024-07-19,2024,0,Sideways,0,0.9582,SELL,1,0,0.8943,SELL,1,10,"SMA_10,EMA_12,BB_Width,EMA_26,Volume_MA,RSI_14,MFI,MACD_Signal,OBV,MACD",SMA_10
KOTAKBANK,2024-07-22,2024,1,Sideways,1,0.5317,NO TRADE,1,0,0.6496,SELL,0,10,"SMA_10,EMA_12,BB_Width,EMA_26,Volume_MA,RSI_14,MFI,MACD_Signal,OBV,MACD",SMA_10
KOTAKBANK,2024-07-23,2024,1,Sideways,0,0.8313,SELL,0,0,0.5912,SELL,0,10,"SMA_10,EMA_12,BB_Width,EMA_26,Volume_MA,RSI_14,MFI,MACD_Signal,OBV,MACD",SMA_10
KOTAKBANK,2024-07-24,2024,1,Sideways,0,0.5245,NO TRADE,0,0,0.5103,NO TRADE,0,10,"SMA_10,EMA_12,BB_Width,EMA_26,Volume_MA,RSI_14,MFI,MACD_Signal,OBV,MACD",SMA_10
KOTAKBANK,2024-07-25,2024,1,Sideways,0,0.615,SELL,0,1,0.5235,NO TRADE,1,10,"SMA_10,EMA_12,BB_Width,EMA_26,Volume_MA,RSI_14,MFI,MACD_Signal,OBV,MACD",SMA_10
KOTAKBANK,2024-07-26,2024,0,Sideways,1,0.5434,NO TRADE,0,0,0.5673,SELL,1,10,"SMA_10,EMA_12,RSI_14,Volume_MA,Rolling_Volatility,MACD,ATR_14,BB_Width,Price_Change,OBV",SMA_10
KOTAKBANK,2024-07-29,2024,1,Sideways,0,0.8034,SELL,0,0,0.6986,SELL,0,10,"SMA_10,EMA_12,RSI_14,Volume_MA,Rolling_Volatility,MACD,ATR_14,BB_Width,Price_Change,OBV",SMA_10
KOTAKBANK,2024-07-30,2024,1,Sideways,0,0.507,NO TRADE,0,1,0.5628,BUY,1,10,"SMA_10,EMA_12,RSI_14,Volume_MA,Rolling_Volatility,MACD,ATR_14,BB_Width,Price_Change,OBV",SMA_10
KOTAKBANK,2024-07-31,2024,0,Sideways,0,0.7936,SELL,1,0,0.5651,SELL,1,10,"SMA_10,EMA_12,RSI_14,Volume_MA,Rolling_Volatility,MACD,ATR_14,BB_Width,Price_Change,OBV",SMA_10
KOTAKBANK,2024-08-01,2024,0,Sideways,0,0.6169,SELL,1,0,0.5251,NO TRADE,1,10,"SMA_10,EMA_12,RSI_14,Volume_MA,Rolling_Volatility,MACD,ATR_14,BB_Width,Price_Change,OBV",SMA_10
KOTAKBANK,2024-08-02,2024,0,Sideways,0,0.9646,SELL,1,0,0.6293,SELL,1,10,"SMA_10,EMA_12,RSI_14,Volume_MA,Rolling_Volatility,MACD,ATR_14,BB_Width,Price_Change,OBV",SMA_10
KOTAKBANK,2024-08-05,2024,1,Sideways,0,0.9069,SELL,0,0,0.5065,NO TRADE,0,10,"SMA_10,EMA_12,RSI_14,Volume_MA,Rolling_Volatility,MACD,ATR_14,BB_Width,Price_Change,OBV",SMA_10
KOTAKBANK,2024-08-06,2024,1,Sideways,0,0.6627,SELL,0,1,0.5742,BUY,1,10,"SMA_10,EMA_12,RSI_14,Volume_MA,Rolling_Volatility,MACD,ATR_14,BB_Width,Price_Change,OBV",SMA_10
KOTAKBANK,2024-08-07,2024,1,Sideways,0,0.7082,SELL,0,1,0.5951,BUY,1,10,"SMA_10,EMA_12,RSI_14,Volume_MA,Rolling_Volatility,MACD,ATR_14,BB_Width,Price_Change,OBV",SMA_10
KOTAKBANK,2024-08-08,2024,0,Sideways,0,0.6407,SELL,1,1,0.6221,BUY,0,10,"SMA_10,EMA_12,RSI_14,Volume_MA,Rolling_Volatility,MACD,ATR_14,BB_Width,Price_Change,OBV",SMA_10
KOTAKBANK,2024-08-09,2024,1,Sideways,0,0.5353,NO TRADE,0,1,0.6112,BUY,1,10,"SMA_10,EMA_12,RSI_14,Volume_MA,Rolling_Volatility,MACD,ATR_14,BB_Width,Price_Change,OBV",SMA_10
KOTAKBANK,2024-08-12,2024,1,Sideways,0,0.6973,SELL,0,1,0.5639,BUY,1,10,"SMA_10,EMA_12,RSI_14,Volume_MA,Rolling_Volatility,MACD,ATR_14,BB_Width,Price_Change,OBV",SMA_10
KOTAKBANK,2024-08-13,2024,1,Sideways,1,0.7007,BUY,1,1,0.5915,BUY,1,10,"SMA_10,EMA_12,RSI_14,Volume_MA,Rolling_Volatility,MACD,ATR_14,BB_Width,Price_Change,OBV",SMA_10
KOTAKBANK,2024-08-14,2024,1,Sideways,1,0.8595,BUY,1,1,0.5869,BUY,1,10,"SMA_10,EMA_12,RSI_14,Volume_MA,Rolling_Volatility,MACD,ATR_14,BB_Width,Price_Change,OBV",SMA_10
KOTAKBANK,2024-08-16,2024,1,Sideways,1,0.671,BUY,1,1,0.6098,BUY,1,10,"SMA_10,EMA_12,RSI_14,Volume_MA,Rolling_Volatility,MACD,ATR_14,BB_Width,Price_Change,OBV",SMA_10
KOTAKBANK,2024-08-19,2024,1,Sideways,1,0.7757,BUY,1,1,0.6989,BUY,1,10,"SMA_10,EMA_12,RSI_14,Volume_MA,Rolling_Volatility,MACD,ATR_14,BB_Width,Price_Change,OBV",SMA_10
KOTAKBANK,2024-08-20,2024,1,Sideways,0,0.5942,SELL,0,0,0.5321,NO TRADE,0,10,"SMA_10,EMA_12,RSI_14,Volume_MA,Rolling_Volatility,MACD,ATR_14,BB_Width,Price_Change,OBV",SMA_10
KOTAKBANK,2024-08-21,2024,1,Sideways,0,0.6777,SELL,0,1,0.5289,NO TRADE,1,10,"SMA_10,EMA_12,RSI_14,Volume_MA,Rolling_Volatility,MACD,ATR_14,BB_Width,Price_Change,OBV",SMA_10
KOTAKBANK,2024-08-22,2024,1,Sideways,0,0.7345,SELL,0,0,0.6451,SELL,0,10,"SMA_10,EMA_12,RSI_14,Volume_MA,Rolling_Volatility,MACD,ATR_14,BB_Width,Price_Change,OBV",SMA_10
KOTAKBANK,2024-08-23,2024,1,Sideways,0,0.6708,SELL,0,0,0.5004,NO TRADE,0,10,"SMA_10,EMA_12,RSI_14,Volume_MA,Rolling_Volatility,MACD,ATR_14,BB_Width,Price_Change,OBV",SMA_10
KOTAKBANK,2024-08-26,2024,1,Sideways,0,0.6712,SELL,0,1,0.5264,NO TRADE,1,10,"SMA_10,EMA_12,RSI_14,Volume_MA,Rolling_Volatility,MACD,ATR_14,BB_Width,Price_Change,OBV",SMA_10
KOTAKBANK,2024-08-27,2024,1,Sideways,0,0.5613,SELL,0,1,0.5203,NO TRADE,1,10,"SMA_10,EMA_12,RSI_14,Volume_MA,Rolling_Volatility,MACD,ATR_14,BB_Width,Price_Change,OBV",SMA_10
KOTAKBANK,2024-08-28,2024,1,Sideways,0,0.5194,NO TRADE,0,1,0.5802,BUY,1,10,"SMA_10,EMA_12,RSI_14,Volume_MA,Rolling_Volatility,MACD,ATR_14,BB_Width,Price_Change,OBV",SMA_10
KOTAKBANK,2024-08-29,2024,1,Sideways,1,0.603,BUY,1,1,0.6878,BUY,1,10,"SMA_10,EMA_12,RSI_14,Volume_MA,Rolling_Volatility,MACD,ATR_14,BB_Width,Price_Change,OBV",SMA_10
KOTAKBANK,2024-08-30,2024,1,Sideways,1,0.6171,BUY,1,1,0.6991,BUY,1,10,"SMA_10,EMA_12,RSI_14,Volume_MA,Rolling_Volatility,MACD,ATR_14,BB_Width,Price_Change,OBV",SMA_10
KOTAKBANK,2024-09-02,2024,1,Sideways,1,0.6591,BUY,1,1,0.7256,BUY,1,10,"SMA_10,EMA_12,RSI_14,Volume_MA,Rolling_Volatility,MACD,ATR_14,BB_Width,Price_Change,OBV",SMA_10
KOTAKBANK,2024-09-03,2024,1,Sideways,1,0.8171,BUY,1,1,0.7212,BUY,1,10,"SMA_10,EMA_12,RSI_14,Volume_MA,Rolling_Volatility,MACD,ATR_14,BB_Width,Price_Change,OBV",SMA_10
KOTAKBANK,2024-09-04,2024,1,Sideways,1,0.8588,BUY,1,1,0.733,BUY,1,10,"SMA_10,EMA_12,RSI_14,Volume_MA,Rolling_Volatility,MACD,ATR_14,BB_Width,Price_Change,OBV",SMA_10
KOTAKBANK,2024-09-05,2024,1,Sideways,1,0.8185,BUY,1,1,0.7571,BUY,1,10,"SMA_10,EMA_12,RSI_14,Volume_MA,Rolling_Volatility,MACD,ATR_14,BB_Width,Price_Change,OBV",SMA_10
KOTAKBANK,2024-09-06,2024,1,Sideways,1,0.9336,BUY,1,1,0.779,BUY,1,10,"SMA_10,EMA_12,RSI_14,Volume_MA,Rolling_Volatility,MACD,ATR_14,BB_Width,Price_Change,OBV",SMA_10
KOTAKBANK,2024-09-09,2024,1,Sideways,1,0.8445,BUY,1,1,0.7768,BUY,1,10,"OBV,EMA_12,SMA_10,EMA_26,MACD,Rolling_Mean_Return,SMA_20,RSI_14,BB_Width,Volume_MA",OBV
KOTAKBANK,2024-09-10,2024,1,Sideways,1,0.8529,BUY,1,1,0.7867,BUY,1,10,"OBV,EMA_12,SMA_10,EMA_26,MACD,Rolling_Mean_Return,SMA_20,RSI_14,BB_Width,Volume_MA",OBV
KOTAKBANK,2024-09-11,2024,1,Sideways,1,0.8097,BUY,1,1,0.6681,BUY,1,10,"OBV,EMA_12,SMA_10,EMA_26,MACD,Rolling_Mean_Return,SMA_20,RSI_14,BB_Width,Volume_MA",OBV
KOTAKBANK,2024-09-12,2024,1,Sideways,1,0.6039,BUY,1,1,0.5265,NO TRADE,1,10,"OBV,EMA_12,SMA_10,EMA_26,MACD,Rolling_Mean_Return,SMA_20,RSI_14,BB_Width,Volume_MA",OBV
KOTAKBANK,2024-09-13,2024,1,Sideways,1,0.6061,BUY,1,1,0.7317,BUY,1,10,"OBV,EMA_12,SMA_10,EMA_26,MACD,Rolling_Mean_Return,SMA_20,RSI_14,BB_Width,Volume_MA",OBV
KOTAKBANK,2024-09-16,2024,1,Sideways,0,0.5012,NO TRADE,0,1,0.6574,BUY,1,10,"OBV,EMA_12,SMA_10,EMA_26,MACD,Rolling_Mean_Return,SMA_20,RSI_14,BB_Width,Volume_MA",OBV
KOTAKBANK,2024-09-17,2024,1,Sideways,0,0.575,SELL,0,1,0.571,BUY,1,10,"OBV,EMA_12,SMA_10,EMA_26,MACD,Rolling_Mean_Return,SMA_20,RSI_14,BB_Width,Volume_MA",OBV
KOTAKBANK,2024-09-18,2024,1,Sideways,0,0.5482,NO TRADE,0,1,0.6298,BUY,1,10,"OBV,EMA_12,SMA_10,EMA_26,MACD,Rolling_Mean_Return,SMA_20,RSI_14,BB_Width,Volume_MA",OBV
KOTAKBANK,2024-09-19,2024,0,Sideways,0,0.5115,NO TRADE,1,0,0.5996,SELL,1,10,"OBV,EMA_12,SMA_10,EMA_26,MACD,Rolling_Mean_Return,SMA_20,RSI_14,BB_Width,Volume_MA",OBV
KOTAKBANK,2024-09-20,2024,0,Sideways,0,0.5187,NO TRADE,1,0,0.6033,SELL,1,10,"OBV,EMA_12,SMA_10,EMA_26,MACD,Rolling_Mean_Return,SMA_20,RSI_14,BB_Width,Volume_MA",OBV
KOTAKBANK,2024-09-23,2024,0,Sideways,0,0.5784,SELL,1,0,0.6533,SELL,1,10,"OBV,EMA_12,SMA_10,EMA_26,MACD,Rolling_Mean_Return,SMA_20,RSI_14,BB_Width,Volume_MA",OBV
KOTAKBANK,2024-09-24,2024,0,Sideways,1,0.5859,BUY,0,0,0.7638,SELL,1,10,"OBV,EMA_12,SMA_10,EMA_26,MACD,Rolling_Mean_Return,SMA_20,RSI_14,BB_Width,Volume_MA",OBV
KOTAKBANK,2024-09-25,2024,0,Sideways,0,0.6035,SELL,1,0,0.8346,SELL,1,10,"OBV,EMA_12,SMA_10,EMA_26,MACD,Rolling_Mean_Return,SMA_20,RSI_14,BB_Width,Volume_MA",OBV
KOTAKBANK,2024-09-26,2024,0,Sideways,0,0.6158,SELL,1,0,0.799,SELL,1,10,"OBV,EMA_12,SMA_10,EMA_26,MACD,Rolling_Mean_Return,SMA_20,RSI_14,BB_Width,Volume_MA",OBV
KOTAKBANK,2024-09-27,2024,0,Sideways,0,0.6537,SELL,1,0,0.8071,SELL,1,10,"OBV,EMA_12,SMA_10,EMA_26,MACD,Rolling_Mean_Return,SMA_20,RSI_14,BB_Width,Volume_MA",OBV
KOTAKBANK,2024-09-30,2024,0,Sideways,0,0.6376,SELL,1,0,0.8087,SELL,1,10,"OBV,EMA_12,SMA_10,EMA_26,MACD,Rolling_Mean_Return,SMA_20,RSI_14,BB_Width,Volume_MA",OBV
KOTAKBANK,2024-10-01,2024,0,Sideways,0,0.7356,SELL,1,0,0.921,SELL,1,10,"OBV,EMA_12,SMA_10,EMA_26,MACD,Rolling_Mean_Return,SMA_20,RSI_14,BB_Width,Volume_MA",OBV
KOTAKBANK,2024-10-03,2024,0,Sideways,0,0.5621,SELL,1,0,0.6262,SELL,1,10,"OBV,EMA_12,SMA_10,EMA_26,MACD,Rolling_Mean_Return,SMA_20,RSI_14,BB_Width,Volume_MA",OBV
KOTAKBANK,2024-10-04,2024,0,Sideways,0,0.7086,SELL,1,0,0.6489,SELL,1,10,"OBV,EMA_12,SMA_10,EMA_26,MACD,Rolling_Mean_Return,SMA_20,RSI_14,BB_Width,Volume_MA",OBV
KOTAKBANK,2024-10-07,2024,0,Sideways,0,0.7553,SELL,1,0,0.5985,SELL,1,10,"OBV,EMA_12,SMA_10,EMA_26,MACD,Rolling_Mean_Return,SMA_20,RSI_14,BB_Width,Volume_MA",OBV
KOTAKBANK,2024-10-08,2024,0,Sideways,0,0.8636,SELL,1,0,0.6542,SELL,1,10,"OBV,EMA_12,SMA_10,EMA_26,MACD,Rolling_Mean_Return,SMA_20,RSI_14,BB_Width,Volume_MA",OBV
KOTAKBANK,2024-10-09,2024,0,Sideways,0,0.8527,SELL,1,0,0.6893,SELL,1,10,"OBV,EMA_12,SMA_10,EMA_26,MACD,Rolling_Mean_Return,SMA_20,RSI_14,BB_Width,Volume_MA",OBV
KOTAKBANK,2024-10-10,2024,0,Sideways,0,0.6148,SELL,1,0,0.7619,SELL,1,10,"OBV,EMA_12,SMA_10,EMA_26,MACD,Rolling_Mean_Return,SMA_20,RSI_14,BB_Width,Volume_MA",OBV
KOTAKBANK,2024-10-11,2024,0,Sideways,0,0.9825,SELL,1,0,0.7813,SELL,1,10,"OBV,EMA_12,SMA_10,EMA_26,MACD,Rolling_Mean_Return,SMA_20,RSI_14,BB_Width,Volume_MA",OBV
KOTAKBANK,2024-10-14,2024,0,Sideways,0,0.9844,SELL,1,0,0.7403,SELL,1,10,"OBV,EMA_12,SMA_10,EMA_26,MACD,Rolling_Mean_Return,SMA_20,RSI_14,BB_Width,Volume_MA",OBV
KOTAKBANK,2024-10-15,2024,0,Sideways,0,0.9849,SELL,1,0,0.8454,SELL,1,10,"OBV,EMA_12,SMA_10,EMA_26,MACD,Rolling_Mean_Return,SMA_20,RSI_14,BB_Width,Volume_MA",OBV
KOTAKBANK,2024-10-16,2024,0,Sideways,0,0.9851,SELL,1,0,0.8482,SELL,1,10,"OBV,EMA_12,SMA_10,EMA_26,MACD,Rolling_Mean_Return,SMA_20,RSI_14,BB_Width,Volume_MA",OBV
KOTAKBANK,2024-10-17,2024,0,Sideways,0,0.9855,SELL,1,0,0.8421,SELL,1,10,"OBV,EMA_12,SMA_10,EMA_26,MACD,Rolling_Mean_Return,SMA_20,RSI_14,BB_Width,Volume_MA",OBV
KOTAKBANK,2024-10-18,2024,0,Sideways,0,0.9858,SELL,1,0,0.7847,SELL,1,10,"OBV,EMA_12,SMA_10,EMA_26,MACD,Rolling_Mean_Return,SMA_20,RSI_14,BB_Width,Volume_MA",OBV
KOTAKBANK,2024-10-21,2024,0,Sideways,1,0.69,BUY,0,0,0.6747,SELL,1,10,"OBV,EMA_12,SMA_10,EMA_26,MACD,Rolling_Mean_Return,SMA_20,RSI_14,BB_Width,Volume_MA",OBV
KOTAKBANK,2024-10-22,2024,0,Sideways,1,0.6486,BUY,0,0,0.6334,SELL,1,10,"MACD_Hist,EMA_12,SMA_50,OBV,EMA_26,SMA_20,SMA_10,Rolling_Median_Return,Williams_R,BB_Width",MACD_Hist
KOTAKBANK,2024-10-23,2024,0,Sideways,1,0.5673,BUY,0,0,0.8351,SELL,1,10,"MACD_Hist,EMA_12,SMA_50,OBV,EMA_26,SMA_20,SMA_10,Rolling_Median_Return,Williams_R,BB_Width",MACD_Hist
KOTAKBANK,2024-10-24,2024,1,Sideways,1,0.6685,BUY,1,0,0.757,SELL,0,10,"MACD_Hist,EMA_12,SMA_50,OBV,EMA_26,SMA_20,SMA_10,Rolling_Median_Return,Williams_R,BB_Width",MACD_Hist
KOTAKBANK,2024-10-25,2024,1,Sideways,1,0.7401,BUY,1,1,0.5906,BUY,1,10,"MACD_Hist,EMA_12,SMA_50,OBV,EMA_26,SMA_20,SMA_10,Rolling_Median_Return,Williams_R,BB_Width",MACD_Hist
KOTAKBANK,2024-10-28,2024,1,Sideways,1,0.6422,BUY,1,1,0.569,BUY,1,10,"MACD_Hist,EMA_12,SMA_50,OBV,EMA_26,SMA_20,SMA_10,Rolling_Median_Return,Williams_R,BB_Width",MACD_Hist
KOTAKBANK,2024-10-29,2024,0,Sideways,1,0.8111,BUY,0,1,0.7839,BUY,0,10,"MACD_Hist,EMA_12,SMA_50,OBV,EMA_26,SMA_20,SMA_10,Rolling_Median_Return,Williams_R,BB_Width",MACD_Hist
KOTAKBANK,2024-10-30,2024,1,Sideways,1,0.6442,BUY,1,1,0.615,BUY,1,10,"MACD_Hist,EMA_12,SMA_50,OBV,EMA_26,SMA_20,SMA_10,Rolling_Median_Return,Williams_R,BB_Width",MACD_Hist
KOTAKBANK,2024-10-31,2024,1,Sideways,1,0.8234,BUY,1,1,0.8697,BUY,1,10,"MACD_Hist,EMA_12,SMA_50,OBV,EMA_26,SMA_20,SMA_10,Rolling_Median_Return,Williams_R,BB_Width",MACD_Hist
KOTAKBANK,2024-11-01,2024,1,Sideways,1,0.9263,BUY,1,1,0.8456,BUY,1,10,"MACD_Hist,EMA_12,SMA_50,OBV,EMA_26,SMA_20,SMA_10,Rolling_Median_Return,Williams_R,BB_Width",MACD_Hist
KOTAKBANK,2024-11-04,2024,1,Sideways,1,0.8966,BUY,1,1,0.8914,BUY,1,10,"MACD_Hist,EMA_12,SMA_50,OBV,EMA_26,SMA_20,SMA_10,Rolling_Median_Return,Williams_R,BB_Width",MACD_Hist
KOTAKBANK,2024-11-05,2024,1,Sideways,1,0.7674,BUY,1,1,0.9742,BUY,1,10,"MACD_Hist,EMA_12,SMA_50,OBV,EMA_26,SMA_20,SMA_10,Rolling_Median_Return,Williams_R,BB_Width",MACD_Hist
KOTAKBANK,2024-11-06,2024,1,Sideways,1,0.9189,BUY,1,1,0.9852,BUY,1,10,"MACD_Hist,EMA_12,SMA_50,OBV,EMA_26,SMA_20,SMA_10,Rolling_Median_Return,Williams_R,BB_Width",MACD_Hist
KOTAKBANK,2024-11-07,2024,1,Sideways,1,0.9321,BUY,1,1,0.9868,BUY,1,10,"MACD_Hist,EMA_12,SMA_50,OBV,EMA_26,SMA_20,SMA_10,Rolling_Median_Return,Williams_R,BB_Width",MACD_Hist
KOTAKBANK,2024-11-08,2024,1,Sideways,1,0.914,BUY,1,1,0.9891,BUY,1,10,"MACD_Hist,EMA_12,SMA_50,OBV,EMA_26,SMA_20,SMA_10,Rolling_Median_Return,Williams_R,BB_Width",MACD_Hist
KOTAKBANK,2024-11-11,2024,1,Sideways,1,0.9172,BUY,1,1,0.9913,BUY,1,10,"MACD_Hist,EMA_12,SMA_50,OBV,EMA_26,SMA_20,SMA_10,Rolling_Median_Return,Williams_R,BB_Width",MACD_Hist
KOTAKBANK,2024-11-12,2024,1,Sideways,1,0.9669,BUY,1,1,0.99,BUY,1,10,"MACD_Hist,EMA_12,SMA_50,OBV,EMA_26,SMA_20,SMA_10,Rolling_Median_Return,Williams_R,BB_Width",MACD_Hist
KOTAKBANK,2024-11-13,2024,1,Sideways,1,0.9155,BUY,1,1,0.996,BUY,1,10,"MACD_Hist,EMA_12,SMA_50,OBV,EMA_26,SMA_20,SMA_10,Rolling_Median_Return,Williams_R,BB_Width",MACD_Hist
KOTAKBANK,2024-11-14,2024,1,Sideways,1,0.9117,BUY,1,1,0.9955,BUY,1,10,"MACD_Hist,EMA_12,SMA_50,OBV,EMA_26,SMA_20,SMA_10,Rolling_Median_Return,Williams_R,BB_Width",MACD_Hist
KOTAKBANK,2024-11-18,2024,1,Sideways,1,0.9124,BUY,1,1,0.9953,BUY,1,10,"MACD_Hist,EMA_12,SMA_50,OBV,EMA_26,SMA_20,SMA_10,Rolling_Median_Return,Williams_R,BB_Width",MACD_Hist
KOTAKBANK,2024-11-19,2024,1,Sideways,1,0.9149,BUY,1,1,0.9026,BUY,1,10,"MACD_Hist,EMA_12,SMA_50,OBV,EMA_26,SMA_20,SMA_10,Rolling_Median_Return,Williams_R,BB_Width",MACD_Hist
KOTAKBANK,2024-11-21,2024,1,Sideways,1,0.8136,BUY,1,1,0.9117,BUY,1,10,"MACD_Hist,EMA_12,SMA_50,OBV,EMA_26,SMA_20,SMA_10,Rolling_Median_Return,Williams_R,BB_Width",MACD_Hist
KOTAKBANK,2024-11-22,2024,0,Sideways,1,0.8945,BUY,0,1,0.9026,BUY,0,10,"MACD_Hist,EMA_12,SMA_50,OBV,EMA_26,SMA_20,SMA_10,Rolling_Median_Return,Williams_R,BB_Width",MACD_Hist
KOTAKBANK,2024-11-25,2024,0,Sideways,1,0.72,BUY,0,1,0.7937,BUY,0,10,"MACD_Hist,EMA_12,SMA_50,OBV,EMA_26,SMA_20,SMA_10,Rolling_Median_Return,Williams_R,BB_Width",MACD_Hist
KOTAKBANK,2024-11-26,2024,0,Sideways,1,0.7332,BUY,0,1,0.793,BUY,0,10,"MACD_Hist,EMA_12,SMA_50,OBV,EMA_26,SMA_20,SMA_10,Rolling_Median_Return,Williams_R,BB_Width",MACD_Hist
KOTAKBANK,2024-11-27,2024,0,Sideways,0,0.5901,SELL,1,1,0.6949,BUY,0,10,"MACD_Hist,EMA_12,SMA_50,OBV,EMA_26,SMA_20,SMA_10,Rolling_Median_Return,Williams_R,BB_Width",MACD_Hist
KOTAKBANK,2024-11-28,2024,1,Sideways,0,0.5999,SELL,0,1,0.6755,BUY,1,10,"MACD_Hist,EMA_12,SMA_50,OBV,EMA_26,SMA_20,SMA_10,Rolling_Median_Return,Williams_R,BB_Width",MACD_Hist
KOTAKBANK,2024-11-29,2024,0,Sideways,0,0.5628,SELL,1,1,0.9727,BUY,0,10,"MACD_Hist,EMA_12,SMA_50,OBV,EMA_26,SMA_20,SMA_10,Rolling_Median_Return,Williams_R,BB_Width",MACD_Hist
KOTAKBANK,2024-12-02,2024,1,Sideways,0,0.5879,SELL,0,1,0.6935,BUY,1,10,"MACD_Hist,EMA_12,SMA_50,OBV,EMA_26,SMA_20,SMA_10,Rolling_Median_Return,Williams_R,BB_Width",MACD_Hist
